date_ist,minute_bucket_ist,run_id,symbol,nse_status,spot,Δspot,call_oi_sum,Δcall_oi,put_oi_sum,Δput_oi,call_coi_sum,Δcall_coi,put_coi_sum,Δput_coi,net_diff,expected_move,churn,commitment,tv_ratio,tv_ratio_z,top_call_write_strike,top_call_write_score,top_put_write_strike,top_put_write_score,top_call_unwind_strike,top_call_unwind_score,top_put_unwind_strike,top_put_unwind_score,bucket_epoch_ms,expiry_used,atm_strike,overlap_strikes,d_call_oi_aligned,d_put_oi_aligned,call_oi_prev_aligned,put_oi_prev_aligned,call_oi_pct_aligned,put_oi_pct_aligned,d_net_oi_1m,total_vol_cum,d_total_vol_1m,d_total_vol_5m,atm_call_ltp,atm_put_ltp,d_atm_call_ltp_1m,d_atm_put_ltp_1m,d_atm_call_vol_1m,d_atm_put_vol_1m,call_wall_above,put_wall_below,call_wall_above_oi,put_wall_below_oi,d_call_wall_oi_5m,d_put_wall_oi_5m,call_wall_oi_pct_5m,put_wall_oi_pct_5m,d_expected_move_1m,d_expected_move_5m,expected_move_z
2026-07-22 00:00:00,2026-07-22 09:15:00,1,NIFTY,OK,24156.9,0,725389,0,654884,0,0,0,0,0,0,0,0,0,0,0,0,0,0,0,0,0,0,0,1784691951258,2026-07-28 00:00:00,24150,0,0,0,0,0,0,0,0,4791480,0,0,0,0,0,0,0,0,24200,24000,173714,117126,0,0,0,0,0,0,0
2026-07-22 00:00:00,2026-07-22 09:16:00,2,NIFTY,OK,24079.55,-77.35000000000218,778750,68064,745725,24037,68053,68053,25642,25642,-44027,327.6,0,0,0.445226785167024,0,24100,661748.75,0,0,0,0,23900,57456.00000000001,1784692012188,2026-07-28 00:00:00,24100,16,68064,24037,708144,653610,0.09611604419440115,0.03677575312495219,92101,624209,0,0,149.15,178.45,149.15,178.45,0,0,24200,24000,186367,120219,0,0,0,0,327.6,0,0
2026-07-22 00:00:00,2026-07-22 09:17:00,3,NIFTY,OK,24079.55,0,778750,0,745725,0,68053,0,25642,0,0,327.6,0,0,0.445226785167024,0,24100,661748.75,0,0,0,0,23900,57456.00000000001,1784692069759,2026-07-28 00:00:00,24100,17,0,0,778750,745725,0,0,0,624209,0,0,149.15,178.45,0,0,0,0,24200,24000,186367,120219,0,0,0,0,0,0,0
2026-07-22 00:00:00,2026-07-22 09:18:00,4,NIFTY,OK,24082.15,2.600000000002183,862615,83865,771218,25493,151918,83865,51135,25493,-58372,326.1,0.26607982578390815,0.4634117728245118,0.4444930673914048,0,24100,1916615,0,0,0,0,23900,106178.59999999999,1784692129656,2026-07-28 00:00:00,24100,17,83865,25493,778750,745725,0.10769181380417335,0.03418552415434644,109358,1058939,434730,434730,142.9,183.2,-6.25,4.75,32903,43437,24200,24000,197702,126357,0,0,0,0,-1.5,0,0
2026-07-22 00:00:00,2026-07-22 09:19:00,5,NIFTY,OK,24095.8,13.649999999997817,897174,34559,783439,12221,186477,34559,63356,12221,-22338,323.35,0.37401233954515406,0.3949265793785895,0.4423246530195424,0.48877647374029837,24100,2279741.85,0,0,0,0,23900,52426.200000000004,1784692190125,2026-07-28 00:00:00,24100,17,34559,12221,862615,771218,0.04006306405522742,0.01584636250709916,46780,1252779,193840,628570,145.05,178.3,2.1500000000000057,-4.899999999999977,17023,13382,24200,24000,201376,128467,0,0,0,0,-2.75,0,0
2026-07-22 00:00:00,2026-07-22 09:20:00,6,NIFTY,OK,24095.8,0,897174,0,783439,0,186477,0,63356,0,0,323.35,0.37401233954515406,0.3949265793785895,0.4423246530195424,0.43756361206106476,24100,2279741.85,0,0,0,0,23900,52426.200000000004,1784692249966,2026-07-28 00:00:00,24100,17,0,0,897174,783439,0,0,0,1252779,0,628570,145.05,178.3,0,0,0,0,24200,24000,201376,128467,27662,11341,0.15923874874794203,0.09682734832573468,0,0,-1.1736911946539275
2026-07-22 00:00:00,2026-07-22 09:21:00,7,NIFTY,OK,24097.05,1.25,933044,35870,812459,29020,222347,35870,92376,29020,-6850,316.45000000000005,0.5668589512593218,0.2233838056140053,0.4346806207145433,0.35842915630759825,24100,2556407.5500000003,0,0,0,0,0,0,1784692311100,2026-07-28 00:00:00,24100,17,35870,29020,897174,783439,0.03998109619761607,0.037041811806662675,64890,1613663,360884,989454,149.55,166.9,4.5,-11.400000000000006,39435,34314,24200,24000,207426,131034,21059,10815,0.11299747272854099,0.08996082150076111,-6.899999999999977,-11.149999999999977,-1.9893889969417502
2026-07-22 00:00:00,2026-07-22 09:22:00,8,NIFTY,OK,24092.85,-4.200000000000728,933044,0,812459,0,222347,0,92376,0,0,317.5,0.5801639985723313,0.2182608884561529,0.43512066022519036,0.33521478631478996,24100,2588149,0,0,0,0,0,0,1784692370458,2026-07-28 00:00:00,24100,17,0,0,933044,812459,0,0,0,1636887,23224,1012678,148.9,168.6,-0.6500000000000057,1.6999999999999886,2348,3066,24200,24000,207426,131034,21059,10815,0.11299747272854099,0.08996082150076111,1.0499999999999545,-10.100000000000023,-1.332595372521129
2026-07-22 00:00:00,2026-07-22 09:23:00,9,NIFTY,OK,24091.95,-0.8999999999978172,933044,0,812459,0,222347,0,92376,0,0,316.45000000000005,0.3311068500025494,0.19321807498252438,0.4338804073243061,0.30622457178362766,24100,2556407.5500000003,0,0,0,0,0,0,1784692429543,2026-07-28 00:00:00,24100,17,0,0,933044,812459,0,0,0,1613663,0,577948,149.55,166.9,0.6500000000000057,-1.6999999999999886,0,0,24200,24000,207426,131034,9724,4677,0.04918513722673519,0.037014174125691496,-1.0499999999999545,-9.649999999999977,-1.290829439812849
2026-07-22 00:00:00,2026-07-22 09:24:00,10,NIFTY,OK,24093.65,1.7000000000007276,965972,32928,855997,43538,255275,32928,135914,43538,10610,315.55,0.4251581667964713,0.18248313700177504,0.432531096826983,0.2800381571938183,24100,3381306.1999999997,0,0,0,0,0,0,1784692490372,2026-07-28 00:00:00,24100,17,32928,43538,933044,812459,0.035290940191459355,0.05358793489886874,76466,2004180,390517,774625,143.75,171.8,-5.800000000000011,4.900000000000006,32480,49554,24200,24000,211977,137408,10601,8941,0.052642817416176706,0.06959763986082029,-0.9000000000000341,-7.800000000000011,-1.2577575307474864
2026-07-22 00:00:00,2026-07-22 09:25:00,11,NIFTY,OK,24091.4,-2.25,965972,0,855997,0,255275,0,135914,0,0,315.75,0.4338004653207601,0.17884765508855968,0.43240480047816054,-1.2241074688016347,24100,3390028.4,0,0,0,0,0,0,1784692550272,2026-07-28 00:00:00,24100,17,0,0,965972,855997,0,0,0,2019926,15746,790371,143.6,172.15,-0.15000000000000568,0.3499999999999943,965,1847,24200,24000,211977,137408,10601,8941,0.052642817416176706,0.06959763986082029,0.19999999999998863,-7.600000000000023,-1.076606802975511
2026-07-22 00:00:00,2026-07-22 09:26:00,12,NIFTY,OK,24091.4,0,965972,0,855997,0,255275,0,135914,0,0,315.75,0.2357268427728463,0.17804031321087715,0.43240480047816054,-1.0099071639755786,24100,3390028.4,0,0,0,0,0,0,1784692609868,2026-07-28 00:00:00,24100,17,0,0,965972,855997,0,0,0,2019926,0,429487,143.6,172.15,0,0,0,0,24200,24000,211977,137408,4551,6374,0.021940354632495444,0.04864386342475999,0,-0.7000000000000455,-0.8926308499895756
2026-07-22 00:00:00,2026-07-22 09:27:00,13,NIFTY,OK,24078.7,-12.700000000000728,990337,24365,880867,24870,279640,24365,160784,24870,505,316.5,0.35687290108400793,0.1882365802013232,0.4322201317027281,-0.8753278914001794,24100,4028619.1999999997,0,0,0,0,0,0,1784692670409,2026-07-28 00:00:00,24100,17,24365,24870,965972,855997,0.02522329839788317,0.029053840141963116,49235,2281445,261519,667782,139,177.5,-4.599999999999994,5.349999999999994,26091,31262,24200,24000,215610,141247,8184,10213,0.039455034566544214,0.07794160294274768,0.75,-1,-0.5777320388995266
2026-07-22 00:00:00,2026-07-22 09:28:00,14,NIFTY,OK,24063.15,-15.549999999999272,877009,20255,849262,3564,288134,8494,166719,5935,-16691,316.75,0.5345458505645985,0.16203370066896336,0.4331602397163563,-0.521233814020509,24100,4726895.600000001,0,0,0,0,0,0,1784692729896,2026-07-28 00:00:00,24050,16,20255,3564,856450,833188,0.02364995037655438,0.004277546004023101,23819,2419264,254989,922771,162.1,154.65,-1.4000000000000057,1.8499999999999943,7207,21715,24200,24000,217610,141462,10184,10428,0.04909702737361758,0.07958239846146802,0.25,0.2999999999999545,-0.34664579521678324
2026-07-22 00:00:00,2026-07-22 09:29:00,15,NIFTY,OK,24050,-13.150000000001455,894896,17887,847226,-2036,306021,17887,164683,-2036,-19923,317.65,0.4107186523102286,0.12425194473405429,0.4367387171724284,0.7446231962038065,24100,5292656.8,0,0,0,0,0,0,1784692791913,2026-07-28 00:00:00,24050,17,17887,-2036,877009,849262,0.02039545774330708,-0.0023973756037594996,15851,2602532,183268,715522,158.55,159.1,-3.549999999999983,4.449999999999989,8042,15362,24200,24000,219632,142201,7655,4793,0.036112408421668386,0.03488152072659525,0.8999999999999773,2.099999999999966,0.22175928101320658
2026-07-22 00:00:00,2026-07-22 09:30:00,16,NIFTY,OK,24053.15,3.150000000001455,916885,21989,841146,-6080,328010,21989,158603,-6080,-28069,316.25,0.5212996812911718,0.11436820552102053,0.43308814852692434,-0.38042136414468775,24100,5475478.15,0,0,0,0,0,0,1784692852310,2026-07-28 00:00:00,24050,17,21989,-6080,894896,847226,0.024571570327725233,-0.007176361443109631,15909,2819217,216685,916461,159.25,157,0.6999999999999886,-2.0999999999999943,11842,19836,24200,24000,223575,141690,11598,4282,0.054713483066559106,0.0311626688402422,-1.3999999999999773,0.5,-0.31430927854682816
2026-07-22 00:00:00,2026-07-22 09:31:00,17,NIFTY,OK,24053.15,0,916885,0,841146,0,328010,0,158603,0,0,316.25,0.5212996812911718,0.11436820552102053,0.43308814852692434,-0.27480455030060097,24100,5475478.15,0,0,0,0,0,0,1784692910281,2026-07-28 00:00:00,24050,17,0,0,916885,841146,0,0,0,2819217,0,916461,159.25,157,0,0,0,0,24200,24000,223575,141690,11598,4282,0.054713483066559106,0.0311626688402422,0,0.5,-0.2831094786640201
2026-07-22 00:00:00,2026-07-22 09:32:00,18,NIFTY,OK,24030.55,-22.600000000002183,959133,42248,831529,-9617,370258,42248,148986,-9617,-51865,319.35,0.6175989661923914,0.07976229551925969,0.4359240096000998,1.6074623417617213,24100,6926767.500000001,0,0,0,0,24200,96730.95000000001,1784692969991,2026-07-28 00:00:00,24050,17,42248,-9617,916885,841146,0.04607775238988532,-0.011433211356886915,32631,3270186,450969,1105911,147.65,171.7,-11.599999999999994,14.699999999999989,23139,42052,24200,24000,227285,142211,11675,964,0.05414869440192941,0.006824923715193951,3.1000000000000227,2.8500000000000227,2.540385374110629
2026-07-22 00:00:00,2026-07-22 09:33:00,19,NIFTY,OK,24030.55,0,959133,0,831529,0,370258,0,148986,0,0,319.35,0.47519967475715685,0.07567203574475687,0.4359240096000998,1.3226982641078393,24100,6926767.500000001,0,0,0,0,24200,96730.95000000001,1784693029832,2026-07-28 00:00:00,24050,17,0,0,959133,831529,0,0,0,3270186,0,850922,147.65,171.7,0,0,0,0,24200,24000,227285,142211,9675,749,0.04446027296539681,0.005294708119494988,0,2.6000000000000227,1.8119119391049539
2026-07-22 00:00:00,2026-07-22 09:34:00,20,NIFTY,OK,24026.9,-3.649999999997817,996397,37264,825631,-5898,407522,37264,143088,-5898,-43162,321.75,0.4581274272404156,0.09572779407730247,0.43904874706797675,2.0911095452240867,24100,7207545.55,0,0,0,0,24200,190739.09999999998,1784693090756,2026-07-28 00:00:00,24050,17,37264,-5898,959133,831529,0.0388517546575918,-0.007092957671951309,31366,3437253,167067,834721,149.05,172.7,1.4000000000000057,1,8563,14905,24200,24000,229146,143483,9514,1282,0.04331791360093247,0.009015407767877863,2.3999999999999773,4.100000000000023,2.229870034955718
2026-07-22 00:00:00,2026-07-22 09:35:00,21,NIFTY,OK,24024.05,-2.850000000002183,988710,18327,895434,3487,421107,13585,156376,13288,-14840,324,0.4367957013901273,0.10426787332955846,0.43987295306836893,1.788668852482608,24100,7522434.9,0,0,0,0,24200,223881.8,1784693150481,2026-07-28 00:00:00,24000,16,18327,3487,967144,823649,0.01894960833133432,0.004233599506585937,21814,3663726,204950,822986,174.3,149.7,-0.75,1.3999999999999773,12503,29920,24200,24000,230544,143017,6969,1327,0.031170748071117076,0.009365516267908816,2.25,7.75,2.170290489286936
2026-07-22 00:00:00,2026-07-22 09:36:00,22,NIFTY,OK,24022.65,-1.3999999999978172,988710,0,895434,0,421107,0,156376,0,0,324.20000000000005,0.4567257067400369,0.09971796680444885,0.4403531538211982,1.5304809945233884,24100,7630038,0,0,0,0,24200,226347.2,1784693211891,2026-07-28 00:00:00,24000,17,0,0,988710,895434,0,0,0,3701277,37551,860537,172.15,152.05,-2.1500000000000057,2.3500000000000227,2012,5034,24200,24000,230544,143017,6969,1327,0.031170748071117076,0.009365516267908816,0.20000000000004547,7.9500000000000455,1.6868142742591161
2026-07-22 00:00:00,2026-07-22 09:37:00,23,NIFTY,OK,24018.7,-3.9500000000007276,1000686,11976,895012,-422,433083,11976,155954,-422,-12398,324.85,0.2817547942763035,0.12119702989204713,0.441312923122052,1.488868501631023,24100,7733818.399999999,0,0,0,0,24200,232420.40000000002,1784693269552,2026-07-28 00:00:00,24000,17,11976,-422,988710,895434,0.012112752981157266,-0.0004712798486543955,11554,3825831,124554,534122,172.25,152.6,0.09999999999999432,0.549999999999983,7870,16229,24200,24000,230635,143248,3350,1037,0.01473920408297952,0.0072919816329257234,0.6499999999999773,5.5,1.482535637583345
2026-07-22 00:00:00,2026-07-22 09:38:00,24,NIFTY,OK,24030.4,11.700000000000728,1048371,21560,826603,-1923,459496,26413,144060,-11894,-23483,321.5,0.3733395769754674,0.12052965562955534,0.43825560642507977,0.32557943654311755,24100,7603652.699999999,0,0,0,0,24200,216749.25,1784693330324,2026-07-28 00:00:00,24050,16,21560,-1923,997401,826556,0.02161618045299734,-0.0023265211310546413,19637,3971132,165880,700002,150.4,171.1,3.450000000000017,-5.950000000000017,8600,11741,24200,24000,232225,143669,4940,1458,0.021734826319378755,0.010252371476186793,-3.3500000000000227,2.1499999999999773,0.32073419925961716
2026-07-22 00:00:00,2026-07-22 09:39:00,25,NIFTY,OK,24023.2,-7.200000000000728,1035663,13451,896822,1133,468060,8564,157764,13704,-12318,323.55,0.3139962276550659,0.11138724408488562,0.4396535725332508,0.709473075399161,24100,7950434.6,0,0,0,0,24200,247965,1784693390046,2026-07-28 00:00:00,24000,16,13451,1133,1018961,824633,0.013200701498879742,0.0013739445304759815,14584,4074089,73858,606793,175.3,148.25,-1.299999999999983,1.6500000000000057,8506,6084,24200,24000,232997,143640,3851,157,0.01680587922110794,0.001094206282277343,2.0500000000000114,1.8000000000000114,0.8068065737963568
2026-07-22 00:00:00,2026-07-22 09:40:00,26,NIFTY,OK,24023.2,0,1035663,0,896822,0,468060,0,157764,0,0,323.55,0.20794107069395104,0.11391264747675087,0.4396535725332508,0.5562983891450619,24100,7950434.6,0,0,0,0,24200,247965,1784693449731,2026-07-28 00:00:00,24000,17,0,0,1035663,896822,0,0,0,4074089,0,401843,175.3,148.25,0,0,0,0,24200,24000,232997,143640,2453,623,0.010640051356790895,0.004356125495570457,0,-0.44999999999998863,0.6532906708457932
2026-07-22 00:00:00,2026-07-22 09:41:00,27,NIFTY,OK,24027,3.7999999999992724,1078976,16835,836510,8776,490101,22041,153967,-3797,-8059,323,0.268453019233761,0.13882438965574911,0.43855571052223763,-0.17827155917754756,24100,8066207.800000001,0,0,0,0,24200,291690,1784693509706,2026-07-28 00:00:00,24050,16,16835,8776,1032412,825766,0.016306474546983182,0.01062770809163855,25611,4197160,149926,514218,150.95,172.05,1.75,-0.5999999999999943,9629,10936,24200,24000,234763,146727,4219,3710,0.018300194322992572,0.025940972052273505,-0.5500000000000114,-1.2000000000000455,0.26371542085256344
2026-07-22 00:00:00,2026-07-22 09:42:00,28,NIFTY,OK,24026.35,-0.6500000000014552,1078980,4,836513,3,490105,4,153970,3,-1,324.35,0.22041845102018123,0.14172805002250066,0.44104490274414215,1.1349368693394284,24100,8191223.149999999,0,0,0,0,24200,305464.25,1784693571585,2026-07-28 00:00:00,24050,17,4,3,1078976,836510,0.000003707218696245329,0.000003586328914179149,7,4229706,32546,422210,149.65,174.7,-1.299999999999983,2.6499999999999773,2204,2396,24200,24000,234763,146727,4128,3479,0.017898410909012074,0.024286551993745114,1.3500000000000227,-0.5,0.8403938361709381
2026-07-22 00:00:00,2026-07-22 09:43:00,29,NIFTY,OK,24026.4,0.05000000000291038,1086482,7502,839326,2813,497607,7502,156783,2813,-4689,322.05,0.15075698096591145,0.17399915268540173,0.43790089272556665,-1.5356396320681893,24100,8325617.600000001,0,0,0,0,24200,372909.6,1784693629619,2026-07-28 00:00:00,24050,17,7502,2813,1078980,836513,0.00695286288902482,0.003362769018532886,10315,4263705,33999,290329,150,172.05,0.3499999999999943,-2.6499999999999773,1632,1668,24200,24000,235652,147555,3427,3886,0.014757239745936053,0.02704828459862601,-2.3000000000000114,0.5500000000000114,-1.1126324945075412
2026-07-22 00:00:00,2026-07-22 09:44:00,30,NIFTY,OK,24027.85,1.4499999999970896,1094091,7609,844804,5478,505216,7609,162261,5478,-2131,322.15,0.13444513498668056,0.1880502541478853,0.4388656943013607,-0.6227538108497457,24100,8562386,0,0,0,0,24200,382194.45,1784693689783,2026-07-28 00:00:00,24050,17,7609,5478,1086482,839326,0.007003337376965288,0.006526665443462969,13087,4307909,44204,260675,148.7,173.45,-1.3000000000000114,1.3999999999999773,3294,2939,24200,24000,236916,149453,3919,5813,0.016819959055266807,0.04046922862712336,0.0999999999999659,-1.400000000000034,-1.1084695684279364
2026-07-22 00:00:00,2026-07-22 09:45:00,31,NIFTY,OK,24027.9,0.05000000000291038,1100210,6119,849481,4677,511335,6119,166938,4677,-1442,322,0.1578070576311836,0.19441293572763468,0.43744418472816526,-1.484763277040171,24100,8522386.399999999,0,0,0,0,24200,351190.5,1784693750132,2026-07-28 00:00:00,24050,17,6119,4677,1094091,844804,0.005592770619628532,0.005536195377862794,10796,4354909,47000,307675,149.6,172.4,0.9000000000000057,-1.049999999999983,2870,2657,24200,24000,238478,150794,5481,7154,0.02352390803315064,0.04980506822612086,-0.14999999999997726,-1.5500000000000114,-1.0215219996362155
2026-07-22 00:00:00,2026-07-22 09:46:00,32,NIFTY,OK,24025.9,-2,1112940,12730,859107,9626,524065,12730,176564,9626,-3104,322.25,0.13967415583908496,0.2053448250824124,0.43727776656366957,-1.29005727909715,24100,8810020.899999999,0,0,0,0,24200,376774,1784693810445,2026-07-28 00:00:00,24050,17,12730,9626,1100210,849481,0.011570518355586661,0.011331624839166502,22356,4472604,117695,275444,149.15,173.1,-0.44999999999998863,0.6999999999999886,8619,10150,24200,24000,239768,152712,5005,5985,0.021319373155054246,0.040790038643194505,0.25,-0.75,-0.6369270969885055
2026-07-22 00:00:00,2026-07-22 09:47:00,33,NIFTY,OK,24014.4,-11.5,1084880,-1114,931417,2049,517277,-6788,192359,15795,3163,322.9,0.13306125040110658,0.21427852592893537,0.4398189764731406,0.8577945786648015,24100,8850517.2,0,0,0,0,24200,375030,1784693869858,2026-07-28 00:00:00,24000,16,-1114,2049,1082726,857129,-0.0010288845007878262,0.0023905386470414606,935,4530019,25393,268291,174.15,148.75,-0.549999999999983,-0.4000000000000057,1479,4527,24200,24000,237780,153342,3017,6615,0.012851258503256476,0.0450837269214255,0.6499999999999773,-1.4500000000000455,0.20110247494652544
2026-07-22 00:00:00,2026-07-22 09:48:00,34,NIFTY,OK,24015.65,1.25,1084933,53,931437,20,517330,53,192379,20,-33,322.5,0.1859544627226154,0.12600779297671974,0.43954272427824037,0.5009881164971266,24100,9347347.8,0,0,0,0,24200,403785,1784693930509,2026-07-28 00:00:00,24000,17,53,20,1084880,931417,0.00004885332940048669,0.00002147265939960297,73,4670680,140661,374953,169,153.5,-5.150000000000006,4.75,13050,17785,24200,24000,237780,153342,2128,5787,0.009030264966985216,0.039219274168953946,-0.39999999999997726,0.44999999999998863,-0.4415333111742776
2026-07-22 00:00:00,2026-07-22 09:49:00,35,NIFTY,OK,24014.5,-1.1500000000014552,1100335,15402,939414,7977,532732,15402,200356,7977,-7425,323.1,0.25911374389692066,0.1088667182565886,0.4404842067785853,1.1815506501548,24100,9574919.5,0,0,0,0,24200,449874.95,1784693991207,2026-07-28 00:00:00,24000,17,15402,7977,1084933,931437,0.014196268340994328,0.008564186305676067,23379,4868458,197778,528527,168.75,154.35,-0.25,0.8499999999999943,15589,28116,24200,24000,238972,157221,2056,7768,0.008678181296324436,0.05197620656661291,0.6000000000000227,0.9500000000000455,0.4402151357616958
2026-07-22 00:00:00,2026-07-22 09:50:00,36,NIFTY,OK,24014.5,0,1100335,0,939414,0,532732,0,200356,0,0,323.1,0.23607169313479257,0.09707243830564018,0.4404842067785853,1.0558560341592702,24100,9574919.5,0,0,0,0,24200,449874.95,1784694050109,2026-07-28 00:00:00,24000,17,0,0,1100335,939414,0,0,0,4868458,0,481527,168.75,154.35,0,0,0,0,24200,24000,238972,157221,494,6427,0.002071469904980753,0.042621059193336606,0,1.1000000000000227,0.5299851557162696
2026-07-22 00:00:00,2026-07-22 09:51:00,37,NIFTY,OK,24017.9,3.400000000001455,1108720,8385,941236,1822,541117,8385,202178,1822,-6563,322.35,0.21540413550339618,0.07834336196608005,0.43817066542433397,-0.7207924898744743,24100,9772260,0,0,0,0,24200,451805.7,1784694109578,2026-07-28 00:00:00,24000,17,8385,1822,1100335,939414,0.007620406512562084,0.0019395069692382699,10207,4946195,77737,441569,168.5,153.85,-0.25,-0.5,6480,9842,24200,24000,239643,158550,-125,5838,-0.0005213372927162924,0.03822882288228823,-0.75,0.10000000000002274,-0.4762831485407308
2026-07-22 00:00:00,2026-07-22 09:52:00,38,NIFTY,OK,24019.95,2.0499999999992724,1113724,5004,943461,2225,546121,5004,204403,2225,-2779,321.15,0.25026091479375945,0.07941992840396789,0.43661873190774103,-1.5574538834987621,24100,9457627.200000001,0,0,0,0,24200,405633.8,1784694170125,2026-07-28 00:00:00,24000,17,5004,2225,1108720,941236,0.004513312648820262,0.0023639129825038566,7229,5044852,98657,514833,171.8,149.35,3.3000000000000114,-4.5,8449,14086,24200,24000,239862,159515,2082,6173,0.008755992934645471,0.040256420289288,-1.2000000000000455,-1.75,-2.1462322686667514
2026-07-22 00:00:00,2026-07-22 09:53:00,39,NIFTY,OK,24019.65,-0.2999999999992724,1121217,7493,946221,2760,553614,7493,207163,2760,-4733,321.70000000000005,0.22557145607268514,0.10950456197531923,0.43792509084133024,-0.5635565022082569,24100,9625563.3,0,0,0,0,24200,429291.75,1784694229758,2026-07-28 00:00:00,24000,17,7493,2760,1113724,943461,0.006727878720401105,0.002925399142094904,10253,5137035,92183,466355,171.05,150.65,-0.75,1.3000000000000114,7432,11303,24200,24000,240401,160565,2621,7223,0.01102279417949365,0.04710385934708038,0.5500000000000682,-0.7999999999999545,-1.0516029739066792
2026-07-22 00:00:00,2026-07-22 09:54:00,40,NIFTY,OK,24022.1,2.4499999999970896,1126228,5011,947900,1679,558625,5011,208842,1679,-3332,321.6,0.14656761781336541,0.11308881578947369,0.4369063350174896,-1.1088472055809957,24100,9667625,0,0,0,0,24200,422793,1784694289794,2026-07-28 00:00:00,24000,17,5011,1679,1121217,946221,0.004469250822989662,0.001774426904496941,6690,5172458,35423,304000,171.45,150.15,0.39999999999997726,-0.5,2898,3735,24200,24000,240521,162279,1549,5058,0.006481930937515692,0.032171274829698324,-0.10000000000002274,-1.5,-1.0600722880203024
2026-07-22 00:00:00,2026-07-22 09:55:00,41,NIFTY,OK,24018.35,-3.75,1129917,3689,949363,1463,562314,3689,210305,1463,-2226,321.45,0.1547843484283021,0.12282811334824757,0.43777337528648563,-0.5239887067251446,24100,9751511,0,0,0,0,24200,431256,1784694350059,2026-07-28 00:00:00,24000,17,3689,1463,1126228,947900,0.003275535681940069,0.0015434117522945458,5152,5190298,17840,321840,171,150.45,-0.44999999999998863,0.29999999999998295,1255,2407,24200,24000,240767,162812,1795,5591,0.0075113402406976545,0.035561407191151306,-0.1500000000000341,-1.650000000000034,-1.1330670119295507
2026-07-22 00:00:00,2026-07-22 09:56:00,42,NIFTY,OK,24015.15,-3.1999999999970896,1134850,4933,948902,-461,567247,4933,209844,-461,-5394,322,0.13376015955833515,0.1212530002906111,0.4394681758275833,0.555085292198406,24100,10014081,0,0,0,0,24200,456553.69999999995,1784694411830,2026-07-28 00:00:00,24000,17,4933,-461,1129917,949363,0.0043658074000125675,-0.00048558875793558415,4472,5224918,34620,278723,168.65,153.35,-2.3499999999999943,2.9000000000000057,3368,4707,24200,24000,241408,163085,1765,4535,0.007365122286067192,0.028602964364553767,0.5500000000000114,-0.35000000000002274,-0.2747078768756957
2026-07-22 00:00:00,2026-07-22 09:57:00,43,NIFTY,OK,24009.75,-5.400000000001455,1141882,7032,947455,-1447,574279,7032,208397,-1447,-8479,322.20000000000005,0.13998029039834167,0.10993414619135215,0.43989293611078795,0.860472992385126,24100,10202859.4,0,0,0,0,24200,485292.6,1784694469899,2026-07-28 00:00:00,24000,17,7032,-1447,1134850,948902,0.006196413622945764,-0.0015249203816621738,5585,5337318,112400,292466,167.9,154.3,-0.75,0.950000000000017,9422,16100,24200,24000,242561,162853,2699,3338,0.011252303407792813,0.020925931730558255,0.20000000000004547,1.0500000000000682,0.13481453018807135
2026-07-22 00:00:00,2026-07-22 09:58:00,44,NIFTY,OK,24018.4,8.650000000001455,1145804,3922,944007,-3448,578201,3922,204949,-3448,-7370,323.15,0.15737356153259793,0.0680276452577072,0.43952477946700325,0.590642587430281,24100,10313140.8,0,0,0,0,24200,548664.25,1784694530376,2026-07-28 00:00:00,24000,17,3922,-3448,1141882,947455,0.0034346806412571527,-0.0036392229710118158,474,5465916,128598,328881,166.95,156.2,-0.950000000000017,1.8999999999999773,9264,18381,24200,24000,243212,161948,2811,1383,0.011692963007641399,0.008613334163734313,0.9499999999999318,1.4499999999999318,1.39197807648099
2026-07-22 00:00:00,2026-07-22 09:59:00,45,NIFTY,OK,24018.55,0.1499999999978172,1145804,0,944007,0,578201,0,204949,0,0,323.15,0.14042322487535955,0.0534420598518357,0.439501545086316,0.6971048830444391,24100,10313140.8,0,0,0,0,24200,548664.25,1784694589993,2026-07-28 00:00:00,24000,17,0,0,1145804,944007,0,0,0,5465916,0,293458,166.95,156.2,0,0,0,0,24200,24000,243212,161948,2691,-331,0.011188212255894496,-0.0020396970649313837,0,1.5499999999999545,1.3715566403895898
2026-07-22 00:00:00,2026-07-22 10:00:00,46,NIFTY,OK,24021,2.4500000000007276,1158750,12946,950053,6046,591147,12946,210995,6046,-6900,322.1,0.1887649059679828,0.07416572042967533,0.4378900307367507,-0.4324676068856526,24100,10228220.6,0,0,0,0,24200,536511.5499999999,1784694649919,2026-07-28 00:00:00,24000,17,12946,6046,1145804,944007,0.011298616517310116,0.006404613525111572,18992,5588366,122450,398068,168.9,153.2,1.950000000000017,-3,11406,14880,24200,24000,244139,163665,3372,853,0.014005241582110506,0.005239171559835884,-1.0499999999999545,0.6500000000000341,0.02365727556998174
2026-07-22 00:00:00,2026-07-22 10:01:00,47,NIFTY,OK,24015.6,-5.400000000001455,1165001,6251,953366,3313,597398,6251,214308,3313,-2938,321.65,0.1715698932243563,0.09524058462283463,0.4375670840787122,-0.6554320782168128,24100,10342137,0,0,0,0,24200,551407.5,1784694710418,2026-07-28 00:00:00,24000,17,6251,3313,1158750,950053,0.005394606256742179,0.003487173873457586,9564,5586289,0,363448,169.25,152.4,0.3499999999999943,-0.799999999999983,0,0,24200,24000,244278,165275,2870,2190,0.01188858695652174,0.013428580188245394,-0.4500000000000455,-0.35000000000002274,-0.5707132267514642
2026-07-22 00:00:00,2026-07-22 10:02:00,48,NIFTY,OK,24016.05,0.4500000000007276,1170422,5421,953289,-77,602819,5421,214231,-77,-5498,322.25,0.17023408552293604,0.0950797725210772,0.43973691549688576,1.0681511747158583,24100,10550424.7,0,0,0,0,24200,574163.9,1784694770993,2026-07-28 00:00:00,24000,17,5421,-77,1165001,953366,0.004653214889944301,-0.00008076646324706356,5344,5696769,110480,361528,167,155.25,-2.25,2.8499999999999943,9248,16013,24200,24000,244832,165624,2271,2771,0.009362593327039384,0.017015345127200605,0.6000000000000227,0.049999999999954525,0.21838434174016486
2026-07-22 00:00:00,2026-07-22 10:03:00,49,NIFTY,OK,24026.15,10.100000000002183,1202744,5159,883200,1788,613869,11050,200657,-13574,-3371,322,0.12944115470022205,0.15128126307836465,0.4381758563754333,-0.4529292546736148,24100,10516358.549999999,0,0,0,0,24200,589548.8,1784694830618,2026-07-28 00:00:00,24050,16,5159,1788,1167101,879497,0.004420354365217749,0.002032980214827339,6947,5685932,37077,270007,143,179,0.75,-1.75,1950,1972,24200,24000,245416,166658,2204,4710,0.00906205285923392,0.029083409489465754,-0.25,-1.1499999999999773,-0.2782872451209965
2026-07-22 00:00:00,2026-07-22 10:04:00,50,NIFTY,OK,24024.55,-1.6000000000021828,1174600,-988,955111,243,606997,-6872,216053,15396,1231,322.15,0.12678105151356217,0.14852207535360196,0.4377317220731274,-1.0841617501329721,24100,10557357,0,0,0,0,24200,592839.25,1784694889557,2026-07-28 00:00:00,24000,16,-988,243,1172260,881285,-0.0008428164400388992,0.0002757337297242095,-745,5710230,0,270007,166.85,155.3,-1.1500000000000057,0.700000000000017,0,0,24200,24000,245153,166308,1941,4360,0.007980691742183774,0.02692222194778571,0.14999999999997726,-1,-0.1141253785363934
2026-07-22 00:00:00,2026-07-22 10:05:00,51,NIFTY,OK,24023.4,-1.1499999999978172,1176131,1531,959120,4009,608528,1531,220062,4009,2478,323.1,0.07417488623117376,0.16826407041204178,0.43910650846355653,0.28565954858249115,24100,10615547.799999999,0,0,0,0,24200,603168.7,1784694949887,2026-07-28 00:00:00,24000,17,1531,4009,1174600,955111,0.0013034224416822748,0.004197417891742426,5540,5721055,10825,158382,166.8,156.3,-0.04999999999998295,1,760,1378,24200,24000,245060,167397,921,3732,0.003772441109368024,0.02280267619833196,0.9500000000000455,1,1.3936510608634665
2026-07-22 00:00:00,2026-07-22 10:06:00,52,NIFTY,OK,24035.45,12.049999999999272,1210894,7333,888268,556,622019,13491,205725,-14337,-6777,320.2,0.14077427087571134,0.08451547843036399,0.43747665587649426,-1.2750597097613379,24100,10326093.75,0,0,0,0,24200,602202.15,1784695009472,2026-07-28 00:00:00,24050,16,7333,556,1172805,885786,0.006252531324474231,0.0006276911127518385,7889,5811636,137126,295508,145.45,174.75,3.8499999999999943,-7,9426,8175,24200,24000,245682,168055,1404,2780,0.005747549922629136,0.016820450763878385,-2.900000000000034,-1.4499999999999886,-2.389221556886229
2026-07-22 00:00:00,2026-07-22 10:07:00,53,NIFTY,OK,24044.1,8.649999999997817,1210765,-129,887692,-576,621890,-129,205149,-576,-447,316.8,0.20145278173438866,0.04476983488669158,0.43469672503801704,-2.4286132408828283,24100,9751014.3,0,0,0,0,24200,548034.8,1784695069556,2026-07-28 00:00:00,24050,17,-129,-576,1210894,888268,-0.00010653285919329025,-0.0006484529443816506,-705,6049348,237712,422740,150.9,165.9,5.450000000000017,-8.849999999999994,19470,13617,24200,24000,244836,167961,4,2337,0.000016337733629590904,0.014110273873351687,-3.3999999999999773,-5.449999999999989,-2.6660435523552026
2026-07-22 00:00:00,2026-07-22 10:08:00,54,NIFTY,OK,24049.5,5.400000000001455,1209964,-801,887748,56,621089,-801,205205,56,857,315.1,0.23365171196045978,0.022920262622058457,0.432759870183067,-2.2800243140555305,24100,9594396,0,0,0,0,24200,521433.9,1784695129996,2026-07-28 00:00:00,24050,17,-801,56,1210765,887692,-0.0006615652087729658,0.00006308494387693029,-745,6153819,104471,490134,152.55,162.55,1.6500000000000057,-3.3499999999999943,10968,5843,24200,24000,244594,168366,-822,1708,-0.0033494148710760505,0.010248532923712033,-1.6999999999999886,-6.899999999999977,-2.2145708305470007
2026-07-22 00:00:00,2026-07-22 10:09:00,55,NIFTY,OK,24048.85,-0.6500000000014552,1204833,-5131,888821,1073,615958,-5131,206278,1073,6204,316.04999999999995,0.2635736372867723,0.01435400629176996,0.4347501922805254,-1.0731147765593283,24100,9645338.700000001,0,0,0,0,24200,549378.35,1784695191483,2026-07-28 00:00:00,24050,17,-5131,1073,1209964,887748,-0.004240622035035753,0.0012086763360773553,-4058,6215517,61698,551832,151.2,164.85,-1.3500000000000227,2.299999999999983,8115,3365,24200,24000,243166,167962,-1987,1654,-0.008105142502845162,0.009945402506193328,0.9499999999999318,-6.100000000000023,-1.444913992771868
2026-07-22 00:00:00,2026-07-22 10:10:00,56,NIFTY,OK,24049.8,0.9500000000007276,1200746,-4087,895839,7018,611871,-4087,213296,7018,11105,314.5,0.2953889300934615,0.008577315326138205,0.4323868384126632,-1.6423227232340152,24100,9515286,0,0,0,0,24200,493711.2,1784695249760,2026-07-28 00:00:00,24050,17,-4087,7018,1204833,888821,-0.0033921713631681733,0.007895853045776372,2931,6293818,78301,619308,151.65,162.85,0.45000000000001705,-2,7135,5172,24200,24000,242620,169936,-2440,2539,-0.009956745286868521,0.01516753585787081,-1.5499999999999545,-8.600000000000023,-1.5256258733663914
2026-07-22 00:00:00,2026-07-22 10:11:00,57,NIFTY,OK,24046.95,-2.849999999998545,1200853,107,901238,5399,611978,107,218695,5399,5292,315.35,0.27259095824110374,0.005111594716331798,0.4338921534739028,-0.8564984746605973,24100,9756337.8,0,0,0,0,24200,518055.99999999994,1784695309831,2026-07-28 00:00:00,24050,17,107,5399,1200746,895839,0.00008911126916100491,0.006026752574960456,5506,6384647,90829,573011,149.25,166.1,-2.4000000000000057,3.25,6916,7179,24200,24000,242705,172146,-2977,4091,-0.012117289829942772,0.024343220969325518,0.8500000000000227,-4.849999999999966,-1.0277814994531311
2026-07-22 00:00:00,2026-07-22 10:12:00,58,NIFTY,OK,24043.1,-3.850000000002183,1200710,-143,906852,5614,611835,-143,224309,5614,5757,315.55,0.19141785627184396,0.022569250790109685,0.4335231065216535,-0.8297198901128967,24100,9797832,0,0,0,0,24200,496224.89999999997,1784695369824,2026-07-28 00:00:00,24050,17,-143,5614,1200853,901238,-0.00011908201919802007,0.006229209154518562,5471,6452773,68126,403425,149,166.55,-0.25,0.45000000000001705,4036,5829,24200,24000,242223,172885,-2613,4924,-0.01067245012988286,0.029316329385988413,0.19999999999998863,-1.25,-0.7885638741417518
2026-07-22 00:00:00,2026-07-22 10:13:00,59,NIFTY,OK,24041.5,-1.5999999999985448,1200881,171,911630,4778,612006,171,229087,4778,4607,314.85,0.17538038855182292,0.03994407451692745,0.4319380381908913,-1.2321498736439678,24100,9893065,0,0,0,0,24200,499979.60000000003,1784695429755,2026-07-28 00:00:00,24050,17,171,4778,1200710,906852,0.00014241573735539805,0.005268775941388451,4949,6524312,71539,370493,148.85,166,-0.15000000000000568,-0.5500000000000114,5213,6183,24200,24000,241789,174712,-2805,6346,-0.011467983679076347,0.037691695472957726,-0.6999999999999886,-0.25,-0.8251880375403742
2026-07-22 00:00:00,2026-07-22 10:14:00,60,NIFTY,OK,24034.15,-7.349999999998545,1201759,878,914105,2475,612884,878,231562,2475,1597,314.8,0.17035499446089164,0.06161776455965909,0.43189441847676696,-1.0327793946749904,24100,9974775.799999999,0,0,0,0,24200,520248.3,1784695489851,2026-07-28 00:00:00,24050,17,878,2475,1200881,911630,0.0007311298954684103,0.002714917236159407,3353,6575965,51653,360448,147,167.8,-1.8499999999999943,1.8000000000000114,3910,3906,24200,24000,241490,175341,-1676,7379,-0.006892410945609172,0.04393255617342018,-0.05000000000001137,-1.2499999999999432,-0.6859612068147677
2026-07-22 00:00:00,2026-07-22 10:15:00,61,NIFTY,OK,24034.15,0,1201759,0,914105,0,612884,0,231562,0,0,314.8,0.13334836265468858,0.06832962959024906,0.43189441847676696,-0.9663435584768366,24100,9974775.799999999,0,0,0,0,24200,520248.3,1784695550291,2026-07-28 00:00:00,24050,17,0,0,1201759,914105,0,0,0,6575965,0,282147,147,167.8,0,0,0,0,24200,24000,241490,175341,-1130,5405,-0.004657489077569863,0.03180609170511251,0,0.30000000000001137,-0.622935083268454
2026-07-22 00:00:00,2026-07-22 10:16:00,62,NIFTY,OK,24030,-4.150000000001455,1204707,2948,916358,2253,615832,2948,233815,2253,-695,315.25,0.13929323240919067,0.06422068031815874,0.43180480454556147,-1.0310189413634046,24100,10312504,0,0,0,0,24200,539969.85,1784695610266,2026-07-28 00:00:00,24050,17,2948,2253,1201759,914105,0.0024530708736110983,0.0024647059145284185,5201,6680097,104132,295450,143.9,171.35,-3.0999999999999943,3.549999999999983,8428,10139,24200,24000,241968,176028,-737,3882,-0.0030366082280958366,0.022550625631731203,0.44999999999998863,-0.10000000000002274,-0.08424482447645915
2026-07-22 00:00:00,2026-07-22 10:17:00,63,NIFTY,OK,24022.7,-7.299999999999272,1183152,6312,990980,5449,615549,-283,251922,18107,-863,314.25,0.20605878575909833,0.056392983020051385,0.42926687094817617,-2.22133484134533,24100,10980586.950000001,0,0,0,0,24200,596394,1784695670344,2026-07-28 00:00:00,24000,16,6312,5449,1173523,914372,0.005378676003793705,0.005959281342823271,11761,6966413,220675,447999,163.45,150.8,-6.200000000000017,3.5,17383,26001,24200,24000,243712,177546,1489,4661,0.006147227967616618,0.026960117997512797,-1,-1.3000000000000114,-1.6032096321125684
2026-07-22 00:00:00,2026-07-22 10:18:00,64,NIFTY,OK,24020.35,-2.350000000002183,1188877,5725,985871,-5109,621274,5725,246813,-5109,-10834,314.65,0.21123918725295987,0.04556239551407077,0.42937189691859107,-1.6137198844682852,24100,11119721.25,0,0,0,0,24200,675533.75,1784695729914,2026-07-28 00:00:00,24000,17,5725,-5109,1183152,990980,0.004838769659350616,-0.005155502633756483,616,7049345,82932,459392,163.2,151.45,-0.25,0.6499999999999773,6689,9304,24200,24000,246293,175998,4504,1286,0.01862781185248295,0.0073606850130500485,0.39999999999997726,-0.20000000000004547,-0.6925922901044848
2026-07-22 00:00:00,2026-07-22 10:19:00,65,NIFTY,OK,24017.6,-2.75,1199617,10740,988582,2711,632014,10740,249524,2711,-8029,315.25,0.20995393928979952,0.06753935932401871,0.4308101389304092,-0.6009068218737081,24100,11185218.4,0,0,0,0,24200,720883.6,1784695790576,2026-07-28 00:00:00,24000,17,10740,2711,1188877,985871,0.009033735197165056,0.0027498526683511332,13451,7101027,51682,459421,163.45,151.8,0.25,0.35000000000002274,3702,6743,24200,24000,246980,177002,5490,1661,0.02273386061534639,0.00947296981310703,0.6000000000000227,0.44999999999998863,0.8305395344998828
2026-07-22 00:00:00,2026-07-22 10:20:00,66,NIFTY,OK,24018.6,1,1205862,6245,988257,-325,638259,6245,249199,-325,-6570,315.25,0.24908767482529434,0.06760678318402717,0.43138641399142064,-0.13444505861603304,24100,11400639.6,0,0,0,0,24200,746329.5,1784695849738,2026-07-28 00:00:00,24000,17,6245,-325,1199617,988582,0.005205828193498425,-0.00032875370985917203,5920,7188134,87107,546528,162.55,152.7,-0.8999999999999773,0.8999999999999773,7586,13842,24200,24000,247933,177141,6443,1800,0.026680193796844588,0.010265710814926344,0,0.44999999999998863,0.6681531047809023
2026-07-22 00:00:00,2026-07-22 10:21:00,67,NIFTY,OK,24019.35,0.75,1206174,312,989065,808,638571,312,250007,808,496,314.75,0.2219831189223588,0.06744837945767136,0.43040932911571733,-0.6666238074931435,24100,11335624.700000001,0,0,0,0,24200,730291.8,1784695909561,2026-07-28 00:00:00,24000,17,312,808,1205862,988257,0.0002587360742771561,0.0008176010895951154,1120,7233044,44910,487306,163,151.75,0.44999999999998863,-0.9499999999999886,3901,7041,24200,24000,248877,175926,6909,-102,0.028553362428089663,-0.0005794532687981457,-0.5,-0.5,-0.5261563368406161
2026-07-22 00:00:00,2026-07-22 10:22:00,68,NIFTY,OK,24013.65,-5.69999999999709,1211098,4924,989716,651,643495,4924,250658,651,-4273,314.54999999999995,0.14337558739629974,0.08455899829817172,0.43118551224234386,0.19579239612874108,24100,11599325.100000001,0,0,0,0,24200,758694.5499999999,1784695969592,2026-07-28 00:00:00,24000,17,4924,651,1206174,989065,0.004082329746786119,0.0006581973884426201,5575,7281956,48912,315543,162.1,152.45,-0.9000000000000057,0.6999999999999886,4106,6245,24200,24000,249483,176078,5771,-1468,0.023679589023109245,-0.00826827976974981,-0.20000000000004547,0.2999999999999545,-0.92448623394189
2026-07-22 00:00:00,2026-07-22 10:23:00,69,NIFTY,OK,24007.35,-6.30000000000291,1214800,3702,989544,-172,647197,3702,250486,-172,-3874,314.9,0.14111953488203294,0.09514073731178233,0.43283781552902,1.614298247915788,24100,11969049.75,0,0,0,0,24200,800531.5,1784696030314,2026-07-28 00:00:00,24000,17,3702,-172,1211098,989716,0.003056730338915596,-0.00017378722785122197,3530,7360421,78465,311076,158.95,155.95,-3.1500000000000057,3.5,8082,9545,24200,24000,250169,176241,3876,243,0.01573735347736233,0.0013806975079262264,0.35000000000002274,0.25,0.17504476148579878
2026-07-22 00:00:00,2026-07-22 10:24:00,70,NIFTY,OK,24004.35,-3,1218252,3452,986616,-2928,650649,3452,247558,-2928,-6380,316.7,0.19819100281740223,0.03814547410094168,0.43500615256801156,2.259092365664446,24100,11946112.5,0,0,0,0,24200,861061.5,1784696089598,2026-07-28 00:00:00,24000,17,3452,-2928,1214800,989544,0.0028416200197563385,-0.002958938662656739,524,7538012,177591,436985,158,158.7,-0.9499999999999886,2.75,17391,28307,24200,24000,251185,176162,4205,-840,0.017025670094744514,-0.004745709088032904,1.8000000000000114,1.4499999999999886,2.611383216784052
2026-07-22 00:00:00,2026-07-22 10:25:00,71,NIFTY,OK,23994.95,-9.399999999997817,1222985,4733,980958,-5658,655382,4733,241900,-5658,-10391,318.75,0.22259650090769134,0.02002486801606229,0.4377081269935351,2.306242140659197,24100,12270358.600000001,0,0,0,0,24200,985872,1784696149739,2026-07-28 00:00:00,24000,17,4733,-5658,1218252,986616,0.0038850746807721228,-0.0057347539468242965,-925,7678724,140712,490590,155.45,163.3,-2.5500000000000114,4.600000000000023,12045,24075,24200,24000,250902,174754,2969,-2387,0.011975009377533447,-0.013475141271642364,2.0500000000000114,3.5,2.604342142263524
2026-07-22 00:00:00,2026-07-22 10:26:00,72,NIFTY,OK,23978.45,-16.5,1230131,7146,976614,-4344,662528,7146,237556,-4344,-11490,325.5,0.3301550473661434,0.015792623337835314,0.44372422373605114,2.450759318624804,24000,13254352.5,0,0,0,0,24200,1139461.25,1784696212126,2026-07-28 00:00:00,24000,17,7146,-4344,1222985,980958,0.0058430806592067765,-0.0044283241484344895,2802,7961612,282888,728568,148.75,176.75,-6.699999999999989,13.449999999999989,22235,47788,24200,24000,250982,175485,2105,-441,0.008457993305930238,-0.0025067357866375636,6.75,10.75,2.7636234167916536
2026-07-22 00:00:00,2026-07-22 10:27:00,73,NIFTY,OK,23978.45,0,1230131,0,976614,0,662528,0,237556,0,0,325.5,0.30799027526968453,0.008726473392422048,0.44372422373605114,1.783881591117799,24000,13254352.5,0,0,0,0,24200,1139461.25,1784696271112,2026-07-28 00:00:00,24000,17,0,0,1230131,976614,0,0,0,7961612,0,679656,148.75,176.75,0,0,0,0,24200,24000,250982,175485,1499,-593,0.006008425423776369,-0.0033678256227353785,0,10.950000000000045,1.9129597721977147
2026-07-22 00:00:00,2026-07-22 10:28:00,74,NIFTY,OK,23987.05,8.599999999998545,1231333,1202,959526,-17088,663730,1202,220468,-17088,-18290,326.04999999999995,0.371992446798265,0.016546357408682145,0.44538169872434474,1.611426078507229,24000,13645313.5,0,0,0,0,24200,1357328.45,1784696330919,2026-07-28 00:00:00,24000,17,1202,-17088,1230131,976614,0.0009771317038591825,-0.01749718926822675,-15886,8175404,213792,814983,147.95,178.1,-0.8000000000000114,1.3499999999999943,14119,36029,24200,24000,250288,169209,119,-7032,0.00047567844137363143,-0.039899909782627196,0.5499999999999545,11.149999999999977,1.5572111896118193
2026-07-22 00:00:00,2026-07-22 10:29:00,75,NIFTY,OK,24004,16.950000000000728,1261486,30153,954102,-5424,693883,30153,215044,-5424,-35577,319.70000000000005,0.3992253975017016,0.01211958137699699,0.4389919288933167,0.3600799551648762,24000,14252943.6,0,0,0,0,24200,1198936.75,1784696389956,2026-07-28 00:00:00,24000,17,30153,-5424,1231333,959526,0.024488095421790857,-0.005652791065588634,24729,8422531,247127,884519,153.55,166.15,5.600000000000023,-11.949999999999989,24182,32612,24200,24000,252775,166882,1590,-9280,0.006329995819814081,-0.052678784300814026,-6.349999999999909,3.000000000000057,0.11716289049970054
2026-07-22 00:00:00,2026-07-22 10:30:00,76,NIFTY,OK,24007.25,3.25,1261486,0,954102,0,693883,0,215044,0,0,319.45,0.3711985260797585,0.014159380270250224,0.43806178243733757,0.07036354982765196,24000,13981037.4,0,0,0,0,24200,1168519.75,1784696450659,2026-07-28 00:00:00,24000,17,0,0,1261486,954102,0,0,0,8501147,78616,822423,155.7,163.75,2.1499999999999773,-2.4000000000000057,9983,9424,24200,24000,252775,166882,1873,-7872,0.0074650660417214685,-0.0450461792004761,-0.25000000000005684,0.6999999999999886,-0.030849568643881862
2026-07-22 00:00:00,2026-07-22 10:31:00,77,NIFTY,OK,24009.2,1.9500000000007276,1266585,5099,952163,-1939,698982,5099,213105,-1939,-7038,320,0.29065265636295784,0.018612620854881103,0.4382393226248286,-0.05506098466359858,24000,14155168.5,0,0,0,0,24200,1164450.8,1784696510899,2026-07-28 00:00:00,24000,17,5099,-1939,1261486,954102,0.004042058334377076,-0.0020322774713814667,3160,8606497,105350,644885,156.8,163.2,1.1000000000000227,-0.5500000000000114,14624,12785,24200,24000,253616,166205,2634,-9280,0.010494776517837933,-0.05288201270763883,0.5500000000000114,-5.5,-0.027036005211174947
2026-07-22 00:00:00,2026-07-22 10:32:00,78,NIFTY,OK,24004.05,-5.150000000001455,1268849,2264,959238,7075,701246,2264,220180,7075,4811,319.15,0.35783297510375495,0.02676841222000218,0.43868269814817706,-0.14679871063660732,24000,14211230.4,0,0,0,0,24200,1074944,1784696571284,2026-07-28 00:00:00,24000,17,2264,7075,1266585,952163,0.0017874836667100904,0.007430450458587447,9339,8758895,152398,797283,158.55,160.6,1.75,-2.5999999999999943,23021,17067,24200,24000,252712,168406,1730,-7079,0.006892924592201831,-0.04033963016782061,-0.8500000000000227,-6.350000000000023,-0.3887406656229976
2026-07-22 00:00:00,2026-07-22 10:33:00,79,NIFTY,OK,24001.3,-2.75,1273363,4514,962521,3283,705760,4514,223463,3283,-1231,320.3,0.3059850153227985,0.06581187961066846,0.43996578804136555,0.005535442664253678,24000,14627638.05,0,0,0,0,24200,1094123.3,1784696630599,2026-07-28 00:00:00,24000,17,4514,3283,1268849,959238,0.00355755491788227,0.003422508282615993,7797,8859551,100656,684147,156.3,164,-2.25,3.4000000000000057,10844,15066,24200,24000,252996,169412,2708,203,0.010819535894649363,0.0011996997795625528,1.150000000000034,-5.749999999999943,-0.2581674126339129
2026-07-22 00:00:00,2026-07-22 10:34:00,80,NIFTY,OK,24003.45,2.150000000001455,1273520,157,973155,10634,705917,157,234097,10634,10477,319.95,0.21286968520146438,0.06500170413320258,0.4392782951707396,-0.412841582135256,24000,14603573,0,0,0,0,24200,1039986.25,1784696689546,2026-07-28 00:00:00,24000,17,157,10634,1273363,962521,0.00012329555672655794,0.011048070639497736,10791,8900780,41229,478249,156.95,163,0.6499999999999773,-1,4623,6574,24200,24000,252826,172870,51,5988,0.0002017604589061418,0.03588164091993145,-0.35000000000002274,0.24999999999994316,-0.5274046422564388
2026-07-22 00:00:00,2026-07-22 10:35:00,81,NIFTY,OK,24002.45,-1,1277735,4215,974108,953,710132,4215,235050,953,-3262,320.2,0.20759040483728217,0.0775572721574634,0.43965188716664444,-0.3638352778919039,24000,15054160.1,0,0,0,0,24200,1042607.65,1784696750414,2026-07-28 00:00:00,24000,17,4215,953,1273520,973155,0.003309724228908851,0.000979289013569267,5168,8968608,67828,467461,155.2,165,-1.75,2,6328,10012,24200,24000,252871,173402,96,6520,0.0003797843932350905,0.03906952217734687,0.25,0.75,-0.5094158788752394
2026-07-22 00:00:00,2026-07-22 10:36:00,82,NIFTY,OK,24001.65,-0.7999999999992724,1281995,4260,973728,-380,714392,4260,234670,-380,-4640,319.6,0.18320600534728776,0.08947108613905948,0.4392922751190957,-0.3611369767763322,24000,15054897.6,0,0,0,0,24200,1062456.5999999999,1784696811680,2026-07-28 00:00:00,24000,17,4260,-380,1277735,974108,0.0033340246608256014,-0.00039010048167143684,3880,9019759,51151,413262,156.45,163.15,1.25,-1.8499999999999943,6769,7296,24200,24000,253366,173818,-250,7613,-0.0009857422244653334,0.04580487951626004,-0.5999999999999659,-0.39999999999997726,-0.5748957647737092
2026-07-22 00:00:00,2026-07-22 10:37:00,83,NIFTY,OK,24003.35,1.6999999999970896,1285416,3421,975488,1760,717813,3421,236430,1760,-1661,319.5,0.11838627380906044,0.12260703878054248,0.4386605807577271,-0.47960464847687645,24000,15294085.35,0,0,0,0,24200,1067207.2,1784696869546,2026-07-28 00:00:00,24000,17,3421,1760,1281995,973728,0.0026684971470247545,0.0018074862795359689,5181,9026555,6796,267660,155.4,164.1,-1.049999999999983,0.9499999999999886,1017,1112,24200,24000,254003,174392,1291,5986,0.005108582101364399,0.035545051839008114,-0.10000000000002274,0.35000000000002274,-0.464329569252977
2026-07-22 00:00:00,2026-07-22 10:38:00,84,NIFTY,OK,23996.95,-6.399999999997817,1288360,2944,977315,1827,720757,2944,238257,1827,-1117,319.3,0.08904719344124819,0.1476614853880011,0.4384623776572534,-0.7958025479864272,24000,15331244.4,0,0,0,0,24200,1077397.25,1784696930107,2026-07-28 00:00:00,24000,17,2944,1827,1285416,975488,0.0022903091294958207,0.0018729087390106285,4771,9061303,34748,201752,156.05,163.25,0.6500000000000057,-0.8499999999999943,3956,4871,24200,24000,254340,175457,1344,6045,0.005312336953943936,0.03568224210799707,-0.19999999999998863,-1,-1.135708309619416
2026-07-22 00:00:00,2026-07-22 10:39:00,85,NIFTY,OK,23998.3,1.3499999999985448,1290073,1713,977384,69,722470,1713,238326,69,-1644,320.7,0.10214129749759313,0.08973190962042478,0.44126772362011724,2.306151934797093,24000,15819410.4,0,0,0,0,24200,1143016.45,1784696989608,2026-07-28 00:00:00,24000,17,1713,69,1288360,977315,0.001329597317519948,0.00007060159723323595,1782,9132381,71078,231601,153.45,167.25,-2.6000000000000227,4,7675,11720,24200,24000,254274,175502,1448,2632,0.005727259063545679,0.015225313819633251,1.3999999999999773,0.75,1.8845790342316935
2026-07-22 00:00:00,2026-07-22 10:40:00,86,NIFTY,OK,23994.65,-3.649999999997817,1287589,-2484,982367,4983,719986,-2484,243309,4983,7467,321.4,0.11356211309822746,0.07026506996248753,0.4406320786917805,1.306500577441947,24000,15774201.450000001,0,0,0,0,24200,1139386.25,1784697052346,2026-07-28 00:00:00,24000,17,-2484,4983,1290073,977384,-0.0019254724345056443,0.005098303225753644,2499,9226389,94008,257781,152.8,168.6,-0.6499999999999773,1.3499999999999943,9488,14913,24200,24000,253895,176294,1024,2892,0.004049495592614416,0.01667800832747027,0.6999999999999886,1.1999999999999886,2.1437959522027437
2026-07-22 00:00:00,2026-07-22 10:41:00,87,NIFTY,OK,23993,-1.6500000000014552,1292551,4962,983304,937,724948,4962,244246,937,-4025,320.04999999999995,0.10968712857365694,0.08064671196000513,0.43944550639501456,-0.1043462828900326,24000,15984297,0,0,0,0,24200,1104612.75,1784697112282,2026-07-28 00:00:00,24000,17,4962,937,1287589,982367,0.0038537141898540607,0.0009538186848703183,5899,9269391,43002,249632,152.85,167.2,0.04999999999998295,-1.4000000000000057,3677,6797,24200,24000,254135,176970,769,3152,0.0030351349431257547,0.018133910181914417,-1.3500000000000227,0.4499999999999318,0.05397245024010665
2026-07-22 00:00:00,2026-07-22 10:42:00,88,NIFTY,OK,23993.7,0.7000000000007276,1296066,3515,982370,-934,728463,3515,243312,-934,-4449,321.79999999999995,0.1342635913407267,0.057310786470574776,0.44110467954529625,1.4551659506366954,24000,16143099,0,0,0,0,24200,1145006.7,1784697169808,2026-07-28 00:00:00,24000,17,3515,-934,1292551,983304,0.0027194284790310014,-0.0009498588432468494,2581,9332466,63075,305911,152.45,169.35,-0.4000000000000057,2.1500000000000057,7189,7756,24200,24000,254574,176662,571,2270,0.0022480049448234864,0.013016652140006421,1.75,2.2999999999999545,1.9720313362911743
2026-07-22 00:00:00,2026-07-22 10:43:00,89,NIFTY,OK,23992.45,-1.25,1301304,5238,982831,461,733701,5238,243773,461,-4777,321.5,0.1263344767275139,0.06397172214232495,0.4411967440383529,1.2868737688758498,24000,16628552.05,0,0,0,0,24200,1167754.45,1784697230281,2026-07-28 00:00:00,24000,17,5238,461,1296066,982370,0.004041460851530709,0.0004692732880686503,5699,9349868,17402,288565,151.3,170.2,-1.1499999999999773,0.8499999999999943,1374,2249,24200,24000,256146,177365,1806,1908,0.007100731304552961,0.01087445926922266,-0.2999999999999545,2.1999999999999886,1.2887773863944272
2026-07-22 00:00:00,2026-07-22 10:44:00,90,NIFTY,OK,23990.35,-2.100000000002183,1305830,4526,982019,-812,738227,4526,242961,-812,-5338,321.95000000000005,0.12235422879744248,0.07284730359235232,0.44072851786433614,0.6756149925254183,24000,16662610.799999999,0,0,0,0,24200,1168286.75,1784697289882,2026-07-28 00:00:00,24000,17,4526,-812,1301304,982831,0.003478049710136909,-0.0008261847662517768,3714,9412309,62441,279928,151.65,170.3,0.3499999999999943,0.10000000000002274,5601,7964,24200,24000,257439,177326,3165,1824,0.012447202623941103,0.010393043953915056,0.4500000000000455,1.2500000000000568,1.4163523343638278
2026-07-22 00:00:00,2026-07-22 10:45:00,91,NIFTY,OK,23989.65,-0.6999999999970896,1306867,1037,981646,-373,739264,1037,242588,-373,-1410,322.25,0.08579195311540726,0.09451654306902453,0.4411049877705194,0.8721140839702071,24000,16684420.5,0,0,0,0,24200,1186133.5999999999,1784697349453,2026-07-28 00:00:00,24000,17,1037,-373,1305830,982019,0.0007941309358798619,-0.0003798297181622759,664,9422725,10416,196336,151.5,170.75,-0.15000000000000568,0.44999999999998863,729,1182,24200,24000,257988,177326,4093,1032,0.016120837354024302,0.005853857760332173,0.2999999999999545,0.8500000000000227,1.3637386542038983
2026-07-22 00:00:00,2026-07-22 10:46:00,92,NIFTY,OK,24002.75,13.099999999998545,1307127,260,983835,2189,739524,260,244777,2189,1929,319,0.12361095469937956,0.053346186985324236,0.437952902083447,-1.7147760195452306,24000,16431731.700000001,0,0,0,0,24200,1120879.8,1784697414787,2026-07-28 00:00:00,24000,17,260,2189,1306867,981646,0.00019894908969313632,0.0022299281003538953,2449,9552579,129854,283188,154.35,164.65,2.8499999999999943,-6.099999999999994,11674,20699,24200,24000,258677,178010,4542,1040,0.017872390658508274,0.005876702265920778,-3.25,-1.0499999999999545,-1.5306281456148985
2026-07-22 00:00:00,2026-07-22 10:47:00,93,NIFTY,OK,24002.75,0,1307127,0,983835,0,739524,0,244777,0,0,319,0.09607885246459784,0.056907134062958574,0.437952902083447,-1.537691765788486,24000,16431731.700000001,0,0,0,0,24200,1120879.8,1784697469856,2026-07-28 00:00:00,24000,17,0,0,1307127,983835,0,0,0,9552579,0,220113,154.35,164.65,0,0,0,0,24200,24000,258677,178010,4103,1348,0.016117121151413734,0.007630390236723234,0,-2.7999999999999545,-1.4092132222213603
2026-07-22 00:00:00,2026-07-22 10:48:00,94,NIFTY,OK,24009.8,7.049999999999272,1322430,15303,975231,-8604,754827,15303,236173,-8604,-23907,318.75,0.13185539555225945,0.044646305275631355,0.4368047429596694,-1.907122905170417,24000,16585910,0,0,0,0,24200,1137353.9,1784697529777,2026-07-28 00:00:00,24000,17,15303,-8604,1307127,983835,0.011707355138406598,-0.008745368888075745,6699,9652827,100248,302959,156.25,162.5,1.9000000000000057,-2.1500000000000057,13216,10580,24200,24000,259348,174219,3202,-3146,0.012500683204110156,-0.01773743410481211,-0.25,-2.75,-1.481544321809349
2026-07-22 00:00:00,2026-07-22 10:49:00,95,NIFTY,OK,24013.4,3.600000000002183,1321913,-517,971981,-3250,754310,-517,232923,-3250,-2733,317.55,0.138607974038905,0.019012303743961352,0.4352032761773761,-1.9919897232850592,24000,16358392.5,0,0,0,0,24200,1107437.8,1784697590115,2026-07-28 00:00:00,24000,17,-517,-3250,1322430,975231,-0.00039094696883767006,-0.0033325437768077512,-3767,9730261,77434,317952,157.5,160.05,1.25,-2.4499999999999886,10548,10409,24200,24000,259002,173410,1563,-3916,0.006071341172083484,-0.02208361999932328,-1.1999999999999886,-4.400000000000034,-1.7611949246349052
2026-07-22 00:00:00,2026-07-22 10:50:00,96,NIFTY,OK,24011.75,-1.6500000000014552,1321913,0,971981,0,754310,0,232923,0,0,317.04999999999995,0.13753163834074286,0.017056386556486402,0.4343427224532306,-1.7570831928473591,24000,16177886.1,0,0,0,0,24200,1082405.3,1784697649656,2026-07-28 00:00:00,24000,17,0,0,1321913,971981,0,0,0,9738208,7947,315483,158.7,158.35,1.1999999999999886,-1.700000000000017,1173,842,24200,24000,259002,173410,1014,-3916,0.003930415368156658,-0.02208361999932328,-0.5000000000000568,-5.2000000000000455,-1.575251621700901
2026-07-22 00:00:00,2026-07-22 10:51:00,97,NIFTY,OK,24011.35,-0.4000000000014552,1324069,2156,973401,1420,756466,2156,234343,1420,-736,319.4,0.10478091117620687,0.027034324619596147,0.4370064930509548,-0.547029740582619,24000,16552307.85,0,0,0,0,24200,1126408.25,1784697709889,2026-07-28 00:00:00,24000,17,2156,1420,1321913,971981,0.0016309696629051987,0.0014609339071442755,3576,9793310,55102,240731,156.4,163,-2.299999999999983,4.650000000000006,6708,8105,24200,24000,259088,174227,411,-3783,0.001588854053510749,-0.02125161507780462,2.3500000000000227,0.39999999999997726,-0.2351109330419772
2026-07-22 00:00:00,2026-07-22 10:53:00,98,NIFTY,OK,24016.3,4.950000000000728,1323372,-697,981468,8067,755769,-697,242410,8067,8764,316.25,0.15842791690529495,0.038006194697536085,0.43285290842651714,-1.701546935014718,24000,15906116.75,0,0,0,0,24200,989331.2000000001,1784697781189,2026-07-28 00:00:00,24000,17,-697,8067,1324069,973401,-0.0005264076116879105,0.0082874375514305,7370,9917730,124420,365151,161,155.25,4.599999999999994,-7.75,17499,15126,24200,24000,258053,177041,-624,-969,-0.0024122747673739836,-0.0054435144093028486,-3.1499999999999773,-2.75,-1.5396144727871017
2026-07-22 00:00:00,2026-07-22 10:53:00,99,NIFTY,OK,24016.3,0,1323372,0,981468,0,755769,0,242410,0,0,316.25,0.11493335763003072,0.02710048583821248,0.43285290842651714,-1.3858529531147057,24000,15906116.75,0,0,0,0,24200,989331.2000000001,1784697830409,2026-07-28 00:00:00,24000,17,0,0,1323372,981468,0,0,0,9917730,0,264903,161,155.25,0,0,0,0,24200,24000,258053,177041,-1295,2822,-0.0049932908678686555,0.016198003662057526,0,-2.5,-1.2495752371383657
2026-07-22 00:00:00,2026-07-22 10:54:00,100,NIFTY,OK,24018.85,2.5499999999992724,1323953,581,979476,-1992,756350,581,240418,-1992,-2573,317.45,0.11093721577700029,0.03731372487633836,0.432831025538551,-1.1692898566628087,24000,15882699.200000001,0,0,0,0,24200,1015290.75,1784697889461,2026-07-28 00:00:00,24000,17,581,-1992,1323372,981468,0.0004390299930782879,-0.0020296127841152234,-1411,9985797,68067,255536,161.35,156.1,0.3499999999999943,0.8499999999999943,10535,7119,24200,24000,257830,176336,-1172,2926,-0.004525061582536042,0.016873306037714086,1.1999999999999886,-0.10000000000002274,-0.4940992449764831
2026-07-22 00:00:00,2026-07-22 10:55:00,101,NIFTY,OK,24020.4,1.5500000000029104,1323202,-751,979573,97,755599,-751,240515,97,848,316,0.13438785812769377,0.028697914142148548,0.43098286064549574,-1.65936043299207,24000,15602793,0,0,0,0,24200,964498.5,1784697950309,2026-07-28 00:00:00,24000,17,-751,97,1323953,979476,-0.0005672406799939273,0.00009903254393165325,-654,10047673,61876,309465,163.5,152.5,2.1500000000000057,-3.5999999999999943,9367,7063,24200,24000,258456,176476,-546,3066,-0.002108091829406723,0.017680641254829595,-1.4499999999999886,-1.0499999999999545,-1.3650972780885764
2026-07-22 00:00:00,2026-07-22 10:56:00,102,NIFTY,OK,24023.35,2.9499999999970896,1317453,-5749,980336,763,749850,-5749,241278,763,6512,316.3,0.1273676564732445,0.0010899871525025286,0.43142177900873296,-1.213848824482429,24000,15762677.7,0,0,0,0,24200,948442.95,1784698009678,2026-07-28 00:00:00,24000,17,-5749,763,1323202,979573,-0.0043447636868747174,0.0007789108111391392,-4986,10085974,38301,292664,160.9,155.4,-2.5999999999999943,2.9000000000000057,5523,3964,24200,24000,257554,176523,-1534,2296,-0.0059207682331871795,0.013178210036331912,0.30000000000001137,-3.099999999999966,-0.9184222760635209
2026-07-22 00:00:00,2026-07-22 10:57:00,103,NIFTY,OK,24028.2,4.850000000002183,1358279,1732,912480,1517,769404,19554,229937,-11341,-215,315.1,0.11667244300253792,0.014350689791835734,0.43085674775284444,-1.2430199104682875,24000,15344817.8,0,0,0,0,24200,898024.6499999999,1784698069700,2026-07-28 00:00:00,24050,16,1732,1517,1313860,908694,0.0013182530863257882,0.0016694288726457971,3249,10083837,96691,264935,138.2,176.9,1.6499999999999773,-4.099999999999994,7352,4474,24200,24000,258021,177333,-32,292,-0.00012400553374694346,0.0016493354646663768,-1.1999999999999886,-1.1499999999999773,-1.5314834922472391
2026-07-22 00:00:00,2026-07-22 10:58:00,104,NIFTY,OK,24023.2,-5,1316442,-2750,983780,1607,748839,-20565,244722,14785,4357,314.5,0.13174293611660093,0.016318085520627777,0.4293993511606663,-1.5672313152352932,24000,15160627.200000001,0,0,0,0,24200,860098.35,1784698129597,2026-07-28 00:00:00,24000,16,-2750,1607,1315592,910211,-0.0020903137142822396,0.0017655246970208008,-1143,10224030,38103,303038,163.85,150.65,0.29999999999998295,-0.8499999999999943,4934,4595,24200,24000,257818,177257,-235,216,-0.000910665638454116,0.0012200563711230732,-0.6000000000000227,-1.75,-1.598170433525643
2026-07-22 00:00:00,2026-07-22 10:59:00,105,NIFTY,OK,24023.2,0,1316442,0,983780,0,748839,0,244722,0,0,314.5,0.10215144451274703,0.015040153891331271,0.4293993511606663,-1.2689660048270983,24000,15160627.200000001,0,0,0,0,24200,860098.35,1784698189970,2026-07-28 00:00:00,24000,17,0,0,1316442,983780,0,0,0,10224030,0,234971,163.85,150.65,0,0,0,0,24200,24000,257818,177257,-12,921,-0.000046542295310863744,0.005222983395336177,0,-2.9499999999999886,-1.2744884157296823
2026-07-22 00:00:00,2026-07-22 11:00:00,106,NIFTY,OK,24023.35,0.1499999999978172,1313575,-2867,991525,7745,745972,-2867,252467,7745,10612,315.2,0.11034488742353911,0.007855132176948844,0.43001305667857004,-0.8083471996980198,24000,15275286,0,0,0,0,24200,851596,1784698250356,2026-07-28 00:00:00,24000,17,-2867,7745,1316442,983780,-0.0021778399656042576,0.00787269511476143,4878,10305291,81261,254356,161.85,153.35,-2,2.6999999999999886,9660,10261,24200,24000,257226,180172,-1230,3696,-0.0047590305506546565,0.0209433577370294,0.6999999999999886,-0.8000000000000114,-0.6370590861279801
2026-07-22 00:00:00,2026-07-22 11:01:00,107,NIFTY,OK,24021.65,-1.6999999999970896,1313575,0,991525,0,745972,0,252467,0,0,315.2,0.09372912238080777,0.03232510240448034,0.43028048262517876,-0.6209717242810386,24000,15275286,0,0,0,0,24200,851596,1784698310336,2026-07-28 00:00:00,24000,17,0,0,1313575,991525,0,0,0,10305291,0,216055,161.85,153.35,0,0,0,0,24200,24000,257226,180172,-328,3649,-0.0012735193396336303,0.020671527223081413,0,-1.1000000000000227,-0.5360733362847451
2026-07-22 00:00:00,2026-07-22 11:02:00,108,NIFTY,OK,24015.6,-6.05000000000291,1310368,-3207,998816,7291,742765,-3207,259758,7291,10498,315.20000000000005,0.0940994740999418,0.03598367181639538,0.4308606508992171,-0.025107283759695204,24000,15320313.049999999,0,0,0,0,24200,826686.2999999999,1784698372862,2026-07-28 00:00:00,24000,17,-3207,7291,1313575,991525,-0.002441428924880574,0.00735331938176042,4084,10403220,97929,217293,160.9,154.3,-0.9499999999999886,0.950000000000017,11089,13655,24200,24000,257046,182116,-975,4783,-0.003778762193774925,0.026971855210254154,5.684341886080802e-14,0.10000000000002274,-0.42341746158887783
2026-07-22 00:00:00,2026-07-22 11:03:00,109,NIFTY,OK,24015.6,0,1310368,0,998816,0,742765,0,259758,0,0,315.20000000000005,0.07759884010975306,0.050013951671410234,0.4308606508992171,0.17682643074544022,24000,15320313.049999999,0,0,0,0,24200,826686.2999999999,1784698430337,2026-07-28 00:00:00,24000,17,0,0,1310368,998816,0,0,0,10403220,0,179190,160.9,154.3,0,0,0,0,24200,24000,257046,182116,-772,4859,-0.002994360362736504,0.02741217554172755,0,0.7000000000000455,-0.3123000731947705
2026-07-22 00:00:00,2026-07-22 11:04:00,110,NIFTY,OK,24017.15,1.5500000000029104,1305166,-5202,1002602,3786,737563,-5202,263544,3786,8988,314.8,0.085112108322847,0.038417871998126456,0.4307824253296823,0.45477367014124,24000,15269384,0,0,0,0,24200,835861.95,1784698490120,2026-07-28 00:00:00,24000,17,-5202,3786,1310368,998816,-0.003969877164277516,0.0037904879377182584,-1416,10420449,17229,196419,159.65,155.15,-1.25,0.8499999999999943,1670,2854,24200,24000,256643,183256,-1175,5999,-0.004557478531367089,0.03384351534777188,-0.4000000000000341,0.30000000000001137,-0.7302967433401786
2026-07-22 00:00:00,2026-07-22 11:05:00,111,NIFTY,OK,24014.4,-2.75,1303349,-1817,1008953,6351,735746,-1817,269895,6351,8168,315.8,0.08382123096377549,0.037158188009493345,0.4322649555867959,1.9718934003096673,24000,15191625,0,0,0,0,24200,803938.4,1784698549770,2026-07-28 00:00:00,24000,17,-1817,6351,1305166,1002602,-0.0013921600777219143,0.006334517585243197,4534,10499111,78662,193820,160,155.8,0.3499999999999943,0.6500000000000057,9113,12965,24200,24000,256168,185050,-1058,4878,-0.004113114537410681,0.027074129165464113,1,0.6000000000000227,1.1896708125026734
2026-07-22 00:00:00,2026-07-22 11:06:00,112,NIFTY,OK,24014.9,0.5,1304350,1001,1007851,-1102,736747,1001,268793,-1102,-2103,316.25,0.09224933299483912,0.03329129531784022,0.4325162282870619,1.8058381173871774,24000,15243136.799999999,0,0,0,0,24200,808906.9500000001,1784698609661,2026-07-28 00:00:00,24000,17,1001,-1102,1303349,1008953,0.0007680214585655875,-0.0010922213423221895,-101,10518590,19479,213299,159.45,156.8,-0.5500000000000114,1,1307,3714,24200,24000,256661,184882,-565,4710,-0.0021965120166701655,0.0261416868325822,0.44999999999998863,1.0500000000000114,2.105719059559749
2026-07-22 00:00:00,2026-07-22 11:07:00,113,NIFTY,OK,24016.05,1.1499999999978172,1302889,-1461,1008341,490,735286,-1461,269283,490,1951,316.95000000000005,0.08789908403750384,0.010071127956486427,0.43248269692546737,1.4185545056783766,24000,15146238.25,0,0,0,0,24200,803692,1784698669779,2026-07-28 00:00:00,24000,17,-1461,490,1304350,1007851,-0.001120098133169778,0.0004861829774440865,-971,10606375,87785,203155,159.8,157.15,0.35000000000002274,0.3499999999999943,7709,14530,24200,24000,256484,185064,-562,2948,-0.0021863790916800884,0.016187484899734237,0.7000000000000455,1.75,2.1619150935872304
2026-07-22 00:00:00,2026-07-22 11:08:00,114,NIFTY,OK,24017.95,1.9000000000014552,1302889,0,1008341,0,735286,0,269283,0,0,316.95000000000005,0.08789908403750384,0.010071127956486427,0.4321845033507539,0.9565837631359854,24000,15146238.25,0,0,0,0,24200,803692,1784698729998,2026-07-28 00:00:00,24000,17,0,0,1302889,1008341,0,0,0,10606375,0,203155,159.8,157.15,0,0,0,0,24200,24000,256484,185064,-562,2948,-0.0021863790916800884,0.016187484899734237,0,1.75,1.6559255741100167
2026-07-22 00:00:00,2026-07-22 11:09:00,115,NIFTY,OK,24020.55,2.599999999998545,1306719,3830,1009851,1510,739116,3830,270793,1510,-2320,316.45,0.1065601298471447,0.035656703962666195,0.431540025592514,0.18123130978654653,24000,15291326.600000001,0,0,0,0,24200,792063.95,1784698790591,2026-07-28 00:00:00,24000,17,3830,1510,1302889,1008341,0.002939621103562928,0.0014975092751360899,5340,10667303,60928,246854,160.85,155.6,1.049999999999983,-1.5500000000000114,7905,8393,24200,24000,256185,185998,-458,2742,-0.0017845801366099992,0.014962675164796787,-0.5000000000000568,1.6499999999999773,0.8601918085290815
2026-07-22 00:00:00,2026-07-22 11:10:00,116,NIFTY,OK,24023.2,2.650000000001455,1309875,3156,1010893,1042,742272,3156,271835,1042,-2114,315.3,0.08826603951795267,0.04132880958773707,0.4296149365574129,-1.8004518454048644,24000,15236622.5,0,0,0,0,24200,772004.7000000001,1784698849930,2026-07-28 00:00:00,24000,17,3156,1042,1306719,1009851,0.002415209390848377,0.0010318353895772743,4198,10703956,36653,204845,161.75,153.55,0.9000000000000057,-2.049999999999983,5255,4980,24200,24000,256448,186338,280,1288,0.0010930326972924018,0.006960281005133748,-1.1499999999999773,-0.5,-0.6815770246852197
2026-07-22 00:00:00,2026-07-22 11:11:00,117,NIFTY,OK,24021.6,-1.6000000000021828,1313283,3408,1011339,446,745680,3408,272281,446,-2962,315.79999999999995,0.0797402760534831,0.06700797341475782,0.4303286746836342,-1.0658420347952158,24000,15320257.2,0,0,0,0,24200,747129,1784698909821,2026-07-28 00:00:00,24000,17,3408,446,1309875,1010893,0.0026017749785284855,0.00044119407296321176,3854,10698534,0,185366,162.45,153.35,0.6999999999999886,-0.20000000000001705,0,0,24200,24000,256722,186646,61,1764,0.00023766758486875683,0.009541220886835927,0.49999999999994316,-0.4500000000000455,-0.09715664861984596
2026-07-22 00:00:00,2026-07-22 11:12:00,118,NIFTY,OK,24016.95,-4.649999999997817,1316161,2878,1013546,2207,748558,2878,274488,2207,-671,316.25,0.06985985791346294,0.11352786123758088,0.4323369927726726,0.8631053737993855,24000,16000342.450000001,0,0,0,0,24200,785440.8,1784698970937,2026-07-28 00:00:00,24000,17,2878,2207,1313283,1011339,0.002191454545592991,0.002182255405951911,5085,10763706,65172,162753,158.6,157.65,-3.8499999999999943,4.300000000000011,8218,8713,24200,24000,256707,187410,223,2346,0.0008694499461954742,0.012676695629620023,0.4500000000000455,-0.7000000000000455,0.3979139533407361
2026-07-22 00:00:00,2026-07-22 11:13:00,119,NIFTY,OK,24016.95,0,1316161,0,1013546,0,748558,0,274488,0,0,316.25,0.06985985791346294,0.11352786123758088,0.4323369927726726,0.7087744686767717,24000,16000342.450000001,0,0,0,0,24200,785440.8,1784699029985,2026-07-28 00:00:00,24000,17,0,0,1316161,1013546,0,0,0,10763706,0,162753,158.6,157.65,0,0,0,0,24200,24000,256707,187410,223,2346,0.0008694499461954742,0.012676695629620023,0,-0.7000000000000455,0.2641777920640087
2026-07-22 00:00:00,2026-07-22 11:14:00,120,NIFTY,OK,24014.65,-2.2999999999992724,1319873,3712,1015506,1960,752270,3712,276448,1960,-1752,316,0.07062022909343622,0.11404577838411399,0.43242182286391695,0.6414566620972594,24000,16085674.25,0,0,0,0,24200,843163.4,1784699090220,2026-07-28 00:00:00,24000,17,3712,1960,1316161,1013546,0.0028203236534132224,0.0019338046817806,5672,10826806,63100,164925,158.5,157.5,-0.09999999999999432,-0.15000000000000568,7122,10039,24200,24000,257093,188758,908,2760,0.0035443136795675003,0.014838869235153066,-0.25,-0.44999999999998863,-0.4112580605762971
2026-07-22 00:00:00,2026-07-22 11:15:00,121,NIFTY,OK,24013.8,-0.8500000000021828,1319873,0,1015506,0,752270,0,276448,0,0,316.1,0.05598363263521681,0.11175359292658116,0.4322477258801905,0.46323021684557514,24000,16040888.15,0,0,0,0,24200,831376.4,1784699150253,2026-07-28 00:00:00,24000,17,0,0,1319873,1015506,0,0,0,10829277,2471,130743,158.8,157.3,0.30000000000001137,-0.19999999999998863,207,466,24200,24000,257093,188758,645,2420,0.0025151297728974297,0.012987152379010186,0.10000000000002274,0.8000000000000114,-0.27678375585774984
2026-07-22 00:00:00,2026-07-22 11:16:00,122,NIFTY,OK,24015.75,1.9500000000007276,1322313,2440,1019369,3863,754710,2440,280311,3863,1423,316,0.07097163491883185,0.10265173623437811,0.4318030030407555,0.07839013590073603,24000,15967554.4,0,0,0,0,24200,816716.7999999999,1784699209761,2026-07-28 00:00:00,24000,17,2440,3863,1319873,1015506,0.0018486627122457995,0.003804014944274086,6303,10864727,35450,166193,159.85,156.15,1.049999999999983,-1.1500000000000057,3139,4803,24200,24000,257335,189887,613,3241,0.0023877969165089085,0.01736442248963278,-0.10000000000002274,0.20000000000004547,-0.4319620198479791
2026-07-22 00:00:00,2026-07-22 11:17:00,123,NIFTY,OK,24018.05,2.2999999999992724,1322011,-302,1019326,-43,754408,-302,280268,-43,259,315.54999999999995,0.0542190210123532,0.0916144787112529,0.43086917879867564,-0.7518544488078234,24000,16027582.799999999,0,0,0,0,24200,815936,1784699271240,2026-07-28 00:00:00,24000,17,-302,-43,1322313,1019369,-0.00022838768128272203,-0.00004218295828105426,-345,10890651,25924,126945,159.45,156.1,-0.4000000000000057,-0.05000000000001137,2419,4234,24200,24000,257335,189887,628,2477,0.0024463688173676605,0.013217010831865963,-0.4500000000000455,-0.7000000000000455,-1.1721965760263562
2026-07-22 00:00:00,2026-07-22 11:18:00,124,NIFTY,OK,24023.4,5.350000000002183,1323284,1273,1020765,1439,755681,1273,281707,1439,166,315.35,0.07158553426144248,0.08547079856972586,0.42872458672636804,-2.0287239241532253,24000,15648880,0,0,0,0,24200,784093.9,1784699330037,2026-07-28 00:00:00,24000,17,1273,1439,1322011,1019326,0.0009629269347985758,0.0014117171542764532,2712,10931506,40855,167800,162.25,153.1,2.8000000000000114,-3,4722,5472,24200,24000,257253,190306,546,2896,0.0021269384940808002,0.015452750653647084,-0.1999999999999318,-0.8999999999999773,-1.4821093899889264
2026-07-22 00:00:00,2026-07-22 11:19:00,125,NIFTY,OK,24025.7,2.2999999999992724,1356252,-6214,949685,715,767377,11696,267142,-14565,6929,314.15,0.0748866946495069,0.01836302147274791,0.42934744101461947,-1.2309106826887726,24000,15294306.600000001,0,0,0,0,24200,778864.4,1784699390046,2026-07-28 00:00:00,24050,16,-6214,715,1319672,946729,-0.004708745809564801,0.0007552319618391324,-5499,10888692,67984,172684,138.65,175.5,1.6500000000000057,-2.5999999999999943,4423,3694,24200,24000,257398,190517,305,1759,0.001186341129474548,0.009318810328568855,-1.2000000000000455,-1.8500000000000227,-2.522039603313939
2026-07-22 00:00:00,2026-07-22 11:20:00,126,NIFTY,OK,24027.1,1.3999999999978172,1358568,2316,951864,2179,769693,2316,269321,2179,-137,314.4,0.09101414800349025,0.0364558069639817,0.43057203706177727,-0.4131353639077416,24000,15715339.8,0,0,0,0,24200,782400,1784699449698,2026-07-28 00:00:00,24050,17,2316,2179,1356252,949685,0.0017076472513957582,0.0022944450001842714,4495,10928761,40069,210282,137.05,177.35,-1.5999999999999943,1.8499999999999943,2977,2156,24200,24000,257375,190820,282,2062,0.0010968793393830248,0.010924040305576452,0.25,-1.7000000000000455,-1.665836461376544
2026-07-22 00:00:00,2026-07-22 11:21:00,127,NIFTY,OK,24028.35,1.25,1358886,318,954038,2174,770011,318,271495,2174,1856,314.45,0.08289118016847938,0.02010734348349946,0.4299935470670631,-0.82500481265259,24000,15638757.75,0,0,0,0,24200,773012.1,1784699510169,2026-07-28 00:00:00,24050,17,318,2174,1358568,951864,0.00023406999134382674,0.002283939722481363,2492,10945650,16889,191721,137,177.45,-0.05000000000001137,0.09999999999999432,1289,1058,24200,24000,257418,191473,83,1586,0.000322536771134902,0.00835233586290794,0.05000000000001137,-1.5500000000000114,-1.278274981412269
2026-07-22 00:00:00,2026-07-22 11:22:00,128,NIFTY,OK,24032.8,4.450000000000728,1360105,1219,955884,1846,771230,1219,273341,1846,627,312.1,0.0911062185528515,0.034431116440206445,0.4276536997919287,-1.8725481781849806,24000,15205492.8,0,0,0,0,24200,718292.4,1784699579572,2026-07-28 00:00:00,24050,17,1219,1846,1358886,954038,0.0008970583257168004,0.0019349334093610527,3065,10990854,45204,211001,139.8,172.3,2.8000000000000114,-5.149999999999977,2155,2326,24200,24000,257418,192278,83,2391,0.000322536771134902,0.012591699273778616,-2.349999999999966,-3.449999999999932,-2.3979966661529772
2026-07-22 00:00:00,2026-07-22 11:23:00,129,NIFTY,OK,24037.7,4.900000000001455,1357992,-2113,955994,110,769117,-2113,273451,110,2223,311.75,0.11122798495755809,0.009907529722589167,0.428089674171179,-1.287585198607156,24000,15106900.799999999,0,0,0,0,24200,713342.7000000001,1784699630074,2026-07-28 00:00:00,24050,17,-2113,110,1360105,955884,-0.001553556526885792,0.0001150767247908742,-2003,11078088,87234,257380,140,171.75,0.19999999999998863,-0.5500000000000114,8234,4168,24200,24000,257233,192235,-20,1929,-0.00007774447722669901,0.01013630679011697,-0.35000000000002274,-3.6000000000000227,-1.8997240335844947
2026-07-22 00:00:00,2026-07-22 11:24:00,130,NIFTY,OK,24037.8,0.09999999999854481,1354869,-3123,952092,-3902,765994,-3123,269549,-3902,-779,310.5,0.1053962333996977,0.004211478747249584,0.426448288728872,-1.7644444683454215,24000,14696508.75,0,0,0,0,24200,623143.5,1784699690567,2026-07-28 00:00:00,24050,17,-3123,-3902,1357992,955994,-0.002299718996871852,-0.004081615574993149,-7025,11131837,53749,243145,141.4,169.1,1.4000000000000057,-2.6500000000000057,4350,3485,24200,24000,256855,190405,-543,-112,-0.0021095735009596032,-0.0005878740479852192,-1.25,-3.6499999999999773,-1.919092412399439
2026-07-22 00:00:00,2026-07-22 11:25:00,131,NIFTY,OK,24037.95,0.1500000000014552,1354575,-294,954686,2594,765700,-294,272143,2594,2888,310.35,0.11844222026007455,0.004281316495682122,0.42627624765716843,-1.5203992034704255,24000,14799896.35,0,0,0,0,24200,613040.3999999999,1784699750810,2026-07-28 00:00:00,24050,17,-294,2594,1354869,952092,-0.00021699514860846325,0.0027245266213769257,2300,11202275,70438,273514,140.85,169.5,-0.5500000000000114,0.4000000000000057,6687,2757,24200,24000,256988,190852,-387,32,-0.0015036425449247207,0.00016769730636201656,-0.14999999999997726,-4.0499999999999545,-1.5561870453557825
2026-07-22 00:00:00,2026-07-22 11:26:00,132,NIFTY,OK,24036.55,-1.4000000000014552,1352213,-2362,956248,1562,763338,-2362,273705,1562,3924,308.8,0.14226534474699812,0.013589554647487623,0.4237473288042609,-2.098577769879272,24000,14444223.75,0,0,0,0,24200,586360.55,1784699809858,2026-07-28 00:00:00,24050,17,-2362,1562,1354575,954686,-0.0017437203550929258,0.0016361400502364128,-800,11274064,71789,328414,142.3,166.5,1.450000000000017,-3,5364,3368,24200,24000,256562,191575,-856,102,-0.0033253307849489934,0.0005327121839632742,-1.5500000000000114,-5.649999999999977,-1.761686877555515
2026-07-22 00:00:00,2026-07-22 11:27:00,133,NIFTY,OK,24036.05,-0.5,1351672,-541,959243,2995,762797,-541,276700,2995,3536,310,0.14188102980853903,0.015475409836065573,0.42587414809283974,-0.8996073833525285,24000,14652876,0,0,0,0,24200,596134.35,1784699870028,2026-07-28 00:00:00,24050,17,-541,2995,1352213,956248,-0.0004000848978674218,0.0031320326944474655,2454,11318729,44665,327875,140.85,169.15,-1.450000000000017,2.6500000000000057,3452,2436,24200,24000,256535,192785,-883,507,-0.0034302185550350015,0.002636807123019794,1.1999999999999886,-2.1000000000000227,-1.0127224381862645
2026-07-22 00:00:00,2026-07-22 11:28:00,134,NIFTY,OK,24039.5,3.4500000000007276,1348011,-3661,963563,4320,759136,-3661,281020,4320,7981,308.7,0.12221802114057348,0.008537569553582806,0.42452521935941456,-1.2580254212029192,24000,14182810.85,0,0,0,0,24200,539778.4,1784699930526,2026-07-28 00:00:00,24050,17,-3661,4320,1351672,959243,-0.0027084973277540707,0.004503551237798973,659,11360604,41875,282516,143.25,165.45,2.4000000000000057,-3.700000000000017,3355,2575,24200,24000,256128,194235,-1105,2000,-0.004295716334995899,0.010403932686555518,-1.3000000000000114,-3.0500000000000114,-1.3404883042046032
2026-07-22 00:00:00,2026-07-22 11:29:00,135,NIFTY,OK,24039.95,0.4500000000007276,1346024,-1987,964579,1016,757149,-1987,282036,1016,3003,308.15,0.12234858173385908,0.012882960321755649,0.42424363247795105,-1.12802003799019,24000,14000824.299999999,0,0,0,0,24200,517747.2,1784699989794,2026-07-28 00:00:00,24050,17,-1987,1016,1348011,963563,-0.0014740235799262766,0.001054419897816749,-971,11414536,53932,282699,144.1,164.05,0.8499999999999943,-1.3999999999999773,4416,3592,24200,24000,255989,194216,-866,3811,-0.0033715520429814486,0.02001523069247131,-0.5500000000000114,-2.3500000000000227,-1.3043999039617278
2026-07-22 00:00:00,2026-07-22 11:30:00,136,NIFTY,OK,24042.4,2.4500000000007276,1340972,-5052,966383,1804,752097,-5052,283840,1804,6856,309.3,0.10714822816601693,0.007709451561103269,0.42528058115546097,-0.5077471875712561,24000,14135182.15,0,0,0,0,24200,522164.49999999994,1784700050538,2026-07-28 00:00:00,24050,17,-5052,1804,1346024,964579,-0.0037532763160240826,0.0018702459829625152,-3248,11449504,34968,247229,142.3,167,-1.799999999999983,2.9499999999999886,2932,1887,24200,24000,256150,194500,-838,3648,-0.0032608526468161938,0.019114287510741308,1.150000000000034,-1.0500000000000114,-0.6109515837450646
2026-07-22 00:00:00,2026-07-22 11:31:00,137,NIFTY,OK,24041.25,-1.1500000000014552,1340937,-35,966396,13,752062,-35,283853,13,48,308.9,0.08919735469479265,0.005480836507813108,0.42473996732156377,-0.690235695173106,24000,13983811,0,0,0,0,24200,510174.49999999994,1784700111002,2026-07-28 00:00:00,24050,17,-35,13,1340972,966383,-0.00002610047040504947,0.000013452223393830396,-22,11479872,30368,205808,143.7,165.2,1.3999999999999773,-1.8000000000000114,3493,1717,24200,24000,256150,194500,-412,2925,-0.0016058496581722937,0.015268171734307712,-0.4000000000000341,0.0999999999999659,-0.7576681073091392
2026-07-22 00:00:00,2026-07-22 11:32:00,138,NIFTY,OK,24040.8,-0.4500000000007276,1340112,-825,969829,3433,751237,-825,287286,3433,4258,310.15,0.0922491093928373,0.0045708386127927166,0.42651031239075843,0.75143642986619,24000,14206350.450000001,0,0,0,0,24200,503123.75,1784700170203,2026-07-28 00:00:00,24050,17,-825,3433,1340937,966396,-0.0006152414319240949,0.0035523739750578437,2608,11531819,51947,213090,141.6,168.55,-2.0999999999999943,3.3500000000000227,4025,3502,24200,24000,256226,194968,-309,2183,-0.0012045140039370847,0.011323495085198537,1.25,0.14999999999997726,0.47696612429161567
2026-07-22 00:00:00,2026-07-22 11:33:00,139,NIFTY,OK,24046.3,5.5,1333555,-6557,972344,2515,744680,-6557,289801,2515,9072,308.65,0.0954504078452699,0.02578385181213908,0.4250592298917507,-0.2283934431828861,24000,13534791.9,0,0,0,0,24200,455609.7,1784700230651,2026-07-28 00:00:00,24050,17,-6557,2515,1340112,969829,-0.004892874625404444,0.0025932406640758318,-4042,11580703,48884,220099,145.1,163.55,3.5,-5,4585,3076,24200,24000,255399,195675,-729,1440,-0.002846233133433283,0.0074136998996061475,-1.5,-0.05000000000001137,-0.8857921325919624
2026-07-22 00:00:00,2026-07-22 11:34:00,140,NIFTY,OK,24046.4,0.10000000000218279,1328617,-4938,970029,-2315,739742,-4938,287486,-2315,2623,307.5,0.11234961799250515,0.04629973824016852,0.42408284922049194,-1.0620268887606945,24000,13293648.6,0,0,0,0,24200,445818.00000000006,1784700289870,2026-07-28 00:00:00,24050,17,-4938,-2315,1333555,972344,-0.0037028843954692533,-0.002380844639345746,-7253,11672788,92085,258252,145.9,161.6,0.8000000000000114,-1.950000000000017,7910,5363,24200,24000,254776,193140,-1213,-1076,-0.004738484856771189,-0.0055402232565803025,-1.1499999999999773,-0.6499999999999773,-1.7963846985612506
2026-07-22 00:00:00,2026-07-22 11:35:00,141,NIFTY,OK,24044.8,-1.6000000000021828,1327677,-940,972803,2774,738802,-940,290260,2774,3714,307.4,0.11677997635276116,0.025590917550716547,0.42396983399108434,-0.9907420738934036,24000,13309894,0,0,0,0,24200,415210.39999999997,1784700349854,2026-07-28 00:00:00,24050,17,-940,2774,1328617,970029,-0.0007075026136200274,0.00285970831799874,1834,11718154,45366,268650,145.4,162,-0.5,0.4000000000000057,3725,2424,24200,24000,254355,193548,-1795,-952,-0.007007612726917822,-0.004894601542416452,-0.10000000000002274,-1.900000000000034,-1.5535507707735148
2026-07-22 00:00:00,2026-07-22 11:36:00,142,NIFTY,OK,24040.7,-4.099999999998545,1324095,-3582,975326,2523,735220,-3582,292783,2523,6105,308.65,0.14023486782107322,0.02453645269631178,0.42449633663129543,-0.4929855690716926,24000,13697794.6,0,0,0,0,24200,429171.6,1784700412296,2026-07-28 00:00:00,24050,17,-3582,2523,1327677,972803,-0.002697945358697936,0.0025935364097355784,-1059,11802331,84177,322459,142.2,166.45,-3.200000000000017,4.449999999999989,7123,5378,24200,24000,254390,194142,-1760,-358,-0.006870974038649229,-0.001840616966580977,1.25,-0.25,-0.1031421246259807
2026-07-22 00:00:00,2026-07-22 11:37:00,143,NIFTY,OK,24040.7,0,1324095,0,975326,0,735220,0,292783,0,0,308.65,0.11764352852304993,0.03888921748388242,0.42449633663129543,-0.346435612715054,24000,13697794.6,0,0,0,0,24200,429171.6,1784700470184,2026-07-28 00:00:00,24050,17,0,0,1324095,975326,0,0,0,11802331,0,270512,142.2,166.45,0,0,0,0,24200,24000,254390,194142,-1836,-826,-0.007165549163628984,-0.004236592671617906,0,-1.5,0.05882352941171121
2026-07-22 00:00:00,2026-07-22 11:38:00,144,NIFTY,OK,24037,-3.7000000000007276,1315110,-8985,980671,5345,726235,-8985,298128,5345,14330,309.1,0.13639541402250477,0.032312045322449814,0.42411756736294304,-0.800371310250694,24000,13511498,0,0,0,0,24200,442935,1784700530979,2026-07-28 00:00:00,24050,17,-8985,5345,1324095,975326,-0.006785766882285636,0.005480218921673369,-3640,11893837,91506,313134,141.45,167.65,-0.75,1.200000000000017,6513,7212,24200,24000,253887,195578,-1512,-97,-0.005920148473564892,-0.0004957199437843363,0.4500000000000455,0.4500000000000455,0.5838974449980432
2026-07-22 00:00:00,2026-07-22 11:39:00,145,NIFTY,OK,24037,0,1315110,0,980671,0,726235,0,298128,0,0,309.1,0.09628488083140334,0.012960927215232822,0.42411756736294304,-0.7736401482975631,24000,13511498,0,0,0,0,24200,442935,1784700589852,2026-07-28 00:00:00,24050,17,0,0,1315110,980671,0,0,0,11893837,0,221049,141.45,167.65,0,0,0,0,24200,24000,253887,195578,-889,2438,-0.003489339655226552,0.01262296779538159,0,1.6000000000000227,0.46694217336897265
2026-07-22 00:00:00,2026-07-22 11:40:00,146,NIFTY,OK,24041.35,4.349999999998545,1313858,-1252,982147,1476,724983,-1252,299604,1476,2728,309.1,0.09248978116336855,0.02107300442179914,0.42476049288253365,0.17661482544216642,24000,13573581,0,0,0,0,24200,441762.19999999995,1784700649992,2026-07-28 00:00:00,24050,17,-1252,1476,1315110,980671,-0.0009520116187999482,0.0015050919217556142,224,11930511,36674,212357,140.7,168.4,-0.75,0.75,2341,2732,24200,24000,253717,196088,-638,2540,-0.0025083053213029033,0.013123359580052493,0,1.7000000000000455,0.5008679055308833
2026-07-22 00:00:00,2026-07-22 11:41:00,147,NIFTY,OK,24040.55,-0.7999999999992724,1311677,-2181,987368,5221,722802,-2181,304825,5221,7402,309,0.07203512762908076,0.0022703668816269353,0.424770510613884,0.18628497493546142,24000,13235873.1,0,0,0,0,24200,378131.55000000005,1784700711584,2026-07-28 00:00:00,24050,17,-2181,5221,1313858,982147,-0.0016599967424181304,0.00531590484927409,3040,11967943,37432,165612,143.2,165.8,2.5,-2.5999999999999943,3050,2229,24200,24000,253401,196614,-989,2472,-0.0038877314359841188,0.012732948048335755,-0.10000000000002274,0.35000000000002274,0.35449680996860583
2026-07-22 00:00:00,2026-07-22 11:42:00,148,NIFTY,OK,24040.55,0,1311677,0,987368,0,722802,0,304825,0,0,309,0.07203512762908076,0.0022703668816269353,0.424770510613884,0.8625653268789456,24000,13235873.1,0,0,0,0,24200,378131.55000000005,1784700769951,2026-07-28 00:00:00,24050,17,0,0,1311677,987368,0,0,0,11967943,0,165612,143.2,165.8,0,0,0,0,24200,24000,253401,196614,-989,2472,-0.0038877314359841188,0.012732948048335755,0,0.35000000000002274,0.6307874117920629
2026-07-22 00:00:00,2026-07-22 11:43:00,149,NIFTY,OK,24045.55,5,1307564,-4113,990405,3037,718689,-4113,307862,3037,7150,308.05,0.06447737110465807,0.014767120883867528,0.4249166360866026,1.400836594985239,24000,12821310.9,0,0,0,0,24200,380626.4,1784700829646,2026-07-28 00:00:00,24050,17,-4113,3037,1311677,987368,-0.0031356805067101123,0.0030758541901297187,-1076,12042004,74061,148167,145.5,162.55,2.3000000000000114,-3.25,5051,4985,24200,24000,252643,197516,-1244,1938,-0.004899817635404727,0.009909089979445541,-0.9499999999999886,-1.0500000000000114,-0.7977524733096168
2026-07-22 00:00:00,2026-07-22 11:44:00,150,NIFTY,OK,24046,0.4500000000007276,1309658,2094,989601,-804,720783,2094,307058,-804,-2898,308.6,0.08909653066487942,0.0169777795134143,0.4251718583026301,1.6514289944004832,24000,13298062.25,0,0,0,0,24200,400525.45,1784700890453,2026-07-28 00:00:00,24050,17,2094,-804,1307564,990405,0.001601451248275419,-0.0008117891165735229,1290,12098693,56689,204856,143.35,165.25,-2.1500000000000057,2.6999999999999886,4393,3174,24200,24000,252914,197110,-973,1532,-0.0038324136328366557,0.007833191872296474,0.5500000000000114,-0.5,-0.12338498169093204
2026-07-22 00:00:00,2026-07-22 11:45:00,151,NIFTY,OK,24045.95,-0.049999999999272404,1309658,0,989568,-33,720783,0,307025,-33,-33,308.5,0.07694197960531066,0.018207306663953378,0.42502173687611183,1.0619328783524495,24000,13181832.4,0,0,0,0,24200,397901.4,1784700949715,2026-07-28 00:00:00,24050,17,0,-33,1309658,989601,0,-0.00003334677309339825,-33,12107418,8725,176907,143.6,164.9,0.25,-0.3499999999999943,979,600,24200,24000,252914,197110,-803,1022,-0.003164943618283363,0.005211945657051936,-0.10000000000002274,-0.6000000000000227,-0.8363145133965948
2026-07-22 00:00:00,2026-07-22 11:46:00,152,NIFTY,OK,24044.55,-1.4000000000014552,1310989,1331,991079,1511,722114,1331,308536,1511,180,308.9,0.0824111190460056,0.015934343966771385,0.42525226761888063,1.3722653616225937,24000,13305064.25,0,0,0,0,24200,382516.75,1784701011552,2026-07-28 00:00:00,24050,17,1331,1511,1309658,989568,0.0010162958573917771,0.0015269289225197259,2842,12157659,50241,189716,143.5,165.4,-0.09999999999999432,0.5,3489,3449,24200,24000,252639,197187,-762,573,-0.003007091526868481,0.0029143397723458146,0.39999999999997726,-0.10000000000002274,0.30499714066510286
2026-07-22 00:00:00,2026-07-22 11:47:00,153,NIFTY,OK,24045.55,1,1310467,-522,992672,1593,721592,-522,310129,1593,2115,307.8,0.09004927622692334,0.019740014272213544,0.42395621079547724,-1.6638927062449458,24000,13065683,0,0,0,0,24200,359432.7,1784701070925,2026-07-28 00:00:00,24050,17,-522,1593,1310989,991079,-0.00039817267726884053,0.0016073390718600636,1071,12175339,17680,207396,144.5,163.3,1,-2.0999999999999943,1273,1198,24200,24000,252740,197871,-661,1257,-0.0026085137785565172,0.006393237511062285,-1.099999999999966,-1.1999999999999886,-2.056179775280943
2026-07-22 00:00:00,2026-07-22 11:48:00,154,NIFTY,OK,24045.2,-0.3499999999985448,1311124,657,994372,1700,722249,657,311829,1700,1043,308.20000000000005,0.06360670328640779,0.05132803709638924,0.4245945600817266,-0.3484099060599544,24000,13103858.700000001,0,0,0,0,24200,316358.95,1784701129760,2026-07-28 00:00:00,24050,17,657,1700,1310467,992672,0.0005013479927384665,0.0017125495631991232,2357,12188649,13310,146645,144.3,163.9,-0.19999999999998863,0.5999999999999943,1133,831,24200,24000,252529,198290,-114,774,-0.00045122960066180343,0.003918669879908463,0.4000000000000341,0.1500000000000341,-0.9464915473604997
2026-07-22 00:00:00,2026-07-22 11:49:00,155,NIFTY,OK,24041.2,-4,1311567,443,994726,354,722692,443,312183,354,-89,308.05,0.054126687285613755,0.05634773135093566,0.42407098570870033,-1.6220606073073407,24000,13499451.75,0,0,0,0,24200,323579.4,1784701189933,2026-07-28 00:00:00,24050,17,443,354,1311124,994372,0.00033787803441932265,0.00035600358819435783,797,12223525,34876,124832,141.9,166.15,-2.4000000000000057,2.25,2714,2105,24200,24000,252492,198781,-422,1671,-0.0016685513652862237,0.008477499873167267,-0.1500000000000341,-0.5500000000000114,-1.048073698920736
2026-07-22 00:00:00,2026-07-22 11:50:00,156,NIFTY,OK,24036.5,-4.700000000000728,1308779,-2788,993397,-1329,719904,-2788,310854,-1329,1459,310,0.0636979970254229,0.020116745315185074,0.4245011068817786,-0.4905886945848109,24000,13712670.6,0,0,0,0,24200,344305.19999999995,1784701251205,2026-07-28 00:00:00,24050,17,-2788,-1329,1311567,994726,-0.002125701546318259,-0.0013360463082296029,-4117,12254062,30537,146644,140.5,169.5,-1.4000000000000057,3.3499999999999943,2066,2593,24200,24000,251719,198631,-1195,1521,-0.004724926259519046,0.007716503475216884,1.9499999999999886,1.5,2.25963990844919
2026-07-22 00:00:00,2026-07-22 11:51:00,157,NIFTY,OK,24036.5,0,1308779,0,993397,0,719904,0,310854,0,0,310,0.04187473068957369,0.0011202970861902638,0.4245011068817786,-0.42143283954697386,24000,13712670.6,0,0,0,0,24200,344305.19999999995,1784701310154,2026-07-28 00:00:00,24050,17,0,0,1308779,993397,0,0,0,12254062,0,96403,140.5,169.5,0,0,0,0,24200,24000,251719,198631,-920,1444,-0.003641559695850601,0.007322997966397379,0,1.1000000000000227,1.7451564429153028
2026-07-22 00:00:00,2026-07-22 11:52:00,158,NIFTY,OK,24039.65,3.150000000001455,1307580,-1199,996672,3275,718705,-1199,314129,3275,4474,309.9,0.08240765332958375,0.005861349848331648,0.42606311104045796,2.13734308550174,24000,13743488.100000001,0,0,0,0,24200,343710,1784701371112,2026-07-28 00:00:00,24050,17,-1199,3275,1308779,993397,-0.0009161210563433551,0.0032967685628203023,2076,12365227,111165,189888,139.35,170.55,-1.1500000000000057,1.0500000000000114,8294,8358,24200,24000,251429,198779,-1311,908,-0.005187148848619134,0.004588848290047556,-0.10000000000002274,2.099999999999966,1.3423620838875294
2026-07-22 00:00:00,2026-07-22 11:53:00,159,NIFTY,OK,24038.3,-1.3500000000021828,1307671,91,997224,552,718796,91,314681,552,461,308.95000000000005,0.09405027127049172,0.002772447134369118,0.424746553687614,-0.0704450689901832,24000,13980429.450000001,0,0,0,0,24200,359317.19999999995,1784701430133,2026-07-28 00:00:00,24050,17,91,552,1307580,996672,0.00006959421220881322,0.0005538431901367752,643,12405425,40198,216776,138.15,170.8,-1.1999999999999886,0.25,2240,2992,24200,24000,251529,199079,-1000,789,-0.0039599412344720804,0.003979020626355338,-0.9499999999999318,0.75,0.07685993722851882
2026-07-22 00:00:00,2026-07-22 11:54:00,160,NIFTY,OK,24032.65,-5.649999999997817,1306689,-982,997300,76,717814,-982,314757,76,1058,311.2,0.10567324757192852,0.009463178214975151,0.42577188665767146,1.4192702212958428,24000,14107998.45,0,0,0,0,24200,368153.69999999995,1784701490820,2026-07-28 00:00:00,24050,17,-982,76,1307671,997224,-0.0007509534125938406,0.00007621156329972003,-906,12466995,61570,243470,137.5,173.7,-0.6500000000000057,2.8999999999999773,3867,4599,24200,24000,251300,199604,-1192,823,-0.004720941653596946,0.004140234730683516,2.249999999999943,3.1499999999999773,1.984593896357243
2026-07-22 00:00:00,2026-07-22 11:55:00,161,NIFTY,OK,24029.15,-3.5,1301559,-5130,995638,-1662,712684,-5130,313095,-1662,3468,311.95,0.1416212889012131,0.015304366001500007,0.42728006073835084,2.250264448911188,24000,14283879.75,0,0,0,0,24200,418004.1,1784701551934,2026-07-28 00:00:00,24050,17,-5130,-1662,1306689,997300,-0.0039259533064103245,-0.0016664995487817107,-6792,12579394,112399,325332,135.45,176.5,-2.0500000000000114,2.8000000000000114,7950,10794,24200,24000,250778,199664,-941,1033,-0.003738295480277611,0.005200598093953109,0.75,1.9499999999999886,1.8886152042340494
2026-07-22 00:00:00,2026-07-22 11:56:00,162,NIFTY,OK,24031.95,2.7999999999992724,1300092,-1467,994882,-756,711217,-1467,312339,-756,711,312.54999999999995,0.1504452773756914,0.020859158682530674,0.4280667088207398,2.0354019097890057,24000,14399020.8,0,0,0,0,24200,401454.1,1784701609623,2026-07-28 00:00:00,24050,17,-1467,-756,1301559,995638,-0.0011271098736207886,-0.0007593121194651068,-2223,12599330,19936,345268,134.85,177.7,-0.5999999999999943,1.1999999999999886,1140,1968,24200,24000,250713,199641,-1006,1010,-0.003996519928968413,0.005084805493603717,0.5999999999999659,2.5499999999999545,1.7170368224952268
2026-07-22 00:00:00,2026-07-22 11:57:00,163,NIFTY,OK,24029.5,-2.4500000000007276,1301832,1740,991762,-3120,712957,1740,309219,-3120,-4860,312.05,0.13245892690685449,0.035081482651815134,0.4268821629836004,0.9394108094420109,24000,14141086.200000001,0,0,0,0,24200,392003.55000000005,1784701669634,2026-07-28 00:00:00,24050,17,1740,-3120,1300092,994882,0.0013383668232709684,-0.0031360503054633617,-1380,12669034,69704,303807,137,175.05,2.1500000000000057,-2.6499999999999773,3296,6248,24200,24000,250859,199115,-570,336,-0.0022670415902700165,0.001690319399936613,-0.49999999999994316,2.150000000000034,1.1565319489426098
2026-07-22 00:00:00,2026-07-22 11:58:00,164,NIFTY,OK,24028,-1.5,1303628,1796,992546,784,714753,1796,310003,784,-1012,312.65,0.13103493027967392,0.028985073733959497,0.42827828420346475,1.5349822511193878,24000,14388913.7,0,0,0,0,24200,414572.95,1784701729659,2026-07-28 00:00:00,24050,17,1796,784,1301832,991762,0.0013795942948091613,0.0007905122398317338,2580,12706304,37270,300879,135.65,177,-1.3499999999999943,1.9499999999999886,1837,3698,24200,24000,250849,199917,-680,838,-0.0027034656043637114,0.004209384214306883,0.5999999999999659,3.699999999999932,1.2784100783500911
2026-07-22 00:00:00,2026-07-22 11:59:00,165,NIFTY,OK,24024.1,-3.900000000001455,1265131,1423,1060004,-3205,697528,-17225,320946,10943,-4628,312.1,0.13629832246299678,0.030282854546372494,0.42636223339005197,0.0883051200949901,24000,14962661.5,0,0,0,0,24200,477953.3,1784701790082,2026-07-28 00:00:00,24000,16,1423,-3205,1260197,990359,0.0011291885316343398,-0.003236200206187857,-1782,12921627,77603,316912,157,155.1,-3.9000000000000057,3.5,6313,11943,24200,24000,250694,199522,-606,-82,-0.0024114604058893753,-0.00041081341055289474,-0.5499999999999545,0.9000000000000341,0.7723646421869744
2026-07-22 00:00:00,2026-07-22 12:00:00,166,NIFTY,OK,24022.95,-1.1499999999978172,1265131,0,1060004,0,697528,0,320946,0,0,312.5,0.09269526285570515,0.01301448992942945,0.426439856885033,0.0005551719195291264,24000,14764072.4,0,0,0,0,24200,471731.14999999997,1784701850071,2026-07-28 00:00:00,24000,17,0,0,1265131,1060004,0,0,0,12932643,11016,215529,158.45,154.05,1.4499999999999886,-1.049999999999983,707,1730,24200,24000,250694,199522,-84,-142,-0.0003349576119117307,-0.000711194807276224,0.39999999999997726,0.5500000000000114,0.8938539881893195
2026-07-22 00:00:00,2026-07-22 12:01:00,167,NIFTY,OK,24014.1,-8.850000000002183,1264502,-629,1059783,-221,696899,-629,320725,-221,408,312.3,0.11055701000522741,0.005572721683024214,0.42845169095495284,1.425098547994213,24000,15028515.75,0,0,0,0,24200,477649.2,1784701910162,2026-07-28 00:00:00,24000,17,-629,-221,1265131,1060004,-0.0004971817147789438,-0.00020848977928385177,-850,12994016,61373,256966,156.3,156,-2.1499999999999773,1.9499999999999886,6041,9273,24200,24000,250495,199284,-218,-357,-0.0008695201285932521,-0.001788209836656799,-0.19999999999998863,-0.24999999999994316,0.5799620498649318
2026-07-22 00:00:00,2026-07-22 12:02:00,168,NIFTY,OK,24007.85,-6.25,1267458,2956,1053929,-5854,699855,2956,314871,-5854,-8810,314.6,0.14797920381220364,0.008587639039698182,0.43202695150460896,2.432826372500761,24000,15561828.799999999,0,0,0,0,24200,552869.1,1784701972855,2026-07-28 00:00:00,24000,17,2956,-5854,1264502,1059783,0.0023376791812112596,-0.005523772319427657,-2898,13150271,156255,343517,151.45,163.15,-4.850000000000023,7.150000000000006,13890,23604,24200,24000,251196,198574,337,-541,0.0013433841321220288,-0.0027170228260050724,2.3000000000000114,2.5500000000000114,1.8898426394253278
2026-07-22 00:00:00,2026-07-22 12:03:00,169,NIFTY,OK,24003.9,-3.9499999999970896,1268384,926,1043653,-10276,700781,926,304595,-10276,-11202,315.4,0.20393531764413805,0.03155845312678948,0.4338431086080541,2.2219340482656262,24000,16468468.649999999,0,0,0,0,24200,746447.9,1784702030011,2026-07-28 00:00:00,24000,17,926,-10276,1267458,1053929,0.000730596201215346,-0.009750182412667266,-9350,13315530,165259,471506,146.4,169,-5.049999999999983,5.849999999999994,13708,23754,24200,24000,251497,197665,648,-2252,0.0025832273598858277,-0.011264674840058624,0.7999999999999545,2.75,2.201355401558248
2026-07-22 00:00:00,2026-07-22 12:04:00,170,NIFTY,OK,24008.25,4.349999999998545,1283179,14795,1028239,-15414,715576,14795,289181,-15414,-30209,314.85,0.24120042328994581,0.02460382231868201,0.4315075507519242,1.0460479353486998,24000,16677552,0,0,0,0,24200,912053.8,1784702089865,2026-07-28 00:00:00,24000,17,14795,-15414,1268384,1043653,0.011664448621237732,-0.014769276761528975,-619,13479142,163612,557515,150.25,164.6,3.8499999999999943,-4.400000000000006,17398,25169,24200,24000,252115,194665,1421,-4857,0.005668264896646908,-0.024343180200679625,-0.5499999999999545,2.75,1.4081857160533884
2026-07-22 00:00:00,2026-07-22 12:05:00,171,NIFTY,OK,24009.85,1.5999999999985448,1283179,0,1028239,0,715576,0,289181,0,0,314.4,0.24398140016215156,0.02432338019977196,0.43051523947750386,0.5202628742888821,24000,16476271.2,0,0,0,0,24200,889818.1,1784702150193,2026-07-28 00:00:00,24000,17,0,0,1283179,1028239,0,0,0,13496586,17444,563943,151.65,162.75,1.4000000000000057,-1.8499999999999943,1623,2431,24200,24000,252115,194665,1421,-4857,0.005668264896646908,-0.024343180200679625,-0.4500000000000455,1.8999999999999773,0.8562878732952012
2026-07-22 00:00:00,2026-07-22 12:06:00,172,NIFTY,OK,24011.55,1.7000000000007276,1287044,3865,1027130,-1109,719441,3865,288072,-1109,-4974,312.9,0.24258893237932844,0.018010555885092976,0.4284572595130522,-0.33568431782730945,24000,16632842.5,0,0,0,0,24200,969243.45,1784702210078,2026-07-28 00:00:00,24000,17,3865,-1109,1283179,1028239,0.003012050540103914,-0.0010785430235577527,2756,13555409,58823,561393,151.75,161.15,0.09999999999999432,-1.5999999999999943,5969,7438,24200,24000,252406,194645,1911,-4639,0.0076288947883191285,-0.023278336444471207,-1.5,0.5999999999999659,-0.3893802353236465
2026-07-22 00:00:00,2026-07-22 12:07:00,173,NIFTY,OK,24014.3,2.75,1294386,7342,1028347,1217,726783,7342,289289,1217,-6125,311,0.20309609412704774,0.002853278726750866,0.42554476532574675,-1.3841755049453763,24000,16529768.8,0,0,0,0,24200,919194.25,1784702270417,2026-07-28 00:00:00,24000,17,7342,1217,1287044,1027130,0.005704544677571241,0.0011848548869179169,8559,13622009,66600,471738,153.85,157.15,2.0999999999999943,-4,7043,9183,24200,24000,253352,194826,2156,-3748,0.008582939218777369,-0.01887457572491867,-1.8999999999999773,-3.6000000000000227,-1.6619447834154675
2026-07-22 00:00:00,2026-07-22 12:08:00,174,NIFTY,OK,24007.2,-7.099999999998545,1299832,5446,1027480,-867,732229,5446,288422,-867,-6313,314,0.16233233876678332,0.040431659246475626,0.43027718550106603,0.3591819695123666,24000,17090310,0,0,0,0,24200,976146.15,1784702331515,2026-07-28 00:00:00,24000,17,5446,-867,1294386,1028347,0.004207400265454045,-0.0008431006265394852,4579,13693328,71319,377798,152.25,161.75,-1.5999999999999943,4.599999999999994,7593,11804,24200,24000,253644,194687,2147,-2978,0.008536881155640028,-0.015065894316140945,3,-1.3999999999999773,0.4360144569161537
2026-07-22 00:00:00,2026-07-22 12:09:00,175,NIFTY,OK,24005.2,-2,1299832,0,1027475,-5,732229,0,288417,-5,-5,314.15,0.094672082368162,0.07211422813857332,0.43092562192195977,0.46288851298150474,24000,17082814.25,0,0,0,0,24200,979615.35,1784702392719,2026-07-28 00:00:00,24000,17,0,-5,1299832,1027480,0,-0.000004866274769338576,-5,13699473,6145,220331,152.3,161.85,0.05000000000001137,0.09999999999999432,478,770,24200,24000,253644,194687,1529,22,0.00606469269976003,0.00011301466622145738,0.14999999999997726,-0.7000000000000455,0.4135048716506648
2026-07-22 00:00:00,2026-07-22 12:10:00,176,NIFTY,OK,23999.3,-5.900000000001455,1301275,1443,1032098,4623,733672,1443,293040,4623,3180,314.4,0.11290908054563073,0.08333364963808411,0.43238407516296073,0.8805365906283936,24000,17535925.5,0,0,0,0,24200,1022817.6,1784702451257,2026-07-28 00:00:00,24000,17,1443,4623,1299832,1027475,0.0011101434646938989,0.004499379546947614,6066,13760045,60572,263459,149.55,164.85,-2.75,3,5869,10262,24200,24000,253919,196208,1804,1543,0.007155464768062194,0.007926437726350396,0.25,0,0.4730866770909586
2026-07-22 00:00:00,2026-07-22 12:11:00,177,NIFTY,OK,24003,3.7000000000007276,1301160,-115,1034987,2889,733557,-115,295929,2889,3004,314.2,0.12755832573891968,0.0737361365123576,0.43155553101359195,0.3898903403413175,24000,17569474,0,0,0,0,24200,1044040.8,1784702511188,2026-07-28 00:00:00,24000,17,-115,2889,1301275,1032098,-0.0000883748631150218,0.0027991527936300623,2774,13853404,93359,297995,149.5,164.7,-0.05000000000001137,-0.15000000000000568,8258,14678,24200,24000,254294,197080,1888,2435,0.0074800123610373765,0.012509954018854838,-0.19999999999998863,1.3000000000000114,0.17984884367657042
2026-07-22 00:00:00,2026-07-22 12:12:00,178,NIFTY,OK,24000.25,-2.75,1303924,2764,1036712,1725,736321,2764,297654,1725,-1039,313.4,0.12334895301960663,0.0620092478742012,0.4316531430555994,0.45582187877829927,24000,17689827.2,0,0,0,0,24200,1064684.25,1784702569754,2026-07-28 00:00:00,24000,17,2764,1725,1301160,1034987,0.002124258354084048,0.0016666876009070646,4489,13910724,57320,288715,149.45,163.95,-0.05000000000001137,-0.75,5970,8558,24200,24000,254689,197202,1337,2376,0.005277242729483091,0.012195497520864771,-0.8000000000000114,2.3999999999999773,-0.4050219431028292
2026-07-22 00:00:00,2026-07-22 12:13:00,179,NIFTY,OK,23997.2,-3.0499999999992724,1309246,5322,1035809,-903,741643,5322,296751,-903,-6225,314.54999999999995,0.10746357761331823,0.07040649503190374,0.43256290113005486,1.0096673867840298,24000,17994240,0,0,0,0,24200,1087044.75,1784702629689,2026-07-28 00:00:00,24000,17,5322,-903,1303924,1036712,0.004081526223921026,-0.000871023003495667,4419,13945336,34612,252008,149.1,165.45,-0.3499999999999943,1.5,2808,5608,24200,24000,255249,196725,1605,2038,0.006327766475848039,0.010468084669238317,1.1499999999999773,0.5499999999999545,0.7128936554145705
2026-07-22 00:00:00,2026-07-22 12:14:00,180,NIFTY,OK,23997.3,0.09999999999854481,1312794,3548,1039007,3198,745191,3548,299949,3198,-350,314.54999999999995,0.11717700604770556,0.08888259905579929,0.43199268450344486,0.6912681558609048,24000,18101431.349999998,0,0,0,0,24200,1061554.2,1784702690581,2026-07-28 00:00:00,24000,17,3548,3198,1309246,1035809,0.0027099567231826565,0.0030874417967019017,6746,13975050,29714,275577,149.2,165.35,0.09999999999999432,-0.09999999999999432,2533,4563,24200,24000,255788,197490,2144,2803,0.008452792102316633,0.014397468757544161,0,0.39999999999997726,0.7594800028574935
2026-07-22 00:00:00,2026-07-22 12:15:00,181,NIFTY,OK,23995.75,-1.5499999999992724,1316241,3447,1043198,4191,748638,3447,304140,4191,744,316.1,0.12160517818006739,0.09084762303080998,0.4343479523215393,1.4531616814898016,24000,18702452.4,0,0,0,0,24200,1071173,1784702749884,2026-07-28 00:00:00,24000,17,3447,4191,1312794,1039007,0.002625697558032715,0.004033659061007289,7638,14046965,71915,286920,146.15,169.95,-3.049999999999983,4.599999999999994,6066,14451,24200,24000,256422,198871,2503,2663,0.009857474233909239,0.013572331403408628,1.5500000000000682,1.7000000000000455,1.733012714553545
2026-07-22 00:00:00,2026-07-22 12:16:00,182,NIFTY,OK,23996.25,0.5,1318402,2161,1038801,-4397,750799,2161,299743,-4397,-6558,314.4,0.11187835752796853,0.07984225693917792,0.4323417527112917,0.44834351261068334,24000,18429972.25,0,0,0,0,24200,1035599.95,1784702810968,2026-07-28 00:00:00,24000,17,2161,-4397,1316241,1043198,0.001641796601078374,-0.004214923724930454,-2236,14117124,70159,263720,148.4,166,2.25,-3.9499999999999886,4982,10110,24200,24000,257085,197580,2791,500,0.010975485068464061,0.0025370407956159936,-1.7000000000000455,0.19999999999998863,0.26804408593378115
2026-07-22 00:00:00,2026-07-22 12:17:00,183,NIFTY,OK,23996.35,0.09999999999854481,1323046,4644,1038274,-527,755443,4644,299216,-527,-5171,314.5,0.10424762421018752,0.08402596663985505,0.4322770202676622,0.23818086744071526,24000,18736816.95,0,0,0,0,24200,1043729.5,1784702870280,2026-07-28 00:00:00,24000,17,4644,-527,1318402,1038801,0.003522446112794125,-0.0005073156456337643,4117,14156886,39762,246162,147.9,166.6,-0.5,0.5999999999999943,4795,4963,24200,24000,257272,197356,2583,154,0.010141780760064235,0.000780925142747031,0.10000000000002274,1.1000000000000227,0.11571029495862671
2026-07-22 00:00:00,2026-07-22 12:18:00,184,NIFTY,OK,23989.2,-7.149999999997817,1323046,0,1038231,-43,755443,0,299173,-43,-43,316.6,0.11519105975283712,0.059640144412826564,0.43430102304595114,1.7757288713041892,24000,19172188.7,0,0,0,0,24200,1102923.5,1784702929603,2026-07-28 00:00:00,24000,17,0,-43,1323046,1038274,0,-0.000041414886629155694,-43,14217334,60448,271998,145.15,171.45,-2.75,4.849999999999994,6511,9611,24200,24000,257272,197356,2023,631,0.007925594223679623,0.0032075231922734783,2.1000000000000227,2.050000000000068,2.1310360180875887
2026-07-22 00:00:00,2026-07-22 12:19:00,185,NIFTY,OK,23981.9,-7.299999999999272,1326801,3755,1037568,-663,759198,3755,298510,-663,-4418,317,0.11068027029621857,0.048026474173541875,0.4329530138231516,0.34017025604444856,24000,19404971.25,0,0,0,0,24200,1105398,1784702991058,2026-07-28 00:00:00,24000,17,3755,-663,1323046,1038231,0.0028381477288015686,-0.0006385862105831939,3092,14236739,19405,261689,145,172,-0.15000000000000568,0.5500000000000114,1788,2841,24200,24000,257395,197286,1607,-204,0.0062825464838069025,-0.0010329636943642716,0.39999999999997726,2.4500000000000455,1.8277166053915113
2026-07-22 00:00:00,2026-07-22 12:20:00,186,NIFTY,OK,23980.75,-1.1500000000014552,1329467,2666,1033195,-4373,761864,2666,294137,-4373,-7039,316.65,0.13361750432351305,0.010209285603418512,0.4333234170476608,0.6262211118962158,24000,19957611.5,0,0,0,0,24200,1157502.6,1784703049910,2026-07-28 00:00:00,24000,17,2666,-4373,1326801,1037568,0.002009344279963612,-0.004214663520848754,-1707,14362658,125919,315693,141.55,175.1,-3.4499999999999886,3.0999999999999943,13115,17872,24200,24000,257584,196314,1162,-2557,0.004531592453065649,-0.01285758104499902,-0.35000000000002274,0.5499999999999545,1.2155744798339583
2026-07-22 00:00:00,2026-07-22 12:21:00,187,NIFTY,OK,23979.55,-1.2000000000007276,1334706,5239,1001521,-31674,767103,5239,262463,-31674,-36913,320.2,0.2837592408614403,0.03164154068478232,0.43692649849139936,2.4504095851222516,24000,20288823.400000002,0,0,0,0,24200,1400517.05,1784703109640,2026-07-28 00:00:00,24000,17,5239,-31674,1329467,1033195,0.0039406769780671504,-0.030656362061372733,-26435,14780050,417392,662926,139.6,180.6,-1.950000000000017,5.5,37086,63952,24200,24000,259209,187409,2124,-10171,0.008261858918256608,-0.05147788237675878,3.5500000000000114,5.800000000000011,2.361760547716357
2026-07-22 00:00:00,2026-07-22 12:22:00,188,NIFTY,OK,23980.85,1.2999999999992724,1339681,4975,994863,-6658,772078,4975,255805,-6658,-11633,319.15,0.29370146803829783,0.03905148185905822,0.43553091272069355,1.2284435836378906,24000,20125872,0,0,0,0,24200,1375505.25,1784703170454,2026-07-28 00:00:00,24000,17,4975,-6658,1334706,1001521,0.0037274126286987548,-0.006647888561497961,-1683,14842545,62495,685659,142.2,176.95,2.5999999999999943,-3.6500000000000057,7340,7533,24200,24000,258646,183828,1374,-13528,0.005340651139649865,-0.0685461805062932,-1.0500000000000114,4.649999999999977,1.4452336507973718
2026-07-22 00:00:00,2026-07-22 12:23:00,189,NIFTY,OK,23981.85,1,1346039,6358,992810,-2053,778436,6358,253752,-2053,-8411,321.2,0.30024982373808656,0.03193784452301852,0.43869406371442515,2.1160758400752457,24000,20555844.05,0,0,0,0,24200,1456293,1784703230004,2026-07-28 00:00:00,24000,17,6358,-2053,1339681,994863,0.0047459059283516,-0.0020636007168826262,4305,14919573,77028,702239,141.2,180,-1,3.0500000000000114,7418,11310,24200,24000,259227,183549,1955,-13807,0.007598961410491619,-0.06995986947445226,2.0500000000000114,4.599999999999966,1.8161083025594433
2026-07-22 00:00:00,2026-07-22 12:24:00,190,NIFTY,OK,23987.95,6.100000000002183,1346134,95,992817,7,778531,95,253759,7,-88,315.95,0.3260346197932321,0.033331628591922936,0.43334614509714714,-0.5342499244960824,24000,20054482,0,0,0,0,24200,1339472.4000000001,1784703290363,2026-07-28 00:00:00,24000,17,95,7,1346039,992810,0.00007057744983614888,0.0000070506944934076,102,14999318,79745,762579,144.25,171.7,3.0500000000000114,-8.300000000000011,6173,10961,24200,24000,259227,183549,1832,-13737,0.007117465374230269,-0.06962987743681762,-5.25,-1.0500000000000114,-0.5626537160055868
2026-07-22 00:00:00,2026-07-22 12:25:00,191,NIFTY,OK,23991.4,3.4500000000007276,1348666,2532,991816,-1001,781063,2532,252758,-1001,-3533,316.05,0.2919984003295048,0.03245456288034977,0.43301123418964593,-0.6220722012819856,24000,19976759.25,0,0,0,0,24200,1328722.4,1784703352749,2026-07-28 00:00:00,24000,17,2532,-1001,1346134,992817,0.001880942016173724,-0.001008242203749533,1531,15046075,46757,683417,145.5,170.55,1.25,-1.1499999999999773,5534,6242,24200,24000,259156,182560,1572,-13754,0.006102863531896391,-0.070061228440152,0.10000000000002274,-0.5999999999999659,-0.5138317510061482
2026-07-22 00:00:00,2026-07-22 12:26:00,192,NIFTY,OK,23990.55,-0.8500000000021828,1352692,4026,993153,1337,785089,4026,254095,1337,-2689,317.5,0.13844137187239566,0.02961553383708685,0.43459667755351383,0.052441192239133926,24000,20246273.25,0,0,0,0,24200,1319964.25,1784703409938,2026-07-28 00:00:00,24000,17,4026,1337,1348666,991816,0.002985172014420175,0.0013480322963130259,5363,15104812,58737,324762,145.5,172,0,1.4499999999999886,7404,6026,24200,24000,259114,183367,-95,-4042,-0.00036649961999776244,-0.02156780090603973,1.4499999999999886,-2.6999999999999886,0.01012921189771907
2026-07-22 00:00:00,2026-07-22 12:27:00,193,NIFTY,OK,23987.9,-2.649999999997817,1358685,5993,996087,2934,791082,5993,257029,2934,-3059,317.5,0.15607710640350744,0.05503828300582816,0.434496039076933,-0.12512448238116827,24000,20832550.2,0,0,0,0,24200,1331725.05,1784703472811,2026-07-28 00:00:00,24000,17,5993,2934,1352692,993153,0.0044304246642990425,0.0029542275963522235,8927,15210071,105259,367526,144.45,173.05,-1.0500000000000114,1.0500000000000114,12054,10468,24200,24000,261108,184493,2462,665,0.009518801759934428,0.0036175120221076224,0,-1.6499999999999773,-0.16384077398298735
2026-07-22 00:00:00,2026-07-22 12:28:00,194,NIFTY,OK,23987.9,0,1358685,0,996087,0,791082,0,257029,0,0,317.5,0.12336565918059159,0.054812769795317004,0.434496039076933,-0.13640156048403096,24000,20832550.2,0,0,0,0,24200,1331725.05,1784703530617,2026-07-28 00:00:00,24000,17,0,0,1358685,996087,0,0,0,15210071,0,290498,144.45,173.05,0,0,0,0,24200,24000,261108,184493,1881,944,0.007256188591466167,0.005143040822886531,0,-3.6999999999999886,-0.22186736296357412
2026-07-22 00:00:00,2026-07-22 12:29:00,195,NIFTY,OK,23985.2,-2.7000000000007276,1359084,399,999412,3325,791481,399,260354,3325,2926,319.25,0.1110199042101407,0.07464482126489459,0.43629289440238306,0.7120077248115807,24000,20961613.75,0,0,0,0,24200,1353362,1784703589688,2026-07-28 00:00:00,24000,17,399,3325,1358685,996087,0.00029366630234381035,0.0033380618359641276,3724,15261158,51087,261840,143.9,175.35,-0.549999999999983,2.299999999999983,4167,8186,24200,24000,261125,185343,1898,1794,0.007321768180012113,0.009773956818070379,1.75,3.3000000000000114,0.6847368115196016
2026-07-22 00:00:00,2026-07-22 12:30:00,196,NIFTY,OK,23976.25,-8.950000000000728,1361820,2736,1001863,2451,794217,2736,262805,2451,-285,319.9,0.12035581759482976,0.08155496110488149,0.4366279295736329,0.7365858242971277,24000,21468352.25,0,0,0,0,24200,1432235,1784703650067,2026-07-28 00:00:00,24000,17,2736,2451,1359084,999412,0.0020131206018171063,0.002452442035917119,5187,15330558,69400,284483,141.5,178.4,-2.4000000000000057,3.0500000000000114,6190,11752,24200,24000,261205,187397,2049,4837,0.007906434734291316,0.026495398773006135,0.6499999999999773,3.849999999999966,0.8756629998355125
2026-07-22 00:00:00,2026-07-22 12:31:00,197,NIFTY,OK,23976.25,0,1361820,0,1001863,0,794217,0,262805,0,0,319.9,0.09550603866931395,0.07901801139333588,0.4366279295736329,0.766087186850312,24000,21468352.25,0,0,0,0,24200,1432235,1784703709888,2026-07-28 00:00:00,24000,17,0,0,1361820,1001863,0,0,0,15330558,0,225746,141.5,178.4,0,0,0,0,24200,24000,261205,187397,2091,4030,0.008069807111927568,0.021977782261802834,0,2.3999999999999773,0.9092591704362631
2026-07-22 00:00:00,2026-07-22 12:32:00,198,NIFTY,OK,23970.5,-5.75,1271334,319,1009665,2786,766438,-27779,266837,4032,2467,320.29999999999995,0.11900969706694303,0.04426418527891668,0.43660328032118506,0.6687381319657603,24000,21843143.75,0,0,0,0,24200,1451786.7,1784703774203,2026-07-28 00:00:00,23950,16,319,2786,1270489,984423,0.0002510844249733764,0.0028300842219249247,3105,15273318,150974,271461,163.7,156.6,-1.6000000000000227,3.0999999999999943,3496,12137,24200,23800,263382,88503,2274,0,0.008709039937497127,0,0.39999999999997726,2.7999999999999545,1.0275234810017682
2026-07-22 00:00:00,2026-07-22 12:33:00,199,NIFTY,OK,23970.45,-0.049999999999272404,1274891,3557,1009179,-486,769995,3557,266351,-486,-4043,320.7,0.15769744359848867,0.041885994136460554,0.43681263125145836,1.0940525183729977,24000,22209735,0,0,0,0,24200,1492682.0999999999,1784703833123,2026-07-28 00:00:00,23950,17,3557,-486,1271334,1009665,0.0027978485590725963,-0.0004813477737665463,3071,15362049,88731,360192,162.7,158,-1,1.4000000000000057,2279,6146,24200,23800,263355,88894,2247,0,0.008605634450112597,0,0.4000000000000341,3.1999999999999886,1.3405135324478643
2026-07-22 00:00:00,2026-07-22 12:34:00,200,NIFTY,OK,23976.6,6.149999999997817,1369487,3852,999609,-4427,801884,31889,260551,-5800,-8279,321.65,0.16059247915660657,0.028355223558911735,0.4389675541345057,1.9345750800934693,24000,22081845,0,0,0,0,24200,1481168.8,1784703891501,2026-07-28 00:00:00,24000,16,3852,-4427,1274359,986571,0.0030226961162435387,-0.00448725940657084,-575,15647205,71354,380459,140.05,181.6,1.3000000000000114,-2.0500000000000114,5591,9654,24200,24000,263023,186096,1898,753,0.007268549545236955,0.004062737734902316,0.9499999999999886,2.3999999999999773,1.5486456151244947
2026-07-22 00:00:00,2026-07-22 12:35:00,201,NIFTY,OK,23976.6,0,1369487,0,999609,0,801884,0,260551,0,0,321.65,0.1312986050375333,0.018006230329294444,0.4389675541345057,1.6261578230798401,24000,22081845,0,0,0,0,24200,1481168.8,1784703949909,2026-07-28 00:00:00,24000,17,0,0,1369487,999609,0,0,0,15647205,0,311059,140.05,181.6,0,0,0,0,24200,24000,263023,186096,1818,-1301,0.006960050535020386,-0.006942480402567811,0,1.75,1.3431977505012087
2026-07-22 00:00:00,2026-07-22 12:36:00,202,NIFTY,OK,23968.7,-7.899999999997817,1289776,11033,1007828,2548,784880,-17004,265000,4449,-8485,322.8,0.20420533738625107,0.04088383423951848,0.4402932555855444,1.8279651708861293,24000,22627792.8,0,0,0,0,24200,1553165.4000000001,1784704017465,2026-07-28 00:00:00,23950,16,11033,2548,1278211,982144,0.0086315952530529,0.002594324253877232,13581,15596962,158124,469183,163.8,159,0,2.1500000000000057,4785,14804,24200,23800,263144,90469,1939,0,0.007423288221894681,0,1.150000000000034,2.900000000000034,1.6396583495556718
2026-07-22 00:00:00,2026-07-22 12:37:00,203,NIFTY,OK,23968.7,0,1289776,0,1007828,0,784880,0,265000,0,0,322.8,0.13849601584955457,0.050523398143987125,0.4402932555855444,1.481453711090779,24000,22627792.8,0,0,0,0,24200,1553165.4000000001,1784704070423,2026-07-28 00:00:00,23950,17,0,0,1289776,1007828,0,0,0,15596962,0,318209,163.8,159,0,0,0,0,24200,23800,263144,90469,-238,1966,-0.0009036304682932015,0.02221393625074856,0,2.500000000000057,1.3802409838398186
2026-07-22 00:00:00,2026-07-22 12:38:00,204,NIFTY,OK,23969.75,1.0499999999992724,1290032,256,1008987,1159,785136,256,266159,1159,903,322.1,0.121628833863487,0.05157227306375994,0.4408486711515141,1.5098691968179188,24000,22526881.6,0,0,0,0,24200,1560508.0999999999,1784704130597,2026-07-28 00:00:00,23950,17,256,1159,1289776,1007828,0.00019848407785537955,0.0011499978170878365,1415,15647111,50149,279627,163.3,158.8,-0.5,-0.19999999999998863,1303,5431,24200,23800,262922,91101,-433,2207,-0.0016441685177801826,0.024827322428960335,-0.6999999999999886,1.400000000000034,0.8266660524815851
2026-07-22 00:00:00,2026-07-22 12:39:00,205,NIFTY,OK,23965.6,-4.150000000001455,1292132,2100,1003424,-5563,787236,2100,260596,-5563,-7663,325.3,0.14854876117158544,0.03382091600635773,0.44427537234287834,2.2086227046885836,24000,22902912,0,0,0,0,24200,1642136.55,1784704193585,2026-07-28 00:00:00,23950,17,2100,-5563,1290032,1008987,0.0016278665955573196,-0.0055134506192844905,-3463,15779840,132729,341002,162.3,163,-1,4.199999999999989,3004,11379,24200,23800,263333,90698,310,0,0.0011786041524885656,0,3.1999999999999886,3.650000000000034,2.2712422738533236
2026-07-22 00:00:00,2026-07-22 12:40:00,206,NIFTY,OK,23965.6,0,1292132,0,1003424,0,787236,0,260596,0,0,324.85,0.15617872097217406,0.03216862798695738,0.44379663102838257,1.5505972634865541,24000,22938697.799999997,0,0,0,0,24200,1643793.6,1784704249783,2026-07-28 00:00:00,23950,17,0,0,1292132,1003424,0,0,0,15797355,17515,358517,161.85,163,-0.45000000000001705,0,392,1701,24200,23800,263333,90698,310,0,0.0011786041524885656,0,-0.44999999999998863,3.2000000000000455,1.5500671007170959
2026-07-22 00:00:00,2026-07-22 12:41:00,207,NIFTY,OK,23963.8,-1.7999999999992724,1292397,265,1003238,-186,787501,265,260410,-186,-451,323.5,0.11461011876888094,0.007483761112568082,0.44269753024543335,0.9299139279432156,24000,22932342.1,0,0,0,0,24200,1662070.2999999998,1784704309851,2026-07-28 00:00:00,23950,17,265,-186,1292132,1003424,0.00020508740593066344,-0.00018536530918136302,79,15860065,62710,263103,161.7,161.8,-0.15000000000000568,-1.1999999999999886,1776,6271,24200,23800,263178,89993,34,-476,0.00012920682212020794,-0.005261470780046204,-1.3500000000000227,0.6999999999999886,0.6012240161971929
2026-07-22 00:00:00,2026-07-22 12:42:00,208,NIFTY,OK,23976.15,12.350000000002183,1386038,2871,994517,-3459,818435,30934,255459,-4951,-6330,321.95,0.1513537809460399,0.007096745544065322,0.43823682150414306,-0.9860024024820954,24000,22490427,0,0,0,0,24200,1562639.75,1784704371673,2026-07-28 00:00:00,24000,16,2871,-3459,1291865,980550,0.0022223684363304216,-0.003527612054459232,-588,16171702,97203,360306,141.75,180.2,3.4000000000000057,-8,6681,13881,24200,24000,263048,180493,-96,0,-0.0003648192624570577,0,-1.5500000000000114,-0.8500000000000227,-0.5634890969873739
2026-07-22 00:00:00,2026-07-22 12:43:00,209,NIFTY,OK,23976.15,0,1386038,0,994517,0,818435,0,255459,0,0,321.95,0.13028768501462895,0.012806417395061212,0.43823682150414306,-1.144997339919686,24000,22490427,0,0,0,0,24200,1562639.75,1784704429772,2026-07-28 00:00:00,24000,17,0,0,1386038,994517,0,0,0,16171702,0,310157,141.75,180.2,0,0,0,0,24200,24000,263048,180493,126,0,0.0004792295813967641,0,0,-0.1500000000000341,-0.7270952892064451
2026-07-22 00:00:00,2026-07-22 12:44:00,210,NIFTY,OK,23978.25,2.099999999998545,1386045,7,994517,0,818442,7,255459,0,-7,322.8,0.08032304976723983,0.0026253307812189484,0.4398734911343268,-0.42607276329638416,24000,22689137.599999998,0,0,0,0,24200,1576768.5,1784704490297,2026-07-28 00:00:00,24000,17,7,0,1386038,994517,0.000005050366584465938,0,7,16185488,13786,191214,140.65,182.15,-1.0999999999999943,1.950000000000017,1470,1364,24200,24000,263048,180493,-285,0,-0.0010822798509871532,0,0.8500000000000227,-2.5,-0.14413509745128894
2026-07-22 00:00:00,2026-07-22 12:45:00,211,NIFTY,OK,23981.4,3.150000000001455,1391200,5155,989434,-5083,823597,5155,250376,-5083,-10238,320.8,0.1299985634078989,0.0013894319162204866,0.4374766820047261,-1.4004695607743316,24000,22116287.900000002,0,0,0,0,24200,1535025.8,1784704549745,2026-07-28 00:00:00,24000,17,5155,-5083,1386045,994517,0.0037192154655873366,-0.005111023743183877,72,16321268,135780,309479,144.8,176,4.150000000000006,-6.150000000000006,19296,13371,24200,24000,262949,178454,-384,0,-0.0014582296939616378,0,-2,-4.050000000000011,-1.608361136557448
2026-07-22 00:00:00,2026-07-22 12:46:00,212,NIFTY,OK,23980.95,-0.4500000000007276,1391144,-56,992446,3012,823541,-56,253388,3012,3068,321.65,0.1528060614451311,0.006718337739925926,0.4392243149225633,-0.5602511743230912,24000,22268998.9,0,0,0,0,24200,1581839.3,1784704609785,2026-07-28 00:00:00,24000,17,-56,3012,1391200,989434,-0.00004025301897642323,0.0030441646436245367,2956,16438726,117458,364227,144.2,177.45,-0.6000000000000227,1.4499999999999886,14954,12445,24200,24000,262894,179246,-284,0,-0.001079117555418766,0,0.8499999999999659,-1.8500000000000227,-0.8304045798634415
2026-07-22 00:00:00,2026-07-22 12:47:00,213,NIFTY,OK,23980.25,-0.7000000000007276,1391144,0,992444,-2,823541,0,253386,-2,-2,321.65,0.12143919167238633,0.01047809549472986,0.43843713396991874,-0.7960535146068872,24000,22186892.8,0,0,0,0,24200,1567657.7,1784704671531,2026-07-28 00:00:00,24000,17,0,-2,1391144,992446,0,-0.0000020152229945004563,-2,16461163,22437,289461,144.65,177,0.45000000000001705,-0.44999999999998863,3102,3064,24200,24000,262894,179246,-154,-1247,-0.0005854444816155226,-0.006908855191060041,0,-0.30000000000001137,-0.7231853576025591
2026-07-22 00:00:00,2026-07-22 12:48:00,214,NIFTY,OK,23997.75,17.5,1392450,1306,995683,3239,824847,1306,256625,3239,1933,317.6,0.1884028234608374,0.01684258252932116,0.4368932797673945,-1.1833762488772763,24000,20550478.150000002,0,0,0,0,24200,1379797.1,1784704730203,2026-07-28 00:00:00,24000,17,1306,3239,1391144,992444,0.0009387956962039876,0.0032636602165966038,4545,16621633,160470,449931,154.1,163.5,9.449999999999989,-13.5,16853,14185,24200,24000,262862,180637,-186,144,-0.0007070952829901767,0.0007978148737070135,-4.0499999999999545,-4.349999999999966,-2.232906076405899
2026-07-22 00:00:00,2026-07-22 12:49:00,215,NIFTY,OK,24001.7,3.9500000000007276,1377899,-14551,1005401,9718,810296,-14551,266343,9718,24269,312.35,0.24791423656274914,0.004633970490171853,0.4302369728224758,-2.3871811362587176,24000,20134927.25,0,0,0,0,24200,1268087.5,1784704791659,2026-07-28 00:00:00,24000,17,-14551,9718,1392450,995683,-0.010449926388739272,0.00976013450063926,-4833,16776342,154709,590854,152.9,159.45,-1.1999999999999886,-4.050000000000011,21538,17321,24200,24000,261737,183780,-1311,3287,-0.0049838812688178585,0.018211232568576066,-5.25,-10.449999999999989,-2.543028009403798
2026-07-22 00:00:00,2026-07-22 12:50:00,216,NIFTY,OK,24003.8,2.099999999998545,1376315,-1584,994900,-10501,808712,-1584,255842,-10501,-8917,312.25,0.2360549338630196,0.016827545793828173,0.42974690054037823,-1.904792365270291,24000,20143424,0,0,0,0,24200,1300391.4,1784704850113,2026-07-28 00:00:00,24000,17,-1584,-10501,1377899,1005401,-0.0011495762751841754,-0.010444588776020712,-12085,16881005,104663,559737,154.25,158,1.3499999999999943,-1.4499999999999886,16640,8784,24200,24000,262178,183233,-771,4779,-0.0029321275228276207,0.02678001053492777,-0.10000000000002274,-8.550000000000011,-1.8681865796112642
2026-07-22 00:00:00,2026-07-22 12:51:00,217,NIFTY,OK,24003.8,0,1376315,0,994900,0,808712,0,255842,0,0,312.25,0.18651999080640094,0.027980075924925216,0.42974690054037823,-1.538368212566406,24000,20143424,0,0,0,0,24200,1300391.4,1784704910073,2026-07-28 00:00:00,24000,17,0,0,1376315,994900,0,0,0,16881005,0,442279,154.25,158,0,0,0,0,24200,24000,262178,183233,-716,3987,-0.002723531157044284,0.022243174185197997,0,-9.399999999999977,-1.4621469480815201
2026-07-22 00:00:00,2026-07-22 12:52:00,218,NIFTY,OK,24010.65,6.850000000002183,1377397,1082,998030,3130,809794,1082,258972,3130,2048,314.9,0.217709068727433,0.01578066023142132,0.43156825856626696,-0.8855511522224435,24000,20109873.599999998,0,0,0,0,24200,1314646.3,1784704970921,2026-07-28 00:00:00,24000,17,1082,3130,1376315,994900,0.0007861572387135213,0.0031460448286259927,4212,16978315,97310,517152,154.65,160.25,0.4000000000000057,2.25,14807,12288,24200,24000,261792,185044,-1102,5798,-0.004191803540590504,0.03234660745567544,2.6499999999999773,-6.75,-0.6870664312275212
2026-07-22 00:00:00,2026-07-22 12:53:00,219,NIFTY,OK,24015.9,5.25,1372925,-4472,999647,1617,805322,-4472,260589,1617,6089,312.54999999999995,0.19075585482758795,0.034382719595565,0.4279996836193939,-1.389455493332745,24000,19422151,0,0,0,0,24200,1235222.8,1784705029656,2026-07-28 00:00:00,24000,17,-4472,1617,1377397,998030,-0.003246703746269231,0.0016201917778022705,-2855,17074215,95900,452582,157.1,155.45,2.4499999999999886,-4.800000000000011,16439,10157,24200,24000,261951,186389,-911,5752,-0.0034656968295151067,0.03184286718667825,-2.3500000000000227,-5.050000000000068,-1.0135735578084468
2026-07-22 00:00:00,2026-07-22 12:54:00,220,NIFTY,OK,24004.25,-11.650000000001455,1372926,1,999647,0,805323,1,260589,0,-1,312.4,0.1625349357006086,0.027817107767629776,0.4303787465724739,-0.6854393331769414,24000,19689061,0,0,0,0,24200,1270991.8,1784705089468,2026-07-28 00:00:00,24000,17,1,0,1372925,999647,7.283719066955587e-7,0,1,17161968,87753,385626,155.6,156.8,-1.5,1.3500000000000227,14849,8068,24200,24000,261951,186389,214,2609,0.0008176146284247164,0.014196321688975949,-0.14999999999997726,0.049999999999954525,-0.8689833852686337
2026-07-22 00:00:00,2026-07-22 12:55:00,221,NIFTY,OK,24005.4,1.1500000000014552,1361240,-11686,1004264,4617,793637,-11686,265206,4617,16303,313.95,0.16277588201076812,0.014831955579448743,0.43184468467332704,-0.19969967151042278,24000,19447440.2,0,0,0,0,24200,1301247.2,1784705149813,2026-07-28 00:00:00,24000,17,-11686,4617,1372926,999647,-0.00851174790192625,0.004618630376522913,-7069,17266052,104084,385047,153.95,160,-1.6500000000000057,3.1999999999999886,13964,14295,24200,24000,261622,190506,-556,7273,-0.0021206966259564113,0.03969263178575912,1.5500000000000114,1.6999999999999886,-0.33294502867910686
2026-07-22 00:00:00,2026-07-22 12:56:00,222,NIFTY,OK,24007.55,2.149999999997817,1363556,2316,1007133,2869,795953,2316,268075,2869,553,313.95,0.19086771820344212,0.0011624617669418857,0.4315685811076974,-0.08763647578484277,24000,19053613.2,0,0,0,0,24200,1213170,1784705209525,2026-07-28 00:00:00,24000,17,2316,2869,1361240,1004264,0.001701389909200435,0.0028568185258059636,5185,17333493,67441,452488,156.95,157,3,-3,7067,8886,24200,24000,261815,191613,-363,8380,-0.001384555530975139,0.04573411994564298,0,1.6999999999999886,-0.14979952568466917
2026-07-22 00:00:00,2026-07-22 12:57:00,223,NIFTY,OK,24007.9,0.3500000000021828,1362988,-568,1011525,4392,795385,-568,272467,4392,4960,313,0.16261860853151783,0.002367017144041021,0.43012162375612045,-0.3976593469620316,24000,19043804.5,0,0,0,0,24200,1200021,1784705270021,2026-07-28 00:00:00,24000,17,-568,4392,1363556,1007133,-0.00041655788247787405,0.004360893744917504,3824,17364455,30962,386140,157,156,0.05000000000001137,-1,4401,3619,24200,24000,261548,192222,-244,7178,-0.0009320376482092654,0.03879077408616329,-0.9499999999999886,-1.8999999999999773,-0.32260820755065456
2026-07-22 00:00:00,2026-07-22 12:58:00,224,NIFTY,OK,24008.3,0.3999999999978172,1362913,-75,1013943,2418,795310,-75,274885,2418,2493,314.15,0.12211088934289667,0.014760198456449835,0.431163589929532,0.6598439925907363,24000,19135788,0,0,0,0,24200,1217816.8,1784705329870,2026-07-28 00:00:00,24000,17,-75,2418,1362988,1011525,-0.00005502616310635163,0.0023904500630236524,2343,17346782,0,290240,156.35,157.8,-0.6500000000000057,1.8000000000000114,0,0,24200,24000,261907,192993,-44,6604,-0.00016797034559898607,0.0354312754508045,1.1499999999999773,1.6000000000000227,1.0549792040748291
2026-07-22 00:00:00,2026-07-22 13:00:00,225,NIFTY,OK,24003.75,-4.549999999999272,1365726,2813,1015152,1209,798123,2813,276094,1209,-1604,312.05,0.10688031894116372,0.03263658834671414,0.42964199797417074,-0.6541380601358119,24000,19234295.599999998,0,0,0,0,24200,1197639.75,1784705402250,2026-07-28 00:00:00,24000,17,2813,1209,1362913,1013943,0.002063961529459327,0.001192374719288954,4022,17398764,51982,254469,156.4,155.65,0.05000000000001137,-2.1500000000000057,6281,7174,24200,24000,262569,193267,618,6878,0.0023592198540948496,0.03690131928386332,-2.099999999999966,-0.3499999999999659,-1.146785485015132
2026-07-22 00:00:00,2026-07-22 13:00:00,226,NIFTY,OK,23999.6,-4.150000000001455,1358190,-7536,1015314,162,790587,-7536,276256,162,7698,313.7,0.09168849093997734,0.03676082031770539,0.4322568436987509,1.3218391071863678,24000,19783192.65,0,0,0,0,24200,1268716.9000000001,1784705450173,2026-07-28 00:00:00,24000,17,-7536,162,1365726,1015152,-0.005517944302151383,0.00015958201333396378,-7374,17466002,67238,217623,151.2,162.5,-5.200000000000017,6.849999999999994,10427,7789,24200,24000,262495,193831,873,3325,0.003336875339229881,0.01745351852435094,1.6499999999999773,-0.25,0.446974351427791
2026-07-22 00:00:00,2026-07-22 13:01:00,227,NIFTY,OK,23999.6,0,1358190,0,1015314,0,790587,0,276256,0,0,313.7,0.06327438251631344,0.018743924038832883,0.4322568436987509,1.0748860563238178,24000,19783192.65,0,0,0,0,24200,1268716.9000000001,1784705510285,2026-07-28 00:00:00,24000,17,0,0,1358190,1015314,0,0,0,17466002,0,150182,151.2,162.5,0,0,0,0,24200,24000,262495,193831,680,2218,0.002597253786070317,0.01157541502925167,0,-0.25,0.31036637453856697
2026-07-22 00:00:00,2026-07-22 13:02:00,228,NIFTY,OK,23994.45,-5.149999999997817,1347258,-10932,1021903,6589,779655,-10932,282845,6589,17521,317.4,0.15812517595891543,0.01428632442128641,0.43540658617935807,2.2159993914206053,24000,20088942.9,0,0,0,0,24200,1354990.2,1784705570368,2026-07-28 00:00:00,24000,17,-10932,6589,1358190,1015314,-0.008048947496300224,0.006489617990099615,-4343,17721406,255404,374624,146.7,170.7,-4.5,8.199999999999989,28087,39076,24200,24000,262218,196175,670,3953,0.0025616712802238976,0.02056476365868631,3.6999999999999886,4.399999999999977,2.611264604023843
2026-07-22 00:00:00,2026-07-22 13:03:00,229,NIFTY,OK,23988.6,-5.850000000002183,1351406,4148,1023315,1412,783803,4148,284257,1412,-2736,315.20000000000005,0.17756696470869632,0.005063177066535127,0.43265597876033884,0.5972329385985912,24000,20497636.1,0,0,0,0,24200,1387171.8,1784705632374,2026-07-28 00:00:00,24000,17,4148,1412,1347258,1021903,0.003078846071056917,0.0013817358398986988,5560,17768454,47048,421672,145.55,169.65,-1.1499999999999773,-1.049999999999983,4692,7335,24200,24000,261721,196893,-186,3900,-0.0007101757494072323,0.02020798681817475,-2.199999999999932,1.0500000000000682,0.8720812320804006
2026-07-22 00:00:00,2026-07-22 13:04:00,230,NIFTY,OK,23986.45,-2.149999999997817,1355215,3809,1021267,-2048,787612,3809,282209,-2048,-5857,316.75,0.18046928190493342,0.01024990556843141,0.43442841044262215,1.3737726998355528,24000,21301950,0,0,0,0,24200,1501500,1784705691812,2026-07-28 00:00:00,24000,17,3809,-2048,1351406,1023315,0.0028185460179990323,-0.002001338786199753,1761,17827646,59192,428882,141.75,175,-3.8000000000000114,5.349999999999994,5621,8665,24200,24000,262060,197085,-509,3818,-0.0019385380604717236,0.019755053889179218,1.5499999999999545,4.699999999999989,1.523738677765941
2026-07-22 00:00:00,2026-07-22 13:05:00,231,NIFTY,OK,23986.45,0,1355215,0,1021252,-15,787612,0,282194,-15,-15,316.95000000000005,0.15811202091171475,0.007885604181525917,0.43430445536804546,1.0771928119269285,24000,21190735,0,0,0,0,24200,1480456.25,1784705749698,2026-07-28 00:00:00,24000,17,0,-15,1355215,1021267,0,-0.000014687638002598733,-15,17841750,14104,375748,142.4,174.55,0.6500000000000057,-0.44999999999998863,1323,2287,24200,24000,262060,197085,-435,3254,-0.00165717442236995,0.016787820317699438,0.20000000000004547,3.250000000000057,1.3169439341580216
2026-07-22 00:00:00,2026-07-22 13:06:00,232,NIFTY,OK,23987.15,0.7000000000007276,1359437,4222,1025909,4657,791834,4222,286851,4657,435,318.7,0.2124689667662469,0.023365666164179223,0.4353598499648356,1.3220930883035422,24000,21257398.5,0,0,0,0,24200,1517959.3,1784705809696,2026-07-28 00:00:00,24000,17,4222,4657,1355215,1021252,0.003115372837520246,0.004560088988809814,8879,17972814,131064,506812,143.35,175.35,0.9499999999999886,0.799999999999983,11367,22477,24200,24000,262405,198234,-90,4403,-0.00034286367359378275,0.02271566467696086,1.7499999999999432,5,1.7090484314714665
2026-07-22 00:00:00,2026-07-22 13:07:00,233,NIFTY,OK,23987,-0.1500000000014552,1363114,3677,1024777,-1132,795511,3677,285719,-1132,-4809,319.29999999999995,0.1266887810205742,0.061913466592180985,0.4369292148489853,1.6543620249516486,24000,21383248.1,0,0,0,0,24200,1542156.75,1784705870071,2026-07-28 00:00:00,24000,17,3677,-1132,1359437,1025909,0.002704796176652541,-0.001103411706106487,2545,18023925,51111,302519,143.35,175.95,0,0.5999999999999943,6122,6953,24200,24000,262405,197868,187,1693,0.000713147076096988,0.008630049700522493,0.5999999999999659,1.8999999999999773,1.5480591062489555
2026-07-22 00:00:00,2026-07-22 13:08:00,234,NIFTY,OK,23991.15,4.150000000001455,1362999,-115,1026263,1486,795396,-115,287205,1486,1601,317.25,0.1280253065590965,0.04753731782428748,0.4351772872044889,0.6620391352977432,24000,20811402.7,0,0,0,0,24200,1453492.3499999999,1784705930413,2026-07-28 00:00:00,24000,17,-115,1486,1363114,1024777,-0.00008436565100204385,0.0014500715765478733,1371,18074340,50415,305886,146.35,170.9,3,-5.049999999999983,5399,6326,24200,24000,262447,197902,726,1009,0.0027739463015959745,0.005124610829232121,-2.0499999999999545,2.0499999999999545,0.5148622951844477
2026-07-22 00:00:00,2026-07-22 13:09:00,235,NIFTY,OK,23991.25,0.09999999999854481,1362984,-15,1026236,-27,795381,-15,287178,-27,-12,318.04999999999995,0.1060994801650748,0.05024951182469082,0.43637059365580155,1.1755868745219786,24000,20898189.2,0,0,0,0,24200,1478382.9000000001,1784705991001,2026-07-28 00:00:00,24000,17,-15,-27,1362999,1026263,-0.00001100514380421409,-0.000026309045537060188,-42,18081141,6801,253495,145.85,172.2,-0.5,1.299999999999983,907,1324,24200,24000,262447,197902,387,817,0.001476761047088453,0.004145419489052947,0.7999999999999545,1.2999999999999545,0.7355009923216445
2026-07-22 00:00:00,2026-07-22 13:10:00,236,NIFTY,OK,23988.5,-2.75,1365786,2802,1026324,88,798183,2802,287266,88,-2714,317.75,0.11295299965302599,0.05789500954862396,0.43533256199380854,0.36501768309330496,24000,21221919,0,0,0,0,24200,1463736,1784706049846,2026-07-28 00:00:00,24000,17,2802,88,1362984,1026236,0.002055783486820095,0.0000857502562763341,2890,18111946,30805,270196,144.75,173,-1.0999999999999943,0.8000000000000114,4069,3429,24200,24000,262360,197916,300,831,0.0011447760054949247,0.004216454829134637,-0.2999999999999545,0.7999999999999545,0.41503136328775475
2026-07-22 00:00:00,2026-07-22 13:11:00,237,NIFTY,OK,23984.4,-4.099999999998545,1366706,920,1029045,2721,799103,920,289987,2721,1801,317.3,0.08103972407817006,0.053592307018763746,0.4345544825429098,-0.4446982922476967,24000,21273797.5,0,0,0,0,24200,1449813.7999999998,1784706110453,2026-07-28 00:00:00,24000,17,920,2721,1365786,1026324,0.000673604796066148,0.002651209559554293,3641,18166965,55019,194151,145,172.3,0.25,-0.6999999999999886,5164,7473,24200,24000,262062,198909,-343,675,-0.0013071397267582553,0.0034050667393080904,-0.44999999999998863,-1.3999999999999773,-0.15521722628809728
2026-07-22 00:00:00,2026-07-22 13:12:00,238,NIFTY,OK,23977.8,-6.600000000002183,1366706,0,1029033,-12,799103,0,289975,-12,-12,321.75,0.1018049128056103,0.03217738562841844,0.43864488733223816,2.0993645069724436,24000,22387930.4,0,0,0,0,24200,1604181.65,1784706169567,2026-07-28 00:00:00,24000,17,0,-12,1366706,1029045,0,-0.000011661297610891652,-12,18267823,100858,243898,138.65,183.1,-6.349999999999994,10.799999999999983,9354,15493,24200,24000,262062,198909,-343,1041,-0.0013071397267582553,0.005261083146339984,4.449999999999989,2.4500000000000455,2.3105314833688273
2026-07-22 00:00:00,2026-07-22 13:13:00,239,NIFTY,OK,23974.3,-3.5,1279904,3112,1035339,357,775008,-24095,292511,2536,-2755,323.65,0.13508646824544984,0.03180094513969267,0.4407375974076076,2.3037961920886763,24000,22601661.000000004,0,0,0,0,24200,1643545.2,1784706231830,2026-07-28 00:00:00,23950,16,3112,357,1276229,1011723,0.002438433854739236,0.00035286338256617674,3469,18163724,119275,312758,161.55,162.1,-1.1999999999999886,4.400000000000006,2978,10811,24200,23700,262858,91248,411,0,0.0015660304747244205,0,1.8999999999999773,6.399999999999977,2.277156565789891
2026-07-22 00:00:00,2026-07-22 13:14:00,240,NIFTY,OK,23980.15,5.850000000002183,1368722,-976,1024508,-4873,801119,26111,285450,-7061,-3897,322.5,0.15573513619668816,0.011105148775187142,0.4399724615932053,1.487577064855004,24000,21956994.95,0,0,0,0,24200,1539645.9000000001,1784706290230,2026-07-28 00:00:00,24000,16,-976,-4873,1279341,1012080,-0.0007628927705748506,-0.004814836771796696,-5849,18456588,66753,372710,142.4,180.1,4.700000000000017,-7.450000000000017,4969,10944,24200,24000,262266,195550,-181,-2352,-0.000689663055778881,-0.011884670190296208,-1.1499999999999773,4.4500000000000455,1.3785623383672048
2026-07-22 00:00:00,2026-07-22 13:15:00,241,NIFTY,OK,23976.7,-3.4500000000007276,1369617,895,1026013,1505,802014,895,286955,1505,610,321.70000000000005,0.15951586847718555,0.009548831452265002,0.43846571096474246,0.6353383482640458,24000,22175650.400000002,0,0,0,0,24200,1513580.2000000002,1784706349696,2026-07-28 00:00:00,24000,17,895,1505,1368722,1024508,0.0006538946550139473,0.0014689978018717278,2400,18496824,40236,382141,141.55,180.15,-0.8499999999999943,0.05000000000001137,4058,5701,24200,24000,262177,195801,-183,-2115,-0.000697514865070895,-0.010686351785606014,-0.7999999999999545,3.9500000000000455,0.8435295714122426
2026-07-22 00:00:00,2026-07-22 13:16:00,242,NIFTY,OK,23980.3,3.599999999998545,1371269,1652,1028420,2407,803666,1652,289362,2407,755,321.95000000000005,0.14903056187697655,0.01137218386754915,0.43983534127223606,1.058004368516478,24000,22261118.2,0,0,0,0,24200,1518117.9999999998,1784706412149,2026-07-28 00:00:00,24000,17,1652,2407,1369617,1026013,0.0012061766172586936,0.002345974173816511,4059,18527329,30505,357627,141.8,180.15,0.25,0,2734,3589,24200,24000,262038,196411,-24,-2498,-0.00009158138150514001,-0.01255850665379646,0.25,4.650000000000034,0.7919851931440945
2026-07-22 00:00:00,2026-07-22 13:17:00,243,NIFTY,OK,23984.35,4.049999999999272,1372003,734,1026040,-2380,804400,734,286982,-2380,-3114,318.95,0.1305281014560623,0.007772864938085441,0.4363493226495391,-0.5592168172376243,24000,21795544,0,0,0,0,24200,1473683.25,1784706469511,2026-07-28 00:00:00,24000,17,734,-2380,1371269,1028420,0.0005352706142996013,-0.002314229594912584,-1646,18583572,56243,313012,144.25,174.7,2.4499999999999886,-5.450000000000017,6671,7649,24200,24000,262132,196266,70,-2643,0.000267112362723325,-0.013287483220970394,-3.000000000000057,-2.8000000000000114,-0.48808627286906725
2026-07-22 00:00:00,2026-07-22 13:18:00,244,NIFTY,OK,23984.35,0,1372003,0,1026040,0,804400,0,286982,0,0,318.95,0.08078962720851961,0.00534745557121252,0.4363493226495391,-0.6453131460561136,24000,21795544,0,0,0,0,24200,1473683.25,1784706530251,2026-07-28 00:00:00,24000,17,0,0,1372003,1026040,0,0,0,18583572,0,193737,144.25,174.7,0,0,0,0,24200,24000,262132,196266,-726,0,-0.002761947515388537,0,0,-4.699999999999989,-0.6017132156004764
2026-07-22 00:00:00,2026-07-22 13:19:00,245,NIFTY,OK,23980.2,-4.149999999997817,1376782,4779,1027025,985,809179,4779,287967,985,-3794,321.6,0.06731904849266185,0.06536194089802376,0.43839452637131626,0.26614453800331533,24000,22389335.150000002,0,0,0,0,24200,1558035.5000000002,1784706589699,2026-07-28 00:00:00,24000,17,4779,985,1372003,1026040,0.0034832285352145733,0.000960001559393396,5764,18618410,34838,161822,142.1,179.5,-2.1500000000000057,4.800000000000011,4420,4590,24200,24000,262287,196911,21,1361,0.00008007137791402622,0.006959856814114037,2.650000000000034,-0.8999999999999773,0.4789599958785025
2026-07-22 00:00:00,2026-07-22 13:20:00,246,NIFTY,OK,23981.65,1.4500000000007276,1379647,2865,1031111,4086,812044,2865,292053,4086,1221,320.8,0.08660595547126672,0.07245696550534998,0.43898506120487163,0.41433020426323647,24000,22539106.5,0,0,0,0,24200,1546072.2000000002,1784706650429,2026-07-28 00:00:00,24000,17,2865,4086,1376782,1027025,0.0020809394660883133,0.003978481536476717,6951,18705610,87200,208786,141.75,179.05,-0.3499999999999943,-0.44999999999998863,8588,11730,24200,24000,262564,198731,387,2930,0.001476102022679335,0.01496417280810619,-0.8000000000000114,-0.9000000000000341,-0.06269078280439531
2026-07-22 00:00:00,2026-07-22 13:21:00,247,NIFTY,OK,23980.65,-1,1381371,1724,1030511,-600,813768,1724,291453,-600,-2324,321.3,0.0825318154039045,0.061253811722270506,0.4382944052145574,-0.22731222041998994,24000,22677250,0,0,0,0,24200,1564787.25,1784706711903,2026-07-28 00:00:00,24000,17,1724,-600,1379647,1031111,0.0012495950050991304,-0.0005818966144285145,1124,18726386,20776,199057,141.25,180.05,-0.5,1,2859,2885,24200,24000,262789,198379,751,1968,0.0028659965348537234,0.010019805408047412,0.5,-0.6500000000000341,-0.01084503445892178
2026-07-22 00:00:00,2026-07-22 13:22:00,248,NIFTY,OK,23980.65,0,1381371,0,1030511,0,813768,0,291453,0,0,321.3,0.05921268121740616,0.09690226448387412,0.4382944052145574,-0.20104193216201222,24000,22677250,0,0,0,0,24200,1564787.25,1784706770354,2026-07-28 00:00:00,24000,17,0,0,1381371,1030511,0,0,0,18726386,0,142814,141.25,180.05,0,0,0,0,24200,24000,262789,198379,657,2113,0.0025063708360673247,0.010766001243210744,0,2.3500000000000227,0.021809675900748653
2026-07-22 00:00:00,2026-07-22 13:23:00,249,NIFTY,OK,23975.8,-4.850000000002183,1382892,1521,1030301,-210,815289,1521,291243,-210,-1731,320.55,0.06650276210812811,0.09440193414919867,0.43664117391034013,-1.2060582643671733,24000,22376176.650000002,0,0,0,0,24200,1536221.85,1784706829901,2026-07-28 00:00:00,24000,17,1521,-210,1381371,1030511,0.0011010800139861052,-0.00020378239533590616,1311,18744056,17670,160484,142.8,177.75,1.5500000000000114,-2.3000000000000114,1670,2167,24200,24000,262851,198556,719,2290,0.002742892893656631,0.011667838545647234,-0.75,1.6000000000000227,-0.36219420453409096
2026-07-22 00:00:00,2026-07-22 13:24:00,250,NIFTY,OK,23980.65,4.850000000002183,1385027,2135,1030068,-233,817424,2135,291010,-233,-2368,321.15,0.08132226682594267,0.05747424911278456,0.4376660503705547,-0.23635109330978377,24000,22607311.099999998,0,0,0,0,24200,1587678.95,1784706890437,2026-07-28 00:00:00,24000,17,2135,-233,1382892,1030301,0.0015438660430460223,-0.00022614750446714116,1902,18814811,70755,196401,141.95,179.2,-0.8500000000000227,1.4499999999999886,6881,9699,24200,24000,263019,198897,732,1986,0.002790835992634023,0.010085774791657145,0.5999999999999659,-0.4500000000000455,0.3202903259889914
2026-07-22 00:00:00,2026-07-22 13:25:00,251,NIFTY,OK,23979.85,-0.8000000000029104,1385771,744,1030940,872,818168,744,291882,872,128,320.15,0.05286234059430358,0.04659773156011992,0.437296961218621,-0.46486915089873065,24000,22554632.1,0,0,0,0,24200,1575136.4,1784706949545,2026-07-28 00:00:00,24000,17,744,872,1385027,1030068,0.0005371736435462991,0.0008465460532702695,1616,18833363,18552,127753,142.35,177.8,0.4000000000000057,-1.3999999999999773,2125,2401,24200,24000,263216,199166,652,435,0.0024832040950015996,0.002188888497516744,-1,-0.6500000000000341,-0.5267325296660782
2026-07-22 00:00:00,2026-07-22 13:26:00,252,NIFTY,OK,23975.55,-4.299999999999272,1386717,946,1032124,1184,819114,946,293066,1184,238,321.55,0.05276163253392844,0.05452821613828337,0.43801748999906953,0.43934919880055195,24000,22633233.9,0,0,0,0,24200,1599720.2000000002,1784707012198,2026-07-28 00:00:00,24000,17,946,1184,1385771,1030940,0.0006826524728833263,0.0011484664480959125,2130,18854008,20645,127622,142.15,179.4,-0.19999999999998863,1.5999999999999943,2812,2679,24200,24000,263218,199454,429,1075,0.0016324884222703386,0.005418920349432148,1.400000000000034,0.25,0.9770661415589224
2026-07-22 00:00:00,2026-07-22 13:27:00,253,NIFTY,OK,23974.4,-1.1499999999978172,1297654,1251,1039044,888,792758,-26356,296216,3150,-363,321.25,0.06660852193993404,0.05845390763537303,0.4373927958833617,-0.4346733923029601,24000,23031519.75,0,0,0,0,24200,1599808.8,1784707070282,2026-07-28 00:00:00,23950,16,1251,888,1295833,1014875,0.0009654021775954154,0.0008749846040152728,2139,18656810,28022,155644,165.15,156.1,-0.6500000000000057,0.9499999999999886,948,2334,24200,23700,263496,92770,707,0,0.002690371362576059,0,-0.30000000000001137,-0.05000000000001137,0.5077797868340671
2026-07-22 00:00:00,2026-07-22 13:28:00,254,NIFTY,OK,23979.5,5.099999999998545,1389323,1362,1032710,-301,821720,28962,293652,-2564,-1663,320.85,0.0776512954200046,0.047045311951678596,0.4380723265559522,0.26254953688628957,24000,22808998.8,0,0,0,0,24200,1551378.1500000001,1784707129592,2026-07-28 00:00:00,24000,16,1362,-301,1297084,1015763,0.001050047645333687,-0.000296328966501044,1061,18933181,50100,188074,142.35,178.5,1.6500000000000057,-2.6999999999999886,4277,7850,24200,24000,263558,199878,707,1322,0.0026897367710223665,0.006658071274602631,-0.39999999999997726,0.30000000000001137,-0.46004370622820295
2026-07-22 00:00:00,2026-07-22 13:29:00,255,NIFTY,OK,23979.85,0.3499999999985448,1390244,921,1033711,1001,822641,921,294653,1001,80,320.29999999999995,0.06042356396880305,0.060547301726021414,0.437205108473443,-0.9029979778568646,24000,22745312.400000002,0,0,0,0,24200,1527486.45,1784707190652,2026-07-28 00:00:00,24000,17,921,1001,1389323,1032710,0.0006629127999752398,0.0009692943808039042,1922,18962326,29145,146464,143.1,177.2,0.75,-1.3000000000000114,3460,3863,24200,24000,263235,200155,216,1258,0.0008212334470133337,0.0063248817227006945,-0.5500000000000682,-0.8500000000000227,-1.3929946604993286
2026-07-22 00:00:00,2026-07-22 13:30:00,256,NIFTY,OK,23979.85,0,1390244,0,1033711,0,822641,0,294653,0,0,320.29999999999995,0.052769956537972035,0.056695227969228844,0.437205108473443,-0.7720092636459851,24000,22745312.400000002,0,0,0,0,24200,1527486.45,1784707251327,2026-07-28 00:00:00,24000,17,0,0,1390244,1033711,0,0,0,18962326,0,127912,143.1,177.2,0,0,0,0,24200,24000,263235,200155,19,989,0.00007218406175916358,0.004965706998182421,0,0.14999999999997726,-1.1818707935544717
2026-07-22 00:00:00,2026-07-22 13:31:00,257,NIFTY,OK,23980.8,0.9500000000007276,1390998,754,1034086,375,823395,754,295028,375,-379,320.6,0.053180425915143555,0.04846976358293207,0.43775487218524023,0.4218358639835854,24000,22812030.3,0,0,0,0,24200,1533703.5,1784707309491,2026-07-28 00:00:00,24000,17,754,375,1390244,1033711,0.0005423508391332744,0.00036277063898904044,1129,18984026,21700,128967,143.15,177.45,0.05000000000001137,0.25,2046,2445,24200,24000,263056,200151,-162,697,-0.0006154594290664013,0.00349454009445787,0.3000000000000682,-0.9499999999999886,-0.4298342771042647
2026-07-22 00:00:00,2026-07-22 13:32:00,258,NIFTY,OK,23984.8,4,1389427,-1571,1029837,-4249,821824,-1571,290779,-4249,-2678,320.6,0.07253073662072432,0.009733802166739804,0.43783044100267465,0.7678981125187718,24000,22583083.5,0,0,0,0,24200,1498232.5,1784707369730,2026-07-28 00:00:00,24000,17,-1571,-4249,1390998,1034086,-0.001129404930848211,-0.004108942583112043,-5820,19058552,74526,175471,144.75,175.85,1.5999999999999943,-1.5999999999999943,8241,9363,24200,24000,262771,199456,-725,0,-0.0027514649178735162,0,0,-0.6499999999999773,-0.29777066042837674
2026-07-22 00:00:00,2026-07-22 13:33:00,259,NIFTY,OK,23985.4,0.6000000000021828,1394271,4844,1026407,-3430,826668,4844,287349,-3430,-8274,319.04999999999995,0.0973392578442899,0.0057506143183930535,0.4372324028087004,-1.0337080987143994,24000,22765220.099999998,0,0,0,0,24200,1508650,1784707429803,2026-07-28 00:00:00,24000,17,4844,-3430,1389427,1029837,0.003486329256592826,-0.0033306241667370663,1414,19168808,110256,235627,144.95,174.1,0.19999999999998863,-1.75,13627,14077,24200,24000,264291,197671,733,-2207,0.002781171506840999,-0.011041735458629765,-1.5500000000000682,-1.8000000000000682,-2.2881742601616852
2026-07-22 00:00:00,2026-07-22 13:34:00,260,NIFTY,OK,23994.45,9.049999999999272,1392760,-1511,1027243,836,825157,-1511,288185,836,2347,316.8,0.10463623392202406,0.015606982070926468,0.4353535353535353,-2.6963260014763195,24000,22039240,0,0,0,0,24200,1405817.5999999999,1784707489812,2026-07-28 00:00:00,24000,17,-1511,836,1394271,1026407,-0.0010837204531974056,0.0008144917172232848,-675,19215546,46738,253220,148.75,168.05,3.8000000000000114,-6.049999999999983,6077,5265,24200,24000,264098,197780,863,-2375,0.0032784394172507454,-0.011865804001898529,-2.249999999999943,-3.499999999999943,-2.6007513472091026
2026-07-22 00:00:00,2026-07-22 13:35:00,261,NIFTY,OK,23995.3,0.8499999999985448,1392760,0,1027243,0,825157,0,288185,0,0,316,0.10706226397240004,0.015253327981288428,0.43508854411534226,-2.02989478982218,24000,21992348,0,0,0,0,24200,1401193.2,1784707550828,2026-07-28 00:00:00,24000,17,0,0,1392760,1027243,0,0,0,19221417,5871,259091,149,167,0.25,-1.0500000000000114,1034,699,24200,24000,264098,197780,863,-2375,0.0032784394172507454,-0.011865804001898529,-0.8000000000000114,-4.2999999999999545,-2.0851008095729373
2026-07-22 00:00:00,2026-07-22 13:36:00,262,NIFTY,OK,24009.3,14,1394064,1304,1027451,208,826461,1304,288393,208,-1096,315.04999999999995,0.19206736278734593,0.007673717571071654,0.43285669390320564,-2.3848281061528636,24000,21238594.45,0,0,0,0,24200,1276836,1784707611303,2026-07-28 00:00:00,24000,17,1304,208,1392760,1027243,0.0009362704270656825,0.00020248373559128658,1512,19449120,227703,465094,153.1,161.95,4.099999999999994,-5.050000000000011,28865,19098,24200,24000,264258,198053,1202,-2098,0.004569369259777386,-0.010482086025051086,-0.9500000000000455,-5.550000000000068,-1.8715663609862085
2026-07-22 00:00:00,2026-07-22 13:37:00,263,NIFTY,OK,24004.5,-4.799999999999272,1369541,-24523,1033308,5857,801938,-24523,294250,5857,30380,313.6,0.2309500097592483,0.029579880995714836,0.4306496706629389,-2.252495316473871,24000,20147181.5,0,0,0,0,24200,1295668.5999999999,1784707669923,2026-07-28 00:00:00,24000,17,-24523,5857,1394064,1027451,-0.017591014472793216,0.005700515158387116,-18666,19613490,164370,554938,153.95,159.65,0.8499999999999943,-2.299999999999983,23386,14873,24200,24000,263048,199835,277,379,0.001054149811052209,0.0019001684582063212,-1.4499999999999318,-7,-1.8376062213946587
2026-07-22 00:00:00,2026-07-22 13:38:00,264,NIFTY,OK,24001.6,-2.900000000001455,1368625,-916,1036029,2721,801022,-916,296971,2721,3637,314.5,0.19940665060337162,0.033417865127298205,0.4331358059667431,-0.9736728364790782,24000,20330242.2,0,0,0,0,24200,1313613.15,1784707733929,2026-07-28 00:00:00,24000,17,-916,2721,1369541,1033308,-0.0006688372235661437,0.002633290364537969,1805,19648312,34822,479504,152.55,161.95,-1.3999999999999773,2.299999999999983,4875,3813,24200,24000,263126,200715,-1165,3044,-0.004408019947709154,0.01539932514127009,0.8999999999999773,-4.5499999999999545,-1.2025198407852542
2026-07-22 00:00:00,2026-07-22 13:39:00,265,NIFTY,OK,23998.25,-3.349999999998545,1368884,259,1038395,2366,801281,259,299337,2366,2107,312.9,0.2202607175985833,0.023997178577558,0.43071536953910367,-1.5321312303035597,24000,20415809.7,0,0,0,0,24200,1280065.95,1784707789485,2026-07-28 00:00:00,24000,17,259,2366,1368625,1036029,0.00018924102657776965,0.0022837198572626827,2625,19745775,97463,530229,152.4,160.5,-0.15000000000000568,-1.4499999999999886,11556,12716,24200,24000,263203,200893,-895,3113,-0.0033888935168005815,0.015739710789766406,-1.6000000000000227,-3.900000000000034,-1.424452702988753
2026-07-22 00:00:00,2026-07-22 13:40:00,266,NIFTY,OK,23999.7,1.4500000000007276,1368928,44,1038140,-255,801325,44,299082,-255,-299,313.45000000000005,0.2341092981170453,0.022954054624793926,0.4318739496461344,-0.8964299904205603,24000,20837216.400000002,0,0,0,0,24200,1320227.1,1784707849892,2026-07-28 00:00:00,24000,17,44,-255,1368884,1038395,0.0000321429719391855,-0.00024557129030860125,-211,19784934,39159,563517,150.05,163.4,-2.3499999999999943,2.9000000000000057,5752,4493,24200,24000,263203,200893,-895,3113,-0.0033888935168005815,0.015739710789766406,0.5500000000000682,-2.5499999999999545,-1.0132413605190969
2026-07-22 00:00:00,2026-07-22 13:41:00,267,NIFTY,OK,23996.8,-2.900000000001455,1372489,3561,1040855,2715,804886,3561,301797,2715,-846,313.75,0.15673729066390868,0.02160148680408501,0.4324909633572997,-0.5104390435680569,24000,21134996.95,0,0,0,0,24200,1314532.8,1784707911681,2026-07-28 00:00:00,24000,17,3561,2715,1368928,1038140,0.0026013055471142384,0.002615254204635213,6276,19827381,42447,378261,149.6,164.15,-0.45000000000001705,0.75,5088,5238,24200,24000,263350,201647,-908,3594,-0.003436035995125975,0.018146657712834444,0.2999999999999545,-1.2999999999999545,-0.7471261849737302
2026-07-22 00:00:00,2026-07-22 13:42:00,268,NIFTY,OK,23984.55,-12.25,1367456,-5033,1039505,-1350,799853,-5033,300447,-1350,3683,315.65,0.13568022082617873,0.012591211261050226,0.43315512213477153,-0.05035956244728801,24000,21402037.8,0,0,0,0,24200,1442277.0999999999,1784707970597,2026-07-28 00:00:00,24000,17,-5033,-1350,1372489,1040855,-0.00366706035531068,-0.0012970106306834286,-6383,19940067,112686,326577,145.65,170,-3.9499999999999886,5.849999999999994,13246,16788,24200,24000,262959,201967,-89,2132,-0.00033834129132325657,0.0106688017614532,1.8999999999999773,2.0499999999999545,0.3234819660314396
2026-07-22 00:00:00,2026-07-22 13:43:00,269,NIFTY,OK,23984.55,0,1367456,0,1039505,0,799853,0,300447,0,0,315.65,0.1212130150841663,0.007907319497523607,0.43315512213477153,0.2072899244378357,24000,21402037.8,0,0,0,0,24200,1442277.0999999999,1784708030017,2026-07-28 00:00:00,24000,17,0,0,1367456,1039505,0,0,0,19940067,0,291755,145.65,170,0,0,0,0,24200,24000,262959,201967,-167,1252,-0.0006346769228430485,0.006237700221707396,0,1.1499999999999773,0.7478363440005801
2026-07-22 00:00:00,2026-07-22 13:44:00,270,NIFTY,OK,23994.15,9.600000000002183,1368450,994,1044044,4539,800847,994,304986,4539,3545,314.95,0.1273930629464778,0.016968454617925066,0.4323820168120142,-0.13706032748419805,24000,20899099.8,0,0,0,0,24200,1305101.2,1784708090796,2026-07-28 00:00:00,24000,17,994,4539,1367456,1039505,0.0007268972456883439,0.004366501363629804,5533,20053110,113043,307335,148.2,166.75,2.549999999999983,-3.25,14044,17010,24200,24000,263433,203465,230,2572,0.0008738502220719369,0.01280283534020598,-0.6999999999999886,2.0500000000000114,0.3920438329509048
2026-07-22 00:00:00,2026-07-22 13:45:00,271,NIFTY,OK,23994.4,0.25,1372745,4295,1043382,-662,805142,4295,304324,-662,-4957,314.95,0.1131062233069702,0.033149272355358445,0.43266696562738505,0.3995455724149291,24000,21237168,0,0,0,0,24200,1311637.6,1784708150607,2026-07-28 00:00:00,24000,17,4295,-662,1368450,1044044,0.003138587452957726,-0.0006340728934795852,3633,20058213,5103,273279,148.25,166.7,0.05000000000001137,-0.05000000000001137,1224,789,24200,24000,263433,203515,230,2622,0.0008738502220719369,0.01305172405210734,0,1.4999999999999432,0.5524076460592255
2026-07-22 00:00:00,2026-07-22 13:46:00,272,NIFTY,OK,23989.45,-4.950000000000728,1373869,1124,1044132,750,806266,1124,305074,750,-374,315.5,0.10801980644342166,0.017829795705840912,0.4332613899462387,0.9810758803803595,24000,21579122.400000002,0,0,0,0,24200,1340147.4000000001,1784708211669,2026-07-28 00:00:00,24000,17,1124,750,1372745,1043382,0.0008187973731465057,0.0007188163108046718,1874,20088573,30360,261192,146.35,169.15,-1.9000000000000057,2.450000000000017,3726,4174,24200,24000,263963,203515,613,1868,0.0023277007784317447,0.009263713320803186,0.5500000000000114,1.75,1.0596996990769694
2026-07-22 00:00:00,2026-07-22 13:47:00,273,NIFTY,OK,23987,-2.4500000000007276,1377598,3729,1049670,5538,809995,3729,310612,5538,1809,316.95,0.08935931260989721,0.09362422141180918,0.4350980330842114,2.1632079487493754,24000,22148040.8,0,0,0,0,24200,1376704.8,1784708270476,2026-07-28 00:00:00,24000,17,3729,5538,1373869,1044132,0.0027142325796709874,0.005303927089678317,9267,20156966,68393,216899,143.95,173,-2.4000000000000057,3.8499999999999943,7648,11066,24200,24000,264341,205321,1382,3354,0.005255572161439616,0.016606673367431313,1.4499999999999886,1.3000000000000114,1.8480881218075076
2026-07-22 00:00:00,2026-07-22 13:48:00,274,NIFTY,OK,23987,0,1377598,0,1049670,0,809995,0,310612,0,0,316.95,0.08935931260989721,0.09362422141180918,0.4350980330842114,1.658599963466137,24000,22148040.8,0,0,0,0,24200,1376704.8,1784708329883,2026-07-28 00:00:00,24000,17,0,0,1377598,1049670,0,0,0,20156966,0,216899,143.95,173,0,0,0,0,24200,24000,264341,205321,1382,3354,0.005255572161439616,0.016606673367431313,0,1.3000000000000114,1.4405813060852224
2026-07-22 00:00:00,2026-07-22 13:49:00,275,NIFTY,OK,23987.85,0.8499999999985448,1377770,172,1046959,-2711,810167,172,307901,-2711,-2883,315.85,0.06296992364919957,0.08013229852310312,0.43345044465705695,0.18316478918527454,24000,21596706.25,0,0,0,0,24200,1423128.5999999999,1784708390211,2026-07-28 00:00:00,24000,17,172,-2711,1377598,1049670,0.000124855001241291,-0.002582716472796212,-2539,20205795,48829,152685,147.5,168.35,3.5500000000000114,-4.650000000000006,5541,6660,24200,24000,264341,205728,908,2263,0.0034467967187102604,0.011122306047723195,-1.099999999999966,0.9000000000000341,0.44163510068464
2026-07-22 00:00:00,2026-07-22 13:50:00,276,NIFTY,OK,23983.9,-3.9499999999970896,1381259,3489,1048878,1919,813656,3489,309820,1919,-1570,318.5,0.08232663425971458,0.07002724114662734,0.4361649047307204,2.0122705000294165,24000,22550451,0,0,0,0,24200,1500998.7999999998,1784708450980,2026-07-28 00:00:00,24000,17,3489,1919,1377770,1046959,0.002532353005218578,0.001832927554947233,5408,20258278,52483,200065,143.25,175.25,-4.25,6.900000000000006,5754,6867,24200,24000,265216,206429,1783,2914,0.006768324393678848,0.014318354912414318,2.6499999999999773,3.5500000000000114,2.1009097336366005
2026-07-22 00:00:00,2026-07-22 13:51:00,277,NIFTY,OK,23978.95,-4.950000000000728,1382564,1305,1049258,380,814961,1305,310200,380,-925,318.4,0.09448101053448814,0.06015381200464831,0.4349569708743925,0.8412177408474494,24000,22543793.7,0,0,0,0,24200,1469212.5,1784708509711,2026-07-28 00:00:00,24000,17,1305,380,1381259,1048878,0.0009447902239913007,0.0003622918966743511,1685,20318334,60056,229761,143.55,174.85,0.30000000000001137,-0.4000000000000057,4598,7763,24200,24000,265830,206700,1867,3185,0.007072960983168095,0.01564995209198339,-0.10000000000002274,2.8999999999999773,1.663201123924903
2026-07-22 00:00:00,2026-07-22 13:52:00,278,NIFTY,OK,23980.65,1.7000000000007276,1384813,2249,1049752,494,817210,2249,310694,494,-1755,317.3,0.08429760552706542,0.035555577211686513,0.4340874976546376,0.04684194844795016,24000,22727776.25,0,0,0,0,24200,1467434.8499999999,1784708571208,2026-07-28 00:00:00,24000,17,2249,494,1382564,1049258,0.0016266878061341103,0.0004708088954289603,2743,20362194,43860,205228,143.5,173.8,-0.05000000000001137,-1.049999999999983,3471,6355,24200,24000,266059,206663,1718,1342,0.006499180982140492,0.006536106876549403,-1.099999999999966,0.35000000000002274,0.6404099936358645
2026-07-22 00:00:00,2026-07-22 13:53:00,279,NIFTY,OK,23980.65,0,1384813,0,1049752,0,817210,0,310694,0,0,317.3,0.08429760552706542,0.035555577211686513,0.4340874976546376,-0.03307566708172843,24000,22727776.25,0,0,0,0,24200,1467434.8499999999,1784708629674,2026-07-28 00:00:00,24000,17,0,0,1384813,1049752,0,0,0,20362194,0,205228,143.5,173.8,0,0,0,0,24200,24000,266059,206663,1718,1342,0.006499180982140492,0.006536106876549403,0,0.35000000000002274,0.514203754895956
2026-07-22 00:00:00,2026-07-22 13:54:00,280,NIFTY,OK,23979.2,-1.4500000000007276,1388087,3274,1047293,-2459,820484,3274,308235,-2459,-5733,317,0.08268606952508438,0.052892159783882564,0.43410410496456125,-0.19565249698294462,24000,22778598,0,0,0,0,24200,1445575.95,1784708690938,2026-07-28 00:00:00,24000,17,3274,-2459,1384813,1049752,0.002364218129090354,-0.0023424580281818943,815,20407167,44973,201372,144,173,0.5,-0.8000000000000114,4176,5598,24200,24000,266097,206268,1756,540,0.006642934694201808,0.002624825011665889,-0.30000000000001137,1.1499999999999773,0.11866827638422059
2026-07-22 00:00:00,2026-07-22 13:55:00,281,NIFTY,OK,23977.95,-1.25,1390173,2086,1046089,-1204,822570,2086,307031,-1204,-3290,318.45000000000005,0.07490163209047303,0.03356532222709338,0.43523715969688465,0.7965627586867099,24000,23212532.7,0,0,0,0,24200,1493051.25,1784708750616,2026-07-28 00:00:00,24000,17,2086,-1204,1388087,1047293,0.0015027876494773022,-0.0011496305236452454,882,20440758,33591,182480,142.15,176.3,-1.8499999999999943,3.3000000000000114,2919,4571,24200,24000,266227,206255,1011,-174,0.0038119872104247104,-0.0008429048244190496,1.4500000000000455,-0.049999999999954525,1.2562798647934632
2026-07-22 00:00:00,2026-07-22 13:56:00,282,NIFTY,OK,23980.75,2.7999999999992724,1391676,1503,1046370,281,824073,1503,307312,281,-1222,315.9,0.06857294735210082,0.037228442913197435,0.4331902964621866,-1.5639486605122412,24000,23269287.3,0,0,0,0,24200,1453972.8,1784708809645,2026-07-28 00:00:00,24000,17,1503,281,1390173,1046089,0.001081160402338414,0.00026861959164086423,1784,20485518,44760,167184,142.35,173.55,0.19999999999998863,-2.75,4836,6618,24200,24000,266383,206551,553,-149,0.0020802768686754695,-0.0007208514755684567,-2.550000000000068,-2.5,-1.48796142677331
2026-07-22 00:00:00,2026-07-22 13:57:00,283,NIFTY,OK,23982.65,1.9000000000014552,1398436,6760,1046584,214,830833,6760,307526,214,-6546,316.5,0.05750464208881727,0.07435988620199147,0.433297039862764,-1.1632240641456648,24000,23502352.5,0,0,0,0,24200,1514913.6500000001,1784708870068,2026-07-28 00:00:00,24000,17,6760,214,1391676,1046370,0.004857452453013489,0.0002045165667975955,6974,20502794,17276,140600,142.5,174,0.15000000000000568,0.44999999999998863,2178,1538,24200,24000,266804,206876,745,213,0.00280013079805607,0.0010306634472547094,0.6000000000000227,-0.8000000000000114,-0.7615329955637777
2026-07-22 00:00:00,2026-07-22 13:58:00,284,NIFTY,OK,23978.85,-3.8000000000029104,1394307,-4129,1047266,682,826704,-4129,308208,682,4811,315.9,0.06565234789211709,0.04371939237031723,0.4319586496831272,-1.8552185285068596,24000,23349192.8,0,0,0,0,24200,1488395.4000000001,1784708930105,2026-07-28 00:00:00,24000,17,-4129,682,1398436,1046584,-0.0029525841726042524,0.000651643824098209,-3447,20522489,19695,160295,142.4,173.5,-0.09999999999999432,-0.5,2202,2935,24200,24000,266715,206960,656,297,0.002465618528221184,0.0014371222715241722,-0.6000000000000227,-1.400000000000034,-1.188561526597909
2026-07-22 00:00:00,2026-07-22 13:59:00,285,NIFTY,OK,23977.25,-1.5999999999985448,1400851,6544,1047354,88,833248,6544,308296,88,-6456,317.75,0.06589031555772494,0.07950382176266017,0.43357359517183175,-0.4382089978976771,24000,23940003.5,0,0,0,0,24200,1537108.6500000001,1784708990826,2026-07-28 00:00:00,24000,17,6544,88,1394307,1047266,0.004693370972102987,0.00008402831754301199,6632,20568480,45991,161313,140.75,177,-1.6500000000000057,3.5,5209,6430,24200,24000,266981,207182,884,914,0.0033220968293517024,0.004431128434851746,1.8500000000000227,0.75,0.4790216658710975
2026-07-22 00:00:00,2026-07-22 14:00:00,286,NIFTY,OK,23977.75,0.5,1403052,2201,1047856,502,835449,2201,308798,502,-1699,318.4,0.07370166485237307,0.08108018335215572,0.4351619392162674,1.240049272449859,24000,24146448.75,0,0,0,0,24200,1570525,1784709050792,2026-07-28 00:00:00,24000,17,2201,502,1400851,1047354,0.001571187799416212,0.00047930308186152915,2703,20621394,52914,180636,140,178.4,-0.75,1.4000000000000057,5476,6838,24200,24000,267381,207629,1154,1374,0.004334646748827129,0.006661656687110615,0.6499999999999773,-0.05000000000006821,1.1973615396934734
2026-07-22 00:00:00,2026-07-22 14:01:00,287,NIFTY,OK,23979.05,1.2999999999992724,1402733,-319,1046642,-1214,835130,-319,307584,-1214,-895,315.65,0.09895422301607552,0.046741426543882234,0.43165569254675434,-1.7656087603930004,24000,23836501.5,0,0,0,0,24200,1488860.0999999999,1784709110311,2026-07-28 00:00:00,24000,17,-319,-1214,1403052,1047856,-0.00022736149479848217,-0.0011585561374845399,-1533,20727894,106500,242376,142.35,173.3,2.3499999999999943,-5.099999999999994,12665,15984,24200,24000,267263,207025,880,474,0.0033035141131378502,0.0022948327531699193,-2.75,-0.25,-1.4158006714855034
2026-07-22 00:00:00,2026-07-22 14:02:00,288,NIFTY,OK,23982.15,3.100000000002183,1403769,1036,1046019,-623,836166,1036,306961,-623,-1659,316.25,0.10126345626641979,0.019220071430299024,0.43205758151363427,-1.1438817501978966,24000,23901030.6,0,0,0,0,24200,1468022.4,1784709170043,2026-07-28 00:00:00,24000,17,1036,-623,1402733,1046642,0.0007385582288290073,-0.0005952369578136555,413,20750868,22974,248074,142.3,173.95,-0.04999999999998295,0.6499999999999773,2653,2931,24200,24000,267313,206904,509,28,0.001907767499737635,0.00013534677777992613,0.6000000000000227,-0.25,-0.6705087622145165
2026-07-22 00:00:00,2026-07-22 14:03:00,289,NIFTY,OK,23980.25,-1.9000000000014552,1407202,3433,1047374,1355,839599,3433,308316,1355,-2078,315.65,0.11259215440874513,0.04704992654668085,0.43162993727085014,-1.2060277085913254,24000,23902340.650000002,0,0,0,0,24200,1424436.75,1784709231274,2026-07-28 00:00:00,24000,17,3433,1355,1403769,1046019,0.0024455590627802722,0.0012953875598817994,4788,20798855,47987,276366,143.3,172.35,1,-1.5999999999999943,4876,6648,24200,24000,267441,207387,726,427,0.002722006636297171,0.0020632006184770004,-0.6000000000000227,-0.25,-1.0511246580846798
2026-07-22 00:00:00,2026-07-22 14:04:00,290,NIFTY,OK,23975.95,-4.299999999999272,1409634,2432,1045082,-2292,842031,2432,306024,-2292,-4724,316.95,0.1078727640997981,0.024588647152346894,0.43294476607729626,-0.10034400457471132,24000,24626766.65,0,0,0,0,24200,1541444.25,1784709290645,2026-07-28 00:00:00,24000,17,2432,-2292,1407202,1047374,0.0017282522338655005,-0.00218833005211128,140,20833277,34422,264797,140.2,176.75,-3.1000000000000227,4.400000000000006,3935,4478,24000,24000,267918,207104,0,-78,0,-0.0003764805822899673,1.3000000000000114,-0.8000000000000114,0.20180183819887174
2026-07-22 00:00:00,2026-07-22 14:05:00,291,NIFTY,OK,23975.95,0,1409634,0,1045082,0,842031,0,306024,0,0,316.95,0.08631670629107399,0.017972182761240872,0.43294476607729626,0.10066300629814232,24000,24626766.65,0,0,0,0,24200,1541444.25,1784709350708,2026-07-28 00:00:00,24000,17,0,0,1409634,1045082,0,0,0,20833277,0,211883,140.2,176.75,0,0,0,0,24000,24000,267918,207104,0,-525,0,-0.002528548516825684,0,-1.4499999999999886,0.4096202027643404
2026-07-22 00:00:00,2026-07-22 14:06:00,292,NIFTY,OK,23976.95,1,1413219,3585,1047248,2166,845616,3585,308190,2166,-1419,315.65,0.06387649173916984,0.07057506076377842,0.4325507455206115,-0.22167626554455608,24000,24654961.5,0,0,0,0,24200,1502597.25,1784709412082,2026-07-28 00:00:00,24000,17,3585,2166,1409634,1045082,0.00254321334474055,0.002072564640860717,5751,20885060,51783,157166,141,174.65,0.8000000000000114,-2.0999999999999943,6107,6778,24000,24000,269391,207664,0,639,0,0.003086583745924405,-1.3000000000000114,0,-1.0150857425085213
2026-07-22 00:00:00,2026-07-22 14:07:00,293,NIFTY,OK,23976.95,0,1413219,0,1047248,0,845616,0,308190,0,0,315.65,0.05453923990852143,0.0795800047692858,0.4325507455206115,-0.15069741884105145,24000,24654961.5,0,0,0,0,24200,1502597.25,1784709469843,2026-07-28 00:00:00,24000,17,0,0,1413219,1047248,0,0,0,20885060,0,134192,141,174.65,0,0,0,0,24000,24000,269391,207664,0,760,0,0.003673201098093802,0,-0.6000000000000227,-0.8804910339973786
2026-07-22 00:00:00,2026-07-22 14:08:00,294,NIFTY,OK,23977.5,0.5499999999992724,1417525,4306,1048042,794,849922,4306,308984,794,-3512,315.95,0.0611453673739144,0.07290492046856552,0.43182709349561615,-0.8459270356692984,24000,25061075.200000003,0,0,0,0,24200,1457053.2000000002,1784709529989,2026-07-28 00:00:00,24000,17,4306,794,1413219,1047248,0.003046944599527745,0.0007581776236383359,5100,20949613,64553,150758,139.85,176.1,-1.1500000000000057,1.4499999999999886,8062,8463,24000,24000,270813,208258,0,871,0,0.004199877523663489,0.30000000000001137,0.30000000000001137,-0.569334212566717
2026-07-22 00:00:00,2026-07-22 14:09:00,295,NIFTY,OK,23978.75,1.25,1419048,1523,1043358,-4684,851445,1523,304300,-4684,-6207,314.35,0.06619460803782967,0.04717849298764402,0.4301103189965851,-1.8190106909197672,24000,24639790.2,0,0,0,0,24200,1515593.95,1784709590698,2026-07-28 00:00:00,24000,17,1523,-4684,1417525,1048042,0.001074407858767923,-0.004469286536226602,-3161,20996275,46662,162998,142.45,171.9,2.5999999999999943,-4.199999999999989,5078,6017,24000,24000,271574,207830,3656,726,0.013645966303122597,0.0035054851668726824,-1.599999999999966,-2.599999999999966,-1.7408119649605875
2026-07-22 00:00:00,2026-07-22 14:10:00,296,NIFTY,OK,23977.5,-1.25,1419075,27,1043305,-53,851472,27,304247,-53,-80,315.25,0.07613203486058204,0.04088207995049769,0.4308630143442946,-1.2154504224100067,24000,24988090.95,0,0,0,0,24200,1551916.65,1784709650752,2026-07-28 00:00:00,24000,17,27,-53,1419048,1043358,0.00001902684052970724,-0.00005079752108097125,-26,21020743,24468,187466,140.7,174.55,-1.75,2.6500000000000057,2996,3668,24000,24000,271574,207830,3656,726,0.013645966303122597,0.0035054851668726824,0.8999999999999773,-1.6999999999999886,-0.79251539871907
2026-07-22 00:00:00,2026-07-22 14:11:00,297,NIFTY,OK,23977.5,0,1419075,0,1043305,0,851472,0,304247,0,0,315.25,0.0551023806236243,0.01409903967335628,0.4308630143442946,-1.056919787767096,24000,24988090.95,0,0,0,0,24200,1551916.65,1784709709970,2026-07-28 00:00:00,24000,17,0,0,1419075,1043305,0,0,0,21020743,0,135683,140.7,174.55,0,0,0,0,24000,24000,271574,207830,2183,166,0.008103462996165425,0.0007993682101856846,0,-0.39999999999997726,-0.718787071887711
2026-07-22 00:00:00,2026-07-22 14:12:00,298,NIFTY,OK,23977.35,-0.1500000000014552,1422197,3122,1043372,67,854594,3122,304314,67,-3055,314.45,0.06490063754046227,0.03188411231306674,0.4303337657742656,-1.3055495542215882,24000,24940032,0,0,0,0,24200,1536019.2,1784709769854,2026-07-28 00:00:00,24000,17,3122,67,1419075,1043305,0.0022000246639536317,0.00006421899636252103,3189,21045077,24334,160017,141.45,173,0.75,-1.5500000000000114,2602,2813,24000,24000,272385,207367,2994,-297,0.011113957036426607,-0.0014301949302719778,-0.8000000000000114,-1.1999999999999886,-1.3960712960774189
2026-07-22 00:00:00,2026-07-22 14:13:00,299,NIFTY,OK,23970.9,-6.44999999999709,1332666,689,1050814,1299,827770,-26824,307986,3672,610,316.8,0.06254132612818232,0.013349791367582145,0.4329318904358446,1.049777456859889,24000,25594505.950000003,0,0,0,0,24200,1636575.2999999998,1784709829856,2026-07-28 00:00:00,23950,16,689,1299,1331344,1026261,0.0005175221430374119,0.00126575987979666,1988,20860705,53602,149066,161.65,155.15,-4.349999999999994,6.099999999999994,2635,4405,24000,23700,272424,93825,1611,0,0.005948754306477164,0,2.3500000000000227,0.8500000000000227,1.1881354734167766
2026-07-22 00:00:00,2026-07-22 14:14:00,300,NIFTY,OK,23977.05,6.149999999997817,1417389,-5002,1042054,-2644,849786,22016,302996,-4990,2358,314.15,0.09613030267422339,0.010552940231022684,0.43050152083185966,-0.9742931757142624,24000,24946664.6,0,0,0,0,24200,1564004.25,1784709889913,2026-07-28 00:00:00,24000,16,-5002,-2644,1332033,1027560,-0.0037551622219569635,-0.002573085756549496,-7646,21236894,134023,236427,140.3,173.85,2.1000000000000227,-5.450000000000017,16361,15309,24000,24000,270613,206704,-961,-1126,-0.003538630354894062,-0.005417889621325121,-2.650000000000034,-0.20000000000004547,-1.4144560697796749
2026-07-22 00:00:00,2026-07-22 14:15:00,301,NIFTY,OK,23975.35,-1.7000000000007276,1418816,1427,1041788,-266,851213,1427,302730,-266,-1693,315.85,0.10312955680800324,0.005154456358542093,0.43281094741454146,1.2078224535256854,24000,25228446.75,0,0,0,0,24200,1625922.2500000002,1784709950276,2026-07-28 00:00:00,24000,17,1427,-266,1417389,1042054,0.0010067807778951297,-0.00025526508223182293,1161,21278696,41802,253761,139.5,176.35,-0.8000000000000114,2.5,5555,4943,24000,24000,271586,206304,12,-1526,0.0000441868514658988,-0.007342539575614685,1.7000000000000455,0.6000000000000227,0.6561574442278844
2026-07-22 00:00:00,2026-07-22 14:16:00,302,NIFTY,OK,23975.5,0.1500000000014552,1420811,1995,1042940,1152,853208,1995,303882,1152,-843,316.6,0.11569594492300561,0.006451590269640689,0.43345942228335627,1.5635490662111218,24000,25628811,0,0,0,0,24200,1629591,1784710010496,2026-07-28 00:00:00,24000,17,1995,1152,1418816,1041788,0.001406101989264288,0.001105791197441322,3147,21309981,31285,285046,137.75,178.85,-1.75,2.5,3753,3488,24000,24000,271991,206323,417,-1507,0.0015354930884399832,-0.007251118702785931,0.75,1.3500000000000227,1.3446499456822922
2026-07-22 00:00:00,2026-07-22 14:17:00,303,NIFTY,OK,23986.1,10.599999999998545,1421875,1064,1044161,1221,854272,1064,305103,1221,157,313.8,0.13374987226463847,0.0028347764922748552,0.4311685449852041,-0.28009159414967133,24000,24714067.2,0,0,0,0,24200,1516995.9000000001,1784710070557,2026-07-28 00:00:00,24000,17,1064,1221,1420811,1042940,0.0007488680760495239,0.0011707289009914282,2285,21379101,69120,329832,142.65,171.15,4.900000000000006,-7.699999999999989,7413,8425,24000,24000,272497,206486,112,-881,0.0004111827009563669,-0.004248506271489678,-2.8000000000000114,-0.6499999999999773,-1.4569041917311052
2026-07-22 00:00:00,2026-07-22 14:18:00,304,NIFTY,OK,23983.7,-2.399999999997817,1422513,638,1036248,-7913,854910,638,297190,-7913,-8551,313.6,0.14851057097456807,0.022806940671282097,0.430041687352735,-1.049158511928547,24000,24543120,0,0,0,0,24200,1529398.8,1784710129890,2026-07-28 00:00:00,24000,17,638,-7913,1421875,1044161,0.0004487032967032967,-0.007578333226389417,-7275,21468023,88922,365152,143.75,169.85,1.0999999999999943,-1.3000000000000114,12112,9862,24000,24000,272897,205197,473,0,0.0017362640589669044,0,-0.19999999999998863,-3.1999999999999886,-1.315174913489106
2026-07-22 00:00:00,2026-07-22 14:19:00,305,NIFTY,OK,23984.4,0.7000000000007276,1428171,5658,1036800,552,860568,5658,297742,552,-5106,314.45,0.12617511524476352,0.017773890900205133,0.4308740889987252,-0.4432944816954732,24000,24843054,0,0,0,0,24200,1604743.8,1784710190077,2026-07-28 00:00:00,24000,17,5658,552,1422513,1036248,0.00397746804422877,0.0005326910160502119,6210,21547912,79889,311018,143.45,171,-0.30000000000001137,1.1500000000000057,9785,8477,24000,24000,274850,205281,4237,-1423,0.015657045300853985,-0.00688424026627448,0.8499999999999659,0.30000000000001137,-0.5345342355750816
2026-07-22 00:00:00,2026-07-22 14:20:00,306,NIFTY,OK,23984.4,0,1428171,0,1036800,0,860568,0,297742,0,0,314.45,0.10921670072386247,0.01622117556163081,0.4308740889987252,-0.4444474707221304,24000,24843054,0,0,0,0,24200,1604743.8,1784710250363,2026-07-28 00:00:00,24000,17,0,0,1428171,1036800,0,0,0,21547912,0,269216,143.45,171,0,0,0,0,24000,24000,274850,205281,3264,-1023,0.01201829254821677,-0.004958701721731038,0,-1.400000000000034,-0.45536594994796203
2026-07-22 00:00:00,2026-07-22 14:21:00,307,NIFTY,OK,23978.35,-6.05000000000291,1430181,2010,1039959,3159,862578,2010,300901,3159,1149,315.7,0.11996405062061259,0.021560568019221942,0.4317687944708989,0.2558690307154725,24000,25272551.7,0,0,0,0,24200,1674187.0999999999,1784710310083,2026-07-28 00:00:00,24000,17,2010,3159,1428171,1036800,0.001407394492676297,0.003046875,5169,21606309,58397,296328,141.95,173.75,-1.5,2.75,7986,6694,24000,24000,275864,206229,3873,-94,0.01423944174623425,-0.00045559632227139003,1.25,-0.9000000000000341,0.6516108235378434
2026-07-22 00:00:00,2026-07-22 14:22:00,308,NIFTY,OK,23980.6,2.25,1430949,768,1039131,-828,863346,768,300073,-828,-1596,316,0.10737344539448115,0.015247661384279526,0.43310465808351317,1.1572993993464826,24000,25581209.150000002,0,0,0,0,24200,1710438.6,1784710369924,2026-07-28 00:00:00,24000,17,768,-828,1430181,1039959,0.0005369949677698138,-0.00079618523422558,-60,21644322,38013,265221,140.6,175.4,-1.3499999999999943,1.6500000000000057,3965,4775,24000,24000,276136,206488,3639,2,0.01335427545991332,0.000009685886694497448,0.30000000000001137,2.1999999999999886,0.7678571428571519
2026-07-22 00:00:00,2026-07-22 14:23:00,309,NIFTY,OK,23978.75,-1.8499999999985448,1430280,-669,1040149,1018,862677,-669,301091,1018,1687,317.5,0.09261751703853865,0.05099538908677695,0.43492135322389375,2.0070688950709905,24000,25714612.2,0,0,0,0,24200,1910520,1784710430675,2026-07-28 00:00:00,24000,17,-669,1018,1430949,1039131,-0.0004675219032963439,0.0009796647390944934,349,21696828,52506,228805,139.65,177.85,-0.9499999999999886,2.4499999999999886,5874,6478,24000,24000,275662,206883,2765,1686,0.010132027834677553,0.008216494393192882,1.5,3.8999999999999773,1.850810994964541
2026-07-22 00:00:00,2026-07-22 14:24:00,310,NIFTY,OK,23979.7,0.9500000000007276,1430656,376,1041531,1382,863053,376,302473,1382,1006,316.85,0.062294235832483544,0.04685623007344013,0.43393895803364835,1.0941847751940403,24000,25519705,0,0,0,0,24200,1879470.0999999999,1784710489993,2026-07-28 00:00:00,24000,17,376,1382,1430280,1040149,0.00026288558883575243,0.001328655798351967,1758,21701915,5087,154003,140.5,176.35,0.8499999999999943,-1.5,499,835,24000,24000,275485,206952,635,1671,0.0023103511006003275,0.008140061671562395,-0.6499999999999773,2.400000000000034,1.0781721092839522
2026-07-22 00:00:00,2026-07-22 14:25:00,311,NIFTY,OK,23980.2,0.5,1430718,62,1041531,0,863115,62,302473,0,-62,316.5,0.07189486172307077,0.040946990581854595,0.43355215285547744,0.7660881958589327,24000,25357353,0,0,0,0,24200,1842672.2,1784710550404,2026-07-28 00:00:00,24000,17,62,0,1430656,1041531,0.00004333676299543706,0,62,21725654,23739,177742,141.3,175.2,0.8000000000000114,-1.1500000000000057,2993,2640,24000,24000,275485,206952,635,1671,0.0023103511006003275,0.008140061671562395,-0.35000000000002274,2.0500000000000114,0.7322954297628074
2026-07-22 00:00:00,2026-07-22 14:26:00,312,NIFTY,OK,23978.35,-1.8500000000021828,1434118,3400,1043154,1623,866515,3400,304096,1623,-1777,317.25,0.0690533780707165,0.041691998316419586,0.4347663230508712,1.349412818251955,24000,26070837.299999997,0,0,0,0,24200,1890720.9000000001,1784710611180,2026-07-28 00:00:00,24000,17,3400,1623,1430718,1041531,0.0023764291775178617,0.0015582829507715084,5023,21777373,51719,171064,138.9,178.35,-2.4000000000000057,3.1500000000000057,5196,6116,24000,24000,277263,207167,1399,938,0.005071339500623496,0.004548341891780497,0.75,1.5500000000000114,1.197399317718528
2026-07-22 00:00:00,2026-07-22 14:27:00,313,NIFTY,OK,23976.7,-1.6499999999978172,1435765,1647,1042062,-1092,868162,1647,303004,-1092,-2739,317.1,0.06258023663476102,0.04996033870104409,0.4338151418079538,0.6336171983666055,24000,26257997.900000002,0,0,0,0,24200,1880476.5,1784710671206,2026-07-28 00:00:00,24000,17,1647,-1092,1434118,1043154,0.001148441062729845,-0.0010468253009622741,555,21799385,22012,155063,138.35,178.75,-0.5500000000000114,0.4000000000000057,2235,2427,24000,24000,277846,207122,1710,634,0.006192600747457775,0.003070396342644609,-0.14999999999997726,1.1000000000000227,0.899955190623758
2026-07-22 00:00:00,2026-07-22 14:28:00,314,NIFTY,OK,23976.95,0.25,1435937,172,1042367,305,868334,172,303309,305,133,316.65,0.055326545895903,0.05743312231978762,0.43319879225919494,0.08469190602976343,24000,25945390.35,0,0,0,0,24200,1825272.9000000001,1784710732314,2026-07-28 00:00:00,24000,17,172,305,1435765,1042062,0.00011979676339790983,0.0002926889187015744,477,21833944,34559,137116,139.8,176.85,1.450000000000017,-1.9000000000000057,3157,4256,24000,24000,277728,206810,2066,-73,0.007494685520673869,-0.000352856445430509,-0.4500000000000455,-0.8500000000000227,0.391304347826058
2026-07-22 00:00:00,2026-07-22 14:29:00,315,NIFTY,OK,23974.85,-2.100000000002183,1348274,1600,1048421,966,843378,-24956,305593,2284,-634,315.85,0.06266170705909596,0.05781690093953296,0.4320909318794264,-0.9032290571835176,24000,26158301.400000002,0,0,0,0,24200,1846917.9000000001,1784710790452,2026-07-28 00:00:00,23950,16,1600,966,1346040,1025323,0.001188671956256872,0.0009421421347224241,2566,21605727,18152,150181,162.65,153.2,-0.799999999999983,0.8499999999999943,556,1222,24000,23800,278597,95691,3112,0,0.011296440822549322,0,-0.7999999999999545,-1,-0.6198239579653028
2026-07-22 00:00:00,2026-07-22 14:30:00,316,NIFTY,OK,23971.85,-3,1347841,-433,1047016,-1405,842945,-433,304188,-1405,-972,315.7,0.07641792390944428,0.03706354843997596,0.4328230826449517,-0.5898000706707982,24000,26634961.8,0,0,0,0,24200,1936233.9000000001,1784710851644,2026-07-28 00:00:00,23950,17,-433,-1405,1348274,1048421,-0.0003211513386744831,-0.0013401105090416923,-1838,21662295,56568,183010,160.1,155.6,-2.5500000000000114,2.4000000000000057,2730,5048,24000,23800,278141,95606,2656,0,0.009641178285569088,0,-0.1500000000000341,-0.8000000000000114,-1.2776915299410094
2026-07-22 00:00:00,2026-07-22 14:31:00,317,NIFTY,OK,23969.9,-1.9499999999970896,1347603,-238,1041857,-5159,842707,-238,299029,-5159,-4921,317.29999999999995,0.09827325002301775,0.01548845924537944,0.4346644594024766,1.1195698630876574,24000,26886397.249999996,0,0,0,0,24200,2007384.4,1784710911779,2026-07-28 00:00:00,23950,17,-238,-5159,1347841,1047016,-0.00017657869140351126,-0.004927336353981219,-5397,21765824,103529,234820,159.1,158.2,-1,2.5999999999999943,3636,9729,24000,23800,278650,94802,1387,0,0.005002470578476032,0,1.599999999999966,0.049999999999954525,1.031401894834363
2026-07-22 00:00:00,2026-07-22 14:32:00,318,NIFTY,OK,23971.45,1.5499999999992724,1348169,566,1038431,-3426,843273,566,295603,-3426,-3992,316.25,0.12099932959021202,0.02442022737267857,0.4341661198087558,0.43318971866988315,24000,26723483.6,0,0,0,0,24200,2036573.45,1784710971268,2026-07-28 00:00:00,23950,17,566,-3426,1347603,1041857,0.00042000500147298573,-0.0032883591510159266,-2860,21841793,75969,288777,160.3,155.95,1.200000000000017,-2.25,3527,7818,24000,23800,278427,94873,581,0,0.002091086429172995,0,-1.0499999999999545,-0.8500000000000227,-0.7573713836993604
2026-07-22 00:00:00,2026-07-22 14:33:00,319,NIFTY,OK,23971.45,0,1348169,0,1038431,0,843273,0,295603,0,0,316.25,0.10651889717589877,0.02961631355765524,0.4341661198087558,0.5688503144649922,24000,26723483.6,0,0,0,0,24200,2036573.45,1784711030341,2026-07-28 00:00:00,23950,17,0,0,1348169,1038431,0,0,0,21841793,0,254218,160.3,155.95,0,0,0,0,24000,23800,278427,94873,699,0,0.002516851019702731,0,0,-0.39999999999997726,-0.5998360047605998
2026-07-22 00:00:00,2026-07-22 14:34:00,320,NIFTY,OK,23978.9,7.450000000000728,1440599,5052,1031364,-1914,872996,29723,292306,-3297,-6966,315.45,0.13194453153222763,0.02132989128101986,0.43238053437208573,-1.3470204818806006,24000,26094316.599999998,0,0,0,0,24200,1917271.8,1784711090221,2026-07-28 00:00:00,24000,16,5052,-1914,1347537,1016274,0.0037490621778845405,-0.0018833503563015486,3138,22183093,90096,326162,140.45,175,4,-7.150000000000006,9160,11564,24000,24000,279972,202889,1375,0,0.0049354443874126425,0,-0.8000000000000114,-0.4000000000000341,-1.5843589913547063
2026-07-22 00:00:00,2026-07-22 14:35:00,321,NIFTY,OK,23978.9,0,1440599,0,1031364,0,872996,0,292306,0,0,315.45,0.10906069386960889,0.018987811301438458,0.43238053437208573,-1.1249457144695447,24000,26094316.599999998,0,0,0,0,24200,1917271.8,1784711150402,2026-07-28 00:00:00,24000,17,0,0,1440599,1031364,0,0,0,22183093,0,269594,140.45,175,0,0,0,0,24000,24000,279972,202889,1831,0,0.006582992079556772,0,0,-0.25,-1.2802403105965845
2026-07-22 00:00:00,2026-07-22 14:36:00,322,NIFTY,OK,23989.2,10.299999999999272,1438942,-1657,1025103,-6261,871339,-1657,286045,-6261,-4604,314.4,0.11146427926438032,0.027816918074807122,0.4324024805275446,-0.9165180197711067,24000,25237450.15,0,0,0,0,24200,1808464.5,1784711210475,2026-07-28 00:00:00,24000,17,-1657,-6261,1440599,1031364,-0.001150215986544486,-0.00607060164985398,-7918,22291681,108588,274653,144.4,170,3.950000000000017,-5,16139,11595,24000,24000,279664,203766,1014,0,0.003638973622824332,0,-1.0500000000000114,-2.8999999999999773,-2.002234554344855
2026-07-22 00:00:00,2026-07-22 14:37:00,323,NIFTY,OK,23989.2,0,1438942,0,1025103,0,871339,0,286045,0,0,314.4,0.08063326765542025,0.02405830363793763,0.4324024805275446,-0.7519286122722166,24000,25237450.15,0,0,0,0,24200,1808464.5,1784711271217,2026-07-28 00:00:00,24000,17,0,0,1438942,1025103,0,0,0,22291681,0,198684,144.4,170,0,0,0,0,24000,24000,279664,203766,1237,0,0.004442816249860825,0,0,-1.8500000000000227,-1.5771106581639676
2026-07-22 00:00:00,2026-07-22 14:38:00,324,NIFTY,OK,23990.7,1.5,1439694,752,1024358,-745,872091,752,285300,-745,-1497,313.8,0.10838732299480693,0.017871585190510426,0.4320445640371996,-0.9719373867762157,24000,25383017.400000002,0,0,0,0,24200,1819046.8,1784711330630,2026-07-28 00:00:00,24000,17,752,-745,1438942,1025103,0.0005226061926054004,-0.0007267562381536295,7,22360069,68388,267072,144.05,169.75,-0.3499999999999943,-0.25,9186,7976,24000,24000,280262,204306,1835,0,0.006590596457958459,0,-0.5999999999999659,-2.4499999999999886,-1.6986223695454798
2026-07-22 00:00:00,2026-07-22 14:39:00,325,NIFTY,OK,23988.05,-2.650000000001455,1438888,-806,1025778,1420,871285,-806,286720,1420,2226,314.95000000000005,0.09001016770629368,0.03289233473821813,0.43286359175662414,-0.1862418440013577,24000,25417600,0,0,0,0,24200,1831738.9500000002,1784711389998,2026-07-28 00:00:00,24000,17,-806,1420,1439694,1024358,-0.0005598411884747732,0.0013862341095593532,614,22404938,44869,221845,144.05,170.9,0,1.1500000000000057,7135,4123,24000,24000,280545,205156,573,2267,0.0020466332347520468,0.011173597385762658,1.150000000000034,-0.49999999999994316,-0.4469653816683627
2026-07-22 00:00:00,2026-07-22 14:40:00,326,NIFTY,OK,23983.15,-4.899999999997817,1430012,-8876,1029636,3858,862409,-8876,290578,3858,12734,314.9,0.12485363759367193,0.04010146664235288,0.4315363457760317,-1.3680196822464252,24000,25311082.5,0,0,0,0,24200,1870562.4000000001,1784711449722,2026-07-28 00:00:00,24000,17,-8876,3858,1438888,1025778,-0.006168652459399203,0.003761047712078052,-5018,22490189,85251,307096,142.5,172.4,-1.5500000000000114,1.5,11304,11276,24000,24000,277079,206640,-2893,3751,-0.010333176174760332,0.018487941682397764,-0.05000000000006821,-0.5500000000000114,-0.41499481259728715
2026-07-22 00:00:00,2026-07-22 14:41:00,327,NIFTY,OK,23979.35,-3.8000000000029104,1428740,-1272,1030507,871,861137,-1272,291449,871,2143,313.79999999999995,0.09805928400034644,0.01989616507430998,0.4303212914595001,-1.9914135218264506,24000,25423519.65,0,0,0,0,24200,1861405.6500000001,1784711510330,2026-07-28 00:00:00,24000,17,-1272,871,1430012,1029636,-0.0008895030251494393,0.000845930017986939,-401,22532833,42644,241152,141.7,172.1,-0.8000000000000114,-0.30000000000001137,4516,5602,24000,24000,276668,207421,-2996,3655,-0.010712855426511814,0.017937241738072103,-1.1000000000000227,-0.6000000000000227,-1.3796646812638882
2026-07-22 00:00:00,2026-07-22 14:42:00,328,NIFTY,OK,23979.35,0,1428740,0,1030507,0,861137,0,291449,0,0,313.79999999999995,0.09805928400034644,0.01989616507430998,0.4303212914595001,-1.6182284979209511,24000,25423519.65,0,0,0,0,24200,1861405.6500000001,1784711570248,2026-07-28 00:00:00,24000,17,0,0,1428740,1030507,0,0,0,22532833,0,241152,141.7,172.1,0,0,0,0,24000,24000,276668,207421,-2996,3655,-0.010712855426511814,0.017937241738072103,0,-0.6000000000000227,-1.1650237370500318
2026-07-22 00:00:00,2026-07-22 14:43:00,329,NIFTY,OK,23975.15,-4.19999999999709,1420691,-8049,1032577,2070,853088,-8049,293519,2070,10119,316.05,0.11780164254374166,0.03731500801040834,0.43172144576046684,-0.13840337192403296,24000,25636294,0,0,0,0,24200,1985872,1784711632160,2026-07-28 00:00:00,24000,17,-8049,2070,1428740,1030507,-0.005633635231042737,0.0020087199795828657,-5979,22649068,116235,288999,139,177.05,-2.6999999999999886,4.950000000000017,12724,15461,24000,24000,274009,208571,-6253,4265,-0.022311265886920097,0.020875549420966588,2.250000000000057,2.25,1.7944259985608098
2026-07-22 00:00:00,2026-07-22 14:44:00,330,NIFTY,OK,23975.15,0,1420691,0,1032577,0,853088,0,293519,0,0,316.05,0.09951216092167672,0.046688239872199236,0.43172144576046684,-0.06120427883954206,24000,25636294,0,0,0,0,24200,1985872,1784711690275,2026-07-28 00:00:00,24000,17,0,0,1420691,1032577,0,0,0,22649068,0,244130,139,177.05,0,0,0,0,24000,24000,274009,208571,-6536,3415,-0.023297510203354185,0.016645869484684824,0,1.099999999999966,1.5547811958960411
2026-07-22 00:00:00,2026-07-22 14:45:00,331,NIFTY,OK,23975.85,0.6999999999970896,1422573,1882,1030999,-1578,854970,1882,291941,-1578,-3460,315.85,0.07433855619480496,0.03331231667534746,0.43270720826485065,1.0645678780917163,24000,26045515.500000004,0,0,0,0,24200,2023390.1,1784711749344,2026-07-28 00:00:00,24000,17,1882,-1578,1420691,1032577,0.001324707483893401,-0.00152821532922,304,22672584,23516,182395,137.7,178.15,-1.3000000000000114,1.0999999999999943,2598,3114,24000,24000,275155,208499,-1924,1859,-0.006943867994326528,0.008996322106078203,-0.19999999999998863,0.9500000000000455,1.2060205172909046
2026-07-22 00:00:00,2026-07-22 14:46:00,332,NIFTY,OK,23977.65,1.8000000000029104,1420534,-2039,1026291,-4708,852931,-2039,287233,-4708,-2669,316.65,0.09746835184371584,0.052086478145650934,0.43269147944840797,0.983588285843973,24000,25496078,0,0,0,0,24200,1974757.2000000002,1784711812809,2026-07-28 00:00:00,24000,17,-2039,-4708,1422573,1030999,-0.0014333183604637513,-0.004566444778316953,-6747,22771321,98737,238488,140.75,175.9,3.0500000000000114,-2.25,9931,11689,24000,24000,275701,208402,-967,981,-0.0034951638787282953,0.004729511476658583,0.7999999999999545,2.8500000000000227,1.5983499170615512
2026-07-22 00:00:00,2026-07-22 14:47:00,333,NIFTY,OK,23977.65,0,1420534,0,1026291,0,852931,0,287233,0,0,316.65,0.09746835184371584,0.052086478145650934,0.43269147944840797,0.9262078374987582,24000,25496078,0,0,0,0,24200,1974757.2000000002,1784711869684,2026-07-28 00:00:00,24000,17,0,0,1420534,1026291,0,0,0,22771321,0,238488,140.75,175.9,0,0,0,0,24000,24000,275701,208402,-967,981,-0.0034951638787282953,0.004729511476658583,0,2.8500000000000227,1.2737804191819393
2026-07-22 00:00:00,2026-07-22 14:48:00,334,NIFTY,OK,23978.45,0.7999999999992724,1420271,-263,1025057,-1234,852668,-263,285999,-1234,-971,316.79999999999995,0.0596831999633587,0.054404056322587276,0.43301656386009973,1.1008520325436084,24000,25451880.650000002,0,0,0,0,24200,1979181.9,1784711930339,2026-07-28 00:00:00,24000,17,-263,-1234,1420534,1026291,-0.00018514164391700587,-0.001202388016654146,-1497,22795013,23692,145945,141.1,175.7,0.3499999999999943,-0.20000000000001705,2550,3133,24000,24000,275916,208316,1907,-255,0.006959625413763782,-0.0012226052519285998,0.14999999999997726,0.7499999999999432,1.166645926478937
2026-07-22 00:00:00,2026-07-22 14:49:00,335,NIFTY,OK,23980.9,2.4500000000007276,1417621,-2650,1026503,1446,850018,-2650,287445,1446,4096,315.75,0.06716189522299196,0.0557044690287051,0.4328629521966358,0.9410459051255126,24000,25480014,0,0,0,0,24200,1963464.6,1784711990956,2026-07-28 00:00:00,24000,17,-2650,1446,1420271,1025057,-0.0018658410965231283,0.0014106532612332778,-1204,22813220,18207,164152,140.75,175,-0.3499999999999943,-0.6999999999999886,1660,2572,24000,24000,275573,208999,1564,428,0.005707841713228397,0.00205205901108016,-1.0499999999999545,-0.30000000000001137,0.11391948737358969
2026-07-22 00:00:00,2026-07-22 14:50:00,336,NIFTY,OK,23983.3,2.399999999997817,1414735,-2886,1027333,830,847132,-2886,288275,830,3716,315.25,0.08319874794641263,0.056620582054071084,0.4325365382955853,0.49557632689844133,24000,24970203.5,0,0,0,0,24200,1961449.5499999998,1784712051472,2026-07-28 00:00:00,24000,17,-2886,830,1417621,1026503,-0.002035805056499586,0.0008085704571735299,-2056,22875761,62541,203177,143,172.25,2.25,-2.75,7632,8610,24000,24000,275143,210107,-12,1608,-0.00004361178244989188,0.00771226720511849,-0.5,-0.6000000000000227,-0.4012847230484536
2026-07-22 00:00:00,2026-07-22 14:51:00,337,NIFTY,OK,23985.75,2.4500000000007276,1413624,-1111,1027771,438,846021,-1111,288713,438,1549,315.25,0.04282019091543974,0.0519413435876833,0.4329431884148923,0.7801853738932667,24000,24939514.25,0,0,0,0,24200,1969067.8499999999,1784712109622,2026-07-28 00:00:00,24000,17,-1111,438,1414735,1027333,-0.0007853060820577706,0.00042634666656283794,-673,22875862,101,104541,143,172.25,0,0,0,0,24000,24000,274894,210799,-807,2397,-0.0029270840512003946,0.011501809003752363,0,-1.3999999999999773,-0.6609308904957557
2026-07-22 00:00:00,2026-07-22 14:52:00,338,NIFTY,OK,23986.15,0.4000000000014552,1414430,806,1027353,-418,846827,806,288295,-418,-1224,314.6,0.07042722469605202,0.029319408262002234,0.43223541056236814,-0.6212453130534701,24000,24994418.8,0,0,0,0,24200,1925903.4000000001,1784712169888,2026-07-28 00:00:00,24000,17,806,-418,1413624,1027771,0.0005701657583629027,-0.0004067053847598346,388,22943289,67427,171968,143.35,171.25,0.3499999999999943,-1,8352,7902,24000,24000,275917,211004,216,2602,0.0007834574412134885,0.012485484784215123,-0.6499999999999773,-2.0499999999999545,-1.9147391574254045
2026-07-22 00:00:00,2026-07-22 14:53:00,339,NIFTY,OK,23989.35,3.1999999999970896,1415031,601,1027232,-121,847428,601,288174,-121,-722,314.2,0.07518641522227541,0.01669162695711368,0.432649020670799,0.12064425949019152,24000,25158610.05,0,0,0,0,24200,1975896.6,1784712230080,2026-07-28 00:00:00,24000,17,601,-121,1414430,1027353,0.00042490614593864665,-0.00011777840722711668,480,22978638,35349,183625,142.7,171.5,-0.6500000000000057,0.25,6043,4424,24000,24000,276176,211517,260,3201,0.0009423157772655446,0.015366078457727682,-0.4000000000000341,-2.599999999999966,-1.7953279736573526
2026-07-22 00:00:00,2026-07-22 14:54:00,340,NIFTY,OK,23987.65,-1.6999999999970896,1406718,-8313,1027375,143,839115,-8313,288317,143,8456,313.9,0.09797119502007524,0.04206381488734479,0.4312871941811773,-2.695463938754617,24000,24479542.5,0,0,0,0,24200,1942817.8,1784712290477,2026-07-28 00:00:00,24000,17,-8313,143,1415031,1027232,-0.005874782955285079,0.0001392090589078222,-8170,23051691,73053,238471,143.75,170.15,1.0500000000000114,-1.3499999999999943,11361,9329,24000,24000,272378,211613,-3195,2614,-0.011594024087991204,0.012507236876731468,-0.30000000000001137,-1.8500000000000227,-1.6140676394129594
2026-07-22 00:00:00,2026-07-22 14:55:00,341,NIFTY,OK,23987.65,0,1406718,0,1027375,0,839115,0,288317,0,0,313.9,0.07227743557867346,0.045330529187745126,0.4312871941811773,-1.8778214565332865,24000,24479542.5,0,0,0,0,24200,1942817.8,1784712349789,2026-07-28 00:00:00,24000,17,0,0,1406718,1027375,0,0,0,23051691,0,175930,143.75,170.15,0,0,0,0,24000,24000,272378,211613,-2765,1506,-0.010049319808245166,0.007167776418681909,0,-1.3500000000000227,-1.2884534061536468
2026-07-22 00:00:00,2026-07-22 14:56:00,342,NIFTY,OK,23984.25,-3.400000000001455,1401411,-5307,1029727,2352,833808,-5307,290669,2352,7659,313.35,0.09223334915582744,0.04574280209782725,0.43141879938672006,-1.316637491773283,24000,24613584.45,0,0,0,0,24200,1950874.65,1784712411764,2026-07-28 00:00:00,24000,17,-5307,2352,1406718,1027375,-0.003772611141678716,0.00228932960214138,-2955,23100094,48403,224232,142.8,170.55,-0.9499999999999886,0.4000000000000057,7365,6487,24000,24000,271926,212160,-2968,1361,-0.010796888982662407,0.006456387364266434,-0.5499999999999545,-1.8999999999999773,-1.4398852763708054
2026-07-22 00:00:00,2026-07-22 14:57:00,343,NIFTY,OK,23977.25,-7,1396289,-5122,1031616,1889,828686,-5122,292558,1889,7011,314.25,0.08650750338254586,0.06607564561590615,0.4306000880171004,-1.8157835968091043,24000,24416197,0,0,0,0,24200,1991024.6999999997,1784712469445,2026-07-28 00:00:00,24000,17,-5122,1889,1401411,1029727,-0.0036548878237718987,0.0018344668052794576,-3233,23153321,53227,210032,142.75,171.5,-0.05000000000001137,0.9499999999999886,6945,7102,24000,24000,270247,213038,-5670,2034,-0.020549658049340926,0.009639627684783226,0.8999999999999773,-0.35000000000002274,-0.48288094653450203
2026-07-22 00:00:00,2026-07-22 14:58:00,344,NIFTY,OK,23977.75,0.5,1392518,-3771,1031684,68,824915,-3771,292626,68,3839,314.6,0.10974580501129856,0.06788675642558054,0.43124631992149165,-0.8390880321030406,24000,25121873.400000002,0,0,0,0,24200,2113467.8000000003,1784712530043,2026-07-28 00:00:00,24000,17,-3771,68,1396289,1031616,-0.002700730292940788,0.00006591599975184565,-3703,23244684,91363,266046,138.2,176.4,-4.550000000000011,4.900000000000006,11857,12039,24000,24000,268733,213353,-7443,1836,-0.026950205665952146,0.008680153368287183,0.35000000000002274,0.4000000000000341,0.13568313754883257
2026-07-22 00:00:00,2026-07-22 14:59:00,345,NIFTY,OK,23980.65,2.900000000001455,1392518,0,1031684,0,824915,0,292626,0,0,314.6,0.0796938538950137,0.05119724215037734,0.43167043527416654,-0.16234272028114155,24000,25121873.400000002,0,0,0,0,24200,2113467.8000000003,1784712589987,2026-07-28 00:00:00,24000,17,0,0,1392518,1031684,0,0,0,23244885,201,193194,138.2,176.4,0,0,0,0,24000,24000,268733,213353,-3645,1740,-0.013382138058139792,0.008222557215293956,0,0.7000000000000455,0.36956026701608313
2026-07-22 00:00:00,2026-07-22 15:00:00,346,NIFTY,OK,23985.05,4.399999999997817,1392825,307,1030793,-891,825222,307,291735,-891,-1198,314.7,0.1209472779951296,0.03573499812369938,0.43217856385527015,0.6180697852893702,24000,25063032.75,0,0,0,0,24200,2097592.25,1784712651357,2026-07-28 00:00:00,24000,17,307,-891,1392518,1031684,0.00022046393655234618,-0.0008636365398707357,-584,23344821,99936,293130,139,175.7,0.8000000000000114,-0.700000000000017,12222,11871,24000,24000,269504,213901,-2874,2288,-0.01055151297094479,0.010812190177352052,0.0999999999999659,0.8000000000000114,0.7220647865754949
2026-07-22 00:00:00,2026-07-22 15:01:00,347,NIFTY,OK,23984.4,-0.6499999999978172,1386096,-6729,1023366,-7427,818493,-6729,284308,-7427,-698,313.95000000000005,0.1986111422383918,0.04529554107651093,0.43141109311358905,-0.32944212126495964,24000,24794768.900000002,0,0,0,0,24200,2125964.2,1784712710636,2026-07-28 00:00:00,24000,17,-6729,-7427,1392825,1030793,-0.004831188412040278,-0.007205132359261268,-14156,23578640,233819,478546,140.3,173.65,1.3000000000000114,-2.049999999999983,28281,28478,24000,24000,269407,213235,-2519,1075,-0.009263549642182064,0.005066930618401207,-0.7499999999999432,0.6000000000000227,-0.6189666812846374
2026-07-22 00:00:00,2026-07-22 15:02:00,348,NIFTY,OK,23987.75,3.349999999998545,1380974,-5122,1024442,1076,813371,-5122,285384,1076,6198,313.15,0.19238834363785723,0.04859607497396137,0.4304915060502149,-1.5231276344281457,24000,24615593.75,0,0,0,0,24200,2117926.8,1784712770887,2026-07-28 00:00:00,24000,17,-5122,1076,1386096,1023366,-0.0036952707460377924,0.0010514322344107583,-4046,23616095,37455,462774,140,173.15,-0.30000000000001137,-0.5,4507,5572,24000,24000,267520,213019,-2727,-19,-0.010090768815194988,-0.00008918596682282034,-0.8000000000000682,-1.1000000000000227,-1.8407329714927556
2026-07-22 00:00:00,2026-07-22 15:03:00,349,NIFTY,OK,23987.75,0,1380974,0,1024442,0,813371,0,285384,0,0,313.15,0.1544061401437423,0.05058008513479676,0.4304915060502149,-1.3918877539613612,24000,24615593.75,0,0,0,0,24200,2117926.8,1784712830768,2026-07-28 00:00:00,24000,17,0,0,1380974,1024442,0,0,0,23616095,0,371411,140,173.15,0,0,0,0,24000,24000,267520,213019,-1213,-334,-0.004513773894534724,-0.001565480682249605,0,-1.4500000000000455,-1.4360696798512684
2026-07-22 00:00:00,2026-07-22 15:04:00,350,NIFTY,OK,23977.45,-10.299999999999272,1376904,-4070,1025458,1016,809301,-4070,286400,1016,5086,312.9,0.21074301042057775,0.04313809919787628,0.42860635503994576,-2.502580942343227,24000,24450241.2,0,0,0,0,24200,2150576,1784712890760,2026-07-28 00:00:00,24000,17,-4070,1016,1380974,1024442,-0.0029471952404607183,0.000991759416345679,-3054,23751166,135071,506281,139.9,173,-0.09999999999999432,-0.15000000000000568,17356,15933,24000,24000,266057,213587,-2676,234,-0.009957839193548987,0.001096773891156909,-0.25,-1.7000000000000455,-1.4820457991363378
2026-07-22 00:00:00,2026-07-22 15:05:00,351,NIFTY,OK,23983.55,6.099999999998545,1376904,0,1025458,0,809301,0,286400,0,0,312.45,0.1722180087763626,0.051376501583158096,0.4291633453558208,-1.4728548042177056,24000,24527646,0,0,0,0,24200,2149753.5999999996,1784712950269,2026-07-28 00:00:00,24000,17,0,0,1376904,1025458,0,0,0,23758551,7385,413730,139.5,172.95,-0.4000000000000057,-0.05000000000001137,774,1141,24000,24000,266057,213587,-3447,-314,-0.012790162669199715,-0.0014679688267002025,-0.44999999999998863,-2.25,-1.6384375212350915
2026-07-22 00:00:00,2026-07-22 15:06:00,352,NIFTY,OK,23999.55,16,1372905,-3999,1021606,-3852,805302,-3999,282548,-3852,147,311.9,0.11158520466182865,0.05595601664720501,0.4305067856126031,-0.12508340768919346,24000,23729896.650000002,0,0,0,0,24200,2138186.0500000003,1784713011549,2026-07-28 00:00:00,24000,17,-3999,-3852,1376904,1025458,-0.0029043419149047426,-0.0037563703242843687,-7851,23845832,87281,267192,143.1,168.8,3.5999999999999943,-4.149999999999977,9543,9950,24000,24000,265236,211932,-4171,-1303,-0.015482151540234664,-0.006110629118109129,-0.5500000000000114,-2.050000000000068,-1.7698500337923013
2026-07-22 00:00:00,2026-07-22 15:07:00,353,NIFTY,OK,23994.75,-4.799999999999272,1369226,-3679,1022697,1091,801623,-3679,283639,1091,4770,311.05,0.15336739518788858,0.03678140239830118,0.42855897480603256,-1.546863772535094,24000,23198549.55,0,0,0,0,24200,2046827.25,1784713070666,2026-07-28 00:00:00,24000,17,-3679,1091,1372905,1021606,-0.0026797192813778083,0.0010679263825780193,-2588,23982938,137106,366843,145.8,165.25,2.700000000000017,-3.5500000000000114,20463,14471,24000,24000,265144,211446,-2376,-1573,-0.008881578947368421,-0.007384317830803825,-0.8499999999999659,-2.099999999999966,-1.8765310887097657
2026-07-22 00:00:00,2026-07-22 15:08:00,354,NIFTY,OK,23992.85,-1.9000000000014552,1355386,-13840,1022950,253,787783,-13840,283892,253,14093,310.1,0.1976789654615664,0.05759900626825227,0.4273592468825157,-1.8123500141582076,24000,23383076.900000002,0,0,0,0,24200,2121136.1,1784713130549,2026-07-28 00:00:00,24000,17,-13840,253,1369226,1022697,-0.010107900375832769,0.00024738510037674894,-13587,24086242,103304,470147,143.35,166.75,-2.450000000000017,1.5,13223,11944,24000,24000,262806,212504,-4714,-515,-0.017621112440191388,-0.0024176247189217864,-0.9499999999999886,-3.0499999999999545,-1.9195112875550202
2026-07-22 00:00:00,2026-07-22 15:09:00,355,NIFTY,OK,23994.75,1.9000000000014552,1352894,-2492,1022852,-98,785291,-2492,283794,-98,2394,309.54999999999995,0.1670620512462191,0.06706021965396564,0.426805516912437,-1.6619675871048056,24000,23497704.1,0,0,0,0,24200,2150730.6,1784713189965,2026-07-28 00:00:00,24000,17,-2492,-98,1355386,1022950,-0.0018385906302706388,-0.00009580135881519136,-2590,24148063,61821,396897,142.6,166.95,-0.75,0.19999999999998863,8457,5680,24000,24000,262579,212557,-3478,-1030,-0.013072386744193913,-0.004822390875849186,-0.5500000000000682,-3.3500000000000227,-1.7528844083037887
2026-07-22 00:00:00,2026-07-22 15:10:00,356,NIFTY,OK,23997.7,2.9500000000007276,1352894,0,1022852,0,785291,0,283794,0,0,309.15,0.16757304863398698,0.06685572616682282,0.42668205148609417,-1.4481494776427983,24000,23184148,0,0,0,0,24200,2102781.6,1784713250597,2026-07-28 00:00:00,24000,17,0,0,1352894,1022852,0,0,0,24156662,8599,398111,144.25,164.9,1.6500000000000057,-2.049999999999983,1261,742,24000,24000,262579,212557,-3478,-1030,-0.013072386744193913,-0.004822390875849186,-0.39999999999997726,-3.3000000000000114,-1.6218056570739972
2026-07-22 00:00:00,2026-07-22 15:11:00,357,NIFTY,OK,23999.4,1.7000000000007276,1351700,-1194,1022896,44,784097,-1194,283838,44,1238,309.35,0.1548991912729576,0.054142889378858854,0.42725342198821314,-0.9157737937051207,24000,22923653.5,0,0,0,0,24200,2086596.0499999998,1784713309990,2026-07-28 00:00:00,24000,17,-1194,44,1352894,1022852,-0.000882552513352857,0.00004301697606300814,-1150,24213655,56993,367823,145.3,164.05,1.0500000000000114,-0.8499999999999943,6529,4819,24000,24000,262075,212568,-3161,636,-0.011917688398256647,0.003000962572900742,0.20000000000004547,-2.5499999999999545,-1.2407417956860647
2026-07-22 00:00:00,2026-07-22 15:12:00,358,NIFTY,OK,23999.3,-0.10000000000218279,1342196,-9504,1021257,-1639,774593,-9504,282199,-1639,7865,308.35,0.11204538444386243,0.10750942170731155,0.42627012643504164,-1.299724387543275,24000,22715695.8,0,0,0,0,24200,2092783.0499999998,1784713370665,2026-07-28 00:00:00,24000,17,-9504,-1639,1351700,1022896,-0.0070311459643412,-0.0016023134316685177,-11143,24247752,34097,264814,145.15,163.2,-0.15000000000000568,-0.8500000000000227,5227,3391,24000,24000,260123,212193,-5021,747,-0.01893687958241559,0.003532816889418575,-1,-2.6999999999999886,-1.4933194827382659
2026-07-22 00:00:00,2026-07-22 15:13:00,359,NIFTY,OK,24007.2,7.900000000001455,1339137,-3059,1019963,-1294,771534,-3059,280905,-1294,1765,308.4,0.09670976219744817,0.08431369111278644,0.4243263299845995,-1.9659568449551177,24000,22385259.3,0,0,0,0,24200,2062054.8,1784713429750,2026-07-28 00:00:00,24000,17,-3059,-1294,1342196,1021257,-0.0022791008168702633,-0.001267065978495129,-4353,24314390,66638,228148,146.7,161.7,1.549999999999983,-1.5,9153,7218,24000,24000,259791,212612,-3015,108,-0.011472340814136664,0.0005082257275157173,0.049999999999954525,-1.7000000000000455,-1.220654071518054
2026-07-22 00:00:00,2026-07-22 15:14:00,360,NIFTY,OK,24007.2,0,1339137,0,1019963,0,771534,0,280905,0,0,308.4,0.07050442965537705,0.1000799629645217,0.4243263299845995,-1.5087679416250857,24000,22385259.3,0,0,0,0,24200,2062054.8,1784713489688,2026-07-28 00:00:00,24000,17,0,0,1339137,1019963,0,0,0,24314390,0,166327,146.7,161.7,0,0,0,0,24000,24000,259791,212612,-2788,55,-0.010617756941720397,0.00025875412242363225,0,-1.1499999999999773,-1.046110999093708
2026-07-22 00:00:00,2026-07-22 15:15:00,361,NIFTY,OK,24021.8,14.599999999998545,1314023,-25114,1012121,-7842,746420,-25114,273063,-7842,17272,307.8,0.1951306539921862,0.10927909548757221,0.4221069847221669,-1.9197899101284632,24000,20730887.650000002,0,0,0,0,24200,1957166,1784713552408,2026-07-28 00:00:00,24000,17,-25114,-7842,1339137,1019963,-0.01875386909629112,-0.007688514191201054,-32956,24610564,296174,453902,151.3,156.5,4.600000000000023,-5.199999999999989,41640,33480,24200,24000,256870,211719,0,-838,0,-0.003942471901654615,-0.5999999999999659,-1.349999999999966,-1.3013026365874287
2026-07-22 00:00:00,2026-07-22 15:16:00,362,NIFTY,OK,24021.75,-0.049999999999272404,1280935,-33088,1001095,-11026,713332,-33088,262037,-11026,22062,306.7,0.27708575259746804,0.14639153084365777,0.421413337806427,-1.8221805455643945,24000,20145494.4,0,0,0,0,24200,1981299,1784713611143,2026-07-28 00:00:00,24000,17,-33088,-11026,1314023,1012121,-0.025180685573996803,-0.010893954378972474,-44114,24845973,235409,632318,150.45,156.25,-0.8500000000000227,-0.25,31765,21299,24200,24000,253980,209599,0,-2969,0,-0.013967295171427497,-1.1000000000000227,-2.650000000000034,-1.873604822128486
2026-07-22 00:00:00,2026-07-22 15:17:00,363,NIFTY,OK,24021.75,0,1280935,0,1001095,0,713332,0,262037,0,0,306.7,0.26214423123271824,0.13610856188599196,0.421413337806427,-1.4701013900461608,24000,20145494.4,0,0,0,0,24200,1981299,1784713669606,2026-07-28 00:00:00,24000,17,0,0,1280935,1001095,0,0,0,24845973,0,598221,150.45,156.25,0,0,0,0,24200,24000,253980,209599,0,-2594,0,-0.012224719948348908,0,-1.650000000000034,-1.6113470045708513
2026-07-22 00:00:00,2026-07-22 15:18:00,364,NIFTY,OK,24020,-1.75,1274121,-6814,1001940,845,706518,-6814,262882,845,7659,307.6,0.2628532363587795,0.13879853577816037,0.42253700867789695,-0.8013797303384916,24000,19820709.6,0,0,0,0,24200,1996341.8499999999,1784713729960,2026-07-28 00:00:00,24000,17,-6814,845,1280935,1001095,-0.0053195517336945275,0.0008440757370679106,-5969,24912660,66687,598270,151.35,156.25,0.9000000000000057,0,8820,5132,24200,24000,253610,209799,0,-2813,0,-0.013230673715500536,0.9000000000000341,-0.7999999999999545,-0.6265656507676419
2026-07-22 00:00:00,2026-07-22 15:19:00,365,NIFTY,OK,24016.9,-3.099999999998545,1262259,-11862,1000406,-1534,694656,-11862,261348,-1534,10328,306.04999999999995,0.29307254940523675,0.14542507068803015,0.4209856483074926,-1.2204770190232517,24000,19572640.5,0,0,0,0,24200,1923884.9000000001,1784713790007,2026-07-28 00:00:00,24000,17,-11862,-1534,1274121,1001940,-0.009309947799306346,-0.0015310298021837636,-13396,24977515,64855,663125,151.35,154.7,0,-1.5500000000000114,9238,5016,24200,24000,251567,208946,0,-3666,0,-0.017242676800933155,-1.5500000000000682,-2.3500000000000227,-1.7364780388837453
2026-07-22 00:00:00,2026-07-22 15:20:00,366,NIFTY,OK,24017.5,0.5999999999985448,1252007,-10252,1002330,1924,684404,-10252,263272,1924,12176,306.95000000000005,0.20071843739423165,0.158694061928851,0.4219075851158182,-0.6496350083559361,24000,19151619.3,0,0,0,0,24200,1897442.2999999998,1784713849781,2026-07-28 00:00:00,24000,17,-10252,1924,1262259,1000406,-0.008121946446806876,0.0019232191730157557,-8328,25063051,85536,452487,152.4,154.55,1.0500000000000114,-0.14999999999997726,10799,9233,24200,24000,251123,209469,-5747,-2250,-0.022373184879511038,-0.010627293724228814,0.900000000000091,-0.8499999999999659,-0.7020763516144559
2026-07-22 00:00:00,2026-07-22 15:21:00,367,NIFTY,OK,24006.75,-10.75,1225492,-26515,992569,-9761,657889,-26515,253511,-9761,16754,304.05,0.15771613134174398,0.1828605241492865,0.4199641372433923,-1.421194590730502,24000,19347710.349999998,0,0,0,0,24200,2035623.9,1784713909578,2026-07-28 00:00:00,24000,17,-26515,-9761,1252007,1002330,-0.02117799660864516,-0.009738309738309739,-36276,25195797,132746,349824,147.4,156.65,-5,2.0999999999999943,17683,11348,24200,24000,248980,207475,-5000,-2124,-0.019686589495235846,-0.01013363613376018,-2.900000000000034,-2.6499999999999773,-2.3794745145320224
2026-07-22 00:00:00,2026-07-22 15:22:00,368,NIFTY,OK,24006.75,0,1225492,0,992569,0,657889,0,253511,0,0,304.05,0.15771613134174398,0.1828605241492865,0.4199641372433923,-1.3311981068011753,24000,19347710.349999998,0,0,0,0,24200,2035623.9,1784713969657,2026-07-28 00:00:00,24000,17,0,0,1225492,992569,0,0,0,25195797,0,349824,147.4,156.65,0,0,0,0,24200,24000,248980,207475,-5000,-2124,-0.019686589495235846,-0.01013363613376018,0,-2.6499999999999773,-1.7536562507962095
2026-07-22 00:00:00,2026-07-22 15:23:00,369,NIFTY,OK,24002.85,-3.900000000001455,1225492,0,992569,0,657889,0,253511,0,0,304.05,0.12765068228511298,0.20484782984915428,0.4205913334351859,-0.7487283570327261,24000,19347710.349999998,0,0,0,0,24200,2035623.9,1784714030263,2026-07-28 00:00:00,24000,17,0,0,1225492,992569,0,0,0,25195797,0,283137,147.4,156.65,0,0,0,0,24200,24000,248980,207475,-4630,-2324,-0.018256377903079532,-0.011077269195754032,0,-3.5500000000000114,-1.401670943309699
2026-07-22 00:00:00,2026-07-22 15:24:00,370,NIFTY,OK,23995.4,-7.44999999999709,1204353,-21139,984210,-8359,636750,-21139,245152,-8359,12780,307.54999999999995,0.17409505689349586,0.19448425008792236,0.42421749582691076,2.2242099928890657,24000,18645643.349999998,0,0,0,0,24200,2134720.55,1784714089779,2026-07-28 00:00:00,24000,17,-21139,-8359,1225492,992569,-0.017249398608885247,-0.008421580766677178,-29498,25358533,162736,381018,148.2,159.35,0.799999999999983,2.6999999999999886,15496,17126,24200,24000,247422,207245,-4145,-1701,-0.016476723894628467,-0.008140859360791784,3.499999999999943,1.5,0.9599404463583129
2026-07-22 00:00:00,2026-07-22 15:25:00,371,NIFTY,OK,23994.6,-0.8000000000029104,1197725,-6628,978163,-6047,630122,-6628,239105,-6047,581,306.04999999999995,0.13579834991506914,0.2654950216933688,0.4224383054730112,0.7233628822889816,24000,18415161.599999998,0,0,0,0,24200,2120385.95,1784714150087,2026-07-28 00:00:00,24000,17,-6628,-6047,1204353,984210,-0.005503369859169197,-0.00614401398075614,-12675,25332144,0,295482,148.95,157.1,0.75,-2.25,0,0,24200,24000,246665,206970,-4458,-2499,-0.01775225686217511,-0.011930166277587615,-1.5,-0.900000000000091,0.05551558957850296
2026-07-22 00:00:00,2026-07-22 15:26:00,372,NIFTY,OK,23994.7,0.10000000000218279,1178879,-18846,970096,-8067,611276,-18846,231038,-8067,10779,306.6,0.1250558987424237,0.2570718384175157,0.42326734653069387,1.149350351348354,24000,18253726,0,0,0,0,24200,2218776,1784714209517,2026-07-28 00:00:00,24000,17,-18846,-8067,1197725,978163,-0.015734830616376882,-0.008247091742378315,-26913,25438150,106006,268742,147.65,158.95,-1.299999999999983,1.8499999999999943,10001,11861,24200,24000,245196,206704,-3784,-771,-0.015198007872118242,-0.003716110374743945,0.5500000000000682,2.5500000000000114,0.4717930721073015
2026-07-22 00:00:00,2026-07-22 15:27:00,373,NIFTY,OK,23994.7,0,1178879,0,970096,0,611276,0,231038,0,0,306.6,0.1250558987424237,0.2570718384175157,0.42326734653069387,0.9606060276765623,24000,18253726,0,0,0,0,24200,2218776,1784714270644,2026-07-28 00:00:00,24000,17,0,0,1178879,970096,0,0,0,25438150,0,268742,147.65,158.95,0,0,0,0,24200,24000,245196,206704,-3784,-771,-0.015198007872118242,-0.003716110374743945,0,2.5500000000000114,0.48105871366105013
2026-07-22 00:00:00,2026-07-22 15:28:00,374,NIFTY,OK,23995.95,1.25,1159565,-19314,953159,-16937,591962,-19314,214101,-16937,2377,308,0.20510535214254205,0.24308669354373447,0.42471427659302785,1.5767374919105241,24000,17632848.75,0,0,0,0,24200,2306672.1999999997,1784714331096,2026-07-28 00:00:00,24000,17,-19314,-16937,1178879,970096,-0.016383360802932276,-0.017459096831653774,-36251,25602739,164589,433331,148,160,0.3499999999999943,1.0500000000000114,18075,15835,24200,24000,242801,202863,-6179,-4612,-0.02481725439794361,-0.022229184239064947,1.3999999999999773,3.9499999999999886,1.438126094971334
2026-07-22 00:00:00,2026-07-22 15:29:00,375,NIFTY,OK,23995.95,0,1159565,0,953159,0,591962,0,214101,0,0,308,0.12807872680009316,0.2802675585284281,0.42471427659302785,1.2592252136679756,24000,17632848.75,0,0,0,0,24200,2306672.1999999997,1784714390026,2026-07-28 00:00:00,24000,17,0,0,1159565,953159,0,0,0,25602739,0,270595,148,160,0,0,0,0,24200,24000,242801,202863,-4621,-4382,-0.018676593027297492,-0.021144056551424643,0,0.4500000000000455,1.191563333441659
2026-07-22 00:00:00,2026-07-22 15:30:00,376,NIFTY,OK,23991.25,-4.700000000000728,1128998,-30567,934931,-18228,561395,-30567,195873,-18228,12339,309.1,0.27062752643138405,0.20044364396765946,0.42594330618477994,1.5057138560942385,24000,16682192.799999999,0,0,0,0,24200,2520850.1999999997,1784714449689,2026-07-28 00:00:00,24000,17,-30567,-18228,1159565,953159,-0.026360747349221475,-0.01912377683051831,-48795,25890700,287961,558556,147.95,161.15,-0.05000000000001137,1.1500000000000057,30532,28042,24200,24000,239351,199048,-7314,-7922,-0.029651551699673647,-0.038276078658742815,1.1000000000000227,3.050000000000068,1.543095594565119
2026-07-22 00:00:00,2026-07-22 15:31:00,377,NIFTY,OK,23996.25,5,1128998,0,934931,0,561395,0,195873,0,0,309.1,0.21926626351972378,0.18792619600044194,0.42673867396284054,1.5376535881575646,24000,16682192.799999999,0,0,0,0,24200,2520850.1999999997,1784714510074,2026-07-28 00:00:00,24000,17,0,0,1128998,934931,0,0,0,25890700,0,452550,147.95,161.15,0,0,0,0,24200,24000,239351,199048,-5845,-7656,-0.02383807239922348,-0.03703847046985061,0,2.5,1.2714306029370799
2026-07-22 00:00:00,2026-07-22 15:32:00,378,NIFTY,OK,23996.25,0,1128998,0,934931,0,561395,0,195873,0,0,309.1,0.21926626351972378,0.18792619600044194,0.42673867396284054,1.3369938687415643,24000,16682192.799999999,0,0,0,0,24200,2520850.1999999997,1784714570166,2026-07-28 00:00:00,24000,17,0,0,1128998,934931,0,0,0,25890700,0,452550,147.95,161.15,0,0,0,0,24200,24000,239351,199048,-5845,-7656,-0.02383807239922348,-0.03703847046985061,0,2.5,1.093712057544982