date_ist,minute_bucket_ist,run_id,symbol,nse_status,spot,Δspot,call_oi_sum,Δcall_oi,put_oi_sum,Δput_oi,call_coi_sum,Δcall_coi,put_coi_sum,Δput_coi,net_diff,expected_move,churn,commitment,tv_ratio,tv_ratio_z,top_call_write_strike,top_call_write_score,top_put_write_strike,top_put_write_score,top_call_unwind_strike,top_call_unwind_score,top_put_unwind_strike,top_put_unwind_score,bucket_epoch_ms,expiry_used,atm_strike,overlap_strikes,d_call_oi_aligned,d_put_oi_aligned,call_oi_prev_aligned,put_oi_prev_aligned,call_oi_pct_aligned,put_oi_pct_aligned,d_net_oi_1m,total_vol_cum,d_total_vol_1m,d_total_vol_5m,atm_call_ltp,atm_put_ltp,d_atm_call_ltp_1m,d_atm_put_ltp_1m,d_atm_call_vol_1m,d_atm_put_vol_1m,call_wall_above,put_wall_below,call_wall_above_oi,put_wall_below_oi,d_call_wall_oi_5m,d_put_wall_oi_5m,call_wall_oi_pct_5m,put_wall_oi_pct_5m,d_expected_move_1m,d_expected_move_5m,expected_move_z,strict_call_wall,strict_call_wall_oi,strict_put_wall,strict_put_wall_oi,strict_call_wall_dist,strict_put_wall_dist
2026-08-03 00:00:00,2026-08-03 09:15:00,1,NIFTY,OK,24528.4,0,1296057,0,769935,0,0,0,0,0,0,138.2,0,0,0.21733429079896255,0,0,0,0,0,0,0,0,0,1785728750613,2026-08-04 00:00:00,24550,0,0,0,0,0,0,0,0,53245,0,0,57.2,81,0,0,0,0,24600,24200,185155,181766,0,0,0,0,0,0,0,24700,141486,24200,181766,171.6,328.4
2026-08-03 00:00:00,2026-08-03 09:16:00,2,NIFTY,OK,24555.85,27.44999999999709,1329993,33936,854948,85013,33936,33936,85013,85013,51077,133.35000000000002,0.9814882873267516,0.05546716381579991,0.1541817670032726,0,0,0,24500,4861544.25,24300,458449.69999999995,0,0,1785728810764,2026-08-04 00:00:00,24550,17,33936,85013,1296057,769935,0.026184033572597503,0.11041581432198821,118949,2197739,2144494,2144494,68.4,64.95,11.200000000000003,-16.049999999999997,165673,89820,24600,24200,193354,176298,0,0,0,0,-4.849999999999966,0,0,24700,141446,24200,176298,144.15,355.85
2026-08-03 00:00:00,2026-08-03 09:17:00,3,NIFTY,OK,24563.9,8.05000000000291,1302118,-27875,897239,42291,6061,-27875,127304,42291,70166,136.65,1.4546706150934114,0.04168516006426325,0.15539403571094665,0,0,0,24500,4995779.25,24400,2728736,0,0,1785728870785,2026-08-04 00:00:00,24550,17,-27875,42291,1329993,854948,-0.02095875692578833,0.049466166363334375,14416,3252585,1054846,3199340,75.65,61,7.25,-3.950000000000003,81592,45114,24600,24200,193354,176298,0,0,0,0,3.299999999999983,0,0,24700,146601,24200,176298,136.1,363.9
2026-08-03 00:00:00,2026-08-03 09:18:00,4,NIFTY,OK,24549.4,-14.5,1309622,7504,1003235,105996,13565,7504,233300,105996,98492,135.8,1.5881314754868114,0.06720851286957331,0.17125024836662286,0,0,0,24500,8496025.1,24400,3764505.2,0,0,1785728932612,2026-08-04 00:00:00,24550,17,7504,105996,1302118,897239,0.005762918568056044,0.11813574755444202,113500,3726366,473781,3673121,75.9,59.9,0.25,-1.1000000000000014,41874,27887,24600,24200,202096,173651,0,0,0,0,-0.8499999999999943,0,0,24700,150334,24200,173651,150.6,349.4
2026-08-03 00:00:00,2026-08-03 09:19:00,5,NIFTY,OK,24529.5,-19.900000000001455,1403940,94318,1137228,133993,107883,94318,367293,133993,39675,133.35,1.8178487215327754,0.1028639933810431,0.1712282103086971,-0.11548036103163821,0,0,24500,12060150.4,24400,3678148.6,0,0,1785728990576,2026-08-04 00:00:00,24550,17,94318,133993,1309622,1003235,0.07201925441081472,0.13356093039018774,228311,4672704,946338,4619459,67.25,66.1,-8.650000000000006,6.199999999999996,76519,59342,24600,24200,231180,173024,0,0,0,0,-2.450000000000017,0,-1.1191114380369591,24700,156938,24200,173024,170.5,329.5
2026-08-03 00:00:00,2026-08-03 09:20:00,6,NIFTY,OK,24537.05,7.549999999999272,1416478,12538,1148502,11274,120421,12538,378567,11274,-1264,132.2,2.1208777456354437,0.0917255835422331,0.16328450161074226,-0.4141901893112882,0,0,24500,13498914.1,24400,3718420.3000000003,0,0,1785729050036,2026-08-04 00:00:00,24550,17,12538,11274,1403940,1137228,0.008930581078963488,0.009913579335014614,23812,5493254,820550,5440009,68.1,64.1,0.8499999999999943,-2,63421,59627,24600,24200,231180,173024,46025,-8742,0.24857551780940293,-0.048094803208520845,-1.1500000000000057,-6,-1.2880705805258257,24700,156938,24200,173024,162.95,337.05
2026-08-03 00:00:00,2026-08-03 09:21:00,7,NIFTY,OK,24526.6,-10.450000000000728,1468107,51629,1173427,24925,172050,51629,403492,24925,-26704,132.3,1.3727777117387094,0.12591365323686607,0.1690604358148626,-0.13237091088496117,0,0,24500,13197434.25,24400,3428286.75,0,0,1785729110763,2026-08-04 00:00:00,24550,17,51629,24925,1416478,1148502,0.036448854129749984,0.021702182495111022,76554,5823978,330724,3626239,65.5,66.8,-2.5999999999999943,2.700000000000003,31499,18826,24600,24200,240995,175286,47641,-1012,0.24639262699504536,-0.005740280661153275,0.10000000000002274,-1.0500000000000114,-1.0400628679222925,24700,162020,24200,175286,173.4,326.6
2026-08-03 00:00:00,2026-08-03 09:22:00,8,NIFTY,OK,24522.15,-4.44999999999709,1555753,89045,1371145,92899,261753,89703,483816,80324,3854,139.60000000000002,1.1243480298937647,0.1896533177426393,0.17464637379836973,0.14039883880204945,0,0,24500,15582026.85,24400,3303628.8000000003,0,0,1785729170198,2026-08-04 00:00:00,24500,16,89045,92899,1448365,1173182,0.061479668453739214,0.07918549722038012,181944,6644705,719459,3290852,93.65,45.95,-1.0999999999999943,-1.2999999999999972,50771,71761,24600,24200,258914,178670,65560,2372,0.3390672031610414,0.013454491826339494,7.300000000000011,2.950000000000017,1.6841020474071635,24600,258914,24200,178670,77.85,322.15
2026-08-03 00:00:00,2026-08-03 09:23:00,9,NIFTY,OK,24522.15,0,1555753,0,1371145,0,261753,0,483816,0,0,139.60000000000002,0.9624766561731909,0.18125954226925767,0.17464637379836973,0.13222457446773275,0,0,24500,15582026.85,24400,3303628.8000000003,0,0,1785729230532,2026-08-04 00:00:00,24500,17,0,0,1555753,1371145,0,0,0,6644705,0,2817071,93.65,45.95,0,0,0,0,24600,24200,258914,178670,56818,5019,0.2811436149156836,0.02890279929283448,0,3.8000000000000114,1.384545572725242,24600,258914,24200,178670,77.85,322.15
2026-08-03 00:00:00,2026-08-03 09:24:00,10,NIFTY,OK,24525,2.849999999998545,1630394,74641,1408520,37375,336394,74641,521191,37375,-37266,139.45,0.9092738392728456,0.1427060243449183,0.1658204652357109,-0.3513703582818801,0,0,24500,16739137.8,24400,3115599.8,0,0,1785729291877,2026-08-04 00:00:00,24500,17,74641,37375,1555753,1371145,0.04797741029585031,0.02725824037574436,112016,7537177,892472,2763205,91.15,48.3,-2.5,2.3499999999999943,74066,97729,24600,24500,273211,189138,42031,0,0.1818107102690544,0,-0.1500000000000341,6.099999999999994,1.164308459725033,24600,273211,24200,180473,75,325
2026-08-03 00:00:00,2026-08-03 09:25:00,11,NIFTY,OK,24525,0,1630394,0,1408520,0,336394,0,521191,0,0,139.45,0.6392596170868935,0.190725579168715,0.1658204652357109,-0.10391652963909823,0,0,24500,16739137.8,24400,3115599.8,0,0,1785729350623,2026-08-04 00:00:00,24500,17,0,0,1630394,1408520,0,0,0,7537177,0,1942655,91.15,48.3,0,0,0,0,24600,24500,273211,189138,42031,0,0.1818107102690544,0,0,7.25,1.0794055942791292,24600,273211,24200,180473,75,325
2026-08-03 00:00:00,2026-08-03 09:26:00,12,NIFTY,OK,24530.75,5.75,1677021,44559,1309487,7454,380964,44570,539552,18361,-37105,131.10000000000002,0.6313557505956789,0.18348661318268578,0.15828269982572657,-1.3969439486386148,0,0,24500,17053081.7,24400,3094156.8,0,0,1785729409665,2026-08-04 00:00:00,24550,16,44559,7454,1612177,1301784,0.027639024747282713,0.005725988336006588,52013,7700266,273618,1885549,63.2,67.9,1.25,-1.1999999999999886,25735,16940,24600,24500,279682,190448,38687,0,0.16053030145853647,0,-8.349999999999966,-1.1999999999999886,-1.4668374707381078,24700,180268,24200,179132,169.25,330.75
2026-08-03 00:00:00,2026-08-03 09:27:00,13,NIFTY,OK,24540.95,10.200000000000728,1739784,62763,1317003,7516,443727,62763,547068,7516,-55247,131.65,0.5806253428845386,0.13201581205827204,0.15038611856665243,-2.221054878561408,0,0,24500,17297721,24400,3298413,0,0,1785729469906,2026-08-04 00:00:00,24550,17,62763,7516,1677021,1309487,0.03742529163319958,0.005739652245497664,70279,8309024,608758,1774848,63.35,68.3,0.14999999999999858,0.3999999999999915,61602,36347,24600,24500,290962,193029,32048,0,0.12377855195161327,0,0.549999999999983,-7.950000000000017,-1.0755554599211994,24700,188142,24200,178892,159.05,340.95
2026-08-03 00:00:00,2026-08-03 09:28:00,14,NIFTY,OK,24540.95,0,1739784,0,1317003,0,443727,0,547068,0,0,131.65,0.5806253428845386,0.13201581205827204,0.15038611856665243,-1.6535448026987847,0,0,24500,17297721,24400,3298413,0,0,1785729529862,2026-08-04 00:00:00,24550,17,0,0,1739784,1317003,0,0,0,8309024,0,1774848,63.35,68.3,0,0,0,0,24600,24500,290962,193029,32048,0,0.12377855195161327,0,0,-7.950000000000017,-0.9131314603070413,24700,188142,24200,178892,159.05,340.95
2026-08-03 00:00:00,2026-08-03 09:29:00,15,NIFTY,OK,24542,1.0499999999992724,1751583,11799,1322481,5478,455526,11799,552546,5478,-6321,131,0.3759960755534042,0.12075155990988341,0.15063694267515926,-1.2936741062422101,0,0,24500,17857364,24400,3400167,0,0,1785729589588,2026-08-04 00:00:00,24550,17,11799,5478,1739784,1317003,0.006781876370859831,0.004159443828146177,17277,8582484,273460,1155836,64.3,66.7,0.9499999999999957,-1.5999999999999943,29232,16184,24600,24500,293477,196103,20266,6965,0.074177101214812,0.03682496378305787,-0.6500000000000057,-8.449999999999989,-0.9801434888484236,24700,189340,24200,179508,158,342
2026-08-03 00:00:00,2026-08-03 09:30:00,16,NIFTY,OK,24555.15,13.150000000001455,1742823,-8760,1370619,48138,446766,-8760,600684,48138,56898,129.6,0.6932546037472354,0.08290693881786947,0.14930986765070997,-1.1825409576101469,0,0,24500,20375848.349999998,24400,3994311.1,0,0,1785729649992,2026-08-04 00:00:00,24550,17,-8760,48138,1751583,1322481,-0.005001190351813189,0.036399766801942714,39378,9585056,1002572,2158408,70.85,58.75,6.549999999999997,-7.950000000000003,113709,73132,24600,24500,291882,210490,18671,21352,0.06833912250970861,0.11289111653924648,-1.4000000000000057,-9.849999999999994,-1.198429158107652,24700,190752,24200,181120,144.85,355.15
2026-08-03 00:00:00,2026-08-03 09:31:00,17,NIFTY,OK,24548,-7.150000000001455,1721174,-21649,1411067,40448,425117,-21649,641132,40448,62097,129.35,0.7478575243731246,0.06221339013946817,0.15190876719783278,-0.748298648340613,0,0,24500,21290541.6,24400,3869287.5,0,0,1785729710422,2026-08-04 00:00:00,24550,17,-21649,40448,1742823,1370619,-0.012421800722161688,0.02951075390024507,18799,10042736,457680,2342470,67.5,61.85,-3.3499999999999943,3.1000000000000014,56472,31993,24600,24500,290767,221783,11085,31335,0.039634298953811826,0.16453310089893305,-0.25,-1.7500000000000284,-1.1201570965109893,24700,191366,24200,183213,152,348
2026-08-03 00:00:00,2026-08-03 09:32:00,18,NIFTY,OK,24548,0,1721174,0,1411067,0,425117,0,641132,0,0,129.35,0.5535053017951045,0.04352164604040348,0.15190876719783278,-0.5946564320433791,0,0,24500,21290541.6,24400,3869287.5,0,0,1785729769676,2026-08-04 00:00:00,24550,17,0,0,1721174,1411067,0,0,0,10042736,0,1733712,67.5,61.85,0,0,0,0,24600,24500,290767,221783,-195,28754,-0.0006701906090829731,0.14896207305638012,0,-2.3000000000000114,-0.9231545581024493,24700,191366,24200,183213,152,348
2026-08-03 00:00:00,2026-08-03 09:33:00,19,NIFTY,OK,24546.55,-1.4500000000007276,1718746,-2428,1451927,40860,422689,-2428,681992,40860,43288,129.9,0.6294925399118736,0.05705954411886278,0.15343427538030616,-0.22584643615147662,0,0,24500,22364313.45,24400,3926249.6,0,0,1785729829671,2026-08-04 00:00:00,24550,17,-2428,40860,1721174,1411067,-0.0014106650460673936,0.02895681069715329,38432,10304939,262203,1995915,67.65,62.25,0.15000000000000568,0.3999999999999986,26988,26508,24600,24500,291148,232366,186,39337,0.0006392587348176051,0.2037880318501365,0.5500000000000114,-1.75,-0.6357158567844138,24700,192447,24200,184201,153.45,346.55
2026-08-03 00:00:00,2026-08-03 09:34:00,20,NIFTY,OK,24544.1,-2.4500000000007276,1727216,8470,1482163,30236,431159,8470,712228,30236,21766,130,0.6128768213414495,0.06879418634091088,0.1573973315669961,0.7071125948027894,0,0,24500,23464411.2,24400,3985038.9,0,0,1785729889531,2026-08-04 00:00:00,24550,17,8470,30236,1718746,1451927,0.004928011468826691,0.02082473843381933,38706,10549438,244499,1966954,68.7,61.3,1.0499999999999972,-0.9500000000000028,28556,19338,24600,24500,293965,240463,488,44360,0.0016628219587906377,0.22620765618068056,0.09999999999999432,-1,-0.4586938057274101,24700,193235,24200,184631,155.9,344.1
2026-08-03 00:00:00,2026-08-03 09:35:00,21,NIFTY,OK,24551.3,7.200000000000728,1744341,17125,1527704,45541,448284,17125,757769,45541,28416,127.19999999999999,0.4643670854160013,0.10438322265586437,0.14943431243085153,-0.9548274243861035,0,0,24500,25123406,24400,4103781,0,0,1785729950067,2026-08-04 00:00:00,24550,17,17125,45541,1727216,1482163,0.009914799307093033,0.030726040253332462,62666,11104486,555048,1519430,69.1,58.1,0.3999999999999915,-3.1999999999999957,51942,57343,24600,24500,298737,250364,6855,39874,0.0234855181203363,0.18943417739560073,-2.8000000000000114,-2.4000000000000057,-2.245754842388723,24700,195015,0,0,148.7,
2026-08-03 00:00:00,2026-08-03 09:36:00,22,NIFTY,OK,24551.3,0,1744341,0,1527704,0,448284,0,757769,0,0,127.19999999999999,0.3244912585248675,0.13167318106898987,0.14943431243085153,-0.8455604830049617,0,0,24500,25123406,24400,4103781,0,0,1785730010220,2026-08-04 00:00:00,24550,17,0,0,1744341,1527704,0,0,0,11104486,0,1061750,69.1,58.1,0,0,0,0,24600,24500,298737,250364,7970,28581,0.02741026320043196,0.12886920999355225,0,-2.1500000000000057,-1.6719695609980756,24700,195015,0,0,148.7,
2026-08-03 00:00:00,2026-08-03 09:37:00,23,NIFTY,OK,24551.3,0,1762220,17879,1563084,35380,466163,17879,793149,35380,17501,127.85,0.3882826953565749,0.1495270137349573,0.15084343074364565,-0.2679144890195767,0,0,24500,25930161.200000003,24400,4070944.5,0,0,1785730069865,2026-08-04 00:00:00,24550,17,17879,35380,1744341,1527704,0.010249716081889952,0.02315893654791766,53259,11333894,229408,1291158,69.85,58,0.75,-0.10000000000000142,23251,22106,24600,24500,303847,257687,13080,35904,0.04498447210309285,0.1618879715758196,0.6500000000000057,-1.5,-1.0252495519719738,24700,197475,24400,188235,148.7,151.3
2026-08-03 00:00:00,2026-08-03 09:38:00,24,NIFTY,OK,24547.1,-4.200000000000728,1769585,7365,1586110,23026,473528,7365,816175,23026,15661,127.75,0.3695612980321513,0.14919504731339733,0.15105001365195955,-0.20992550008455374,0,0,24500,26304684.9,24400,3984904.8000000003,0,0,1785730129552,2026-08-04 00:00:00,24550,17,7365,23026,1762220,1563084,0.004179387363666284,0.014731134091322028,30391,11545074,211180,1240135,67.3,60.45,-2.549999999999997,2.450000000000003,21344,19945,24600,24500,305651,264098,14503,31732,0.04981315344773105,0.13656042622414638,-0.09999999999999432,-2.1500000000000057,-0.9332862160718524,24700,198288,0,0,152.9,
2026-08-03 00:00:00,2026-08-03 09:39:00,25,NIFTY,OK,24553.8,6.700000000000728,1786647,17062,1612812,26702,490590,17062,842877,26702,9640,127.44999999999999,0.39582121743489185,0.14126271386720057,0.1450671926426737,-1.9545044184766287,0,0,24500,27231746.4,24400,3990698.25,0,0,1785730191492,2026-08-04 00:00:00,24550,17,17062,26702,1769585,1586110,0.009641808672654888,0.016834897957896992,43764,11895016,349942,1345578,68.6,58.85,1.2999999999999972,-1.6000000000000014,34683,34626,24600,24500,306947,269767,12982,29304,0.04416171993264504,0.12186490229266041,-0.30000000000001137,-2.5500000000000114,-1.0057603462086917,24700,200270,24400,190188,146.2,153.8
2026-08-03 00:00:00,2026-08-03 09:40:00,26,NIFTY,OK,24553.8,0,1786647,0,1612812,0,490590,0,842877,0,0,127.44999999999999,0.23254582567402637,0.16117541396278445,0.1450671926426737,-1.5720257955448376,0,0,24500,27231746.4,24400,3990698.25,0,0,1785730249913,2026-08-04 00:00:00,24550,17,0,0,1786647,1612812,0,0,0,11895016,0,790530,68.6,58.85,0,0,0,0,24600,24500,306947,269767,8210,19403,0.02748236743356196,0.07749916122126184,0,0.25,-0.8215838362577512,24700,200270,24400,190188,146.2,153.8
2026-08-03 00:00:00,2026-08-03 09:41:00,27,NIFTY,OK,24558.8,5,1791885,5238,1638179,25367,495828,5238,868244,25367,20129,126.85,0.35111327368818773,0.13120785558243056,0.14219080935722686,-1.7397899372825312,0,0,24500,28178600.75,24400,4130832.3,0,0,1785730310243,2026-08-04 00:00:00,24550,17,5238,25367,1786647,1612812,0.002931748689024749,0.015728429599978173,30605,12308827,413811,1204341,69.8,57.05,1.2000000000000028,-1.8000000000000043,44877,39092,24600,24500,308955,275384,10218,25020,0.034203998835095756,0.09993449537473438,-0.5999999999999943,-0.3499999999999943,-1.112485398724958,24700,201457,0,0,141.2,
2026-08-03 00:00:00,2026-08-03 09:42:00,28,NIFTY,OK,24558.8,0,1791885,0,1638179,0,495828,0,868244,0,0,126.85,0.2842317227900121,0.1074535378328562,0.14219080935722686,-1.367829424277431,0,0,24500,28178600.75,24400,4130832.3,0,0,1785730369605,2026-08-04 00:00:00,24550,17,0,0,1791885,1638179,0,0,0,12308827,0,974933,69.8,57.05,0,0,0,0,24600,24500,308955,275384,5108,17697,0.016811092424805905,0.06867633990073228,0,-1,-0.9128709291752602,24700,201457,0,0,141.2,
2026-08-03 00:00:00,2026-08-03 09:43:00,29,NIFTY,OK,24557,-1.7999999999992724,1785367,-6518,1661723,23544,489310,-6518,891788,23544,30062,127.3,0.2912395672871901,0.09103731439175479,0.14605726243698278,-0.4079911941055715,0,0,24500,28796652,24400,4383258.75,0,0,1785730429481,2026-08-04 00:00:00,24550,17,-6518,23544,1791885,1638179,-0.003637510219684857,0.014372055800983897,17026,12549003,240176,1003929,70.6,56.7,0.7999999999999972,-0.3499999999999943,26596,19450,24600,24500,308861,279766,3210,15668,0.010502174048179132,0.05932646214662739,0.45000000000000284,-0.45000000000000284,-0.33657280044591287,24700,202632,24400,192255,143,157
2026-08-03 00:00:00,2026-08-03 09:44:00,30,NIFTY,OK,24556.4,-0.5999999999985448,1776217,-9150,1695206,33483,480160,-9150,925271,33483,42633,126.25,0.33268287961449816,0.06231280571278649,0.14271950900397162,-1.099281198292504,0,0,24500,29913041,24400,4303700.4,0,0,1785730489800,2026-08-04 00:00:00,24550,17,-9150,33483,1785367,1661723,-0.005124996709360037,0.020149567647556182,24333,13049899,500896,1154883,68.75,57.5,-1.8499999999999943,0.7999999999999972,48841,34449,24600,24500,311367,289947,4420,20180,0.014399880109595468,0.07480529493970722,-1.0499999999999972,-1.1999999999999886,-2.1549790420065342,24700,203098,0,0,143.6,
2026-08-03 00:00:00,2026-08-03 09:45:00,31,NIFTY,OK,24553.75,-2.650000000001455,1782405,6188,1709098,13892,486348,6188,939163,13892,7704,126.95,0.3915491408714241,0.06732816665996146,0.14795208241634056,0.521965954324139,0,0,24500,30173362.75,24400,4406906.399999999,0,0,1785730550077,2026-08-04 00:00:00,24550,17,6188,13892,1776217,1695206,0.003483808566183073,0.008194874251270938,20080,13262111,212212,1367095,69.9,57.05,1.1500000000000057,-0.45000000000000284,26630,16502,24600,24500,316865,292196,9918,22429,0.03231176717804703,0.08314211893967757,0.7000000000000028,-0.4999999999999858,-0.5276318414171846,24700,201433,0,0,146.25,
2026-08-03 00:00:00,2026-08-03 09:46:00,32,NIFTY,OK,24553.75,0,1782405,0,1709098,0,486348,0,939163,0,0,126.95,0.2730296952344019,0.06444983866297976,0.14795208241634056,0.5887723099948866,0,0,24500,30173362.75,24400,4406906.399999999,0,0,1785730610103,2026-08-04 00:00:00,24550,17,0,0,1782405,1709098,0,0,0,13262111,0,953284,69.9,57.05,0,0,0,0,24600,24500,316865,292196,7910,16812,0.02560243401142561,0.061049298434186446,0,0.10000000000000853,-0.4669226309663646,24700,201433,0,0,146.25,
2026-08-03 00:00:00,2026-08-03 09:47:00,33,NIFTY,OK,24547.6,-6.150000000001455,1799604,17199,1733695,24597,503547,17199,963760,24597,7398,126.75,0.3498682109835596,0.0835106929442019,0.15004756242568507,1.3318224382836117,0,0,24500,30462639.75,24400,4200229.600000001,0,0,1785730669797,2026-08-04 00:00:00,24550,17,17199,24597,1782405,1709098,0.00964932212375975,0.014391801991459823,41796,13545016,282905,1236189,67.6,59.15,-2.3000000000000114,2.1000000000000014,29682,29433,24600,24500,320713,298384,11758,23000,0.038057322263760095,0.08351973970891555,-0.20000000000000284,-0.09999999999999432,-0.7392446121300787,24700,204178,24200,190851,152.4,347.6
2026-08-03 00:00:00,2026-08-03 09:48:00,34,NIFTY,OK,24546.1,-1.5,1803607,4003,1738060,4365,507550,4003,968125,4365,362,126.6,0.34719272026421455,0.07691431889470178,0.14998631620280709,1.4245077529937686,0,0,24500,30550792.650000002,24400,4166593.75,0,0,1785730730248,2026-08-04 00:00:00,24550,17,4003,4365,1799604,1733695,0.0022243782521043517,0.0025177438938221545,8368,13778644,233628,1229641,67.1,59.5,-0.5,0.3500000000000014,20663,24391,24600,24500,322216,299626,13355,19860,0.04323951551021333,0.07098789702823073,-0.15000000000000568,-0.7000000000000028,-0.9451740269746591,24700,204577,0,0,153.9,
2026-08-03 00:00:00,2026-08-03 09:49:00,35,NIFTY,OK,24546.95,0.8500000000021828,1809590,5983,1748651,10591,513533,5983,978716,10591,4608,126.55,0.24057364298820683,0.10142064603706226,0.15164720029526907,1.5340330085661589,0,0,24500,31143581.4,24400,4213228,0,0,1785730790621,2026-08-04 00:00:00,24550,17,5983,10591,1803607,1738060,0.003317241505494268,0.006093575595779202,16574,13905918,127274,856019,68,58.55,0.9000000000000057,-0.9500000000000028,10852,14387,24600,24500,324689,303278,13322,13331,0.042785523192888135,0.04597736827765074,-0.04999999999999716,0.29999999999999716,-0.9024852563942759,24700,205703,0,0,153.05,
2026-08-03 00:00:00,2026-08-03 09:50:00,36,NIFTY,OK,24546.95,0,1809590,0,1748651,0,513533,0,978716,0,0,126.55,0.1809340626449979,0.10366150103990793,0.15164720029526907,1.2315868398092757,0,0,24500,31143581.4,24400,4213228,0,0,1785730850318,2026-08-04 00:00:00,24550,17,0,0,1809590,1748651,0,0,0,13905918,0,643807,68,58.55,0,0,0,0,24600,24500,324689,303278,7824,11082,0.024691903492023416,0.03792659721556763,0,-0.4000000000000057,-0.7647748927657713,24700,205703,0,0,153.05,
2026-08-03 00:00:00,2026-08-03 09:51:00,37,NIFTY,OK,24553.2,6.25,1824776,15186,1763336,14685,528719,15186,993401,14685,-501,126.8,0.27566391461582024,0.09767235897212957,0.14874207112821514,0.26732994753395783,0,0,24500,32502128.4,24400,4448592.5,0,0,1785730909825,2026-08-04 00:00:00,24550,17,15186,14685,1809590,1748651,0.008391956188970982,0.00839790215428922,29871,14251224,345306,989113,70.5,56.3,2.5,-2.25,32494,35005,24600,24500,326768,310987,9903,18791,0.03125305729569375,0.0643095730263248,0.25,-0.15000000000000568,0.16461884562801513,24700,208513,0,0,146.8,
2026-08-03 00:00:00,2026-08-03 09:52:00,38,NIFTY,OK,24553.2,0,1824776,0,1763336,0,528719,0,993401,0,0,126.8,0.19681882839777576,0.07761594317821378,0.14874207112821514,0.07589644245429103,0,0,24500,32502128.4,24400,4448592.5,0,0,1785730969775,2026-08-04 00:00:00,24550,17,0,0,1824776,1763336,0,0,0,14251224,0,706208,70.5,56.3,0,0,0,0,24600,24500,326768,310987,6055,12603,0.018879808426848926,0.04223751943803957,0,0.04999999999999716,0.1838036555234412,24700,208513,0,0,146.8,
2026-08-03 00:00:00,2026-08-03 09:53:00,39,NIFTY,OK,24552.3,-0.9000000000014552,1828922,4146,1775993,12657,532865,4146,1006058,12657,8511,127.25,0.19444064561855134,0.09023285806814259,0.14885341833579224,0.01019560328883648,0,0,24500,32645434.2,24400,4366209.25,0,0,1785731032356,2026-08-04 00:00:00,24550,17,4146,12657,1824776,1763336,0.0022720596939021557,0.007177871942726741,16803,14479586,228362,700942,69.8,57.45,-0.7000000000000028,1.1500000000000057,21272,14638,24600,24500,328146,314531,5930,14905,0.018403803659656878,0.049745349202005164,0.45000000000000284,0.6500000000000057,1.92634470661449,24700,211119,0,0,147.7,
2026-08-03 00:00:00,2026-08-03 09:54:00,40,NIFTY,OK,24552.3,0,1828922,0,1775993,0,532865,0,1006058,0,0,127.25,0.15913495879930595,0.0813606476219695,0.14885341833579224,-0.458460457605429,0,0,24500,32645434.2,24400,4366209.25,0,0,1785731089551,2026-08-04 00:00:00,24550,17,0,0,1828922,1775993,0,0,0,14479586,0,573668,69.8,57.45,0,0,0,0,24600,24500,328146,314531,3457,11253,0.010647111543661781,0.03710457072389029,0,0.7000000000000028,1.6572077056473435,24700,211119,0,0,147.7,
2026-08-03 00:00:00,2026-08-03 09:55:00,41,NIFTY,OK,24563.25,10.950000000000728,1823938,-4984,1780444,4451,527881,-4984,1010509,4451,9435,126.75,0.2854464371423451,0.04484681073578667,0.13909312995292855,-2.8084845252275614,0,0,24500,33395496.299999997,24400,4577331.6,0,0,1785731151915,2026-08-04 00:00:00,24550,17,-4984,4451,1828922,1775993,-0.002725102546746116,0.002506203571748312,-533,14934776,455190,1028858,71.15,55.6,1.3500000000000085,-1.8500000000000014,46729,38609,24600,24500,327735,317317,3046,14039,0.009381284860281685,0.0462908618495242,-0.5,0.20000000000000284,-0.30844354543225927,24700,211210,24200,191515,136.75,363.25
2026-08-03 00:00:00,2026-08-03 09:56:00,42,NIFTY,OK,24566.25,3,1803690,-20248,1786507,6063,507633,-20248,1016572,6063,26311,128.65,0.30085897793352284,0.00193029996954107,0.14232685009487664,-1.469038073815083,0,0,24500,33538956.1,24400,4812360.3,0,0,1785731209680,2026-08-04 00:00:00,24550,17,-20248,6063,1823938,1780444,-0.01110125453825733,0.0034053303557988906,-14185,15331367,396591,1080143,74.4,54.25,3.25,-1.3500000000000014,50851,24593,24600,24500,324023,316593,-2745,5606,-0.008400455368946775,0.018026476990999622,1.9000000000000057,1.8500000000000085,2.7517484812742468,24700,209883,24200,191512,133.75,366.25
2026-08-03 00:00:00,2026-08-03 09:57:00,43,NIFTY,OK,24567.95,1.7000000000007276,1765302,-38388,1798822,12315,469245,-38388,1028887,12315,50703,129.14999999999998,0.42989497559568635,0.01565592981068386,0.14339868506781922,-0.9786361878957979,0,0,24500,33691312,24400,5130729.850000001,0,0,1785731270655,2026-08-04 00:00:00,24550,17,-38388,12315,1803690,1786507,-0.021283036441960647,0.006893339908547798,-26073,15783423,452056,1532199,75.85,53.3,1.4499999999999886,-0.9500000000000028,55530,30335,24600,24500,318458,316074,-8310,5087,-0.02543088674533614,0.016357596941351246,0.4999999999999716,2.34999999999998,2.1930156696402383,24700,207374,24200,192246,132.05,367.95
2026-08-03 00:00:00,2026-08-03 09:58:00,44,NIFTY,OK,24570.65,2.7000000000007276,1737108,-28194,1823462,24640,441051,-28194,1053527,24640,52834,128.8,0.4702676818599269,0.026483781557923605,0.1409879237941585,-1.2604925364806694,0,0,24500,34214914,24400,5154909.850000001,0,0,1785731332159,2026-08-04 00:00:00,24550,17,-28194,24640,1765302,1798822,-0.01597120492697567,0.013697853372929617,-3554,16154007,370584,1674421,75.25,53.55,-0.5999999999999943,0.25,41820,21445,24600,24500,312737,320009,-15409,5478,-0.04695775660833897,0.017416407285768334,-0.3499999999999659,1.5500000000000114,1.4032321199985005,24700,205809,24400,193191,129.35,170.65
2026-08-03 00:00:00,2026-08-03 09:59:00,45,NIFTY,OK,24562.8,-7.850000000002183,1734439,-2669,1854594,31132,438382,-2669,1084659,31132,33801,129.1,0.5683486331833673,0.0077859734819999,0.14882970902795978,0.6621611095775717,0,0,24500,35042328.25,24400,5264085.9,0,0,1785731390278,2026-08-04 00:00:00,24550,17,-2669,31132,1737108,1823462,-0.001536461751370669,0.017073018247706833,28463,16519408,365401,2039822,76.25,52.85,1,-0.6999999999999957,37348,27206,24600,24500,310908,326364,-17238,11833,-0.052531495127169,0.03762109299242364,0.29999999999998295,1.8499999999999943,1.3614371554228193,24700,206661,24400,197010,137.2,162.8
2026-08-03 00:00:00,2026-08-03 10:00:00,46,NIFTY,OK,24568.5,5.700000000000728,1735891,1452,1874984,20390,439834,1452,1105049,20390,18938,128.1,0.4961603489458926,0.0036241894692541137,0.14032003231209686,-1.1925767245525876,0,0,24500,35383028.65,24400,5157686.25,0,0,1785731451082,2026-08-04 00:00:00,24550,17,1452,20390,1734439,1854594,0.0008371582972938224,0.010994320050641812,21842,16726349,206941,1791573,74.55,53.55,-1.7000000000000028,0.6999999999999957,21367,16012,24600,24500,309380,330236,-18355,12919,-0.056005614292034725,0.040713229987677936,-1,1.3499999999999943,0.24784603636196637,24700,208710,24400,195925,131.5,168.5
2026-08-03 00:00:00,2026-08-03 10:01:00,47,NIFTY,OK,24568.05,-0.4500000000007276,1733212,-2679,1890654,15670,437155,-2679,1120719,15670,18349,128.65,0.4870257343952563,0.019076828585609742,0.14387038618464823,-0.17563059048715404,0,0,24500,36401119.800000004,24400,5342651.55,0,0,1785731512484,2026-08-04 00:00:00,24550,17,-2679,15670,1735891,1874984,-0.0015432996657048167,0.008357404649853012,12991,17096283,369934,1764916,76.4,52.25,1.8500000000000085,-1.2999999999999972,42328,24496,24600,24500,307294,336386,-16729,19793,-0.051629051024155694,0.06251875436285705,0.5500000000000114,0,0.6654355175704656,24700,208710,24400,195925,131.95,168.05
2026-08-03 00:00:00,2026-08-03 10:02:00,48,NIFTY,OK,24568,-0.049999999999272404,1729187,-4025,1923683,33029,433130,-4025,1153748,33029,37054,128.15,0.4094966423661395,0.059328617136347656,0.14155804069615593,-0.6344166771605904,0,0,24500,36751968,24400,5245172,0,0,1785731569836,2026-08-04 00:00:00,24550,17,-4025,33029,1733212,1890654,-0.0023222779440714696,0.01746961633381888,29004,17279261,182978,1495838,74.95,53.2,-1.4500000000000028,0.9500000000000028,17786,14148,24600,24500,307936,340879,-10522,24805,-0.0330404637346212,0.07847845757639034,-0.5,-0.9999999999999716,-0.04376624439440766,24700,207850,24400,202012,132,168
2026-08-03 00:00:00,2026-08-03 10:03:00,49,NIFTY,OK,24568,0,1729187,0,1923683,0,433130,0,1153748,0,0,128.15,0.3080465496992775,0.0820259248134199,0.14155804069615593,-0.4806687212916707,0,0,24500,36751968,24400,5245172,0,0,1785731629415,2026-08-04 00:00:00,24550,17,0,0,1729187,1923683,0,0,0,17279261,0,1125254,74.95,53.2,0,0,0,0,24600,24500,307936,340879,-4801,20870,-0.015351557378883855,0.06521691577424385,0,-0.6500000000000057,-0.1694574523722621,24700,207850,24400,202012,132,168
2026-08-03 00:00:00,2026-08-03 10:04:00,50,NIFTY,OK,24566.2,-1.7999999999992724,1744781,15594,1954807,31124,448724,15594,1184872,31124,15530,127.30000000000001,0.2743246004690252,0.10893320248145608,0.13911273523705214,-1.106794138406874,0,0,24500,37429595.1,24400,5118559,0,0,1785731690667,2026-08-04 00:00:00,24550,17,15594,31124,1729187,1923683,0.009018110823178754,0.016179380906313566,46718,17534296,255035,1014888,72.9,54.4,-2.049999999999997,1.1999999999999957,25802,19823,24600,24500,310005,348988,-903,22624,-0.002904396155775985,0.06932137122966994,-0.8499999999999943,-1.799999999999983,-1.3409567993096045,24700,209398,24400,204914,133.8,166.2
2026-08-03 00:00:00,2026-08-03 10:05:00,51,NIFTY,OK,24569.5,3.2999999999992724,1748377,3596,1961113,6306,452320,3596,1191178,6306,2710,128.2,0.3176765539198111,0.0836842274982222,0.14050254120552888,-0.6767099382899892,0,0,24500,38069957.699999996,24400,5306722.05,0,0,1785731751667,2026-08-04 00:00:00,24550,17,3596,6306,1744781,1954807,0.0020610036445834748,0.00322589391177748,9902,17904767,370471,1178418,75.5,52.7,2.5999999999999943,-1.6999999999999957,37495,28700,24600,24500,311048,351166,1668,20930,0.005391428017324972,0.06337891689579574,0.8999999999999773,0.09999999999999432,-0.42549505732583087,24700,209614,24400,204828,130.5,169.5
2026-08-03 00:00:00,2026-08-03 10:06:00,52,NIFTY,OK,24569.5,0,1748377,0,1961113,0,452320,0,1191178,0,0,128.2,0.2179501764393488,0.105906857773314,0.14050254120552888,-0.5939586460058315,0,0,24500,38069957.699999996,24400,5306722.05,0,0,1785731809972,2026-08-04 00:00:00,24550,17,0,0,1748377,1961113,0,0,0,17904767,0,808484,75.5,52.7,0,0,0,0,24600,24500,311048,351166,3754,14780,0.012216314018496944,0.043937619282609856,0,-0.45000000000001705,-0.34163532810052144,24700,209614,24400,204828,130.5,169.5
2026-08-03 00:00:00,2026-08-03 10:07:00,53,NIFTY,OK,24563.95,-5.549999999999272,1748346,-31,1989246,28133,452289,-31,1219311,28133,28164,127.19999999999999,0.31751031145186526,0.07139149456823995,0.14209274673008254,0.061458031604994766,0,0,24550,38941746.699999996,24400,5207951.1,0,0,1785731871543,2026-08-04 00:00:00,24550,17,-31,28133,1748377,1961113,-0.000017730729699601403,0.014345425276360924,28102,18465985,561218,1186724,73.55,53.65,-1.9500000000000028,0.9499999999999957,54605,53715,24600,24500,308136,355077,200,14198,0.0006494856073989401,0.04165114307422869,-1,-0.950000000000017,-1.742544223502828,24700,211726,24400,205585,136.05,163.95
2026-08-03 00:00:00,2026-08-03 10:08:00,54,NIFTY,OK,24563.95,0,1748346,0,1989246,0,452289,0,1219311,0,0,127.19999999999999,0.31751031145186526,0.07139149456823995,0.14209274673008254,0.018968167431663206,0,0,24550,38941746.699999996,24400,5207951.1,0,0,1785731929840,2026-08-04 00:00:00,24550,17,0,0,1748346,1989246,0,0,0,18465985,0,1186724,73.55,53.65,0,0,0,0,24600,24500,308136,355077,200,14198,0.0006494856073989401,0.04165114307422869,0,-0.950000000000017,-1.3883204343085898,24700,211726,24400,205585,136.05,163.95
2026-08-03 00:00:00,2026-08-03 10:09:00,55,NIFTY,OK,24563.15,-0.7999999999992724,1758963,10617,2000017,10771,462906,10617,1230082,10771,154,127.44999999999999,0.2793156654198745,0.05656693417350673,0.14326633942260703,1.3067630054163761,0,0,24550,39265343.3,24400,5202129.600000001,0,0,1785731989348,2026-08-04 00:00:00,24550,17,10617,10771,1748346,1989246,0.006072596614171337,0.005414614381529484,21388,18584238,118253,1049942,73.8,53.65,0.25,0,8798,12365,24600,24500,312151,357326,2146,8338,0.006922468992435606,0.02389193897784451,0.25,0.14999999999997726,-0.8310431417014507,24700,213039,24400,206006,136.85,163.15
2026-08-03 00:00:00,2026-08-03 10:10:00,56,NIFTY,OK,24566.4,3.25,1768482,9519,1998264,-1753,472425,9519,1228329,-1753,-11272,127.5,0.2716081732083873,0.05596439766626038,0.14013700911015337,-0.966928019630696,0,0,24550,39280039.75,24400,5250551.600000001,0,0,1785732050863,2026-08-04 00:00:00,24550,17,9519,-1753,1758963,2000017,0.005411711332188341,-0.0008764925498133266,7766,18927846,343608,1023079,73.85,53.65,0.04999999999999716,0,34408,29746,24600,24500,313723,355637,2675,4471,0.00859995884879504,0.012731870397475838,0.05000000000001137,-0.6999999999999886,-0.6036327274391989,24700,213533,24400,205406,133.6,166.4
2026-08-03 00:00:00,2026-08-03 10:11:00,57,NIFTY,OK,24568.75,2.349999999998545,1776075,7593,2015331,17067,480018,7593,1245396,17067,9474,126.85000000000001,0.2987319216143035,0.07232472846000491,0.1387517105967752,-1.644722251971831,0,0,24550,40510772.5,24400,5204868.350000001,0,0,1785732110407,2026-08-04 00:00:00,24550,17,7593,17067,1768482,1998264,0.0042935127414358756,0.008540913512929222,24660,19037381,109535,1132614,73.9,52.95,0.05000000000001137,-0.6999999999999957,6512,15326,24600,24500,314486,357856,3438,6690,0.011052956456881253,0.019050819270658322,-0.6499999999999915,-1.34999999999998,-1.5965623000647198,24700,213533,24400,206500,131.25,168.75
2026-08-03 00:00:00,2026-08-03 10:12:00,58,NIFTY,OK,24571.35,2.599999999998545,1778380,2305,2018757,3426,482323,2305,1248822,3426,1121,126.9,0.17554515415166744,0.08933058693098539,0.13799957154078724,-1.642139918535089,0,0,24550,40716187.5,24400,5245667.05,0,0,1785732170681,2026-08-04 00:00:00,24550,17,2305,3426,1776075,2015331,0.001297805554382557,0.0016999688884853158,5731,19132554,95173,666569,74.65,52.25,0.75,-0.7000000000000028,8125,11198,24600,24500,314486,357856,6350,2779,0.020607783576083286,0.007826471441405667,0.04999999999999716,-0.29999999999998295,-1.2127083504514864,24700,214743,24400,206715,128.65,171.35
2026-08-03 00:00:00,2026-08-03 10:13:00,59,NIFTY,OK,24572.5,1.1500000000014552,1781909,3529,2026084,7327,485852,3529,1256149,7327,3798,127.44999999999999,0.230948953950283,0.08005098629601161,0.1383888736868404,-1.1312564148841886,0,0,24550,41403990.6,24400,5405213.75,0,0,1785732230510,2026-08-04 00:00:00,24550,17,3529,7327,1778380,2018757,0.001984390287790011,0.003629461099082257,10856,19345437,212883,879452,76.1,51.35,1.4499999999999886,-0.8999999999999986,18240,20444,24600,24500,316886,356503,8750,1426,0.02839655217176831,0.0040160303258166535,0.549999999999983,0.25,0.056888012398838686,24700,215161,24400,208115,127.5,172.5
2026-08-03 00:00:00,2026-08-03 10:14:00,60,NIFTY,OK,24577.75,5.25,1951389,-9301,1971281,9311,496241,10389,1259077,2928,18612,125.65,0.27214805221953414,0.04592116319000475,0.13705613989112697,-1.5776833010332145,0,0,24550,42063137.5,24400,5903963.5,0,0,1785732290058,2026-08-04 00:00:00,24600,16,-9301,9311,1774120,1955495,-0.005242599147746488,0.004761454260941603,10,19921939,306348,1067547,51.25,74.4,0.6499999999999986,-1.3999999999999915,36281,29180,24600,24500,315946,357343,3795,17,0.012157577582644297,0.000047575603230663315,-1.799999999999983,-1.799999999999983,-2.3252885933010945,24700,215407,24500,357343,122.25,77.75
2026-08-03 00:00:00,2026-08-03 10:15:00,61,NIFTY,OK,24580.45,2.7000000000007276,1919058,-32331,1990414,19133,463910,-32331,1278210,19133,51464,126.45,0.36481627186484517,0.019673420794130578,0.13945028294260312,-0.27283797037849566,0,0,24550,43289072,24400,6448951.6,0,0,1785732350434,2026-08-04 00:00:00,24600,17,-32331,19133,1951389,1971281,-0.01656819834487127,0.009705871461247788,-13198,20624239,702300,1426239,54.25,72.2,3,-2.200000000000003,109175,42152,24600,24500,309466,359383,-4257,3746,-0.0135692952062807,0.010533212236072174,0.7999999999999972,-1.0499999999999972,-0.9728730718682412,24700,212346,24500,359383,119.55,80.45
2026-08-03 00:00:00,2026-08-03 10:16:00,62,NIFTY,OK,24579.45,-1,1921559,2501,1996707,6293,466411,2501,1284503,6293,3792,126.19999999999999,0.40218070952814333,0.0077374066456790645,0.13991647133015211,0.0006710421343672554,0,0,24550,43502544,24400,6513581.75,0,0,1785732411254,2026-08-04 00:00:00,24600,17,2501,6293,1919058,1990414,0.0013032435705434646,0.0031616538066954916,8794,20883386,259147,1575851,54.85,71.35,0.6000000000000014,-0.8500000000000085,34668,28358,24600,24500,309466,359383,-5020,1527,-0.015962554771913533,0.00426707949566306,-0.2500000000000142,-0.6500000000000199,-1.1747221207068088,24700,215204,24500,359383,120.55,79.45
2026-08-03 00:00:00,2026-08-03 10:17:00,63,NIFTY,OK,24579.75,0.2999999999992724,1891013,-30546,2030000,33293,435865,-30546,1317796,33293,63839,125.9,0.4627526101035625,0.005075342016545979,0.1386830051751829,-0.4972697411377432,0,0,24550,43830246.7,24400,6547700.25,0,0,1785732469657,2026-08-04 00:00:00,24600,17,-30546,33293,1921559,1996707,-0.01589646739964789,0.016673953664708942,2747,21217167,333781,1814459,53.75,72.15,-1.1000000000000014,0.8000000000000114,49705,22986,24600,24500,303860,362386,-10626,4530,-0.03378846753114606,0.012658723061790217,-0.29999999999998295,-1,-1.3349194255200771,24700,214482,24500,362386,120.25,79.75
2026-08-03 00:00:00,2026-08-03 10:18:00,64,NIFTY,OK,24588.45,8.700000000000728,1895505,4492,2053193,23193,440357,4492,1340989,23193,18701,128.05,0.533139531055553,0.01236837992653454,0.1441013366195849,2.020021649293873,0,0,24550,44851074.6,24400,6898309.850000001,0,0,1785732529683,2026-08-04 00:00:00,24600,17,4492,23193,1891013,2030000,0.0023754463877297513,0.01142512315270936,27685,21720798,503631,2105207,57.5,70.55,3.75,-1.6000000000000085,66496,29669,24600,24500,306187,366061,-10699,9558,-0.03376293051759939,0.02681043357278901,2.1500000000000057,0.6000000000000227,1.6302303875081878,24700,214627,24500,366061,111.55,88.45
2026-08-03 00:00:00,2026-08-03 10:19:00,65,NIFTY,OK,24587.7,-0.75,1830577,-64928,2064785,11592,375429,-64928,1352581,11592,76520,127.8,0.5982853454954893,0.011717466095811353,0.14428862462690117,1.8992611055187618,0,0,24550,44827557,24400,7137823.2,0,0,1785732590416,2026-08-04 00:00:00,24600,17,-64928,11592,1895505,2053193,-0.03425366854743195,0.0056458404056511004,-53336,22252477,531679,2330538,57.7,70.1,0.20000000000000284,-0.45000000000000284,71903,31243,24600,24500,294804,366159,-21142,8816,-0.0669164983889652,0.02467097438595411,-0.2500000000000142,2.1499999999999915,1.1895937739900848,24700,208741,24500,366159,112.3,87.7
2026-08-03 00:00:00,2026-08-03 10:20:00,66,NIFTY,OK,24585.45,-2.25,1831322,745,2084665,19880,376174,745,1372461,19880,19135,127.65,0.49682008648139026,0.003348682962733759,0.14260807685465243,1.0078722822888813,0,0,24550,44577473,24400,7118445.35,0,0,1785732650350,2026-08-04 00:00:00,24600,17,745,19880,1830577,2064785,0.0004069755055373251,0.009628121087667724,20625,22569780,317303,1945541,56.6,71.05,-1.1000000000000014,0.9500000000000028,40999,20326,24600,24500,294059,366159,-15407,6776,-0.04978575998655749,0.018854536803354638,-0.14999999999999147,1.2000000000000028,0.961024929902344,24700,211886,24500,366159,114.55,85.45
2026-08-03 00:00:00,2026-08-03 10:22:00,67,NIFTY,OK,24582.8,-2.650000000001455,1830777,-545,2102198,17533,375629,-545,1389994,17533,18078,127.05000000000001,0.5043510319796083,0.007415305505142166,0.14195912848552408,0.6120925389306463,0,0,24550,44673754.75,24400,7094201.3,0,0,1785732724703,2026-08-04 00:00:00,24600,17,-545,17533,1831322,2084665,-0.0002975992206722794,0.008410464031391134,16988,22866986,297206,1983600,55.4,71.65,-1.2000000000000028,0.6000000000000085,41225,19558,24600,24500,296479,368056,-12987,8673,-0.04196583792726826,0.02413302799520289,-0.5999999999999943,0.8500000000000227,0.176748516975715,24700,211742,24500,368056,117.2,82.8
2026-08-03 00:00:00,2026-08-03 10:22:00,68,NIFTY,OK,24576.7,-6.099999999998545,1835338,4561,2114566,12368,380190,4561,1402362,12368,7807,126.9,0.4882387014975554,0.014981104446159079,0.1398550724637679,-0.33012246590239336,0,0,24550,44563878,24400,6949110.4,0,0,1785732769935,2026-08-04 00:00:00,24600,17,4561,12368,1830777,2102198,0.0024912919487190413,0.005883365886562541,16929,23145663,278677,1928496,53.5,73.4,-1.8999999999999986,1.75,33023,28133,24600,24500,297500,369510,-6360,7124,-0.020930691765944844,0.019658596082630125,-0.15000000000000568,1,-0.012624894069699057,24700,211722,24500,369510,123.3,76.7
2026-08-03 00:00:00,2026-08-03 10:23:00,69,NIFTY,OK,24575.4,-1.2999999999992724,1842642,7304,2118960,4394,387494,7304,1406756,4394,-2910,126.85,0.4196923365850482,0.007761085589665679,0.1399241983200063,-0.3829382959645672,0,0,24550,44084339.2,24400,6901948.25,0,0,1785732831721,2026-08-04 00:00:00,24600,17,7304,4394,1835338,2114566,0.003979648435329078,0.002077967772110211,11698,23383452,237789,1662654,53.15,73.7,-0.3500000000000014,0.29999999999999716,29155,21040,24600,24500,299662,370969,-6525,4908,-0.02131050632456636,0.013407601465329549,-0.05000000000001137,-1.200000000000017,0,24700,210401,24500,370969,124.6,75.4
2026-08-03 00:00:00,2026-08-03 10:24:00,70,NIFTY,OK,24576.95,1.5499999999992724,1855677,13035,2121501,2541,400529,13035,1409297,2541,-10494,126.44999999999999,0.3263288693641572,0.06303876819522479,0.13927705689433903,-0.8833884121613045,0,0,24550,44143981.6,24400,6881152.5,0,0,1785732889935,2026-08-04 00:00:00,24600,17,13035,2541,1842642,2118960,0.007074081671860296,0.0011991731792955033,15576,23550345,166893,1297868,53.15,73.3,0,-0.4000000000000057,18316,11688,24600,24500,301474,372845,6670,6686,0.02262520182901182,0.018259827015039913,-0.4000000000000057,-1.3500000000000085,-0.7072602831488892,24700,211681,24500,372845,123.05,76.95
2026-08-03 00:00:00,2026-08-03 10:25:00,71,NIFTY,OK,24578.95,2,1863420,7743,2122894,1393,408272,7743,1410690,1393,-6350,126.85,0.3011027229666303,0.058591673678860944,0.14031172469462638,-0.40974731749068943,0,0,24550,44470657.599999994,24400,6919402,0,0,1785732950310,2026-08-04 00:00:00,24600,17,7743,1393,1855677,2121501,0.004172601158499028,0.0006566105790192888,9136,23770070,219725,1200290,53.6,73.25,0.45000000000000284,-0.04999999999999716,26767,16381,24600,24500,302940,374162,8881,8003,0.03020142216357942,0.021856625127335393,0.4000000000000057,-0.8000000000000114,-0.1816098419058066,24700,213800,24500,374162,121.05,78.95
2026-08-03 00:00:00,2026-08-03 10:26:00,72,NIFTY,OK,24579.65,0.7000000000007276,1885707,22287,2118871,-4023,430559,22287,1406667,-4023,-26310,127.4,0.2659853297900553,0.06722282776561997,0.140525397371826,-0.33466757851656753,0,0,24550,44494512,24400,6887799.75,0,0,1785733010243,2026-08-04 00:00:00,24600,17,22287,-4023,1863420,2122894,0.011960266606562128,-0.0018950545811519557,18264,23932145,162075,1065159,54.4,73,0.7999999999999972,-0.25,26522,10781,24600,24500,310323,373388,13844,5332,0.04669470687637236,0.014486925902580041,0.5500000000000114,0.3499999999999943,0.5019625876832526,24700,215332,24500,373388,120.35,79.65
2026-08-03 00:00:00,2026-08-03 10:27:00,73,NIFTY,OK,24584.6,4.94999999999709,1898436,12729,2125846,6975,443288,12729,1413642,6975,-5754,128.1,0.2627104661154462,0.07035236719664101,0.1426199962056533,0.6225116920079549,0,0,24550,45210870.9,24400,7135864.2,0,0,1785733070531,2026-08-04 00:00:00,24600,17,12729,6975,1885707,2118871,0.006750253353251592,0.003291847403640901,19704,24202884,270739,1057221,57.25,70.85,2.8500000000000014,-2.1500000000000057,44617,16210,24600,24500,312202,375154,14702,5644,0.04941848739495798,0.01527428215745176,0.6999999999999886,1.1999999999999886,1.4584684424705108,24700,216463,24500,375154,115.4,84.6
2026-08-03 00:00:00,2026-08-03 10:28:00,74,NIFTY,OK,24583.5,-1.0999999999985448,1887479,-10957,2126086,240,432331,-10957,1413882,240,11197,127.4,0.25072522807030656,0.05163757997102261,0.14038340404796706,-0.5204004126415472,0,0,24550,44674380.85,24400,7078846.5,0,0,1785733131497,2026-08-04 00:00:00,24600,17,-10957,240,1898436,2125846,-0.005771593037637297,0.00011289623048894417,-10717,24389754,186870,1006302,55.15,72.25,-2.1000000000000014,1.4000000000000057,29479,9300,24600,24500,307828,374210,8166,3241,0.027250702458102797,0.008736579067253598,-0.6999999999999886,0.5500000000000114,0.3195876288659808,24700,215764,24500,374210,116.5,83.5
2026-08-03 00:00:00,2026-08-03 10:29:00,75,NIFTY,OK,24581.35,-2.150000000001455,1889202,1723,2135376,9290,434054,1723,1423172,9290,7567,127.44999999999999,0.2557244511101537,0.04605594923351824,0.14040342806879946,-0.3422057229555245,0,0,24550,44897933.3,24400,7043400,0,0,1785733190219,2026-08-04 00:00:00,24600,17,1723,9290,1887479,2126086,0.0009128578384183348,0.004369531618194184,11013,24579528,189774,1029183,55.35,72.1,0.20000000000000284,-0.15000000000000568,24767,10871,24600,24500,305711,374826,4237,1981,0.014054279971075449,0.005313199855167697,0.04999999999998295,1,0.5269954501092267,24700,217062,24500,374826,118.65,81.35
2026-08-03 00:00:00,2026-08-03 10:30:00,76,NIFTY,OK,24582.6,1.25,1890596,1394,2162049,26673,435448,1394,1449845,26673,25279,127.65,0.22955156447209168,0.0713013454929694,0.14190142933396593,1.161065985528854,0,0,24550,45723031.199999996,24400,7167704.399999999,0,0,1785733250118,2026-08-04 00:00:00,24600,17,1394,26673,1889202,2135376,0.0007378776859224159,0.012491008609256636,28067,24700361,120833,930291,56.45,71.2,1.1000000000000014,-0.8999999999999915,17163,9712,24600,24500,301168,379740,-1772,5578,-0.005849343104245065,0.014907981034952774,0.20000000000001705,0.8000000000000114,0.9661583252003216,24700,218498,24500,379740,117.4,82.6
2026-08-03 00:00:00,2026-08-03 10:31:00,77,NIFTY,OK,24581,-1.5999999999985448,1891340,744,2163434,1385,436192,744,1451230,1385,641,127.3,0.22003667775318675,0.05626099110176093,0.14038443261737316,-0.18631987535463673,0,0,24550,45642787.199999996,24400,7093066.5,0,0,1785733312835,2026-08-04 00:00:00,24600,17,744,1385,1890596,2162049,0.00039352669740124277,0.0006405960271945733,2129,24824344,123983,892199,55.2,72.1,-1.25,0.8999999999999915,19536,8469,24600,24500,301168,379740,-9155,6352,-0.029501519384641163,0.01701179470149014,-0.3500000000000085,-0.10000000000000853,0.1435522309793596,24700,218498,24500,379740,119,81
2026-08-03 00:00:00,2026-08-03 10:32:00,78,NIFTY,OK,24573.5,-7.5,1716387,7572,2239095,3955,420330,-15862,1469160,17930,-3617,129.35000000000002,0.22438681303568062,0.047342258196084085,0.14144779747435818,0.7789082322091367,0,0,24550,45210692.900000006,24400,6822585,0,0,1785733371821,2026-08-04 00:00:00,24550,16,7572,3955,1701105,2156601,0.004451224351230524,0.0018339043708131453,11527,24678133,266098,887558,78.65,50.7,-3.9499999999999886,1.9000000000000057,25488,19674,24600,24500,304061,379391,-8141,4237,-0.026076066136667925,0.011294028585594182,2.0500000000000256,1.2500000000000284,2.453105175955995,24700,218763,24400,223655,126.5,173.5
2026-08-03 00:00:00,2026-08-03 10:33:00,79,NIFTY,OK,24573.5,0,1716387,0,2239095,0,420330,0,1469160,0,0,129.35000000000002,0.1771435187924,0.07526316991299979,0.14144779747435818,0.6282123171521232,0,0,24550,45210692.900000006,24400,6822585,0,0,1785733429928,2026-08-04 00:00:00,24550,17,0,0,1716387,2239095,0,0,0,24678133,0,700688,78.65,50.7,0,0,0,0,24600,24500,304061,379391,-3767,5181,-0.012237353327182713,0.013845167152133828,0,1.950000000000017,1.779682582410358,24700,218763,24400,223655,126.5,173.5
2026-08-03 00:00:00,2026-08-03 10:34:00,80,NIFTY,OK,24570.55,-2.9500000000007276,1720123,3736,2235647,-3448,424066,3736,1465712,-3448,-7184,130.05,0.18756626396377948,0.05662096394862858,0.14485937018695424,2.5081930768560667,0,0,24550,45047662,24400,6841605.600000001,0,0,1785733489839,2026-08-04 00:00:00,24550,17,3736,-3448,1716387,2239095,0.0021766652858591913,-0.0015399078645613518,288,24909188,231055,741969,78.75,51.3,0.09999999999999432,0.5999999999999943,13829,27509,24600,24500,303672,379348,-2039,4522,-0.006669697851892801,0.012064264485387886,0.6999999999999886,2.6000000000000227,1.8918002384901749,24700,219875,24400,223905,129.45,170.55
2026-08-03 00:00:00,2026-08-03 10:35:00,81,NIFTY,OK,24564.25,-6.299999999999272,1735368,15245,2253699,18052,439311,15245,1483764,18052,2807,129.5,0.2513928695607269,0.04710801407626271,0.1500723040087239,2.6671103442547657,0,0,24550,45765765,24400,6821532,0,0,1785733550326,2026-08-04 00:00:00,24550,17,15245,18052,1720123,2235647,0.008862738304179411,0.008074620009330633,33297,25290875,381687,1002823,78,51.5,-0.75,0.20000000000000284,31500,37218,24600,24500,308044,384384,6876,4644,0.02283111087499336,0.012229420129562333,-0.5500000000000114,1.8499999999999943,1.118351256440307,24700,219708,24400,225759,135.75,164.25
2026-08-03 00:00:00,2026-08-03 10:36:00,82,NIFTY,OK,24568.7,4.450000000000728,1741052,5684,2255034,1335,444995,5684,1485099,1335,-4349,129.75,0.30479449140984455,0.04280101971699159,0.1433740657254709,0.2432079700621511,0,0,24550,45503308.99999999,24400,6713404.8,0,0,1785733609988,2026-08-04 00:00:00,24550,17,5684,1335,1735368,2253699,0.0032753859700075144,0.0005923594943246635,7019,25630020,339145,1217985,77.45,52.3,-0.5499999999999972,0.7999999999999972,24579,40672,24600,24500,308044,384384,6876,4644,0.02283111087499336,0.012229420129562333,0.25,2.450000000000003,1.1078309033740714,24700,220331,24400,226374,131.3,168.7
2026-08-03 00:00:00,2026-08-03 10:37:00,83,NIFTY,OK,24568.7,0,1741052,0,2255034,0,444995,0,1485099,0,0,129.75,0.23820483342951076,0.04265632370228819,0.1433740657254709,0.2158679860856662,0,0,24550,45503308.99999999,24400,6713404.8,0,0,1785733670054,2026-08-04 00:00:00,24550,17,0,0,1741052,2255034,0,0,0,25630020,0,951887,77.45,52.3,0,0,0,0,24600,24500,308044,384384,3983,4993,0.013099345197180829,0.013160565221631509,0,0.39999999999997726,0.9160784974639534,24700,220331,24400,226374,131.3,168.7
2026-08-03 00:00:00,2026-08-03 10:38:00,84,NIFTY,OK,24574.8,6.099999999998545,1732969,-8083,2252486,-2548,436912,-8083,1482551,-2548,5535,130.55,0.3003857777844688,0.02503646086533787,0.1423009561677557,-0.2412784167542463,0,0,24550,46537427.199999996,24400,6855458.35,0,0,1785733729549,2026-08-04 00:00:00,24550,17,-8083,-2548,1741052,2255034,-0.0046425953963465764,-0.0011299164447187936,-10631,25875307,245287,1197174,79.75,50.8,2.299999999999997,-1.5,23755,27385,24600,24500,305264,383477,1203,4086,0.003956442950592151,0.010769891747563858,0.8000000000000114,1.1999999999999886,1.3404235511696498,24700,219566,24400,225647,125.2,174.8
2026-08-03 00:00:00,2026-08-03 10:39:00,85,NIFTY,OK,24582.2,7.400000000001455,1942751,23996,2164382,-14846,487603,50691,1452178,-30373,-38842,127.65,0.3122506624450681,0.030281764272430612,0.1412260399976264,-0.6839881875543383,0,0,24550,46417146.85,24400,6968254.5,0,0,1785733790963,2026-08-04 00:00:00,24600,16,23996,-14846,1725279,2172635,0.013908475093013942,-0.0068331772248905135,9150,26636108,316336,1282455,54.95,72.7,1.8500000000000014,-1.7999999999999972,50111,23888,24600,24500,312481,377740,8809,-1608,0.02900827208303696,-0.004238851924881639,-2.9000000000000057,-2.4000000000000057,-1.3382183018880216,24700,223038,0,0,117.8,
2026-08-03 00:00:00,2026-08-03 10:40:00,86,NIFTY,OK,24582.2,0,1933186,-9565,2159167,-5215,478038,-9565,1446963,-5215,4350,127.5,0.3054064495413763,0.007394599749886184,0.14011361205523745,-0.9885559860549991,0,0,24550,45993755,24400,7032575,0,0,1785733850254,2026-08-04 00:00:00,24600,17,-9565,-5215,1942751,2164382,-0.004923430743311932,-0.0024094637637903107,-14780,26985171,349063,1249831,54.95,72.55,0,-0.15000000000000568,52819,25458,24600,24500,309730,375853,1686,-8531,0.005473244082014258,-0.02219395188145188,-0.15000000000000568,-2,-1.4359032633914492,24700,222827,0,0,117.8,
2026-08-03 00:00:00,2026-08-03 10:41:00,87,NIFTY,OK,24582.2,0,1933186,0,2159167,0,478038,0,1446963,0,0,127.5,0.22253358886684507,0.017855770265492166,0.14011361205523745,-0.9700075011644334,0,0,24550,45993755,24400,7032575,0,0,1785733909648,2026-08-04 00:00:00,24600,17,0,0,1933186,2159167,0,0,0,26985171,0,910686,54.95,72.55,0,0,0,0,24600,24500,309730,375853,1686,-8531,0.005473244082014258,-0.02219395188145188,0,-2.25,-1.4966632488622222,24700,222827,0,0,117.8,
2026-08-03 00:00:00,2026-08-03 10:42:00,88,NIFTY,OK,24578.35,-3.850000000002183,1937113,3927,2168008,8841,481965,3927,1455804,8841,4914,127.3,0.25174190967818,0.0033800031158345355,0.1404971437393859,-0.7823174350102462,0,0,24550,45943540,24400,6978581.25,0,0,1785733970827,2026-08-04 00:00:00,24600,17,3927,8841,1933186,2159167,0.00203136170032268,0.00409463464382329,12768,27107916,122745,1033431,54.5,72.8,-0.45000000000000284,0.25,17692,9554,24600,24500,308302,379170,258,-5214,0.0008375426887068081,-0.01356456043956044,-0.20000000000000284,-2.450000000000003,-1.3393065436560498,24700,224662,0,0,121.65,
2026-08-03 00:00:00,2026-08-03 10:43:00,89,NIFTY,OK,24580.85,2.5,1951732,14619,2183906,15898,496584,14619,1471702,15898,1279,127.4,0.24104769324587888,0.03777262395098336,0.1400701003980277,-0.8562731097302296,0,0,24550,46689815.99999999,24400,7046959.5,0,0,1785734029689,2026-08-04 00:00:00,24600,17,14619,15898,1937113,2168008,0.007546797734566853,0.007332998771222246,30517,27316658,208742,996886,54.85,72.55,0.3500000000000014,-0.25,32435,13659,24600,24500,315335,380698,10071,-2779,0.03299111588657686,-0.0072468492243341846,0.10000000000000853,-3.1500000000000057,-1.032790940145902,24700,225295,0,0,119.15,
2026-08-03 00:00:00,2026-08-03 10:44:00,90,NIFTY,OK,24580.85,0,1951732,0,2183906,0,496584,0,1471702,0,0,127.4,0.16455743950510177,0.04188523987950922,0.1400701003980277,-0.698180508309383,0,0,24550,46689815.99999999,24400,7046959.5,0,0,1785734090179,2026-08-04 00:00:00,24600,17,0,0,1951732,2183906,0,0,0,27316658,0,680550,54.85,72.55,0,0,0,0,24600,24500,315335,380698,2854,2958,0.009133355308002727,0.007830783078307832,0,-0.25,-0.8449153643704977,24700,225295,0,0,119.15,
2026-08-03 00:00:00,2026-08-03 10:45:00,91,NIFTY,OK,24582.6,1.75,1956622,4890,2189010,5104,501474,4890,1476806,5104,214,127.89999999999999,0.1025633727257991,0.125306333639079,0.14118149871782695,-0.039939736690975516,0,0,24550,47179185,24400,7149613.800000001,0,0,1785734149837,2026-08-04 00:00:00,24600,17,4890,5104,1951732,2183906,0.0025054669391084434,0.00233709692633291,9994,27410361,93703,425190,56.55,71.35,1.6999999999999957,-1.2000000000000028,15934,6319,24600,24500,315538,381709,5808,5856,0.018751816097891713,0.015580559420837402,0.4999999999999858,0.3999999999999915,-0.3156403776028092,24700,227583,0,0,117.4,
2026-08-03 00:00:00,2026-08-03 10:46:00,92,NIFTY,OK,24584.45,1.8500000000021828,1943462,-13160,2196717,7707,488314,-13160,1484513,7707,20867,127.94999999999999,0.1595935827895364,0.07238182296979474,0.14209614654517863,0.9031827024867628,0,0,24550,47469183.3,24400,7180771.5,0,0,1785734211383,2026-08-04 00:00:00,24600,17,-13160,7707,1956622,2189010,-0.0067258775583633424,0.0035207696629983415,-5453,27645917,235556,660746,56.4,71.55,-0.14999999999999858,0.20000000000000284,35633,16768,24600,24500,313702,384652,3972,8799,0.0128240725793433,0.023410748351084067,0.04999999999999716,0.44999999999998863,-0.13153224940321354,24700,226474,0,0,115.55,
2026-08-03 00:00:00,2026-08-03 10:47:00,93,NIFTY,OK,24584.45,0,1943462,0,2196717,0,488314,0,1484513,0,0,127.94999999999999,0.12994631391541284,0.06516344765158429,0.14209614654517863,1.2736221048364318,0,0,24550,47469183.3,24400,7180771.5,0,0,1785734270863,2026-08-04 00:00:00,24600,17,0,0,1943462,2196717,0,0,0,27645917,0,538001,56.4,71.55,0,0,0,0,24600,24500,313702,384652,5400,5482,0.017515293446036678,0.014457894875649444,0,0.6499999999999915,0.04398792697083351,24700,226474,0,0,115.55,
2026-08-03 00:00:00,2026-08-03 10:48:00,94,NIFTY,OK,24582.1,-2.350000000002183,1947479,4017,2204392,7675,492331,4017,1492188,7675,3658,127.2,0.1083706598784018,0.03607806356833451,0.14137554585152798,0.6321068691845102,0,0,24550,47538902,24400,7126114.800000001,0,0,1785734330753,2026-08-04 00:00:00,24600,17,4017,7675,1943462,2196717,0.0020669300454549664,0.003493850140914829,11692,27766599,120682,449941,55.2,72,-1.1999999999999957,0.45000000000000284,19601,7116,24600,24500,315113,386473,-222,5775,-0.0007040131923192795,0.015169504436587532,-0.7499999999999858,-0.20000000000000284,-1.436739427831755,24700,227739,0,0,117.9,
2026-08-03 00:00:00,2026-08-03 10:49:00,95,NIFTY,OK,24584,1.9000000000014552,1946902,-577,2213446,9054,491754,-577,1501242,9054,9631,127.75,0.12460832603426444,0.0476646078230912,0.14128640805518944,0.5078493860221058,0,0,24550,47752046.1,24400,7149598.350000001,0,0,1785734390037,2026-08-04 00:00:00,24600,17,-577,9054,1947479,2204392,-0.00029628047337095805,0.004107254970985197,8477,27835072,68473,518414,55.5,72.25,0.29999999999999716,0.25,8406,4510,24600,24500,317392,390841,2057,10143,0.00652322133603945,0.026643165974079192,0.5499999999999972,0.3499999999999943,0.621315798541426,24700,228477,0,0,116,
2026-08-03 00:00:00,2026-08-03 10:50:00,96,NIFTY,OK,24586.55,2.5499999999992724,1950794,3892,2217055,3609,495646,3892,1504851,3609,-283,127.64999999999999,0.12482529957299317,0.04270422275316048,0.14192253805418992,1.079131697426262,0,0,24550,47931922.8,24400,7193483.5,0,0,1785734449783,2026-08-04 00:00:00,24600,17,3892,3609,1946902,2213446,0.0019990733996883255,0.0016304892913583616,7501,27930614,95542,520253,56.05,71.6,0.5499999999999972,-0.6500000000000057,11457,4973,24600,24500,319676,391795,4138,10086,0.013114109869492739,0.026423270082706982,-0.10000000000000853,-0.25,0.18898223650449908,24700,230328,0,0,113.45,
2026-08-03 00:00:00,2026-08-03 10:51:00,97,NIFTY,OK,24590.15,3.600000000002183,1942396,-8398,2221835,4780,487248,-8398,1509631,4780,13178,127.45,0.1727793198792286,0.03342909521009933,0.14207455468016625,1.048295309145515,0,0,24550,48071074.50000001,24400,7270546.4,0,0,1785734510644,2026-08-04 00:00:00,24600,17,-8398,4780,1950794,2217055,-0.004304913794075643,0.002156013269855732,-3618,28365410,434796,719493,56.05,71.4,0,-0.19999999999998863,61810,28455,24600,24500,318159,392183,4457,7531,0.01420775130537899,0.01957873610432287,-0.19999999999998863,-0.4999999999999858,-0.5433150975183796,24700,229623,0,0,109.85,
2026-08-03 00:00:00,2026-08-03 10:52:00,98,NIFTY,OK,24589.85,-0.3000000000029104,1941568,-828,2225867,4032,486420,-828,1513663,4032,4860,128.15,0.20948905021913958,0.03121993237361288,0.14360099632309303,2.041484706348535,0,0,24550,48223467.199999996,24400,7364945,0,0,1785734570030,2026-08-04 00:00:00,24600,17,-828,4032,1942396,2221835,-0.00042627764884194575,0.0018147162143003419,3204,28518949,153539,873032,56.9,71.25,0.8500000000000014,-0.15000000000000568,20865,10853,24600,24500,316935,390585,3233,5933,0.010305959158692007,0.015424331603631334,0.7000000000000028,0.20000000000001705,1.6017557149889068,24700,229703,0,0,110.15,
2026-08-03 00:00:00,2026-08-03 10:53:00,99,NIFTY,OK,24589.7,-0.1499999999978172,1940798,-770,2239484,13617,485650,-770,1527280,13617,14387,128,0.20278201327087503,0.0335159481223,0.1427519886026358,1.0000987231416334,0,0,24550,48655990.9,24400,7403408.550000001,0,0,1785734630137,2026-08-04 00:00:00,24600,17,-770,13617,1941568,2225867,-0.00039658667633582755,0.006117616191803015,12847,28614285,95336,847686,57.05,70.95,0.14999999999999858,-0.29999999999999716,14367,6644,24600,24500,317544,393899,2431,7426,0.007714692824478838,0.01921479637646097,-0.15000000000000568,0.7999999999999972,0.8923176899709307,24700,229335,0,0,110.3,
2026-08-03 00:00:00,2026-08-03 10:54:00,100,NIFTY,OK,24589.7,0,1940798,0,2239484,0,485650,0,1527280,0,0,128,0.18640201785429786,0.025582222062516924,0.1427519886026358,0.8881269796328161,0,0,24550,48655990.9,24400,7403408.550000001,0,0,1785734689445,2026-08-04 00:00:00,24600,17,0,0,1940798,2239484,0,0,0,28614285,0,779213,57.05,70.95,0,0,0,0,24600,24500,317544,393899,152,3058,0.00047890305993849875,0.007824153556049646,0,0.25,0.723101526062201,24700,229335,0,0,110.3,
2026-08-03 00:00:00,2026-08-03 10:55:00,101,NIFTY,OK,24589.15,-0.5499999999992724,1936257,-4541,2249432,9948,481109,-4541,1537228,9948,14489,129.5,0.28410065821899333,0.015002224264752258,0.14614282839522216,2.6284322928149266,0,0,24550,49386539.4,24400,7876608.25,0,0,1785734752356,2026-08-04 00:00:00,24600,17,-4541,9948,1940798,2239484,-0.0023397592124476635,0.004442094696814088,5407,29119771,505486,1189157,61.5,68,4.450000000000003,-2.950000000000003,71604,49135,24600,24500,317425,393886,-2251,2091,-0.007041504523329871,0.005336974693398333,1.5,1.8500000000000085,2.6453609383127805,24700,228525,0,0,110.85,
2026-08-03 00:00:00,2026-08-03 10:56:00,102,NIFTY,OK,24589.15,0,1936257,0,2249432,0,481109,0,1537228,0,0,129.5,0.18022385322942053,0.02844526692127509,0.14614282839522216,1.8482718750630178,0,0,24550,49386539.4,24400,7876608.25,0,0,1785734811289,2026-08-04 00:00:00,24600,17,0,0,1936257,2249432,0,0,0,29119771,0,754361,61.5,68,0,0,0,0,24600,24500,317425,393886,-734,1703,-0.002307022589334264,0.004342360581667232,0,2.049999999999997,1.8641051238288755,24700,228525,0,0,110.85,
2026-08-03 00:00:00,2026-08-03 10:57:00,103,NIFTY,OK,24587,-2.150000000001455,1874493,-61764,2260175,10743,419345,-61764,1547971,10743,72507,128.55,0.37915813313185,0.020901413733428676,0.1436039068797117,0.2624446774706282,0,0,24550,48786583.65,24400,7985558.1,0,0,1785734872077,2026-08-04 00:00:00,24600,17,-61764,10743,1936257,2249432,-0.031898658081029534,0.004775872309098475,-51021,30086642,966871,1567693,59.1,69.45,-2.3999999999999986,1.4500000000000028,124310,71680,24600,24500,298894,392066,-18041,1481,-0.05692334390332403,0.0037917482750233623,-0.9499999999999886,0.4000000000000057,0.49905822308506004,24700,226677,0,0,113,
2026-08-03 00:00:00,2026-08-03 10:58:00,104,NIFTY,OK,24587,0,1874493,0,2260175,0,419345,0,1547971,0,0,128.55,0.35610041725236463,0.03098025818466581,0.1436039068797117,0.13805275894524463,0,0,24550,48786583.65,24400,7985558.1,0,0,1785734931310,2026-08-04 00:00:00,24600,17,0,0,1874493,2260175,0,0,0,30086642,0,1472357,59.1,69.45,0,0,0,0,24600,24500,298894,392066,-18650,-1833,-0.05873201823999194,-0.00465347716038883,0,0.5500000000000114,0.3518017959771962,24700,226677,0,0,113,
2026-08-03 00:00:00,2026-08-03 10:59:00,105,NIFTY,OK,24586.95,-0.049999999999272404,1886730,12237,2269985,9810,431582,12237,1557781,9810,-2427,128.2,0.4175872052810934,0.013577095399158079,0.14248587838800036,-0.711072173393167,0,0,24600,49231722.4,24400,7841917.1,0,0,1785734989697,2026-08-04 00:00:00,24600,17,12237,9810,1874493,2260175,0.006528165215874372,0.004340371873859325,22047,30350076,263434,1735791,58.2,70,-0.8999999999999986,0.5499999999999972,37368,23730,24600,24500,302965,391121,-14579,-2778,-0.04591174766331595,-0.007052569313453449,-0.35000000000002274,0.19999999999998863,-0.23549134110459796,24700,228483,0,0,113.05,
2026-08-03 00:00:00,2026-08-03 11:00:00,106,NIFTY,OK,24593.2,6.25,1895255,8525,2288326,18341,440107,8525,1576122,18341,9816,128,0.36292114339366205,0.001388385771021728,0.1443956825999289,0.4728826415555119,0,0,24600,50742358.75,24400,8019064.800000001,0,0,1785735049690,2026-08-04 00:00:00,24600,17,8525,18341,1886730,2269985,0.004518399559025403,0.008079789073496081,26866,30638081,288005,1518310,59.35,68.65,1.1499999999999986,-1.3499999999999943,38872,27639,24600,24500,304275,395342,-13150,1456,-0.0414271087658502,0.0036965010180610635,-0.19999999999998863,-1.5,-0.6206132452684294,24700,228638,0,0,106.8,
2026-08-03 00:00:00,2026-08-03 11:01:00,107,NIFTY,OK,24597.9,4.700000000000728,1902362,7107,2299887,11561,447214,7107,1587683,11561,4454,128.60000000000002,0.45533641628566035,0.008654583349229684,0.1454092526690395,1.0088677381115752,0,0,24600,51919364.25,24400,8286993.75,0,0,1785735110883,2026-08-04 00:00:00,24600,17,7107,11561,1895255,2288326,0.0037498911755937856,0.005052164770229416,18668,31033208,395127,1913437,61.95,66.65,2.6000000000000014,-2,62843,34927,24600,24500,307315,396476,-10110,2590,-0.031850043317319054,0.006575506618666314,0.6000000000000227,-0.8999999999999773,0.1741068881399411,24700,230038,0,0,102.1,
2026-08-03 00:00:00,2026-08-03 11:02:00,108,NIFTY,OK,24595.45,-2.4500000000007276,1879314,-23048,2308357,8470,424166,-23048,1596153,8470,31518,128.6,0.2559362948999575,0.049453384426051315,0.1457400165896435,1.0383378498938503,0,0,24600,52452724.95,24400,8307333.9,0,0,1785735169608,2026-08-04 00:00:00,24600,17,-23048,8470,1902362,2299887,-0.012115464879975526,0.003682789632708042,-14578,31158419,125211,1071777,61.25,67.35,-0.7000000000000028,0.6999999999999886,20321,12999,24600,24500,301292,396560,2398,4494,0.008022911132374688,0.011462355827845312,-2.842170943040401e-14,0.04999999999998295,0.09382332813006804,24700,229389,0,0,104.55,
2026-08-03 00:00:00,2026-08-03 11:03:00,109,NIFTY,OK,24598.7,3.25,1879314,0,2308357,0,424166,0,1596153,0,0,129,0.2915625415654668,0.04341063811664188,0.14761121433389757,1.773167705700747,0,0,24600,52691074.2,24400,8460641.1,0,0,1785735230102,2026-08-04 00:00:00,24600,17,0,0,1879314,2308357,0,0,0,31307610,149191,1220968,62.4,66.6,1.1499999999999986,-0.75,22565,13102,24600,24500,301292,396560,2398,4494,0.008022911132374688,0.011462355827845312,0.4000000000000057,0.44999999999998863,0.681186576141321,24700,229389,0,0,101.3,
2026-08-03 00:00:00,2026-08-03 11:04:00,110,NIFTY,OK,24596.9,-1.7999999999992724,1877879,-1435,2330038,21681,422731,-1435,1617834,21681,23116,129.7,0.3185597529609068,0.038196964802722624,0.14756852029288986,1.409173311097337,0,0,24600,54158079.800000004,24400,8441874.15,0,0,1785735290315,2026-08-04 00:00:00,24600,17,-1435,21681,1879314,2308357,-0.0007635764965301168,0.009392394677253129,20246,31690549,382939,1340473,62.7,67,0.30000000000000426,0.4000000000000057,59552,25951,24600,24500,301489,397862,-1476,6741,-0.004871849883649927,0.01723507559041831,0.6999999999999886,1.5,1.5984155797401116,24700,231062,0,0,103.1,
2026-08-03 00:00:00,2026-08-03 11:05:00,111,NIFTY,OK,24596.9,0,1877879,0,2330038,0,422731,0,1617834,0,0,129.7,0.25011615010467175,0.023122793282076035,0.14756852029288986,1.2259923476570713,0,0,24600,54158079.800000004,24400,8441874.15,0,0,1785735350203,2026-08-04 00:00:00,24600,17,0,0,1877879,2330038,0,0,0,31690549,0,1052468,62.7,67,0,0,0,0,24600,24500,301489,397862,-2786,2520,-0.009156190945690576,0.006374227883705753,0,1.6999999999999886,1.4882991773999912,24700,231062,0,0,103.1,
2026-08-03 00:00:00,2026-08-03 11:06:00,112,NIFTY,OK,24598.15,1.25,1873437,-4442,2343363,13325,418289,-4442,1631159,13325,17767,128.8,0.24079965850882185,0.014330256725401908,0.14723882805563815,0.936379988751648,0,0,24600,55193625.45,24400,8370222.75,0,0,1785735411414,2026-08-04 00:00:00,24600,17,-4442,13325,1877879,2330038,-0.0023654346206544723,0.0057187908523380305,8883,32048612,358063,1015404,61.55,67.25,-1.1500000000000057,0.25,52775,26899,24600,24500,297533,399135,-9782,2659,-0.031830532190098106,0.006706585013973103,-0.8999999999999773,0.19999999999998863,0.05613608914238655,24700,231748,0,0,101.85,
2026-08-03 00:00:00,2026-08-03 11:07:00,113,NIFTY,OK,24598.15,0,1873437,0,2343363,0,418289,0,1631159,0,0,128.8,0.2111062891291975,0.03272211756326999,0.14723882805563815,0.7617506418367636,0,0,24600,55193625.45,24400,8370222.75,0,0,1785735469660,2026-08-04 00:00:00,24600,17,0,0,1873437,2343363,0,0,0,32048612,0,890193,61.55,67.25,0,0,0,0,24600,24500,297533,399135,-3759,2575,-0.012476268868738632,0.0064933427476296145,0,0.20000000000001705,0.009445317593627102,24700,231748,0,0,101.85,
2026-08-03 00:00:00,2026-08-03 11:09:00,114,NIFTY,OK,24596.85,-1.3000000000029104,1879095,5658,2360065,16702,423947,5658,1647861,16702,11044,129.35000000000002,0.2992000773738193,0.04059503751703976,0.14821162620268996,1.083636012064819,0,0,24600,56756752.5,24400,8537993.75,0,0,1785735552055,2026-08-04 00:00:00,24600,17,5658,16702,1873437,2343363,0.0030201175700063573,0.007127363536933885,22360,32575967,527355,1268357,63.2,66.15,1.6500000000000057,-1.0999999999999943,75225,34363,24600,24500,300263,400580,-1029,4020,-0.0034152914780345976,0.010137179745814,0.5500000000000114,0.35000000000002274,0.8692216366742697,24700,231163,0,0,103.15,
2026-08-03 00:00:00,2026-08-03 11:09:00,115,NIFTY,OK,24596.85,0,1879095,0,2360065,0,423947,0,1647861,0,0,129.35000000000002,0.20886637918832976,0.035286158627902305,0.14821162620268996,1.0584201277277288,0,0,24600,56756752.5,24400,8537993.75,0,0,1785735590051,2026-08-04 00:00:00,24600,17,0,0,1879095,2360065,0,0,0,32575967,0,885418,63.2,66.15,0,0,0,0,24600,24500,300263,400580,-1226,2718,-0.004066483354284899,0.006831514444706959,0,-0.3499999999999659,0.7027819284987569,24700,231163,0,0,103.15,
2026-08-03 00:00:00,2026-08-03 11:10:00,116,NIFTY,OK,24595.45,-1.3999999999978172,1867492,-11603,2368021,7956,412344,-11603,1655817,7956,19559,128.5,0.29064271553410415,0.022417164288830164,0.1459727767050101,-1.1523663418684489,0,0,24600,56764432.599999994,24400,8296119,0,0,1785735650306,2026-08-04 00:00:00,24600,17,-11603,7956,1879095,2360065,-0.006174780945082606,0.0033710935927612163,-3647,32921570,345603,1231021,60.3,68.2,-2.9000000000000057,2.049999999999997,48650,31588,24600,24500,293228,400413,-8261,2551,-0.027400668017738623,0.006411770915543581,-0.8500000000000227,-1.1999999999999886,-1.2524317390153827,24700,229560,0,0,104.55,
2026-08-03 00:00:00,2026-08-03 11:11:00,117,NIFTY,OK,24593.25,-2.2000000000007276,1879878,12386,2382033,14012,424730,12386,1669829,14012,1626,129.05,0.24474138479193958,0.04324846174642832,0.14595740146573055,-1.3449974771859616,0,0,24600,57593484,24400,8356139.000000001,0,0,1785735710213,2026-08-04 00:00:00,24600,17,12386,14012,1867492,2368021,0.006632424663666565,0.005917177254762521,26398,33091678,170108,1043066,61.75,67.3,1.4500000000000028,-0.9000000000000057,21941,15715,24600,24500,300119,403008,2586,3873,0.008691472878638673,0.009703483783682213,0.5500000000000114,0.25,-0.08628833611084691,24700,229893,0,0,106.75,
2026-08-03 00:00:00,2026-08-03 11:12:00,118,NIFTY,OK,24593.25,0,1879878,0,2382033,0,424730,0,1669829,0,0,129.05,0.24474138479193958,0.04324846174642832,0.14595740146573055,-1.4234062182315357,0,0,24600,57593484,24400,8356139.000000001,0,0,1785735770218,2026-08-04 00:00:00,24600,17,0,0,1879878,2382033,0,0,0,33091678,0,1043066,61.75,67.3,0,0,0,0,24600,24500,300119,403008,2586,3873,0.008691472878638673,0.009703483783682213,0,0.25,-0.21449956806864667,24700,229893,0,0,106.75,
2026-08-03 00:00:00,2026-08-03 11:13:00,119,NIFTY,OK,24587.25,-6,1884970,5092,2384893,2860,429822,5092,1672689,2860,-2232,127.9,0.166900202652872,0.0430834038456951,0.1434820232577438,-2.3875014335708773,0,0,24600,57169823.5,24400,8085934.4,0,0,1785735829304,2026-08-04 00:00:00,24600,17,5092,2860,1879878,2382033,0.002708686414756702,0.0012006550706896168,7952,33288608,196930,712641,58.75,69.15,-3,1.8500000000000085,29531,17111,24600,24500,302752,403099,2489,2519,0.008289399626327586,0.006288381846322832,-1.1500000000000057,-1.450000000000017,-2.1295700719278945,24700,230286,0,0,112.75,
2026-08-03 00:00:00,2026-08-03 11:14:00,120,NIFTY,OK,24588.45,1.2000000000007276,1888450,3480,2396343,11450,433302,3480,1684139,11450,7970,127.7,0.2634881078269125,0.040419241234658884,0.1422820704641803,-2.0997979904598916,0,0,24600,57890495.800000004,24400,8059769.600000001,0,0,1785735890214,2026-08-04 00:00:00,24600,17,3480,11450,1884970,2384893,0.0018461832283802925,0.004801053967620351,14930,33704959,416351,1128992,58.7,69,-0.04999999999999716,-0.15000000000000568,46926,33742,24600,24500,304559,405363,4296,4783,0.014307457129250025,0.011940186729242599,-0.20000000000000284,-1.65000000000002,-1.8548538273378854,24700,229984,0,0,111.55,
2026-08-03 00:00:00,2026-08-03 11:15:00,121,NIFTY,OK,24592.05,3.599999999998545,1898465,10015,2397924,1581,443317,10015,1685720,1581,-8434,127.85,0.19200216740150858,0.07379660474521042,0.1439908893554929,-0.9708152803638961,0,0,24600,57766435.199999996,24400,8006254.2,0,0,1785735951848,2026-08-04 00:00:00,24600,17,10015,1581,1888450,2396343,0.00530329105880484,0.0006597553021416384,11596,33746486,41527,824916,58.65,69.2,-0.05000000000000426,0.20000000000000284,5152,4093,24600,24500,309002,407471,15774,7058,0.05379431705021349,0.01762680032866066,0.14999999999999147,-0.6500000000000057,-1.3325676787312977,24700,229896,0,0,107.95,
2026-08-03 00:00:00,2026-08-03 11:16:00,122,NIFTY,OK,24589.1,-2.9500000000007276,1905567,7102,2390273,-7651,450419,7102,1678069,-7651,-14753,127.5,0.2146609277812954,0.03679340323526892,0.14283340454825966,-1.2574241016567334,0,0,24600,57321558,24400,7918416.1,0,0,1785736010044,2026-08-04 00:00:00,24600,17,7102,-7651,1898465,2397924,0.0037409170040006005,-0.003190676601927334,-549,34013827,267341,922149,58.1,69.4,-0.5499999999999972,0.20000000000000284,47178,24754,24600,24500,312922,405699,12803,2691,0.04265974496782943,0.006677286803239638,-0.3499999999999943,-1.5500000000000114,-1.4879095176998762,24700,230969,0,0,110.9,
2026-08-03 00:00:00,2026-08-03 11:17:00,123,NIFTY,OK,24597.7,8.600000000002183,1910941,5374,2400008,9735,455793,5374,1687804,9735,4361,127.35,0.25396403436923054,0.04479067906681062,0.14430614280963483,-0.411600752391819,0,0,24600,58945547.6,24400,8237671.8,0,0,1785736069936,2026-08-04 00:00:00,24600,17,5374,9735,1905567,2390273,0.0028201579897216946,0.004072756542871881,15109,34186504,172677,1094826,60.75,66.6,2.6499999999999986,-2.8000000000000114,24588,17940,24600,24500,310845,407471,10726,4463,0.03573915680113555,0.0110742218516754,-0.15000000000000568,-1.700000000000017,-1.3497897939843082,24700,231977,0,0,102.3,
2026-08-03 00:00:00,2026-08-03 11:18:00,124,NIFTY,OK,24596.65,-1.0499999999992724,1908973,-1968,2395641,-4367,453825,-1968,1683437,-4367,-2399,127.95,0.23968397631007102,0.03368170685255203,0.14459518807344932,-0.09686497860607851,0,0,24600,58677702.550000004,24400,8307132,0,0,1785736130120,2026-08-04 00:00:00,24600,17,-1968,-4367,1910941,2400008,-0.0010298591112964765,-0.0018195772680757731,-6335,34320355,133851,1031747,61.2,66.75,0.45000000000000284,0.15000000000000568,22714,10483,24600,24500,310117,407244,7365,4145,0.02432684177148293,0.010282833745556302,0.6000000000000085,0.04999999999999716,-0.3984832930909008,24700,231892,0,0,103.35,
2026-08-03 00:00:00,2026-08-03 11:19:00,125,NIFTY,OK,24594.85,-1.8000000000029104,1911508,2535,2398286,2645,456360,2535,1686082,2645,110,127.35,0.18154974460496257,0.0319525281107098,0.14337479654512797,-0.7070658122389983,0,0,24600,58490912.9,24400,8082929.65,0,0,1785736189826,2026-08-04 00:00:00,24600,17,2535,2645,1908973,2395641,0.001327939158909005,0.0011040886343154086,5180,34487401,167046,782442,59.1,68.25,-2.1000000000000014,1.5,25288,12475,24600,24500,312106,407802,7547,2439,0.024780091870540682,0.006016829360351092,-0.6000000000000085,-0.3500000000000085,-1.1058153405611442,24700,232892,0,0,105.15,
2026-08-03 00:00:00,2026-08-03 11:20:00,126,NIFTY,OK,24592.6,-2.25,1913831,2323,2405706,7420,458683,2323,1693502,7420,5097,127.85,0.20043838031714972,0.026735935855929944,0.14348125460027986,-0.4716135622017532,0,0,24600,58886511.199999996,24400,8122214.850000001,0,0,1785736253444,2026-08-04 00:00:00,24600,17,2323,7420,1911508,2398286,0.0012152708751415114,0.0030938762099265893,9743,34612287,124886,865801,59.05,68.8,-0.05000000000000426,0.5499999999999972,16045,12207,24600,24500,314172,407419,5170,-52,0.016731283292664774,-0.00012761644386962508,0.5,0,-0.17935620517064246,24700,233379,0,0,107.4,
2026-08-03 00:00:00,2026-08-03 11:21:00,127,NIFTY,OK,24592.55,-0.049999999999272404,1921899,8068,2412782,7076,466751,8068,1700578,7076,-992,128,0.16184766537606804,0.05536391859261815,0.14435312674185533,0.5011084267471517,0,0,24600,59448684,24400,8175039.75,0,0,1785736310112,2026-08-04 00:00:00,24600,17,8068,7076,1913831,2405706,0.004215628234676938,0.002941340296777744,15144,34715385,103098,701558,60,68,0.9500000000000028,-0.7999999999999972,10624,10293,24600,24500,315968,408320,3046,2621,0.009734055131949816,0.006460454672059828,0.15000000000000568,0.5,0.3257791820723114,24700,235027,0,0,107.45,
2026-08-03 00:00:00,2026-08-03 11:22:00,128,NIFTY,OK,24592.7,0.1500000000014552,1926999,5100,2414955,2173,471851,5100,1702751,2173,-2927,127.5,0.14159892067027888,0.05042972206318638,0.14314896851506564,-0.6281670654701197,0,0,24600,59099937.4,24400,7964522.25,0,0,1785736369955,2026-08-04 00:00:00,24600,17,5100,2173,1921899,2412782,0.0026536253986291685,0.000900620114042628,7273,34801320,85935,614816,58.2,69.3,-1.7999999999999972,1.2999999999999972,10758,8755,24600,24500,317895,408260,7050,789,0.02268011388312503,0.0019363341194833497,-0.5,0.15000000000000568,-0.8223749619454753,24700,235096,0,0,107.3,
2026-08-03 00:00:00,2026-08-03 11:23:00,129,NIFTY,OK,24598.7,6,1930218,3219,2417683,2728,475070,3219,1705479,2728,-491,127.85,0.1376165188673799,0.07234479220112879,0.1452091896129819,1.7176049462045537,0,0,24600,59681984.8,24400,8128614.000000001,0,0,1785736429761,2026-08-04 00:00:00,24600,17,3219,2728,1926999,2414955,0.0016704731035148436,0.0011296276742216729,5947,34918698,117378,598343,60.05,67.8,1.8499999999999943,-1.5,12795,12132,24600,24500,319370,409083,9253,1839,0.029837125987933585,0.004515720305271533,0.3499999999999943,-0.10000000000000853,0.6859943405699573,24700,235459,0,0,101.3,
2026-08-03 00:00:00,2026-08-03 11:24:00,130,NIFTY,OK,24596.75,-1.9500000000007276,1930337,119,2414127,-3556,475189,119,1701923,-3556,-3675,127.9,0.13696465202611877,0.05826518642506865,0.14391779520076028,-0.004772513442091895,0,0,24600,59786875,24400,8207016.1,0,0,1785736490912,2026-08-04 00:00:00,24600,17,119,-3556,1930218,2417683,0.00006165106739238781,-0.0014708297158891384,-3437,35082439,163741,595038,61,66.9,0.9500000000000028,-0.8999999999999915,25790,15726,24600,24500,319279,407798,7173,-4,0.022982576432365925,-0.00000980868166414093,0.05000000000001137,0.5500000000000114,0.7862255941722355,24700,235341,0,0,103.25,
2026-08-03 00:00:00,2026-08-03 11:26:00,131,NIFTY,OK,24595.8,-0.9500000000007276,1930984,647,2418028,3901,475836,647,1705824,3901,3254,127.89999999999999,0.13389891773119963,0.05061580415161215,0.14458631983671133,0.8459350298639613,0,0,24600,60071177.1,24400,8224331.699999999,0,0,1785736560526,2026-08-04 00:00:00,24600,17,647,3901,1930337,2414127,0.00033517463530979304,0.0016159050455920505,4548,35194615,112176,582328,60.8,67.1,-0.20000000000000284,0.19999999999998863,11922,10473,24600,24500,318468,405869,4296,-1550,0.013674038424811887,-0.003804437201014189,-1.4210854715202004e-14,0.04999999999999716,0.7551020408162743,24700,236103,0,0,104.2,
2026-08-03 00:00:00,2026-08-03 11:26:00,132,NIFTY,OK,24595.8,0,1930984,0,2418028,0,475836,0,1705824,0,0,127.89999999999999,0.11019284379992514,0.02990422135509046,0.14458631983671133,0.6918499256973211,0,0,24600,60071177.1,24400,8224331.699999999,0,0,1785736609751,2026-08-04 00:00:00,24600,17,0,0,1930984,2418028,0,0,0,35194615,0,479230,60.8,67.1,0,0,0,0,24600,24500,318468,405869,2500,-2451,0.007912193639862265,-0.006002644984326019,0,-0.10000000000000853,0.6061430104031209,24700,236103,0,0,104.2,
2026-08-03 00:00:00,2026-08-03 11:27:00,133,NIFTY,OK,24590.6,-5.200000000000728,1929744,-1240,2430535,12507,474596,-1240,1718331,12507,13747,127.65,0.13563581596498755,0.030985272484401683,0.14199797943780798,-2.1584147875408815,0,0,24600,60312577.6,24400,8056610.25,0,0,1785736670359,2026-08-04 00:00:00,24600,17,-1240,12507,1930984,2418028,-0.0006421596450307201,0.005172396680270038,11267,35392730,198115,591410,59.15,68.5,-1.6499999999999986,1.4000000000000057,28801,17256,24600,24500,318254,408169,359,-91,0.0011293037009075324,-0.00022289717336991134,-0.2499999999999858,0.15000000000000568,-0.6665143031252969,24700,236941,0,0,109.4,
2026-08-03 00:00:00,2026-08-03 11:28:00,134,NIFTY,OK,24592.4,1.8000000000029104,1928586,-1158,2436342,5807,473438,-1158,1724138,5807,6965,127.4,0.12394568707662532,0.03147238333943299,0.1428537486486811,-0.9808502809315539,0,0,24600,60619156,24400,8091932,0,0,1785736730891,2026-08-04 00:00:00,24600,17,-1158,5807,1929744,2430535,-0.000600079596050046,0.0023891859199723516,4649,35459712,66982,541014,59,68.4,-0.14999999999999858,-0.09999999999999432,9090,7818,24600,24500,317383,409646,-1987,563,-0.0062216238218993644,0.0013762488296995964,-0.25,-0.44999999999998863,-1.4743312703088811,24700,236387,0,0,107.6,
2026-08-03 00:00:00,2026-08-03 11:29:00,135,NIFTY,OK,24592.4,0,1928586,0,2436342,0,473438,0,1724138,0,0,127.4,0.0864328117210639,0.05424188849983964,0.1428537486486811,-0.8906408329267383,0,0,24600,60619156,24400,8091932,0,0,1785736790100,2026-08-04 00:00:00,24600,17,0,0,1928586,2436342,0,0,0,35459712,0,377273,59,68.4,0,0,0,0,24600,24500,317383,409646,-1896,1848,-0.005938379912239765,0.004531655378398129,0,-0.5,-1.5531078547859194,24700,236387,0,0,107.6,
2026-08-03 00:00:00,2026-08-03 11:30:00,136,NIFTY,OK,24593.3,0.8999999999978172,1933303,4717,2446336,9994,478155,4717,1734132,9994,5277,127.45,0.07829983247477704,0.0893110738499672,0.14343391162884575,-0.2738781434487163,0,0,24600,61509019.2,24400,8147416.199999999,0,0,1785736850214,2026-08-04 00:00:00,24600,17,4717,9994,1928586,2436342,0.0024458333722219283,0.004102051354038144,14711,35537540,77828,342925,59.95,67.5,0.9500000000000028,-0.9000000000000057,8393,7149,24600,24500,318367,412006,-101,6137,-0.000317143323662032,0.015120642374756387,0.04999999999999716,-0.44999999999998863,-1.0772483428935373,24700,236854,0,0,106.7,
2026-08-03 00:00:00,2026-08-03 11:31:00,137,NIFTY,OK,24588.35,-4.950000000000728,1933303,0,2446336,0,478155,0,1734132,0,0,127.5,0.08572236204856154,0.08157780482802524,0.14220712104831723,-1.2511534543739413,0,0,24600,61359816,24400,8141056,0,0,1785736910102,2026-08-04 00:00:00,24600,17,0,0,1933303,2446336,0,0,0,35570048,32508,375433,59.6,67.9,-0.3500000000000014,0.4000000000000057,4798,2597,24600,24500,318367,412006,-101,6137,-0.000317143323662032,0.015120642374756387,0.04999999999999716,-0.3999999999999915,-0.6934307447951997,24700,236854,0,0,111.65,
2026-08-03 00:00:00,2026-08-03 11:32:00,138,NIFTY,OK,24583.3,-5.049999999999272,1946791,13488,2447835,1499,491643,13488,1735631,1499,-11989,126.5,0.1305046208710366,0.05988816412359486,0.13874766332884833,-2.4499583149628483,0,0,24600,60255623.4,24400,7632486.75,0,0,1785736970431,2026-08-04 00:00:00,24600,17,13488,1499,1933303,2446336,0.006976661185546187,0.0006127531132272918,14987,35966249,396201,573519,55.5,71,-4.100000000000001,3.0999999999999943,56880,43502,24600,24500,323564,411838,5310,3669,0.016684786365607347,0.008988923705621935,-1,-1.1500000000000057,-2.5905331272820575,24700,238489,0,0,116.7,
2026-08-03 00:00:00,2026-08-03 11:33:00,139,NIFTY,OK,24583.75,0.4500000000007276,1938745,-8046,2457832,9997,483597,-8046,1745628,9997,18043,126.65,0.20247023991618934,0.03555364332446617,0.1391018619934283,-1.712193436353068,0,0,24600,60630542.4,24400,7749928.9,0,0,1785737037192,2026-08-04 00:00:00,24600,17,-8046,9997,1946791,2447835,-0.004132955206799292,0.004084017100825832,1951,36349888,383639,890176,55.85,70.8,0.3500000000000014,-0.20000000000000284,51892,41212,24600,24500,318395,415468,1012,5822,0.0031885765778255294,0.014212271082837376,0.15000000000000568,-0.75,-1.655601220755673,24700,237033,0,0,116.25,
2026-08-03 00:00:00,2026-08-03 11:34:00,140,NIFTY,OK,24583.75,0,1938745,0,2457832,0,483597,0,1745628,0,0,126.65,0.20247023991618934,0.03555364332446617,0.1391018619934283,-1.3520515825176902,0,0,24600,60630542.4,24400,7749928.9,0,0,1785737090335,2026-08-04 00:00:00,24600,17,0,0,1938745,2457832,0,0,0,36349888,0,890176,55.85,70.8,0,0,0,0,24600,24500,318395,415468,1012,5822,0.0031885765778255294,0.014212271082837376,0,-0.75,-1.324051371055953,24700,237033,0,0,116.25,
2026-08-03 00:00:00,2026-08-03 11:35:00,141,NIFTY,OK,24584,0.25,1950769,12024,2462117,4285,495621,12024,1749913,4285,-7739,125.94999999999999,0.21007590044247687,0.035863570219655874,0.1388233893057044,-1.2178295896506683,0,0,24600,60932886.6,24400,7775965.75,0,0,1785737150010,2026-08-04 00:00:00,24600,17,12024,4285,1938745,2457832,0.006201950230690472,0.0017434063841629533,16309,36464581,114693,927041,56.15,69.8,0.29999999999999716,-1,12916,13315,24600,24500,321883,418054,3516,6048,0.011043858188819821,0.014679397872846512,-0.700000000000017,-1.5000000000000142,-1.9544714066699664,24700,237894,0,0,116,
2026-08-03 00:00:00,2026-08-03 11:36:00,142,NIFTY,OK,24586.3,2.2999999999992724,1957352,6583,2454449,-7668,502204,6583,1742245,-7668,-14251,125.7,0.22683956053321536,0.032137222201682504,0.13921608327477566,-0.8625525652734345,0,0,24600,60506401.300000004,24400,7663066.75,0,0,1785737210021,2026-08-04 00:00:00,24600,17,6583,-7668,1950769,2462117,0.0033745666452563066,-0.003114393020315444,-1085,36570819,106238,1000771,55.2,70.5,-0.9499999999999957,0.7000000000000028,14443,9836,24600,24500,323520,416248,5153,4242,0.016185722766492758,0.010295966563593734,-0.2499999999999858,-1.7999999999999972,-1.7966407364164059,24700,238585,0,0,113.7,
2026-08-03 00:00:00,2026-08-03 11:37:00,143,NIFTY,OK,24585.6,-0.7000000000007276,1983033,25681,2451332,-3117,527885,25681,1739128,-3117,-28798,126.4,0.18892310398444873,0.04743516593176517,0.13916212160906907,-0.7335261152490122,0,0,24600,60396840,24400,7656150.75,0,0,1785737269947,2026-08-04 00:00:00,24600,17,25681,-3117,1957352,2454449,0.013120276782101533,-0.0012699387927799682,22564,36804003,233184,837754,56,70.4,0.7999999999999972,-0.09999999999999432,32367,21391,24600,24500,332400,414531,8836,2693,0.027308353216056173,0.006538978918895294,0.7000000000000028,-0.09999999999999432,-0.5806451612903427,24700,241504,0,0,114.4,
2026-08-03 00:00:00,2026-08-03 11:38:00,144,NIFTY,OK,24585.6,0,1983033,0,2451332,0,527885,0,1739128,0,0,126.4,0.10240812382381694,0.08321240214483115,0.13916212160906907,-0.5780799849804721,0,0,24600,60396840,24400,7656150.75,0,0,1785737329975,2026-08-04 00:00:00,24600,17,0,0,1983033,2451332,0,0,0,36804003,0,454115,56,70.4,0,0,0,0,24600,24500,332400,414531,14005,-937,0.043986243502567565,-0.0022552880125545167,0,-0.25,-0.4417579829198877,24700,241504,0,0,114.4,
2026-08-03 00:00:00,2026-08-03 11:39:00,145,NIFTY,OK,24593.6,8,1981436,-1597,2453356,2024,526288,-1597,1741152,2024,3621,125.95,0.14495629107295224,0.059446123596292144,0.14096517555142649,0.6257714919084647,0,0,24600,61123098,24400,7853527.8,0,0,1785737391433,2026-08-04 00:00:00,24600,17,-1597,2024,1983033,2451332,-0.0008053320343130952,0.0008256735521748992,427,36992739,188736,642851,57.95,68,1.9500000000000028,-2.4000000000000057,18633,17107,24600,24500,333467,414588,15072,-880,0.047337426781199454,-0.002118093330894317,-0.45000000000000284,-0.7000000000000028,-0.9971925391066055,24700,241480,0,0,106.4,
2026-08-03 00:00:00,2026-08-03 11:40:00,146,NIFTY,OK,24593.6,0,1981436,0,2453356,0,526288,0,1741152,0,0,125.95,0.11909419878091239,0.041476224917543617,0.14096517555142649,1.0837726151029783,0,0,24600,61123098,24400,7853527.8,0,0,1785737450682,2026-08-04 00:00:00,24600,17,0,0,1981436,2453356,0,0,0,36992739,0,528158,57.95,68,0,0,0,0,24600,24500,333467,414588,11584,-3466,0.03598823174880313,-0.008290794969070982,0,1.4210854715202004e-14,-0.8418265541847325,24700,241480,0,0,106.4,
2026-08-03 00:00:00,2026-08-03 11:41:00,147,NIFTY,OK,24594.3,0.7000000000007276,1984257,2821,2432518,-20838,529109,2821,1720314,-20838,-23659,126,0.18160105506846058,0.006201291374669458,0.14067136167018182,1.2696597987195717,0,0,24600,60530415,24400,8052722.55,0,0,1785737509685,2026-08-04 00:00:00,24600,17,2821,-20838,1981436,2453356,0.0014237149219051234,-0.008493671525860903,-18017,37372910,380171,802091,58.6,67.4,0.6499999999999986,-0.5999999999999943,51095,29871,24600,24500,335501,410983,11981,-5265,0.037033259149357074,-0.01264870942322846,0.04999999999999716,0.29999999999999716,-0.6634254303196905,24700,241371,0,0,105.7,
2026-08-03 00:00:00,2026-08-03 11:42:00,148,NIFTY,OK,24596.2,1.9000000000014552,1978169,-6088,2431651,-867,523021,-6088,1719447,-867,5221,125.3,0.2320892916264156,0.023982092328857067,0.13988400677820484,0.22206199368795507,0,0,24600,61201828.5,24400,8137077.75,0,0,1785737571619,2026-08-04 00:00:00,24600,17,-6088,-867,1984257,2432518,-0.003068150950204535,-0.00035642079524180294,-6955,37827475,454565,1023472,59.25,66.05,0.6499999999999986,-1.3500000000000085,62380,56525,24600,24500,332121,409724,-279,-4807,-0.0008393501805054152,-0.01159623767583124,-0.7000000000000028,-1.1000000000000085,-1.9499297163311646,24700,241594,0,0,103.8,
2026-08-03 00:00:00,2026-08-03 11:43:00,149,NIFTY,OK,24596,-0.2000000000007276,1985062,6893,2436975,5324,529914,6893,1724771,5324,-1569,125.65,0.2730818398851027,0.010208864354931938,0.14112768695486394,1.3879320115684892,0,0,24600,61863692.800000004,24400,8164929.5,0,0,1785737630079,2026-08-04 00:00:00,24600,17,6893,5324,1978169,2431651,0.0034845354466681057,0.0021894589314009286,12217,38011581,184106,1207578,59.65,66,0.3999999999999986,-0.04999999999999716,25041,17367,24600,24500,335644,409653,3244,-4878,0.009759326113116727,-0.011767515577845807,0.3500000000000085,-0.75,-0.9053122615584037,24700,242412,0,0,104,
2026-08-03 00:00:00,2026-08-03 11:44:00,150,NIFTY,OK,24595.55,-0.4500000000007276,1985062,0,2436975,0,529914,0,1724771,0,0,125.94999999999999,0.2325186333809509,0.012405101701410029,0.1410716200598123,1.0781365932992448,0,0,24600,61752159.699999996,24400,8149118.25,0,0,1785737690399,2026-08-04 00:00:00,24600,17,0,0,1985062,2436975,0,0,0,38020945,9364,1028206,59.65,66.3,0,0.29999999999999716,722,892,24600,24500,335644,409653,2177,-4935,0.006528382118770373,-0.011903383600104199,0.29999999999998295,-1.4210854715202004e-14,0.08001280307279178,24700,242412,0,0,104.45,
2026-08-03 00:00:00,2026-08-03 11:45:00,151,NIFTY,OK,24589.35,-6.200000000000728,1990149,5087,2447276,10301,535001,5087,1735072,10301,5214,125.5,0.2496592055076987,0.002376688414614332,0.14007267528444667,-0.19886138017328747,0,0,24600,62700992,24400,8206734.800000001,0,0,1785737753145,2026-08-04 00:00:00,24600,17,5087,10301,1985062,2436975,0.002562640360855228,0.004226961704572266,15388,38100583,79638,1107844,60,65.5,0.3500000000000014,-0.7999999999999972,8924,7642,24600,24500,336612,413168,3145,-1420,0.009431218081549298,-0.0034250870743967503,-0.44999999999998863,-0.45000000000000284,-1.127442575284142,24700,242586,0,0,110.65,
2026-08-03 00:00:00,2026-08-03 11:46:00,152,NIFTY,OK,24589.15,-0.19999999999708962,1993579,3430,2454565,7289,538431,3430,1742361,7289,3859,125.25,0.22323805164581004,0.03159028998131914,0.1390951898432381,-1.392168463637163,0,0,24600,62544298.9,24400,7998081.6,0,0,1785737811443,2026-08-04 00:00:00,24600,17,3430,7289,1990149,2447276,0.0017234890452925886,0.0029784135504127853,10719,38365905,265322,992995,58.2,67.05,-1.7999999999999972,1.5499999999999972,32094,27924,24600,24500,336615,413321,1114,2338,0.0033204073907380305,0.005688799780039564,-0.25,-0.75,-1.5205066756126404,24700,243656,0,0,110.85,
2026-08-03 00:00:00,2026-08-03 11:47:00,153,NIFTY,OK,24589,-0.1500000000014552,1982914,-10665,2470743,16178,527766,-10665,1758539,16178,26843,125.4,0.1439003946644297,0.06840094057729726,0.13826842306223755,-1.9489773783722906,0,0,24600,63313418,24400,7915424.25,0,0,1785737869798,2026-08-04 00:00:00,24600,17,-10665,16178,1993579,2454565,-0.005349675132011322,0.00659098455327115,5513,38468358,102453,640883,57.5,67.9,-0.7000000000000028,0.8500000000000085,11280,12578,24600,24500,332383,420231,262,10507,0.0007888691169784507,0.025644092120549442,0.15000000000000568,0.10000000000000853,-0.9474283486917939,24700,242904,0,0,111,
2026-08-03 00:00:00,2026-08-03 11:48:00,154,NIFTY,OK,24587.15,-1.8499999999985448,1985238,2324,2472127,1384,530090,2324,1759923,1384,-940,125.30000000000001,0.11573474463051601,0.06848210408783574,0.13816629095549945,-1.7056115369503035,0,0,24600,63486615.8,24400,7934472.15,0,0,1785737932132,2026-08-04 00:00:00,24600,17,2324,1384,1982914,2470743,0.0011720125028115188,0.0005601553864566246,3708,38527453,59095,515872,57.85,67.45,0.3500000000000014,-0.45000000000000284,6654,7203,24600,24500,332383,420231,-3261,10578,-0.009715651106529537,0.025821854105791974,-0.09999999999999432,-0.3499999999999943,-1.097916584895854,24700,243781,0,0,112.85,
2026-08-03 00:00:00,2026-08-03 11:49:00,155,NIFTY,OK,24592,4.849999999998545,1991602,6364,2475697,3570,536454,6364,1763493,3570,-2794,125.35,0.14255414737182356,0.07107368976433345,0.14011296742057722,0.16167904873363587,0,0,24600,63548363.2,24400,7900476.800000001,0,0,1785737990073,2026-08-04 00:00:00,24600,17,6364,3570,1985238,2472127,0.0032056609837208434,0.0014441005660307904,9934,38657777,130324,636832,57.75,67.6,-0.10000000000000142,0.14999999999999147,17419,15298,24600,24500,335080,420559,-564,10906,-0.0016803518013132962,0.0266225317524832,0.04999999999998295,-0.5999999999999943,-0.7553164444085839,24700,244345,0,0,108,
2026-08-03 00:00:00,2026-08-03 11:50:00,156,NIFTY,OK,24602.9,10.900000000001455,1998852,7250,2468644,-7053,543704,7250,1756440,-7053,-14303,124.80000000000001,0.2074560335364598,0.032445735852802464,0.14015142468174577,0.29050100467041173,0,0,24600,64482132.8,24400,8306390.399999999,0,0,1785738049538,2026-08-04 00:00:00,24600,17,7250,-7053,1991602,2475697,0.0036402855590625034,-0.002848894674913772,197,39027392,369615,926809,61.35,63.45,3.6000000000000014,-4.1499999999999915,52633,43943,24600,24500,337964,418458,1352,5290,0.00401649376730479,0.012803508500174263,-0.549999999999983,-0.6999999999999886,-1.9465964317653064,24700,244454,0,0,97.1,
2026-08-03 00:00:00,2026-08-03 11:51:00,157,NIFTY,OK,24597.35,-5.55000000000291,1991738,-7114,2456412,-12232,536590,-7114,1744208,-12232,-5118,125.7,0.2047808639546778,0.000006586921009643253,0.14128569385517434,1.2842740526604468,0,0,24600,63709924.5,24400,8491804.1,0,0,1785738109627,2026-08-04 00:00:00,24600,17,-7114,-12232,1998852,2468644,-0.0035590428906192156,-0.004954946926328786,-19346,39276801,249409,910896,62.2,63.5,0.8500000000000014,0.04999999999999716,40597,22343,24600,24500,336809,414938,194,1617,0.0005763260698424016,0.003912213509596658,0.8999999999999915,0.45000000000000284,0.9514787324428354,24700,245592,0,0,102.65,
2026-08-03 00:00:00,2026-08-03 11:52:00,158,NIFTY,OK,24597.7,0.3500000000021828,1982872,-8866,2463348,6936,527724,-8866,1751144,6936,15802,125.44999999999999,0.24311482562716194,0.006880110126167732,0.14122583259827898,1.033923968418315,0,0,24600,64004681,24400,8290926,0,0,1785738172262,2026-08-04 00:00:00,24600,17,-8866,6936,1991738,2456412,-0.004451388686664611,0.002823630563602523,-1930,39549300,272499,1080942,60.4,65.05,-1.8000000000000043,1.5499999999999972,41787,24292,24600,24500,335441,416340,3058,-3891,0.00920022985531751,-0.009259193158048788,-0.2500000000000142,0.04999999999998295,0.05144201109719427,24700,245629,0,0,102.3,
2026-08-03 00:00:00,2026-08-03 11:53:00,159,NIFTY,OK,24597.7,0,1982872,0,2463348,0,527724,0,1751144,0,0,125.44999999999999,0.22982376040771713,0.010906720869171216,0.14122583259827898,1.0165643336636174,0,0,24600,64004681,24400,8290926,0,0,1785738232006,2026-08-04 00:00:00,24600,17,0,0,1982872,2463348,0,0,0,39549300,0,1021847,60.4,65.05,0,0,0,0,24600,24500,335441,416340,3058,-3891,0.00920022985531751,-0.009259193158048788,0,0.14999999999997726,0.12372435628688651,24700,245629,0,0,102.3,
2026-08-03 00:00:00,2026-08-03 11:54:00,160,NIFTY,OK,24600.65,2.9500000000007276,1983727,855,2485919,22571,528579,855,1773715,22571,21716,125.60000000000001,0.2552228968468644,0.0020574075437692196,0.14188512869399394,1.4077346673748705,0,0,24600,65910149.25,24400,8416848.75,0,0,1785738290116,2026-08-04 00:00:00,24600,17,855,22571,1982872,2463348,0.000431192734578934,0.009162732995906385,23426,39798533,249233,1140756,60.95,64.65,0.5500000000000043,-0.3999999999999915,40881,25450,24600,24500,335684,419244,604,-1315,0.0018025546138235645,-0.0031267907713305385,0.1500000000000199,0.2500000000000142,0.9502552681395632,24700,246483,0,0,99.35,
2026-08-03 00:00:00,2026-08-03 11:55:00,161,NIFTY,OK,24600.5,-0.1500000000014552,1988985,5258,2494745,8826,533837,5258,1782541,8826,3568,125.5,0.18563495125710067,0.019504119124825643,0.1415833204191353,0.9832678577704383,0,0,24600,66597031.300000004,24400,8394489,0,0,1785738351521,2026-08-04 00:00:00,24600,17,5258,8826,1983727,2485919,0.0026505663329681956,0.0035503972575132176,14084,39859729,61196,832337,61,64.5,0.04999999999999716,-0.15000000000000568,11882,6687,24600,24500,338762,420766,798,2308,0.002361198234131446,0.005515487814786669,-0.10000000000000853,0.6999999999999886,0.5183210553487188,24700,246263,0,0,99.5,
2026-08-03 00:00:00,2026-08-03 11:56:00,162,NIFTY,OK,24594.35,-6.150000000001455,1991364,2379,2494139,-606,536216,2379,1781935,-606,-2985,124.55,0.1623536981248257,0.051292297298410686,0.13899037657902874,-0.9878255571891996,0,0,24600,66027511.550000004,24400,8133598.2,0,0,1785738409727,2026-08-04 00:00:00,24600,17,2379,-606,1988985,2494745,0.0011960874516399069,-0.00024291059807715818,1773,40005039,145310,728238,58.3,66.25,-2.700000000000003,1.75,21680,14711,24600,24500,339945,419082,3136,4144,0.009310915088373528,0.00998703420752016,-0.9500000000000028,-1.1500000000000057,-2.23239928269504,24700,245765,0,0,105.65,
2026-08-03 00:00:00,2026-08-03 11:57:00,163,NIFTY,OK,24593.2,-1.1499999999978172,1991084,-280,2501438,7299,535936,-280,1789234,7299,7579,124.75,0.13662504045611798,0.07543610121360528,0.13810860863850902,-1.6151966062867784,0,0,24600,66448840.199999996,24400,8190814.5,0,0,1785738474392,2026-08-04 00:00:00,24600,17,-280,7299,1991364,2494139,-0.00014060714163759112,0.0029264607946870645,7019,40163091,158052,613791,58.7,66.05,0.4000000000000057,-0.20000000000000284,21686,18276,24600,24500,340665,421351,5224,5011,0.015573528578796271,0.01203583609549887,0.20000000000000284,-0.6999999999999886,-1.3125541447285611,24700,246030,0,0,106.8,
2026-08-03 00:00:00,2026-08-03 11:58:00,164,NIFTY,OK,24592.95,-0.25,1994021,2937,2503239,1801,538873,2937,1791035,1801,-1136,124.89999999999999,0.17019318429443706,0.06668382538349078,0.13876917567002947,-1.2466797175607585,0,0,24600,66415335.00000001,24400,8136924.399999999,0,0,1785738530122,2026-08-04 00:00:00,24600,17,2937,1801,1991084,2501438,0.0014750758883100865,0.0007199858641309518,4738,40314703,151612,765403,58.3,66.6,-0.4000000000000057,0.5499999999999972,18586,14658,24600,24500,343029,422635,7588,6295,0.022620967621727814,0.015119853965508958,0.14999999999999147,-0.5499999999999972,-0.7817301242693033,24700,246888,0,0,107.05,
2026-08-03 00:00:00,2026-08-03 11:59:00,165,NIFTY,OK,24591.3,-1.6500000000014552,2000064,6043,2507249,4010,544916,6043,1795045,4010,-2033,125.05,0.1373239444431749,0.0608551090373884,0.13794297863191698,-1.5019535029336215,0,0,24600,66154084.099999994,24400,8038742.399999999,0,0,1785738590415,2026-08-04 00:00:00,24600,17,6043,4010,1994021,2503239,0.0030305598586975765,0.00160192454655748,10053,40417495,102792,618962,57.75,67.3,-0.5499999999999972,0.7000000000000028,14943,9166,24600,24500,344550,422641,8866,3397,0.026411744378641817,0.00810268006220721,0.15000000000000568,-0.5500000000000114,-0.32101446780606013,24700,247544,0,0,108.7,
2026-08-03 00:00:00,2026-08-03 12:00:00,166,NIFTY,OK,24591.3,0,2000064,0,2507249,0,544916,0,1795045,0,0,125.05,0.12374689754183923,0.04228117167414292,0.13794297863191698,-1.2306475113982331,0,0,24600,66154084.099999994,24400,8038742.399999999,0,0,1785738650212,2026-08-04 00:00:00,24600,17,0,0,2000064,2507249,0,0,0,40417495,0,557766,57.75,67.3,0,0,0,0,24600,24500,344550,422641,5788,1875,0.017085741612105253,0.004456158529919242,0,-0.45000000000000284,-0.40305691117535825,24700,247544,0,0,108.7,
2026-08-03 00:00:00,2026-08-03 12:01:00,167,NIFTY,OK,24591.65,0.3500000000021828,2009343,9279,2510653,3404,554195,9279,1798449,3404,-5875,124.55,0.13535941182248834,0.05637732419780852,0.1387877847655648,-0.555752518219535,0,0,24600,66473535.6,24400,8024906.100000001,0,0,1785738711018,2026-08-04 00:00:00,24600,17,9279,3404,2000064,2507249,0.004639351540750696,0.0013576633194389547,12683,40616863,199368,611824,57.3,67.25,-0.45000000000000284,-0.04999999999999716,22435,23220,24600,24500,346511,424376,6566,5294,0.019314889173248615,0.012632372662152037,-0.5,0,-1.4171253182728234,24700,247782,0,0,108.35,
2026-08-03 00:00:00,2026-08-03 12:02:00,168,NIFTY,OK,24587.35,-4.30000000000291,2012491,3148,2514829,4176,557343,3148,1802625,4176,1028,124.9,0.12870064408966012,0.059721728803145524,0.1376457808601817,-1.0583516875435872,0,0,24600,66583349,24400,7974810.45,0,0,1785738770537,2026-08-04 00:00:00,24600,17,3148,4176,2009343,2510653,0.0015666812485474108,0.0016633122936542805,7324,40745760,128897,582669,57,67.9,-0.29999999999999716,0.6500000000000057,14922,13472,24600,24500,347982,424518,7317,3167,0.021478578662322223,0.007516298762789218,0.3500000000000085,0.15000000000000568,-0.36111111111109767,24700,248165,0,0,112.65,
2026-08-03 00:00:00,2026-08-03 12:03:00,169,NIFTY,OK,24587.35,0,2012491,0,2514829,0,557343,0,1802625,0,0,124.9,0.09521239938860077,0.06973555701450156,0.1376457808601817,-0.8710285758547622,0,0,24600,66583349,24400,7974810.45,0,0,1785738829981,2026-08-04 00:00:00,24600,17,0,0,2012491,2514829,0,0,0,40745760,0,431057,57,67.9,0,0,0,0,24600,24500,347982,424518,4953,1883,0.014439012445011938,0.004455381120825298,0,1.4210854715202004e-14,-0.22549380840081304,24700,248165,0,0,112.65,
2026-08-03 00:00:00,2026-08-03 12:04:00,170,NIFTY,OK,24588.2,0.8500000000021828,2018148,5657,2517586,2757,563000,5657,1805382,2757,-2900,124.75,0.11080830577807252,0.05654828819113524,0.13788535214293376,-0.5766805558797234,0,0,24600,66864798.400000006,24400,7948866,0,0,1785738889507,2026-08-04 00:00:00,24600,17,5657,2757,2012491,2514829,0.0028109442477009835,0.0010962972035076738,8414,40920092,174332,502597,57.15,67.6,0.14999999999999858,-0.30000000000001137,19612,15658,24600,24500,348381,424953,3831,2312,0.011118850674793209,0.005470363736599147,-0.15000000000000568,-0.29999999999999716,-0.5314327326007336,24700,247858,0,0,111.8,
2026-08-03 00:00:00,2026-08-03 12:05:00,171,NIFTY,OK,24592,3.7999999999992724,2024913,6765,2521210,3624,569765,6765,1809006,3624,-3141,124.75,0.14556293351499727,0.05864779137646261,0.13861433414506039,0.7930132069238859,0,0,24600,67116097.80000001,24400,8019214.5,0,0,1785738951808,2026-08-04 00:00:00,24600,17,6765,3624,2018148,2517586,0.003352083197069789,0.0014394741629481574,10389,41079242,159150,661747,57.65,67.1,0.5,-0.5,20852,18287,24600,24500,351923,425603,7373,2962,0.02139892613553911,0.007008312018947522,0,-0.29999999999999716,-0.3848580101711709,24700,247790,0,0,108,
2026-08-03 00:00:00,2026-08-03 12:06:00,172,NIFTY,OK,24593.65,1.6500000000014552,2032867,7954,2519766,-1444,577719,7954,1807562,-1444,-9398,124.65,0.11735472637482529,0.06108674778624411,0.13912130145733656,1.742077749246788,0,0,24600,67028262.15,24400,7987404.75,0,0,1785739011252,2026-08-04 00:00:00,24600,17,7954,-1444,2024913,2521210,0.003928069996093659,-0.0005727408664887097,6510,41151136,71894,534273,57.7,66.95,0.05000000000000426,-0.14999999999999147,10227,6614,24600,24500,355578,425667,9067,1291,0.026166557483023628,0.003042113597375912,-0.09999999999999432,0.10000000000000853,-1.1266898649643757,24700,248528,0,0,106.35,
2026-08-03 00:00:00,2026-08-03 12:08:00,173,NIFTY,OK,24593.8,0.1499999999978172,2041396,8529,2516355,-3411,586248,8529,1804151,-3411,-11940,124.2,0.13776268163837824,0.04846564992482736,0.13741717894132546,-1.3557831388406676,0,0,24600,67078383.75,24400,7974375.75,0,0,1785739113605,2026-08-04 00:00:00,24600,17,8529,-3411,2032867,2519766,0.004195552389802186,-0.0013536971290191231,5118,41373648,222512,627888,58.05,66.15,0.3499999999999943,-0.7999999999999972,29822,22577,24600,24500,356750,424938,8768,420,0.025196705576725233,0.0009893573417381594,-0.45000000000000284,-0.7000000000000028,-2.334810973479307,24700,250365,0,0,106.2,
2026-08-03 00:00:00,2026-08-03 12:08:00,174,NIFTY,OK,24593.8,0,2041396,0,2516355,0,586248,0,1804151,0,0,124.2,0.13776268163837824,0.04846564992482736,0.13741717894132546,-1.1068021277244484,0,0,24600,67078383.75,24400,7974375.75,0,0,1785739129540,2026-08-04 00:00:00,24600,17,0,0,2041396,2516355,0,0,0,41373648,0,627888,58.05,66.15,0,0,0,0,24600,24500,356750,424938,8768,420,0.025196705576725233,0.0009893573417381594,0,-0.7000000000000028,-1.7099639201419283,24700,250365,0,0,106.2,
2026-08-03 00:00:00,2026-08-03 12:09:00,175,NIFTY,OK,24595.45,1.6500000000014552,2042266,870,2516116,-239,587118,870,1803912,-239,-1109,124.25,0.12277229069437358,0.040468655911000406,0.13921194029850764,1.5749748669581423,0,0,24600,67372188,24400,8059520,0,0,1785739190354,2026-08-04 00:00:00,24600,17,870,-239,2041396,2516355,0.0004261789481315727,-0.00009497864967383378,631,41479735,106087,559643,58.65,65.6,0.6000000000000014,-0.5500000000000114,15773,10468,24600,24500,356482,424289,8101,-664,0.02325327730272317,-0.0015625257381404532,0.04999999999999716,-0.5,-1.2536971730076552,24700,250682,0,0,104.55,
2026-08-03 00:00:00,2026-08-03 12:10:00,176,NIFTY,OK,24596.35,0.8999999999978172,2027246,-15020,2511719,-4397,572098,-15020,1799515,-4397,10623,124.4,0.13418609749138846,0.011752420919900307,0.13933437623147527,1.383971182960625,0,0,24600,67711616.5,24400,8195788.5,0,0,1785739249977,2026-08-04 00:00:00,24600,17,-15020,-4397,2042266,2516116,-0.007354575750661276,-0.0017475346923591759,-19417,41688308,208573,609066,59.75,64.65,1.1000000000000014,-0.9499999999999886,34482,23659,24600,24500,352072,423877,149,-1726,0.0004233880706859171,-0.004055422541664415,0.15000000000000568,-0.3499999999999943,-0.5891151832786542,24700,250059,0,0,103.65,
2026-08-03 00:00:00,2026-08-03 12:11:00,177,NIFTY,OK,24596.35,0,2027246,0,2511719,0,572098,0,1799515,0,0,124.4,0.11834680373168772,0.025444364188751463,0.13933437623147527,1.2248855551218316,0,0,24600,67711616.5,24400,8195788.5,0,0,1785739310100,2026-08-04 00:00:00,24600,17,0,0,2027246,2511719,0,0,0,41688308,0,537172,59.75,64.65,0,0,0,0,24600,24500,352072,423877,-3506,-1790,-0.009860002587336674,-0.0042051650703484175,0,-0.25,-0.5239368319956914,24700,250059,0,0,103.65,
2026-08-03 00:00:00,2026-08-03 12:12:00,178,NIFTY,OK,24600.4,4.05000000000291,2023807,-3439,2515389,3670,568659,-3439,1803185,3670,7109,124.4,0.11664995298726911,0.035042691460008275,0.14079931200879134,2.048689075667852,0,0,24600,67753280.05,24400,8138505.600000001,0,0,1785739371059,2026-08-04 00:00:00,24600,17,-3439,3670,2027246,2511719,-0.001696390077967844,0.0014611507099321222,231,41903145,214837,529497,58.85,65.55,-0.8999999999999986,0.8999999999999915,32059,23745,24600,24500,350246,424055,-6504,-883,-0.0182312543798178,-0.0020779501950872834,0,0.20000000000000284,-0.3740272357155363,24700,250633,0,0,99.6,
2026-08-03 00:00:00,2026-08-03 12:13:00,179,NIFTY,OK,24601.65,1.25,2020400,-3407,2520524,5135,565252,-3407,1808320,5135,8542,124.65,0.1431891394791016,0.02587929149153121,0.1398526232817001,0.9287562281597117,0,0,24600,68732316.6,24400,8398734.85,0,0,1785739431224,2026-08-04 00:00:00,24600,17,-3407,5135,2023807,2515389,-0.0016834609229042098,0.002041433750406001,1728,42023859,120714,650211,60.7,63.95,1.8500000000000014,-1.5999999999999943,19209,11605,24600,24500,350719,425221,-6031,283,-0.01690539593552908,0.0006659795075987556,0.25,0.45000000000000284,0.8918899883435182,24700,249774,0,0,98.35,
2026-08-03 00:00:00,2026-08-03 12:14:00,180,NIFTY,OK,24601.65,0,2020400,0,2520524,0,565252,0,1808320,0,0,124.65,0.11982671368206119,0.032084598363608295,0.1398526232817001,0.7554823546317132,0,0,24600,68732316.6,24400,8398734.85,0,0,1785739491145,2026-08-04 00:00:00,24600,17,0,0,2020400,2520524,0,0,0,42023859,0,544124,60.7,63.95,0,0,0,0,24600,24500,350719,425221,-5763,932,-0.016166314147698903,0.0021966159858021303,0,0.4000000000000057,0.9973804801107862,24700,249774,0,0,98.35,
2026-08-03 00:00:00,2026-08-03 12:15:00,181,NIFTY,OK,24603.6,1.9499999999970896,1994656,-25744,2529598,9074,539508,-25744,1817394,9074,34818,124.55,0.14101639739943866,0.02305821057878287,0.13934406650105063,0.17717221699933447,0,0,24600,69129081,24400,8447865.5,0,0,1785739550401,2026-08-04 00:00:00,24600,17,-25744,9074,2020400,2520524,-0.01274203128093447,0.0036000450699933823,-16670,42326302,302443,637994,61.05,63.5,0.3499999999999943,-0.45000000000000284,45474,34469,24600,24500,342098,426190,-9974,2313,-0.028329432616055805,0.005456771657815829,-0.10000000000000853,0.14999999999999147,0.6636763353485248,24700,247756,0,0,96.4,
2026-08-03 00:00:00,2026-08-03 12:16:00,182,NIFTY,OK,24606.5,2.900000000001455,1991250,-3406,2532917,3319,536102,-3406,1820713,3319,6725,125.1,0.22627325649119495,0.014455435099023344,0.13922404019428833,0.045682492583748964,0,0,24600,70230836.85000001,24400,8685392.5,0,0,1785739611190,2026-08-04 00:00:00,24600,17,-3406,3319,1994656,2529598,-0.0017075626072866699,0.0013120661860105834,-87,42712006,385704,1023698,63.35,61.75,2.3000000000000043,-1.75,65739,36881,24600,24500,345703,425263,-6369,1386,-0.01809004976254857,0.003269816479780691,0.5499999999999972,0.6999999999999886,2.3846153846154734,24700,247091,0,0,93.5,
2026-08-03 00:00:00,2026-08-03 12:17:00,183,NIFTY,OK,24606.05,-0.4500000000007276,1978895,-12355,2525661,-7256,523747,-12355,1813457,-7256,5099,124.75,0.2579157635069916,0.02981590571838774,0.13940862011359856,0.03846276027702378,0,0,24600,70582834.7,24400,8805110.4,0,0,1785739669636,2026-08-04 00:00:00,24600,17,-12355,-7256,1991250,2532917,-0.006204645323289391,-0.0028646813140738524,-19611,43064941,352935,1161796,63.7,61.05,0.3500000000000014,-0.7000000000000028,53644,34241,24600,24600,342581,423338,-7665,0,-0.021884618239751488,0,-0.3499999999999943,0.3499999999999943,0.8496961810884073,24700,245884,0,0,93.95,
2026-08-03 00:00:00,2026-08-03 12:18:00,184,NIFTY,OK,24605.35,-0.7000000000007276,1966450,-12445,2535630,9969,511302,-12445,1823426,9969,22414,124.80000000000001,0.2907489427109247,0.02967512748524609,0.1399553917534384,0.6873225803304567,0,0,24600,71582201.35000001,24400,8819190,0,0,1785739730313,2026-08-04 00:00:00,24600,17,-12445,9969,1978895,2525661,-0.006288863229226412,0.003947085535232163,-2476,43332834,267893,1308975,63.45,61.35,-0.25,0.30000000000000426,45276,28125,24600,24600,333881,429903,-16838,0,-0.048009945283831214,0,0.05000000000001137,0.15000000000000568,0.8645480369170063,24700,247905,0,0,94.65,
2026-08-03 00:00:00,2026-08-03 12:20:00,185,NIFTY,OK,24605,-0.3499999999985448,1975637,9187,2545803,10173,520489,9187,1833599,10173,986,124.65,0.3350921387876429,0.012859885723639181,0.13991578093499865,0.4693491441871373,0,0,24600,72203549.8,24400,8802573,0,0,1785739803343,2026-08-04 00:00:00,24600,17,9187,10173,1966450,2535630,0.0046718706298151495,0.004012020681250813,19360,43538958,206124,1515099,62.85,61.8,-0.6000000000000014,0.44999999999999574,30802,21793,24600,24600,336893,434649,-13826,0,-0.03942187335160057,0,-0.15000000000000568,0,0.07231540446021922,24700,248876,0,0,95,
2026-08-03 00:00:00,2026-08-03 12:20:00,186,NIFTY,OK,24605,0,1975637,0,2545803,0,520489,0,1833599,0,0,124.65,0.26820128100782054,0.0023205261838476865,0.13991578093499865,0.3522799317618856,0,0,24600,72203549.8,24400,8802573,0,0,1785739851211,2026-08-04 00:00:00,24600,17,0,0,1975637,2545803,0,0,0,43538958,0,1212656,62.85,61.8,0,0,0,0,24600,24600,336893,434649,-5205,0,-0.015214938409461616,0,0,0.10000000000000853,-0.05205792062956252,24700,248876,0,0,95,
2026-08-03 00:00:00,2026-08-03 12:21:00,187,NIFTY,OK,24601.45,-3.5499999999992724,1982331,6694,2554743,8940,527183,6694,1842539,8940,2246,123.15,0.2589007805471103,0.01098793515015511,0.1380993980589496,-2.32467977763381,0,0,24600,72464456.25,24400,8487621,0,0,1785739910150,2026-08-04 00:00:00,24600,17,6694,8940,1975637,2545803,0.0033882742629339296,0.0035116621356797834,15634,43886658,347700,1174652,59.5,63.65,-3.3500000000000014,1.8500000000000014,61594,37300,24600,24600,338613,440835,-7090,0,-0.020508933969332056,0,-1.5,-1.9499999999999886,-2.812363913944159,24700,249686,0,0,98.55,
2026-08-03 00:00:00,2026-08-03 12:22:00,188,NIFTY,OK,24601.45,0,1982331,0,2554743,0,527183,0,1842539,0,0,123.15,0.18111165918827862,0.039573235067547584,0.1380993980589496,-1.8572680735143716,0,0,24600,72464456.25,24400,8487621,0,0,1785739969778,2026-08-04 00:00:00,24600,17,0,0,1982331,2554743,0,0,0,43886658,0,821717,59.5,63.65,0,0,0,0,24600,24600,338613,440835,-3968,17497,-0.011582662202515609,0.04133104044522344,0,-1.5999999999999943,-1.9514372805249331,24700,249686,0,0,98.55,
2026-08-03 00:00:00,2026-08-03 12:23:00,189,NIFTY,OK,24604.55,3.099999999998545,1980231,-2100,2572566,17823,525083,-2100,1860362,17823,19923,124.69999999999999,0.18321901898986492,0.0608001592022624,0.13970500489271837,0.5243125413685717,0,0,24600,74336920,24400,8707680.85,0,0,1785740030658,2026-08-04 00:00:00,24600,17,-2100,17823,1982331,2554743,-0.0010593589062573303,0.006976435594500112,15723,44166993,280335,834159,62.05,62.65,2.549999999999997,-1,40824,31908,24600,24600,336175,449336,2294,19433,0.006870711421135075,0.045203220261314764,1.549999999999983,-0.10000000000002274,0.44001343490277356,24700,247403,0,0,95.45,
2026-08-03 00:00:00,2026-08-03 12:24:00,190,NIFTY,OK,24605.4,0.8500000000021828,1984303,4072,2574470,1904,529155,4072,1862266,1904,-2168,124.3,0.16803753992576512,0.04873473490460743,0.13950879537914407,0.291703489670375,0,0,24600,74559309,24400,8673247.2,0,0,1785740091319,2026-08-04 00:00:00,24600,17,4072,1904,1980231,2572566,0.002056325751894602,0.0007401170659955857,5976,44305003,138010,766045,62.4,61.9,0.3500000000000014,-0.75,23485,10855,24600,24600,338128,448714,1235,14065,0.0036658523626195857,0.032359444057158765,-0.3999999999999915,-0.3500000000000085,-0.12431896097132775,24700,247852,0,0,94.6,
2026-08-03 00:00:00,2026-08-03 12:25:00,191,NIFTY,OK,24605.4,0,1984303,0,2574470,0,529155,0,1862266,0,0,124.3,0.16803753992576512,0.04873473490460743,0.13950879537914407,0.2655451415614715,0,0,24600,74559309,24400,8673247.2,0,0,1785740150678,2026-08-04 00:00:00,24600,17,0,0,1984303,2574470,0,0,0,44305003,0,766045,62.4,61.9,0,0,0,0,24600,24600,338128,448714,1235,14065,0.0036658523626195857,0.032359444057158765,0,-0.3500000000000085,-0.0857675362699822,24700,247852,0,0,94.6,
2026-08-03 00:00:00,2026-08-03 12:26:00,192,NIFTY,OK,24604.65,-0.75,1994072,9769,2576721,2251,538924,9769,1864517,2251,-7518,124.4,0.15872584910320814,0.04647672028923382,0.14018390640094425,1.0718778371531497,0,0,24600,75363804,24400,8622774.850000001,0,0,1785740213087,2026-08-04 00:00:00,24600,17,9769,2251,1984303,2574470,0.004923139258470103,0.0008743547215543393,12020,44612161,307158,725503,63,61.4,0.6000000000000014,-0.5,38931,24713,24600,24600,342438,452140,3825,11305,0.011296081367224532,0.02564451552168045,0.10000000000000853,1.25,0.1941014663687488,24700,248076,0,0,95.35,
2026-08-03 00:00:00,2026-08-03 12:27:00,193,NIFTY,OK,24604.65,0,1994072,0,2576721,0,538924,0,1864517,0,0,124.4,0.15872584910320814,0.04647672028923382,0.14018390640094425,0.9157846348708415,0,0,24600,75363804,24400,8622774.850000001,0,0,1785740270670,2026-08-04 00:00:00,24600,17,0,0,1994072,2576721,0,0,0,44612161,0,725503,63,61.4,0,0,0,0,24600,24600,342438,452140,3825,11305,0.011296081367224532,0.02564451552168045,0,1.25,0.2613145245262531,24700,248076,0,0,95.35,
2026-08-03 00:00:00,2026-08-03 12:28:00,194,NIFTY,OK,24606.8,2.149999999997817,1996812,2740,2580035,3314,541664,2740,1867831,3314,574,124.55000000000001,0.12710846571886716,0.041340355750520835,0.14027014460962559,0.9578911709335556,0,0,24600,75578891.4,24400,8495882.4,0,0,1785740329770,2026-08-04 00:00:00,24600,17,2740,3314,1994072,2576721,0.0013740727516358487,0.0012861307064288294,6054,44748749,136588,581756,62.7,61.85,-0.29999999999999716,0.45000000000000284,18904,13730,24600,24600,344583,454564,8408,5228,0.025010783074291665,0.01163494578667189,0.15000000000000568,-0.14999999999997726,0.5859661758187443,24700,246014,0,0,93.2,
2026-08-03 00:00:00,2026-08-03 12:29:00,195,NIFTY,OK,24604.2,-2.599999999998545,1993441,-3371,2586734,6699,538293,-3371,1874530,6699,10070,124.55,0.15012330314889716,0.031126061859448422,0.14074215350871952,1.3332941272097005,0,0,24600,76342011.8,24400,8480028.7,0,0,1785740391261,2026-08-04 00:00:00,24600,17,-3371,6699,1996812,2580035,-0.0016881909764164078,0.002596476404389863,3328,44992594,243845,687591,62.5,62.05,-0.20000000000000284,0.19999999999999574,24540,21499,24600,24600,346274,459564,8146,10850,0.024091468319689585,0.024180212785872516,-1.4210854715202004e-14,0.25,0.6115980398266717,24700,243184,0,0,95.8,
2026-08-03 00:00:00,2026-08-03 12:30:00,196,NIFTY,OK,24604.2,0,1993441,0,2586734,0,538293,0,1874530,0,0,124.55,0.15012330314889716,0.031126061859448422,0.14074215350871952,1.148683732150199,0,0,24600,76342011.8,24400,8480028.7,0,0,1785740449729,2026-08-04 00:00:00,24600,17,0,0,1993441,2586734,0,0,0,44992594,0,687591,62.5,62.05,0,0,0,0,24600,24600,346274,459564,8146,10850,0.024091468319689585,0.024180212785872516,0,0.25,0.6382053072494676,24700,243184,0,0,95.8,
2026-08-03 00:00:00,2026-08-03 12:31:00,197,NIFTY,OK,24604.3,0.09999999999854481,1976919,-16522,2591455,4721,521771,-16522,1879251,4721,21243,124.3,0.15722749494677976,0.0033677955766183935,0.13871823679869957,-1.2978445457642476,0,0,24600,76069581.75,24400,8365204.800000001,0,0,1785740510267,2026-08-04 00:00:00,24600,17,-16522,4721,1993441,2586734,-0.008288181089884276,0.0018250813574182735,-11801,45330435,337841,718274,61.15,63.15,-1.3500000000000014,1.1000000000000014,36555,29844,24600,24600,346172,460867,3734,8727,0.010904163673424094,0.019301543769628875,-0.25,-0.10000000000000853,-0.04870810241430426,24700,239491,0,0,95.7,
2026-08-03 00:00:00,2026-08-03 12:32:00,198,NIFTY,OK,24601.6,-2.7000000000007276,1983534,6615,2588208,-3247,528386,6615,1876004,-3247,-9862,124.19999999999999,0.19913153454416282,0.0010424241359083808,0.1399758641702409,0.037487758261975694,0,0,24600,75518645.10000001,24400,8249990.65,0,0,1785740572004,2026-08-04 00:00:00,24600,17,6615,-3247,1976919,2591455,0.0033461158499665388,-0.001252964068448034,3368,45522539,192104,910378,59.85,64.35,-1.2999999999999972,1.1999999999999957,28133,22156,24600,24600,347858,460798,5420,8658,0.015827682675404013,0.019148936170212766,-0.10000000000000853,-0.20000000000001705,-1.5126584522688833,24700,240248,0,0,98.4,
2026-08-03 00:00:00,2026-08-03 12:33:00,199,NIFTY,OK,24593.25,-8.349999999998545,1986345,2811,2573881,-14327,531197,2811,1861677,-14327,-17138,123.4,0.22013404598807165,0.016557073140604128,0.13736815670517327,-2.4116280642182355,0,0,24600,74466214.5,24400,8059785,0,0,1785740629838,2026-08-04 00:00:00,24600,17,2811,-14327,1983534,2588208,0.001417167540359782,-0.005535490192442029,-11516,45752610,230071,1003861,57.75,65.65,-2.1000000000000014,1.3000000000000114,32890,28415,24600,24600,351483,457990,6900,3426,0.020024203167306572,0.007536892494786213,-0.799999999999983,-1.1500000000000057,-2.7924471369055013,24700,239951,0,0,106.75,
2026-08-03 00:00:00,2026-08-03 12:34:00,200,NIFTY,OK,24593.25,0,1986345,0,2573881,0,531197,0,1861677,0,0,123.4,0.16666191544015582,0.026248131618281722,0.13736815670517327,-1.7729826394681403,0,0,24600,74466214.5,24400,8059785,0,0,1785740690655,2026-08-04 00:00:00,24600,17,0,0,1986345,2573881,0,0,0,45752610,0,760016,57.75,65.65,0,0,0,0,24600,24600,351483,457990,5209,-1574,0.015043000629559251,-0.003424985420964218,0,-1.1499999999999915,-1.92583180951373,24700,239951,0,0,106.75,
2026-08-03 00:00:00,2026-08-03 12:35:00,201,NIFTY,OK,24593.3,0.049999999999272404,1992664,6319,2544125,-29756,537516,6319,1831921,-29756,-36075,123.1,0.3251616947581208,0.029410448823541373,0.13629886846674213,-1.8709978428546183,0,0,24600,72290649,24400,7875399.399999999,0,0,1785740750180,2026-08-04 00:00:00,24600,17,6319,-29756,1986345,2573881,0.003181219778034531,-0.011560752031659583,-23437,46467784,715174,1475190,56,67.1,-1.75,1.4499999999999886,97631,78861,24600,24600,355774,448746,9500,-10818,0.027434921478366844,-0.023539702848787113,-0.30000000000001137,-1.4500000000000028,-1.8564264473995131,24700,242010,0,0,106.7,
2026-08-03 00:00:00,2026-08-03 12:36:00,202,NIFTY,OK,24593.3,0,1992664,0,2544125,0,537516,0,1831921,0,0,123.1,0.25069470940790944,0.027770719453747268,0.13629886846674213,-1.4512835020797308,0,0,24600,72290649,24400,7875399.399999999,0,0,1785740810156,2026-08-04 00:00:00,24600,17,0,0,1992664,2544125,0,0,0,46467784,0,1137349,56,67.1,0,0,0,0,24600,24600,355774,448746,9602,-12121,0.027737656425129705,-0.02630042940805048,0,-1.2000000000000028,-1.441665466621368,24700,242010,0,0,106.7,
2026-08-03 00:00:00,2026-08-03 12:37:00,203,NIFTY,OK,24589.45,-3.849999999998545,2019488,26824,2558062,13937,564340,26824,1845858,13937,-12887,122.75,0.3078148791384037,0.004121961224608563,0.13458611473975637,-1.775227722190768,0,0,24600,72212371.2,24400,7699869.449999999,0,0,1785740871438,2026-08-04 00:00:00,24600,17,26824,13937,1992664,2544125,0.01346137632837247,0.005478111334938338,40761,46931577,463793,1409038,54.75,68,-1.25,0.9000000000000057,59626,49642,24600,24600,366187,450664,18329,-10134,0.05269104059702522,-0.02199228295261698,-0.3499999999999943,-1.4499999999999886,-1.5505127531667893,24700,245547,0,0,110.55,
2026-08-03 00:00:00,2026-08-03 12:38:00,204,NIFTY,OK,24589.45,0,2019488,0,2558062,0,564340,0,1845858,0,0,122.75,0.25755415014582034,0.014694219600718256,0.13458611473975637,-1.403174044021614,0,0,24600,72212371.2,24400,7699869.449999999,0,0,1785740929836,2026-08-04 00:00:00,24600,17,0,0,2019488,2558062,0,0,0,46931577,0,1178967,54.75,68,0,0,0,0,24600,24600,366187,450664,14704,-7326,0.04183417121169445,-0.015995982445031552,0,-0.6500000000000057,-1.2572508231852697,24700,245547,0,0,110.55,
2026-08-03 00:00:00,2026-08-03 12:39:00,205,NIFTY,OK,24586.9,-2.5499999999992724,2036521,17033,2559071,1009,581373,17033,1846867,1009,-16024,122.7,0.33205297598220207,0.023175926289990694,0.1336218782596189,-1.4895872911406565,0,0,24600,72206800.60000001,24400,7566489.75,0,0,1785740990928,2026-08-04 00:00:00,24600,17,17033,1009,2019488,2558062,0.008434316024655754,0.00039443922782168687,18042,47278590,347013,1525980,54.2,68.5,-0.5499999999999972,0.5,43600,38007,24600,24600,371787,451970,20304,-6020,0.05776666296805251,-0.013144391798947575,-0.04999999999999716,-0.7000000000000028,-1.1080330438562564,24700,246233,0,0,113.1,
2026-08-03 00:00:00,2026-08-03 12:40:00,206,NIFTY,OK,24586.9,0,2036521,0,2559071,0,581373,0,1846867,0,0,122.7,0.1764312410675273,0.07252413030983984,0.1336218782596189,-1.282258667961629,0,0,24600,72206800.60000001,24400,7566489.75,0,0,1785741050978,2026-08-04 00:00:00,24600,17,0,0,2036521,2559071,0,0,0,47278590,0,810806,54.2,68.5,0,0,0,0,24600,24600,371787,451970,16013,3224,0.04500891015082609,0.007184465154006944,0,-0.3999999999999915,-0.9547433449058991,24700,246233,0,0,113.1,
2026-08-03 00:00:00,2026-08-03 12:41:00,207,NIFTY,OK,24594.3,7.399999999997817,2054085,17564,2526484,-32587,598937,17564,1814280,-32587,-50151,122.85,0.29564580295592097,0.0323284296712661,0.13711243795410336,0.5405763819117247,0,0,24600,69964033.30000001,24400,7500159.75,0,0,1785741114126,2026-08-04 00:00:00,24600,17,17564,-32587,2036521,2559071,0.008624512096855372,-0.012733917894423406,-15023,47822010,543420,1354226,54.75,68.1,0.5499999999999972,-0.4000000000000057,75303,60216,24600,24600,380300,437247,24526,-11499,0.06893702181722104,-0.02562474094476608,0.14999999999999147,-0.25,-0.5454892826097284,24700,247289,0,0,105.7,
2026-08-03 00:00:00,2026-08-03 12:42:00,208,NIFTY,OK,24594.3,0,2054085,0,2526484,0,598937,0,1814280,0,0,122.85,0.19439353495166212,0.003390485303217648,0.13711243795410336,0.9010636968372985,0,0,24600,69964033.30000001,24400,7500159.75,0,0,1785741169648,2026-08-04 00:00:00,24600,17,0,0,2054085,2526484,0,0,0,47822010,0,890433,54.75,68.1,0,0,0,0,24600,24600,380300,437247,14113,-13417,0.0385404178739278,-0.029771625867608686,0,0.09999999999999432,-0.42370416867423577,24700,247289,0,0,105.7,
2026-08-03 00:00:00,2026-08-03 12:43:00,209,NIFTY,OK,24592.35,-1.9500000000007276,2072858,18773,2523219,-3265,617710,18773,1811015,-3265,-22038,122.89999999999999,0.25005107616778394,0.01612089233537582,0.13655479804938697,0.6030946744286317,0,0,24600,69630202.25,24400,7422486.75,0,0,1785741229809,2026-08-04 00:00:00,24600,17,18773,-3265,2054085,2526484,0.009139349150595034,-0.001292309787040013,15508,48080831,258821,1149254,54.55,68.35,-0.20000000000000284,0.25,32946,27847,24600,24600,386411,435861,20224,-14803,0.05522861270334556,-0.03284708785259084,0.04999999999999716,0.14999999999999147,-0.046676002801023846,24700,250665,0,0,107.65,
2026-08-03 00:00:00,2026-08-03 12:44:00,210,NIFTY,OK,24593.35,1,2074294,1436,2527131,3912,619146,1436,1814927,3912,2476,122.65,0.1936758721483019,0.006545217884053255,0.13556314811484638,0.021531211282480353,0,0,24600,70285216.3,24400,7553700,0,0,1785741290695,2026-08-04 00:00:00,24600,17,1436,3912,2072858,2523219,0.0006927633248394246,0.0015504005003132903,5348,48169775,88944,891185,55.35,67.3,0.8000000000000043,-1.0499999999999972,10853,9205,24600,24600,387178,437129,15391,-14841,0.041397359240640474,-0.03283625019359692,-0.2499999999999858,-0.04999999999999716,-1.2191914516900775,24700,251798,0,0,106.65,
2026-08-03 00:00:00,2026-08-03 12:45:00,211,NIFTY,OK,24593.35,0,2074294,0,2527131,0,619146,0,1814927,0,0,122.65,0.1936758721483019,0.006545217884053255,0.13556314811484638,0.08073800426446297,0,0,24600,70285216.3,24400,7553700,0,0,1785741349805,2026-08-04 00:00:00,24600,17,0,0,2074294,2527131,0,0,0,48169775,0,891185,55.35,67.3,0,0,0,0,24600,24600,387178,437129,15391,-14841,0.041397359240640474,-0.03283625019359692,0,-0.04999999999999716,-1.0613372610105023,24700,251798,0,0,106.65,
2026-08-03 00:00:00,2026-08-03 12:46:00,212,NIFTY,OK,24599.05,5.700000000000728,2060614,-13680,2494169,-32962,605466,-13680,1781965,-32962,-19282,122.30000000000001,0.17386865631139836,0.03256079420759811,0.13729252614410375,1.2824230383520476,0,0,24600,69479526.14999999,24400,7882175,0,0,1785741410592,2026-08-04 00:00:00,24600,17,-13680,-32962,2074294,2527131,-0.006595014978590306,-0.013043249439779735,-46642,48613944,444169,791934,57.35,64.95,2,-2.3499999999999943,71682,48126,24600,24600,382854,426343,2554,-10904,0.006715750723113332,-0.024937849773697705,-0.3499999999999943,-0.549999999999983,-2.572568801066427,24700,251960,0,0,100.95,
2026-08-03 00:00:00,2026-08-03 12:47:00,213,NIFTY,OK,24599.05,0,2060614,0,2494169,0,605466,0,1781965,0,0,122.30000000000001,0.17386865631139836,0.03256079420759811,0.13729252614410375,1.0449346910873427,0,0,24600,69479526.14999999,24400,7882175,0,0,1785741470003,2026-08-04 00:00:00,24600,17,0,0,2060614,2494169,0,0,0,48613944,0,791934,57.35,64.95,0,0,0,0,24600,24600,382854,426343,2554,-10904,0.006715750723113332,-0.024937849773697705,0,-0.549999999999983,-1.824429954694784,24700,251960,0,0,100.95,
2026-08-03 00:00:00,2026-08-03 12:48:00,214,NIFTY,OK,24582.2,-16.849999999998545,2065194,4580,2500729,6560,610046,4580,1788525,6560,1980,123.05,0.32711502143159227,0.020189048877128943,0.13839226909674493,1.4344452403277408,0,0,24600,65447430.1,24400,6477050.5,0,0,1785741529831,2026-08-04 00:00:00,24600,17,4580,6560,2060614,2494169,0.002222638495128151,0.002630134525767901,11140,49574413,960469,1493582,47.3,75.75,-10.050000000000004,10.799999999999997,125123,74531,24600,24600,385074,429210,-1337,-6651,-0.0034600464272497417,-0.015259451981250904,0.7499999999999858,0.15000000000000568,1.5387586879272441,24700,251504,0,0,117.8,
2026-08-03 00:00:00,2026-08-03 12:49:00,215,NIFTY,OK,24574.05,-8.150000000001455,1841226,-38269,2465013,-114550,545169,-64877,1695078,-93447,-76281,126.95,0.6028290580248797,0.07254482600813737,0.1352970663356645,-0.8323955930447637,0,0,24600,59025077.1,24400,6622237.05,0,0,1785741589967,2026-08-04 00:00:00,24550,16,-38269,-114550,1872215,2494012,-0.02044049428083847,-0.045930011563697366,-152819,49995782,1191288,2595926,73.65,53.3,3.700000000000003,-0.25,51528,117214,24600,24500,378054,388237,-9124,0,-0.023565388529306935,0,3.9000000000000057,4.299999999999997,2.9521866634572094,24700,244000,24400,231751,125.95,174.05
2026-08-03 00:00:00,2026-08-03 12:50:00,216,NIFTY,OK,24580.15,6.100000000002183,2047864,22743,2268918,-116968,592716,47547,1556714,-138364,-139711,125.35,0.9024979718688597,0.07252417742095703,0.13967372522850097,2.092294461493947,0,0,24600,53522983.949999996,24400,6649981,0,0,1785741649579,2026-08-04 00:00:00,24600,16,22743,-116968,1833946,2379462,0.01240112849560456,-0.04915733052261394,-94225,52087489,1299961,3895887,47.9,77.45,0.19999999999999574,-0.8499999999999943,141749,158613,24600,24500,387038,366548,-140,0,-0.0003615907928652971,0,-1.6000000000000085,2.6999999999999886,1.3583986054340884,24700,248239,24500,366548,119.85,80.15
2026-08-03 00:00:00,2026-08-03 12:51:00,217,NIFTY,OK,24585.1,4.94999999999709,2068939,21075,2257400,-11518,613791,21075,1545196,-11518,-32593,124.10000000000001,0.8734121389932689,0.05990112412360199,0.13902573177730868,1.2980749688940116,0,0,24600,54162358.25,24400,6754116,0,0,1785741709883,2026-08-04 00:00:00,24600,17,21075,-11518,2047864,2268918,0.0102912107444635,-0.005076428500280751,9557,52414448,326959,3778677,49.45,74.65,1.5500000000000043,-2.799999999999997,33814,39359,24600,24500,394597,362642,11743,0,0.030672266712637192,0,-1.2499999999999858,1.7999999999999972,0.40719685514699155,24700,251834,24500,362642,114.9,85.1
2026-08-03 00:00:00,2026-08-03 12:52:00,218,NIFTY,OK,24584.9,-0.19999999999708962,2073613,4674,2239542,-17858,618465,4674,1527338,-17858,-22532,124.95,0.9873978560937411,0.05624377758993144,0.1393296796456176,1.2356035828476077,0,0,24600,53028687.65,24400,6784851.649999999,0,0,1785741771601,2026-08-04 00:00:00,24600,17,4674,-17858,2068939,2257400,0.0022591289545027668,-0.00791087091344024,-13184,52894571,480123,4258800,50,74.95,0.5499999999999972,0.29999999999999716,69255,54817,24600,24500,396405,361923,13551,0,0.035394693538529046,0,0.8499999999999943,2.6499999999999915,0.8256893343394773,24700,252610,24500,361923,115.1,84.9
2026-08-03 00:00:00,2026-08-03 12:53:00,219,NIFTY,OK,24588.35,3.4499999999970896,2079894,6281,2256576,17034,624746,6281,1544372,17034,10753,123.1,0.8227599868095479,0.0637231023292863,0.13643275343925385,-0.6073366060708889,0,0,24600,54987932.599999994,24400,7058822.100000001,0,0,1785741830647,2026-08-04 00:00:00,24600,17,6281,17034,2073613,2239542,0.0030290126460434034,0.007606019445047246,23315,53164114,269543,3567874,52.15,70.95,2.1499999999999986,-4,37217,30438,24600,24500,396436,362834,11362,0,0.029506017025299033,0,-1.8500000000000085,0.04999999999999716,-0.4324817963020155,24700,253601,0,0,111.65,
2026-08-03 00:00:00,2026-08-03 12:54:00,220,NIFTY,OK,24588.35,0,2079894,0,2256576,0,624746,0,1544372,0,0,123.1,0.5480462219270512,0.031363056081286346,0.13643275343925385,-0.698974434143114,0,0,24600,54987932.599999994,24400,7058822.100000001,0,0,1785741890107,2026-08-04 00:00:00,24600,17,0,0,2079894,2256576,0,0,0,53164114,0,2376586,52.15,70.95,0,0,0,0,24600,24500,396436,362834,18382,-25403,0.0486226835319822,-0.0654316821941237,0,-3.8500000000000085,-0.4715706540560022,24700,253601,0,0,111.65,
2026-08-03 00:00:00,2026-08-03 12:55:00,221,NIFTY,OK,24588.65,0.3000000000029104,2083609,3715,2251292,-5284,628461,3715,1539088,-5284,-8999,123.5,0.29849262993549336,0.014003010968084975,0.13819104499048626,0.33605763025255075,0,0,24600,54431794.8,24400,6975930,0,0,1785741950618,2026-08-04 00:00:00,24600,17,3715,-5284,2079894,2256576,0.0017861487171942417,-0.002341600726055759,-1569,53381425,217311,1293936,51.3,72.2,-0.8500000000000014,1.25,29967,28401,24600,24500,400057,361932,13019,-4616,0.033637523964055206,-0.01259316651570872,0.4000000000000057,-1.8499999999999943,-0.26280821911099134,24700,255340,24500,361932,111.35,88.65
2026-08-03 00:00:00,2026-08-03 12:56:00,222,NIFTY,OK,24587.15,-1.5,2092890,9281,2260225,8933,637742,9281,1548021,8933,-348,123.6,0.2533792468152116,0.02427585406563438,0.13612903998371573,-1.0389495095953885,0,0,24600,55057133.9,24400,7008426.8,0,0,1785742010060,2026-08-04 00:00:00,24600,17,9281,8933,2083609,2251292,0.004454290608266714,0.0039679437407497565,18214,53517437,136012,1102989,51.65,71.95,0.3500000000000014,-0.25,17925,15031,24600,24500,403029,362796,8432,154,0.021368636862419126,0.00042466123615025284,0.09999999999999432,-0.5000000000000142,-0.30446655666123246,24700,256536,0,0,112.85,
2026-08-03 00:00:00,2026-08-03 12:57:00,223,NIFTY,OK,24586.35,-0.8000000000029104,2088733,-4157,2277873,17648,633585,-4157,1565669,17648,21805,123.85,0.26287441550714674,0.04656541817925216,0.13892410361900942,0.7709805132433367,0,0,24600,55096788.599999994,24400,6840439.2,0,0,1785742069889,2026-08-04 00:00:00,24600,17,-4157,17648,2092890,2260225,-0.001986248680054852,0.00780807220520081,13491,54042440,525003,1147869,49.65,74.2,-2,2.25,61453,66193,24600,24500,399207,367349,2802,5426,0.007068528398985885,0.014992139211931819,0.25,-1.1000000000000085,-0.2563817416454838,24700,256160,0,0,113.65,
2026-08-03 00:00:00,2026-08-03 12:58:00,224,NIFTY,OK,24586.35,0,2088733,0,2277873,0,633585,0,1565669,0,0,123.85,0.20114615332823707,0.034310722897876185,0.13892410361900942,0.7203634421688772,0,0,24600,55096788.599999994,24400,6840439.2,0,0,1785742129823,2026-08-04 00:00:00,24600,17,0,0,2088733,2277873,0,0,0,54042440,0,878326,49.65,74.2,0,0,0,0,24600,24500,399207,367349,2771,4515,0.006989778930268694,0.012443707039582839,0,0.75,-0.33818476574856526,24700,256160,0,0,113.65,
2026-08-03 00:00:00,2026-08-03 12:59:00,225,NIFTY,OK,24583.85,-2.5,2099879,11146,2282577,4704,644731,11146,1570373,4704,-6442,123.64999999999999,0.29517923283200104,0.03554858110249612,0.14025837068283512,1.3697458366069772,0,0,24600,53533773.6,24400,6473741.7,0,0,1785742189892,2026-08-04 00:00:00,24600,17,11146,4704,2088733,2277873,0.005336249295625626,0.0020650844011057684,15850,54457724,415284,1293610,46.55,77.1,-3.1000000000000014,2.8999999999999915,51139,49223,24600,24500,402228,369722,5792,6888,0.014610176674166827,0.018983887948758937,-0.20000000000000284,0.5499999999999972,-0.36645156141510626,24700,257629,0,0,116.15,
2026-08-03 00:00:00,2026-08-03 13:00:00,226,NIFTY,OK,24583.85,0,2099879,0,2282577,0,644731,0,1570373,0,0,123.64999999999999,0.24559265398215066,0.044183818808713936,0.14025837068283512,1.2693200216980478,0,0,24600,53533773.6,24400,6473741.7,0,0,1785742249595,2026-08-04 00:00:00,24600,17,0,0,2099879,2282577,0,0,0,54457724,0,1076299,46.55,77.1,0,0,0,0,24600,24500,402228,369722,2171,7790,0.005426726691446469,0.021523380082446426,0,0.14999999999999147,-0.16898074050906672,24700,257629,0,0,116.15,
2026-08-03 00:00:00,2026-08-03 13:01:00,227,NIFTY,OK,24579.7,-4.149999999997817,2095105,-4774,2281292,-1285,639957,-4774,1569088,-1285,3489,124.2,0.30774104817273207,0.01728694079360141,0.1400069292617955,0.98483007242942,0,0,24600,52629545.800000004,24400,6334677.05,0,0,1785742310155,2026-08-04 00:00:00,24600,17,-4774,-1285,2099879,2282577,-0.002273464328182719,-0.0005629601980568454,-6059,54864234,406510,1346797,45.2,79,-1.3499999999999943,1.9000000000000057,51621,56263,24600,24500,399953,367722,-3076,4926,-0.007632205126678229,0.013577878477160719,0.5500000000000114,0.6000000000000085,0.8902336941736784,24700,257225,0,0,120.3,
2026-08-03 00:00:00,2026-08-03 13:02:00,228,NIFTY,OK,24579.25,-0.4500000000007276,2104487,9382,2280633,-659,649339,9382,1568429,-659,-10041,123.1,0.2661008136607436,0.01586618721312487,0.13649645525962825,-1.0552921509854511,0,0,24600,52681692.699999996,24400,6238864.95,0,0,1785742370415,2026-08-04 00:00:00,24600,17,9382,-659,2095105,2281292,0.004478057185678045,-0.0002888713939294049,8723,55209324,345090,1166884,45.4,77.7,0.19999999999999574,-1.2999999999999972,38256,44306,24600,24500,404397,369723,5190,2374,0.013000774034523443,0.006462519293641741,-1.1000000000000085,-0.75,-1.309484167311993,24700,257607,0,0,120.75,
2026-08-03 00:00:00,2026-08-03 13:03:00,229,NIFTY,OK,24578.15,-1.0999999999985448,2116960,12473,2280040,-593,661812,12473,1567836,-593,-13066,123.55000000000001,0.30536934273368205,0.022636327007564558,0.13588354206289543,-1.344156618155642,0,0,24600,52377755,24400,6312051.9,0,0,1785742430225,2026-08-04 00:00:00,24600,17,12473,-593,2104487,2280633,0.00592686008514189,-0.0002600155307758855,11880,55385149,175825,1342709,46.15,77.4,0.75,-0.29999999999999716,21621,18634,24600,24500,407540,370333,8333,2984,0.02087388247200074,0.00812306553168785,0.45000000000001705,-0.29999999999998295,-0.17372993494734357,24700,257868,0,0,121.85,
2026-08-03 00:00:00,2026-08-03 13:04:00,230,NIFTY,OK,24578.15,0,2118245,1285,2279840,-200,663097,1285,1567636,-200,-1485,124,0.2469454319323069,0.01439019157765446,0.13840594450360935,0.03665657876967991,0,0,24600,51752601.15,24400,6134580.9,0,0,1785742489893,2026-08-04 00:00:00,24600,17,1285,-200,2116960,2280040,0.000607002494142544,-0.00008771775933755548,1085,55543811,158662,1086087,44.75,79.25,-1.3999999999999986,1.8499999999999943,17423,18391,24600,24500,407540,370157,5312,435,0.013206440128484343,0.0011765596853852353,0.44999999999998863,0.3500000000000085,1.0636479276318584,24700,257868,0,0,121.85,
2026-08-03 00:00:00,2026-08-03 13:05:00,231,NIFTY,OK,24581.05,2.899999999997817,2136798,18553,2284483,4643,681650,18553,1572279,4643,-13910,123,0.28524267061966885,0.030785687212660312,0.13807350986239275,-0.16531849119151962,0,0,24600,52203227.199999996,24400,6295976.100000001,0,0,1785742550190,2026-08-04 00:00:00,24600,17,18553,4643,2118245,2279840,0.008758665782286752,0.002036546424310478,23196,55718862,175051,1261138,45.8,77.2,1.0499999999999972,-2.049999999999997,17521,16625,24600,24500,411620,370477,9392,755,0.023349940829579245,0.0020420748562433397,-1,-0.6499999999999915,-1.8300173699066051,24700,260189,0,0,118.95,
2026-08-03 00:00:00,2026-08-03 13:06:00,232,NIFTY,OK,24578.35,-2.7000000000007276,2136798,0,2284474,-9,681650,0,1572270,-9,-9,122.65,0.22895967495327135,0.04433005068690587,0.13349223840551833,-2.2058079059899187,0,0,24600,52590042.35,24400,6390430.5,0,0,1785742611402,2026-08-04 00:00:00,24600,17,0,-9,2136798,2284483,0,-0.000003939622225247463,-9,55876527,157665,1012293,46.6,76.05,0.8000000000000043,-1.1500000000000057,22670,16642,24600,24500,411620,370477,11667,2755,0.02917092758399112,0.007492072815877212,-0.3499999999999943,-1.5499999999999972,-1.9455196552520129,24700,260189,0,0,121.65,
2026-08-03 00:00:00,2026-08-03 13:07:00,233,NIFTY,OK,24577.45,-0.8999999999978172,2143500,6702,2277631,-6843,688352,6702,1565427,-6843,-13545,123.35,0.21458129152924896,0.037958578758964974,0.13684790155378482,-0.4877777542490731,0,0,24600,51159611.300000004,24400,6207254.600000001,0,0,1785742669852,2026-08-04 00:00:00,24600,17,6702,-6843,2136798,2284474,0.0031364686788362774,-0.0029954378994902107,-141,56158016,281489,948692,44.6,78.75,-2,2.700000000000003,36666,31649,24600,24500,412570,367469,8173,-2254,0.020210337861062272,-0.0060964559954344195,0.6999999999999886,0.25,-0.3300891361017592,24700,262033,0,0,122.55,
2026-08-03 00:00:00,2026-08-03 13:08:00,234,NIFTY,OK,24579.4,1.9500000000007276,2148445,4945,2280642,3011,693297,4945,1568438,3011,-1934,122.80000000000001,0.2017343529264609,0.03591162385184538,0.13689186763210037,-0.3717271836746377,0,0,24600,51744921.599999994,24400,6325796.95,0,0,1785742731883,2026-08-04 00:00:00,24600,17,4945,3011,2143500,2277631,0.0023069745742943784,0.0013219876266173055,7956,56278648,120632,893499,45.6,77.2,1,-1.5499999999999972,14064,12075,24600,24500,415301,367853,7761,-2480,0.019043529469499925,-0.006696675694577583,-0.549999999999983,-0.75,-1.2347029334361064,24700,263789,0,0,120.6,
2026-08-03 00:00:00,2026-08-03 13:09:00,235,NIFTY,OK,24582.85,3.4499999999970896,2147509,-936,2265129,-15513,692361,-936,1552925,-15513,-14577,122.2,0.20539708899755657,0.01605683499513981,0.13588586786973988,-0.6923886534562288,0,0,24600,51242484,24400,6543979.800000001,0,0,1785742799488,2026-08-04 00:00:00,24600,17,-936,-15513,2148445,2280642,-0.0004356639336822679,-0.006802032059393802,-16449,56450154,171506,906343,47,75.2,1.3999999999999986,-2,20401,21184,24600,24500,416441,365440,8901,-4717,0.02184080090297885,-0.012743241381359802,-0.6000000000000085,-1.7999999999999972,-1.7811967523279388,24700,263658,0,0,117.15,
2026-08-03 00:00:00,2026-08-03 13:10:00,236,NIFTY,OK,24581.8,-1.0499999999992724,2147782,273,2261438,-3691,692634,273,1549234,-3691,-3964,122.35,0.2165956790543452,0.012629081336686847,0.13561517335667872,-0.6770023755846316,0,0,24600,51063200.5,24400,6426586,0,0,1785742850072,2026-08-04 00:00:00,24600,17,273,-3691,2147509,2265129,0.00012712403067926606,-0.0016294877686877877,-3418,56673880,223726,955018,46.6,75.75,-0.3999999999999986,0.5499999999999972,33121,22596,24600,24500,416441,365440,4821,-5037,0.011712258879549098,-0.013595985715712446,0.14999999999999147,-0.6500000000000057,-1.224228776441635,24700,264031,0,0,118.2,
2026-08-03 00:00:00,2026-08-03 13:11:00,237,NIFTY,OK,24584,2.2000000000007276,2152742,4960,2260552,-886,697594,4960,1548348,-886,-5846,121.80000000000001,0.22277351112343752,0.008114609450092304,0.13613665282212564,-0.18152350656695557,0,0,24600,51188928.5,24400,6544636.2,0,0,1785742910045,2026-08-04 00:00:00,24600,17,4960,-886,2147782,2261438,0.0023093591435257394,-0.00039178611131501285,4074,56859692,185812,983165,47.15,74.65,0.5499999999999972,-1.0999999999999943,24671,18262,24600,24500,417299,363602,5679,-6875,0.013796705699431514,-0.018557157394386157,-0.549999999999983,-0.8499999999999943,-1.717100102021991,24700,264241,0,0,116,
2026-08-03 00:00:00,2026-08-03 13:12:00,238,NIFTY,OK,24577.95,-6.049999999999272,2159172,6430,2254657,-5895,704024,6430,1542453,-5895,-12325,123.25,0.21540277160714655,0.007680244354199996,0.13736171639289393,0.6757522601502685,0,0,24600,49703747.6,24400,6226787.7,0,0,1785742969889,2026-08-04 00:00:00,24600,17,6430,-5895,2152742,2260552,0.002986888349834769,-0.0026077701375593217,535,57108767,249075,950751,44.25,79,-2.8999999999999986,4.349999999999994,34424,27731,24600,24500,418845,363863,6275,-3606,0.015209540199238918,-0.009813072667354253,1.4499999999999886,-0.09999999999999432,0.5583631751281488,24700,265177,0,0,122.05,
2026-08-03 00:00:00,2026-08-03 13:13:00,239,NIFTY,OK,24577.9,-0.049999999999272404,2162105,2933,2267177,12520,706957,2933,1554973,12520,9587,122.80000000000001,0.2281094317318247,0.00019300032364669658,0.13560479041916307,-0.6125273249470258,0,0,24600,50671983,24400,6323083.2,0,0,1785743030012,2026-08-04 00:00:00,24600,17,2933,12520,2159172,2254657,0.0013583910869537027,0.0055529510697192525,15453,57289009,180242,1010361,44.9,77.9,0.6499999999999986,-1.0999999999999943,21132,20248,24600,24500,419915,365987,4614,-1866,0.011110014182484512,-0.005072678488417928,-0.44999999999998863,0,-0.0334918645582293,24700,266418,0,0,122.1,
2026-08-03 00:00:00,2026-08-03 13:14:00,240,NIFTY,OK,24578.3,0.3999999999978172,2168521,6416,2266407,-770,713373,6416,1554203,-770,-7186,122.55,0.2166966408473824,0.02319376837864217,0.1352705050626079,-0.699358327912262,0,0,24600,50743446.6,24400,6338681.25,0,0,1785743091111,2026-08-04 00:00:00,24600,17,6416,-770,2162105,2267177,0.0029674784527115934,-0.0003396294157888864,5646,57411188,122179,961034,45.25,77.3,0.3500000000000014,-0.6000000000000085,17229,13044,24600,24500,421268,366278,4827,838,0.01159107772769732,0.0022931260945709283,-0.2500000000000142,0.3499999999999943,-0.2770093730477237,24700,267267,0,0,121.7,
2026-08-03 00:00:00,2026-08-03 13:15:00,241,NIFTY,OK,24578.3,0,2168521,0,2266407,0,713373,0,1554203,0,0,122.55,0.1662502750890206,0.03486738242362757,0.1352705050626079,-0.5459443867569485,0,0,24600,50743446.6,24400,6338681.25,0,0,1785743149741,2026-08-04 00:00:00,24600,17,0,0,2168521,2266407,0,0,0,57411188,0,737308,45.25,77.3,0,0,0,0,24600,24500,421268,366278,4827,838,0.01159107772769732,0.0022931260945709283,0,0.20000000000000284,-0.18228958053990715,24700,267267,0,0,121.7,
2026-08-03 00:00:00,2026-08-03 13:16:00,242,NIFTY,OK,24583.95,5.650000000001455,2173377,4856,2270946,4539,718229,4856,1558742,4539,-317,121.65,0.1851037829608694,0.03771784489601428,0.13825737104425717,2.062359685183323,0,0,24600,51116480.199999996,24400,6475480.199999999,0,0,1785743209809,2026-08-04 00:00:00,24600,17,4856,4539,2168521,2266407,0.002239314260733468,0.002002729430327386,9395,57682353,271165,822661,45.95,75.7,0.7000000000000028,-1.5999999999999943,38476,26218,24600,24500,419760,367669,2461,4067,0.005897450029834723,0.011185307011512588,-0.8999999999999915,-0.15000000000000568,-1.6672169467263516,24700,268400,0,0,116.05,
2026-08-03 00:00:00,2026-08-03 13:17:00,243,NIFTY,OK,24581.85,-2.100000000002183,2172505,-872,2252878,-18068,717357,-872,1540674,-18068,-17196,120.80000000000001,0.2051876639829818,0.012724193146952648,0.13191596820548446,-2.4452224430368035,0,0,24600,51222592.5,24400,6751929.75,0,0,1785743270650,2026-08-04 00:00:00,24600,17,-872,-18068,2173377,2270946,-0.0004012189325643917,-0.007956155716604445,-18940,58016801,334448,908034,47.15,73.65,1.1999999999999957,-2.049999999999997,50671,38008,24600,24500,417619,363901,-1226,38,-0.0029270971361720923,0.00010443491094175555,-0.8499999999999943,-2.4499999999999886,-2.209567364505757,24700,270532,0,0,118.15,
2026-08-03 00:00:00,2026-08-03 13:18:00,244,NIFTY,OK,24584.6,2.75,2171527,-978,2255293,2415,716379,-978,1543089,2415,3393,120.1,0.19476147663559848,0.0028555720770981263,0.1318334557805091,-1.793184870341426,0,0,24600,51674319.300000004,24400,6841135.2,0,0,1785743330003,2026-08-04 00:00:00,24600,17,-978,2415,2172505,2252878,-0.0004501715761298593,0.0010719621746051052,1437,58151183,134382,862174,47.85,72.25,0.7000000000000028,-1.4000000000000057,17996,13820,24600,24500,417619,363974,-2296,-2013,-0.005467773239822345,-0.0055001953621303485,-0.700000000000017,-2.700000000000017,-2.106001167578132,24700,270532,0,0,115.4,
2026-08-03 00:00:00,2026-08-03 13:19:00,245,NIFTY,OK,24584.6,0,2171527,0,2255293,0,716379,0,1543089,0,0,120.1,0.16716175493921145,0.010956830789397225,0.1318334557805091,-1.4063527641711355,0,0,24600,51674319.300000004,24400,6841135.2,0,0,1785743390329,2026-08-04 00:00:00,24600,17,0,0,2171527,2255293,0,0,0,58151183,0,739995,47.85,72.25,0,0,0,0,24600,24500,417619,363974,-3649,-2304,-0.008661944415431506,-0.006290304085967489,0,-2.450000000000003,-1.5922513621515701,24700,270532,0,0,115.4,
2026-08-03 00:00:00,2026-08-03 13:20:00,246,NIFTY,OK,24584.2,-0.3999999999978172,2177528,6001,2253559,-1734,722380,6001,1541355,-1734,-7735,120,0.2447058701397648,0.0035423351006582046,0.13117817997660827,-1.3500813511079515,0,0,24600,51808117.3,24400,6923755.800000001,0,0,1785743450271,2026-08-04 00:00:00,24600,17,6001,-1734,2171527,2255293,0.002763493154816864,-0.000768857971004211,4267,58495501,344318,1084313,47.3,72.7,-0.5500000000000043,0.45000000000000284,46481,35290,24600,24500,422148,363294,880,-2984,0.0020889315115318516,-0.008146817444673172,-0.09999999999999432,-2.549999999999997,-1.3330898955022952,24700,270957,0,0,115.8,
2026-08-03 00:00:00,2026-08-03 13:21:00,247,NIFTY,OK,24582.5,-1.7000000000007276,2180698,3170,2258324,4765,725550,3170,1546120,4765,1595,120.75,0.24975816745220006,0.004781352993915297,0.13640571833932497,0.778986310924446,0,0,24600,51077894,24400,6576672.199999999,0,0,1785743510112,2026-08-04 00:00:00,24600,17,3170,4765,2177528,2253559,0.0014557792138608552,0.002114433214306792,7935,58791035,295534,1108682,44.75,76,-2.549999999999997,3.299999999999997,42940,29676,24600,24500,421897,363983,2137,-3686,0.005091004383457214,-0.010025321688801611,0.75,-0.9000000000000057,-0.5919929689006864,24700,270783,0,0,117.5,
2026-08-03 00:00:00,2026-08-03 13:22:00,248,NIFTY,OK,24584.25,1.75,2175807,-4891,2269801,11477,720659,-4891,1557597,11477,16368,120.05000000000001,0.2017798240420658,0.022546525549756197,0.1351917887432537,0.40126244961386426,0,0,24600,51843591,24400,6651397.2,0,0,1785743570824,2026-08-04 00:00:00,24600,17,-4891,11477,2180698,2258324,-0.0022428598549638695,0.005082087424125148,6586,58913835,122800,897034,45.4,74.65,0.6499999999999986,-1.3499999999999943,14768,14715,24600,24500,421366,367647,3747,3746,0.008972292927285396,0.010294008535288444,-0.6999999999999886,-0.75,-0.9941897914631816,24700,270322,0,0,115.75,
2026-08-03 00:00:00,2026-08-03 13:23:00,249,NIFTY,OK,24584.25,0,2175807,0,2269801,0,720659,0,1557597,0,0,120.05000000000001,0.17155178774196916,0.024635089136329544,0.1351917887432537,0.4232157417467154,0,0,24600,51843591,24400,6651397.2,0,0,1785743629779,2026-08-04 00:00:00,24600,17,0,0,2175807,2269801,0,0,0,58913835,0,762652,45.4,74.65,0,0,0,0,24600,24500,421366,367647,3747,3673,0.008972292927285396,0.01009138015352745,0,-0.04999999999998295,-0.8284738179545923,24700,270322,0,0,115.75,
2026-08-03 00:00:00,2026-08-03 13:24:00,250,NIFTY,OK,24582.4,-1.8499999999985448,2180227,4420,2278166,8365,725079,4420,1565962,8365,3945,118.8,0.2331564310279511,0.0303731687162038,0.1275148357215234,-1.9904103244078781,0,0,24600,53218579.5,24400,7013921.1,0,0,1785743689745,2026-08-04 00:00:00,24600,17,4420,8365,2175807,2269801,0.0020314301774008447,0.0036853451029407423,12785,59190686,276851,1039503,47.5,71.3,2.1000000000000014,-3.3500000000000085,36782,30617,24600,24500,421215,369742,3596,5768,0.008610719339876777,0.015847285795139214,-1.2500000000000142,-1.2999999999999972,-1.7251228494458302,24700,272709,0,0,117.6,
2026-08-03 00:00:00,2026-08-03 13:25:00,251,NIFTY,OK,24585.65,3.25,2177485,-2742,2277533,-633,722337,-2742,1565329,-633,2109,118.25,0.1918434448525236,0.02800041185679552,0.1285840184467557,-1.2968871938332267,0,0,24600,53520860.15,24400,7132011.25,0,0,1785743750569,2026-08-04 00:00:00,24600,17,-2742,-633,2180227,2278166,-0.0012576672062129311,-0.0002778550816753476,-3375,59350167,159481,854666,47.5,70.75,0,-0.5499999999999972,20416,18515,24600,24500,419895,368950,-2253,5656,-0.005336990818385969,0.015568657891404757,-0.5499999999999972,-1.75,-1.966813325107984,24700,272874,0,0,114.35,
2026-08-03 00:00:00,2026-08-03 13:26:00,252,NIFTY,OK,24587.2,1.5499999999992724,2171678,-5807,2269581,-7952,716530,-5807,1557377,-7952,-2145,117.95,0.19488415334480605,0.002584540588378695,0.12691066832610387,-1.5234199032384161,0,0,24600,54069692.4,24400,7389077.149999999,0,0,1785743811198,2026-08-04 00:00:00,24600,17,-5807,-7952,2177485,2277533,-0.0026668381182878413,-0.0034914971594264496,-13759,59656566,306399,865531,50.25,67.7,2.75,-3.049999999999997,42950,37181,24600,24500,418078,366584,-3819,2601,-0.009051972400846653,0.007145938134473314,-0.29999999999999716,-2.799999999999997,-1.8349517436011697,24700,272874,0,0,112.8,
2026-08-03 00:00:00,2026-08-03 13:27:00,253,NIFTY,OK,24587.2,0,2171678,0,2269581,0,716530,0,1557377,0,0,117.95,0.16723433602949073,0.005855417371834487,0.12691066832610387,-1.2411243165273533,0,0,24600,54069692.4,24400,7389077.149999999,0,0,1785743870124,2026-08-04 00:00:00,24600,17,0,0,2171678,2269581,0,0,0,59656566,0,742731,50.25,67.7,0,0,0,0,24600,24500,418078,366584,-3288,-1063,-0.007803192474001225,-0.002891360462617674,0,-2.1000000000000085,-1.4576729778516082,24700,272874,0,0,112.8,
2026-08-03 00:00:00,2026-08-03 13:28:00,254,NIFTY,OK,24587.85,0.6499999999978172,2165040,-6638,2268757,-824,709892,-6638,1556553,-824,5814,117.69999999999999,0.20396468309216684,0.013060382290692197,0.12697549001825753,-1.018236789923659,0,0,24600,54547976.00000001,24400,7410992.4,0,0,1785743929760,2026-08-04 00:00:00,24600,17,-6638,-824,2171678,2269581,-0.003056622574801605,-0.00036306260935388515,-7462,59818173,161607,904338,50.1,67.6,-0.14999999999999858,-0.10000000000000853,24383,14056,24600,24500,418195,366136,-3171,-1511,-0.00752552412866724,-0.004109920657587305,-0.2500000000000142,-2.3500000000000227,-1.348675843028048,24700,273380,0,0,112.15,
2026-08-03 00:00:00,2026-08-03 13:29:00,255,NIFTY,OK,24589.2,1.3500000000021828,2178286,13246,2275814,7057,723138,13246,1563610,7057,-6189,117.80000000000001,0.24044004400440044,0.004008612962022291,0.12801932367149796,-0.6156117913363549,0,0,24600,54997818.4,24400,7622579.25,0,0,1785743990652,2026-08-04 00:00:00,24600,17,13246,7057,2165040,2268757,0.00611813176661863,0.003110513818800339,20303,60261630,443457,1070944,51.1,66.7,1,-0.8999999999999915,68018,40041,24600,24500,422772,368240,1557,-1502,0.003696449556639721,-0.004062292084750989,0.10000000000002274,-0.9999999999999858,-1.0249037868470772,24700,274705,0,0,110.8,
2026-08-03 00:00:00,2026-08-03 13:30:00,256,NIFTY,OK,24587.45,-1.75,2171357,-6929,2277601,1787,716209,-6929,1565397,1787,8716,117.35,0.2532790824278404,0.00537792813100136,0.1261445418808592,-0.9409236577920908,0,0,24600,55169004.6,24400,7581030.6,0,0,1785744050274,2026-08-04 00:00:00,24600,17,-6929,1787,2178286,2275814,-0.003180941345626791,0.0007852135543590118,-5142,60476995,215365,1126828,50.35,67,-0.75,0.29999999999999716,34946,19287,24600,24500,419327,368062,-568,-888,-0.0013527191321639933,-0.0024068301937931968,-0.45000000000001705,-0.9000000000000057,-1.162068481181721,24700,274705,0,0,112.55,
2026-08-03 00:00:00,2026-08-03 13:31:00,257,NIFTY,OK,24587.55,0.09999999999854481,2171382,25,2291042,13441,716234,25,1578838,13441,13416,117.5,0.21488298736292202,0.022072189041807324,0.12606607551141333,-0.8132630288991503,0,0,24600,55644468,24400,7481690.25,0,0,1785744112092,2026-08-04 00:00:00,24600,17,25,13441,2171357,2277601,0.000011513537386988874,0.005901384834305921,13466,60615465,138470,958899,49.5,68,-0.8500000000000014,1,19318,12924,24600,24500,420153,370983,2075,4399,0.004963188687278451,0.011999978176898064,0.15000000000000568,-0.45000000000000284,-0.8975363013614799,24700,276392,0,0,112.45,
2026-08-03 00:00:00,2026-08-03 13:32:00,258,NIFTY,OK,24588.2,0.6500000000014552,2172005,623,2294713,3671,716857,623,1582509,3671,3048,117.65,0.24380137720805298,0.023378500484852047,0.12846021806928967,0.15230649933252666,0,0,24600,55593697.5,24400,7453204,0,0,1785744169782,2026-08-04 00:00:00,24600,17,623,3671,2171382,2291042,0.00028691404828814094,0.0016023276744817423,4294,60745558,130093,1088992,49.5,68.15,0,0.15000000000000568,17840,12092,24600,24500,420153,370983,2075,4399,0.004963188687278451,0.011999978176898064,0.15000000000000568,-0.29999999999999716,-0.5942179991504505,24700,275069,0,0,111.8,
2026-08-03 00:00:00,2026-08-03 13:33:00,259,NIFTY,OK,24588.2,0,2172005,0,2294713,0,716857,0,1582509,0,0,117.65,0.2076211213692022,0.03549874108380015,0.12846021806928967,1.1757225061343282,0,0,24600,55593697.5,24400,7453204,0,0,1785744229855,2026-08-04 00:00:00,24600,17,0,0,2172005,2294713,0,0,0,60745558,0,927385,49.5,68.15,0,0,0,0,24600,24500,420153,370983,1958,4847,0.004682026327430983,0.013238250267660104,0,-0.04999999999998295,-0.5318586625662709,24700,275069,0,0,111.8,
2026-08-03 00:00:00,2026-08-03 13:34:00,260,NIFTY,OK,24595.7,7.5,2175467,3462,2301630,6917,720319,3462,1589426,6917,3455,117.5,0.16936153047387625,0.03032912714573596,0.13251774035613778,2.5912286770735347,0,0,24600,56745083.95,24400,7729449,0,0,1785744293944,2026-08-04 00:00:00,24600,17,3462,6917,2172005,2294713,0.001593918982691108,0.0030143203093371588,10379,61019878,274320,758248,51.65,65.85,2.1499999999999986,-2.3000000000000114,51119,22883,24600,24500,421165,370966,-1607,2726,-0.0038011031951027978,0.0074027807951336086,-0.15000000000000568,-0.30000000000001137,-0.9120093235758201,24700,274330,0,0,104.3,
2026-08-03 00:00:00,2026-08-03 13:35:00,261,NIFTY,OK,24595.7,0,2175467,0,2301630,0,720319,0,1589426,0,0,117.5,0.12125781505292381,0.05183253113470122,0.13251774035613778,1.8691469542358763,0,0,24600,56745083.95,24400,7729449,0,0,1785744349408,2026-08-04 00:00:00,24600,17,0,0,2175467,2301630,0,0,0,61019878,0,542883,51.65,65.85,0,0,0,0,24600,24500,421165,370966,1838,2904,0.00438321405490226,0.007889975058549919,0,0.15000000000000568,-0.8143807531137333,24700,274330,0,0,104.3,
2026-08-03 00:00:00,2026-08-03 13:36:00,262,NIFTY,OK,24600.2,4.5,2161832,-13635,2285446,-16184,706684,-13635,1573242,-16184,-2549,117.30000000000001,0.22441322534817926,0.015175926927901822,0.13140098956002141,1.1149842283640758,0,0,24600,57174716.400000006,24400,8189143.05,0,0,1785744411382,2026-08-04 00:00:00,24600,17,-13635,-16184,2175467,2301630,-0.00626761978002884,-0.007031538518354383,-29819,61613493,593615,998028,54.7,62.6,3.0500000000000043,-3.249999999999993,97641,58861,24600,24500,413564,368205,-6589,-2778,-0.015682382370231795,-0.0074882137456433314,-0.19999999999998863,-0.19999999999998863,-1.5305614605107316,24700,276709,0,0,99.8,
2026-08-03 00:00:00,2026-08-03 13:37:00,263,NIFTY,OK,24599.55,-0.6500000000014552,2149716,-12116,2280923,-4523,694568,-12116,1568719,-4523,7593,117.75,0.3030732135928926,0.026868323691845743,0.1299929838143849,0.40388804704292003,0,0,24600,57222659.800000004,24400,8293602.600000001,0,0,1785744470512,2026-08-04 00:00:00,24600,17,-12116,-4523,2161832,2285446,-0.0056045058080368875,-0.001979044790382271,-16639,62088366,474873,1342808,55.25,62.5,0.5499999999999972,-0.10000000000000142,77586,36696,24600,24500,412623,366627,-7530,-4356,-0.017922042684450665,-0.011741777925134035,0.44999999999998863,0.09999999999999432,1.136149925575998,24700,277363,0,0,100.45,
2026-08-03 00:00:00,2026-08-03 13:38:00,264,NIFTY,OK,24594.85,-4.700000000000728,2134017,-15699,2281217,294,678869,-15699,1569013,294,15993,117.30000000000001,0.3745726727054557,0.03113023981966664,0.12747377855291378,-0.7153303880935287,0,0,24600,57744405.599999994,24400,8151919.199999999,0,0,1785744529630,2026-08-04 00:00:00,24600,17,-15699,294,2149716,2280923,-0.00730282511736434,0.000128895188482908,-15405,62399384,311018,1653826,53.1,64.2,-2.1499999999999986,1.7000000000000028,51483,30832,24600,24500,407003,364302,-13150,-6681,-0.03129812235066749,-0.01800891145955475,-0.44999999999998863,-0.3499999999999943,-1.3482838780492021,24700,277794,0,0,105.15,
2026-08-03 00:00:00,2026-08-03 13:39:00,265,NIFTY,OK,24594.5,-0.3499999999985448,2131515,-2502,2282705,1488,676367,-2502,1570501,1488,3990,117.64999999999999,0.3558932268894618,0.04002378116742871,0.12948848238482386,0.10482445914227394,0,0,24600,57349601.400000006,24400,8078778,0,0,1785744590376,2026-08-04 00:00:00,24600,17,-2502,1488,2134017,2281217,-0.0011724367706536546,0.0006522834083736883,-1014,62590869,191485,1570991,52.3,65.35,-0.8000000000000043,1.1499999999999915,25571,18220,24600,24500,407003,365790,-14162,-5176,-0.03362577612099771,-0.01395276116948723,0.3499999999999801,0.14999999999999147,0.8896802485304247,24700,277794,0,0,105.5,
2026-08-03 00:00:00,2026-08-03 13:40:00,266,NIFTY,OK,24588.45,-6.049999999999272,2122019,-9496,2326829,44124,666871,-9496,1614625,44124,53620,117.5,0.4210721517120837,0.015079918389397028,0.1268329243378506,-1.148652751021823,0,0,24600,60097683.8,24400,8086175.8,0,0,1785744650301,2026-08-04 00:00:00,24600,17,-9496,44124,2131515,2282705,-0.004455047231663864,0.01932969875651913,34628,62893164,302295,1873286,51.8,65.7,-0.5,0.3500000000000085,40695,32732,24600,24500,398735,372955,-22430,1989,-0.05325703702824309,0.00536167735048495,-0.14999999999999147,0,-0.21160368475759264,24700,277901,0,0,111.55,
2026-08-03 00:00:00,2026-08-03 13:41:00,267,NIFTY,OK,24593.45,5,2122452,433,2325662,-1167,667304,433,1613458,-1167,-1600,117.3,0.3771216295265814,0.0004983665975153206,0.13177929234338834,0.9541420424398864,0,0,24600,59610989.9,24400,7935320.850000001,0,0,1785744709532,2026-08-04 00:00:00,24600,17,433,-1167,2122019,2326829,0.00020405095336092655,-0.0005015409383328126,-734,63290973,397809,1677480,50.25,67.05,-1.5499999999999972,1.3499999999999943,55136,47021,24600,24500,398735,372955,-14829,4750,-0.035856602605642655,0.01290042231908855,-0.20000000000000284,-1.4210854715202004e-14,-1.3308209261015642,24700,277901,0,0,106.55,
2026-08-03 00:00:00,2026-08-03 13:42:00,268,NIFTY,OK,24595.45,2,2089997,-32455,2338049,12387,634849,-32455,1625845,12387,44842,116.9,0.34898259864509085,0.0016779793840851452,0.12891952355039654,-0.5227870928787766,0,0,24600,61357485.300000004,24400,8424991.25,0,0,1785744770215,2026-08-04 00:00:00,24600,17,-32455,12387,2122452,2325662,-0.015291276316260627,0.005326225393027878,-20068,63633677,342704,1545311,53.4,63.5,3.1499999999999986,-3.549999999999997,49840,35790,24600,24500,387978,376092,-24645,9465,-0.059727644847718135,0.02581642923188963,-0.3999999999999915,-0.8499999999999943,-2.2911627764978464,24700,271272,0,0,104.55,
2026-08-03 00:00:00,2026-08-03 13:43:00,269,NIFTY,OK,24595.45,0,2089997,0,2338049,0,634849,0,1625845,0,0,116.9,0.27874439425426023,0.010380031321574374,0.12891952355039654,-0.5549544153397168,0,0,24600,61357485.300000004,24400,8424991.25,0,0,1785744830097,2026-08-04 00:00:00,24600,17,0,0,2089997,2338049,0,0,0,63633677,0,1234293,53.4,63.5,0,0,0,0,24600,24500,387978,376092,-19025,11790,-0.046744127193165654,0.032363259054301104,0,-0.4000000000000057,-1.7037037037037541,24700,271272,0,0,104.55,
2026-08-03 00:00:00,2026-08-03 13:44:00,270,NIFTY,OK,24595.25,-0.2000000000007276,2102590,12593,2331058,-6991,647442,12593,1618854,-6991,-19584,117.10000000000001,0.2664821384106271,0.01644367103178365,0.12852785980539289,-0.6013297116835739,0,0,24600,60688824,24400,8314814.75,0,0,1785744890514,2026-08-04 00:00:00,24600,17,12593,-6991,2089997,2338049,0.006025367500527513,-0.0029900998653150553,5602,63772357,138680,1181488,52.7,64.4,-0.6999999999999957,0.9000000000000057,26460,12159,24600,24600,392508,372659,-14495,0,-0.03561398810328179,0,0.20000000000000284,-0.549999999999983,-0.7974993769537583,24700,272286,0,0,104.75,
2026-08-03 00:00:00,2026-08-03 13:45:00,271,NIFTY,OK,24599.15,3.900000000001455,2114990,12400,2349046,17988,659842,12400,1636842,17988,5588,117.2,0.27070346206885426,0.012568373840437592,0.13263333413885742,1.7077700870977115,0,0,24600,62223857.300000004,24400,8448444.25,0,0,1785744950411,2026-08-04 00:00:00,24600,17,12400,17988,2102590,2331058,0.0058974883358144,0.0077166677105417365,30388,64101594,329237,1208430,53.95,63.25,1.25,-1.1500000000000057,52673,27955,24600,24600,398641,379278,-94,0,-0.00023574554528697005,0,0.09999999999999432,-0.29999999999999716,-0.33219606173646726,24700,273621,0,0,100.85,
2026-08-03 00:00:00,2026-08-03 13:46:00,272,NIFTY,OK,24599.15,0,2114990,0,2349046,0,659842,0,1636842,0,0,117.2,0.18158926137692438,0.019641731462668743,0.13263333413885742,1.505846586592727,0,0,24600,62223857.300000004,24400,8448444.25,0,0,1785745009650,2026-08-04 00:00:00,24600,17,0,0,2114990,2349046,0,0,0,64101594,0,810621,53.95,63.25,0,0,0,0,24600,24600,398641,379278,-94,0,-0.00023574554528697005,0,0,-0.09999999999999432,-0.29388734334825545,24700,273621,0,0,100.85,
2026-08-03 00:00:00,2026-08-03 13:47:00,273,NIFTY,OK,24592.55,-6.600000000002183,2126075,11085,2350625,1579,670927,11085,1638421,1579,-9506,116.7,0.18096343288583108,0.06005784335387764,0.12935449889207656,-0.15593918334319457,0,0,24600,60991850.199999996,24400,7957429.7,0,0,1785745070043,2026-08-04 00:00:00,24600,17,11085,1579,2114990,2349046,0.005241159532669185,0.0006721877732492255,12664,64443796,342202,810119,50,66.7,-3.950000000000003,3.450000000000003,59503,33447,24600,24600,402542,379502,14564,0,0.03753821092948569,0,-0.5,-0.20000000000000284,-1.738807230909927,24700,276034,0,0,107.45,
2026-08-03 00:00:00,2026-08-03 13:48:00,274,NIFTY,OK,24593.2,0.6500000000014552,2122950,-3125,2356052,5427,667802,-3125,1643848,5427,8552,116.65,0.21418610663714818,0.053115683699209874,0.12909984981347894,-0.39744659455548426,0,0,24600,61284144.99999999,24400,8017947,0,0,1785745130127,2026-08-04 00:00:00,24600,17,-3125,5427,2126075,2350625,-0.0014698446668156109,0.0023087476734910926,2302,64593017,149221,959340,49.95,66.7,-0.04999999999999716,0,20114,15949,24600,24600,401731,381266,13753,0,0.0354478862203527,0,-0.04999999999999716,-0.25,-1.481560240721953,24700,276332,0,0,106.8,
2026-08-03 00:00:00,2026-08-03 13:49:00,275,NIFTY,OK,24593.5,0.2999999999992724,2123598,648,2360675,4623,668450,648,1648471,4623,3975,116.44999999999999,0.22249046835462516,0.050741299057439654,0.1294134758736046,-0.2197549303821254,0,0,24600,61578253,24400,8033968.8,0,0,1785745190435,2026-08-04 00:00:00,24600,17,648,4623,2122950,2356052,0.0003052356390871193,0.0019621808007633107,5271,64770065,177048,997708,50.15,66.3,0.19999999999999574,-0.4000000000000057,19811,16689,24600,24600,402904,382146,10396,9487,0.026486084360064,0.025457589914640463,-0.20000000000001705,-0.6500000000000199,-1.7392228912823942,24700,275340,0,0,106.5,
2026-08-03 00:00:00,2026-08-03 13:50:00,276,NIFTY,OK,24593.5,0,2123598,0,2360675,0,668450,0,1648471,0,0,116.44999999999999,0.14907009452814313,0.03027356459741709,0.1294134758736046,-0.42876892118933585,0,0,24600,61578253,24400,8033968.8,0,0,1785745249713,2026-08-04 00:00:00,24600,17,0,0,2123598,2360675,0,0,0,64770065,0,668471,50.15,66.3,0,0,0,0,24600,24600,402904,382146,4263,2868,0.01069383229522302,0.0075617357189185766,0,-0.7500000000000142,-1.4620300170264962,24700,275340,0,0,106.5,
2026-08-03 00:00:00,2026-08-03 13:51:00,277,NIFTY,OK,24591,-2.5,2136937,13339,2360850,175,681789,13339,1648646,175,-13164,116.15,0.22142644816217397,0.03388896196415608,0.12788089666961672,-1.1671427996239447,0,0,24600,61270073,24400,7891482.75,0,0,1785745310409,2026-08-04 00:00:00,24600,17,13339,175,2123598,2360675,0.006281320664268849,0.00007413133955330573,13514,65097523,327458,995929,49,67.15,-1.1499999999999986,0.8500000000000085,45525,35565,24600,24600,407479,382188,8838,2910,0.02217032367468474,0.0076724724344675935,-0.29999999999998295,-1.0499999999999972,-1.8517778423774869,24700,275958,0,0,109,
2026-08-03 00:00:00,2026-08-03 13:52:00,278,NIFTY,OK,24586.85,-4.150000000001455,2131699,-5238,2356993,-3857,676551,-5238,1644789,-3857,1381,116.25,0.16977284251180522,0.015736335029617167,0.12534862852569403,-1.970880210047759,0,0,24600,60597723.449999996,24400,7755826.5,0,0,1785745369489,2026-08-04 00:00:00,24600,17,-5238,-3857,2136937,2360850,-0.002451171934408923,-0.0016337336128936612,-9095,65205854,108331,762058,47.8,68.45,-1.2000000000000028,1.2999999999999972,17281,13311,24600,24600,404965,381027,2423,1525,0.006019247680987326,0.0040184241453272975,0.09999999999999432,-0.45000000000000284,-1.2465753424657786,24700,274367,0,0,113.15,
2026-08-03 00:00:00,2026-08-03 13:53:00,279,NIFTY,OK,24587.25,0.4000000000014552,2140607,8908,2358938,1945,685459,8908,1646734,1945,-6963,115.9,0.1793734699841873,0.025452887440078602,0.12662660236993237,-1.1349354851635247,0,0,24600,60702998.300000004,24400,7740551.75,0,0,1785745430925,2026-08-04 00:00:00,24600,17,8908,1945,2131699,2356993,0.004178826372766511,0.0008252039781195787,10853,65400116,194262,807099,47.65,68.25,-0.14999999999999858,-0.20000000000000284,25594,25972,24600,24600,409597,381218,7866,-48,0.019580266397166264,-0.00012589635582506702,-0.3499999999999943,-0.75,-1.6425357635570053,24700,272921,0,0,112.75,
2026-08-03 00:00:00,2026-08-03 13:54:00,280,NIFTY,OK,24584.95,-2.2999999999992724,2133348,-7259,2358565,-373,678200,-7259,1646361,-373,6886,116.55000000000001,0.16891043971688677,0.01006944490207992,0.12481372442118327,-1.5466262250672052,0,0,24600,60205620.5,24400,7695851.25,0,0,1785745490489,2026-08-04 00:00:00,24600,17,-7259,-373,2140607,2358938,-0.003391094208325022,-0.00015812200235868854,-7632,65528796,128680,758731,47.4,69.15,-0.25,0.9000000000000057,13129,14187,24600,24600,407580,380210,4676,-1936,0.011605742310823421,-0.005066126558959141,0.6500000000000057,0.10000000000002274,3.5864961853709223e-14,24700,271979,0,0,115.05,
2026-08-03 00:00:00,2026-08-03 13:55:00,281,NIFTY,OK,24584,-0.9500000000007276,2138881,5533,2348255,-10310,683733,5533,1636051,-10310,-15843,117.2,0.20120673855216334,0.0031710974899262553,0.12547192642788,-1.0905259421315427,0,0,24600,59439805.199999996,24400,7645248.949999999,0,0,1785745551272,2026-08-04 00:00:00,24600,17,5533,-10310,2133348,2358565,0.0025935759191655556,-0.004371302041707564,-4777,65672907,144111,902842,47.25,69.95,-0.14999999999999858,0.7999999999999972,13050,20103,24600,24500,409727,379052,6823,0,0.01693455512975796,0,0.6499999999999915,0.7500000000000142,1.640452011656487,24700,272371,0,0,116,
2026-08-03 00:00:00,2026-08-03 13:56:00,282,NIFTY,OK,24584,0,2138881,0,2348255,0,683733,0,1636051,0,0,117.2,0.1282296770144698,0.018511116054669575,0.12547192642788,-0.9877987166994141,0,0,24600,59439805.199999996,24400,7645248.949999999,0,0,1785745610422,2026-08-04 00:00:00,24600,17,0,0,2138881,2348255,0,0,0,65672907,0,575384,47.25,69.95,0,0,0,0,24600,24500,409727,379052,2248,0,0.005516848721038385,0,0,1.0499999999999972,1.640452011656487,24700,272371,0,0,116,
2026-08-03 00:00:00,2026-08-03 13:57:00,283,NIFTY,OK,24590.4,6.400000000001455,2135870,-3011,2337484,-10771,680722,-3011,1625280,-10771,-7760,116.30000000000001,0.17931265891320025,0.019121612608445773,0.12829425443271178,0.6361360897033568,0,0,24600,59513465.199999996,24400,7921580.8,0,0,1785745673076,2026-08-04 00:00:00,24600,17,-3011,-10771,2138881,2348255,-0.0014077454519442643,-0.004586810205876278,-13782,66007983,335076,802129,49.1,67.2,1.8500000000000014,-2.75,45724,41091,24600,24500,412451,378718,7486,0,0.018485548133789338,0,-0.8999999999999915,0.05000000000001137,-0.5259871522348548,24700,272110,0,0,109.6,
2026-08-03 00:00:00,2026-08-03 13:58:00,284,NIFTY,OK,24590.4,0,2135870,0,2337484,0,680722,0,1625280,0,0,116.30000000000001,0.13588618294013843,0.043086727853296855,0.12829425443271178,0.7121353937871157,0,0,24600,59513465.199999996,24400,7921580.8,0,0,1785745730216,2026-08-04 00:00:00,24600,17,0,0,2135870,2337484,0,0,0,66007983,0,607867,49.1,67.2,0,0,0,0,24600,24500,412451,378718,2854,0,0.00696782447137064,0,0,0.4000000000000057,-0.43664800308622215,24700,272110,0,0,109.6,
2026-08-03 00:00:00,2026-08-03 13:59:00,285,NIFTY,OK,24586.45,-3.9500000000007276,2150303,14433,2314035,-23449,695155,14433,1601831,-23449,-37882,115.89999999999999,0.1631677529792771,0.037855075806247904,0.12459568488255215,-1.2415890167408306,0,0,24600,58476564.300000004,24400,7917521.6,0,0,1785745790848,2026-08-04 00:00:00,24600,17,14433,-23449,2135870,2337484,0.006757433738944786,-0.010031726420373359,-9016,66257232,249249,728436,49.05,66.85,-0.05000000000000426,-0.3500000000000085,40251,29230,24600,24500,417500,374160,9920,0,0.02433878011678689,0,-0.4000000000000199,-0.6500000000000199,-1.1910826417135996,24700,273902,0,0,113.55,
2026-08-03 00:00:00,2026-08-03 14:00:00,286,NIFTY,OK,24588.85,2.399999999997817,2159103,8800,2319084,5049,703955,8800,1606880,5049,-3751,116.44999999999999,0.16121859136297792,0.01239530338644287,0.1276394808213857,0.8554598184416626,0,0,24600,58469484.699999996,24400,7842409.75,0,0,1785745854916,2026-08-04 00:00:00,24600,17,8800,5049,2150303,2314035,0.004092446506376078,0.0021819030394959454,13849,66394874,137642,721967,48.4,68.05,-0.6499999999999986,1.2000000000000028,22360,14541,24600,24500,421850,374912,12123,-4140,0.029587993956951823,-0.010921984318774206,0.5499999999999972,-0.7500000000000142,0.06871630625261128,24700,274291,0,0,111.15,
2026-08-03 00:00:00,2026-08-03 14:01:00,287,NIFTY,OK,24588.85,0,2159103,0,2319084,0,703955,0,1606880,0,0,116.44999999999999,0.16121859136297792,0.01239530338644287,0.1276394808213857,0.8874203724684915,0,0,24600,58469484.699999996,24400,7842409.75,0,0,1785745912045,2026-08-04 00:00:00,24600,17,0,0,2159103,2319084,0,0,0,66394874,0,721967,48.4,68.05,0,0,0,0,24600,24500,421850,374912,12123,-4140,0.029587993956951823,-0.010921984318774206,0,-0.7500000000000142,-3.3265094770095614e-14,24700,274291,0,0,111.15,
2026-08-03 00:00:00,2026-08-03 14:02:00,288,NIFTY,OK,24588.75,-0.09999999999854481,2164108,5005,2317219,-1865,708960,5005,1605015,-1865,-6870,116.19999999999999,0.13351915626777514,0.013325132908716238,0.12704391850972604,0.34038710061446764,0,0,24600,58352548.800000004,24400,7825831.75,0,0,1785745969827,2026-08-04 00:00:00,24600,17,5005,-1865,2159103,2319084,0.0023180922818411163,-0.0008041968294378298,3140,66606326,211452,598343,48.6,67.6,0.20000000000000284,-0.45000000000000284,25129,26020,24600,24500,422399,375176,9948,-3542,0.024119228708379903,-0.009352605368638406,-0.25,-0.10000000000002274,-0.5700372637538588,24700,274510,0,0,111.25,
2026-08-03 00:00:00,2026-08-03 14:03:00,289,NIFTY,OK,24585.7,-3.0499999999992724,2162841,-1267,2313849,-3370,707693,-1267,1601645,-3370,-2103,117,0.1636803084421749,0.0045527372377331295,0.12644736204641324,-0.09264657475701728,0,0,24600,57516172.8,24400,7649199.9,0,0,1785746032170,2026-08-04 00:00:00,24600,17,-1267,-3370,2164108,2317219,-0.0005854606147197829,-0.001454329521724101,-4637,66740729,134403,732746,47.2,69.8,-1.3999999999999986,2.200000000000003,22155,12389,24600,24500,422242,373036,9791,-5682,0.02373857743101605,-0.015003247799153989,0.8000000000000114,0.6999999999999886,1.067649868255416,24700,273007,0,0,114.3,
2026-08-03 00:00:00,2026-08-03 14:04:00,290,NIFTY,OK,24585.7,0,2162841,0,2313849,0,707693,0,1601645,0,0,117,0.10800323453265694,0.025547211254671694,0.12644736204641324,-0.2382874016004675,0,0,24600,57516172.8,24400,7649199.9,0,0,1785746090523,2026-08-04 00:00:00,24600,17,0,0,2162841,2313849,0,0,0,66740729,0,483497,47.2,69.8,0,0,0,0,24600,24500,422242,373036,4742,-1124,0.011358083832335329,-0.0030040624331836648,0,1.1000000000000085,0.9140618897980032,24700,273007,0,0,114.3,
2026-08-03 00:00:00,2026-08-03 14:05:00,291,NIFTY,OK,24587.55,1.8499999999985448,2163305,464,2314627,778,708157,464,1602423,778,314,116.55000000000001,0.11339140478238616,0.0005022067555671096,0.1252727537215723,-1.1747330005571344,0,0,24600,58062375,24400,7815716,0,0,1785746149837,2026-08-04 00:00:00,24600,17,464,778,2162841,2313849,0.0002145326447945087,0.00033623628853913975,1242,66902633,161904,507759,48.4,68.15,1.1999999999999957,-1.6499999999999915,23521,20379,24600,24500,421892,373525,42,-1387,0.00009956145549365888,-0.0036995348241720726,-0.44999999999998863,0.10000000000002274,0.03853444538690842,24700,273106,0,0,112.45,
2026-08-03 00:00:00,2026-08-03 14:06:00,292,NIFTY,OK,24591.5,3.9500000000007276,2156713,-6592,2313225,-1402,701565,-6592,1601021,-1402,5190,115.9,0.1742540947995252,0.010590508470224224,0.12784679716380823,0.7497531105592986,0,0,24600,58590364,24400,8051821.8,0,0,1785746211246,2026-08-04 00:00:00,24600,17,-6592,-1402,2163305,2314627,-0.003047189369968636,-0.0006057131451417442,-7994,67173779,271146,778905,49.5,66.4,1.1000000000000014,-1.75,38259,28947,24600,24500,420516,373444,-1334,-1468,-0.003162261467346213,-0.003915585524069648,-0.6500000000000057,-0.549999999999983,-1.3967286863024395,24700,270817,0,0,108.5,
2026-08-03 00:00:00,2026-08-03 14:07:00,293,NIFTY,OK,24589.8,-1.7000000000007276,2168716,12003,2316063,2838,713568,12003,1603859,2838,-9165,116.25,0.1697961036653088,0.004533170146211809,0.12474390524797191,-1.4626326775673695,0,0,24600,58976935.050000004,24400,8141170.8,0,0,1785746270316,2026-08-04 00:00:00,24600,17,12003,2838,2156713,2313225,0.005565413664219579,0.001226858606490938,14841,67367824,194045,761498,50.5,65.75,1,-0.6500000000000057,28683,22000,24600,24500,424375,373629,1976,-1547,0.0046780413779388685,-0.004123398085165362,0.3499999999999943,0.05000000000001137,-0.4128614119223999,24700,271488,0,0,110.2,
2026-08-03 00:00:00,2026-08-03 14:08:00,294,NIFTY,OK,24589.8,0,2168716,0,2316063,0,713568,0,1603859,0,0,116.25,0.13982740286645118,0.012899162008946013,0.12474390524797191,-1.2093317159636805,0,0,24600,58976935.050000004,24400,8141170.8,0,0,1785746331069,2026-08-04 00:00:00,24600,17,0,0,2168716,2316063,0,0,0,67367824,0,627095,50.5,65.75,0,0,0,0,24600,24500,424375,373629,2133,593,0.005051605477427636,0.0015896589069151503,0,-0.75,-0.3972602739725517,24700,271488,0,0,110.2,
2026-08-03 00:00:00,2026-08-03 14:09:00,295,NIFTY,OK,24587.2,-2.599999999998545,2158601,-10115,2310963,-5100,703453,-10115,1598759,-5100,5015,116.8,0.1935663075861538,0.008236655312272802,0.12634460703556616,-0.06512717695720378,0,0,24600,57906459.3,24400,7787059.699999999,0,0,1785746389777,2026-08-04 00:00:00,24600,17,-10115,-5100,2168716,2316063,-0.004664050064646546,-0.002202012639552551,-15215,67605886,238062,865157,48.5,68.3,-2,2.549999999999997,39983,23542,24600,24500,422977,373785,735,749,0.0017407079352598747,0.0020078491083970447,0.5499999999999972,-0.20000000000000284,0.9208125481181118,24700,271553,0,0,112.8,
2026-08-03 00:00:00,2026-08-03 14:10:00,296,NIFTY,OK,24587.2,0,2158601,0,2310963,0,703453,0,1598759,0,0,116.8,0.15734264013223662,0.011898989410638846,0.12634460703556616,0.055277542038591636,0,0,24600,57906459.3,24400,7787059.699999999,0,0,1785746449788,2026-08-04 00:00:00,24600,17,0,0,2158601,2310963,0,0,0,67605886,0,703253,48.5,68.3,0,0,0,0,24600,24500,422977,373785,1085,260,0.0025717482199235824,0.0006960712134395288,0,0.2499999999999858,0.7900657071763038,24700,271553,0,0,112.8,
2026-08-03 00:00:00,2026-08-03 14:11:00,297,NIFTY,OK,24585.45,-1.75,2155096,-3505,2317027,6064,699948,-3505,1604823,6064,9569,116.4,0.1415757124748134,0.0034510316768381283,0.1254129006497517,-0.6824401037853188,0,0,24600,58690269.8,24400,7841032.399999999,0,0,1785746510485,2026-08-04 00:00:00,24600,17,-3505,6064,2158601,2310963,-0.001623736855491126,0.002624014317840658,2559,67806923,201037,633144,48.6,67.8,0.10000000000000142,-0.5,24378,25657,24600,24500,421129,374082,613,638,0.001457732880556269,0.0017084221462923491,-0.3999999999999915,0.5,-0.3233029499878905,24700,272069,0,0,114.55,
2026-08-03 00:00:00,2026-08-03 14:12:00,298,NIFTY,OK,24585.45,0,2155096,0,2317027,0,699948,0,1604823,0,0,116.4,0.09818580571240997,0.028822657305072434,0.1254129006497517,-0.5357115447075838,0,0,24600,58690269.8,24400,7841032.399999999,0,0,1785746570206,2026-08-04 00:00:00,24600,17,0,0,2155096,2317027,0,0,0,67806923,0,439099,48.6,67.8,0,0,0,0,24600,24500,421129,374082,-3246,453,-0.0076488954344624445,0.0012124326537822278,0,0.15000000000000568,-0.39379358633772615,24700,272069,0,0,114.55,
2026-08-03 00:00:00,2026-08-03 14:13:00,299,NIFTY,OK,24591.9,6.450000000000728,2149140,-5956,2315715,-1312,693992,-5956,1603511,-1312,4644,116.30000000000001,0.14997777083466315,0.029753789038407835,0.12768379370057908,1.5776193631710376,0,0,24600,59370903,24400,8099700,0,0,1785746630222,2026-08-04 00:00:00,24600,17,-5956,-1312,2155096,2317027,-0.002763681989108606,-0.0005662428620814518,-7268,68037453,230530,669629,50.4,65.9,1.7999999999999972,-1.8999999999999915,32826,22837,24600,24500,417597,372313,-6778,-1316,-0.015971723122238587,-0.0035222105350494744,-0.09999999999999432,0.05000000000001137,-0.5310850045437268,24700,270553,0,0,108.1,
2026-08-03 00:00:00,2026-08-03 14:14:00,300,NIFTY,OK,24592.75,0.8499999999985448,2151416,2276,2317161,1446,696268,2276,1604957,1446,-830,116.5,0.12302708446111592,0.001795341933512322,0.13033517182859566,2.3459600716443565,0,0,24600,58773987.800000004,24400,7926518.600000001,0,0,1785746690252,2026-08-04 00:00:00,24600,17,2276,1446,2149140,2315715,0.0010590282624677778,0.000624429171983599,3722,68155642,118189,549756,49,67.5,-1.3999999999999986,1.5999999999999943,19254,10201,24600,24500,419369,372077,-3608,-1708,-0.008530014634365462,-0.004569471755153364,0.19999999999998863,-0.29999999999999716,0.33205911867976423,24700,270560,0,0,107.25,
2026-08-03 00:00:00,2026-08-03 14:15:00,301,NIFTY,OK,24590.65,-2.099999999998545,2151097,-319,2314995,-2166,695949,-319,1602791,-2166,-1847,116.35,0.1292237150511006,0.006016027723630063,0.1278094314462377,0.6830301311671234,0,0,24600,58881094.65,24400,7971123.600000001,0,0,1785746750842,2026-08-04 00:00:00,24600,17,-319,-2166,2151416,2317161,-0.00014827443878822133,-0.0009347645675030781,-2485,68183011,27369,577125,49.1,67.25,0.10000000000000142,-0.25,3523,2937,24600,24500,418991,371115,-3986,-2670,-0.009423680247389338,-0.0071431437858662065,-0.15000000000000568,-0.45000000000000284,-0.17826151440133153,24700,270116,0,0,109.35,
2026-08-03 00:00:00,2026-08-03 14:16:00,302,NIFTY,OK,24590.65,0,2151097,0,2314995,0,695949,0,1602791,0,0,116.35,0.08420964010593601,0.016036140477760523,0.1278094314462377,0.6863334003367674,0,0,24600,58881094.65,24400,7971123.600000001,0,0,1785746810360,2026-08-04 00:00:00,24600,17,0,0,2151097,2314995,0,0,0,68183011,0,376088,49.1,67.25,0,0,0,0,24600,24500,418991,371115,-2138,-2967,-0.0050768291901056445,-0.007931416106629029,0,-0.05000000000001137,-0.4653789209954652,24700,270116,0,0,109.35,
2026-08-03 00:00:00,2026-08-03 14:17:00,303,NIFTY,OK,24589.05,-1.6000000000021828,2157154,6057,2314668,-327,702006,6057,1602464,-327,-6384,116.75,0.139578677326602,0.0004822396426620269,0.12955117652754827,1.3850172289956055,0,0,24600,58381967.99999999,24400,7760545.5,0,0,1785746870455,2026-08-04 00:00:00,24600,17,6057,-327,2151097,2314995,0.0028157726034669754,-0.0001412530048661012,5730,68431094,248083,624171,48.05,68.7,-1.0500000000000043,1.4500000000000028,32026,22064,24600,24500,420806,371059,-323,-3023,-0.0007669858879345759,-0.008081115905068941,0.4000000000000057,0.3499999999999943,1.2856172587287524,24700,270266,0,0,110.95,
2026-08-03 00:00:00,2026-08-03 14:18:00,304,NIFTY,OK,24583.35,-5.700000000000728,2154965,-2189,2312493,-2175,699817,-2189,1600289,-2175,14,118.4,0.1853588774645447,0.003143404707016084,0.12936320185390682,1.0648214411828676,0,0,24600,57334178,24400,7543674.4,0,0,1785746931038,2026-08-04 00:00:00,24600,17,-2189,-2175,2157154,2314668,-0.001014762970098565,-0.0009396595969702782,-4364,68865536,434442,828083,46.4,72,-1.6499999999999986,3.299999999999997,58827,46103,24600,24500,419486,370101,1889,-2212,0.00452349992935773,-0.005941237614587726,1.6500000000000057,2.0999999999999943,2.849947271218224,24700,267486,0,0,116.65,
2026-08-03 00:00:00,2026-08-03 14:19:00,305,NIFTY,OK,24583.35,0,2154965,0,2312493,0,699817,0,1600289,0,0,118.4,0.1589033405574266,0.0015762916717143687,0.12936320185390682,0.8725589094586039,0,0,24600,57334178,24400,7543674.4,0,0,1785746990033,2026-08-04 00:00:00,24600,17,0,0,2154965,2312493,0,0,0,68865536,0,709894,46.4,72,0,0,0,0,24600,24500,419486,370101,117,-1976,0.00027899057870276535,-0.005310728693254353,0,1.9000000000000057,1.9581168385037695,24700,267486,0,0,116.65,
2026-08-03 00:00:00,2026-08-03 14:20:00,306,NIFTY,OK,24587.15,3.8000000000029104,2144802,-10163,2318488,5995,689654,-10163,1606284,5995,16158,118.80000000000001,0.2633328777650567,0.002384009270579947,0.13290009886426835,2.0224661329920015,0,0,24600,57592085.199999996,24400,7630465.6,0,0,1785747050239,2026-08-04 00:00:00,24600,17,-10163,5995,2154965,2312493,-0.004716085876104717,0.002592440279819225,-4168,69358342,492806,1175331,47.6,71.2,1.2000000000000028,-0.7999999999999972,61499,63387,24600,24500,416246,376188,-2745,5073,-0.006551453372506808,0.013669617234549937,0.4000000000000057,2.450000000000017,1.7814559504791343,24700,264734,0,0,112.85,
2026-08-03 00:00:00,2026-08-03 14:21:00,307,NIFTY,OK,24589.2,2.0499999999992724,2138489,-6313,2305821,-12667,683341,-6313,1593617,-12667,-6354,118.6,0.3020187610675223,0.016227794064510363,0.13379422037974925,1.8499699980031414,0,0,24600,57176806.5,24400,7589769,0,0,1785747110205,2026-08-04 00:00:00,24600,17,-6313,-12667,2144802,2318488,-0.0029433952411458027,-0.0054634744712933605,-18980,69525276,166934,1342265,47.3,71.3,-0.30000000000000426,0.09999999999999432,17885,21645,24600,24500,414554,372018,-4437,903,-0.010589726270970021,0.0024332080352451398,-0.20000000000001705,2.25,1.2586613872151349,24700,264092,0,0,110.8,
2026-08-03 00:00:00,2026-08-03 14:22:00,308,NIFTY,OK,24586.45,-2.75,2144332,5843,2303696,-2125,689184,5843,1591492,-2125,-7968,119.05,0.26316381101917524,0.020327022963367962,0.1336355525547982,1.5015238601959786,0,0,24600,56620066.05,24400,7528484.85,0,0,1785747170323,2026-08-04 00:00:00,24600,17,5843,-2125,2138489,2305821,0.002732303042007698,-0.0009215806430768043,3718,69601654,76378,1170560,47,72.05,-0.29999999999999716,0.75,9153,10446,24600,24500,416740,372344,-4066,1285,-0.009662409756514879,0.0034630611304401725,0.45000000000000284,2.299999999999997,1.3392323339587038,24700,267154,0,0,113.55,
2026-08-03 00:00:00,2026-08-03 14:23:00,309,NIFTY,OK,24586.45,0,2144332,0,2303696,0,689184,0,1591492,0,0,119.05,0.16549311290306626,0.026395224678652063,0.1336355525547982,1.2203205676186712,0,0,24600,56620066.05,24400,7528484.85,0,0,1785747230014,2026-08-04 00:00:00,24600,17,0,0,2144332,2303696,0,0,0,69601654,0,736118,47,72.05,0,0,0,0,24600,24500,416740,372344,-2746,2243,-0.006546106425482615,0.00606050780732827,0,0.6499999999999915,1.0967156842385766,24700,267154,0,0,113.55,
2026-08-03 00:00:00,2026-08-03 14:24:00,310,NIFTY,OK,24584.05,-2.400000000001455,2147605,3273,2311056,7360,692457,3273,1598852,7360,4087,117.55,0.22906563203616512,0.008613312497674592,0.12681641238908048,-1.4023444590062304,0,0,24600,57580674.5,24400,7605303.75,0,0,1785747290190,2026-08-04 00:00:00,24600,17,3273,7360,2144332,2303696,0.0015263494645418713,0.003194865989262472,10633,69886862,285208,1021326,47.5,70.05,0.5,-2,30434,38059,24600,24500,418485,373226,-1001,3125,-0.0023862536532804433,0.008443641060143042,-1.5,-0.8500000000000085,-0.36760043081573274,24700,266457,0,0,115.95,
2026-08-03 00:00:00,2026-08-03 14:25:00,311,NIFTY,OK,24586.25,2.2000000000007276,2139384,-8221,2306391,-4665,684236,-8221,1594187,-4665,3556,117.4,0.16469569422654093,0.023921059819721386,0.1263533971175972,-1.4261337404679468,0,0,24600,58065085,24400,7729101,0,0,1785747350609,2026-08-04 00:00:00,24600,17,-8221,-4665,2147605,2311056,-0.003827985127618906,-0.0020185577502232744,-12886,70090542,203680,732200,48.15,69.25,0.6499999999999986,-0.7999999999999972,21353,27149,24600,24500,416780,367397,534,-8791,0.0012828952110050308,-0.02336863483152041,-0.14999999999999147,-1.4000000000000057,-0.694486955827283,24700,265771,0,0,113.75,
2026-08-03 00:00:00,2026-08-03 14:26:00,312,NIFTY,OK,24588.4,2.150000000001455,2134993,-4391,2289094,-17297,679845,-4391,1576890,-17297,-12906,117.55,0.1690775972533994,0.027035590242963366,0.1296556400445603,-0.3189215536858214,0,0,24600,56838695.95,24400,7638023.7,0,0,1785747410094,2026-08-04 00:00:00,24600,17,-4391,-17297,2139384,2306391,-0.0020524599604372098,-0.007499595688675511,-21688,70273290,182748,748014,47.7,69.85,-0.44999999999999574,0.5999999999999943,17212,18122,24600,24500,414308,368143,-246,-3875,-0.0005934088200813404,-0.01041616265879608,0.14999999999999147,-1.0499999999999972,-0.8075824460081751,24700,265361,0,0,111.6,
2026-08-03 00:00:00,2026-08-03 14:27:00,313,NIFTY,OK,24588.4,0,2134993,0,2289094,0,679845,0,1576890,0,0,117.55,0.15181347021430636,0.035645796234865315,0.1296556400445603,-0.3232665317055677,0,0,24600,56838695.95,24400,7638023.7,0,0,1785747470037,2026-08-04 00:00:00,24600,17,0,0,2134993,2289094,0,0,0,70273290,0,671636,47.7,69.85,0,0,0,0,24600,24500,414308,368143,-2432,-4201,-0.005835772903968902,-0.011282577401542659,0,-1.5,-1.0912611210603442,24700,265361,0,0,111.6,
2026-08-03 00:00:00,2026-08-03 14:28:00,314,NIFTY,OK,24590.3,1.8999999999978172,2138103,3110,2288999,-95,682955,3110,1576795,-95,-3205,116.35000000000001,0.19234862896766328,0.024574098669832668,0.12709736123748774,-1.1227417107521191,0,0,24600,57958230,24400,7840092,0,0,1785747529832,2026-08-04 00:00:00,24600,17,3110,-95,2134993,2289094,0.0014566792490654536,-0.000041501135383693285,3015,70453201,179911,851547,48.95,67.4,1.25,-2.4499999999999886,22218,20118,24600,24500,416253,368143,-487,-4201,-0.001168594327398378,-0.011282577401542659,-1.1999999999999886,-2.6999999999999886,-2.0014187417545997,24700,265705,0,0,109.7,
2026-08-03 00:00:00,2026-08-03 14:29:00,315,NIFTY,OK,24590.65,0.3500000000021828,2140054,1951,2280886,-8113,684906,1951,1568682,-8113,-10064,117.5,0.1837455382791895,0.04643567622930639,0.12978625436215765,-0.1929790038245572,0,0,24600,57079845.55,24400,7807424.2,0,0,1785747590086,2026-08-04 00:00:00,24600,17,1951,-8113,2138103,2288999,0.0009124911194643102,-0.003544344056069924,-6162,70699190,245989,812328,48.55,68.95,-0.4000000000000057,1.5499999999999972,31243,22790,24600,24500,418059,366339,-426,-6887,-0.0010179576328900677,-0.018452626558707056,1.1499999999999915,-0.04999999999999716,-0.5218532822743823,24700,268111,0,0,109.35,
2026-08-03 00:00:00,2026-08-03 14:30:00,316,NIFTY,OK,24590.65,0,2140054,0,2280886,0,684906,0,1568682,0,0,117.5,0.13767388835858438,0.04080355147802999,0.12978625436215765,-0.08710829479088357,0,0,24600,57079845.55,24400,7807424.2,0,0,1785747649988,2026-08-04 00:00:00,24600,17,0,0,2140054,2280886,0,0,0,70699190,0,608648,48.55,68.95,0,0,0,0,24600,24500,418059,366339,1279,-1058,0.0030687652958395315,-0.0028797186694502134,0,0.09999999999999432,-0.38768176844091107,24700,268111,0,0,109.35,
2026-08-03 00:00:00,2026-08-03 14:31:00,317,NIFTY,OK,24589.45,-1.2000000000007276,2119410,-20644,2287071,6185,664262,-20644,1574867,6185,26829,118,0.17262731871531956,0.023145111144122554,0.12938601794307616,-0.08141672264293173,0,0,24600,57469208,24400,7972217.100000001,0,0,1785747713078,2026-08-04 00:00:00,24600,17,-20644,6185,2140054,2280886,-0.009646485555971952,0.002711665554525741,-14459,71033969,334779,760679,49.6,68.4,1.0500000000000043,-0.5499999999999972,46651,28084,24600,24500,410057,367917,-4251,-226,-0.010260482539559941,-0.0006138918844036149,0.5,0.45000000000000284,0.32911835380993076,24700,265907,0,0,110.55,
2026-08-03 00:00:00,2026-08-03 14:32:00,318,NIFTY,OK,24589.45,0,2119410,0,2287071,0,664262,0,1574867,0,0,118,0.17262731871531956,0.023145111144122554,0.12938601794307616,0.1164995910470064,0,0,24600,57469208,24400,7972217.100000001,0,0,1785747769837,2026-08-04 00:00:00,24600,17,0,0,2119410,2287071,0,0,0,71033969,0,760679,49.6,68.4,0,0,0,0,24600,24500,410057,367917,-4251,-226,-0.010260482539559941,-0.0006138918844036149,0,0.45000000000000284,0.5590551181102222,24700,265907,0,0,110.55,
2026-08-03 00:00:00,2026-08-03 14:33:00,319,NIFTY,OK,24590.85,1.3999999999978172,2116932,-2478,2283605,-3466,661784,-2478,1571401,-3466,-988,117.80000000000001,0.16711778585204487,0.03612280529991515,0.12990640644271753,0.8342100370210392,0,0,24600,57809577,24400,8105491.350000001,0,0,1785747831580,2026-08-04 00:00:00,24600,17,-2478,-3466,2119410,2287071,-0.0011691933132334,-0.0015154754705909873,-5944,71188609,154640,735408,49.9,67.9,0.29999999999999716,-0.5,22534,14288,24600,24500,408620,364400,-7633,-3743,-0.01833740537605735,-0.01016724479346341,-0.19999999999998863,1.4500000000000028,0.6380135318896908,24700,266004,0,0,109.15,
2026-08-03 00:00:00,2026-08-03 14:34:00,320,NIFTY,OK,24590.3,-0.5499999999992724,2106498,-10434,2287038,3433,651350,-10434,1574834,3433,13867,118.25,0.1374369073111043,0.04538333383015862,0.12971638159567042,0.5380704684919417,0,0,24600,57798397.95,24400,8070932,0,0,1785747890400,2026-08-04 00:00:00,24600,17,-10434,3433,2116932,2283605,-0.004928830968590394,0.0015033247869049157,-7001,71303024,114415,603834,49.5,68.75,-0.3999999999999986,0.8499999999999943,16572,9711,24600,24600,406867,364599,-11192,0,-0.02677134088729103,0,0.44999999999998863,0.75,1.3447004045816997,24700,266400,0,0,109.7,
2026-08-03 00:00:00,2026-08-03 14:35:00,321,NIFTY,OK,24592.95,2.650000000001455,2103098,-3400,2288026,988,647950,-3400,1575822,988,4388,118.4,0.16436292848937994,0.04131139000579157,0.13191252600512934,2.095447794446396,0,0,24600,58081931.05,24400,8171212.5,0,0,1785747953478,2026-08-04 00:00:00,24600,17,-3400,988,2106498,2287038,-0.001614053277050346,0.00043199981810533973,-2412,71420928,117904,721738,50.45,67.95,0.9500000000000028,-0.7999999999999972,17015,10344,24600,24600,405020,364605,-13039,0,-0.031189377575892397,0,0.15000000000000568,0.9000000000000057,1.3118937494969813,24700,265262,0,0,107.05,
2026-08-03 00:00:00,2026-08-03 14:36:00,322,NIFTY,OK,24591.55,-1.4000000000014552,2090932,-12166,2285383,-2643,635784,-12166,1573179,-2643,9523,118.65,0.1725321417676744,0.03995205647270729,0.1296358976838637,0.008278551307012882,0,0,24600,58289692.5,24400,8403106.25,0,0,1785748011716,2026-08-04 00:00:00,24600,17,-12166,-2643,2103098,2288026,-0.005784799376919192,-0.0011551442160185243,-14809,71789024,368096,755055,51.4,67.25,0.9499999999999957,-0.7000000000000028,59518,31098,24600,24500,402304,364393,-7753,-3524,-0.018907127545682672,-0.009578247267726145,0.25,0.6500000000000057,1.3955068445190952,24700,261027,0,0,108.45,
2026-08-03 00:00:00,2026-08-03 14:37:00,323,NIFTY,OK,24593.85,2.2999999999992724,2077214,-13718,2275845,-9538,622066,-13718,1563641,-9538,4180,118.45,0.18556881494140098,0.06613336106324401,0.13075072242978075,0.8889907458549359,0,0,24600,58184562.5,24400,8499225.85,0,0,1785748070426,2026-08-04 00:00:00,24600,17,-13718,-9538,2090932,2285383,-0.006560710726125957,-0.004173479893742099,-23256,71841761,52737,807792,51.7,66.75,0.30000000000000426,-0.5,8027,4665,24600,24500,399270,362883,-10787,-5034,-0.026306098908200567,-0.013682433809799492,-0.20000000000000284,0.45000000000000284,0.8866577385607596,24700,259089,0,0,106.15,
2026-08-03 00:00:00,2026-08-03 14:38:00,324,NIFTY,OK,24596.55,2.7000000000007276,2073225,-3989,2272319,-3526,618077,-3989,1560115,-3526,463,119,0.23158573472044006,0.05464512910809785,0.13231244867397618,2.0575658750718566,0,0,24600,58169998.800000004,24400,8757340.8,0,0,1785748130148,2026-08-04 00:00:00,24600,17,-3989,-3526,2077214,2275845,-0.0019203606368915287,-0.0015493146501629066,-7515,72194975,353214,1006366,53.4,65.6,1.6999999999999957,-1.1500000000000057,55093,37238,24600,24500,396833,363360,-11787,-1040,-0.028845871469825264,-0.002854006586169045,0.5499999999999972,1.1999999999999886,1.8235404580300394,24700,259497,0,0,103.45,
2026-08-03 00:00:00,2026-08-03 14:39:00,325,NIFTY,OK,24596,-0.5499999999992724,2077109,3884,2262010,-10309,621961,3884,1549806,-10309,-14193,118.6,0.25960984245880325,0.04830720173851598,0.13123140555837745,0.8095123895524312,0,0,24600,58126789.699999996,24400,8740417.4,0,0,1785748191112,2026-08-04 00:00:00,24600,17,3884,-10309,2073225,2272319,0.001873409784273294,-0.004536774986258532,-6425,72429502,234527,1126478,52.9,65.7,-0.5,0.10000000000000853,37720,16980,24600,24600,398511,360107,-8356,-4492,-0.020537423777303148,-0.012320384861176252,-0.4000000000000057,0.3499999999999943,0.7906464755658111,24700,261281,0,0,104,
2026-08-03 00:00:00,2026-08-03 14:40:00,326,NIFTY,OK,24599.15,3.150000000001455,2074925,-2184,2268204,6194,619777,-2184,1556000,6194,8378,118.8,0.2752432635549163,0.04014916970396105,0.13255153237018855,1.5848070484074055,0,0,24600,58903181.7,24400,8919189.3,0,0,1785748251615,2026-08-04 00:00:00,24600,17,-2184,6194,2077109,2262010,-0.001051461430286037,0.0027382725982643755,4010,72616345,186843,1195417,54.3,64.5,1.3999999999999986,-1.2000000000000028,28034,15575,24600,24600,397471,362239,-7549,-2366,-0.01863858574885191,-0.006489214355261173,0.20000000000000284,0.3999999999999915,1.1116770915710357,24700,261398,0,0,100.85,
2026-08-03 00:00:00,2026-08-03 14:41:00,327,NIFTY,OK,24597.65,-1.5,2064434,-10491,2266942,-1262,609286,-10491,1554738,-1262,9229,118.5,0.25649447196456737,0.040450091541296196,0.1312787043751525,0.3702637487864973,0,0,24600,58908830.25,24400,9136939.5,0,0,1785748309953,2026-08-04 00:00:00,24600,17,-10491,-1262,2074925,2268204,-0.005056086364567394,-0.0005563873443482156,-11753,72899998,283653,1110974,54.25,64.25,-0.04999999999999716,-0.25,53061,28296,24600,24600,392613,361751,-9691,0,-0.024088748806872416,0,-0.29999999999999716,-0.15000000000000568,0.16167731745507952,24700,260993,0,0,102.35,
2026-08-03 00:00:00,2026-08-03 14:42:00,328,NIFTY,OK,24594.65,-3,2055881,-8553,2264531,-2411,600733,-8553,1552327,-2411,6142,118.25,0.30929758550804876,0.02443101924503084,0.13154328307640356,0.45741343723007166,0,0,24600,58522212,24400,8738270,0,0,1785748370355,2026-08-04 00:00:00,24600,17,-8553,-2411,2064434,2266942,-0.0041430241896810455,-0.0010635472808744114,-10964,73178054,278056,1336293,51.45,66.8,-2.799999999999997,2.549999999999997,46045,28929,24600,24600,390088,364811,-9182,0,-0.02299696946928144,0,-0.25,-0.20000000000000284,-0.698853031788778,24700,259457,0,0,105.35,
2026-08-03 00:00:00,2026-08-03 14:43:00,329,NIFTY,OK,24597.15,2.5,2052527,-3354,2269635,5104,597379,-3354,1557431,5104,8458,117.95,0.28115952155425916,0.019241007984582177,0.13226821592834836,0.9705349498993121,0,0,24600,59036858.99999999,24400,8973643.35,0,0,1785748429798,2026-08-04 00:00:00,24600,17,-3354,5104,2055881,2264531,-0.0016314173826208812,0.0022538883327276158,1750,73410192,232138,1215217,52.5,65.45,1.0499999999999972,-1.3499999999999943,36490,25167,24600,24600,388050,365036,-8783,0,-0.02213273593677945,0,-0.29999999999999716,-1.0499999999999972,-1.8795083616679988,24700,259166,0,0,102.85,
2026-08-03 00:00:00,2026-08-03 14:44:00,330,NIFTY,OK,24598.3,1.1499999999978172,2056283,3756,2273308,3673,601135,3756,1561104,3673,-83,118,0.24573083231187426,0.008955611073827396,0.13439390273409058,2.1845232798245995,0,0,24600,59056142.199999996,24400,8977222.799999999,0,0,1785748489888,2026-08-04 00:00:00,24600,17,3756,3673,2052527,2269635,0.001829939386911841,0.0016183218887618493,7429,73493416,83224,1063914,52.3,65.7,-0.20000000000000284,0.25,11093,5940,24600,24600,391504,365682,-7007,5575,-0.017582952540833252,0.015481509662405897,0.04999999999999716,-0.5999999999999943,-1.4664264400456617,24700,259206,0,0,101.7,
2026-08-03 00:00:00,2026-08-03 14:45:00,331,NIFTY,OK,24596.85,-1.4500000000007276,2050025,-6258,2276317,3009,594877,-6258,1564113,3009,9267,119.35,0.24418596588064467,0.015890279734048194,0.13322131831203668,1.0265927341471157,0,0,24600,59061278.7,24400,9050089.65,0,0,1785748550032,2026-08-04 00:00:00,24600,17,-6258,3009,2056283,2273308,-0.0030433554136274042,0.0013236217881606891,-3249,73672777,179361,1056432,53.25,66.1,0.9500000000000028,0.3999999999999915,33967,15685,24600,24600,389456,366565,-8015,4326,-0.020164993169312983,0.011942391625418576,1.3499999999999943,0.5499999999999972,1.938303857949614,24700,258539,0,0,103.15,
2026-08-03 00:00:00,2026-08-03 14:46:00,332,NIFTY,OK,24597.95,1.1000000000021828,2047344,-2681,2273663,-2654,592196,-2681,1561459,-2654,27,119.5,0.22046157296204333,0.010884763640333566,0.13404188582734247,1.4505517926281652,0,0,24600,58967584.8,24400,9184713.25,0,0,1785748610126,2026-08-04 00:00:00,24600,17,-2681,-2654,2050025,2276317,-0.0013077889294033,-0.0011659184551185094,-5335,73852614,179837,952616,54.2,65.3,0.9500000000000028,-0.7999999999999972,31070,14941,24600,24600,386406,364304,-6207,2553,-0.015809461225175937,0.007057340546397937,0.15000000000000568,1,1.7220677226460697,24700,258408,0,0,102.05,
2026-08-03 00:00:00,2026-08-03 14:47:00,333,NIFTY,OK,24597.95,0,2040646,-6698,2261062,-12601,585498,-6698,1548858,-12601,-5903,119.8,0.1982098738454586,0.02193654773814536,0.1348352590338908,1.6698836652560607,0,0,24600,58225856,24400,9151879.5,0,0,1785748677563,2026-08-04 00:00:00,24600,17,-6698,-12601,2047344,2273663,-0.003271555732695629,-0.005542158182633046,-19299,74030695,178081,852641,53.8,66,-0.4000000000000057,0.7000000000000028,28563,12018,24600,24600,383775,361331,-6313,-3480,-0.016183527819363837,-0.009539186044280463,0.29999999999999716,1.5499999999999972,1.7033135892409905,24700,257234,0,0,102.05,
2026-08-03 00:00:00,2026-08-03 14:48:00,334,NIFTY,OK,24597.95,0,2040646,0,2261062,0,585498,0,1548858,0,0,119.8,0.14424572751102585,0.03296357954756061,0.1348352590338908,1.3252955116668095,0,0,24600,58225856,24400,9151879.5,0,0,1785748731031,2026-08-04 00:00:00,24600,17,0,0,2040646,2261062,0,0,0,74030695,0,620503,53.8,66,0,0,0,0,24600,24600,383775,361331,-4275,-3705,-0.011016621569385389,-0.0101496838667967,0,1.8499999999999943,1.399846390168522,24700,257234,0,0,102.05,
2026-08-03 00:00:00,2026-08-03 14:49:00,335,NIFTY,OK,24598.15,0.2000000000007276,2037912,-2734,2252096,-8966,582764,-2734,1539892,-8966,-6232,120.10000000000001,0.1638414194099405,0.056315364905296914,0.13755674683666783,2.1777106444857752,0,0,24600,57181740,24400,8995979.25,0,0,1785748789735,2026-08-04 00:00:00,24600,17,-2734,-8966,2040646,2261062,-0.0013397718173558766,-0.003965393253258867,-11700,74196297,165602,702881,52.7,67.4,-1.0999999999999943,1.4000000000000057,21892,20826,24600,24600,380810,357972,-10694,-7710,-0.027315174302178266,-0.021083892562390273,0.30000000000001137,2.1000000000000085,1.435672081464807,24700,256667,0,0,101.85,
2026-08-03 00:00:00,2026-08-03 14:50:00,336,NIFTY,OK,24598.7,0.5499999999992724,2030100,-7812,2238099,-13997,574952,-7812,1525895,-13997,-6185,120.15,0.18189826669281353,0.07489006643670995,0.13735719633843066,1.5667865004555914,0,0,24600,56639576,24400,9093824,0,0,1785748849978,2026-08-04 00:00:00,24600,17,-7812,-13997,2037912,2252096,-0.003833335296126624,-0.006215099178720623,-21809,74449155,252858,776378,53.15,67,0.44999999999999574,-0.4000000000000057,38898,25413,24600,24500,378900,354131,-10556,0,-0.027104473932870465,0,0.04999999999999716,0.8000000000000114,1.2155448353777394,24700,254599,0,0,101.3,
2026-08-03 00:00:00,2026-08-03 14:51:00,337,NIFTY,OK,24600.95,2.25,2031870,1770,2235829,-2270,576722,1770,1523625,-2270,-4040,119.5,0.17042720210586548,0.07329252665907729,0.1409310024042244,2.187576655547505,0,0,24600,56406310.800000004,24400,8991807.75,0,0,1785748910256,2026-08-04 00:00:00,24600,17,1770,-2270,2030100,2238099,0.0008718782325993793,-0.0010142536143396695,-500,74579946,130791,727332,52.4,67.1,-0.75,0.09999999999999432,18438,11208,24600,24500,378742,353808,-7664,0,-0.019834060547714062,0,-0.6500000000000057,0,0.3218965868571821,24700,254994,0,0,99.05,
2026-08-03 00:00:00,2026-08-03 14:52:00,338,NIFTY,OK,24600.95,0,2031870,0,2235829,0,576722,0,1523625,0,0,119.5,0.12869956386333714,0.06191886769436924,0.1409310024042244,1.6920029500574556,0,0,24600,56406310.800000004,24400,8991807.75,0,0,1785748970632,2026-08-04 00:00:00,24600,17,0,0,2031870,2235829,0,0,0,74579946,0,549251,52.4,67.1,0,0,0,0,24600,24500,378742,353808,-5033,0,-0.013114455084359326,0,0,-0.29999999999999716,0.18277906000453825,24700,254994,0,0,99.05,
2026-08-03 00:00:00,2026-08-03 14:53:00,339,NIFTY,OK,24593.95,-7,2035760,3890,2218013,-17816,580612,3890,1505809,-17816,-21706,119.5,0.23717979309192097,0.04751171810341666,0.13480590804069448,-0.5600041176472669,0,0,24600,55172369.85,24400,8776121.200000001,0,0,1785749029751,2026-08-04 00:00:00,24600,17,3890,-17816,2031870,2235829,0.0019144925610398303,-0.00796840903307006,-13926,75039604,459658,1008909,50.15,69.35,-2.25,2.25,65338,45518,24600,24500,379683,350156,-4092,0,-0.0106624975571624,0,0,-0.29999999999999716,-0.03518532093130188,24700,256853,0,0,106.05,
2026-08-03 00:00:00,2026-08-03 14:54:00,340,NIFTY,OK,24592.2,-1.75,2019444,-16316,2214820,-3193,564296,-16316,1502616,-3193,13123,119.35,0.27800415845587334,0.047355334058818685,0.13629001063727011,-0.07396704284044231,0,0,24600,54478224.449999996,24400,8497437.25,0,0,1785749091127,2026-08-04 00:00:00,24600,17,-16316,-3193,2035760,2218013,-0.008014697213816953,-0.0014395767743471295,-19509,75373440,333836,1177143,48.8,70.55,-1.3500000000000014,1.2000000000000028,52330,33259,24600,24500,375977,351713,-4833,0,-0.012691368398939104,0,-0.15000000000000568,-0.7500000000000142,-1.1011117341834695,24700,255684,24500,351713,107.8,92.2
2026-08-03 00:00:00,2026-08-03 14:55:00,341,NIFTY,OK,24592.2,0,2019444,0,2214820,0,564296,0,1502616,0,0,119.35,0.21828705059486134,0.036714866085677034,0.13629001063727011,-0.21241625624354216,0,0,24600,54478224.449999996,24400,8497437.25,0,0,1785749150164,2026-08-04 00:00:00,24600,17,0,0,2019444,2214820,0,0,0,75373440,0,924285,48.8,70.55,0,0,0,0,24600,24500,375977,351713,-2923,-2418,-0.0077144365267880705,-0.00682798173557243,0,-0.8000000000000114,-1.1011117341835719,24700,255684,24500,351713,107.8,92.2
2026-08-03 00:00:00,2026-08-03 14:56:00,342,NIFTY,OK,24596.15,3.9500000000007276,2001636,-17808,2206604,-8216,546488,-17808,1494400,-8216,9592,119.65,0.24181463034427694,0.058429817199841985,0.14087366322276812,1.397137175558716,0,0,24600,53966778.449999996,24400,8688573.55,0,0,1785749211104,2026-08-04 00:00:00,24600,17,-17808,-8216,2019444,2214820,-0.00881826879081569,-0.0037095565328107926,-26024,75597560,224120,1017614,49.1,70.55,0.30000000000000426,0,27345,27621,24600,24500,371787,353611,-6955,-197,-0.018363424177936433,-0.0005567991679102791,0.30000000000001137,0.15000000000000568,-0.07347183583704897,24700,251834,24500,353611,103.85,96.15
2026-08-03 00:00:00,2026-08-03 14:57:00,343,NIFTY,OK,24597.4,1.25,2000910,-726,2193526,-13078,545762,-726,1481322,-13078,-12352,119.2,0.29100098320727746,0.06002285789191249,0.13937109653414725,0.623010071983795,0,0,24600,54124645.5,24400,8921647.700000001,0,0,1785749269827,2026-08-04 00:00:00,24600,17,-726,-13078,2001636,2206604,-0.0003627033086934887,-0.005926754415382189,-13804,75800531,202971,1220585,51.05,68.15,1.9499999999999957,-2.3999999999999915,26047,20060,24600,24500,371426,353553,-7316,-255,-0.019316579624124072,-0.0007207298873965541,-0.45000000000000284,-0.29999999999999716,-1.3598841599536746,24700,251655,24500,353553,102.6,97.4
2026-08-03 00:00:00,2026-08-03 14:58:00,344,NIFTY,OK,24597.55,0.1499999999978172,2001546,636,2174734,-18792,546398,636,1462530,-18792,-19428,119.1,0.25139621864434375,0.07380981635411339,0.14082309106745275,1.036823208615838,0,0,24600,53110602.6,24400,8844515.5,0,0,1785749329711,2026-08-04 00:00:00,24600,17,636,-18792,2000910,2193526,0.0003178553758040092,-0.008567028610556702,-18156,76089505,288974,1049901,49.75,69.35,-1.2999999999999972,1.1999999999999886,40341,24661,24600,24500,371110,347906,-8573,-2250,-0.022579362257462147,-0.006425707398987879,-0.10000000000000853,-0.4000000000000057,-1.3364048263077088,24700,251299,24500,347906,102.45,97.55
2026-08-03 00:00:00,2026-08-03 14:59:00,345,NIFTY,OK,24595.6,-1.9500000000007276,1998235,-3311,2165403,-9331,543087,-3311,1453199,-9331,-6020,118.85,0.20535286689188637,0.08260205961298925,0.13808406694398545,-0.22336681137780862,0,0,24600,52850321.550000004,24400,8851947,0,0,1785749391177,2026-08-04 00:00:00,24600,17,-3311,-9331,2001546,2174734,-0.0016542212869451913,-0.004290639682830176,-12642,76228455,138950,855015,49.6,69.25,-0.14999999999999858,-0.09999999999999432,15630,12090,24600,24500,371877,346442,-4100,-5271,-0.010904922375570846,-0.014986651047871417,-0.25,-0.5,-1.7111394348673863,24700,247821,24500,346442,104.4,95.6
2026-08-03 00:00:00,2026-08-03 15:00:00,346,NIFTY,OK,24594.65,-0.9499999999970896,1997230,-1005,2163182,-2221,542082,-1005,1450978,-2221,-1216,117.5,0.2891122321539309,0.061398739302276475,0.13557144588534933,-1.197631088624014,0,0,24600,53054839.050000004,24400,8887704.1,0,0,1785749450935,2026-08-04 00:00:00,24600,17,-1005,-2221,1998235,2165403,-0.0005029438479458121,-0.0010256751283710239,-3226,76576266,347811,1202826,48.75,68.75,-0.8500000000000014,-0.5,40430,21755,24600,24500,371483,345350,-4494,-6363,-0.011952858818491556,-0.01809145524902406,-1.3499999999999943,-1.8499999999999943,-2.7830517343203147,24700,247155,24500,345350,105.35,94.65
2026-08-03 00:00:00,2026-08-03 15:01:00,347,NIFTY,OK,24591.85,-2.8000000000029104,1994345,-2885,2167210,4028,539197,-2885,1455006,4028,6913,118.5,0.28520156528028584,0.03933415453263256,0.13337689682712375,-1.6266200153634613,0,0,24600,52600898.7,24400,8906040,0,0,1785749511169,2026-08-04 00:00:00,24600,17,-2885,4028,1997230,2163182,-0.0014445006333772274,0.0018620717073274463,1143,76784442,208176,1186882,49,69.5,0.25,0.75,24129,17719,24600,24500,372306,345560,519,-8051,0.0013959605903380162,-0.022767956879169483,1,-1.1500000000000057,-0.902367157654792,24700,247240,24500,345560,108.15,91.85
2026-08-03 00:00:00,2026-08-03 15:02:00,348,NIFTY,OK,24591.85,0,1994345,0,2167210,0,539197,0,1455006,0,0,118.5,0.23642869071777256,0.03341867303038588,0.13337689682712375,-1.3226023890129996,0,0,24600,52600898.7,24400,8906040,0,0,1785749569930,2026-08-04 00:00:00,24600,17,0,0,1994345,2167210,0,0,0,76784442,0,983911,49,69.5,0,0,0,0,24600,24500,372306,345560,880,-7993,0.0023692471717111888,-0.02260764298422019,0,-0.7000000000000028,-0.738300401717566,24700,247240,24500,345560,108.15,91.85
2026-08-03 00:00:00,2026-08-03 15:03:00,349,NIFTY,OK,24589.7,-2.149999999997817,1983666,-10679,2145499,-21711,528518,-10679,1433295,-21711,-11032,119.25,0.28815462690398663,0.03959782760342164,0.1349413298565852,-0.7409974573964824,0,0,24600,50808854.800000004,24400,8713035.75,0,0,1785749631553,2026-08-04 00:00:00,24600,17,-10679,-21711,1994345,2167210,-0.0053546402452935675,-0.010017949345010406,-32390,77279343,494901,1189838,48.15,71.1,-0.8500000000000014,1.5999999999999943,49503,53122,24600,24500,372532,340451,1422,-7455,0.0038317479992455066,-0.021428201870620226,0.75,0.15000000000000568,0.5496447970568975,24700,245910,24500,340451,110.3,89.7
2026-08-03 00:00:00,2026-08-03 15:04:00,350,NIFTY,OK,24589.7,0,1983666,0,2145499,0,528518,0,1433295,0,0,119.25,0.2545037556019195,0.03280368602553269,0.1349413298565852,-0.6743128036253406,0,0,24600,50808854.800000004,24400,8713035.75,0,0,1785749689521,2026-08-04 00:00:00,24600,17,0,0,1983666,2145499,0,0,0,77279343,0,1050888,48.15,71.1,0,0,0,0,24600,24500,372532,340451,655,-5991,0.0017613350650887256,-0.017292937923231017,0,0.4000000000000057,0.5728169773370957,24700,245910,24500,340451,110.3,89.7
2026-08-03 00:00:00,2026-08-03 15:05:00,351,NIFTY,OK,24587.6,-2.100000000002183,1975458,-8208,2120339,-25160,520310,-8208,1408135,-25160,-16952,119.5,0.22236453613301635,0.07094624269840573,0.13316588982539002,-1.1280326551831745,0,0,24600,49895689.8,24400,8691392,0,0,1785749749821,2026-08-04 00:00:00,24600,17,-8208,-25160,1983666,2145499,-0.004137793358357707,-0.011726875659228926,-33368,77487026,207683,910760,47.7,71.8,-0.44999999999999574,0.7000000000000028,21093,21779,24600,24500,369924,336560,-1559,-8790,-0.004196692715413626,-0.025452439554075574,0.25,2,0.953849662945619,24700,245652,24500,336560,112.4,87.6
2026-08-03 00:00:00,2026-08-03 15:06:00,352,NIFTY,OK,24575.75,-11.849999999998545,1926629,-48829,2081218,-39121,471481,-48829,1369014,-39121,9708,119.1,0.5477444623010809,0.07001761965238083,0.12737569127484363,-2.1470983297499595,0,0,24600,46912973.85,24400,8157806,0,0,1785749809963,2026-08-04 00:00:00,24600,17,-48829,-39121,1975458,2120339,-0.0247178122744194,-0.018450351571140274,-87950,78979718,1492692,2195276,43.05,76.05,-4.650000000000006,4.25,182830,171782,24600,24500,360280,328134,-12026,-17426,-0.03230138649390555,-0.05042829031137863,-0.4000000000000057,0.5999999999999943,0.4073273970127991,24700,236978,24500,328134,124.25,75.75
2026-08-03 00:00:00,2026-08-03 15:07:00,353,NIFTY,OK,24575.75,0,1926629,0,2081218,0,471481,0,1369014,0,0,119.1,0.5477444623010809,0.07001761965238083,0.12737569127484363,-1.6494140597560754,0,0,24600,46912973.85,24400,8157806,0,0,1785749869970,2026-08-04 00:00:00,24600,17,0,0,1926629,2081218,0,0,0,78979718,0,2195276,43.05,76.05,0,0,0,0,24600,24500,360280,328134,-12026,-17426,-0.03230138649390555,-0.05042829031137863,0,0.5999999999999943,0.42938940465464315,24700,236978,24500,328134,124.25,75.75
2026-08-03 00:00:00,2026-08-03 15:08:00,354,NIFTY,OK,24565.05,-10.700000000000728,1728122,-15104,2112416,-30346,432065,-39416,1342481,-26533,-15242,119.55,0.6700983039355424,0.06480106374959298,0.12524651252828106,-1.7780538537483515,0,0,24600,43798045.199999996,24400,8074344,0,0,1785749930089,2026-08-04 00:00:00,24550,16,-15104,-30346,1737966,2076288,-0.008690618803820098,-0.014615506134023796,-45450,78946676,873163,2573538,66.55,53,-1.9500000000000028,1.1000000000000014,50256,86363,24600,24500,357527,324307,-15005,-16144,-0.04027841903514329,-0.04741945243221492,0.45000000000000284,0.29999999999999716,1.0993707795585559,24700,231194,24200,238967,134.95,365.05
2026-08-03 00:00:00,2026-08-03 15:09:00,355,NIFTY,OK,24565.05,0,1728122,0,2112416,0,432065,0,1342481,0,0,119.55,0.6700983039355424,0.06480106374959298,0.12524651252828106,-1.452036066388544,0,0,24600,43798045.199999996,24400,8074344,0,0,1785749990705,2026-08-04 00:00:00,24550,17,0,0,1728122,2112416,0,0,0,78946676,0,2573538,66.55,53,0,0,0,0,24600,24500,357527,324307,-15005,-16144,-0.04027841903514329,-0.04741945243221492,0,0.29999999999999716,0.9313029296761086,24700,231194,24200,238967,134.95,365.05
2026-08-03 00:00:00,2026-08-03 15:10:00,356,NIFTY,OK,24569.7,4.650000000001455,1716709,-11413,2091796,-20620,420652,-11413,1321861,-20620,-9207,119.1,0.7438850677628098,0.058393132586680975,0.12381772323810478,-1.4355248494937471,0,0,24600,43213450,24400,8008400.399999999,0,0,1785750049826,2026-08-04 00:00:00,24550,17,-11413,-20620,1728122,2112416,-0.006604279096036044,-0.009761334888582551,-32033,79413911,467235,2833090,66.35,52.75,-0.20000000000000284,-0.25,28860,46136,24600,24500,354518,320949,-15406,-15611,-0.041646392231917906,-0.046384002852388875,-0.45000000000000284,-0.4000000000000057,-0.11034745181362723,24700,226902,24200,238865,130.3,369.7
2026-08-03 00:00:00,2026-08-03 15:11:00,357,NIFTY,OK,24575.5,5.799999999999272,1871843,-16938,1958077,-71819,416695,-3957,1245873,-75988,-54881,120.10000000000001,0.5894987362660317,0.07363138156726239,0.12980167517088673,0.06709237056437549,0,0,24600,40669356,24400,8388498.15,0,0,1785750110187,2026-08-04 00:00:00,24600,16,-16938,-71819,1711466,2025116,-0.00989677855125372,-0.035464141313386495,-88757,81288015,917335,2257733,43.7,76.4,2.0500000000000043,-0.5,114753,87930,24600,24500,353576,303481,-6704,-24653,-0.018607749528144778,-0.07513089164792433,1.0000000000000142,1.0000000000000142,2.019017860500328,24700,225453,24500,303481,124.5,75.5
2026-08-03 00:00:00,2026-08-03 15:12:00,358,NIFTY,OK,24577.45,1.9500000000007276,1859412,-12431,1944713,-13364,404264,-12431,1232509,-13364,-933,119.89999999999999,0.7119547859231755,0.07090440173314896,0.126294969668464,-0.6396857667671882,0,0,24600,40618131.75,24400,8797044.5,0,0,1785750169928,2026-08-04 00:00:00,24600,17,-12431,-13364,1871843,1958077,-0.006641048421261826,-0.006825063570023038,-25795,81738647,450632,2708365,46.05,73.85,2.3499999999999943,-2.5500000000000114,59951,42125,24600,24500,348589,301511,-11691,-26623,-0.03244976129676918,-0.08113453650033219,-0.20000000000001705,0.7999999999999972,1.3907503268608006,24700,224372,24500,301511,122.55,77.45
2026-08-03 00:00:00,2026-08-03 15:13:00,359,NIFTY,OK,24578.35,0.8999999999978172,1840144,-19268,1903341,-41372,384996,-19268,1191137,-41372,-22104,120.25,0.575292541575564,0.09622264869179453,0.1284922928709046,0.0935689810171643,0,0,24600,39088368,24400,8928676.5,0,0,1785750230054,2026-08-04 00:00:00,24600,17,-19268,-41372,1859412,1944713,-0.010362415645376065,-0.021274090315640405,-60640,82057044,318397,2153599,46.25,74,0.20000000000000284,0.15000000000000568,40784,23267,24600,24500,345994,292186,-11533,-32121,-0.03225770361399279,-0.0990450406559217,0.3500000000000085,0.7000000000000028,1.7672849681395622,24700,222179,24500,292186,121.65,78.35
2026-08-03 00:00:00,2026-08-03 15:14:00,360,NIFTY,OK,24575,-3.349999999998545,1821557,-18587,1881239,-22102,366409,-18587,1169035,-22102,-3515,120.45,0.6489863335706315,0.10316579167263128,0.1283962490983409,0.34481838139255355,0,0,24600,38497914.800000004,24400,8892347.200000001,0,0,1785750289536,2026-08-04 00:00:00,24600,17,-18587,-22102,1840144,1903341,-0.010100839934266014,-0.01161221242016013,-40689,82306509,249465,2403064,45.95,74.5,-0.29999999999999716,0.5,30121,18047,24600,24500,341132,286441,-16395,-37866,-0.04585667655869347,-0.11675973691594693,0.20000000000000284,0.9000000000000057,1.678952011066763,24700,219184,24500,286441,125,75
2026-08-03 00:00:00,2026-08-03 15:15:00,361,NIFTY,OK,24573.35,-1.6500000000014552,1618642,-30032,1916872,-26341,322585,-43824,1146937,-22098,3691,121.45,0.5707964952196484,0.1349088406235893,0.12709291960779628,0.1050219025691438,0,0,24600,37561890.2,24400,8981239.5,0,0,1785750350105,2026-08-04 00:00:00,24550,16,-30032,-26341,1643462,1876600,-0.018273619955922315,-0.014036555472663328,-56373,81445414,82230,2018059,70.9,50.55,-0.8999999999999915,0.19999999999999574,4541,7017,24600,24500,331345,281684,-23173,-39265,-0.06536480517209281,-0.122340309519581,1,2.3500000000000085,2.2529125024903958,24700,213918,24200,234102,126.65,373.35
2026-08-03 00:00:00,2026-08-03 15:16:00,362,NIFTY,OK,24573.35,0,1618642,0,1916872,0,322585,0,1146937,0,0,121.45,0.3113335147308142,0.16670573186375512,0.12709291960779628,0.12202050113967348,0,0,24600,37561890.2,24400,8981239.5,0,0,1785750409735,2026-08-04 00:00:00,24550,17,0,0,1618642,1916872,0,0,0,81445414,0,1100724,70.9,50.55,0,0,0,0,24600,24500,331345,281684,-22231,-21797,-0.06287474262959024,-0.0718232772397613,0,1.3499999999999943,1.6955022876600145,24700,213918,24200,234102,126.65,373.35
2026-08-03 00:00:00,2026-08-03 15:17:00,363,NIFTY,OK,24573.35,0,1589371,-29271,1868599,-48273,293314,-29271,1098664,-48273,-19002,119.4,0.4491077134850794,0.15147833130822194,0.12504829518014135,-0.9052799091085082,0,0,24600,36604985.900000006,24400,9124351.25,0,0,1785750470476,2026-08-04 00:00:00,24550,17,-29271,-48273,1618642,1916872,-0.018083677551923156,-0.025183215154689517,-77544,82348323,902909,1553001,71.25,48.15,0.3499999999999943,-2.3999999999999986,43967,91190,24600,24500,323111,272475,-25478,-29036,-0.07308893854940919,-0.09630162746964456,-2.049999999999997,-0.4999999999999858,-0.9356964157616718,24700,208092,24200,234294,126.65,373.35
2026-08-03 00:00:00,2026-08-03 15:18:00,364,NIFTY,OK,24573.35,0,1578006,-11365,1828438,-40161,281949,-11365,1058503,-40161,-28796,118.15,0.42009614718457133,0.15802000511518244,0.1243822573434351,-1.1755749625908674,0,0,24600,34780099.7,24400,9117179.200000001,0,0,1785750531017,2026-08-04 00:00:00,24550,17,-11365,-40161,1589371,1868599,-0.007150627512393267,-0.021492572777786996,-51526,82544753,196430,1431034,69.15,49,-2.0999999999999943,0.8500000000000014,11118,17824,24600,24500,321633,262256,-24361,-29930,-0.07040873541159673,-0.10243475046716817,-1.25,-2.0999999999999943,-1.8995630072665741,24700,207151,24200,235230,126.65,373.35
2026-08-03 00:00:00,2026-08-03 15:19:00,365,NIFTY,OK,24573.35,0,1578006,0,1828438,0,281949,0,1058503,0,0,118.15,0.34686288692842154,0.1569463992369468,0.1243822573434351,-1.0836539063702664,0,0,24600,34780099.7,24400,9117179.200000001,0,0,1785750590756,2026-08-04 00:00:00,24550,17,0,0,1578006,1828438,0,0,0,82544753,0,1181569,69.15,49,0,0,0,0,24600,24500,321633,262256,-19499,-24185,-0.057159691849489346,-0.08443274531229816,0,-2.299999999999997,-1.5269906833322275,24700,207151,24200,235230,126.65,373.35
2026-08-03 00:00:00,2026-08-03 15:20:00,366,NIFTY,OK,24573.35,0,1562861,-15145,1822081,-6357,266804,-15145,1052146,-6357,8788,117.55,0.38742406812288066,0.11481705159645206,0.12290408106439353,-1.6786181576842876,0,0,24600,34553768.400000006,24400,8981193,0,0,1785750650312,2026-08-04 00:00:00,24550,17,-15145,-6357,1578006,1828438,-0.009597555395860345,-0.003476738068230916,-21502,82756822,212069,1311408,68,49.55,-1.1500000000000057,0.5499999999999972,16052,20973,24600,24500,316689,259053,-14656,-22631,-0.04423184294315592,-0.08034180145127164,-0.6000000000000085,-3.9000000000000057,-1.6518529743152415,24700,206130,24200,237019,126.65,373.35
2026-08-03 00:00:00,2026-08-03 15:21:00,367,NIFTY,OK,24573.35,0,1549009,-13852,1777735,-44346,252952,-13852,1007800,-44346,-30494,118.3,0.5646839672664924,0.11113305464454404,0.1234184105479621,-1.225767540499406,0,0,24600,32874338.2,24400,9442864,0,0,1785750711061,2026-08-04 00:00:00,24550,17,-13852,-44346,1562861,1822081,-0.008863232238823543,-0.024338105715388064,-58198,83323973,567151,1878559,70.35,47.95,2.3499999999999943,-1.5999999999999943,30716,64424,24600,24500,316762,248089,-14583,-33595,-0.04401152876910773,-0.11926484997372942,0.75,-3.1500000000000057,-0.8949959802626558,24700,204457,24200,240243,126.65,373.35
2026-08-03 00:00:00,2026-08-03 15:22:00,368,NIFTY,OK,24573.35,0,1546368,-2641,1772562,-5173,250311,-2641,1002627,-5173,-2532,115.15,0.3657187708086642,0.11454982101590466,0.11843849981144276,-2.262702672788682,0,0,24600,33120363,24400,9572485,0,0,1785750770583,2026-08-04 00:00:00,24550,17,-2641,-5173,1549009,1777735,-0.0017049610428344832,-0.0029098825190481147,-7814,83562118,238145,1213795,69.65,45.5,-0.6999999999999886,-2.450000000000003,13879,19674,24600,24500,315717,247285,-7394,-25190,-0.02288377678259174,-0.09244884851821268,-3.1499999999999915,-4.25,-2.0834636119315157,24700,204203,24200,240415,126.65,373.35
2026-08-03 00:00:00,2026-08-03 15:23:00,369,NIFTY,OK,24573.35,0,1546368,0,1772562,0,250311,0,1002627,0,0,115.15,0.3065340335590085,0.08602025821607781,0.11843849981144276,-1.718311292837185,0,0,24600,33120363,24400,9572485,0,0,1785750829944,2026-08-04 00:00:00,24550,17,0,0,1546368,1772562,0,0,0,83562118,0,1017365,69.65,45.5,0,0,0,0,24600,24500,315717,247285,-5916,-14971,-0.018393634981485107,-0.05708544323104142,0,-3,-1.577351698998552,24700,204203,24200,240415,126.65,373.35
2026-08-03 00:00:00,2026-08-03 15:24:00,370,NIFTY,OK,24573.35,0,1511979,-34389,1741051,-31511,215922,-34389,971116,-31511,2878,116.4,0.39317805246185866,0.11994652155556598,0.11967006001117651,-1.1124571399017948,0,0,24600,31531337.5,24400,9589799.700000001,0,0,1785750890462,2026-08-04 00:00:00,24550,17,-34389,-31511,1546368,1772562,-0.022238561584305934,-0.0177770932695161,-65900,83823773,261655,1279020,69.8,46.6,0.14999999999999147,1.1000000000000014,12151,19541,24600,24200,308172,241922,-13461,0,-0.041852048763652984,0,1.25,-1.75,-0.8104852484014728,24700,198896,24200,241922,126.65,373.35
2026-08-03 00:00:00,2026-08-03 15:25:00,371,NIFTY,OK,24573.35,0,1498913,-13066,1728283,-12768,202856,-13066,958348,-12768,298,114.4,0.439048325543289,0.1113321735202679,0.1178263201521276,-1.388867483165103,0,0,24600,30546728.8,24400,9194946.35,0,0,1785750951705,2026-08-04 00:00:00,24550,17,-13066,-12768,1511979,1741051,-0.008641654414512371,-0.007333501431032175,-25834,84173717,349944,1416895,65.95,48.45,-3.8499999999999943,1.8500000000000014,26269,27011,24600,24200,304075,243610,-12614,0,-0.039830875085651855,0,-2,-3.1499999999999915,-1.4603393760073027,24700,197173,24200,243610,126.65,373.35
2026-08-03 00:00:00,2026-08-03 15:26:00,372,NIFTY,OK,24573.35,0,1474576,-24337,1698532,-29751,178519,-24337,928597,-29751,-5414,111.94999999999999,0.38729315232888384,0.12501678298803098,0.11623860405842418,-1.5582506031671315,0,0,24600,28921727.25,24400,8885740.8,0,0,1785751012097,2026-08-04 00:00:00,24550,17,-24337,-29751,1498913,1728283,-0.016236432668206895,-0.017214194666035597,-54088,84552896,379179,1228923,62.65,49.3,-3.3000000000000043,0.8499999999999943,25190,26693,24600,24200,298524,243160,-18238,0,-0.05757635069863178,0,-2.450000000000017,-6.3500000000000085,-2.081437471164427,24700,193272,24200,243160,126.65,373.35
2026-08-03 00:00:00,2026-08-03 15:27:00,373,NIFTY,OK,24573.35,0,1474576,0,1698532,0,178519,0,928597,0,0,111.94999999999999,0.3122421297982924,0.14717928738829486,0.11623860405842418,-1.2754673630597002,0,0,24600,28921727.25,24400,8885740.8,0,0,1785751069852,2026-08-04 00:00:00,24550,17,0,0,1474576,1698532,0,0,0,84552896,0,990778,62.65,49.3,0,0,0,0,24600,24200,298524,243160,-17193,0,-0.05445699788101369,0,0,-3.200000000000017,-1.6339439157394335,24700,193272,24200,243160,126.65,373.35
2026-08-03 00:00:00,2026-08-03 15:28:00,374,NIFTY,OK,24573.35,0,1444582,-29994,1666849,-31683,148525,-29994,896914,-31683,-1689,111.45,0.4293818503447449,0.15531455278175318,0.11445230848215888,-1.4888513956640255,0,0,24600,28410693.999999996,24400,9282403.200000001,0,0,1785751131395,2026-08-04 00:00:00,24550,17,-29994,-31683,1474576,1698532,-0.020340762361519514,-0.018653166381322223,-61677,84898110,345214,1335992,65,46.45,2.3500000000000014,-2.8499999999999943,17264,27483,24600,24200,288720,242820,-26997,0,-0.08551012457358964,0,-0.4999999999999858,-3.700000000000003,-1.457159373683873,24700,190452,24200,242820,126.65,373.35
2026-08-03 00:00:00,2026-08-03 15:29:00,375,NIFTY,OK,24573.35,0,1444582,0,1666849,0,148525,0,896914,0,0,111.45,0.34528710422953296,0.1318012876778888,0.11445230848215888,-1.26915273357776,0,0,24600,28410693.999999996,24400,9282403.200000001,0,0,1785751190071,2026-08-04 00:00:00,24550,17,0,0,1444582,1666849,0,0,0,84898110,0,1074337,65,46.45,0,0,0,0,24600,24200,288720,242820,-19452,898,-0.06312059499240684,0.0037119402121344896,0,-4.950000000000003,-1.1975115097229914,24700,190452,24200,242820,126.65,373.35
2026-08-03 00:00:00,2026-08-03 15:30:00,376,NIFTY,OK,24774.3,200.95000000000073,1678756,-9354,1047465,-13907,291487,142962,781221,-115693,-4553,190.8,0.3737690377999436,0.13643683812294094,0.48028457475476855,2.999201037597798,25050,2685.9,24600,28741753.749999996,24400,9676087.35,0,0,1785751250051,2026-08-04 00:00:00,24750,13,-9354,-13907,1370385,1056324,-0.006825819021661796,-0.01316546817075064,-23261,82119746,294584,1018977,7.15,183.65,-0.39999999999999947,-6,10291,1501,24800,24500,180532,222865,0,0,0,0,79.35000000000001,76.4,2.98639172059824,25000,179489,24500,222865,225.7,274.3
2026-08-03 00:00:00,2026-08-03 15:31:00,377,NIFTY,OK,24774.3,0,1633272,-45484,984283,-63182,246003,-45484,718039,-63182,-17698,186.25,0.6733573888609791,0.10984312501773,0.45837460137789804,1.9209880179854157,0,0,24600,27926633.25,24400,10945686.75,0,0,1785751309860,2026-08-04 00:00:00,24750,17,-45484,-63182,1678756,1047465,-0.027093871890852512,-0.06031896053806094,-108666,83242498,1122752,1762550,11.55,174.7,4.4,-8.950000000000017,84456,5263,25000,24500,188453,206275,0,0,0,0,-4.550000000000011,74.30000000000001,1.9201353300763995,25000,188453,24500,206275,225.7,274.3
2026-08-03 00:00:00,2026-08-03 15:32:00,378,NIFTY,OK,24774.3,0,1633272,0,984283,0,246003,0,718039,0,0,185.95000000000002,0.725795255496064,0.10190708644921674,0.4577311509663926,1.4781145037557415,0,0,24600,27942921.75,24400,11066530.85,0,0,1785751370027,2026-08-04 00:00:00,24750,17,0,0,1633272,984283,0,0,0,83379757,137259,1899809,11.65,174.3,0.09999999999999964,-0.39999999999997726,11654,947,25000,24500,188453,206275,0,0,0,0,-0.29999999999998295,74.00000000000003,1.4746846048883053,25000,188453,24500,206275,225.7,274.3