date_ist,minute_bucket_ist,run_id,symbol,alert_code,state,severity,value,message,meta
2026-08-06 00:00:00,2026-08-06 09:15:00,1,NIFTY,REGIME_RANGE_PIN,ON,LOW,0,Range / pin (inside local walls),"{""dedupe_key"":""NIFTY|REGIME_RANGE_PIN|ON|2026-08-06 09:15"",""threshold"":0.001,""value"":0,""since_minute_bucket_ist"":"""",""last_updated_ist"":""2026-08-06 09:15:00""}"
2026-08-06 00:00:00,2026-08-06 09:15:00,1,NIFTY,TAIL_RISK_SKEW_LOW,ON,LOW,0.3,Tail-risk skew low (PCR_COI low),"{""dedupe_key"":""NIFTY|TAIL_RISK_SKEW_LOW|ON|2026-08-06 09:15"",""threshold"":0.55,""value"":0.3,""since_minute_bucket_ist"":"""",""last_updated_ist"":""2026-08-06 09:15:00""}"
2026-08-06 00:00:00,2026-08-06 09:17:00,3,NIFTY,FLOW_BOTH_BUILDING,ON,MED,0.0057,Both sides building (straddle build) → higher chop risk,"{""dedupe_key"":""NIFTY|FLOW_BOTH_BUILDING|ON|2026-08-06 09:17"",""threshold"":0.005,""value"":0.0057,""since_minute_bucket_ist"":"""",""last_updated_ist"":""2026-08-06 09:17:00""}"
2026-08-06 00:00:00,2026-08-06 09:17:00,3,NIFTY,PIN_BASIC,ON,LOW,37.5,Spot near a local wall (pin zone),"{""dedupe_key"":""NIFTY|PIN_BASIC|ON|2026-08-06 09:17"",""threshold"":37.5,""value"":37.5,""since_minute_bucket_ist"":"""",""last_updated_ist"":""2026-08-06 09:17:00""}"
2026-08-06 00:00:00,2026-08-06 09:17:00,3,NIFTY,TAIL_RISK_SKEW_HIGH,ON,MED,6.21,Downside tail-risk skew elevated (PCR_COI high),"{""dedupe_key"":""NIFTY|TAIL_RISK_SKEW_HIGH|ON|2026-08-06 09:17"",""threshold"":1.9,""value"":6.21,""since_minute_bucket_ist"":"""",""last_updated_ist"":""2026-08-06 09:17:00""}"
2026-08-06 00:00:00,2026-08-06 09:17:00,3,NIFTY,TAIL_RISK_SKEW_LOW,OFF,LOW,6.21,Tail-risk skew low (PCR_COI low),"{""dedupe_key"":""NIFTY|TAIL_RISK_SKEW_LOW|OFF|2026-08-06 09:17"",""threshold"":0.55,""value"":6.21,""since_minute_bucket_ist"":""2026-08-06 09:15"",""last_updated_ist"":""2026-08-06 09:17:00""}"
2026-08-06 00:00:00,2026-08-06 09:17:00,3,NIFTY,WALL_SHIFT_REGIME,ON,MED,1,Wall strike shifted materially (>= 1 step),"{""dedupe_key"":""NIFTY|WALL_SHIFT_REGIME|ON|2026-08-06 09:17"",""threshold"":1,""value"":1,""since_minute_bucket_ist"":"""",""last_updated_ist"":""2026-08-06 09:17:00""}"
2026-08-06 00:00:00,2026-08-06 09:18:00,4,NIFTY,FLOW_BOTH_BUILDING,OFF,MED,-0.0126,Both sides building (straddle build) → higher chop risk,"{""dedupe_key"":""NIFTY|FLOW_BOTH_BUILDING|OFF|2026-08-06 09:18"",""threshold"":0.005,""value"":-0.0126,""since_minute_bucket_ist"":""2026-08-06 09:17"",""last_updated_ist"":""2026-08-06 09:18:00""}"
2026-08-06 00:00:00,2026-08-06 09:18:00,4,NIFTY,FLOW_BULLISH_BUILD,ON,HIGH,0.119,Bullish build (premium-confirmed writing / support),"{""dedupe_key"":""NIFTY|FLOW_BULLISH_BUILD|ON|2026-08-06 09:18"",""threshold"":0.005,""value"":0.119,""since_minute_bucket_ist"":"""",""last_updated_ist"":""2026-08-06 09:18:00""}"
2026-08-06 00:00:00,2026-08-06 09:18:00,4,NIFTY,OPTION_MOMENTUM_CALL,ON,MED,2.15,ATM CALL momentum (ltp up + vol up),"{""dedupe_key"":""NIFTY|OPTION_MOMENTUM_CALL|ON|2026-08-06 09:18"",""threshold"":1.5,""value"":2.15,""since_minute_bucket_ist"":"""",""last_updated_ist"":""2026-08-06 09:18:00""}"
2026-08-06 00:00:00,2026-08-06 09:18:00,4,NIFTY,STEALTH_BUILD_BULL,ON,MED,0.119,"Stealth bullish build (puts build, spot flat)","{""dedupe_key"":""NIFTY|STEALTH_BUILD_BULL|ON|2026-08-06 09:18"",""threshold"":0.008,""value"":0.119,""since_minute_bucket_ist"":"""",""last_updated_ist"":""2026-08-06 09:18:00""}"
2026-08-06 00:00:00,2026-08-06 09:18:00,4,NIFTY,WALL_SHIFT_REGIME,OFF,MED,1,Wall strike shifted materially (>= 1 step),"{""dedupe_key"":""NIFTY|WALL_SHIFT_REGIME|OFF|2026-08-06 09:18"",""threshold"":1,""value"":1,""since_minute_bucket_ist"":""2026-08-06 09:17"",""last_updated_ist"":""2026-08-06 09:18:00""}"
2026-08-06 00:00:00,2026-08-06 09:19:00,5,NIFTY,FLOW_BULLISH_BUILD,OFF,HIGH,0,Bullish build (premium-confirmed writing / support),"{""dedupe_key"":""NIFTY|FLOW_BULLISH_BUILD|OFF|2026-08-06 09:19"",""threshold"":0.005,""value"":0,""since_minute_bucket_ist"":""2026-08-06 09:18"",""last_updated_ist"":""2026-08-06 09:19:00""}"
2026-08-06 00:00:00,2026-08-06 09:19:00,5,NIFTY,OPTION_MOMENTUM_CALL,OFF,MED,0,ATM CALL momentum (ltp up + vol up),"{""dedupe_key"":""NIFTY|OPTION_MOMENTUM_CALL|OFF|2026-08-06 09:19"",""threshold"":1.5,""value"":0,""since_minute_bucket_ist"":""2026-08-06 09:18"",""last_updated_ist"":""2026-08-06 09:19:00""}"
2026-08-06 00:00:00,2026-08-06 09:19:00,5,NIFTY,STEALTH_BUILD_BULL,OFF,MED,0,"Stealth bullish build (puts build, spot flat)","{""dedupe_key"":""NIFTY|STEALTH_BUILD_BULL|OFF|2026-08-06 09:19"",""threshold"":0.008,""value"":0,""since_minute_bucket_ist"":""2026-08-06 09:18"",""last_updated_ist"":""2026-08-06 09:19:00""}"
2026-08-06 00:00:00,2026-08-06 09:20:00,6,NIFTY,FLOW_BOTH_BUILDING,ON,MED,0.0199,Both sides building (straddle build) → higher chop risk,"{""dedupe_key"":""NIFTY|FLOW_BOTH_BUILDING|ON|2026-08-06 09:20"",""threshold"":0.005,""value"":0.0199,""since_minute_bucket_ist"":"""",""last_updated_ist"":""2026-08-06 09:20:00""}"
2026-08-06 00:00:00,2026-08-06 09:20:00,6,NIFTY,REGIME_RANGE_PIN,OFF,LOW,0,Range / pin (inside local walls),"{""dedupe_key"":""NIFTY|REGIME_RANGE_PIN|OFF|2026-08-06 09:20"",""threshold"":0.001,""value"":0,""since_minute_bucket_ist"":""2026-08-06 09:15"",""last_updated_ist"":""2026-08-06 09:20:00""}"
2026-08-06 00:00:00,2026-08-06 09:20:00,6,NIFTY,REGIME_TRANSITION_UNCERTAIN,ON,LOW,1,Transition/uncertain regime,"{""dedupe_key"":""NIFTY|REGIME_TRANSITION_UNCERTAIN|ON|2026-08-06 09:20"",""threshold"":1,""value"":1,""since_minute_bucket_ist"":"""",""last_updated_ist"":""2026-08-06 09:20:00""}"
2026-08-06 00:00:00,2026-08-06 09:20:00,6,NIFTY,OPTION_MOMENTUM_CALL,ON,MED,1.55,ATM CALL momentum (ltp up + vol up),"{""dedupe_key"":""NIFTY|OPTION_MOMENTUM_CALL|ON|2026-08-06 09:20"",""threshold"":1.5,""value"":1.55,""since_minute_bucket_ist"":"""",""last_updated_ist"":""2026-08-06 09:20:00""}"
2026-08-06 00:00:00,2026-08-06 09:20:00,6,NIFTY,OPTION_MOMENTUM_PUT,ON,MED,3.75,ATM PUT momentum (ltp up + vol up),"{""dedupe_key"":""NIFTY|OPTION_MOMENTUM_PUT|ON|2026-08-06 09:20"",""threshold"":1.5,""value"":3.75,""since_minute_bucket_ist"":"""",""last_updated_ist"":""2026-08-06 09:20:00""}"
2026-08-06 00:00:00,2026-08-06 09:21:00,7,NIFTY,FLOW_BOTH_BUILDING,OFF,MED,-0.002,Both sides building (straddle build) → higher chop risk,"{""dedupe_key"":""NIFTY|FLOW_BOTH_BUILDING|OFF|2026-08-06 09:21"",""threshold"":0.005,""value"":-0.002,""since_minute_bucket_ist"":""2026-08-06 09:20"",""last_updated_ist"":""2026-08-06 09:21:00""}"
2026-08-06 00:00:00,2026-08-06 09:21:00,7,NIFTY,PIN_BASIC,OFF,LOW,37.5,Spot near a local wall (pin zone),"{""dedupe_key"":""NIFTY|PIN_BASIC|OFF|2026-08-06 09:21"",""threshold"":37.5,""value"":37.5,""since_minute_bucket_ist"":""2026-08-06 09:17"",""last_updated_ist"":""2026-08-06 09:21:00""}"
2026-08-06 00:00:00,2026-08-06 09:21:00,7,NIFTY,VOL_EXPANSION,ON,MED,0.0258,Volatility expanding (straddle up),"{""dedupe_key"":""NIFTY|VOL_EXPANSION|ON|2026-08-06 09:21"",""threshold"":0.02,""value"":0.0258,""since_minute_bucket_ist"":"""",""last_updated_ist"":""2026-08-06 09:21:00""}"
2026-08-06 00:00:00,2026-08-06 09:21:00,7,NIFTY,OPTION_MOMENTUM_CALL,OFF,MED,0.35,ATM CALL momentum (ltp up + vol up),"{""dedupe_key"":""NIFTY|OPTION_MOMENTUM_CALL|OFF|2026-08-06 09:21"",""threshold"":1.5,""value"":0.35,""since_minute_bucket_ist"":""2026-08-06 09:20"",""last_updated_ist"":""2026-08-06 09:21:00""}"
2026-08-06 00:00:00,2026-08-06 09:21:00,7,NIFTY,OPTION_MOMENTUM_PUT,OFF,MED,1.2,ATM PUT momentum (ltp up + vol up),"{""dedupe_key"":""NIFTY|OPTION_MOMENTUM_PUT|OFF|2026-08-06 09:21"",""threshold"":1.5,""value"":1.2,""since_minute_bucket_ist"":""2026-08-06 09:20"",""last_updated_ist"":""2026-08-06 09:21:00""}"
2026-08-06 00:00:00,2026-08-06 09:21:00,7,NIFTY,STEALTH_BUILD_BULL,ON,MED,0.0265,"Stealth bullish build (puts build, spot flat)","{""dedupe_key"":""NIFTY|STEALTH_BUILD_BULL|ON|2026-08-06 09:21"",""threshold"":0.008,""value"":0.0265,""since_minute_bucket_ist"":"""",""last_updated_ist"":""2026-08-06 09:21:00""}"
2026-08-06 00:00:00,2026-08-06 09:22:00,8,NIFTY,VOL_EXPANSION,OFF,MED,0.0039,Volatility expanding (straddle up),"{""dedupe_key"":""NIFTY|VOL_EXPANSION|OFF|2026-08-06 09:22"",""threshold"":0.02,""value"":0.0039,""since_minute_bucket_ist"":""2026-08-06 09:21"",""last_updated_ist"":""2026-08-06 09:22:00""}"
2026-08-06 00:00:00,2026-08-06 09:22:00,8,NIFTY,STEALTH_BUILD_BULL,OFF,MED,0,"Stealth bullish build (puts build, spot flat)","{""dedupe_key"":""NIFTY|STEALTH_BUILD_BULL|OFF|2026-08-06 09:22"",""threshold"":0.008,""value"":0,""since_minute_bucket_ist"":""2026-08-06 09:21"",""last_updated_ist"":""2026-08-06 09:22:00""}"
2026-08-06 00:00:00,2026-08-06 09:23:00,9,NIFTY,FLOW_BULLISH_BUILD,ON,HIGH,0.0299,Bullish build (premium-confirmed writing / support),"{""dedupe_key"":""NIFTY|FLOW_BULLISH_BUILD|ON|2026-08-06 09:23"",""threshold"":0.005,""value"":0.0299,""since_minute_bucket_ist"":"""",""last_updated_ist"":""2026-08-06 09:23:00""}"
2026-08-06 00:00:00,2026-08-06 09:23:00,9,NIFTY,OPTION_MOMENTUM_CALL,ON,MED,3.85,ATM CALL momentum (ltp up + vol up),"{""dedupe_key"":""NIFTY|OPTION_MOMENTUM_CALL|ON|2026-08-06 09:23"",""threshold"":1.5,""value"":3.85,""since_minute_bucket_ist"":"""",""last_updated_ist"":""2026-08-06 09:23:00""}"
2026-08-06 00:00:00,2026-08-06 09:23:00,9,NIFTY,CHURN_COMMITTED,ON,MED,0.0002,Price move + aligned flow (committed),"{""dedupe_key"":""NIFTY|CHURN_COMMITTED|ON|2026-08-06 09:23"",""threshold"":0.0001,""value"":0.0002,""since_minute_bucket_ist"":"""",""last_updated_ist"":""2026-08-06 09:23:00""}"
2026-08-06 00:00:00,2026-08-06 09:23:00,9,NIFTY,STEALTH_BUILD_BULL,ON,MED,0.0299,"Stealth bullish build (puts build, spot flat)","{""dedupe_key"":""NIFTY|STEALTH_BUILD_BULL|ON|2026-08-06 09:23"",""threshold"":0.008,""value"":0.0299,""since_minute_bucket_ist"":"""",""last_updated_ist"":""2026-08-06 09:23:00""}"
2026-08-06 00:00:00,2026-08-06 09:24:00,10,NIFTY,OPTION_MOMENTUM_CALL,OFF,MED,1.4,ATM CALL momentum (ltp up + vol up),"{""dedupe_key"":""NIFTY|OPTION_MOMENTUM_CALL|OFF|2026-08-06 09:24"",""threshold"":1.5,""value"":1.4,""since_minute_bucket_ist"":""2026-08-06 09:23"",""last_updated_ist"":""2026-08-06 09:24:00""}"
2026-08-06 00:00:00,2026-08-06 09:24:00,10,NIFTY,CHURN_COMMITTED,OFF,MED,-0.0002,Price move + aligned flow (committed),"{""dedupe_key"":""NIFTY|CHURN_COMMITTED|OFF|2026-08-06 09:24"",""threshold"":0.0001,""value"":-0.0002,""since_minute_bucket_ist"":""2026-08-06 09:23"",""last_updated_ist"":""2026-08-06 09:24:00""}"
2026-08-06 00:00:00,2026-08-06 09:25:00,11,NIFTY,FLOW_BULLISH_BUILD,OFF,HIGH,0,Bullish build (premium-confirmed writing / support),"{""dedupe_key"":""NIFTY|FLOW_BULLISH_BUILD|OFF|2026-08-06 09:25"",""threshold"":0.005,""value"":0,""since_minute_bucket_ist"":""2026-08-06 09:23"",""last_updated_ist"":""2026-08-06 09:25:00""}"
2026-08-06 00:00:00,2026-08-06 09:25:00,11,NIFTY,REGIME_RANGE_PIN,ON,LOW,0.0002,Range / pin (inside local walls),"{""dedupe_key"":""NIFTY|REGIME_RANGE_PIN|ON|2026-08-06 09:25"",""threshold"":0.001,""value"":0.0002,""since_minute_bucket_ist"":"""",""last_updated_ist"":""2026-08-06 09:25:00""}"
2026-08-06 00:00:00,2026-08-06 09:25:00,11,NIFTY,REGIME_TRANSITION_UNCERTAIN,OFF,LOW,1,Transition/uncertain regime,"{""dedupe_key"":""NIFTY|REGIME_TRANSITION_UNCERTAIN|OFF|2026-08-06 09:25"",""threshold"":1,""value"":1,""since_minute_bucket_ist"":""2026-08-06 09:20"",""last_updated_ist"":""2026-08-06 09:25:00""}"
2026-08-06 00:00:00,2026-08-06 09:25:00,11,NIFTY,VOL_EXPANSION,ON,MED,0.01,Volatility expanding (straddle up),"{""dedupe_key"":""NIFTY|VOL_EXPANSION|ON|2026-08-06 09:25"",""threshold"":0.02,""value"":0.01,""since_minute_bucket_ist"":"""",""last_updated_ist"":""2026-08-06 09:25:00""}"
2026-08-06 00:00:00,2026-08-06 09:25:00,11,NIFTY,WALL_UNWIND_CONFIRM_UP,ON,MED,-0.0118,Call wall OI unwinding (5m),"{""dedupe_key"":""NIFTY|WALL_UNWIND_CONFIRM_UP|ON|2026-08-06 09:25"",""threshold"":-0.006,""value"":-0.0118,""since_minute_bucket_ist"":"""",""last_updated_ist"":""2026-08-06 09:25:00""}"
2026-08-06 00:00:00,2026-08-06 09:25:00,11,NIFTY,STEALTH_BUILD_BULL,OFF,MED,0,"Stealth bullish build (puts build, spot flat)","{""dedupe_key"":""NIFTY|STEALTH_BUILD_BULL|OFF|2026-08-06 09:25"",""threshold"":0.008,""value"":0,""since_minute_bucket_ist"":""2026-08-06 09:23"",""last_updated_ist"":""2026-08-06 09:25:00""}"
2026-08-06 00:00:00,2026-08-06 09:26:00,12,NIFTY,PIN_BASIC,ON,LOW,37.5,Spot near a local wall (pin zone),"{""dedupe_key"":""NIFTY|PIN_BASIC|ON|2026-08-06 09:26"",""threshold"":37.5,""value"":37.5,""since_minute_bucket_ist"":"""",""last_updated_ist"":""2026-08-06 09:26:00""}"
2026-08-06 00:00:00,2026-08-06 09:26:00,12,NIFTY,OPTION_MOMENTUM_PUT,ON,MED,1.65,ATM PUT momentum (ltp up + vol up),"{""dedupe_key"":""NIFTY|OPTION_MOMENTUM_PUT|ON|2026-08-06 09:26"",""threshold"":1.5,""value"":1.65,""since_minute_bucket_ist"":"""",""last_updated_ist"":""2026-08-06 09:26:00""}"
2026-08-06 00:00:00,2026-08-06 09:26:00,12,NIFTY,STEALTH_BUILD_BULL,ON,MED,0.0254,"Stealth bullish build (puts build, spot flat)","{""dedupe_key"":""NIFTY|STEALTH_BUILD_BULL|ON|2026-08-06 09:26"",""threshold"":0.008,""value"":0.0254,""since_minute_bucket_ist"":"""",""last_updated_ist"":""2026-08-06 09:26:00""}"
2026-08-06 00:00:00,2026-08-06 09:27:00,13,NIFTY,FLOW_BULLISH_BUILD,ON,HIGH,0.0105,Bullish build (premium-confirmed writing / support),"{""dedupe_key"":""NIFTY|FLOW_BULLISH_BUILD|ON|2026-08-06 09:27"",""threshold"":0.005,""value"":0.0105,""since_minute_bucket_ist"":"""",""last_updated_ist"":""2026-08-06 09:27:00""}"
2026-08-06 00:00:00,2026-08-06 09:27:00,13,NIFTY,PIN_BASIC,OFF,LOW,37.5,Spot near a local wall (pin zone),"{""dedupe_key"":""NIFTY|PIN_BASIC|OFF|2026-08-06 09:27"",""threshold"":37.5,""value"":37.5,""since_minute_bucket_ist"":""2026-08-06 09:26"",""last_updated_ist"":""2026-08-06 09:27:00""}"
2026-08-06 00:00:00,2026-08-06 09:27:00,13,NIFTY,OPTION_MOMENTUM_CALL,ON,MED,1.95,ATM CALL momentum (ltp up + vol up),"{""dedupe_key"":""NIFTY|OPTION_MOMENTUM_CALL|ON|2026-08-06 09:27"",""threshold"":1.5,""value"":1.95,""since_minute_bucket_ist"":"""",""last_updated_ist"":""2026-08-06 09:27:00""}"
2026-08-06 00:00:00,2026-08-06 09:27:00,13,NIFTY,OPTION_MOMENTUM_PUT,OFF,MED,0,ATM PUT momentum (ltp up + vol up),"{""dedupe_key"":""NIFTY|OPTION_MOMENTUM_PUT|OFF|2026-08-06 09:27"",""threshold"":1.5,""value"":0,""since_minute_bucket_ist"":""2026-08-06 09:26"",""last_updated_ist"":""2026-08-06 09:27:00""}"
2026-08-06 00:00:00,2026-08-06 09:27:00,13,NIFTY,WALL_UNWIND_CONFIRM_UP,OFF,MED,-0.0051,Call wall OI unwinding (5m),"{""dedupe_key"":""NIFTY|WALL_UNWIND_CONFIRM_UP|OFF|2026-08-06 09:27"",""threshold"":-0.006,""value"":-0.0051,""since_minute_bucket_ist"":""2026-08-06 09:25"",""last_updated_ist"":""2026-08-06 09:27:00""}"
2026-08-06 00:00:00,2026-08-06 09:27:00,13,NIFTY,CHURN_COMMITTED,ON,MED,0.0002,Price move + aligned flow (committed),"{""dedupe_key"":""NIFTY|CHURN_COMMITTED|ON|2026-08-06 09:27"",""threshold"":0.0001,""value"":0.0002,""since_minute_bucket_ist"":"""",""last_updated_ist"":""2026-08-06 09:27:00""}"
2026-08-06 00:00:00,2026-08-06 09:28:00,14,NIFTY,FLOW_BULLISH_BUILD,OFF,HIGH,0,Bullish build (premium-confirmed writing / support),"{""dedupe_key"":""NIFTY|FLOW_BULLISH_BUILD|OFF|2026-08-06 09:28"",""threshold"":0.005,""value"":0,""since_minute_bucket_ist"":""2026-08-06 09:27"",""last_updated_ist"":""2026-08-06 09:28:00""}"
2026-08-06 00:00:00,2026-08-06 09:28:00,14,NIFTY,OPTION_MOMENTUM_CALL,OFF,MED,0,ATM CALL momentum (ltp up + vol up),"{""dedupe_key"":""NIFTY|OPTION_MOMENTUM_CALL|OFF|2026-08-06 09:28"",""threshold"":1.5,""value"":0,""since_minute_bucket_ist"":""2026-08-06 09:27"",""last_updated_ist"":""2026-08-06 09:28:00""}"
2026-08-06 00:00:00,2026-08-06 09:28:00,14,NIFTY,CHURN_COMMITTED,OFF,MED,0,Price move + aligned flow (committed),"{""dedupe_key"":""NIFTY|CHURN_COMMITTED|OFF|2026-08-06 09:28"",""threshold"":0.0001,""value"":0,""since_minute_bucket_ist"":""2026-08-06 09:27"",""last_updated_ist"":""2026-08-06 09:28:00""}"
2026-08-06 00:00:00,2026-08-06 09:28:00,14,NIFTY,STEALTH_BUILD_BULL,OFF,MED,0,"Stealth bullish build (puts build, spot flat)","{""dedupe_key"":""NIFTY|STEALTH_BUILD_BULL|OFF|2026-08-06 09:28"",""threshold"":0.008,""value"":0,""since_minute_bucket_ist"":""2026-08-06 09:26"",""last_updated_ist"":""2026-08-06 09:28:00""}"
2026-08-06 00:00:00,2026-08-06 09:29:00,15,NIFTY,FLOW_BULLISH_BUILD,ON,HIGH,0.01,Bullish build (premium-confirmed writing / support),"{""dedupe_key"":""NIFTY|FLOW_BULLISH_BUILD|ON|2026-08-06 09:29"",""threshold"":0.005,""value"":0.01,""since_minute_bucket_ist"":"""",""last_updated_ist"":""2026-08-06 09:29:00""}"
2026-08-06 00:00:00,2026-08-06 09:29:00,15,NIFTY,PIN_BASIC,ON,LOW,37.5,Spot near a local wall (pin zone),"{""dedupe_key"":""NIFTY|PIN_BASIC|ON|2026-08-06 09:29"",""threshold"":37.5,""value"":37.5,""since_minute_bucket_ist"":"""",""last_updated_ist"":""2026-08-06 09:29:00""}"
2026-08-06 00:00:00,2026-08-06 09:29:00,15,NIFTY,STEALTH_BUILD_BULL,ON,MED,0.01,"Stealth bullish build (puts build, spot flat)","{""dedupe_key"":""NIFTY|STEALTH_BUILD_BULL|ON|2026-08-06 09:29"",""threshold"":0.008,""value"":0.01,""since_minute_bucket_ist"":"""",""last_updated_ist"":""2026-08-06 09:29:00""}"
2026-08-06 00:00:00,2026-08-06 09:30:00,16,NIFTY,FLOW_BULLISH_BUILD,OFF,HIGH,0.0088,Bullish build (premium-confirmed writing / support),"{""dedupe_key"":""NIFTY|FLOW_BULLISH_BUILD|OFF|2026-08-06 09:30"",""threshold"":0.005,""value"":0.0088,""since_minute_bucket_ist"":""2026-08-06 09:29"",""last_updated_ist"":""2026-08-06 09:30:00""}"
2026-08-06 00:00:00,2026-08-06 09:30:00,16,NIFTY,VOL_EXPANSION,OFF,MED,0.0057,Volatility expanding (straddle up),"{""dedupe_key"":""NIFTY|VOL_EXPANSION|OFF|2026-08-06 09:30"",""threshold"":0.02,""value"":0.0057,""since_minute_bucket_ist"":""2026-08-06 09:25"",""last_updated_ist"":""2026-08-06 09:30:00""}"
2026-08-06 00:00:00,2026-08-06 09:30:00,16,NIFTY,OPTION_MOMENTUM_PUT,ON,MED,4.25,ATM PUT momentum (ltp up + vol up),"{""dedupe_key"":""NIFTY|OPTION_MOMENTUM_PUT|ON|2026-08-06 09:30"",""threshold"":1.5,""value"":4.25,""since_minute_bucket_ist"":"""",""last_updated_ist"":""2026-08-06 09:30:00""}"
2026-08-06 00:00:00,2026-08-06 09:31:00,17,NIFTY,FLOW_BULLISH_BUILD,ON,HIGH,0.017,Bullish build (premium-confirmed writing / support),"{""dedupe_key"":""NIFTY|FLOW_BULLISH_BUILD|ON|2026-08-06 09:31"",""threshold"":0.005,""value"":0.017,""since_minute_bucket_ist"":"""",""last_updated_ist"":""2026-08-06 09:31:00""}"
2026-08-06 00:00:00,2026-08-06 09:31:00,17,NIFTY,PIN_BASIC,OFF,LOW,37.5,Spot near a local wall (pin zone),"{""dedupe_key"":""NIFTY|PIN_BASIC|OFF|2026-08-06 09:31"",""threshold"":37.5,""value"":37.5,""since_minute_bucket_ist"":""2026-08-06 09:29"",""last_updated_ist"":""2026-08-06 09:31:00""}"
2026-08-06 00:00:00,2026-08-06 09:31:00,17,NIFTY,OPTION_MOMENTUM_CALL,ON,MED,7.35,ATM CALL momentum (ltp up + vol up),"{""dedupe_key"":""NIFTY|OPTION_MOMENTUM_CALL|ON|2026-08-06 09:31"",""threshold"":1.5,""value"":7.35,""since_minute_bucket_ist"":"""",""last_updated_ist"":""2026-08-06 09:31:00""}"
2026-08-06 00:00:00,2026-08-06 09:31:00,17,NIFTY,OPTION_MOMENTUM_PUT,OFF,MED,-6.65,ATM PUT momentum (ltp up + vol up),"{""dedupe_key"":""NIFTY|OPTION_MOMENTUM_PUT|OFF|2026-08-06 09:31"",""threshold"":1.5,""value"":-6.65,""since_minute_bucket_ist"":""2026-08-06 09:30"",""last_updated_ist"":""2026-08-06 09:31:00""}"
2026-08-06 00:00:00,2026-08-06 09:31:00,17,NIFTY,CHURN_COMMITTED,ON,MED,0.0004,Price move + aligned flow (committed),"{""dedupe_key"":""NIFTY|CHURN_COMMITTED|ON|2026-08-06 09:31"",""threshold"":0.0001,""value"":0.0004,""since_minute_bucket_ist"":"""",""last_updated_ist"":""2026-08-06 09:31:00""}"
2026-08-06 00:00:00,2026-08-06 09:31:00,17,NIFTY,STEALTH_BUILD_BULL,OFF,MED,0.017,"Stealth bullish build (puts build, spot flat)","{""dedupe_key"":""NIFTY|STEALTH_BUILD_BULL|OFF|2026-08-06 09:31"",""threshold"":0.008,""value"":0.017,""since_minute_bucket_ist"":""2026-08-06 09:29"",""last_updated_ist"":""2026-08-06 09:31:00""}"
2026-08-06 00:00:00,2026-08-06 09:32:00,18,NIFTY,FLOW_BULLISH_BUILD,OFF,HIGH,0.0087,Bullish build (premium-confirmed writing / support),"{""dedupe_key"":""NIFTY|FLOW_BULLISH_BUILD|OFF|2026-08-06 09:32"",""threshold"":0.005,""value"":0.0087,""since_minute_bucket_ist"":""2026-08-06 09:31"",""last_updated_ist"":""2026-08-06 09:32:00""}"
2026-08-06 00:00:00,2026-08-06 09:32:00,18,NIFTY,PIN_BASIC,ON,LOW,37.5,Spot near a local wall (pin zone),"{""dedupe_key"":""NIFTY|PIN_BASIC|ON|2026-08-06 09:32"",""threshold"":37.5,""value"":37.5,""since_minute_bucket_ist"":"""",""last_updated_ist"":""2026-08-06 09:32:00""}"
2026-08-06 00:00:00,2026-08-06 09:32:00,18,NIFTY,VOL_EXPANSION,ON,MED,0.0058,Volatility expanding (straddle up),"{""dedupe_key"":""NIFTY|VOL_EXPANSION|ON|2026-08-06 09:32"",""threshold"":0.02,""value"":0.0058,""since_minute_bucket_ist"":"""",""last_updated_ist"":""2026-08-06 09:32:00""}"
2026-08-06 00:00:00,2026-08-06 09:32:00,18,NIFTY,OPTION_MOMENTUM_CALL,OFF,MED,-3.05,ATM CALL momentum (ltp up + vol up),"{""dedupe_key"":""NIFTY|OPTION_MOMENTUM_CALL|OFF|2026-08-06 09:32"",""threshold"":1.5,""value"":-3.05,""since_minute_bucket_ist"":""2026-08-06 09:31"",""last_updated_ist"":""2026-08-06 09:32:00""}"
2026-08-06 00:00:00,2026-08-06 09:32:00,18,NIFTY,OPTION_MOMENTUM_PUT,ON,MED,4.35,ATM PUT momentum (ltp up + vol up),"{""dedupe_key"":""NIFTY|OPTION_MOMENTUM_PUT|ON|2026-08-06 09:32"",""threshold"":1.5,""value"":4.35,""since_minute_bucket_ist"":"""",""last_updated_ist"":""2026-08-06 09:32:00""}"
2026-08-06 00:00:00,2026-08-06 09:32:00,18,NIFTY,WALL_UNWIND_CONFIRM_UP,ON,MED,-0.0148,Call wall OI unwinding (5m),"{""dedupe_key"":""NIFTY|WALL_UNWIND_CONFIRM_UP|ON|2026-08-06 09:32"",""threshold"":-0.006,""value"":-0.0148,""since_minute_bucket_ist"":"""",""last_updated_ist"":""2026-08-06 09:32:00""}"
2026-08-06 00:00:00,2026-08-06 09:32:00,18,NIFTY,CHURN_COMMITTED,OFF,MED,-0.0002,Price move + aligned flow (committed),"{""dedupe_key"":""NIFTY|CHURN_COMMITTED|OFF|2026-08-06 09:32"",""threshold"":0.0001,""value"":-0.0002,""since_minute_bucket_ist"":""2026-08-06 09:31"",""last_updated_ist"":""2026-08-06 09:32:00""}"
2026-08-06 00:00:00,2026-08-06 09:32:00,18,NIFTY,STEALTH_BUILD_BULL,ON,MED,0.0087,"Stealth bullish build (puts build, spot flat)","{""dedupe_key"":""NIFTY|STEALTH_BUILD_BULL|ON|2026-08-06 09:32"",""threshold"":0.008,""value"":0.0087,""since_minute_bucket_ist"":"""",""last_updated_ist"":""2026-08-06 09:32:00""}"
2026-08-06 00:00:00,2026-08-06 09:33:00,19,NIFTY,EXP_RANGE_BREAKOUT_WATCH_DOWN,ON,MED,24631.2,Expected-range watch DOWN,"{""dedupe_key"":""NIFTY|EXP_RANGE_BREAKOUT_WATCH_DOWN|ON|2026-08-06 09:33"",""threshold"":24632.44,""value"":24631.2,""since_minute_bucket_ist"":"""",""last_updated_ist"":""2026-08-06 09:33:00""}"
2026-08-06 00:00:00,2026-08-06 09:33:00,19,NIFTY,VOL_EXPANSION,OFF,MED,0.0013,Volatility expanding (straddle up),"{""dedupe_key"":""NIFTY|VOL_EXPANSION|OFF|2026-08-06 09:33"",""threshold"":0.02,""value"":0.0013,""since_minute_bucket_ist"":""2026-08-06 09:32"",""last_updated_ist"":""2026-08-06 09:33:00""}"
2026-08-06 00:00:00,2026-08-06 09:33:00,19,NIFTY,STEALTH_BUILD_BULL,OFF,MED,0,"Stealth bullish build (puts build, spot flat)","{""dedupe_key"":""NIFTY|STEALTH_BUILD_BULL|OFF|2026-08-06 09:33"",""threshold"":0.008,""value"":0,""since_minute_bucket_ist"":""2026-08-06 09:32"",""last_updated_ist"":""2026-08-06 09:33:00""}"
2026-08-06 00:00:00,2026-08-06 09:34:00,20,NIFTY,FLOW_BOTH_BUILDING,ON,MED,0.0062,Both sides building (straddle build) → higher chop risk,"{""dedupe_key"":""NIFTY|FLOW_BOTH_BUILDING|ON|2026-08-06 09:34"",""threshold"":0.005,""value"":0.0062,""since_minute_bucket_ist"":"""",""last_updated_ist"":""2026-08-06 09:34:00""}"
2026-08-06 00:00:00,2026-08-06 09:34:00,20,NIFTY,REGIME_RANGE_PIN,OFF,LOW,0.0002,Range / pin (inside local walls),"{""dedupe_key"":""NIFTY|REGIME_RANGE_PIN|OFF|2026-08-06 09:34"",""threshold"":0.001,""value"":0.0002,""since_minute_bucket_ist"":""2026-08-06 09:25"",""last_updated_ist"":""2026-08-06 09:34:00""}"
2026-08-06 00:00:00,2026-08-06 09:34:00,20,NIFTY,REGIME_TRANSITION_UNCERTAIN,ON,LOW,1,Transition/uncertain regime,"{""dedupe_key"":""NIFTY|REGIME_TRANSITION_UNCERTAIN|ON|2026-08-06 09:34"",""threshold"":1,""value"":1,""since_minute_bucket_ist"":"""",""last_updated_ist"":""2026-08-06 09:34:00""}"
2026-08-06 00:00:00,2026-08-06 09:34:00,20,NIFTY,EXP_RANGE_BREAKOUT_CONFIRMED_DOWN,ON,HIGH,2,Expected-range breakout CONFIRMED DOWN,"{""dedupe_key"":""NIFTY|EXP_RANGE_BREAKOUT_CONFIRMED_DOWN|ON|2026-08-06 09:34"",""threshold"":2,""value"":2,""since_minute_bucket_ist"":"""",""last_updated_ist"":""2026-08-06 09:34:00""}"
2026-08-06 00:00:00,2026-08-06 09:34:00,20,NIFTY,VOL_EXPANSION,ON,MED,0.0258,Volatility expanding (straddle up),"{""dedupe_key"":""NIFTY|VOL_EXPANSION|ON|2026-08-06 09:34"",""threshold"":0.02,""value"":0.0258,""since_minute_bucket_ist"":"""",""last_updated_ist"":""2026-08-06 09:34:00""}"
2026-08-06 00:00:00,2026-08-06 09:35:00,21,NIFTY,FLOW_BOTH_BUILDING,OFF,MED,0.002,Both sides building (straddle build) → higher chop risk,"{""dedupe_key"":""NIFTY|FLOW_BOTH_BUILDING|OFF|2026-08-06 09:35"",""threshold"":0.005,""value"":0.002,""since_minute_bucket_ist"":""2026-08-06 09:34"",""last_updated_ist"":""2026-08-06 09:35:00""}"
2026-08-06 00:00:00,2026-08-06 09:35:00,21,NIFTY,REGIME_RANGE_PIN,ON,LOW,0.0003,Range / pin (inside local walls),"{""dedupe_key"":""NIFTY|REGIME_RANGE_PIN|ON|2026-08-06 09:35"",""threshold"":0.001,""value"":0.0003,""since_minute_bucket_ist"":"""",""last_updated_ist"":""2026-08-06 09:35:00""}"
2026-08-06 00:00:00,2026-08-06 09:35:00,21,NIFTY,REGIME_TRANSITION_UNCERTAIN,OFF,LOW,1,Transition/uncertain regime,"{""dedupe_key"":""NIFTY|REGIME_TRANSITION_UNCERTAIN|OFF|2026-08-06 09:35"",""threshold"":1,""value"":1,""since_minute_bucket_ist"":""2026-08-06 09:34"",""last_updated_ist"":""2026-08-06 09:35:00""}"
2026-08-06 00:00:00,2026-08-06 09:35:00,21,NIFTY,EXP_RANGE_BREAKOUT_WATCH_DOWN,OFF,MED,24628.05,Expected-range watch DOWN,"{""dedupe_key"":""NIFTY|EXP_RANGE_BREAKOUT_WATCH_DOWN|OFF|2026-08-06 09:35"",""threshold"":24627.11,""value"":24628.05,""since_minute_bucket_ist"":""2026-08-06 09:33"",""last_updated_ist"":""2026-08-06 09:35:00""}"
2026-08-06 00:00:00,2026-08-06 09:35:00,21,NIFTY,EXP_RANGE_BREAKOUT_CONFIRMED_DOWN,OFF,HIGH,0,Expected-range breakout CONFIRMED DOWN,"{""dedupe_key"":""NIFTY|EXP_RANGE_BREAKOUT_CONFIRMED_DOWN|OFF|2026-08-06 09:35"",""threshold"":2,""value"":0,""since_minute_bucket_ist"":""2026-08-06 09:34"",""last_updated_ist"":""2026-08-06 09:35:00""}"
2026-08-06 00:00:00,2026-08-06 09:35:00,21,NIFTY,VOL_EXPANSION,OFF,MED,0.0094,Volatility expanding (straddle up),"{""dedupe_key"":""NIFTY|VOL_EXPANSION|OFF|2026-08-06 09:35"",""threshold"":0.02,""value"":0.0094,""since_minute_bucket_ist"":""2026-08-06 09:34"",""last_updated_ist"":""2026-08-06 09:35:00""}"
2026-08-06 00:00:00,2026-08-06 09:35:00,21,NIFTY,OPTION_MOMENTUM_PUT,OFF,MED,0.25,ATM PUT momentum (ltp up + vol up),"{""dedupe_key"":""NIFTY|OPTION_MOMENTUM_PUT|OFF|2026-08-06 09:35"",""threshold"":1.5,""value"":0.25,""since_minute_bucket_ist"":""2026-08-06 09:32"",""last_updated_ist"":""2026-08-06 09:35:00""}"
2026-08-06 00:00:00,2026-08-06 09:35:00,21,NIFTY,WALL_UNWIND_CONFIRM_DOWN,ON,MED,-0.0263,Put wall OI unwinding (5m),"{""dedupe_key"":""NIFTY|WALL_UNWIND_CONFIRM_DOWN|ON|2026-08-06 09:35"",""threshold"":-0.006,""value"":-0.0263,""since_minute_bucket_ist"":"""",""last_updated_ist"":""2026-08-06 09:35:00""}"
2026-08-06 00:00:00,2026-08-06 09:36:00,22,NIFTY,OPTION_MOMENTUM_CALL,ON,MED,3.25,ATM CALL momentum (ltp up + vol up),"{""dedupe_key"":""NIFTY|OPTION_MOMENTUM_CALL|ON|2026-08-06 09:36"",""threshold"":1.5,""value"":3.25,""since_minute_bucket_ist"":"""",""last_updated_ist"":""2026-08-06 09:36:00""}"
2026-08-06 00:00:00,2026-08-06 09:37:00,23,NIFTY,FLOW_BOTH_BUILDING,ON,MED,0.007,Both sides building (straddle build) → higher chop risk,"{""dedupe_key"":""NIFTY|FLOW_BOTH_BUILDING|ON|2026-08-06 09:37"",""threshold"":0.005,""value"":0.007,""since_minute_bucket_ist"":"""",""last_updated_ist"":""2026-08-06 09:37:00""}"
2026-08-06 00:00:00,2026-08-06 09:37:00,23,NIFTY,VOL_EXPANSION,ON,MED,0.0133,Volatility expanding (straddle up),"{""dedupe_key"":""NIFTY|VOL_EXPANSION|ON|2026-08-06 09:37"",""threshold"":0.02,""value"":0.0133,""since_minute_bucket_ist"":"""",""last_updated_ist"":""2026-08-06 09:37:00""}"
2026-08-06 00:00:00,2026-08-06 09:37:00,23,NIFTY,OPTION_MOMENTUM_CALL,OFF,MED,0.4,ATM CALL momentum (ltp up + vol up),"{""dedupe_key"":""NIFTY|OPTION_MOMENTUM_CALL|OFF|2026-08-06 09:37"",""threshold"":1.5,""value"":0.4,""since_minute_bucket_ist"":""2026-08-06 09:36"",""last_updated_ist"":""2026-08-06 09:37:00""}"
2026-08-06 00:00:00,2026-08-06 09:37:00,23,NIFTY,WALL_UNWIND_CONFIRM_UP,OFF,MED,-0.0022,Call wall OI unwinding (5m),"{""dedupe_key"":""NIFTY|WALL_UNWIND_CONFIRM_UP|OFF|2026-08-06 09:37"",""threshold"":-0.006,""value"":-0.0022,""since_minute_bucket_ist"":""2026-08-06 09:32"",""last_updated_ist"":""2026-08-06 09:37:00""}"
2026-08-06 00:00:00,2026-08-06 09:38:00,24,NIFTY,FLOW_BOTH_BUILDING,OFF,MED,0.0004,Both sides building (straddle build) → higher chop risk,"{""dedupe_key"":""NIFTY|FLOW_BOTH_BUILDING|OFF|2026-08-06 09:38"",""threshold"":0.005,""value"":0.0004,""since_minute_bucket_ist"":""2026-08-06 09:37"",""last_updated_ist"":""2026-08-06 09:38:00""}"
2026-08-06 00:00:00,2026-08-06 09:38:00,24,NIFTY,VOL_EXPANSION,OFF,MED,-0.0097,Volatility expanding (straddle up),"{""dedupe_key"":""NIFTY|VOL_EXPANSION|OFF|2026-08-06 09:38"",""threshold"":0.02,""value"":-0.0097,""since_minute_bucket_ist"":""2026-08-06 09:37"",""last_updated_ist"":""2026-08-06 09:38:00""}"
2026-08-06 00:00:00,2026-08-06 09:39:00,25,NIFTY,REGIME_RANGE_PIN,OFF,LOW,0.0002,Range / pin (inside local walls),"{""dedupe_key"":""NIFTY|REGIME_RANGE_PIN|OFF|2026-08-06 09:39"",""threshold"":0.001,""value"":0.0002,""since_minute_bucket_ist"":""2026-08-06 09:35"",""last_updated_ist"":""2026-08-06 09:39:00""}"
2026-08-06 00:00:00,2026-08-06 09:39:00,25,NIFTY,REGIME_TRANSITION_UNCERTAIN,ON,LOW,1,Transition/uncertain regime,"{""dedupe_key"":""NIFTY|REGIME_TRANSITION_UNCERTAIN|ON|2026-08-06 09:39"",""threshold"":1,""value"":1,""since_minute_bucket_ist"":"""",""last_updated_ist"":""2026-08-06 09:39:00""}"
2026-08-06 00:00:00,2026-08-06 09:40:00,26,NIFTY,FLOW_BULLISH_BUILD,ON,HIGH,0.0198,Bullish build (premium-confirmed writing / support),"{""dedupe_key"":""NIFTY|FLOW_BULLISH_BUILD|ON|2026-08-06 09:40"",""threshold"":0.005,""value"":0.0198,""since_minute_bucket_ist"":"""",""last_updated_ist"":""2026-08-06 09:40:00""}"
2026-08-06 00:00:00,2026-08-06 09:40:00,26,NIFTY,REGIME_RANGE_PIN,ON,LOW,0.0002,Range / pin (inside local walls),"{""dedupe_key"":""NIFTY|REGIME_RANGE_PIN|ON|2026-08-06 09:40"",""threshold"":0.001,""value"":0.0002,""since_minute_bucket_ist"":"""",""last_updated_ist"":""2026-08-06 09:40:00""}"
2026-08-06 00:00:00,2026-08-06 09:40:00,26,NIFTY,REGIME_TRANSITION_UNCERTAIN,OFF,LOW,1,Transition/uncertain regime,"{""dedupe_key"":""NIFTY|REGIME_TRANSITION_UNCERTAIN|OFF|2026-08-06 09:40"",""threshold"":1,""value"":1,""since_minute_bucket_ist"":""2026-08-06 09:39"",""last_updated_ist"":""2026-08-06 09:40:00""}"
2026-08-06 00:00:00,2026-08-06 09:40:00,26,NIFTY,PIN_BASIC,OFF,LOW,37.5,Spot near a local wall (pin zone),"{""dedupe_key"":""NIFTY|PIN_BASIC|OFF|2026-08-06 09:40"",""threshold"":37.5,""value"":37.5,""since_minute_bucket_ist"":""2026-08-06 09:32"",""last_updated_ist"":""2026-08-06 09:40:00""}"
2026-08-06 00:00:00,2026-08-06 09:40:00,26,NIFTY,WALL_UNWIND_CONFIRM_DOWN,OFF,MED,0.036,Put wall OI unwinding (5m),"{""dedupe_key"":""NIFTY|WALL_UNWIND_CONFIRM_DOWN|OFF|2026-08-06 09:40"",""threshold"":-0.006,""value"":0.036,""since_minute_bucket_ist"":""2026-08-06 09:35"",""last_updated_ist"":""2026-08-06 09:40:00""}"
2026-08-06 00:00:00,2026-08-06 09:40:00,26,NIFTY,STEALTH_BUILD_BULL,ON,MED,0.0198,"Stealth bullish build (puts build, spot flat)","{""dedupe_key"":""NIFTY|STEALTH_BUILD_BULL|ON|2026-08-06 09:40"",""threshold"":0.008,""value"":0.0198,""since_minute_bucket_ist"":"""",""last_updated_ist"":""2026-08-06 09:40:00""}"
2026-08-06 00:00:00,2026-08-06 09:41:00,27,NIFTY,FLOW_BULLISH_BUILD,OFF,HIGH,0.0081,Bullish build (premium-confirmed writing / support),"{""dedupe_key"":""NIFTY|FLOW_BULLISH_BUILD|OFF|2026-08-06 09:41"",""threshold"":0.005,""value"":0.0081,""since_minute_bucket_ist"":""2026-08-06 09:40"",""last_updated_ist"":""2026-08-06 09:41:00""}"
2026-08-06 00:00:00,2026-08-06 09:41:00,27,NIFTY,OPTION_MOMENTUM_CALL,ON,MED,1.85,ATM CALL momentum (ltp up + vol up),"{""dedupe_key"":""NIFTY|OPTION_MOMENTUM_CALL|ON|2026-08-06 09:41"",""threshold"":1.5,""value"":1.85,""since_minute_bucket_ist"":"""",""last_updated_ist"":""2026-08-06 09:41:00""}"
2026-08-06 00:00:00,2026-08-06 09:42:00,28,NIFTY,PIN_BASIC,ON,LOW,37.5,Spot near a local wall (pin zone),"{""dedupe_key"":""NIFTY|PIN_BASIC|ON|2026-08-06 09:42"",""threshold"":37.5,""value"":37.5,""since_minute_bucket_ist"":"""",""last_updated_ist"":""2026-08-06 09:42:00""}"
2026-08-06 00:00:00,2026-08-06 09:42:00,28,NIFTY,OPTION_MOMENTUM_CALL,OFF,MED,-2.6,ATM CALL momentum (ltp up + vol up),"{""dedupe_key"":""NIFTY|OPTION_MOMENTUM_CALL|OFF|2026-08-06 09:42"",""threshold"":1.5,""value"":-2.6,""since_minute_bucket_ist"":""2026-08-06 09:41"",""last_updated_ist"":""2026-08-06 09:42:00""}"
2026-08-06 00:00:00,2026-08-06 09:42:00,28,NIFTY,OPTION_MOMENTUM_PUT,ON,MED,3.6,ATM PUT momentum (ltp up + vol up),"{""dedupe_key"":""NIFTY|OPTION_MOMENTUM_PUT|ON|2026-08-06 09:42"",""threshold"":1.5,""value"":3.6,""since_minute_bucket_ist"":"""",""last_updated_ist"":""2026-08-06 09:42:00""}"
2026-08-06 00:00:00,2026-08-06 09:42:00,28,NIFTY,STEALTH_BUILD_BULL,OFF,MED,0.0036,"Stealth bullish build (puts build, spot flat)","{""dedupe_key"":""NIFTY|STEALTH_BUILD_BULL|OFF|2026-08-06 09:42"",""threshold"":0.008,""value"":0.0036,""since_minute_bucket_ist"":""2026-08-06 09:40"",""last_updated_ist"":""2026-08-06 09:42:00""}"
2026-08-06 00:00:00,2026-08-06 09:43:00,29,NIFTY,OPTION_MOMENTUM_PUT,OFF,MED,0,ATM PUT momentum (ltp up + vol up),"{""dedupe_key"":""NIFTY|OPTION_MOMENTUM_PUT|OFF|2026-08-06 09:43"",""threshold"":1.5,""value"":0,""since_minute_bucket_ist"":""2026-08-06 09:42"",""last_updated_ist"":""2026-08-06 09:43:00""}"
2026-08-06 00:00:00,2026-08-06 09:44:00,30,NIFTY,FLOW_BULLISH_BUILD,ON,HIGH,0.0094,Bullish build (premium-confirmed writing / support),"{""dedupe_key"":""NIFTY|FLOW_BULLISH_BUILD|ON|2026-08-06 09:44"",""threshold"":0.005,""value"":0.0094,""since_minute_bucket_ist"":"""",""last_updated_ist"":""2026-08-06 09:44:00""}"
2026-08-06 00:00:00,2026-08-06 09:44:00,30,NIFTY,PIN_BASIC,OFF,LOW,37.5,Spot near a local wall (pin zone),"{""dedupe_key"":""NIFTY|PIN_BASIC|OFF|2026-08-06 09:44"",""threshold"":37.5,""value"":37.5,""since_minute_bucket_ist"":""2026-08-06 09:42"",""last_updated_ist"":""2026-08-06 09:44:00""}"
2026-08-06 00:00:00,2026-08-06 09:44:00,30,NIFTY,EXP_RANGE_BREAKOUT_WATCH_UP,ON,MED,24645.9,Expected-range watch UP,"{""dedupe_key"":""NIFTY|EXP_RANGE_BREAKOUT_WATCH_UP|ON|2026-08-06 09:44"",""threshold"":24641.51,""value"":24645.9,""since_minute_bucket_ist"":"""",""last_updated_ist"":""2026-08-06 09:44:00""}"
2026-08-06 00:00:00,2026-08-06 09:44:00,30,NIFTY,VOL_EXPANSION,ON,MED,0.005,Volatility expanding (straddle up),"{""dedupe_key"":""NIFTY|VOL_EXPANSION|ON|2026-08-06 09:44"",""threshold"":0.02,""value"":0.005,""since_minute_bucket_ist"":"""",""last_updated_ist"":""2026-08-06 09:44:00""}"
2026-08-06 00:00:00,2026-08-06 09:44:00,30,NIFTY,OPTION_MOMENTUM_CALL,ON,MED,3.05,ATM CALL momentum (ltp up + vol up),"{""dedupe_key"":""NIFTY|OPTION_MOMENTUM_CALL|ON|2026-08-06 09:44"",""threshold"":1.5,""value"":3.05,""since_minute_bucket_ist"":"""",""last_updated_ist"":""2026-08-06 09:44:00""}"
2026-08-06 00:00:00,2026-08-06 09:44:00,30,NIFTY,CHURN_COMMITTED,ON,MED,0.0006,Price move + aligned flow (committed),"{""dedupe_key"":""NIFTY|CHURN_COMMITTED|ON|2026-08-06 09:44"",""threshold"":0.0001,""value"":0.0006,""since_minute_bucket_ist"":"""",""last_updated_ist"":""2026-08-06 09:44:00""}"
2026-08-06 00:00:00,2026-08-06 09:45:00,31,NIFTY,EXP_RANGE_BREAKOUT_CONFIRMED_UP,ON,HIGH,2,Expected-range breakout CONFIRMED UP,"{""dedupe_key"":""NIFTY|EXP_RANGE_BREAKOUT_CONFIRMED_UP|ON|2026-08-06 09:45"",""threshold"":2,""value"":2,""since_minute_bucket_ist"":"""",""last_updated_ist"":""2026-08-06 09:45:00""}"
2026-08-06 00:00:00,2026-08-06 09:45:00,31,NIFTY,WALL_UNWIND_CONFIRM_UP,ON,MED,-0.0166,Call wall OI unwinding (5m),"{""dedupe_key"":""NIFTY|WALL_UNWIND_CONFIRM_UP|ON|2026-08-06 09:45"",""threshold"":-0.006,""value"":-0.0166,""since_minute_bucket_ist"":"""",""last_updated_ist"":""2026-08-06 09:45:00""}"
2026-08-06 00:00:00,2026-08-06 09:45:00,31,NIFTY,FOMO_BREAKOUT,ON,HIGH,1,FOMO breakout: breakout UP + bullish flow + vol expansion,"{""dedupe_key"":""NIFTY|FOMO_BREAKOUT|ON|2026-08-06 09:45"",""threshold"":1,""value"":1,""since_minute_bucket_ist"":"""",""last_updated_ist"":""2026-08-06 09:45:00""}"
2026-08-06 00:00:00,2026-08-06 09:46:00,32,NIFTY,TRADE_LIMIT_REACHED,ON,MED,1,Cooldown active (2m),"{""dedupe_key"":""NIFTY|TRADE_LIMIT_REACHED|ON|2026-08-06 09:46"",""threshold"":500,""value"":1,""since_minute_bucket_ist"":"""",""last_updated_ist"":""2026-08-06 09:46:00""}"
2026-08-06 00:00:00,2026-08-06 09:46:00,32,NIFTY,FLOW_BULLISH_BUILD,OFF,HIGH,0,Bullish build (premium-confirmed writing / support),"{""dedupe_key"":""NIFTY|FLOW_BULLISH_BUILD|OFF|2026-08-06 09:46"",""threshold"":0.005,""value"":0,""since_minute_bucket_ist"":""2026-08-06 09:44"",""last_updated_ist"":""2026-08-06 09:46:00""}"
2026-08-06 00:00:00,2026-08-06 09:46:00,32,NIFTY,OPTION_MOMENTUM_CALL,OFF,MED,0,ATM CALL momentum (ltp up + vol up),"{""dedupe_key"":""NIFTY|OPTION_MOMENTUM_CALL|OFF|2026-08-06 09:46"",""threshold"":1.5,""value"":0,""since_minute_bucket_ist"":""2026-08-06 09:44"",""last_updated_ist"":""2026-08-06 09:46:00""}"
2026-08-06 00:00:00,2026-08-06 09:46:00,32,NIFTY,CHURN_COMMITTED,OFF,MED,0,Price move + aligned flow (committed),"{""dedupe_key"":""NIFTY|CHURN_COMMITTED|OFF|2026-08-06 09:46"",""threshold"":0.0001,""value"":0,""since_minute_bucket_ist"":""2026-08-06 09:44"",""last_updated_ist"":""2026-08-06 09:46:00""}"
2026-08-06 00:00:00,2026-08-06 09:46:00,32,NIFTY,FOMO_BREAKOUT,OFF,HIGH,1,FOMO breakout: breakout UP + bullish flow + vol expansion,"{""dedupe_key"":""NIFTY|FOMO_BREAKOUT|OFF|2026-08-06 09:46"",""threshold"":1,""value"":1,""since_minute_bucket_ist"":""2026-08-06 09:45"",""last_updated_ist"":""2026-08-06 09:46:00""}"
2026-08-06 00:00:00,2026-08-06 09:47:00,33,NIFTY,REGIME_RANGE_PIN,OFF,LOW,0.0002,Range / pin (inside local walls),"{""dedupe_key"":""NIFTY|REGIME_RANGE_PIN|OFF|2026-08-06 09:47"",""threshold"":0.001,""value"":0.0002,""since_minute_bucket_ist"":""2026-08-06 09:40"",""last_updated_ist"":""2026-08-06 09:47:00""}"
2026-08-06 00:00:00,2026-08-06 09:47:00,33,NIFTY,REGIME_TRANSITION_UNCERTAIN,ON,LOW,1,Transition/uncertain regime,"{""dedupe_key"":""NIFTY|REGIME_TRANSITION_UNCERTAIN|ON|2026-08-06 09:47"",""threshold"":1,""value"":1,""since_minute_bucket_ist"":"""",""last_updated_ist"":""2026-08-06 09:47:00""}"
2026-08-06 00:00:00,2026-08-06 09:47:00,33,NIFTY,OPTION_MOMENTUM_CALL,ON,MED,2.6,ATM CALL momentum (ltp up + vol up),"{""dedupe_key"":""NIFTY|OPTION_MOMENTUM_CALL|ON|2026-08-06 09:47"",""threshold"":1.5,""value"":2.6,""since_minute_bucket_ist"":"""",""last_updated_ist"":""2026-08-06 09:47:00""}"
2026-08-06 00:00:00,2026-08-06 09:47:00,33,NIFTY,STEALTH_BUILD_BULL,ON,MED,0.0169,"Stealth bullish build (puts build, spot flat)","{""dedupe_key"":""NIFTY|STEALTH_BUILD_BULL|ON|2026-08-06 09:47"",""threshold"":0.008,""value"":0.0169,""since_minute_bucket_ist"":"""",""last_updated_ist"":""2026-08-06 09:47:00""}"
2026-08-06 00:00:00,2026-08-06 09:48:00,34,NIFTY,TRADE_LIMIT_REACHED,OFF,MED,1,Cooldown active (2m),"{""dedupe_key"":""NIFTY|TRADE_LIMIT_REACHED|OFF|2026-08-06 09:48"",""threshold"":500,""value"":1,""since_minute_bucket_ist"":""2026-08-06 09:46"",""last_updated_ist"":""2026-08-06 09:48:00""}"
2026-08-06 00:00:00,2026-08-06 09:48:00,34,NIFTY,FLOW_BULLISH_BUILD,ON,HIGH,0.01,Bullish build (premium-confirmed writing / support),"{""dedupe_key"":""NIFTY|FLOW_BULLISH_BUILD|ON|2026-08-06 09:48"",""threshold"":0.005,""value"":0.01,""since_minute_bucket_ist"":"""",""last_updated_ist"":""2026-08-06 09:48:00""}"
2026-08-06 00:00:00,2026-08-06 09:48:00,34,NIFTY,REGIME_TREND_UP,ON,MED,0.0012,Trend UP (slope + direction),"{""dedupe_key"":""NIFTY|REGIME_TREND_UP|ON|2026-08-06 09:48"",""threshold"":0.001,""value"":0.0012,""since_minute_bucket_ist"":"""",""last_updated_ist"":""2026-08-06 09:48:00""}"
2026-08-06 00:00:00,2026-08-06 09:48:00,34,NIFTY,REGIME_TRANSITION_UNCERTAIN,OFF,LOW,1,Transition/uncertain regime,"{""dedupe_key"":""NIFTY|REGIME_TRANSITION_UNCERTAIN|OFF|2026-08-06 09:48"",""threshold"":1,""value"":1,""since_minute_bucket_ist"":""2026-08-06 09:47"",""last_updated_ist"":""2026-08-06 09:48:00""}"
2026-08-06 00:00:00,2026-08-06 09:48:00,34,NIFTY,CHURN_COMMITTED,ON,MED,0.0004,Price move + aligned flow (committed),"{""dedupe_key"":""NIFTY|CHURN_COMMITTED|ON|2026-08-06 09:48"",""threshold"":0.0001,""value"":0.0004,""since_minute_bucket_ist"":"""",""last_updated_ist"":""2026-08-06 09:48:00""}"
2026-08-06 00:00:00,2026-08-06 09:48:00,34,NIFTY,STEALTH_BUILD_BULL,OFF,MED,0.01,"Stealth bullish build (puts build, spot flat)","{""dedupe_key"":""NIFTY|STEALTH_BUILD_BULL|OFF|2026-08-06 09:48"",""threshold"":0.008,""value"":0.01,""since_minute_bucket_ist"":""2026-08-06 09:47"",""last_updated_ist"":""2026-08-06 09:48:00""}"
2026-08-06 00:00:00,2026-08-06 09:48:00,34,NIFTY,FOMO_BREAKOUT,ON,HIGH,1,FOMO breakout: breakout UP + bullish flow + vol expansion,"{""dedupe_key"":""NIFTY|FOMO_BREAKOUT|ON|2026-08-06 09:48"",""threshold"":1,""value"":1,""since_minute_bucket_ist"":"""",""last_updated_ist"":""2026-08-06 09:48:00""}"
2026-08-06 00:00:00,2026-08-06 09:49:00,35,NIFTY,TRADE_LIMIT_REACHED,ON,MED,2,Cooldown active (2m),"{""dedupe_key"":""NIFTY|TRADE_LIMIT_REACHED|ON|2026-08-06 09:49"",""threshold"":500,""value"":2,""since_minute_bucket_ist"":"""",""last_updated_ist"":""2026-08-06 09:49:00""}"
2026-08-06 00:00:00,2026-08-06 09:49:00,35,NIFTY,FLOW_BULLISH_BUILD,OFF,HIGH,0,Bullish build (premium-confirmed writing / support),"{""dedupe_key"":""NIFTY|FLOW_BULLISH_BUILD|OFF|2026-08-06 09:49"",""threshold"":0.005,""value"":0,""since_minute_bucket_ist"":""2026-08-06 09:48"",""last_updated_ist"":""2026-08-06 09:49:00""}"
2026-08-06 00:00:00,2026-08-06 09:49:00,35,NIFTY,REGIME_TREND_UP,OFF,MED,0.0007,Trend UP (slope + direction),"{""dedupe_key"":""NIFTY|REGIME_TREND_UP|OFF|2026-08-06 09:49"",""threshold"":0.001,""value"":0.0007,""since_minute_bucket_ist"":""2026-08-06 09:48"",""last_updated_ist"":""2026-08-06 09:49:00""}"
2026-08-06 00:00:00,2026-08-06 09:49:00,35,NIFTY,REGIME_TRANSITION_UNCERTAIN,ON,LOW,1,Transition/uncertain regime,"{""dedupe_key"":""NIFTY|REGIME_TRANSITION_UNCERTAIN|ON|2026-08-06 09:49"",""threshold"":1,""value"":1,""since_minute_bucket_ist"":"""",""last_updated_ist"":""2026-08-06 09:49:00""}"
2026-08-06 00:00:00,2026-08-06 09:49:00,35,NIFTY,OPTION_MOMENTUM_CALL,OFF,MED,0,ATM CALL momentum (ltp up + vol up),"{""dedupe_key"":""NIFTY|OPTION_MOMENTUM_CALL|OFF|2026-08-06 09:49"",""threshold"":1.5,""value"":0,""since_minute_bucket_ist"":""2026-08-06 09:47"",""last_updated_ist"":""2026-08-06 09:49:00""}"
2026-08-06 00:00:00,2026-08-06 09:49:00,35,NIFTY,CHURN_COMMITTED,OFF,MED,0,Price move + aligned flow (committed),"{""dedupe_key"":""NIFTY|CHURN_COMMITTED|OFF|2026-08-06 09:49"",""threshold"":0.0001,""value"":0,""since_minute_bucket_ist"":""2026-08-06 09:48"",""last_updated_ist"":""2026-08-06 09:49:00""}"
2026-08-06 00:00:00,2026-08-06 09:49:00,35,NIFTY,FOMO_BREAKOUT,OFF,HIGH,1,FOMO breakout: breakout UP + bullish flow + vol expansion,"{""dedupe_key"":""NIFTY|FOMO_BREAKOUT|OFF|2026-08-06 09:49"",""threshold"":1,""value"":1,""since_minute_bucket_ist"":""2026-08-06 09:48"",""last_updated_ist"":""2026-08-06 09:49:00""}"
2026-08-06 00:00:00,2026-08-06 09:50:00,36,NIFTY,REGIME_RANGE_PIN,ON,LOW,0.0002,Range / pin (inside local walls),"{""dedupe_key"":""NIFTY|REGIME_RANGE_PIN|ON|2026-08-06 09:50"",""threshold"":0.001,""value"":0.0002,""since_minute_bucket_ist"":"""",""last_updated_ist"":""2026-08-06 09:50:00""}"
2026-08-06 00:00:00,2026-08-06 09:50:00,36,NIFTY,REGIME_TRANSITION_UNCERTAIN,OFF,LOW,1,Transition/uncertain regime,"{""dedupe_key"":""NIFTY|REGIME_TRANSITION_UNCERTAIN|OFF|2026-08-06 09:50"",""threshold"":1,""value"":1,""since_minute_bucket_ist"":""2026-08-06 09:49"",""last_updated_ist"":""2026-08-06 09:50:00""}"
2026-08-06 00:00:00,2026-08-06 09:50:00,36,NIFTY,EXP_RANGE_BREAKOUT_WATCH_UP,OFF,MED,24660.85,Expected-range watch UP,"{""dedupe_key"":""NIFTY|EXP_RANGE_BREAKOUT_WATCH_UP|OFF|2026-08-06 09:50"",""threshold"":24661.81,""value"":24660.85,""since_minute_bucket_ist"":""2026-08-06 09:44"",""last_updated_ist"":""2026-08-06 09:50:00""}"
2026-08-06 00:00:00,2026-08-06 09:50:00,36,NIFTY,EXP_RANGE_BREAKOUT_CONFIRMED_UP,OFF,HIGH,0,Expected-range breakout CONFIRMED UP,"{""dedupe_key"":""NIFTY|EXP_RANGE_BREAKOUT_CONFIRMED_UP|OFF|2026-08-06 09:50"",""threshold"":2,""value"":0,""since_minute_bucket_ist"":""2026-08-06 09:45"",""last_updated_ist"":""2026-08-06 09:50:00""}"
2026-08-06 00:00:00,2026-08-06 09:50:00,36,NIFTY,OPTION_MOMENTUM_PUT,ON,MED,3.8,ATM PUT momentum (ltp up + vol up),"{""dedupe_key"":""NIFTY|OPTION_MOMENTUM_PUT|ON|2026-08-06 09:50"",""threshold"":1.5,""value"":3.8,""since_minute_bucket_ist"":"""",""last_updated_ist"":""2026-08-06 09:50:00""}"
2026-08-06 00:00:00,2026-08-06 09:50:00,36,NIFTY,STEALTH_BUILD_BULL,ON,MED,0.0186,"Stealth bullish build (puts build, spot flat)","{""dedupe_key"":""NIFTY|STEALTH_BUILD_BULL|ON|2026-08-06 09:50"",""threshold"":0.008,""value"":0.0186,""since_minute_bucket_ist"":"""",""last_updated_ist"":""2026-08-06 09:50:00""}"
2026-08-06 00:00:00,2026-08-06 09:51:00,37,NIFTY,TRADE_LIMIT_REACHED,OFF,MED,2,Cooldown active (2m),"{""dedupe_key"":""NIFTY|TRADE_LIMIT_REACHED|OFF|2026-08-06 09:51"",""threshold"":500,""value"":2,""since_minute_bucket_ist"":""2026-08-06 09:49"",""last_updated_ist"":""2026-08-06 09:51:00""}"
2026-08-06 00:00:00,2026-08-06 09:51:00,37,NIFTY,FLOW_BULLISH_BUILD,ON,HIGH,0.01,Bullish build (premium-confirmed writing / support),"{""dedupe_key"":""NIFTY|FLOW_BULLISH_BUILD|ON|2026-08-06 09:51"",""threshold"":0.005,""value"":0.01,""since_minute_bucket_ist"":"""",""last_updated_ist"":""2026-08-06 09:51:00""}"
2026-08-06 00:00:00,2026-08-06 09:51:00,37,NIFTY,OPTION_MOMENTUM_PUT,OFF,MED,-0.3,ATM PUT momentum (ltp up + vol up),"{""dedupe_key"":""NIFTY|OPTION_MOMENTUM_PUT|OFF|2026-08-06 09:51"",""threshold"":1.5,""value"":-0.3,""since_minute_bucket_ist"":""2026-08-06 09:50"",""last_updated_ist"":""2026-08-06 09:51:00""}"
2026-08-06 00:00:00,2026-08-06 09:52:00,38,NIFTY,FLOW_BULLISH_BUILD,OFF,HIGH,0,Bullish build (premium-confirmed writing / support),"{""dedupe_key"":""NIFTY|FLOW_BULLISH_BUILD|OFF|2026-08-06 09:52"",""threshold"":0.005,""value"":0,""since_minute_bucket_ist"":""2026-08-06 09:51"",""last_updated_ist"":""2026-08-06 09:52:00""}"
2026-08-06 00:00:00,2026-08-06 09:52:00,38,NIFTY,STEALTH_BUILD_BULL,OFF,MED,0,"Stealth bullish build (puts build, spot flat)","{""dedupe_key"":""NIFTY|STEALTH_BUILD_BULL|OFF|2026-08-06 09:52"",""threshold"":0.008,""value"":0,""since_minute_bucket_ist"":""2026-08-06 09:50"",""last_updated_ist"":""2026-08-06 09:52:00""}"
2026-08-06 00:00:00,2026-08-06 09:54:00,40,NIFTY,VOL_EXPANSION,OFF,MED,0.0036,Volatility expanding (straddle up),"{""dedupe_key"":""NIFTY|VOL_EXPANSION|OFF|2026-08-06 09:54"",""threshold"":0.02,""value"":0.0036,""since_minute_bucket_ist"":""2026-08-06 09:44"",""last_updated_ist"":""2026-08-06 09:54:00""}"
2026-08-06 00:00:00,2026-08-06 09:55:00,41,NIFTY,OPTION_MOMENTUM_CALL,ON,MED,1.8,ATM CALL momentum (ltp up + vol up),"{""dedupe_key"":""NIFTY|OPTION_MOMENTUM_CALL|ON|2026-08-06 09:55"",""threshold"":1.5,""value"":1.8,""since_minute_bucket_ist"":"""",""last_updated_ist"":""2026-08-06 09:55:00""}"
2026-08-06 00:00:00,2026-08-06 09:55:00,41,NIFTY,WALL_UNWIND_CONFIRM_UP,OFF,MED,0.0002,Call wall OI unwinding (5m),"{""dedupe_key"":""NIFTY|WALL_UNWIND_CONFIRM_UP|OFF|2026-08-06 09:55"",""threshold"":-0.006,""value"":0.0002,""since_minute_bucket_ist"":""2026-08-06 09:45"",""last_updated_ist"":""2026-08-06 09:55:00""}"
2026-08-06 00:00:00,2026-08-06 09:56:00,42,NIFTY,OPTION_MOMENTUM_CALL,OFF,MED,-2.8,ATM CALL momentum (ltp up + vol up),"{""dedupe_key"":""NIFTY|OPTION_MOMENTUM_CALL|OFF|2026-08-06 09:56"",""threshold"":1.5,""value"":-2.8,""since_minute_bucket_ist"":""2026-08-06 09:55"",""last_updated_ist"":""2026-08-06 09:56:00""}"
2026-08-06 00:00:00,2026-08-06 09:56:00,42,NIFTY,OPTION_MOMENTUM_PUT,ON,MED,2.4,ATM PUT momentum (ltp up + vol up),"{""dedupe_key"":""NIFTY|OPTION_MOMENTUM_PUT|ON|2026-08-06 09:56"",""threshold"":1.5,""value"":2.4,""since_minute_bucket_ist"":"""",""last_updated_ist"":""2026-08-06 09:56:00""}"
2026-08-06 00:00:00,2026-08-06 09:57:00,43,NIFTY,REGIME_RANGE_PIN,OFF,LOW,0.0001,Range / pin (inside local walls),"{""dedupe_key"":""NIFTY|REGIME_RANGE_PIN|OFF|2026-08-06 09:57"",""threshold"":0.001,""value"":0.0001,""since_minute_bucket_ist"":""2026-08-06 09:50"",""last_updated_ist"":""2026-08-06 09:57:00""}"
2026-08-06 00:00:00,2026-08-06 09:57:00,43,NIFTY,REGIME_TRANSITION_UNCERTAIN,ON,LOW,1,Transition/uncertain regime,"{""dedupe_key"":""NIFTY|REGIME_TRANSITION_UNCERTAIN|ON|2026-08-06 09:57"",""threshold"":1,""value"":1,""since_minute_bucket_ist"":"""",""last_updated_ist"":""2026-08-06 09:57:00""}"
2026-08-06 00:00:00,2026-08-06 09:57:00,43,NIFTY,EXP_RANGE_BREAKOUT_WATCH_DOWN,ON,MED,24646.85,Expected-range watch DOWN,"{""dedupe_key"":""NIFTY|EXP_RANGE_BREAKOUT_WATCH_DOWN|ON|2026-08-06 09:57"",""threshold"":24650.8,""value"":24646.85,""since_minute_bucket_ist"":"""",""last_updated_ist"":""2026-08-06 09:57:00""}"
2026-08-06 00:00:00,2026-08-06 09:57:00,43,NIFTY,VOL_CONTRACTION,ON,LOW,-0.0161,Volatility contracting (straddle down),"{""dedupe_key"":""NIFTY|VOL_CONTRACTION|ON|2026-08-06 09:57"",""threshold"":-0.03,""value"":-0.0161,""since_minute_bucket_ist"":"""",""last_updated_ist"":""2026-08-06 09:57:00""}"
2026-08-06 00:00:00,2026-08-06 09:58:00,44,NIFTY,EXP_RANGE_BREAKOUT_CONFIRMED_DOWN,ON,HIGH,2,Expected-range breakout CONFIRMED DOWN,"{""dedupe_key"":""NIFTY|EXP_RANGE_BREAKOUT_CONFIRMED_DOWN|ON|2026-08-06 09:58"",""threshold"":2,""value"":2,""since_minute_bucket_ist"":"""",""last_updated_ist"":""2026-08-06 09:58:00""}"
2026-08-06 00:00:00,2026-08-06 09:58:00,44,NIFTY,OPTION_MOMENTUM_PUT,OFF,MED,0.4,ATM PUT momentum (ltp up + vol up),"{""dedupe_key"":""NIFTY|OPTION_MOMENTUM_PUT|OFF|2026-08-06 09:58"",""threshold"":1.5,""value"":0.4,""since_minute_bucket_ist"":""2026-08-06 09:56"",""last_updated_ist"":""2026-08-06 09:58:00""}"
2026-08-06 00:00:00,2026-08-06 10:00:00,46,NIFTY,FLOW_BEARISH_BUILD,ON,HIGH,0.0064,Bearish build (premium-confirmed writing / resistance),"{""dedupe_key"":""NIFTY|FLOW_BEARISH_BUILD|ON|2026-08-06 10:00"",""threshold"":0.005,""value"":0.0064,""since_minute_bucket_ist"":"""",""last_updated_ist"":""2026-08-06 10:00:00""}"
2026-08-06 00:00:00,2026-08-06 10:00:00,46,NIFTY,REGIME_TREND_DOWN,ON,MED,-0.0011,Trend DOWN (slope + direction),"{""dedupe_key"":""NIFTY|REGIME_TREND_DOWN|ON|2026-08-06 10:00"",""threshold"":-0.001,""value"":-0.0011,""since_minute_bucket_ist"":"""",""last_updated_ist"":""2026-08-06 10:00:00""}"
2026-08-06 00:00:00,2026-08-06 10:00:00,46,NIFTY,REGIME_TRANSITION_UNCERTAIN,OFF,LOW,1,Transition/uncertain regime,"{""dedupe_key"":""NIFTY|REGIME_TRANSITION_UNCERTAIN|OFF|2026-08-06 10:00"",""threshold"":1,""value"":1,""since_minute_bucket_ist"":""2026-08-06 09:57"",""last_updated_ist"":""2026-08-06 10:00:00""}"
2026-08-06 00:00:00,2026-08-06 10:00:00,46,NIFTY,PIN_BASIC,ON,LOW,37.5,Spot near a local wall (pin zone),"{""dedupe_key"":""NIFTY|PIN_BASIC|ON|2026-08-06 10:00"",""threshold"":37.5,""value"":37.5,""since_minute_bucket_ist"":"""",""last_updated_ist"":""2026-08-06 10:00:00""}"
2026-08-06 00:00:00,2026-08-06 10:00:00,46,NIFTY,PIN_BREAKOUT_SETUP,ON,MED,-7.549999999999272,Pin breakout setup (wall touch + aligned flow),"{""dedupe_key"":""NIFTY|PIN_BREAKOUT_SETUP|ON|2026-08-06 10:00"",""threshold"":0,""value"":-7.549999999999272,""since_minute_bucket_ist"":"""",""last_updated_ist"":""2026-08-06 10:00:00""}"
2026-08-06 00:00:00,2026-08-06 10:00:00,46,NIFTY,OPTION_MOMENTUM_PUT,ON,MED,3.2,ATM PUT momentum (ltp up + vol up),"{""dedupe_key"":""NIFTY|OPTION_MOMENTUM_PUT|ON|2026-08-06 10:00"",""threshold"":1.5,""value"":3.2,""since_minute_bucket_ist"":"""",""last_updated_ist"":""2026-08-06 10:00:00""}"
2026-08-06 00:00:00,2026-08-06 10:00:00,46,NIFTY,CHURN_COMMITTED,ON,MED,-0.0003,Price move + aligned flow (committed),"{""dedupe_key"":""NIFTY|CHURN_COMMITTED|ON|2026-08-06 10:00"",""threshold"":0.0001,""value"":-0.0003,""since_minute_bucket_ist"":"""",""last_updated_ist"":""2026-08-06 10:00:00""}"
2026-08-06 00:00:00,2026-08-06 10:00:00,46,NIFTY,WALL_PRESSURE_BREAK_SETUP,ON,MED,-7.549999999999272,Pressure building into a wall (break setup),"{""dedupe_key"":""NIFTY|WALL_PRESSURE_BREAK_SETUP|ON|2026-08-06 10:00"",""threshold"":0,""value"":-7.549999999999272,""since_minute_bucket_ist"":"""",""last_updated_ist"":""2026-08-06 10:00:00""}"
2026-08-06 00:00:00,2026-08-06 10:01:00,47,NIFTY,FLOW_BEARISH_BUILD,OFF,HIGH,0.0019,Bearish build (premium-confirmed writing / resistance),"{""dedupe_key"":""NIFTY|FLOW_BEARISH_BUILD|OFF|2026-08-06 10:01"",""threshold"":0.005,""value"":0.0019,""since_minute_bucket_ist"":""2026-08-06 10:00"",""last_updated_ist"":""2026-08-06 10:01:00""}"
2026-08-06 00:00:00,2026-08-06 10:01:00,47,NIFTY,PIN_BREAKOUT_SETUP,OFF,MED,-11.350000000002183,Pin breakout setup (wall touch + aligned flow),"{""dedupe_key"":""NIFTY|PIN_BREAKOUT_SETUP|OFF|2026-08-06 10:01"",""threshold"":0,""value"":-11.350000000002183,""since_minute_bucket_ist"":""2026-08-06 10:00"",""last_updated_ist"":""2026-08-06 10:01:00""}"
2026-08-06 00:00:00,2026-08-06 10:01:00,47,NIFTY,VOL_CONTRACTION,OFF,LOW,0.0089,Volatility contracting (straddle down),"{""dedupe_key"":""NIFTY|VOL_CONTRACTION|OFF|2026-08-06 10:01"",""threshold"":-0.03,""value"":0.0089,""since_minute_bucket_ist"":""2026-08-06 09:57"",""last_updated_ist"":""2026-08-06 10:01:00""}"
2026-08-06 00:00:00,2026-08-06 10:01:00,47,NIFTY,WALL_UNWIND_CONFIRM_DOWN,ON,MED,-0.0267,Put wall OI unwinding (5m),"{""dedupe_key"":""NIFTY|WALL_UNWIND_CONFIRM_DOWN|ON|2026-08-06 10:01"",""threshold"":-0.006,""value"":-0.0267,""since_minute_bucket_ist"":"""",""last_updated_ist"":""2026-08-06 10:01:00""}"
2026-08-06 00:00:00,2026-08-06 10:01:00,47,NIFTY,CHURN_COMMITTED,OFF,MED,-0.0005,Price move + aligned flow (committed),"{""dedupe_key"":""NIFTY|CHURN_COMMITTED|OFF|2026-08-06 10:01"",""threshold"":0.0001,""value"":-0.0005,""since_minute_bucket_ist"":""2026-08-06 10:00"",""last_updated_ist"":""2026-08-06 10:01:00""}"
2026-08-06 00:00:00,2026-08-06 10:01:00,47,NIFTY,WALL_PRESSURE_BREAK_SETUP,OFF,MED,-11.350000000002183,Pressure building into a wall (break setup),"{""dedupe_key"":""NIFTY|WALL_PRESSURE_BREAK_SETUP|OFF|2026-08-06 10:01"",""threshold"":0,""value"":-11.350000000002183,""since_minute_bucket_ist"":""2026-08-06 10:00"",""last_updated_ist"":""2026-08-06 10:01:00""}"
2026-08-06 00:00:00,2026-08-06 10:02:00,48,NIFTY,TRADE_LIMIT_REACHED,ON,MED,2,Cooldown active (2m),"{""dedupe_key"":""NIFTY|TRADE_LIMIT_REACHED|ON|2026-08-06 10:02"",""threshold"":500,""value"":2,""since_minute_bucket_ist"":"""",""last_updated_ist"":""2026-08-06 10:02:00""}"
2026-08-06 00:00:00,2026-08-06 10:02:00,48,NIFTY,FLOW_BEARISH_BUILD,ON,HIGH,0.0069,Bearish build (premium-confirmed writing / resistance),"{""dedupe_key"":""NIFTY|FLOW_BEARISH_BUILD|ON|2026-08-06 10:02"",""threshold"":0.005,""value"":0.0069,""since_minute_bucket_ist"":"""",""last_updated_ist"":""2026-08-06 10:02:00""}"
2026-08-06 00:00:00,2026-08-06 10:02:00,48,NIFTY,REGIME_TREND_DOWN,OFF,MED,-0.0009,Trend DOWN (slope + direction),"{""dedupe_key"":""NIFTY|REGIME_TREND_DOWN|OFF|2026-08-06 10:02"",""threshold"":-0.001,""value"":-0.0009,""since_minute_bucket_ist"":""2026-08-06 10:00"",""last_updated_ist"":""2026-08-06 10:02:00""}"
2026-08-06 00:00:00,2026-08-06 10:02:00,48,NIFTY,REGIME_TRANSITION_UNCERTAIN,ON,LOW,1,Transition/uncertain regime,"{""dedupe_key"":""NIFTY|REGIME_TRANSITION_UNCERTAIN|ON|2026-08-06 10:02"",""threshold"":1,""value"":1,""since_minute_bucket_ist"":"""",""last_updated_ist"":""2026-08-06 10:02:00""}"
2026-08-06 00:00:00,2026-08-06 10:02:00,48,NIFTY,VOL_CONTRACTION,ON,LOW,-0.0161,Volatility contracting (straddle down),"{""dedupe_key"":""NIFTY|VOL_CONTRACTION|ON|2026-08-06 10:02"",""threshold"":-0.03,""value"":-0.0161,""since_minute_bucket_ist"":"""",""last_updated_ist"":""2026-08-06 10:02:00""}"
2026-08-06 00:00:00,2026-08-06 10:02:00,48,NIFTY,OPTION_MOMENTUM_PUT,OFF,MED,0.75,ATM PUT momentum (ltp up + vol up),"{""dedupe_key"":""NIFTY|OPTION_MOMENTUM_PUT|OFF|2026-08-06 10:02"",""threshold"":1.5,""value"":0.75,""since_minute_bucket_ist"":""2026-08-06 10:00"",""last_updated_ist"":""2026-08-06 10:02:00""}"
2026-08-06 00:00:00,2026-08-06 10:03:00,49,NIFTY,REGIME_TREND_DOWN,ON,MED,-0.0013,Trend DOWN (slope + direction),"{""dedupe_key"":""NIFTY|REGIME_TREND_DOWN|ON|2026-08-06 10:03"",""threshold"":-0.001,""value"":-0.0013,""since_minute_bucket_ist"":"""",""last_updated_ist"":""2026-08-06 10:03:00""}"
2026-08-06 00:00:00,2026-08-06 10:03:00,49,NIFTY,REGIME_TRANSITION_UNCERTAIN,OFF,LOW,1,Transition/uncertain regime,"{""dedupe_key"":""NIFTY|REGIME_TRANSITION_UNCERTAIN|OFF|2026-08-06 10:03"",""threshold"":1,""value"":1,""since_minute_bucket_ist"":""2026-08-06 10:02"",""last_updated_ist"":""2026-08-06 10:03:00""}"
2026-08-06 00:00:00,2026-08-06 10:03:00,49,NIFTY,PIN_BREAKOUT_SETUP,ON,MED,-11.299999999999272,Pin breakout setup (wall touch + aligned flow),"{""dedupe_key"":""NIFTY|PIN_BREAKOUT_SETUP|ON|2026-08-06 10:03"",""threshold"":0,""value"":-11.299999999999272,""since_minute_bucket_ist"":"""",""last_updated_ist"":""2026-08-06 10:03:00""}"
2026-08-06 00:00:00,2026-08-06 10:03:00,49,NIFTY,VOL_CONTRACTION,OFF,LOW,0.0084,Volatility contracting (straddle down),"{""dedupe_key"":""NIFTY|VOL_CONTRACTION|OFF|2026-08-06 10:03"",""threshold"":-0.03,""value"":0.0084,""since_minute_bucket_ist"":""2026-08-06 10:02"",""last_updated_ist"":""2026-08-06 10:03:00""}"
2026-08-06 00:00:00,2026-08-06 10:03:00,49,NIFTY,OPTION_MOMENTUM_PUT,ON,MED,4.1,ATM PUT momentum (ltp up + vol up),"{""dedupe_key"":""NIFTY|OPTION_MOMENTUM_PUT|ON|2026-08-06 10:03"",""threshold"":1.5,""value"":4.1,""since_minute_bucket_ist"":"""",""last_updated_ist"":""2026-08-06 10:03:00""}"
2026-08-06 00:00:00,2026-08-06 10:03:00,49,NIFTY,CHURN_COMMITTED,ON,MED,-0.0005,Price move + aligned flow (committed),"{""dedupe_key"":""NIFTY|CHURN_COMMITTED|ON|2026-08-06 10:03"",""threshold"":0.0001,""value"":-0.0005,""since_minute_bucket_ist"":"""",""last_updated_ist"":""2026-08-06 10:03:00""}"
2026-08-06 00:00:00,2026-08-06 10:03:00,49,NIFTY,WALL_PRESSURE_BREAK_SETUP,ON,MED,-11.299999999999272,Pressure building into a wall (break setup),"{""dedupe_key"":""NIFTY|WALL_PRESSURE_BREAK_SETUP|ON|2026-08-06 10:03"",""threshold"":0,""value"":-11.299999999999272,""since_minute_bucket_ist"":"""",""last_updated_ist"":""2026-08-06 10:03:00""}"
2026-08-06 00:00:00,2026-08-06 10:04:00,50,NIFTY,TRADE_LIMIT_REACHED,OFF,MED,2,Cooldown active (2m),"{""dedupe_key"":""NIFTY|TRADE_LIMIT_REACHED|OFF|2026-08-06 10:04"",""threshold"":500,""value"":2,""since_minute_bucket_ist"":""2026-08-06 10:02"",""last_updated_ist"":""2026-08-06 10:04:00""}"
2026-08-06 00:00:00,2026-08-06 10:05:00,51,NIFTY,TRADE_LIMIT_REACHED,ON,MED,3,Cooldown active (2m),"{""dedupe_key"":""NIFTY|TRADE_LIMIT_REACHED|ON|2026-08-06 10:05"",""threshold"":500,""value"":3,""since_minute_bucket_ist"":"""",""last_updated_ist"":""2026-08-06 10:05:00""}"
2026-08-06 00:00:00,2026-08-06 10:05:00,51,NIFTY,FLOW_BEARISH_BUILD,OFF,HIGH,0.0054,Bearish build (premium-confirmed writing / resistance),"{""dedupe_key"":""NIFTY|FLOW_BEARISH_BUILD|OFF|2026-08-06 10:05"",""threshold"":0.005,""value"":0.0054,""since_minute_bucket_ist"":""2026-08-06 10:02"",""last_updated_ist"":""2026-08-06 10:05:00""}"
2026-08-06 00:00:00,2026-08-06 10:05:00,51,NIFTY,REGIME_TREND_DOWN,OFF,MED,-0.001,Trend DOWN (slope + direction),"{""dedupe_key"":""NIFTY|REGIME_TREND_DOWN|OFF|2026-08-06 10:05"",""threshold"":-0.001,""value"":-0.001,""since_minute_bucket_ist"":""2026-08-06 10:03"",""last_updated_ist"":""2026-08-06 10:05:00""}"
2026-08-06 00:00:00,2026-08-06 10:05:00,51,NIFTY,REGIME_TRANSITION_UNCERTAIN,ON,LOW,1,Transition/uncertain regime,"{""dedupe_key"":""NIFTY|REGIME_TRANSITION_UNCERTAIN|ON|2026-08-06 10:05"",""threshold"":1,""value"":1,""since_minute_bucket_ist"":"""",""last_updated_ist"":""2026-08-06 10:05:00""}"
2026-08-06 00:00:00,2026-08-06 10:05:00,51,NIFTY,PIN_BREAKOUT_SETUP,OFF,MED,2.650000000001455,Pin breakout setup (wall touch + aligned flow),"{""dedupe_key"":""NIFTY|PIN_BREAKOUT_SETUP|OFF|2026-08-06 10:05"",""threshold"":0,""value"":2.650000000001455,""since_minute_bucket_ist"":""2026-08-06 10:03"",""last_updated_ist"":""2026-08-06 10:05:00""}"
2026-08-06 00:00:00,2026-08-06 10:05:00,51,NIFTY,EXP_RANGE_BREAKOUT_WATCH_DOWN,OFF,MED,24611.7,Expected-range watch DOWN,"{""dedupe_key"":""NIFTY|EXP_RANGE_BREAKOUT_WATCH_DOWN|OFF|2026-08-06 10:05"",""threshold"":24611.27,""value"":24611.7,""since_minute_bucket_ist"":""2026-08-06 09:57"",""last_updated_ist"":""2026-08-06 10:05:00""}"
2026-08-06 00:00:00,2026-08-06 10:05:00,51,NIFTY,EXP_RANGE_BREAKOUT_CONFIRMED_DOWN,OFF,HIGH,0,Expected-range breakout CONFIRMED DOWN,"{""dedupe_key"":""NIFTY|EXP_RANGE_BREAKOUT_CONFIRMED_DOWN|OFF|2026-08-06 10:05"",""threshold"":2,""value"":0,""since_minute_bucket_ist"":""2026-08-06 09:58"",""last_updated_ist"":""2026-08-06 10:05:00""}"
2026-08-06 00:00:00,2026-08-06 10:05:00,51,NIFTY,OPTION_MOMENTUM_CALL,ON,MED,3.8,ATM CALL momentum (ltp up + vol up),"{""dedupe_key"":""NIFTY|OPTION_MOMENTUM_CALL|ON|2026-08-06 10:05"",""threshold"":1.5,""value"":3.8,""since_minute_bucket_ist"":"""",""last_updated_ist"":""2026-08-06 10:05:00""}"
2026-08-06 00:00:00,2026-08-06 10:05:00,51,NIFTY,OPTION_MOMENTUM_PUT,OFF,MED,-3.55,ATM PUT momentum (ltp up + vol up),"{""dedupe_key"":""NIFTY|OPTION_MOMENTUM_PUT|OFF|2026-08-06 10:05"",""threshold"":1.5,""value"":-3.55,""since_minute_bucket_ist"":""2026-08-06 10:03"",""last_updated_ist"":""2026-08-06 10:05:00""}"
2026-08-06 00:00:00,2026-08-06 10:05:00,51,NIFTY,CHURN_COMMITTED,OFF,MED,0.0001,Price move + aligned flow (committed),"{""dedupe_key"":""NIFTY|CHURN_COMMITTED|OFF|2026-08-06 10:05"",""threshold"":0.0001,""value"":0.0001,""since_minute_bucket_ist"":""2026-08-06 10:03"",""last_updated_ist"":""2026-08-06 10:05:00""}"
2026-08-06 00:00:00,2026-08-06 10:05:00,51,NIFTY,WALL_PRESSURE_BREAK_SETUP,OFF,MED,2.650000000001455,Pressure building into a wall (break setup),"{""dedupe_key"":""NIFTY|WALL_PRESSURE_BREAK_SETUP|OFF|2026-08-06 10:05"",""threshold"":0,""value"":2.650000000001455,""since_minute_bucket_ist"":""2026-08-06 10:03"",""last_updated_ist"":""2026-08-06 10:05:00""}"
2026-08-06 00:00:00,2026-08-06 10:06:00,52,NIFTY,TRADE_LIMIT_REACHED,OFF,MED,3,Cooldown active (2m),"{""dedupe_key"":""NIFTY|TRADE_LIMIT_REACHED|OFF|2026-08-06 10:06"",""threshold"":500,""value"":3,""since_minute_bucket_ist"":""2026-08-06 10:05"",""last_updated_ist"":""2026-08-06 10:06:00""}"
2026-08-06 00:00:00,2026-08-06 10:06:00,52,NIFTY,FLOW_BEARISH_BUILD,ON,HIGH,0.0176,Bearish build (premium-confirmed writing / resistance),"{""dedupe_key"":""NIFTY|FLOW_BEARISH_BUILD|ON|2026-08-06 10:06"",""threshold"":0.005,""value"":0.0176,""since_minute_bucket_ist"":"""",""last_updated_ist"":""2026-08-06 10:06:00""}"
2026-08-06 00:00:00,2026-08-06 10:06:00,52,NIFTY,REGIME_RANGE_PIN,ON,LOW,0.0002,Range / pin (inside local walls),"{""dedupe_key"":""NIFTY|REGIME_RANGE_PIN|ON|2026-08-06 10:06"",""threshold"":0.001,""value"":0.0002,""since_minute_bucket_ist"":"""",""last_updated_ist"":""2026-08-06 10:06:00""}"
2026-08-06 00:00:00,2026-08-06 10:06:00,52,NIFTY,REGIME_TRANSITION_UNCERTAIN,OFF,LOW,1,Transition/uncertain regime,"{""dedupe_key"":""NIFTY|REGIME_TRANSITION_UNCERTAIN|OFF|2026-08-06 10:06"",""threshold"":1,""value"":1,""since_minute_bucket_ist"":""2026-08-06 10:05"",""last_updated_ist"":""2026-08-06 10:06:00""}"
2026-08-06 00:00:00,2026-08-06 10:06:00,52,NIFTY,VOL_EXPANSION,ON,MED,0.0412,Volatility expanding (straddle up),"{""dedupe_key"":""NIFTY|VOL_EXPANSION|ON|2026-08-06 10:06"",""threshold"":0.02,""value"":0.0412,""since_minute_bucket_ist"":"""",""last_updated_ist"":""2026-08-06 10:06:00""}"
2026-08-06 00:00:00,2026-08-06 10:06:00,52,NIFTY,OPTION_MOMENTUM_CALL,OFF,MED,0,ATM CALL momentum (ltp up + vol up),"{""dedupe_key"":""NIFTY|OPTION_MOMENTUM_CALL|OFF|2026-08-06 10:06"",""threshold"":1.5,""value"":0,""since_minute_bucket_ist"":""2026-08-06 10:05"",""last_updated_ist"":""2026-08-06 10:06:00""}"
2026-08-06 00:00:00,2026-08-06 10:06:00,52,NIFTY,OPTION_MOMENTUM_PUT,ON,MED,3.4,ATM PUT momentum (ltp up + vol up),"{""dedupe_key"":""NIFTY|OPTION_MOMENTUM_PUT|ON|2026-08-06 10:06"",""threshold"":1.5,""value"":3.4,""since_minute_bucket_ist"":"""",""last_updated_ist"":""2026-08-06 10:06:00""}"
2026-08-06 00:00:00,2026-08-06 10:06:00,52,NIFTY,STEALTH_BUILD_BEAR,ON,MED,0.0176,"Stealth bearish build (calls build, spot flat)","{""dedupe_key"":""NIFTY|STEALTH_BUILD_BEAR|ON|2026-08-06 10:06"",""threshold"":0.008,""value"":0.0176,""since_minute_bucket_ist"":"""",""last_updated_ist"":""2026-08-06 10:06:00""}"
2026-08-06 00:00:00,2026-08-06 10:07:00,53,NIFTY,FLOW_BEARISH_BUILD,OFF,HIGH,0,Bearish build (premium-confirmed writing / resistance),"{""dedupe_key"":""NIFTY|FLOW_BEARISH_BUILD|OFF|2026-08-06 10:07"",""threshold"":0.005,""value"":0,""since_minute_bucket_ist"":""2026-08-06 10:06"",""last_updated_ist"":""2026-08-06 10:07:00""}"
2026-08-06 00:00:00,2026-08-06 10:07:00,53,NIFTY,OPTION_MOMENTUM_PUT,OFF,MED,0,ATM PUT momentum (ltp up + vol up),"{""dedupe_key"":""NIFTY|OPTION_MOMENTUM_PUT|OFF|2026-08-06 10:07"",""threshold"":1.5,""value"":0,""since_minute_bucket_ist"":""2026-08-06 10:06"",""last_updated_ist"":""2026-08-06 10:07:00""}"
2026-08-06 00:00:00,2026-08-06 10:07:00,53,NIFTY,STEALTH_BUILD_BEAR,OFF,MED,0,"Stealth bearish build (calls build, spot flat)","{""dedupe_key"":""NIFTY|STEALTH_BUILD_BEAR|OFF|2026-08-06 10:07"",""threshold"":0.008,""value"":0,""since_minute_bucket_ist"":""2026-08-06 10:06"",""last_updated_ist"":""2026-08-06 10:07:00""}"
2026-08-06 00:00:00,2026-08-06 10:08:00,54,NIFTY,OPTION_MOMENTUM_CALL,ON,MED,3.8,ATM CALL momentum (ltp up + vol up),"{""dedupe_key"":""NIFTY|OPTION_MOMENTUM_CALL|ON|2026-08-06 10:08"",""threshold"":1.5,""value"":3.8,""since_minute_bucket_ist"":"""",""last_updated_ist"":""2026-08-06 10:08:00""}"
2026-08-06 00:00:00,2026-08-06 10:08:00,54,NIFTY,STEALTH_BUILD_BEAR,ON,MED,0.0198,"Stealth bearish build (calls build, spot flat)","{""dedupe_key"":""NIFTY|STEALTH_BUILD_BEAR|ON|2026-08-06 10:08"",""threshold"":0.008,""value"":0.0198,""since_minute_bucket_ist"":"""",""last_updated_ist"":""2026-08-06 10:08:00""}"
2026-08-06 00:00:00,2026-08-06 10:08:00,54,NIFTY,WALL_SHIFT_REGIME,ON,MED,1,Wall strike shifted materially (>= 1 step),"{""dedupe_key"":""NIFTY|WALL_SHIFT_REGIME|ON|2026-08-06 10:08"",""threshold"":1,""value"":1,""since_minute_bucket_ist"":"""",""last_updated_ist"":""2026-08-06 10:08:00""}"
2026-08-06 00:00:00,2026-08-06 10:09:00,55,NIFTY,VOL_EXPANSION,OFF,MED,0.0121,Volatility expanding (straddle up),"{""dedupe_key"":""NIFTY|VOL_EXPANSION|OFF|2026-08-06 10:09"",""threshold"":0.02,""value"":0.0121,""since_minute_bucket_ist"":""2026-08-06 10:06"",""last_updated_ist"":""2026-08-06 10:09:00""}"
2026-08-06 00:00:00,2026-08-06 10:09:00,55,NIFTY,OPTION_MOMENTUM_CALL,OFF,MED,0,ATM CALL momentum (ltp up + vol up),"{""dedupe_key"":""NIFTY|OPTION_MOMENTUM_CALL|OFF|2026-08-06 10:09"",""threshold"":1.5,""value"":0,""since_minute_bucket_ist"":""2026-08-06 10:08"",""last_updated_ist"":""2026-08-06 10:09:00""}"
2026-08-06 00:00:00,2026-08-06 10:09:00,55,NIFTY,STEALTH_BUILD_BEAR,OFF,MED,0,"Stealth bearish build (calls build, spot flat)","{""dedupe_key"":""NIFTY|STEALTH_BUILD_BEAR|OFF|2026-08-06 10:09"",""threshold"":0.008,""value"":0,""since_minute_bucket_ist"":""2026-08-06 10:08"",""last_updated_ist"":""2026-08-06 10:09:00""}"
2026-08-06 00:00:00,2026-08-06 10:09:00,55,NIFTY,WALL_SHIFT_REGIME,OFF,MED,1,Wall strike shifted materially (>= 1 step),"{""dedupe_key"":""NIFTY|WALL_SHIFT_REGIME|OFF|2026-08-06 10:09"",""threshold"":1,""value"":1,""since_minute_bucket_ist"":""2026-08-06 10:08"",""last_updated_ist"":""2026-08-06 10:09:00""}"
2026-08-06 00:00:00,2026-08-06 10:10:00,56,NIFTY,REGIME_RANGE_PIN,OFF,LOW,0.0002,Range / pin (inside local walls),"{""dedupe_key"":""NIFTY|REGIME_RANGE_PIN|OFF|2026-08-06 10:10"",""threshold"":0.001,""value"":0.0002,""since_minute_bucket_ist"":""2026-08-06 10:06"",""last_updated_ist"":""2026-08-06 10:10:00""}"
2026-08-06 00:00:00,2026-08-06 10:10:00,56,NIFTY,REGIME_TRANSITION_UNCERTAIN,ON,LOW,1,Transition/uncertain regime,"{""dedupe_key"":""NIFTY|REGIME_TRANSITION_UNCERTAIN|ON|2026-08-06 10:10"",""threshold"":1,""value"":1,""since_minute_bucket_ist"":"""",""last_updated_ist"":""2026-08-06 10:10:00""}"
2026-08-06 00:00:00,2026-08-06 10:10:00,56,NIFTY,OPTION_MOMENTUM_CALL,ON,MED,1.65,ATM CALL momentum (ltp up + vol up),"{""dedupe_key"":""NIFTY|OPTION_MOMENTUM_CALL|ON|2026-08-06 10:10"",""threshold"":1.5,""value"":1.65,""since_minute_bucket_ist"":"""",""last_updated_ist"":""2026-08-06 10:10:00""}"
2026-08-06 00:00:00,2026-08-06 10:11:00,57,NIFTY,OPTION_MOMENTUM_CALL,OFF,MED,0,ATM CALL momentum (ltp up + vol up),"{""dedupe_key"":""NIFTY|OPTION_MOMENTUM_CALL|OFF|2026-08-06 10:11"",""threshold"":1.5,""value"":0,""since_minute_bucket_ist"":""2026-08-06 10:10"",""last_updated_ist"":""2026-08-06 10:11:00""}"
2026-08-06 00:00:00,2026-08-06 10:12:00,58,NIFTY,EXP_RANGE_BREAKOUT_WATCH_UP,ON,MED,24630.95,Expected-range watch UP,"{""dedupe_key"":""NIFTY|EXP_RANGE_BREAKOUT_WATCH_UP|ON|2026-08-06 10:12"",""threshold"":24628.66,""value"":24630.95,""since_minute_bucket_ist"":"""",""last_updated_ist"":""2026-08-06 10:12:00""}"
2026-08-06 00:00:00,2026-08-06 10:12:00,58,NIFTY,WALL_UNWIND_CONFIRM_DOWN,OFF,MED,-0.0022,Put wall OI unwinding (5m),"{""dedupe_key"":""NIFTY|WALL_UNWIND_CONFIRM_DOWN|OFF|2026-08-06 10:12"",""threshold"":-0.006,""value"":-0.0022,""since_minute_bucket_ist"":""2026-08-06 10:01"",""last_updated_ist"":""2026-08-06 10:12:00""}"
2026-08-06 00:00:00,2026-08-06 10:13:00,59,NIFTY,EXP_RANGE_BREAKOUT_CONFIRMED_UP,ON,HIGH,2,Expected-range breakout CONFIRMED UP,"{""dedupe_key"":""NIFTY|EXP_RANGE_BREAKOUT_CONFIRMED_UP|ON|2026-08-06 10:13"",""threshold"":2,""value"":2,""since_minute_bucket_ist"":"""",""last_updated_ist"":""2026-08-06 10:13:00""}"
2026-08-06 00:00:00,2026-08-06 10:13:00,59,NIFTY,VOL_CONTRACTION,ON,LOW,-0.0168,Volatility contracting (straddle down),"{""dedupe_key"":""NIFTY|VOL_CONTRACTION|ON|2026-08-06 10:13"",""threshold"":-0.03,""value"":-0.0168,""since_minute_bucket_ist"":"""",""last_updated_ist"":""2026-08-06 10:13:00""}"
2026-08-06 00:00:00,2026-08-06 10:13:00,59,NIFTY,OPTION_MOMENTUM_CALL,ON,MED,4.85,ATM CALL momentum (ltp up + vol up),"{""dedupe_key"":""NIFTY|OPTION_MOMENTUM_CALL|ON|2026-08-06 10:13"",""threshold"":1.5,""value"":4.85,""since_minute_bucket_ist"":"""",""last_updated_ist"":""2026-08-06 10:13:00""}"
2026-08-06 00:00:00,2026-08-06 10:13:00,59,NIFTY,WALL_UNWIND_CONFIRM_UP,ON,MED,-0.0064,Call wall OI unwinding (5m),"{""dedupe_key"":""NIFTY|WALL_UNWIND_CONFIRM_UP|ON|2026-08-06 10:13"",""threshold"":-0.006,""value"":-0.0064,""since_minute_bucket_ist"":"""",""last_updated_ist"":""2026-08-06 10:13:00""}"
2026-08-06 00:00:00,2026-08-06 10:14:00,60,NIFTY,OPTION_MOMENTUM_CALL,OFF,MED,0,ATM CALL momentum (ltp up + vol up),"{""dedupe_key"":""NIFTY|OPTION_MOMENTUM_CALL|OFF|2026-08-06 10:14"",""threshold"":1.5,""value"":0,""since_minute_bucket_ist"":""2026-08-06 10:13"",""last_updated_ist"":""2026-08-06 10:14:00""}"
2026-08-06 00:00:00,2026-08-06 10:15:00,61,NIFTY,REGIME_RANGE_PIN,ON,LOW,0.0001,Range / pin (inside local walls),"{""dedupe_key"":""NIFTY|REGIME_RANGE_PIN|ON|2026-08-06 10:15"",""threshold"":0.001,""value"":0.0001,""since_minute_bucket_ist"":"""",""last_updated_ist"":""2026-08-06 10:15:00""}"
2026-08-06 00:00:00,2026-08-06 10:15:00,61,NIFTY,REGIME_TRANSITION_UNCERTAIN,OFF,LOW,1,Transition/uncertain regime,"{""dedupe_key"":""NIFTY|REGIME_TRANSITION_UNCERTAIN|OFF|2026-08-06 10:15"",""threshold"":1,""value"":1,""since_minute_bucket_ist"":""2026-08-06 10:10"",""last_updated_ist"":""2026-08-06 10:15:00""}"
2026-08-06 00:00:00,2026-08-06 10:15:00,61,NIFTY,EXP_RANGE_BREAKOUT_WATCH_UP,OFF,MED,24632.9,Expected-range watch UP,"{""dedupe_key"":""NIFTY|EXP_RANGE_BREAKOUT_WATCH_UP|OFF|2026-08-06 10:15"",""threshold"":24634.58,""value"":24632.9,""since_minute_bucket_ist"":""2026-08-06 10:12"",""last_updated_ist"":""2026-08-06 10:15:00""}"
2026-08-06 00:00:00,2026-08-06 10:15:00,61,NIFTY,EXP_RANGE_BREAKOUT_CONFIRMED_UP,OFF,HIGH,0,Expected-range breakout CONFIRMED UP,"{""dedupe_key"":""NIFTY|EXP_RANGE_BREAKOUT_CONFIRMED_UP|OFF|2026-08-06 10:15"",""threshold"":2,""value"":0,""since_minute_bucket_ist"":""2026-08-06 10:13"",""last_updated_ist"":""2026-08-06 10:15:00""}"
2026-08-06 00:00:00,2026-08-06 10:15:00,61,NIFTY,VOL_CONTRACTION,OFF,LOW,-0.0011,Volatility contracting (straddle down),"{""dedupe_key"":""NIFTY|VOL_CONTRACTION|OFF|2026-08-06 10:15"",""threshold"":-0.03,""value"":-0.0011,""since_minute_bucket_ist"":""2026-08-06 10:13"",""last_updated_ist"":""2026-08-06 10:15:00""}"
2026-08-06 00:00:00,2026-08-06 10:15:00,61,NIFTY,OPTION_MOMENTUM_PUT,ON,MED,2.25,ATM PUT momentum (ltp up + vol up),"{""dedupe_key"":""NIFTY|OPTION_MOMENTUM_PUT|ON|2026-08-06 10:15"",""threshold"":1.5,""value"":2.25,""since_minute_bucket_ist"":"""",""last_updated_ist"":""2026-08-06 10:15:00""}"
2026-08-06 00:00:00,2026-08-06 10:16:00,62,NIFTY,FLOW_BULLISH_BUILD,ON,HIGH,0.034,Bullish build (premium-confirmed writing / support),"{""dedupe_key"":""NIFTY|FLOW_BULLISH_BUILD|ON|2026-08-06 10:16"",""threshold"":0.005,""value"":0.034,""since_minute_bucket_ist"":"""",""last_updated_ist"":""2026-08-06 10:16:00""}"
2026-08-06 00:00:00,2026-08-06 10:16:00,62,NIFTY,VOL_CONTRACTION,ON,LOW,-0.0112,Volatility contracting (straddle down),"{""dedupe_key"":""NIFTY|VOL_CONTRACTION|ON|2026-08-06 10:16"",""threshold"":-0.03,""value"":-0.0112,""since_minute_bucket_ist"":"""",""last_updated_ist"":""2026-08-06 10:16:00""}"
2026-08-06 00:00:00,2026-08-06 10:16:00,62,NIFTY,OPTION_MOMENTUM_PUT,OFF,MED,0,ATM PUT momentum (ltp up + vol up),"{""dedupe_key"":""NIFTY|OPTION_MOMENTUM_PUT|OFF|2026-08-06 10:16"",""threshold"":1.5,""value"":0,""since_minute_bucket_ist"":""2026-08-06 10:15"",""last_updated_ist"":""2026-08-06 10:16:00""}"
2026-08-06 00:00:00,2026-08-06 10:16:00,62,NIFTY,STEALTH_BUILD_BULL,ON,MED,0.034,"Stealth bullish build (puts build, spot flat)","{""dedupe_key"":""NIFTY|STEALTH_BUILD_BULL|ON|2026-08-06 10:16"",""threshold"":0.008,""value"":0.034,""since_minute_bucket_ist"":"""",""last_updated_ist"":""2026-08-06 10:16:00""}"
2026-08-06 00:00:00,2026-08-06 10:17:00,63,NIFTY,FLOW_BULLISH_BUILD,OFF,HIGH,0,Bullish build (premium-confirmed writing / support),"{""dedupe_key"":""NIFTY|FLOW_BULLISH_BUILD|OFF|2026-08-06 10:17"",""threshold"":0.005,""value"":0,""since_minute_bucket_ist"":""2026-08-06 10:16"",""last_updated_ist"":""2026-08-06 10:17:00""}"
2026-08-06 00:00:00,2026-08-06 10:17:00,63,NIFTY,VOL_EXPANSION,ON,MED,0.0214,Volatility expanding (straddle up),"{""dedupe_key"":""NIFTY|VOL_EXPANSION|ON|2026-08-06 10:17"",""threshold"":0.02,""value"":0.0214,""since_minute_bucket_ist"":"""",""last_updated_ist"":""2026-08-06 10:17:00""}"
2026-08-06 00:00:00,2026-08-06 10:17:00,63,NIFTY,VOL_CONTRACTION,OFF,LOW,0.0214,Volatility contracting (straddle down),"{""dedupe_key"":""NIFTY|VOL_CONTRACTION|OFF|2026-08-06 10:17"",""threshold"":-0.03,""value"":0.0214,""since_minute_bucket_ist"":""2026-08-06 10:16"",""last_updated_ist"":""2026-08-06 10:17:00""}"
2026-08-06 00:00:00,2026-08-06 10:17:00,63,NIFTY,STEALTH_BUILD_BULL,OFF,MED,0,"Stealth bullish build (puts build, spot flat)","{""dedupe_key"":""NIFTY|STEALTH_BUILD_BULL|OFF|2026-08-06 10:17"",""threshold"":0.008,""value"":0,""since_minute_bucket_ist"":""2026-08-06 10:16"",""last_updated_ist"":""2026-08-06 10:17:00""}"
2026-08-06 00:00:00,2026-08-06 10:18:00,64,NIFTY,REGIME_RANGE_PIN,OFF,LOW,0.0001,Range / pin (inside local walls),"{""dedupe_key"":""NIFTY|REGIME_RANGE_PIN|OFF|2026-08-06 10:18"",""threshold"":0.001,""value"":0.0001,""since_minute_bucket_ist"":""2026-08-06 10:15"",""last_updated_ist"":""2026-08-06 10:18:00""}"
2026-08-06 00:00:00,2026-08-06 10:18:00,64,NIFTY,REGIME_TRANSITION_UNCERTAIN,ON,LOW,1,Transition/uncertain regime,"{""dedupe_key"":""NIFTY|REGIME_TRANSITION_UNCERTAIN|ON|2026-08-06 10:18"",""threshold"":1,""value"":1,""since_minute_bucket_ist"":"""",""last_updated_ist"":""2026-08-06 10:18:00""}"
2026-08-06 00:00:00,2026-08-06 10:18:00,64,NIFTY,OPTION_MOMENTUM_PUT,ON,MED,2.5,ATM PUT momentum (ltp up + vol up),"{""dedupe_key"":""NIFTY|OPTION_MOMENTUM_PUT|ON|2026-08-06 10:18"",""threshold"":1.5,""value"":2.5,""since_minute_bucket_ist"":"""",""last_updated_ist"":""2026-08-06 10:18:00""}"
2026-08-06 00:00:00,2026-08-06 10:18:00,64,NIFTY,WALL_UNWIND_CONFIRM_UP,OFF,MED,0.0074,Call wall OI unwinding (5m),"{""dedupe_key"":""NIFTY|WALL_UNWIND_CONFIRM_UP|OFF|2026-08-06 10:18"",""threshold"":-0.006,""value"":0.0074,""since_minute_bucket_ist"":""2026-08-06 10:13"",""last_updated_ist"":""2026-08-06 10:18:00""}"
2026-08-06 00:00:00,2026-08-06 10:19:00,65,NIFTY,FLOW_BULLISH_BUILD,ON,HIGH,0.0104,Bullish build (premium-confirmed writing / support),"{""dedupe_key"":""NIFTY|FLOW_BULLISH_BUILD|ON|2026-08-06 10:19"",""threshold"":0.005,""value"":0.0104,""since_minute_bucket_ist"":"""",""last_updated_ist"":""2026-08-06 10:19:00""}"
2026-08-06 00:00:00,2026-08-06 10:19:00,65,NIFTY,REGIME_RANGE_PIN,ON,LOW,0.0001,Range / pin (inside local walls),"{""dedupe_key"":""NIFTY|REGIME_RANGE_PIN|ON|2026-08-06 10:19"",""threshold"":0.001,""value"":0.0001,""since_minute_bucket_ist"":"""",""last_updated_ist"":""2026-08-06 10:19:00""}"
2026-08-06 00:00:00,2026-08-06 10:19:00,65,NIFTY,REGIME_TRANSITION_UNCERTAIN,OFF,LOW,1,Transition/uncertain regime,"{""dedupe_key"":""NIFTY|REGIME_TRANSITION_UNCERTAIN|OFF|2026-08-06 10:19"",""threshold"":1,""value"":1,""since_minute_bucket_ist"":""2026-08-06 10:18"",""last_updated_ist"":""2026-08-06 10:19:00""}"
2026-08-06 00:00:00,2026-08-06 10:19:00,65,NIFTY,OPTION_MOMENTUM_PUT,OFF,MED,-0.8,ATM PUT momentum (ltp up + vol up),"{""dedupe_key"":""NIFTY|OPTION_MOMENTUM_PUT|OFF|2026-08-06 10:19"",""threshold"":1.5,""value"":-0.8,""since_minute_bucket_ist"":""2026-08-06 10:18"",""last_updated_ist"":""2026-08-06 10:19:00""}"
2026-08-06 00:00:00,2026-08-06 10:19:00,65,NIFTY,STEALTH_BUILD_BULL,ON,MED,0.0104,"Stealth bullish build (puts build, spot flat)","{""dedupe_key"":""NIFTY|STEALTH_BUILD_BULL|ON|2026-08-06 10:19"",""threshold"":0.008,""value"":0.0104,""since_minute_bucket_ist"":"""",""last_updated_ist"":""2026-08-06 10:19:00""}"
2026-08-06 00:00:00,2026-08-06 10:20:00,66,NIFTY,FLOW_BULLISH_BUILD,OFF,HIGH,0.009,Bullish build (premium-confirmed writing / support),"{""dedupe_key"":""NIFTY|FLOW_BULLISH_BUILD|OFF|2026-08-06 10:20"",""threshold"":0.005,""value"":0.009,""since_minute_bucket_ist"":""2026-08-06 10:19"",""last_updated_ist"":""2026-08-06 10:20:00""}"
2026-08-06 00:00:00,2026-08-06 10:20:00,66,NIFTY,REGIME_RANGE_PIN,OFF,LOW,0.0001,Range / pin (inside local walls),"{""dedupe_key"":""NIFTY|REGIME_RANGE_PIN|OFF|2026-08-06 10:20"",""threshold"":0.001,""value"":0.0001,""since_minute_bucket_ist"":""2026-08-06 10:19"",""last_updated_ist"":""2026-08-06 10:20:00""}"
2026-08-06 00:00:00,2026-08-06 10:20:00,66,NIFTY,REGIME_TRANSITION_UNCERTAIN,ON,LOW,1,Transition/uncertain regime,"{""dedupe_key"":""NIFTY|REGIME_TRANSITION_UNCERTAIN|ON|2026-08-06 10:20"",""threshold"":1,""value"":1,""since_minute_bucket_ist"":"""",""last_updated_ist"":""2026-08-06 10:20:00""}"
2026-08-06 00:00:00,2026-08-06 10:20:00,66,NIFTY,OPTION_MOMENTUM_PUT,ON,MED,1.9,ATM PUT momentum (ltp up + vol up),"{""dedupe_key"":""NIFTY|OPTION_MOMENTUM_PUT|ON|2026-08-06 10:20"",""threshold"":1.5,""value"":1.9,""since_minute_bucket_ist"":"""",""last_updated_ist"":""2026-08-06 10:20:00""}"
2026-08-06 00:00:00,2026-08-06 10:21:00,67,NIFTY,REGIME_RANGE_PIN,ON,LOW,0.0001,Range / pin (inside local walls),"{""dedupe_key"":""NIFTY|REGIME_RANGE_PIN|ON|2026-08-06 10:21"",""threshold"":0.001,""value"":0.0001,""since_minute_bucket_ist"":"""",""last_updated_ist"":""2026-08-06 10:21:00""}"
2026-08-06 00:00:00,2026-08-06 10:21:00,67,NIFTY,REGIME_TRANSITION_UNCERTAIN,OFF,LOW,1,Transition/uncertain regime,"{""dedupe_key"":""NIFTY|REGIME_TRANSITION_UNCERTAIN|OFF|2026-08-06 10:21"",""threshold"":1,""value"":1,""since_minute_bucket_ist"":""2026-08-06 10:20"",""last_updated_ist"":""2026-08-06 10:21:00""}"
2026-08-06 00:00:00,2026-08-06 10:21:00,67,NIFTY,OPTION_MOMENTUM_CALL,ON,MED,3.1,ATM CALL momentum (ltp up + vol up),"{""dedupe_key"":""NIFTY|OPTION_MOMENTUM_CALL|ON|2026-08-06 10:21"",""threshold"":1.5,""value"":3.1,""since_minute_bucket_ist"":"""",""last_updated_ist"":""2026-08-06 10:21:00""}"
2026-08-06 00:00:00,2026-08-06 10:21:00,67,NIFTY,OPTION_MOMENTUM_PUT,OFF,MED,-2.4,ATM PUT momentum (ltp up + vol up),"{""dedupe_key"":""NIFTY|OPTION_MOMENTUM_PUT|OFF|2026-08-06 10:21"",""threshold"":1.5,""value"":-2.4,""since_minute_bucket_ist"":""2026-08-06 10:20"",""last_updated_ist"":""2026-08-06 10:21:00""}"
2026-08-06 00:00:00,2026-08-06 10:21:00,67,NIFTY,STEALTH_BUILD_BULL,OFF,MED,0.0008,"Stealth bullish build (puts build, spot flat)","{""dedupe_key"":""NIFTY|STEALTH_BUILD_BULL|OFF|2026-08-06 10:21"",""threshold"":0.008,""value"":0.0008,""since_minute_bucket_ist"":""2026-08-06 10:19"",""last_updated_ist"":""2026-08-06 10:21:00""}"
2026-08-06 00:00:00,2026-08-06 10:22:00,68,NIFTY,VOL_EXPANSION,OFF,MED,-0.0167,Volatility expanding (straddle up),"{""dedupe_key"":""NIFTY|VOL_EXPANSION|OFF|2026-08-06 10:22"",""threshold"":0.02,""value"":-0.0167,""since_minute_bucket_ist"":""2026-08-06 10:17"",""last_updated_ist"":""2026-08-06 10:22:00""}"
2026-08-06 00:00:00,2026-08-06 10:24:00,70,NIFTY,REGIME_RANGE_PIN,OFF,LOW,0.0001,Range / pin (inside local walls),"{""dedupe_key"":""NIFTY|REGIME_RANGE_PIN|OFF|2026-08-06 10:24"",""threshold"":0.001,""value"":0.0001,""since_minute_bucket_ist"":""2026-08-06 10:21"",""last_updated_ist"":""2026-08-06 10:24:00""}"
2026-08-06 00:00:00,2026-08-06 10:24:00,70,NIFTY,REGIME_TRANSITION_UNCERTAIN,ON,LOW,1,Transition/uncertain regime,"{""dedupe_key"":""NIFTY|REGIME_TRANSITION_UNCERTAIN|ON|2026-08-06 10:24"",""threshold"":1,""value"":1,""since_minute_bucket_ist"":"""",""last_updated_ist"":""2026-08-06 10:24:00""}"
2026-08-06 00:00:00,2026-08-06 10:24:00,70,NIFTY,EXP_RANGE_BREAKOUT_WATCH_UP,ON,MED,24636.55,Expected-range watch UP,"{""dedupe_key"":""NIFTY|EXP_RANGE_BREAKOUT_WATCH_UP|ON|2026-08-06 10:24"",""threshold"":24635.47,""value"":24636.55,""since_minute_bucket_ist"":"""",""last_updated_ist"":""2026-08-06 10:24:00""}"
2026-08-06 00:00:00,2026-08-06 10:24:00,70,NIFTY,VOL_CONTRACTION,ON,LOW,-0.022,Volatility contracting (straddle down),"{""dedupe_key"":""NIFTY|VOL_CONTRACTION|ON|2026-08-06 10:24"",""threshold"":-0.03,""value"":-0.022,""since_minute_bucket_ist"":"""",""last_updated_ist"":""2026-08-06 10:24:00""}"
2026-08-06 00:00:00,2026-08-06 10:24:00,70,NIFTY,OPTION_MOMENTUM_CALL,OFF,MED,0.75,ATM CALL momentum (ltp up + vol up),"{""dedupe_key"":""NIFTY|OPTION_MOMENTUM_CALL|OFF|2026-08-06 10:24"",""threshold"":1.5,""value"":0.75,""since_minute_bucket_ist"":""2026-08-06 10:21"",""last_updated_ist"":""2026-08-06 10:24:00""}"
2026-08-06 00:00:00,2026-08-06 10:25:00,71,NIFTY,FLOW_BEARISH_BUILD,ON,HIGH,0.0015,Bearish build (premium-confirmed writing / resistance),"{""dedupe_key"":""NIFTY|FLOW_BEARISH_BUILD|ON|2026-08-06 10:25"",""threshold"":0.005,""value"":0.0015,""since_minute_bucket_ist"":"""",""last_updated_ist"":""2026-08-06 10:25:00""}"
2026-08-06 00:00:00,2026-08-06 10:25:00,71,NIFTY,PIN_BREAKOUT_SETUP,ON,MED,-2.899999999997817,Pin breakout setup (wall touch + aligned flow),"{""dedupe_key"":""NIFTY|PIN_BREAKOUT_SETUP|ON|2026-08-06 10:25"",""threshold"":0,""value"":-2.899999999997817,""since_minute_bucket_ist"":"""",""last_updated_ist"":""2026-08-06 10:25:00""}"
2026-08-06 00:00:00,2026-08-06 10:25:00,71,NIFTY,EXP_RANGE_BREAKOUT_WATCH_UP,OFF,MED,24633.65,Expected-range watch UP,"{""dedupe_key"":""NIFTY|EXP_RANGE_BREAKOUT_WATCH_UP|OFF|2026-08-06 10:25"",""threshold"":24635.47,""value"":24633.65,""since_minute_bucket_ist"":""2026-08-06 10:24"",""last_updated_ist"":""2026-08-06 10:25:00""}"
2026-08-06 00:00:00,2026-08-06 10:25:00,71,NIFTY,VOL_CONTRACTION,OFF,LOW,-0.0203,Volatility contracting (straddle down),"{""dedupe_key"":""NIFTY|VOL_CONTRACTION|OFF|2026-08-06 10:25"",""threshold"":-0.03,""value"":-0.0203,""since_minute_bucket_ist"":""2026-08-06 10:24"",""last_updated_ist"":""2026-08-06 10:25:00""}"
2026-08-06 00:00:00,2026-08-06 10:25:00,71,NIFTY,CHURN_COMMITTED,ON,MED,-0.0001,Price move + aligned flow (committed),"{""dedupe_key"":""NIFTY|CHURN_COMMITTED|ON|2026-08-06 10:25"",""threshold"":0.0001,""value"":-0.0001,""since_minute_bucket_ist"":"""",""last_updated_ist"":""2026-08-06 10:25:00""}"
2026-08-06 00:00:00,2026-08-06 10:25:00,71,NIFTY,WALL_PRESSURE_BREAK_SETUP,ON,MED,-2.899999999997817,Pressure building into a wall (break setup),"{""dedupe_key"":""NIFTY|WALL_PRESSURE_BREAK_SETUP|ON|2026-08-06 10:25"",""threshold"":0,""value"":-2.899999999997817,""since_minute_bucket_ist"":"""",""last_updated_ist"":""2026-08-06 10:25:00""}"
2026-08-06 00:00:00,2026-08-06 10:25:00,71,NIFTY,BULL_TRAP,ON,HIGH,1,Bull trap: failed upside breakout + bearish flow,"{""dedupe_key"":""NIFTY|BULL_TRAP|ON|2026-08-06 10:25"",""threshold"":1,""value"":1,""since_minute_bucket_ist"":"""",""last_updated_ist"":""2026-08-06 10:25:00""}"
2026-08-06 00:00:00,2026-08-06 10:26:00,72,NIFTY,FLOW_BEARISH_BUILD,OFF,HIGH,-0.0011,Bearish build (premium-confirmed writing / resistance),"{""dedupe_key"":""NIFTY|FLOW_BEARISH_BUILD|OFF|2026-08-06 10:26"",""threshold"":0.005,""value"":-0.0011,""since_minute_bucket_ist"":""2026-08-06 10:25"",""last_updated_ist"":""2026-08-06 10:26:00""}"
2026-08-06 00:00:00,2026-08-06 10:26:00,72,NIFTY,REGIME_RANGE_PIN,ON,LOW,0.0001,Range / pin (inside local walls),"{""dedupe_key"":""NIFTY|REGIME_RANGE_PIN|ON|2026-08-06 10:26"",""threshold"":0.001,""value"":0.0001,""since_minute_bucket_ist"":"""",""last_updated_ist"":""2026-08-06 10:26:00""}"
2026-08-06 00:00:00,2026-08-06 10:26:00,72,NIFTY,REGIME_TRANSITION_UNCERTAIN,OFF,LOW,1,Transition/uncertain regime,"{""dedupe_key"":""NIFTY|REGIME_TRANSITION_UNCERTAIN|OFF|2026-08-06 10:26"",""threshold"":1,""value"":1,""since_minute_bucket_ist"":""2026-08-06 10:24"",""last_updated_ist"":""2026-08-06 10:26:00""}"
2026-08-06 00:00:00,2026-08-06 10:26:00,72,NIFTY,PIN_BREAKOUT_SETUP,OFF,MED,-1.9000000000014552,Pin breakout setup (wall touch + aligned flow),"{""dedupe_key"":""NIFTY|PIN_BREAKOUT_SETUP|OFF|2026-08-06 10:26"",""threshold"":0,""value"":-1.9000000000014552,""since_minute_bucket_ist"":""2026-08-06 10:25"",""last_updated_ist"":""2026-08-06 10:26:00""}"
2026-08-06 00:00:00,2026-08-06 10:26:00,72,NIFTY,OPTION_MOMENTUM_PUT,ON,MED,3.4,ATM PUT momentum (ltp up + vol up),"{""dedupe_key"":""NIFTY|OPTION_MOMENTUM_PUT|ON|2026-08-06 10:26"",""threshold"":1.5,""value"":3.4,""since_minute_bucket_ist"":"""",""last_updated_ist"":""2026-08-06 10:26:00""}"
2026-08-06 00:00:00,2026-08-06 10:26:00,72,NIFTY,CHURN_COMMITTED,OFF,MED,-0.0001,Price move + aligned flow (committed),"{""dedupe_key"":""NIFTY|CHURN_COMMITTED|OFF|2026-08-06 10:26"",""threshold"":0.0001,""value"":-0.0001,""since_minute_bucket_ist"":""2026-08-06 10:25"",""last_updated_ist"":""2026-08-06 10:26:00""}"
2026-08-06 00:00:00,2026-08-06 10:26:00,72,NIFTY,WALL_PRESSURE_BREAK_SETUP,OFF,MED,-1.9000000000014552,Pressure building into a wall (break setup),"{""dedupe_key"":""NIFTY|WALL_PRESSURE_BREAK_SETUP|OFF|2026-08-06 10:26"",""threshold"":0,""value"":-1.9000000000014552,""since_minute_bucket_ist"":""2026-08-06 10:25"",""last_updated_ist"":""2026-08-06 10:26:00""}"
2026-08-06 00:00:00,2026-08-06 10:26:00,72,NIFTY,BULL_TRAP,OFF,HIGH,1,Bull trap: failed upside breakout + bearish flow,"{""dedupe_key"":""NIFTY|BULL_TRAP|OFF|2026-08-06 10:26"",""threshold"":1,""value"":1,""since_minute_bucket_ist"":""2026-08-06 10:25"",""last_updated_ist"":""2026-08-06 10:26:00""}"
2026-08-06 00:00:00,2026-08-06 10:27:00,73,NIFTY,FLOW_BULLISH_BUILD,ON,HIGH,0.0119,Bullish build (premium-confirmed writing / support),"{""dedupe_key"":""NIFTY|FLOW_BULLISH_BUILD|ON|2026-08-06 10:27"",""threshold"":0.005,""value"":0.0119,""since_minute_bucket_ist"":"""",""last_updated_ist"":""2026-08-06 10:27:00""}"
2026-08-06 00:00:00,2026-08-06 10:27:00,73,NIFTY,OPTION_MOMENTUM_CALL,ON,MED,1.9,ATM CALL momentum (ltp up + vol up),"{""dedupe_key"":""NIFTY|OPTION_MOMENTUM_CALL|ON|2026-08-06 10:27"",""threshold"":1.5,""value"":1.9,""since_minute_bucket_ist"":"""",""last_updated_ist"":""2026-08-06 10:27:00""}"
2026-08-06 00:00:00,2026-08-06 10:27:00,73,NIFTY,OPTION_MOMENTUM_PUT,OFF,MED,-1.45,ATM PUT momentum (ltp up + vol up),"{""dedupe_key"":""NIFTY|OPTION_MOMENTUM_PUT|OFF|2026-08-06 10:27"",""threshold"":1.5,""value"":-1.45,""since_minute_bucket_ist"":""2026-08-06 10:26"",""last_updated_ist"":""2026-08-06 10:27:00""}"
2026-08-06 00:00:00,2026-08-06 10:27:00,73,NIFTY,WALL_UNWIND_CONFIRM_UP,ON,MED,-0.0117,Call wall OI unwinding (5m),"{""dedupe_key"":""NIFTY|WALL_UNWIND_CONFIRM_UP|ON|2026-08-06 10:27"",""threshold"":-0.006,""value"":-0.0117,""since_minute_bucket_ist"":"""",""last_updated_ist"":""2026-08-06 10:27:00""}"
2026-08-06 00:00:00,2026-08-06 10:27:00,73,NIFTY,STEALTH_BUILD_BULL,ON,MED,0.0119,"Stealth bullish build (puts build, spot flat)","{""dedupe_key"":""NIFTY|STEALTH_BUILD_BULL|ON|2026-08-06 10:27"",""threshold"":0.008,""value"":0.0119,""since_minute_bucket_ist"":"""",""last_updated_ist"":""2026-08-06 10:27:00""}"
2026-08-06 00:00:00,2026-08-06 10:28:00,74,NIFTY,FLOW_BULLISH_BUILD,OFF,HIGH,0.0034,Bullish build (premium-confirmed writing / support),"{""dedupe_key"":""NIFTY|FLOW_BULLISH_BUILD|OFF|2026-08-06 10:28"",""threshold"":0.005,""value"":0.0034,""since_minute_bucket_ist"":""2026-08-06 10:27"",""last_updated_ist"":""2026-08-06 10:28:00""}"
2026-08-06 00:00:00,2026-08-06 10:28:00,74,NIFTY,OPTION_MOMENTUM_CALL,OFF,MED,-0.4,ATM CALL momentum (ltp up + vol up),"{""dedupe_key"":""NIFTY|OPTION_MOMENTUM_CALL|OFF|2026-08-06 10:28"",""threshold"":1.5,""value"":-0.4,""since_minute_bucket_ist"":""2026-08-06 10:27"",""last_updated_ist"":""2026-08-06 10:28:00""}"
2026-08-06 00:00:00,2026-08-06 10:28:00,74,NIFTY,STEALTH_BUILD_BULL,OFF,MED,0.0034,"Stealth bullish build (puts build, spot flat)","{""dedupe_key"":""NIFTY|STEALTH_BUILD_BULL|OFF|2026-08-06 10:28"",""threshold"":0.008,""value"":0.0034,""since_minute_bucket_ist"":""2026-08-06 10:27"",""last_updated_ist"":""2026-08-06 10:28:00""}"
2026-08-06 00:00:00,2026-08-06 10:29:00,75,NIFTY,WALL_UNWIND_CONFIRM_UP,OFF,MED,-0.0058,Call wall OI unwinding (5m),"{""dedupe_key"":""NIFTY|WALL_UNWIND_CONFIRM_UP|OFF|2026-08-06 10:29"",""threshold"":-0.006,""value"":-0.0058,""since_minute_bucket_ist"":""2026-08-06 10:27"",""last_updated_ist"":""2026-08-06 10:29:00""}"
2026-08-06 00:00:00,2026-08-06 10:32:00,78,NIFTY,PIN_BASIC,OFF,LOW,37.5,Spot near a local wall (pin zone),"{""dedupe_key"":""NIFTY|PIN_BASIC|OFF|2026-08-06 10:32"",""threshold"":37.5,""value"":37.5,""since_minute_bucket_ist"":""2026-08-06 10:00"",""last_updated_ist"":""2026-08-06 10:32:00""}"
2026-08-06 00:00:00,2026-08-06 10:34:00,80,NIFTY,FLOW_BULLISH_BUILD,ON,HIGH,0.0047,Bullish build (premium-confirmed writing / support),"{""dedupe_key"":""NIFTY|FLOW_BULLISH_BUILD|ON|2026-08-06 10:34"",""threshold"":0.005,""value"":0.0047,""since_minute_bucket_ist"":"""",""last_updated_ist"":""2026-08-06 10:34:00""}"
2026-08-06 00:00:00,2026-08-06 10:34:00,80,NIFTY,EXP_RANGE_BREAKOUT_WATCH_UP,ON,MED,24640.3,Expected-range watch UP,"{""dedupe_key"":""NIFTY|EXP_RANGE_BREAKOUT_WATCH_UP|ON|2026-08-06 10:34"",""threshold"":24639.27,""value"":24640.3,""since_minute_bucket_ist"":"""",""last_updated_ist"":""2026-08-06 10:34:00""}"
2026-08-06 00:00:00,2026-08-06 10:34:00,80,NIFTY,VOL_EXPANSION,ON,MED,0.0063,Volatility expanding (straddle up),"{""dedupe_key"":""NIFTY|VOL_EXPANSION|ON|2026-08-06 10:34"",""threshold"":0.02,""value"":0.0063,""since_minute_bucket_ist"":"""",""last_updated_ist"":""2026-08-06 10:34:00""}"
2026-08-06 00:00:00,2026-08-06 10:34:00,80,NIFTY,OPTION_MOMENTUM_CALL,ON,MED,1.75,ATM CALL momentum (ltp up + vol up),"{""dedupe_key"":""NIFTY|OPTION_MOMENTUM_CALL|ON|2026-08-06 10:34"",""threshold"":1.5,""value"":1.75,""since_minute_bucket_ist"":"""",""last_updated_ist"":""2026-08-06 10:34:00""}"
2026-08-06 00:00:00,2026-08-06 10:34:00,80,NIFTY,WALL_SHIFT_REGIME,ON,MED,1,Wall strike shifted materially (>= 1 step),"{""dedupe_key"":""NIFTY|WALL_SHIFT_REGIME|ON|2026-08-06 10:34"",""threshold"":1,""value"":1,""since_minute_bucket_ist"":"""",""last_updated_ist"":""2026-08-06 10:34:00""}"
2026-08-06 00:00:00,2026-08-06 10:35:00,81,NIFTY,FLOW_BULLISH_BUILD,OFF,HIGH,-0.0013,Bullish build (premium-confirmed writing / support),"{""dedupe_key"":""NIFTY|FLOW_BULLISH_BUILD|OFF|2026-08-06 10:35"",""threshold"":0.005,""value"":-0.0013,""since_minute_bucket_ist"":""2026-08-06 10:34"",""last_updated_ist"":""2026-08-06 10:35:00""}"
2026-08-06 00:00:00,2026-08-06 10:35:00,81,NIFTY,FLOW_BEARISH_BUILD,ON,HIGH,0.0006,Bearish build (premium-confirmed writing / resistance),"{""dedupe_key"":""NIFTY|FLOW_BEARISH_BUILD|ON|2026-08-06 10:35"",""threshold"":0.005,""value"":0.0006,""since_minute_bucket_ist"":"""",""last_updated_ist"":""2026-08-06 10:35:00""}"
2026-08-06 00:00:00,2026-08-06 10:35:00,81,NIFTY,PIN_BASIC,ON,LOW,37.5,Spot near a local wall (pin zone),"{""dedupe_key"":""NIFTY|PIN_BASIC|ON|2026-08-06 10:35"",""threshold"":37.5,""value"":37.5,""since_minute_bucket_ist"":"""",""last_updated_ist"":""2026-08-06 10:35:00""}"
2026-08-06 00:00:00,2026-08-06 10:35:00,81,NIFTY,PIN_BREAKOUT_SETUP,ON,MED,-5.149999999997817,Pin breakout setup (wall touch + aligned flow),"{""dedupe_key"":""NIFTY|PIN_BREAKOUT_SETUP|ON|2026-08-06 10:35"",""threshold"":0,""value"":-5.149999999997817,""since_minute_bucket_ist"":"""",""last_updated_ist"":""2026-08-06 10:35:00""}"
2026-08-06 00:00:00,2026-08-06 10:35:00,81,NIFTY,EXP_RANGE_BREAKOUT_WATCH_UP,OFF,MED,24635.15,Expected-range watch UP,"{""dedupe_key"":""NIFTY|EXP_RANGE_BREAKOUT_WATCH_UP|OFF|2026-08-06 10:35"",""threshold"":24639.28,""value"":24635.15,""since_minute_bucket_ist"":""2026-08-06 10:34"",""last_updated_ist"":""2026-08-06 10:35:00""}"
2026-08-06 00:00:00,2026-08-06 10:35:00,81,NIFTY,VOL_EXPANSION,OFF,MED,0.0034,Volatility expanding (straddle up),"{""dedupe_key"":""NIFTY|VOL_EXPANSION|OFF|2026-08-06 10:35"",""threshold"":0.02,""value"":0.0034,""since_minute_bucket_ist"":""2026-08-06 10:34"",""last_updated_ist"":""2026-08-06 10:35:00""}"
2026-08-06 00:00:00,2026-08-06 10:35:00,81,NIFTY,OPTION_MOMENTUM_CALL,OFF,MED,-3.85,ATM CALL momentum (ltp up + vol up),"{""dedupe_key"":""NIFTY|OPTION_MOMENTUM_CALL|OFF|2026-08-06 10:35"",""threshold"":1.5,""value"":-3.85,""since_minute_bucket_ist"":""2026-08-06 10:34"",""last_updated_ist"":""2026-08-06 10:35:00""}"
2026-08-06 00:00:00,2026-08-06 10:35:00,81,NIFTY,OPTION_MOMENTUM_PUT,ON,MED,3.05,ATM PUT momentum (ltp up + vol up),"{""dedupe_key"":""NIFTY|OPTION_MOMENTUM_PUT|ON|2026-08-06 10:35"",""threshold"":1.5,""value"":3.05,""since_minute_bucket_ist"":"""",""last_updated_ist"":""2026-08-06 10:35:00""}"
2026-08-06 00:00:00,2026-08-06 10:35:00,81,NIFTY,CHURN_COMMITTED,ON,MED,-0.0002,Price move + aligned flow (committed),"{""dedupe_key"":""NIFTY|CHURN_COMMITTED|ON|2026-08-06 10:35"",""threshold"":0.0001,""value"":-0.0002,""since_minute_bucket_ist"":"""",""last_updated_ist"":""2026-08-06 10:35:00""}"
2026-08-06 00:00:00,2026-08-06 10:35:00,81,NIFTY,WALL_SHIFT_REGIME,OFF,MED,1,Wall strike shifted materially (>= 1 step),"{""dedupe_key"":""NIFTY|WALL_SHIFT_REGIME|OFF|2026-08-06 10:35"",""threshold"":1,""value"":1,""since_minute_bucket_ist"":""2026-08-06 10:34"",""last_updated_ist"":""2026-08-06 10:35:00""}"
2026-08-06 00:00:00,2026-08-06 10:35:00,81,NIFTY,WALL_PRESSURE_BREAK_SETUP,ON,MED,-5.149999999997817,Pressure building into a wall (break setup),"{""dedupe_key"":""NIFTY|WALL_PRESSURE_BREAK_SETUP|ON|2026-08-06 10:35"",""threshold"":0,""value"":-5.149999999997817,""since_minute_bucket_ist"":"""",""last_updated_ist"":""2026-08-06 10:35:00""}"
2026-08-06 00:00:00,2026-08-06 10:35:00,81,NIFTY,BULL_TRAP,ON,HIGH,1,Bull trap: failed upside breakout + bearish flow,"{""dedupe_key"":""NIFTY|BULL_TRAP|ON|2026-08-06 10:35"",""threshold"":1,""value"":1,""since_minute_bucket_ist"":"""",""last_updated_ist"":""2026-08-06 10:35:00""}"
2026-08-06 00:00:00,2026-08-06 10:36:00,82,NIFTY,FLOW_BEARISH_BUILD,OFF,HIGH,0,Bearish build (premium-confirmed writing / resistance),"{""dedupe_key"":""NIFTY|FLOW_BEARISH_BUILD|OFF|2026-08-06 10:36"",""threshold"":0.005,""value"":0,""since_minute_bucket_ist"":""2026-08-06 10:35"",""last_updated_ist"":""2026-08-06 10:36:00""}"
2026-08-06 00:00:00,2026-08-06 10:36:00,82,NIFTY,PIN_BREAKOUT_SETUP,OFF,MED,0,Pin breakout setup (wall touch + aligned flow),"{""dedupe_key"":""NIFTY|PIN_BREAKOUT_SETUP|OFF|2026-08-06 10:36"",""threshold"":0,""value"":0,""since_minute_bucket_ist"":""2026-08-06 10:35"",""last_updated_ist"":""2026-08-06 10:36:00""}"
2026-08-06 00:00:00,2026-08-06 10:36:00,82,NIFTY,OPTION_MOMENTUM_PUT,OFF,MED,0,ATM PUT momentum (ltp up + vol up),"{""dedupe_key"":""NIFTY|OPTION_MOMENTUM_PUT|OFF|2026-08-06 10:36"",""threshold"":1.5,""value"":0,""since_minute_bucket_ist"":""2026-08-06 10:35"",""last_updated_ist"":""2026-08-06 10:36:00""}"
2026-08-06 00:00:00,2026-08-06 10:36:00,82,NIFTY,CHURN_COMMITTED,OFF,MED,0,Price move + aligned flow (committed),"{""dedupe_key"":""NIFTY|CHURN_COMMITTED|OFF|2026-08-06 10:36"",""threshold"":0.0001,""value"":0,""since_minute_bucket_ist"":""2026-08-06 10:35"",""last_updated_ist"":""2026-08-06 10:36:00""}"
2026-08-06 00:00:00,2026-08-06 10:36:00,82,NIFTY,WALL_PRESSURE_BREAK_SETUP,OFF,MED,0,Pressure building into a wall (break setup),"{""dedupe_key"":""NIFTY|WALL_PRESSURE_BREAK_SETUP|OFF|2026-08-06 10:36"",""threshold"":0,""value"":0,""since_minute_bucket_ist"":""2026-08-06 10:35"",""last_updated_ist"":""2026-08-06 10:36:00""}"
2026-08-06 00:00:00,2026-08-06 10:36:00,82,NIFTY,BULL_TRAP,OFF,HIGH,1,Bull trap: failed upside breakout + bearish flow,"{""dedupe_key"":""NIFTY|BULL_TRAP|OFF|2026-08-06 10:36"",""threshold"":1,""value"":1,""since_minute_bucket_ist"":""2026-08-06 10:35"",""last_updated_ist"":""2026-08-06 10:36:00""}"
2026-08-06 00:00:00,2026-08-06 10:37:00,83,NIFTY,FLOW_BULLISH_BUILD,ON,HIGH,0.0005,Bullish build (premium-confirmed writing / support),"{""dedupe_key"":""NIFTY|FLOW_BULLISH_BUILD|ON|2026-08-06 10:37"",""threshold"":0.005,""value"":0.0005,""since_minute_bucket_ist"":"""",""last_updated_ist"":""2026-08-06 10:37:00""}"
2026-08-06 00:00:00,2026-08-06 10:37:00,83,NIFTY,PIN_BASIC,OFF,LOW,37.5,Spot near a local wall (pin zone),"{""dedupe_key"":""NIFTY|PIN_BASIC|OFF|2026-08-06 10:37"",""threshold"":37.5,""value"":37.5,""since_minute_bucket_ist"":""2026-08-06 10:35"",""last_updated_ist"":""2026-08-06 10:37:00""}"
2026-08-06 00:00:00,2026-08-06 10:37:00,83,NIFTY,VOL_EXPANSION,ON,MED,0.005,Volatility expanding (straddle up),"{""dedupe_key"":""NIFTY|VOL_EXPANSION|ON|2026-08-06 10:37"",""threshold"":0.02,""value"":0.005,""since_minute_bucket_ist"":"""",""last_updated_ist"":""2026-08-06 10:37:00""}"
2026-08-06 00:00:00,2026-08-06 10:37:00,83,NIFTY,OPTION_MOMENTUM_CALL,ON,MED,2.25,ATM CALL momentum (ltp up + vol up),"{""dedupe_key"":""NIFTY|OPTION_MOMENTUM_CALL|ON|2026-08-06 10:37"",""threshold"":1.5,""value"":2.25,""since_minute_bucket_ist"":"""",""last_updated_ist"":""2026-08-06 10:37:00""}"
2026-08-06 00:00:00,2026-08-06 10:37:00,83,NIFTY,CHURN_COMMITTED,ON,MED,0.0001,Price move + aligned flow (committed),"{""dedupe_key"":""NIFTY|CHURN_COMMITTED|ON|2026-08-06 10:37"",""threshold"":0.0001,""value"":0.0001,""since_minute_bucket_ist"":"""",""last_updated_ist"":""2026-08-06 10:37:00""}"
2026-08-06 00:00:00,2026-08-06 10:38:00,84,NIFTY,FLOW_BULLISH_BUILD,OFF,HIGH,0.0035,Bullish build (premium-confirmed writing / support),"{""dedupe_key"":""NIFTY|FLOW_BULLISH_BUILD|OFF|2026-08-06 10:38"",""threshold"":0.005,""value"":0.0035,""since_minute_bucket_ist"":""2026-08-06 10:37"",""last_updated_ist"":""2026-08-06 10:38:00""}"
2026-08-06 00:00:00,2026-08-06 10:38:00,84,NIFTY,VOL_EXPANSION,OFF,MED,-0.002,Volatility expanding (straddle up),"{""dedupe_key"":""NIFTY|VOL_EXPANSION|OFF|2026-08-06 10:38"",""threshold"":0.02,""value"":-0.002,""since_minute_bucket_ist"":""2026-08-06 10:37"",""last_updated_ist"":""2026-08-06 10:38:00""}"
2026-08-06 00:00:00,2026-08-06 10:38:00,84,NIFTY,OPTION_MOMENTUM_CALL,OFF,MED,1.15,ATM CALL momentum (ltp up + vol up),"{""dedupe_key"":""NIFTY|OPTION_MOMENTUM_CALL|OFF|2026-08-06 10:38"",""threshold"":1.5,""value"":1.15,""since_minute_bucket_ist"":""2026-08-06 10:37"",""last_updated_ist"":""2026-08-06 10:38:00""}"
2026-08-06 00:00:00,2026-08-06 10:38:00,84,NIFTY,CHURN_COMMITTED,OFF,MED,0,Price move + aligned flow (committed),"{""dedupe_key"":""NIFTY|CHURN_COMMITTED|OFF|2026-08-06 10:38"",""threshold"":0.0001,""value"":0,""since_minute_bucket_ist"":""2026-08-06 10:37"",""last_updated_ist"":""2026-08-06 10:38:00""}"
2026-08-06 00:00:00,2026-08-06 10:39:00,85,NIFTY,EXP_RANGE_BREAKOUT_WATCH_UP,ON,MED,24641.05,Expected-range watch UP,"{""dedupe_key"":""NIFTY|EXP_RANGE_BREAKOUT_WATCH_UP|ON|2026-08-06 10:39"",""threshold"":24640.87,""value"":24641.05,""since_minute_bucket_ist"":"""",""last_updated_ist"":""2026-08-06 10:39:00""}"
2026-08-06 00:00:00,2026-08-06 10:40:00,86,NIFTY,EXP_RANGE_BREAKOUT_CONFIRMED_UP,ON,HIGH,2,Expected-range breakout CONFIRMED UP,"{""dedupe_key"":""NIFTY|EXP_RANGE_BREAKOUT_CONFIRMED_UP|ON|2026-08-06 10:40"",""threshold"":2,""value"":2,""since_minute_bucket_ist"":"""",""last_updated_ist"":""2026-08-06 10:40:00""}"
2026-08-06 00:00:00,2026-08-06 10:42:00,87,NIFTY,PIN_BASIC,ON,LOW,37.5,Spot near a local wall (pin zone),"{""dedupe_key"":""NIFTY|PIN_BASIC|ON|2026-08-06 10:42"",""threshold"":37.5,""value"":37.5,""since_minute_bucket_ist"":"""",""last_updated_ist"":""2026-08-06 10:42:00""}"
2026-08-06 00:00:00,2026-08-06 10:42:00,87,NIFTY,EXP_RANGE_BREAKOUT_WATCH_UP,OFF,MED,24633.45,Expected-range watch UP,"{""dedupe_key"":""NIFTY|EXP_RANGE_BREAKOUT_WATCH_UP|OFF|2026-08-06 10:42"",""threshold"":24641.11,""value"":24633.45,""since_minute_bucket_ist"":""2026-08-06 10:39"",""last_updated_ist"":""2026-08-06 10:42:00""}"
2026-08-06 00:00:00,2026-08-06 10:42:00,87,NIFTY,EXP_RANGE_BREAKOUT_WATCH_DOWN,ON,MED,24633.45,Expected-range watch DOWN,"{""dedupe_key"":""NIFTY|EXP_RANGE_BREAKOUT_WATCH_DOWN|ON|2026-08-06 10:42"",""threshold"":24634.72,""value"":24633.45,""since_minute_bucket_ist"":"""",""last_updated_ist"":""2026-08-06 10:42:00""}"
2026-08-06 00:00:00,2026-08-06 10:42:00,87,NIFTY,EXP_RANGE_BREAKOUT_CONFIRMED_UP,OFF,HIGH,0,Expected-range breakout CONFIRMED UP,"{""dedupe_key"":""NIFTY|EXP_RANGE_BREAKOUT_CONFIRMED_UP|OFF|2026-08-06 10:42"",""threshold"":2,""value"":0,""since_minute_bucket_ist"":""2026-08-06 10:40"",""last_updated_ist"":""2026-08-06 10:42:00""}"
2026-08-06 00:00:00,2026-08-06 10:42:00,87,NIFTY,OPTION_MOMENTUM_PUT,ON,MED,3.8,ATM PUT momentum (ltp up + vol up),"{""dedupe_key"":""NIFTY|OPTION_MOMENTUM_PUT|ON|2026-08-06 10:42"",""threshold"":1.5,""value"":3.8,""since_minute_bucket_ist"":"""",""last_updated_ist"":""2026-08-06 10:42:00""}"
2026-08-06 00:00:00,2026-08-06 10:42:00,88,NIFTY,EXP_RANGE_BREAKOUT_CONFIRMED_DOWN,ON,HIGH,2,Expected-range breakout CONFIRMED DOWN,"{""dedupe_key"":""NIFTY|EXP_RANGE_BREAKOUT_CONFIRMED_DOWN|ON|2026-08-06 10:42"",""threshold"":2,""value"":2,""since_minute_bucket_ist"":"""",""last_updated_ist"":""2026-08-06 10:42:00""}"
2026-08-06 00:00:00,2026-08-06 10:42:00,88,NIFTY,VOL_CONTRACTION,ON,LOW,-0.0022,Volatility contracting (straddle down),"{""dedupe_key"":""NIFTY|VOL_CONTRACTION|ON|2026-08-06 10:42"",""threshold"":-0.03,""value"":-0.0022,""since_minute_bucket_ist"":"""",""last_updated_ist"":""2026-08-06 10:42:00""}"
2026-08-06 00:00:00,2026-08-06 10:42:00,88,NIFTY,OPTION_MOMENTUM_PUT,OFF,MED,0,ATM PUT momentum (ltp up + vol up),"{""dedupe_key"":""NIFTY|OPTION_MOMENTUM_PUT|OFF|2026-08-06 10:42"",""threshold"":1.5,""value"":0,""since_minute_bucket_ist"":""2026-08-06 10:42"",""last_updated_ist"":""2026-08-06 10:42:00""}"
2026-08-06 00:00:00,2026-08-06 10:43:00,89,NIFTY,EXP_RANGE_BREAKOUT_WATCH_DOWN,OFF,MED,24636.2,Expected-range watch DOWN,"{""dedupe_key"":""NIFTY|EXP_RANGE_BREAKOUT_WATCH_DOWN|OFF|2026-08-06 10:43"",""threshold"":24633.82,""value"":24636.2,""since_minute_bucket_ist"":""2026-08-06 10:42"",""last_updated_ist"":""2026-08-06 10:43:00""}"
2026-08-06 00:00:00,2026-08-06 10:43:00,89,NIFTY,EXP_RANGE_BREAKOUT_CONFIRMED_DOWN,OFF,HIGH,0,Expected-range breakout CONFIRMED DOWN,"{""dedupe_key"":""NIFTY|EXP_RANGE_BREAKOUT_CONFIRMED_DOWN|OFF|2026-08-06 10:43"",""threshold"":2,""value"":0,""since_minute_bucket_ist"":""2026-08-06 10:42"",""last_updated_ist"":""2026-08-06 10:43:00""}"
2026-08-06 00:00:00,2026-08-06 10:43:00,89,NIFTY,VOL_CONTRACTION,OFF,LOW,-0.0016,Volatility contracting (straddle down),"{""dedupe_key"":""NIFTY|VOL_CONTRACTION|OFF|2026-08-06 10:43"",""threshold"":-0.03,""value"":-0.0016,""since_minute_bucket_ist"":""2026-08-06 10:42"",""last_updated_ist"":""2026-08-06 10:43:00""}"
2026-08-06 00:00:00,2026-08-06 10:45:00,91,NIFTY,VOL_EXPANSION,ON,MED,0.0045,Volatility expanding (straddle up),"{""dedupe_key"":""NIFTY|VOL_EXPANSION|ON|2026-08-06 10:45"",""threshold"":0.02,""value"":0.0045,""since_minute_bucket_ist"":"""",""last_updated_ist"":""2026-08-06 10:45:00""}"
2026-08-06 00:00:00,2026-08-06 10:47:00,93,NIFTY,EXP_RANGE_BREAKOUT_WATCH_DOWN,ON,MED,24628.75,Expected-range watch DOWN,"{""dedupe_key"":""NIFTY|EXP_RANGE_BREAKOUT_WATCH_DOWN|ON|2026-08-06 10:47"",""threshold"":24631.01,""value"":24628.75,""since_minute_bucket_ist"":"""",""last_updated_ist"":""2026-08-06 10:47:00""}"
2026-08-06 00:00:00,2026-08-06 10:47:00,93,NIFTY,VOL_EXPANSION,OFF,MED,0.0014,Volatility expanding (straddle up),"{""dedupe_key"":""NIFTY|VOL_EXPANSION|OFF|2026-08-06 10:47"",""threshold"":0.02,""value"":0.0014,""since_minute_bucket_ist"":""2026-08-06 10:45"",""last_updated_ist"":""2026-08-06 10:47:00""}"
2026-08-06 00:00:00,2026-08-06 10:48:00,94,NIFTY,EXP_RANGE_BREAKOUT_CONFIRMED_DOWN,ON,HIGH,2,Expected-range breakout CONFIRMED DOWN,"{""dedupe_key"":""NIFTY|EXP_RANGE_BREAKOUT_CONFIRMED_DOWN|ON|2026-08-06 10:48"",""threshold"":2,""value"":2,""since_minute_bucket_ist"":"""",""last_updated_ist"":""2026-08-06 10:48:00""}"
2026-08-06 00:00:00,2026-08-06 10:48:00,94,NIFTY,OPTION_MOMENTUM_PUT,ON,MED,2.7,ATM PUT momentum (ltp up + vol up),"{""dedupe_key"":""NIFTY|OPTION_MOMENTUM_PUT|ON|2026-08-06 10:48"",""threshold"":1.5,""value"":2.7,""since_minute_bucket_ist"":"""",""last_updated_ist"":""2026-08-06 10:48:00""}"
2026-08-06 00:00:00,2026-08-06 10:49:00,95,NIFTY,VOL_CONTRACTION,ON,LOW,-0.0048,Volatility contracting (straddle down),"{""dedupe_key"":""NIFTY|VOL_CONTRACTION|ON|2026-08-06 10:49"",""threshold"":-0.03,""value"":-0.0048,""since_minute_bucket_ist"":"""",""last_updated_ist"":""2026-08-06 10:49:00""}"
2026-08-06 00:00:00,2026-08-06 10:49:00,95,NIFTY,OPTION_MOMENTUM_PUT,OFF,MED,-0.2,ATM PUT momentum (ltp up + vol up),"{""dedupe_key"":""NIFTY|OPTION_MOMENTUM_PUT|OFF|2026-08-06 10:49"",""threshold"":1.5,""value"":-0.2,""since_minute_bucket_ist"":""2026-08-06 10:48"",""last_updated_ist"":""2026-08-06 10:49:00""}"
2026-08-06 00:00:00,2026-08-06 10:50:00,96,NIFTY,VOL_CONTRACTION,OFF,LOW,-0.0048,Volatility contracting (straddle down),"{""dedupe_key"":""NIFTY|VOL_CONTRACTION|OFF|2026-08-06 10:50"",""threshold"":-0.03,""value"":-0.0048,""since_minute_bucket_ist"":""2026-08-06 10:49"",""last_updated_ist"":""2026-08-06 10:50:00""}"
2026-08-06 00:00:00,2026-08-06 10:51:00,97,NIFTY,VOL_EXPANSION,ON,MED,0.0165,Volatility expanding (straddle up),"{""dedupe_key"":""NIFTY|VOL_EXPANSION|ON|2026-08-06 10:51"",""threshold"":0.02,""value"":0.0165,""since_minute_bucket_ist"":"""",""last_updated_ist"":""2026-08-06 10:51:00""}"
2026-08-06 00:00:00,2026-08-06 10:51:00,97,NIFTY,OPTION_MOMENTUM_PUT,ON,MED,2.45,ATM PUT momentum (ltp up + vol up),"{""dedupe_key"":""NIFTY|OPTION_MOMENTUM_PUT|ON|2026-08-06 10:51"",""threshold"":1.5,""value"":2.45,""since_minute_bucket_ist"":"""",""last_updated_ist"":""2026-08-06 10:51:00""}"
2026-08-06 00:00:00,2026-08-06 10:52:00,98,NIFTY,FLOW_BEARISH_BUILD,ON,HIGH,0.0023,Bearish build (premium-confirmed writing / resistance),"{""dedupe_key"":""NIFTY|FLOW_BEARISH_BUILD|ON|2026-08-06 10:52"",""threshold"":0.005,""value"":0.0023,""since_minute_bucket_ist"":"""",""last_updated_ist"":""2026-08-06 10:52:00""}"
2026-08-06 00:00:00,2026-08-06 10:52:00,98,NIFTY,PIN_BREAKOUT_SETUP,ON,MED,-4.299999999999272,Pin breakout setup (wall touch + aligned flow),"{""dedupe_key"":""NIFTY|PIN_BREAKOUT_SETUP|ON|2026-08-06 10:52"",""threshold"":0,""value"":-4.299999999999272,""since_minute_bucket_ist"":"""",""last_updated_ist"":""2026-08-06 10:52:00""}"
2026-08-06 00:00:00,2026-08-06 10:52:00,98,NIFTY,CHURN_COMMITTED,ON,MED,-0.0002,Price move + aligned flow (committed),"{""dedupe_key"":""NIFTY|CHURN_COMMITTED|ON|2026-08-06 10:52"",""threshold"":0.0001,""value"":-0.0002,""since_minute_bucket_ist"":"""",""last_updated_ist"":""2026-08-06 10:52:00""}"
2026-08-06 00:00:00,2026-08-06 10:52:00,98,NIFTY,WALL_PRESSURE_BREAK_SETUP,ON,MED,-4.299999999999272,Pressure building into a wall (break setup),"{""dedupe_key"":""NIFTY|WALL_PRESSURE_BREAK_SETUP|ON|2026-08-06 10:52"",""threshold"":0,""value"":-4.299999999999272,""since_minute_bucket_ist"":"""",""last_updated_ist"":""2026-08-06 10:52:00""}"
2026-08-06 00:00:00,2026-08-06 10:53:00,99,NIFTY,TRADE_LIMIT_REACHED,ON,MED,4,Cooldown active (2m),"{""dedupe_key"":""NIFTY|TRADE_LIMIT_REACHED|ON|2026-08-06 10:53"",""threshold"":500,""value"":4,""since_minute_bucket_ist"":"""",""last_updated_ist"":""2026-08-06 10:53:00""}"
2026-08-06 00:00:00,2026-08-06 10:53:00,99,NIFTY,FLOW_BEARISH_BUILD,OFF,HIGH,0,Bearish build (premium-confirmed writing / resistance),"{""dedupe_key"":""NIFTY|FLOW_BEARISH_BUILD|OFF|2026-08-06 10:53"",""threshold"":0.005,""value"":0,""since_minute_bucket_ist"":""2026-08-06 10:52"",""last_updated_ist"":""2026-08-06 10:53:00""}"
2026-08-06 00:00:00,2026-08-06 10:53:00,99,NIFTY,PIN_BREAKOUT_SETUP,OFF,MED,0,Pin breakout setup (wall touch + aligned flow),"{""dedupe_key"":""NIFTY|PIN_BREAKOUT_SETUP|OFF|2026-08-06 10:53"",""threshold"":0,""value"":0,""since_minute_bucket_ist"":""2026-08-06 10:52"",""last_updated_ist"":""2026-08-06 10:53:00""}"
2026-08-06 00:00:00,2026-08-06 10:53:00,99,NIFTY,OPTION_MOMENTUM_PUT,OFF,MED,0,ATM PUT momentum (ltp up + vol up),"{""dedupe_key"":""NIFTY|OPTION_MOMENTUM_PUT|OFF|2026-08-06 10:53"",""threshold"":1.5,""value"":0,""since_minute_bucket_ist"":""2026-08-06 10:51"",""last_updated_ist"":""2026-08-06 10:53:00""}"
2026-08-06 00:00:00,2026-08-06 10:53:00,99,NIFTY,WALL_UNWIND_CONFIRM_DOWN,ON,MED,-0.0088,Put wall OI unwinding (5m),"{""dedupe_key"":""NIFTY|WALL_UNWIND_CONFIRM_DOWN|ON|2026-08-06 10:53"",""threshold"":-0.006,""value"":-0.0088,""since_minute_bucket_ist"":"""",""last_updated_ist"":""2026-08-06 10:53:00""}"
2026-08-06 00:00:00,2026-08-06 10:53:00,99,NIFTY,CHURN_COMMITTED,OFF,MED,0,Price move + aligned flow (committed),"{""dedupe_key"":""NIFTY|CHURN_COMMITTED|OFF|2026-08-06 10:53"",""threshold"":0.0001,""value"":0,""since_minute_bucket_ist"":""2026-08-06 10:52"",""last_updated_ist"":""2026-08-06 10:53:00""}"
2026-08-06 00:00:00,2026-08-06 10:53:00,99,NIFTY,WALL_PRESSURE_BREAK_SETUP,OFF,MED,0,Pressure building into a wall (break setup),"{""dedupe_key"":""NIFTY|WALL_PRESSURE_BREAK_SETUP|OFF|2026-08-06 10:53"",""threshold"":0,""value"":0,""since_minute_bucket_ist"":""2026-08-06 10:52"",""last_updated_ist"":""2026-08-06 10:53:00""}"
2026-08-06 00:00:00,2026-08-06 10:54:00,100,NIFTY,EXP_RANGE_BREAKOUT_WATCH_DOWN,OFF,MED,24622,Expected-range watch DOWN,"{""dedupe_key"":""NIFTY|EXP_RANGE_BREAKOUT_WATCH_DOWN|OFF|2026-08-06 10:54"",""threshold"":24618.51,""value"":24622,""since_minute_bucket_ist"":""2026-08-06 10:47"",""last_updated_ist"":""2026-08-06 10:54:00""}"
2026-08-06 00:00:00,2026-08-06 10:54:00,100,NIFTY,EXP_RANGE_BREAKOUT_CONFIRMED_DOWN,OFF,HIGH,0,Expected-range breakout CONFIRMED DOWN,"{""dedupe_key"":""NIFTY|EXP_RANGE_BREAKOUT_CONFIRMED_DOWN|OFF|2026-08-06 10:54"",""threshold"":2,""value"":0,""since_minute_bucket_ist"":""2026-08-06 10:48"",""last_updated_ist"":""2026-08-06 10:54:00""}"
2026-08-06 00:00:00,2026-08-06 10:55:00,101,NIFTY,TRADE_LIMIT_REACHED,OFF,MED,4,Cooldown active (2m),"{""dedupe_key"":""NIFTY|TRADE_LIMIT_REACHED|OFF|2026-08-06 10:55"",""threshold"":500,""value"":4,""since_minute_bucket_ist"":""2026-08-06 10:53"",""last_updated_ist"":""2026-08-06 10:55:00""}"
2026-08-06 00:00:00,2026-08-06 10:55:00,101,NIFTY,VOL_EXPANSION,OFF,MED,-0.0156,Volatility expanding (straddle up),"{""dedupe_key"":""NIFTY|VOL_EXPANSION|OFF|2026-08-06 10:55"",""threshold"":0.02,""value"":-0.0156,""since_minute_bucket_ist"":""2026-08-06 10:51"",""last_updated_ist"":""2026-08-06 10:55:00""}"
2026-08-06 00:00:00,2026-08-06 10:55:00,101,NIFTY,OPTION_MOMENTUM_CALL,ON,MED,4.1,ATM CALL momentum (ltp up + vol up),"{""dedupe_key"":""NIFTY|OPTION_MOMENTUM_CALL|ON|2026-08-06 10:55"",""threshold"":1.5,""value"":4.1,""since_minute_bucket_ist"":"""",""last_updated_ist"":""2026-08-06 10:55:00""}"
2026-08-06 00:00:00,2026-08-06 10:56:00,102,NIFTY,FLOW_BEARISH_BUILD,ON,HIGH,0.0004,Bearish build (premium-confirmed writing / resistance),"{""dedupe_key"":""NIFTY|FLOW_BEARISH_BUILD|ON|2026-08-06 10:56"",""threshold"":0.005,""value"":0.0004,""since_minute_bucket_ist"":"""",""last_updated_ist"":""2026-08-06 10:56:00""}"
2026-08-06 00:00:00,2026-08-06 10:56:00,102,NIFTY,OPTION_MOMENTUM_CALL,OFF,MED,-0.1,ATM CALL momentum (ltp up + vol up),"{""dedupe_key"":""NIFTY|OPTION_MOMENTUM_CALL|OFF|2026-08-06 10:56"",""threshold"":1.5,""value"":-0.1,""since_minute_bucket_ist"":""2026-08-06 10:55"",""last_updated_ist"":""2026-08-06 10:56:00""}"
2026-08-06 00:00:00,2026-08-06 10:56:00,102,NIFTY,WALL_SHIFT_REGIME,ON,MED,1,Wall strike shifted materially (>= 1 step),"{""dedupe_key"":""NIFTY|WALL_SHIFT_REGIME|ON|2026-08-06 10:56"",""threshold"":1,""value"":1,""since_minute_bucket_ist"":"""",""last_updated_ist"":""2026-08-06 10:56:00""}"
2026-08-06 00:00:00,2026-08-06 10:57:00,103,NIFTY,FLOW_BEARISH_BUILD,OFF,HIGH,0.0029,Bearish build (premium-confirmed writing / resistance),"{""dedupe_key"":""NIFTY|FLOW_BEARISH_BUILD|OFF|2026-08-06 10:57"",""threshold"":0.005,""value"":0.0029,""since_minute_bucket_ist"":""2026-08-06 10:56"",""last_updated_ist"":""2026-08-06 10:57:00""}"
2026-08-06 00:00:00,2026-08-06 10:57:00,103,NIFTY,REGIME_RANGE_PIN,OFF,LOW,0.0002,Range / pin (inside local walls),"{""dedupe_key"":""NIFTY|REGIME_RANGE_PIN|OFF|2026-08-06 10:57"",""threshold"":0.001,""value"":0.0002,""since_minute_bucket_ist"":""2026-08-06 10:26"",""last_updated_ist"":""2026-08-06 10:57:00""}"
2026-08-06 00:00:00,2026-08-06 10:57:00,103,NIFTY,REGIME_TRANSITION_UNCERTAIN,ON,LOW,1,Transition/uncertain regime,"{""dedupe_key"":""NIFTY|REGIME_TRANSITION_UNCERTAIN|ON|2026-08-06 10:57"",""threshold"":1,""value"":1,""since_minute_bucket_ist"":"""",""last_updated_ist"":""2026-08-06 10:57:00""}"
2026-08-06 00:00:00,2026-08-06 10:57:00,103,NIFTY,EXP_RANGE_BREAKOUT_WATCH_UP,ON,MED,24634.7,Expected-range watch UP,"{""dedupe_key"":""NIFTY|EXP_RANGE_BREAKOUT_WATCH_UP|ON|2026-08-06 10:57"",""threshold"":24633.14,""value"":24634.7,""since_minute_bucket_ist"":"""",""last_updated_ist"":""2026-08-06 10:57:00""}"
2026-08-06 00:00:00,2026-08-06 10:57:00,103,NIFTY,VOL_CONTRACTION,ON,LOW,-0.0236,Volatility contracting (straddle down),"{""dedupe_key"":""NIFTY|VOL_CONTRACTION|ON|2026-08-06 10:57"",""threshold"":-0.03,""value"":-0.0236,""since_minute_bucket_ist"":"""",""last_updated_ist"":""2026-08-06 10:57:00""}"
2026-08-06 00:00:00,2026-08-06 10:57:00,103,NIFTY,OPTION_MOMENTUM_CALL,ON,MED,3.5,ATM CALL momentum (ltp up + vol up),"{""dedupe_key"":""NIFTY|OPTION_MOMENTUM_CALL|ON|2026-08-06 10:57"",""threshold"":1.5,""value"":3.5,""since_minute_bucket_ist"":"""",""last_updated_ist"":""2026-08-06 10:57:00""}"
2026-08-06 00:00:00,2026-08-06 10:57:00,103,NIFTY,WALL_SHIFT_REGIME,OFF,MED,1,Wall strike shifted materially (>= 1 step),"{""dedupe_key"":""NIFTY|WALL_SHIFT_REGIME|OFF|2026-08-06 10:57"",""threshold"":1,""value"":1,""since_minute_bucket_ist"":""2026-08-06 10:56"",""last_updated_ist"":""2026-08-06 10:57:00""}"
2026-08-06 00:00:00,2026-08-06 10:58:00,104,NIFTY,EXP_RANGE_BREAKOUT_CONFIRMED_UP,ON,HIGH,2,Expected-range breakout CONFIRMED UP,"{""dedupe_key"":""NIFTY|EXP_RANGE_BREAKOUT_CONFIRMED_UP|ON|2026-08-06 10:58"",""threshold"":2,""value"":2,""since_minute_bucket_ist"":"""",""last_updated_ist"":""2026-08-06 10:58:00""}"
2026-08-06 00:00:00,2026-08-06 10:58:00,104,NIFTY,VOL_CONTRACTION,OFF,LOW,-0.0243,Volatility contracting (straddle down),"{""dedupe_key"":""NIFTY|VOL_CONTRACTION|OFF|2026-08-06 10:58"",""threshold"":-0.03,""value"":-0.0243,""since_minute_bucket_ist"":""2026-08-06 10:57"",""last_updated_ist"":""2026-08-06 10:58:00""}"
2026-08-06 00:00:00,2026-08-06 10:58:00,104,NIFTY,OPTION_MOMENTUM_CALL,OFF,MED,-0.6,ATM CALL momentum (ltp up + vol up),"{""dedupe_key"":""NIFTY|OPTION_MOMENTUM_CALL|OFF|2026-08-06 10:58"",""threshold"":1.5,""value"":-0.6,""since_minute_bucket_ist"":""2026-08-06 10:57"",""last_updated_ist"":""2026-08-06 10:58:00""}"
2026-08-06 00:00:00,2026-08-06 10:59:00,105,NIFTY,REGIME_RANGE_PIN,ON,LOW,0.0002,Range / pin (inside local walls),"{""dedupe_key"":""NIFTY|REGIME_RANGE_PIN|ON|2026-08-06 10:59"",""threshold"":0.001,""value"":0.0002,""since_minute_bucket_ist"":"""",""last_updated_ist"":""2026-08-06 10:59:00""}"
2026-08-06 00:00:00,2026-08-06 10:59:00,105,NIFTY,REGIME_TRANSITION_UNCERTAIN,OFF,LOW,1,Transition/uncertain regime,"{""dedupe_key"":""NIFTY|REGIME_TRANSITION_UNCERTAIN|OFF|2026-08-06 10:59"",""threshold"":1,""value"":1,""since_minute_bucket_ist"":""2026-08-06 10:57"",""last_updated_ist"":""2026-08-06 10:59:00""}"
2026-08-06 00:00:00,2026-08-06 10:59:00,105,NIFTY,EXP_RANGE_BREAKOUT_WATCH_UP,OFF,MED,24627.7,Expected-range watch UP,"{""dedupe_key"":""NIFTY|EXP_RANGE_BREAKOUT_WATCH_UP|OFF|2026-08-06 10:59"",""threshold"":24633.9,""value"":24627.7,""since_minute_bucket_ist"":""2026-08-06 10:57"",""last_updated_ist"":""2026-08-06 10:59:00""}"
2026-08-06 00:00:00,2026-08-06 10:59:00,105,NIFTY,EXP_RANGE_BREAKOUT_CONFIRMED_UP,OFF,HIGH,0,Expected-range breakout CONFIRMED UP,"{""dedupe_key"":""NIFTY|EXP_RANGE_BREAKOUT_CONFIRMED_UP|OFF|2026-08-06 10:59"",""threshold"":2,""value"":0,""since_minute_bucket_ist"":""2026-08-06 10:58"",""last_updated_ist"":""2026-08-06 10:59:00""}"
2026-08-06 00:00:00,2026-08-06 10:59:00,105,NIFTY,OPTION_MOMENTUM_PUT,ON,MED,4.2,ATM PUT momentum (ltp up + vol up),"{""dedupe_key"":""NIFTY|OPTION_MOMENTUM_PUT|ON|2026-08-06 10:59"",""threshold"":1.5,""value"":4.2,""since_minute_bucket_ist"":"""",""last_updated_ist"":""2026-08-06 10:59:00""}"
2026-08-06 00:00:00,2026-08-06 11:00:00,106,NIFTY,FLOW_BULLISH_BUILD,ON,HIGH,0.0013,Bullish build (premium-confirmed writing / support),"{""dedupe_key"":""NIFTY|FLOW_BULLISH_BUILD|ON|2026-08-06 11:00"",""threshold"":0.005,""value"":0.0013,""since_minute_bucket_ist"":"""",""last_updated_ist"":""2026-08-06 11:00:00""}"
2026-08-06 00:00:00,2026-08-06 11:00:00,106,NIFTY,OPTION_MOMENTUM_CALL,ON,MED,2.5,ATM CALL momentum (ltp up + vol up),"{""dedupe_key"":""NIFTY|OPTION_MOMENTUM_CALL|ON|2026-08-06 11:00"",""threshold"":1.5,""value"":2.5,""since_minute_bucket_ist"":"""",""last_updated_ist"":""2026-08-06 11:00:00""}"
2026-08-06 00:00:00,2026-08-06 11:00:00,106,NIFTY,OPTION_MOMENTUM_PUT,OFF,MED,-2.4,ATM PUT momentum (ltp up + vol up),"{""dedupe_key"":""NIFTY|OPTION_MOMENTUM_PUT|OFF|2026-08-06 11:00"",""threshold"":1.5,""value"":-2.4,""since_minute_bucket_ist"":""2026-08-06 10:59"",""last_updated_ist"":""2026-08-06 11:00:00""}"
2026-08-06 00:00:00,2026-08-06 11:00:00,106,NIFTY,WALL_UNWIND_CONFIRM_DOWN,OFF,MED,0.0016,Put wall OI unwinding (5m),"{""dedupe_key"":""NIFTY|WALL_UNWIND_CONFIRM_DOWN|OFF|2026-08-06 11:00"",""threshold"":-0.006,""value"":0.0016,""since_minute_bucket_ist"":""2026-08-06 10:53"",""last_updated_ist"":""2026-08-06 11:00:00""}"
2026-08-06 00:00:00,2026-08-06 11:00:00,106,NIFTY,CHURN_COMMITTED,ON,MED,0.0002,Price move + aligned flow (committed),"{""dedupe_key"":""NIFTY|CHURN_COMMITTED|ON|2026-08-06 11:00"",""threshold"":0.0001,""value"":0.0002,""since_minute_bucket_ist"":"""",""last_updated_ist"":""2026-08-06 11:00:00""}"
2026-08-06 00:00:00,2026-08-06 11:01:00,107,NIFTY,FLOW_BULLISH_BUILD,OFF,HIGH,0,Bullish build (premium-confirmed writing / support),"{""dedupe_key"":""NIFTY|FLOW_BULLISH_BUILD|OFF|2026-08-06 11:01"",""threshold"":0.005,""value"":0,""since_minute_bucket_ist"":""2026-08-06 11:00"",""last_updated_ist"":""2026-08-06 11:01:00""}"
2026-08-06 00:00:00,2026-08-06 11:01:00,107,NIFTY,OPTION_MOMENTUM_CALL,OFF,MED,0,ATM CALL momentum (ltp up + vol up),"{""dedupe_key"":""NIFTY|OPTION_MOMENTUM_CALL|OFF|2026-08-06 11:01"",""threshold"":1.5,""value"":0,""since_minute_bucket_ist"":""2026-08-06 11:00"",""last_updated_ist"":""2026-08-06 11:01:00""}"
2026-08-06 00:00:00,2026-08-06 11:01:00,107,NIFTY,CHURN_COMMITTED,OFF,MED,0,Price move + aligned flow (committed),"{""dedupe_key"":""NIFTY|CHURN_COMMITTED|OFF|2026-08-06 11:01"",""threshold"":0.0001,""value"":0,""since_minute_bucket_ist"":""2026-08-06 11:00"",""last_updated_ist"":""2026-08-06 11:01:00""}"
2026-08-06 00:00:00,2026-08-06 11:02:00,108,NIFTY,REGIME_RANGE_PIN,OFF,LOW,0.0002,Range / pin (inside local walls),"{""dedupe_key"":""NIFTY|REGIME_RANGE_PIN|OFF|2026-08-06 11:02"",""threshold"":0.001,""value"":0.0002,""since_minute_bucket_ist"":""2026-08-06 10:59"",""last_updated_ist"":""2026-08-06 11:02:00""}"
2026-08-06 00:00:00,2026-08-06 11:02:00,108,NIFTY,REGIME_TRANSITION_UNCERTAIN,ON,LOW,1,Transition/uncertain regime,"{""dedupe_key"":""NIFTY|REGIME_TRANSITION_UNCERTAIN|ON|2026-08-06 11:02"",""threshold"":1,""value"":1,""since_minute_bucket_ist"":"""",""last_updated_ist"":""2026-08-06 11:02:00""}"
2026-08-06 00:00:00,2026-08-06 11:02:00,108,NIFTY,VOL_EXPANSION,ON,MED,0.0247,Volatility expanding (straddle up),"{""dedupe_key"":""NIFTY|VOL_EXPANSION|ON|2026-08-06 11:02"",""threshold"":0.02,""value"":0.0247,""since_minute_bucket_ist"":"""",""last_updated_ist"":""2026-08-06 11:02:00""}"
2026-08-06 00:00:00,2026-08-06 11:02:00,108,NIFTY,OPTION_MOMENTUM_PUT,ON,MED,2.1,ATM PUT momentum (ltp up + vol up),"{""dedupe_key"":""NIFTY|OPTION_MOMENTUM_PUT|ON|2026-08-06 11:02"",""threshold"":1.5,""value"":2.1,""since_minute_bucket_ist"":"""",""last_updated_ist"":""2026-08-06 11:02:00""}"
2026-08-06 00:00:00,2026-08-06 11:03:00,109,NIFTY,FLOW_BEARISH_BUILD,ON,HIGH,0.0003,Bearish build (premium-confirmed writing / resistance),"{""dedupe_key"":""NIFTY|FLOW_BEARISH_BUILD|ON|2026-08-06 11:03"",""threshold"":0.005,""value"":0.0003,""since_minute_bucket_ist"":"""",""last_updated_ist"":""2026-08-06 11:03:00""}"
2026-08-06 00:00:00,2026-08-06 11:03:00,109,NIFTY,REGIME_RANGE_PIN,ON,LOW,0.0003,Range / pin (inside local walls),"{""dedupe_key"":""NIFTY|REGIME_RANGE_PIN|ON|2026-08-06 11:03"",""threshold"":0.001,""value"":0.0003,""since_minute_bucket_ist"":"""",""last_updated_ist"":""2026-08-06 11:03:00""}"
2026-08-06 00:00:00,2026-08-06 11:03:00,109,NIFTY,REGIME_TRANSITION_UNCERTAIN,OFF,LOW,1,Transition/uncertain regime,"{""dedupe_key"":""NIFTY|REGIME_TRANSITION_UNCERTAIN|OFF|2026-08-06 11:03"",""threshold"":1,""value"":1,""since_minute_bucket_ist"":""2026-08-06 11:02"",""last_updated_ist"":""2026-08-06 11:03:00""}"
2026-08-06 00:00:00,2026-08-06 11:03:00,109,NIFTY,VOL_EXPANSION,OFF,MED,0.0034,Volatility expanding (straddle up),"{""dedupe_key"":""NIFTY|VOL_EXPANSION|OFF|2026-08-06 11:03"",""threshold"":0.02,""value"":0.0034,""since_minute_bucket_ist"":""2026-08-06 11:02"",""last_updated_ist"":""2026-08-06 11:03:00""}"
2026-08-06 00:00:00,2026-08-06 11:04:00,110,NIFTY,FLOW_BEARISH_BUILD,OFF,HIGH,0.0011,Bearish build (premium-confirmed writing / resistance),"{""dedupe_key"":""NIFTY|FLOW_BEARISH_BUILD|OFF|2026-08-06 11:04"",""threshold"":0.005,""value"":0.0011,""since_minute_bucket_ist"":""2026-08-06 11:03"",""last_updated_ist"":""2026-08-06 11:04:00""}"
2026-08-06 00:00:00,2026-08-06 11:04:00,110,NIFTY,OPTION_MOMENTUM_PUT,OFF,MED,-3.7,ATM PUT momentum (ltp up + vol up),"{""dedupe_key"":""NIFTY|OPTION_MOMENTUM_PUT|OFF|2026-08-06 11:04"",""threshold"":1.5,""value"":-3.7,""since_minute_bucket_ist"":""2026-08-06 11:02"",""last_updated_ist"":""2026-08-06 11:04:00""}"
2026-08-06 00:00:00,2026-08-06 11:05:00,111,NIFTY,FLOW_BULLISH_BUILD,ON,HIGH,0.0025,Bullish build (premium-confirmed writing / support),"{""dedupe_key"":""NIFTY|FLOW_BULLISH_BUILD|ON|2026-08-06 11:05"",""threshold"":0.005,""value"":0.0025,""since_minute_bucket_ist"":"""",""last_updated_ist"":""2026-08-06 11:05:00""}"
2026-08-06 00:00:00,2026-08-06 11:05:00,111,NIFTY,EXP_RANGE_BREAKOUT_WATCH_UP,ON,MED,24636.95,Expected-range watch UP,"{""dedupe_key"":""NIFTY|EXP_RANGE_BREAKOUT_WATCH_UP|ON|2026-08-06 11:05"",""threshold"":24636.78,""value"":24636.95,""since_minute_bucket_ist"":"""",""last_updated_ist"":""2026-08-06 11:05:00""}"
2026-08-06 00:00:00,2026-08-06 11:05:00,111,NIFTY,CHURN_COMMITTED,ON,MED,0.0002,Price move + aligned flow (committed),"{""dedupe_key"":""NIFTY|CHURN_COMMITTED|ON|2026-08-06 11:05"",""threshold"":0.0001,""value"":0.0002,""since_minute_bucket_ist"":"""",""last_updated_ist"":""2026-08-06 11:05:00""}"
2026-08-06 00:00:00,2026-08-06 11:06:00,112,NIFTY,FLOW_BULLISH_BUILD,OFF,HIGH,0,Bullish build (premium-confirmed writing / support),"{""dedupe_key"":""NIFTY|FLOW_BULLISH_BUILD|OFF|2026-08-06 11:06"",""threshold"":0.005,""value"":0,""since_minute_bucket_ist"":""2026-08-06 11:05"",""last_updated_ist"":""2026-08-06 11:06:00""}"
2026-08-06 00:00:00,2026-08-06 11:06:00,112,NIFTY,EXP_RANGE_BREAKOUT_WATCH_UP,OFF,MED,24630.9,Expected-range watch UP,"{""dedupe_key"":""NIFTY|EXP_RANGE_BREAKOUT_WATCH_UP|OFF|2026-08-06 11:06"",""threshold"":24636.52,""value"":24630.9,""since_minute_bucket_ist"":""2026-08-06 11:05"",""last_updated_ist"":""2026-08-06 11:06:00""}"
2026-08-06 00:00:00,2026-08-06 11:06:00,112,NIFTY,OPTION_MOMENTUM_CALL,ON,MED,2.2,ATM CALL momentum (ltp up + vol up),"{""dedupe_key"":""NIFTY|OPTION_MOMENTUM_CALL|ON|2026-08-06 11:06"",""threshold"":1.5,""value"":2.2,""since_minute_bucket_ist"":"""",""last_updated_ist"":""2026-08-06 11:06:00""}"
2026-08-06 00:00:00,2026-08-06 11:06:00,112,NIFTY,CHURN_COMMITTED,OFF,MED,-0.0002,Price move + aligned flow (committed),"{""dedupe_key"":""NIFTY|CHURN_COMMITTED|OFF|2026-08-06 11:06"",""threshold"":0.0001,""value"":-0.0002,""since_minute_bucket_ist"":""2026-08-06 11:05"",""last_updated_ist"":""2026-08-06 11:06:00""}"
2026-08-06 00:00:00,2026-08-06 11:07:00,113,NIFTY,OPTION_MOMENTUM_CALL,OFF,MED,-2.5,ATM CALL momentum (ltp up + vol up),"{""dedupe_key"":""NIFTY|OPTION_MOMENTUM_CALL|OFF|2026-08-06 11:07"",""threshold"":1.5,""value"":-2.5,""since_minute_bucket_ist"":""2026-08-06 11:06"",""last_updated_ist"":""2026-08-06 11:07:00""}"
2026-08-06 00:00:00,2026-08-06 11:07:00,113,NIFTY,OPTION_MOMENTUM_PUT,ON,MED,3.2,ATM PUT momentum (ltp up + vol up),"{""dedupe_key"":""NIFTY|OPTION_MOMENTUM_PUT|ON|2026-08-06 11:07"",""threshold"":1.5,""value"":3.2,""since_minute_bucket_ist"":"""",""last_updated_ist"":""2026-08-06 11:07:00""}"
2026-08-06 00:00:00,2026-08-06 11:08:00,114,NIFTY,OPTION_MOMENTUM_PUT,OFF,MED,-1.65,ATM PUT momentum (ltp up + vol up),"{""dedupe_key"":""NIFTY|OPTION_MOMENTUM_PUT|OFF|2026-08-06 11:08"",""threshold"":1.5,""value"":-1.65,""since_minute_bucket_ist"":""2026-08-06 11:07"",""last_updated_ist"":""2026-08-06 11:08:00""}"
2026-08-06 00:00:00,2026-08-06 11:09:00,115,NIFTY,FLOW_BULLISH_BUILD,ON,HIGH,0.0033,Bullish build (premium-confirmed writing / support),"{""dedupe_key"":""NIFTY|FLOW_BULLISH_BUILD|ON|2026-08-06 11:09"",""threshold"":0.005,""value"":0.0033,""since_minute_bucket_ist"":"""",""last_updated_ist"":""2026-08-06 11:09:00""}"
2026-08-06 00:00:00,2026-08-06 11:09:00,115,NIFTY,PIN_BASIC,OFF,LOW,37.5,Spot near a local wall (pin zone),"{""dedupe_key"":""NIFTY|PIN_BASIC|OFF|2026-08-06 11:09"",""threshold"":37.5,""value"":37.5,""since_minute_bucket_ist"":""2026-08-06 10:42"",""last_updated_ist"":""2026-08-06 11:09:00""}"
2026-08-06 00:00:00,2026-08-06 11:09:00,115,NIFTY,EXP_RANGE_BREAKOUT_WATCH_UP,ON,MED,24638.15,Expected-range watch UP,"{""dedupe_key"":""NIFTY|EXP_RANGE_BREAKOUT_WATCH_UP|ON|2026-08-06 11:09"",""threshold"":24637.59,""value"":24638.15,""since_minute_bucket_ist"":"""",""last_updated_ist"":""2026-08-06 11:09:00""}"
2026-08-06 00:00:00,2026-08-06 11:09:00,115,NIFTY,CHURN_COMMITTED,ON,MED,0.0003,Price move + aligned flow (committed),"{""dedupe_key"":""NIFTY|CHURN_COMMITTED|ON|2026-08-06 11:09"",""threshold"":0.0001,""value"":0.0003,""since_minute_bucket_ist"":"""",""last_updated_ist"":""2026-08-06 11:09:00""}"
2026-08-06 00:00:00,2026-08-06 11:10:00,116,NIFTY,EXP_RANGE_BREAKOUT_CONFIRMED_UP,ON,HIGH,2,Expected-range breakout CONFIRMED UP,"{""dedupe_key"":""NIFTY|EXP_RANGE_BREAKOUT_CONFIRMED_UP|ON|2026-08-06 11:10"",""threshold"":2,""value"":2,""since_minute_bucket_ist"":"""",""last_updated_ist"":""2026-08-06 11:10:00""}"
2026-08-06 00:00:00,2026-08-06 11:10:00,116,NIFTY,OPTION_MOMENTUM_CALL,ON,MED,2.8,ATM CALL momentum (ltp up + vol up),"{""dedupe_key"":""NIFTY|OPTION_MOMENTUM_CALL|ON|2026-08-06 11:10"",""threshold"":1.5,""value"":2.8,""since_minute_bucket_ist"":"""",""last_updated_ist"":""2026-08-06 11:10:00""}"
2026-08-06 00:00:00,2026-08-06 11:10:00,116,NIFTY,WALL_UNWIND_CONFIRM_UP,ON,MED,-0.0073,Call wall OI unwinding (5m),"{""dedupe_key"":""NIFTY|WALL_UNWIND_CONFIRM_UP|ON|2026-08-06 11:10"",""threshold"":-0.006,""value"":-0.0073,""since_minute_bucket_ist"":"""",""last_updated_ist"":""2026-08-06 11:10:00""}"
2026-08-06 00:00:00,2026-08-06 11:10:00,116,NIFTY,CHURN_COMMITTED,OFF,MED,0.0001,Price move + aligned flow (committed),"{""dedupe_key"":""NIFTY|CHURN_COMMITTED|OFF|2026-08-06 11:10"",""threshold"":0.0001,""value"":0.0001,""since_minute_bucket_ist"":""2026-08-06 11:09"",""last_updated_ist"":""2026-08-06 11:10:00""}"
2026-08-06 00:00:00,2026-08-06 11:11:00,117,NIFTY,TRADE_LIMIT_REACHED,ON,MED,5,Cooldown active (2m),"{""dedupe_key"":""NIFTY|TRADE_LIMIT_REACHED|ON|2026-08-06 11:11"",""threshold"":500,""value"":5,""since_minute_bucket_ist"":"""",""last_updated_ist"":""2026-08-06 11:11:00""}"
2026-08-06 00:00:00,2026-08-06 11:11:00,117,NIFTY,EXP_RANGE_BREAKOUT_WATCH_UP,OFF,MED,24639.6,Expected-range watch UP,"{""dedupe_key"":""NIFTY|EXP_RANGE_BREAKOUT_WATCH_UP|OFF|2026-08-06 11:11"",""threshold"":24639.66,""value"":24639.6,""since_minute_bucket_ist"":""2026-08-06 11:09"",""last_updated_ist"":""2026-08-06 11:11:00""}"
2026-08-06 00:00:00,2026-08-06 11:11:00,117,NIFTY,EXP_RANGE_BREAKOUT_CONFIRMED_UP,OFF,HIGH,0,Expected-range breakout CONFIRMED UP,"{""dedupe_key"":""NIFTY|EXP_RANGE_BREAKOUT_CONFIRMED_UP|OFF|2026-08-06 11:11"",""threshold"":2,""value"":0,""since_minute_bucket_ist"":""2026-08-06 11:10"",""last_updated_ist"":""2026-08-06 11:11:00""}"
2026-08-06 00:00:00,2026-08-06 11:11:00,117,NIFTY,OPTION_MOMENTUM_CALL,OFF,MED,1.4,ATM CALL momentum (ltp up + vol up),"{""dedupe_key"":""NIFTY|OPTION_MOMENTUM_CALL|OFF|2026-08-06 11:11"",""threshold"":1.5,""value"":1.4,""since_minute_bucket_ist"":""2026-08-06 11:10"",""last_updated_ist"":""2026-08-06 11:11:00""}"
2026-08-06 00:00:00,2026-08-06 11:11:00,117,NIFTY,STEALTH_BUILD_BULL,ON,MED,0.0109,"Stealth bullish build (puts build, spot flat)","{""dedupe_key"":""NIFTY|STEALTH_BUILD_BULL|ON|2026-08-06 11:11"",""threshold"":0.008,""value"":0.0109,""since_minute_bucket_ist"":"""",""last_updated_ist"":""2026-08-06 11:11:00""}"
2026-08-06 00:00:00,2026-08-06 11:12:00,118,NIFTY,TRADE_LIMIT_REACHED,OFF,MED,5,Cooldown active (2m),"{""dedupe_key"":""NIFTY|TRADE_LIMIT_REACHED|OFF|2026-08-06 11:12"",""threshold"":500,""value"":5,""since_minute_bucket_ist"":""2026-08-06 11:11"",""last_updated_ist"":""2026-08-06 11:12:00""}"
2026-08-06 00:00:00,2026-08-06 11:12:00,118,NIFTY,REGIME_RANGE_PIN,OFF,LOW,0.0002,Range / pin (inside local walls),"{""dedupe_key"":""NIFTY|REGIME_RANGE_PIN|OFF|2026-08-06 11:12"",""threshold"":0.001,""value"":0.0002,""since_minute_bucket_ist"":""2026-08-06 11:03"",""last_updated_ist"":""2026-08-06 11:12:00""}"
2026-08-06 00:00:00,2026-08-06 11:12:00,118,NIFTY,REGIME_TRANSITION_UNCERTAIN,ON,LOW,1,Transition/uncertain regime,"{""dedupe_key"":""NIFTY|REGIME_TRANSITION_UNCERTAIN|ON|2026-08-06 11:12"",""threshold"":1,""value"":1,""since_minute_bucket_ist"":"""",""last_updated_ist"":""2026-08-06 11:12:00""}"
2026-08-06 00:00:00,2026-08-06 11:12:00,118,NIFTY,EXP_RANGE_BREAKOUT_WATCH_UP,ON,MED,24647.55,Expected-range watch UP,"{""dedupe_key"":""NIFTY|EXP_RANGE_BREAKOUT_WATCH_UP|ON|2026-08-06 11:12"",""threshold"":24642.92,""value"":24647.55,""since_minute_bucket_ist"":"""",""last_updated_ist"":""2026-08-06 11:12:00""}"
2026-08-06 00:00:00,2026-08-06 11:12:00,118,NIFTY,OPTION_MOMENTUM_CALL,ON,MED,3.1,ATM CALL momentum (ltp up + vol up),"{""dedupe_key"":""NIFTY|OPTION_MOMENTUM_CALL|ON|2026-08-06 11:12"",""threshold"":1.5,""value"":3.1,""since_minute_bucket_ist"":"""",""last_updated_ist"":""2026-08-06 11:12:00""}"
2026-08-06 00:00:00,2026-08-06 11:12:00,118,NIFTY,CHURN_COMMITTED,ON,MED,0.0003,Price move + aligned flow (committed),"{""dedupe_key"":""NIFTY|CHURN_COMMITTED|ON|2026-08-06 11:12"",""threshold"":0.0001,""value"":0.0003,""since_minute_bucket_ist"":"""",""last_updated_ist"":""2026-08-06 11:12:00""}"
2026-08-06 00:00:00,2026-08-06 11:12:00,118,NIFTY,STEALTH_BUILD_BULL,OFF,MED,0.0017,"Stealth bullish build (puts build, spot flat)","{""dedupe_key"":""NIFTY|STEALTH_BUILD_BULL|OFF|2026-08-06 11:12"",""threshold"":0.008,""value"":0.0017,""since_minute_bucket_ist"":""2026-08-06 11:11"",""last_updated_ist"":""2026-08-06 11:12:00""}"
2026-08-06 00:00:00,2026-08-06 11:13:00,119,NIFTY,FLOW_BULLISH_BUILD,OFF,HIGH,0,Bullish build (premium-confirmed writing / support),"{""dedupe_key"":""NIFTY|FLOW_BULLISH_BUILD|OFF|2026-08-06 11:13"",""threshold"":0.005,""value"":0,""since_minute_bucket_ist"":""2026-08-06 11:09"",""last_updated_ist"":""2026-08-06 11:13:00""}"
2026-08-06 00:00:00,2026-08-06 11:13:00,119,NIFTY,EXP_RANGE_BREAKOUT_CONFIRMED_UP,ON,HIGH,2,Expected-range breakout CONFIRMED UP,"{""dedupe_key"":""NIFTY|EXP_RANGE_BREAKOUT_CONFIRMED_UP|ON|2026-08-06 11:13"",""threshold"":2,""value"":2,""since_minute_bucket_ist"":"""",""last_updated_ist"":""2026-08-06 11:13:00""}"
2026-08-06 00:00:00,2026-08-06 11:13:00,119,NIFTY,CHURN_COMMITTED,OFF,MED,0,Price move + aligned flow (committed),"{""dedupe_key"":""NIFTY|CHURN_COMMITTED|OFF|2026-08-06 11:13"",""threshold"":0.0001,""value"":0,""since_minute_bucket_ist"":""2026-08-06 11:12"",""last_updated_ist"":""2026-08-06 11:13:00""}"
2026-08-06 00:00:00,2026-08-06 11:14:00,120,NIFTY,VOL_EXPANSION,ON,MED,0.0071,Volatility expanding (straddle up),"{""dedupe_key"":""NIFTY|VOL_EXPANSION|ON|2026-08-06 11:14"",""threshold"":0.02,""value"":0.0071,""since_minute_bucket_ist"":"""",""last_updated_ist"":""2026-08-06 11:14:00""}"
2026-08-06 00:00:00,2026-08-06 11:14:00,120,NIFTY,OPTION_MOMENTUM_CALL,OFF,MED,-1,ATM CALL momentum (ltp up + vol up),"{""dedupe_key"":""NIFTY|OPTION_MOMENTUM_CALL|OFF|2026-08-06 11:14"",""threshold"":1.5,""value"":-1,""since_minute_bucket_ist"":""2026-08-06 11:12"",""last_updated_ist"":""2026-08-06 11:14:00""}"
2026-08-06 00:00:00,2026-08-06 11:14:00,120,NIFTY,OPTION_MOMENTUM_PUT,ON,MED,2.3,ATM PUT momentum (ltp up + vol up),"{""dedupe_key"":""NIFTY|OPTION_MOMENTUM_PUT|ON|2026-08-06 11:14"",""threshold"":1.5,""value"":2.3,""since_minute_bucket_ist"":"""",""last_updated_ist"":""2026-08-06 11:14:00""}"
2026-08-06 00:00:00,2026-08-06 11:14:00,120,NIFTY,STEALTH_BUILD_BULL,ON,MED,0.0113,"Stealth bullish build (puts build, spot flat)","{""dedupe_key"":""NIFTY|STEALTH_BUILD_BULL|ON|2026-08-06 11:14"",""threshold"":0.008,""value"":0.0113,""since_minute_bucket_ist"":"""",""last_updated_ist"":""2026-08-06 11:14:00""}"
2026-08-06 00:00:00,2026-08-06 11:15:00,121,NIFTY,FLOW_BULLISH_BUILD,ON,HIGH,0.0101,Bullish build (premium-confirmed writing / support),"{""dedupe_key"":""NIFTY|FLOW_BULLISH_BUILD|ON|2026-08-06 11:15"",""threshold"":0.005,""value"":0.0101,""since_minute_bucket_ist"":"""",""last_updated_ist"":""2026-08-06 11:15:00""}"
2026-08-06 00:00:00,2026-08-06 11:15:00,121,NIFTY,OPTION_MOMENTUM_CALL,ON,MED,3.2,ATM CALL momentum (ltp up + vol up),"{""dedupe_key"":""NIFTY|OPTION_MOMENTUM_CALL|ON|2026-08-06 11:15"",""threshold"":1.5,""value"":3.2,""since_minute_bucket_ist"":"""",""last_updated_ist"":""2026-08-06 11:15:00""}"
2026-08-06 00:00:00,2026-08-06 11:15:00,121,NIFTY,OPTION_MOMENTUM_PUT,OFF,MED,-2.6,ATM PUT momentum (ltp up + vol up),"{""dedupe_key"":""NIFTY|OPTION_MOMENTUM_PUT|OFF|2026-08-06 11:15"",""threshold"":1.5,""value"":-2.6,""since_minute_bucket_ist"":""2026-08-06 11:14"",""last_updated_ist"":""2026-08-06 11:15:00""}"
2026-08-06 00:00:00,2026-08-06 11:15:00,121,NIFTY,FOMO_BREAKOUT,ON,HIGH,1,FOMO breakout: breakout UP + bullish flow + vol expansion,"{""dedupe_key"":""NIFTY|FOMO_BREAKOUT|ON|2026-08-06 11:15"",""threshold"":1,""value"":1,""since_minute_bucket_ist"":"""",""last_updated_ist"":""2026-08-06 11:15:00""}"
2026-08-06 00:00:00,2026-08-06 11:16:00,122,NIFTY,TRADE_LIMIT_REACHED,ON,MED,6,Cooldown active (2m),"{""dedupe_key"":""NIFTY|TRADE_LIMIT_REACHED|ON|2026-08-06 11:16"",""threshold"":500,""value"":6,""since_minute_bucket_ist"":"""",""last_updated_ist"":""2026-08-06 11:16:00""}"
2026-08-06 00:00:00,2026-08-06 11:16:00,122,NIFTY,FLOW_BULLISH_BUILD,OFF,HIGH,0.006,Bullish build (premium-confirmed writing / support),"{""dedupe_key"":""NIFTY|FLOW_BULLISH_BUILD|OFF|2026-08-06 11:16"",""threshold"":0.005,""value"":0.006,""since_minute_bucket_ist"":""2026-08-06 11:15"",""last_updated_ist"":""2026-08-06 11:16:00""}"
2026-08-06 00:00:00,2026-08-06 11:16:00,122,NIFTY,REGIME_RANGE_PIN,ON,LOW,0.0002,Range / pin (inside local walls),"{""dedupe_key"":""NIFTY|REGIME_RANGE_PIN|ON|2026-08-06 11:16"",""threshold"":0.001,""value"":0.0002,""since_minute_bucket_ist"":"""",""last_updated_ist"":""2026-08-06 11:16:00""}"
2026-08-06 00:00:00,2026-08-06 11:16:00,122,NIFTY,REGIME_TRANSITION_UNCERTAIN,OFF,LOW,1,Transition/uncertain regime,"{""dedupe_key"":""NIFTY|REGIME_TRANSITION_UNCERTAIN|OFF|2026-08-06 11:16"",""threshold"":1,""value"":1,""since_minute_bucket_ist"":""2026-08-06 11:12"",""last_updated_ist"":""2026-08-06 11:16:00""}"
2026-08-06 00:00:00,2026-08-06 11:16:00,122,NIFTY,EXP_RANGE_BREAKOUT_WATCH_UP,OFF,MED,24650.35,Expected-range watch UP,"{""dedupe_key"":""NIFTY|EXP_RANGE_BREAKOUT_WATCH_UP|OFF|2026-08-06 11:16"",""threshold"":24653.26,""value"":24650.35,""since_minute_bucket_ist"":""2026-08-06 11:12"",""last_updated_ist"":""2026-08-06 11:16:00""}"
2026-08-06 00:00:00,2026-08-06 11:16:00,122,NIFTY,EXP_RANGE_BREAKOUT_CONFIRMED_UP,OFF,HIGH,0,Expected-range breakout CONFIRMED UP,"{""dedupe_key"":""NIFTY|EXP_RANGE_BREAKOUT_CONFIRMED_UP|OFF|2026-08-06 11:16"",""threshold"":2,""value"":0,""since_minute_bucket_ist"":""2026-08-06 11:13"",""last_updated_ist"":""2026-08-06 11:16:00""}"
2026-08-06 00:00:00,2026-08-06 11:16:00,122,NIFTY,OPTION_MOMENTUM_CALL,OFF,MED,-1.55,ATM CALL momentum (ltp up + vol up),"{""dedupe_key"":""NIFTY|OPTION_MOMENTUM_CALL|OFF|2026-08-06 11:16"",""threshold"":1.5,""value"":-1.55,""since_minute_bucket_ist"":""2026-08-06 11:15"",""last_updated_ist"":""2026-08-06 11:16:00""}"
2026-08-06 00:00:00,2026-08-06 11:16:00,122,NIFTY,OPTION_MOMENTUM_PUT,ON,MED,2.2,ATM PUT momentum (ltp up + vol up),"{""dedupe_key"":""NIFTY|OPTION_MOMENTUM_PUT|ON|2026-08-06 11:16"",""threshold"":1.5,""value"":2.2,""since_minute_bucket_ist"":"""",""last_updated_ist"":""2026-08-06 11:16:00""}"
2026-08-06 00:00:00,2026-08-06 11:16:00,122,NIFTY,WALL_UNWIND_CONFIRM_UP,OFF,MED,0,Call wall OI unwinding (5m),"{""dedupe_key"":""NIFTY|WALL_UNWIND_CONFIRM_UP|OFF|2026-08-06 11:16"",""threshold"":-0.006,""value"":0,""since_minute_bucket_ist"":""2026-08-06 11:10"",""last_updated_ist"":""2026-08-06 11:16:00""}"
2026-08-06 00:00:00,2026-08-06 11:16:00,122,NIFTY,STEALTH_BUILD_BULL,OFF,MED,0.006,"Stealth bullish build (puts build, spot flat)","{""dedupe_key"":""NIFTY|STEALTH_BUILD_BULL|OFF|2026-08-06 11:16"",""threshold"":0.008,""value"":0.006,""since_minute_bucket_ist"":""2026-08-06 11:14"",""last_updated_ist"":""2026-08-06 11:16:00""}"
2026-08-06 00:00:00,2026-08-06 11:16:00,122,NIFTY,WALL_SHIFT_REGIME,ON,MED,1,Wall strike shifted materially (>= 1 step),"{""dedupe_key"":""NIFTY|WALL_SHIFT_REGIME|ON|2026-08-06 11:16"",""threshold"":1,""value"":1,""since_minute_bucket_ist"":"""",""last_updated_ist"":""2026-08-06 11:16:00""}"
2026-08-06 00:00:00,2026-08-06 11:16:00,122,NIFTY,FOMO_BREAKOUT,OFF,HIGH,1,FOMO breakout: breakout UP + bullish flow + vol expansion,"{""dedupe_key"":""NIFTY|FOMO_BREAKOUT|OFF|2026-08-06 11:16"",""threshold"":1,""value"":1,""since_minute_bucket_ist"":""2026-08-06 11:15"",""last_updated_ist"":""2026-08-06 11:16:00""}"
2026-08-06 00:00:00,2026-08-06 11:17:00,123,NIFTY,OPTION_MOMENTUM_PUT,OFF,MED,0,ATM PUT momentum (ltp up + vol up),"{""dedupe_key"":""NIFTY|OPTION_MOMENTUM_PUT|OFF|2026-08-06 11:17"",""threshold"":1.5,""value"":0,""since_minute_bucket_ist"":""2026-08-06 11:16"",""last_updated_ist"":""2026-08-06 11:17:00""}"
2026-08-06 00:00:00,2026-08-06 11:17:00,123,NIFTY,WALL_SHIFT_REGIME,OFF,MED,1,Wall strike shifted materially (>= 1 step),"{""dedupe_key"":""NIFTY|WALL_SHIFT_REGIME|OFF|2026-08-06 11:17"",""threshold"":1,""value"":1,""since_minute_bucket_ist"":""2026-08-06 11:16"",""last_updated_ist"":""2026-08-06 11:17:00""}"
2026-08-06 00:00:00,2026-08-06 11:18:00,124,NIFTY,TRADE_LIMIT_REACHED,OFF,MED,6,Cooldown active (2m),"{""dedupe_key"":""NIFTY|TRADE_LIMIT_REACHED|OFF|2026-08-06 11:18"",""threshold"":500,""value"":6,""since_minute_bucket_ist"":""2026-08-06 11:16"",""last_updated_ist"":""2026-08-06 11:18:00""}"
2026-08-06 00:00:00,2026-08-06 11:18:00,124,NIFTY,FLOW_BULLISH_BUILD,ON,HIGH,0.0138,Bullish build (premium-confirmed writing / support),"{""dedupe_key"":""NIFTY|FLOW_BULLISH_BUILD|ON|2026-08-06 11:18"",""threshold"":0.005,""value"":0.0138,""since_minute_bucket_ist"":"""",""last_updated_ist"":""2026-08-06 11:18:00""}"
2026-08-06 00:00:00,2026-08-06 11:18:00,124,NIFTY,EXP_RANGE_BREAKOUT_WATCH_UP,ON,MED,24658,Expected-range watch UP,"{""dedupe_key"":""NIFTY|EXP_RANGE_BREAKOUT_WATCH_UP|ON|2026-08-06 11:18"",""threshold"":24656.94,""value"":24658,""since_minute_bucket_ist"":"""",""last_updated_ist"":""2026-08-06 11:18:00""}"
2026-08-06 00:00:00,2026-08-06 11:18:00,124,NIFTY,OPTION_MOMENTUM_CALL,ON,MED,3.15,ATM CALL momentum (ltp up + vol up),"{""dedupe_key"":""NIFTY|OPTION_MOMENTUM_CALL|ON|2026-08-06 11:18"",""threshold"":1.5,""value"":3.15,""since_minute_bucket_ist"":"""",""last_updated_ist"":""2026-08-06 11:18:00""}"
2026-08-06 00:00:00,2026-08-06 11:18:00,124,NIFTY,WALL_UNWIND_CONFIRM_UP,ON,MED,-0.0213,Call wall OI unwinding (5m),"{""dedupe_key"":""NIFTY|WALL_UNWIND_CONFIRM_UP|ON|2026-08-06 11:18"",""threshold"":-0.006,""value"":-0.0213,""since_minute_bucket_ist"":"""",""last_updated_ist"":""2026-08-06 11:18:00""}"
2026-08-06 00:00:00,2026-08-06 11:18:00,124,NIFTY,CHURN_COMMITTED,ON,MED,0.0003,Price move + aligned flow (committed),"{""dedupe_key"":""NIFTY|CHURN_COMMITTED|ON|2026-08-06 11:18"",""threshold"":0.0001,""value"":0.0003,""since_minute_bucket_ist"":"""",""last_updated_ist"":""2026-08-06 11:18:00""}"
2026-08-06 00:00:00,2026-08-06 11:18:00,124,NIFTY,STEALTH_BUILD_BULL,ON,MED,0.0138,"Stealth bullish build (puts build, spot flat)","{""dedupe_key"":""NIFTY|STEALTH_BUILD_BULL|ON|2026-08-06 11:18"",""threshold"":0.008,""value"":0.0138,""since_minute_bucket_ist"":"""",""last_updated_ist"":""2026-08-06 11:18:00""}"
2026-08-06 00:00:00,2026-08-06 11:18:00,124,NIFTY,WALL_SHIFT_REGIME,ON,MED,1,Wall strike shifted materially (>= 1 step),"{""dedupe_key"":""NIFTY|WALL_SHIFT_REGIME|ON|2026-08-06 11:18"",""threshold"":1,""value"":1,""since_minute_bucket_ist"":"""",""last_updated_ist"":""2026-08-06 11:18:00""}"
2026-08-06 00:00:00,2026-08-06 11:19:00,125,NIFTY,FLOW_BULLISH_BUILD,OFF,HIGH,0.0019,Bullish build (premium-confirmed writing / support),"{""dedupe_key"":""NIFTY|FLOW_BULLISH_BUILD|OFF|2026-08-06 11:19"",""threshold"":0.005,""value"":0.0019,""since_minute_bucket_ist"":""2026-08-06 11:18"",""last_updated_ist"":""2026-08-06 11:19:00""}"
2026-08-06 00:00:00,2026-08-06 11:19:00,125,NIFTY,PIN_BASIC,ON,LOW,37.5,Spot near a local wall (pin zone),"{""dedupe_key"":""NIFTY|PIN_BASIC|ON|2026-08-06 11:19"",""threshold"":37.5,""value"":37.5,""since_minute_bucket_ist"":"""",""last_updated_ist"":""2026-08-06 11:19:00""}"
2026-08-06 00:00:00,2026-08-06 11:19:00,125,NIFTY,EXP_RANGE_BREAKOUT_CONFIRMED_UP,ON,HIGH,2,Expected-range breakout CONFIRMED UP,"{""dedupe_key"":""NIFTY|EXP_RANGE_BREAKOUT_CONFIRMED_UP|ON|2026-08-06 11:19"",""threshold"":2,""value"":2,""since_minute_bucket_ist"":"""",""last_updated_ist"":""2026-08-06 11:19:00""}"
2026-08-06 00:00:00,2026-08-06 11:19:00,125,NIFTY,OPTION_MOMENTUM_CALL,OFF,MED,1.45,ATM CALL momentum (ltp up + vol up),"{""dedupe_key"":""NIFTY|OPTION_MOMENTUM_CALL|OFF|2026-08-06 11:19"",""threshold"":1.5,""value"":1.45,""since_minute_bucket_ist"":""2026-08-06 11:18"",""last_updated_ist"":""2026-08-06 11:19:00""}"
2026-08-06 00:00:00,2026-08-06 11:19:00,125,NIFTY,CHURN_COMMITTED,OFF,MED,0.0003,Price move + aligned flow (committed),"{""dedupe_key"":""NIFTY|CHURN_COMMITTED|OFF|2026-08-06 11:19"",""threshold"":0.0001,""value"":0.0003,""since_minute_bucket_ist"":""2026-08-06 11:18"",""last_updated_ist"":""2026-08-06 11:19:00""}"
2026-08-06 00:00:00,2026-08-06 11:19:00,125,NIFTY,STEALTH_BUILD_BULL,OFF,MED,0.0019,"Stealth bullish build (puts build, spot flat)","{""dedupe_key"":""NIFTY|STEALTH_BUILD_BULL|OFF|2026-08-06 11:19"",""threshold"":0.008,""value"":0.0019,""since_minute_bucket_ist"":""2026-08-06 11:18"",""last_updated_ist"":""2026-08-06 11:19:00""}"
2026-08-06 00:00:00,2026-08-06 11:19:00,125,NIFTY,WALL_SHIFT_REGIME,OFF,MED,1,Wall strike shifted materially (>= 1 step),"{""dedupe_key"":""NIFTY|WALL_SHIFT_REGIME|OFF|2026-08-06 11:19"",""threshold"":1,""value"":1,""since_minute_bucket_ist"":""2026-08-06 11:18"",""last_updated_ist"":""2026-08-06 11:19:00""}"
2026-08-06 00:00:00,2026-08-06 11:20:00,126,NIFTY,VOL_EXPANSION,OFF,MED,0.0016,Volatility expanding (straddle up),"{""dedupe_key"":""NIFTY|VOL_EXPANSION|OFF|2026-08-06 11:20"",""threshold"":0.02,""value"":0.0016,""since_minute_bucket_ist"":""2026-08-06 11:14"",""last_updated_ist"":""2026-08-06 11:20:00""}"
2026-08-06 00:00:00,2026-08-06 11:20:00,126,NIFTY,WALL_UNWIND_CONFIRM_UP,OFF,MED,0.0091,Call wall OI unwinding (5m),"{""dedupe_key"":""NIFTY|WALL_UNWIND_CONFIRM_UP|OFF|2026-08-06 11:20"",""threshold"":-0.006,""value"":0.0091,""since_minute_bucket_ist"":""2026-08-06 11:18"",""last_updated_ist"":""2026-08-06 11:20:00""}"
2026-08-06 00:00:00,2026-08-06 11:21:00,127,NIFTY,FLOW_BULLISH_BUILD,ON,HIGH,0.0084,Bullish build (premium-confirmed writing / support),"{""dedupe_key"":""NIFTY|FLOW_BULLISH_BUILD|ON|2026-08-06 11:21"",""threshold"":0.005,""value"":0.0084,""since_minute_bucket_ist"":"""",""last_updated_ist"":""2026-08-06 11:21:00""}"
2026-08-06 00:00:00,2026-08-06 11:21:00,127,NIFTY,REGIME_RANGE_PIN,OFF,LOW,0.0001,Range / pin (inside local walls),"{""dedupe_key"":""NIFTY|REGIME_RANGE_PIN|OFF|2026-08-06 11:21"",""threshold"":0.001,""value"":0.0001,""since_minute_bucket_ist"":""2026-08-06 11:16"",""last_updated_ist"":""2026-08-06 11:21:00""}"
2026-08-06 00:00:00,2026-08-06 11:21:00,127,NIFTY,REGIME_TRANSITION_UNCERTAIN,ON,LOW,1,Transition/uncertain regime,"{""dedupe_key"":""NIFTY|REGIME_TRANSITION_UNCERTAIN|ON|2026-08-06 11:21"",""threshold"":1,""value"":1,""since_minute_bucket_ist"":"""",""last_updated_ist"":""2026-08-06 11:21:00""}"
2026-08-06 00:00:00,2026-08-06 11:21:00,127,NIFTY,PIN_BREAKOUT_SETUP,ON,MED,2.150000000001455,Pin breakout setup (wall touch + aligned flow),"{""dedupe_key"":""NIFTY|PIN_BREAKOUT_SETUP|ON|2026-08-06 11:21"",""threshold"":0,""value"":2.150000000001455,""since_minute_bucket_ist"":"""",""last_updated_ist"":""2026-08-06 11:21:00""}"
2026-08-06 00:00:00,2026-08-06 11:21:00,127,NIFTY,VOL_EXPANSION,ON,MED,0.007,Volatility expanding (straddle up),"{""dedupe_key"":""NIFTY|VOL_EXPANSION|ON|2026-08-06 11:21"",""threshold"":0.02,""value"":0.007,""since_minute_bucket_ist"":"""",""last_updated_ist"":""2026-08-06 11:21:00""}"
2026-08-06 00:00:00,2026-08-06 11:21:00,127,NIFTY,OPTION_MOMENTUM_CALL,ON,MED,2.4,ATM CALL momentum (ltp up + vol up),"{""dedupe_key"":""NIFTY|OPTION_MOMENTUM_CALL|ON|2026-08-06 11:21"",""threshold"":1.5,""value"":2.4,""since_minute_bucket_ist"":"""",""last_updated_ist"":""2026-08-06 11:21:00""}"
2026-08-06 00:00:00,2026-08-06 11:21:00,127,NIFTY,STEALTH_BUILD_BULL,ON,MED,0.0084,"Stealth bullish build (puts build, spot flat)","{""dedupe_key"":""NIFTY|STEALTH_BUILD_BULL|ON|2026-08-06 11:21"",""threshold"":0.008,""value"":0.0084,""since_minute_bucket_ist"":"""",""last_updated_ist"":""2026-08-06 11:21:00""}"
2026-08-06 00:00:00,2026-08-06 11:21:00,127,NIFTY,WALL_PRESSURE_BREAK_SETUP,ON,MED,2.150000000001455,Pressure building into a wall (break setup),"{""dedupe_key"":""NIFTY|WALL_PRESSURE_BREAK_SETUP|ON|2026-08-06 11:21"",""threshold"":0,""value"":2.150000000001455,""since_minute_bucket_ist"":"""",""last_updated_ist"":""2026-08-06 11:21:00""}"
2026-08-06 00:00:00,2026-08-06 11:21:00,127,NIFTY,FOMO_BREAKOUT,ON,HIGH,1,FOMO breakout: breakout UP + bullish flow + vol expansion,"{""dedupe_key"":""NIFTY|FOMO_BREAKOUT|ON|2026-08-06 11:21"",""threshold"":1,""value"":1,""since_minute_bucket_ist"":"""",""last_updated_ist"":""2026-08-06 11:21:00""}"
2026-08-06 00:00:00,2026-08-06 11:22:00,128,NIFTY,TRADE_LIMIT_REACHED,ON,MED,7,Cooldown active (2m),"{""dedupe_key"":""NIFTY|TRADE_LIMIT_REACHED|ON|2026-08-06 11:22"",""threshold"":500,""value"":7,""since_minute_bucket_ist"":"""",""last_updated_ist"":""2026-08-06 11:22:00""}"
2026-08-06 00:00:00,2026-08-06 11:22:00,128,NIFTY,FLOW_BULLISH_BUILD,OFF,HIGH,0.0172,Bullish build (premium-confirmed writing / support),"{""dedupe_key"":""NIFTY|FLOW_BULLISH_BUILD|OFF|2026-08-06 11:22"",""threshold"":0.005,""value"":0.0172,""since_minute_bucket_ist"":""2026-08-06 11:21"",""last_updated_ist"":""2026-08-06 11:22:00""}"
2026-08-06 00:00:00,2026-08-06 11:22:00,128,NIFTY,PIN_BREAKOUT_SETUP,OFF,MED,-0.2000000000007276,Pin breakout setup (wall touch + aligned flow),"{""dedupe_key"":""NIFTY|PIN_BREAKOUT_SETUP|OFF|2026-08-06 11:22"",""threshold"":0,""value"":-0.2000000000007276,""since_minute_bucket_ist"":""2026-08-06 11:21"",""last_updated_ist"":""2026-08-06 11:22:00""}"
2026-08-06 00:00:00,2026-08-06 11:22:00,128,NIFTY,EXP_RANGE_BREAKOUT_WATCH_UP,OFF,MED,24666.2,Expected-range watch UP,"{""dedupe_key"":""NIFTY|EXP_RANGE_BREAKOUT_WATCH_UP|OFF|2026-08-06 11:22"",""threshold"":24666.66,""value"":24666.2,""since_minute_bucket_ist"":""2026-08-06 11:18"",""last_updated_ist"":""2026-08-06 11:22:00""}"
2026-08-06 00:00:00,2026-08-06 11:22:00,128,NIFTY,EXP_RANGE_BREAKOUT_CONFIRMED_UP,OFF,HIGH,0,Expected-range breakout CONFIRMED UP,"{""dedupe_key"":""NIFTY|EXP_RANGE_BREAKOUT_CONFIRMED_UP|OFF|2026-08-06 11:22"",""threshold"":2,""value"":0,""since_minute_bucket_ist"":""2026-08-06 11:19"",""last_updated_ist"":""2026-08-06 11:22:00""}"
2026-08-06 00:00:00,2026-08-06 11:22:00,128,NIFTY,OPTION_MOMENTUM_CALL,OFF,MED,-1,ATM CALL momentum (ltp up + vol up),"{""dedupe_key"":""NIFTY|OPTION_MOMENTUM_CALL|OFF|2026-08-06 11:22"",""threshold"":1.5,""value"":-1,""since_minute_bucket_ist"":""2026-08-06 11:21"",""last_updated_ist"":""2026-08-06 11:22:00""}"
2026-08-06 00:00:00,2026-08-06 11:22:00,128,NIFTY,OPTION_MOMENTUM_PUT,ON,MED,1.65,ATM PUT momentum (ltp up + vol up),"{""dedupe_key"":""NIFTY|OPTION_MOMENTUM_PUT|ON|2026-08-06 11:22"",""threshold"":1.5,""value"":1.65,""since_minute_bucket_ist"":"""",""last_updated_ist"":""2026-08-06 11:22:00""}"
2026-08-06 00:00:00,2026-08-06 11:22:00,128,NIFTY,WALL_PRESSURE_BREAK_SETUP,OFF,MED,-0.2000000000007276,Pressure building into a wall (break setup),"{""dedupe_key"":""NIFTY|WALL_PRESSURE_BREAK_SETUP|OFF|2026-08-06 11:22"",""threshold"":0,""value"":-0.2000000000007276,""since_minute_bucket_ist"":""2026-08-06 11:21"",""last_updated_ist"":""2026-08-06 11:22:00""}"
2026-08-06 00:00:00,2026-08-06 11:22:00,128,NIFTY,FOMO_BREAKOUT,OFF,HIGH,1,FOMO breakout: breakout UP + bullish flow + vol expansion,"{""dedupe_key"":""NIFTY|FOMO_BREAKOUT|OFF|2026-08-06 11:22"",""threshold"":1,""value"":1,""since_minute_bucket_ist"":""2026-08-06 11:21"",""last_updated_ist"":""2026-08-06 11:22:00""}"
2026-08-06 00:00:00,2026-08-06 11:23:00,129,NIFTY,REGIME_RANGE_PIN,ON,LOW,0.0001,Range / pin (inside local walls),"{""dedupe_key"":""NIFTY|REGIME_RANGE_PIN|ON|2026-08-06 11:23"",""threshold"":0.001,""value"":0.0001,""since_minute_bucket_ist"":"""",""last_updated_ist"":""2026-08-06 11:23:00""}"
2026-08-06 00:00:00,2026-08-06 11:23:00,129,NIFTY,REGIME_TRANSITION_UNCERTAIN,OFF,LOW,1,Transition/uncertain regime,"{""dedupe_key"":""NIFTY|REGIME_TRANSITION_UNCERTAIN|OFF|2026-08-06 11:23"",""threshold"":1,""value"":1,""since_minute_bucket_ist"":""2026-08-06 11:21"",""last_updated_ist"":""2026-08-06 11:23:00""}"
2026-08-06 00:00:00,2026-08-06 11:23:00,129,NIFTY,OPTION_MOMENTUM_PUT,OFF,MED,0,ATM PUT momentum (ltp up + vol up),"{""dedupe_key"":""NIFTY|OPTION_MOMENTUM_PUT|OFF|2026-08-06 11:23"",""threshold"":1.5,""value"":0,""since_minute_bucket_ist"":""2026-08-06 11:22"",""last_updated_ist"":""2026-08-06 11:23:00""}"
2026-08-06 00:00:00,2026-08-06 11:23:00,129,NIFTY,STEALTH_BUILD_BULL,OFF,MED,0,"Stealth bullish build (puts build, spot flat)","{""dedupe_key"":""NIFTY|STEALTH_BUILD_BULL|OFF|2026-08-06 11:23"",""threshold"":0.008,""value"":0,""since_minute_bucket_ist"":""2026-08-06 11:21"",""last_updated_ist"":""2026-08-06 11:23:00""}"
2026-08-06 00:00:00,2026-08-06 11:24:00,130,NIFTY,TRADE_LIMIT_REACHED,OFF,MED,7,Cooldown active (2m),"{""dedupe_key"":""NIFTY|TRADE_LIMIT_REACHED|OFF|2026-08-06 11:24"",""threshold"":500,""value"":7,""since_minute_bucket_ist"":""2026-08-06 11:22"",""last_updated_ist"":""2026-08-06 11:24:00""}"
2026-08-06 00:00:00,2026-08-06 11:24:00,130,NIFTY,FLOW_BULLISH_BUILD,ON,HIGH,0.0138,Bullish build (premium-confirmed writing / support),"{""dedupe_key"":""NIFTY|FLOW_BULLISH_BUILD|ON|2026-08-06 11:24"",""threshold"":0.005,""value"":0.0138,""since_minute_bucket_ist"":"""",""last_updated_ist"":""2026-08-06 11:24:00""}"
2026-08-06 00:00:00,2026-08-06 11:24:00,130,NIFTY,PIN_BREAKOUT_SETUP,ON,MED,2.649999999997817,Pin breakout setup (wall touch + aligned flow),"{""dedupe_key"":""NIFTY|PIN_BREAKOUT_SETUP|ON|2026-08-06 11:24"",""threshold"":0,""value"":2.649999999997817,""since_minute_bucket_ist"":"""",""last_updated_ist"":""2026-08-06 11:24:00""}"
2026-08-06 00:00:00,2026-08-06 11:24:00,130,NIFTY,OPTION_MOMENTUM_CALL,ON,MED,2.7,ATM CALL momentum (ltp up + vol up),"{""dedupe_key"":""NIFTY|OPTION_MOMENTUM_CALL|ON|2026-08-06 11:24"",""threshold"":1.5,""value"":2.7,""since_minute_bucket_ist"":"""",""last_updated_ist"":""2026-08-06 11:24:00""}"
2026-08-06 00:00:00,2026-08-06 11:24:00,130,NIFTY,WALL_UNWIND_CONFIRM_UP,ON,MED,-0.0107,Call wall OI unwinding (5m),"{""dedupe_key"":""NIFTY|WALL_UNWIND_CONFIRM_UP|ON|2026-08-06 11:24"",""threshold"":-0.006,""value"":-0.0107,""since_minute_bucket_ist"":"""",""last_updated_ist"":""2026-08-06 11:24:00""}"
2026-08-06 00:00:00,2026-08-06 11:24:00,130,NIFTY,CHURN_COMMITTED,ON,MED,0.0001,Price move + aligned flow (committed),"{""dedupe_key"":""NIFTY|CHURN_COMMITTED|ON|2026-08-06 11:24"",""threshold"":0.0001,""value"":0.0001,""since_minute_bucket_ist"":"""",""last_updated_ist"":""2026-08-06 11:24:00""}"
2026-08-06 00:00:00,2026-08-06 11:24:00,130,NIFTY,STEALTH_BUILD_BULL,ON,MED,0.0138,"Stealth bullish build (puts build, spot flat)","{""dedupe_key"":""NIFTY|STEALTH_BUILD_BULL|ON|2026-08-06 11:24"",""threshold"":0.008,""value"":0.0138,""since_minute_bucket_ist"":"""",""last_updated_ist"":""2026-08-06 11:24:00""}"
2026-08-06 00:00:00,2026-08-06 11:24:00,130,NIFTY,WALL_PRESSURE_BREAK_SETUP,ON,MED,2.649999999997817,Pressure building into a wall (break setup),"{""dedupe_key"":""NIFTY|WALL_PRESSURE_BREAK_SETUP|ON|2026-08-06 11:24"",""threshold"":0,""value"":2.649999999997817,""since_minute_bucket_ist"":"""",""last_updated_ist"":""2026-08-06 11:24:00""}"
2026-08-06 00:00:00,2026-08-06 11:25:00,131,NIFTY,TRADE_LIMIT_REACHED,ON,MED,8,Cooldown active (2m),"{""dedupe_key"":""NIFTY|TRADE_LIMIT_REACHED|ON|2026-08-06 11:25"",""threshold"":500,""value"":8,""since_minute_bucket_ist"":"""",""last_updated_ist"":""2026-08-06 11:25:00""}"
2026-08-06 00:00:00,2026-08-06 11:25:00,131,NIFTY,FLOW_BULLISH_BUILD,OFF,HIGH,0.0041,Bullish build (premium-confirmed writing / support),"{""dedupe_key"":""NIFTY|FLOW_BULLISH_BUILD|OFF|2026-08-06 11:25"",""threshold"":0.005,""value"":0.0041,""since_minute_bucket_ist"":""2026-08-06 11:24"",""last_updated_ist"":""2026-08-06 11:25:00""}"
2026-08-06 00:00:00,2026-08-06 11:25:00,131,NIFTY,PIN_BREAKOUT_SETUP,OFF,MED,3.100000000002183,Pin breakout setup (wall touch + aligned flow),"{""dedupe_key"":""NIFTY|PIN_BREAKOUT_SETUP|OFF|2026-08-06 11:25"",""threshold"":0,""value"":3.100000000002183,""since_minute_bucket_ist"":""2026-08-06 11:24"",""last_updated_ist"":""2026-08-06 11:25:00""}"
2026-08-06 00:00:00,2026-08-06 11:25:00,131,NIFTY,EXP_RANGE_BREAKOUT_WATCH_UP,ON,MED,24671.95,Expected-range watch UP,"{""dedupe_key"":""NIFTY|EXP_RANGE_BREAKOUT_WATCH_UP|ON|2026-08-06 11:25"",""threshold"":24671.14,""value"":24671.95,""since_minute_bucket_ist"":"""",""last_updated_ist"":""2026-08-06 11:25:00""}"
2026-08-06 00:00:00,2026-08-06 11:25:00,131,NIFTY,OPTION_MOMENTUM_CALL,OFF,MED,0.45,ATM CALL momentum (ltp up + vol up),"{""dedupe_key"":""NIFTY|OPTION_MOMENTUM_CALL|OFF|2026-08-06 11:25"",""threshold"":1.5,""value"":0.45,""since_minute_bucket_ist"":""2026-08-06 11:24"",""last_updated_ist"":""2026-08-06 11:25:00""}"
2026-08-06 00:00:00,2026-08-06 11:25:00,131,NIFTY,WALL_UNWIND_CONFIRM_UP,OFF,MED,-0.0032,Call wall OI unwinding (5m),"{""dedupe_key"":""NIFTY|WALL_UNWIND_CONFIRM_UP|OFF|2026-08-06 11:25"",""threshold"":-0.006,""value"":-0.0032,""since_minute_bucket_ist"":""2026-08-06 11:24"",""last_updated_ist"":""2026-08-06 11:25:00""}"
2026-08-06 00:00:00,2026-08-06 11:25:00,131,NIFTY,CHURN_COMMITTED,OFF,MED,0.0001,Price move + aligned flow (committed),"{""dedupe_key"":""NIFTY|CHURN_COMMITTED|OFF|2026-08-06 11:25"",""threshold"":0.0001,""value"":0.0001,""since_minute_bucket_ist"":""2026-08-06 11:24"",""last_updated_ist"":""2026-08-06 11:25:00""}"
2026-08-06 00:00:00,2026-08-06 11:25:00,131,NIFTY,STEALTH_BUILD_BULL,OFF,MED,0.0041,"Stealth bullish build (puts build, spot flat)","{""dedupe_key"":""NIFTY|STEALTH_BUILD_BULL|OFF|2026-08-06 11:25"",""threshold"":0.008,""value"":0.0041,""since_minute_bucket_ist"":""2026-08-06 11:24"",""last_updated_ist"":""2026-08-06 11:25:00""}"
2026-08-06 00:00:00,2026-08-06 11:25:00,131,NIFTY,WALL_PRESSURE_BREAK_SETUP,OFF,MED,3.100000000002183,Pressure building into a wall (break setup),"{""dedupe_key"":""NIFTY|WALL_PRESSURE_BREAK_SETUP|OFF|2026-08-06 11:25"",""threshold"":0,""value"":3.100000000002183,""since_minute_bucket_ist"":""2026-08-06 11:24"",""last_updated_ist"":""2026-08-06 11:25:00""}"
2026-08-06 00:00:00,2026-08-06 11:26:00,132,NIFTY,EXP_RANGE_BREAKOUT_WATCH_UP,OFF,MED,24671.95,Expected-range watch UP,"{""dedupe_key"":""NIFTY|EXP_RANGE_BREAKOUT_WATCH_UP|OFF|2026-08-06 11:26"",""threshold"":24672.95,""value"":24671.95,""since_minute_bucket_ist"":""2026-08-06 11:25"",""last_updated_ist"":""2026-08-06 11:26:00""}"
2026-08-06 00:00:00,2026-08-06 11:27:00,133,NIFTY,TRADE_LIMIT_REACHED,OFF,MED,8,Cooldown active (2m),"{""dedupe_key"":""NIFTY|TRADE_LIMIT_REACHED|OFF|2026-08-06 11:27"",""threshold"":500,""value"":8,""since_minute_bucket_ist"":""2026-08-06 11:25"",""last_updated_ist"":""2026-08-06 11:27:00""}"
2026-08-06 00:00:00,2026-08-06 11:27:00,133,NIFTY,VOL_EXPANSION,OFF,MED,0.0048,Volatility expanding (straddle up),"{""dedupe_key"":""NIFTY|VOL_EXPANSION|OFF|2026-08-06 11:27"",""threshold"":0.02,""value"":0.0048,""since_minute_bucket_ist"":""2026-08-06 11:21"",""last_updated_ist"":""2026-08-06 11:27:00""}"
2026-08-06 00:00:00,2026-08-06 11:27:00,133,NIFTY,STEALTH_BUILD_BULL,ON,MED,0.0107,"Stealth bullish build (puts build, spot flat)","{""dedupe_key"":""NIFTY|STEALTH_BUILD_BULL|ON|2026-08-06 11:27"",""threshold"":0.008,""value"":0.0107,""since_minute_bucket_ist"":"""",""last_updated_ist"":""2026-08-06 11:27:00""}"
2026-08-06 00:00:00,2026-08-06 11:28:00,134,NIFTY,STEALTH_BUILD_BULL,OFF,MED,0,"Stealth bullish build (puts build, spot flat)","{""dedupe_key"":""NIFTY|STEALTH_BUILD_BULL|OFF|2026-08-06 11:28"",""threshold"":0.008,""value"":0,""since_minute_bucket_ist"":""2026-08-06 11:27"",""last_updated_ist"":""2026-08-06 11:28:00""}"
2026-08-06 00:00:00,2026-08-06 11:29:00,135,NIFTY,FLOW_BULLISH_BUILD,ON,HIGH,0.0105,Bullish build (premium-confirmed writing / support),"{""dedupe_key"":""NIFTY|FLOW_BULLISH_BUILD|ON|2026-08-06 11:29"",""threshold"":0.005,""value"":0.0105,""since_minute_bucket_ist"":"""",""last_updated_ist"":""2026-08-06 11:29:00""}"
2026-08-06 00:00:00,2026-08-06 11:29:00,135,NIFTY,PIN_BREAKOUT_SETUP,ON,MED,5.849999999998545,Pin breakout setup (wall touch + aligned flow),"{""dedupe_key"":""NIFTY|PIN_BREAKOUT_SETUP|ON|2026-08-06 11:29"",""threshold"":0,""value"":5.849999999998545,""since_minute_bucket_ist"":"""",""last_updated_ist"":""2026-08-06 11:29:00""}"
2026-08-06 00:00:00,2026-08-06 11:29:00,135,NIFTY,EXP_RANGE_BREAKOUT_WATCH_UP,ON,MED,24672.55,Expected-range watch UP,"{""dedupe_key"":""NIFTY|EXP_RANGE_BREAKOUT_WATCH_UP|ON|2026-08-06 11:29"",""threshold"":24672.35,""value"":24672.55,""since_minute_bucket_ist"":"""",""last_updated_ist"":""2026-08-06 11:29:00""}"
2026-08-06 00:00:00,2026-08-06 11:29:00,135,NIFTY,VOL_EXPANSION,ON,MED,0.0069,Volatility expanding (straddle up),"{""dedupe_key"":""NIFTY|VOL_EXPANSION|ON|2026-08-06 11:29"",""threshold"":0.02,""value"":0.0069,""since_minute_bucket_ist"":"""",""last_updated_ist"":""2026-08-06 11:29:00""}"
2026-08-06 00:00:00,2026-08-06 11:29:00,135,NIFTY,OPTION_MOMENTUM_CALL,ON,MED,3.3,ATM CALL momentum (ltp up + vol up),"{""dedupe_key"":""NIFTY|OPTION_MOMENTUM_CALL|ON|2026-08-06 11:29"",""threshold"":1.5,""value"":3.3,""since_minute_bucket_ist"":"""",""last_updated_ist"":""2026-08-06 11:29:00""}"
2026-08-06 00:00:00,2026-08-06 11:29:00,135,NIFTY,CHURN_COMMITTED,ON,MED,0.0002,Price move + aligned flow (committed),"{""dedupe_key"":""NIFTY|CHURN_COMMITTED|ON|2026-08-06 11:29"",""threshold"":0.0001,""value"":0.0002,""since_minute_bucket_ist"":"""",""last_updated_ist"":""2026-08-06 11:29:00""}"
2026-08-06 00:00:00,2026-08-06 11:29:00,135,NIFTY,STEALTH_BUILD_BULL,ON,MED,0.0105,"Stealth bullish build (puts build, spot flat)","{""dedupe_key"":""NIFTY|STEALTH_BUILD_BULL|ON|2026-08-06 11:29"",""threshold"":0.008,""value"":0.0105,""since_minute_bucket_ist"":"""",""last_updated_ist"":""2026-08-06 11:29:00""}"
2026-08-06 00:00:00,2026-08-06 11:29:00,135,NIFTY,WALL_PRESSURE_BREAK_SETUP,ON,MED,5.849999999998545,Pressure building into a wall (break setup),"{""dedupe_key"":""NIFTY|WALL_PRESSURE_BREAK_SETUP|ON|2026-08-06 11:29"",""threshold"":0,""value"":5.849999999998545,""since_minute_bucket_ist"":"""",""last_updated_ist"":""2026-08-06 11:29:00""}"
2026-08-06 00:00:00,2026-08-06 11:30:00,136,NIFTY,TRADE_LIMIT_REACHED,ON,MED,9,Cooldown active (2m),"{""dedupe_key"":""NIFTY|TRADE_LIMIT_REACHED|ON|2026-08-06 11:30"",""threshold"":500,""value"":9,""since_minute_bucket_ist"":"""",""last_updated_ist"":""2026-08-06 11:30:00""}"
2026-08-06 00:00:00,2026-08-06 11:30:00,136,NIFTY,FLOW_BULLISH_BUILD,OFF,HIGH,0.0014,Bullish build (premium-confirmed writing / support),"{""dedupe_key"":""NIFTY|FLOW_BULLISH_BUILD|OFF|2026-08-06 11:30"",""threshold"":0.005,""value"":0.0014,""since_minute_bucket_ist"":""2026-08-06 11:29"",""last_updated_ist"":""2026-08-06 11:30:00""}"
2026-08-06 00:00:00,2026-08-06 11:30:00,136,NIFTY,PIN_BREAKOUT_SETUP,OFF,MED,0.3500000000021828,Pin breakout setup (wall touch + aligned flow),"{""dedupe_key"":""NIFTY|PIN_BREAKOUT_SETUP|OFF|2026-08-06 11:30"",""threshold"":0,""value"":0.3500000000021828,""since_minute_bucket_ist"":""2026-08-06 11:29"",""last_updated_ist"":""2026-08-06 11:30:00""}"
2026-08-06 00:00:00,2026-08-06 11:30:00,136,NIFTY,EXP_RANGE_BREAKOUT_CONFIRMED_UP,ON,HIGH,2,Expected-range breakout CONFIRMED UP,"{""dedupe_key"":""NIFTY|EXP_RANGE_BREAKOUT_CONFIRMED_UP|ON|2026-08-06 11:30"",""threshold"":2,""value"":2,""since_minute_bucket_ist"":"""",""last_updated_ist"":""2026-08-06 11:30:00""}"
2026-08-06 00:00:00,2026-08-06 11:30:00,136,NIFTY,CHURN_COMMITTED,OFF,MED,0,Price move + aligned flow (committed),"{""dedupe_key"":""NIFTY|CHURN_COMMITTED|OFF|2026-08-06 11:30"",""threshold"":0.0001,""value"":0,""since_minute_bucket_ist"":""2026-08-06 11:29"",""last_updated_ist"":""2026-08-06 11:30:00""}"
2026-08-06 00:00:00,2026-08-06 11:30:00,136,NIFTY,STEALTH_BUILD_BULL,OFF,MED,0.0014,"Stealth bullish build (puts build, spot flat)","{""dedupe_key"":""NIFTY|STEALTH_BUILD_BULL|OFF|2026-08-06 11:30"",""threshold"":0.008,""value"":0.0014,""since_minute_bucket_ist"":""2026-08-06 11:29"",""last_updated_ist"":""2026-08-06 11:30:00""}"
2026-08-06 00:00:00,2026-08-06 11:30:00,136,NIFTY,WALL_PRESSURE_BREAK_SETUP,OFF,MED,0.3500000000021828,Pressure building into a wall (break setup),"{""dedupe_key"":""NIFTY|WALL_PRESSURE_BREAK_SETUP|OFF|2026-08-06 11:30"",""threshold"":0,""value"":0.3500000000021828,""since_minute_bucket_ist"":""2026-08-06 11:29"",""last_updated_ist"":""2026-08-06 11:30:00""}"
2026-08-06 00:00:00,2026-08-06 11:31:00,137,NIFTY,TRADE_LIMIT_REACHED,OFF,MED,9,Cooldown active (2m),"{""dedupe_key"":""NIFTY|TRADE_LIMIT_REACHED|OFF|2026-08-06 11:31"",""threshold"":500,""value"":9,""since_minute_bucket_ist"":""2026-08-06 11:30"",""last_updated_ist"":""2026-08-06 11:31:00""}"
2026-08-06 00:00:00,2026-08-06 11:31:00,137,NIFTY,EXP_RANGE_BREAKOUT_WATCH_UP,OFF,MED,24672.9,Expected-range watch UP,"{""dedupe_key"":""NIFTY|EXP_RANGE_BREAKOUT_WATCH_UP|OFF|2026-08-06 11:31"",""threshold"":24673.25,""value"":24672.9,""since_minute_bucket_ist"":""2026-08-06 11:29"",""last_updated_ist"":""2026-08-06 11:31:00""}"
2026-08-06 00:00:00,2026-08-06 11:31:00,137,NIFTY,EXP_RANGE_BREAKOUT_CONFIRMED_UP,OFF,HIGH,0,Expected-range breakout CONFIRMED UP,"{""dedupe_key"":""NIFTY|EXP_RANGE_BREAKOUT_CONFIRMED_UP|OFF|2026-08-06 11:31"",""threshold"":2,""value"":0,""since_minute_bucket_ist"":""2026-08-06 11:30"",""last_updated_ist"":""2026-08-06 11:31:00""}"
2026-08-06 00:00:00,2026-08-06 11:31:00,137,NIFTY,OPTION_MOMENTUM_CALL,OFF,MED,0,ATM CALL momentum (ltp up + vol up),"{""dedupe_key"":""NIFTY|OPTION_MOMENTUM_CALL|OFF|2026-08-06 11:31"",""threshold"":1.5,""value"":0,""since_minute_bucket_ist"":""2026-08-06 11:29"",""last_updated_ist"":""2026-08-06 11:31:00""}"
2026-08-06 00:00:00,2026-08-06 11:32:00,138,NIFTY,VOL_EXPANSION,OFF,MED,-0.0021,Volatility expanding (straddle up),"{""dedupe_key"":""NIFTY|VOL_EXPANSION|OFF|2026-08-06 11:32"",""threshold"":0.02,""value"":-0.0021,""since_minute_bucket_ist"":""2026-08-06 11:29"",""last_updated_ist"":""2026-08-06 11:32:00""}"
2026-08-06 00:00:00,2026-08-06 11:32:00,138,NIFTY,OPTION_MOMENTUM_PUT,ON,MED,3.25,ATM PUT momentum (ltp up + vol up),"{""dedupe_key"":""NIFTY|OPTION_MOMENTUM_PUT|ON|2026-08-06 11:32"",""threshold"":1.5,""value"":3.25,""since_minute_bucket_ist"":"""",""last_updated_ist"":""2026-08-06 11:32:00""}"
2026-08-06 00:00:00,2026-08-06 11:33:00,139,NIFTY,VOL_CONTRACTION,ON,LOW,-0.0103,Volatility contracting (straddle down),"{""dedupe_key"":""NIFTY|VOL_CONTRACTION|ON|2026-08-06 11:33"",""threshold"":-0.03,""value"":-0.0103,""since_minute_bucket_ist"":"""",""last_updated_ist"":""2026-08-06 11:33:00""}"
2026-08-06 00:00:00,2026-08-06 11:33:00,139,NIFTY,OPTION_MOMENTUM_PUT,OFF,MED,0,ATM PUT momentum (ltp up + vol up),"{""dedupe_key"":""NIFTY|OPTION_MOMENTUM_PUT|OFF|2026-08-06 11:33"",""threshold"":1.5,""value"":0,""since_minute_bucket_ist"":""2026-08-06 11:32"",""last_updated_ist"":""2026-08-06 11:33:00""}"
2026-08-06 00:00:00,2026-08-06 11:34:00,140,NIFTY,FLOW_BULLISH_BUILD,ON,HIGH,0.0075,Bullish build (premium-confirmed writing / support),"{""dedupe_key"":""NIFTY|FLOW_BULLISH_BUILD|ON|2026-08-06 11:34"",""threshold"":0.005,""value"":0.0075,""since_minute_bucket_ist"":"""",""last_updated_ist"":""2026-08-06 11:34:00""}"
2026-08-06 00:00:00,2026-08-06 11:34:00,140,NIFTY,EXP_RANGE_BREAKOUT_WATCH_DOWN,ON,MED,24663.25,Expected-range watch DOWN,"{""dedupe_key"":""NIFTY|EXP_RANGE_BREAKOUT_WATCH_DOWN|ON|2026-08-06 11:34"",""threshold"":24664.21,""value"":24663.25,""since_minute_bucket_ist"":"""",""last_updated_ist"":""2026-08-06 11:34:00""}"
2026-08-06 00:00:00,2026-08-06 11:35:00,141,NIFTY,FLOW_BULLISH_BUILD,OFF,HIGH,0.002,Bullish build (premium-confirmed writing / support),"{""dedupe_key"":""NIFTY|FLOW_BULLISH_BUILD|OFF|2026-08-06 11:35"",""threshold"":0.005,""value"":0.002,""since_minute_bucket_ist"":""2026-08-06 11:34"",""last_updated_ist"":""2026-08-06 11:35:00""}"
2026-08-06 00:00:00,2026-08-06 11:35:00,141,NIFTY,REGIME_RANGE_PIN,OFF,LOW,0.0001,Range / pin (inside local walls),"{""dedupe_key"":""NIFTY|REGIME_RANGE_PIN|OFF|2026-08-06 11:35"",""threshold"":0.001,""value"":0.0001,""since_minute_bucket_ist"":""2026-08-06 11:23"",""last_updated_ist"":""2026-08-06 11:35:00""}"
2026-08-06 00:00:00,2026-08-06 11:35:00,141,NIFTY,REGIME_TRANSITION_UNCERTAIN,ON,LOW,1,Transition/uncertain regime,"{""dedupe_key"":""NIFTY|REGIME_TRANSITION_UNCERTAIN|ON|2026-08-06 11:35"",""threshold"":1,""value"":1,""since_minute_bucket_ist"":"""",""last_updated_ist"":""2026-08-06 11:35:00""}"
2026-08-06 00:00:00,2026-08-06 11:35:00,141,NIFTY,PIN_BASIC,OFF,LOW,37.5,Spot near a local wall (pin zone),"{""dedupe_key"":""NIFTY|PIN_BASIC|OFF|2026-08-06 11:35"",""threshold"":37.5,""value"":37.5,""since_minute_bucket_ist"":""2026-08-06 11:19"",""last_updated_ist"":""2026-08-06 11:35:00""}"
2026-08-06 00:00:00,2026-08-06 11:35:00,141,NIFTY,EXP_RANGE_BREAKOUT_CONFIRMED_DOWN,ON,HIGH,2,Expected-range breakout CONFIRMED DOWN,"{""dedupe_key"":""NIFTY|EXP_RANGE_BREAKOUT_CONFIRMED_DOWN|ON|2026-08-06 11:35"",""threshold"":2,""value"":2,""since_minute_bucket_ist"":"""",""last_updated_ist"":""2026-08-06 11:35:00""}"
2026-08-06 00:00:00,2026-08-06 11:35:00,141,NIFTY,VOL_CONTRACTION,OFF,LOW,-0.0084,Volatility contracting (straddle down),"{""dedupe_key"":""NIFTY|VOL_CONTRACTION|OFF|2026-08-06 11:35"",""threshold"":-0.03,""value"":-0.0084,""since_minute_bucket_ist"":""2026-08-06 11:33"",""last_updated_ist"":""2026-08-06 11:35:00""}"
2026-08-06 00:00:00,2026-08-06 11:37:00,143,NIFTY,REGIME_RANGE_PIN,ON,LOW,0.0001,Range / pin (inside local walls),"{""dedupe_key"":""NIFTY|REGIME_RANGE_PIN|ON|2026-08-06 11:37"",""threshold"":0.001,""value"":0.0001,""since_minute_bucket_ist"":"""",""last_updated_ist"":""2026-08-06 11:37:00""}"
2026-08-06 00:00:00,2026-08-06 11:37:00,143,NIFTY,REGIME_TRANSITION_UNCERTAIN,OFF,LOW,1,Transition/uncertain regime,"{""dedupe_key"":""NIFTY|REGIME_TRANSITION_UNCERTAIN|OFF|2026-08-06 11:37"",""threshold"":1,""value"":1,""since_minute_bucket_ist"":""2026-08-06 11:35"",""last_updated_ist"":""2026-08-06 11:37:00""}"
2026-08-06 00:00:00,2026-08-06 11:37:00,143,NIFTY,VOL_CONTRACTION,ON,LOW,-0.0028,Volatility contracting (straddle down),"{""dedupe_key"":""NIFTY|VOL_CONTRACTION|ON|2026-08-06 11:37"",""threshold"":-0.03,""value"":-0.0028,""since_minute_bucket_ist"":"""",""last_updated_ist"":""2026-08-06 11:37:00""}"
2026-08-06 00:00:00,2026-08-06 11:39:00,145,NIFTY,WALL_UNWIND_CONFIRM_DOWN,ON,MED,-0.0105,Put wall OI unwinding (5m),"{""dedupe_key"":""NIFTY|WALL_UNWIND_CONFIRM_DOWN|ON|2026-08-06 11:39"",""threshold"":-0.006,""value"":-0.0105,""since_minute_bucket_ist"":"""",""last_updated_ist"":""2026-08-06 11:39:00""}"
2026-08-06 00:00:00,2026-08-06 11:40:00,146,NIFTY,EXP_RANGE_BREAKOUT_WATCH_DOWN,OFF,MED,24652.2,Expected-range watch DOWN,"{""dedupe_key"":""NIFTY|EXP_RANGE_BREAKOUT_WATCH_DOWN|OFF|2026-08-06 11:40"",""threshold"":24651.43,""value"":24652.2,""since_minute_bucket_ist"":""2026-08-06 11:34"",""last_updated_ist"":""2026-08-06 11:40:00""}"
2026-08-06 00:00:00,2026-08-06 11:40:00,146,NIFTY,EXP_RANGE_BREAKOUT_CONFIRMED_DOWN,OFF,HIGH,0,Expected-range breakout CONFIRMED DOWN,"{""dedupe_key"":""NIFTY|EXP_RANGE_BREAKOUT_CONFIRMED_DOWN|OFF|2026-08-06 11:40"",""threshold"":2,""value"":0,""since_minute_bucket_ist"":""2026-08-06 11:35"",""last_updated_ist"":""2026-08-06 11:40:00""}"
2026-08-06 00:00:00,2026-08-06 11:40:00,146,NIFTY,VOL_CONTRACTION,OFF,LOW,-0.0083,Volatility contracting (straddle down),"{""dedupe_key"":""NIFTY|VOL_CONTRACTION|OFF|2026-08-06 11:40"",""threshold"":-0.03,""value"":-0.0083,""since_minute_bucket_ist"":""2026-08-06 11:37"",""last_updated_ist"":""2026-08-06 11:40:00""}"
2026-08-06 00:00:00,2026-08-06 11:41:00,147,NIFTY,FLOW_BEARISH_BUILD,ON,HIGH,0.0049,Bearish build (premium-confirmed writing / resistance),"{""dedupe_key"":""NIFTY|FLOW_BEARISH_BUILD|ON|2026-08-06 11:41"",""threshold"":0.005,""value"":0.0049,""since_minute_bucket_ist"":"""",""last_updated_ist"":""2026-08-06 11:41:00""}"
2026-08-06 00:00:00,2026-08-06 11:41:00,147,NIFTY,REGIME_RANGE_PIN,OFF,LOW,0.0001,Range / pin (inside local walls),"{""dedupe_key"":""NIFTY|REGIME_RANGE_PIN|OFF|2026-08-06 11:41"",""threshold"":0.001,""value"":0.0001,""since_minute_bucket_ist"":""2026-08-06 11:37"",""last_updated_ist"":""2026-08-06 11:41:00""}"
2026-08-06 00:00:00,2026-08-06 11:41:00,147,NIFTY,REGIME_TRANSITION_UNCERTAIN,ON,LOW,1,Transition/uncertain regime,"{""dedupe_key"":""NIFTY|REGIME_TRANSITION_UNCERTAIN|ON|2026-08-06 11:41"",""threshold"":1,""value"":1,""since_minute_bucket_ist"":"""",""last_updated_ist"":""2026-08-06 11:41:00""}"
2026-08-06 00:00:00,2026-08-06 11:41:00,147,NIFTY,EXP_RANGE_BREAKOUT_WATCH_DOWN,ON,MED,24647.25,Expected-range watch DOWN,"{""dedupe_key"":""NIFTY|EXP_RANGE_BREAKOUT_WATCH_DOWN|ON|2026-08-06 11:41"",""threshold"":24648.91,""value"":24647.25,""since_minute_bucket_ist"":"""",""last_updated_ist"":""2026-08-06 11:41:00""}"
2026-08-06 00:00:00,2026-08-06 11:41:00,147,NIFTY,VOL_CONTRACTION,ON,LOW,-0.0055,Volatility contracting (straddle down),"{""dedupe_key"":""NIFTY|VOL_CONTRACTION|ON|2026-08-06 11:41"",""threshold"":-0.03,""value"":-0.0055,""since_minute_bucket_ist"":"""",""last_updated_ist"":""2026-08-06 11:41:00""}"
2026-08-06 00:00:00,2026-08-06 11:41:00,147,NIFTY,CHURN_COMMITTED,ON,MED,-0.0002,Price move + aligned flow (committed),"{""dedupe_key"":""NIFTY|CHURN_COMMITTED|ON|2026-08-06 11:41"",""threshold"":0.0001,""value"":-0.0002,""since_minute_bucket_ist"":"""",""last_updated_ist"":""2026-08-06 11:41:00""}"
2026-08-06 00:00:00,2026-08-06 11:42:00,148,NIFTY,FLOW_BEARISH_BUILD,OFF,HIGH,0,Bearish build (premium-confirmed writing / resistance),"{""dedupe_key"":""NIFTY|FLOW_BEARISH_BUILD|OFF|2026-08-06 11:42"",""threshold"":0.005,""value"":0,""since_minute_bucket_ist"":""2026-08-06 11:41"",""last_updated_ist"":""2026-08-06 11:42:00""}"
2026-08-06 00:00:00,2026-08-06 11:42:00,148,NIFTY,REGIME_RANGE_PIN,ON,LOW,0.0001,Range / pin (inside local walls),"{""dedupe_key"":""NIFTY|REGIME_RANGE_PIN|ON|2026-08-06 11:42"",""threshold"":0.001,""value"":0.0001,""since_minute_bucket_ist"":"""",""last_updated_ist"":""2026-08-06 11:42:00""}"
2026-08-06 00:00:00,2026-08-06 11:42:00,148,NIFTY,REGIME_TRANSITION_UNCERTAIN,OFF,LOW,1,Transition/uncertain regime,"{""dedupe_key"":""NIFTY|REGIME_TRANSITION_UNCERTAIN|OFF|2026-08-06 11:42"",""threshold"":1,""value"":1,""since_minute_bucket_ist"":""2026-08-06 11:41"",""last_updated_ist"":""2026-08-06 11:42:00""}"
2026-08-06 00:00:00,2026-08-06 11:42:00,148,NIFTY,EXP_RANGE_BREAKOUT_WATCH_DOWN,OFF,MED,24647.25,Expected-range watch DOWN,"{""dedupe_key"":""NIFTY|EXP_RANGE_BREAKOUT_WATCH_DOWN|OFF|2026-08-06 11:42"",""threshold"":24647.2,""value"":24647.25,""since_minute_bucket_ist"":""2026-08-06 11:41"",""last_updated_ist"":""2026-08-06 11:42:00""}"
2026-08-06 00:00:00,2026-08-06 11:42:00,148,NIFTY,WALL_UNWIND_CONFIRM_DOWN,OFF,MED,-0.0023,Put wall OI unwinding (5m),"{""dedupe_key"":""NIFTY|WALL_UNWIND_CONFIRM_DOWN|OFF|2026-08-06 11:42"",""threshold"":-0.006,""value"":-0.0023,""since_minute_bucket_ist"":""2026-08-06 11:39"",""last_updated_ist"":""2026-08-06 11:42:00""}"
2026-08-06 00:00:00,2026-08-06 11:42:00,148,NIFTY,CHURN_COMMITTED,OFF,MED,0,Price move + aligned flow (committed),"{""dedupe_key"":""NIFTY|CHURN_COMMITTED|OFF|2026-08-06 11:42"",""threshold"":0.0001,""value"":0,""since_minute_bucket_ist"":""2026-08-06 11:41"",""last_updated_ist"":""2026-08-06 11:42:00""}"
2026-08-06 00:00:00,2026-08-06 11:43:00,149,NIFTY,REGIME_RANGE_PIN,OFF,LOW,0.0002,Range / pin (inside local walls),"{""dedupe_key"":""NIFTY|REGIME_RANGE_PIN|OFF|2026-08-06 11:43"",""threshold"":0.001,""value"":0.0002,""since_minute_bucket_ist"":""2026-08-06 11:42"",""last_updated_ist"":""2026-08-06 11:43:00""}"
2026-08-06 00:00:00,2026-08-06 11:43:00,149,NIFTY,REGIME_TRANSITION_UNCERTAIN,ON,LOW,1,Transition/uncertain regime,"{""dedupe_key"":""NIFTY|REGIME_TRANSITION_UNCERTAIN|ON|2026-08-06 11:43"",""threshold"":1,""value"":1,""since_minute_bucket_ist"":"""",""last_updated_ist"":""2026-08-06 11:43:00""}"
2026-08-06 00:00:00,2026-08-06 11:43:00,149,NIFTY,PIN_BASIC,ON,LOW,37.5,Spot near a local wall (pin zone),"{""dedupe_key"":""NIFTY|PIN_BASIC|ON|2026-08-06 11:43"",""threshold"":37.5,""value"":37.5,""since_minute_bucket_ist"":"""",""last_updated_ist"":""2026-08-06 11:43:00""}"
2026-08-06 00:00:00,2026-08-06 11:43:00,149,NIFTY,EXP_RANGE_BREAKOUT_WATCH_DOWN,ON,MED,24632.2,Expected-range watch DOWN,"{""dedupe_key"":""NIFTY|EXP_RANGE_BREAKOUT_WATCH_DOWN|ON|2026-08-06 11:43"",""threshold"":24641.82,""value"":24632.2,""since_minute_bucket_ist"":"""",""last_updated_ist"":""2026-08-06 11:43:00""}"
2026-08-06 00:00:00,2026-08-06 11:43:00,149,NIFTY,OPTION_MOMENTUM_PUT,ON,MED,8.75,ATM PUT momentum (ltp up + vol up),"{""dedupe_key"":""NIFTY|OPTION_MOMENTUM_PUT|ON|2026-08-06 11:43"",""threshold"":1.5,""value"":8.75,""since_minute_bucket_ist"":"""",""last_updated_ist"":""2026-08-06 11:43:00""}"
2026-08-06 00:00:00,2026-08-06 11:43:00,149,NIFTY,WALL_UNWIND_CONFIRM_DOWN,ON,MED,-0.0251,Put wall OI unwinding (5m),"{""dedupe_key"":""NIFTY|WALL_UNWIND_CONFIRM_DOWN|ON|2026-08-06 11:43"",""threshold"":-0.006,""value"":-0.0251,""since_minute_bucket_ist"":"""",""last_updated_ist"":""2026-08-06 11:43:00""}"
2026-08-06 00:00:00,2026-08-06 11:44:00,150,NIFTY,FLOW_BEARISH_BUILD,ON,HIGH,0.0014,Bearish build (premium-confirmed writing / resistance),"{""dedupe_key"":""NIFTY|FLOW_BEARISH_BUILD|ON|2026-08-06 11:44"",""threshold"":0.005,""value"":0.0014,""since_minute_bucket_ist"":"""",""last_updated_ist"":""2026-08-06 11:44:00""}"
2026-08-06 00:00:00,2026-08-06 11:44:00,150,NIFTY,EXP_RANGE_BREAKOUT_CONFIRMED_DOWN,ON,HIGH,2,Expected-range breakout CONFIRMED DOWN,"{""dedupe_key"":""NIFTY|EXP_RANGE_BREAKOUT_CONFIRMED_DOWN|ON|2026-08-06 11:44"",""threshold"":2,""value"":2,""since_minute_bucket_ist"":"""",""last_updated_ist"":""2026-08-06 11:44:00""}"
2026-08-06 00:00:00,2026-08-06 11:44:00,150,NIFTY,OPTION_MOMENTUM_PUT,OFF,MED,-0.1,ATM PUT momentum (ltp up + vol up),"{""dedupe_key"":""NIFTY|OPTION_MOMENTUM_PUT|OFF|2026-08-06 11:44"",""threshold"":1.5,""value"":-0.1,""since_minute_bucket_ist"":""2026-08-06 11:43"",""last_updated_ist"":""2026-08-06 11:44:00""}"
2026-08-06 00:00:00,2026-08-06 11:45:00,151,NIFTY,PIN_BREAKOUT_SETUP,ON,MED,-4.600000000002183,Pin breakout setup (wall touch + aligned flow),"{""dedupe_key"":""NIFTY|PIN_BREAKOUT_SETUP|ON|2026-08-06 11:45"",""threshold"":0,""value"":-4.600000000002183,""since_minute_bucket_ist"":"""",""last_updated_ist"":""2026-08-06 11:45:00""}"
2026-08-06 00:00:00,2026-08-06 11:45:00,151,NIFTY,OPTION_MOMENTUM_PUT,ON,MED,2.25,ATM PUT momentum (ltp up + vol up),"{""dedupe_key"":""NIFTY|OPTION_MOMENTUM_PUT|ON|2026-08-06 11:45"",""threshold"":1.5,""value"":2.25,""since_minute_bucket_ist"":"""",""last_updated_ist"":""2026-08-06 11:45:00""}"
2026-08-06 00:00:00,2026-08-06 11:45:00,151,NIFTY,CHURN_COMMITTED,ON,MED,-0.0002,Price move + aligned flow (committed),"{""dedupe_key"":""NIFTY|CHURN_COMMITTED|ON|2026-08-06 11:45"",""threshold"":0.0001,""value"":-0.0002,""since_minute_bucket_ist"":"""",""last_updated_ist"":""2026-08-06 11:45:00""}"
2026-08-06 00:00:00,2026-08-06 11:45:00,151,NIFTY,WALL_PRESSURE_BREAK_SETUP,ON,MED,-4.600000000002183,Pressure building into a wall (break setup),"{""dedupe_key"":""NIFTY|WALL_PRESSURE_BREAK_SETUP|ON|2026-08-06 11:45"",""threshold"":0,""value"":-4.600000000002183,""since_minute_bucket_ist"":"""",""last_updated_ist"":""2026-08-06 11:45:00""}"
2026-08-06 00:00:00,2026-08-06 11:46:00,152,NIFTY,TRADE_LIMIT_REACHED,ON,MED,10,Cooldown active (2m),"{""dedupe_key"":""NIFTY|TRADE_LIMIT_REACHED|ON|2026-08-06 11:46"",""threshold"":500,""value"":10,""since_minute_bucket_ist"":"""",""last_updated_ist"":""2026-08-06 11:46:00""}"
2026-08-06 00:00:00,2026-08-06 11:46:00,152,NIFTY,FLOW_BEARISH_BUILD,OFF,HIGH,0,Bearish build (premium-confirmed writing / resistance),"{""dedupe_key"":""NIFTY|FLOW_BEARISH_BUILD|OFF|2026-08-06 11:46"",""threshold"":0.005,""value"":0,""since_minute_bucket_ist"":""2026-08-06 11:44"",""last_updated_ist"":""2026-08-06 11:46:00""}"
2026-08-06 00:00:00,2026-08-06 11:46:00,152,NIFTY,PIN_BREAKOUT_SETUP,OFF,MED,0,Pin breakout setup (wall touch + aligned flow),"{""dedupe_key"":""NIFTY|PIN_BREAKOUT_SETUP|OFF|2026-08-06 11:46"",""threshold"":0,""value"":0,""since_minute_bucket_ist"":""2026-08-06 11:45"",""last_updated_ist"":""2026-08-06 11:46:00""}"
2026-08-06 00:00:00,2026-08-06 11:46:00,152,NIFTY,OPTION_MOMENTUM_PUT,OFF,MED,0,ATM PUT momentum (ltp up + vol up),"{""dedupe_key"":""NIFTY|OPTION_MOMENTUM_PUT|OFF|2026-08-06 11:46"",""threshold"":1.5,""value"":0,""since_minute_bucket_ist"":""2026-08-06 11:45"",""last_updated_ist"":""2026-08-06 11:46:00""}"
2026-08-06 00:00:00,2026-08-06 11:46:00,152,NIFTY,CHURN_COMMITTED,OFF,MED,0,Price move + aligned flow (committed),"{""dedupe_key"":""NIFTY|CHURN_COMMITTED|OFF|2026-08-06 11:46"",""threshold"":0.0001,""value"":0,""since_minute_bucket_ist"":""2026-08-06 11:45"",""last_updated_ist"":""2026-08-06 11:46:00""}"
2026-08-06 00:00:00,2026-08-06 11:46:00,152,NIFTY,WALL_PRESSURE_BREAK_SETUP,OFF,MED,0,Pressure building into a wall (break setup),"{""dedupe_key"":""NIFTY|WALL_PRESSURE_BREAK_SETUP|OFF|2026-08-06 11:46"",""threshold"":0,""value"":0,""since_minute_bucket_ist"":""2026-08-06 11:45"",""last_updated_ist"":""2026-08-06 11:46:00""}"
2026-08-06 00:00:00,2026-08-06 11:47:00,153,NIFTY,EXP_RANGE_BREAKOUT_WATCH_DOWN,OFF,MED,24634.5,Expected-range watch DOWN,"{""dedupe_key"":""NIFTY|EXP_RANGE_BREAKOUT_WATCH_DOWN|OFF|2026-08-06 11:47"",""threshold"":24629.96,""value"":24634.5,""since_minute_bucket_ist"":""2026-08-06 11:43"",""last_updated_ist"":""2026-08-06 11:47:00""}"
2026-08-06 00:00:00,2026-08-06 11:47:00,153,NIFTY,EXP_RANGE_BREAKOUT_CONFIRMED_DOWN,OFF,HIGH,0,Expected-range breakout CONFIRMED DOWN,"{""dedupe_key"":""NIFTY|EXP_RANGE_BREAKOUT_CONFIRMED_DOWN|OFF|2026-08-06 11:47"",""threshold"":2,""value"":0,""since_minute_bucket_ist"":""2026-08-06 11:44"",""last_updated_ist"":""2026-08-06 11:47:00""}"
2026-08-06 00:00:00,2026-08-06 11:47:00,153,NIFTY,VOL_CONTRACTION,OFF,LOW,-0.0029,Volatility contracting (straddle down),"{""dedupe_key"":""NIFTY|VOL_CONTRACTION|OFF|2026-08-06 11:47"",""threshold"":-0.03,""value"":-0.0029,""since_minute_bucket_ist"":""2026-08-06 11:41"",""last_updated_ist"":""2026-08-06 11:47:00""}"
2026-08-06 00:00:00,2026-08-06 11:47:00,153,NIFTY,OPTION_MOMENTUM_CALL,ON,MED,2.2,ATM CALL momentum (ltp up + vol up),"{""dedupe_key"":""NIFTY|OPTION_MOMENTUM_CALL|ON|2026-08-06 11:47"",""threshold"":1.5,""value"":2.2,""since_minute_bucket_ist"":"""",""last_updated_ist"":""2026-08-06 11:47:00""}"
2026-08-06 00:00:00,2026-08-06 11:47:00,153,NIFTY,STEALTH_BUILD_BEAR,ON,MED,0.0091,"Stealth bearish build (calls build, spot flat)","{""dedupe_key"":""NIFTY|STEALTH_BUILD_BEAR|ON|2026-08-06 11:47"",""threshold"":0.008,""value"":0.0091,""since_minute_bucket_ist"":"""",""last_updated_ist"":""2026-08-06 11:47:00""}"
2026-08-06 00:00:00,2026-08-06 11:48:00,154,NIFTY,TRADE_LIMIT_REACHED,OFF,MED,10,Cooldown active (2m),"{""dedupe_key"":""NIFTY|TRADE_LIMIT_REACHED|OFF|2026-08-06 11:48"",""threshold"":500,""value"":10,""since_minute_bucket_ist"":""2026-08-06 11:46"",""last_updated_ist"":""2026-08-06 11:48:00""}"
2026-08-06 00:00:00,2026-08-06 11:48:00,154,NIFTY,REGIME_RANGE_PIN,ON,LOW,0.0002,Range / pin (inside local walls),"{""dedupe_key"":""NIFTY|REGIME_RANGE_PIN|ON|2026-08-06 11:48"",""threshold"":0.001,""value"":0.0002,""since_minute_bucket_ist"":"""",""last_updated_ist"":""2026-08-06 11:48:00""}"
2026-08-06 00:00:00,2026-08-06 11:48:00,154,NIFTY,REGIME_TRANSITION_UNCERTAIN,OFF,LOW,1,Transition/uncertain regime,"{""dedupe_key"":""NIFTY|REGIME_TRANSITION_UNCERTAIN|OFF|2026-08-06 11:48"",""threshold"":1,""value"":1,""since_minute_bucket_ist"":""2026-08-06 11:43"",""last_updated_ist"":""2026-08-06 11:48:00""}"
2026-08-06 00:00:00,2026-08-06 11:48:00,154,NIFTY,OPTION_MOMENTUM_CALL,OFF,MED,1.05,ATM CALL momentum (ltp up + vol up),"{""dedupe_key"":""NIFTY|OPTION_MOMENTUM_CALL|OFF|2026-08-06 11:48"",""threshold"":1.5,""value"":1.05,""since_minute_bucket_ist"":""2026-08-06 11:47"",""last_updated_ist"":""2026-08-06 11:48:00""}"
2026-08-06 00:00:00,2026-08-06 11:48:00,154,NIFTY,STEALTH_BUILD_BEAR,OFF,MED,0.0051,"Stealth bearish build (calls build, spot flat)","{""dedupe_key"":""NIFTY|STEALTH_BUILD_BEAR|OFF|2026-08-06 11:48"",""threshold"":0.008,""value"":0.0051,""since_minute_bucket_ist"":""2026-08-06 11:47"",""last_updated_ist"":""2026-08-06 11:48:00""}"
2026-08-06 00:00:00,2026-08-06 11:49:00,155,NIFTY,FLOW_BEARISH_BUILD,ON,HIGH,0.0097,Bearish build (premium-confirmed writing / resistance),"{""dedupe_key"":""NIFTY|FLOW_BEARISH_BUILD|ON|2026-08-06 11:49"",""threshold"":0.005,""value"":0.0097,""since_minute_bucket_ist"":"""",""last_updated_ist"":""2026-08-06 11:49:00""}"
2026-08-06 00:00:00,2026-08-06 11:49:00,155,NIFTY,STEALTH_BUILD_BEAR,ON,MED,0.0097,"Stealth bearish build (calls build, spot flat)","{""dedupe_key"":""NIFTY|STEALTH_BUILD_BEAR|ON|2026-08-06 11:49"",""threshold"":0.008,""value"":0.0097,""since_minute_bucket_ist"":"""",""last_updated_ist"":""2026-08-06 11:49:00""}"
2026-08-06 00:00:00,2026-08-06 11:50:00,156,NIFTY,FLOW_BEARISH_BUILD,OFF,HIGH,0.0018,Bearish build (premium-confirmed writing / resistance),"{""dedupe_key"":""NIFTY|FLOW_BEARISH_BUILD|OFF|2026-08-06 11:50"",""threshold"":0.005,""value"":0.0018,""since_minute_bucket_ist"":""2026-08-06 11:49"",""last_updated_ist"":""2026-08-06 11:50:00""}"
2026-08-06 00:00:00,2026-08-06 11:50:00,156,NIFTY,PIN_BASIC,OFF,LOW,37.5,Spot near a local wall (pin zone),"{""dedupe_key"":""NIFTY|PIN_BASIC|OFF|2026-08-06 11:50"",""threshold"":37.5,""value"":37.5,""since_minute_bucket_ist"":""2026-08-06 11:43"",""last_updated_ist"":""2026-08-06 11:50:00""}"
2026-08-06 00:00:00,2026-08-06 11:50:00,156,NIFTY,OPTION_MOMENTUM_CALL,ON,MED,5.1,ATM CALL momentum (ltp up + vol up),"{""dedupe_key"":""NIFTY|OPTION_MOMENTUM_CALL|ON|2026-08-06 11:50"",""threshold"":1.5,""value"":5.1,""since_minute_bucket_ist"":"""",""last_updated_ist"":""2026-08-06 11:50:00""}"
2026-08-06 00:00:00,2026-08-06 11:50:00,156,NIFTY,WALL_UNWIND_CONFIRM_DOWN,OFF,MED,0.016,Put wall OI unwinding (5m),"{""dedupe_key"":""NIFTY|WALL_UNWIND_CONFIRM_DOWN|OFF|2026-08-06 11:50"",""threshold"":-0.006,""value"":0.016,""since_minute_bucket_ist"":""2026-08-06 11:43"",""last_updated_ist"":""2026-08-06 11:50:00""}"
2026-08-06 00:00:00,2026-08-06 11:50:00,156,NIFTY,STEALTH_BUILD_BEAR,OFF,MED,0.0018,"Stealth bearish build (calls build, spot flat)","{""dedupe_key"":""NIFTY|STEALTH_BUILD_BEAR|OFF|2026-08-06 11:50"",""threshold"":0.008,""value"":0.0018,""since_minute_bucket_ist"":""2026-08-06 11:49"",""last_updated_ist"":""2026-08-06 11:50:00""}"
2026-08-06 00:00:00,2026-08-06 11:51:00,157,NIFTY,REGIME_RANGE_PIN,OFF,LOW,0.0001,Range / pin (inside local walls),"{""dedupe_key"":""NIFTY|REGIME_RANGE_PIN|OFF|2026-08-06 11:51"",""threshold"":0.001,""value"":0.0001,""since_minute_bucket_ist"":""2026-08-06 11:48"",""last_updated_ist"":""2026-08-06 11:51:00""}"
2026-08-06 00:00:00,2026-08-06 11:51:00,157,NIFTY,REGIME_TRANSITION_UNCERTAIN,ON,LOW,1,Transition/uncertain regime,"{""dedupe_key"":""NIFTY|REGIME_TRANSITION_UNCERTAIN|ON|2026-08-06 11:51"",""threshold"":1,""value"":1,""since_minute_bucket_ist"":"""",""last_updated_ist"":""2026-08-06 11:51:00""}"
2026-08-06 00:00:00,2026-08-06 11:52:00,158,NIFTY,FLOW_BEARISH_BUILD,ON,HIGH,0.0023,Bearish build (premium-confirmed writing / resistance),"{""dedupe_key"":""NIFTY|FLOW_BEARISH_BUILD|ON|2026-08-06 11:52"",""threshold"":0.005,""value"":0.0023,""since_minute_bucket_ist"":"""",""last_updated_ist"":""2026-08-06 11:52:00""}"
2026-08-06 00:00:00,2026-08-06 11:52:00,158,NIFTY,EXP_RANGE_BREAKOUT_WATCH_UP,ON,MED,24647.3,Expected-range watch UP,"{""dedupe_key"":""NIFTY|EXP_RANGE_BREAKOUT_WATCH_UP|ON|2026-08-06 11:52"",""threshold"":24647.23,""value"":24647.3,""since_minute_bucket_ist"":"""",""last_updated_ist"":""2026-08-06 11:52:00""}"
2026-08-06 00:00:00,2026-08-06 11:52:00,158,NIFTY,VOL_EXPANSION,ON,MED,0.0018,Volatility expanding (straddle up),"{""dedupe_key"":""NIFTY|VOL_EXPANSION|ON|2026-08-06 11:52"",""threshold"":0.02,""value"":0.0018,""since_minute_bucket_ist"":"""",""last_updated_ist"":""2026-08-06 11:52:00""}"
2026-08-06 00:00:00,2026-08-06 11:52:00,158,NIFTY,OPTION_MOMENTUM_CALL,OFF,MED,-0.55,ATM CALL momentum (ltp up + vol up),"{""dedupe_key"":""NIFTY|OPTION_MOMENTUM_CALL|OFF|2026-08-06 11:52"",""threshold"":1.5,""value"":-0.55,""since_minute_bucket_ist"":""2026-08-06 11:50"",""last_updated_ist"":""2026-08-06 11:52:00""}"
2026-08-06 00:00:00,2026-08-06 11:52:00,158,NIFTY,OPTION_MOMENTUM_PUT,ON,MED,1.55,ATM PUT momentum (ltp up + vol up),"{""dedupe_key"":""NIFTY|OPTION_MOMENTUM_PUT|ON|2026-08-06 11:52"",""threshold"":1.5,""value"":1.55,""since_minute_bucket_ist"":"""",""last_updated_ist"":""2026-08-06 11:52:00""}"
2026-08-06 00:00:00,2026-08-06 11:52:00,158,NIFTY,WALL_UNWIND_CONFIRM_DOWN,ON,MED,-0.0102,Put wall OI unwinding (5m),"{""dedupe_key"":""NIFTY|WALL_UNWIND_CONFIRM_DOWN|ON|2026-08-06 11:52"",""threshold"":-0.006,""value"":-0.0102,""since_minute_bucket_ist"":"""",""last_updated_ist"":""2026-08-06 11:52:00""}"
2026-08-06 00:00:00,2026-08-06 11:53:00,159,NIFTY,FLOW_BEARISH_BUILD,OFF,HIGH,-0.0019,Bearish build (premium-confirmed writing / resistance),"{""dedupe_key"":""NIFTY|FLOW_BEARISH_BUILD|OFF|2026-08-06 11:53"",""threshold"":0.005,""value"":-0.0019,""since_minute_bucket_ist"":""2026-08-06 11:52"",""last_updated_ist"":""2026-08-06 11:53:00""}"
2026-08-06 00:00:00,2026-08-06 11:53:00,159,NIFTY,EXP_RANGE_BREAKOUT_WATCH_UP,OFF,MED,24645.95,Expected-range watch UP,"{""dedupe_key"":""NIFTY|EXP_RANGE_BREAKOUT_WATCH_UP|OFF|2026-08-06 11:53"",""threshold"":24646.93,""value"":24645.95,""since_minute_bucket_ist"":""2026-08-06 11:52"",""last_updated_ist"":""2026-08-06 11:53:00""}"
2026-08-06 00:00:00,2026-08-06 11:53:00,159,NIFTY,OPTION_MOMENTUM_CALL,ON,MED,2.7,ATM CALL momentum (ltp up + vol up),"{""dedupe_key"":""NIFTY|OPTION_MOMENTUM_CALL|ON|2026-08-06 11:53"",""threshold"":1.5,""value"":2.7,""since_minute_bucket_ist"":"""",""last_updated_ist"":""2026-08-06 11:53:00""}"
2026-08-06 00:00:00,2026-08-06 11:53:00,159,NIFTY,OPTION_MOMENTUM_PUT,OFF,MED,-2.85,ATM PUT momentum (ltp up + vol up),"{""dedupe_key"":""NIFTY|OPTION_MOMENTUM_PUT|OFF|2026-08-06 11:53"",""threshold"":1.5,""value"":-2.85,""since_minute_bucket_ist"":""2026-08-06 11:52"",""last_updated_ist"":""2026-08-06 11:53:00""}"
2026-08-06 00:00:00,2026-08-06 11:54:00,160,NIFTY,REGIME_RANGE_PIN,ON,LOW,0.0001,Range / pin (inside local walls),"{""dedupe_key"":""NIFTY|REGIME_RANGE_PIN|ON|2026-08-06 11:54"",""threshold"":0.001,""value"":0.0001,""since_minute_bucket_ist"":"""",""last_updated_ist"":""2026-08-06 11:54:00""}"
2026-08-06 00:00:00,2026-08-06 11:54:00,160,NIFTY,REGIME_TRANSITION_UNCERTAIN,OFF,LOW,1,Transition/uncertain regime,"{""dedupe_key"":""NIFTY|REGIME_TRANSITION_UNCERTAIN|OFF|2026-08-06 11:54"",""threshold"":1,""value"":1,""since_minute_bucket_ist"":""2026-08-06 11:51"",""last_updated_ist"":""2026-08-06 11:54:00""}"
2026-08-06 00:00:00,2026-08-06 11:54:00,160,NIFTY,EXP_RANGE_BREAKOUT_WATCH_UP,ON,MED,24647.05,Expected-range watch UP,"{""dedupe_key"":""NIFTY|EXP_RANGE_BREAKOUT_WATCH_UP|ON|2026-08-06 11:54"",""threshold"":24646.88,""value"":24647.05,""since_minute_bucket_ist"":"""",""last_updated_ist"":""2026-08-06 11:54:00""}"
2026-08-06 00:00:00,2026-08-06 11:54:00,160,NIFTY,VOL_EXPANSION,OFF,MED,0.0009,Volatility expanding (straddle up),"{""dedupe_key"":""NIFTY|VOL_EXPANSION|OFF|2026-08-06 11:54"",""threshold"":0.02,""value"":0.0009,""since_minute_bucket_ist"":""2026-08-06 11:52"",""last_updated_ist"":""2026-08-06 11:54:00""}"
2026-08-06 00:00:00,2026-08-06 11:54:00,160,NIFTY,OPTION_MOMENTUM_CALL,OFF,MED,-1.9,ATM CALL momentum (ltp up + vol up),"{""dedupe_key"":""NIFTY|OPTION_MOMENTUM_CALL|OFF|2026-08-06 11:54"",""threshold"":1.5,""value"":-1.9,""since_minute_bucket_ist"":""2026-08-06 11:53"",""last_updated_ist"":""2026-08-06 11:54:00""}"
2026-08-06 00:00:00,2026-08-06 11:55:00,161,NIFTY,EXP_RANGE_BREAKOUT_WATCH_UP,OFF,MED,24647.05,Expected-range watch UP,"{""dedupe_key"":""NIFTY|EXP_RANGE_BREAKOUT_WATCH_UP|OFF|2026-08-06 11:55"",""threshold"":24648.37,""value"":24647.05,""since_minute_bucket_ist"":""2026-08-06 11:54"",""last_updated_ist"":""2026-08-06 11:55:00""}"
2026-08-06 00:00:00,2026-08-06 11:56:00,162,NIFTY,FLOW_BULLISH_BUILD,ON,HIGH,0.0055,Bullish build (premium-confirmed writing / support),"{""dedupe_key"":""NIFTY|FLOW_BULLISH_BUILD|ON|2026-08-06 11:56"",""threshold"":0.005,""value"":0.0055,""since_minute_bucket_ist"":"""",""last_updated_ist"":""2026-08-06 11:56:00""}"
2026-08-06 00:00:00,2026-08-06 11:56:00,162,NIFTY,VOL_CONTRACTION,ON,LOW,-0.005,Volatility contracting (straddle down),"{""dedupe_key"":""NIFTY|VOL_CONTRACTION|ON|2026-08-06 11:56"",""threshold"":-0.03,""value"":-0.005,""since_minute_bucket_ist"":"""",""last_updated_ist"":""2026-08-06 11:56:00""}"
2026-08-06 00:00:00,2026-08-06 11:56:00,162,NIFTY,OPTION_MOMENTUM_CALL,ON,MED,1.85,ATM CALL momentum (ltp up + vol up),"{""dedupe_key"":""NIFTY|OPTION_MOMENTUM_CALL|ON|2026-08-06 11:56"",""threshold"":1.5,""value"":1.85,""since_minute_bucket_ist"":"""",""last_updated_ist"":""2026-08-06 11:56:00""}"
2026-08-06 00:00:00,2026-08-06 11:56:00,162,NIFTY,WALL_UNWIND_CONFIRM_DOWN,OFF,MED,0.0005,Put wall OI unwinding (5m),"{""dedupe_key"":""NIFTY|WALL_UNWIND_CONFIRM_DOWN|OFF|2026-08-06 11:56"",""threshold"":-0.006,""value"":0.0005,""since_minute_bucket_ist"":""2026-08-06 11:52"",""last_updated_ist"":""2026-08-06 11:56:00""}"
2026-08-06 00:00:00,2026-08-06 11:57:00,163,NIFTY,FLOW_BULLISH_BUILD,OFF,HIGH,0.0076,Bullish build (premium-confirmed writing / support),"{""dedupe_key"":""NIFTY|FLOW_BULLISH_BUILD|OFF|2026-08-06 11:57"",""threshold"":0.005,""value"":0.0076,""since_minute_bucket_ist"":""2026-08-06 11:56"",""last_updated_ist"":""2026-08-06 11:57:00""}"
2026-08-06 00:00:00,2026-08-06 11:57:00,163,NIFTY,EXP_RANGE_BREAKOUT_WATCH_UP,ON,MED,24658.95,Expected-range watch UP,"{""dedupe_key"":""NIFTY|EXP_RANGE_BREAKOUT_WATCH_UP|ON|2026-08-06 11:57"",""threshold"":24653.8,""value"":24658.95,""since_minute_bucket_ist"":"""",""last_updated_ist"":""2026-08-06 11:57:00""}"
2026-08-06 00:00:00,2026-08-06 11:57:00,163,NIFTY,VOL_EXPANSION,ON,MED,0.0005,Volatility expanding (straddle up),"{""dedupe_key"":""NIFTY|VOL_EXPANSION|ON|2026-08-06 11:57"",""threshold"":0.02,""value"":0.0005,""since_minute_bucket_ist"":"""",""last_updated_ist"":""2026-08-06 11:57:00""}"
2026-08-06 00:00:00,2026-08-06 11:57:00,163,NIFTY,VOL_CONTRACTION,OFF,LOW,0.0005,Volatility contracting (straddle down),"{""dedupe_key"":""NIFTY|VOL_CONTRACTION|OFF|2026-08-06 11:57"",""threshold"":-0.03,""value"":0.0005,""since_minute_bucket_ist"":""2026-08-06 11:56"",""last_updated_ist"":""2026-08-06 11:57:00""}"
2026-08-06 00:00:00,2026-08-06 11:58:00,164,NIFTY,REGIME_RANGE_PIN,OFF,LOW,0.0001,Range / pin (inside local walls),"{""dedupe_key"":""NIFTY|REGIME_RANGE_PIN|OFF|2026-08-06 11:58"",""threshold"":0.001,""value"":0.0001,""since_minute_bucket_ist"":""2026-08-06 11:54"",""last_updated_ist"":""2026-08-06 11:58:00""}"
2026-08-06 00:00:00,2026-08-06 11:58:00,164,NIFTY,REGIME_TRANSITION_UNCERTAIN,ON,LOW,1,Transition/uncertain regime,"{""dedupe_key"":""NIFTY|REGIME_TRANSITION_UNCERTAIN|ON|2026-08-06 11:58"",""threshold"":1,""value"":1,""since_minute_bucket_ist"":"""",""last_updated_ist"":""2026-08-06 11:58:00""}"
2026-08-06 00:00:00,2026-08-06 11:58:00,164,NIFTY,EXP_RANGE_BREAKOUT_CONFIRMED_UP,ON,HIGH,2,Expected-range breakout CONFIRMED UP,"{""dedupe_key"":""NIFTY|EXP_RANGE_BREAKOUT_CONFIRMED_UP|ON|2026-08-06 11:58"",""threshold"":2,""value"":2,""since_minute_bucket_ist"":"""",""last_updated_ist"":""2026-08-06 11:58:00""}"
2026-08-06 00:00:00,2026-08-06 11:58:00,164,NIFTY,OPTION_MOMENTUM_CALL,OFF,MED,0,ATM CALL momentum (ltp up + vol up),"{""dedupe_key"":""NIFTY|OPTION_MOMENTUM_CALL|OFF|2026-08-06 11:58"",""threshold"":1.5,""value"":0,""since_minute_bucket_ist"":""2026-08-06 11:56"",""last_updated_ist"":""2026-08-06 11:58:00""}"
2026-08-06 00:00:00,2026-08-06 11:59:00,165,NIFTY,FLOW_BULLISH_BUILD,ON,HIGH,0.0029,Bullish build (premium-confirmed writing / support),"{""dedupe_key"":""NIFTY|FLOW_BULLISH_BUILD|ON|2026-08-06 11:59"",""threshold"":0.005,""value"":0.0029,""since_minute_bucket_ist"":"""",""last_updated_ist"":""2026-08-06 11:59:00""}"
2026-08-06 00:00:00,2026-08-06 11:59:00,165,NIFTY,REGIME_RANGE_PIN,ON,LOW,0.0001,Range / pin (inside local walls),"{""dedupe_key"":""NIFTY|REGIME_RANGE_PIN|ON|2026-08-06 11:59"",""threshold"":0.001,""value"":0.0001,""since_minute_bucket_ist"":"""",""last_updated_ist"":""2026-08-06 11:59:00""}"
2026-08-06 00:00:00,2026-08-06 11:59:00,165,NIFTY,REGIME_TRANSITION_UNCERTAIN,OFF,LOW,1,Transition/uncertain regime,"{""dedupe_key"":""NIFTY|REGIME_TRANSITION_UNCERTAIN|OFF|2026-08-06 11:59"",""threshold"":1,""value"":1,""since_minute_bucket_ist"":""2026-08-06 11:58"",""last_updated_ist"":""2026-08-06 11:59:00""}"
2026-08-06 00:00:00,2026-08-06 11:59:00,165,NIFTY,EXP_RANGE_BREAKOUT_WATCH_UP,OFF,MED,24658,Expected-range watch UP,"{""dedupe_key"":""NIFTY|EXP_RANGE_BREAKOUT_WATCH_UP|OFF|2026-08-06 11:59"",""threshold"":24658.49,""value"":24658,""since_minute_bucket_ist"":""2026-08-06 11:57"",""last_updated_ist"":""2026-08-06 11:59:00""}"
2026-08-06 00:00:00,2026-08-06 11:59:00,165,NIFTY,EXP_RANGE_BREAKOUT_CONFIRMED_UP,OFF,HIGH,0,Expected-range breakout CONFIRMED UP,"{""dedupe_key"":""NIFTY|EXP_RANGE_BREAKOUT_CONFIRMED_UP|OFF|2026-08-06 11:59"",""threshold"":2,""value"":0,""since_minute_bucket_ist"":""2026-08-06 11:58"",""last_updated_ist"":""2026-08-06 11:59:00""}"
2026-08-06 00:00:00,2026-08-06 11:59:00,165,NIFTY,OPTION_MOMENTUM_CALL,ON,MED,5.25,ATM CALL momentum (ltp up + vol up),"{""dedupe_key"":""NIFTY|OPTION_MOMENTUM_CALL|ON|2026-08-06 11:59"",""threshold"":1.5,""value"":5.25,""since_minute_bucket_ist"":"""",""last_updated_ist"":""2026-08-06 11:59:00""}"
2026-08-06 00:00:00,2026-08-06 11:59:00,165,NIFTY,WALL_UNWIND_CONFIRM_UP,ON,MED,-0.0164,Call wall OI unwinding (5m),"{""dedupe_key"":""NIFTY|WALL_UNWIND_CONFIRM_UP|ON|2026-08-06 11:59"",""threshold"":-0.006,""value"":-0.0164,""since_minute_bucket_ist"":"""",""last_updated_ist"":""2026-08-06 11:59:00""}"
2026-08-06 00:00:00,2026-08-06 12:00:00,166,NIFTY,FLOW_BULLISH_BUILD,OFF,HIGH,0.0092,Bullish build (premium-confirmed writing / support),"{""dedupe_key"":""NIFTY|FLOW_BULLISH_BUILD|OFF|2026-08-06 12:00"",""threshold"":0.005,""value"":0.0092,""since_minute_bucket_ist"":""2026-08-06 11:59"",""last_updated_ist"":""2026-08-06 12:00:00""}"
2026-08-06 00:00:00,2026-08-06 12:00:00,166,NIFTY,OPTION_MOMENTUM_CALL,OFF,MED,-1.1,ATM CALL momentum (ltp up + vol up),"{""dedupe_key"":""NIFTY|OPTION_MOMENTUM_CALL|OFF|2026-08-06 12:00"",""threshold"":1.5,""value"":-1.1,""since_minute_bucket_ist"":""2026-08-06 11:59"",""last_updated_ist"":""2026-08-06 12:00:00""}"
2026-08-06 00:00:00,2026-08-06 12:00:00,166,NIFTY,STEALTH_BUILD_BULL,ON,MED,0.0092,"Stealth bullish build (puts build, spot flat)","{""dedupe_key"":""NIFTY|STEALTH_BUILD_BULL|ON|2026-08-06 12:00"",""threshold"":0.008,""value"":0.0092,""since_minute_bucket_ist"":"""",""last_updated_ist"":""2026-08-06 12:00:00""}"
2026-08-06 00:00:00,2026-08-06 12:01:00,167,NIFTY,VOL_EXPANSION,OFF,MED,-0.0011,Volatility expanding (straddle up),"{""dedupe_key"":""NIFTY|VOL_EXPANSION|OFF|2026-08-06 12:01"",""threshold"":0.02,""value"":-0.0011,""since_minute_bucket_ist"":""2026-08-06 11:57"",""last_updated_ist"":""2026-08-06 12:01:00""}"
2026-08-06 00:00:00,2026-08-06 12:01:00,167,NIFTY,OPTION_MOMENTUM_PUT,ON,MED,2,ATM PUT momentum (ltp up + vol up),"{""dedupe_key"":""NIFTY|OPTION_MOMENTUM_PUT|ON|2026-08-06 12:01"",""threshold"":1.5,""value"":2,""since_minute_bucket_ist"":"""",""last_updated_ist"":""2026-08-06 12:01:00""}"
2026-08-06 00:00:00,2026-08-06 12:01:00,167,NIFTY,STEALTH_BUILD_BULL,OFF,MED,0.0042,"Stealth bullish build (puts build, spot flat)","{""dedupe_key"":""NIFTY|STEALTH_BUILD_BULL|OFF|2026-08-06 12:01"",""threshold"":0.008,""value"":0.0042,""since_minute_bucket_ist"":""2026-08-06 12:00"",""last_updated_ist"":""2026-08-06 12:01:00""}"
2026-08-06 00:00:00,2026-08-06 12:02:00,168,NIFTY,FLOW_BULLISH_BUILD,ON,HIGH,0.0081,Bullish build (premium-confirmed writing / support),"{""dedupe_key"":""NIFTY|FLOW_BULLISH_BUILD|ON|2026-08-06 12:02"",""threshold"":0.005,""value"":0.0081,""since_minute_bucket_ist"":"""",""last_updated_ist"":""2026-08-06 12:02:00""}"
2026-08-06 00:00:00,2026-08-06 12:02:00,168,NIFTY,VOL_EXPANSION,ON,MED,0.0052,Volatility expanding (straddle up),"{""dedupe_key"":""NIFTY|VOL_EXPANSION|ON|2026-08-06 12:02"",""threshold"":0.02,""value"":0.0052,""since_minute_bucket_ist"":"""",""last_updated_ist"":""2026-08-06 12:02:00""}"
2026-08-06 00:00:00,2026-08-06 12:02:00,168,NIFTY,OPTION_MOMENTUM_CALL,ON,MED,2.4,ATM CALL momentum (ltp up + vol up),"{""dedupe_key"":""NIFTY|OPTION_MOMENTUM_CALL|ON|2026-08-06 12:02"",""threshold"":1.5,""value"":2.4,""since_minute_bucket_ist"":"""",""last_updated_ist"":""2026-08-06 12:02:00""}"
2026-08-06 00:00:00,2026-08-06 12:02:00,168,NIFTY,OPTION_MOMENTUM_PUT,OFF,MED,-0.65,ATM PUT momentum (ltp up + vol up),"{""dedupe_key"":""NIFTY|OPTION_MOMENTUM_PUT|OFF|2026-08-06 12:02"",""threshold"":1.5,""value"":-0.65,""since_minute_bucket_ist"":""2026-08-06 12:01"",""last_updated_ist"":""2026-08-06 12:02:00""}"
2026-08-06 00:00:00,2026-08-06 12:02:00,168,NIFTY,STEALTH_BUILD_BULL,ON,MED,0.0081,"Stealth bullish build (puts build, spot flat)","{""dedupe_key"":""NIFTY|STEALTH_BUILD_BULL|ON|2026-08-06 12:02"",""threshold"":0.008,""value"":0.0081,""since_minute_bucket_ist"":"""",""last_updated_ist"":""2026-08-06 12:02:00""}"
2026-08-06 00:00:00,2026-08-06 12:03:00,169,NIFTY,FLOW_BULLISH_BUILD,OFF,HIGH,0.0134,Bullish build (premium-confirmed writing / support),"{""dedupe_key"":""NIFTY|FLOW_BULLISH_BUILD|OFF|2026-08-06 12:03"",""threshold"":0.005,""value"":0.0134,""since_minute_bucket_ist"":""2026-08-06 12:02"",""last_updated_ist"":""2026-08-06 12:03:00""}"
2026-08-06 00:00:00,2026-08-06 12:03:00,169,NIFTY,OPTION_MOMENTUM_CALL,OFF,MED,0.65,ATM CALL momentum (ltp up + vol up),"{""dedupe_key"":""NIFTY|OPTION_MOMENTUM_CALL|OFF|2026-08-06 12:03"",""threshold"":1.5,""value"":0.65,""since_minute_bucket_ist"":""2026-08-06 12:02"",""last_updated_ist"":""2026-08-06 12:03:00""}"
2026-08-06 00:00:00,2026-08-06 12:03:00,169,NIFTY,STEALTH_BUILD_BULL,OFF,MED,0.0134,"Stealth bullish build (puts build, spot flat)","{""dedupe_key"":""NIFTY|STEALTH_BUILD_BULL|OFF|2026-08-06 12:03"",""threshold"":0.008,""value"":0.0134,""since_minute_bucket_ist"":""2026-08-06 12:02"",""last_updated_ist"":""2026-08-06 12:03:00""}"
2026-08-06 00:00:00,2026-08-06 12:04:00,170,NIFTY,VOL_EXPANSION,OFF,MED,-0.0009,Volatility expanding (straddle up),"{""dedupe_key"":""NIFTY|VOL_EXPANSION|OFF|2026-08-06 12:04"",""threshold"":0.02,""value"":-0.0009,""since_minute_bucket_ist"":""2026-08-06 12:02"",""last_updated_ist"":""2026-08-06 12:04:00""}"
2026-08-06 00:00:00,2026-08-06 12:04:00,170,NIFTY,WALL_UNWIND_CONFIRM_UP,OFF,MED,0.0041,Call wall OI unwinding (5m),"{""dedupe_key"":""NIFTY|WALL_UNWIND_CONFIRM_UP|OFF|2026-08-06 12:04"",""threshold"":-0.006,""value"":0.0041,""since_minute_bucket_ist"":""2026-08-06 11:59"",""last_updated_ist"":""2026-08-06 12:04:00""}"
2026-08-06 00:00:00,2026-08-06 12:06:00,172,NIFTY,VOL_CONTRACTION,ON,LOW,-0.0059,Volatility contracting (straddle down),"{""dedupe_key"":""NIFTY|VOL_CONTRACTION|ON|2026-08-06 12:06"",""threshold"":-0.03,""value"":-0.0059,""since_minute_bucket_ist"":"""",""last_updated_ist"":""2026-08-06 12:06:00""}"
2026-08-06 00:00:00,2026-08-06 12:06:00,172,NIFTY,OPTION_MOMENTUM_PUT,ON,MED,2.25,ATM PUT momentum (ltp up + vol up),"{""dedupe_key"":""NIFTY|OPTION_MOMENTUM_PUT|ON|2026-08-06 12:06"",""threshold"":1.5,""value"":2.25,""since_minute_bucket_ist"":"""",""last_updated_ist"":""2026-08-06 12:06:00""}"
2026-08-06 00:00:00,2026-08-06 12:08:00,173,NIFTY,OPTION_MOMENTUM_PUT,OFF,MED,-1,ATM PUT momentum (ltp up + vol up),"{""dedupe_key"":""NIFTY|OPTION_MOMENTUM_PUT|OFF|2026-08-06 12:08"",""threshold"":1.5,""value"":-1,""since_minute_bucket_ist"":""2026-08-06 12:06"",""last_updated_ist"":""2026-08-06 12:08:00""}"
2026-08-06 00:00:00,2026-08-06 12:08:00,174,NIFTY,EXP_RANGE_BREAKOUT_WATCH_DOWN,ON,MED,24652.65,Expected-range watch DOWN,"{""dedupe_key"":""NIFTY|EXP_RANGE_BREAKOUT_WATCH_DOWN|ON|2026-08-06 12:08"",""threshold"":24653.27,""value"":24652.65,""since_minute_bucket_ist"":"""",""last_updated_ist"":""2026-08-06 12:08:00""}"
2026-08-06 00:00:00,2026-08-06 12:08:00,174,NIFTY,VOL_CONTRACTION,OFF,LOW,-0.0027,Volatility contracting (straddle down),"{""dedupe_key"":""NIFTY|VOL_CONTRACTION|OFF|2026-08-06 12:08"",""threshold"":-0.03,""value"":-0.0027,""since_minute_bucket_ist"":""2026-08-06 12:06"",""last_updated_ist"":""2026-08-06 12:08:00""}"
2026-08-06 00:00:00,2026-08-06 12:09:00,175,NIFTY,EXP_RANGE_BREAKOUT_CONFIRMED_DOWN,ON,HIGH,2,Expected-range breakout CONFIRMED DOWN,"{""dedupe_key"":""NIFTY|EXP_RANGE_BREAKOUT_CONFIRMED_DOWN|ON|2026-08-06 12:09"",""threshold"":2,""value"":2,""since_minute_bucket_ist"":"""",""last_updated_ist"":""2026-08-06 12:09:00""}"
2026-08-06 00:00:00,2026-08-06 12:09:00,175,NIFTY,VOL_CONTRACTION,ON,LOW,-0.0074,Volatility contracting (straddle down),"{""dedupe_key"":""NIFTY|VOL_CONTRACTION|ON|2026-08-06 12:09"",""threshold"":-0.03,""value"":-0.0074,""since_minute_bucket_ist"":"""",""last_updated_ist"":""2026-08-06 12:09:00""}"
2026-08-06 00:00:00,2026-08-06 12:09:00,175,NIFTY,OPTION_MOMENTUM_PUT,ON,MED,2.8,ATM PUT momentum (ltp up + vol up),"{""dedupe_key"":""NIFTY|OPTION_MOMENTUM_PUT|ON|2026-08-06 12:09"",""threshold"":1.5,""value"":2.8,""since_minute_bucket_ist"":"""",""last_updated_ist"":""2026-08-06 12:09:00""}"
2026-08-06 00:00:00,2026-08-06 12:10:00,176,NIFTY,FLOW_BULLISH_BUILD,ON,HIGH,0.0034,Bullish build (premium-confirmed writing / support),"{""dedupe_key"":""NIFTY|FLOW_BULLISH_BUILD|ON|2026-08-06 12:10"",""threshold"":0.005,""value"":0.0034,""since_minute_bucket_ist"":"""",""last_updated_ist"":""2026-08-06 12:10:00""}"
2026-08-06 00:00:00,2026-08-06 12:10:00,176,NIFTY,OPTION_MOMENTUM_PUT,OFF,MED,0.95,ATM PUT momentum (ltp up + vol up),"{""dedupe_key"":""NIFTY|OPTION_MOMENTUM_PUT|OFF|2026-08-06 12:10"",""threshold"":1.5,""value"":0.95,""since_minute_bucket_ist"":""2026-08-06 12:09"",""last_updated_ist"":""2026-08-06 12:10:00""}"
2026-08-06 00:00:00,2026-08-06 12:11:00,177,NIFTY,FLOW_BULLISH_BUILD,OFF,HIGH,0,Bullish build (premium-confirmed writing / support),"{""dedupe_key"":""NIFTY|FLOW_BULLISH_BUILD|OFF|2026-08-06 12:11"",""threshold"":0.005,""value"":0,""since_minute_bucket_ist"":""2026-08-06 12:10"",""last_updated_ist"":""2026-08-06 12:11:00""}"
2026-08-06 00:00:00,2026-08-06 12:12:00,178,NIFTY,FLOW_BEARISH_BUILD,ON,HIGH,0.0007,Bearish build (premium-confirmed writing / resistance),"{""dedupe_key"":""NIFTY|FLOW_BEARISH_BUILD|ON|2026-08-06 12:12"",""threshold"":0.005,""value"":0.0007,""since_minute_bucket_ist"":"""",""last_updated_ist"":""2026-08-06 12:12:00""}"
2026-08-06 00:00:00,2026-08-06 12:12:00,178,NIFTY,EXP_RANGE_BREAKOUT_WATCH_DOWN,OFF,MED,24649.6,Expected-range watch DOWN,"{""dedupe_key"":""NIFTY|EXP_RANGE_BREAKOUT_WATCH_DOWN|OFF|2026-08-06 12:12"",""threshold"":24648.31,""value"":24649.6,""since_minute_bucket_ist"":""2026-08-06 12:08"",""last_updated_ist"":""2026-08-06 12:12:00""}"
2026-08-06 00:00:00,2026-08-06 12:12:00,178,NIFTY,EXP_RANGE_BREAKOUT_CONFIRMED_DOWN,OFF,HIGH,0,Expected-range breakout CONFIRMED DOWN,"{""dedupe_key"":""NIFTY|EXP_RANGE_BREAKOUT_CONFIRMED_DOWN|OFF|2026-08-06 12:12"",""threshold"":2,""value"":0,""since_minute_bucket_ist"":""2026-08-06 12:09"",""last_updated_ist"":""2026-08-06 12:12:00""}"
2026-08-06 00:00:00,2026-08-06 12:14:00,180,NIFTY,FLOW_BEARISH_BUILD,OFF,HIGH,0.0018,Bearish build (premium-confirmed writing / resistance),"{""dedupe_key"":""NIFTY|FLOW_BEARISH_BUILD|OFF|2026-08-06 12:14"",""threshold"":0.005,""value"":0.0018,""since_minute_bucket_ist"":""2026-08-06 12:12"",""last_updated_ist"":""2026-08-06 12:14:00""}"
2026-08-06 00:00:00,2026-08-06 12:14:00,180,NIFTY,EXP_RANGE_BREAKOUT_WATCH_DOWN,ON,MED,24640.05,Expected-range watch DOWN,"{""dedupe_key"":""NIFTY|EXP_RANGE_BREAKOUT_WATCH_DOWN|ON|2026-08-06 12:14"",""threshold"":24644.6,""value"":24640.05,""since_minute_bucket_ist"":"""",""last_updated_ist"":""2026-08-06 12:14:00""}"
2026-08-06 00:00:00,2026-08-06 12:14:00,180,NIFTY,VOL_CONTRACTION,OFF,LOW,0.0004,Volatility contracting (straddle down),"{""dedupe_key"":""NIFTY|VOL_CONTRACTION|OFF|2026-08-06 12:14"",""threshold"":-0.03,""value"":0.0004,""since_minute_bucket_ist"":""2026-08-06 12:09"",""last_updated_ist"":""2026-08-06 12:14:00""}"
2026-08-06 00:00:00,2026-08-06 12:15:00,181,NIFTY,EXP_RANGE_BREAKOUT_WATCH_DOWN,OFF,MED,24650.05,Expected-range watch DOWN,"{""dedupe_key"":""NIFTY|EXP_RANGE_BREAKOUT_WATCH_DOWN|OFF|2026-08-06 12:15"",""threshold"":24644.62,""value"":24650.05,""since_minute_bucket_ist"":""2026-08-06 12:14"",""last_updated_ist"":""2026-08-06 12:15:00""}"
2026-08-06 00:00:00,2026-08-06 12:16:00,182,NIFTY,EXP_RANGE_BREAKOUT_WATCH_UP,ON,MED,24657.9,Expected-range watch UP,"{""dedupe_key"":""NIFTY|EXP_RANGE_BREAKOUT_WATCH_UP|ON|2026-08-06 12:16"",""threshold"":24656.72,""value"":24657.9,""since_minute_bucket_ist"":"""",""last_updated_ist"":""2026-08-06 12:16:00""}"
2026-08-06 00:00:00,2026-08-06 12:16:00,182,NIFTY,OPTION_MOMENTUM_CALL,ON,MED,2.95,ATM CALL momentum (ltp up + vol up),"{""dedupe_key"":""NIFTY|OPTION_MOMENTUM_CALL|ON|2026-08-06 12:16"",""threshold"":1.5,""value"":2.95,""since_minute_bucket_ist"":"""",""last_updated_ist"":""2026-08-06 12:16:00""}"
2026-08-06 00:00:00,2026-08-06 12:17:00,183,NIFTY,EXP_RANGE_BREAKOUT_WATCH_UP,OFF,MED,24653.9,Expected-range watch UP,"{""dedupe_key"":""NIFTY|EXP_RANGE_BREAKOUT_WATCH_UP|OFF|2026-08-06 12:17"",""threshold"":24656.1,""value"":24653.9,""since_minute_bucket_ist"":""2026-08-06 12:16"",""last_updated_ist"":""2026-08-06 12:17:00""}"
2026-08-06 00:00:00,2026-08-06 12:17:00,183,NIFTY,OPTION_MOMENTUM_CALL,OFF,MED,-0.65,ATM CALL momentum (ltp up + vol up),"{""dedupe_key"":""NIFTY|OPTION_MOMENTUM_CALL|OFF|2026-08-06 12:17"",""threshold"":1.5,""value"":-0.65,""since_minute_bucket_ist"":""2026-08-06 12:16"",""last_updated_ist"":""2026-08-06 12:17:00""}"
2026-08-06 00:00:00,2026-08-06 12:18:00,184,NIFTY,VOL_EXPANSION,ON,MED,0.0036,Volatility expanding (straddle up),"{""dedupe_key"":""NIFTY|VOL_EXPANSION|ON|2026-08-06 12:18"",""threshold"":0.02,""value"":0.0036,""since_minute_bucket_ist"":"""",""last_updated_ist"":""2026-08-06 12:18:00""}"
2026-08-06 00:00:00,2026-08-06 12:18:00,184,NIFTY,OPTION_MOMENTUM_CALL,ON,MED,2.45,ATM CALL momentum (ltp up + vol up),"{""dedupe_key"":""NIFTY|OPTION_MOMENTUM_CALL|ON|2026-08-06 12:18"",""threshold"":1.5,""value"":2.45,""since_minute_bucket_ist"":"""",""last_updated_ist"":""2026-08-06 12:18:00""}"
2026-08-06 00:00:00,2026-08-06 12:18:00,184,NIFTY,WALL_UNWIND_CONFIRM_DOWN,ON,MED,-0.0114,Put wall OI unwinding (5m),"{""dedupe_key"":""NIFTY|WALL_UNWIND_CONFIRM_DOWN|ON|2026-08-06 12:18"",""threshold"":-0.006,""value"":-0.0114,""since_minute_bucket_ist"":"""",""last_updated_ist"":""2026-08-06 12:18:00""}"
2026-08-06 00:00:00,2026-08-06 12:18:00,184,NIFTY,STEALTH_BUILD_BEAR,ON,MED,0.0126,"Stealth bearish build (calls build, spot flat)","{""dedupe_key"":""NIFTY|STEALTH_BUILD_BEAR|ON|2026-08-06 12:18"",""threshold"":0.008,""value"":0.0126,""since_minute_bucket_ist"":"""",""last_updated_ist"":""2026-08-06 12:18:00""}"
2026-08-06 00:00:00,2026-08-06 12:19:00,185,NIFTY,REGIME_RANGE_PIN,OFF,LOW,0.0002,Range / pin (inside local walls),"{""dedupe_key"":""NIFTY|REGIME_RANGE_PIN|OFF|2026-08-06 12:19"",""threshold"":0.001,""value"":0.0002,""since_minute_bucket_ist"":""2026-08-06 11:59"",""last_updated_ist"":""2026-08-06 12:19:00""}"
2026-08-06 00:00:00,2026-08-06 12:19:00,185,NIFTY,REGIME_TRANSITION_UNCERTAIN,ON,LOW,1,Transition/uncertain regime,"{""dedupe_key"":""NIFTY|REGIME_TRANSITION_UNCERTAIN|ON|2026-08-06 12:19"",""threshold"":1,""value"":1,""since_minute_bucket_ist"":"""",""last_updated_ist"":""2026-08-06 12:19:00""}"
2026-08-06 00:00:00,2026-08-06 12:19:00,185,NIFTY,OPTION_MOMENTUM_CALL,OFF,MED,0,ATM CALL momentum (ltp up + vol up),"{""dedupe_key"":""NIFTY|OPTION_MOMENTUM_CALL|OFF|2026-08-06 12:19"",""threshold"":1.5,""value"":0,""since_minute_bucket_ist"":""2026-08-06 12:18"",""last_updated_ist"":""2026-08-06 12:19:00""}"
2026-08-06 00:00:00,2026-08-06 12:19:00,185,NIFTY,STEALTH_BUILD_BEAR,OFF,MED,0,"Stealth bearish build (calls build, spot flat)","{""dedupe_key"":""NIFTY|STEALTH_BUILD_BEAR|OFF|2026-08-06 12:19"",""threshold"":0.008,""value"":0,""since_minute_bucket_ist"":""2026-08-06 12:18"",""last_updated_ist"":""2026-08-06 12:19:00""}"
2026-08-06 00:00:00,2026-08-06 12:20:00,186,NIFTY,FLOW_BEARISH_BUILD,ON,HIGH,0.0027,Bearish build (premium-confirmed writing / resistance),"{""dedupe_key"":""NIFTY|FLOW_BEARISH_BUILD|ON|2026-08-06 12:20"",""threshold"":0.005,""value"":0.0027,""since_minute_bucket_ist"":"""",""last_updated_ist"":""2026-08-06 12:20:00""}"
2026-08-06 00:00:00,2026-08-06 12:20:00,186,NIFTY,REGIME_RANGE_PIN,ON,LOW,0.0003,Range / pin (inside local walls),"{""dedupe_key"":""NIFTY|REGIME_RANGE_PIN|ON|2026-08-06 12:20"",""threshold"":0.001,""value"":0.0003,""since_minute_bucket_ist"":"""",""last_updated_ist"":""2026-08-06 12:20:00""}"
2026-08-06 00:00:00,2026-08-06 12:20:00,186,NIFTY,REGIME_TRANSITION_UNCERTAIN,OFF,LOW,1,Transition/uncertain regime,"{""dedupe_key"":""NIFTY|REGIME_TRANSITION_UNCERTAIN|OFF|2026-08-06 12:20"",""threshold"":1,""value"":1,""since_minute_bucket_ist"":""2026-08-06 12:19"",""last_updated_ist"":""2026-08-06 12:20:00""}"
2026-08-06 00:00:00,2026-08-06 12:20:00,186,NIFTY,EXP_RANGE_BREAKOUT_WATCH_DOWN,ON,MED,24641.6,Expected-range watch DOWN,"{""dedupe_key"":""NIFTY|EXP_RANGE_BREAKOUT_WATCH_DOWN|ON|2026-08-06 12:20"",""threshold"":24642.86,""value"":24641.6,""since_minute_bucket_ist"":"""",""last_updated_ist"":""2026-08-06 12:20:00""}"
2026-08-06 00:00:00,2026-08-06 12:20:00,186,NIFTY,VOL_EXPANSION,OFF,MED,0,Volatility expanding (straddle up),"{""dedupe_key"":""NIFTY|VOL_EXPANSION|OFF|2026-08-06 12:20"",""threshold"":0.02,""value"":0,""since_minute_bucket_ist"":""2026-08-06 12:18"",""last_updated_ist"":""2026-08-06 12:20:00""}"
2026-08-06 00:00:00,2026-08-06 12:20:00,186,NIFTY,OPTION_MOMENTUM_PUT,ON,MED,6.15,ATM PUT momentum (ltp up + vol up),"{""dedupe_key"":""NIFTY|OPTION_MOMENTUM_PUT|ON|2026-08-06 12:20"",""threshold"":1.5,""value"":6.15,""since_minute_bucket_ist"":"""",""last_updated_ist"":""2026-08-06 12:20:00""}"
2026-08-06 00:00:00,2026-08-06 12:20:00,186,NIFTY,CHURN_COMMITTED,ON,MED,-0.0005,Price move + aligned flow (committed),"{""dedupe_key"":""NIFTY|CHURN_COMMITTED|ON|2026-08-06 12:20"",""threshold"":0.0001,""value"":-0.0005,""since_minute_bucket_ist"":"""",""last_updated_ist"":""2026-08-06 12:20:00""}"
2026-08-06 00:00:00,2026-08-06 12:21:00,187,NIFTY,FLOW_BEARISH_BUILD,OFF,HIGH,-0.0083,Bearish build (premium-confirmed writing / resistance),"{""dedupe_key"":""NIFTY|FLOW_BEARISH_BUILD|OFF|2026-08-06 12:21"",""threshold"":0.005,""value"":-0.0083,""since_minute_bucket_ist"":""2026-08-06 12:20"",""last_updated_ist"":""2026-08-06 12:21:00""}"
2026-08-06 00:00:00,2026-08-06 12:21:00,187,NIFTY,REGIME_RANGE_PIN,OFF,LOW,0.0003,Range / pin (inside local walls),"{""dedupe_key"":""NIFTY|REGIME_RANGE_PIN|OFF|2026-08-06 12:21"",""threshold"":0.001,""value"":0.0003,""since_minute_bucket_ist"":""2026-08-06 12:20"",""last_updated_ist"":""2026-08-06 12:21:00""}"
2026-08-06 00:00:00,2026-08-06 12:21:00,187,NIFTY,REGIME_TRANSITION_UNCERTAIN,ON,LOW,1,Transition/uncertain regime,"{""dedupe_key"":""NIFTY|REGIME_TRANSITION_UNCERTAIN|ON|2026-08-06 12:21"",""threshold"":1,""value"":1,""since_minute_bucket_ist"":"""",""last_updated_ist"":""2026-08-06 12:21:00""}"
2026-08-06 00:00:00,2026-08-06 12:21:00,187,NIFTY,PIN_BASIC,ON,LOW,37.5,Spot near a local wall (pin zone),"{""dedupe_key"":""NIFTY|PIN_BASIC|ON|2026-08-06 12:21"",""threshold"":37.5,""value"":37.5,""since_minute_bucket_ist"":"""",""last_updated_ist"":""2026-08-06 12:21:00""}"
2026-08-06 00:00:00,2026-08-06 12:21:00,187,NIFTY,EXP_RANGE_BREAKOUT_CONFIRMED_DOWN,ON,HIGH,2,Expected-range breakout CONFIRMED DOWN,"{""dedupe_key"":""NIFTY|EXP_RANGE_BREAKOUT_CONFIRMED_DOWN|ON|2026-08-06 12:21"",""threshold"":2,""value"":2,""since_minute_bucket_ist"":"""",""last_updated_ist"":""2026-08-06 12:21:00""}"
2026-08-06 00:00:00,2026-08-06 12:21:00,187,NIFTY,CHURN_COMMITTED,OFF,MED,-0.0002,Price move + aligned flow (committed),"{""dedupe_key"":""NIFTY|CHURN_COMMITTED|OFF|2026-08-06 12:21"",""threshold"":0.0001,""value"":-0.0002,""since_minute_bucket_ist"":""2026-08-06 12:20"",""last_updated_ist"":""2026-08-06 12:21:00""}"
2026-08-06 00:00:00,2026-08-06 12:22:00,188,NIFTY,FLOW_BULLISH_BUILD,ON,HIGH,0.0009,Bullish build (premium-confirmed writing / support),"{""dedupe_key"":""NIFTY|FLOW_BULLISH_BUILD|ON|2026-08-06 12:22"",""threshold"":0.005,""value"":0.0009,""since_minute_bucket_ist"":"""",""last_updated_ist"":""2026-08-06 12:22:00""}"
2026-08-06 00:00:00,2026-08-06 12:22:00,188,NIFTY,OPTION_MOMENTUM_PUT,OFF,MED,0.25,ATM PUT momentum (ltp up + vol up),"{""dedupe_key"":""NIFTY|OPTION_MOMENTUM_PUT|OFF|2026-08-06 12:22"",""threshold"":1.5,""value"":0.25,""since_minute_bucket_ist"":""2026-08-06 12:20"",""last_updated_ist"":""2026-08-06 12:22:00""}"
2026-08-06 00:00:00,2026-08-06 12:23:00,189,NIFTY,FLOW_BULLISH_BUILD,OFF,HIGH,0,Bullish build (premium-confirmed writing / support),"{""dedupe_key"":""NIFTY|FLOW_BULLISH_BUILD|OFF|2026-08-06 12:23"",""threshold"":0.005,""value"":0,""since_minute_bucket_ist"":""2026-08-06 12:22"",""last_updated_ist"":""2026-08-06 12:23:00""}"
2026-08-06 00:00:00,2026-08-06 12:23:00,189,NIFTY,WALL_UNWIND_CONFIRM_DOWN,OFF,MED,0.0012,Put wall OI unwinding (5m),"{""dedupe_key"":""NIFTY|WALL_UNWIND_CONFIRM_DOWN|OFF|2026-08-06 12:23"",""threshold"":-0.006,""value"":0.0012,""since_minute_bucket_ist"":""2026-08-06 12:18"",""last_updated_ist"":""2026-08-06 12:23:00""}"
2026-08-06 00:00:00,2026-08-06 12:24:00,190,NIFTY,EXP_RANGE_BREAKOUT_WATCH_DOWN,OFF,MED,24635.2,Expected-range watch DOWN,"{""dedupe_key"":""NIFTY|EXP_RANGE_BREAKOUT_WATCH_DOWN|OFF|2026-08-06 12:24"",""threshold"":24632.06,""value"":24635.2,""since_minute_bucket_ist"":""2026-08-06 12:20"",""last_updated_ist"":""2026-08-06 12:24:00""}"
2026-08-06 00:00:00,2026-08-06 12:24:00,190,NIFTY,EXP_RANGE_BREAKOUT_CONFIRMED_DOWN,OFF,HIGH,0,Expected-range breakout CONFIRMED DOWN,"{""dedupe_key"":""NIFTY|EXP_RANGE_BREAKOUT_CONFIRMED_DOWN|OFF|2026-08-06 12:24"",""threshold"":2,""value"":0,""since_minute_bucket_ist"":""2026-08-06 12:21"",""last_updated_ist"":""2026-08-06 12:24:00""}"
2026-08-06 00:00:00,2026-08-06 12:24:00,190,NIFTY,VOL_EXPANSION,ON,MED,0.0024,Volatility expanding (straddle up),"{""dedupe_key"":""NIFTY|VOL_EXPANSION|ON|2026-08-06 12:24"",""threshold"":0.02,""value"":0.0024,""since_minute_bucket_ist"":"""",""last_updated_ist"":""2026-08-06 12:24:00""}"
2026-08-06 00:00:00,2026-08-06 12:24:00,190,NIFTY,WALL_UNWIND_CONFIRM_DOWN,ON,MED,-0.0097,Put wall OI unwinding (5m),"{""dedupe_key"":""NIFTY|WALL_UNWIND_CONFIRM_DOWN|ON|2026-08-06 12:24"",""threshold"":-0.006,""value"":-0.0097,""since_minute_bucket_ist"":"""",""last_updated_ist"":""2026-08-06 12:24:00""}"
2026-08-06 00:00:00,2026-08-06 12:24:00,190,NIFTY,STEALTH_BUILD_BEAR,ON,MED,0.0086,"Stealth bearish build (calls build, spot flat)","{""dedupe_key"":""NIFTY|STEALTH_BUILD_BEAR|ON|2026-08-06 12:24"",""threshold"":0.008,""value"":0.0086,""since_minute_bucket_ist"":"""",""last_updated_ist"":""2026-08-06 12:24:00""}"
2026-08-06 00:00:00,2026-08-06 12:25:00,191,NIFTY,REGIME_RANGE_PIN,ON,LOW,0.0002,Range / pin (inside local walls),"{""dedupe_key"":""NIFTY|REGIME_RANGE_PIN|ON|2026-08-06 12:25"",""threshold"":0.001,""value"":0.0002,""since_minute_bucket_ist"":"""",""last_updated_ist"":""2026-08-06 12:25:00""}"
2026-08-06 00:00:00,2026-08-06 12:25:00,191,NIFTY,REGIME_TRANSITION_UNCERTAIN,OFF,LOW,1,Transition/uncertain regime,"{""dedupe_key"":""NIFTY|REGIME_TRANSITION_UNCERTAIN|OFF|2026-08-06 12:25"",""threshold"":1,""value"":1,""since_minute_bucket_ist"":""2026-08-06 12:21"",""last_updated_ist"":""2026-08-06 12:25:00""}"
2026-08-06 00:00:00,2026-08-06 12:25:00,191,NIFTY,VOL_EXPANSION,OFF,MED,0.0029,Volatility expanding (straddle up),"{""dedupe_key"":""NIFTY|VOL_EXPANSION|OFF|2026-08-06 12:25"",""threshold"":0.02,""value"":0.0029,""since_minute_bucket_ist"":""2026-08-06 12:24"",""last_updated_ist"":""2026-08-06 12:25:00""}"
2026-08-06 00:00:00,2026-08-06 12:25:00,191,NIFTY,WALL_UNWIND_CONFIRM_DOWN,OFF,MED,-0.0015,Put wall OI unwinding (5m),"{""dedupe_key"":""NIFTY|WALL_UNWIND_CONFIRM_DOWN|OFF|2026-08-06 12:25"",""threshold"":-0.006,""value"":-0.0015,""since_minute_bucket_ist"":""2026-08-06 12:24"",""last_updated_ist"":""2026-08-06 12:25:00""}"
2026-08-06 00:00:00,2026-08-06 12:25:00,191,NIFTY,STEALTH_BUILD_BEAR,OFF,MED,0,"Stealth bearish build (calls build, spot flat)","{""dedupe_key"":""NIFTY|STEALTH_BUILD_BEAR|OFF|2026-08-06 12:25"",""threshold"":0.008,""value"":0,""since_minute_bucket_ist"":""2026-08-06 12:24"",""last_updated_ist"":""2026-08-06 12:25:00""}"
2026-08-06 00:00:00,2026-08-06 12:26:00,192,NIFTY,PIN_BASIC,OFF,LOW,37.5,Spot near a local wall (pin zone),"{""dedupe_key"":""NIFTY|PIN_BASIC|OFF|2026-08-06 12:26"",""threshold"":37.5,""value"":37.5,""since_minute_bucket_ist"":""2026-08-06 12:21"",""last_updated_ist"":""2026-08-06 12:26:00""}"
2026-08-06 00:00:00,2026-08-06 12:26:00,192,NIFTY,VOL_EXPANSION,ON,MED,0.0036,Volatility expanding (straddle up),"{""dedupe_key"":""NIFTY|VOL_EXPANSION|ON|2026-08-06 12:26"",""threshold"":0.02,""value"":0.0036,""since_minute_bucket_ist"":"""",""last_updated_ist"":""2026-08-06 12:26:00""}"
2026-08-06 00:00:00,2026-08-06 12:26:00,192,NIFTY,OPTION_MOMENTUM_CALL,ON,MED,3.4,ATM CALL momentum (ltp up + vol up),"{""dedupe_key"":""NIFTY|OPTION_MOMENTUM_CALL|ON|2026-08-06 12:26"",""threshold"":1.5,""value"":3.4,""since_minute_bucket_ist"":"""",""last_updated_ist"":""2026-08-06 12:26:00""}"
2026-08-06 00:00:00,2026-08-06 12:26:00,192,NIFTY,WALL_UNWIND_CONFIRM_DOWN,ON,MED,-0.0122,Put wall OI unwinding (5m),"{""dedupe_key"":""NIFTY|WALL_UNWIND_CONFIRM_DOWN|ON|2026-08-06 12:26"",""threshold"":-0.006,""value"":-0.0122,""since_minute_bucket_ist"":"""",""last_updated_ist"":""2026-08-06 12:26:00""}"
2026-08-06 00:00:00,2026-08-06 12:26:00,192,NIFTY,STEALTH_BUILD_BEAR,ON,MED,0.0105,"Stealth bearish build (calls build, spot flat)","{""dedupe_key"":""NIFTY|STEALTH_BUILD_BEAR|ON|2026-08-06 12:26"",""threshold"":0.008,""value"":0.0105,""since_minute_bucket_ist"":"""",""last_updated_ist"":""2026-08-06 12:26:00""}"
2026-08-06 00:00:00,2026-08-06 12:27:00,193,NIFTY,FLOW_BEARISH_BUILD,ON,HIGH,0.0037,Bearish build (premium-confirmed writing / resistance),"{""dedupe_key"":""NIFTY|FLOW_BEARISH_BUILD|ON|2026-08-06 12:27"",""threshold"":0.005,""value"":0.0037,""since_minute_bucket_ist"":"""",""last_updated_ist"":""2026-08-06 12:27:00""}"
2026-08-06 00:00:00,2026-08-06 12:27:00,193,NIFTY,PIN_BASIC,ON,LOW,37.5,Spot near a local wall (pin zone),"{""dedupe_key"":""NIFTY|PIN_BASIC|ON|2026-08-06 12:27"",""threshold"":37.5,""value"":37.5,""since_minute_bucket_ist"":"""",""last_updated_ist"":""2026-08-06 12:27:00""}"
2026-08-06 00:00:00,2026-08-06 12:27:00,193,NIFTY,PIN_BREAKOUT_SETUP,ON,MED,-1.1500000000014552,Pin breakout setup (wall touch + aligned flow),"{""dedupe_key"":""NIFTY|PIN_BREAKOUT_SETUP|ON|2026-08-06 12:27"",""threshold"":0,""value"":-1.1500000000014552,""since_minute_bucket_ist"":"""",""last_updated_ist"":""2026-08-06 12:27:00""}"
2026-08-06 00:00:00,2026-08-06 12:27:00,193,NIFTY,OPTION_MOMENTUM_CALL,OFF,MED,-1.45,ATM CALL momentum (ltp up + vol up),"{""dedupe_key"":""NIFTY|OPTION_MOMENTUM_CALL|OFF|2026-08-06 12:27"",""threshold"":1.5,""value"":-1.45,""since_minute_bucket_ist"":""2026-08-06 12:26"",""last_updated_ist"":""2026-08-06 12:27:00""}"
2026-08-06 00:00:00,2026-08-06 12:27:00,193,NIFTY,OPTION_MOMENTUM_PUT,ON,MED,1.85,ATM PUT momentum (ltp up + vol up),"{""dedupe_key"":""NIFTY|OPTION_MOMENTUM_PUT|ON|2026-08-06 12:27"",""threshold"":1.5,""value"":1.85,""since_minute_bucket_ist"":"""",""last_updated_ist"":""2026-08-06 12:27:00""}"
2026-08-06 00:00:00,2026-08-06 12:27:00,193,NIFTY,STEALTH_BUILD_BEAR,OFF,MED,0.0037,"Stealth bearish build (calls build, spot flat)","{""dedupe_key"":""NIFTY|STEALTH_BUILD_BEAR|OFF|2026-08-06 12:27"",""threshold"":0.008,""value"":0.0037,""since_minute_bucket_ist"":""2026-08-06 12:26"",""last_updated_ist"":""2026-08-06 12:27:00""}"
2026-08-06 00:00:00,2026-08-06 12:27:00,193,NIFTY,WALL_PRESSURE_BREAK_SETUP,ON,MED,-1.1500000000014552,Pressure building into a wall (break setup),"{""dedupe_key"":""NIFTY|WALL_PRESSURE_BREAK_SETUP|ON|2026-08-06 12:27"",""threshold"":0,""value"":-1.1500000000014552,""since_minute_bucket_ist"":"""",""last_updated_ist"":""2026-08-06 12:27:00""}"
2026-08-06 00:00:00,2026-08-06 12:28:00,194,NIFTY,TRADE_LIMIT_REACHED,ON,MED,11,Cooldown active (2m),"{""dedupe_key"":""NIFTY|TRADE_LIMIT_REACHED|ON|2026-08-06 12:28"",""threshold"":500,""value"":11,""since_minute_bucket_ist"":"""",""last_updated_ist"":""2026-08-06 12:28:00""}"
2026-08-06 00:00:00,2026-08-06 12:28:00,194,NIFTY,FLOW_BEARISH_BUILD,OFF,HIGH,0.0022,Bearish build (premium-confirmed writing / resistance),"{""dedupe_key"":""NIFTY|FLOW_BEARISH_BUILD|OFF|2026-08-06 12:28"",""threshold"":0.005,""value"":0.0022,""since_minute_bucket_ist"":""2026-08-06 12:27"",""last_updated_ist"":""2026-08-06 12:28:00""}"
2026-08-06 00:00:00,2026-08-06 12:28:00,194,NIFTY,PIN_BREAKOUT_SETUP,OFF,MED,-3.0499999999992724,Pin breakout setup (wall touch + aligned flow),"{""dedupe_key"":""NIFTY|PIN_BREAKOUT_SETUP|OFF|2026-08-06 12:28"",""threshold"":0,""value"":-3.0499999999992724,""since_minute_bucket_ist"":""2026-08-06 12:27"",""last_updated_ist"":""2026-08-06 12:28:00""}"
2026-08-06 00:00:00,2026-08-06 12:28:00,194,NIFTY,OPTION_MOMENTUM_PUT,OFF,MED,1.15,ATM PUT momentum (ltp up + vol up),"{""dedupe_key"":""NIFTY|OPTION_MOMENTUM_PUT|OFF|2026-08-06 12:28"",""threshold"":1.5,""value"":1.15,""since_minute_bucket_ist"":""2026-08-06 12:27"",""last_updated_ist"":""2026-08-06 12:28:00""}"
2026-08-06 00:00:00,2026-08-06 12:28:00,194,NIFTY,WALL_PRESSURE_BREAK_SETUP,OFF,MED,-3.0499999999992724,Pressure building into a wall (break setup),"{""dedupe_key"":""NIFTY|WALL_PRESSURE_BREAK_SETUP|OFF|2026-08-06 12:28"",""threshold"":0,""value"":-3.0499999999992724,""since_minute_bucket_ist"":""2026-08-06 12:27"",""last_updated_ist"":""2026-08-06 12:28:00""}"
2026-08-06 00:00:00,2026-08-06 12:29:00,195,NIFTY,TRADE_LIMIT_REACHED,OFF,MED,11,Cooldown active (2m),"{""dedupe_key"":""NIFTY|TRADE_LIMIT_REACHED|OFF|2026-08-06 12:29"",""threshold"":500,""value"":11,""since_minute_bucket_ist"":""2026-08-06 12:28"",""last_updated_ist"":""2026-08-06 12:29:00""}"
2026-08-06 00:00:00,2026-08-06 12:29:00,195,NIFTY,FLOW_BULLISH_BUILD,ON,HIGH,0.0034,Bullish build (premium-confirmed writing / support),"{""dedupe_key"":""NIFTY|FLOW_BULLISH_BUILD|ON|2026-08-06 12:29"",""threshold"":0.005,""value"":0.0034,""since_minute_bucket_ist"":"""",""last_updated_ist"":""2026-08-06 12:29:00""}"
2026-08-06 00:00:00,2026-08-06 12:29:00,195,NIFTY,VOL_EXPANSION,OFF,MED,0.0018,Volatility expanding (straddle up),"{""dedupe_key"":""NIFTY|VOL_EXPANSION|OFF|2026-08-06 12:29"",""threshold"":0.02,""value"":0.0018,""since_minute_bucket_ist"":""2026-08-06 12:26"",""last_updated_ist"":""2026-08-06 12:29:00""}"
2026-08-06 00:00:00,2026-08-06 12:29:00,195,NIFTY,WALL_UNWIND_CONFIRM_DOWN,OFF,MED,-0.0055,Put wall OI unwinding (5m),"{""dedupe_key"":""NIFTY|WALL_UNWIND_CONFIRM_DOWN|OFF|2026-08-06 12:29"",""threshold"":-0.006,""value"":-0.0055,""since_minute_bucket_ist"":""2026-08-06 12:26"",""last_updated_ist"":""2026-08-06 12:29:00""}"
2026-08-06 00:00:00,2026-08-06 12:30:00,196,NIFTY,FLOW_BULLISH_BUILD,OFF,HIGH,0,Bullish build (premium-confirmed writing / support),"{""dedupe_key"":""NIFTY|FLOW_BULLISH_BUILD|OFF|2026-08-06 12:30"",""threshold"":0.005,""value"":0,""since_minute_bucket_ist"":""2026-08-06 12:29"",""last_updated_ist"":""2026-08-06 12:30:00""}"
2026-08-06 00:00:00,2026-08-06 12:31:00,197,NIFTY,PIN_BASIC,OFF,LOW,37.5,Spot near a local wall (pin zone),"{""dedupe_key"":""NIFTY|PIN_BASIC|OFF|2026-08-06 12:31"",""threshold"":37.5,""value"":37.5,""since_minute_bucket_ist"":""2026-08-06 12:27"",""last_updated_ist"":""2026-08-06 12:31:00""}"
2026-08-06 00:00:00,2026-08-06 12:31:00,197,NIFTY,OPTION_MOMENTUM_CALL,ON,MED,2.55,ATM CALL momentum (ltp up + vol up),"{""dedupe_key"":""NIFTY|OPTION_MOMENTUM_CALL|ON|2026-08-06 12:31"",""threshold"":1.5,""value"":2.55,""since_minute_bucket_ist"":"""",""last_updated_ist"":""2026-08-06 12:31:00""}"
2026-08-06 00:00:00,2026-08-06 12:32:00,198,NIFTY,EXP_RANGE_BREAKOUT_WATCH_UP,ON,MED,24645.7,Expected-range watch UP,"{""dedupe_key"":""NIFTY|EXP_RANGE_BREAKOUT_WATCH_UP|ON|2026-08-06 12:32"",""threshold"":24640.87,""value"":24645.7,""since_minute_bucket_ist"":"""",""last_updated_ist"":""2026-08-06 12:32:00""}"
2026-08-06 00:00:00,2026-08-06 12:32:00,198,NIFTY,VOL_CONTRACTION,ON,LOW,-0.0049,Volatility contracting (straddle down),"{""dedupe_key"":""NIFTY|VOL_CONTRACTION|ON|2026-08-06 12:32"",""threshold"":-0.03,""value"":-0.0049,""since_minute_bucket_ist"":"""",""last_updated_ist"":""2026-08-06 12:32:00""}"
2026-08-06 00:00:00,2026-08-06 12:33:00,199,NIFTY,EXP_RANGE_BREAKOUT_WATCH_UP,OFF,MED,24640.6,Expected-range watch UP,"{""dedupe_key"":""NIFTY|EXP_RANGE_BREAKOUT_WATCH_UP|OFF|2026-08-06 12:33"",""threshold"":24641.57,""value"":24640.6,""since_minute_bucket_ist"":""2026-08-06 12:32"",""last_updated_ist"":""2026-08-06 12:33:00""}"
2026-08-06 00:00:00,2026-08-06 12:33:00,199,NIFTY,VOL_CONTRACTION,OFF,LOW,-0.0009,Volatility contracting (straddle down),"{""dedupe_key"":""NIFTY|VOL_CONTRACTION|OFF|2026-08-06 12:33"",""threshold"":-0.03,""value"":-0.0009,""since_minute_bucket_ist"":""2026-08-06 12:32"",""last_updated_ist"":""2026-08-06 12:33:00""}"
2026-08-06 00:00:00,2026-08-06 12:33:00,199,NIFTY,OPTION_MOMENTUM_CALL,OFF,MED,-1.6,ATM CALL momentum (ltp up + vol up),"{""dedupe_key"":""NIFTY|OPTION_MOMENTUM_CALL|OFF|2026-08-06 12:33"",""threshold"":1.5,""value"":-1.6,""since_minute_bucket_ist"":""2026-08-06 12:31"",""last_updated_ist"":""2026-08-06 12:33:00""}"
2026-08-06 00:00:00,2026-08-06 12:33:00,199,NIFTY,OPTION_MOMENTUM_PUT,ON,MED,2.35,ATM PUT momentum (ltp up + vol up),"{""dedupe_key"":""NIFTY|OPTION_MOMENTUM_PUT|ON|2026-08-06 12:33"",""threshold"":1.5,""value"":2.35,""since_minute_bucket_ist"":"""",""last_updated_ist"":""2026-08-06 12:33:00""}"
2026-08-06 00:00:00,2026-08-06 12:33:00,199,NIFTY,WALL_UNWIND_CONFIRM_UP,ON,MED,-0.0063,Call wall OI unwinding (5m),"{""dedupe_key"":""NIFTY|WALL_UNWIND_CONFIRM_UP|ON|2026-08-06 12:33"",""threshold"":-0.006,""value"":-0.0063,""since_minute_bucket_ist"":"""",""last_updated_ist"":""2026-08-06 12:33:00""}"
2026-08-06 00:00:00,2026-08-06 12:34:00,200,NIFTY,EXP_RANGE_BREAKOUT_WATCH_UP,ON,MED,24644.7,Expected-range watch UP,"{""dedupe_key"":""NIFTY|EXP_RANGE_BREAKOUT_WATCH_UP|ON|2026-08-06 12:34"",""threshold"":24643.16,""value"":24644.7,""since_minute_bucket_ist"":"""",""last_updated_ist"":""2026-08-06 12:34:00""}"
2026-08-06 00:00:00,2026-08-06 12:34:00,200,NIFTY,OPTION_MOMENTUM_PUT,OFF,MED,-0.95,ATM PUT momentum (ltp up + vol up),"{""dedupe_key"":""NIFTY|OPTION_MOMENTUM_PUT|OFF|2026-08-06 12:34"",""threshold"":1.5,""value"":-0.95,""since_minute_bucket_ist"":""2026-08-06 12:33"",""last_updated_ist"":""2026-08-06 12:34:00""}"
2026-08-06 00:00:00,2026-08-06 12:34:00,200,NIFTY,WALL_UNWIND_CONFIRM_UP,OFF,MED,-0.0054,Call wall OI unwinding (5m),"{""dedupe_key"":""NIFTY|WALL_UNWIND_CONFIRM_UP|OFF|2026-08-06 12:34"",""threshold"":-0.006,""value"":-0.0054,""since_minute_bucket_ist"":""2026-08-06 12:33"",""last_updated_ist"":""2026-08-06 12:34:00""}"
2026-08-06 00:00:00,2026-08-06 12:34:00,200,NIFTY,WALL_UNWIND_CONFIRM_DOWN,ON,MED,-0.0064,Put wall OI unwinding (5m),"{""dedupe_key"":""NIFTY|WALL_UNWIND_CONFIRM_DOWN|ON|2026-08-06 12:34"",""threshold"":-0.006,""value"":-0.0064,""since_minute_bucket_ist"":"""",""last_updated_ist"":""2026-08-06 12:34:00""}"
2026-08-06 00:00:00,2026-08-06 12:35:00,201,NIFTY,EXP_RANGE_BREAKOUT_CONFIRMED_UP,ON,HIGH,2,Expected-range breakout CONFIRMED UP,"{""dedupe_key"":""NIFTY|EXP_RANGE_BREAKOUT_CONFIRMED_UP|ON|2026-08-06 12:35"",""threshold"":2,""value"":2,""since_minute_bucket_ist"":"""",""last_updated_ist"":""2026-08-06 12:35:00""}"
2026-08-06 00:00:00,2026-08-06 12:36:00,202,NIFTY,FLOW_BULLISH_BUILD,ON,HIGH,0.0022,Bullish build (premium-confirmed writing / support),"{""dedupe_key"":""NIFTY|FLOW_BULLISH_BUILD|ON|2026-08-06 12:36"",""threshold"":0.005,""value"":0.0022,""since_minute_bucket_ist"":"""",""last_updated_ist"":""2026-08-06 12:36:00""}"
2026-08-06 00:00:00,2026-08-06 12:36:00,202,NIFTY,VOL_CONTRACTION,ON,LOW,-0.0013,Volatility contracting (straddle down),"{""dedupe_key"":""NIFTY|VOL_CONTRACTION|ON|2026-08-06 12:36"",""threshold"":-0.03,""value"":-0.0013,""since_minute_bucket_ist"":"""",""last_updated_ist"":""2026-08-06 12:36:00""}"
2026-08-06 00:00:00,2026-08-06 12:36:00,202,NIFTY,OPTION_MOMENTUM_CALL,ON,MED,2.8,ATM CALL momentum (ltp up + vol up),"{""dedupe_key"":""NIFTY|OPTION_MOMENTUM_CALL|ON|2026-08-06 12:36"",""threshold"":1.5,""value"":2.8,""since_minute_bucket_ist"":"""",""last_updated_ist"":""2026-08-06 12:36:00""}"
2026-08-06 00:00:00,2026-08-06 12:36:00,202,NIFTY,WALL_UNWIND_CONFIRM_DOWN,OFF,MED,-0.0032,Put wall OI unwinding (5m),"{""dedupe_key"":""NIFTY|WALL_UNWIND_CONFIRM_DOWN|OFF|2026-08-06 12:36"",""threshold"":-0.006,""value"":-0.0032,""since_minute_bucket_ist"":""2026-08-06 12:34"",""last_updated_ist"":""2026-08-06 12:36:00""}"
2026-08-06 00:00:00,2026-08-06 12:36:00,202,NIFTY,CHURN_COMMITTED,ON,MED,0.0001,Price move + aligned flow (committed),"{""dedupe_key"":""NIFTY|CHURN_COMMITTED|ON|2026-08-06 12:36"",""threshold"":0.0001,""value"":0.0001,""since_minute_bucket_ist"":"""",""last_updated_ist"":""2026-08-06 12:36:00""}"
2026-08-06 00:00:00,2026-08-06 12:37:00,203,NIFTY,FLOW_BULLISH_BUILD,OFF,HIGH,0.0021,Bullish build (premium-confirmed writing / support),"{""dedupe_key"":""NIFTY|FLOW_BULLISH_BUILD|OFF|2026-08-06 12:37"",""threshold"":0.005,""value"":0.0021,""since_minute_bucket_ist"":""2026-08-06 12:36"",""last_updated_ist"":""2026-08-06 12:37:00""}"
2026-08-06 00:00:00,2026-08-06 12:37:00,203,NIFTY,EXP_RANGE_BREAKOUT_WATCH_UP,OFF,MED,24643.75,Expected-range watch UP,"{""dedupe_key"":""NIFTY|EXP_RANGE_BREAKOUT_WATCH_UP|OFF|2026-08-06 12:37"",""threshold"":24646.93,""value"":24643.75,""since_minute_bucket_ist"":""2026-08-06 12:34"",""last_updated_ist"":""2026-08-06 12:37:00""}"
2026-08-06 00:00:00,2026-08-06 12:37:00,203,NIFTY,EXP_RANGE_BREAKOUT_CONFIRMED_UP,OFF,HIGH,0,Expected-range breakout CONFIRMED UP,"{""dedupe_key"":""NIFTY|EXP_RANGE_BREAKOUT_CONFIRMED_UP|OFF|2026-08-06 12:37"",""threshold"":2,""value"":0,""since_minute_bucket_ist"":""2026-08-06 12:35"",""last_updated_ist"":""2026-08-06 12:37:00""}"
2026-08-06 00:00:00,2026-08-06 12:37:00,203,NIFTY,VOL_CONTRACTION,OFF,LOW,-0.0016,Volatility contracting (straddle down),"{""dedupe_key"":""NIFTY|VOL_CONTRACTION|OFF|2026-08-06 12:37"",""threshold"":-0.03,""value"":-0.0016,""since_minute_bucket_ist"":""2026-08-06 12:36"",""last_updated_ist"":""2026-08-06 12:37:00""}"
2026-08-06 00:00:00,2026-08-06 12:37:00,203,NIFTY,OPTION_MOMENTUM_CALL,OFF,MED,-1.5,ATM CALL momentum (ltp up + vol up),"{""dedupe_key"":""NIFTY|OPTION_MOMENTUM_CALL|OFF|2026-08-06 12:37"",""threshold"":1.5,""value"":-1.5,""since_minute_bucket_ist"":""2026-08-06 12:36"",""last_updated_ist"":""2026-08-06 12:37:00""}"
2026-08-06 00:00:00,2026-08-06 12:37:00,203,NIFTY,OPTION_MOMENTUM_PUT,ON,MED,2.15,ATM PUT momentum (ltp up + vol up),"{""dedupe_key"":""NIFTY|OPTION_MOMENTUM_PUT|ON|2026-08-06 12:37"",""threshold"":1.5,""value"":2.15,""since_minute_bucket_ist"":"""",""last_updated_ist"":""2026-08-06 12:37:00""}"
2026-08-06 00:00:00,2026-08-06 12:37:00,203,NIFTY,WALL_UNWIND_CONFIRM_UP,ON,MED,-0.0113,Call wall OI unwinding (5m),"{""dedupe_key"":""NIFTY|WALL_UNWIND_CONFIRM_UP|ON|2026-08-06 12:37"",""threshold"":-0.006,""value"":-0.0113,""since_minute_bucket_ist"":"""",""last_updated_ist"":""2026-08-06 12:37:00""}"
2026-08-06 00:00:00,2026-08-06 12:37:00,203,NIFTY,CHURN_COMMITTED,OFF,MED,-0.0002,Price move + aligned flow (committed),"{""dedupe_key"":""NIFTY|CHURN_COMMITTED|OFF|2026-08-06 12:37"",""threshold"":0.0001,""value"":-0.0002,""since_minute_bucket_ist"":""2026-08-06 12:36"",""last_updated_ist"":""2026-08-06 12:37:00""}"
2026-08-06 00:00:00,2026-08-06 12:38:00,204,NIFTY,VOL_CONTRACTION,ON,LOW,-0.0024,Volatility contracting (straddle down),"{""dedupe_key"":""NIFTY|VOL_CONTRACTION|ON|2026-08-06 12:38"",""threshold"":-0.03,""value"":-0.0024,""since_minute_bucket_ist"":"""",""last_updated_ist"":""2026-08-06 12:38:00""}"
2026-08-06 00:00:00,2026-08-06 12:38:00,204,NIFTY,OPTION_MOMENTUM_PUT,OFF,MED,1.3,ATM PUT momentum (ltp up + vol up),"{""dedupe_key"":""NIFTY|OPTION_MOMENTUM_PUT|OFF|2026-08-06 12:38"",""threshold"":1.5,""value"":1.3,""since_minute_bucket_ist"":""2026-08-06 12:37"",""last_updated_ist"":""2026-08-06 12:38:00""}"
2026-08-06 00:00:00,2026-08-06 12:38:00,204,NIFTY,WALL_UNWIND_CONFIRM_UP,OFF,MED,-0.0059,Call wall OI unwinding (5m),"{""dedupe_key"":""NIFTY|WALL_UNWIND_CONFIRM_UP|OFF|2026-08-06 12:38"",""threshold"":-0.006,""value"":-0.0059,""since_minute_bucket_ist"":""2026-08-06 12:37"",""last_updated_ist"":""2026-08-06 12:38:00""}"
2026-08-06 00:00:00,2026-08-06 12:39:00,205,NIFTY,VOL_CONTRACTION,OFF,LOW,0.0011,Volatility contracting (straddle down),"{""dedupe_key"":""NIFTY|VOL_CONTRACTION|OFF|2026-08-06 12:39"",""threshold"":-0.03,""value"":0.0011,""since_minute_bucket_ist"":""2026-08-06 12:38"",""last_updated_ist"":""2026-08-06 12:39:00""}"
2026-08-06 00:00:00,2026-08-06 12:41:00,207,NIFTY,VOL_EXPANSION,ON,MED,0.0024,Volatility expanding (straddle up),"{""dedupe_key"":""NIFTY|VOL_EXPANSION|ON|2026-08-06 12:41"",""threshold"":0.02,""value"":0.0024,""since_minute_bucket_ist"":"""",""last_updated_ist"":""2026-08-06 12:41:00""}"
2026-08-06 00:00:00,2026-08-06 12:41:00,207,NIFTY,OPTION_MOMENTUM_PUT,ON,MED,2.25,ATM PUT momentum (ltp up + vol up),"{""dedupe_key"":""NIFTY|OPTION_MOMENTUM_PUT|ON|2026-08-06 12:41"",""threshold"":1.5,""value"":2.25,""since_minute_bucket_ist"":"""",""last_updated_ist"":""2026-08-06 12:41:00""}"
2026-08-06 00:00:00,2026-08-06 12:42:00,208,NIFTY,VOL_EXPANSION,OFF,MED,0.0031,Volatility expanding (straddle up),"{""dedupe_key"":""NIFTY|VOL_EXPANSION|OFF|2026-08-06 12:42"",""threshold"":0.02,""value"":0.0031,""since_minute_bucket_ist"":""2026-08-06 12:41"",""last_updated_ist"":""2026-08-06 12:42:00""}"
2026-08-06 00:00:00,2026-08-06 12:42:00,208,NIFTY,OPTION_MOMENTUM_PUT,OFF,MED,-0.65,ATM PUT momentum (ltp up + vol up),"{""dedupe_key"":""NIFTY|OPTION_MOMENTUM_PUT|OFF|2026-08-06 12:42"",""threshold"":1.5,""value"":-0.65,""since_minute_bucket_ist"":""2026-08-06 12:41"",""last_updated_ist"":""2026-08-06 12:42:00""}"
2026-08-06 00:00:00,2026-08-06 12:44:00,210,NIFTY,VOL_CONTRACTION,ON,LOW,-0.0033,Volatility contracting (straddle down),"{""dedupe_key"":""NIFTY|VOL_CONTRACTION|ON|2026-08-06 12:44"",""threshold"":-0.03,""value"":-0.0033,""since_minute_bucket_ist"":"""",""last_updated_ist"":""2026-08-06 12:44:00""}"
2026-08-06 00:00:00,2026-08-06 12:45:00,211,NIFTY,VOL_CONTRACTION,OFF,LOW,-0.0034,Volatility contracting (straddle down),"{""dedupe_key"":""NIFTY|VOL_CONTRACTION|OFF|2026-08-06 12:45"",""threshold"":-0.03,""value"":-0.0034,""since_minute_bucket_ist"":""2026-08-06 12:44"",""last_updated_ist"":""2026-08-06 12:45:00""}"
2026-08-06 00:00:00,2026-08-06 12:48:00,214,NIFTY,FLOW_BEARISH_BUILD,ON,HIGH,0.0031,Bearish build (premium-confirmed writing / resistance),"{""dedupe_key"":""NIFTY|FLOW_BEARISH_BUILD|ON|2026-08-06 12:48"",""threshold"":0.005,""value"":0.0031,""since_minute_bucket_ist"":"""",""last_updated_ist"":""2026-08-06 12:48:00""}"
2026-08-06 00:00:00,2026-08-06 12:48:00,214,NIFTY,VOL_CONTRACTION,ON,LOW,-0.0011,Volatility contracting (straddle down),"{""dedupe_key"":""NIFTY|VOL_CONTRACTION|ON|2026-08-06 12:48"",""threshold"":-0.03,""value"":-0.0011,""since_minute_bucket_ist"":"""",""last_updated_ist"":""2026-08-06 12:48:00""}"
2026-08-06 00:00:00,2026-08-06 12:48:00,214,NIFTY,CHURN_COMMITTED,ON,MED,-0.0001,Price move + aligned flow (committed),"{""dedupe_key"":""NIFTY|CHURN_COMMITTED|ON|2026-08-06 12:48"",""threshold"":0.0001,""value"":-0.0001,""since_minute_bucket_ist"":"""",""last_updated_ist"":""2026-08-06 12:48:00""}"
2026-08-06 00:00:00,2026-08-06 12:49:00,215,NIFTY,FLOW_BEARISH_BUILD,OFF,HIGH,0,Bearish build (premium-confirmed writing / resistance),"{""dedupe_key"":""NIFTY|FLOW_BEARISH_BUILD|OFF|2026-08-06 12:49"",""threshold"":0.005,""value"":0,""since_minute_bucket_ist"":""2026-08-06 12:48"",""last_updated_ist"":""2026-08-06 12:49:00""}"
2026-08-06 00:00:00,2026-08-06 12:49:00,215,NIFTY,CHURN_COMMITTED,OFF,MED,0,Price move + aligned flow (committed),"{""dedupe_key"":""NIFTY|CHURN_COMMITTED|OFF|2026-08-06 12:49"",""threshold"":0.0001,""value"":0,""since_minute_bucket_ist"":""2026-08-06 12:48"",""last_updated_ist"":""2026-08-06 12:49:00""}"
2026-08-06 00:00:00,2026-08-06 12:50:00,216,NIFTY,FLOW_BEARISH_BUILD,ON,HIGH,0.0003,Bearish build (premium-confirmed writing / resistance),"{""dedupe_key"":""NIFTY|FLOW_BEARISH_BUILD|ON|2026-08-06 12:50"",""threshold"":0.005,""value"":0.0003,""since_minute_bucket_ist"":"""",""last_updated_ist"":""2026-08-06 12:50:00""}"
2026-08-06 00:00:00,2026-08-06 12:50:00,216,NIFTY,PIN_BASIC,ON,LOW,37.5,Spot near a local wall (pin zone),"{""dedupe_key"":""NIFTY|PIN_BASIC|ON|2026-08-06 12:50"",""threshold"":37.5,""value"":37.5,""since_minute_bucket_ist"":"""",""last_updated_ist"":""2026-08-06 12:50:00""}"
2026-08-06 00:00:00,2026-08-06 12:50:00,216,NIFTY,PIN_BREAKOUT_SETUP,ON,MED,-3.25,Pin breakout setup (wall touch + aligned flow),"{""dedupe_key"":""NIFTY|PIN_BREAKOUT_SETUP|ON|2026-08-06 12:50"",""threshold"":0,""value"":-3.25,""since_minute_bucket_ist"":"""",""last_updated_ist"":""2026-08-06 12:50:00""}"
2026-08-06 00:00:00,2026-08-06 12:50:00,216,NIFTY,EXP_RANGE_BREAKOUT_WATCH_DOWN,ON,MED,24637.1,Expected-range watch DOWN,"{""dedupe_key"":""NIFTY|EXP_RANGE_BREAKOUT_WATCH_DOWN|ON|2026-08-06 12:50"",""threshold"":24638.85,""value"":24637.1,""since_minute_bucket_ist"":"""",""last_updated_ist"":""2026-08-06 12:50:00""}"
2026-08-06 00:00:00,2026-08-06 12:50:00,216,NIFTY,VOL_CONTRACTION,OFF,LOW,-0.0009,Volatility contracting (straddle down),"{""dedupe_key"":""NIFTY|VOL_CONTRACTION|OFF|2026-08-06 12:50"",""threshold"":-0.03,""value"":-0.0009,""since_minute_bucket_ist"":""2026-08-06 12:48"",""last_updated_ist"":""2026-08-06 12:50:00""}"
2026-08-06 00:00:00,2026-08-06 12:50:00,216,NIFTY,OPTION_MOMENTUM_PUT,ON,MED,1.6,ATM PUT momentum (ltp up + vol up),"{""dedupe_key"":""NIFTY|OPTION_MOMENTUM_PUT|ON|2026-08-06 12:50"",""threshold"":1.5,""value"":1.6,""since_minute_bucket_ist"":"""",""last_updated_ist"":""2026-08-06 12:50:00""}"
2026-08-06 00:00:00,2026-08-06 12:50:00,216,NIFTY,CHURN_COMMITTED,ON,MED,-0.0001,Price move + aligned flow (committed),"{""dedupe_key"":""NIFTY|CHURN_COMMITTED|ON|2026-08-06 12:50"",""threshold"":0.0001,""value"":-0.0001,""since_minute_bucket_ist"":"""",""last_updated_ist"":""2026-08-06 12:50:00""}"
2026-08-06 00:00:00,2026-08-06 12:50:00,216,NIFTY,WALL_PRESSURE_BREAK_SETUP,ON,MED,-3.25,Pressure building into a wall (break setup),"{""dedupe_key"":""NIFTY|WALL_PRESSURE_BREAK_SETUP|ON|2026-08-06 12:50"",""threshold"":0,""value"":-3.25,""since_minute_bucket_ist"":"""",""last_updated_ist"":""2026-08-06 12:50:00""}"
2026-08-06 00:00:00,2026-08-06 12:51:00,217,NIFTY,FLOW_BEARISH_BUILD,OFF,HIGH,-0.0018,Bearish build (premium-confirmed writing / resistance),"{""dedupe_key"":""NIFTY|FLOW_BEARISH_BUILD|OFF|2026-08-06 12:51"",""threshold"":0.005,""value"":-0.0018,""since_minute_bucket_ist"":""2026-08-06 12:50"",""last_updated_ist"":""2026-08-06 12:51:00""}"
2026-08-06 00:00:00,2026-08-06 12:51:00,217,NIFTY,PIN_BREAKOUT_SETUP,OFF,MED,-0.1499999999978172,Pin breakout setup (wall touch + aligned flow),"{""dedupe_key"":""NIFTY|PIN_BREAKOUT_SETUP|OFF|2026-08-06 12:51"",""threshold"":0,""value"":-0.1499999999978172,""since_minute_bucket_ist"":""2026-08-06 12:50"",""last_updated_ist"":""2026-08-06 12:51:00""}"
2026-08-06 00:00:00,2026-08-06 12:51:00,217,NIFTY,EXP_RANGE_BREAKOUT_CONFIRMED_DOWN,ON,HIGH,2,Expected-range breakout CONFIRMED DOWN,"{""dedupe_key"":""NIFTY|EXP_RANGE_BREAKOUT_CONFIRMED_DOWN|ON|2026-08-06 12:51"",""threshold"":2,""value"":2,""since_minute_bucket_ist"":"""",""last_updated_ist"":""2026-08-06 12:51:00""}"
2026-08-06 00:00:00,2026-08-06 12:51:00,217,NIFTY,CHURN_COMMITTED,OFF,MED,0,Price move + aligned flow (committed),"{""dedupe_key"":""NIFTY|CHURN_COMMITTED|OFF|2026-08-06 12:51"",""threshold"":0.0001,""value"":0,""since_minute_bucket_ist"":""2026-08-06 12:50"",""last_updated_ist"":""2026-08-06 12:51:00""}"
2026-08-06 00:00:00,2026-08-06 12:51:00,217,NIFTY,WALL_PRESSURE_BREAK_SETUP,OFF,MED,-0.1499999999978172,Pressure building into a wall (break setup),"{""dedupe_key"":""NIFTY|WALL_PRESSURE_BREAK_SETUP|OFF|2026-08-06 12:51"",""threshold"":0,""value"":-0.1499999999978172,""since_minute_bucket_ist"":""2026-08-06 12:50"",""last_updated_ist"":""2026-08-06 12:51:00""}"
2026-08-06 00:00:00,2026-08-06 12:52:00,218,NIFTY,VOL_EXPANSION,ON,MED,0.0031,Volatility expanding (straddle up),"{""dedupe_key"":""NIFTY|VOL_EXPANSION|ON|2026-08-06 12:52"",""threshold"":0.02,""value"":0.0031,""since_minute_bucket_ist"":"""",""last_updated_ist"":""2026-08-06 12:52:00""}"
2026-08-06 00:00:00,2026-08-06 12:52:00,218,NIFTY,OPTION_MOMENTUM_PUT,OFF,MED,0,ATM PUT momentum (ltp up + vol up),"{""dedupe_key"":""NIFTY|OPTION_MOMENTUM_PUT|OFF|2026-08-06 12:52"",""threshold"":1.5,""value"":0,""since_minute_bucket_ist"":""2026-08-06 12:50"",""last_updated_ist"":""2026-08-06 12:52:00""}"
2026-08-06 00:00:00,2026-08-06 12:53:00,219,NIFTY,FLOW_BEARISH_BUILD,ON,HIGH,0.0015,Bearish build (premium-confirmed writing / resistance),"{""dedupe_key"":""NIFTY|FLOW_BEARISH_BUILD|ON|2026-08-06 12:53"",""threshold"":0.005,""value"":0.0015,""since_minute_bucket_ist"":"""",""last_updated_ist"":""2026-08-06 12:53:00""}"
2026-08-06 00:00:00,2026-08-06 12:53:00,219,NIFTY,PIN_BREAKOUT_SETUP,ON,MED,-2.4500000000007276,Pin breakout setup (wall touch + aligned flow),"{""dedupe_key"":""NIFTY|PIN_BREAKOUT_SETUP|ON|2026-08-06 12:53"",""threshold"":0,""value"":-2.4500000000007276,""since_minute_bucket_ist"":"""",""last_updated_ist"":""2026-08-06 12:53:00""}"
2026-08-06 00:00:00,2026-08-06 12:53:00,219,NIFTY,WALL_PRESSURE_BREAK_SETUP,ON,MED,-2.4500000000007276,Pressure building into a wall (break setup),"{""dedupe_key"":""NIFTY|WALL_PRESSURE_BREAK_SETUP|ON|2026-08-06 12:53"",""threshold"":0,""value"":-2.4500000000007276,""since_minute_bucket_ist"":"""",""last_updated_ist"":""2026-08-06 12:53:00""}"
2026-08-06 00:00:00,2026-08-06 12:54:00,220,NIFTY,FLOW_BEARISH_BUILD,OFF,HIGH,0,Bearish build (premium-confirmed writing / resistance),"{""dedupe_key"":""NIFTY|FLOW_BEARISH_BUILD|OFF|2026-08-06 12:54"",""threshold"":0.005,""value"":0,""since_minute_bucket_ist"":""2026-08-06 12:53"",""last_updated_ist"":""2026-08-06 12:54:00""}"
2026-08-06 00:00:00,2026-08-06 12:54:00,220,NIFTY,PIN_BREAKOUT_SETUP,OFF,MED,0,Pin breakout setup (wall touch + aligned flow),"{""dedupe_key"":""NIFTY|PIN_BREAKOUT_SETUP|OFF|2026-08-06 12:54"",""threshold"":0,""value"":0,""since_minute_bucket_ist"":""2026-08-06 12:53"",""last_updated_ist"":""2026-08-06 12:54:00""}"
2026-08-06 00:00:00,2026-08-06 12:54:00,220,NIFTY,WALL_PRESSURE_BREAK_SETUP,OFF,MED,0,Pressure building into a wall (break setup),"{""dedupe_key"":""NIFTY|WALL_PRESSURE_BREAK_SETUP|OFF|2026-08-06 12:54"",""threshold"":0,""value"":0,""since_minute_bucket_ist"":""2026-08-06 12:53"",""last_updated_ist"":""2026-08-06 12:54:00""}"
2026-08-06 00:00:00,2026-08-06 12:55:00,221,NIFTY,FLOW_BEARISH_BUILD,ON,HIGH,0.0025,Bearish build (premium-confirmed writing / resistance),"{""dedupe_key"":""NIFTY|FLOW_BEARISH_BUILD|ON|2026-08-06 12:55"",""threshold"":0.005,""value"":0.0025,""since_minute_bucket_ist"":"""",""last_updated_ist"":""2026-08-06 12:55:00""}"
2026-08-06 00:00:00,2026-08-06 12:55:00,221,NIFTY,PIN_BREAKOUT_SETUP,ON,MED,-3.2000000000007276,Pin breakout setup (wall touch + aligned flow),"{""dedupe_key"":""NIFTY|PIN_BREAKOUT_SETUP|ON|2026-08-06 12:55"",""threshold"":0,""value"":-3.2000000000007276,""since_minute_bucket_ist"":"""",""last_updated_ist"":""2026-08-06 12:55:00""}"
2026-08-06 00:00:00,2026-08-06 12:55:00,221,NIFTY,WALL_UNWIND_CONFIRM_DOWN,ON,MED,-0.0073,Put wall OI unwinding (5m),"{""dedupe_key"":""NIFTY|WALL_UNWIND_CONFIRM_DOWN|ON|2026-08-06 12:55"",""threshold"":-0.006,""value"":-0.0073,""since_minute_bucket_ist"":"""",""last_updated_ist"":""2026-08-06 12:55:00""}"
2026-08-06 00:00:00,2026-08-06 12:55:00,221,NIFTY,CHURN_COMMITTED,ON,MED,-0.0001,Price move + aligned flow (committed),"{""dedupe_key"":""NIFTY|CHURN_COMMITTED|ON|2026-08-06 12:55"",""threshold"":0.0001,""value"":-0.0001,""since_minute_bucket_ist"":"""",""last_updated_ist"":""2026-08-06 12:55:00""}"
2026-08-06 00:00:00,2026-08-06 12:55:00,221,NIFTY,WALL_PRESSURE_BREAK_SETUP,ON,MED,-3.2000000000007276,Pressure building into a wall (break setup),"{""dedupe_key"":""NIFTY|WALL_PRESSURE_BREAK_SETUP|ON|2026-08-06 12:55"",""threshold"":0,""value"":-3.2000000000007276,""since_minute_bucket_ist"":"""",""last_updated_ist"":""2026-08-06 12:55:00""}"
2026-08-06 00:00:00,2026-08-06 12:56:00,222,NIFTY,OPTION_MOMENTUM_PUT,ON,MED,2.9,ATM PUT momentum (ltp up + vol up),"{""dedupe_key"":""NIFTY|OPTION_MOMENTUM_PUT|ON|2026-08-06 12:56"",""threshold"":1.5,""value"":2.9,""since_minute_bucket_ist"":"""",""last_updated_ist"":""2026-08-06 12:56:00""}"
2026-08-06 00:00:00,2026-08-06 12:57:00,223,NIFTY,TRADE_LIMIT_REACHED,ON,MED,12,Cooldown active (2m),"{""dedupe_key"":""NIFTY|TRADE_LIMIT_REACHED|ON|2026-08-06 12:57"",""threshold"":500,""value"":12,""since_minute_bucket_ist"":"""",""last_updated_ist"":""2026-08-06 12:57:00""}"
2026-08-06 00:00:00,2026-08-06 12:57:00,223,NIFTY,PIN_BREAKOUT_SETUP,OFF,MED,1.5999999999985448,Pin breakout setup (wall touch + aligned flow),"{""dedupe_key"":""NIFTY|PIN_BREAKOUT_SETUP|OFF|2026-08-06 12:57"",""threshold"":0,""value"":1.5999999999985448,""since_minute_bucket_ist"":""2026-08-06 12:55"",""last_updated_ist"":""2026-08-06 12:57:00""}"
2026-08-06 00:00:00,2026-08-06 12:57:00,223,NIFTY,OPTION_MOMENTUM_PUT,OFF,MED,1.25,ATM PUT momentum (ltp up + vol up),"{""dedupe_key"":""NIFTY|OPTION_MOMENTUM_PUT|OFF|2026-08-06 12:57"",""threshold"":1.5,""value"":1.25,""since_minute_bucket_ist"":""2026-08-06 12:56"",""last_updated_ist"":""2026-08-06 12:57:00""}"
2026-08-06 00:00:00,2026-08-06 12:57:00,223,NIFTY,CHURN_COMMITTED,OFF,MED,0.0001,Price move + aligned flow (committed),"{""dedupe_key"":""NIFTY|CHURN_COMMITTED|OFF|2026-08-06 12:57"",""threshold"":0.0001,""value"":0.0001,""since_minute_bucket_ist"":""2026-08-06 12:55"",""last_updated_ist"":""2026-08-06 12:57:00""}"
2026-08-06 00:00:00,2026-08-06 12:57:00,223,NIFTY,WALL_PRESSURE_BREAK_SETUP,OFF,MED,1.5999999999985448,Pressure building into a wall (break setup),"{""dedupe_key"":""NIFTY|WALL_PRESSURE_BREAK_SETUP|OFF|2026-08-06 12:57"",""threshold"":0,""value"":1.5999999999985448,""since_minute_bucket_ist"":""2026-08-06 12:55"",""last_updated_ist"":""2026-08-06 12:57:00""}"
2026-08-06 00:00:00,2026-08-06 12:58:00,224,NIFTY,FLOW_BEARISH_BUILD,OFF,HIGH,0,Bearish build (premium-confirmed writing / resistance),"{""dedupe_key"":""NIFTY|FLOW_BEARISH_BUILD|OFF|2026-08-06 12:58"",""threshold"":0.005,""value"":0,""since_minute_bucket_ist"":""2026-08-06 12:55"",""last_updated_ist"":""2026-08-06 12:58:00""}"
2026-08-06 00:00:00,2026-08-06 12:58:00,224,NIFTY,EXP_RANGE_BREAKOUT_WATCH_DOWN,OFF,MED,24628.5,Expected-range watch DOWN,"{""dedupe_key"":""NIFTY|EXP_RANGE_BREAKOUT_WATCH_DOWN|OFF|2026-08-06 12:58"",""threshold"":24628.05,""value"":24628.5,""since_minute_bucket_ist"":""2026-08-06 12:50"",""last_updated_ist"":""2026-08-06 12:58:00""}"
2026-08-06 00:00:00,2026-08-06 12:58:00,224,NIFTY,EXP_RANGE_BREAKOUT_CONFIRMED_DOWN,OFF,HIGH,0,Expected-range breakout CONFIRMED DOWN,"{""dedupe_key"":""NIFTY|EXP_RANGE_BREAKOUT_CONFIRMED_DOWN|OFF|2026-08-06 12:58"",""threshold"":2,""value"":0,""since_minute_bucket_ist"":""2026-08-06 12:51"",""last_updated_ist"":""2026-08-06 12:58:00""}"
2026-08-06 00:00:00,2026-08-06 12:59:00,225,NIFTY,TRADE_LIMIT_REACHED,OFF,MED,12,Cooldown active (2m),"{""dedupe_key"":""NIFTY|TRADE_LIMIT_REACHED|OFF|2026-08-06 12:59"",""threshold"":500,""value"":12,""since_minute_bucket_ist"":""2026-08-06 12:57"",""last_updated_ist"":""2026-08-06 12:59:00""}"
2026-08-06 00:00:00,2026-08-06 12:59:00,225,NIFTY,VOL_EXPANSION,OFF,MED,0.0005,Volatility expanding (straddle up),"{""dedupe_key"":""NIFTY|VOL_EXPANSION|OFF|2026-08-06 12:59"",""threshold"":0.02,""value"":0.0005,""since_minute_bucket_ist"":""2026-08-06 12:52"",""last_updated_ist"":""2026-08-06 12:59:00""}"
2026-08-06 00:00:00,2026-08-06 12:59:00,225,NIFTY,OPTION_MOMENTUM_CALL,ON,MED,3.55,ATM CALL momentum (ltp up + vol up),"{""dedupe_key"":""NIFTY|OPTION_MOMENTUM_CALL|ON|2026-08-06 12:59"",""threshold"":1.5,""value"":3.55,""since_minute_bucket_ist"":"""",""last_updated_ist"":""2026-08-06 12:59:00""}"
2026-08-06 00:00:00,2026-08-06 13:00:00,226,NIFTY,FLOW_BEARISH_BUILD,ON,HIGH,0.0045,Bearish build (premium-confirmed writing / resistance),"{""dedupe_key"":""NIFTY|FLOW_BEARISH_BUILD|ON|2026-08-06 13:00"",""threshold"":0.005,""value"":0.0045,""since_minute_bucket_ist"":"""",""last_updated_ist"":""2026-08-06 13:00:00""}"
2026-08-06 00:00:00,2026-08-06 13:00:00,226,NIFTY,VOL_EXPANSION,ON,MED,0.0009,Volatility expanding (straddle up),"{""dedupe_key"":""NIFTY|VOL_EXPANSION|ON|2026-08-06 13:00"",""threshold"":0.02,""value"":0.0009,""since_minute_bucket_ist"":"""",""last_updated_ist"":""2026-08-06 13:00:00""}"
2026-08-06 00:00:00,2026-08-06 13:00:00,226,NIFTY,OPTION_MOMENTUM_CALL,OFF,MED,-1.65,ATM CALL momentum (ltp up + vol up),"{""dedupe_key"":""NIFTY|OPTION_MOMENTUM_CALL|OFF|2026-08-06 13:00"",""threshold"":1.5,""value"":-1.65,""since_minute_bucket_ist"":""2026-08-06 12:59"",""last_updated_ist"":""2026-08-06 13:00:00""}"
2026-08-06 00:00:00,2026-08-06 13:00:00,226,NIFTY,OPTION_MOMENTUM_PUT,ON,MED,2.65,ATM PUT momentum (ltp up + vol up),"{""dedupe_key"":""NIFTY|OPTION_MOMENTUM_PUT|ON|2026-08-06 13:00"",""threshold"":1.5,""value"":2.65,""since_minute_bucket_ist"":"""",""last_updated_ist"":""2026-08-06 13:00:00""}"
2026-08-06 00:00:00,2026-08-06 13:01:00,227,NIFTY,FLOW_BEARISH_BUILD,OFF,HIGH,0,Bearish build (premium-confirmed writing / resistance),"{""dedupe_key"":""NIFTY|FLOW_BEARISH_BUILD|OFF|2026-08-06 13:01"",""threshold"":0.005,""value"":0,""since_minute_bucket_ist"":""2026-08-06 13:00"",""last_updated_ist"":""2026-08-06 13:01:00""}"
2026-08-06 00:00:00,2026-08-06 13:01:00,227,NIFTY,OPTION_MOMENTUM_PUT,OFF,MED,0,ATM PUT momentum (ltp up + vol up),"{""dedupe_key"":""NIFTY|OPTION_MOMENTUM_PUT|OFF|2026-08-06 13:01"",""threshold"":1.5,""value"":0,""since_minute_bucket_ist"":""2026-08-06 13:00"",""last_updated_ist"":""2026-08-06 13:01:00""}"
2026-08-06 00:00:00,2026-08-06 13:02:00,228,NIFTY,VOL_EXPANSION,OFF,MED,-0.0011,Volatility expanding (straddle up),"{""dedupe_key"":""NIFTY|VOL_EXPANSION|OFF|2026-08-06 13:02"",""threshold"":0.02,""value"":-0.0011,""since_minute_bucket_ist"":""2026-08-06 13:00"",""last_updated_ist"":""2026-08-06 13:02:00""}"
2026-08-06 00:00:00,2026-08-06 13:02:00,228,NIFTY,WALL_UNWIND_CONFIRM_DOWN,OFF,MED,-0.0013,Put wall OI unwinding (5m),"{""dedupe_key"":""NIFTY|WALL_UNWIND_CONFIRM_DOWN|OFF|2026-08-06 13:02"",""threshold"":-0.006,""value"":-0.0013,""since_minute_bucket_ist"":""2026-08-06 12:55"",""last_updated_ist"":""2026-08-06 13:02:00""}"
2026-08-06 00:00:00,2026-08-06 13:03:00,229,NIFTY,REGIME_RANGE_PIN,OFF,LOW,0.0002,Range / pin (inside local walls),"{""dedupe_key"":""NIFTY|REGIME_RANGE_PIN|OFF|2026-08-06 13:03"",""threshold"":0.001,""value"":0.0002,""since_minute_bucket_ist"":""2026-08-06 12:25"",""last_updated_ist"":""2026-08-06 13:03:00""}"
2026-08-06 00:00:00,2026-08-06 13:03:00,229,NIFTY,REGIME_TRANSITION_UNCERTAIN,ON,LOW,1,Transition/uncertain regime,"{""dedupe_key"":""NIFTY|REGIME_TRANSITION_UNCERTAIN|ON|2026-08-06 13:03"",""threshold"":1,""value"":1,""since_minute_bucket_ist"":"""",""last_updated_ist"":""2026-08-06 13:03:00""}"
2026-08-06 00:00:00,2026-08-06 13:03:00,229,NIFTY,PIN_BASIC,OFF,LOW,37.5,Spot near a local wall (pin zone),"{""dedupe_key"":""NIFTY|PIN_BASIC|OFF|2026-08-06 13:03"",""threshold"":37.5,""value"":37.5,""since_minute_bucket_ist"":""2026-08-06 12:50"",""last_updated_ist"":""2026-08-06 13:03:00""}"
2026-08-06 00:00:00,2026-08-06 13:03:00,229,NIFTY,EXP_RANGE_BREAKOUT_WATCH_UP,ON,MED,24647.1,Expected-range watch UP,"{""dedupe_key"":""NIFTY|EXP_RANGE_BREAKOUT_WATCH_UP|ON|2026-08-06 13:03"",""threshold"":24640.51,""value"":24647.1,""since_minute_bucket_ist"":"""",""last_updated_ist"":""2026-08-06 13:03:00""}"
2026-08-06 00:00:00,2026-08-06 13:03:00,229,NIFTY,VOL_CONTRACTION,ON,LOW,-0.0038,Volatility contracting (straddle down),"{""dedupe_key"":""NIFTY|VOL_CONTRACTION|ON|2026-08-06 13:03"",""threshold"":-0.03,""value"":-0.0038,""since_minute_bucket_ist"":"""",""last_updated_ist"":""2026-08-06 13:03:00""}"
2026-08-06 00:00:00,2026-08-06 13:03:00,229,NIFTY,OPTION_MOMENTUM_CALL,ON,MED,2.85,ATM CALL momentum (ltp up + vol up),"{""dedupe_key"":""NIFTY|OPTION_MOMENTUM_CALL|ON|2026-08-06 13:03"",""threshold"":1.5,""value"":2.85,""since_minute_bucket_ist"":"""",""last_updated_ist"":""2026-08-06 13:03:00""}"
2026-08-06 00:00:00,2026-08-06 13:03:00,229,NIFTY,WALL_UNWIND_CONFIRM_DOWN,ON,MED,-0.0098,Put wall OI unwinding (5m),"{""dedupe_key"":""NIFTY|WALL_UNWIND_CONFIRM_DOWN|ON|2026-08-06 13:03"",""threshold"":-0.006,""value"":-0.0098,""since_minute_bucket_ist"":"""",""last_updated_ist"":""2026-08-06 13:03:00""}"
2026-08-06 00:00:00,2026-08-06 13:04:00,230,NIFTY,EXP_RANGE_BREAKOUT_CONFIRMED_UP,ON,HIGH,2,Expected-range breakout CONFIRMED UP,"{""dedupe_key"":""NIFTY|EXP_RANGE_BREAKOUT_CONFIRMED_UP|ON|2026-08-06 13:04"",""threshold"":2,""value"":2,""since_minute_bucket_ist"":"""",""last_updated_ist"":""2026-08-06 13:04:00""}"
2026-08-06 00:00:00,2026-08-06 13:04:00,230,NIFTY,OPTION_MOMENTUM_CALL,OFF,MED,0,ATM CALL momentum (ltp up + vol up),"{""dedupe_key"":""NIFTY|OPTION_MOMENTUM_CALL|OFF|2026-08-06 13:04"",""threshold"":1.5,""value"":0,""since_minute_bucket_ist"":""2026-08-06 13:03"",""last_updated_ist"":""2026-08-06 13:04:00""}"
2026-08-06 00:00:00,2026-08-06 13:04:00,230,NIFTY,WALL_UNWIND_CONFIRM_DOWN,OFF,MED,-0.0041,Put wall OI unwinding (5m),"{""dedupe_key"":""NIFTY|WALL_UNWIND_CONFIRM_DOWN|OFF|2026-08-06 13:04"",""threshold"":-0.006,""value"":-0.0041,""since_minute_bucket_ist"":""2026-08-06 13:03"",""last_updated_ist"":""2026-08-06 13:04:00""}"
2026-08-06 00:00:00,2026-08-06 13:05:00,231,NIFTY,FLOW_BEARISH_BUILD,ON,HIGH,0.005,Bearish build (premium-confirmed writing / resistance),"{""dedupe_key"":""NIFTY|FLOW_BEARISH_BUILD|ON|2026-08-06 13:05"",""threshold"":0.005,""value"":0.005,""since_minute_bucket_ist"":"""",""last_updated_ist"":""2026-08-06 13:05:00""}"
2026-08-06 00:00:00,2026-08-06 13:05:00,231,NIFTY,REGIME_RANGE_PIN,ON,LOW,0.0002,Range / pin (inside local walls),"{""dedupe_key"":""NIFTY|REGIME_RANGE_PIN|ON|2026-08-06 13:05"",""threshold"":0.001,""value"":0.0002,""since_minute_bucket_ist"":"""",""last_updated_ist"":""2026-08-06 13:05:00""}"
2026-08-06 00:00:00,2026-08-06 13:05:00,231,NIFTY,REGIME_TRANSITION_UNCERTAIN,OFF,LOW,1,Transition/uncertain regime,"{""dedupe_key"":""NIFTY|REGIME_TRANSITION_UNCERTAIN|OFF|2026-08-06 13:05"",""threshold"":1,""value"":1,""since_minute_bucket_ist"":""2026-08-06 13:03"",""last_updated_ist"":""2026-08-06 13:05:00""}"
2026-08-06 00:00:00,2026-08-06 13:05:00,231,NIFTY,WALL_UNWIND_CONFIRM_DOWN,ON,MED,-0.0064,Put wall OI unwinding (5m),"{""dedupe_key"":""NIFTY|WALL_UNWIND_CONFIRM_DOWN|ON|2026-08-06 13:05"",""threshold"":-0.006,""value"":-0.0064,""since_minute_bucket_ist"":"""",""last_updated_ist"":""2026-08-06 13:05:00""}"
2026-08-06 00:00:00,2026-08-06 13:05:00,231,NIFTY,BULL_TRAP,ON,HIGH,1,Bull trap: failed upside breakout + bearish flow,"{""dedupe_key"":""NIFTY|BULL_TRAP|ON|2026-08-06 13:05"",""threshold"":1,""value"":1,""since_minute_bucket_ist"":"""",""last_updated_ist"":""2026-08-06 13:05:00""}"
2026-08-06 00:00:00,2026-08-06 13:06:00,232,NIFTY,FLOW_BEARISH_BUILD,OFF,HIGH,0.0011,Bearish build (premium-confirmed writing / resistance),"{""dedupe_key"":""NIFTY|FLOW_BEARISH_BUILD|OFF|2026-08-06 13:06"",""threshold"":0.005,""value"":0.0011,""since_minute_bucket_ist"":""2026-08-06 13:05"",""last_updated_ist"":""2026-08-06 13:06:00""}"
2026-08-06 00:00:00,2026-08-06 13:06:00,232,NIFTY,EXP_RANGE_BREAKOUT_WATCH_UP,OFF,MED,24642.55,Expected-range watch UP,"{""dedupe_key"":""NIFTY|EXP_RANGE_BREAKOUT_WATCH_UP|OFF|2026-08-06 13:06"",""threshold"":24645.82,""value"":24642.55,""since_minute_bucket_ist"":""2026-08-06 13:03"",""last_updated_ist"":""2026-08-06 13:06:00""}"
2026-08-06 00:00:00,2026-08-06 13:06:00,232,NIFTY,EXP_RANGE_BREAKOUT_CONFIRMED_UP,OFF,HIGH,0,Expected-range breakout CONFIRMED UP,"{""dedupe_key"":""NIFTY|EXP_RANGE_BREAKOUT_CONFIRMED_UP|OFF|2026-08-06 13:06"",""threshold"":2,""value"":0,""since_minute_bucket_ist"":""2026-08-06 13:04"",""last_updated_ist"":""2026-08-06 13:06:00""}"
2026-08-06 00:00:00,2026-08-06 13:06:00,232,NIFTY,WALL_UNWIND_CONFIRM_DOWN,OFF,MED,0.0011,Put wall OI unwinding (5m),"{""dedupe_key"":""NIFTY|WALL_UNWIND_CONFIRM_DOWN|OFF|2026-08-06 13:06"",""threshold"":-0.006,""value"":0.0011,""since_minute_bucket_ist"":""2026-08-06 13:05"",""last_updated_ist"":""2026-08-06 13:06:00""}"
2026-08-06 00:00:00,2026-08-06 13:06:00,232,NIFTY,BULL_TRAP,OFF,HIGH,1,Bull trap: failed upside breakout + bearish flow,"{""dedupe_key"":""NIFTY|BULL_TRAP|OFF|2026-08-06 13:06"",""threshold"":1,""value"":1,""since_minute_bucket_ist"":""2026-08-06 13:05"",""last_updated_ist"":""2026-08-06 13:06:00""}"
2026-08-06 00:00:00,2026-08-06 13:07:00,233,NIFTY,FLOW_BEARISH_BUILD,ON,HIGH,0.0012,Bearish build (premium-confirmed writing / resistance),"{""dedupe_key"":""NIFTY|FLOW_BEARISH_BUILD|ON|2026-08-06 13:07"",""threshold"":0.005,""value"":0.0012,""since_minute_bucket_ist"":"""",""last_updated_ist"":""2026-08-06 13:07:00""}"
2026-08-06 00:00:00,2026-08-06 13:07:00,233,NIFTY,PIN_BASIC,ON,LOW,37.5,Spot near a local wall (pin zone),"{""dedupe_key"":""NIFTY|PIN_BASIC|ON|2026-08-06 13:07"",""threshold"":37.5,""value"":37.5,""since_minute_bucket_ist"":"""",""last_updated_ist"":""2026-08-06 13:07:00""}"
2026-08-06 00:00:00,2026-08-06 13:07:00,233,NIFTY,PIN_BREAKOUT_SETUP,ON,MED,-7.099999999998545,Pin breakout setup (wall touch + aligned flow),"{""dedupe_key"":""NIFTY|PIN_BREAKOUT_SETUP|ON|2026-08-06 13:07"",""threshold"":0,""value"":-7.099999999998545,""since_minute_bucket_ist"":"""",""last_updated_ist"":""2026-08-06 13:07:00""}"
2026-08-06 00:00:00,2026-08-06 13:07:00,233,NIFTY,VOL_CONTRACTION,OFF,LOW,-0.0013,Volatility contracting (straddle down),"{""dedupe_key"":""NIFTY|VOL_CONTRACTION|OFF|2026-08-06 13:07"",""threshold"":-0.03,""value"":-0.0013,""since_minute_bucket_ist"":""2026-08-06 13:03"",""last_updated_ist"":""2026-08-06 13:07:00""}"
2026-08-06 00:00:00,2026-08-06 13:07:00,233,NIFTY,OPTION_MOMENTUM_PUT,ON,MED,3.35,ATM PUT momentum (ltp up + vol up),"{""dedupe_key"":""NIFTY|OPTION_MOMENTUM_PUT|ON|2026-08-06 13:07"",""threshold"":1.5,""value"":3.35,""since_minute_bucket_ist"":"""",""last_updated_ist"":""2026-08-06 13:07:00""}"
2026-08-06 00:00:00,2026-08-06 13:07:00,233,NIFTY,CHURN_COMMITTED,ON,MED,-0.0003,Price move + aligned flow (committed),"{""dedupe_key"":""NIFTY|CHURN_COMMITTED|ON|2026-08-06 13:07"",""threshold"":0.0001,""value"":-0.0003,""since_minute_bucket_ist"":"""",""last_updated_ist"":""2026-08-06 13:07:00""}"
2026-08-06 00:00:00,2026-08-06 13:07:00,233,NIFTY,WALL_PRESSURE_BREAK_SETUP,ON,MED,-7.099999999998545,Pressure building into a wall (break setup),"{""dedupe_key"":""NIFTY|WALL_PRESSURE_BREAK_SETUP|ON|2026-08-06 13:07"",""threshold"":0,""value"":-7.099999999998545,""since_minute_bucket_ist"":"""",""last_updated_ist"":""2026-08-06 13:07:00""}"
2026-08-06 00:00:00,2026-08-06 13:08:00,234,NIFTY,FLOW_BEARISH_BUILD,OFF,HIGH,-0.0013,Bearish build (premium-confirmed writing / resistance),"{""dedupe_key"":""NIFTY|FLOW_BEARISH_BUILD|OFF|2026-08-06 13:08"",""threshold"":0.005,""value"":-0.0013,""since_minute_bucket_ist"":""2026-08-06 13:07"",""last_updated_ist"":""2026-08-06 13:08:00""}"
2026-08-06 00:00:00,2026-08-06 13:08:00,234,NIFTY,REGIME_RANGE_PIN,OFF,LOW,0.0003,Range / pin (inside local walls),"{""dedupe_key"":""NIFTY|REGIME_RANGE_PIN|OFF|2026-08-06 13:08"",""threshold"":0.001,""value"":0.0003,""since_minute_bucket_ist"":""2026-08-06 13:05"",""last_updated_ist"":""2026-08-06 13:08:00""}"
2026-08-06 00:00:00,2026-08-06 13:08:00,234,NIFTY,REGIME_TRANSITION_UNCERTAIN,ON,LOW,1,Transition/uncertain regime,"{""dedupe_key"":""NIFTY|REGIME_TRANSITION_UNCERTAIN|ON|2026-08-06 13:08"",""threshold"":1,""value"":1,""since_minute_bucket_ist"":"""",""last_updated_ist"":""2026-08-06 13:08:00""}"
2026-08-06 00:00:00,2026-08-06 13:08:00,234,NIFTY,PIN_BREAKOUT_SETUP,OFF,MED,-12.400000000001455,Pin breakout setup (wall touch + aligned flow),"{""dedupe_key"":""NIFTY|PIN_BREAKOUT_SETUP|OFF|2026-08-06 13:08"",""threshold"":0,""value"":-12.400000000001455,""since_minute_bucket_ist"":""2026-08-06 13:07"",""last_updated_ist"":""2026-08-06 13:08:00""}"
2026-08-06 00:00:00,2026-08-06 13:08:00,234,NIFTY,EXP_RANGE_BREAKOUT_WATCH_DOWN,ON,MED,24623.05,Expected-range watch DOWN,"{""dedupe_key"":""NIFTY|EXP_RANGE_BREAKOUT_WATCH_DOWN|ON|2026-08-06 13:08"",""threshold"":24625.49,""value"":24623.05,""since_minute_bucket_ist"":"""",""last_updated_ist"":""2026-08-06 13:08:00""}"
2026-08-06 00:00:00,2026-08-06 13:08:00,234,NIFTY,VOL_EXPANSION,ON,MED,0.022,Volatility expanding (straddle up),"{""dedupe_key"":""NIFTY|VOL_EXPANSION|ON|2026-08-06 13:08"",""threshold"":0.02,""value"":0.022,""since_minute_bucket_ist"":"""",""last_updated_ist"":""2026-08-06 13:08:00""}"
2026-08-06 00:00:00,2026-08-06 13:08:00,234,NIFTY,CHURN_COMMITTED,OFF,MED,-0.0005,Price move + aligned flow (committed),"{""dedupe_key"":""NIFTY|CHURN_COMMITTED|OFF|2026-08-06 13:08"",""threshold"":0.0001,""value"":-0.0005,""since_minute_bucket_ist"":""2026-08-06 13:07"",""last_updated_ist"":""2026-08-06 13:08:00""}"
2026-08-06 00:00:00,2026-08-06 13:08:00,234,NIFTY,WALL_PRESSURE_BREAK_SETUP,OFF,MED,-12.400000000001455,Pressure building into a wall (break setup),"{""dedupe_key"":""NIFTY|WALL_PRESSURE_BREAK_SETUP|OFF|2026-08-06 13:08"",""threshold"":0,""value"":-12.400000000001455,""since_minute_bucket_ist"":""2026-08-06 13:07"",""last_updated_ist"":""2026-08-06 13:08:00""}"
2026-08-06 00:00:00,2026-08-06 13:09:00,235,NIFTY,FLOW_BEARISH_BUILD,ON,HIGH,0.0023,Bearish build (premium-confirmed writing / resistance),"{""dedupe_key"":""NIFTY|FLOW_BEARISH_BUILD|ON|2026-08-06 13:09"",""threshold"":0.005,""value"":0.0023,""since_minute_bucket_ist"":"""",""last_updated_ist"":""2026-08-06 13:09:00""}"
2026-08-06 00:00:00,2026-08-06 13:09:00,235,NIFTY,EXP_RANGE_BREAKOUT_WATCH_DOWN,OFF,MED,24626.5,Expected-range watch DOWN,"{""dedupe_key"":""NIFTY|EXP_RANGE_BREAKOUT_WATCH_DOWN|OFF|2026-08-06 13:09"",""threshold"":24625.07,""value"":24626.5,""since_minute_bucket_ist"":""2026-08-06 13:08"",""last_updated_ist"":""2026-08-06 13:09:00""}"
2026-08-06 00:00:00,2026-08-06 13:09:00,235,NIFTY,VOL_EXPANSION,OFF,MED,0.0034,Volatility expanding (straddle up),"{""dedupe_key"":""NIFTY|VOL_EXPANSION|OFF|2026-08-06 13:09"",""threshold"":0.02,""value"":0.0034,""since_minute_bucket_ist"":""2026-08-06 13:08"",""last_updated_ist"":""2026-08-06 13:09:00""}"
2026-08-06 00:00:00,2026-08-06 13:09:00,235,NIFTY,WALL_UNWIND_CONFIRM_DOWN,ON,MED,-0.0181,Put wall OI unwinding (5m),"{""dedupe_key"":""NIFTY|WALL_UNWIND_CONFIRM_DOWN|ON|2026-08-06 13:09"",""threshold"":-0.006,""value"":-0.0181,""since_minute_bucket_ist"":"""",""last_updated_ist"":""2026-08-06 13:09:00""}"
2026-08-06 00:00:00,2026-08-06 13:11:00,236,NIFTY,OPTION_MOMENTUM_PUT,OFF,MED,-0.4,ATM PUT momentum (ltp up + vol up),"{""dedupe_key"":""NIFTY|OPTION_MOMENTUM_PUT|OFF|2026-08-06 13:11"",""threshold"":1.5,""value"":-0.4,""since_minute_bucket_ist"":""2026-08-06 13:07"",""last_updated_ist"":""2026-08-06 13:11:00""}"
2026-08-06 00:00:00,2026-08-06 13:11:00,237,NIFTY,FLOW_BEARISH_BUILD,OFF,HIGH,0,Bearish build (premium-confirmed writing / resistance),"{""dedupe_key"":""NIFTY|FLOW_BEARISH_BUILD|OFF|2026-08-06 13:11"",""threshold"":0.005,""value"":0,""since_minute_bucket_ist"":""2026-08-06 13:09"",""last_updated_ist"":""2026-08-06 13:11:00""}"
2026-08-06 00:00:00,2026-08-06 13:12:00,238,NIFTY,REGIME_RANGE_PIN,ON,LOW,0.0002,Range / pin (inside local walls),"{""dedupe_key"":""NIFTY|REGIME_RANGE_PIN|ON|2026-08-06 13:12"",""threshold"":0.001,""value"":0.0002,""since_minute_bucket_ist"":"""",""last_updated_ist"":""2026-08-06 13:12:00""}"
2026-08-06 00:00:00,2026-08-06 13:12:00,238,NIFTY,REGIME_TRANSITION_UNCERTAIN,OFF,LOW,1,Transition/uncertain regime,"{""dedupe_key"":""NIFTY|REGIME_TRANSITION_UNCERTAIN|OFF|2026-08-06 13:12"",""threshold"":1,""value"":1,""since_minute_bucket_ist"":""2026-08-06 13:08"",""last_updated_ist"":""2026-08-06 13:12:00""}"
2026-08-06 00:00:00,2026-08-06 13:12:00,238,NIFTY,VOL_CONTRACTION,ON,LOW,-0.0352,Volatility contracting (straddle down),"{""dedupe_key"":""NIFTY|VOL_CONTRACTION|ON|2026-08-06 13:12"",""threshold"":-0.03,""value"":-0.0352,""since_minute_bucket_ist"":"""",""last_updated_ist"":""2026-08-06 13:12:00""}"
2026-08-06 00:00:00,2026-08-06 13:12:00,238,NIFTY,OPTION_MOMENTUM_CALL,ON,MED,4.8,ATM CALL momentum (ltp up + vol up),"{""dedupe_key"":""NIFTY|OPTION_MOMENTUM_CALL|ON|2026-08-06 13:12"",""threshold"":1.5,""value"":4.8,""since_minute_bucket_ist"":"""",""last_updated_ist"":""2026-08-06 13:12:00""}"
2026-08-06 00:00:00,2026-08-06 13:13:00,239,NIFTY,OPTION_MOMENTUM_CALL,OFF,MED,-5.05,ATM CALL momentum (ltp up + vol up),"{""dedupe_key"":""NIFTY|OPTION_MOMENTUM_CALL|OFF|2026-08-06 13:13"",""threshold"":1.5,""value"":-5.05,""since_minute_bucket_ist"":""2026-08-06 13:12"",""last_updated_ist"":""2026-08-06 13:13:00""}"
2026-08-06 00:00:00,2026-08-06 13:13:00,239,NIFTY,OPTION_MOMENTUM_PUT,ON,MED,4.9,ATM PUT momentum (ltp up + vol up),"{""dedupe_key"":""NIFTY|OPTION_MOMENTUM_PUT|ON|2026-08-06 13:13"",""threshold"":1.5,""value"":4.9,""since_minute_bucket_ist"":"""",""last_updated_ist"":""2026-08-06 13:13:00""}"
2026-08-06 00:00:00,2026-08-06 13:14:00,240,NIFTY,OPTION_MOMENTUM_PUT,OFF,MED,0,ATM PUT momentum (ltp up + vol up),"{""dedupe_key"":""NIFTY|OPTION_MOMENTUM_PUT|OFF|2026-08-06 13:14"",""threshold"":1.5,""value"":0,""since_minute_bucket_ist"":""2026-08-06 13:13"",""last_updated_ist"":""2026-08-06 13:14:00""}"
2026-08-06 00:00:00,2026-08-06 13:15:00,241,NIFTY,FLOW_BOTH_BUILDING,ON,MED,0.0155,Both sides building (straddle build) → higher chop risk,"{""dedupe_key"":""NIFTY|FLOW_BOTH_BUILDING|ON|2026-08-06 13:15"",""threshold"":0.005,""value"":0.0155,""since_minute_bucket_ist"":"""",""last_updated_ist"":""2026-08-06 13:15:00""}"
2026-08-06 00:00:00,2026-08-06 13:15:00,241,NIFTY,REGIME_RANGE_PIN,OFF,LOW,0.0002,Range / pin (inside local walls),"{""dedupe_key"":""NIFTY|REGIME_RANGE_PIN|OFF|2026-08-06 13:15"",""threshold"":0.001,""value"":0.0002,""since_minute_bucket_ist"":""2026-08-06 13:12"",""last_updated_ist"":""2026-08-06 13:15:00""}"
2026-08-06 00:00:00,2026-08-06 13:15:00,241,NIFTY,REGIME_TRANSITION_UNCERTAIN,ON,LOW,1,Transition/uncertain regime,"{""dedupe_key"":""NIFTY|REGIME_TRANSITION_UNCERTAIN|ON|2026-08-06 13:15"",""threshold"":1,""value"":1,""since_minute_bucket_ist"":"""",""last_updated_ist"":""2026-08-06 13:15:00""}"
2026-08-06 00:00:00,2026-08-06 13:15:00,241,NIFTY,EXP_RANGE_BREAKOUT_WATCH_DOWN,ON,MED,24614.85,Expected-range watch DOWN,"{""dedupe_key"":""NIFTY|EXP_RANGE_BREAKOUT_WATCH_DOWN|ON|2026-08-06 13:15"",""threshold"":24619.1,""value"":24614.85,""since_minute_bucket_ist"":"""",""last_updated_ist"":""2026-08-06 13:15:00""}"
2026-08-06 00:00:00,2026-08-06 13:15:00,241,NIFTY,VOL_CONTRACTION,OFF,LOW,-0.0043,Volatility contracting (straddle down),"{""dedupe_key"":""NIFTY|VOL_CONTRACTION|OFF|2026-08-06 13:15"",""threshold"":-0.03,""value"":-0.0043,""since_minute_bucket_ist"":""2026-08-06 13:12"",""last_updated_ist"":""2026-08-06 13:15:00""}"
2026-08-06 00:00:00,2026-08-06 13:15:00,241,NIFTY,OPTION_MOMENTUM_PUT,ON,MED,6.05,ATM PUT momentum (ltp up + vol up),"{""dedupe_key"":""NIFTY|OPTION_MOMENTUM_PUT|ON|2026-08-06 13:15"",""threshold"":1.5,""value"":6.05,""since_minute_bucket_ist"":"""",""last_updated_ist"":""2026-08-06 13:15:00""}"
2026-08-06 00:00:00,2026-08-06 13:15:00,241,NIFTY,WALL_UNWIND_CONFIRM_DOWN,OFF,MED,0.0103,Put wall OI unwinding (5m),"{""dedupe_key"":""NIFTY|WALL_UNWIND_CONFIRM_DOWN|OFF|2026-08-06 13:15"",""threshold"":-0.006,""value"":0.0103,""since_minute_bucket_ist"":""2026-08-06 13:09"",""last_updated_ist"":""2026-08-06 13:15:00""}"
2026-08-06 00:00:00,2026-08-06 13:16:00,242,NIFTY,FLOW_BOTH_BUILDING,OFF,MED,0.0007,Both sides building (straddle build) → higher chop risk,"{""dedupe_key"":""NIFTY|FLOW_BOTH_BUILDING|OFF|2026-08-06 13:16"",""threshold"":0.005,""value"":0.0007,""since_minute_bucket_ist"":""2026-08-06 13:15"",""last_updated_ist"":""2026-08-06 13:16:00""}"
2026-08-06 00:00:00,2026-08-06 13:16:00,242,NIFTY,REGIME_RANGE_PIN,ON,LOW,0.0004,Range / pin (inside local walls),"{""dedupe_key"":""NIFTY|REGIME_RANGE_PIN|ON|2026-08-06 13:16"",""threshold"":0.001,""value"":0.0004,""since_minute_bucket_ist"":"""",""last_updated_ist"":""2026-08-06 13:16:00""}"
2026-08-06 00:00:00,2026-08-06 13:16:00,242,NIFTY,REGIME_TRANSITION_UNCERTAIN,OFF,LOW,1,Transition/uncertain regime,"{""dedupe_key"":""NIFTY|REGIME_TRANSITION_UNCERTAIN|OFF|2026-08-06 13:16"",""threshold"":1,""value"":1,""since_minute_bucket_ist"":""2026-08-06 13:15"",""last_updated_ist"":""2026-08-06 13:16:00""}"
2026-08-06 00:00:00,2026-08-06 13:16:00,242,NIFTY,EXP_RANGE_BREAKOUT_WATCH_DOWN,OFF,MED,24636,Expected-range watch DOWN,"{""dedupe_key"":""NIFTY|EXP_RANGE_BREAKOUT_WATCH_DOWN|OFF|2026-08-06 13:16"",""threshold"":24619.73,""value"":24636,""since_minute_bucket_ist"":""2026-08-06 13:15"",""last_updated_ist"":""2026-08-06 13:16:00""}"
2026-08-06 00:00:00,2026-08-06 13:16:00,242,NIFTY,VOL_CONTRACTION,ON,LOW,-0.0075,Volatility contracting (straddle down),"{""dedupe_key"":""NIFTY|VOL_CONTRACTION|ON|2026-08-06 13:16"",""threshold"":-0.03,""value"":-0.0075,""since_minute_bucket_ist"":"""",""last_updated_ist"":""2026-08-06 13:16:00""}"
2026-08-06 00:00:00,2026-08-06 13:16:00,242,NIFTY,OPTION_MOMENTUM_CALL,ON,MED,5.85,ATM CALL momentum (ltp up + vol up),"{""dedupe_key"":""NIFTY|OPTION_MOMENTUM_CALL|ON|2026-08-06 13:16"",""threshold"":1.5,""value"":5.85,""since_minute_bucket_ist"":"""",""last_updated_ist"":""2026-08-06 13:16:00""}"
2026-08-06 00:00:00,2026-08-06 13:16:00,242,NIFTY,OPTION_MOMENTUM_PUT,OFF,MED,-6.95,ATM PUT momentum (ltp up + vol up),"{""dedupe_key"":""NIFTY|OPTION_MOMENTUM_PUT|OFF|2026-08-06 13:16"",""threshold"":1.5,""value"":-6.95,""since_minute_bucket_ist"":""2026-08-06 13:15"",""last_updated_ist"":""2026-08-06 13:16:00""}"
2026-08-06 00:00:00,2026-08-06 13:17:00,243,NIFTY,OPTION_MOMENTUM_CALL,OFF,MED,0,ATM CALL momentum (ltp up + vol up),"{""dedupe_key"":""NIFTY|OPTION_MOMENTUM_CALL|OFF|2026-08-06 13:17"",""threshold"":1.5,""value"":0,""since_minute_bucket_ist"":""2026-08-06 13:16"",""last_updated_ist"":""2026-08-06 13:17:00""}"
2026-08-06 00:00:00,2026-08-06 13:18:00,244,NIFTY,REGIME_RANGE_PIN,OFF,LOW,0.0004,Range / pin (inside local walls),"{""dedupe_key"":""NIFTY|REGIME_RANGE_PIN|OFF|2026-08-06 13:18"",""threshold"":0.001,""value"":0.0004,""since_minute_bucket_ist"":""2026-08-06 13:16"",""last_updated_ist"":""2026-08-06 13:18:00""}"
2026-08-06 00:00:00,2026-08-06 13:18:00,244,NIFTY,REGIME_TRANSITION_UNCERTAIN,ON,LOW,1,Transition/uncertain regime,"{""dedupe_key"":""NIFTY|REGIME_TRANSITION_UNCERTAIN|ON|2026-08-06 13:18"",""threshold"":1,""value"":1,""since_minute_bucket_ist"":"""",""last_updated_ist"":""2026-08-06 13:18:00""}"
2026-08-06 00:00:00,2026-08-06 13:18:00,244,NIFTY,PIN_BASIC,OFF,LOW,37.5,Spot near a local wall (pin zone),"{""dedupe_key"":""NIFTY|PIN_BASIC|OFF|2026-08-06 13:18"",""threshold"":37.5,""value"":37.5,""since_minute_bucket_ist"":""2026-08-06 13:07"",""last_updated_ist"":""2026-08-06 13:18:00""}"
2026-08-06 00:00:00,2026-08-06 13:18:00,244,NIFTY,EXP_RANGE_BREAKOUT_WATCH_UP,ON,MED,24643.75,Expected-range watch UP,"{""dedupe_key"":""NIFTY|EXP_RANGE_BREAKOUT_WATCH_UP|ON|2026-08-06 13:18"",""threshold"":24639.91,""value"":24643.75,""since_minute_bucket_ist"":"""",""last_updated_ist"":""2026-08-06 13:18:00""}"
2026-08-06 00:00:00,2026-08-06 13:18:00,244,NIFTY,OPTION_MOMENTUM_CALL,ON,MED,5.5,ATM CALL momentum (ltp up + vol up),"{""dedupe_key"":""NIFTY|OPTION_MOMENTUM_CALL|ON|2026-08-06 13:18"",""threshold"":1.5,""value"":5.5,""since_minute_bucket_ist"":"""",""last_updated_ist"":""2026-08-06 13:18:00""}"
2026-08-06 00:00:00,2026-08-06 13:18:00,244,NIFTY,STEALTH_BUILD_BEAR,ON,MED,0.0083,"Stealth bearish build (calls build, spot flat)","{""dedupe_key"":""NIFTY|STEALTH_BUILD_BEAR|ON|2026-08-06 13:18"",""threshold"":0.008,""value"":0.0083,""since_minute_bucket_ist"":"""",""last_updated_ist"":""2026-08-06 13:18:00""}"
2026-08-06 00:00:00,2026-08-06 13:19:00,245,NIFTY,EXP_RANGE_BREAKOUT_CONFIRMED_UP,ON,HIGH,2,Expected-range breakout CONFIRMED UP,"{""dedupe_key"":""NIFTY|EXP_RANGE_BREAKOUT_CONFIRMED_UP|ON|2026-08-06 13:19"",""threshold"":2,""value"":2,""since_minute_bucket_ist"":"""",""last_updated_ist"":""2026-08-06 13:19:00""}"
2026-08-06 00:00:00,2026-08-06 13:19:00,245,NIFTY,OPTION_MOMENTUM_CALL,OFF,MED,0,ATM CALL momentum (ltp up + vol up),"{""dedupe_key"":""NIFTY|OPTION_MOMENTUM_CALL|OFF|2026-08-06 13:19"",""threshold"":1.5,""value"":0,""since_minute_bucket_ist"":""2026-08-06 13:18"",""last_updated_ist"":""2026-08-06 13:19:00""}"
2026-08-06 00:00:00,2026-08-06 13:19:00,245,NIFTY,STEALTH_BUILD_BEAR,OFF,MED,0,"Stealth bearish build (calls build, spot flat)","{""dedupe_key"":""NIFTY|STEALTH_BUILD_BEAR|OFF|2026-08-06 13:19"",""threshold"":0.008,""value"":0,""since_minute_bucket_ist"":""2026-08-06 13:18"",""last_updated_ist"":""2026-08-06 13:19:00""}"
2026-08-06 00:00:00,2026-08-06 13:20:00,246,NIFTY,REGIME_TREND_UP,ON,MED,0.0014,Trend UP (slope + direction),"{""dedupe_key"":""NIFTY|REGIME_TREND_UP|ON|2026-08-06 13:20"",""threshold"":0.001,""value"":0.0014,""since_minute_bucket_ist"":"""",""last_updated_ist"":""2026-08-06 13:20:00""}"
2026-08-06 00:00:00,2026-08-06 13:20:00,246,NIFTY,REGIME_TRANSITION_UNCERTAIN,OFF,LOW,1,Transition/uncertain regime,"{""dedupe_key"":""NIFTY|REGIME_TRANSITION_UNCERTAIN|OFF|2026-08-06 13:20"",""threshold"":1,""value"":1,""since_minute_bucket_ist"":""2026-08-06 13:18"",""last_updated_ist"":""2026-08-06 13:20:00""}"
2026-08-06 00:00:00,2026-08-06 13:20:00,246,NIFTY,OPTION_MOMENTUM_CALL,ON,MED,2.8,ATM CALL momentum (ltp up + vol up),"{""dedupe_key"":""NIFTY|OPTION_MOMENTUM_CALL|ON|2026-08-06 13:20"",""threshold"":1.5,""value"":2.8,""since_minute_bucket_ist"":"""",""last_updated_ist"":""2026-08-06 13:20:00""}"
2026-08-06 00:00:00,2026-08-06 13:21:00,247,NIFTY,REGIME_TREND_UP,OFF,MED,0.0006,Trend UP (slope + direction),"{""dedupe_key"":""NIFTY|REGIME_TREND_UP|OFF|2026-08-06 13:21"",""threshold"":0.001,""value"":0.0006,""since_minute_bucket_ist"":""2026-08-06 13:20"",""last_updated_ist"":""2026-08-06 13:21:00""}"
2026-08-06 00:00:00,2026-08-06 13:21:00,247,NIFTY,REGIME_TRANSITION_UNCERTAIN,ON,LOW,1,Transition/uncertain regime,"{""dedupe_key"":""NIFTY|REGIME_TRANSITION_UNCERTAIN|ON|2026-08-06 13:21"",""threshold"":1,""value"":1,""since_minute_bucket_ist"":"""",""last_updated_ist"":""2026-08-06 13:21:00""}"
2026-08-06 00:00:00,2026-08-06 13:21:00,247,NIFTY,OPTION_MOMENTUM_CALL,OFF,MED,0,ATM CALL momentum (ltp up + vol up),"{""dedupe_key"":""NIFTY|OPTION_MOMENTUM_CALL|OFF|2026-08-06 13:21"",""threshold"":1.5,""value"":0,""since_minute_bucket_ist"":""2026-08-06 13:20"",""last_updated_ist"":""2026-08-06 13:21:00""}"
2026-08-06 00:00:00,2026-08-06 13:22:00,248,NIFTY,FLOW_BEARISH_BUILD,ON,HIGH,0.0124,Bearish build (premium-confirmed writing / resistance),"{""dedupe_key"":""NIFTY|FLOW_BEARISH_BUILD|ON|2026-08-06 13:22"",""threshold"":0.005,""value"":0.0124,""since_minute_bucket_ist"":"""",""last_updated_ist"":""2026-08-06 13:22:00""}"
2026-08-06 00:00:00,2026-08-06 13:22:00,248,NIFTY,REGIME_RANGE_PIN,ON,LOW,0.0005,Range / pin (inside local walls),"{""dedupe_key"":""NIFTY|REGIME_RANGE_PIN|ON|2026-08-06 13:22"",""threshold"":0.001,""value"":0.0005,""since_minute_bucket_ist"":"""",""last_updated_ist"":""2026-08-06 13:22:00""}"
2026-08-06 00:00:00,2026-08-06 13:22:00,248,NIFTY,REGIME_TRANSITION_UNCERTAIN,OFF,LOW,1,Transition/uncertain regime,"{""dedupe_key"":""NIFTY|REGIME_TRANSITION_UNCERTAIN|OFF|2026-08-06 13:22"",""threshold"":1,""value"":1,""since_minute_bucket_ist"":""2026-08-06 13:21"",""last_updated_ist"":""2026-08-06 13:22:00""}"
2026-08-06 00:00:00,2026-08-06 13:22:00,248,NIFTY,PIN_BASIC,ON,LOW,37.5,Spot near a local wall (pin zone),"{""dedupe_key"":""NIFTY|PIN_BASIC|ON|2026-08-06 13:22"",""threshold"":37.5,""value"":37.5,""since_minute_bucket_ist"":"""",""last_updated_ist"":""2026-08-06 13:22:00""}"
2026-08-06 00:00:00,2026-08-06 13:22:00,248,NIFTY,PIN_BREAKOUT_SETUP,ON,MED,-19.299999999999272,Pin breakout setup (wall touch + aligned flow),"{""dedupe_key"":""NIFTY|PIN_BREAKOUT_SETUP|ON|2026-08-06 13:22"",""threshold"":0,""value"":-19.299999999999272,""since_minute_bucket_ist"":"""",""last_updated_ist"":""2026-08-06 13:22:00""}"
2026-08-06 00:00:00,2026-08-06 13:22:00,248,NIFTY,EXP_RANGE_BREAKOUT_WATCH_UP,OFF,MED,24630.9,Expected-range watch UP,"{""dedupe_key"":""NIFTY|EXP_RANGE_BREAKOUT_WATCH_UP|OFF|2026-08-06 13:22"",""threshold"":24648.99,""value"":24630.9,""since_minute_bucket_ist"":""2026-08-06 13:18"",""last_updated_ist"":""2026-08-06 13:22:00""}"
2026-08-06 00:00:00,2026-08-06 13:22:00,248,NIFTY,EXP_RANGE_BREAKOUT_CONFIRMED_UP,OFF,HIGH,0,Expected-range breakout CONFIRMED UP,"{""dedupe_key"":""NIFTY|EXP_RANGE_BREAKOUT_CONFIRMED_UP|OFF|2026-08-06 13:22"",""threshold"":2,""value"":0,""since_minute_bucket_ist"":""2026-08-06 13:19"",""last_updated_ist"":""2026-08-06 13:22:00""}"
2026-08-06 00:00:00,2026-08-06 13:22:00,248,NIFTY,OPTION_MOMENTUM_PUT,ON,MED,11.2,ATM PUT momentum (ltp up + vol up),"{""dedupe_key"":""NIFTY|OPTION_MOMENTUM_PUT|ON|2026-08-06 13:22"",""threshold"":1.5,""value"":11.2,""since_minute_bucket_ist"":"""",""last_updated_ist"":""2026-08-06 13:22:00""}"
2026-08-06 00:00:00,2026-08-06 13:22:00,248,NIFTY,CHURN_COMMITTED,ON,MED,-0.0008,Price move + aligned flow (committed),"{""dedupe_key"":""NIFTY|CHURN_COMMITTED|ON|2026-08-06 13:22"",""threshold"":0.0001,""value"":-0.0008,""since_minute_bucket_ist"":"""",""last_updated_ist"":""2026-08-06 13:22:00""}"
2026-08-06 00:00:00,2026-08-06 13:22:00,248,NIFTY,WALL_PRESSURE_BREAK_SETUP,ON,MED,-19.299999999999272,Pressure building into a wall (break setup),"{""dedupe_key"":""NIFTY|WALL_PRESSURE_BREAK_SETUP|ON|2026-08-06 13:22"",""threshold"":0,""value"":-19.299999999999272,""since_minute_bucket_ist"":"""",""last_updated_ist"":""2026-08-06 13:22:00""}"
2026-08-06 00:00:00,2026-08-06 13:22:00,248,NIFTY,BULL_TRAP,ON,HIGH,1,Bull trap: failed upside breakout + bearish flow,"{""dedupe_key"":""NIFTY|BULL_TRAP|ON|2026-08-06 13:22"",""threshold"":1,""value"":1,""since_minute_bucket_ist"":"""",""last_updated_ist"":""2026-08-06 13:22:00""}"
2026-08-06 00:00:00,2026-08-06 13:23:00,249,NIFTY,FLOW_BEARISH_BUILD,OFF,HIGH,0,Bearish build (premium-confirmed writing / resistance),"{""dedupe_key"":""NIFTY|FLOW_BEARISH_BUILD|OFF|2026-08-06 13:23"",""threshold"":0.005,""value"":0,""since_minute_bucket_ist"":""2026-08-06 13:22"",""last_updated_ist"":""2026-08-06 13:23:00""}"
2026-08-06 00:00:00,2026-08-06 13:23:00,249,NIFTY,REGIME_RANGE_PIN,OFF,LOW,0.0003,Range / pin (inside local walls),"{""dedupe_key"":""NIFTY|REGIME_RANGE_PIN|OFF|2026-08-06 13:23"",""threshold"":0.001,""value"":0.0003,""since_minute_bucket_ist"":""2026-08-06 13:22"",""last_updated_ist"":""2026-08-06 13:23:00""}"
2026-08-06 00:00:00,2026-08-06 13:23:00,249,NIFTY,REGIME_TRANSITION_UNCERTAIN,ON,LOW,1,Transition/uncertain regime,"{""dedupe_key"":""NIFTY|REGIME_TRANSITION_UNCERTAIN|ON|2026-08-06 13:23"",""threshold"":1,""value"":1,""since_minute_bucket_ist"":"""",""last_updated_ist"":""2026-08-06 13:23:00""}"
2026-08-06 00:00:00,2026-08-06 13:23:00,249,NIFTY,PIN_BREAKOUT_SETUP,OFF,MED,0,Pin breakout setup (wall touch + aligned flow),"{""dedupe_key"":""NIFTY|PIN_BREAKOUT_SETUP|OFF|2026-08-06 13:23"",""threshold"":0,""value"":0,""since_minute_bucket_ist"":""2026-08-06 13:22"",""last_updated_ist"":""2026-08-06 13:23:00""}"
2026-08-06 00:00:00,2026-08-06 13:23:00,249,NIFTY,OPTION_MOMENTUM_PUT,OFF,MED,0,ATM PUT momentum (ltp up + vol up),"{""dedupe_key"":""NIFTY|OPTION_MOMENTUM_PUT|OFF|2026-08-06 13:23"",""threshold"":1.5,""value"":0,""since_minute_bucket_ist"":""2026-08-06 13:22"",""last_updated_ist"":""2026-08-06 13:23:00""}"
2026-08-06 00:00:00,2026-08-06 13:23:00,249,NIFTY,WALL_UNWIND_CONFIRM_DOWN,ON,MED,-0.0061,Put wall OI unwinding (5m),"{""dedupe_key"":""NIFTY|WALL_UNWIND_CONFIRM_DOWN|ON|2026-08-06 13:23"",""threshold"":-0.006,""value"":-0.0061,""since_minute_bucket_ist"":"""",""last_updated_ist"":""2026-08-06 13:23:00""}"
2026-08-06 00:00:00,2026-08-06 13:23:00,249,NIFTY,CHURN_COMMITTED,OFF,MED,0,Price move + aligned flow (committed),"{""dedupe_key"":""NIFTY|CHURN_COMMITTED|OFF|2026-08-06 13:23"",""threshold"":0.0001,""value"":0,""since_minute_bucket_ist"":""2026-08-06 13:22"",""last_updated_ist"":""2026-08-06 13:23:00""}"
2026-08-06 00:00:00,2026-08-06 13:23:00,249,NIFTY,WALL_PRESSURE_BREAK_SETUP,OFF,MED,0,Pressure building into a wall (break setup),"{""dedupe_key"":""NIFTY|WALL_PRESSURE_BREAK_SETUP|OFF|2026-08-06 13:23"",""threshold"":0,""value"":0,""since_minute_bucket_ist"":""2026-08-06 13:22"",""last_updated_ist"":""2026-08-06 13:23:00""}"
2026-08-06 00:00:00,2026-08-06 13:23:00,249,NIFTY,BULL_TRAP,OFF,HIGH,1,Bull trap: failed upside breakout + bearish flow,"{""dedupe_key"":""NIFTY|BULL_TRAP|OFF|2026-08-06 13:23"",""threshold"":1,""value"":1,""since_minute_bucket_ist"":""2026-08-06 13:22"",""last_updated_ist"":""2026-08-06 13:23:00""}"
2026-08-06 00:00:00,2026-08-06 13:24:00,250,NIFTY,VOL_EXPANSION,ON,MED,0.0227,Volatility expanding (straddle up),"{""dedupe_key"":""NIFTY|VOL_EXPANSION|ON|2026-08-06 13:24"",""threshold"":0.02,""value"":0.0227,""since_minute_bucket_ist"":"""",""last_updated_ist"":""2026-08-06 13:24:00""}"
2026-08-06 00:00:00,2026-08-06 13:24:00,250,NIFTY,VOL_CONTRACTION,OFF,LOW,0.0227,Volatility contracting (straddle down),"{""dedupe_key"":""NIFTY|VOL_CONTRACTION|OFF|2026-08-06 13:24"",""threshold"":-0.03,""value"":0.0227,""since_minute_bucket_ist"":""2026-08-06 13:16"",""last_updated_ist"":""2026-08-06 13:24:00""}"
2026-08-06 00:00:00,2026-08-06 13:24:00,250,NIFTY,OPTION_MOMENTUM_PUT,ON,MED,4.05,ATM PUT momentum (ltp up + vol up),"{""dedupe_key"":""NIFTY|OPTION_MOMENTUM_PUT|ON|2026-08-06 13:24"",""threshold"":1.5,""value"":4.05,""since_minute_bucket_ist"":"""",""last_updated_ist"":""2026-08-06 13:24:00""}"
2026-08-06 00:00:00,2026-08-06 13:24:00,250,NIFTY,WALL_UNWIND_CONFIRM_DOWN,OFF,MED,-0.0018,Put wall OI unwinding (5m),"{""dedupe_key"":""NIFTY|WALL_UNWIND_CONFIRM_DOWN|OFF|2026-08-06 13:24"",""threshold"":-0.006,""value"":-0.0018,""since_minute_bucket_ist"":""2026-08-06 13:23"",""last_updated_ist"":""2026-08-06 13:24:00""}"
2026-08-06 00:00:00,2026-08-06 13:25:00,251,NIFTY,REGIME_TREND_DOWN,ON,MED,-0.0012,Trend DOWN (slope + direction),"{""dedupe_key"":""NIFTY|REGIME_TREND_DOWN|ON|2026-08-06 13:25"",""threshold"":-0.001,""value"":-0.0012,""since_minute_bucket_ist"":"""",""last_updated_ist"":""2026-08-06 13:25:00""}"
2026-08-06 00:00:00,2026-08-06 13:25:00,251,NIFTY,REGIME_TRANSITION_UNCERTAIN,OFF,LOW,1,Transition/uncertain regime,"{""dedupe_key"":""NIFTY|REGIME_TRANSITION_UNCERTAIN|OFF|2026-08-06 13:25"",""threshold"":1,""value"":1,""since_minute_bucket_ist"":""2026-08-06 13:23"",""last_updated_ist"":""2026-08-06 13:25:00""}"
2026-08-06 00:00:00,2026-08-06 13:25:00,251,NIFTY,OPTION_MOMENTUM_PUT,OFF,MED,0,ATM PUT momentum (ltp up + vol up),"{""dedupe_key"":""NIFTY|OPTION_MOMENTUM_PUT|OFF|2026-08-06 13:25"",""threshold"":1.5,""value"":0,""since_minute_bucket_ist"":""2026-08-06 13:24"",""last_updated_ist"":""2026-08-06 13:25:00""}"
2026-08-06 00:00:00,2026-08-06 13:25:00,251,NIFTY,WALL_UNWIND_CONFIRM_DOWN,ON,MED,-0.013,Put wall OI unwinding (5m),"{""dedupe_key"":""NIFTY|WALL_UNWIND_CONFIRM_DOWN|ON|2026-08-06 13:25"",""threshold"":-0.006,""value"":-0.013,""since_minute_bucket_ist"":"""",""last_updated_ist"":""2026-08-06 13:25:00""}"
2026-08-06 00:00:00,2026-08-06 13:26:00,252,NIFTY,FLOW_BEARISH_BUILD,ON,HIGH,0.0158,Bearish build (premium-confirmed writing / resistance),"{""dedupe_key"":""NIFTY|FLOW_BEARISH_BUILD|ON|2026-08-06 13:26"",""threshold"":0.005,""value"":0.0158,""since_minute_bucket_ist"":"""",""last_updated_ist"":""2026-08-06 13:26:00""}"
2026-08-06 00:00:00,2026-08-06 13:26:00,252,NIFTY,REGIME_TREND_DOWN,OFF,MED,-0.0011,Trend DOWN (slope + direction),"{""dedupe_key"":""NIFTY|REGIME_TREND_DOWN|OFF|2026-08-06 13:26"",""threshold"":-0.001,""value"":-0.0011,""since_minute_bucket_ist"":""2026-08-06 13:25"",""last_updated_ist"":""2026-08-06 13:26:00""}"
2026-08-06 00:00:00,2026-08-06 13:26:00,252,NIFTY,REGIME_TRANSITION_UNCERTAIN,ON,LOW,1,Transition/uncertain regime,"{""dedupe_key"":""NIFTY|REGIME_TRANSITION_UNCERTAIN|ON|2026-08-06 13:26"",""threshold"":1,""value"":1,""since_minute_bucket_ist"":"""",""last_updated_ist"":""2026-08-06 13:26:00""}"
2026-08-06 00:00:00,2026-08-06 13:26:00,252,NIFTY,OPTION_MOMENTUM_PUT,ON,MED,1.85,ATM PUT momentum (ltp up + vol up),"{""dedupe_key"":""NIFTY|OPTION_MOMENTUM_PUT|ON|2026-08-06 13:26"",""threshold"":1.5,""value"":1.85,""since_minute_bucket_ist"":"""",""last_updated_ist"":""2026-08-06 13:26:00""}"
2026-08-06 00:00:00,2026-08-06 13:26:00,252,NIFTY,STEALTH_BUILD_BEAR,ON,MED,0.0158,"Stealth bearish build (calls build, spot flat)","{""dedupe_key"":""NIFTY|STEALTH_BUILD_BEAR|ON|2026-08-06 13:26"",""threshold"":0.008,""value"":0.0158,""since_minute_bucket_ist"":"""",""last_updated_ist"":""2026-08-06 13:26:00""}"
2026-08-06 00:00:00,2026-08-06 13:27:00,253,NIFTY,FLOW_BEARISH_BUILD,OFF,HIGH,0.0046,Bearish build (premium-confirmed writing / resistance),"{""dedupe_key"":""NIFTY|FLOW_BEARISH_BUILD|OFF|2026-08-06 13:27"",""threshold"":0.005,""value"":0.0046,""since_minute_bucket_ist"":""2026-08-06 13:26"",""last_updated_ist"":""2026-08-06 13:27:00""}"
2026-08-06 00:00:00,2026-08-06 13:27:00,253,NIFTY,REGIME_RANGE_PIN,ON,LOW,0.0003,Range / pin (inside local walls),"{""dedupe_key"":""NIFTY|REGIME_RANGE_PIN|ON|2026-08-06 13:27"",""threshold"":0.001,""value"":0.0003,""since_minute_bucket_ist"":"""",""last_updated_ist"":""2026-08-06 13:27:00""}"
2026-08-06 00:00:00,2026-08-06 13:27:00,253,NIFTY,REGIME_TRANSITION_UNCERTAIN,OFF,LOW,1,Transition/uncertain regime,"{""dedupe_key"":""NIFTY|REGIME_TRANSITION_UNCERTAIN|OFF|2026-08-06 13:27"",""threshold"":1,""value"":1,""since_minute_bucket_ist"":""2026-08-06 13:26"",""last_updated_ist"":""2026-08-06 13:27:00""}"
2026-08-06 00:00:00,2026-08-06 13:27:00,253,NIFTY,OPTION_MOMENTUM_CALL,ON,MED,4.35,ATM CALL momentum (ltp up + vol up),"{""dedupe_key"":""NIFTY|OPTION_MOMENTUM_CALL|ON|2026-08-06 13:27"",""threshold"":1.5,""value"":4.35,""since_minute_bucket_ist"":"""",""last_updated_ist"":""2026-08-06 13:27:00""}"
2026-08-06 00:00:00,2026-08-06 13:27:00,253,NIFTY,OPTION_MOMENTUM_PUT,OFF,MED,-3.1,ATM PUT momentum (ltp up + vol up),"{""dedupe_key"":""NIFTY|OPTION_MOMENTUM_PUT|OFF|2026-08-06 13:27"",""threshold"":1.5,""value"":-3.1,""since_minute_bucket_ist"":""2026-08-06 13:26"",""last_updated_ist"":""2026-08-06 13:27:00""}"
2026-08-06 00:00:00,2026-08-06 13:27:00,253,NIFTY,STEALTH_BUILD_BEAR,OFF,MED,0.0046,"Stealth bearish build (calls build, spot flat)","{""dedupe_key"":""NIFTY|STEALTH_BUILD_BEAR|OFF|2026-08-06 13:27"",""threshold"":0.008,""value"":0.0046,""since_minute_bucket_ist"":""2026-08-06 13:26"",""last_updated_ist"":""2026-08-06 13:27:00""}"
2026-08-06 00:00:00,2026-08-06 13:28:00,254,NIFTY,OPTION_MOMENTUM_CALL,OFF,MED,0,ATM CALL momentum (ltp up + vol up),"{""dedupe_key"":""NIFTY|OPTION_MOMENTUM_CALL|OFF|2026-08-06 13:28"",""threshold"":1.5,""value"":0,""since_minute_bucket_ist"":""2026-08-06 13:27"",""last_updated_ist"":""2026-08-06 13:28:00""}"
2026-08-06 00:00:00,2026-08-06 13:29:00,255,NIFTY,VOL_EXPANSION,OFF,MED,-0.0168,Volatility expanding (straddle up),"{""dedupe_key"":""NIFTY|VOL_EXPANSION|OFF|2026-08-06 13:29"",""threshold"":0.02,""value"":-0.0168,""since_minute_bucket_ist"":""2026-08-06 13:24"",""last_updated_ist"":""2026-08-06 13:29:00""}"
2026-08-06 00:00:00,2026-08-06 13:29:00,255,NIFTY,OPTION_MOMENTUM_CALL,ON,MED,1.85,ATM CALL momentum (ltp up + vol up),"{""dedupe_key"":""NIFTY|OPTION_MOMENTUM_CALL|ON|2026-08-06 13:29"",""threshold"":1.5,""value"":1.85,""since_minute_bucket_ist"":"""",""last_updated_ist"":""2026-08-06 13:29:00""}"
2026-08-06 00:00:00,2026-08-06 13:30:00,256,NIFTY,OPTION_MOMENTUM_CALL,OFF,MED,-0.6,ATM CALL momentum (ltp up + vol up),"{""dedupe_key"":""NIFTY|OPTION_MOMENTUM_CALL|OFF|2026-08-06 13:30"",""threshold"":1.5,""value"":-0.6,""since_minute_bucket_ist"":""2026-08-06 13:29"",""last_updated_ist"":""2026-08-06 13:30:00""}"
2026-08-06 00:00:00,2026-08-06 13:31:00,257,NIFTY,FLOW_BULLISH_BUILD,ON,HIGH,0.0026,Bullish build (premium-confirmed writing / support),"{""dedupe_key"":""NIFTY|FLOW_BULLISH_BUILD|ON|2026-08-06 13:31"",""threshold"":0.005,""value"":0.0026,""since_minute_bucket_ist"":"""",""last_updated_ist"":""2026-08-06 13:31:00""}"
2026-08-06 00:00:00,2026-08-06 13:32:00,258,NIFTY,WALL_UNWIND_CONFIRM_DOWN,OFF,MED,0.0055,Put wall OI unwinding (5m),"{""dedupe_key"":""NIFTY|WALL_UNWIND_CONFIRM_DOWN|OFF|2026-08-06 13:32"",""threshold"":-0.006,""value"":0.0055,""since_minute_bucket_ist"":""2026-08-06 13:25"",""last_updated_ist"":""2026-08-06 13:32:00""}"
2026-08-06 00:00:00,2026-08-06 13:33:00,259,NIFTY,FLOW_BULLISH_BUILD,OFF,HIGH,0.001,Bullish build (premium-confirmed writing / support),"{""dedupe_key"":""NIFTY|FLOW_BULLISH_BUILD|OFF|2026-08-06 13:33"",""threshold"":0.005,""value"":0.001,""since_minute_bucket_ist"":""2026-08-06 13:31"",""last_updated_ist"":""2026-08-06 13:33:00""}"
2026-08-06 00:00:00,2026-08-06 13:33:00,259,NIFTY,REGIME_RANGE_PIN,OFF,LOW,0.0002,Range / pin (inside local walls),"{""dedupe_key"":""NIFTY|REGIME_RANGE_PIN|OFF|2026-08-06 13:33"",""threshold"":0.001,""value"":0.0002,""since_minute_bucket_ist"":""2026-08-06 13:27"",""last_updated_ist"":""2026-08-06 13:33:00""}"
2026-08-06 00:00:00,2026-08-06 13:33:00,259,NIFTY,REGIME_TRANSITION_UNCERTAIN,ON,LOW,1,Transition/uncertain regime,"{""dedupe_key"":""NIFTY|REGIME_TRANSITION_UNCERTAIN|ON|2026-08-06 13:33"",""threshold"":1,""value"":1,""since_minute_bucket_ist"":"""",""last_updated_ist"":""2026-08-06 13:33:00""}"
2026-08-06 00:00:00,2026-08-06 13:33:00,259,NIFTY,PIN_BASIC,OFF,LOW,37.5,Spot near a local wall (pin zone),"{""dedupe_key"":""NIFTY|PIN_BASIC|OFF|2026-08-06 13:33"",""threshold"":37.5,""value"":37.5,""since_minute_bucket_ist"":""2026-08-06 13:22"",""last_updated_ist"":""2026-08-06 13:33:00""}"
2026-08-06 00:00:00,2026-08-06 13:33:00,259,NIFTY,EXP_RANGE_BREAKOUT_WATCH_UP,ON,MED,24638.1,Expected-range watch UP,"{""dedupe_key"":""NIFTY|EXP_RANGE_BREAKOUT_WATCH_UP|ON|2026-08-06 13:33"",""threshold"":24634.72,""value"":24638.1,""since_minute_bucket_ist"":"""",""last_updated_ist"":""2026-08-06 13:33:00""}"
2026-08-06 00:00:00,2026-08-06 13:33:00,259,NIFTY,VOL_CONTRACTION,ON,LOW,-0.0026,Volatility contracting (straddle down),"{""dedupe_key"":""NIFTY|VOL_CONTRACTION|ON|2026-08-06 13:33"",""threshold"":-0.03,""value"":-0.0026,""since_minute_bucket_ist"":"""",""last_updated_ist"":""2026-08-06 13:33:00""}"
2026-08-06 00:00:00,2026-08-06 13:34:00,260,NIFTY,EXP_RANGE_BREAKOUT_CONFIRMED_UP,ON,HIGH,2,Expected-range breakout CONFIRMED UP,"{""dedupe_key"":""NIFTY|EXP_RANGE_BREAKOUT_CONFIRMED_UP|ON|2026-08-06 13:34"",""threshold"":2,""value"":2,""since_minute_bucket_ist"":"""",""last_updated_ist"":""2026-08-06 13:34:00""}"
2026-08-06 00:00:00,2026-08-06 13:34:00,260,NIFTY,OPTION_MOMENTUM_CALL,ON,MED,2.7,ATM CALL momentum (ltp up + vol up),"{""dedupe_key"":""NIFTY|OPTION_MOMENTUM_CALL|ON|2026-08-06 13:34"",""threshold"":1.5,""value"":2.7,""since_minute_bucket_ist"":"""",""last_updated_ist"":""2026-08-06 13:34:00""}"
2026-08-06 00:00:00,2026-08-06 13:34:00,260,NIFTY,WALL_UNWIND_CONFIRM_UP,ON,MED,-0.0068,Call wall OI unwinding (5m),"{""dedupe_key"":""NIFTY|WALL_UNWIND_CONFIRM_UP|ON|2026-08-06 13:34"",""threshold"":-0.006,""value"":-0.0068,""since_minute_bucket_ist"":"""",""last_updated_ist"":""2026-08-06 13:34:00""}"
2026-08-06 00:00:00,2026-08-06 13:35:00,261,NIFTY,REGIME_RANGE_PIN,ON,LOW,0.0001,Range / pin (inside local walls),"{""dedupe_key"":""NIFTY|REGIME_RANGE_PIN|ON|2026-08-06 13:35"",""threshold"":0.001,""value"":0.0001,""since_minute_bucket_ist"":"""",""last_updated_ist"":""2026-08-06 13:35:00""}"
2026-08-06 00:00:00,2026-08-06 13:35:00,261,NIFTY,REGIME_TRANSITION_UNCERTAIN,OFF,LOW,1,Transition/uncertain regime,"{""dedupe_key"":""NIFTY|REGIME_TRANSITION_UNCERTAIN|OFF|2026-08-06 13:35"",""threshold"":1,""value"":1,""since_minute_bucket_ist"":""2026-08-06 13:33"",""last_updated_ist"":""2026-08-06 13:35:00""}"
2026-08-06 00:00:00,2026-08-06 13:35:00,261,NIFTY,VOL_CONTRACTION,OFF,LOW,-0.0057,Volatility contracting (straddle down),"{""dedupe_key"":""NIFTY|VOL_CONTRACTION|OFF|2026-08-06 13:35"",""threshold"":-0.03,""value"":-0.0057,""since_minute_bucket_ist"":""2026-08-06 13:33"",""last_updated_ist"":""2026-08-06 13:35:00""}"
2026-08-06 00:00:00,2026-08-06 13:35:00,261,NIFTY,OPTION_MOMENTUM_CALL,OFF,MED,0,ATM CALL momentum (ltp up + vol up),"{""dedupe_key"":""NIFTY|OPTION_MOMENTUM_CALL|OFF|2026-08-06 13:35"",""threshold"":1.5,""value"":0,""since_minute_bucket_ist"":""2026-08-06 13:34"",""last_updated_ist"":""2026-08-06 13:35:00""}"
2026-08-06 00:00:00,2026-08-06 13:36:00,262,NIFTY,FLOW_BULLISH_BUILD,ON,HIGH,0.0092,Bullish build (premium-confirmed writing / support),"{""dedupe_key"":""NIFTY|FLOW_BULLISH_BUILD|ON|2026-08-06 13:36"",""threshold"":0.005,""value"":0.0092,""since_minute_bucket_ist"":"""",""last_updated_ist"":""2026-08-06 13:36:00""}"
2026-08-06 00:00:00,2026-08-06 13:36:00,262,NIFTY,REGIME_RANGE_PIN,OFF,LOW,0.0002,Range / pin (inside local walls),"{""dedupe_key"":""NIFTY|REGIME_RANGE_PIN|OFF|2026-08-06 13:36"",""threshold"":0.001,""value"":0.0002,""since_minute_bucket_ist"":""2026-08-06 13:35"",""last_updated_ist"":""2026-08-06 13:36:00""}"
2026-08-06 00:00:00,2026-08-06 13:36:00,262,NIFTY,REGIME_TRANSITION_UNCERTAIN,ON,LOW,1,Transition/uncertain regime,"{""dedupe_key"":""NIFTY|REGIME_TRANSITION_UNCERTAIN|ON|2026-08-06 13:36"",""threshold"":1,""value"":1,""since_minute_bucket_ist"":"""",""last_updated_ist"":""2026-08-06 13:36:00""}"
2026-08-06 00:00:00,2026-08-06 13:36:00,262,NIFTY,OPTION_MOMENTUM_CALL,ON,MED,5.05,ATM CALL momentum (ltp up + vol up),"{""dedupe_key"":""NIFTY|OPTION_MOMENTUM_CALL|ON|2026-08-06 13:36"",""threshold"":1.5,""value"":5.05,""since_minute_bucket_ist"":"""",""last_updated_ist"":""2026-08-06 13:36:00""}"
2026-08-06 00:00:00,2026-08-06 13:36:00,262,NIFTY,CHURN_COMMITTED,ON,MED,0.0004,Price move + aligned flow (committed),"{""dedupe_key"":""NIFTY|CHURN_COMMITTED|ON|2026-08-06 13:36"",""threshold"":0.0001,""value"":0.0004,""since_minute_bucket_ist"":"""",""last_updated_ist"":""2026-08-06 13:36:00""}"
2026-08-06 00:00:00,2026-08-06 13:37:00,263,NIFTY,TRADE_LIMIT_REACHED,ON,MED,13,Cooldown active (2m),"{""dedupe_key"":""NIFTY|TRADE_LIMIT_REACHED|ON|2026-08-06 13:37"",""threshold"":500,""value"":13,""since_minute_bucket_ist"":"""",""last_updated_ist"":""2026-08-06 13:37:00""}"
2026-08-06 00:00:00,2026-08-06 13:37:00,263,NIFTY,REGIME_TREND_UP,ON,MED,0.001,Trend UP (slope + direction),"{""dedupe_key"":""NIFTY|REGIME_TREND_UP|ON|2026-08-06 13:37"",""threshold"":0.001,""value"":0.001,""since_minute_bucket_ist"":"""",""last_updated_ist"":""2026-08-06 13:37:00""}"
2026-08-06 00:00:00,2026-08-06 13:37:00,263,NIFTY,REGIME_TRANSITION_UNCERTAIN,OFF,LOW,1,Transition/uncertain regime,"{""dedupe_key"":""NIFTY|REGIME_TRANSITION_UNCERTAIN|OFF|2026-08-06 13:37"",""threshold"":1,""value"":1,""since_minute_bucket_ist"":""2026-08-06 13:36"",""last_updated_ist"":""2026-08-06 13:37:00""}"
2026-08-06 00:00:00,2026-08-06 13:37:00,263,NIFTY,STEALTH_BUILD_BULL,ON,MED,0.0101,"Stealth bullish build (puts build, spot flat)","{""dedupe_key"":""NIFTY|STEALTH_BUILD_BULL|ON|2026-08-06 13:37"",""threshold"":0.008,""value"":0.0101,""since_minute_bucket_ist"":"""",""last_updated_ist"":""2026-08-06 13:37:00""}"
2026-08-06 00:00:00,2026-08-06 13:38:00,264,NIFTY,TRADE_LIMIT_REACHED,OFF,MED,13,Cooldown active (2m),"{""dedupe_key"":""NIFTY|TRADE_LIMIT_REACHED|OFF|2026-08-06 13:38"",""threshold"":500,""value"":13,""since_minute_bucket_ist"":""2026-08-06 13:37"",""last_updated_ist"":""2026-08-06 13:38:00""}"
2026-08-06 00:00:00,2026-08-06 13:38:00,264,NIFTY,FLOW_BULLISH_BUILD,OFF,HIGH,-0.0006,Bullish build (premium-confirmed writing / support),"{""dedupe_key"":""NIFTY|FLOW_BULLISH_BUILD|OFF|2026-08-06 13:38"",""threshold"":0.005,""value"":-0.0006,""since_minute_bucket_ist"":""2026-08-06 13:36"",""last_updated_ist"":""2026-08-06 13:38:00""}"
2026-08-06 00:00:00,2026-08-06 13:38:00,264,NIFTY,REGIME_TREND_UP,OFF,MED,-0.0001,Trend UP (slope + direction),"{""dedupe_key"":""NIFTY|REGIME_TREND_UP|OFF|2026-08-06 13:38"",""threshold"":0.001,""value"":-0.0001,""since_minute_bucket_ist"":""2026-08-06 13:37"",""last_updated_ist"":""2026-08-06 13:38:00""}"
2026-08-06 00:00:00,2026-08-06 13:38:00,264,NIFTY,REGIME_RANGE_PIN,ON,LOW,0.0004,Range / pin (inside local walls),"{""dedupe_key"":""NIFTY|REGIME_RANGE_PIN|ON|2026-08-06 13:38"",""threshold"":0.001,""value"":0.0004,""since_minute_bucket_ist"":"""",""last_updated_ist"":""2026-08-06 13:38:00""}"
2026-08-06 00:00:00,2026-08-06 13:38:00,264,NIFTY,PIN_BASIC,ON,LOW,37.5,Spot near a local wall (pin zone),"{""dedupe_key"":""NIFTY|PIN_BASIC|ON|2026-08-06 13:38"",""threshold"":37.5,""value"":37.5,""since_minute_bucket_ist"":"""",""last_updated_ist"":""2026-08-06 13:38:00""}"
2026-08-06 00:00:00,2026-08-06 13:38:00,264,NIFTY,EXP_RANGE_BREAKOUT_WATCH_UP,OFF,MED,24635.05,Expected-range watch UP,"{""dedupe_key"":""NIFTY|EXP_RANGE_BREAKOUT_WATCH_UP|OFF|2026-08-06 13:38"",""threshold"":24648.5,""value"":24635.05,""since_minute_bucket_ist"":""2026-08-06 13:33"",""last_updated_ist"":""2026-08-06 13:38:00""}"
2026-08-06 00:00:00,2026-08-06 13:38:00,264,NIFTY,EXP_RANGE_BREAKOUT_CONFIRMED_UP,OFF,HIGH,0,Expected-range breakout CONFIRMED UP,"{""dedupe_key"":""NIFTY|EXP_RANGE_BREAKOUT_CONFIRMED_UP|OFF|2026-08-06 13:38"",""threshold"":2,""value"":0,""since_minute_bucket_ist"":""2026-08-06 13:34"",""last_updated_ist"":""2026-08-06 13:38:00""}"
2026-08-06 00:00:00,2026-08-06 13:38:00,264,NIFTY,OPTION_MOMENTUM_CALL,OFF,MED,-3.65,ATM CALL momentum (ltp up + vol up),"{""dedupe_key"":""NIFTY|OPTION_MOMENTUM_CALL|OFF|2026-08-06 13:38"",""threshold"":1.5,""value"":-3.65,""since_minute_bucket_ist"":""2026-08-06 13:36"",""last_updated_ist"":""2026-08-06 13:38:00""}"
2026-08-06 00:00:00,2026-08-06 13:38:00,264,NIFTY,OPTION_MOMENTUM_PUT,ON,MED,4,ATM PUT momentum (ltp up + vol up),"{""dedupe_key"":""NIFTY|OPTION_MOMENTUM_PUT|ON|2026-08-06 13:38"",""threshold"":1.5,""value"":4,""since_minute_bucket_ist"":"""",""last_updated_ist"":""2026-08-06 13:38:00""}"
2026-08-06 00:00:00,2026-08-06 13:38:00,264,NIFTY,CHURN_COMMITTED,OFF,MED,-0.0008,Price move + aligned flow (committed),"{""dedupe_key"":""NIFTY|CHURN_COMMITTED|OFF|2026-08-06 13:38"",""threshold"":0.0001,""value"":-0.0008,""since_minute_bucket_ist"":""2026-08-06 13:36"",""last_updated_ist"":""2026-08-06 13:38:00""}"
2026-08-06 00:00:00,2026-08-06 13:38:00,264,NIFTY,STEALTH_BUILD_BULL,OFF,MED,-0.0006,"Stealth bullish build (puts build, spot flat)","{""dedupe_key"":""NIFTY|STEALTH_BUILD_BULL|OFF|2026-08-06 13:38"",""threshold"":0.008,""value"":-0.0006,""since_minute_bucket_ist"":""2026-08-06 13:37"",""last_updated_ist"":""2026-08-06 13:38:00""}"
2026-08-06 00:00:00,2026-08-06 13:39:00,265,NIFTY,FLOW_BULLISH_BUILD,ON,HIGH,0.0038,Bullish build (premium-confirmed writing / support),"{""dedupe_key"":""NIFTY|FLOW_BULLISH_BUILD|ON|2026-08-06 13:39"",""threshold"":0.005,""value"":0.0038,""since_minute_bucket_ist"":"""",""last_updated_ist"":""2026-08-06 13:39:00""}"
2026-08-06 00:00:00,2026-08-06 13:39:00,265,NIFTY,VOL_CONTRACTION,ON,LOW,-0.0015,Volatility contracting (straddle down),"{""dedupe_key"":""NIFTY|VOL_CONTRACTION|ON|2026-08-06 13:39"",""threshold"":-0.03,""value"":-0.0015,""since_minute_bucket_ist"":"""",""last_updated_ist"":""2026-08-06 13:39:00""}"
2026-08-06 00:00:00,2026-08-06 13:39:00,265,NIFTY,OPTION_MOMENTUM_PUT,OFF,MED,0.75,ATM PUT momentum (ltp up + vol up),"{""dedupe_key"":""NIFTY|OPTION_MOMENTUM_PUT|OFF|2026-08-06 13:39"",""threshold"":1.5,""value"":0.75,""since_minute_bucket_ist"":""2026-08-06 13:38"",""last_updated_ist"":""2026-08-06 13:39:00""}"
2026-08-06 00:00:00,2026-08-06 13:40:00,266,NIFTY,FLOW_BULLISH_BUILD,OFF,HIGH,0.008,Bullish build (premium-confirmed writing / support),"{""dedupe_key"":""NIFTY|FLOW_BULLISH_BUILD|OFF|2026-08-06 13:40"",""threshold"":0.005,""value"":0.008,""since_minute_bucket_ist"":""2026-08-06 13:39"",""last_updated_ist"":""2026-08-06 13:40:00""}"
2026-08-06 00:00:00,2026-08-06 13:40:00,266,NIFTY,OPTION_MOMENTUM_PUT,ON,MED,1.95,ATM PUT momentum (ltp up + vol up),"{""dedupe_key"":""NIFTY|OPTION_MOMENTUM_PUT|ON|2026-08-06 13:40"",""threshold"":1.5,""value"":1.95,""since_minute_bucket_ist"":"""",""last_updated_ist"":""2026-08-06 13:40:00""}"
2026-08-06 00:00:00,2026-08-06 13:41:00,267,NIFTY,PIN_BASIC,OFF,LOW,37.5,Spot near a local wall (pin zone),"{""dedupe_key"":""NIFTY|PIN_BASIC|OFF|2026-08-06 13:41"",""threshold"":37.5,""value"":37.5,""since_minute_bucket_ist"":""2026-08-06 13:38"",""last_updated_ist"":""2026-08-06 13:41:00""}"
2026-08-06 00:00:00,2026-08-06 13:41:00,267,NIFTY,OPTION_MOMENTUM_PUT,OFF,MED,-0.25,ATM PUT momentum (ltp up + vol up),"{""dedupe_key"":""NIFTY|OPTION_MOMENTUM_PUT|OFF|2026-08-06 13:41"",""threshold"":1.5,""value"":-0.25,""since_minute_bucket_ist"":""2026-08-06 13:40"",""last_updated_ist"":""2026-08-06 13:41:00""}"
2026-08-06 00:00:00,2026-08-06 13:42:00,268,NIFTY,FLOW_BEARISH_BUILD,ON,HIGH,0.0045,Bearish build (premium-confirmed writing / resistance),"{""dedupe_key"":""NIFTY|FLOW_BEARISH_BUILD|ON|2026-08-06 13:42"",""threshold"":0.005,""value"":0.0045,""since_minute_bucket_ist"":"""",""last_updated_ist"":""2026-08-06 13:42:00""}"
2026-08-06 00:00:00,2026-08-06 13:42:00,268,NIFTY,REGIME_RANGE_PIN,OFF,LOW,0.0004,Range / pin (inside local walls),"{""dedupe_key"":""NIFTY|REGIME_RANGE_PIN|OFF|2026-08-06 13:42"",""threshold"":0.001,""value"":0.0004,""since_minute_bucket_ist"":""2026-08-06 13:38"",""last_updated_ist"":""2026-08-06 13:42:00""}"
2026-08-06 00:00:00,2026-08-06 13:42:00,268,NIFTY,REGIME_TRANSITION_UNCERTAIN,ON,LOW,1,Transition/uncertain regime,"{""dedupe_key"":""NIFTY|REGIME_TRANSITION_UNCERTAIN|ON|2026-08-06 13:42"",""threshold"":1,""value"":1,""since_minute_bucket_ist"":"""",""last_updated_ist"":""2026-08-06 13:42:00""}"
2026-08-06 00:00:00,2026-08-06 13:42:00,268,NIFTY,PIN_BASIC,ON,LOW,37.5,Spot near a local wall (pin zone),"{""dedupe_key"":""NIFTY|PIN_BASIC|ON|2026-08-06 13:42"",""threshold"":37.5,""value"":37.5,""since_minute_bucket_ist"":"""",""last_updated_ist"":""2026-08-06 13:42:00""}"
2026-08-06 00:00:00,2026-08-06 13:42:00,268,NIFTY,PIN_BREAKOUT_SETUP,ON,MED,-5.25,Pin breakout setup (wall touch + aligned flow),"{""dedupe_key"":""NIFTY|PIN_BREAKOUT_SETUP|ON|2026-08-06 13:42"",""threshold"":0,""value"":-5.25,""since_minute_bucket_ist"":"""",""last_updated_ist"":""2026-08-06 13:42:00""}"
2026-08-06 00:00:00,2026-08-06 13:42:00,268,NIFTY,OPTION_MOMENTUM_PUT,ON,MED,1.7,ATM PUT momentum (ltp up + vol up),"{""dedupe_key"":""NIFTY|OPTION_MOMENTUM_PUT|ON|2026-08-06 13:42"",""threshold"":1.5,""value"":1.7,""since_minute_bucket_ist"":"""",""last_updated_ist"":""2026-08-06 13:42:00""}"
2026-08-06 00:00:00,2026-08-06 13:42:00,268,NIFTY,CHURN_COMMITTED,ON,MED,-0.0002,Price move + aligned flow (committed),"{""dedupe_key"":""NIFTY|CHURN_COMMITTED|ON|2026-08-06 13:42"",""threshold"":0.0001,""value"":-0.0002,""since_minute_bucket_ist"":"""",""last_updated_ist"":""2026-08-06 13:42:00""}"
2026-08-06 00:00:00,2026-08-06 13:42:00,268,NIFTY,WALL_PRESSURE_BREAK_SETUP,ON,MED,-5.25,Pressure building into a wall (break setup),"{""dedupe_key"":""NIFTY|WALL_PRESSURE_BREAK_SETUP|ON|2026-08-06 13:42"",""threshold"":0,""value"":-5.25,""since_minute_bucket_ist"":"""",""last_updated_ist"":""2026-08-06 13:42:00""}"
2026-08-06 00:00:00,2026-08-06 13:43:00,269,NIFTY,FLOW_BEARISH_BUILD,OFF,HIGH,0,Bearish build (premium-confirmed writing / resistance),"{""dedupe_key"":""NIFTY|FLOW_BEARISH_BUILD|OFF|2026-08-06 13:43"",""threshold"":0.005,""value"":0,""since_minute_bucket_ist"":""2026-08-06 13:42"",""last_updated_ist"":""2026-08-06 13:43:00""}"
2026-08-06 00:00:00,2026-08-06 13:43:00,269,NIFTY,REGIME_RANGE_PIN,ON,LOW,0.0003,Range / pin (inside local walls),"{""dedupe_key"":""NIFTY|REGIME_RANGE_PIN|ON|2026-08-06 13:43"",""threshold"":0.001,""value"":0.0003,""since_minute_bucket_ist"":"""",""last_updated_ist"":""2026-08-06 13:43:00""}"
2026-08-06 00:00:00,2026-08-06 13:43:00,269,NIFTY,REGIME_TRANSITION_UNCERTAIN,OFF,LOW,1,Transition/uncertain regime,"{""dedupe_key"":""NIFTY|REGIME_TRANSITION_UNCERTAIN|OFF|2026-08-06 13:43"",""threshold"":1,""value"":1,""since_minute_bucket_ist"":""2026-08-06 13:42"",""last_updated_ist"":""2026-08-06 13:43:00""}"
2026-08-06 00:00:00,2026-08-06 13:43:00,269,NIFTY,PIN_BREAKOUT_SETUP,OFF,MED,-4.75,Pin breakout setup (wall touch + aligned flow),"{""dedupe_key"":""NIFTY|PIN_BREAKOUT_SETUP|OFF|2026-08-06 13:43"",""threshold"":0,""value"":-4.75,""since_minute_bucket_ist"":""2026-08-06 13:42"",""last_updated_ist"":""2026-08-06 13:43:00""}"
2026-08-06 00:00:00,2026-08-06 13:43:00,269,NIFTY,VOL_CONTRACTION,OFF,LOW,-0.0039,Volatility contracting (straddle down),"{""dedupe_key"":""NIFTY|VOL_CONTRACTION|OFF|2026-08-06 13:43"",""threshold"":-0.03,""value"":-0.0039,""since_minute_bucket_ist"":""2026-08-06 13:39"",""last_updated_ist"":""2026-08-06 13:43:00""}"
2026-08-06 00:00:00,2026-08-06 13:43:00,269,NIFTY,OPTION_MOMENTUM_PUT,OFF,MED,1.2,ATM PUT momentum (ltp up + vol up),"{""dedupe_key"":""NIFTY|OPTION_MOMENTUM_PUT|OFF|2026-08-06 13:43"",""threshold"":1.5,""value"":1.2,""since_minute_bucket_ist"":""2026-08-06 13:42"",""last_updated_ist"":""2026-08-06 13:43:00""}"
2026-08-06 00:00:00,2026-08-06 13:43:00,269,NIFTY,CHURN_COMMITTED,OFF,MED,-0.0002,Price move + aligned flow (committed),"{""dedupe_key"":""NIFTY|CHURN_COMMITTED|OFF|2026-08-06 13:43"",""threshold"":0.0001,""value"":-0.0002,""since_minute_bucket_ist"":""2026-08-06 13:42"",""last_updated_ist"":""2026-08-06 13:43:00""}"
2026-08-06 00:00:00,2026-08-06 13:43:00,269,NIFTY,WALL_PRESSURE_BREAK_SETUP,OFF,MED,-4.75,Pressure building into a wall (break setup),"{""dedupe_key"":""NIFTY|WALL_PRESSURE_BREAK_SETUP|OFF|2026-08-06 13:43"",""threshold"":0,""value"":-4.75,""since_minute_bucket_ist"":""2026-08-06 13:42"",""last_updated_ist"":""2026-08-06 13:43:00""}"
2026-08-06 00:00:00,2026-08-06 13:44:00,270,NIFTY,OPTION_MOMENTUM_PUT,ON,MED,3.4,ATM PUT momentum (ltp up + vol up),"{""dedupe_key"":""NIFTY|OPTION_MOMENTUM_PUT|ON|2026-08-06 13:44"",""threshold"":1.5,""value"":3.4,""since_minute_bucket_ist"":"""",""last_updated_ist"":""2026-08-06 13:44:00""}"
2026-08-06 00:00:00,2026-08-06 13:44:00,270,NIFTY,WALL_UNWIND_CONFIRM_DOWN,ON,MED,-0.0092,Put wall OI unwinding (5m),"{""dedupe_key"":""NIFTY|WALL_UNWIND_CONFIRM_DOWN|ON|2026-08-06 13:44"",""threshold"":-0.006,""value"":-0.0092,""since_minute_bucket_ist"":"""",""last_updated_ist"":""2026-08-06 13:44:00""}"
2026-08-06 00:00:00,2026-08-06 13:45:00,271,NIFTY,OPTION_MOMENTUM_PUT,OFF,MED,-2.15,ATM PUT momentum (ltp up + vol up),"{""dedupe_key"":""NIFTY|OPTION_MOMENTUM_PUT|OFF|2026-08-06 13:45"",""threshold"":1.5,""value"":-2.15,""since_minute_bucket_ist"":""2026-08-06 13:44"",""last_updated_ist"":""2026-08-06 13:45:00""}"
2026-08-06 00:00:00,2026-08-06 13:45:00,271,NIFTY,WALL_UNWIND_CONFIRM_UP,OFF,MED,0.0082,Call wall OI unwinding (5m),"{""dedupe_key"":""NIFTY|WALL_UNWIND_CONFIRM_UP|OFF|2026-08-06 13:45"",""threshold"":-0.006,""value"":0.0082,""since_minute_bucket_ist"":""2026-08-06 13:34"",""last_updated_ist"":""2026-08-06 13:45:00""}"
2026-08-06 00:00:00,2026-08-06 13:46:00,272,NIFTY,FLOW_BEARISH_BUILD,ON,HIGH,0.0056,Bearish build (premium-confirmed writing / resistance),"{""dedupe_key"":""NIFTY|FLOW_BEARISH_BUILD|ON|2026-08-06 13:46"",""threshold"":0.005,""value"":0.0056,""since_minute_bucket_ist"":"""",""last_updated_ist"":""2026-08-06 13:46:00""}"
2026-08-06 00:00:00,2026-08-06 13:46:00,272,NIFTY,PIN_BREAKOUT_SETUP,ON,MED,-3.100000000002183,Pin breakout setup (wall touch + aligned flow),"{""dedupe_key"":""NIFTY|PIN_BREAKOUT_SETUP|ON|2026-08-06 13:46"",""threshold"":0,""value"":-3.100000000002183,""since_minute_bucket_ist"":"""",""last_updated_ist"":""2026-08-06 13:46:00""}"
2026-08-06 00:00:00,2026-08-06 13:46:00,272,NIFTY,OPTION_MOMENTUM_PUT,ON,MED,2.45,ATM PUT momentum (ltp up + vol up),"{""dedupe_key"":""NIFTY|OPTION_MOMENTUM_PUT|ON|2026-08-06 13:46"",""threshold"":1.5,""value"":2.45,""since_minute_bucket_ist"":"""",""last_updated_ist"":""2026-08-06 13:46:00""}"
2026-08-06 00:00:00,2026-08-06 13:46:00,272,NIFTY,CHURN_COMMITTED,ON,MED,-0.0001,Price move + aligned flow (committed),"{""dedupe_key"":""NIFTY|CHURN_COMMITTED|ON|2026-08-06 13:46"",""threshold"":0.0001,""value"":-0.0001,""since_minute_bucket_ist"":"""",""last_updated_ist"":""2026-08-06 13:46:00""}"
2026-08-06 00:00:00,2026-08-06 13:46:00,272,NIFTY,WALL_PRESSURE_BREAK_SETUP,ON,MED,-3.100000000002183,Pressure building into a wall (break setup),"{""dedupe_key"":""NIFTY|WALL_PRESSURE_BREAK_SETUP|ON|2026-08-06 13:46"",""threshold"":0,""value"":-3.100000000002183,""since_minute_bucket_ist"":"""",""last_updated_ist"":""2026-08-06 13:46:00""}"
2026-08-06 00:00:00,2026-08-06 13:47:00,273,NIFTY,TRADE_LIMIT_REACHED,ON,MED,14,Cooldown active (2m),"{""dedupe_key"":""NIFTY|TRADE_LIMIT_REACHED|ON|2026-08-06 13:47"",""threshold"":500,""value"":14,""since_minute_bucket_ist"":"""",""last_updated_ist"":""2026-08-06 13:47:00""}"
2026-08-06 00:00:00,2026-08-06 13:47:00,273,NIFTY,FLOW_BEARISH_BUILD,OFF,HIGH,-0.0004,Bearish build (premium-confirmed writing / resistance),"{""dedupe_key"":""NIFTY|FLOW_BEARISH_BUILD|OFF|2026-08-06 13:47"",""threshold"":0.005,""value"":-0.0004,""since_minute_bucket_ist"":""2026-08-06 13:46"",""last_updated_ist"":""2026-08-06 13:47:00""}"
2026-08-06 00:00:00,2026-08-06 13:47:00,273,NIFTY,REGIME_RANGE_PIN,OFF,LOW,0.0002,Range / pin (inside local walls),"{""dedupe_key"":""NIFTY|REGIME_RANGE_PIN|OFF|2026-08-06 13:47"",""threshold"":0.001,""value"":0.0002,""since_minute_bucket_ist"":""2026-08-06 13:43"",""last_updated_ist"":""2026-08-06 13:47:00""}"
2026-08-06 00:00:00,2026-08-06 13:47:00,273,NIFTY,REGIME_TRANSITION_UNCERTAIN,ON,LOW,1,Transition/uncertain regime,"{""dedupe_key"":""NIFTY|REGIME_TRANSITION_UNCERTAIN|ON|2026-08-06 13:47"",""threshold"":1,""value"":1,""since_minute_bucket_ist"":"""",""last_updated_ist"":""2026-08-06 13:47:00""}"
2026-08-06 00:00:00,2026-08-06 13:47:00,273,NIFTY,PIN_BREAKOUT_SETUP,OFF,MED,-12.549999999999272,Pin breakout setup (wall touch + aligned flow),"{""dedupe_key"":""NIFTY|PIN_BREAKOUT_SETUP|OFF|2026-08-06 13:47"",""threshold"":0,""value"":-12.549999999999272,""since_minute_bucket_ist"":""2026-08-06 13:46"",""last_updated_ist"":""2026-08-06 13:47:00""}"
2026-08-06 00:00:00,2026-08-06 13:47:00,273,NIFTY,EXP_RANGE_BREAKOUT_WATCH_DOWN,ON,MED,24615.8,Expected-range watch DOWN,"{""dedupe_key"":""NIFTY|EXP_RANGE_BREAKOUT_WATCH_DOWN|ON|2026-08-06 13:47"",""threshold"":24621.06,""value"":24615.8,""since_minute_bucket_ist"":"""",""last_updated_ist"":""2026-08-06 13:47:00""}"
2026-08-06 00:00:00,2026-08-06 13:47:00,273,NIFTY,VOL_EXPANSION,ON,MED,0.022,Volatility expanding (straddle up),"{""dedupe_key"":""NIFTY|VOL_EXPANSION|ON|2026-08-06 13:47"",""threshold"":0.02,""value"":0.022,""since_minute_bucket_ist"":"""",""last_updated_ist"":""2026-08-06 13:47:00""}"
2026-08-06 00:00:00,2026-08-06 13:47:00,273,NIFTY,CHURN_COMMITTED,OFF,MED,-0.0005,Price move + aligned flow (committed),"{""dedupe_key"":""NIFTY|CHURN_COMMITTED|OFF|2026-08-06 13:47"",""threshold"":0.0001,""value"":-0.0005,""since_minute_bucket_ist"":""2026-08-06 13:46"",""last_updated_ist"":""2026-08-06 13:47:00""}"
2026-08-06 00:00:00,2026-08-06 13:47:00,273,NIFTY,WALL_PRESSURE_BREAK_SETUP,OFF,MED,-12.549999999999272,Pressure building into a wall (break setup),"{""dedupe_key"":""NIFTY|WALL_PRESSURE_BREAK_SETUP|OFF|2026-08-06 13:47"",""threshold"":0,""value"":-12.549999999999272,""since_minute_bucket_ist"":""2026-08-06 13:46"",""last_updated_ist"":""2026-08-06 13:47:00""}"
2026-08-06 00:00:00,2026-08-06 13:48:00,274,NIFTY,EXP_RANGE_BREAKOUT_CONFIRMED_DOWN,ON,HIGH,2,Expected-range breakout CONFIRMED DOWN,"{""dedupe_key"":""NIFTY|EXP_RANGE_BREAKOUT_CONFIRMED_DOWN|ON|2026-08-06 13:48"",""threshold"":2,""value"":2,""since_minute_bucket_ist"":"""",""last_updated_ist"":""2026-08-06 13:48:00""}"
2026-08-06 00:00:00,2026-08-06 13:48:00,274,NIFTY,OPTION_MOMENTUM_PUT,OFF,MED,0,ATM PUT momentum (ltp up + vol up),"{""dedupe_key"":""NIFTY|OPTION_MOMENTUM_PUT|OFF|2026-08-06 13:48"",""threshold"":1.5,""value"":0,""since_minute_bucket_ist"":""2026-08-06 13:46"",""last_updated_ist"":""2026-08-06 13:48:00""}"
2026-08-06 00:00:00,2026-08-06 13:49:00,275,NIFTY,TRADE_LIMIT_REACHED,OFF,MED,14,Cooldown active (2m),"{""dedupe_key"":""NIFTY|TRADE_LIMIT_REACHED|OFF|2026-08-06 13:49"",""threshold"":500,""value"":14,""since_minute_bucket_ist"":""2026-08-06 13:47"",""last_updated_ist"":""2026-08-06 13:49:00""}"
2026-08-06 00:00:00,2026-08-06 13:49:00,275,NIFTY,FLOW_BEARISH_BUILD,ON,HIGH,0.0046,Bearish build (premium-confirmed writing / resistance),"{""dedupe_key"":""NIFTY|FLOW_BEARISH_BUILD|ON|2026-08-06 13:49"",""threshold"":0.005,""value"":0.0046,""since_minute_bucket_ist"":"""",""last_updated_ist"":""2026-08-06 13:49:00""}"
2026-08-06 00:00:00,2026-08-06 13:49:00,275,NIFTY,PIN_BREAKOUT_SETUP,ON,MED,-0.7000000000007276,Pin breakout setup (wall touch + aligned flow),"{""dedupe_key"":""NIFTY|PIN_BREAKOUT_SETUP|ON|2026-08-06 13:49"",""threshold"":0,""value"":-0.7000000000007276,""since_minute_bucket_ist"":"""",""last_updated_ist"":""2026-08-06 13:49:00""}"
2026-08-06 00:00:00,2026-08-06 13:49:00,275,NIFTY,WALL_PRESSURE_BREAK_SETUP,ON,MED,-0.7000000000007276,Pressure building into a wall (break setup),"{""dedupe_key"":""NIFTY|WALL_PRESSURE_BREAK_SETUP|ON|2026-08-06 13:49"",""threshold"":0,""value"":-0.7000000000007276,""since_minute_bucket_ist"":"""",""last_updated_ist"":""2026-08-06 13:49:00""}"
2026-08-06 00:00:00,2026-08-06 13:50:00,276,NIFTY,FLOW_BEARISH_BUILD,OFF,HIGH,0.0032,Bearish build (premium-confirmed writing / resistance),"{""dedupe_key"":""NIFTY|FLOW_BEARISH_BUILD|OFF|2026-08-06 13:50"",""threshold"":0.005,""value"":0.0032,""since_minute_bucket_ist"":""2026-08-06 13:49"",""last_updated_ist"":""2026-08-06 13:50:00""}"
2026-08-06 00:00:00,2026-08-06 13:50:00,276,NIFTY,PIN_BREAKOUT_SETUP,OFF,MED,-2.349999999998545,Pin breakout setup (wall touch + aligned flow),"{""dedupe_key"":""NIFTY|PIN_BREAKOUT_SETUP|OFF|2026-08-06 13:50"",""threshold"":0,""value"":-2.349999999998545,""since_minute_bucket_ist"":""2026-08-06 13:49"",""last_updated_ist"":""2026-08-06 13:50:00""}"
2026-08-06 00:00:00,2026-08-06 13:50:00,276,NIFTY,WALL_PRESSURE_BREAK_SETUP,OFF,MED,-2.349999999998545,Pressure building into a wall (break setup),"{""dedupe_key"":""NIFTY|WALL_PRESSURE_BREAK_SETUP|OFF|2026-08-06 13:50"",""threshold"":0,""value"":-2.349999999998545,""since_minute_bucket_ist"":""2026-08-06 13:49"",""last_updated_ist"":""2026-08-06 13:50:00""}"
2026-08-06 00:00:00,2026-08-06 13:51:00,277,NIFTY,FLOW_BEARISH_BUILD,ON,HIGH,0.0049,Bearish build (premium-confirmed writing / resistance),"{""dedupe_key"":""NIFTY|FLOW_BEARISH_BUILD|ON|2026-08-06 13:51"",""threshold"":0.005,""value"":0.0049,""since_minute_bucket_ist"":"""",""last_updated_ist"":""2026-08-06 13:51:00""}"
2026-08-06 00:00:00,2026-08-06 13:51:00,277,NIFTY,PIN_BREAKOUT_SETUP,ON,MED,-3.900000000001455,Pin breakout setup (wall touch + aligned flow),"{""dedupe_key"":""NIFTY|PIN_BREAKOUT_SETUP|ON|2026-08-06 13:51"",""threshold"":0,""value"":-3.900000000001455,""since_minute_bucket_ist"":"""",""last_updated_ist"":""2026-08-06 13:51:00""}"
2026-08-06 00:00:00,2026-08-06 13:51:00,277,NIFTY,OPTION_MOMENTUM_PUT,ON,MED,1.75,ATM PUT momentum (ltp up + vol up),"{""dedupe_key"":""NIFTY|OPTION_MOMENTUM_PUT|ON|2026-08-06 13:51"",""threshold"":1.5,""value"":1.75,""since_minute_bucket_ist"":"""",""last_updated_ist"":""2026-08-06 13:51:00""}"
2026-08-06 00:00:00,2026-08-06 13:51:00,277,NIFTY,CHURN_COMMITTED,ON,MED,-0.0002,Price move + aligned flow (committed),"{""dedupe_key"":""NIFTY|CHURN_COMMITTED|ON|2026-08-06 13:51"",""threshold"":0.0001,""value"":-0.0002,""since_minute_bucket_ist"":"""",""last_updated_ist"":""2026-08-06 13:51:00""}"
2026-08-06 00:00:00,2026-08-06 13:51:00,277,NIFTY,WALL_PRESSURE_BREAK_SETUP,ON,MED,-3.900000000001455,Pressure building into a wall (break setup),"{""dedupe_key"":""NIFTY|WALL_PRESSURE_BREAK_SETUP|ON|2026-08-06 13:51"",""threshold"":0,""value"":-3.900000000001455,""since_minute_bucket_ist"":"""",""last_updated_ist"":""2026-08-06 13:51:00""}"
2026-08-06 00:00:00,2026-08-06 13:52:00,278,NIFTY,TRADE_LIMIT_REACHED,ON,MED,15,Cooldown active (2m),"{""dedupe_key"":""NIFTY|TRADE_LIMIT_REACHED|ON|2026-08-06 13:52"",""threshold"":500,""value"":15,""since_minute_bucket_ist"":"""",""last_updated_ist"":""2026-08-06 13:52:00""}"
2026-08-06 00:00:00,2026-08-06 13:52:00,278,NIFTY,FLOW_BEARISH_BUILD,OFF,HIGH,0.0014,Bearish build (premium-confirmed writing / resistance),"{""dedupe_key"":""NIFTY|FLOW_BEARISH_BUILD|OFF|2026-08-06 13:52"",""threshold"":0.005,""value"":0.0014,""since_minute_bucket_ist"":""2026-08-06 13:51"",""last_updated_ist"":""2026-08-06 13:52:00""}"
2026-08-06 00:00:00,2026-08-06 13:52:00,278,NIFTY,REGIME_RANGE_PIN,ON,LOW,0.0003,Range / pin (inside local walls),"{""dedupe_key"":""NIFTY|REGIME_RANGE_PIN|ON|2026-08-06 13:52"",""threshold"":0.001,""value"":0.0003,""since_minute_bucket_ist"":"""",""last_updated_ist"":""2026-08-06 13:52:00""}"
2026-08-06 00:00:00,2026-08-06 13:52:00,278,NIFTY,REGIME_TRANSITION_UNCERTAIN,OFF,LOW,1,Transition/uncertain regime,"{""dedupe_key"":""NIFTY|REGIME_TRANSITION_UNCERTAIN|OFF|2026-08-06 13:52"",""threshold"":1,""value"":1,""since_minute_bucket_ist"":""2026-08-06 13:47"",""last_updated_ist"":""2026-08-06 13:52:00""}"
2026-08-06 00:00:00,2026-08-06 13:52:00,278,NIFTY,PIN_BREAKOUT_SETUP,OFF,MED,16.850000000002183,Pin breakout setup (wall touch + aligned flow),"{""dedupe_key"":""NIFTY|PIN_BREAKOUT_SETUP|OFF|2026-08-06 13:52"",""threshold"":0,""value"":16.850000000002183,""since_minute_bucket_ist"":""2026-08-06 13:51"",""last_updated_ist"":""2026-08-06 13:52:00""}"
2026-08-06 00:00:00,2026-08-06 13:52:00,278,NIFTY,EXP_RANGE_BREAKOUT_WATCH_DOWN,OFF,MED,24625.7,Expected-range watch DOWN,"{""dedupe_key"":""NIFTY|EXP_RANGE_BREAKOUT_WATCH_DOWN|OFF|2026-08-06 13:52"",""threshold"":24611.14,""value"":24625.7,""since_minute_bucket_ist"":""2026-08-06 13:47"",""last_updated_ist"":""2026-08-06 13:52:00""}"
2026-08-06 00:00:00,2026-08-06 13:52:00,278,NIFTY,EXP_RANGE_BREAKOUT_CONFIRMED_DOWN,OFF,HIGH,0,Expected-range breakout CONFIRMED DOWN,"{""dedupe_key"":""NIFTY|EXP_RANGE_BREAKOUT_CONFIRMED_DOWN|OFF|2026-08-06 13:52"",""threshold"":2,""value"":0,""since_minute_bucket_ist"":""2026-08-06 13:48"",""last_updated_ist"":""2026-08-06 13:52:00""}"
2026-08-06 00:00:00,2026-08-06 13:52:00,278,NIFTY,VOL_EXPANSION,OFF,MED,-0.0153,Volatility expanding (straddle up),"{""dedupe_key"":""NIFTY|VOL_EXPANSION|OFF|2026-08-06 13:52"",""threshold"":0.02,""value"":-0.0153,""since_minute_bucket_ist"":""2026-08-06 13:47"",""last_updated_ist"":""2026-08-06 13:52:00""}"
2026-08-06 00:00:00,2026-08-06 13:52:00,278,NIFTY,OPTION_MOMENTUM_CALL,ON,MED,3.7,ATM CALL momentum (ltp up + vol up),"{""dedupe_key"":""NIFTY|OPTION_MOMENTUM_CALL|ON|2026-08-06 13:52"",""threshold"":1.5,""value"":3.7,""since_minute_bucket_ist"":"""",""last_updated_ist"":""2026-08-06 13:52:00""}"
2026-08-06 00:00:00,2026-08-06 13:52:00,278,NIFTY,OPTION_MOMENTUM_PUT,OFF,MED,-6.45,ATM PUT momentum (ltp up + vol up),"{""dedupe_key"":""NIFTY|OPTION_MOMENTUM_PUT|OFF|2026-08-06 13:52"",""threshold"":1.5,""value"":-6.45,""since_minute_bucket_ist"":""2026-08-06 13:51"",""last_updated_ist"":""2026-08-06 13:52:00""}"
2026-08-06 00:00:00,2026-08-06 13:52:00,278,NIFTY,CHURN_COMMITTED,OFF,MED,0.0007,Price move + aligned flow (committed),"{""dedupe_key"":""NIFTY|CHURN_COMMITTED|OFF|2026-08-06 13:52"",""threshold"":0.0001,""value"":0.0007,""since_minute_bucket_ist"":""2026-08-06 13:51"",""last_updated_ist"":""2026-08-06 13:52:00""}"
2026-08-06 00:00:00,2026-08-06 13:52:00,278,NIFTY,WALL_PRESSURE_BREAK_SETUP,OFF,MED,16.850000000002183,Pressure building into a wall (break setup),"{""dedupe_key"":""NIFTY|WALL_PRESSURE_BREAK_SETUP|OFF|2026-08-06 13:52"",""threshold"":0,""value"":16.850000000002183,""since_minute_bucket_ist"":""2026-08-06 13:51"",""last_updated_ist"":""2026-08-06 13:52:00""}"
2026-08-06 00:00:00,2026-08-06 13:53:00,279,NIFTY,TRADE_LIMIT_REACHED,OFF,MED,15,Cooldown active (2m),"{""dedupe_key"":""NIFTY|TRADE_LIMIT_REACHED|OFF|2026-08-06 13:53"",""threshold"":500,""value"":15,""since_minute_bucket_ist"":""2026-08-06 13:52"",""last_updated_ist"":""2026-08-06 13:53:00""}"
2026-08-06 00:00:00,2026-08-06 13:53:00,279,NIFTY,REGIME_RANGE_PIN,OFF,LOW,0.0003,Range / pin (inside local walls),"{""dedupe_key"":""NIFTY|REGIME_RANGE_PIN|OFF|2026-08-06 13:53"",""threshold"":0.001,""value"":0.0003,""since_minute_bucket_ist"":""2026-08-06 13:52"",""last_updated_ist"":""2026-08-06 13:53:00""}"
2026-08-06 00:00:00,2026-08-06 13:53:00,279,NIFTY,REGIME_TRANSITION_UNCERTAIN,ON,LOW,1,Transition/uncertain regime,"{""dedupe_key"":""NIFTY|REGIME_TRANSITION_UNCERTAIN|ON|2026-08-06 13:53"",""threshold"":1,""value"":1,""since_minute_bucket_ist"":"""",""last_updated_ist"":""2026-08-06 13:53:00""}"
2026-08-06 00:00:00,2026-08-06 13:53:00,279,NIFTY,VOL_CONTRACTION,ON,LOW,-0.032,Volatility contracting (straddle down),"{""dedupe_key"":""NIFTY|VOL_CONTRACTION|ON|2026-08-06 13:53"",""threshold"":-0.03,""value"":-0.032,""since_minute_bucket_ist"":"""",""last_updated_ist"":""2026-08-06 13:53:00""}"
2026-08-06 00:00:00,2026-08-06 13:54:00,280,NIFTY,OPTION_MOMENTUM_CALL,OFF,MED,0,ATM CALL momentum (ltp up + vol up),"{""dedupe_key"":""NIFTY|OPTION_MOMENTUM_CALL|OFF|2026-08-06 13:54"",""threshold"":1.5,""value"":0,""since_minute_bucket_ist"":""2026-08-06 13:52"",""last_updated_ist"":""2026-08-06 13:54:00""}"
2026-08-06 00:00:00,2026-08-06 13:55:00,281,NIFTY,OPTION_MOMENTUM_PUT,ON,MED,1.95,ATM PUT momentum (ltp up + vol up),"{""dedupe_key"":""NIFTY|OPTION_MOMENTUM_PUT|ON|2026-08-06 13:55"",""threshold"":1.5,""value"":1.95,""since_minute_bucket_ist"":"""",""last_updated_ist"":""2026-08-06 13:55:00""}"
2026-08-06 00:00:00,2026-08-06 13:55:00,281,NIFTY,STEALTH_BUILD_BULL,ON,MED,0.011,"Stealth bullish build (puts build, spot flat)","{""dedupe_key"":""NIFTY|STEALTH_BUILD_BULL|ON|2026-08-06 13:55"",""threshold"":0.008,""value"":0.011,""since_minute_bucket_ist"":"""",""last_updated_ist"":""2026-08-06 13:55:00""}"
2026-08-06 00:00:00,2026-08-06 13:56:00,282,NIFTY,OPTION_MOMENTUM_PUT,OFF,MED,0,ATM PUT momentum (ltp up + vol up),"{""dedupe_key"":""NIFTY|OPTION_MOMENTUM_PUT|OFF|2026-08-06 13:56"",""threshold"":1.5,""value"":0,""since_minute_bucket_ist"":""2026-08-06 13:55"",""last_updated_ist"":""2026-08-06 13:56:00""}"
2026-08-06 00:00:00,2026-08-06 13:56:00,282,NIFTY,WALL_UNWIND_CONFIRM_DOWN,OFF,MED,0.0023,Put wall OI unwinding (5m),"{""dedupe_key"":""NIFTY|WALL_UNWIND_CONFIRM_DOWN|OFF|2026-08-06 13:56"",""threshold"":-0.006,""value"":0.0023,""since_minute_bucket_ist"":""2026-08-06 13:44"",""last_updated_ist"":""2026-08-06 13:56:00""}"
2026-08-06 00:00:00,2026-08-06 13:56:00,282,NIFTY,STEALTH_BUILD_BULL,OFF,MED,0,"Stealth bullish build (puts build, spot flat)","{""dedupe_key"":""NIFTY|STEALTH_BUILD_BULL|OFF|2026-08-06 13:56"",""threshold"":0.008,""value"":0,""since_minute_bucket_ist"":""2026-08-06 13:55"",""last_updated_ist"":""2026-08-06 13:56:00""}"
2026-08-06 00:00:00,2026-08-06 13:57:00,283,NIFTY,FLOW_BEARISH_BUILD,ON,HIGH,0,Bearish build (premium-confirmed writing / resistance),"{""dedupe_key"":""NIFTY|FLOW_BEARISH_BUILD|ON|2026-08-06 13:57"",""threshold"":0.005,""value"":0,""since_minute_bucket_ist"":"""",""last_updated_ist"":""2026-08-06 13:57:00""}"
2026-08-06 00:00:00,2026-08-06 13:57:00,283,NIFTY,REGIME_RANGE_PIN,ON,LOW,0.0003,Range / pin (inside local walls),"{""dedupe_key"":""NIFTY|REGIME_RANGE_PIN|ON|2026-08-06 13:57"",""threshold"":0.001,""value"":0.0003,""since_minute_bucket_ist"":"""",""last_updated_ist"":""2026-08-06 13:57:00""}"
2026-08-06 00:00:00,2026-08-06 13:57:00,283,NIFTY,REGIME_TRANSITION_UNCERTAIN,OFF,LOW,1,Transition/uncertain regime,"{""dedupe_key"":""NIFTY|REGIME_TRANSITION_UNCERTAIN|OFF|2026-08-06 13:57"",""threshold"":1,""value"":1,""since_minute_bucket_ist"":""2026-08-06 13:53"",""last_updated_ist"":""2026-08-06 13:57:00""}"
2026-08-06 00:00:00,2026-08-06 13:57:00,283,NIFTY,VOL_CONTRACTION,OFF,LOW,0.0008,Volatility contracting (straddle down),"{""dedupe_key"":""NIFTY|VOL_CONTRACTION|OFF|2026-08-06 13:57"",""threshold"":-0.03,""value"":0.0008,""since_minute_bucket_ist"":""2026-08-06 13:53"",""last_updated_ist"":""2026-08-06 13:57:00""}"
2026-08-06 00:00:00,2026-08-06 13:58:00,284,NIFTY,FLOW_BULLISH_BUILD,ON,HIGH,0.007,Bullish build (premium-confirmed writing / support),"{""dedupe_key"":""NIFTY|FLOW_BULLISH_BUILD|ON|2026-08-06 13:58"",""threshold"":0.005,""value"":0.007,""since_minute_bucket_ist"":"""",""last_updated_ist"":""2026-08-06 13:58:00""}"
2026-08-06 00:00:00,2026-08-06 13:58:00,284,NIFTY,FLOW_BEARISH_BUILD,OFF,HIGH,-0.0013,Bearish build (premium-confirmed writing / resistance),"{""dedupe_key"":""NIFTY|FLOW_BEARISH_BUILD|OFF|2026-08-06 13:58"",""threshold"":0.005,""value"":-0.0013,""since_minute_bucket_ist"":""2026-08-06 13:57"",""last_updated_ist"":""2026-08-06 13:58:00""}"
2026-08-06 00:00:00,2026-08-06 13:58:00,284,NIFTY,VOL_EXPANSION,ON,MED,0.0229,Volatility expanding (straddle up),"{""dedupe_key"":""NIFTY|VOL_EXPANSION|ON|2026-08-06 13:58"",""threshold"":0.02,""value"":0.0229,""since_minute_bucket_ist"":"""",""last_updated_ist"":""2026-08-06 13:58:00""}"
2026-08-06 00:00:00,2026-08-06 14:00:00,285,NIFTY,REGIME_RANGE_PIN,OFF,LOW,0.0004,Range / pin (inside local walls),"{""dedupe_key"":""NIFTY|REGIME_RANGE_PIN|OFF|2026-08-06 14:00"",""threshold"":0.001,""value"":0.0004,""since_minute_bucket_ist"":""2026-08-06 13:57"",""last_updated_ist"":""2026-08-06 14:00:00""}"
2026-08-06 00:00:00,2026-08-06 14:00:00,285,NIFTY,REGIME_TRANSITION_UNCERTAIN,ON,LOW,1,Transition/uncertain regime,"{""dedupe_key"":""NIFTY|REGIME_TRANSITION_UNCERTAIN|ON|2026-08-06 14:00"",""threshold"":1,""value"":1,""since_minute_bucket_ist"":"""",""last_updated_ist"":""2026-08-06 14:00:00""}"
2026-08-06 00:00:00,2026-08-06 14:00:00,285,NIFTY,PIN_BASIC,OFF,LOW,1900-02-05 12:00:00,Spot near a local wall (pin zone),"{""dedupe_key"":""NIFTY|PIN_BASIC|OFF|2026-08-06 14:00"",""threshold"":37.5,""value"":37.5,""since_minute_bucket_ist"":""2026-08-06 13:42"",""last_updated_ist"":""2026-08-06 14:00:00""}"
2026-08-06 00:00:00,2026-08-06 14:00:00,285,NIFTY,EXP_RANGE_BREAKOUT_WATCH_UP,ON,MED,24647.1,Expected-range watch UP,"{""dedupe_key"":""NIFTY|EXP_RANGE_BREAKOUT_WATCH_UP|ON|2026-08-06 14:00"",""threshold"":24638.13,""value"":24647.1,""since_minute_bucket_ist"":"""",""last_updated_ist"":""2026-08-06 14:00:00""}"
2026-08-06 00:00:00,2026-08-06 14:00:00,285,NIFTY,VOL_EXPANSION,OFF,MED,-0.0028,Volatility expanding (straddle up),"{""dedupe_key"":""NIFTY|VOL_EXPANSION|OFF|2026-08-06 14:00"",""threshold"":0.02,""value"":-0.0028,""since_minute_bucket_ist"":""2026-08-06 13:58"",""last_updated_ist"":""2026-08-06 14:00:00""}"
2026-08-06 00:00:00,2026-08-06 14:00:00,285,NIFTY,OPTION_MOMENTUM_CALL,ON,MED,4.9,ATM CALL momentum (ltp up + vol up),"{""dedupe_key"":""NIFTY|OPTION_MOMENTUM_CALL|ON|2026-08-06 14:00"",""threshold"":1.5,""value"":4.9,""since_minute_bucket_ist"":"""",""last_updated_ist"":""2026-08-06 14:00:00""}"
2026-08-06 00:00:00,2026-08-06 14:00:00,285,NIFTY,WALL_UNWIND_CONFIRM_UP,ON,MED,-0.0148,Call wall OI unwinding (5m),"{""dedupe_key"":""NIFTY|WALL_UNWIND_CONFIRM_UP|ON|2026-08-06 14:00"",""threshold"":-0.006,""value"":-0.0148,""since_minute_bucket_ist"":"""",""last_updated_ist"":""2026-08-06 14:00:00""}"
2026-08-06 00:00:00,2026-08-06 14:00:00,285,NIFTY,CHURN_COMMITTED,ON,MED,0.001,Price move + aligned flow (committed),"{""dedupe_key"":""NIFTY|CHURN_COMMITTED|ON|2026-08-06 14:00"",""threshold"":0.0001,""value"":0.001,""since_minute_bucket_ist"":"""",""last_updated_ist"":""2026-08-06 14:00:00""}"
2026-08-06 00:00:00,2026-08-06 14:00:00,286,NIFTY,FLOW_BULLISH_BUILD,OFF,HIGH,0,Bullish build (premium-confirmed writing / support),"{""dedupe_key"":""NIFTY|FLOW_BULLISH_BUILD|OFF|2026-08-06 14:00"",""threshold"":0.005,""value"":0,""since_minute_bucket_ist"":""2026-08-06 13:58"",""last_updated_ist"":""2026-08-06 14:00:00""}"
2026-08-06 00:00:00,2026-08-06 14:00:00,286,NIFTY,EXP_RANGE_BREAKOUT_CONFIRMED_UP,ON,HIGH,2,Expected-range breakout CONFIRMED UP,"{""dedupe_key"":""NIFTY|EXP_RANGE_BREAKOUT_CONFIRMED_UP|ON|2026-08-06 14:00"",""threshold"":2,""value"":2,""since_minute_bucket_ist"":"""",""last_updated_ist"":""2026-08-06 14:00:00""}"
2026-08-06 00:00:00,2026-08-06 14:00:00,286,NIFTY,OPTION_MOMENTUM_CALL,OFF,MED,0,ATM CALL momentum (ltp up + vol up),"{""dedupe_key"":""NIFTY|OPTION_MOMENTUM_CALL|OFF|2026-08-06 14:00"",""threshold"":1.5,""value"":0,""since_minute_bucket_ist"":""2026-08-06 14:00"",""last_updated_ist"":""2026-08-06 14:00:00""}"
2026-08-06 00:00:00,2026-08-06 14:00:00,286,NIFTY,CHURN_COMMITTED,OFF,MED,0,Price move + aligned flow (committed),"{""dedupe_key"":""NIFTY|CHURN_COMMITTED|OFF|2026-08-06 14:00"",""threshold"":0.0001,""value"":0,""since_minute_bucket_ist"":""2026-08-06 14:00"",""last_updated_ist"":""2026-08-06 14:00:00""}"
2026-08-06 00:00:00,2026-08-06 14:01:00,287,NIFTY,FLOW_BULLISH_BUILD,ON,HIGH,0.0023,Bullish build (premium-confirmed writing / support),"{""dedupe_key"":""NIFTY|FLOW_BULLISH_BUILD|ON|2026-08-06 14:01"",""threshold"":0.005,""value"":0.0023,""since_minute_bucket_ist"":"""",""last_updated_ist"":""2026-08-06 14:01:00""}"
2026-08-06 00:00:00,2026-08-06 14:01:00,287,NIFTY,REGIME_RANGE_PIN,ON,LOW,0.0004,Range / pin (inside local walls),"{""dedupe_key"":""NIFTY|REGIME_RANGE_PIN|ON|2026-08-06 14:01"",""threshold"":0.001,""value"":0.0004,""since_minute_bucket_ist"":"""",""last_updated_ist"":""2026-08-06 14:01:00""}"
2026-08-06 00:00:00,2026-08-06 14:01:00,287,NIFTY,REGIME_TRANSITION_UNCERTAIN,OFF,LOW,1,Transition/uncertain regime,"{""dedupe_key"":""NIFTY|REGIME_TRANSITION_UNCERTAIN|OFF|2026-08-06 14:01"",""threshold"":1,""value"":1,""since_minute_bucket_ist"":""2026-08-06 14:00"",""last_updated_ist"":""2026-08-06 14:01:00""}"
2026-08-06 00:00:00,2026-08-06 14:01:00,287,NIFTY,EXP_RANGE_BREAKOUT_WATCH_UP,OFF,MED,24639.35,Expected-range watch UP,"{""dedupe_key"":""NIFTY|EXP_RANGE_BREAKOUT_WATCH_UP|OFF|2026-08-06 14:01"",""threshold"":24644.47,""value"":24639.35,""since_minute_bucket_ist"":""2026-08-06 14:00"",""last_updated_ist"":""2026-08-06 14:01:00""}"
2026-08-06 00:00:00,2026-08-06 14:01:00,287,NIFTY,EXP_RANGE_BREAKOUT_CONFIRMED_UP,OFF,HIGH,0,Expected-range breakout CONFIRMED UP,"{""dedupe_key"":""NIFTY|EXP_RANGE_BREAKOUT_CONFIRMED_UP|OFF|2026-08-06 14:01"",""threshold"":2,""value"":0,""since_minute_bucket_ist"":""2026-08-06 14:00"",""last_updated_ist"":""2026-08-06 14:01:00""}"
2026-08-06 00:00:00,2026-08-06 14:01:00,287,NIFTY,OPTION_MOMENTUM_CALL,ON,MED,1.6,ATM CALL momentum (ltp up + vol up),"{""dedupe_key"":""NIFTY|OPTION_MOMENTUM_CALL|ON|2026-08-06 14:01"",""threshold"":1.5,""value"":1.6,""since_minute_bucket_ist"":"""",""last_updated_ist"":""2026-08-06 14:01:00""}"
2026-08-06 00:00:00,2026-08-06 14:02:00,288,NIFTY,VOL_CONTRACTION,ON,LOW,-0.0283,Volatility contracting (straddle down),"{""dedupe_key"":""NIFTY|VOL_CONTRACTION|ON|2026-08-06 14:02"",""threshold"":-0.03,""value"":-0.0283,""since_minute_bucket_ist"":"""",""last_updated_ist"":""2026-08-06 14:02:00""}"
2026-08-06 00:00:00,2026-08-06 14:02:00,288,NIFTY,OPTION_MOMENTUM_CALL,OFF,MED,-0.3,ATM CALL momentum (ltp up + vol up),"{""dedupe_key"":""NIFTY|OPTION_MOMENTUM_CALL|OFF|2026-08-06 14:02"",""threshold"":1.5,""value"":-0.3,""since_minute_bucket_ist"":""2026-08-06 14:01"",""last_updated_ist"":""2026-08-06 14:02:00""}"
2026-08-06 00:00:00,2026-08-06 14:02:00,288,NIFTY,STEALTH_BUILD_BULL,ON,MED,0.0156,"Stealth bullish build (puts build, spot flat)","{""dedupe_key"":""NIFTY|STEALTH_BUILD_BULL|ON|2026-08-06 14:02"",""threshold"":0.008,""value"":0.0156,""since_minute_bucket_ist"":"""",""last_updated_ist"":""2026-08-06 14:02:00""}"
2026-08-06 00:00:00,2026-08-06 14:03:00,289,NIFTY,REGIME_RANGE_PIN,OFF,LOW,0.0004,Range / pin (inside local walls),"{""dedupe_key"":""NIFTY|REGIME_RANGE_PIN|OFF|2026-08-06 14:03"",""threshold"":0.001,""value"":0.0004,""since_minute_bucket_ist"":""2026-08-06 14:01"",""last_updated_ist"":""2026-08-06 14:03:00""}"
2026-08-06 00:00:00,2026-08-06 14:03:00,289,NIFTY,REGIME_TRANSITION_UNCERTAIN,ON,LOW,1,Transition/uncertain regime,"{""dedupe_key"":""NIFTY|REGIME_TRANSITION_UNCERTAIN|ON|2026-08-06 14:03"",""threshold"":1,""value"":1,""since_minute_bucket_ist"":"""",""last_updated_ist"":""2026-08-06 14:03:00""}"
2026-08-06 00:00:00,2026-08-06 14:04:00,290,NIFTY,FLOW_BULLISH_BUILD,OFF,HIGH,0,Bullish build (premium-confirmed writing / support),"{""dedupe_key"":""NIFTY|FLOW_BULLISH_BUILD|OFF|2026-08-06 14:04"",""threshold"":0.005,""value"":0,""since_minute_bucket_ist"":""2026-08-06 14:01"",""last_updated_ist"":""2026-08-06 14:04:00""}"
2026-08-06 00:00:00,2026-08-06 14:04:00,290,NIFTY,REGIME_RANGE_PIN,ON,LOW,0.0004,Range / pin (inside local walls),"{""dedupe_key"":""NIFTY|REGIME_RANGE_PIN|ON|2026-08-06 14:04"",""threshold"":0.001,""value"":0.0004,""since_minute_bucket_ist"":"""",""last_updated_ist"":""2026-08-06 14:04:00""}"
2026-08-06 00:00:00,2026-08-06 14:04:00,290,NIFTY,REGIME_TRANSITION_UNCERTAIN,OFF,LOW,1,Transition/uncertain regime,"{""dedupe_key"":""NIFTY|REGIME_TRANSITION_UNCERTAIN|OFF|2026-08-06 14:04"",""threshold"":1,""value"":1,""since_minute_bucket_ist"":""2026-08-06 14:03"",""last_updated_ist"":""2026-08-06 14:04:00""}"
2026-08-06 00:00:00,2026-08-06 14:04:00,290,NIFTY,VOL_CONTRACTION,OFF,LOW,-0.0066,Volatility contracting (straddle down),"{""dedupe_key"":""NIFTY|VOL_CONTRACTION|OFF|2026-08-06 14:04"",""threshold"":-0.03,""value"":-0.0066,""since_minute_bucket_ist"":""2026-08-06 14:02"",""last_updated_ist"":""2026-08-06 14:04:00""}"
2026-08-06 00:00:00,2026-08-06 14:04:00,290,NIFTY,STEALTH_BUILD_BULL,OFF,MED,0,"Stealth bullish build (puts build, spot flat)","{""dedupe_key"":""NIFTY|STEALTH_BUILD_BULL|OFF|2026-08-06 14:04"",""threshold"":0.008,""value"":0,""since_minute_bucket_ist"":""2026-08-06 14:02"",""last_updated_ist"":""2026-08-06 14:04:00""}"
2026-08-06 00:00:00,2026-08-06 14:05:00,291,NIFTY,FLOW_BULLISH_BUILD,ON,HIGH,0.0105,Bullish build (premium-confirmed writing / support),"{""dedupe_key"":""NIFTY|FLOW_BULLISH_BUILD|ON|2026-08-06 14:05"",""threshold"":0.005,""value"":0.0105,""since_minute_bucket_ist"":"""",""last_updated_ist"":""2026-08-06 14:05:00""}"
2026-08-06 00:00:00,2026-08-06 14:05:00,291,NIFTY,EXP_RANGE_BREAKOUT_WATCH_UP,ON,MED,24649.9,Expected-range watch UP,"{""dedupe_key"":""NIFTY|EXP_RANGE_BREAKOUT_WATCH_UP|ON|2026-08-06 14:05"",""threshold"":24649.37,""value"":24649.9,""since_minute_bucket_ist"":"""",""last_updated_ist"":""2026-08-06 14:05:00""}"
2026-08-06 00:00:00,2026-08-06 14:05:00,291,NIFTY,VOL_CONTRACTION,ON,LOW,-0.0184,Volatility contracting (straddle down),"{""dedupe_key"":""NIFTY|VOL_CONTRACTION|ON|2026-08-06 14:05"",""threshold"":-0.03,""value"":-0.0184,""since_minute_bucket_ist"":"""",""last_updated_ist"":""2026-08-06 14:05:00""}"
2026-08-06 00:00:00,2026-08-06 14:05:00,291,NIFTY,OPTION_MOMENTUM_CALL,ON,MED,4.3,ATM CALL momentum (ltp up + vol up),"{""dedupe_key"":""NIFTY|OPTION_MOMENTUM_CALL|ON|2026-08-06 14:05"",""threshold"":1.5,""value"":4.3,""since_minute_bucket_ist"":"""",""last_updated_ist"":""2026-08-06 14:05:00""}"
2026-08-06 00:00:00,2026-08-06 14:05:00,291,NIFTY,CHURN_COMMITTED,ON,MED,0.0003,Price move + aligned flow (committed),"{""dedupe_key"":""NIFTY|CHURN_COMMITTED|ON|2026-08-06 14:05"",""threshold"":0.0001,""value"":0.0003,""since_minute_bucket_ist"":"""",""last_updated_ist"":""2026-08-06 14:05:00""}"
2026-08-06 00:00:00,2026-08-06 14:05:00,291,NIFTY,STEALTH_BUILD_BULL,ON,MED,0.0105,"Stealth bullish build (puts build, spot flat)","{""dedupe_key"":""NIFTY|STEALTH_BUILD_BULL|ON|2026-08-06 14:05"",""threshold"":0.008,""value"":0.0105,""since_minute_bucket_ist"":"""",""last_updated_ist"":""2026-08-06 14:05:00""}"
2026-08-06 00:00:00,2026-08-06 14:06:00,292,NIFTY,EXP_RANGE_BREAKOUT_WATCH_UP,OFF,MED,24651.4,Expected-range watch UP,"{""dedupe_key"":""NIFTY|EXP_RANGE_BREAKOUT_WATCH_UP|OFF|2026-08-06 14:06"",""threshold"":24651.79,""value"":24651.4,""since_minute_bucket_ist"":""2026-08-06 14:05"",""last_updated_ist"":""2026-08-06 14:06:00""}"
2026-08-06 00:00:00,2026-08-06 14:06:00,292,NIFTY,OPTION_MOMENTUM_CALL,OFF,MED,1.15,ATM CALL momentum (ltp up + vol up),"{""dedupe_key"":""NIFTY|OPTION_MOMENTUM_CALL|OFF|2026-08-06 14:06"",""threshold"":1.5,""value"":1.15,""since_minute_bucket_ist"":""2026-08-06 14:05"",""last_updated_ist"":""2026-08-06 14:06:00""}"
2026-08-06 00:00:00,2026-08-06 14:06:00,292,NIFTY,CHURN_COMMITTED,OFF,MED,0.0001,Price move + aligned flow (committed),"{""dedupe_key"":""NIFTY|CHURN_COMMITTED|OFF|2026-08-06 14:06"",""threshold"":0.0001,""value"":0.0001,""since_minute_bucket_ist"":""2026-08-06 14:05"",""last_updated_ist"":""2026-08-06 14:06:00""}"
2026-08-06 00:00:00,2026-08-06 14:06:00,292,NIFTY,STEALTH_BUILD_BULL,OFF,MED,0.0026,"Stealth bullish build (puts build, spot flat)","{""dedupe_key"":""NIFTY|STEALTH_BUILD_BULL|OFF|2026-08-06 14:06"",""threshold"":0.008,""value"":0.0026,""since_minute_bucket_ist"":""2026-08-06 14:05"",""last_updated_ist"":""2026-08-06 14:06:00""}"
2026-08-06 00:00:00,2026-08-06 14:07:00,293,NIFTY,FLOW_BULLISH_BUILD,OFF,HIGH,0.005,Bullish build (premium-confirmed writing / support),"{""dedupe_key"":""NIFTY|FLOW_BULLISH_BUILD|OFF|2026-08-06 14:07"",""threshold"":0.005,""value"":0.005,""since_minute_bucket_ist"":""2026-08-06 14:05"",""last_updated_ist"":""2026-08-06 14:07:00""}"
2026-08-06 00:00:00,2026-08-06 14:07:00,293,NIFTY,REGIME_RANGE_PIN,OFF,LOW,0.0002,Range / pin (inside local walls),"{""dedupe_key"":""NIFTY|REGIME_RANGE_PIN|OFF|2026-08-06 14:07"",""threshold"":0.001,""value"":0.0002,""since_minute_bucket_ist"":""2026-08-06 14:04"",""last_updated_ist"":""2026-08-06 14:07:00""}"
2026-08-06 00:00:00,2026-08-06 14:07:00,293,NIFTY,REGIME_TRANSITION_UNCERTAIN,ON,LOW,1,Transition/uncertain regime,"{""dedupe_key"":""NIFTY|REGIME_TRANSITION_UNCERTAIN|ON|2026-08-06 14:07"",""threshold"":1,""value"":1,""since_minute_bucket_ist"":"""",""last_updated_ist"":""2026-08-06 14:07:00""}"
2026-08-06 00:00:00,2026-08-06 14:07:00,293,NIFTY,EXP_RANGE_BREAKOUT_WATCH_UP,ON,MED,24656,Expected-range watch UP,"{""dedupe_key"":""NIFTY|EXP_RANGE_BREAKOUT_WATCH_UP|ON|2026-08-06 14:07"",""threshold"":24654.77,""value"":24656,""since_minute_bucket_ist"":"""",""last_updated_ist"":""2026-08-06 14:07:00""}"
2026-08-06 00:00:00,2026-08-06 14:07:00,293,NIFTY,VOL_CONTRACTION,OFF,LOW,-0.0051,Volatility contracting (straddle down),"{""dedupe_key"":""NIFTY|VOL_CONTRACTION|OFF|2026-08-06 14:07"",""threshold"":-0.03,""value"":-0.0051,""since_minute_bucket_ist"":""2026-08-06 14:05"",""last_updated_ist"":""2026-08-06 14:07:00""}"
2026-08-06 00:00:00,2026-08-06 14:07:00,293,NIFTY,OPTION_MOMENTUM_PUT,ON,MED,2.15,ATM PUT momentum (ltp up + vol up),"{""dedupe_key"":""NIFTY|OPTION_MOMENTUM_PUT|ON|2026-08-06 14:07"",""threshold"":1.5,""value"":2.15,""since_minute_bucket_ist"":"""",""last_updated_ist"":""2026-08-06 14:07:00""}"
2026-08-06 00:00:00,2026-08-06 14:08:00,294,NIFTY,EXP_RANGE_BREAKOUT_WATCH_UP,OFF,MED,24656,Expected-range watch UP,"{""dedupe_key"":""NIFTY|EXP_RANGE_BREAKOUT_WATCH_UP|OFF|2026-08-06 14:08"",""threshold"":24657.02,""value"":24656,""since_minute_bucket_ist"":""2026-08-06 14:07"",""last_updated_ist"":""2026-08-06 14:08:00""}"
2026-08-06 00:00:00,2026-08-06 14:08:00,294,NIFTY,OPTION_MOMENTUM_PUT,OFF,MED,0,ATM PUT momentum (ltp up + vol up),"{""dedupe_key"":""NIFTY|OPTION_MOMENTUM_PUT|OFF|2026-08-06 14:08"",""threshold"":1.5,""value"":0,""since_minute_bucket_ist"":""2026-08-06 14:07"",""last_updated_ist"":""2026-08-06 14:08:00""}"
2026-08-06 00:00:00,2026-08-06 14:09:00,295,NIFTY,REGIME_RANGE_PIN,ON,LOW,0.0001,Range / pin (inside local walls),"{""dedupe_key"":""NIFTY|REGIME_RANGE_PIN|ON|2026-08-06 14:09"",""threshold"":0.001,""value"":0.0001,""since_minute_bucket_ist"":"""",""last_updated_ist"":""2026-08-06 14:09:00""}"
2026-08-06 00:00:00,2026-08-06 14:09:00,295,NIFTY,REGIME_TRANSITION_UNCERTAIN,OFF,LOW,1,Transition/uncertain regime,"{""dedupe_key"":""NIFTY|REGIME_TRANSITION_UNCERTAIN|OFF|2026-08-06 14:09"",""threshold"":1,""value"":1,""since_minute_bucket_ist"":""2026-08-06 14:07"",""last_updated_ist"":""2026-08-06 14:09:00""}"
2026-08-06 00:00:00,2026-08-06 14:09:00,295,NIFTY,STEALTH_BUILD_BULL,ON,MED,0.0166,"Stealth bullish build (puts build, spot flat)","{""dedupe_key"":""NIFTY|STEALTH_BUILD_BULL|ON|2026-08-06 14:09"",""threshold"":0.008,""value"":0.0166,""since_minute_bucket_ist"":"""",""last_updated_ist"":""2026-08-06 14:09:00""}"
2026-08-06 00:00:00,2026-08-06 14:10:00,296,NIFTY,FLOW_BULLISH_BUILD,ON,HIGH,0.0024,Bullish build (premium-confirmed writing / support),"{""dedupe_key"":""NIFTY|FLOW_BULLISH_BUILD|ON|2026-08-06 14:10"",""threshold"":0.005,""value"":0.0024,""since_minute_bucket_ist"":"""",""last_updated_ist"":""2026-08-06 14:10:00""}"
2026-08-06 00:00:00,2026-08-06 14:10:00,296,NIFTY,STEALTH_BUILD_BULL,OFF,MED,0.0024,"Stealth bullish build (puts build, spot flat)","{""dedupe_key"":""NIFTY|STEALTH_BUILD_BULL|OFF|2026-08-06 14:10"",""threshold"":0.008,""value"":0.0024,""since_minute_bucket_ist"":""2026-08-06 14:09"",""last_updated_ist"":""2026-08-06 14:10:00""}"
2026-08-06 00:00:00,2026-08-06 14:13:00,299,NIFTY,FLOW_BULLISH_BUILD,OFF,HIGH,0.0018,Bullish build (premium-confirmed writing / support),"{""dedupe_key"":""NIFTY|FLOW_BULLISH_BUILD|OFF|2026-08-06 14:13"",""threshold"":0.005,""value"":0.0018,""since_minute_bucket_ist"":""2026-08-06 14:10"",""last_updated_ist"":""2026-08-06 14:13:00""}"
2026-08-06 00:00:00,2026-08-06 14:14:00,300,NIFTY,WALL_UNWIND_CONFIRM_UP,OFF,MED,0.0073,Call wall OI unwinding (5m),"{""dedupe_key"":""NIFTY|WALL_UNWIND_CONFIRM_UP|OFF|2026-08-06 14:14"",""threshold"":-0.006,""value"":0.0073,""since_minute_bucket_ist"":""2026-08-06 14:00"",""last_updated_ist"":""2026-08-06 14:14:00""}"
2026-08-06 00:00:00,2026-08-06 14:16:00,302,NIFTY,VOL_CONTRACTION,ON,LOW,-0.0044,Volatility contracting (straddle down),"{""dedupe_key"":""NIFTY|VOL_CONTRACTION|ON|2026-08-06 14:16"",""threshold"":-0.03,""value"":-0.0044,""since_minute_bucket_ist"":"""",""last_updated_ist"":""2026-08-06 14:16:00""}"
2026-08-06 00:00:00,2026-08-06 14:17:00,303,NIFTY,FLOW_BULLISH_BUILD,ON,HIGH,0.0046,Bullish build (premium-confirmed writing / support),"{""dedupe_key"":""NIFTY|FLOW_BULLISH_BUILD|ON|2026-08-06 14:17"",""threshold"":0.005,""value"":0.0046,""since_minute_bucket_ist"":"""",""last_updated_ist"":""2026-08-06 14:17:00""}"
2026-08-06 00:00:00,2026-08-06 14:17:00,303,NIFTY,VOL_CONTRACTION,OFF,LOW,0.0023,Volatility contracting (straddle down),"{""dedupe_key"":""NIFTY|VOL_CONTRACTION|OFF|2026-08-06 14:17"",""threshold"":-0.03,""value"":0.0023,""since_minute_bucket_ist"":""2026-08-06 14:16"",""last_updated_ist"":""2026-08-06 14:17:00""}"
2026-08-06 00:00:00,2026-08-06 14:17:00,303,NIFTY,OPTION_MOMENTUM_CALL,ON,MED,3.45,ATM CALL momentum (ltp up + vol up),"{""dedupe_key"":""NIFTY|OPTION_MOMENTUM_CALL|ON|2026-08-06 14:17"",""threshold"":1.5,""value"":3.45,""since_minute_bucket_ist"":"""",""last_updated_ist"":""2026-08-06 14:17:00""}"
2026-08-06 00:00:00,2026-08-06 14:18:00,304,NIFTY,VOL_CONTRACTION,ON,LOW,-0.0038,Volatility contracting (straddle down),"{""dedupe_key"":""NIFTY|VOL_CONTRACTION|ON|2026-08-06 14:18"",""threshold"":-0.03,""value"":-0.0038,""since_minute_bucket_ist"":"""",""last_updated_ist"":""2026-08-06 14:18:00""}"
2026-08-06 00:00:00,2026-08-06 14:18:00,304,NIFTY,OPTION_MOMENTUM_CALL,OFF,MED,-0.85,ATM CALL momentum (ltp up + vol up),"{""dedupe_key"":""NIFTY|OPTION_MOMENTUM_CALL|OFF|2026-08-06 14:18"",""threshold"":1.5,""value"":-0.85,""since_minute_bucket_ist"":""2026-08-06 14:17"",""last_updated_ist"":""2026-08-06 14:18:00""}"
2026-08-06 00:00:00,2026-08-06 14:18:00,304,NIFTY,CHURN_COMMITTED,ON,MED,0.0001,Price move + aligned flow (committed),"{""dedupe_key"":""NIFTY|CHURN_COMMITTED|ON|2026-08-06 14:18"",""threshold"":0.0001,""value"":0.0001,""since_minute_bucket_ist"":"""",""last_updated_ist"":""2026-08-06 14:18:00""}"
2026-08-06 00:00:00,2026-08-06 14:19:00,305,NIFTY,VOL_CONTRACTION,OFF,LOW,0.0008,Volatility contracting (straddle down),"{""dedupe_key"":""NIFTY|VOL_CONTRACTION|OFF|2026-08-06 14:19"",""threshold"":-0.03,""value"":0.0008,""since_minute_bucket_ist"":""2026-08-06 14:18"",""last_updated_ist"":""2026-08-06 14:19:00""}"
2026-08-06 00:00:00,2026-08-06 14:19:00,305,NIFTY,OPTION_MOMENTUM_CALL,ON,MED,3.25,ATM CALL momentum (ltp up + vol up),"{""dedupe_key"":""NIFTY|OPTION_MOMENTUM_CALL|ON|2026-08-06 14:19"",""threshold"":1.5,""value"":3.25,""since_minute_bucket_ist"":"""",""last_updated_ist"":""2026-08-06 14:19:00""}"
2026-08-06 00:00:00,2026-08-06 14:19:00,305,NIFTY,CHURN_COMMITTED,OFF,MED,0,Price move + aligned flow (committed),"{""dedupe_key"":""NIFTY|CHURN_COMMITTED|OFF|2026-08-06 14:19"",""threshold"":0.0001,""value"":0,""since_minute_bucket_ist"":""2026-08-06 14:18"",""last_updated_ist"":""2026-08-06 14:19:00""}"
2026-08-06 00:00:00,2026-08-06 14:20:00,306,NIFTY,FLOW_BULLISH_BUILD,OFF,HIGH,0.0004,Bullish build (premium-confirmed writing / support),"{""dedupe_key"":""NIFTY|FLOW_BULLISH_BUILD|OFF|2026-08-06 14:20"",""threshold"":0.005,""value"":0.0004,""since_minute_bucket_ist"":""2026-08-06 14:17"",""last_updated_ist"":""2026-08-06 14:20:00""}"
2026-08-06 00:00:00,2026-08-06 14:20:00,306,NIFTY,OPTION_MOMENTUM_CALL,OFF,MED,-1.65,ATM CALL momentum (ltp up + vol up),"{""dedupe_key"":""NIFTY|OPTION_MOMENTUM_CALL|OFF|2026-08-06 14:20"",""threshold"":1.5,""value"":-1.65,""since_minute_bucket_ist"":""2026-08-06 14:19"",""last_updated_ist"":""2026-08-06 14:20:00""}"
2026-08-06 00:00:00,2026-08-06 14:20:00,306,NIFTY,OPTION_MOMENTUM_PUT,ON,MED,1.6,ATM PUT momentum (ltp up + vol up),"{""dedupe_key"":""NIFTY|OPTION_MOMENTUM_PUT|ON|2026-08-06 14:20"",""threshold"":1.5,""value"":1.6,""since_minute_bucket_ist"":"""",""last_updated_ist"":""2026-08-06 14:20:00""}"
2026-08-06 00:00:00,2026-08-06 14:21:00,307,NIFTY,FLOW_BULLISH_BUILD,ON,HIGH,0.004,Bullish build (premium-confirmed writing / support),"{""dedupe_key"":""NIFTY|FLOW_BULLISH_BUILD|ON|2026-08-06 14:21"",""threshold"":0.005,""value"":0.004,""since_minute_bucket_ist"":"""",""last_updated_ist"":""2026-08-06 14:21:00""}"
2026-08-06 00:00:00,2026-08-06 14:21:00,307,NIFTY,VOL_EXPANSION,ON,MED,0.003,Volatility expanding (straddle up),"{""dedupe_key"":""NIFTY|VOL_EXPANSION|ON|2026-08-06 14:21"",""threshold"":0.02,""value"":0.003,""since_minute_bucket_ist"":"""",""last_updated_ist"":""2026-08-06 14:21:00""}"
2026-08-06 00:00:00,2026-08-06 14:21:00,307,NIFTY,OPTION_MOMENTUM_CALL,ON,MED,1.9,ATM CALL momentum (ltp up + vol up),"{""dedupe_key"":""NIFTY|OPTION_MOMENTUM_CALL|ON|2026-08-06 14:21"",""threshold"":1.5,""value"":1.9,""since_minute_bucket_ist"":"""",""last_updated_ist"":""2026-08-06 14:21:00""}"
2026-08-06 00:00:00,2026-08-06 14:21:00,307,NIFTY,OPTION_MOMENTUM_PUT,OFF,MED,-1.2,ATM PUT momentum (ltp up + vol up),"{""dedupe_key"":""NIFTY|OPTION_MOMENTUM_PUT|OFF|2026-08-06 14:21"",""threshold"":1.5,""value"":-1.2,""since_minute_bucket_ist"":""2026-08-06 14:20"",""last_updated_ist"":""2026-08-06 14:21:00""}"
2026-08-06 00:00:00,2026-08-06 14:22:00,308,NIFTY,FLOW_BULLISH_BUILD,OFF,HIGH,-0.0051,Bullish build (premium-confirmed writing / support),"{""dedupe_key"":""NIFTY|FLOW_BULLISH_BUILD|OFF|2026-08-06 14:22"",""threshold"":0.005,""value"":-0.0051,""since_minute_bucket_ist"":""2026-08-06 14:21"",""last_updated_ist"":""2026-08-06 14:22:00""}"
2026-08-06 00:00:00,2026-08-06 14:22:00,308,NIFTY,VOL_EXPANSION,OFF,MED,0.001,Volatility expanding (straddle up),"{""dedupe_key"":""NIFTY|VOL_EXPANSION|OFF|2026-08-06 14:22"",""threshold"":0.02,""value"":0.001,""since_minute_bucket_ist"":""2026-08-06 14:21"",""last_updated_ist"":""2026-08-06 14:22:00""}"
2026-08-06 00:00:00,2026-08-06 14:22:00,308,NIFTY,OPTION_MOMENTUM_CALL,OFF,MED,-4.5,ATM CALL momentum (ltp up + vol up),"{""dedupe_key"":""NIFTY|OPTION_MOMENTUM_CALL|OFF|2026-08-06 14:22"",""threshold"":1.5,""value"":-4.5,""since_minute_bucket_ist"":""2026-08-06 14:21"",""last_updated_ist"":""2026-08-06 14:22:00""}"
2026-08-06 00:00:00,2026-08-06 14:22:00,308,NIFTY,OPTION_MOMENTUM_PUT,ON,MED,2.9,ATM PUT momentum (ltp up + vol up),"{""dedupe_key"":""NIFTY|OPTION_MOMENTUM_PUT|ON|2026-08-06 14:22"",""threshold"":1.5,""value"":2.9,""since_minute_bucket_ist"":"""",""last_updated_ist"":""2026-08-06 14:22:00""}"
2026-08-06 00:00:00,2026-08-06 14:22:00,308,NIFTY,WALL_UNWIND_CONFIRM_UP,ON,MED,-0.0135,Call wall OI unwinding (5m),"{""dedupe_key"":""NIFTY|WALL_UNWIND_CONFIRM_UP|ON|2026-08-06 14:22"",""threshold"":-0.006,""value"":-0.0135,""since_minute_bucket_ist"":"""",""last_updated_ist"":""2026-08-06 14:22:00""}"
2026-08-06 00:00:00,2026-08-06 14:23:00,309,NIFTY,FLOW_BULLISH_BUILD,ON,HIGH,0.0052,Bullish build (premium-confirmed writing / support),"{""dedupe_key"":""NIFTY|FLOW_BULLISH_BUILD|ON|2026-08-06 14:23"",""threshold"":0.005,""value"":0.0052,""since_minute_bucket_ist"":"""",""last_updated_ist"":""2026-08-06 14:23:00""}"
2026-08-06 00:00:00,2026-08-06 14:23:00,309,NIFTY,OPTION_MOMENTUM_CALL,ON,MED,2.2,ATM CALL momentum (ltp up + vol up),"{""dedupe_key"":""NIFTY|OPTION_MOMENTUM_CALL|ON|2026-08-06 14:23"",""threshold"":1.5,""value"":2.2,""since_minute_bucket_ist"":"""",""last_updated_ist"":""2026-08-06 14:23:00""}"
2026-08-06 00:00:00,2026-08-06 14:23:00,309,NIFTY,OPTION_MOMENTUM_PUT,OFF,MED,-1.2,ATM PUT momentum (ltp up + vol up),"{""dedupe_key"":""NIFTY|OPTION_MOMENTUM_PUT|OFF|2026-08-06 14:23"",""threshold"":1.5,""value"":-1.2,""since_minute_bucket_ist"":""2026-08-06 14:22"",""last_updated_ist"":""2026-08-06 14:23:00""}"
2026-08-06 00:00:00,2026-08-06 14:23:00,309,NIFTY,CHURN_COMMITTED,ON,MED,0.0001,Price move + aligned flow (committed),"{""dedupe_key"":""NIFTY|CHURN_COMMITTED|ON|2026-08-06 14:23"",""threshold"":0.0001,""value"":0.0001,""since_minute_bucket_ist"":"""",""last_updated_ist"":""2026-08-06 14:23:00""}"
2026-08-06 00:00:00,2026-08-06 14:24:00,310,NIFTY,OPTION_MOMENTUM_CALL,OFF,MED,-0.1,ATM CALL momentum (ltp up + vol up),"{""dedupe_key"":""NIFTY|OPTION_MOMENTUM_CALL|OFF|2026-08-06 14:24"",""threshold"":1.5,""value"":-0.1,""since_minute_bucket_ist"":""2026-08-06 14:23"",""last_updated_ist"":""2026-08-06 14:24:00""}"
2026-08-06 00:00:00,2026-08-06 14:24:00,310,NIFTY,CHURN_COMMITTED,OFF,MED,-0.0001,Price move + aligned flow (committed),"{""dedupe_key"":""NIFTY|CHURN_COMMITTED|OFF|2026-08-06 14:24"",""threshold"":0.0001,""value"":-0.0001,""since_minute_bucket_ist"":""2026-08-06 14:23"",""last_updated_ist"":""2026-08-06 14:24:00""}"
2026-08-06 00:00:00,2026-08-06 14:25:00,311,NIFTY,EXP_RANGE_BREAKOUT_WATCH_UP,ON,MED,24656.65,Expected-range watch UP,"{""dedupe_key"":""NIFTY|EXP_RANGE_BREAKOUT_WATCH_UP|ON|2026-08-06 14:25"",""threshold"":24656.64,""value"":24656.65,""since_minute_bucket_ist"":"""",""last_updated_ist"":""2026-08-06 14:25:00""}"
2026-08-06 00:00:00,2026-08-06 14:25:00,311,NIFTY,VOL_EXPANSION,ON,MED,-0.0008,Volatility expanding (straddle up),"{""dedupe_key"":""NIFTY|VOL_EXPANSION|ON|2026-08-06 14:25"",""threshold"":0.02,""value"":-0.0008,""since_minute_bucket_ist"":"""",""last_updated_ist"":""2026-08-06 14:25:00""}"
2026-08-06 00:00:00,2026-08-06 14:25:00,311,NIFTY,OPTION_MOMENTUM_CALL,ON,MED,2.3,ATM CALL momentum (ltp up + vol up),"{""dedupe_key"":""NIFTY|OPTION_MOMENTUM_CALL|ON|2026-08-06 14:25"",""threshold"":1.5,""value"":2.3,""since_minute_bucket_ist"":"""",""last_updated_ist"":""2026-08-06 14:25:00""}"
2026-08-06 00:00:00,2026-08-06 14:25:00,311,NIFTY,CHURN_COMMITTED,ON,MED,0.0002,Price move + aligned flow (committed),"{""dedupe_key"":""NIFTY|CHURN_COMMITTED|ON|2026-08-06 14:25"",""threshold"":0.0001,""value"":0.0002,""since_minute_bucket_ist"":"""",""last_updated_ist"":""2026-08-06 14:25:00""}"
2026-08-06 00:00:00,2026-08-06 14:27:00,312,NIFTY,DATA_GAP_LOCK,ON,HIGH,1786006671329,Cooldown after data gap / window shift (signals locked),"{""dedupe_key"":""NIFTY|DATA_GAP_LOCK|ON|2026-08-06 14:27"",""threshold"":1786006791329,""value"":1786006671329,""since_minute_bucket_ist"":"""",""last_updated_ist"":""2026-08-06 14:27:00""}"
2026-08-06 00:00:00,2026-08-06 14:27:00,312,NIFTY,EXP_RANGE_BREAKOUT_WATCH_UP,OFF,MED,1967-07-05 08:24:00,Expected-range watch UP,"{""dedupe_key"":""NIFTY|EXP_RANGE_BREAKOUT_WATCH_UP|OFF|2026-08-06 14:27"",""threshold"":24657.43,""value"":24658.35,""since_minute_bucket_ist"":""2026-08-06 14:25"",""last_updated_ist"":""2026-08-06 14:27:00""}"
2026-08-06 00:00:00,2026-08-06 14:27:00,312,NIFTY,CHURN_COMMITTED,OFF,MED,0.0001,Price move + aligned flow (committed),"{""dedupe_key"":""NIFTY|CHURN_COMMITTED|OFF|2026-08-06 14:27"",""threshold"":0.0001,""value"":0.0001,""since_minute_bucket_ist"":""2026-08-06 14:25"",""last_updated_ist"":""2026-08-06 14:27:00""}"
2026-08-06 00:00:00,2026-08-06 14:28:00,313,NIFTY,FLOW_BULLISH_BUILD,OFF,HIGH,0,Bullish build (premium-confirmed writing / support),"{""dedupe_key"":""NIFTY|FLOW_BULLISH_BUILD|OFF|2026-08-06 14:28"",""threshold"":0.005,""value"":0,""since_minute_bucket_ist"":""2026-08-06 14:23"",""last_updated_ist"":""2026-08-06 14:28:00""}"
2026-08-06 00:00:00,2026-08-06 14:28:00,313,NIFTY,OPTION_MOMENTUM_CALL,OFF,MED,0,ATM CALL momentum (ltp up + vol up),"{""dedupe_key"":""NIFTY|OPTION_MOMENTUM_CALL|OFF|2026-08-06 14:28"",""threshold"":1.5,""value"":0,""since_minute_bucket_ist"":""2026-08-06 14:25"",""last_updated_ist"":""2026-08-06 14:28:00""}"
2026-08-06 00:00:00,2026-08-06 14:29:00,314,NIFTY,FLOW_BOTH_UNWINDING,ON,MED,-0.0061,Both sides unwinding,"{""dedupe_key"":""NIFTY|FLOW_BOTH_UNWINDING|ON|2026-08-06 14:29"",""threshold"":-0.005,""value"":-0.0061,""since_minute_bucket_ist"":"""",""last_updated_ist"":""2026-08-06 14:29:00""}"
2026-08-06 00:00:00,2026-08-06 14:30:00,315,NIFTY,DATA_GAP_LOCK,OFF,HIGH,1786006850532,Cooldown after data gap / window shift (signals locked),"{""dedupe_key"":""NIFTY|DATA_GAP_LOCK|OFF|2026-08-06 14:30"",""threshold"":1786006791329,""value"":1786006850532,""since_minute_bucket_ist"":""2026-08-06 14:27"",""last_updated_ist"":""2026-08-06 14:30:00""}"
2026-08-06 00:00:00,2026-08-06 14:30:00,315,NIFTY,FLOW_BOTH_UNWINDING,OFF,MED,0.0013,Both sides unwinding,"{""dedupe_key"":""NIFTY|FLOW_BOTH_UNWINDING|OFF|2026-08-06 14:30"",""threshold"":-0.005,""value"":0.0013,""since_minute_bucket_ist"":""2026-08-06 14:29"",""last_updated_ist"":""2026-08-06 14:30:00""}"
2026-08-06 00:00:00,2026-08-06 14:30:00,315,NIFTY,VOL_EXPANSION,OFF,MED,-0.0011,Volatility expanding (straddle up),"{""dedupe_key"":""NIFTY|VOL_EXPANSION|OFF|2026-08-06 14:30"",""threshold"":0.02,""value"":-0.0011,""since_minute_bucket_ist"":""2026-08-06 14:25"",""last_updated_ist"":""2026-08-06 14:30:00""}"
2026-08-06 00:00:00,2026-08-06 14:30:00,315,NIFTY,OPTION_MOMENTUM_PUT,ON,MED,3.05,ATM PUT momentum (ltp up + vol up),"{""dedupe_key"":""NIFTY|OPTION_MOMENTUM_PUT|ON|2026-08-06 14:30"",""threshold"":1.5,""value"":3.05,""since_minute_bucket_ist"":"""",""last_updated_ist"":""2026-08-06 14:30:00""}"
2026-08-06 00:00:00,2026-08-06 14:31:00,316,NIFTY,REGIME_RANGE_PIN,OFF,LOW,0.0002,Range / pin (inside local walls),"{""dedupe_key"":""NIFTY|REGIME_RANGE_PIN|OFF|2026-08-06 14:31"",""threshold"":0.001,""value"":0.0002,""since_minute_bucket_ist"":""2026-08-06 14:09"",""last_updated_ist"":""2026-08-06 14:31:00""}"
2026-08-06 00:00:00,2026-08-06 14:31:00,316,NIFTY,REGIME_TRANSITION_UNCERTAIN,ON,LOW,1,Transition/uncertain regime,"{""dedupe_key"":""NIFTY|REGIME_TRANSITION_UNCERTAIN|ON|2026-08-06 14:31"",""threshold"":1,""value"":1,""since_minute_bucket_ist"":"""",""last_updated_ist"":""2026-08-06 14:31:00""}"
2026-08-06 00:00:00,2026-08-06 14:31:00,316,NIFTY,EXP_RANGE_BREAKOUT_WATCH_DOWN,ON,MED,24639.95,Expected-range watch DOWN,"{""dedupe_key"":""NIFTY|EXP_RANGE_BREAKOUT_WATCH_DOWN|ON|2026-08-06 14:31"",""threshold"":24647.64,""value"":24639.95,""since_minute_bucket_ist"":"""",""last_updated_ist"":""2026-08-06 14:31:00""}"
2026-08-06 00:00:00,2026-08-06 14:31:00,316,NIFTY,VOL_CONTRACTION,ON,LOW,-0.017,Volatility contracting (straddle down),"{""dedupe_key"":""NIFTY|VOL_CONTRACTION|ON|2026-08-06 14:31"",""threshold"":-0.03,""value"":-0.017,""since_minute_bucket_ist"":"""",""last_updated_ist"":""2026-08-06 14:31:00""}"
2026-08-06 00:00:00,2026-08-06 14:32:00,317,NIFTY,EXP_RANGE_BREAKOUT_CONFIRMED_DOWN,ON,HIGH,2,Expected-range breakout CONFIRMED DOWN,"{""dedupe_key"":""NIFTY|EXP_RANGE_BREAKOUT_CONFIRMED_DOWN|ON|2026-08-06 14:32"",""threshold"":2,""value"":2,""since_minute_bucket_ist"":"""",""last_updated_ist"":""2026-08-06 14:32:00""}"
2026-08-06 00:00:00,2026-08-06 14:32:00,317,NIFTY,OPTION_MOMENTUM_PUT,OFF,MED,0,ATM PUT momentum (ltp up + vol up),"{""dedupe_key"":""NIFTY|OPTION_MOMENTUM_PUT|OFF|2026-08-06 14:32"",""threshold"":1.5,""value"":0,""since_minute_bucket_ist"":""2026-08-06 14:30"",""last_updated_ist"":""2026-08-06 14:32:00""}"
2026-08-06 00:00:00,2026-08-06 14:33:00,318,NIFTY,FLOW_BULLISH_BUILD,ON,HIGH,0.0015,Bullish build (premium-confirmed writing / support),"{""dedupe_key"":""NIFTY|FLOW_BULLISH_BUILD|ON|2026-08-06 14:33"",""threshold"":0.005,""value"":0.0015,""since_minute_bucket_ist"":"""",""last_updated_ist"":""2026-08-06 14:33:00""}"
2026-08-06 00:00:00,2026-08-06 14:33:00,318,NIFTY,REGIME_RANGE_PIN,ON,LOW,0.0003,Range / pin (inside local walls),"{""dedupe_key"":""NIFTY|REGIME_RANGE_PIN|ON|2026-08-06 14:33"",""threshold"":0.001,""value"":0.0003,""since_minute_bucket_ist"":"""",""last_updated_ist"":""2026-08-06 14:33:00""}"
2026-08-06 00:00:00,2026-08-06 14:33:00,318,NIFTY,REGIME_TRANSITION_UNCERTAIN,OFF,LOW,1,Transition/uncertain regime,"{""dedupe_key"":""NIFTY|REGIME_TRANSITION_UNCERTAIN|OFF|2026-08-06 14:33"",""threshold"":1,""value"":1,""since_minute_bucket_ist"":""2026-08-06 14:31"",""last_updated_ist"":""2026-08-06 14:33:00""}"
2026-08-06 00:00:00,2026-08-06 14:33:00,318,NIFTY,EXP_RANGE_BREAKOUT_WATCH_DOWN,OFF,MED,24652,Expected-range watch DOWN,"{""dedupe_key"":""NIFTY|EXP_RANGE_BREAKOUT_WATCH_DOWN|OFF|2026-08-06 14:33"",""threshold"":24644.18,""value"":24652,""since_minute_bucket_ist"":""2026-08-06 14:31"",""last_updated_ist"":""2026-08-06 14:33:00""}"
2026-08-06 00:00:00,2026-08-06 14:33:00,318,NIFTY,EXP_RANGE_BREAKOUT_CONFIRMED_DOWN,OFF,HIGH,0,Expected-range breakout CONFIRMED DOWN,"{""dedupe_key"":""NIFTY|EXP_RANGE_BREAKOUT_CONFIRMED_DOWN|OFF|2026-08-06 14:33"",""threshold"":2,""value"":0,""since_minute_bucket_ist"":""2026-08-06 14:32"",""last_updated_ist"":""2026-08-06 14:33:00""}"
2026-08-06 00:00:00,2026-08-06 14:33:00,318,NIFTY,OPTION_MOMENTUM_CALL,ON,MED,2.15,ATM CALL momentum (ltp up + vol up),"{""dedupe_key"":""NIFTY|OPTION_MOMENTUM_CALL|ON|2026-08-06 14:33"",""threshold"":1.5,""value"":2.15,""since_minute_bucket_ist"":"""",""last_updated_ist"":""2026-08-06 14:33:00""}"
2026-08-06 00:00:00,2026-08-06 14:33:00,318,NIFTY,CHURN_COMMITTED,ON,MED,0.0005,Price move + aligned flow (committed),"{""dedupe_key"":""NIFTY|CHURN_COMMITTED|ON|2026-08-06 14:33"",""threshold"":0.0001,""value"":0.0005,""since_minute_bucket_ist"":"""",""last_updated_ist"":""2026-08-06 14:33:00""}"
2026-08-06 00:00:00,2026-08-06 14:34:00,319,NIFTY,FLOW_BULLISH_BUILD,OFF,HIGH,-0.0077,Bullish build (premium-confirmed writing / support),"{""dedupe_key"":""NIFTY|FLOW_BULLISH_BUILD|OFF|2026-08-06 14:34"",""threshold"":0.005,""value"":-0.0077,""since_minute_bucket_ist"":""2026-08-06 14:33"",""last_updated_ist"":""2026-08-06 14:34:00""}"
2026-08-06 00:00:00,2026-08-06 14:34:00,319,NIFTY,FLOW_BEARISH_BUILD,ON,HIGH,0.0095,Bearish build (premium-confirmed writing / resistance),"{""dedupe_key"":""NIFTY|FLOW_BEARISH_BUILD|ON|2026-08-06 14:34"",""threshold"":0.005,""value"":0.0095,""since_minute_bucket_ist"":"""",""last_updated_ist"":""2026-08-06 14:34:00""}"
2026-08-06 00:00:00,2026-08-06 14:34:00,319,NIFTY,OPTION_MOMENTUM_CALL,OFF,MED,1899-12-29 02:24:00,ATM CALL momentum (ltp up + vol up),"{""dedupe_key"":""NIFTY|OPTION_MOMENTUM_CALL|OFF|2026-08-06 14:34"",""threshold"":1.5,""value"":-0.9,""since_minute_bucket_ist"":""2026-08-06 14:33"",""last_updated_ist"":""2026-08-06 14:34:00""}"
2026-08-06 00:00:00,2026-08-06 14:34:00,319,NIFTY,CHURN_COMMITTED,OFF,MED,-0.0001,Price move + aligned flow (committed),"{""dedupe_key"":""NIFTY|CHURN_COMMITTED|OFF|2026-08-06 14:34"",""threshold"":0.0001,""value"":-0.0001,""since_minute_bucket_ist"":""2026-08-06 14:33"",""last_updated_ist"":""2026-08-06 14:34:00""}"
2026-08-06 00:00:00,2026-08-06 14:34:00,319,NIFTY,STEALTH_BUILD_BEAR,ON,MED,0.0095,"Stealth bearish build (calls build, spot flat)","{""dedupe_key"":""NIFTY|STEALTH_BUILD_BEAR|ON|2026-08-06 14:34"",""threshold"":0.008,""value"":0.0095,""since_minute_bucket_ist"":"""",""last_updated_ist"":""2026-08-06 14:34:00""}"
2026-08-06 00:00:00,2026-08-06 14:35:00,320,NIFTY,VOL_CONTRACTION,OFF,LOW,0.0015,Volatility contracting (straddle down),"{""dedupe_key"":""NIFTY|VOL_CONTRACTION|OFF|2026-08-06 14:35"",""threshold"":-0.03,""value"":0.0015,""since_minute_bucket_ist"":""2026-08-06 14:31"",""last_updated_ist"":""2026-08-06 14:35:00""}"
2026-08-06 00:00:00,2026-08-06 14:35:00,320,NIFTY,STEALTH_BUILD_BEAR,OFF,MED,0.0012,"Stealth bearish build (calls build, spot flat)","{""dedupe_key"":""NIFTY|STEALTH_BUILD_BEAR|OFF|2026-08-06 14:35"",""threshold"":0.008,""value"":0.0012,""since_minute_bucket_ist"":""2026-08-06 14:34"",""last_updated_ist"":""2026-08-06 14:35:00""}"
2026-08-06 00:00:00,2026-08-06 14:36:00,321,NIFTY,WALL_UNWIND_CONFIRM_UP,OFF,MED,0.0076,Call wall OI unwinding (5m),"{""dedupe_key"":""NIFTY|WALL_UNWIND_CONFIRM_UP|OFF|2026-08-06 14:36"",""threshold"":-0.006,""value"":0.0076,""since_minute_bucket_ist"":""2026-08-06 14:22"",""last_updated_ist"":""2026-08-06 14:36:00""}"
2026-08-06 00:00:00,2026-08-06 14:36:00,321,NIFTY,CHURN_COMMITTED,ON,MED,-0.0001,Price move + aligned flow (committed),"{""dedupe_key"":""NIFTY|CHURN_COMMITTED|ON|2026-08-06 14:36"",""threshold"":0.0001,""value"":-0.0001,""since_minute_bucket_ist"":"""",""last_updated_ist"":""2026-08-06 14:36:00""}"
2026-08-06 00:00:00,2026-08-06 14:37:00,322,NIFTY,FLOW_BEARISH_BUILD,OFF,HIGH,0,Bearish build (premium-confirmed writing / resistance),"{""dedupe_key"":""NIFTY|FLOW_BEARISH_BUILD|OFF|2026-08-06 14:37"",""threshold"":0.005,""value"":0,""since_minute_bucket_ist"":""2026-08-06 14:34"",""last_updated_ist"":""2026-08-06 14:37:00""}"
2026-08-06 00:00:00,2026-08-06 14:37:00,322,NIFTY,CHURN_COMMITTED,OFF,MED,0,Price move + aligned flow (committed),"{""dedupe_key"":""NIFTY|CHURN_COMMITTED|OFF|2026-08-06 14:37"",""threshold"":0.0001,""value"":0,""since_minute_bucket_ist"":""2026-08-06 14:36"",""last_updated_ist"":""2026-08-06 14:37:00""}"
2026-08-06 00:00:00,2026-08-06 14:38:00,323,NIFTY,FLOW_BEARISH_BUILD,ON,HIGH,0.0022,Bearish build (premium-confirmed writing / resistance),"{""dedupe_key"":""NIFTY|FLOW_BEARISH_BUILD|ON|2026-08-06 14:38"",""threshold"":0.005,""value"":0.0022,""since_minute_bucket_ist"":"""",""last_updated_ist"":""2026-08-06 14:38:00""}"
2026-08-06 00:00:00,2026-08-06 14:38:00,323,NIFTY,OPTION_MOMENTUM_PUT,ON,MED,2.65,ATM PUT momentum (ltp up + vol up),"{""dedupe_key"":""NIFTY|OPTION_MOMENTUM_PUT|ON|2026-08-06 14:38"",""threshold"":1.5,""value"":2.65,""since_minute_bucket_ist"":"""",""last_updated_ist"":""2026-08-06 14:38:00""}"
2026-08-06 00:00:00,2026-08-06 14:38:00,323,NIFTY,WALL_UNWIND_CONFIRM_DOWN,ON,MED,-0.0256,Put wall OI unwinding (5m),"{""dedupe_key"":""NIFTY|WALL_UNWIND_CONFIRM_DOWN|ON|2026-08-06 14:38"",""threshold"":-0.006,""value"":-0.0256,""since_minute_bucket_ist"":"""",""last_updated_ist"":""2026-08-06 14:38:00""}"
2026-08-06 00:00:00,2026-08-06 14:39:00,324,NIFTY,FLOW_BEARISH_BUILD,OFF,HIGH,0,Bearish build (premium-confirmed writing / resistance),"{""dedupe_key"":""NIFTY|FLOW_BEARISH_BUILD|OFF|2026-08-06 14:39"",""threshold"":0.005,""value"":0,""since_minute_bucket_ist"":""2026-08-06 14:38"",""last_updated_ist"":""2026-08-06 14:39:00""}"
2026-08-06 00:00:00,2026-08-06 14:39:00,324,NIFTY,OPTION_MOMENTUM_PUT,OFF,MED,0,ATM PUT momentum (ltp up + vol up),"{""dedupe_key"":""NIFTY|OPTION_MOMENTUM_PUT|OFF|2026-08-06 14:39"",""threshold"":1.5,""value"":0,""since_minute_bucket_ist"":""2026-08-06 14:38"",""last_updated_ist"":""2026-08-06 14:39:00""}"
2026-08-06 00:00:00,2026-08-06 14:40:00,325,NIFTY,VOL_CONTRACTION,ON,LOW,-0.0015,Volatility contracting (straddle down),"{""dedupe_key"":""NIFTY|VOL_CONTRACTION|ON|2026-08-06 14:40"",""threshold"":-0.03,""value"":-0.0015,""since_minute_bucket_ist"":"""",""last_updated_ist"":""2026-08-06 14:40:00""}"
2026-08-06 00:00:00,2026-08-06 14:41:00,326,NIFTY,FLOW_BEARISH_BUILD,ON,HIGH,0.0043,Bearish build (premium-confirmed writing / resistance),"{""dedupe_key"":""NIFTY|FLOW_BEARISH_BUILD|ON|2026-08-06 14:41"",""threshold"":0.005,""value"":0.0043,""since_minute_bucket_ist"":"""",""last_updated_ist"":""2026-08-06 14:41:00""}"
2026-08-06 00:00:00,2026-08-06 14:41:00,326,NIFTY,EXP_RANGE_BREAKOUT_WATCH_DOWN,ON,MED,24639,Expected-range watch DOWN,"{""dedupe_key"":""NIFTY|EXP_RANGE_BREAKOUT_WATCH_DOWN|ON|2026-08-06 14:41"",""threshold"":24640.33,""value"":24639,""since_minute_bucket_ist"":"""",""last_updated_ist"":""2026-08-06 14:41:00""}"
2026-08-06 00:00:00,2026-08-06 14:41:00,326,NIFTY,CHURN_COMMITTED,ON,MED,-0.0002,Price move + aligned flow (committed),"{""dedupe_key"":""NIFTY|CHURN_COMMITTED|ON|2026-08-06 14:41"",""threshold"":0.0001,""value"":-0.0002,""since_minute_bucket_ist"":"""",""last_updated_ist"":""2026-08-06 14:41:00""}"
2026-08-06 00:00:00,2026-08-06 14:42:00,327,NIFTY,FLOW_BULLISH_BUILD,ON,HIGH,0.0016,Bullish build (premium-confirmed writing / support),"{""dedupe_key"":""NIFTY|FLOW_BULLISH_BUILD|ON|2026-08-06 14:42"",""threshold"":0.005,""value"":0.0016,""since_minute_bucket_ist"":"""",""last_updated_ist"":""2026-08-06 14:42:00""}"
2026-08-06 00:00:00,2026-08-06 14:42:00,327,NIFTY,FLOW_BEARISH_BUILD,OFF,HIGH,-0.0008,Bearish build (premium-confirmed writing / resistance),"{""dedupe_key"":""NIFTY|FLOW_BEARISH_BUILD|OFF|2026-08-06 14:42"",""threshold"":0.005,""value"":-0.0008,""since_minute_bucket_ist"":""2026-08-06 14:41"",""last_updated_ist"":""2026-08-06 14:42:00""}"
2026-08-06 00:00:00,2026-08-06 14:42:00,327,NIFTY,EXP_RANGE_BREAKOUT_WATCH_DOWN,OFF,MED,24646.45,Expected-range watch DOWN,"{""dedupe_key"":""NIFTY|EXP_RANGE_BREAKOUT_WATCH_DOWN|OFF|2026-08-06 14:42"",""threshold"":24640.35,""value"":24646.45,""since_minute_bucket_ist"":""2026-08-06 14:41"",""last_updated_ist"":""2026-08-06 14:42:00""}"
2026-08-06 00:00:00,2026-08-06 14:42:00,327,NIFTY,OPTION_MOMENTUM_CALL,ON,MED,3.4,ATM CALL momentum (ltp up + vol up),"{""dedupe_key"":""NIFTY|OPTION_MOMENTUM_CALL|ON|2026-08-06 14:42"",""threshold"":1.5,""value"":3.4,""since_minute_bucket_ist"":"""",""last_updated_ist"":""2026-08-06 14:42:00""}"
2026-08-06 00:00:00,2026-08-06 14:43:00,328,NIFTY,FLOW_BULLISH_BUILD,OFF,HIGH,0,Bullish build (premium-confirmed writing / support),"{""dedupe_key"":""NIFTY|FLOW_BULLISH_BUILD|OFF|2026-08-06 14:43"",""threshold"":0.005,""value"":0,""since_minute_bucket_ist"":""2026-08-06 14:42"",""last_updated_ist"":""2026-08-06 14:43:00""}"
2026-08-06 00:00:00,2026-08-06 14:43:00,328,NIFTY,VOL_CONTRACTION,OFF,LOW,-0.0025,Volatility contracting (straddle down),"{""dedupe_key"":""NIFTY|VOL_CONTRACTION|OFF|2026-08-06 14:43"",""threshold"":-0.03,""value"":-0.0025,""since_minute_bucket_ist"":""2026-08-06 14:40"",""last_updated_ist"":""2026-08-06 14:43:00""}"
2026-08-06 00:00:00,2026-08-06 14:43:00,328,NIFTY,OPTION_MOMENTUM_CALL,OFF,MED,0,ATM CALL momentum (ltp up + vol up),"{""dedupe_key"":""NIFTY|OPTION_MOMENTUM_CALL|OFF|2026-08-06 14:43"",""threshold"":1.5,""value"":0,""since_minute_bucket_ist"":""2026-08-06 14:42"",""last_updated_ist"":""2026-08-06 14:43:00""}"
2026-08-06 00:00:00,2026-08-06 14:43:00,328,NIFTY,CHURN_COMMITTED,OFF,MED,0,Price move + aligned flow (committed),"{""dedupe_key"":""NIFTY|CHURN_COMMITTED|OFF|2026-08-06 14:43"",""threshold"":0.0001,""value"":0,""since_minute_bucket_ist"":""2026-08-06 14:41"",""last_updated_ist"":""2026-08-06 14:43:00""}"
2026-08-06 00:00:00,2026-08-06 14:44:00,329,NIFTY,FLOW_BEARISH_BUILD,ON,HIGH,0.0072,Bearish build (premium-confirmed writing / resistance),"{""dedupe_key"":""NIFTY|FLOW_BEARISH_BUILD|ON|2026-08-06 14:44"",""threshold"":0.005,""value"":0.0072,""since_minute_bucket_ist"":"""",""last_updated_ist"":""2026-08-06 14:44:00""}"
2026-08-06 00:00:00,2026-08-06 14:44:00,329,NIFTY,EXP_RANGE_BREAKOUT_WATCH_DOWN,ON,MED,24641.25,Expected-range watch DOWN,"{""dedupe_key"":""NIFTY|EXP_RANGE_BREAKOUT_WATCH_DOWN|ON|2026-08-06 14:44"",""threshold"":24641.86,""value"":24641.25,""since_minute_bucket_ist"":"""",""last_updated_ist"":""2026-08-06 14:44:00""}"
2026-08-06 00:00:00,2026-08-06 14:44:00,329,NIFTY,VOL_CONTRACTION,ON,LOW,-0.0067,Volatility contracting (straddle down),"{""dedupe_key"":""NIFTY|VOL_CONTRACTION|ON|2026-08-06 14:44"",""threshold"":-0.03,""value"":-0.0067,""since_minute_bucket_ist"":"""",""last_updated_ist"":""2026-08-06 14:44:00""}"
2026-08-06 00:00:00,2026-08-06 14:44:00,329,NIFTY,OPTION_MOMENTUM_PUT,ON,MED,3.55,ATM PUT momentum (ltp up + vol up),"{""dedupe_key"":""NIFTY|OPTION_MOMENTUM_PUT|ON|2026-08-06 14:44"",""threshold"":1.5,""value"":3.55,""since_minute_bucket_ist"":"""",""last_updated_ist"":""2026-08-06 14:44:00""}"
2026-08-06 00:00:00,2026-08-06 14:44:00,329,NIFTY,CHURN_COMMITTED,ON,MED,-0.0002,Price move + aligned flow (committed),"{""dedupe_key"":""NIFTY|CHURN_COMMITTED|ON|2026-08-06 14:44"",""threshold"":0.0001,""value"":-0.0002,""since_minute_bucket_ist"":"""",""last_updated_ist"":""2026-08-06 14:44:00""}"
2026-08-06 00:00:00,2026-08-06 14:45:00,330,NIFTY,FLOW_BEARISH_BUILD,OFF,HIGH,0.0012,Bearish build (premium-confirmed writing / resistance),"{""dedupe_key"":""NIFTY|FLOW_BEARISH_BUILD|OFF|2026-08-06 14:45"",""threshold"":0.005,""value"":0.0012,""since_minute_bucket_ist"":""2026-08-06 14:44"",""last_updated_ist"":""2026-08-06 14:45:00""}"
2026-08-06 00:00:00,2026-08-06 14:45:00,330,NIFTY,EXP_RANGE_BREAKOUT_WATCH_DOWN,OFF,MED,24642.05,Expected-range watch DOWN,"{""dedupe_key"":""NIFTY|EXP_RANGE_BREAKOUT_WATCH_DOWN|OFF|2026-08-06 14:45"",""threshold"":24641.19,""value"":24642.05,""since_minute_bucket_ist"":""2026-08-06 14:44"",""last_updated_ist"":""2026-08-06 14:45:00""}"
2026-08-06 00:00:00,2026-08-06 14:45:00,330,NIFTY,OPTION_MOMENTUM_PUT,OFF,MED,-1.3,ATM PUT momentum (ltp up + vol up),"{""dedupe_key"":""NIFTY|OPTION_MOMENTUM_PUT|OFF|2026-08-06 14:45"",""threshold"":1.5,""value"":-1.3,""since_minute_bucket_ist"":""2026-08-06 14:44"",""last_updated_ist"":""2026-08-06 14:45:00""}"
2026-08-06 00:00:00,2026-08-06 14:45:00,330,NIFTY,CHURN_COMMITTED,OFF,MED,0,Price move + aligned flow (committed),"{""dedupe_key"":""NIFTY|CHURN_COMMITTED|OFF|2026-08-06 14:45"",""threshold"":0.0001,""value"":0,""since_minute_bucket_ist"":""2026-08-06 14:44"",""last_updated_ist"":""2026-08-06 14:45:00""}"
2026-08-06 00:00:00,2026-08-06 14:46:00,331,NIFTY,PIN_BASIC,ON,LOW,37.5,Spot near a local wall (pin zone),"{""dedupe_key"":""NIFTY|PIN_BASIC|ON|2026-08-06 14:46"",""threshold"":37.5,""value"":37.5,""since_minute_bucket_ist"":"""",""last_updated_ist"":""2026-08-06 14:46:00""}"
2026-08-06 00:00:00,2026-08-06 14:46:00,331,NIFTY,EXP_RANGE_BREAKOUT_WATCH_DOWN,ON,MED,24637,Expected-range watch DOWN,"{""dedupe_key"":""NIFTY|EXP_RANGE_BREAKOUT_WATCH_DOWN|ON|2026-08-06 14:46"",""threshold"":24639.3,""value"":24637,""since_minute_bucket_ist"":"""",""last_updated_ist"":""2026-08-06 14:46:00""}"
2026-08-06 00:00:00,2026-08-06 14:46:00,331,NIFTY,OPTION_MOMENTUM_PUT,ON,MED,2.55,ATM PUT momentum (ltp up + vol up),"{""dedupe_key"":""NIFTY|OPTION_MOMENTUM_PUT|ON|2026-08-06 14:46"",""threshold"":1.5,""value"":2.55,""since_minute_bucket_ist"":"""",""last_updated_ist"":""2026-08-06 14:46:00""}"
2026-08-06 00:00:00,2026-08-06 14:47:00,332,NIFTY,EXP_RANGE_BREAKOUT_CONFIRMED_DOWN,ON,HIGH,2,Expected-range breakout CONFIRMED DOWN,"{""dedupe_key"":""NIFTY|EXP_RANGE_BREAKOUT_CONFIRMED_DOWN|ON|2026-08-06 14:47"",""threshold"":2,""value"":2,""since_minute_bucket_ist"":"""",""last_updated_ist"":""2026-08-06 14:47:00""}"
2026-08-06 00:00:00,2026-08-06 14:47:00,332,NIFTY,OPTION_MOMENTUM_PUT,OFF,MED,0,ATM PUT momentum (ltp up + vol up),"{""dedupe_key"":""NIFTY|OPTION_MOMENTUM_PUT|OFF|2026-08-06 14:47"",""threshold"":1.5,""value"":0,""since_minute_bucket_ist"":""2026-08-06 14:46"",""last_updated_ist"":""2026-08-06 14:47:00""}"
2026-08-06 00:00:00,2026-08-06 14:48:00,333,NIFTY,PIN_BASIC,OFF,LOW,37.5,Spot near a local wall (pin zone),"{""dedupe_key"":""NIFTY|PIN_BASIC|OFF|2026-08-06 14:48"",""threshold"":37.5,""value"":37.5,""since_minute_bucket_ist"":""2026-08-06 14:46"",""last_updated_ist"":""2026-08-06 14:48:00""}"
2026-08-06 00:00:00,2026-08-06 14:48:00,333,NIFTY,EXP_RANGE_BREAKOUT_WATCH_DOWN,OFF,MED,24643,Expected-range watch DOWN,"{""dedupe_key"":""NIFTY|EXP_RANGE_BREAKOUT_WATCH_DOWN|OFF|2026-08-06 14:48"",""threshold"":24637.9,""value"":24643,""since_minute_bucket_ist"":""2026-08-06 14:46"",""last_updated_ist"":""2026-08-06 14:48:00""}"
2026-08-06 00:00:00,2026-08-06 14:48:00,333,NIFTY,EXP_RANGE_BREAKOUT_CONFIRMED_DOWN,OFF,HIGH,0,Expected-range breakout CONFIRMED DOWN,"{""dedupe_key"":""NIFTY|EXP_RANGE_BREAKOUT_CONFIRMED_DOWN|OFF|2026-08-06 14:48"",""threshold"":2,""value"":0,""since_minute_bucket_ist"":""2026-08-06 14:47"",""last_updated_ist"":""2026-08-06 14:48:00""}"
2026-08-06 00:00:00,2026-08-06 14:48:00,333,NIFTY,VOL_CONTRACTION,OFF,LOW,0.0015,Volatility contracting (straddle down),"{""dedupe_key"":""NIFTY|VOL_CONTRACTION|OFF|2026-08-06 14:48"",""threshold"":-0.03,""value"":0.0015,""since_minute_bucket_ist"":""2026-08-06 14:44"",""last_updated_ist"":""2026-08-06 14:48:00""}"
2026-08-06 00:00:00,2026-08-06 14:48:00,333,NIFTY,OPTION_MOMENTUM_CALL,ON,MED,3.95,ATM CALL momentum (ltp up + vol up),"{""dedupe_key"":""NIFTY|OPTION_MOMENTUM_CALL|ON|2026-08-06 14:48"",""threshold"":1.5,""value"":3.95,""since_minute_bucket_ist"":"""",""last_updated_ist"":""2026-08-06 14:48:00""}"
2026-08-06 00:00:00,2026-08-06 14:49:00,334,NIFTY,OPTION_MOMENTUM_CALL,OFF,MED,0.85,ATM CALL momentum (ltp up + vol up),"{""dedupe_key"":""NIFTY|OPTION_MOMENTUM_CALL|OFF|2026-08-06 14:49"",""threshold"":1.5,""value"":0.85,""since_minute_bucket_ist"":""2026-08-06 14:48"",""last_updated_ist"":""2026-08-06 14:49:00""}"
2026-08-06 00:00:00,2026-08-06 14:49:00,334,NIFTY,WALL_UNWIND_CONFIRM_DOWN,OFF,MED,0.0187,Put wall OI unwinding (5m),"{""dedupe_key"":""NIFTY|WALL_UNWIND_CONFIRM_DOWN|OFF|2026-08-06 14:49"",""threshold"":-0.006,""value"":0.0187,""since_minute_bucket_ist"":""2026-08-06 14:38"",""last_updated_ist"":""2026-08-06 14:49:00""}"
2026-08-06 00:00:00,2026-08-06 14:50:00,335,NIFTY,VOL_EXPANSION,ON,MED,0.0109,Volatility expanding (straddle up),"{""dedupe_key"":""NIFTY|VOL_EXPANSION|ON|2026-08-06 14:50"",""threshold"":0.02,""value"":0.0109,""since_minute_bucket_ist"":"""",""last_updated_ist"":""2026-08-06 14:50:00""}"
2026-08-06 00:00:00,2026-08-06 14:50:00,335,NIFTY,OPTION_MOMENTUM_PUT,ON,MED,1.65,ATM PUT momentum (ltp up + vol up),"{""dedupe_key"":""NIFTY|OPTION_MOMENTUM_PUT|ON|2026-08-06 14:50"",""threshold"":1.5,""value"":1.65,""since_minute_bucket_ist"":"""",""last_updated_ist"":""2026-08-06 14:50:00""}"
2026-08-06 00:00:00,2026-08-06 14:51:00,336,NIFTY,FLOW_BEARISH_BUILD,ON,HIGH,0.0024,Bearish build (premium-confirmed writing / resistance),"{""dedupe_key"":""NIFTY|FLOW_BEARISH_BUILD|ON|2026-08-06 14:51"",""threshold"":0.005,""value"":0.0024,""since_minute_bucket_ist"":"""",""last_updated_ist"":""2026-08-06 14:51:00""}"
2026-08-06 00:00:00,2026-08-06 14:51:00,336,NIFTY,OPTION_MOMENTUM_PUT,OFF,MED,1899-12-29 19:12:00,ATM PUT momentum (ltp up + vol up),"{""dedupe_key"":""NIFTY|OPTION_MOMENTUM_PUT|OFF|2026-08-06 14:51"",""threshold"":1.5,""value"":-0.2,""since_minute_bucket_ist"":""2026-08-06 14:50"",""last_updated_ist"":""2026-08-06 14:51:00""}"
2026-08-06 00:00:00,2026-08-06 14:52:00,337,NIFTY,FLOW_BEARISH_BUILD,OFF,HIGH,0,Bearish build (premium-confirmed writing / resistance),"{""dedupe_key"":""NIFTY|FLOW_BEARISH_BUILD|OFF|2026-08-06 14:52"",""threshold"":0.005,""value"":0,""since_minute_bucket_ist"":""2026-08-06 14:51"",""last_updated_ist"":""2026-08-06 14:52:00""}"
2026-08-06 00:00:00,2026-08-06 14:53:00,338,NIFTY,VOL_EXPANSION,OFF,MED,-0.0019,Volatility expanding (straddle up),"{""dedupe_key"":""NIFTY|VOL_EXPANSION|OFF|2026-08-06 14:53"",""threshold"":0.02,""value"":-0.0019,""since_minute_bucket_ist"":""2026-08-06 14:50"",""last_updated_ist"":""2026-08-06 14:53:00""}"
2026-08-06 00:00:00,2026-08-06 14:53:00,338,NIFTY,OPTION_MOMENTUM_PUT,ON,MED,1.8,ATM PUT momentum (ltp up + vol up),"{""dedupe_key"":""NIFTY|OPTION_MOMENTUM_PUT|ON|2026-08-06 14:53"",""threshold"":1.5,""value"":1.8,""since_minute_bucket_ist"":"""",""last_updated_ist"":""2026-08-06 14:53:00""}"
2026-08-06 00:00:00,2026-08-06 14:53:00,338,NIFTY,WALL_UNWIND_CONFIRM_UP,ON,MED,-0.0069,Call wall OI unwinding (5m),"{""dedupe_key"":""NIFTY|WALL_UNWIND_CONFIRM_UP|ON|2026-08-06 14:53"",""threshold"":-0.006,""value"":-0.0069,""since_minute_bucket_ist"":"""",""last_updated_ist"":""2026-08-06 14:53:00""}"
2026-08-06 00:00:00,2026-08-06 14:54:00,339,NIFTY,PIN_BASIC,ON,LOW,37.5,Spot near a local wall (pin zone),"{""dedupe_key"":""NIFTY|PIN_BASIC|ON|2026-08-06 14:54"",""threshold"":37.5,""value"":37.5,""since_minute_bucket_ist"":"""",""last_updated_ist"":""2026-08-06 14:54:00""}"
2026-08-06 00:00:00,2026-08-06 14:54:00,339,NIFTY,EXP_RANGE_BREAKOUT_WATCH_DOWN,ON,MED,24636.6,Expected-range watch DOWN,"{""dedupe_key"":""NIFTY|EXP_RANGE_BREAKOUT_WATCH_DOWN|ON|2026-08-06 14:54"",""threshold"":24636.93,""value"":24636.6,""since_minute_bucket_ist"":"""",""last_updated_ist"":""2026-08-06 14:54:00""}"
2026-08-06 00:00:00,2026-08-06 14:54:00,339,NIFTY,OPTION_MOMENTUM_CALL,ON,MED,2.15,ATM CALL momentum (ltp up + vol up),"{""dedupe_key"":""NIFTY|OPTION_MOMENTUM_CALL|ON|2026-08-06 14:54"",""threshold"":1.5,""value"":2.15,""since_minute_bucket_ist"":"""",""last_updated_ist"":""2026-08-06 14:54:00""}"
2026-08-06 00:00:00,2026-08-06 14:54:00,339,NIFTY,OPTION_MOMENTUM_PUT,OFF,MED,-1.7,ATM PUT momentum (ltp up + vol up),"{""dedupe_key"":""NIFTY|OPTION_MOMENTUM_PUT|OFF|2026-08-06 14:54"",""threshold"":1.5,""value"":-1.7,""since_minute_bucket_ist"":""2026-08-06 14:53"",""last_updated_ist"":""2026-08-06 14:54:00""}"
2026-08-06 00:00:00,2026-08-06 14:54:00,339,NIFTY,WALL_UNWIND_CONFIRM_DOWN,ON,MED,-0.0145,Put wall OI unwinding (5m),"{""dedupe_key"":""NIFTY|WALL_UNWIND_CONFIRM_DOWN|ON|2026-08-06 14:54"",""threshold"":-0.006,""value"":-0.0145,""since_minute_bucket_ist"":"""",""last_updated_ist"":""2026-08-06 14:54:00""}"
2026-08-06 00:00:00,2026-08-06 14:55:00,340,NIFTY,REGIME_RANGE_PIN,OFF,LOW,0.0001,Range / pin (inside local walls),"{""dedupe_key"":""NIFTY|REGIME_RANGE_PIN|OFF|2026-08-06 14:55"",""threshold"":0.001,""value"":0.0001,""since_minute_bucket_ist"":""2026-08-06 14:33"",""last_updated_ist"":""2026-08-06 14:55:00""}"
2026-08-06 00:00:00,2026-08-06 14:55:00,340,NIFTY,REGIME_TRANSITION_UNCERTAIN,ON,LOW,1,Transition/uncertain regime,"{""dedupe_key"":""NIFTY|REGIME_TRANSITION_UNCERTAIN|ON|2026-08-06 14:55"",""threshold"":1,""value"":1,""since_minute_bucket_ist"":"""",""last_updated_ist"":""2026-08-06 14:55:00""}"
2026-08-06 00:00:00,2026-08-06 14:55:00,340,NIFTY,EXP_RANGE_BREAKOUT_CONFIRMED_DOWN,ON,HIGH,2,Expected-range breakout CONFIRMED DOWN,"{""dedupe_key"":""NIFTY|EXP_RANGE_BREAKOUT_CONFIRMED_DOWN|ON|2026-08-06 14:55"",""threshold"":2,""value"":2,""since_minute_bucket_ist"":"""",""last_updated_ist"":""2026-08-06 14:55:00""}"
2026-08-06 00:00:00,2026-08-06 14:55:00,340,NIFTY,OPTION_MOMENTUM_CALL,OFF,MED,1.1,ATM CALL momentum (ltp up + vol up),"{""dedupe_key"":""NIFTY|OPTION_MOMENTUM_CALL|OFF|2026-08-06 14:55"",""threshold"":1.5,""value"":1.1,""since_minute_bucket_ist"":""2026-08-06 14:54"",""last_updated_ist"":""2026-08-06 14:55:00""}"
2026-08-06 00:00:00,2026-08-06 14:55:00,340,NIFTY,WALL_UNWIND_CONFIRM_UP,OFF,MED,0.0049,Call wall OI unwinding (5m),"{""dedupe_key"":""NIFTY|WALL_UNWIND_CONFIRM_UP|OFF|2026-08-06 14:55"",""threshold"":-0.006,""value"":0.0049,""since_minute_bucket_ist"":""2026-08-06 14:53"",""last_updated_ist"":""2026-08-06 14:55:00""}"
2026-08-06 00:00:00,2026-08-06 14:56:00,341,NIFTY,FLOW_BEARISH_BUILD,ON,HIGH,0.0007,Bearish build (premium-confirmed writing / resistance),"{""dedupe_key"":""NIFTY|FLOW_BEARISH_BUILD|ON|2026-08-06 14:56"",""threshold"":0.005,""value"":0.0007,""since_minute_bucket_ist"":"""",""last_updated_ist"":""2026-08-06 14:56:00""}"
2026-08-06 00:00:00,2026-08-06 14:56:00,341,NIFTY,REGIME_RANGE_PIN,ON,LOW,0.0001,Range / pin (inside local walls),"{""dedupe_key"":""NIFTY|REGIME_RANGE_PIN|ON|2026-08-06 14:56"",""threshold"":0.001,""value"":0.0001,""since_minute_bucket_ist"":"""",""last_updated_ist"":""2026-08-06 14:56:00""}"
2026-08-06 00:00:00,2026-08-06 14:56:00,341,NIFTY,REGIME_TRANSITION_UNCERTAIN,OFF,LOW,1,Transition/uncertain regime,"{""dedupe_key"":""NIFTY|REGIME_TRANSITION_UNCERTAIN|OFF|2026-08-06 14:56"",""threshold"":1,""value"":1,""since_minute_bucket_ist"":""2026-08-06 14:55"",""last_updated_ist"":""2026-08-06 14:56:00""}"
2026-08-06 00:00:00,2026-08-06 14:56:00,341,NIFTY,OPTION_MOMENTUM_PUT,ON,MED,2.85,ATM PUT momentum (ltp up + vol up),"{""dedupe_key"":""NIFTY|OPTION_MOMENTUM_PUT|ON|2026-08-06 14:56"",""threshold"":1.5,""value"":2.85,""since_minute_bucket_ist"":"""",""last_updated_ist"":""2026-08-06 14:56:00""}"
2026-08-06 00:00:00,2026-08-06 14:57:00,342,NIFTY,TRADE_LIMIT_REACHED,ON,MED,16,Cooldown active (2m),"{""dedupe_key"":""NIFTY|TRADE_LIMIT_REACHED|ON|2026-08-06 14:57"",""threshold"":500,""value"":16,""since_minute_bucket_ist"":"""",""last_updated_ist"":""2026-08-06 14:57:00""}"
2026-08-06 00:00:00,2026-08-06 14:57:00,342,NIFTY,FLOW_BULLISH_BUILD,ON,HIGH,0.0002,Bullish build (premium-confirmed writing / support),"{""dedupe_key"":""NIFTY|FLOW_BULLISH_BUILD|ON|2026-08-06 14:57"",""threshold"":0.005,""value"":0.0002,""since_minute_bucket_ist"":"""",""last_updated_ist"":""2026-08-06 14:57:00""}"
2026-08-06 00:00:00,2026-08-06 14:57:00,342,NIFTY,FLOW_BEARISH_BUILD,OFF,HIGH,-0.0003,Bearish build (premium-confirmed writing / resistance),"{""dedupe_key"":""NIFTY|FLOW_BEARISH_BUILD|OFF|2026-08-06 14:57"",""threshold"":0.005,""value"":-0.0003,""since_minute_bucket_ist"":""2026-08-06 14:56"",""last_updated_ist"":""2026-08-06 14:57:00""}"
2026-08-06 00:00:00,2026-08-06 14:57:00,342,NIFTY,EXP_RANGE_BREAKOUT_WATCH_DOWN,OFF,MED,24634.1,Expected-range watch DOWN,"{""dedupe_key"":""NIFTY|EXP_RANGE_BREAKOUT_WATCH_DOWN|OFF|2026-08-06 14:57"",""threshold"":24632.52,""value"":24634.1,""since_minute_bucket_ist"":""2026-08-06 14:54"",""last_updated_ist"":""2026-08-06 14:57:00""}"
2026-08-06 00:00:00,2026-08-06 14:57:00,342,NIFTY,EXP_RANGE_BREAKOUT_CONFIRMED_DOWN,OFF,HIGH,0,Expected-range breakout CONFIRMED DOWN,"{""dedupe_key"":""NIFTY|EXP_RANGE_BREAKOUT_CONFIRMED_DOWN|OFF|2026-08-06 14:57"",""threshold"":2,""value"":0,""since_minute_bucket_ist"":""2026-08-06 14:55"",""last_updated_ist"":""2026-08-06 14:57:00""}"
2026-08-06 00:00:00,2026-08-06 14:57:00,342,NIFTY,VOL_EXPANSION,ON,MED,0.0099,Volatility expanding (straddle up),"{""dedupe_key"":""NIFTY|VOL_EXPANSION|ON|2026-08-06 14:57"",""threshold"":0.02,""value"":0.0099,""since_minute_bucket_ist"":"""",""last_updated_ist"":""2026-08-06 14:57:00""}"
2026-08-06 00:00:00,2026-08-06 14:57:00,342,NIFTY,OPTION_MOMENTUM_CALL,ON,MED,2.45,ATM CALL momentum (ltp up + vol up),"{""dedupe_key"":""NIFTY|OPTION_MOMENTUM_CALL|ON|2026-08-06 14:57"",""threshold"":1.5,""value"":2.45,""since_minute_bucket_ist"":"""",""last_updated_ist"":""2026-08-06 14:57:00""}"
2026-08-06 00:00:00,2026-08-06 14:57:00,342,NIFTY,OPTION_MOMENTUM_PUT,OFF,MED,-0.9,ATM PUT momentum (ltp up + vol up),"{""dedupe_key"":""NIFTY|OPTION_MOMENTUM_PUT|OFF|2026-08-06 14:57"",""threshold"":1.5,""value"":-0.9,""since_minute_bucket_ist"":""2026-08-06 14:56"",""last_updated_ist"":""2026-08-06 14:57:00""}"
2026-08-06 00:00:00,2026-08-06 14:58:00,343,NIFTY,FLOW_BULLISH_BUILD,OFF,HIGH,0,Bullish build (premium-confirmed writing / support),"{""dedupe_key"":""NIFTY|FLOW_BULLISH_BUILD|OFF|2026-08-06 14:58"",""threshold"":0.005,""value"":0,""since_minute_bucket_ist"":""2026-08-06 14:57"",""last_updated_ist"":""2026-08-06 14:58:00""}"
2026-08-06 00:00:00,2026-08-06 14:58:00,343,NIFTY,OPTION_MOMENTUM_CALL,OFF,MED,0,ATM CALL momentum (ltp up + vol up),"{""dedupe_key"":""NIFTY|OPTION_MOMENTUM_CALL|OFF|2026-08-06 14:58"",""threshold"":1.5,""value"":0,""since_minute_bucket_ist"":""2026-08-06 14:57"",""last_updated_ist"":""2026-08-06 14:58:00""}"
2026-08-06 00:00:00,2026-08-06 14:59:00,344,NIFTY,TRADE_LIMIT_REACHED,OFF,MED,16,Cooldown active (2m),"{""dedupe_key"":""NIFTY|TRADE_LIMIT_REACHED|OFF|2026-08-06 14:59"",""threshold"":500,""value"":16,""since_minute_bucket_ist"":""2026-08-06 14:57"",""last_updated_ist"":""2026-08-06 14:59:00""}"
2026-08-06 00:00:00,2026-08-06 14:59:00,344,NIFTY,VOL_EXPANSION,OFF,MED,0.0037,Volatility expanding (straddle up),"{""dedupe_key"":""NIFTY|VOL_EXPANSION|OFF|2026-08-06 14:59"",""threshold"":0.02,""value"":0.0037,""since_minute_bucket_ist"":""2026-08-06 14:57"",""last_updated_ist"":""2026-08-06 14:59:00""}"
2026-08-06 00:00:00,2026-08-06 15:00:00,345,NIFTY,FLOW_BOTH_UNWINDING,ON,MED,-0.0056,Both sides unwinding,"{""dedupe_key"":""NIFTY|FLOW_BOTH_UNWINDING|ON|2026-08-06 15:00"",""threshold"":-0.005,""value"":-0.0056,""since_minute_bucket_ist"":"""",""last_updated_ist"":""2026-08-06 15:00:00""}"
2026-08-06 00:00:00,2026-08-06 15:00:00,345,NIFTY,PIN_BASIC,OFF,LOW,37.5,Spot near a local wall (pin zone),"{""dedupe_key"":""NIFTY|PIN_BASIC|OFF|2026-08-06 15:00"",""threshold"":37.5,""value"":37.5,""since_minute_bucket_ist"":""2026-08-06 14:54"",""last_updated_ist"":""2026-08-06 15:00:00""}"
2026-08-06 00:00:00,2026-08-06 15:00:00,345,NIFTY,OPTION_MOMENTUM_CALL,ON,MED,2.9,ATM CALL momentum (ltp up + vol up),"{""dedupe_key"":""NIFTY|OPTION_MOMENTUM_CALL|ON|2026-08-06 15:00"",""threshold"":1.5,""value"":2.9,""since_minute_bucket_ist"":"""",""last_updated_ist"":""2026-08-06 15:00:00""}"
2026-08-06 00:00:00,2026-08-06 15:00:00,345,NIFTY,WALL_UNWIND_CONFIRM_UP,ON,MED,-0.0126,Call wall OI unwinding (5m),"{""dedupe_key"":""NIFTY|WALL_UNWIND_CONFIRM_UP|ON|2026-08-06 15:00"",""threshold"":-0.006,""value"":-0.0126,""since_minute_bucket_ist"":"""",""last_updated_ist"":""2026-08-06 15:00:00""}"
2026-08-06 00:00:00,2026-08-06 15:01:00,346,NIFTY,FLOW_BOTH_UNWINDING,OFF,MED,-0.0005,Both sides unwinding,"{""dedupe_key"":""NIFTY|FLOW_BOTH_UNWINDING|OFF|2026-08-06 15:01"",""threshold"":-0.005,""value"":-0.0005,""since_minute_bucket_ist"":""2026-08-06 15:00"",""last_updated_ist"":""2026-08-06 15:01:00""}"
2026-08-06 00:00:00,2026-08-06 15:01:00,346,NIFTY,VOL_CONTRACTION,ON,LOW,-0.0113,Volatility contracting (straddle down),"{""dedupe_key"":""NIFTY|VOL_CONTRACTION|ON|2026-08-06 15:01"",""threshold"":-0.03,""value"":-0.0113,""since_minute_bucket_ist"":"""",""last_updated_ist"":""2026-08-06 15:01:00""}"
2026-08-06 00:00:00,2026-08-06 15:01:00,346,NIFTY,OPTION_MOMENTUM_CALL,OFF,MED,-0.25,ATM CALL momentum (ltp up + vol up),"{""dedupe_key"":""NIFTY|OPTION_MOMENTUM_CALL|OFF|2026-08-06 15:01"",""threshold"":1.5,""value"":-0.25,""since_minute_bucket_ist"":""2026-08-06 15:00"",""last_updated_ist"":""2026-08-06 15:01:00""}"
2026-08-06 00:00:00,2026-08-06 15:02:00,347,NIFTY,FLOW_BEARISH_BUILD,ON,HIGH,0.0003,Bearish build (premium-confirmed writing / resistance),"{""dedupe_key"":""NIFTY|FLOW_BEARISH_BUILD|ON|2026-08-06 15:02"",""threshold"":0.005,""value"":0.0003,""since_minute_bucket_ist"":"""",""last_updated_ist"":""2026-08-06 15:02:00""}"
2026-08-06 00:00:00,2026-08-06 15:02:00,347,NIFTY,PIN_BASIC,ON,LOW,37.5,Spot near a local wall (pin zone),"{""dedupe_key"":""NIFTY|PIN_BASIC|ON|2026-08-06 15:02"",""threshold"":37.5,""value"":37.5,""since_minute_bucket_ist"":"""",""last_updated_ist"":""2026-08-06 15:02:00""}"
2026-08-06 00:00:00,2026-08-06 15:02:00,347,NIFTY,PIN_BREAKOUT_SETUP,ON,MED,-2.5,Pin breakout setup (wall touch + aligned flow),"{""dedupe_key"":""NIFTY|PIN_BREAKOUT_SETUP|ON|2026-08-06 15:02"",""threshold"":0,""value"":-2.5,""since_minute_bucket_ist"":"""",""last_updated_ist"":""2026-08-06 15:02:00""}"
2026-08-06 00:00:00,2026-08-06 15:02:00,347,NIFTY,CHURN_COMMITTED,ON,MED,-0.0001,Price move + aligned flow (committed),"{""dedupe_key"":""NIFTY|CHURN_COMMITTED|ON|2026-08-06 15:02"",""threshold"":0.0001,""value"":-0.0001,""since_minute_bucket_ist"":"""",""last_updated_ist"":""2026-08-06 15:02:00""}"
2026-08-06 00:00:00,2026-08-06 15:02:00,347,NIFTY,WALL_PRESSURE_BREAK_SETUP,ON,MED,-2.5,Pressure building into a wall (break setup),"{""dedupe_key"":""NIFTY|WALL_PRESSURE_BREAK_SETUP|ON|2026-08-06 15:02"",""threshold"":0,""value"":-2.5,""since_minute_bucket_ist"":"""",""last_updated_ist"":""2026-08-06 15:02:00""}"
2026-08-06 00:00:00,2026-08-06 15:03:00,348,NIFTY,FLOW_BEARISH_BUILD,OFF,HIGH,0,Bearish build (premium-confirmed writing / resistance),"{""dedupe_key"":""NIFTY|FLOW_BEARISH_BUILD|OFF|2026-08-06 15:03"",""threshold"":0.005,""value"":0,""since_minute_bucket_ist"":""2026-08-06 15:02"",""last_updated_ist"":""2026-08-06 15:03:00""}"
2026-08-06 00:00:00,2026-08-06 15:03:00,348,NIFTY,PIN_BREAKOUT_SETUP,OFF,MED,-11.25,Pin breakout setup (wall touch + aligned flow),"{""dedupe_key"":""NIFTY|PIN_BREAKOUT_SETUP|OFF|2026-08-06 15:03"",""threshold"":0,""value"":-11.25,""since_minute_bucket_ist"":""2026-08-06 15:02"",""last_updated_ist"":""2026-08-06 15:03:00""}"
2026-08-06 00:00:00,2026-08-06 15:03:00,348,NIFTY,EXP_RANGE_BREAKOUT_WATCH_DOWN,ON,MED,24625.45,Expected-range watch DOWN,"{""dedupe_key"":""NIFTY|EXP_RANGE_BREAKOUT_WATCH_DOWN|ON|2026-08-06 15:03"",""threshold"":24629.68,""value"":24625.45,""since_minute_bucket_ist"":"""",""last_updated_ist"":""2026-08-06 15:03:00""}"
2026-08-06 00:00:00,2026-08-06 15:03:00,348,NIFTY,VOL_CONTRACTION,OFF,LOW,-0.0069,Volatility contracting (straddle down),"{""dedupe_key"":""NIFTY|VOL_CONTRACTION|OFF|2026-08-06 15:03"",""threshold"":-0.03,""value"":-0.0069,""since_minute_bucket_ist"":""2026-08-06 15:01"",""last_updated_ist"":""2026-08-06 15:03:00""}"
2026-08-06 00:00:00,2026-08-06 15:03:00,348,NIFTY,CHURN_COMMITTED,OFF,MED,-0.0005,Price move + aligned flow (committed),"{""dedupe_key"":""NIFTY|CHURN_COMMITTED|OFF|2026-08-06 15:03"",""threshold"":0.0001,""value"":-0.0005,""since_minute_bucket_ist"":""2026-08-06 15:02"",""last_updated_ist"":""2026-08-06 15:03:00""}"
2026-08-06 00:00:00,2026-08-06 15:03:00,348,NIFTY,WALL_PRESSURE_BREAK_SETUP,OFF,MED,-11.25,Pressure building into a wall (break setup),"{""dedupe_key"":""NIFTY|WALL_PRESSURE_BREAK_SETUP|OFF|2026-08-06 15:03"",""threshold"":0,""value"":-11.25,""since_minute_bucket_ist"":""2026-08-06 15:02"",""last_updated_ist"":""2026-08-06 15:03:00""}"
2026-08-06 00:00:00,2026-08-06 15:04:00,349,NIFTY,REGIME_RANGE_PIN,OFF,LOW,0.0002,Range / pin (inside local walls),"{""dedupe_key"":""NIFTY|REGIME_RANGE_PIN|OFF|2026-08-06 15:04"",""threshold"":0.001,""value"":0.0002,""since_minute_bucket_ist"":""2026-08-06 14:56"",""last_updated_ist"":""2026-08-06 15:04:00""}"
2026-08-06 00:00:00,2026-08-06 15:04:00,349,NIFTY,REGIME_TRANSITION_UNCERTAIN,ON,LOW,1,Transition/uncertain regime,"{""dedupe_key"":""NIFTY|REGIME_TRANSITION_UNCERTAIN|ON|2026-08-06 15:04"",""threshold"":1,""value"":1,""since_minute_bucket_ist"":"""",""last_updated_ist"":""2026-08-06 15:04:00""}"
2026-08-06 00:00:00,2026-08-06 15:04:00,349,NIFTY,EXP_RANGE_BREAKOUT_CONFIRMED_DOWN,ON,HIGH,2,Expected-range breakout CONFIRMED DOWN,"{""dedupe_key"":""NIFTY|EXP_RANGE_BREAKOUT_CONFIRMED_DOWN|ON|2026-08-06 15:04"",""threshold"":2,""value"":2,""since_minute_bucket_ist"":"""",""last_updated_ist"":""2026-08-06 15:04:00""}"
2026-08-06 00:00:00,2026-08-06 15:04:00,349,NIFTY,VOL_EXPANSION,ON,MED,0.0235,Volatility expanding (straddle up),"{""dedupe_key"":""NIFTY|VOL_EXPANSION|ON|2026-08-06 15:04"",""threshold"":0.02,""value"":0.0235,""since_minute_bucket_ist"":"""",""last_updated_ist"":""2026-08-06 15:04:00""}"
2026-08-06 00:00:00,2026-08-06 15:04:00,349,NIFTY,OPTION_MOMENTUM_PUT,ON,MED,3.7,ATM PUT momentum (ltp up + vol up),"{""dedupe_key"":""NIFTY|OPTION_MOMENTUM_PUT|ON|2026-08-06 15:04"",""threshold"":1.5,""value"":3.7,""since_minute_bucket_ist"":"""",""last_updated_ist"":""2026-08-06 15:04:00""}"
2026-08-06 00:00:00,2026-08-06 15:05:00,350,NIFTY,OPTION_MOMENTUM_CALL,ON,MED,2,ATM CALL momentum (ltp up + vol up),"{""dedupe_key"":""NIFTY|OPTION_MOMENTUM_CALL|ON|2026-08-06 15:05"",""threshold"":1.5,""value"":2,""since_minute_bucket_ist"":"""",""last_updated_ist"":""2026-08-06 15:05:00""}"
2026-08-06 00:00:00,2026-08-06 15:05:00,350,NIFTY,OPTION_MOMENTUM_PUT,OFF,MED,-1.4,ATM PUT momentum (ltp up + vol up),"{""dedupe_key"":""NIFTY|OPTION_MOMENTUM_PUT|OFF|2026-08-06 15:05"",""threshold"":1.5,""value"":-1.4,""since_minute_bucket_ist"":""2026-08-06 15:04"",""last_updated_ist"":""2026-08-06 15:05:00""}"
2026-08-06 00:00:00,2026-08-06 15:05:00,350,NIFTY,WALL_UNWIND_CONFIRM_UP,OFF,MED,-0.0027,Call wall OI unwinding (5m),"{""dedupe_key"":""NIFTY|WALL_UNWIND_CONFIRM_UP|OFF|2026-08-06 15:05"",""threshold"":-0.006,""value"":-0.0027,""since_minute_bucket_ist"":""2026-08-06 15:00"",""last_updated_ist"":""2026-08-06 15:05:00""}"
2026-08-06 00:00:00,2026-08-06 15:06:00,351,NIFTY,FLOW_BEARISH_BUILD,ON,HIGH,0.0082,Bearish build (premium-confirmed writing / resistance),"{""dedupe_key"":""NIFTY|FLOW_BEARISH_BUILD|ON|2026-08-06 15:06"",""threshold"":0.005,""value"":0.0082,""since_minute_bucket_ist"":"""",""last_updated_ist"":""2026-08-06 15:06:00""}"
2026-08-06 00:00:00,2026-08-06 15:06:00,351,NIFTY,EXP_RANGE_BREAKOUT_WATCH_DOWN,OFF,MED,24623.65,Expected-range watch DOWN,"{""dedupe_key"":""NIFTY|EXP_RANGE_BREAKOUT_WATCH_DOWN|OFF|2026-08-06 15:06"",""threshold"":24622.02,""value"":24623.65,""since_minute_bucket_ist"":""2026-08-06 15:03"",""last_updated_ist"":""2026-08-06 15:06:00""}"
2026-08-06 00:00:00,2026-08-06 15:06:00,351,NIFTY,EXP_RANGE_BREAKOUT_CONFIRMED_DOWN,OFF,HIGH,0,Expected-range breakout CONFIRMED DOWN,"{""dedupe_key"":""NIFTY|EXP_RANGE_BREAKOUT_CONFIRMED_DOWN|OFF|2026-08-06 15:06"",""threshold"":2,""value"":0,""since_minute_bucket_ist"":""2026-08-06 15:04"",""last_updated_ist"":""2026-08-06 15:06:00""}"
2026-08-06 00:00:00,2026-08-06 15:06:00,351,NIFTY,OPTION_MOMENTUM_CALL,OFF,MED,-1,ATM CALL momentum (ltp up + vol up),"{""dedupe_key"":""NIFTY|OPTION_MOMENTUM_CALL|OFF|2026-08-06 15:06"",""threshold"":1.5,""value"":-1,""since_minute_bucket_ist"":""2026-08-06 15:05"",""last_updated_ist"":""2026-08-06 15:06:00""}"
2026-08-06 00:00:00,2026-08-06 15:06:00,351,NIFTY,STEALTH_BUILD_BEAR,ON,MED,0.0082,"Stealth bearish build (calls build, spot flat)","{""dedupe_key"":""NIFTY|STEALTH_BUILD_BEAR|ON|2026-08-06 15:06"",""threshold"":0.008,""value"":0.0082,""since_minute_bucket_ist"":"""",""last_updated_ist"":""2026-08-06 15:06:00""}"
2026-08-06 00:00:00,2026-08-06 15:07:00,352,NIFTY,FLOW_BEARISH_BUILD,OFF,HIGH,0.0058,Bearish build (premium-confirmed writing / resistance),"{""dedupe_key"":""NIFTY|FLOW_BEARISH_BUILD|OFF|2026-08-06 15:07"",""threshold"":0.005,""value"":0.0058,""since_minute_bucket_ist"":""2026-08-06 15:06"",""last_updated_ist"":""2026-08-06 15:07:00""}"
2026-08-06 00:00:00,2026-08-06 15:07:00,352,NIFTY,REGIME_RANGE_PIN,ON,LOW,0.0002,Range / pin (inside local walls),"{""dedupe_key"":""NIFTY|REGIME_RANGE_PIN|ON|2026-08-06 15:07"",""threshold"":0.001,""value"":0.0002,""since_minute_bucket_ist"":"""",""last_updated_ist"":""2026-08-06 15:07:00""}"
2026-08-06 00:00:00,2026-08-06 15:07:00,352,NIFTY,REGIME_TRANSITION_UNCERTAIN,OFF,LOW,1899-12-31 00:00:00,Transition/uncertain regime,"{""dedupe_key"":""NIFTY|REGIME_TRANSITION_UNCERTAIN|OFF|2026-08-06 15:07"",""threshold"":1,""value"":1,""since_minute_bucket_ist"":""2026-08-06 15:04"",""last_updated_ist"":""2026-08-06 15:07:00""}"
2026-08-06 00:00:00,2026-08-06 15:07:00,352,NIFTY,VOL_EXPANSION,OFF,MED,-0.0023,Volatility expanding (straddle up),"{""dedupe_key"":""NIFTY|VOL_EXPANSION|OFF|2026-08-06 15:07"",""threshold"":0.02,""value"":-0.0023,""since_minute_bucket_ist"":""2026-08-06 15:04"",""last_updated_ist"":""2026-08-06 15:07:00""}"
2026-08-06 00:00:00,2026-08-06 15:07:00,352,NIFTY,OPTION_MOMENTUM_CALL,ON,MED,2.9,ATM CALL momentum (ltp up + vol up),"{""dedupe_key"":""NIFTY|OPTION_MOMENTUM_CALL|ON|2026-08-06 15:07"",""threshold"":1.5,""value"":2.9,""since_minute_bucket_ist"":"""",""last_updated_ist"":""2026-08-06 15:07:00""}"
2026-08-06 00:00:00,2026-08-06 15:07:00,352,NIFTY,STEALTH_BUILD_BEAR,OFF,MED,0.0058,"Stealth bearish build (calls build, spot flat)","{""dedupe_key"":""NIFTY|STEALTH_BUILD_BEAR|OFF|2026-08-06 15:07"",""threshold"":0.008,""value"":0.0058,""since_minute_bucket_ist"":""2026-08-06 15:06"",""last_updated_ist"":""2026-08-06 15:07:00""}"
2026-08-06 00:00:00,2026-08-06 15:08:00,353,NIFTY,OPTION_MOMENTUM_CALL,OFF,MED,0.15,ATM CALL momentum (ltp up + vol up),"{""dedupe_key"":""NIFTY|OPTION_MOMENTUM_CALL|OFF|2026-08-06 15:08"",""threshold"":1.5,""value"":0.15,""since_minute_bucket_ist"":""2026-08-06 15:07"",""last_updated_ist"":""2026-08-06 15:08:00""}"
2026-08-06 00:00:00,2026-08-06 15:11:00,356,NIFTY,FLOW_BULLISH_BUILD,ON,HIGH,-0.0107,Bullish build (premium-confirmed writing / support),"{""dedupe_key"":""NIFTY|FLOW_BULLISH_BUILD|ON|2026-08-06 15:11"",""threshold"":0.005,""value"":-0.0107,""since_minute_bucket_ist"":"""",""last_updated_ist"":""2026-08-06 15:11:00""}"
2026-08-06 00:00:00,2026-08-06 15:11:00,356,NIFTY,VOL_EXPANSION,ON,MED,0.0307,Volatility expanding (straddle up),"{""dedupe_key"":""NIFTY|VOL_EXPANSION|ON|2026-08-06 15:11"",""threshold"":0.02,""value"":0.0307,""since_minute_bucket_ist"":"""",""last_updated_ist"":""2026-08-06 15:11:00""}"
2026-08-06 00:00:00,2026-08-06 15:12:00,357,NIFTY,FLOW_BULLISH_BUILD,OFF,HIGH,-0.0121,Bullish build (premium-confirmed writing / support),"{""dedupe_key"":""NIFTY|FLOW_BULLISH_BUILD|OFF|2026-08-06 15:12"",""threshold"":0.005,""value"":-0.0121,""since_minute_bucket_ist"":""2026-08-06 15:11"",""last_updated_ist"":""2026-08-06 15:12:00""}"
2026-08-06 00:00:00,2026-08-06 15:12:00,357,NIFTY,FLOW_BEARISH_BUILD,ON,HIGH,-0.0017,Bearish build (premium-confirmed writing / resistance),"{""dedupe_key"":""NIFTY|FLOW_BEARISH_BUILD|ON|2026-08-06 15:12"",""threshold"":0.005,""value"":-0.0017,""since_minute_bucket_ist"":"""",""last_updated_ist"":""2026-08-06 15:12:00""}"
2026-08-06 00:00:00,2026-08-06 15:12:00,357,NIFTY,VOL_EXPANSION,OFF,MED,-0.006,Volatility expanding (straddle up),"{""dedupe_key"":""NIFTY|VOL_EXPANSION|OFF|2026-08-06 15:12"",""threshold"":0.02,""value"":-0.006,""since_minute_bucket_ist"":""2026-08-06 15:11"",""last_updated_ist"":""2026-08-06 15:12:00""}"
2026-08-06 00:00:00,2026-08-06 15:12:00,357,NIFTY,VOL_CONTRACTION,ON,LOW,-0.006,Volatility contracting (straddle down),"{""dedupe_key"":""NIFTY|VOL_CONTRACTION|ON|2026-08-06 15:12"",""threshold"":-0.03,""value"":-0.006,""since_minute_bucket_ist"":"""",""last_updated_ist"":""2026-08-06 15:12:00""}"
2026-08-06 00:00:00,2026-08-06 15:12:00,357,NIFTY,WALL_UNWIND_CONFIRM_UP,ON,MED,-0.0065,Call wall OI unwinding (5m),"{""dedupe_key"":""NIFTY|WALL_UNWIND_CONFIRM_UP|ON|2026-08-06 15:12"",""threshold"":-0.006,""value"":-0.0065,""since_minute_bucket_ist"":"""",""last_updated_ist"":""2026-08-06 15:12:00""}"
2026-08-06 00:00:00,2026-08-06 15:13:00,358,NIFTY,FLOW_BEARISH_BUILD,OFF,HIGH,-0.0056,Bearish build (premium-confirmed writing / resistance),"{""dedupe_key"":""NIFTY|FLOW_BEARISH_BUILD|OFF|2026-08-06 15:13"",""threshold"":0.005,""value"":-0.0056,""since_minute_bucket_ist"":""2026-08-06 15:12"",""last_updated_ist"":""2026-08-06 15:13:00""}"
2026-08-06 00:00:00,2026-08-06 15:13:00,358,NIFTY,OPTION_MOMENTUM_CALL,ON,MED,2.35,ATM CALL momentum (ltp up + vol up),"{""dedupe_key"":""NIFTY|OPTION_MOMENTUM_CALL|ON|2026-08-06 15:13"",""threshold"":1.5,""value"":2.35,""since_minute_bucket_ist"":"""",""last_updated_ist"":""2026-08-06 15:13:00""}"
2026-08-06 00:00:00,2026-08-06 15:14:00,359,NIFTY,FLOW_BOTH_UNWINDING,ON,MED,-0.0081,Both sides unwinding,"{""dedupe_key"":""NIFTY|FLOW_BOTH_UNWINDING|ON|2026-08-06 15:14"",""threshold"":-0.005,""value"":-0.0081,""since_minute_bucket_ist"":"""",""last_updated_ist"":""2026-08-06 15:14:00""}"
2026-08-06 00:00:00,2026-08-06 15:14:00,359,NIFTY,EXP_RANGE_BREAKOUT_WATCH_UP,ON,MED,24633.8,Expected-range watch UP,"{""dedupe_key"":""NIFTY|EXP_RANGE_BREAKOUT_WATCH_UP|ON|2026-08-06 15:14"",""threshold"":24631,""value"":24633.8,""since_minute_bucket_ist"":"""",""last_updated_ist"":""2026-08-06 15:14:00""}"
2026-08-06 00:00:00,2026-08-06 15:14:00,359,NIFTY,VOL_CONTRACTION,OFF,LOW,-0.0075,Volatility contracting (straddle down),"{""dedupe_key"":""NIFTY|VOL_CONTRACTION|OFF|2026-08-06 15:14"",""threshold"":-0.03,""value"":-0.0075,""since_minute_bucket_ist"":""2026-08-06 15:12"",""last_updated_ist"":""2026-08-06 15:14:00""}"
2026-08-06 00:00:00,2026-08-06 15:14:00,359,NIFTY,OPTION_MOMENTUM_CALL,OFF,MED,1.35,ATM CALL momentum (ltp up + vol up),"{""dedupe_key"":""NIFTY|OPTION_MOMENTUM_CALL|OFF|2026-08-06 15:14"",""threshold"":1.5,""value"":1.35,""since_minute_bucket_ist"":""2026-08-06 15:13"",""last_updated_ist"":""2026-08-06 15:14:00""}"
2026-08-06 00:00:00,2026-08-06 15:15:00,360,NIFTY,FLOW_BOTH_UNWINDING,OFF,MED,0,Both sides unwinding,"{""dedupe_key"":""NIFTY|FLOW_BOTH_UNWINDING|OFF|2026-08-06 15:15"",""threshold"":-0.005,""value"":0,""since_minute_bucket_ist"":""2026-08-06 15:14"",""last_updated_ist"":""2026-08-06 15:15:00""}"
2026-08-06 00:00:00,2026-08-06 15:15:00,360,NIFTY,EXP_RANGE_BREAKOUT_CONFIRMED_UP,ON,HIGH,2,Expected-range breakout CONFIRMED UP,"{""dedupe_key"":""NIFTY|EXP_RANGE_BREAKOUT_CONFIRMED_UP|ON|2026-08-06 15:15"",""threshold"":2,""value"":2,""since_minute_bucket_ist"":"""",""last_updated_ist"":""2026-08-06 15:15:00""}"
2026-08-06 00:00:00,2026-08-06 15:15:00,360,NIFTY,VOL_CONTRACTION,ON,LOW,-0.0326,Volatility contracting (straddle down),"{""dedupe_key"":""NIFTY|VOL_CONTRACTION|ON|2026-08-06 15:15"",""threshold"":-0.03,""value"":-0.0326,""since_minute_bucket_ist"":"""",""last_updated_ist"":""2026-08-06 15:15:00""}"
2026-08-06 00:00:00,2026-08-06 15:16:00,361,NIFTY,FLOW_BOTH_UNWINDING,ON,MED,-0.0088,Both sides unwinding,"{""dedupe_key"":""NIFTY|FLOW_BOTH_UNWINDING|ON|2026-08-06 15:16"",""threshold"":-0.005,""value"":-0.0088,""since_minute_bucket_ist"":"""",""last_updated_ist"":""2026-08-06 15:16:00""}"
2026-08-06 00:00:00,2026-08-06 15:16:00,361,NIFTY,EXP_RANGE_BREAKOUT_WATCH_UP,OFF,MED,24627.95,Expected-range watch UP,"{""dedupe_key"":""NIFTY|EXP_RANGE_BREAKOUT_WATCH_UP|OFF|2026-08-06 15:16"",""threshold"":24632.14,""value"":24627.95,""since_minute_bucket_ist"":""2026-08-06 15:14"",""last_updated_ist"":""2026-08-06 15:16:00""}"
2026-08-06 00:00:00,2026-08-06 15:16:00,361,NIFTY,EXP_RANGE_BREAKOUT_CONFIRMED_UP,OFF,HIGH,0,Expected-range breakout CONFIRMED UP,"{""dedupe_key"":""NIFTY|EXP_RANGE_BREAKOUT_CONFIRMED_UP|OFF|2026-08-06 15:16"",""threshold"":2,""value"":0,""since_minute_bucket_ist"":""2026-08-06 15:15"",""last_updated_ist"":""2026-08-06 15:16:00""}"
2026-08-06 00:00:00,2026-08-06 15:17:00,362,NIFTY,OPTION_MOMENTUM_CALL,ON,MED,2.65,ATM CALL momentum (ltp up + vol up),"{""dedupe_key"":""NIFTY|OPTION_MOMENTUM_CALL|ON|2026-08-06 15:17"",""threshold"":1.5,""value"":2.65,""since_minute_bucket_ist"":"""",""last_updated_ist"":""2026-08-06 15:17:00""}"
2026-08-06 00:00:00,2026-08-06 15:18:00,363,NIFTY,FLOW_BOTH_UNWINDING,OFF,MED,0,Both sides unwinding,"{""dedupe_key"":""NIFTY|FLOW_BOTH_UNWINDING|OFF|2026-08-06 15:18"",""threshold"":-0.005,""value"":0,""since_minute_bucket_ist"":""2026-08-06 15:16"",""last_updated_ist"":""2026-08-06 15:18:00""}"
2026-08-06 00:00:00,2026-08-06 15:18:00,363,NIFTY,OPTION_MOMENTUM_CALL,OFF,MED,0,ATM CALL momentum (ltp up + vol up),"{""dedupe_key"":""NIFTY|OPTION_MOMENTUM_CALL|OFF|2026-08-06 15:18"",""threshold"":1.5,""value"":0,""since_minute_bucket_ist"":""2026-08-06 15:17"",""last_updated_ist"":""2026-08-06 15:18:00""}"
2026-08-06 00:00:00,2026-08-06 15:19:00,364,NIFTY,FLOW_BOTH_UNWINDING,ON,MED,-0.0091,Both sides unwinding,"{""dedupe_key"":""NIFTY|FLOW_BOTH_UNWINDING|ON|2026-08-06 15:19"",""threshold"":-0.005,""value"":-0.0091,""since_minute_bucket_ist"":"""",""last_updated_ist"":""2026-08-06 15:19:00""}"
2026-08-06 00:00:00,2026-08-06 15:19:00,364,NIFTY,VOL_CONTRACTION,OFF,LOW,-0.0156,Volatility contracting (straddle down),"{""dedupe_key"":""NIFTY|VOL_CONTRACTION|OFF|2026-08-06 15:19"",""threshold"":-0.03,""value"":-0.0156,""since_minute_bucket_ist"":""2026-08-06 15:15"",""last_updated_ist"":""2026-08-06 15:19:00""}"
2026-08-06 00:00:00,2026-08-06 15:19:00,364,NIFTY,OPTION_MOMENTUM_PUT,ON,MED,5.7,ATM PUT momentum (ltp up + vol up),"{""dedupe_key"":""NIFTY|OPTION_MOMENTUM_PUT|ON|2026-08-06 15:19"",""threshold"":1.5,""value"":5.7,""since_minute_bucket_ist"":"""",""last_updated_ist"":""2026-08-06 15:19:00""}"
2026-08-06 00:00:00,2026-08-06 15:20:00,365,NIFTY,FLOW_BOTH_UNWINDING,OFF,MED,-0.0022,Both sides unwinding,"{""dedupe_key"":""NIFTY|FLOW_BOTH_UNWINDING|OFF|2026-08-06 15:20"",""threshold"":-0.005,""value"":-0.0022,""since_minute_bucket_ist"":""2026-08-06 15:19"",""last_updated_ist"":""2026-08-06 15:20:00""}"
2026-08-06 00:00:00,2026-08-06 15:21:00,366,NIFTY,FLOW_BOTH_UNWINDING,ON,MED,-0.0065,Both sides unwinding,"{""dedupe_key"":""NIFTY|FLOW_BOTH_UNWINDING|ON|2026-08-06 15:21"",""threshold"":-0.005,""value"":-0.0065,""since_minute_bucket_ist"":"""",""last_updated_ist"":""2026-08-06 15:21:00""}"
2026-08-06 00:00:00,2026-08-06 15:21:00,366,NIFTY,VOL_EXPANSION,ON,MED,0.0207,Volatility expanding (straddle up),"{""dedupe_key"":""NIFTY|VOL_EXPANSION|ON|2026-08-06 15:21"",""threshold"":0.02,""value"":0.0207,""since_minute_bucket_ist"":"""",""last_updated_ist"":""2026-08-06 15:21:00""}"
2026-08-06 00:00:00,2026-08-06 15:21:00,366,NIFTY,OPTION_MOMENTUM_PUT,OFF,MED,-1.7,ATM PUT momentum (ltp up + vol up),"{""dedupe_key"":""NIFTY|OPTION_MOMENTUM_PUT|OFF|2026-08-06 15:21"",""threshold"":1.5,""value"":-1.7,""since_minute_bucket_ist"":""2026-08-06 15:19"",""last_updated_ist"":""2026-08-06 15:21:00""}"
2026-08-06 00:00:00,2026-08-06 15:22:00,367,NIFTY,FLOW_BOTH_UNWINDING,OFF,MED,0,Both sides unwinding,"{""dedupe_key"":""NIFTY|FLOW_BOTH_UNWINDING|OFF|2026-08-06 15:22"",""threshold"":-0.005,""value"":0,""since_minute_bucket_ist"":""2026-08-06 15:21"",""last_updated_ist"":""2026-08-06 15:22:00""}"
2026-08-06 00:00:00,2026-08-06 15:23:00,368,NIFTY,FLOW_BOTH_UNWINDING,ON,MED,-0.0094,Both sides unwinding,"{""dedupe_key"":""NIFTY|FLOW_BOTH_UNWINDING|ON|2026-08-06 15:23"",""threshold"":-0.005,""value"":-0.0094,""since_minute_bucket_ist"":"""",""last_updated_ist"":""2026-08-06 15:23:00""}"
2026-08-06 00:00:00,2026-08-06 15:23:00,368,NIFTY,VOL_EXPANSION,OFF,MED,-0.0117,Volatility expanding (straddle up),"{""dedupe_key"":""NIFTY|VOL_EXPANSION|OFF|2026-08-06 15:23"",""threshold"":0.02,""value"":-0.0117,""since_minute_bucket_ist"":""2026-08-06 15:21"",""last_updated_ist"":""2026-08-06 15:23:00""}"
2026-08-06 00:00:00,2026-08-06 15:23:00,368,NIFTY,VOL_CONTRACTION,ON,LOW,-0.0117,Volatility contracting (straddle down),"{""dedupe_key"":""NIFTY|VOL_CONTRACTION|ON|2026-08-06 15:23"",""threshold"":-0.03,""value"":-0.0117,""since_minute_bucket_ist"":"""",""last_updated_ist"":""2026-08-06 15:23:00""}"
2026-08-06 00:00:00,2026-08-06 15:23:00,368,NIFTY,OPTION_MOMENTUM_CALL,ON,MED,1.6,ATM CALL momentum (ltp up + vol up),"{""dedupe_key"":""NIFTY|OPTION_MOMENTUM_CALL|ON|2026-08-06 15:23"",""threshold"":1.5,""value"":1.6,""since_minute_bucket_ist"":"""",""last_updated_ist"":""2026-08-06 15:23:00""}"
2026-08-06 00:00:00,2026-08-06 15:24:00,369,NIFTY,FLOW_BOTH_UNWINDING,OFF,MED,-0.0001,Both sides unwinding,"{""dedupe_key"":""NIFTY|FLOW_BOTH_UNWINDING|OFF|2026-08-06 15:24"",""threshold"":-0.005,""value"":-0.0001,""since_minute_bucket_ist"":""2026-08-06 15:23"",""last_updated_ist"":""2026-08-06 15:24:00""}"
2026-08-06 00:00:00,2026-08-06 15:24:00,369,NIFTY,VOL_CONTRACTION,OFF,LOW,-0.0231,Volatility contracting (straddle down),"{""dedupe_key"":""NIFTY|VOL_CONTRACTION|OFF|2026-08-06 15:24"",""threshold"":-0.03,""value"":-0.0231,""since_minute_bucket_ist"":""2026-08-06 15:23"",""last_updated_ist"":""2026-08-06 15:24:00""}"
2026-08-06 00:00:00,2026-08-06 15:24:00,369,NIFTY,OPTION_MOMENTUM_CALL,OFF,MED,0.6,ATM CALL momentum (ltp up + vol up),"{""dedupe_key"":""NIFTY|OPTION_MOMENTUM_CALL|OFF|2026-08-06 15:24"",""threshold"":1.5,""value"":0.6,""since_minute_bucket_ist"":""2026-08-06 15:23"",""last_updated_ist"":""2026-08-06 15:24:00""}"
2026-08-06 00:00:00,2026-08-06 15:25:00,370,NIFTY,OPTION_MOMENTUM_PUT,ON,MED,3.9,ATM PUT momentum (ltp up + vol up),"{""dedupe_key"":""NIFTY|OPTION_MOMENTUM_PUT|ON|2026-08-06 15:25"",""threshold"":1.5,""value"":3.9,""since_minute_bucket_ist"":"""",""last_updated_ist"":""2026-08-06 15:25:00""}"
2026-08-06 00:00:00,2026-08-06 15:26:00,371,NIFTY,TIME_ENTRY_BLOCK,ON,MED,1899-12-30 15:26:00,Entry window closed (time gate),"{""dedupe_key"":""NIFTY|TIME_ENTRY_BLOCK|ON|2026-08-06 15:26"",""threshold"":""09:15-15:25"",""value"":""15:26"",""since_minute_bucket_ist"":"""",""last_updated_ist"":""2026-08-06 15:26:00""}"
2026-08-06 00:00:00,2026-08-06 15:26:00,371,NIFTY,FLOW_BOTH_UNWINDING,ON,MED,-0.0087,Both sides unwinding,"{""dedupe_key"":""NIFTY|FLOW_BOTH_UNWINDING|ON|2026-08-06 15:26"",""threshold"":-0.005,""value"":-0.0087,""since_minute_bucket_ist"":"""",""last_updated_ist"":""2026-08-06 15:26:00""}"
2026-08-06 00:00:00,2026-08-06 15:27:00,372,NIFTY,OPTION_MOMENTUM_PUT,OFF,MED,0.65,ATM PUT momentum (ltp up + vol up),"{""dedupe_key"":""NIFTY|OPTION_MOMENTUM_PUT|OFF|2026-08-06 15:27"",""threshold"":1.5,""value"":0.65,""since_minute_bucket_ist"":""2026-08-06 15:25"",""last_updated_ist"":""2026-08-06 15:27:00""}"
2026-08-06 00:00:00,2026-08-06 15:28:00,373,NIFTY,FLOW_BOTH_UNWINDING,OFF,MED,-0.0033,Both sides unwinding,"{""dedupe_key"":""NIFTY|FLOW_BOTH_UNWINDING|OFF|2026-08-06 15:28"",""threshold"":-0.005,""value"":-0.0033,""since_minute_bucket_ist"":""2026-08-06 15:26"",""last_updated_ist"":""2026-08-06 15:28:00""}"
2026-08-06 00:00:00,2026-08-06 15:29:00,374,NIFTY,TRADE_LIMIT_REACHED,ON,MED,16,Cooldown active (2m),"{""dedupe_key"":""NIFTY|TRADE_LIMIT_REACHED|ON|2026-08-06 15:29"",""threshold"":500,""value"":16,""since_minute_bucket_ist"":"""",""last_updated_ist"":""2026-08-06 15:29:00""}"
2026-08-06 00:00:00,2026-08-06 15:29:00,374,NIFTY,EXP_RANGE_BREAKOUT_WATCH_UP,ON,MED,24636,Expected-range watch UP,"{""dedupe_key"":""NIFTY|EXP_RANGE_BREAKOUT_WATCH_UP|ON|2026-08-06 15:29"",""threshold"":24631.69,""value"":24636,""since_minute_bucket_ist"":"""",""last_updated_ist"":""2026-08-06 15:29:00""}"
2026-08-06 00:00:00,2026-08-06 15:29:00,374,NIFTY,VOL_CONTRACTION,ON,LOW,-0.016,Volatility contracting (straddle down),"{""dedupe_key"":""NIFTY|VOL_CONTRACTION|ON|2026-08-06 15:29"",""threshold"":-0.03,""value"":-0.016,""since_minute_bucket_ist"":"""",""last_updated_ist"":""2026-08-06 15:29:00""}"
2026-08-06 00:00:00,2026-08-06 15:30:00,375,NIFTY,TRADE_LIMIT_REACHED,OFF,MED,16,Cooldown active (2m),"{""dedupe_key"":""NIFTY|TRADE_LIMIT_REACHED|OFF|2026-08-06 15:30"",""threshold"":500,""value"":16,""since_minute_bucket_ist"":""2026-08-06 15:29"",""last_updated_ist"":""2026-08-06 15:30:00""}"
2026-08-06 00:00:00,2026-08-06 15:30:00,375,NIFTY,EXP_RANGE_BREAKOUT_CONFIRMED_UP,ON,HIGH,2,Expected-range breakout CONFIRMED UP,"{""dedupe_key"":""NIFTY|EXP_RANGE_BREAKOUT_CONFIRMED_UP|ON|2026-08-06 15:30"",""threshold"":2,""value"":2,""since_minute_bucket_ist"":"""",""last_updated_ist"":""2026-08-06 15:30:00""}"
2026-08-06 00:00:00,2026-08-06 15:31:00,376,NIFTY,FLOW_BOTH_UNWINDING,ON,MED,-0.0108,Both sides unwinding,"{""dedupe_key"":""NIFTY|FLOW_BOTH_UNWINDING|ON|2026-08-06 15:31"",""threshold"":-0.005,""value"":-0.0108,""since_minute_bucket_ist"":"""",""last_updated_ist"":""2026-08-06 15:31:00""}"
2026-08-06 00:00:00,2026-08-06 15:32:00,377,NIFTY,FLOW_BOTH_UNWINDING,OFF,MED,0,Both sides unwinding,"{""dedupe_key"":""NIFTY|FLOW_BOTH_UNWINDING|OFF|2026-08-06 15:32"",""threshold"":-0.005,""value"":0,""since_minute_bucket_ist"":""2026-08-06 15:31"",""last_updated_ist"":""2026-08-06 15:32:00""}"