date_ist,minute_bucket_ist,run_id,symbol,nse_status,spot,Δspot,call_oi_sum,Δcall_oi,put_oi_sum,Δput_oi,call_coi_sum,Δcall_coi,put_coi_sum,Δput_coi,net_diff,expected_move,churn,commitment,tv_ratio,tv_ratio_z,top_call_write_strike,top_call_write_score,top_put_write_strike,top_put_write_score,top_call_unwind_strike,top_call_unwind_score,top_put_unwind_strike,top_put_unwind_score,bucket_epoch_ms,expiry_used,atm_strike,overlap_strikes,d_call_oi_aligned,d_put_oi_aligned,call_oi_prev_aligned,put_oi_prev_aligned,call_oi_pct_aligned,put_oi_pct_aligned,d_net_oi_1m,total_vol_cum,d_total_vol_1m,d_total_vol_5m,atm_call_ltp,atm_put_ltp,d_atm_call_ltp_1m,d_atm_put_ltp_1m,d_atm_call_vol_1m,d_atm_put_vol_1m,call_wall_above,put_wall_below,call_wall_above_oi,put_wall_below_oi,d_call_wall_oi_5m,d_put_wall_oi_5m,call_wall_oi_pct_5m,put_wall_oi_pct_5m,d_expected_move_1m,d_expected_move_5m,expected_move_z
2026-07-24 00:00:00,2026-07-24 09:15:00,1,NIFTY,OK,23686.75,0,726341,0,1051722,0,0,0,0,0,0,0,0,0,0,0,0,0,0,0,0,0,0,0,1784864750731,2026-07-28 00:00:00,23700,0,0,0,0,0,0,0,0,27286127,0,0,0,0,0,0,0,0,24000,23500,199203,137553,0,0,0,0,0,0,0
2026-07-24 00:00:00,2026-07-24 09:17:00,2,NIFTY,OK,23713.75,27,840236,113895,1060966,9244,113895,113895,9244,9244,-104651,256.9,0.004454550331842697,14.539969299799267,0.35319754434321915,0,23700,2878649.9499999997,0,0,0,0,23800,882743.3999999999,1784864821333,2026-07-28 00:00:00,23700,17,113895,9244,726341,1051722,0.15680651374492147,0.008789394916147043,123139,1353933,8469,8469,146.7,110.2,146.7,110.2,0,0,24000,23500,206294,134875,0,0,0,0,256.9,0,0
2026-07-24 00:00:00,2026-07-24 09:17:00,3,NIFTY,OK,23719.9,6.150000000001455,904817,64581,1101943,40977,178476,64581,50221,40977,-23604,257.5,0.19520371145528115,0.5838173013348582,0.3539469222394744,0,23700,4081007.3,0,0,0,0,23900,835887.5,1784864870373,2026-07-28 00:00:00,23700,17,64581,40977,840236,1060966,0.07686054870298345,0.038622349820823666,105558,1737191,383258,391727,147,110.5,0.30000000000001137,0.29999999999999716,37013,27381,24000,23500,212729,136825,0,0,0,0,0.6000000000000227,0,0
2026-07-24 00:00:00,2026-07-24 09:18:00,4,NIFTY,OK,23735.15,15.25,1015003,42065,1063514,33561,223664,45188,79156,28935,-8504,254.05,0.3392356184722088,0.4315983247932583,0.3496658241056413,0,23700,4563816.35,0,0,0,0,23900,756899,1784864930449,2026-07-28 00:00:00,23750,16,42065,33561,903324,1022893,0.046566901798247365,0.03280988334068177,75626,2048767,313380,705107,125.4,128.65,4,-6.699999999999989,20343,11998,24000,23500,217530,139385,0,0,0,0,-3.4499999999999886,0,0
2026-07-24 00:00:00,2026-07-24 09:19:00,5,NIFTY,OK,23751.15,16,1034939,19936,1093952,30438,243600,19936,109594,30438,10502,254.20000000000002,0.5157267328388349,0.32306093488996523,0.35238686124823526,0.5005950626679375,23700,4307142.4,0,0,0,0,23900,706666.2000000001,1784864990993,2026-07-28 00:00:00,23750,17,19936,30438,1015003,1063514,0.01964132125717855,0.02862021562480607,50374,2441586,392819,1097926,128.8,125.4,3.4000000000000057,-3.25,26812,15449,24000,23500,218994,142798,0,0,0,0,0.15000000000000568,0,0
2026-07-24 00:00:00,2026-07-24 09:20:00,6,NIFTY,OK,23746.25,-4.900000000001455,1034939,0,1093952,0,243600,0,109594,0,0,253.95,0.53721961340435,0.3101360343172315,0.35124844731678345,0.4407825967279399,23700,4136976.8000000003,0,0,0,0,23900,676087,1784865050087,2026-07-28 00:00:00,23750,17,0,0,1034939,1093952,0,0,0,2487342,45756,1143682,130.75,123.2,1.9499999999999886,-2.200000000000003,3028,2226,24000,23500,218994,142798,19791,5245,0.09935091338985859,0.038130756871896654,-0.2500000000000284,0,-0.884589240215851
2026-07-24 00:00:00,2026-07-24 09:21:00,7,NIFTY,OK,23756.95,10.700000000000728,1046811,11872,1120930,26978,255472,11872,136572,26978,15106,254.55,0.6167567988980234,0.2022545025352121,0.3516469689480069,0.4052351013670405,23700,4175276.75,0,0,0,0,23900,748046.25,1784865109922,2026-07-28 00:00:00,23750,17,11872,26978,1034939,1093952,0.011471207481793613,0.024661045457204704,38850,2689098,201756,1336969,129.3,125.25,-1.4499999999999886,2.049999999999997,16708,7881,24000,23500,220849,143899,14555,9024,0.0705546453120304,0.06690639481000926,0.6000000000000227,-2.349999999999966,-0.44478957462065627
2026-07-24 00:00:00,2026-07-24 09:22:00,8,NIFTY,OK,23755.45,-1.5,1059932,13121,1151113,30183,268593,13121,166755,30183,17062,257.7,0.637663186411855,0.1476372116643568,0.3568874024526197,0.4137036646036593,23700,3819736.05,0,0,0,0,23900,725496,1784865170012,2026-07-28 00:00:00,23750,17,13121,30183,1046811,1120930,0.0125342588108073,0.02692674832505152,43304,3145289,456191,1409902,134.5,123.2,5.199999999999989,-2.049999999999997,37434,21633,24000,23500,222027,144174,9298,7349,0.04370819211297002,0.05371094463731043,3.1499999999999773,0.19999999999998863,1.3452522363550725
2026-07-24 00:00:00,2026-07-24 09:23:00,9,NIFTY,OK,23740.95,-14.5,1086092,26160,1191139,40026,294753,26160,206781,40026,13866,256.75,0.634412582649718,0.13754651471858595,0.3540503293241696,0.3640624597079326,23700,3945516.1999999997,0,0,0,0,23900,766558.6,1784865229746,2026-07-28 00:00:00,23750,17,26160,40026,1059932,1151113,0.02468082858145617,0.03477156456403498,66186,3493471,348182,1444704,131.65,125.1,-2.8499999999999943,1.8999999999999915,24136,18582,24000,23700,225807,152074,8277,0,0.038049924148393324,0,-0.9499999999999886,2.6999999999999886,0.6788335930269899
2026-07-24 00:00:00,2026-07-24 09:24:00,10,NIFTY,OK,23740.95,0,1086092,0,1191139,0,294753,0,206781,0,0,256.75,0.46191405263673296,0.14102302057734448,0.3540503293241696,0.34311362063957873,23700,3945516.1999999997,0,0,0,0,23900,766558.6,1784865289588,2026-07-28 00:00:00,23750,17,0,0,1086092,1191139,0,0,0,3493471,0,1051885,131.65,125.1,0,0,0,0,24000,23700,225807,152074,6813,0,0.03111044138195567,0,0,2.549999999999983,0.624229146894761
2026-07-24 00:00:00,2026-07-24 09:25:00,11,NIFTY,OK,23730.5,-10.450000000000728,1096921,10829,1212859,21720,305582,10829,228501,21720,10891,257.2,0.588401059841197,0.13309694741357553,0.35249487782837824,-0.24772561161587325,23700,4087168.1999999997,0,0,0,0,23900,805927.5,1784865350139,2026-07-28 00:00:00,23750,17,10829,21720,1086092,1191139,0.009970610224548197,0.018234647677559043,32549,3846419,352948,1359077,128.75,128.45,-2.9000000000000057,3.3499999999999943,18131,30756,24000,23700,228773,155359,9779,0,0.04465419143903486,0,0.44999999999998863,3.25,0.8424044738313895
2026-07-24 00:00:00,2026-07-24 09:26:00,12,NIFTY,OK,23709.9,-20.599999999998545,1043478,16926,1298837,2730,317137,11555,247115,18614,-14196,256.35,0.7287960842158292,0.09472077887842913,0.3521705579383735,-0.36401361718156894,23700,5238318,0,0,0,0,23900,1041332,1784865409566,2026-07-28 00:00:00,23700,16,16926,2730,1025017,1205919,0.0165128968592716,0.002263833640567899,19656,4419934,549749,1707070,140.05,116.3,-16.649999999999977,11.25,32392,76992,24000,23700,231946,156592,11097,0,0.050247001344810256,0,-0.8499999999999659,1.8000000000000114,0.30997646564324355
2026-07-24 00:00:00,2026-07-24 09:27:00,13,NIFTY,OK,23698.65,-11.25,1048675,5197,1306062,7225,322334,5197,254340,7225,2028,257.2,0.6871170750703794,0.08084957786870048,0.354955132453297,1.0196070018097945,23700,5516930.399999999,0,0,0,0,23900,1147300,1784865470504,2026-07-28 00:00:00,23700,17,5197,7225,1043478,1298837,0.004980459578448228,0.005562668756741608,12422,4787035,367101,1617980,137.25,119.95,-2.8000000000000114,3.6500000000000057,22102,54493,24000,23700,233367,159832,11340,0,0.05107486927265603,0,0.8499999999999659,-0.5,0.9358774002076728
2026-07-24 00:00:00,2026-07-24 09:28:00,14,NIFTY,OK,23697.55,-1.1000000000021828,1100177,51502,1293110,-12952,373836,51502,241388,-12952,-64454,257.29999999999995,0.7183091706092918,0.06001733445018381,0.35570439790388636,1.2076998343711307,23700,7322095,0,0,0,0,23900,1456075.2000000002,1784865530187,2026-07-28 00:00:00,23700,17,51502,-12952,1048675,1306062,0.049111497842515554,-0.009916833963471872,38550,5236357,449322,1719120,133.7,123.6,-3.5500000000000114,3.6499999999999915,31079,61727,24000,23700,238740,157852,12933,5778,0.057274575190317395,0.03799466049423307,0.0999999999999659,0.5499999999999545,0.8265567228994516
2026-07-24 00:00:00,2026-07-24 09:29:00,15,NIFTY,OK,23697.55,0,1100177,0,1293110,0,373836,0,241388,0,0,257.29999999999995,0.7183091706092918,0.06001733445018381,0.35570439790388636,0.988161110250995,23700,7322095,0,0,0,0,23900,1456075.2000000002,1784865589452,2026-07-28 00:00:00,23700,17,0,0,1100177,1293110,0,0,0,5236357,0,1719120,133.7,123.6,0,0,0,0,24000,23700,238740,157852,12933,5778,0.057274575190317395,0.03799466049423307,0,0.5499999999999545,0.6682737200267092
2026-07-24 00:00:00,2026-07-24 09:30:00,16,NIFTY,OK,23705.4,7.850000000002183,1125904,25727,1296897,3787,399563,25727,245175,3787,-21940,256.65,0.6714443324069951,0.061558567374979715,0.3535349913037238,-0.3607915484056505,23700,8106703.5,0,0,0,0,23900,1595300,1784865650572,2026-07-28 00:00:00,23700,17,25727,3787,1100177,1293110,0.023384419052570632,0.002928598495100958,29514,5496961,260604,1626776,131.95,124.7,-1.75,1.1000000000000085,16816,33232,24000,23700,241253,157763,12480,2404,0.05455189205019823,0.015473838013890408,-0.6499999999999773,-0.5500000000000114,-0.15030543035079083
2026-07-24 00:00:00,2026-07-24 09:31:00,17,NIFTY,OK,23703.5,-1.9000000000014552,1137487,11583,1299590,2693,411146,11583,247868,2693,-8890,258.04999999999995,0.6216611128823587,0.0625476886357816,0.35573553600800956,0.8305832547205866,23700,7984878.949999999,0,0,0,0,23900,1520254.45,1784865709676,2026-07-28 00:00:00,23700,17,11583,2693,1125904,1296897,0.0102877332348051,0.0020764948951227428,14276,5934970,438009,1515036,139.7,118.35,7.75,-6.3500000000000085,45278,50558,24000,23700,241838,157877,9892,1285,0.042647857691014285,0.008206038622662715,1.3999999999999773,1.6999999999999318,1.9015660685188636
2026-07-24 00:00:00,2026-07-24 09:32:00,18,NIFTY,OK,23696.4,-7.099999999998545,1165087,27600,1313960,14370,438746,27600,262238,14370,-13230,258.05,0.5644104367525101,0.0888436249285306,0.35614357948149894,1.2556211476589483,23700,9046380.4,0,0,0,0,23900,1657448.5,1784865769727,2026-07-28 00:00:00,23700,17,27600,14370,1137487,1299590,0.024264013566748455,0.011057333466708731,41970,6186235,251265,1399200,134.85,123.2,-4.849999999999994,4.8500000000000085,20782,32877,24000,23700,243163,164223,9796,4391,0.04197680049021498,0.02747259622603734,5.684341886080802e-14,0.8500000000000227,1.6587050779456405
2026-07-24 00:00:00,2026-07-24 09:33:00,19,NIFTY,OK,23699.2,2.7999999999992724,1170777,5690,1337966,24006,444436,5690,286244,24006,18316,257,0.47712380263741644,0.09645600055472894,0.3551864619241618,0.4566444471753483,23700,8932925.1,0,0,0,0,23900,1619541,1784865830400,2026-07-28 00:00:00,23700,17,5690,24006,1165087,1313960,0.004883755462038457,0.018269962555937776,29696,6433338,247103,1196981,137.35,119.65,2.5,-3.549999999999997,17897,37233,24000,23700,243866,173835,5126,15983,0.02147105637932479,0.10125307249828953,-1.0500000000000114,-0.2999999999999545,-0.3540548276569231
2026-07-24 00:00:00,2026-07-24 09:35:00,20,NIFTY,OK,23689.8,-9.400000000001455,1199855,29078,1356922,18956,473514,29078,305200,18956,-10122,257.15,0.5632309739957767,0.11353030715472176,0.35573559854379316,0.721890297443574,23700,10088494.85,0,0,0,0,23900,1762642.95,1784865925952,2026-07-28 00:00:00,23700,17,29078,18956,1170777,1337966,0.024836497471337413,0.014167774068997269,48034,6676413,243075,1440056,132.6,124.55,-4.75,4.8999999999999915,21729,30872,24000,23700,246195,179573,7455,21721,0.031226438803719527,0.1376035780351215,0.14999999999997726,-0.14999999999997726,-0.14921864779280206
2026-07-24 00:00:00,2026-07-24 09:35:00,21,NIFTY,OK,23689.8,0,1199855,0,1356922,0,473514,0,305200,0,0,257.15,0.4613042122954016,0.11359173582307716,0.35573559854379316,0.56892721122422,23700,10088494.85,0,0,0,0,23900,1762642.95,1784865950688,2026-07-28 00:00:00,23700,17,0,0,1199855,1356922,0,0,0,6676413,0,1179452,132.6,124.55,0,0,0,0,24000,23700,246195,179573,4942,21810,0.020484719361002764,0.1382453426975907,0,0.5,-0.13913998988025228
2026-07-24 00:00:00,2026-07-24 09:36:00,22,NIFTY,OK,23682.6,-7.200000000000728,1229352,29497,1360312,3390,503011,29497,308590,3390,-26107,255.4,0.4267642443189541,0.13806579223580678,0.35385748018064134,-1.6531916991152429,23700,10785590.25,0,0,0,0,23900,1744740,1784866009966,2026-07-28 00:00:00,23700,17,29497,3390,1199855,1356922,0.02458380387630172,0.0024983013025067025,32887,7040146,363733,1105176,134.8,120.6,2.200000000000017,-3.950000000000003,31517,54007,24000,23700,249567,182323,7729,24446,0.03195941084527659,0.1548420605914731,-1.7499999999999716,-2.649999999999949,-2.440433729399503
2026-07-24 00:00:00,2026-07-24 09:37:00,23,NIFTY,OK,23673.1,-9.5,1062911,15888,1321092,-23120,487991,-15020,299162,-9428,-39008,258.7,0.5583348678671964,0.07767047913260891,0.35410204299925147,-1.1643225902363992,23700,12708243.85,0,0,0,0,23900,2162372.5,1784866069583,2026-07-28 00:00:00,23650,16,15888,-23120,1046743,1315100,0.01517851086656419,-0.017580412135959244,-7232,7279040,477161,1331072,149.65,109.05,-13.449999999999989,10.700000000000003,13498,39997,24000,23500,250301,150889,7138,0,0.02935479493179472,0,3.299999999999983,0.6499999999999773,1.674010615394069
2026-07-24 00:00:00,2026-07-24 09:38:00,24,NIFTY,OK,23673.1,0,1062911,0,1321092,0,487991,0,299162,0,0,258.7,0.45468441105149615,0.06798072638608668,0.35410204299925147,-0.9550475286308912,23700,12708243.85,0,0,0,0,23900,2162372.5,1784866129938,2026-07-28 00:00:00,23650,17,0,0,1062911,1321092,0,0,0,7279040,0,1083969,149.65,109.05,0,0,0,0,24000,23500,250301,150889,6435,0,0.02638744228387721,0,0,1.6999999999999886,1.3485101658534577
2026-07-24 00:00:00,2026-07-24 09:39:00,25,NIFTY,OK,23670.45,-2.649999999997817,1105126,42215,1303169,-17923,530206,42215,281239,-17923,-60138,258.4,0.5294284960937095,0.039173503160734736,0.3547930069680821,-0.11168269476568729,23700,13981963.5,0,0,0,0,23900,2265480,1784866190070,2026-07-28 00:00:00,23650,17,42215,-17923,1062911,1321092,0.03971640146729124,-0.01356680685372404,24292,7713166,434126,1275020,148.55,109.85,-1.0999999999999943,0.7999999999999972,11040,37457,24000,23500,247502,151555,1307,0,0.005308799935010865,0,-0.30000000000001137,1.25,0.878687239203372
2026-07-24 00:00:00,2026-07-24 09:40:00,26,NIFTY,OK,23672.35,1.8999999999978172,1123911,18785,1291926,-11243,548991,18785,269996,-11243,-30028,258.95,0.62550039592903,0.03804429467933111,0.355321818521584,0.32395523831555173,23700,14298688.7,0,0,0,0,23900,2211524.5,1784866251572,2026-07-28 00:00:00,23650,17,18785,-11243,1105126,1303169,0.01699806175947358,-0.008627430517453991,7542,7949253,236087,1511107,151.9,107.05,3.3499999999999943,-2.799999999999997,7521,22540,24000,23500,248503,150476,2308,0,0.00937468267024107,0,0.5500000000000114,1.8000000000000114,1.157836483424898
2026-07-24 00:00:00,2026-07-24 09:41:00,27,NIFTY,OK,23671.65,-0.6999999999970896,1142050,18139,1296737,4811,567130,18139,274807,4811,-13328,258.25,0.5312021919093385,0.036705830771237735,0.35415329196090983,-0.9703971445766202,23700,15294242.75,0,0,0,0,23900,2322594,1784866309820,2026-07-28 00:00:00,23650,17,18139,4811,1123911,1291926,0.01613917828013072,0.0037238974987731494,22950,8097368,148115,1295489,148.15,110.1,-3.75,3.049999999999997,6202,14185,24000,23500,249429,149637,-138,0,-0.0005529577227758477,0,-0.6999999999999886,2.8499999999999943,0.45693676673171085
2026-07-24 00:00:00,2026-07-24 09:42:00,28,NIFTY,OK,23668.3,-3.350000000002183,1146105,4055,1297962,1225,571185,4055,276032,1225,-2830,258.05,0.3878093358324465,0.06336987989432727,0.35498074729035956,0.2746321809371497,23700,15239003.95,0,0,0,0,23900,2314089,1784866370523,2026-07-28 00:00:00,23650,17,4055,1225,1142050,1296737,0.003550632634297973,0.0009446788361865204,5280,8226872,129504,947832,149.3,108.75,1.1500000000000057,-1.3499999999999943,4661,10886,24000,23500,249429,149746,-872,-1143,-0.003483805498180191,-0.007575104878420561,-0.19999999999998863,-0.6499999999999773,0.26454233863416854
2026-07-24 00:00:00,2026-07-24 09:43:00,29,NIFTY,OK,23655.8,-12.5,1157210,11105,1296345,-1617,582290,11105,274415,-1617,-12722,259.7,0.5424777516705352,0.052255486292626815,0.3600894433747129,2.775312239513027,23700,16824667.2,0,0,0,0,23900,2622249,1784866431985,2026-07-28 00:00:00,23650,17,11105,-1617,1146105,1297962,0.009689339109418422,-0.0012457991836432808,9488,8610039,383167,1330999,140.5,119.2,-8.800000000000011,10.450000000000003,12000,34332,24000,23500,251263,149746,962,-1143,0.0038433725794143852,-0.007575104878420561,1.6499999999999773,1,1.4414620939157408
2026-07-24 00:00:00,2026-07-24 09:44:00,30,NIFTY,OK,23656.8,1,1187396,30186,1267335,-29010,612476,30186,245405,-29010,-59196,260.75,0.4993553265103182,0.037882724756339414,0.3611534237840521,2.151976299060674,23700,16749896.9,0,0,0,0,23900,3027757.5,1784866490400,2026-07-28 00:00:00,23650,17,30186,-29010,1157210,1296345,0.02608515308370996,-0.022378302072364995,1176,8938949,328910,1225783,143.3,117.45,2.8000000000000114,-1.75,11212,29837,24000,23500,255787,150275,8285,-1280,0.033474476973923445,-0.008445778760186071,1.0500000000000114,2.3500000000000227,1.7286512471550528
2026-07-24 00:00:00,2026-07-24 09:45:00,31,NIFTY,OK,23656.8,0,1187396,0,1267335,0,612476,0,245405,0,0,260.75,0.40317900413528,0.039298936239006724,0.3611534237840521,1.6250015755425402,23700,16749896.9,0,0,0,0,23900,3027757.5,1784866549983,2026-07-28 00:00:00,23650,17,0,0,1187396,1267335,0,0,0,8938949,0,989696,143.3,117.45,0,0,0,0,24000,23500,255787,150275,7284,-201,0.029311517365987534,-0.0013357611845078285,0,1.8000000000000114,1.3687946320268256
2026-07-24 00:00:00,2026-07-24 09:46:00,32,NIFTY,OK,23656.75,-0.049999999999272404,1216877,29481,1261044,-6291,641957,29481,239114,-6291,-35772,261.1,0.48718098761017803,0.032417271097651086,0.36173319058194797,1.4264446391833856,23700,17978065,0,0,0,0,23900,3125410,1784866609674,2026-07-28 00:00:00,23650,17,29481,-6291,1187396,1267335,0.024828279697758793,-0.004963959805418457,23190,9304564,365615,1207196,143.35,117.75,0.04999999999998295,0.29999999999999716,18208,31336,24000,23500,256338,152339,6909,2702,0.027699265121537593,0.018057031349198394,0.35000000000002274,2.8500000000000227,1.617276481043814
2026-07-24 00:00:00,2026-07-24 09:47:00,33,NIFTY,OK,23653.65,-3.099999999998545,1232229,15352,1267240,6196,657309,15352,245310,6196,-9156,261.75,0.5123132153269354,0.04326554008516913,0.36353761921582467,1.5355368885889091,23700,18842426.75,0,0,0,0,23900,3291306.6,1784866669806,2026-07-28 00:00:00,23650,17,15352,6196,1216877,1261044,0.012615901196258949,0.004913389223532248,21548,9507383,202819,1280511,140.75,121,-2.5999999999999943,3.25,7081,19696,24000,23500,257376,153405,7947,3659,0.03186076999867698,0.024434709441320635,0.6499999999999773,3.6999999999999886,1.6471812794429161
2026-07-24 00:00:00,2026-07-24 09:48:00,34,NIFTY,OK,23648.9,-4.75,1243119,10890,1270968,3728,668199,10890,249038,3728,-7162,261.4,0.4069918821425034,0.05915874798306902,0.3637182839776665,1.2830733327203983,23700,19287918,0,0,0,0,23900,3242360.8000000003,1784866736619,2026-07-28 00:00:00,23650,17,10890,3728,1232229,1267240,0.0088376430030457,0.0029418263312395443,14618,9633252,125869,1023213,141.05,120.35,0.30000000000001137,-0.6500000000000057,4041,12923,24000,23500,258257,153405,6994,3659,0.027835375682054263,0.024434709441320635,-0.35000000000002274,1.6999999999999886,1.1138649851291191
2026-07-24 00:00:00,2026-07-24 09:49:00,35,NIFTY,OK,23648.9,0,1243119,0,1270968,0,668199,0,249038,0,0,261.4,0.27616506509122396,0.0854900526139164,0.3637182839776665,1.0553965584273415,23700,19287918,0,0,0,0,23900,3242360.8000000003,1784866789488,2026-07-28 00:00:00,23650,17,0,0,1243119,1270968,0,0,0,9633252,0,694303,141.05,120.35,0,0,0,0,24000,23500,258257,153405,2470,3130,0.009656471986457481,0.020828481117950423,0,0.6499999999999773,0.9144652013413697
2026-07-24 00:00:00,2026-07-24 09:50:00,36,NIFTY,OK,23649.1,0.19999999999708962,1255974,12855,1269151,-1817,681054,12855,247221,-1817,-14672,262.65,0.3996930845007673,0.06974709568749846,0.36528444894901496,1.2299051868902582,23700,19623942,0,0,0,0,23900,3443582.6,1784866849904,2026-07-28 00:00:00,23650,17,12855,-1817,1243119,1270968,0.010340924722411934,-0.0014296189990621322,11038,9948224,314972,1009275,141.45,121.2,0.39999999999997726,0.8500000000000085,12415,30581,24000,23500,259233,154883,3446,4608,0.013472146747098172,0.030663783064381965,1.25,1.8999999999999773,1.4662424906175466
2026-07-24 00:00:00,2026-07-24 09:51:00,37,NIFTY,OK,23639.6,-9.5,1281354,25380,1249244,-19907,706434,25380,227314,-19907,-45287,264.54999999999995,0.4569963305116024,0.04554966216274642,0.3672737161604996,1.579435191508101,23700,20435355,0,0,0,0,23900,3591095.5,1784866909706,2026-07-28 00:00:00,23650,17,25380,-19907,1255974,1269151,0.020207424675988517,-0.015685288826940213,5473,10461038,512814,1156474,140.7,123.85,-0.75,2.6499999999999915,22937,49346,24000,23500,260962,153955,4624,1616,0.01803868330095421,0.01060792049311076,1.8999999999999773,3.449999999999932,2.0597671972022917
2026-07-24 00:00:00,2026-07-24 09:52:00,38,NIFTY,OK,23632.45,-7.149999999997817,1296261,14907,1254069,4825,721341,14907,232139,4825,-10082,265.15,0.41506746185787724,0.04804739272917239,0.36834093036684473,1.8366585218701896,23700,21244116.6,0,0,0,0,23900,3749767.1999999997,1784866969765,2026-07-28 00:00:00,23650,17,14907,4825,1281354,1249244,0.011633787384282564,0.003862335940776982,19732,10565942,104904,1058559,138.4,126.75,-2.299999999999983,2.9000000000000057,4159,10282,24000,23500,262554,153995,5178,590,0.020118425960462514,0.003846028486685571,0.6000000000000227,3.3999999999999773,1.973367903265713
2026-07-24 00:00:00,2026-07-24 09:53:00,39,NIFTY,OK,23653.1,20.649999999997817,1308921,12660,1245937,-8132,734001,12660,224007,-8132,-20792,264.6,0.5193721138317667,0.030725995951532945,0.3683592346191943,1.4850340071919972,23700,20865766.75,0,0,0,0,23900,3588400.8000000003,1784867029869,2026-07-28 00:00:00,23650,17,12660,-8132,1296261,1254069,0.009766551643534752,-0.006484491682674558,4528,10960174,394232,1326922,142.5,122.1,4.099999999999994,-4.650000000000006,17433,39601,24000,23500,262996,155248,4739,1843,0.01834993823981538,0.012013950001629673,-0.5499999999999545,3.2000000000000455,1.3416659634289825
2026-07-24 00:00:00,2026-07-24 09:54:00,40,NIFTY,OK,23655,1.9000000000014552,1317887,8966,1241435,-4502,742967,8966,219505,-4502,-13468,262.5,0.614293941911178,0.028772223974923926,0.3647465153570989,-0.01660126880126064,23700,20611827,0,0,0,0,23900,3464858.4000000004,1784867091227,2026-07-28 00:00:00,23650,17,8966,-4502,1308921,1245937,0.006849916839900956,-0.0036133448159898934,4464,11205428,245254,1572176,145.3,117.2,2.8000000000000114,-4.8999999999999915,16959,19051,24000,23500,263687,154881,5430,1476,0.021025567554800062,0.009621589909064242,-2.1000000000000227,1.1000000000000227,-0.05534172016499873
2026-07-24 00:00:00,2026-07-24 09:55:00,41,NIFTY,OK,23655,0,1317887,0,1241435,0,742967,0,219505,0,0,262.5,0.4912254104798068,0.027200836141151315,0.3647465153570989,-0.19101967155264257,23700,20611827,0,0,0,0,23900,3464858.4000000004,1784867149606,2026-07-28 00:00:00,23650,17,0,0,1317887,1241435,0,0,0,11205428,0,1257204,145.3,117.2,0,0,0,0,24000,23500,263687,154881,4454,-2,0.017181454521607974,-0.000012912973018342879,0,-0.14999999999997726,-0.18419807255708756
2026-07-24 00:00:00,2026-07-24 09:56:00,42,NIFTY,OK,23652.75,-2.25,1344920,27033,1251936,10501,770000,27033,230006,10501,-16532,261.8,0.4215200996897787,0.06053020800692839,0.3653034929487971,-0.11360179111124333,23700,21151123.349999998,0,0,0,0,23900,3482450.75,1784867209862,2026-07-28 00:00:00,23650,17,27033,10501,1317887,1241435,0.020512380803513502,0.008458759419542706,37534,11555665,350237,1094627,146.9,114.9,1.5999999999999943,-2.299999999999997,21415,24464,24000,23500,267218,155159,6256,1204,0.023972838957396096,0.007820467019583645,-0.6999999999999886,-2.749999999999943,-0.76684381912845
2026-07-24 00:00:00,2026-07-24 09:57:00,43,NIFTY,OK,23651.5,-1.25,1344920,0,1251936,0,770000,0,230006,0,0,261.8,0.38112355864168057,0.04700911265071136,0.3659653705632137,0.13476539523988884,23700,21151123.349999998,0,0,0,0,23900,3482450.75,1784867269536,2026-07-28 00:00:00,23650,17,0,0,1344920,1251936,0,0,0,11555665,0,989723,146.9,114.9,0,0,0,0,24000,23500,267218,155159,4664,1164,0.01776396474629981,0.00755868697035618,0,-3.349999999999966,-0.7728347336908854
2026-07-24 00:00:00,2026-07-24 09:58:00,44,NIFTY,OK,23660.1,8.599999999998545,1354991,10071,1269488,17552,780071,10071,247558,17552,7481,262.65,0.37701044664483885,0.07036290648598827,0.3638032208250612,-1.2044558383562323,23700,20898303.150000002,0,0,0,0,23900,3378001.1999999997,1784867329877,2026-07-28 00:00:00,23650,17,10071,17552,1344920,1251936,0.0074881777354786905,0.014019886000562328,27623,11949630,393965,989456,150,112.65,3.0999999999999943,-2.25,27846,25074,24000,23500,268181,157499,5185,2251,0.019715128747205282,0.014499381634546017,0.8499999999999659,-1.9500000000000455,-0.246982551723152
2026-07-24 00:00:00,2026-07-24 09:59:00,45,NIFTY,OK,23660.1,0,1354991,0,1269488,0,780071,0,247558,0,0,262.65,0.2835618040761614,0.08755284183595315,0.3638032208250612,-1.217599504051032,23700,20898303.150000002,0,0,0,0,23900,3378001.1999999997,1784867389785,2026-07-28 00:00:00,23650,17,0,0,1354991,1269488,0,0,0,11949630,0,744202,150,112.65,0,0,0,0,24000,23500,268181,157499,4494,2618,0.017042933477949235,0.01690329995286704,0,0.14999999999997726,-0.3777577655980863
2026-07-24 00:00:00,2026-07-24 10:00:00,46,NIFTY,OK,23645.35,-14.75,1357781,2790,1264191,-5297,782861,2790,242261,-5297,-8087,262.3,0.34920357654467704,0.06842492698792707,0.3670208072287033,0.660617930941957,23700,21710882.55,0,0,0,0,23900,3653313.75,1784867450319,2026-07-28 00:00:00,23650,17,2790,-5297,1354991,1269488,0.002059054266781108,-0.004172548302937877,-2507,12121030,171400,915602,145.65,116.65,-4.349999999999994,4,12330,11558,24000,23500,269316,159144,5629,4263,0.021347279160519858,0.027524357409882426,-0.3499999999999659,-0.19999999999998863,-0.6413536872135239
2026-07-24 00:00:00,2026-07-24 10:01:00,47,NIFTY,OK,23643.95,-1.3999999999978172,1357781,0,1264191,0,782861,0,242261,0,0,262.9,0.3225663737065079,0.029696367763904653,0.36636483066912356,0.3267963725669563,23700,21806821.05,0,0,0,0,23900,3747611.25,1784867510429,2026-07-28 00:00:00,23650,17,0,0,1357781,1264191,0,0,0,12401425,280395,845760,145.25,117.65,-0.4000000000000057,1,16174,28808,24000,23500,269316,159144,2098,3985,0.007851267504434581,0.025683331292416168,0.5999999999999659,1.099999999999966,0.014189354378422604
2026-07-24 00:00:00,2026-07-24 10:02:00,48,NIFTY,OK,23639.8,-4.150000000001455,1357576,-205,1286732,22541,782656,-205,264802,22541,22746,263.1,0.3275594219735371,0.05478382946495368,0.3684534974857556,1.6155933090739236,23700,21745648.25,0,0,0,0,23900,3837237.9499999997,1784867571370,2026-07-28 00:00:00,23650,17,-205,22541,1357781,1264191,-0.00015098163842328034,0.01783037531512248,22336,12421833,20408,866168,144.05,119.05,-1.1999999999999886,1.3999999999999915,1094,1727,24000,23500,269367,159513,2149,4354,0.008042122910881752,0.028061536875076534,0.20000000000004547,1.3000000000000114,0.5577241711653882
2026-07-24 00:00:00,2026-07-24 10:03:00,49,NIFTY,OK,23622.75,-17.049999999999272,1286187,9590,1368122,1382,776125,-6531,295149,30347,-8208,271.75,0.45157703944793165,0.025696944415476066,0.3726137269168139,2.514191755572746,23700,23965219.2,0,0,0,0,23900,4533527.1,1784867630045,2026-07-28 00:00:00,23600,16,9590,1382,1275264,1272554,0.00752001154270802,0.00108600499467999,10972,13195071,726422,1198625,160.3,111.45,-13.699999999999989,14.049999999999997,29462,82567,24000,23500,269384,160370,1203,2871,0.004485776397283924,0.018228687166267722,8.649999999999977,9.100000000000023,2.9699967696113037
2026-07-24 00:00:00,2026-07-24 10:04:00,50,NIFTY,OK,23625.6,2.849999999998545,1366671,-535,1266636,-21483,791751,15626,244706,-50443,-20948,264.35,0.4911451646162031,0.006790965379452826,0.36544389507056496,-0.36548280947509015,23700,23204102.400000002,0,0,0,0,23900,4397377.100000001,1784867690410,2026-07-28 00:00:00,23650,16,-535,-21483,1284854,1273936,-0.00041638972210072115,-0.016863484507855967,-22018,13250451,94711,1293336,135.25,129.1,1.9000000000000057,-3.4000000000000057,2738,8868,24000,23500,269842,160569,1661,3070,0.006193578217696258,0.019492187251982554,-7.399999999999977,1.7000000000000455,0.27411683649068175
2026-07-24 00:00:00,2026-07-24 10:05:00,51,NIFTY,OK,23622.7,-2.899999999997817,1303183,17462,1350223,1898,793121,1370,277250,32544,-15564,271.65,0.5145496015310134,0.022449130563117946,0.37391710732429206,2.02333102129219,23700,23725710.8,0,0,0,0,23900,4478575.55,1784867751561,2026-07-28 00:00:00,23600,16,17462,1898,1284319,1252453,0.01359631057393062,0.0015154261277668703,19360,13543418,243373,1365309,163.2,108.45,0.799999999999983,0.7999999999999972,12133,26896,24000,23500,270595,162208,1279,3064,0.004749068009327333,0.019253003569094658,7.2999999999999545,9.349999999999966,1.95101679736778
2026-07-24 00:00:00,2026-07-24 10:06:00,52,NIFTY,OK,23614.7,-8,1317508,14325,1354070,3847,807446,14325,281097,3847,-10478,272.5,0.4556681481880746,0.0401050475909617,0.3788943596995744,2.1849276819661463,23700,24071888.75,0,0,0,0,23900,4632594.25,1784867810133,2026-07-28 00:00:00,23600,17,14325,3847,1303183,1350223,0.01099231650504956,0.0028491589907741165,18172,13675857,132439,1217353,161.9,110.6,-1.299999999999983,2.1499999999999915,4528,16024,24000,23500,271088,162750,1772,3606,0.0065796313624144126,0.02265872417433268,0.8500000000000227,9.600000000000023,1.6352300863360998
2026-07-24 00:00:00,2026-07-24 10:07:00,53,NIFTY,OK,23614.7,0,1317508,0,1354070,0,807446,0,281097,0,0,272.5,0.4480292171892417,0.022128000868878686,0.3788943596995744,1.6318830745178445,23700,24071888.75,0,0,0,0,23900,4632594.25,1784867870135,2026-07-28 00:00:00,23600,17,0,0,1317508,1354070,0,0,0,13675857,0,1196945,161.9,110.6,0,0,0,0,24000,23500,271088,162750,1721,3237,0.006389052853541822,0.020293016870098362,0,9.399999999999977,1.303879950680254
2026-07-24 00:00:00,2026-07-24 10:08:00,54,NIFTY,OK,23621,6.299999999999272,1324936,7428,1356143,2073,814874,7428,283170,2073,-5355,272.6,0.30696409915560113,0.03039508137959526,0.3748089427735033,0.7199855455104469,23700,24691332.75,0,0,0,0,23900,4710227.3,1784867929910,2026-07-28 00:00:00,23600,17,7428,2073,1317508,1354070,0.005637916430108963,0.0015309400547977579,9501,14028329,352472,822995,160.65,111.95,-1.25,1.3500000000000085,14764,46576,24000,23500,270705,162809,1321,2439,0.004903780476939981,0.015208580158383738,0.10000000000002274,0.8500000000000227,1.0790816792348237
2026-07-24 00:00:00,2026-07-24 10:09:00,55,NIFTY,OK,23627.3,6.299999999999272,1414487,8545,1257888,-15745,839567,24693,235958,-47212,-24290,267.1,0.3433982880396651,0.04340577254385745,0.37000435729847514,-0.3476300225868167,23700,24364244.75,0,0,0,0,23900,4802118.75,1784867990021,2026-07-28 00:00:00,23650,16,8545,-15745,1323509,1259484,0.006456321793051653,-0.012501151265121272,-7200,14162912,189405,917689,136.15,130.95,2.8499999999999943,-2.75,11516,13647,24000,23500,270407,162067,565,1498,0.002093817863786957,0.00932932259651614,-5.5,2.75,-0.2262971430582541
2026-07-24 00:00:00,2026-07-24 10:10:00,56,NIFTY,OK,23619.8,-7.5,1345376,11888,1340350,-2374,835314,-4253,267377,31419,-14262,272.8,0.2929353180480809,0.03811532086676225,0.37672432385799964,0.8830492579221828,23700,24582974,0,0,0,0,23900,4918002.8,1784868051789,2026-07-28 00:00:00,23600,16,11888,-2374,1332054,1243739,0.00892456311831202,-0.0019087606000937497,9514,14340968,112428,786744,163.1,109.7,-1.700000000000017,1.4000000000000057,8221,12477,24000,23500,271758,163262,1163,1054,0.004297936029860123,0.006497829946735056,5.699999999999989,1.150000000000034,0.9086373446084652
2026-07-24 00:00:00,2026-07-24 10:11:00,57,NIFTY,OK,23616.65,-3.149999999997817,1359286,13910,1352043,11693,849224,13910,279070,11693,-2217,273.65,0.3370384044134814,0.040946705157021826,0.3787438783400632,1.0939859522854787,23700,25431868.8,0,0,0,0,23900,5240066.399999999,1784868109654,2026-07-28 00:00:00,23600,17,13910,11693,1345376,1340350,0.010339117094403348,0.00872384078785392,25603,14600485,259517,913822,159.45,114.2,-3.6500000000000057,4.5,12991,31988,24000,23500,273299,164977,2211,2227,0.008156023136398512,0.013683563748079877,0.8499999999999659,1.1499999999999773,0.9433485792940349
2026-07-24 00:00:00,2026-07-24 10:12:00,58,NIFTY,OK,23614.15,-2.5,1359286,0,1352043,0,849224,0,279070,0,0,273.3,0.3538733219022848,0.03899873575641476,0.37822438352627236,0.7994594010320036,23700,25666216.95,0,0,0,0,23900,5311326,1784868170197,2026-07-28 00:00:00,23600,17,0,0,1359286,1352043,0,0,0,14646130,45645,959467,158.5,114.8,-0.9499999999999886,0.5999999999999943,1669,5996,24000,23500,273299,164977,2211,2227,0.008156023136398512,0.013683563748079877,-0.3499999999999659,0.8000000000000114,0.7239612452820666
2026-07-24 00:00:00,2026-07-24 10:13:00,59,NIFTY,OK,23613.45,-0.7000000000007276,1373331,14045,1349486,-2557,863269,14045,276513,-2557,-16602,273.35,0.2961212597100723,0.048872357630809986,0.3784095605455294,0.6978617358773029,23700,26140532.75,0,0,0,0,23900,5370684,1784868229768,2026-07-28 00:00:00,23600,17,14045,-2557,1359286,1352043,0.010332630513372461,-0.001891212039853762,11488,14845419,199289,806284,158.6,114.75,0.09999999999999432,-0.04999999999999716,9313,26670,24000,23500,273387,165259,2682,2450,0.009907463844406272,0.015048308140213379,0.05000000000001137,0.75,0.6696420634549228
2026-07-24 00:00:00,2026-07-24 10:14:00,60,NIFTY,OK,23610.45,-3,1379045,5714,1349424,-62,868983,5714,276451,-62,-5776,274.95,0.30153173812859885,0.06351735705950992,0.38066825775656293,1.2434686363835628,23700,26194249.8,0,0,0,0,23900,5480575.649999999,1784868292112,2026-07-28 00:00:00,23600,17,5714,-62,1373331,1349486,0.004160686680778341,-0.000045943418457101446,5652,15051260,205841,822720,157.7,117.25,-0.9000000000000057,2.5,7767,26894,24000,23500,274280,166735,3873,4668,0.014322854068126934,0.02880290250328568,1.599999999999966,7.849999999999966,1.276994079456434
2026-07-24 00:00:00,2026-07-24 10:15:00,61,NIFTY,OK,23610.45,0,1379045,0,1349424,0,868983,0,276451,0,0,274.95,0.2603262122457686,0.06017665973993794,0.38066825775656293,1.016980695178339,23700,26194249.8,0,0,0,0,23900,5480575.649999999,1784868350509,2026-07-28 00:00:00,23600,17,0,0,1379045,1349424,0,0,0,15051260,0,710292,157.7,117.25,0,0,0,0,24000,23500,274280,166735,2522,3473,0.00928031557488648,0.02127255576925433,0,2.1499999999999773,1.0485981523873127
2026-07-24 00:00:00,2026-07-24 10:16:00,62,NIFTY,OK,23622.05,11.599999999998545,1396215,17170,1340655,-8769,886153,17170,267682,-8769,-25939,273.9,0.2617851779587631,0.035648287720943736,0.37638065065987164,-0.3240455817506885,23700,26245672.9,0,0,0,0,23900,5315766.3,1784868411099,2026-07-28 00:00:00,23600,17,17170,-8769,1379045,1349424,0.012450645192868978,-0.0064983281755771356,8401,15316957,265697,716472,161.75,112.15,4.050000000000011,-5.099999999999994,16571,32578,24000,23500,274312,166309,1013,1332,0.0037065631414677697,0.008073852718863841,-1.0500000000000114,0.25,0.4707405760655872
2026-07-24 00:00:00,2026-07-24 10:17:00,63,NIFTY,OK,23625.5,3.4500000000007276,1484517,6815,1250895,-1610,909597,23444,228965,-38717,-8425,264.95000000000005,0.32575933716749067,0.034503964824943945,0.36971726320574916,-1.8117375125817077,23700,25737947.3,0,0,0,0,23900,4985524.15,1784868470660,2026-07-28 00:00:00,23650,16,6815,-1610,1394710,1238977,0.004886320453714392,-0.0012994591505734166,5205,15456622,220259,891086,137.55,127.4,4.050000000000011,-7.549999999999983,12237,15036,24000,23500,275884,166111,2585,1134,0.009458505153696135,0.006873685422816514,-8.949999999999932,-8.349999999999966,-2.259050847355251
2026-07-24 00:00:00,2026-07-24 10:18:00,64,NIFTY,OK,23625.5,0,1484517,0,1250895,0,909597,0,228965,0,0,264.95000000000005,0.2529041329057561,0.027837646014654587,0.36971726320574916,-1.4741560082901557,23700,25737947.3,0,0,0,0,23900,4985524.15,1784868530080,2026-07-28 00:00:00,23650,17,0,0,1484517,1250895,0,0,0,15456622,0,691797,137.55,127.4,0,0,0,0,24000,23500,275884,166111,2497,852,0.009133572554656952,0.005155543722278363,0,-8.399999999999977,-1.676355906132201
2026-07-24 00:00:00,2026-07-24 10:19:00,65,NIFTY,OK,23609.15,-16.349999999998545,1413420,10370,1335256,-4428,903358,-6239,262283,33318,-14798,272.75,0.2185503129506715,0.032540734180755225,0.38254576782252775,1.2998439460492859,23700,26503016.3,0,0,0,0,23900,5258689.7,1784868590550,2026-07-28 00:00:00,23600,16,10370,-4428,1401525,1237367,0.007399083141577924,-0.0035785664237045272,5942,15659173,114768,600724,162.6,110.15,-3.4000000000000057,4.550000000000011,7763,13416,24000,23500,277468,165660,3188,-1075,0.011623158815808663,-0.006447356583800642,7.7999999999999545,-2.1999999999999886,0.222350657919803
2026-07-24 00:00:00,2026-07-24 10:20:00,66,NIFTY,OK,23610.7,1.5499999999992724,1413420,0,1335256,0,903358,0,262283,0,0,272.75,0.2185503129506715,0.032540734180755225,0.3817445617057932,0.9356833607969397,23700,26503016.3,0,0,0,0,23900,5258689.7,1784868651173,2026-07-28 00:00:00,23600,17,0,0,1413420,1335256,0,0,0,15659173,0,600724,162.6,110.15,0,0,0,0,24000,23500,277468,165660,3188,-1075,0.011623158815808663,-0.006447356583800642,0,-2.1999999999999886,0.22382110413912812
2026-07-24 00:00:00,2026-07-24 10:21:00,67,NIFTY,OK,23612.6,1.8999999999978172,1421709,8289,1359294,24038,911647,8289,286321,24038,15749,273.2,0.23591560311153925,0.066263058581092,0.3818155202700383,0.8481509302433801,23700,26414333.400000002,0,0,0,0,23900,5210986.199999999,1784868710301,2026-07-28 00:00:00,23600,17,8289,24038,1413420,1335256,0.005864498875068982,0.018002540336834284,32327,15980228,321055,656082,164.25,108.95,1.6500000000000057,-1.2000000000000028,17234,49628,24000,23500,278238,168837,3926,2528,0.014312170083700311,0.015200620531660944,0.44999999999998863,-0.6999999999999886,0.36423676220224027
2026-07-24 00:00:00,2026-07-24 10:22:00,68,NIFTY,OK,23609.6,-3,1432801,11092,1361122,1828,922739,11092,288149,1828,-9264,274.85,0.2106292836273584,0.08698481856709296,0.3831573525624525,0.9795857727304714,23700,27096646.099999998,0,0,0,0,23900,5453723,1784868770828,2026-07-28 00:00:00,23600,17,11092,1828,1421709,1359294,0.007801877880775883,0.0013448157646542985,12920,16132887,152659,588482,161,113.85,-3.25,4.8999999999999915,10843,20328,24000,23500,278666,169724,2782,3613,0.010083948326108075,0.021750516221081085,1.650000000000034,9.899999999999977,0.7653348973353107
2026-07-24 00:00:00,2026-07-24 10:23:00,69,NIFTY,OK,23609.6,0,1432801,0,1361122,0,922739,0,288149,0,0,274.85,0.2106292836273584,0.08698481856709296,0.3831573525624525,0.8445190928687977,23700,27096646.099999998,0,0,0,0,23900,5453723,1784868830262,2026-07-28 00:00:00,23600,17,0,0,1432801,1361122,0,0,0,16132887,0,588482,161,113.85,0,0,0,0,24000,23500,278666,169724,2782,3613,0.010083948326108075,0.021750516221081085,0,9.899999999999977,0.7086412084849657
2026-07-24 00:00:00,2026-07-24 10:24:00,70,NIFTY,OK,23611.45,1.8500000000021828,1439151,6350,1364172,3050,929089,6350,291199,3050,-3300,273.6,0.21027081074852952,0.09270735609213225,0.38122667950547623,0.4431319131848835,23700,27103078.75,0,0,0,0,23900,5471076,1784868890250,2026-07-28 00:00:00,23600,17,6350,3050,1432801,1361122,0.004431878537214868,0.002240798400143411,9400,16248630,115743,589457,161.2,112.4,0.19999999999998863,-1.4499999999999886,6562,15804,24000,23500,278729,169421,1261,3761,0.004544668213992244,0.02270312688639382,-1.25,0.8500000000000227,0.41811236158594917
2026-07-24 00:00:00,2026-07-24 10:25:00,71,NIFTY,OK,23619.55,8.099999999998545,1441950,2799,1364539,367,931888,2799,291566,367,-2432,272.95,0.25101933412174426,0.08206443590547963,0.37864488077573455,-0.03340266632663766,23700,26257137.5,0,0,0,0,23900,5117314.8,1784868950109,2026-07-28 00:00:00,23600,17,2799,367,1439151,1364172,0.0019448966786667972,0.0002690276592687726,3166,16363656,115026,704483,166.9,106.05,5.700000000000017,-6.3500000000000085,8854,14476,24000,23500,278416,169418,948,3758,0.0034166102036991652,0.022685017505734636,-0.6500000000000341,0.19999999999998863,0.3038964121525847
2026-07-24 00:00:00,2026-07-24 10:26:00,72,NIFTY,OK,23614.35,-5.200000000000728,1450407,8457,1363176,-1363,940345,8457,290203,-1363,-9820,274.04999999999995,0.19705052241216983,0.05876432583357683,0.38185125441878104,0.5018428416048857,23700,27147130,0,0,0,0,23900,5526774,1784869010356,2026-07-28 00:00:00,23600,17,8457,-1363,1441950,1364539,0.005864974513679393,-0.0009988721465637846,7094,16534646,170990,554418,162.7,111.35,-4.200000000000017,5.299999999999997,15164,17084,24000,23500,278488,169083,250,246,0.0008985113464012824,0.0014570265996197516,1.099999999999966,0.8499999999999659,0.6090938486297307
2026-07-24 00:00:00,2026-07-24 10:27:00,73,NIFTY,OK,23618.75,4.400000000001455,1450217,-190,1366976,3800,940155,-190,294003,3800,3990,274.1,0.1744555662320615,0.04734727097003917,0.3786955773532954,-0.40785030091167396,23700,26945124.75,0,0,0,0,23900,5404502.95,1784869070389,2026-07-28 00:00:00,23600,17,-190,3800,1450407,1363176,-0.0001309977130557147,0.0027876077630474717,3610,16624362,89716,491475,164.1,110,1.4000000000000057,-1.3499999999999943,5331,12661,24000,23500,278152,168862,-514,-862,-0.0018445020203397616,-0.005078833871461903,0.05000000000006821,-0.75,0.4757068658545931
2026-07-24 00:00:00,2026-07-24 10:28:00,74,NIFTY,OK,23617.8,-0.9500000000007276,1450208,-9,1366976,0,940146,-9,294003,0,9,274.6,0.18285316117087133,0.04515550413389992,0.3806575173053474,-0.45202530401301877,23700,26911735.5,0,0,0,0,23900,5400920.25,1784869130718,2026-07-28 00:00:00,23600,17,-9,0,1450217,1366976,-0.000006205967796543552,0,-9,16648018,23656,515131,164.9,109.7,0.8000000000000114,-0.29999999999999716,1804,3053,24000,23500,278152,168862,-514,-862,-0.0018445020203397616,-0.005078833871461903,0.5,-0.25,1.0443763574182523
2026-07-24 00:00:00,2026-07-24 10:29:00,75,NIFTY,OK,23620.8,3,1463294,13086,1370411,3435,953232,13086,297438,3435,-9651,272.95000000000005,0.17360487418415113,0.06175893646647491,0.37788700749782667,-1.6796120429113504,23700,27324954.8,0,0,0,0,23900,5431233.8,1784869190238,2026-07-28 00:00:00,23600,17,13086,3435,1450208,1366976,0.009023533175930624,0.002512845872934126,16521,16740575,92557,491945,164.05,108.9,-0.8499999999999943,-0.7999999999999972,6237,9357,24000,23500,278939,167397,210,-2024,0.0007534199885910688,-0.01194657096817986,-1.6499999999999773,-0.6499999999999773,-1.0895317378607863
2026-07-24 00:00:00,2026-07-24 10:30:00,76,NIFTY,OK,23621.65,0.8500000000021828,1463558,264,1370386,-25,953496,264,297413,-25,-289,274,0.15400127878320813,0.06290799691131015,0.37904126776782715,-0.8556971286909311,23700,27054856.400000002,0,0,0,0,23900,5351919.399999999,1784869249921,2026-07-28 00:00:00,23600,17,264,-25,1463294,1370411,0.0001804148721992983,-0.00001824270237177022,239,16800087,59512,436431,165.8,108.2,1.75,-0.7000000000000028,5070,5565,24000,23500,278939,167397,523,-2021,0.0018784839951726912,-0.011929074832662409,1.0499999999999545,1.0500000000000114,0.12332771709521717
2026-07-24 00:00:00,2026-07-24 10:31:00,77,NIFTY,OK,23613.5,-8.150000000001455,1466682,3124,1373303,2917,956620,3124,300330,2917,-207,271.79999999999995,0.1413014505358303,0.06579216235478227,0.38053838450115696,0.02936549503706938,23700,27408705.4,0,0,0,0,23900,5367896.399999999,1784869311660,2026-07-28 00:00:00,23600,17,3124,2917,1463558,1370386,0.002134524221110472,0.002128597344105967,6041,16935940,135853,401294,164.45,107.35,-1.3500000000000227,-0.8500000000000085,10176,18533,24000,23500,279195,167465,707,-1618,0.0025387090287552786,-0.009569264798944897,-2.2000000000000455,-2.25,-2.1401435223363925
2026-07-24 00:00:00,2026-07-24 10:32:00,78,NIFTY,OK,23613.5,0,1466682,0,1373303,0,956620,0,300330,0,0,271.79999999999995,0.10971114284054317,0.07315022241621681,0.38053838450115696,0.20164714938746028,23700,27408705.4,0,0,0,0,23900,5367896.399999999,1784869370911,2026-07-28 00:00:00,23600,17,0,0,1466682,1373303,0,0,0,16935940,0,311578,164.45,107.35,0,0,0,0,24000,23500,279195,167465,1043,-1397,0.0037497483390376484,-0.008273027679406852,0,-2.300000000000068,-1.6430292324124771
2026-07-24 00:00:00,2026-07-24 10:33:00,79,NIFTY,OK,23621.15,7.650000000001455,1467502,820,1376841,3538,957440,820,303868,3538,2718,273.25,0.17658735250987662,0.0540719725250112,0.3769975203196028,-1.746331237893127,23700,27990512.549999997,0,0,0,0,23900,5571938.300000001,1784869429947,2026-07-28 00:00:00,23600,17,820,3538,1466682,1373303,0.0005590850641106934,0.0025762704952949204,4358,17150293,214353,502275,162.05,111.2,-2.3999999999999773,3.8500000000000085,14347,25762,24000,23500,278423,166210,271,-2652,0.0009742874399608847,-0.01570513200127915,1.4500000000000455,-1.3500000000000227,-0.06618228540967809
2026-07-24 00:00:00,2026-07-24 10:34:00,80,NIFTY,OK,23616,-5.150000000001455,1469595,2093,1378372,1531,959533,2093,305399,1531,-562,272.85,0.19936045607270028,0.025119238003987517,0.38109055216414245,1.010686436528228,23700,27623367.9,0,0,0,0,23900,5366541.050000001,1784869491846,2026-07-28 00:00:00,23600,17,2093,1531,1467502,1376841,0.0014262331499377853,0.0011119657244373171,3624,17308347,158054,567772,165.4,107.45,3.3499999999999943,-3.75,11076,19302,24000,23500,278237,165089,-702,-2308,-0.0025166792739631247,-0.013787582812117302,-0.39999999999997726,-0.10000000000002274,-0.4228408292451652
2026-07-24 00:00:00,2026-07-24 10:35:00,81,NIFTY,OK,23614.9,-1.0999999999985448,1481312,11717,1370522,-7850,971250,11717,297549,-7850,-19567,273.4,0.21832932772384367,0.028732540043267446,0.3796474289901291,-0.03253706188294015,23700,28133875.8,0,0,0,0,23900,5471315.850000001,1784869552365,2026-07-28 00:00:00,23600,17,11717,-7850,1469595,1378372,0.007972944927003699,-0.005695124393124642,3867,17422726,114379,622639,163.9,109.5,-1.5,2.049999999999997,6784,14342,24000,23500,278908,164563,-31,-2834,-0.00011113540953398413,-0.016929813556993255,0.5499999999999545,-0.6000000000000227,0.13238873449214672
2026-07-24 00:00:00,2026-07-24 10:36:00,82,NIFTY,OK,23616.25,1.3499999999985448,1482661,1349,1374844,4322,972599,1349,301871,4322,2973,273.6,0.18576765394986186,0.0330047924767158,0.3793492004782508,-0.07573726728679883,23700,28380106.150000002,0,0,0,0,23900,5591157.600000001,1784869610209,2026-07-28 00:00:00,23600,17,1349,4322,1481312,1370522,0.0009106791816983863,0.003153542956625286,5671,17466772,44046,530832,162.2,111.4,-1.700000000000017,1.9000000000000057,2849,4495,24000,23500,279053,165839,-142,-1626,-0.000508605096796146,-0.009709491535544741,0.20000000000004547,1.8000000000000682,0.41581437333221366
2026-07-24 00:00:00,2026-07-24 10:37:00,83,NIFTY,OK,23623.2,6.950000000000728,1485135,2474,1377332,2488,975073,2474,304359,2488,14,272.25,0.22730218374569908,0.03455340469841465,0.37713348865303253,-1.5123535991316002,23700,27438824.05,0,0,0,0,23900,5208945,1784869670726,2026-07-28 00:00:00,23600,17,2474,2488,1482661,1374844,0.00166862148528895,0.0018096598595913427,4962,17586585,119813,650645,167.65,104.6,5.450000000000017,-6.800000000000011,9024,14967,24000,23500,279038,165467,-157,-1998,-0.0005623309873027812,-0.011930851222643538,-1.3500000000000227,0.4500000000000455,-0.9185698666231942
2026-07-24 00:00:00,2026-07-24 10:38:00,84,NIFTY,OK,23623.2,0,1485135,0,1377332,0,975073,0,304359,0,0,272.25,0.15241817634928193,0.04154098631191954,0.37713348865303253,-1.219991468171118,23700,27438824.05,0,0,0,0,23900,5208945,1784869730091,2026-07-28 00:00:00,23600,17,0,0,1485135,1377332,0,0,0,17586585,0,436292,167.65,104.6,0,0,0,0,24000,23500,279038,165467,615,-743,0.002208869238532736,-0.004470248480837494,0,-1,-0.7782745685282331
2026-07-24 00:00:00,2026-07-24 10:39:00,85,NIFTY,OK,23639.25,16.049999999999272,1569887,3872,1291738,4763,994967,19894,269808,-34551,891,261.8,0.19091320490979777,0.042346821105501885,0.36687235543018326,-2.792312777922764,23700,26686858.5,0,0,0,0,23900,4807821.55,1784869793311,2026-07-28 00:00:00,23650,16,3872,4763,1483584,1273465,0.0026098960355463528,0.003740189168921015,8635,17733044,268084,546322,144.3,117.5,5,-8.450000000000003,17520,17308,24000,23500,280430,166220,2193,1131,0.007881769858070637,0.006850850147496199,-10.449999999999989,-11.050000000000011,-2.930199815586661
2026-07-24 00:00:00,2026-07-24 10:40:00,86,NIFTY,OK,23636.65,-2.599999999998545,1569887,0,1291738,0,994967,0,269808,0,0,261.04999999999995,0.1753178700912943,0.03840588087559349,0.36839828750496484,-1.7442186624300144,23700,26768434.049999997,0,0,0,0,23900,4794961.5,1784869850968,2026-07-28 00:00:00,23650,17,0,0,1569887,1291738,0,0,0,17802795,69751,501694,144.45,116.6,0.14999999999997726,-0.9000000000000057,5957,4195,24000,23500,280430,166220,1522,1657,0.005456996572346437,0.010069092080236748,-0.7500000000000568,-12.350000000000023,-2.0635972232260538
2026-07-24 00:00:00,2026-07-24 10:41:00,87,NIFTY,OK,23634.1,-2.5500000000029104,1555767,-14120,1282354,-9384,980847,-14120,260424,-9384,4736,262.79999999999995,0.22602101883605386,0.015444093690323084,0.3682770632840132,-1.390116634801906,23700,26815140,0,0,0,0,23900,5042149.050000001,1784869912359,2026-07-28 00:00:00,23650,17,-14120,-9384,1569887,1291738,-0.008994277932105941,-0.007264631062955491,-23504,17986622,183827,641475,141.7,121.1,-2.75,4.5,14138,11444,24000,23500,281522,164983,2469,-856,0.008847781604211387,-0.005161632667828436,1.75,-10.800000000000068,-1.3322301511921995
2026-07-24 00:00:00,2026-07-24 10:42:00,88,NIFTY,OK,23635.05,0.9500000000007276,1555447,-320,1294609,12255,980527,-320,272679,12255,12575,263,0.22469383057736408,0.004581583097799778,0.36733651526092426,-1.2611013341861776,23700,26516981.5,0,0,0,0,23900,5020454.25,1784869969865,2026-07-28 00:00:00,23650,17,-320,12255,1555767,1282354,-0.00020568632706568528,0.009556643485340242,11935,18105350,118728,640390,142.15,120.85,0.45000000000001705,-0.25,8271,9124,24000,23500,282542,165320,3504,-147,0.012557429454052853,-0.0008883946647972104,0.20000000000004547,-9.25,-1.058112014395901
2026-07-24 00:00:00,2026-07-24 10:43:00,89,NIFTY,OK,23642.05,7,1555460,13,1294609,0,980540,13,272679,0,-13,261.4,0.23795108118435027,0.004307135157930747,0.3661857704028609,-1.1870214260332959,23700,26459980.25,0,0,0,0,23900,4948177.5,1784870030189,2026-07-28 00:00:00,23650,17,13,0,1555447,1294609,0.000008357726107029041,0,13,18143137,37787,678177,142.25,119.15,0.09999999999999432,-1.6999999999999886,3090,2438,24000,23500,282542,165320,3504,-147,0.012557429454052853,-0.0008883946647972104,-1.6000000000000227,-10.850000000000023,-1.103900419998612
2026-07-24 00:00:00,2026-07-24 10:44:00,90,NIFTY,OK,23641.9,-0.1499999999978172,1566176,10716,1296653,2044,991256,10716,274723,2044,-8672,261.35,0.18923239914084983,0.0022224683427474433,0.3665948960502626,-0.9274376966952462,23700,26295972.3,0,0,0,0,23900,4911024.600000001,1784870090304,2026-07-28 00:00:00,23650,17,10716,2044,1555460,1294609,0.006889280341506693,0.0015788550828860297,12760,18274784,131647,541740,144.1,117.25,1.8499999999999943,-1.9000000000000057,13245,6594,24000,23500,283635,165485,3205,-735,0.011428877081624648,-0.004421850559499459,-0.049999999999954525,-0.44999999999998863,-0.9111212618216085
2026-07-24 00:00:00,2026-07-24 10:45:00,91,NIFTY,OK,23642.95,1.0499999999992724,1564494,-1682,1296405,-248,989574,-1682,274475,-248,1434,261.45,0.2238901128631245,0.0011334416816152948,0.36468448744659043,-1.0695433793642246,23700,26703232.2,0,0,0,0,23900,5092755.8,1784870152179,2026-07-28 00:00:00,23650,17,-1682,-248,1566176,1296653,-0.0010739533743334083,-0.00019126165597118118,-1930,18443322,168538,640527,141.75,119.7,-2.3499999999999943,2.450000000000003,12947,11694,24000,23500,284463,164753,4033,-1467,0.014381485575722996,-0.008825652749368307,0.0999999999999659,0.4000000000000341,-0.7252927122790078
2026-07-24 00:00:00,2026-07-24 10:46:00,92,NIFTY,OK,23645,2.0499999999992724,1558647,-5847,1303344,6939,983727,-5847,281414,6939,12786,260.20000000000005,0.2094695615744424,0.03981651376146789,0.36421566892059337,-1.0124754032876393,23700,26114650.8,0,0,0,0,23900,4961376.350000001,1784870210631,2026-07-28 00:00:00,23650,17,-5847,6939,1564494,1296405,-0.0037373105937127276,0.005352494012287826,1092,18586122,142800,599500,144.8,115.4,3.0500000000000114,-4.299999999999997,10577,10601,24000,23500,284553,164497,3031,-486,0.010766476509828716,-0.002945758047798864,-1.2499999999999432,-2.599999999999909,-0.8237817376932643
2026-07-24 00:00:00,2026-07-24 10:47:00,93,NIFTY,OK,23645,0,1558647,0,1303344,0,983727,0,281414,0,0,260.20000000000005,0.16798515439077202,0.02482465700997562,0.36421566892059337,-0.8926680728439715,23700,26114650.8,0,0,0,0,23900,4961376.350000001,1784870269831,2026-07-28 00:00:00,23650,17,0,0,1558647,1303344,0,0,0,18586122,0,480772,144.8,115.4,0,0,0,0,24000,23500,284553,164497,2011,-823,0.007117525889956184,-0.004978224050326639,0,-2.7999999999999545,-0.7016175861200006
2026-07-24 00:00:00,2026-07-24 10:48:00,94,NIFTY,OK,23645.95,0.9500000000007276,1559389,742,1308915,5571,984469,742,286985,5571,4829,259.1,0.1986884932698905,0.03199689769590752,0.3643902265785919,-1.1049477084461168,23700,25604200.3,0,0,0,0,23900,4775466.15,1784870332282,2026-07-28 00:00:00,23650,17,742,5571,1558647,1303344,0.00047605391085986756,0.004274389570213236,6313,18713036,126914,569899,146.8,112.3,2,-3.1000000000000085,15596,8490,24000,23500,284689,164479,2147,-841,0.007598870256457447,-0.005087103798693443,-1.1000000000000227,-2.2999999999999545,-1.894114687972067
2026-07-24 00:00:00,2026-07-24 10:49:00,95,NIFTY,OK,23648.15,2.2000000000007276,1560751,1362,1312634,3719,985831,1362,290704,3719,2357,259.5,0.2007475503630735,0.018300177696875135,0.3626545125649528,-1.6475290121611885,23700,26163062.099999998,0,0,0,0,23900,5001079,1784870389841,2026-07-28 00:00:00,23650,17,1362,3719,1559389,1308915,0.0008734190121900308,0.0028412845753925963,5081,18851609,138573,576825,143.3,116.2,-3.5,3.9000000000000057,10706,9294,24000,23500,283604,164883,-31,-602,-0.00010929539725351244,-0.003637791944889265,0.39999999999997726,-1.8500000000000227,-1.2343012754052933
2026-07-24 00:00:00,2026-07-24 10:50:00,96,NIFTY,OK,23648.75,0.5999999999985448,1555395,-5356,1317887,5253,980475,-5356,295957,5253,10609,258.85,0.18004950436469513,0.023936226763032708,0.3634813650531476,-1.0071328156204329,23700,25510072.8,0,0,0,0,23900,4877176.5,1784870450513,2026-07-28 00:00:00,23650,17,-5356,5253,1560751,1312634,-0.0034316812867651535,0.004001877141686106,-103,18960655,109046,517333,145.75,113.1,2.4499999999999886,-3.1000000000000085,8374,6934,24000,23500,283214,164316,-1249,-437,-0.00439072919852494,-0.0026524554939819003,-0.6499999999999773,-2.599999999999966,-1.4028646867904626
2026-07-24 00:00:00,2026-07-24 10:51:00,97,NIFTY,OK,23648.75,0,1555395,0,1317887,0,980475,0,295957,0,0,258.85,0.1303502405959457,0.030146876243214885,0.3634813650531476,-0.8687095785671456,23700,25510072.8,0,0,0,0,23900,4877176.5,1784870509500,2026-07-28 00:00:00,23650,17,0,0,1555395,1317887,0,0,0,18960655,0,374533,145.75,113.1,0,0,0,0,24000,23500,283214,164316,-1339,-181,-0.004705626016945876,-0.0011003240180671987,0,-1.3500000000000227,-1.175983750154977
2026-07-24 00:00:00,2026-07-24 10:52:00,98,NIFTY,OK,23643.05,-5.700000000000728,1552835,-2560,1324644,6757,977915,-2560,302714,6757,9317,260.2,0.22577784234046538,0.023839758893347555,0.36412923115083756,-0.24073171915327038,23700,26140529.849999998,0,0,0,0,23900,5065840.2,1784870571032,2026-07-28 00:00:00,23650,17,-2560,6757,1555395,1317887,-0.0016458841644726903,0.005127146712882061,4197,19235793,275138,649671,143.35,116.85,-2.4000000000000057,3.75,19189,19683,24000,23500,283571,164699,-982,202,-0.0034510266980140782,0.0012279859207158794,1.349999999999966,-5.684341886080802e-14,0.09190853637902352
2026-07-24 00:00:00,2026-07-24 10:53:00,99,NIFTY,OK,23639.15,-3.899999999997817,1542065,-10770,1331610,6966,967145,-10770,309680,6966,17736,260.95,0.26534872593456116,0.007043694247802698,0.3646075408010884,0.36992010558716576,23700,26341596.299999997,0,0,0,0,23900,5319392.399999999,1784870630204,2026-07-28 00:00:00,23650,17,-10770,6966,1552835,1324644,-0.006935701475044033,0.0052587714133004795,-3804,19475562,239769,762526,140.7,120.25,-2.6500000000000057,3.4000000000000057,16647,21913,24000,23600,281759,165320,-2930,0,-0.010291932600135587,0,0.75,1.849999999999966,0.9537518425466099
2026-07-24 00:00:00,2026-07-24 10:54:00,100,NIFTY,OK,23639.15,0,1542065,0,1331610,0,967145,0,309680,0,0,260.95,0.21712719775200745,0.00046477859710587175,0.3646075408010884,0.9102836699189545,23700,26341596.299999997,0,0,0,0,23900,5319392.399999999,1784870690467,2026-07-28 00:00:00,23650,17,0,0,1542065,1331610,0,0,0,19475562,0,623953,140.7,120.25,0,0,0,0,24000,23600,281759,165320,-1845,0,-0.006505549992242705,0,0,1.4499999999999886,1.052343091795982
2026-07-24 00:00:00,2026-07-24 10:55:00,101,NIFTY,OK,23636.1,-3.0500000000029104,1515204,-26861,1342297,10687,940284,-26861,320367,10687,37548,260.05,0.22475617681323645,0.024571772901449768,0.3636082136758945,-0.5621771031486026,23700,26078969,0,0,0,0,23900,5413999.5,1784870750868,2026-07-28 00:00:00,23650,17,-26861,10687,1542065,1331610,-0.017418850696955056,0.00802562311787986,-16174,19602896,127334,642241,139.25,120.8,-1.4499999999999886,0.5499999999999972,8574,12119,24000,23600,280851,169360,-2363,0,-0.008343514091817494,0,-0.8999999999999773,1.1999999999999886,0.2224808982863056
2026-07-24 00:00:00,2026-07-24 10:56:00,102,NIFTY,OK,23629.9,-6.19999999999709,1513379,-1825,1346617,4320,938459,-1825,324687,4320,6145,260.35,0.28153605809238896,0.016500412324017128,0.3639843701763203,0.11750412232246175,23700,26609278.150000002,0,0,0,0,23900,5723714.699999999,1784870810486,2026-07-28 00:00:00,23650,17,-1825,4320,1515204,1342297,-0.001204458277565265,0.003218363745132411,2495,19765847,162951,805192,135,125.35,-4.25,4.549999999999997,8398,18854,24000,23600,280299,171562,-2915,0,-0.01029257028254253,0,0.30000000000001137,1.5,0.6005340454996516
2026-07-24 00:00:00,2026-07-24 10:57:00,103,NIFTY,OK,23631.55,1.6499999999978172,1513345,-34,1350249,3632,938425,-34,328319,3632,3666,261.35,0.21584973288811193,0.022463784528867218,0.36453206307837266,0.9653695479438682,23700,26633991.799999997,0,0,0,0,23900,5775495,1784870870777,2026-07-28 00:00:00,23650,17,-34,3632,1513379,1346617,-0.00002246628240513447,0.0026971291762988288,3598,19853899,88052,618106,134.7,126.65,-0.30000000000001137,1.3000000000000114,4270,9978,24000,23600,279674,171562,-3897,0,-0.0137425900391789,0,1,1.150000000000034,1.5420136003824838
2026-07-24 00:00:00,2026-07-24 10:58:00,104,NIFTY,OK,23628.75,-2.7999999999992724,1511941,-1404,1346715,-3534,937021,-1404,324785,-3534,-2130,259.75,0.18633651618103053,0.028195587528535383,0.3632752015147895,-0.9103370144352934,23700,26367280.8,0,0,0,0,23900,5670895.5,1784870929684,2026-07-28 00:00:00,23650,17,-1404,-3534,1513345,1350249,-0.0009277461517367157,-0.0026172950322496074,-4938,20008234,154335,532672,136.25,123.5,1.5500000000000114,-3.1500000000000057,7223,16456,24000,23600,280090,171341,-1669,6021,-0.005923501999936116,0.036420275828695864,-1.6000000000000227,-1.1999999999999886,-0.4035810387036529
2026-07-24 00:00:00,2026-07-24 10:59:00,105,NIFTY,OK,23627.35,-1.4000000000014552,1517132,5191,1357781,11066,942212,5191,335851,11066,5875,259.95,0.2542149971146953,0.0016939273116361039,0.3603777425721547,-2.745919190682229,23700,27344598.6,0,0,0,0,23900,5985169.3,1784870990652,2026-07-28 00:00:00,23650,17,5191,11066,1511941,1346715,0.0034333350309304397,0.008217031814452203,16257,20206408,198174,730846,132,127.95,-4.25,4.450000000000003,10805,19347,24000,23600,281268,173436,-491,8116,-0.0017426240155593966,0.049092668763609966,0.19999999999998863,-1,-0.21967440586757184
2026-07-24 00:00:00,2026-07-24 11:00:00,106,NIFTY,OK,23628,0.6500000000014552,1516796,-336,1358850,1069,941876,-336,336920,1069,1405,260.35,0.23940185961693478,0.02635688191332515,0.3615812710687205,-1.385809372563928,23700,26992262.4,0,0,0,0,23900,5921400.75,1784871050064,2026-07-28 00:00:00,23650,17,-336,1069,1517132,1357781,-0.0002214705114650538,0.0007873140071926179,733,20291331,84923,688435,133.9,126.45,1.9000000000000057,-1.5,4233,6932,24000,23600,280934,174616,83,5256,0.00029553037019629626,0.03103448275862069,0.4000000000000341,0.30000000000001137,0.1112332448233583
2026-07-24 00:00:00,2026-07-24 11:01:00,107,NIFTY,OK,23626.9,-1.0999999999985448,1522384,5588,1365149,6299,947464,5588,343219,6299,711,260.5,0.20418779629531505,0.04670462466863071,0.36247108882572054,-0.6244957526232998,23700,27435288.099999998,0,0,0,0,23900,6032897.5,1784871109972,2026-07-28 00:00:00,23650,17,5588,6299,1516796,1358850,0.0036840814453624614,0.0046355374029510244,11887,20355446,64115,589599,133,127.5,-0.9000000000000057,1.0499999999999972,3286,5290,24000,23600,281387,175173,1088,3611,0.0038815693241859585,0.02104778447441741,0.14999999999997726,0.14999999999997726,0.12527215359902144
2026-07-24 00:00:00,2026-07-24 11:02:00,108,NIFTY,OK,23630.1,3.1999999999970896,1528548,6164,1365267,118,953628,6164,343337,118,-6046,260.95000000000005,0.22066925494546127,0.04732561198667034,0.36073297503712604,-1.4727379035870636,23700,27468381.55,0,0,0,0,23900,6139147,1784871169729,2026-07-28 00:00:00,23650,17,6164,118,1522384,1365149,0.004048912757885001,0.00008643745115002099,6282,20492475,137029,638576,133.55,127.4,0.5500000000000114,-0.09999999999999432,6126,13973,24000,23600,281599,175225,1925,3663,0.006883013794632322,0.021350881896923562,0.4500000000000455,-0.39999999999997726,0.8805866482041296
2026-07-24 00:00:00,2026-07-24 11:03:00,109,NIFTY,OK,23629,-1.0999999999985448,1528846,298,1363927,-1340,953926,298,341997,-1340,-1638,261,0.178869894042844,0.0659354888583963,0.3617134212691419,-0.6674339218731896,23700,27216425.2,0,0,0,0,23900,6023735,1784871230027,2026-07-28 00:00:00,23650,17,298,-1340,1528548,1365267,0.0001949562591426635,-0.000981492997340447,-1042,20525664,33189,517430,134.6,126.4,1.049999999999983,-1,1650,2906,24000,23600,281374,174461,1284,3120,0.0045842407797493665,0.018209301918396648,0.049999999999954525,1.25,0.9626993425442896
2026-07-24 00:00:00,2026-07-24 11:04:00,110,NIFTY,OK,23628.9,-0.09999999999854481,1528846,0,1363927,0,953926,0,341997,0,0,260.9,0.14367529011090743,0.04297194552716423,0.3614650384537273,-0.6745298077435002,23700,27769155.2,0,0,0,0,23900,6191984.15,1784871291289,2026-07-28 00:00:00,23650,17,0,0,1528846,1363927,0,0,0,20622028,96364,415620,132,128.9,-2.5999999999999943,2.5,5987,8873,24000,23600,281374,174461,106,1025,0.0003768647695436381,0.005909961023086325,-0.10000000000002274,0.9499999999999886,0.7785725641876393
2026-07-24 00:00:00,2026-07-24 11:05:00,111,NIFTY,OK,23628.9,0,1528846,0,1363927,0,953926,0,341997,0,0,260.9,0.11431833745682776,0.05179061194991185,0.3614650384537273,-0.5327391130417358,23700,27769155.2,0,0,0,0,23900,6191984.15,1784871349835,2026-07-28 00:00:00,23650,17,0,0,1528846,1363927,0,0,0,20622028,0,330697,132,128.9,0,0,0,0,24000,23600,281374,174461,440,-155,0.0015662041618316046,-0.00088766206991341,0,0.5499999999999545,0.6248644104549711
2026-07-24 00:00:00,2026-07-24 11:06:00,112,NIFTY,OK,23631.3,2.399999999997817,1545804,16958,1351905,-12022,970884,16958,329975,-12022,-28980,260.75,0.16517013958268412,0.021261347847434785,0.36130503172443046,-0.5015235137980603,23700,28026003,0,0,0,0,23900,6160032,1784871410845,2026-07-28 00:00:00,23650,17,16958,-12022,1528846,1363927,0.01109202627341145,-0.008814254721843618,4936,20834061,212033,478615,133.55,127.2,1.5500000000000114,-1.7000000000000028,11622,17871,24000,23500,283017,170630,1630,0,0.005792733850533251,0,-0.14999999999997726,0.25,0.23195191234359835
2026-07-24 00:00:00,2026-07-24 11:07:00,113,NIFTY,OK,23628.85,-2.4500000000007276,1545509,-295,1352667,762,970589,-295,330737,762,1057,260.15,0.136248454200159,0.011044085171903808,0.36124412501438347,-0.4097286559300144,23700,27781298.599999998,0,0,0,0,23900,6133984.800000001,1784871470623,2026-07-28 00:00:00,23650,17,-295,762,1545804,1351905,-0.00019083920083011818,0.0005636490729748023,467,20887347,53286,394872,133.4,126.75,-0.15000000000000568,-0.45000000000000284,3086,4192,24000,23600,282619,172185,1020,-3040,0.0036221719537356313,-0.0173491225567128,-0.6000000000000227,-0.8000000000000682,-0.8623326499275922
2026-07-24 00:00:00,2026-07-24 11:08:00,114,NIFTY,OK,23624.55,-4.299999999999272,1462297,1760,1444160,3465,952235,-18354,371187,40450,1705,266.15,0.14149529822736068,0.025843161094224923,0.36720388756817257,2.871356352460143,23700,28092358.8,0,0,0,0,23900,6280956,1784871529690,2026-07-28 00:00:00,23600,16,1760,3465,1459117,1339351,0.0012062089606248163,0.002587073888771502,5225,21099797,49567,411250,160,106.15,-1.75,1.3500000000000085,2442,6629,24000,23600,282552,173805,1178,-656,0.004186598619630812,-0.003760152698883991,6,5.149999999999977,2.9378875159891624
2026-07-24 00:00:00,2026-07-24 11:09:00,115,NIFTY,OK,23627.4,2.850000000002183,1547067,-121,1357044,902,972147,19912,335114,-36073,1023,259.7,0.1311626862747326,0.02995187852280454,0.36207857465122634,-0.027119754026819296,23700,27843404.400000002,0,0,0,0,23900,6196387.95,1784871591291,2026-07-28 00:00:00,23650,16,-121,902,1460877,1342816,-0.00008282695942231961,0.0006717227080999928,781,21004205,66025,380911,133.15,126.55,1.1500000000000057,-1.9500000000000028,3388,6349,24000,23600,282524,173800,1150,-661,0.0040870869376701474,-0.003788812399332802,-6.449999999999989,-1.1999999999999886,-0.8353441907250334
2026-07-24 00:00:00,2026-07-24 11:10:00,116,NIFTY,OK,23631.9,4.5,1549656,2589,1359708,2664,974736,2589,337778,2664,75,259.3,0.14746143830747888,0.03883744076602668,0.3599748101894556,-1.068417227402421,23700,27667987.35,0,0,0,0,23900,6112812.600000001,1784871653637,2026-07-28 00:00:00,23650,17,2589,2664,1547067,1357044,0.0016734892541822688,0.001963090364055992,5253,21052313,48108,429019,134.8,124.5,1.6500000000000057,-2.049999999999997,2460,3913,24000,23600,283210,174422,1836,-39,0.006525123145706426,-0.00022354566350072508,-0.39999999999997726,-1.599999999999966,-0.9648256937538372
2026-07-24 00:00:00,2026-07-24 11:11:00,117,NIFTY,OK,23625.55,-6.350000000002183,1551463,1807,1358901,-807,976543,1807,336971,-807,-2614,259.45000000000005,0.09751013962514654,0.04484301772437366,0.3609277683768484,-0.47016633804468094,23700,28101465.599999998,0,0,0,0,23900,6274566.9,1784871709747,2026-07-28 00:00:00,23650,17,1807,-807,1549656,1359708,0.001166065242866804,-0.0005935097829828169,1000,21119117,66804,283790,132.55,126.9,-2.25,2.4000000000000057,4246,6782,24000,23600,283486,174513,469,0,0.0016571442704855185,0,0.1500000000000341,-1.2999999999999545,-0.7969335501652082
2026-07-24 00:00:00,2026-07-24 11:12:00,118,NIFTY,OK,23623.05,-2.5,1471268,4610,1446637,-224,961206,-15337,373664,36693,-4834,264.3,0.11953404925794363,0.04772226188325893,0.3641417468054278,1.01538082376471,23700,28826810.2,0,0,0,0,23900,6472074.65,1784871772531,2026-07-28 00:00:00,23600,16,4610,-224,1465216,1345529,0.0031462937887656154,-0.00016647727399409453,4386,21401285,118285,348789,157.4,106.9,-4,2.3000000000000114,8286,8485,24000,23600,283734,174236,1115,2051,0.003945240765836692,0.011911606702093678,4.849999999999966,4.150000000000034,1.4407097543130651
2026-07-24 00:00:00,2026-07-24 11:13:00,119,NIFTY,OK,23623.35,0.2999999999992724,1454112,-17156,1448426,1789,944050,-17156,375453,1789,18945,264.25,0.1846983570929993,0.007362514782855246,0.36538545898000596,1.3176852884211347,23700,28096040.8,0,0,0,0,23900,6371356.550000001,1784871829942,2026-07-28 00:00:00,23600,17,-17156,1789,1471268,1446637,-0.011660689962671654,0.0012366613048055593,-15367,21638157,236872,536094,159.2,105.05,1.799999999999983,-1.8500000000000085,23070,26737,24000,23600,283975,174731,1423,926,0.005036241116679408,0.005327809901901556,-0.05000000000001137,-1.8999999999999773,1.1648749792827469
2026-07-24 00:00:00,2026-07-24 11:14:00,120,NIFTY,OK,23625.85,2.5,1545912,7151,1362546,2087,970992,26942,340616,-34837,-5064,258.70000000000005,0.1810093183398213,0.008566685281636902,0.3586894637583179,-1.448911303173863,23700,27838958,0,0,0,0,23900,6249014.199999999,1784871890720,2026-07-28 00:00:00,23650,16,7151,2087,1452632,1347095,0.004922788428177267,0.0015492597032874444,9238,21531898,56389,526458,133.55,125.15,2.1000000000000227,-2.3999999999999915,4473,4488,24000,23600,284173,176391,1649,2591,0.005836672282708726,0.014907940161104718,-5.5499999999999545,-0.9999999999999432,-1.0906182697514175
2026-07-24 00:00:00,2026-07-24 11:15:00,121,NIFTY,OK,23625.9,0.05000000000291038,1547675,1763,1365927,3381,972755,1763,343997,3381,1618,259.15,0.18410476104835183,0.008204575621541811,0.3591274947420729,-1.0993128602424618,23700,27946155.75,0,0,0,0,23900,6358085.649999999,1784871949555,2026-07-28 00:00:00,23650,17,1763,3381,1545912,1362546,0.001140427139449076,0.0024813841147381444,5144,21589956,58058,536408,132.2,126.95,-1.3500000000000227,1.7999999999999972,3750,4295,24000,23600,284425,177255,1215,2833,0.004290102750609088,0.016242217151506116,0.4499999999999318,-0.1500000000000341,-0.8057892689728758
2026-07-24 00:00:00,2026-07-24 11:16:00,122,NIFTY,OK,23633.7,7.799999999999272,1547673,-2,1365921,-6,972753,-2,343991,-6,-4,257.95000000000005,0.17551965030131172,0.006634819013948177,0.357635187948554,-1.3664754816945603,23700,28158122.6,0,0,0,0,23900,6381882.5,1784872010288,2026-07-28 00:00:00,23650,17,-2,-6,1547675,1365927,-0.0000012922609721033162,-0.00000439262127478262,-8,21631745,41789,511393,131.05,126.9,-1.1499999999999773,-0.04999999999999716,2575,3313,24000,23600,284425,177255,939,2742,0.003312332884163592,0.015712296505131423,-1.1999999999999318,-1.5,-1.0909667200582815
2026-07-24 00:00:00,2026-07-24 11:17:00,123,NIFTY,OK,23639.75,6.049999999999272,1557898,10225,1356936,-8985,982978,10225,335006,-8985,-19210,255.95,0.2024067236762025,0.00041865684037818105,0.35530021907274106,-1.6421633591094336,23700,27846858.5,0,0,0,0,23900,6004847.7,1784872070790,2026-07-28 00:00:00,23650,17,10225,-8985,1547673,1365921,0.0066066927574494096,-0.006577979253558588,1240,21828619,196874,589982,134.85,121.1,3.799999999999983,-5.800000000000011,12946,16603,24000,23600,285012,174079,1278,-157,0.004504218740087547,-0.000901076700567047,-2.000000000000057,-8.350000000000023,-1.4662412360623682
2026-07-24 00:00:00,2026-07-24 11:18:00,124,NIFTY,OK,23639.75,0,1557898,0,1356936,0,982978,0,335006,0,0,255.95,0.12114240467896285,0.044218515476763615,0.35530021907274106,-1.4169537395559952,23700,27846858.5,0,0,0,0,23900,6004847.7,1784872129950,2026-07-28 00:00:00,23650,17,0,0,1557898,1356936,0,0,0,21828619,0,353110,134.85,121.1,0,0,0,0,24000,23600,285012,174079,1037,-652,0.003651729905801567,-0.0037314500575169832,0,-8.300000000000011,-1.2935757400229615
2026-07-24 00:00:00,2026-07-24 11:19:00,125,NIFTY,OK,23651.35,11.599999999998545,1556958,-940,1338702,-18234,982038,-940,316772,-18234,-17294,255.95,0.22396103133655193,0.019734316091377994,0.35726420830501865,-0.6581042226079447,23700,26454577.200000003,0,0,0,0,23900,5524652.25,1784872189504,2026-07-28 00:00:00,23650,17,-940,-18234,1557898,1356936,-0.0006033771145479357,-0.013437627124639629,-19174,22180413,351794,648515,142.65,113.3,7.800000000000011,-7.799999999999997,31756,23588,24000,23500,284655,170036,482,0,0.0016961498805305219,0,0,-2.750000000000057,-1.0788704884648144
2026-07-24 00:00:00,2026-07-24 11:20:00,126,NIFTY,OK,23651.75,0.4000000000014552,1556958,0,1338702,0,982038,0,316772,0,0,256.05,0.21423578735072488,0.028922196036456602,0.357169046958979,-0.5897224032634062,23700,26375031.65,0,0,0,0,23900,5526831.6,1784872250946,2026-07-28 00:00:00,23650,17,0,0,1556958,1338702,0,0,0,22210310,29897,620354,142.35,113.7,-0.30000000000001137,0.4000000000000057,4036,1658,24000,23500,284655,170036,230,0,0.0008086490287421992,0,0.10000000000002274,-3.099999999999966,-0.891199929089465
2026-07-24 00:00:00,2026-07-24 11:21:00,127,NIFTY,OK,23664,12.25,1549034,-7924,1335256,-3446,974114,-7924,313326,-3446,4478,255.6,0.3836257796546117,0.02648379376911453,0.3544189457491906,-1.1577771548798486,23700,25402054.45,0,0,0,0,23900,5146263.75,1784872309805,2026-07-28 00:00:00,23650,17,-7924,-3446,1556958,1338702,-0.00508941153197453,-0.0025741352444382695,-11370,22738233,527923,1106488,148.25,107.35,5.900000000000006,-6.3500000000000085,48526,33014,24000,23600,285372,168582,947,-8673,0.003329524479212446,-0.04892950833544893,-0.45000000000001705,-2.350000000000051,-0.8752183697162086
2026-07-24 00:00:00,2026-07-24 11:22:00,128,NIFTY,OK,23662.9,-1.0999999999985448,1549034,0,1335256,0,974114,0,313326,0,0,257.54999999999995,0.3374476907661851,0.03138199336893055,0.3560313539446574,-0.5409219196585623,23700,25561457.75,0,0,0,0,23900,5277378.75,1784872370155,2026-07-28 00:00:00,23650,17,0,0,1549034,1335256,0,0,0,22801916,63683,973297,147.45,110.1,-0.8000000000000114,2.75,3714,3530,24000,23600,285372,168582,360,-5497,0.0012631047113805735,-0.03157761705892152,1.9499999999999602,1.599999999999966,-0.06404664294030796
2026-07-24 00:00:00,2026-07-24 11:23:00,129,NIFTY,OK,23668.3,5.399999999997817,1538119,-10915,1336142,886,963199,-10915,314212,886,11801,255.8,0.3926866766796752,0.03594717387683355,0.35368456777443363,-1.6209920760553256,23700,25098094.2,0,0,0,0,23900,5193019.6,1784872430112,2026-07-28 00:00:00,23650,17,-10915,886,1549034,1335256,-0.007046326936658589,0.0006635431707477817,-10029,22957303,155387,1128684,148.25,107.55,0.8000000000000114,-2.549999999999997,12477,12023,24000,23600,284771,169212,-241,-4867,-0.0008455784317853283,-0.027958570534067865,-1.7499999999999432,-0.14999999999997726,-0.838160559233632
2026-07-24 00:00:00,2026-07-24 11:24:00,130,NIFTY,OK,23674.95,6.650000000001455,1536035,-2084,1347752,11610,961115,-2084,325822,11610,13694,256.2,0.35432159171256405,0.0116198272048605,0.35195236008905634,-1.913300134647086,23700,24142462.8,0,0,0,0,23900,4884184.8,1784872490936,2026-07-28 00:00:00,23650,17,-2084,11610,1538119,1336142,-0.001354901668856571,0.008689196208187453,9526,23202201,244898,1021788,152.6,103.6,4.349999999999994,-3.950000000000003,25144,12850,24000,23600,284563,172464,-92,0,-0.0003231982575398289,0,0.39999999999997726,0.25,-0.3697810920168257
2026-07-24 00:00:00,2026-07-24 11:25:00,131,NIFTY,OK,23672.45,-2.5,1524243,-11792,1351105,3353,949323,-11792,329175,3353,15145,256.35,0.3955792481466591,0.017857833638700648,0.35299794477705265,-1.197270680790178,23700,24032447.25,0,0,0,0,23900,4909744,1784872549753,2026-07-28 00:00:00,23650,17,-11792,3353,1536035,1347752,-0.007676908403779862,0.0024878464287198237,-8439,23347738,145537,1137428,151.85,104.5,-0.75,0.9000000000000057,12906,7287,24000,23600,282804,173840,-1851,0,-0.006502608420719818,0,0.1500000000000341,0.30000000000001137,0.02030878444500419
2026-07-24 00:00:00,2026-07-24 11:26:00,132,NIFTY,OK,23669.4,-3.0499999999992724,1509892,-14351,1350490,-615,934972,-14351,328560,-615,13736,256.15,0.2766588518596467,0.030211663612813546,0.35359199892842774,-0.70592489030075,23700,24232331.55,0,0,0,0,23900,5184063,1784872610442,2026-07-28 00:00:00,23650,17,-14351,-615,1524243,1351105,-0.009415165429659181,-0.00045518297985722796,-14966,23529583,181845,791350,148.35,107.8,-3.5,3.299999999999997,15473,12732,24000,23600,283357,174065,-2015,5483,-0.007060959028916642,0.03252423153124295,-0.20000000000004547,0.549999999999983,-0.009887429746190184
2026-07-24 00:00:00,2026-07-24 11:27:00,133,NIFTY,OK,23666.35,-3.0500000000029104,1507475,-2417,1358292,7802,932555,-2417,336362,7802,10219,256.85,0.30005719236769773,0.021541027149858005,0.3555113047826561,0.42851534555179077,23700,23641784.599999998,0,0,0,0,23900,5041493.600000001,1784872669738,2026-07-28 00:00:00,23650,17,-2417,7802,1509892,1350490,-0.001600776744296943,0.005777162363290361,5385,23661810,132227,859894,150.7,106.15,2.3499999999999943,-1.6499999999999915,10439,11009,24000,23600,284077,175765,-1295,7183,-0.004537936447864542,0.04260834490040455,0.7000000000000455,-0.6999999999999318,1.1201303132935974
2026-07-24 00:00:00,2026-07-24 11:28:00,134,NIFTY,OK,23664.75,-1.5999999999985448,1502680,-4795,1372011,13719,927760,-4795,350081,13719,18514,256.9,0.2723715348884454,0.0005491810816057544,0.3554261457376508,0.3693339785865328,23700,24374774.45,0,0,0,0,23900,5303607.75,1784872729717,2026-07-28 00:00:00,23650,17,-4795,13719,1507475,1358292,-0.0031808156022487934,0.010100184643655414,8924,23740287,78477,782984,147.15,109.75,-3.549999999999983,3.5999999999999943,6361,7588,24000,23600,283092,178819,-1679,9607,-0.0058959655301979485,0.0567749332198662,0.049999999999954525,1.099999999999966,0.9947796843446385
2026-07-24 00:00:00,2026-07-24 11:29:00,135,NIFTY,OK,23664.1,-0.6500000000014552,1499834,-2846,1375256,3245,924914,-2846,353326,3245,6091,256.25,0.24183555993029784,0.012508287801363155,0.354072418417524,-0.2800231773582193,23700,24300599.400000002,0,0,0,0,23900,5334410.25,1784872791828,2026-07-28 00:00:00,23650,17,-2846,3245,1502680,1372011,-0.0018939494769345435,0.002365141387350393,399,23897500,157213,695299,146.85,109.4,-0.30000000000001137,-0.3499999999999943,10910,13084,24000,23600,283092,181482,-1471,9018,-0.005169329814487477,0.05228917339270804,-0.6499999999999773,0.05000000000001137,-0.21850711221878114
2026-07-24 00:00:00,2026-07-24 11:30:00,136,NIFTY,OK,23657,-7.099999999998545,1495254,-4580,1376494,1238,920334,-4580,354564,1238,5818,255,0.2098888899722399,0.005972645284596548,0.35457289492776345,0.29417999011518114,23700,24782689.2,0,0,0,0,23900,5505200.1,1784872849823,2026-07-28 00:00:00,23650,17,-4580,1238,1499834,1375256,-0.003053671272954207,0.0009001960362288912,-3342,23950486,52986,602748,143.1,111.9,-3.75,2.5,3348,3629,24000,23600,282350,181482,-454,7642,-0.0016053521166603019,0.04395996318453751,-1.25,-1.3500000000000227,-1.849081270177426
2026-07-24 00:00:00,2026-07-24 11:31:00,137,NIFTY,OK,23652.7,-4.299999999999272,1491605,-3649,1377031,537,916685,-3649,355101,537,4186,254.14999999999998,0.22537017593030276,0.01276710930309897,0.3543374821903814,0.10154614701724345,23700,25822668.3,0,0,0,0,23900,5920820.399999999,1784872910117,2026-07-28 00:00:00,23650,17,-3649,537,1495254,1376494,-0.002440388054471013,0.00039012156972714735,-3112,24176088,225602,646505,137.7,116.45,-5.400000000000006,4.549999999999997,15926,22399,24000,23600,281784,181401,-1573,7336,-0.005551301008974545,0.04214517565277339,-0.8500000000000227,-2,-2.136639328543804
2026-07-24 00:00:00,2026-07-24 11:32:00,138,NIFTY,OK,23650.15,-2.5499999999992724,1482146,-9459,1391686,14655,907226,-9459,369756,14655,24114,254.39999999999998,0.22494564748391693,0.012475713737671241,0.35468479537933023,0.5835613902007458,23700,25323443.8,0,0,0,0,23900,5853669.899999999,1784872971278,2026-07-28 00:00:00,23650,17,-9459,14655,1491605,1377031,-0.006341491212485879,0.010642461934408157,5196,24308266,132178,646456,138.7,115.7,1,-0.75,7339,13627,24000,23600,281679,184876,-2398,9111,-0.008441373289636261,0.05183625864079879,0.25,-2.4500000000000455,-1.5309544164968263
2026-07-24 00:00:00,2026-07-24 11:33:00,139,NIFTY,OK,23652.2,2.0499999999992724,1489535,7389,1394065,2379,914615,7389,372135,2379,-5010,253.4,0.23935948120405048,0.012907534876712687,0.3525456637422693,-1.2631093971510998,23700,25698088.05,0,0,0,0,23900,5894760.3,1784873030303,2026-07-28 00:00:00,23650,17,7389,2379,1482146,1391686,0.004985338826269477,0.0017094373299724218,9768,24430504,122238,690217,138.25,115.15,-0.44999999999998863,-0.5499999999999972,6117,13356,24000,23600,282276,185112,-816,6293,-0.002882455173583146,0.03519200979761659,-0.9999999999999716,-3.4999999999999716,-1.8544109792516703
2026-07-24 00:00:00,2026-07-24 11:34:00,140,NIFTY,OK,23653.3,1.0999999999985448,1492221,2686,1389772,-4293,917301,2686,367842,-4293,-6979,254,0.21360114337543498,0.01121350493910789,0.3533198075265731,-0.8348140124555155,23700,25086762.75,0,0,0,0,23900,5726521.5,1784873091198,2026-07-28 00:00:00,23650,17,2686,-4293,1489535,1394065,0.0018032473221508726,-0.003079483381334443,-1607,24513097,82593,615597,140,114,1.75,-1.1500000000000057,4998,7763,24000,23600,284830,184753,1738,3271,0.006139346926087632,0.01802382605437454,0.5999999999999943,-2.25,-1.0912172811894305
2026-07-24 00:00:00,2026-07-24 11:35:00,141,NIFTY,OK,23654.7,1.4000000000014552,1495267,3046,1389625,-147,920347,3046,367695,-147,-3193,253.2,0.21156493899944956,0.02153546700046859,0.3526173520246421,-1.462087847162763,23700,25319341.25,0,0,0,0,23900,5809888,1784873150327,2026-07-28 00:00:00,23650,17,3046,-147,1492221,1389772,0.0020412526026640826,-0.00010577274545752828,2899,24560828,47731,610342,138.65,114.55,-1.3499999999999943,0.5499999999999972,3283,3228,24000,23600,284830,184753,2480,3271,0.008783424827341952,0.01802382605437454,-0.8000000000000114,-1.8000000000000114,-1.3719898860928137
2026-07-24 00:00:00,2026-07-24 11:36:00,142,NIFTY,OK,23658.35,3.649999999997817,1500191,4924,1389397,-228,925271,4924,367467,-228,-5152,253.9,0.14502378885848086,0.049997733016114675,0.35169830304445887,-1.7877330299967726,23700,25279689.599999998,0,0,0,0,23900,5760537.600000001,1784873209579,2026-07-28 00:00:00,23650,17,4924,-228,1495267,1389625,0.0032930573603242763,-0.0001640730412881173,4696,24595147,34319,419059,139.75,114.15,1.0999999999999943,-0.3999999999999915,2472,3318,24000,23600,286728,184272,4944,2871,0.01754535388808449,0.015826814626159723,0.700000000000017,-0.24999999999997158,-0.687914629886243
2026-07-24 00:00:00,2026-07-24 11:37:00,143,NIFTY,OK,23660.25,1.9000000000014552,1507514,7323,1379253,-10144,932594,7323,357323,-10144,-17467,254.60000000000002,0.16193444084680197,0.02767040240273645,0.352409908697914,-1.000711284793233,23700,25633027.6,0,0,0,0,23900,5774783,1784873270383,2026-07-28 00:00:00,23650,17,7323,-10144,1500191,1389397,0.004881378437812252,-0.007301008998867854,-2821,24775733,180586,467467,140.15,114.45,0.4000000000000057,0.29999999999999716,13976,14027,24000,23600,283392,180606,1713,-4270,0.0060813905189950265,-0.023096562019948506,0.700000000000017,0.20000000000004547,0.01777444263974487
2026-07-24 00:00:00,2026-07-24 11:38:00,144,NIFTY,OK,23659.65,-0.5999999999985448,1503752,-3762,1382621,3368,928832,-3762,360691,3368,7130,254.45,0.17848975167104184,0.00538250114521301,0.3518611760474729,-1.2543643753914702,23700,24708289.2,0,0,0,0,23900,5471566.75,1784873330236,2026-07-28 00:00:00,23650,17,-3762,3368,1507514,1379253,-0.002495499212610961,0.0024419015220557795,-394,24945692,169959,515188,145,109.45,4.849999999999994,-5,13869,14392,24000,23600,283080,181239,804,-3873,0.002848276155252306,-0.020922468559574744,-0.1500000000000341,1.049999999999983,0.14054468978892828
2026-07-24 00:00:00,2026-07-24 11:39:00,145,NIFTY,OK,23659.65,0,1503752,0,1382621,0,928832,0,360691,0,0,254.45,0.1498749468623771,0.010124943653995076,0.3518611760474729,-1.02309389446444,23700,24708289.2,0,0,0,0,23900,5471566.75,1784873389564,2026-07-28 00:00:00,23650,17,0,0,1503752,1382621,0,0,0,24945692,0,432595,145,109.45,0,0,0,0,24000,23600,283080,181239,-1750,-3514,-0.0061440157286802655,-0.01901998884997808,0,0.44999999999998863,0.5659228339359
2026-07-24 00:00:00,2026-07-24 11:40:00,146,NIFTY,OK,23663.65,4,1506776,3024,1381576,-1045,931856,3024,359646,-1045,-4069,254.70000000000002,0.17557105228171635,0.006822963808712491,0.35094818051846405,-1.4999455805850308,23700,24269320.4,0,0,0,0,23900,5263059.5,1784873449858,2026-07-28 00:00:00,23650,17,3024,-1045,1503752,1382621,0.0020109698939718783,-0.0007558108838213798,1979,25067939,122247,507111,147.8,106.9,2.8000000000000114,-2.549999999999997,9518,8253,24000,23600,282521,181270,-2309,-3483,-0.008106589895727276,-0.01885219725796063,0.2500000000000284,1.5000000000000284,1.2012450351527233
2026-07-24 00:00:00,2026-07-24 11:41:00,147,NIFTY,OK,23670.5,6.849999999998545,1506093,-683,1385011,3435,931173,-683,363081,3435,4118,254.20000000000002,0.22151503370338804,0.0023671854383743246,0.34919379482662544,-2.131060162581475,23700,24013613.599999998,0,0,0,0,23900,5251912,1784873512793,2026-07-28 00:00:00,23650,17,-683,3435,1506776,1381576,-0.000453285690772882,0.0024862910183732203,2752,25235570,167631,640423,148.05,106.15,0.25,-0.75,12040,11750,24000,23600,283936,182092,-2792,-2180,-0.009737451521999944,-0.011830337761569854,-0.5,0.30000000000001137,0.14608717744779795
2026-07-24 00:00:00,2026-07-24 11:42:00,148,NIFTY,OK,23670.5,0,1506093,0,1385011,0,931173,0,363081,0,0,254.20000000000002,0.15905238967536275,0.009431602937562658,0.34919379482662544,-1.7831873021109133,23700,24013613.599999998,0,0,0,0,23900,5251912,1784873572830,2026-07-28 00:00:00,23650,17,0,0,1506093,1385011,0,0,0,25235570,0,459837,148.05,106.15,0,0,0,0,24000,23600,283936,182092,544,1486,0.0019196025293586269,0.008227855110018494,0,-0.4000000000000057,0.19084250917805912
2026-07-24 00:00:00,2026-07-24 11:43:00,149,NIFTY,OK,23678.8,8.299999999999272,1693230,-1295,1385324,-3129,966889,35716,333602,-29479,-1834,249.7,0.14639892624914164,0.0006811671699611934,0.34491467885755667,-2.507507882851625,23700,23207974.650000002,0,0,0,0,23900,4972293,1784873629943,2026-07-28 00:00:00,23700,16,-1295,-3129,1505677,1346246,-0.0008600782239484298,-0.0023242408891094198,-4424,25776698,160819,450697,124.6,125.1,3.6499999999999915,-4.400000000000006,18868,10992,24000,23600,283939,180390,859,-849,0.0030344778861099335,-0.004684422227004122,-4.500000000000028,-4.75,-2.8711754856024934
2026-07-24 00:00:00,2026-07-24 11:44:00,150,NIFTY,OK,23681.7,2.900000000001455,1677261,-15969,1380475,-4849,950920,-15969,328753,-4849,11120,249.5,0.25587984050944884,0.026215055220197007,0.3445370529924452,-1.9006709763581406,23700,22438165.05,0,0,0,0,23900,4853981.8,1784873690811,2026-07-28 00:00:00,23700,17,-15969,-4849,1693230,1385324,-0.00943108733013235,-0.0035002641981226055,-20818,26108414,331716,782413,127,122.5,2.4000000000000057,-2.5999999999999943,38306,19831,24000,23600,283289,178299,209,-2940,0.000738307192313127,-0.01622167414298247,-0.19999999999998863,-4.949999999999989,-2.0063303582804055
2026-07-24 00:00:00,2026-07-24 11:45:00,151,NIFTY,OK,23686.05,4.349999999998545,1677261,0,1380475,0,950920,0,328753,0,0,249.85000000000002,0.2300715300470675,0.031968818674679954,0.3443546411951996,-1.5208550861323382,23700,22882485.150000002,0,0,0,0,23900,4972094.600000001,1784873750982,2026-07-28 00:00:00,23700,17,0,0,1677261,1380475,0,0,0,26151746,43332,703498,124.9,124.95,-2.0999999999999943,2.450000000000003,5750,2093,24000,23600,283289,178299,768,-2971,0.00271838199638257,-0.016389915595520495,0.35000000000002274,-4.849999999999994,-1.4416581488524243
2026-07-24 00:00:00,2026-07-24 11:46:00,152,NIFTY,OK,23686.35,0.2999999999992724,1672546,-4715,1381980,1505,946205,-4715,330258,1505,6220,249.60000000000002,0.23620456987434385,0.039434894032235934,0.34445663906248547,-1.1985877940380394,23700,22408795.799999997,0,0,0,0,23900,4864160.7,1784873809990,2026-07-28 00:00:00,23700,17,-4715,1505,1677261,1380475,-0.0028111307661717526,0.0010902044586102609,-3210,26337372,185626,721493,126.7,122.9,1.7999999999999972,-2.049999999999997,24450,12532,24000,23600,282890,178898,-1046,-3194,-0.0036839287726811677,-0.0175405838806757,-0.25,-4.599999999999994,-1.2483453678445657
2026-07-24 00:00:00,2026-07-24 11:47:00,153,NIFTY,OK,23696.2,9.850000000002183,1645308,-27238,1387446,5466,918967,-27238,335724,5466,32704,249.15,0.3254111609448046,0.05089108028031436,0.3458875205329027,-0.6031324569416056,23700,21094587.900000002,0,0,0,0,23900,4546372.05,1784873873240,2026-07-28 00:00:00,23700,17,-27238,5466,1672546,1381980,-0.01628535179301496,0.0039551947206182434,-21772,26602771,265399,986892,130.9,118.25,4.200000000000003,-4.650000000000006,36084,16987,24000,23600,277581,179358,-6355,-2734,-0.02238180435027612,-0.015014388331173254,-0.45000000000001705,-5.050000000000011,-1.1649346154450813
2026-07-24 00:00:00,2026-07-24 11:48:00,154,NIFTY,OK,23695.4,-0.7999999999992724,1625911,-19397,1393435,5989,899570,-19397,341713,5989,25386,248.39999999999998,0.33864783963149636,0.05790541763040406,0.3446079947599206,-0.8457940369692432,23700,20410979.55,0,0,0,0,23900,4426160,1784873929918,2026-07-28 00:00:00,23700,17,-19397,5989,1645308,1387446,-0.0117892820067732,0.004316564392415993,-13408,26799193,196422,1022495,132.1,116.3,1.1999999999999886,-1.9500000000000028,25526,12957,24000,23500,276007,179239,-7932,0,-0.02793557771211422,0,-0.7500000000000284,-1.3000000000000114,-1.194102821123577
2026-07-24 00:00:00,2026-07-24 11:49:00,155,NIFTY,OK,23696.95,1.5499999999992724,1620028,-5883,1402806,9371,893687,-5883,351084,9371,15254,248.60000000000002,0.25068759978219113,0.046057797243816534,0.34516788586487357,-0.49449485038606594,23700,20275963.5,0,0,0,0,23900,4385855,1784873990131,2026-07-28 00:00:00,23700,17,-5883,9371,1625911,1393435,-0.003618279229305909,0.0067251073785286,3488,26866201,67008,757787,132.8,115.8,0.700000000000017,-0.5,6762,5946,24000,23600,276671,180869,-6618,2570,-0.023361302415554435,0.014413989983118245,0.20000000000004547,-0.8999999999999773,-0.9181441694295911
2026-07-24 00:00:00,2026-07-24 11:50:00,156,NIFTY,OK,23698.9,1.9500000000007276,1620027,-1,1402548,-258,893686,-1,350826,-258,-257,247.8,0.2722142544022894,0.0427339727852132,0.3446609452215619,-0.5764957953841509,23700,20174836.5,0,0,0,0,23900,4302207.25,1784874050569,2026-07-28 00:00:00,23700,17,-1,-258,1620028,1402806,-6.172732816963658e-7,-0.00018391709188583455,-259,26974534,108333,822788,133.3,114.5,0.5,-1.2999999999999972,12920,9451,24000,23600,276671,180869,-6618,2570,-0.023361302415554435,0.014413989983118245,-0.8000000000000114,-2.0500000000000114,-1.0748954554994605
2026-07-24 00:00:00,2026-07-24 11:51:00,157,NIFTY,OK,23702.2,3.2999999999992724,1591830,-28197,1420299,17751,865489,-28197,368577,17751,45948,248.3,0.3552902282737559,0.03961669999439347,0.34594363558651525,0.4131794039267444,23700,18671557.2,0,0,0,0,23900,3885196.7,1784874110176,2026-07-28 00:00:00,23700,17,-28197,17751,1620027,1402548,-0.01740526546779776,0.012656251336852643,-10446,27407552,433018,1070180,137.75,110.55,4.449999999999989,-3.950000000000003,57714,31166,24000,23600,275817,180756,-7073,1858,-0.025002651207183004,0.01038580643718767,0.5,-1.3000000000000114,-0.7138177229728563
2026-07-24 00:00:00,2026-07-24 11:52:00,158,NIFTY,OK,23702.2,0,1591830,0,1420299,0,865489,0,368577,0,0,248.3,0.2671801240916309,0.02562809012638221,0.34594363558651525,1.4583576643104754,23700,18671557.2,0,0,0,0,23900,3885196.7,1784874169905,2026-07-28 00:00:00,23700,17,0,0,1591830,1420299,0,0,0,27407552,0,804781,137.75,110.55,0,0,0,0,24000,23600,275817,180756,-1764,1398,-0.0063549018124439355,0.007794466932057672,0,-0.8499999999999943,-0.9023493073083453
2026-07-24 00:00:00,2026-07-24 11:53:00,159,NIFTY,OK,23707.25,5.049999999999272,1564923,-26907,1432612,12313,838582,-26907,380890,12313,39220,250,0.3120403931897376,0.02331849400011974,0.34726947017950205,2.2016365671318168,23700,18118573.2,0,0,0,0,23900,3969773.5999999996,1784874229966,2026-07-28 00:00:00,23700,17,-26907,12313,1591830,1420299,-0.016903186898098416,0.008669301323172092,-14594,27734545,326993,935352,137.5,112.5,-0.25,1.9500000000000028,34635,26277,24000,23600,273002,182697,-3005,0,-0.010887405029582582,0,1.6999999999999886,1.6000000000000227,1.4463852738918994
2026-07-24 00:00:00,2026-07-24 11:54:00,160,NIFTY,OK,23707.25,0,1564923,0,1432612,0,838582,0,380890,0,0,250,0.28968602535082993,0.029134766866587437,0.34726947017950205,1.6497784045773543,23700,18118573.2,0,0,0,0,23900,3969773.5999999996,1784874291312,2026-07-28 00:00:00,23700,17,0,0,1564923,1432612,0,0,0,27734545,0,868344,137.5,112.5,0,0,0,0,24000,23600,273002,182697,-3669,1828,-0.013261238076993975,0.010106762352863122,0,1.3999999999999773,1.2861802823771802
2026-07-24 00:00:00,2026-07-24 11:55:00,161,NIFTY,OK,23703.15,-4.099999999998545,1547259,-17664,1439116,6504,820918,-17664,387394,6504,24168,249.25,0.31073023314218745,0.03901042828493131,0.34668733681462116,0.8944743416174983,23700,18191989.2,0,0,0,0,23900,4061283.2,1784874351141,2026-07-28 00:00:00,23700,17,-17664,6504,1564923,1432612,-0.011287456315742052,0.004539959179456824,-11160,27902491,167946,927957,135.7,113.55,-1.8000000000000114,1.0499999999999972,20094,10728,24000,23600,271899,185054,-4772,4185,-0.017247922622898676,0.023138293461013218,-0.75,1.4499999999999886,0.4238628899608
2026-07-24 00:00:00,2026-07-24 11:56:00,162,NIFTY,OK,23699.1,-4.05000000000291,1538245,-9014,1441346,2230,811904,-9014,389624,2230,11244,249.8,0.25761153124707387,0.04239053541208244,0.34746208071326296,1.3589384617559714,23700,18472915.5,0,0,0,0,23900,4267477.4,1784874410199,2026-07-28 00:00:00,23700,17,-9014,2230,1547259,1439116,-0.005825786115963779,0.0015495623702328374,-6784,28175129,272638,767577,132.3,117.5,-3.3999999999999773,3.950000000000003,28773,28320,24000,23600,271265,185639,-4552,4883,-0.016503696291381605,0.027014317643674346,0.5500000000000114,1.5,1.1176182854491026
2026-07-24 00:00:00,2026-07-24 11:57:00,163,NIFTY,OK,23701.7,2.600000000002183,1515695,-22550,1458276,16930,789354,-22550,406554,16930,39480,250.7,0.31372969003396467,0.04089716973750915,0.34890132239024507,1.916678566666166,23700,17285700.25,0,0,0,0,23900,4089630.2,1784874469637,2026-07-28 00:00:00,23700,17,-22550,16930,1538245,1441346,-0.014659563333539195,0.011745965229722773,-5620,28340575,165446,933023,136.1,114.6,3.799999999999983,-2.9000000000000057,18543,19503,24000,23600,270504,187433,-5313,6677,-0.01926277205538455,0.03693929938701897,0.8999999999999773,2.3999999999999773,1.7293510459211965
2026-07-24 00:00:00,2026-07-24 11:58:00,164,NIFTY,OK,23702.65,0.9500000000007276,1516040,345,1468893,10617,789699,345,417171,10617,10272,250.65,0.2270479772912826,0.01859461756499337,0.3483258868006438,1.2229577339538924,23700,17328044.400000002,0,0,0,0,23900,4118303.35,1784874530080,2026-07-28 00:00:00,23700,17,345,10617,1515695,1458276,0.00022761835329667248,0.007280514799667553,10962,28412268,71693,677723,135.65,115,-0.44999999999998863,0.4000000000000057,7850,6802,24000,23600,271371,189314,-1631,6617,-0.005974315206482003,0.03621843817906151,-0.04999999999998295,0.6500000000000057,1.3274375931519098
2026-07-24 00:00:00,2026-07-24 11:59:00,165,NIFTY,OK,23694.55,-8.100000000002183,1518153,2113,1473843,4950,791812,2113,422121,4950,2837,248.8,0.26136097775531786,0.007083201724828035,0.34569943289224947,-0.9154028106919436,23700,17736304.900000002,0,0,0,0,23900,4142849.3,1784874590486,2026-07-28 00:00:00,23700,17,2113,4950,1516040,1468893,0.0013937626975541542,0.003369884668250172,7063,28516536,104268,781991,133.4,115.4,-2.25,0.4000000000000057,10947,10406,24000,23600,271457,189377,-1545,6680,-0.005659299199273265,0.036563271427554916,-1.8499999999999943,-1.1999999999999886,-0.5751839585192011
2026-07-24 00:00:00,2026-07-24 12:00:00,166,NIFTY,OK,23695.95,1.4000000000014552,1517944,-209,1476984,3141,791603,-209,425262,3141,3350,248.5,0.23831858395260253,0.011983237757917022,0.3448194369961007,-1.6875055240380188,23700,18296138.4,0,0,0,0,23900,4343344.9,1784874651014,2026-07-28 00:00:00,23700,17,-209,3141,1518153,1473843,-0.00013766728386401108,0.002131163224305438,2932,28616238,99702,713747,130.25,118.25,-3.1500000000000057,2.8499999999999943,12672,9038,24000,23600,271748,189717,-151,4663,-0.00055535327456151,0.02519805029883169,-0.30000000000001137,-0.75,-1.0573644822846715
2026-07-24 00:00:00,2026-07-24 12:01:00,167,NIFTY,OK,23691.15,-4.799999999999272,1503321,-14623,1482256,5272,776980,-14623,430534,5272,19895,247.85000000000002,0.20916258398292858,0.00958571334777756,0.3422180087874423,-2.3230239457123623,23700,18235618.75,0,0,0,0,23900,4437446.5,1784874710680,2026-07-28 00:00:00,23700,17,-14623,5272,1517944,1476984,-0.00963342521199728,0.003569436094094452,-9351,28799600,183362,624471,129.3,118.55,-0.9499999999999886,0.29999999999999716,14888,24490,24000,23600,270871,191016,-394,5377,-0.0014524542421617238,0.028964818815011933,-0.6499999999999773,-1.9499999999999886,-1.6238840858742676
2026-07-24 00:00:00,2026-07-24 12:02:00,168,NIFTY,OK,23694.8,3.649999999997817,1503321,0,1482256,0,776980,0,430534,0,0,247.6,0.15374750006447666,0.025284025924513915,0.3427164995442113,-1.5940373575304692,23700,18253195.25,0,0,0,0,23900,4498773.5,1784874769499,2026-07-28 00:00:00,23700,17,0,0,1503321,1482256,0,0,0,28796466,0,459025,129.2,118.4,-0.10000000000002274,-0.14999999999999147,0,0,24000,23600,270871,191016,367,3583,0.001356726702747464,0.01911616417599889,-0.2500000000000284,-3.0999999999999943,-1.643030117846683
2026-07-24 00:00:00,2026-07-24 12:03:00,169,NIFTY,OK,23695.5,0.7000000000007276,1503400,79,1500254,17998,777059,79,448532,17998,17919,248.25,0.16785488608208535,0.03713172728679157,0.34313028579760874,-1.136032771742546,23700,17764014,0,0,0,0,23900,4309016,1784874829907,2026-07-28 00:00:00,23700,17,79,17998,1503321,1482256,0.0000525503202576163,0.01214230200451204,18077,28913312,116846,504178,131.05,117.2,1.8500000000000227,-1.2000000000000028,11089,14348,24000,23600,269906,194102,-1465,4788,-0.005398513474173733,0.025291314958217563,0.6500000000000057,-2.4000000000000057,-0.8389509134341369
2026-07-24 00:00:00,2026-07-24 12:04:00,170,NIFTY,OK,23699.7,4.200000000000728,1509335,5935,1499847,-407,782994,5935,448125,-407,-6342,248.75,0.20103569674416502,0.028408818536316046,0.3460420413873294,0.19828714394161054,23700,17350177.5,0,0,0,0,23900,4157174.4,1784874890735,2026-07-28 00:00:00,23700,17,5935,-407,1503400,1500254,0.0039477185047226285,-0.00027128739533439005,5528,29118355,205043,604953,134.3,114.45,3.25,-2.75,22417,19739,24000,23600,270856,193585,-601,4208,-0.0022139786411844234,0.022220227377136612,0.5,-0.05000000000001137,-0.25848738364591584
2026-07-24 00:00:00,2026-07-24 12:05:00,171,NIFTY,OK,23715.25,15.549999999999272,1511171,1836,1497548,-2299,784830,1836,445826,-2299,-4135,248.8,0.24341821220260185,0.01883046573008164,0.34327883742052684,-0.8628160729518745,23700,16259718.15,0,0,0,0,23900,3788128,1784874950457,2026-07-28 00:00:00,23700,17,1836,-2299,1509335,1499847,0.0012164297521756271,-0.0015328230146141573,-463,29345481,227126,732377,141.4,107.4,7.099999999999994,-7.049999999999997,24434,19933,24000,23600,269768,192818,-1980,3101,-0.007286162179666456,0.016345398672759952,0.05000000000001137,0.30000000000001137,-0.16605331914528437
2026-07-24 00:00:00,2026-07-24 12:06:00,172,NIFTY,OK,23714.55,-0.7000000000007276,1484429,-26742,1489343,-8205,758088,-26742,437621,-8205,18537,248.60000000000002,0.33066691057687003,0.01200514985843991,0.3425520885437036,-0.9649082297670415,23700,15499756.350000001,0,0,0,0,23900,3723216.7500000005,1784875012601,2026-07-28 00:00:00,23700,17,-26742,-8205,1511171,1497548,-0.017696210422248705,-0.00547895626717808,-34947,29779794,434313,983328,141.4,107.2,0,-0.20000000000000284,53689,39882,24000,23600,268860,190649,-2011,-367,-0.00742419823458399,-0.0019213050215688737,-0.19999999999998863,0.75,-0.2527316272680361
2026-07-24 00:00:00,2026-07-24 12:07:00,173,NIFTY,OK,23713.3,-1.25,1486274,1845,1479706,-9637,759933,1845,427984,-9637,-11482,249.45000000000002,0.37658379355221544,0.01754525757874192,0.3435316988090806,-0.3776919975534371,23700,15692186,0,0,0,0,23900,3721406.75,1784875069933,2026-07-28 00:00:00,23700,17,1845,-9637,1484429,1489343,0.0012429021529490464,-0.006470638395587853,-7792,29913406,133612,1116940,141.3,108.15,-0.09999999999999432,0.9500000000000028,16747,10705,24000,23600,269214,186191,-1657,-4825,-0.006117303070465277,-0.025259664111906856,0.8499999999999943,1.8500000000000227,0.8947038366206479
2026-07-24 00:00:00,2026-07-24 12:08:00,174,NIFTY,OK,23712.4,-0.8999999999978172,1488330,2056,1486041,6335,761989,2056,434319,6335,4279,248.25,0.41023497068792025,0.02399870184258038,0.3429072950678027,-0.6113168040529906,23700,16324865.999999998,0,0,0,0,23900,3889962.15,1784875129845,2026-07-28 00:00:00,23700,17,2056,6335,1486274,1479706,0.0013833250127500043,0.004281255871098719,8391,30133503,220097,1220191,137.95,110.3,-3.3500000000000227,2.1499999999999915,26356,17985,24000,23700,269517,188333,-389,0,-0.0014412425066504635,0,-1.200000000000017,0,-0.4690394526758774
2026-07-24 00:00:00,2026-07-24 12:09:00,175,NIFTY,OK,23712.1,-0.3000000000029104,1495651,7321,1486563,522,769310,7321,434841,522,-6799,248.85,0.367877020227254,0.024581437405203594,0.3428303723312322,-0.5170558969752218,23700,16067942.799999999,0,0,0,0,23900,3797035.05,1784875190490,2026-07-28 00:00:00,23700,17,7321,522,1488330,1486041,0.00491893598865843,0.0003512689084621488,7843,30215443,81940,1097088,139.95,108.9,2,-1.3999999999999915,9587,8463,24000,23700,271378,189048,522,0,0.0019272233216173907,0,0.5999999999999943,0.09999999999999432,0.7137464271462973
2026-07-24 00:00:00,2026-07-24 12:10:00,176,NIFTY,OK,23711.1,-1,1501274,5623,1497729,11166,774933,5623,446007,11166,5543,247.15,0.3304711599154786,0.009803407178402638,0.34147053723797494,-1.4087602297712913,23700,16076056.5,0,0,0,0,23900,3679709,1784875251085,2026-07-28 00:00:00,23700,17,5623,11166,1495651,1486563,0.003759566904311233,0.007511286100891789,16789,30336565,121122,991084,139.75,107.4,-0.19999999999998863,-1.5,12936,11915,24000,23700,272270,193812,2502,0,0.009274635983511758,0,-1.6999999999999886,-1.6500000000000057,-1.8688910142617887
2026-07-24 00:00:00,2026-07-24 12:11:00,177,NIFTY,OK,23708.3,-2.7999999999992724,1484018,-17256,1500996,3267,757677,-17256,449274,3267,20523,245.6,0.22228471960265514,0.016942894217683486,0.33910288111068393,-2.228226397131048,23700,16628645.85,0,0,0,0,23900,3983783.4000000004,1784875310604,2026-07-28 00:00:00,23700,17,-17256,3267,1501274,1497729,-0.011494237560898277,0.002181302491972847,-13989,30443317,106752,663523,134.2,111.4,-5.550000000000011,4,13219,9067,24000,23700,270968,196341,2108,0,0.007840511790522949,0,-1.5500000000000114,-3.0000000000000284,-2.413796892414478
2026-07-24 00:00:00,2026-07-24 12:12:00,178,NIFTY,OK,23708.65,0.3500000000021828,1484018,0,1500996,0,757677,0,449274,0,0,247.5,0.2088784173206558,0.030527421592449137,0.3416614217041108,-0.5915699538410201,23700,16376314.35,0,0,0,0,23900,3975018.2,1784875371036,2026-07-28 00:00:00,23700,17,0,0,1484018,1500996,0,0,0,30536911,93594,623505,135.7,111.8,1.5,0.3999999999999915,8485,11666,24000,23700,270968,196341,1754,0,0.006515262950663784,0,1.9000000000000057,-1.950000000000017,-0.5884514511413744
2026-07-24 00:00:00,2026-07-24 12:13:00,179,NIFTY,OK,23706.65,-2,1484541,523,1512888,11892,758200,523,461166,11892,11369,247.4,0.14496089815638669,0.05306667280384801,0.34166385127423093,-0.49774635024126057,23700,16130995.6,0,0,0,0,23900,3827850.8000000003,1784875430454,2026-07-28 00:00:00,23700,17,523,11892,1484018,1500996,0.00035242160135523964,0.007922739301104067,12415,30568013,31102,434510,137.25,110.15,1.5500000000000114,-1.6499999999999915,2179,4318,24000,23700,270564,199745,1047,11412,0.003884727122964414,0.06059479751291595,-0.09999999999999432,-0.8499999999999943,-0.5913632927429663
2026-07-24 00:00:00,2026-07-24 12:14:00,180,NIFTY,OK,23706.65,0,1484541,0,1512888,0,758200,0,461166,0,0,247.4,0.11762413721892996,0.04315455086933091,0.34166385127423093,-0.3311402801567869,23700,16130995.6,0,0,0,0,23900,3827850.8000000003,1784875489687,2026-07-28 00:00:00,23700,17,0,0,1484541,1512888,0,0,0,30568013,0,352570,137.25,110.15,0,0,0,0,24000,23700,270564,199745,-814,10697,-0.0029995062237911695,0.056583513181837415,0,-1.4499999999999886,-0.4716141736903385
2026-07-24 00:00:00,2026-07-24 12:15:00,181,NIFTY,OK,23704.15,-2.5,1481693,-2848,1513995,1107,755352,-2848,462273,1107,3955,247.10000000000002,0.10757128245665103,0.010287044220325834,0.34127462806594255,-0.5084000768405724,23700,16338562.5,0,0,0,0,23900,3977861.25,1784875550368,2026-07-28 00:00:00,23700,17,-2848,1107,1484541,1512888,-0.0019184380896182726,0.0007317131208655235,-1741,30658815,90802,322250,135.55,111.55,-1.6999999999999886,1.3999999999999915,8865,10750,24000,23700,268788,201355,-3482,7543,-0.012788775847504315,0.03891915877241863,-0.29999999999998295,-0.04999999999998295,-0.60675173439577
2026-07-24 00:00:00,2026-07-24 12:16:00,182,NIFTY,OK,23709.95,5.799999999999272,1477888,-3805,1518045,4050,751547,-3805,466323,4050,7855,247.29999999999998,0.15975390637908124,0.022813886822729057,0.3413100994434813,-0.3755173361647781,23700,16151613.999999998,0,0,0,0,23900,3926236,1784875609602,2026-07-28 00:00:00,23700,17,-3805,4050,1481693,1513995,-0.0025680083526074564,0.002675041859451319,245,30921929,263114,478612,135.95,111.35,0.39999999999997726,-0.20000000000000284,24843,33045,24000,23700,268532,203075,-2436,6734,-0.008989991438103393,0.03429747225490346,0.1999999999999602,1.6999999999999886,-0.29940179402099204
2026-07-24 00:00:00,2026-07-24 12:17:00,183,NIFTY,OK,23713.95,4,1491339,13451,1521696,3651,764998,13451,469974,3651,-9800,247.85000000000002,0.17380282671791067,0.053508480466855336,0.3412233291103475,-0.2913185227620888,23700,15942811.500000002,0,0,0,0,23900,3729370.5,1784875670041,2026-07-28 00:00:00,23700,17,13451,3651,1477888,1518045,0.009101501602286507,0.002405067043467091,17102,31060585,138656,523674,139.15,108.7,3.200000000000017,-2.6499999999999915,16279,14972,24000,23700,270219,202129,-749,5788,-0.0027641640341294913,0.029479324236914347,0.5500000000000398,0.35000000000002274,0.5115417567186292
2026-07-24 00:00:00,2026-07-24 12:18:00,184,NIFTY,OK,23714.2,0.25,1485647,-5692,1520938,-758,759306,-5692,469216,-758,4934,248,0.22006662043481226,0.013838152857481837,0.3422831016958412,0.9136282986237508,23700,15135333.85,0,0,0,0,23900,3522106.25,1784875730427,2026-07-28 00:00:00,23700,17,-5692,-758,1491339,1521696,-0.0038167043173953073,-0.0004981284040964818,-6450,31229662,169077,661649,143,105,3.8499999999999943,-3.700000000000003,19232,15825,24000,23700,269003,201471,-1561,1726,-0.005769429783711063,0.008641017297053744,0.14999999999997726,0.5999999999999943,0.7505399068974032
2026-07-24 00:00:00,2026-07-24 12:19:00,185,NIFTY,OK,23714.2,0,1485647,0,1520938,0,759306,0,469216,0,0,248,0.22006662043481226,0.013838152857481837,0.3422831016958412,1.0552772609398597,23700,15135333.85,0,0,0,0,23900,3522106.25,1784875790071,2026-07-28 00:00:00,23700,17,0,0,1485647,1520938,0,0,0,31229662,0,661649,143,105,0,0,0,0,24000,23700,269003,201471,-1561,1726,-0.005769429783711063,0.008641017297053744,0,0.5999999999999943,1.0234077921822493
2026-07-24 00:00:00,2026-07-24 12:20:00,186,NIFTY,OK,23715.4,1.2000000000007276,1490323,4676,1518934,-2004,763982,4676,467212,-2004,-6680,247.95,0.23494935793121027,0.019191737751105692,0.3404239792753675,-0.9714984718034364,23700,15537343.200000001,0,0,0,0,23900,3585176.3000000003,1784875849603,2026-07-28 00:00:00,23700,17,4676,-2004,1485647,1520938,0.0031474502354866263,-0.0013176079498309595,2672,31365838,136176,707023,141.1,106.85,-1.9000000000000057,1.8499999999999943,15531,15865,24000,23700,268710,201092,-78,-263,-0.0002901915264074289,-0.0013061508281393558,-0.05000000000001137,0.8499999999999659,0.7984462392839303
2026-07-24 00:00:00,2026-07-24 12:21:00,187,NIFTY,OK,23721.7,6.299999999999272,1487545,-2778,1526476,7542,761204,-2778,474754,7542,10320,247.55,0.2025483564978479,0.029628901611014193,0.3393228501587069,-2.374568970983069,23700,15084490.200000001,0,0,0,0,23900,3415276.1999999997,1784875911416,2026-07-28 00:00:00,23700,17,-2778,7542,1490323,1518934,-0.0018640254495166484,0.00496532436564064,4764,31532414,166576,610485,143.35,104.2,2.25,-2.6499999999999915,20131,16233,24000,23700,268730,203357,198,282,0.0007373422906767164,0.0013886495137264557,-0.39999999999997726,0.2500000000000284,-0.17965320316167532
2026-07-24 00:00:00,2026-07-24 12:22:00,188,NIFTY,OK,23720.2,-1.5,1482179,-5366,1522550,-3926,755838,-5366,470828,-3926,1440,246.1,0.2137820082942588,0.012930504376849634,0.33774810207628275,-2.3606505918442777,23700,15436962.45,0,0,0,0,23900,3585736.8,1784875970273,2026-07-28 00:00:00,23700,17,-5366,-3926,1487545,1526476,-0.0036072858300085038,-0.0025719369318613593,-9292,31702942,170528,642357,140.2,105.9,-3.1500000000000057,1.7000000000000028,19134,20186,24000,23700,268923,203174,-1296,1045,-0.00479610982203324,0.005169965714964206,-1.450000000000017,-1.7500000000000284,-2.4941129249087486
2026-07-24 00:00:00,2026-07-24 12:23:00,189,NIFTY,OK,23727,6.799999999999272,1542863,-7491,1417180,5348,751524,-4314,432822,-38006,12839,243.15,0.2559226335563369,0.00527891522846258,0.3354664312903404,-2.3203230614436166,23700,13768204.450000001,0,0,0,0,23900,3049195.5,1784876035444,2026-07-28 00:00:00,23750,16,-7491,5348,1479970,1405853,-0.005061589086265262,0.0038040961608361615,-2143,31565108,284262,757542,121.4,121.75,7.700000000000003,-8.199999999999989,21085,11557,24000,23700,267759,203569,-1244,2098,-0.004624483741817006,0.010413409374053833,-2.9499999999999886,-4.849999999999994,-2.7642234216910375
2026-07-24 00:00:00,2026-07-24 12:24:00,190,NIFTY,OK,23727,0,1542863,0,1417180,0,751524,0,432822,0,0,243.15,0.2559226335563369,0.00527891522846258,0.3354664312903404,-1.7053272296602577,23700,13768204.450000001,0,0,0,0,23900,3049195.5,1784876089597,2026-07-28 00:00:00,23750,17,0,0,1542863,1417180,0,0,0,31565108,0,757542,121.4,121.75,0,0,0,0,24000,23700,267759,203569,-1244,2098,-0.004624483741817006,0.010413409374053833,0,-4.849999999999994,-1.9074124980477651
2026-07-24 00:00:00,2026-07-24 12:25:00,191,NIFTY,OK,23741.45,14.450000000000728,1454263,-88600,1418884,1704,662924,-88600,434526,1704,90304,242.55,0.40223455326163265,0.08096279330160018,0.3363874706775218,-1.0835514561616184,23700,11089728,0,0,0,0,23900,2748412.55,1784876151795,2026-07-28 00:00:00,23750,17,-88600,1704,1542863,1417180,-0.057425707920923635,0.0012023878406412735,-86896,32099421,534313,1155679,127.5,115.05,6.099999999999994,-6.700000000000003,42313,19669,24000,23700,261480,203375,-7230,2283,-0.02690633024450151,0.011353012551468979,-0.5999999999999943,-5.399999999999977,-1.661302846554499
2026-07-24 00:00:00,2026-07-24 12:26:00,192,NIFTY,OK,23755.5,14.049999999999272,1388436,-65827,1427452,8568,597097,-65827,443094,8568,74395,250.14999999999998,0.6116290846795043,0.09033960235246438,0.34819943596789366,2.2323321436385495,23700,8666037.75,0,0,0,0,23900,2509653,1784876211123,2026-07-28 00:00:00,23750,17,-65827,8568,1454263,1418884,-0.045264852368519314,0.00603854860580569,-57259,32832597,733176,1722279,137.6,112.55,10.099999999999994,-2.5,57929,26251,24000,23700,255849,205418,-12881,2061,-0.04793286942284077,0.010134885939505402,7.599999999999966,2.599999999999966,1.4997756981765609
2026-07-24 00:00:00,2026-07-24 12:27:00,193,NIFTY,OK,23756.95,1.4500000000007276,1388436,0,1427452,0,597097,0,443094,0,0,251.55,0.6363243140352173,0.08164780128338928,0.3501610589286193,1.9372880326984352,23700,8130607.5,0,0,0,0,23900,2256486.25,1784876270273,2026-07-28 00:00:00,23750,17,0,0,1388436,1427452,0,0,0,33072664,240067,1791818,142.9,108.65,5.300000000000011,-3.8999999999999915,16282,9411,24000,23700,255849,205418,-13074,2244,-0.04861614662933256,0.011044720289013358,1.400000000000034,5.450000000000017,1.6362131987848196
2026-07-24 00:00:00,2026-07-24 12:28:00,194,NIFTY,OK,23758.4,1.4500000000007276,1315130,-73306,1442565,15113,523791,-73306,458207,15113,88419,253.8,0.6904860762339563,0.10626683822177875,0.35437516268298963,1.9523347131410969,23700,6609248.05,0,0,0,0,23900,2101230.8000000003,1784876329777,2026-07-28 00:00:00,23750,17,-73306,15113,1388436,1427452,-0.05279753622061081,0.010587396283727929,-58193,33469258,396594,1904150,147.1,106.7,4.199999999999989,-1.9500000000000028,25569,16395,24000,23700,250896,210599,-16863,7030,-0.06297827524004795,0.03453374531485639,2.25,10.650000000000006,1.7918818082940147
2026-07-24 00:00:00,2026-07-24 12:29:00,195,NIFTY,OK,23779.95,21.549999999999272,1522594,-1287,1465149,23866,533928,10137,454721,-3486,25153,250.75,0.7332712351765195,0.08205535263868513,0.3465114179980143,0.6323242807684503,23700,5779570.2,0,0,0,0,23900,1839095.9999999998,1784876390098,2026-07-28 00:00:00,23800,16,-1287,23866,1313821,1391130,-0.0009795854990900586,0.017155837340866776,22579,34103938,286676,2190826,124.6,126.15,3.5999999999999943,-3.9000000000000057,26215,10478,24000,23700,257717,216692,-10042,13123,-0.03750387475304285,0.06446462870083362,-3.0500000000000114,7.599999999999994,0.8294056867591887
2026-07-24 00:00:00,2026-07-24 12:30:00,196,NIFTY,OK,23782.3,2.349999999998545,1459847,-62747,1471642,6493,471181,-62747,461214,6493,69240,255.45000000000002,0.7763481288860371,0.06552567473513263,0.3577512929260397,1.7245913248282965,23700,3723676.65,0,0,0,0,23900,1310246.7,1784876449702,2026-07-28 00:00:00,23800,17,-62747,6493,1522594,1465149,-0.041210591924045414,0.0044316311856336795,-56254,34723281,619343,2275856,137.8,117.65,13.200000000000017,-8.5,73909,28606,24000,23700,254218,215003,-7262,11628,-0.0277726785987456,0.057175169022741244,4.700000000000017,12.900000000000006,1.6013459698789558
2026-07-24 00:00:00,2026-07-24 12:31:00,197,NIFTY,OK,23787.45,5.150000000001455,1440532,-19315,1492043,20401,451866,-19315,481615,20401,39716,254.55,0.768446501794498,0.04028440750876293,0.35372619314362536,0.9945739167661195,23700,3816222.9999999995,0,0,0,0,23900,1414894.5999999999,1784876509865,2026-07-28 00:00:00,23800,17,-19315,20401,1459847,1471642,-0.013230838574179348,0.013862746510360536,1086,35434128,710847,2253527,133.85,120.7,-3.950000000000017,3.049999999999997,69785,44955,24000,23700,252189,218925,-3660,13507,-0.014305312899405509,0.06575373141594212,-0.9000000000000057,4.400000000000034,1.1456461093544894
2026-07-24 00:00:00,2026-07-24 12:32:00,198,NIFTY,OK,23789.8,2.349999999998545,1442767,2235,1514878,22835,454101,2235,504450,22835,20600,254.75,0.6807645948043122,0.03263635731526825,0.35397516529591994,0.8376545290029799,23700,3682402.8,0,0,0,0,23900,1369502.6,1784876569737,2026-07-28 00:00:00,23800,17,2235,22835,1440532,1492043,0.001551510136532892,0.015304518703549428,25070,35427654,0,2013460,134.6,120.15,0.75,-0.5499999999999972,0,0,24000,23700,251489,222670,-4360,17252,-0.017041301705302738,0.08398485040259374,0.19999999999998863,3.1999999999999886,0.9731783259957136
2026-07-24 00:00:00,2026-07-24 12:33:00,199,NIFTY,OK,23785.5,-4.299999999999272,1443144,377,1529785,14907,454478,377,519357,14907,14530,255.75,0.7260526571606655,0.0035974006058828735,0.360143607330404,1.3273224083074957,23700,2999912.5500000003,0,0,0,0,23900,1106070,1784876630211,2026-07-28 00:00:00,23800,17,377,14907,1442767,1514878,0.0002613034537108209,0.009840396388356026,15284,35969291,541637,2158503,139.95,115.8,5.349999999999994,-4.3500000000000085,59572,35554,24000,23700,251803,224063,907,13464,0.0036150436834385563,0.06393192750202993,1,1.9499999999999886,0.982178102920986
2026-07-24 00:00:00,2026-07-24 12:34:00,200,NIFTY,OK,23764.45,-21.049999999999272,1238802,3459,1553763,10753,447463,-7015,569405,50048,7294,261.45,0.7172667422244424,0.0003005470755571354,0.3708626830583219,2.0455414449496967,23700,3467866,0,0,0,0,23900,1231880,1784876691313,2026-07-28 00:00:00,23750,16,3459,10753,1234094,1481237,0.002802865908107486,0.007259472994530922,14212,35676735,131187,2003014,164.4,97.05,-5,2.049999999999997,6188,5873,24000,23700,252117,225910,-5600,9218,-0.021729261166318094,0.042539641518837795,5.699999999999989,10.699999999999989,1.8040762149201053
2026-07-24 00:00:00,2026-07-24 12:35:00,201,NIFTY,OK,23767.45,3,1224393,-14409,1587872,34109,433054,-14409,603514,34109,48518,254.75,0.7191530670118215,0.03725779982585469,0.35354676710608873,-0.20961511786788475,23700,4394940.55,0,0,0,0,23900,1555548.7,1784876749937,2026-07-28 00:00:00,23750,17,-14409,34109,1238802,1553763,-0.011631398722313977,0.021952511419051683,19700,36315513,638778,2022449,152.3,102.45,-12.099999999999994,5.400000000000006,28095,40052,24000,23700,248312,232057,-5906,17054,-0.023232029203282222,0.07931982344432403,-6.699999999999989,-0.700000000000017,0.1494801109352484
2026-07-24 00:00:00,2026-07-24 12:36:00,202,NIFTY,OK,23770.75,3.2999999999992724,1227555,3162,1581801,-6071,436216,3162,597443,-6071,-9233,254.4,0.5142374266557888,0.0493930819090232,0.34984408838885356,-0.8164501290971903,23700,4358550,0,0,0,0,23900,1591616,1784876809981,2026-07-28 00:00:00,23750,17,3162,-6071,1224393,1587872,0.0025825041469528165,-0.0038233560387739064,-2909,36448587,133074,1444676,152.4,102,0.09999999999999432,-0.45000000000000284,4952,9505,24000,23700,248752,230396,-3437,11471,-0.013628667388347629,0.052396939591184195,-0.3499999999999943,-0.15000000000000568,-0.11789271210931988
2026-07-24 00:00:00,2026-07-24 12:37:00,203,NIFTY,OK,23770.75,0,1227555,0,1581801,0,436216,0,597443,0,0,254.4,0.5142374266557888,0.03203970994188316,0.34984408838885356,-0.8083749654927267,23700,4358550,0,0,0,0,23900,1591616,1784876870059,2026-07-28 00:00:00,23750,17,0,0,1227555,1581801,0,0,0,36448587,0,1444676,152.4,102,0,0,0,0,24000,23700,248752,230396,-2737,7726,-0.010883179781223036,0.03469708537297346,0,-0.3499999999999943,-0.24119622626358772
2026-07-24 00:00:00,2026-07-24 12:38:00,204,NIFTY,OK,23758.3,-12.450000000000728,1237419,9864,1580389,-1412,446080,9864,596031,-1412,-11276,251.05,0.42377585697819015,0.03304109556920207,0.3512055866224607,-0.539544486860496,23700,4908915.9,0,0,0,0,23900,1783516.8,1784876935487,2026-07-28 00:00:00,23750,17,9864,-1412,1227555,1581801,0.008035485171743833,-0.0008926533742234326,8452,36739667,291080,1194119,146.3,104.75,-6.099999999999994,2.75,13988,17102,24000,23700,250407,230463,-1396,6400,-0.0055440165526224865,0.02856339511655204,-3.3499999999999943,-4.699999999999989,-1.331804426118896
2026-07-24 00:00:00,2026-07-24 12:39:00,205,NIFTY,OK,23761.2,2.900000000001455,1233859,-3560,1586351,5962,442520,-3560,601993,5962,9522,250.8,0.4603196215884633,0.0212949026265639,0.3476947564526921,-1.117340924687299,23700,5006441.1,0,0,0,0,23900,1875028.2000000002,1784876989939,2026-07-28 00:00:00,23750,17,-3560,5962,1237419,1580389,-0.0028769559866140735,0.0037724889251949997,2402,36974933,235266,1298198,143.4,107.4,-2.9000000000000057,2.6500000000000057,8614,19655,24000,23700,250708,230599,-1409,4689,-0.005588675099259471,0.02075605329556018,-0.25,-10.649999999999977,-1.427794938089308
2026-07-24 00:00:00,2026-07-24 12:40:00,206,NIFTY,OK,23774.65,13.450000000000728,1228424,-5435,1598980,12629,437085,-5435,614622,12629,18064,252.5,0.2944280336308501,0.01818570585981186,0.34712165423826485,-0.9934985134754618,23700,4589314,0,0,0,0,23900,1701787.5,1784877051085,2026-07-28 00:00:00,23750,17,-5435,12629,1233859,1586351,-0.0044048793257576435,0.007961037626603443,7194,37147980,173047,832467,148.5,104,5.099999999999994,-3.4000000000000057,9626,13462,24000,23700,250513,231490,2201,-567,0.008863848706466058,-0.0024433652076860427,1.6999999999999886,-2.25,-0.6877487028151579
2026-07-24 00:00:00,2026-07-24 12:41:00,207,NIFTY,OK,23777.5,2.849999999998545,1463229,16619,1570266,-12601,474563,37478,559838,-54784,-29220,250.05,0.34589046627734676,0.021030119408305115,0.3487379764229406,-0.6619507262857445,23700,3817109.0500000003,0,0,0,0,23900,1416455.7,1784877110522,2026-07-28 00:00:00,23800,16,16619,-12601,1227243,1534680,0.013541735418331985,-0.00821083222561055,4018,37979906,349864,1049257,129,121.05,7.400000000000006,-5.8500000000000085,40186,22017,24000,23700,252171,228473,3419,-1923,0.013744613108638323,-0.00834649907116443,-2.4499999999999886,-4.349999999999994,-1.2663377989366469
2026-07-24 00:00:00,2026-07-24 12:42:00,208,NIFTY,OK,23777.9,0.4000000000014552,1472975,9746,1569086,-1180,484309,9746,558658,-1180,-10926,249.45,0.38330986788233373,0.026269840453084427,0.34609389160775755,-0.8899438549830595,23700,4036422.9,0,0,0,0,23900,1476149.75,1784877170761,2026-07-28 00:00:00,23800,17,9746,-1180,1463229,1570266,0.006660611565243718,-0.0007514650384075055,8566,38096701,116795,1166052,127.05,122.4,-1.9500000000000028,1.3500000000000085,12993,6180,24000,23700,252670,227810,3918,-2586,0.015750627130636137,-0.011224153197104117,-0.6000000000000227,-4.950000000000017,-1.1875084667679656
2026-07-24 00:00:00,2026-07-24 12:43:00,209,NIFTY,OK,23787.7,9.799999999999272,1473978,1003,1573484,4398,485312,1003,563056,4398,3395,250.64999999999998,0.38082509314308105,0.02376545603377709,0.35004293397207026,-0.21538325371761324,23700,3338545.9999999995,0,0,0,0,23900,1161884.5999999999,1784877230747,2026-07-28 00:00:00,23800,17,1003,4398,1472975,1569086,0.0006809348427502164,0.002802905640608609,5401,38382279,285578,1160550,134.45,116.2,7.3999999999999915,-6.200000000000003,29753,18859,24000,23700,253715,229532,3308,-931,0.01321049331688012,-0.004039694007280995,1.1999999999999886,-0.4000000000000341,-0.6809623171801507
2026-07-24 00:00:00,2026-07-24 12:44:00,210,NIFTY,OK,23795.2,7.5,1468988,-4990,1569104,-4380,480322,-4990,558676,-4380,610,250.1,0.369936460120365,0.014066185544812222,0.35011578261813425,0.34029257692955117,23700,3004361.15,0,0,0,0,23900,1000815.1,1784877290551,2026-07-28 00:00:00,23800,17,-4990,-4380,1473978,1573484,-0.003385396525592648,-0.0027836317369607827,-9370,38580896,198617,1123901,136.7,113.4,2.25,-2.799999999999997,22598,12772,24000,23700,253313,227543,2605,-3056,0.010390573894730123,-0.013252442551789036,-0.549999999999983,-0.700000000000017,-0.8907408440654239
2026-07-24 00:00:00,2026-07-24 12:45:00,211,NIFTY,OK,23795.2,0,1468988,0,1569104,0,480322,0,558676,0,0,250.1,0.31297735552445416,0.009060276341057617,0.35011578261813425,0.6739242209739212,23700,3004361.15,0,0,0,0,23900,1000815.1,1784877350636,2026-07-28 00:00:00,23800,17,0,0,1468988,1569104,0,0,0,38580896,0,950854,136.7,113.4,0,0,0,0,24000,23700,253313,227543,2800,-3947,0.011177064663310886,-0.01705041254481835,0,-2.4000000000000057,-0.7310691604254154
2026-07-24 00:00:00,2026-07-24 12:46:00,212,NIFTY,OK,23789.1,-6.100000000002183,1472056,3068,1574324,5220,483390,3068,563896,5220,2152,250.95,0.30023240698796605,0.0140877870858125,0.35225252060259826,1.6267978156708789,23700,3027005.85,0,0,0,0,23900,1020339.75,1784877409686,2026-07-28 00:00:00,23800,17,3068,5220,1468988,1569104,0.002088512635909892,0.003326739336589544,8288,38894528,313632,914622,136.7,114.25,0,0.8499999999999943,38548,21173,24000,23700,253578,229850,1407,1377,0.005579547212010897,0.0060269703641130466,0.8499999999999943,0.8999999999999773,-0.04000423207649083
2026-07-24 00:00:00,2026-07-24 12:47:00,213,NIFTY,OK,23788.6,-0.5,1472957,901,1584321,9997,484291,901,573893,9997,9096,249.45,0.2899670883707664,0.017165062999853358,0.34830433286860185,-0.47595782514022583,23700,3320546.4,0,0,0,0,23900,1077057.8,1784877470032,2026-07-28 00:00:00,23800,17,901,9997,1472056,1574324,0.000612069106066617,0.006350027059233042,10898,38983211,88683,886510,133.65,115.8,-3.049999999999983,1.5499999999999972,11002,6468,24000,23700,253957,230577,1287,2767,0.005093600348280366,0.012146086651156665,-1.5,0,-1.2369140742246743
2026-07-24 00:00:00,2026-07-24 12:48:00,214,NIFTY,OK,23798.05,9.450000000000728,1468527,-4430,1600877,16556,479861,-4430,590449,16556,20986,250.4,0.2793627036388823,0.02558902454526477,0.3501451739826517,0.6286781613073371,23700,2766816.7500000005,0,0,0,0,23900,869050.7999999999,1784877529866,2026-07-28 00:00:00,23800,17,-4430,16556,1472957,1584321,-0.003007555549822568,0.010449902513442667,12126,39239756,256545,857477,139,111.4,5.349999999999994,-4.3999999999999915,29713,23116,24000,23700,253049,232028,-666,2496,-0.002624992609818103,0.01087430075109353,0.950000000000017,-0.24999999999997158,-0.05370001047148802
2026-07-24 00:00:00,2026-07-24 12:49:00,215,NIFTY,OK,23802.15,4.100000000002183,1464553,-3974,1609650,8773,475887,-3974,599222,8773,12747,250.95,0.3214947093604424,0.03653702167270372,0.35309751313041754,1.722774455825854,23800,2173346.45,0,0,0,0,23900,654243.75,1784877589916,2026-07-28 00:00:00,23800,17,-3974,8773,1468527,1600877,-0.002706112996220022,0.005480121208562556,4799,39569236,329480,988340,143.5,107.45,4.5,-3.950000000000003,40236,24811,24000,23700,251602,233187,-1711,5644,-0.006754489505078697,0.024804102960759064,0.549999999999983,0.8499999999999943,0.5795266758273822
2026-07-24 00:00:00,2026-07-24 12:50:00,216,NIFTY,OK,23803.6,1.4499999999970896,1458229,-6324,1617106,7456,469563,-6324,606678,7456,13780,250.75,0.4162115671951186,0.02909632106500832,0.3521112758034786,1.0202263657187072,23800,2209411.75,0,0,0,0,23900,631590.4,1784877649940,2026-07-28 00:00:00,23800,17,-6324,7456,1464553,1609650,-0.004318041067820693,0.004632062870810425,1132,39860886,291650,1279990,143.3,107.45,-0.19999999999998863,0,33177,21141,24000,23700,252025,237434,-1288,9891,-0.005084618633864034,0.043468707013619406,-0.19999999999998863,0.6500000000000057,0.8842717533469585
2026-07-24 00:00:00,2026-07-24 12:51:00,217,NIFTY,OK,23803.6,0,1458229,0,1617106,0,469563,0,606678,0,0,250.75,0.31422853120066596,0.02996301577676182,0.3521112758034786,0.8378070638990979,23800,2209411.75,0,0,0,0,23900,631590.4,1784877709544,2026-07-28 00:00:00,23800,17,0,0,1458229,1617106,0,0,0,39860886,0,966358,143.3,107.45,0,0,0,0,24000,23700,252025,237434,-1553,7584,-0.006124348326747588,0.03299543180335001,0,-0.19999999999998863,0.7363907019821169
2026-07-24 00:00:00,2026-07-24 12:52:00,218,NIFTY,OK,23795.85,-7.75,1448187,-10042,1626085,8979,459521,-10042,615657,8979,19021,249.39999999999998,0.39607133005797795,0.013956609186198446,0.3492556000108873,-1.0261020345767256,23800,2681243.5,0,0,0,0,23900,785536.5,1784877770246,2026-07-28 00:00:00,23800,17,-10042,8979,1458229,1617106,-0.006886435532416376,0.0055525117091891315,-1063,40200842,339956,1217631,138.1,111.3,-5.200000000000017,3.8499999999999943,40053,24554,24000,23700,252625,239756,-1332,9179,-0.00524498241828341,0.03980882741990745,-1.3500000000000227,-0.05000000000001137,-1.7431926281168646
2026-07-24 00:00:00,2026-07-24 12:53:00,219,NIFTY,OK,23794.8,-1.0499999999992724,1447598,-589,1643245,17160,458932,-589,632817,17160,17749,248.95,0.365992061065541,0.01895203779269181,0.3476244601045694,-1.6660158254903887,23800,2785579.15,0,0,0,0,23900,797034,1784877829691,2026-07-28 00:00:00,23800,17,-589,17160,1448187,1626085,-0.00040671543108728364,0.010552953873874981,16571,40370980,170138,1131224,136.7,112.25,-1.4000000000000057,0.9500000000000028,16575,16601,24000,23700,253562,244416,513,12388,0.0020272753498334316,0.053390108090402885,-0.44999999999998863,-1.450000000000017,-1.8232729703267785
2026-07-24 00:00:00,2026-07-24 12:54:00,220,NIFTY,OK,23796.7,1.9000000000014552,1446945,-653,1659074,15829,458279,-653,648646,15829,16482,248.95,0.2929759927418345,0.03496305999303288,0.35020951620802865,-0.18083745976644325,23800,2539360,0,0,0,0,23900,694869,1784877889679,2026-07-28 00:00:00,23800,17,-653,15829,1447598,1643245,-0.0004510920849572879,0.009632769307072287,15176,40479225,108245,909989,139.15,109.8,2.450000000000017,-2.450000000000003,9291,11040,24000,23700,253952,245315,2350,12128,0.009340148329504534,0.052009760406883744,0,-2,-1.448510100526932
2026-07-24 00:00:00,2026-07-24 12:55:00,221,NIFTY,OK,23796.15,-0.5499999999992724,1446945,0,1659074,0,458279,0,648646,0,0,249,0.2076645377893696,0.04757135548286073,0.34861194327940853,-0.9652661381326886,23800,2662080,0,0,0,0,23900,737998.8,1784877950632,2026-07-28 00:00:00,23800,17,0,0,1446945,1659074,0,0,0,40505896,26671,645010,137.85,111.15,-1.3000000000000114,1.3500000000000085,2429,2850,24000,23700,253952,245315,1927,7881,0.007646066858446583,0.033192381882965374,0.05000000000001137,-1.75,-1.1465940896475404
2026-07-24 00:00:00,2026-07-24 12:56:00,222,NIFTY,OK,23805.3,9.149999999997817,1441280,-5665,1664158,5084,452614,-5665,653730,5084,10749,251.2,0.27340233487192467,0.03545558835099655,0.35247678577880576,1.1266438596767487,23800,1978468.8,0,0,0,0,23900,516096.8,1784878011059,2026-07-28 00:00:00,23800,17,-5665,5084,1446945,1659074,-0.0039151453579783614,0.003064359998408751,-581,40709920,204024,849034,144.85,106.35,7,-4.800000000000011,19082,19370,24000,23700,253273,247165,1248,9731,0.0049518896934827895,0.04098402082262861,2.1999999999999886,0.44999999999998863,1.4095806590950393
2026-07-24 00:00:00,2026-07-24 12:57:00,223,NIFTY,OK,23805.3,0,1441280,0,1664158,0,452614,0,653730,0,0,251.2,0.16393114272447237,0.06122048094790975,0.35247678577880576,0.9252409224252212,23800,1978468.8,0,0,0,0,23900,516096.8,1784878070267,2026-07-28 00:00:00,23800,17,0,0,1441280,1664158,0,0,0,40709920,0,509078,144.85,106.35,0,0,0,0,24000,23700,253273,247165,648,7409,0.0025650667986145473,0.030902250621465156,0,1.8000000000000114,1.14071482052551
2026-07-24 00:00:00,2026-07-24 12:58:00,224,NIFTY,OK,23799.4,-5.899999999997817,1437927,-3353,1664836,678,449261,-3353,654408,678,4031,248.64999999999998,0.237930515479268,0.016146466876715223,0.34707245060186226,-1.6185618037686818,23800,2648827.5,0,0,0,0,23900,737474.5,1784878130856,2026-07-28 00:00:00,23800,17,-3353,678,1441280,1664158,-0.0023264043072824155,0.0004074132384064494,-2675,41109222,399302,738242,136.95,111.7,-7.900000000000006,5.3500000000000085,48096,35706,24000,23700,255370,247892,1808,3476,0.0071304059756588135,0.01422165488347735,-2.5500000000000114,-0.30000000000001137,-1.311060858717105
2026-07-24 00:00:00,2026-07-24 12:59:00,225,NIFTY,OK,23799.4,0,1437927,0,1664836,0,449261,0,654408,0,0,248.64999999999998,0.20304386767535904,0.005168278579104345,0.34707245060186226,-1.313740590938769,23800,2648827.5,0,0,0,0,23900,737474.5,1784878189950,2026-07-28 00:00:00,23800,17,0,0,1437927,1664836,0,0,0,41109222,0,629997,136.95,111.7,0,0,0,0,24000,23700,255370,247892,1418,2577,0.005583732358870968,0.010504861096956974,0,-0.30000000000001137,-1.0689187745349924
2026-07-24 00:00:00,2026-07-24 13:00:00,226,NIFTY,OK,23795.45,-3.9500000000007276,1446975,9048,1688742,23906,458309,9048,678314,23906,14858,246,0.2866648999255991,0.0330381577483591,0.3441982581967213,-1.8868259936489644,23800,2779196.5,0,0,0,0,23900,660667.5,1784878249655,2026-07-28 00:00:00,23800,17,9048,23906,1437927,1664836,0.006292391755631545,0.014359372334572294,32954,41404796,295574,898900,136.6,109.4,-0.3499999999999943,-2.299999999999997,23836,31938,24000,23700,257394,252958,3442,7643,0.013553742439516129,0.03115586083199152,-2.6499999999999773,-3,-2.2389400884165322
2026-07-24 00:00:00,2026-07-24 13:01:00,227,NIFTY,OK,23792.2,-3.25,1447761,786,1695383,6641,459095,786,684955,6641,5855,245.4,0.24544500665575614,0.048875586705363405,0.3455279343926188,-1.1274362318252342,23800,2815730.85,0,0,0,0,23900,649913.55,1784878310109,2026-07-28 00:00:00,23800,17,786,6641,1446975,1688742,0.0005432021976882807,0.0039325130777821595,7427,41481389,76593,771469,136.5,108.9,-0.09999999999999432,-0.5,7258,8817,24000,23700,257572,252958,4299,5793,0.01697377928164471,0.023437784475957357,-0.5999999999999943,-5.799999999999983,-1.8856518898404822
2026-07-24 00:00:00,2026-07-24 13:02:00,228,NIFTY,OK,23793,0.7999999999992724,1440981,-6780,1703342,7959,452315,-6780,692914,7959,14739,244.79999999999998,0.3010641718423966,0.0410767311436307,0.3429709315632868,-1.5935937758396825,23800,2961353.4,0,0,0,0,23900,702624,1784878371298,2026-07-28 00:00:00,23800,17,-6780,7959,1447761,1695383,-0.00468309341113623,0.0046945144548458965,1179,41656563,175174,946643,133.95,110.85,-2.5500000000000114,1.9499999999999886,19194,17403,24000,23700,257389,253747,4116,6582,0.016251238781867787,0.026629984018772885,-0.6000000000000227,-6.400000000000006,-1.6525401414052143
2026-07-24 00:00:00,2026-07-24 13:03:00,229,NIFTY,OK,23783.55,-9.450000000000728,1437385,-3596,1705657,2315,448719,-3596,695229,2315,5911,243.35000000000002,0.22266676678199018,0.0575536792831617,0.33948928827125385,-1.906982048326113,23800,3502809.6,0,0,0,0,23900,886955.8,1784878430353,2026-07-28 00:00:00,23800,17,-3596,2315,1440981,1703342,-0.0024955221477590615,0.0013590928891555542,-1281,41809073,152510,699851,127.65,115.7,-6.299999999999983,4.8500000000000085,12162,19250,24000,23700,257662,253747,2292,5855,0.008975212436856327,0.02361915672954351,-1.4499999999999602,-5.2999999999999545,-1.713185470698635
2026-07-24 00:00:00,2026-07-24 13:04:00,230,NIFTY,OK,23783.55,0,1437385,0,1705657,0,448719,0,695229,0,0,243.35000000000002,0.22266676678199018,0.0575536792831617,0.33948928827125385,-1.4779999959153132,23800,3502809.6,0,0,0,0,23900,886955.8,1784878490506,2026-07-28 00:00:00,23800,17,0,0,1437385,1705657,0,0,0,41809073,0,699851,127.65,115.7,0,0,0,0,24000,23700,257662,253747,2292,5855,0.008975212436856327,0.02361915672954351,0,-5.2999999999999545,-1.3511487847230685
2026-07-24 00:00:00,2026-07-24 13:05:00,231,NIFTY,OK,23774.35,-9.200000000000728,1219733,-138,1721268,1013,428394,-20325,736910,41681,1151,247.35,0.24546540446603043,0.011358693694816834,0.34087347860943135,-0.9526178323909841,23800,3995392.1999999997,0,0,0,0,23900,1058148.6,1784878550506,2026-07-28 00:00:00,23750,16,-138,1013,1218614,1658004,-0.00011324340603341173,0.0006109756068139763,875,41563602,317637,721914,149.45,97.9,-6.75,3.950000000000003,8540,27601,24000,23700,257662,253040,268,82,0.0010412053117011275,0.00032416448580396747,3.9999999999999716,1.3499999999999943,0.12886341569687113
2026-07-24 00:00:00,2026-07-24 13:06:00,232,NIFTY,OK,23769.4,-4.94999999999709,1205967,-13766,1722100,832,414628,-13766,737742,832,14598,248.55,0.2675246160692361,0.015524746913816655,0.3455315975664091,0.27894451907475637,23800,3758769.3,0,0,0,0,23900,1077226.7,1784878609609,2026-07-28 00:00:00,23750,17,-13766,832,1219733,1721268,-0.011286076542981128,0.00048336458936086655,-12934,41701611,138009,783330,151.15,97.4,1.700000000000017,-0.5,4252,11777,24000,23700,255639,250116,-1933,-2842,-0.007504697715590204,-0.011235066690913117,1.200000000000017,3.1500000000000057,0.7434705035713297
2026-07-24 00:00:00,2026-07-24 13:07:00,233,NIFTY,OK,23771.6,2.1999999999970896,1199410,-6557,1721997,-103,408071,-6557,737639,-103,6454,248.05,0.3636610715316284,0.018825265765689447,0.3435665996378632,-0.004656560796033872,23800,3834462.5000000005,0,0,0,0,23900,1128342.9000000001,1784878670169,2026-07-28 00:00:00,23750,17,-6557,-103,1205967,1722100,-0.005437130535080976,-0.00005981069624295918,-6660,42155857,454246,1062402,150.3,97.75,-0.8499999999999943,0.3499999999999943,12979,43185,24000,23700,253158,247174,-4231,-6573,-0.01643815392266181,-0.02590375452714712,-0.5,3.2500000000000284,0.8104867076189672
2026-07-24 00:00:00,2026-07-24 13:08:00,234,NIFTY,OK,23764.55,-7.049999999999272,1205857,6447,1716395,-5602,414518,6447,732037,-5602,-12049,245.05,0.31136671306923563,0.019644089628219612,0.3405802410344706,-0.9138110969814682,23800,4503654.399999999,0,0,0,0,23900,1336020,1784878731982,2026-07-28 00:00:00,23750,17,6447,-5602,1199410,1721997,0.0053751427785327785,-0.0032531996281062047,845,42002367,0,909892,144.6,100.45,-5.700000000000017,2.700000000000003,0,0,24000,23700,253158,247174,-4504,-6573,-0.017480264843089007,-0.02590375452714712,-3,1.6999999999999886,-0.5277263125626483
2026-07-24 00:00:00,2026-07-24 13:09:00,235,NIFTY,OK,23767.15,2.600000000002183,1208709,2852,1717393,998,417370,2852,733035,998,-1854,248.6,0.3624603653597858,0.013222753998695073,0.3460495669262675,1.331072918142893,23800,4056057.6,0,0,0,0,23900,1149931.5,1784878799273,2026-07-28 00:00:00,23750,17,2852,998,1205857,1716395,0.0023651228959984476,0.0005814512393708907,3850,42153071,150704,1060596,150.5,98.1,5.900000000000006,-2.3500000000000085,5318,14036,24000,23700,253997,246514,-3665,-7233,-0.01422406097911217,-0.02850477049974975,3.549999999999983,5.249999999999972,1.3437813822275229
2026-07-24 00:00:00,2026-07-24 13:10:00,236,NIFTY,OK,23767.9,0.75,1209746,1037,1715901,-1492,418407,1037,731543,-1492,-2529,245.75,0.3596004576081803,0.01459416917601971,0.33940098706197896,-1.145814731037107,23800,4351303,0,0,0,0,23900,1266313.4,1784878850170,2026-07-28 00:00:00,23750,17,1037,-1492,1208709,1717393,0.0008579401659125563,-0.000868758635909195,-455,42462176,309105,1052064,146.35,99.4,-4.150000000000006,1.3000000000000114,10672,28595,24000,23700,254509,246268,-3153,-6772,-0.012236961600856936,-0.026762567183054062,-2.8499999999999943,-1.5999999999999943,-0.14475438611687627
2026-07-24 00:00:00,2026-07-24 13:11:00,237,NIFTY,OK,23770.55,2.649999999997817,1217885,8139,1713448,-2453,426546,8139,729090,-2453,-10592,245.15,0.36508032352516756,0.0030518458715047673,0.3372372207254268,-1.5604956225649578,23800,4646694.15,0,0,0,0,23900,1295672.7,1784878910273,2026-07-28 00:00:00,23750,17,8139,-2453,1209746,1715901,0.0067278585752711725,-0.0014295696546595636,5686,42618293,156117,1070172,144.65,100.5,-1.6999999999999886,1.0999999999999943,6955,12096,24000,23700,254903,246154,-736,-3962,-0.0028790599243464416,-0.01584064993842857,-0.5999999999999943,-3.4000000000000057,-0.44515432124179094
2026-07-24 00:00:00,2026-07-24 13:12:00,238,NIFTY,OK,23770.55,0,1217885,0,1713448,0,426546,0,729090,0,0,245.15,0.210118058917223,0.016115572325246866,0.3372372207254268,-1.2485044012133693,23800,4646694.15,0,0,0,0,23900,1295672.7,1784878969535,2026-07-28 00:00:00,23750,17,0,0,1217885,1713448,0,0,0,42618293,0,615926,144.65,100.5,0,0,0,0,24000,23700,254903,246154,1745,-1020,0.006892928526848845,-0.004126647624750176,0,-2.9000000000000057,-0.46819335253518046
2026-07-24 00:00:00,2026-07-24 13:13:00,239,NIFTY,OK,23769.8,-0.75,1220457,2572,1712414,-1034,429118,2572,728056,-1034,-3606,244.7,0.23169447275383062,0.01562697746972172,0.337582945338564,-1.0182226097873728,23800,4658301.6,0,0,0,0,23900,1303790.95,1784879030926,2026-07-28 00:00:00,23750,17,2572,-1034,1217885,1713448,0.0021118578519318328,-0.000603461558214781,1538,42681897,63604,679530,144.6,100.1,-0.05000000000001137,-0.4000000000000057,1834,5646,24000,23700,255501,246420,2343,-754,0.009255089706823406,-0.0030504826559427773,-0.45000000000001705,-0.35000000000002274,-0.8469985009484245
2026-07-24 00:00:00,2026-07-24 13:14:00,240,NIFTY,OK,23774.9,5.100000000002183,1223593,3136,1714547,2133,432254,3136,730189,2133,-1003,244.8,0.19256808729332162,0.02127637011481251,0.33513121806690654,-1.4663616010198812,23800,4655520,0,0,0,0,23900,1263130.05,1784879090488,2026-07-28 00:00:00,23750,17,3136,2133,1220457,1712414,0.002569529282883379,0.001245609998516714,5269,42718863,36966,565792,145.4,99.4,0.8000000000000114,-0.6999999999999886,1046,2776,24000,23700,254593,246743,596,229,0.0023464844072961493,0.0009289533251661163,0.10000000000002274,-3.799999999999983,-0.981302210418657
2026-07-24 00:00:00,2026-07-24 13:15:00,241,NIFTY,OK,23783.05,8.149999999997817,1443535,1479,1701333,3213,454869,22615,690905,-39284,1734,241.35,0.12386593014396789,0.04411591047948617,0.33340100398641664,-1.5094086396634379,23800,4189968.0000000005,0,0,0,0,23900,1143952.2,1784879150427,2026-07-28 00:00:00,23800,16,1479,3213,1222335,1651778,0.0012099792610045527,0.0019451766520682562,4692,43454725,132855,389542,122.85,118.5,4.799999999999997,-3.549999999999997,11238,12515,24000,23700,254244,247165,-265,897,-0.0010412205462282276,0.0036423733493592346,-3.450000000000017,-4.400000000000006,-2.0853146823281685
2026-07-24 00:00:00,2026-07-24 13:16:00,242,NIFTY,OK,23778.6,-4.450000000000728,1448881,5346,1669980,-31353,460215,5346,659552,-31353,-36699,242.15,0.1827352998418333,0.02545593638472363,0.33652828034509136,-0.5881794827424309,23800,4252005.449999999,0,0,0,0,23900,1170435,1784879210064,2026-07-28 00:00:00,23800,17,5346,-31353,1443535,1701333,0.003703408646136048,-0.01842849107141283,-26007,43791226,336501,569926,123,119.15,0.15000000000000568,0.6500000000000057,36132,28554,24000,23700,253686,242199,-1217,-3955,-0.004774365150665155,-0.01606717745801409,0.8000000000000114,-3,-1.3882803711730445
2026-07-24 00:00:00,2026-07-24 13:17:00,243,NIFTY,OK,23781.1,2.5,1451769,2888,1683952,13972,463103,2888,673524,13972,11084,240.8,0.22470175120809535,0.0033380546748377096,0.33231064946586336,-1.4164576095454804,23800,4551194,0,0,0,0,23900,1224543.0499999998,1784879270224,2026-07-28 00:00:00,23800,17,2888,13972,1448881,1669980,0.001993262386628025,0.008366567264278615,16860,43925902,134676,704602,120.05,120.75,-2.950000000000003,1.5999999999999943,12427,15121,24000,23700,254152,243833,-751,-2321,-0.0029462187577235263,-0.00942905660683962,-1.3499999999999943,-4.349999999999994,-1.6109757907406719
2026-07-24 00:00:00,2026-07-24 13:18:00,244,NIFTY,OK,23785.45,4.350000000002183,1451075,-694,1694251,10299,462409,-694,683823,10299,10993,242.6,0.2450086254970073,0.013520071837141464,0.337490558738463,0.07131508040948197,23800,3877653,0,0,0,0,23900,923527.1000000001,1784879329653,2026-07-28 00:00:00,23800,17,-694,10299,1451769,1683952,-0.0004780374839247842,0.006115970051402891,9605,44055536,129634,770632,127.05,115.55,7,-5.200000000000003,13627,14380,24000,23700,254398,246015,-1103,-405,-0.004317008543997871,-0.001643535427319211,1.799999999999983,-2.0999999999999943,-0.6695024673737741
2026-07-24 00:00:00,2026-07-24 13:19:00,245,NIFTY,OK,23788.25,2.7999999999992724,1452573,1498,1689324,-4927,463907,1498,678896,-4927,-6425,242.55,0.2666350933846654,0.002054336667701196,0.33667083854818525,0.18515464443043192,23800,3938109.5,0,0,0,0,23900,983508,1784879389888,2026-07-28 00:00:00,23800,17,1498,-4927,1451075,1694251,0.0010323380941715625,-0.0029080697015967526,-3429,44159610,104074,837740,126.8,115.75,-0.25,0.20000000000000284,11565,9695,24000,23700,254172,244749,-421,-1994,-0.001653619698891957,-0.008081282954328998,-0.04999999999998295,-2.25,-0.5570434490775499
2026-07-24 00:00:00,2026-07-24 13:20:00,246,NIFTY,OK,23792,3.75,1459674,7101,1690098,774,471008,7101,679670,774,-6327,243.15,0.2521677759533071,0.006174215097869619,0.33804473689047365,1.0270411054500987,23800,3802368.25,0,0,0,0,23900,918533.75,1784879450970,2026-07-28 00:00:00,23800,17,7101,774,1452573,1689324,0.004888566701983308,0.00045817143425417505,7875,44248996,89386,794271,128.8,114.35,2.000000000000014,-1.4000000000000057,10825,6049,24000,23700,254668,244446,424,-2719,0.001667689306335646,-0.011000748487852244,0.5999999999999943,1.8000000000000114,-0.058748288233092846
2026-07-24 00:00:00,2026-07-24 13:21:00,247,NIFTY,OK,23785.2,-6.799999999999272,1460134,460,1688455,-1643,471468,460,678027,-1643,-2103,243,0.19116150123118641,0.04939116680982706,0.3387991208144421,1.2538802946245098,23800,3837189.6,0,0,0,0,23900,940898.0499999999,1784879509896,2026-07-28 00:00:00,23800,17,460,-1643,1459674,1690098,0.0003151388597727986,-0.0009721329769042978,-1183,44393115,144119,601889,128.7,114.3,-0.10000000000002274,-0.04999999999999716,17634,10155,24000,23700,254668,244446,982,2247,0.0038709270515519187,0.00927749495249774,-0.15000000000000568,0.8499999999999943,-0.017941441403694386
2026-07-24 00:00:00,2026-07-24 13:22:00,248,NIFTY,OK,23792.35,7.149999999997817,1462172,2038,1688722,267,473506,2038,678294,267,-1771,244,0.23394598485382243,0.02058363483684895,0.34155385250791637,1.9014310218120885,23800,3431639.5,0,0,0,0,23900,751022.5,1784879570154,2026-07-28 00:00:00,23800,17,2038,267,1460134,1688455,0.001395762306747189,0.0001581327308101193,2305,44663041,269926,737139,132.55,111.45,3.8500000000000227,-2.8499999999999943,28719,26141,24000,23700,255441,244995,1289,1162,0.005071768075797161,0.004765556754007866,1,3.1999999999999886,0.8693887998462215
2026-07-24 00:00:00,2026-07-24 13:23:00,249,NIFTY,OK,23789.3,-3.0499999999992724,1457075,-5097,1686495,-2227,468409,-5097,676067,-2227,2870,242.55,0.212317206233677,0.0026309717515140075,0.33697153909919886,0.1119954150026658,23800,3844955,0,0,0,0,23900,921649,1784879629904,2026-07-28 00:00:00,23800,17,-5097,-2227,1462172,1688722,-0.003485910002380021,-0.001318748734249924,-7324,44722970,59929,667434,128.15,114.4,-4.400000000000006,2.950000000000003,8266,4406,24000,23700,254673,244098,275,-1917,0.0010809833410640021,-0.007792207792207792,-1.4499999999999886,-0.04999999999998295,-0.13137243460993228
2026-07-24 00:00:00,2026-07-24 13:24:00,250,NIFTY,OK,23791.95,2.650000000001455,1457075,0,1686495,0,468409,0,676067,0,0,242.1,0.19301812906981552,0.002757240847377737,0.3350271596285264,-0.6560905548606456,23800,4052927.5000000005,0,0,0,0,23900,977265.75,1784879692891,2026-07-28 00:00:00,23800,17,0,0,1457075,1686495,0,0,0,44766376,43406,606766,126.1,116,-2.0500000000000114,1.5999999999999943,4702,4904,24000,23700,254673,244098,501,-651,0.0019711061800670414,-0.0026598678646286606,-0.45000000000001705,-0.45000000000001705,-0.378412563828142
2026-07-24 00:00:00,2026-07-24 13:25:00,251,NIFTY,OK,23791.4,-0.5499999999992724,1456257,-818,1690693,4198,467591,-818,680265,4198,5016,243.75,0.21453915696150241,0.00417984903961229,0.34265798488341065,1.7878181589832427,23800,3182271,0,0,0,0,23900,665411.55,1784879749458,2026-07-28 00:00:00,23800,17,-818,4198,1457075,1686495,-0.0005613986925861743,0.002489186152345545,3380,44924140,157764,675144,134.75,109,8.650000000000006,-7,16517,15924,24000,23700,254697,243788,29,-658,0.00011387374935209764,-0.0026918010521751225,1.6500000000000057,0.5999999999999943,1.2612655753886115
2026-07-24 00:00:00,2026-07-24 13:26:00,252,NIFTY,OK,23788.1,-3.3000000000029104,1454841,-1416,1690165,-528,466175,-1416,679737,-528,888,242.95000000000002,0.20145589547364934,0.005655165882761451,0.3392526890130015,0.4840104136553823,23800,3586225.5,0,0,0,0,23900,827373.75,1784879809978,2026-07-28 00:00:00,23800,17,-1416,-528,1456257,1690693,-0.0009723558410363005,-0.0003122979748540983,-1944,45026695,102555,633580,130.3,112.65,-4.449999999999989,3.6500000000000057,11398,8600,24000,23700,255421,244858,753,412,0.002956790802142397,0.0016854438199029643,-0.799999999999983,-0.04999999999998295,0.2423999455040483
2026-07-24 00:00:00,2026-07-24 13:27:00,253,NIFTY,OK,23795.2,7.100000000002183,1452016,-2825,1698629,8464,463350,-2825,688201,8464,11289,243.14999999999998,0.15719289224904742,0.000502767238959817,0.3394342762063226,0.3891795985342217,23800,3350303.75,0,0,0,0,23900,742450,1784879870027,2026-07-28 00:00:00,23800,17,-2825,8464,1454841,1690165,-0.0019417929519445767,0.005007795096928406,5639,45158300,131605,495259,132.2,110.95,1.8999999999999773,-1.7000000000000028,13413,12389,24000,23700,255185,246686,-256,1691,-0.0010021883722660027,0.0069021816771770855,0.1999999999999602,-0.8500000000000227,0.3113636669711372
2026-07-24 00:00:00,2026-07-24 13:28:00,254,NIFTY,OK,23797.3,2.099999999998545,1452976,960,1700829,2200,464310,960,690401,2200,1240,243.5,0.17051593234204399,0.01903215849036956,0.33977839539121335,0.44388049311284683,23800,3170746.2,0,0,0,0,23900,667491.1499999999,1784879929550,2026-07-28 00:00:00,23800,17,960,2200,1452016,1698629,0.000661149739396811,0.0012951621572456376,3160,45260744,102444,537774,134.25,109.25,2.0500000000000114,-1.7000000000000028,11542,8651,24000,23700,255205,247209,532,3111,0.002088953285193169,0.01274488115429049,0.35000000000002274,0.9499999999999886,0.7816889877031581
2026-07-24 00:00:00,2026-07-24 13:29:00,255,NIFTY,OK,23791.65,-5.649999999997817,1457248,4272,1699293,-1536,468582,4272,688865,-1536,-5808,242.95,0.18913234455056976,0.021726822600853596,0.3388206682450044,-0.1045738423698735,23800,3472593.4000000004,0,0,0,0,23900,782858.7000000001,1784879992117,2026-07-28 00:00:00,23800,17,4272,-1536,1452976,1700829,0.0029401724460693087,-0.0009030890230587555,2736,45363380,102636,597004,131.2,111.75,-3.0500000000000114,2.5,11786,9327,24000,23700,254798,246704,125,2606,0.000490825489942004,0.010676039951167154,-0.5500000000000114,0.8499999999999943,-0.30488637358667614
2026-07-24 00:00:00,2026-07-24 13:30:00,256,NIFTY,OK,23786.1,-5.55000000000291,1459614,2366,1697353,-1940,470948,2366,686925,-1940,-4306,243.25,0.18539629967623988,0.017114592765979257,0.33812393614574277,-0.45073973512917387,23800,3786917.4999999995,0,0,0,0,23900,889124.1,1784880052350,2026-07-28 00:00:00,23800,17,2366,-1940,1457248,1699293,0.0016236083357122465,-0.001141651263201814,426,45509430,146050,585290,128.5,114.75,-2.6999999999999886,3,14497,15655,24000,23700,254974,246242,277,2454,0.0010875667950545158,0.010066123024923294,0.30000000000001137,-0.5,0.2469591316453348
2026-07-24 00:00:00,2026-07-24 13:31:00,257,NIFTY,OK,23778.45,-7.649999999997817,1453230,-6384,1706398,9045,464564,-6384,695970,9045,15429,242.3,0.19586388017829948,0.023627429276876565,0.335829418808142,-1.292795137517644,23800,4212799.2,0,0,0,0,23900,1019907.5,1784880110497,2026-07-28 00:00:00,23800,17,-6384,9045,1459614,1697353,-0.004373759089731943,0.005328885623674038,2661,45645552,136122,618857,123.45,118.85,-5.049999999999997,4.099999999999994,13073,14838,24000,23700,254643,246809,-778,1951,-0.003045951585813226,0.007967883426312394,-0.9499999999999886,-0.6500000000000057,-1.2900392177883446
2026-07-24 00:00:00,2026-07-24 13:32:00,258,NIFTY,OK,23771.8,-6.650000000001455,1219258,-13161,1726092,2168,427919,-36645,741734,45764,15329,246.65,0.22163240361926426,0.0030791148693674027,0.3393136224466485,0.3831739545320343,23800,4491917.55,0,0,0,0,23900,1165443.5999999999,1784880170184,2026-07-28 00:00:00,23750,16,-13161,2168,1231195,1660532,-0.010689614561462644,0.0013056056733625127,-10993,45162795,165533,652785,146.75,99.9,-5.25,3.0500000000000114,4425,15943,24000,23700,252652,246168,-2533,-518,-0.009926132021866488,-0.0020998354183050516,4.349999999999994,3.5000000000000284,2.7473695719703866
2026-07-24 00:00:00,2026-07-24 13:33:00,259,NIFTY,OK,23771.8,0,1219258,0,1726092,0,427919,0,741734,0,0,246.65,0.1868507987166211,0.009394175611121105,0.3393136224466485,0.2775887968456333,23800,4491917.55,0,0,0,0,23900,1165443.5999999999,1784880229665,2026-07-28 00:00:00,23750,17,0,0,1219258,1726092,0,0,0,45162795,0,550341,146.75,99.9,0,0,0,0,24000,23700,252652,246168,-2553,-1041,-0.010003722497599968,-0.0042110117350096475,0,3.1500000000000057,1.9043658897544096
2026-07-24 00:00:00,2026-07-24 13:34:00,260,NIFTY,OK,23766.55,-5.25,1215937,-3321,1731615,5523,424598,-3321,747257,5523,8844,244.95,0.27302826209681796,0.007087783390182227,0.33885524230124375,-0.17839951659303,23800,4747095.5,0,0,0,0,23900,1293369.2,1784880289964,2026-07-28 00:00:00,23750,17,-3321,5523,1219258,1726092,-0.0027237877463178427,0.0031997135726253294,2202,45519855,357060,804765,143.45,101.5,-3.3000000000000114,1.5999999999999943,10823,31641,24000,23700,250152,245579,-4646,-1125,-0.018234052072622235,-0.004560120630391076,-1.700000000000017,2,0.6390123623980698
2026-07-24 00:00:00,2026-07-24 13:35:00,261,NIFTY,OK,23766.55,0,1215937,0,1731615,0,424598,0,747257,0,0,244.95,0.22347866975714084,0.00930599728258807,0.33885524230124375,0.09149806624073771,23800,4747095.5,0,0,0,0,23900,1293369.2,1784880349723,2026-07-28 00:00:00,23750,17,0,0,1215937,1731615,0,0,0,45519855,0,658715,143.45,101.5,0,0,0,0,24000,23700,250152,245579,-4822,-663,-0.018911732176614085,-0.0026924732580144734,0,1.6999999999999886,0.5489772334701649
2026-07-24 00:00:00,2026-07-24 13:36:00,262,NIFTY,OK,23761,-5.549999999999272,1219101,3164,1723462,-8153,427762,3164,739104,-8153,-11317,242.55,0.36106210810099904,0.012970046534042136,0.3351071175392887,-2.146631119254163,23800,5452319.8,0,0,0,0,23900,1540856.7,1784880409803,2026-07-28 00:00:00,23750,17,3164,-8153,1215937,1731615,0.00260210849739748,-0.0047083214224871005,-4989,46059710,539855,1062448,135.9,106.65,-7.549999999999983,5.150000000000006,17890,52925,24000,23700,250805,241762,-3838,-5047,-0.015072081305985242,-0.020449011178684733,-2.3999999999999773,0.25,-1.006751005712797
2026-07-24 00:00:00,2026-07-24 13:37:00,263,NIFTY,OK,23761.65,0.6500000000014552,1215715,-3386,1718330,-5132,424376,-3386,733972,-5132,-1746,243.4,0.37301950038257764,0.010329332563392224,0.33648730740202043,-1.0054043309838072,23800,5054298.9,0,0,0,0,23900,1435603.6500000001,1784880470178,2026-07-28 00:00:00,23750,17,-3386,-5132,1219101,1723462,-0.0027774565027836088,-0.002977727388245288,-8518,46257251,197541,1094456,140.05,103.35,4.150000000000006,-3.3000000000000114,7029,18458,24000,23700,249775,240232,-2877,-5936,-0.011387204534300144,-0.024113613467225636,0.8499999999999943,-3.25,-0.47160828495247764
2026-07-24 00:00:00,2026-07-24 13:38:00,264,NIFTY,OK,23760.55,-1.1000000000021828,1228717,13002,1704696,-13634,437378,13002,720338,-13634,-26636,243,0.38662574959611895,0.010525220587003465,0.3351274134832499,-1.4813348968072635,23800,5317419.800000001,0,0,0,0,23900,1529751.5999999999,1784880530339,2026-07-28 00:00:00,23750,17,13002,-13634,1215715,1718330,0.010694940837285054,-0.007934447981470381,-632,46296928,39677,1134133,138,105,-2.0500000000000114,1.6500000000000057,1823,2751,24000,23700,250601,238542,-2051,-7626,-0.008117885470924433,-0.030978843716486303,-0.4000000000000057,-3.6500000000000057,-0.6899710590516319
2026-07-24 00:00:00,2026-07-24 13:39:00,265,NIFTY,OK,23764.2,3.650000000001455,1236829,8112,1700647,-4049,445490,8112,716289,-4049,-12161,241.7,0.30859758513771685,0.011115303067408863,0.3332902272307405,-1.8397377537782178,23800,5558887.5,0,0,0,0,23900,1510327,1784880590502,2026-07-28 00:00:00,23750,17,8112,-4049,1228717,1704696,0.00660200843644224,-0.0023752035553553244,4063,46426353,129425,906498,138.4,103.3,0.4000000000000057,-1.7000000000000028,5217,12368,24000,23700,252343,237673,2191,-7906,0.008758674725766734,-0.03219330643092447,-1.3000000000000114,-3.25,-1.3382020866010067
2026-07-24 00:00:00,2026-07-24 13:40:00,266,NIFTY,OK,23763.5,-0.7000000000007276,1245086,8257,1699264,-1383,453747,8257,714906,-1383,-9640,241.7,0.37331804982423966,0.0029130833103616425,0.33384083044982693,-1.2541594625607,23800,5407036.8,0,0,0,0,23900,1411629.5999999999,1784880650032,2026-07-28 00:00:00,23750,17,8257,-1383,1236829,1700647,0.00667594307701388,-0.000813219909834316,6874,46619034,192681,1099179,139.7,102,1.299999999999983,-1.2999999999999972,9368,15493,24000,23700,253577,237785,3425,-7794,0.013691675461319518,-0.031737241376502065,0,-3.25,-1.159761542715563
2026-07-24 00:00:00,2026-07-24 13:41:00,267,NIFTY,OK,23745.15,-18.349999999998545,1252618,7532,1697688,-1576,461279,7532,713330,-1576,-9108,240.75,0.30277300049554184,0.008668122735154875,0.3353201824316803,-0.5532965660249725,23800,6100744.100000001,0,0,0,0,23900,1688796,1784880711740,2026-07-28 00:00:00,23750,17,7532,-1576,1245086,1699264,0.006049381327876147,-0.0009274603593085007,5956,46952983,333949,893273,132.25,108.5,-7.449999999999989,6.5,13812,32416,24000,23700,254503,237467,3698,-4295,0.014744522637108511,-0.017765405646875853,-0.9499999999999886,-1.8000000000000114,-1.4567394244702607
2026-07-24 00:00:00,2026-07-24 13:42:00,268,NIFTY,OK,23745.15,0,1252618,0,1697688,0,461279,0,713330,0,0,240.75,0.23581689492547553,0.023372505504993302,0.3353201824316803,-0.4068240182669425,23800,6100744.100000001,0,0,0,0,23900,1688796,1784880769978,2026-07-28 00:00:00,23750,17,0,0,1252618,1697688,0,0,0,46952983,0,695732,132.25,108.5,0,0,0,0,24000,23700,254503,237467,4728,-2765,0.018929036132519266,-0.011509707282959806,0,-2.6500000000000057,-1.2279394072594834
2026-07-24 00:00:00,2026-07-24 13:43:00,269,NIFTY,OK,23739.8,-5.350000000002183,1228311,-24307,1710048,12360,436972,-24307,725690,12360,36667,238.5,0.35577749349211585,0.004731194315679518,0.33042362718576584,-2.0324057021866535,23800,6542033.399999999,0,0,0,0,23900,2024150.4,1784880829769,2026-07-28 00:00:00,23750,17,-24307,12360,1252618,1697688,-0.019404958255429827,0.007280489701287869,-11947,47342330,389347,1045402,125.8,112.7,-6.450000000000003,4.200000000000003,11886,43044,24000,23700,251844,243269,1243,4727,0.004960075977350449,0.019816216850701344,-2.25,-4.5,-1.9710305241489805
2026-07-24 00:00:00,2026-07-24 13:44:00,270,NIFTY,OK,23745.95,6.150000000001455,1226831,-1480,1701149,-8899,435492,-1480,716791,-8899,-7419,237.55,0.42126414797915285,0.007698712476275951,0.3291487516205149,-1.9202302308343524,23800,6239847.399999999,0,0,0,0,23900,1907712,1784880890670,2026-07-28 00:00:00,23750,17,-1480,-8899,1228311,1710048,-0.0012049065749635069,-0.005203947491532401,-10379,47659806,317476,1233453,127.9,109.65,2.1000000000000085,-3.049999999999997,9235,31645,24000,23700,251401,244653,-942,6980,-0.0037330141910019298,0.029368081355475802,-0.9499999999999886,-4.149999999999977,-1.861810799762162
2026-07-24 00:00:00,2026-07-24 13:45:00,271,NIFTY,OK,23746.7,0.75,1228435,1604,1694643,-6506,437096,1604,710285,-6506,-8110,237.5,0.3639030501409815,0.01999780016677368,0.3297535145616585,-1.4428923242165463,23800,6198343.8,0,0,0,0,23900,1897884,1784880949575,2026-07-28 00:00:00,23750,17,1604,-6506,1226831,1701149,0.0013074335421912227,-0.0038244739290914554,-4902,47682751,22945,1063717,129,108.5,1.0999999999999943,-1.1500000000000057,1134,1803,24000,23700,251401,244653,-2176,6868,-0.008581219905590807,0.028883234855016086,-0.05000000000001137,-4.199999999999989,-1.562575764549127
2026-07-24 00:00:00,2026-07-24 13:46:00,272,NIFTY,OK,23752.2,5.5,1230867,2432,1689156,-5487,439528,2432,704798,-5487,-7919,238,0.2980931999508223,0.03479049077534439,0.3294989204080113,-1.2364550614077179,23800,6407781,0,0,0,0,23900,2020895,1784881012806,2026-07-28 00:00:00,23750,17,2432,-5487,1228435,1694643,0.001979754728577418,-0.0032378500958608982,-3055,47823422,140671,870439,126,112,-3,3.5,5709,13802,24000,23700,251216,242199,-3287,4732,-0.012915368384655583,0.019926979327653947,0.5,-2.75,-1.0753060242156678
2026-07-24 00:00:00,2026-07-24 13:47:00,273,NIFTY,OK,23748.9,-3.2999999999992724,1242065,11198,1680645,-8511,450726,11198,696287,-8511,-19709,238.05,0.3879249053104824,0.024339561401032994,0.3324301928251536,0.006188657377379852,23800,6078333.800000001,0,0,0,0,23900,1807145.55,1784881069706,2026-07-28 00:00:00,23750,17,11198,-8511,1230867,1689156,0.009097652305245002,-0.005038610998628901,2687,48086775,263353,1133792,131.15,106.9,5.150000000000006,-5.099999999999994,12791,24013,24000,23700,253176,241567,-1327,4100,-0.0052140839204253,0.0172655568984322,0.05000000000001137,-2.6999999999999886,-0.8768829869382164
2026-07-24 00:00:00,2026-07-24 13:48:00,274,NIFTY,OK,23753.05,4.149999999997817,1252372,10307,1672349,-8296,461033,10307,687991,-8296,-18603,238.14999999999998,0.3221049118873219,0.014476677348850985,0.3294913928741007,-1.0039600586887498,23800,6452476.199999999,0,0,0,0,23900,1904580,1784881130078,2026-07-28 00:00:00,23750,17,10307,-8296,1242065,1680645,0.008298277465350041,-0.0049362000898464575,2011,48284397,197622,942067,129.85,108.3,-1.3000000000000114,1.3999999999999915,9896,16592,24000,23700,254338,239609,2494,-3660,0.009902955798033703,-0.01504507356054409,0.0999999999999659,-0.35000000000002274,-0.6756924294903068
2026-07-24 00:00:00,2026-07-24 13:49:00,275,NIFTY,OK,23758.95,5.900000000001455,1258179,5807,1684988,12639,466840,5807,700630,12639,6832,238.04999999999998,0.2696404927073455,0.019136917100241055,0.32815090824406123,-1.2571807100812,23800,6187434,0,0,0,0,23900,1684800.3,1784881189686,2026-07-28 00:00:00,23750,17,5807,12639,1252372,1672349,0.004636801206031434,0.007557633006029244,18446,48453403,169006,793597,133.45,104.6,3.5999999999999943,-3.700000000000003,9062,15842,24000,23700,254253,242197,2852,-2456,0.011344425837606056,-0.010038707884227865,-0.09999999999999432,0.4999999999999716,-0.5804380847683018
2026-07-24 00:00:00,2026-07-24 13:50:00,276,NIFTY,OK,23758.95,0,1258179,0,1684988,0,466840,0,700630,0,0,238.04999999999998,0.26184446890033763,0.026067537617497912,0.32815090824406123,-1.0275087628636719,23800,6187434,0,0,0,0,23900,1684800.3,1784881249751,2026-07-28 00:00:00,23750,17,0,0,1258179,1684988,0,0,0,48453403,0,770652,133.45,104.6,0,0,0,0,24000,23700,254253,242197,2852,-2456,0.011344425837606056,-0.010038707884227865,0,0.549999999999983,-0.4254508730670797
2026-07-24 00:00:00,2026-07-24 13:51:00,277,NIFTY,OK,23769.15,10.200000000000728,1262230,4051,1684725,-263,470891,4051,700367,-263,-4314,240.15,0.330112268426223,0.02768429297736697,0.3295669598129794,-0.3045220432384959,23800,5651969.600000001,0,0,0,0,23900,1428988.75,1784881310124,2026-07-28 00:00:00,23750,17,4051,-263,1258179,1684988,0.003219732645354914,-0.000156084197632268,3788,48796248,342845,972826,140,100.15,6.550000000000011,-4.449999999999989,20916,26927,24000,23700,254734,241267,3518,-932,0.01400388510285969,-0.0038480753430030676,2.1000000000000227,2.1500000000000057,1.622223721270445
2026-07-24 00:00:00,2026-07-24 13:52:00,278,NIFTY,OK,23781.85,12.69999999999709,1497242,10358,1637776,-24667,508576,37685,627348,-73019,-35025,235.95,0.2920104445971283,0.01085358367068724,0.3235142891865864,-2.5437143013534183,23800,5689815.6,0,0,0,0,23900,1316812.2,1784881370388,2026-07-28 00:00:00,23800,16,10358,-24667,1260977,1617184,0.008214265605161713,-0.015253057166036765,-14309,49719203,205985,915458,114.25,121.7,0.9000000000000057,-1.8499999999999943,22874,16379,24000,23700,255811,237112,2635,-4455,0.01040777956836351,-0.018442088530304223,-4.200000000000017,-2.1000000000000227,-2.091832176868499
2026-07-24 00:00:00,2026-07-24 13:53:00,279,NIFTY,OK,23779.15,-2.6999999999970896,1494711,-2531,1621755,-16021,506045,-2531,611327,-16021,-13490,235.55,0.3432740803204656,0.009933613883690627,0.32505571474052786,-1.4262219493700987,23800,5179025.25,0,0,0,0,23900,1125912,1784881430940,2026-07-28 00:00:00,23800,17,-2531,-16021,1497242,1637776,-0.0016904414917561757,-0.009782168013208156,-18552,50071169,351966,1069802,118.8,116.75,4.549999999999997,-4.950000000000003,39580,29396,24000,23700,255262,233984,924,-5625,0.003632960863103429,-0.023475745902699813,-0.39999999999997726,-2.599999999999966,-1.791044884011566
2026-07-24 00:00:00,2026-07-24 13:54:00,280,NIFTY,OK,23783.65,4.5,1504550,9839,1611317,-10438,515884,9839,600889,-10438,-20277,236,0.33158026321405887,0.028719656200394905,0.32389716540882263,-1.4775631267803873,23800,5493266.1,0,0,0,0,23900,1235426.8,1784881490292,2026-07-28 00:00:00,23800,17,9839,-10438,1494711,1621755,0.006582543381295782,-0.006436237286149881,-599,50203533,132364,1033160,117.4,118.6,-1.3999999999999915,1.8499999999999943,14934,10565,24000,23700,258081,232737,3828,-9460,0.01505586954726198,-0.0390591130360822,0.44999999999998863,-2.049999999999983,-1.1836648081381205
2026-07-24 00:00:00,2026-07-24 13:55:00,281,NIFTY,OK,23782.45,-1.2000000000007276,1504550,0,1611317,0,515884,0,600889,0,0,236.8,0.33823780026554406,0.028154367001168988,0.32418414264887285,-1.1134318979325983,23800,5448100.5,0,0,0,0,23900,1221545.6,1784881550215,2026-07-28 00:00:00,23800,17,0,0,1504550,1611317,0,0,0,50224277,20744,1053904,117.8,119,0.3999999999999915,0.4000000000000057,2246,1464,24000,23700,258081,232737,3828,-9460,0.01505586954726198,-0.0390591130360822,0.8000000000000114,-1.2499999999999716,-0.5096517311379768
2026-07-24 00:00:00,2026-07-24 13:56:00,282,NIFTY,OK,23789.85,7.399999999997817,1511996,7446,1622637,11320,523330,7446,612209,11320,3874,235.95,0.3237891006698392,0.01447741782927406,0.32523177382990465,-0.6078115701825211,23800,5087520.850000001,0,0,0,0,23900,974871,1784881609740,2026-07-28 00:00:00,23800,17,7446,11320,1504550,1611317,0.004948988069522448,0.00702530911049781,18766,50528178,303901,1014960,122.2,113.75,4.400000000000006,-5.25,38516,21618,24000,23700,260605,234477,5871,-6790,0.02304757119190999,-0.028143094579863803,-0.8500000000000227,-4.200000000000017,-0.9533481927342353
2026-07-24 00:00:00,2026-07-24 13:57:00,283,NIFTY,OK,23788.1,-1.75,1503010,-8986,1627758,5121,514344,-8986,617330,5121,14107,236.25,0.3214348683773438,0.004223233148306037,0.32649403506151664,0.054688508119773604,23800,5043371.85,0,0,0,0,23900,1026810.15,1784881670565,2026-07-28 00:00:00,23800,17,-8986,5121,1511996,1622637,-0.005943137415707449,0.003155973886950686,-3865,50725541,197363,1006338,121.5,114.75,-0.7000000000000028,1,23903,13950,24000,23700,259390,235628,3579,-1484,0.013990797893757501,-0.006258645703296333,0.30000000000001137,0.30000000000001137,-0.6049744513863451
2026-07-24 00:00:00,2026-07-24 13:58:00,284,NIFTY,OK,23788.1,0,1503010,0,1627758,0,514344,0,617330,0,0,236.25,0.20901325170054122,0.02185606963623138,0.32649403506151664,0.21607690271041308,23800,5043371.85,0,0,0,0,23900,1026810.15,1784881729769,2026-07-28 00:00:00,23800,17,0,0,1503010,1627758,0,0,0,50725541,0,654372,121.5,114.75,0,0,0,0,24000,23700,259390,235628,4128,1644,0.016171619747553493,0.007026121444201313,0,0.6999999999999886,-0.47788950436097966
2026-07-24 00:00:00,2026-07-24 13:59:00,285,NIFTY,OK,23801.25,13.150000000001455,1492731,-10279,1640489,12731,504065,-10279,630061,12731,23010,238.85,0.31268662909083944,0.01771227580237538,0.33385654180869156,2.393535273100519,23800,3585773.0999999996,0,0,0,0,23900,577016.7,1784881790722,2026-07-28 00:00:00,23800,17,-10279,12731,1503010,1627758,-0.00683894318733741,0.007821187178929547,2452,51183249,457708,979716,133.5,105.35,12,-9.400000000000006,56624,38351,24000,23700,259586,238442,1505,5705,0.005831502512776997,0.024512647322943924,2.5999999999999943,2.8499999999999943,1.2930112095968496
2026-07-24 00:00:00,2026-07-24 14:00:00,286,NIFTY,OK,23800,-1.25,1482196,-10535,1629446,-11043,493530,-10535,619018,-11043,-508,240.39999999999998,0.3934466111461408,0.0034510502219699166,0.3378785770604331,2.2648976811009223,23800,3211304,0,0,0,0,23900,513668.8,1784881849739,2026-07-28 00:00:00,23800,17,-10535,-11043,1492731,1640489,-0.00705753414379416,-0.0067315294403071275,-21578,51448542,265293,1224265,136.45,103.95,2.9499999999999886,-1.3999999999999915,33786,18882,24000,23700,259715,237083,1634,4346,0.006331345585300739,0.018673438258635284,1.549999999999983,3.599999999999966,1.811436253231237
2026-07-24 00:00:00,2026-07-24 14:01:00,287,NIFTY,OK,23800,0,1482196,0,1629446,0,493530,0,619018,0,0,240.39999999999998,0.29578081283129615,0.024980333867904436,0.3378785770604331,1.722140208990163,23800,3211304,0,0,0,0,23900,513668.8,1784881909803,2026-07-28 00:00:00,23800,17,0,0,1482196,1629446,0,0,0,51448542,0,920364,136.45,103.95,0,0,0,0,24000,23700,259715,237083,-890,2606,-0.003415130177855375,0.01111409647854587,0,4.449999999999989,1.75449992409849
2026-07-24 00:00:00,2026-07-24 14:02:00,288,NIFTY,OK,23811.05,11.049999999999272,1461204,-20992,1654966,25520,472538,-20992,644538,25520,46512,242.7,0.3909748184470039,0.011981837641913943,0.3353137319921893,1.0232478755488048,23800,2903669.6999999997,0,0,0,0,23900,500134.5,1784881971258,2026-07-28 00:00:00,23800,17,-20992,25520,1482196,1629446,-0.01416276929636836,0.015661764796133164,4528,51943885,495343,1218344,137.15,105.55,0.700000000000017,1.5999999999999943,58231,50756,24000,23700,254554,239613,-4836,3985,-0.018643741084852925,0.016912251515100073,2.3000000000000114,6.449999999999989,2.021485646535624
2026-07-24 00:00:00,2026-07-24 14:03:00,289,NIFTY,OK,23817.55,6.5,1461176,-28,1660850,5884,472510,-28,650422,5884,5912,243.6,0.5144553568740299,0.005442852846851121,0.336498385271468,1.0091777554272905,23800,2213463,0,0,0,0,23900,329931,1784882030971,2026-07-28 00:00:00,23800,17,-28,5884,1461204,1654966,-0.000019162279873309956,0.0035553600496928636,5856,52331684,387799,1606143,144.25,99.35,7.099999999999994,-6.200000000000003,47355,34542,24000,23700,254639,240844,-4751,5216,-0.018316049192335863,0.022136588181370636,0.9000000000000057,7.349999999999994,1.7669565368197837
2026-07-24 00:00:00,2026-07-24 14:04:00,290,NIFTY,OK,23817.55,0,1461176,0,1660850,0,472510,0,650422,0,0,243.6,0.36784927479783963,0.009747177680931005,0.336498385271468,0.8270548287532167,23800,2213463,0,0,0,0,23900,329931,1784882090174,2026-07-28 00:00:00,23800,17,0,0,1461176,1660850,0,0,0,52331684,0,1148435,144.25,99.35,0,0,0,0,24000,23700,254639,240844,-4947,2402,-0.01905726811153144,0.01007372862163545,0,4.75,1.397485628618157
2026-07-24 00:00:00,2026-07-24 14:05:00,291,NIFTY,OK,23817.15,-0.3999999999978172,1463147,1971,1645790,-15060,474481,1971,635362,-15060,-17031,244.6,0.4034205260511873,0.002156737832370841,0.33918472273227973,1.1114636173191053,23800,1992115.2,0,0,0,0,24200,250646.99999999997,1784882150897,2026-07-28 00:00:00,23800,17,1971,-15060,1461176,1660850,0.001348913477910943,-0.009067646084836078,-13089,52702751,371067,1254209,146.85,97.75,2.5999999999999943,-1.5999999999999943,46827,24836,24000,23700,254388,237027,-5327,-56,-0.020510944689371043,-0.00023620419852962886,1,4.200000000000017,1.3733627088926819
2026-07-24 00:00:00,2026-07-24 14:06:00,292,NIFTY,OK,23808.3,-8.850000000002183,1465655,2508,1651623,5833,476989,2508,641195,5833,3325,243.29999999999998,0.4518980982767658,0.004000874570168639,0.3381263737278593,0.7498686116872474,23800,2434505.2,0,0,0,0,24200,342593.75,1784882210231,2026-07-28 00:00:00,23800,17,2508,5833,1463147,1645790,0.0017141134827874439,0.0035441945813256856,8341,52857234,154483,1408692,142.45,100.85,-4.400000000000006,3.0999999999999943,17295,14347,24000,23700,254396,236464,-5319,-619,-0.02048014169377972,-0.002610899980175719,-1.3000000000000114,2.9000000000000057,0.7900173474429634
2026-07-24 00:00:00,2026-07-24 14:07:00,293,NIFTY,OK,23812.2,3.900000000001455,1463192,-2463,1663619,11996,474526,-2463,653191,11996,14459,241.85,0.3719492479718154,0.009149495062402462,0.33485903446235177,-0.23304334069719418,23800,2513356,0,0,0,0,24200,352409.19999999995,1784882270287,2026-07-28 00:00:00,23800,17,-2463,11996,1465655,1651623,-0.0016804773292486976,0.007263158723267962,9533,53106900,249666,1163015,141.25,100.6,-1.1999999999999886,-0.25,24732,25486,24000,23700,255809,237337,1255,-2276,0.004930191629281017,-0.009498649906307255,-1.4499999999999886,-0.8499999999999943,0.12022578473453283
2026-07-24 00:00:00,2026-07-24 14:08:00,294,NIFTY,OK,23805.2,-7,1460579,-2613,1673833,10214,471913,-2613,663405,10214,12827,240.15,0.31305807915487815,0.012622636567735334,0.33515668459113623,-0.8399804503071105,23800,2913811.2,0,0,0,0,24200,412347.65,1784882330259,2026-07-28 00:00:00,23800,17,-2613,10214,1463192,1663619,-0.0017858216830053746,0.006139626921789184,7601,53312937,206037,981253,137.25,102.9,-4,2.3000000000000114,23277,17387,24000,23700,254823,238558,184,-2286,0.0007225915904476533,-0.009491621132351231,-1.6999999999999886,-3.4499999999999886,-0.9954227173932892
2026-07-24 00:00:00,2026-07-24 14:09:00,295,NIFTY,OK,23803.6,-1.6000000000021828,1454516,-6063,1674517,684,465850,-6063,664089,684,6747,240.75,0.3870575989451054,0.005785572975668722,0.3357328145265896,-0.698260643751709,23800,2900046.05,0,0,0,0,24200,459853,1784882390356,2026-07-28 00:00:00,23800,17,-6063,684,1460579,1673833,-0.004151093504699164,0.0004086429171846893,-5379,53542800,229863,1211116,136.9,103.85,-0.3499999999999943,0.9499999999999886,23622,24062,24000,23700,252133,238599,-2506,-2245,-0.009841383291640322,-0.009321386457624023,0.5999999999999943,-2.8499999999999943,-0.893915889045499
2026-07-24 00:00:00,2026-07-24 14:10:00,296,NIFTY,OK,23799.75,-3.849999999998545,1454516,0,1674517,0,465850,0,664089,0,0,240.75,0.26846920438359073,0.023922414049656626,0.33820641096905685,1.0189588140633459,23800,2900046.05,0,0,0,0,24200,459853,1784882450006,2026-07-28 00:00:00,23800,17,0,0,1454516,1674517,0,0,0,53542800,0,840049,136.9,103.85,0,0,0,0,24000,23700,252133,238599,-2255,1572,-0.008864411843325943,0.006632155830348442,0,-3.8499999999999943,-0.9383419250549239
2026-07-24 00:00:00,2026-07-24 14:11:00,297,NIFTY,OK,23794,-5.75,1436352,-18164,1697925,23408,447686,-18164,687497,23408,41572,239.3,0.3322795017798363,0.01632234103024996,0.3342847049198617,-1.355455874524408,23800,3147186.6,0,0,0,0,24200,558688.1499999999,1784882509728,2026-07-28 00:00:00,23800,17,-18164,23408,1454516,1674517,-0.012488002882058362,0.01397895631994181,5244,53898690,355890,1041456,131.85,107.45,-5.050000000000011,3.6000000000000085,36230,37798,24000,23700,250493,242707,-3903,6243,-0.015342222361986823,0.026401481832329658,-1.4499999999999886,-3.9999999999999716,-1.6528427800269077
2026-07-24 00:00:00,2026-07-24 14:12:00,298,NIFTY,OK,23794,0,1436352,0,1697925,0,447686,0,687497,0,0,239.3,0.2526228536916169,0.009429267861427905,0.3342847049198617,-1.2118760297762865,23800,3147186.6,0,0,0,0,24200,558688.1499999999,1784882569706,2026-07-28 00:00:00,23800,17,0,0,1436352,1697925,0,0,0,53898690,0,791790,131.85,107.45,0,0,0,0,24000,23700,250493,242707,-5316,5370,-0.020781129670965445,0.02262605493454455,0,-2.549999999999983,-1.3136662439415543
2026-07-24 00:00:00,2026-07-24 14:13:00,299,NIFTY,OK,23793,-1,1445044,8692,1698588,663,456378,8692,688160,663,-8029,237.05,0.2730609053476997,0.01074087578911071,0.3289431896728875,-2.399253813407042,23800,3765471.3000000003,0,0,0,0,24200,641821.9,1784882629674,2026-07-28 00:00:00,23800,17,8692,663,1436352,1697925,0.006051441429398922,0.0003904766111577367,9355,54171340,272650,858403,127.35,109.7,-4.5,2.25,24062,27610,24000,23700,251390,241961,-3433,3403,-0.013472096317836302,0.014264874789359401,-2.25,-3.0999999999999943,-1.8341126746100291
2026-07-24 00:00:00,2026-07-24 14:14:00,300,NIFTY,OK,23796.1,3.099999999998545,1440420,-4624,1701156,2568,451754,-4624,690728,2568,7192,236.89999999999998,0.22355467446911995,0.017859532915476553,0.32999766627771326,-1.5375746798572083,23800,3500897.4,0,0,0,0,24200,580492,1784882689625,2026-07-28 00:00:00,23800,17,-4624,2568,1445044,1698588,-0.003199902563520557,0.0015118439550968216,-2056,54245114,73774,702314,129.2,107.7,1.8499999999999943,-2,6534,8079,24000,23700,251183,242201,-950,3602,-0.0037678526809263365,0.015096458912233497,-0.1500000000000341,-3.8500000000000227,-1.4991269669820184
2026-07-24 00:00:00,2026-07-24 14:15:00,301,NIFTY,OK,23799.25,3.150000000001455,1440420,0,1701156,0,451754,0,690728,0,0,238.15,0.23109547564661814,0.017276764315348126,0.33028001677305124,-1.200306793562966,23800,3401143.1999999997,0,0,0,0,24200,604740.4,1784882753434,2026-07-28 00:00:00,23800,17,0,0,1440420,1701156,0,0,0,54268804,23690,726004,130.25,107.9,1.0500000000000114,0.20000000000000284,2509,2210,24000,23700,251183,242201,-950,3602,-0.0037678526809263365,0.015096458912233497,1.2500000000000284,-2.5999999999999943,-0.8256861731057709
2026-07-24 00:00:00,2026-07-24 14:16:00,302,NIFTY,OK,23804.9,5.650000000001455,1455737,15317,1694373,-6783,467071,15317,683945,-6783,-22100,236.65,0.1639898289266089,0.030649301374795292,0.32719122110670024,-1.7002699546191318,23800,3575822.25,0,0,0,0,24200,565094.4,1784882810438,2026-07-28 00:00:00,23800,17,15317,-6783,1440420,1701156,0.010633704058538482,-0.0039872886437222685,8534,54415276,146472,516586,130.3,106.35,0.05000000000001137,-1.5500000000000114,14093,16683,24000,23700,252448,241318,1955,-1389,0.007804609310439812,-0.005722949894317016,-1.5,-2.6500000000000057,-1.4026895651250346
2026-07-24 00:00:00,2026-07-24 14:17:00,303,NIFTY,OK,23798.7,-6.200000000000728,1456772,1035,1683825,-10548,468106,1035,673397,-10548,-11583,238.45,0.22771721427486558,0.008837084433307978,0.33266956368001327,-0.0015608725460719984,23800,3441307.8000000003,0,0,0,0,24200,544495.2000000001,1784882870300,2026-07-28 00:00:00,23800,17,1035,-10548,1455737,1694373,0.0007109800740106215,-0.006225311663960651,-9513,54613858,198582,715168,132.1,106.35,1.799999999999983,0,23672,20245,24000,23700,252856,238968,2363,-3739,0.009433397340444643,-0.015405406518971435,1.799999999999983,-0.8500000000000227,-0.200087388468884
2026-07-24 00:00:00,2026-07-24 14:18:00,304,NIFTY,OK,23790.2,-8.5,1472379,15607,1676554,-7271,483713,15607,666126,-7271,-22878,236.6,0.17714190806854258,0.009503269942345753,0.32911984143308576,-0.8857047606071143,23800,4152372.5,0,0,0,0,24200,630220.5,1784882929925,2026-07-28 00:00:00,23800,17,15607,-7271,1456772,1683825,0.010713412943137293,-0.004318144700310306,8336,54729148,115290,557808,127.3,109.3,-4.799999999999997,2.950000000000003,12099,11555,24000,23700,255465,238065,4075,-3896,0.016209873105533235,-0.016101768466819034,-1.8499999999999943,-0.45000000000001705,-1.1776315789473428
2026-07-24 00:00:00,2026-07-24 14:19:00,305,NIFTY,OK,23791.2,1,1458904,-13475,1678713,2159,470238,-13475,668285,2159,15634,237.10000000000002,0.16717464241174115,0.00754770937791928,0.32920188670433836,-0.6952990241033788,23800,4033811.4,0,0,0,0,24200,662634.2,1784882990595,2026-07-28 00:00:00,23800,17,-13475,2159,1472379,1676554,-0.00915185560239585,0.0012877604896710754,-11316,54769644,40496,524530,126.65,110.45,-0.6499999999999915,1.1500000000000057,4318,5056,24000,23700,253636,238845,2453,-3356,0.009765788289812607,-0.013856259883320052,0.5000000000000284,0.20000000000004547,-0.6920301713533872
2026-07-24 00:00:00,2026-07-24 14:20:00,306,NIFTY,OK,23791.2,0,1458904,0,1678713,0,470238,0,668285,0,0,237.10000000000002,0.15962432635978197,0.007904720070281927,0.32920188670433836,-0.575267042418991,23800,4033811.4,0,0,0,0,24200,662634.2,1784883050171,2026-07-28 00:00:00,23800,17,0,0,1458904,1678713,0,0,0,54769644,0,500840,126.65,110.45,0,0,0,0,24000,23700,253636,238845,2453,-3356,0.009765788289812607,-0.013856259883320052,0,-1.049999999999983,-0.5610107297905756
2026-07-24 00:00:00,2026-07-24 14:21:00,307,NIFTY,OK,23779.05,-12.150000000001455,1446756,-12148,1707305,28592,458090,-12148,696877,28592,40740,237.7,0.2507269199929868,0.0049961558304923576,0.3295224595988327,-0.2703267493157515,23800,4247886.600000001,0,0,0,0,24200,789178.5,1784883110723,2026-07-28 00:00:00,23800,17,-12148,28592,1458904,1678713,-0.008326798747552957,0.017032095420718135,16444,55206084,436440,790808,123.6,114.1,-3.0500000000000114,3.6499999999999915,34570,62286,24000,23700,252165,241507,-283,189,-0.0011210229433388263,0.0007831989325288623,0.5999999999999659,1.049999999999983,0.23870495801319855
2026-07-24 00:00:00,2026-07-24 14:22:00,308,NIFTY,OK,23778.95,-0.09999999999854481,1431181,-15575,1711609,4304,442515,-15575,701181,4304,19879,237.1,0.2601729673315748,0.0026820143603340715,0.32634126287070403,-1.7950220007700988,23800,4462469.2,0,0,0,0,23900,847589.55,1784883170178,2026-07-28 00:00:00,23800,17,-15575,4304,1446756,1707305,-0.010765464252437868,0.0025209321123056514,-11271,55431527,225443,817669,119.5,117.6,-4.099999999999994,3.5,17301,28736,24000,23700,250146,241114,-2710,2146,-0.010717562565254532,0.00898028187874527,-0.5999999999999943,-1.3499999999999943,-0.3061862178478618
2026-07-24 00:00:00,2026-07-24 14:23:00,309,NIFTY,OK,23776.35,-2.600000000002183,1430333,-848,1702280,-9329,441667,-848,691852,-9329,-8481,235.75,0.27143154931681635,0.019193451645909042,0.32440623743019403,-2.0132197513026924,23800,4675824.3,0,0,0,0,24200,911059.5,1784883231845,2026-07-28 00:00:00,23800,17,-848,-9329,1431181,1711609,-0.0005925176480123758,-0.005450427054309717,-10177,55579438,147911,850290,117.2,118.55,-2.299999999999997,0.9500000000000028,11157,17632,24000,23700,249798,239858,-5667,1793,-0.02218307791674006,0.007531556507676475,-1.3499999999999943,-0.8499999999999943,-1.8750186845108017
2026-07-24 00:00:00,2026-07-24 14:24:00,310,NIFTY,OK,23776.75,0.4000000000014552,1424283,-6050,1703049,769,435617,-6050,692621,769,6819,235.05,0.32067941619246054,0.010255556297868819,0.32344541513338376,-1.7693456429070693,23800,4750073.399999999,0,0,0,0,23900,927992.4,1784883290653,2026-07-28 00:00:00,23800,17,-6050,769,1430333,1702280,-0.004229784253037579,0.00045174706863735693,-5281,55772515,193077,1002871,116.25,118.8,-0.9500000000000028,0.25,15384,25540,24000,23700,247580,239711,-6056,866,-0.023876736740841207,0.0036257824111871717,-0.6999999999999886,-2.0500000000000114,-1.9565022746741862
2026-07-24 00:00:00,2026-07-24 14:25:00,311,NIFTY,OK,23775.55,-1.2000000000007276,1424279,-4,1703049,0,435613,-4,692621,0,4,234.7,0.33155044817812523,0.009923162758579452,0.3235396171916763,-1.3674996752378552,23800,4635613.8,0,0,0,0,24200,896852,1784883350022,2026-07-28 00:00:00,23800,17,-4,0,1424283,1703049,-0.0000028084306279018986,0,-4,55806511,33996,1036867,117.45,117.25,1.2000000000000028,-1.5499999999999972,3675,4505,24000,23700,247580,239711,-6056,866,-0.023876736740841207,0.0036257824111871717,-0.35000000000002274,-2.400000000000034,-1.7443016691428537
2026-07-24 00:00:00,2026-07-24 14:26:00,312,NIFTY,OK,23784.8,9.25,1431578,7299,1693466,-9583,442912,7299,683038,-9583,-16882,234.60000000000002,0.2550405690287881,0.03640718532821924,0.3228004956629495,-1.322069444453981,23800,4611398.65,0,0,0,0,23900,828500.1499999999,1784883412524,2026-07-28 00:00:00,23800,17,7299,-9583,1424279,1703049,0.005124698180623319,-0.005626966693266019,-2284,56003097,196586,797013,119.2,115.4,1.75,-1.8499999999999943,18435,23051,24000,23700,248200,237682,-3965,-3825,-0.015723831618186506,-0.015838050242850104,-0.0999999999999659,-3.099999999999966,-1.4450687324357834
2026-07-24 00:00:00,2026-07-24 14:27:00,313,NIFTY,OK,23776.2,-8.599999999998545,1437637,6059,1678156,-15310,448971,6059,667728,-15310,-21369,233.65,0.2321627271131298,0.03732109802577101,0.32494875218625974,-0.4979397175649335,23800,4709156,0,0,0,0,23900,819067.5,1784883471315,2026-07-28 00:00:00,23800,17,6059,-15310,1431578,1693466,0.004232392506730335,-0.009040630281328352,-9251,56154898,151801,723371,120.25,113.4,1.0499999999999972,-2,13834,16234,24000,23700,248836,236808,-1310,-4306,-0.005236941626090363,-0.017858772199042777,-0.950000000000017,-3.4499999999999886,-1.7537921220211685
2026-07-24 00:00:00,2026-07-24 14:28:00,314,NIFTY,OK,23773.05,-3.150000000001455,1225663,9392,1685971,-8296,434324,-14647,701613,33885,-17688,238.7,0.251919368986624,0.021437033825632553,0.325939951311875,0.0021141487013797426,23800,5007334,0,0,0,0,23900,930619.95,1784883529781,2026-07-28 00:00:00,23750,16,9392,-8296,1215065,1633428,0.007729627633089588,-0.005078889305191291,1096,55454527,158037,733497,144.4,94.3,-3.799999999999983,2.299999999999997,5231,14180,24000,23700,252247,234228,2449,-5630,0.00980392156862745,-0.02347222106412961,5.049999999999983,2.9499999999999886,1.6583481192621208
2026-07-24 00:00:00,2026-07-24 14:29:00,315,NIFTY,OK,23775.95,2.900000000001455,1445505,-2615,1679534,9724,456839,22515,669106,-32507,12339,233.64999999999998,0.20944250615752316,0.005093840333926138,0.32317491333715337,-0.939137238602059,23800,4909872,0,0,0,0,23900,887936,1784883591593,2026-07-28 00:00:00,23800,16,-2615,9724,1224457,1625132,-0.002135640532905606,0.005983513954558768,7109,56435002,114096,654516,118.05,115.6,0.7000000000000028,-0.6500000000000057,8121,17909,24000,23700,251627,236182,4047,-3529,0.016346231521124487,-0.014721894281030073,-5.050000000000011,-1.400000000000034,-1.288095027996248
2026-07-24 00:00:00,2026-07-24 14:30:00,316,NIFTY,OK,23774.9,-1.0499999999992724,1224552,1489,1702757,6780,433213,-23626,718399,49293,5291,240.5,0.23088099001506163,0.0073077264522238335,0.33041087747975256,1.9684968637853615,23800,4751493.75,0,0,0,0,23900,800861.1000000001,1784883649985,2026-07-28 00:00:00,23750,16,1489,6780,1221842,1634856,0.001218651838781119,0.004147154244777521,8269,55625067,55340,675860,148.6,91.9,2.5999999999999943,-1.5,2424,4457,24000,23700,251746,237912,4166,-1799,0.016826884239437758,-0.0075048704481646645,6.850000000000023,5.800000000000011,2.008896652610469
2026-07-24 00:00:00,2026-07-24 14:31:00,317,NIFTY,OK,23777.25,2.349999999998545,1449947,3769,1679348,-6943,461281,28068,668920,-49479,-10712,234.64999999999998,0.22222193816818164,0.00582256491965752,0.32284985559431373,-0.8727850993466755,23800,5015239.5,0,0,0,0,24200,904879.2000000001,1784883709671,2026-07-28 00:00:00,23800,16,3769,-6943,1223331,1641636,0.0030809323069553537,-0.004229317583191402,-3174,56711911,216124,695398,117.55,117.1,-2.25,2.799999999999997,19456,27035,24000,23700,251729,237006,3529,-676,0.014218372280419016,-0.002844136282932658,-5.850000000000023,0.049999999999954525,-0.5527479736717176
2026-07-24 00:00:00,2026-07-24 14:32:00,318,NIFTY,OK,23775.25,-2,1444675,-5272,1687587,8239,456009,-5272,677159,8239,13511,235.25,0.2561027781200934,0.02027846583252408,0.3267967116918663,0.8720083608253351,23800,4663306.399999999,0,0,0,0,24200,813156.3,1784883771350,2026-07-28 00:00:00,23800,17,-5272,8239,1449947,1679348,-0.0036359949708506586,0.004906070689338958,2967,56970495,258584,802181,120.65,114.6,3.1000000000000085,-2.5,23787,33619,24000,23700,251048,238162,2212,1354,0.008889388995161472,0.00571771223945137,0.6000000000000227,1.5999999999999943,-0.18991716670010395
2026-07-24 00:00:00,2026-07-24 14:33:00,319,NIFTY,OK,23775.75,0.5,1444675,0,1687587,0,456009,0,677159,0,0,235.05,0.2151298326896026,0.022514146470320236,0.3264320609112305,0.6086447835695633,23800,4632491.600000001,0,0,0,0,24200,838544.1,1784883831843,2026-07-28 00:00:00,23800,17,0,0,1444675,1687587,0,0,0,57000194,29699,673843,120.95,114.1,0.29999999999999716,-0.5,3079,3716,24000,23700,251048,238162,-1199,3934,-0.004753277541457381,0.01679560086753078,-0.19999999999998863,-3.6499999999999773,-0.2507908272838751
2026-07-24 00:00:00,2026-07-24 14:34:00,320,NIFTY,OK,23767.1,-8.650000000001455,1233612,10387,1684723,-18773,442273,-13736,700365,23206,-29160,240.39999999999998,0.2530442872391278,0.0004387461609710915,0.3341085343142259,2.3000672409454945,23800,5041714.5,0,0,0,0,23900,905788.6000000001,1784883890690,2026-07-28 00:00:00,23750,16,10387,-18773,1222013,1642934,0.008499909575430049,-0.011426508916365478,-8386,56307107,178721,738468,145.6,94.8,-3.5,3.0999999999999943,6913,15689,24000,23700,253178,235027,1551,-1155,0.0061638854335981435,-0.004890296466284475,5.349999999999966,6.75,1.683953525505882
2026-07-24 00:00:00,2026-07-24 14:35:00,321,NIFTY,OK,23766.05,-1.0499999999992724,1233612,0,1684723,0,442273,0,700365,0,0,240.7,0.24149969074832053,0.012192509119906013,0.3351779755283655,1.8472946715786385,23800,5004875.25,0,0,0,0,23900,884286.2,1784883950057,2026-07-28 00:00:00,23750,17,0,0,1233612,1684723,0,0,0,56328756,21649,704777,145.95,94.75,0.3499999999999943,-0.04999999999999716,835,1777,24000,23700,253178,235027,1432,-2885,0.005688273100664956,-0.012126332425434615,0.30000000000001137,0.19999999999998863,1.4074134815170347
2026-07-24 00:00:00,2026-07-24 14:37:00,323,NIFTY,OK,23770.5,4.450000000000728,1231251,-2361,1682351,-2372,439912,-2361,697993,-2372,-11,240.6,0.2627510552230538,0.013261019499655151,0.33142257237355527,0.7914456218619376,23800,4945196.550000001,0,0,0,0,23900,873791.75,1784884070958,2026-07-28 00:00:00,23750,17,-2361,-2372,1233612,1684723,-0.0019138918882112043,-0.0014079465882521935,-4733,56605655,276899,765552,146.75,93.85,0.8000000000000114,-0.9000000000000057,8124,30158,24000,23700,251523,235323,-206,-1683,-0.0008183403580834946,-0.007101086048454469,-0.09999999999999432,5.950000000000017,1.1125035678008883
2026-07-24 00:00:00,2026-07-24 14:38:00,324,NIFTY,OK,23770.5,0,1231251,0,1682351,0,439912,0,697993,0,0,240.6,0.17400042970865615,0.025877372930835873,0.33142257237355527,0.6423773072980609,23800,4945196.550000001,0,0,0,0,23900,873791.75,1784884129670,2026-07-28 00:00:00,23750,17,0,0,1231251,1682351,0,0,0,56605655,0,506968,146.75,93.85,0,0,0,0,24000,23700,251523,235323,475,-2839,0.001892068449061534,-0.011920457503715958,0,5.349999999999994,0.9173157345762237
2026-07-24 00:00:00,2026-07-24 14:39:00,325,NIFTY,OK,23772.2,1.7000000000007276,1240430,9179,1667082,-15269,449091,9179,682724,-15269,-24448,242.15,0.2718234696881733,0.024305037136386067,0.33442601698289626,1.111564664495994,23800,4817558,0,0,0,0,23900,787221.5,1784884190515,2026-07-28 00:00:00,23750,17,9179,-15269,1231251,1682351,0.007455019325872629,-0.009075989493274591,-6090,56918716,313061,790330,150.9,91.25,4.150000000000006,-2.5999999999999943,13607,25062,24000,23700,252100,229564,1052,-8598,0.004190433701921545,-0.03610147714580832,1.5500000000000114,7.099999999999994,1.2300166327874906
2026-07-24 00:00:00,2026-07-24 14:40:00,326,NIFTY,OK,23771.7,-0.5,1240430,0,1667082,0,449091,0,682724,0,0,242.14999999999998,0.2103547637980514,0.017695946266323745,0.33456825570302534,0.9617000118102506,23800,4806432,0,0,0,0,23900,755004.25,1784884251765,2026-07-28 00:00:00,23750,17,0,0,1240430,1667082,0,0,0,56916130,0,611609,150.85,91.3,-0.05000000000001137,0.04999999999999716,0,0,24000,23700,252100,229564,-1078,-5463,-0.004257873906895544,-0.023244137907559557,-2.842170943040401e-14,1.75,1.0397066299035818
2026-07-24 00:00:00,2026-07-24 14:41:00,327,NIFTY,OK,23774.3,2.599999999998545,1237027,-3403,1673613,6531,445688,-3403,689255,6531,9934,241.9,0.25272276887557377,0.010461061604029445,0.3340265454007695,0.7128078199465415,23800,4951863.350000001,0,0,0,0,23900,798853.7999999999,1784884310544,2026-07-28 00:00:00,23750,17,-3403,6531,1240430,1667082,-0.002743403497174367,0.003917623728166941,3128,57061755,145625,735585,150.05,91.85,-0.799999999999983,0.5499999999999972,7759,10341,24000,23700,252115,229753,-1063,-5274,-0.0041986270529034905,-0.02243997498159786,-0.24999999999997158,1.200000000000017,0.8731675479677801
2026-07-24 00:00:00,2026-07-24 14:42:00,328,NIFTY,OK,23767.4,-6.899999999997817,1241996,4969,1670984,-2629,450657,4969,686626,-2629,-7598,241.9,0.18408296658404796,0.0011599500214460213,0.33866706084514214,1.6577192402799177,23800,5069874,0,0,0,0,23900,806919.2999999999,1784884369890,2026-07-28 00:00:00,23750,17,4969,-2629,1237027,1673613,0.004016888879547495,-0.0015708529988713042,2340,57139299,77544,536230,149.4,92.5,-0.6500000000000057,0.6500000000000057,3468,5871,24000,23700,253110,228733,1587,-6590,0.006309562147398051,-0.02800406250132796,0,1.3000000000000114,0.7186091638116627
2026-07-24 00:00:00,2026-07-24 14:43:00,329,NIFTY,OK,23763.45,-3.9500000000007276,1242108,112,1667515,-3469,450769,112,683157,-3469,-3581,242.95,0.23683033850089857,0.005774307162956202,0.3377859069578386,1.210645482869264,23800,5626943.3,0,0,0,0,23900,969155.7999999999,1784884430765,2026-07-28 00:00:00,23750,17,112,-3469,1241996,1670984,0.0000901774240818811,-0.0020760222719068524,-3357,57292156,152857,689087,146.35,96.6,-3.0500000000000114,4.099999999999994,5776,15293,24000,23700,250919,228050,-604,-7273,-0.0024013708487891764,-0.03090645623249746,1.049999999999983,2.3499999999999943,1.0060859730090046
2026-07-24 00:00:00,2026-07-24 14:44:00,330,NIFTY,OK,23768.55,5.099999999998545,1237325,-4783,1664735,-2780,445986,-4783,680377,-2780,2003,243.04999999999998,0.17737021288326224,0.010591775637750394,0.3359237996788071,0.5271360207171752,23800,5450667.5,0,0,0,0,23900,927133.9999999999,1784884490129,2026-07-28 00:00:00,23750,17,-4783,-2780,1242108,1667515,-0.0038507118543637106,-0.001667151419927257,-7563,57430869,138713,514739,147.45,95.6,1.0999999999999943,-1,3291,13257,24000,23700,249507,227123,-2593,-2441,-0.010285600952003173,-0.010633200327577495,0.09999999999999432,0.8999999999999773,1.490916143893258
2026-07-24 00:00:00,2026-07-24 14:45:00,331,NIFTY,OK,23768.45,-0.09999999999854481,1244782,7457,1658647,-6088,453443,7457,674289,-6088,-13545,243.15,0.20770957374883284,0.006770358333195152,0.3359759305233815,0.46311237026184265,23800,5547296.7,0,0,0,0,23900,902459.2,1784884549760,2026-07-28 00:00:00,23750,17,7457,-6088,1237325,1664735,0.006026710847998707,-0.0036570385076303436,1369,57519200,88331,603070,147.9,95.25,0.45000000000001705,-0.3499999999999943,3148,8909,24000,23700,250265,225776,-1835,-3788,-0.007278857596191987,-0.016500845080239062,0.10000000000002274,1.0000000000000284,1.3068783068782912
2026-07-24 00:00:00,2026-07-24 14:46:00,332,NIFTY,OK,23767.25,-1.2000000000007276,1245337,555,1651102,-7545,453998,555,666744,-7545,-8100,242.3,0.19159284901218357,0.02559029223137041,0.3359680505865711,0.42036118970734254,23800,5800240.550000001,0,0,0,0,23900,956892,1784884610522,2026-07-28 00:00:00,23750,17,555,-7545,1244782,1658647,0.0004458612030058275,-0.004548888340918833,-6990,57616692,97492,554937,146.3,96,-1.5999999999999943,0.75,3715,9103,24000,23700,250698,224855,-1417,-4898,-0.005620450984669695,-0.021318546439001884,-0.8499999999999943,0.4000000000000057,0.2625123055527013
2026-07-24 00:00:00,2026-07-24 14:47:00,333,NIFTY,OK,23770.95,3.7000000000007276,1242571,-2766,1652579,1477,451232,-2766,668221,1477,4243,242.1,0.18889763915513877,0.03260271317475091,0.3339530839530836,-0.67142372294603,23800,5523513.05,0,0,0,0,23900,890413.1,1784884670633,2026-07-28 00:00:00,23750,17,-2766,1477,1245337,1651102,-0.002221085537489049,0.0008945540614692491,-1289,57686186,69494,546887,147.7,94.4,1.3999999999999773,-1.5999999999999943,2125,6334,24000,23700,250790,224908,-2320,-3825,-0.009165975267670183,-0.016722554244468443,-0.20000000000001705,0.19999999999998863,-0.1777346000973689
2026-07-24 00:00:00,2026-07-24 14:48:00,334,NIFTY,OK,23764.9,-6.049999999999272,1241184,-1387,1644099,-8480,449845,-1387,659741,-8480,-7093,242.2,0.1561597250598988,0.05402106244382054,0.3385257198886278,1.4860906476835558,23800,5602949.25,0,0,0,0,23900,938100.5,1784884730137,2026-07-28 00:00:00,23750,17,-1387,-8480,1242571,1652579,-0.0011162340019202123,-0.005131373447199801,-9867,57742721,56535,450565,146.85,95.35,-0.8499999999999943,0.9499999999999886,2011,4001,24000,23700,252035,223381,1116,-4669,0.0044476504369936115,-0.020473580355185265,0.09999999999999432,-0.75,-0.40857173432580374
2026-07-24 00:00:00,2026-07-24 14:49:00,335,NIFTY,OK,23764.9,0,1241184,0,1644099,0,449845,0,659741,0,0,241.9,0.11288459398956706,0.051509959963647975,0.3373264562882432,0.6318857098539326,23800,5656537.5,0,0,0,0,23900,953502.1499999999,1784884791264,2026-07-28 00:00:00,23750,17,0,0,1241184,1644099,0,0,0,57756573,13852,325704,146.05,95.85,-0.799999999999983,0.5,446,1325,24000,23700,252035,223381,2528,-3742,0.010131980265082743,-0.01647565416096124,-0.29999999999998295,-1.1499999999999773,-0.9754172691319295
2026-07-24 00:00:00,2026-07-24 14:50:00,336,NIFTY,OK,23772.8,7.899999999997817,1231503,-9681,1638597,-5502,440164,-9681,654239,-5502,4179,241.7,0.2156412668548134,0.053850951346879686,0.33391322050209626,-1.3140100417219447,23800,5287733.1,0,0,0,0,23900,853964.35,1784884852778,2026-07-28 00:00:00,23750,17,-9681,-5502,1241184,1644099,-0.00779981050351922,-0.0033465138048256217,-15183,58138112,381539,618912,149,92.7,2.9499999999999886,-3.1499999999999915,13075,34552,24000,23700,250570,221272,305,-4504,0.001218708169340499,-0.01994897597618879,-0.20000000000001705,-1.450000000000017,-1.2072174819570904
2026-07-24 00:00:00,2026-07-24 14:51:00,337,NIFTY,OK,23772.8,0,1231503,0,1638597,0,440164,0,654239,0,0,241.7,0.18167311243510678,0.05051398105174332,0.33391322050209626,-1.2967976616452634,23800,5287733.1,0,0,0,0,23900,853964.35,1784884911185,2026-07-28 00:00:00,23750,17,0,0,1231503,1638597,0,0,0,58138112,0,521420,149,92.7,0,0,0,0,24000,23700,250570,221272,-128,-3583,-0.0005105744760628326,-0.01593471348202175,0,-0.6000000000000227,-1.1249968967494757
2026-07-24 00:00:00,2026-07-24 14:52:00,338,NIFTY,OK,23779.05,6.25,1466124,7954,1609021,-15389,477458,37294,598593,-55646,-23343,235.2,0.22933585245573787,0.04606226807573581,0.326260768378972,-2.6435067142159308,23800,5197721.7,0,0,0,0,23900,781005.6,1784884972349,2026-07-28 00:00:00,23800,16,7954,-15389,1230293,1579676,0.006465126599923758,-0.009741871117874805,-7435,59301083,253315,705241,122.35,112.85,1.5999999999999943,-2.0500000000000114,27085,27966,24000,23700,251530,218181,740,-6727,0.00295067586426891,-0.02991000764757145,-6.5,-6.900000000000006,-2.917705420971881
2026-07-24 00:00:00,2026-07-24 14:53:00,339,NIFTY,OK,23791.3,12.25,1472411,6287,1592770,-16251,483745,6287,582342,-16251,-22538,235.3,0.25852796294900693,0.041116306069267514,0.3247391728589659,-2.0579832167339314,23800,4994964.4,0,0,0,0,23900,723949.8500000001,1784885034019,2026-07-28 00:00:00,23800,17,6287,-16251,1466124,1609021,0.0042881775347787775,-0.01009993033030644,-9964,59444812,143729,792435,124.85,110.45,2.5,-2.3999999999999915,17777,14016,24000,23700,252209,215658,174,-7723,0.0006903803043228123,-0.03457321795497379,0.10000000000002274,-6.899999999999977,-1.9549248103458599
2026-07-24 00:00:00,2026-07-24 14:54:00,340,NIFTY,OK,23791.3,0,1472411,0,1592770,0,483745,0,582342,0,0,235.3,0.2540088170975874,0.04184781840857044,0.3247391728589659,-1.5609663336673258,23800,4994964.4,0,0,0,0,23900,723949.8500000001,1784885090360,2026-07-28 00:00:00,23800,17,0,0,1472411,1592770,0,0,0,59444812,0,778583,124.85,110.45,0,0,0,0,24000,23700,252209,215658,174,-7723,0.0006903803043228123,-0.03457321795497379,0,-6.599999999999994,-1.5056385220368194
2026-07-24 00:00:00,2026-07-24 14:55:00,341,NIFTY,OK,23791.9,0.6000000000021828,1472223,-188,1570178,-22592,483557,-188,559750,-22592,-22404,236.05,0.2449568613736322,0.053912945467134155,0.32807730481844166,-0.7314960242768801,23800,4689546.600000001,0,0,0,0,23900,649168.1000000001,1784885149876,2026-07-28 00:00:00,23800,17,-188,-22592,1472411,1592770,-0.00012768174103562117,-0.014184094376463645,-22780,59793025,348213,745257,127.85,108.2,3,-2.25,45813,33116,24000,23700,252347,212027,1777,-9245,0.007091830626172327,-0.041781156224013884,0.75,-5.649999999999977,-1.0368058026794715
2026-07-24 00:00:00,2026-07-24 14:56:00,342,NIFTY,OK,23784.75,-7.150000000001455,1483551,11328,1561385,-8793,494885,11328,550957,-8793,-20121,236.10000000000002,0.3069654009148304,0.040274315548470614,0.3278663970643301,-0.6236723330497242,23800,5156508.399999999,0,0,0,0,23900,758789.5,1784885209599,2026-07-28 00:00:00,23800,17,11328,-8793,1472223,1570178,0.007694486501026,-0.0056000020379855025,2535,59982458,189433,934690,125.15,110.95,-2.6999999999999886,2.75,24868,19120,24000,23700,254304,211325,3734,-9947,0.014902023386678374,-0.04495372211576702,0.05000000000001137,-5.599999999999966,-0.8347065494440716
2026-07-24 00:00:00,2026-07-24 14:57:00,343,NIFTY,OK,23786.5,1.75,1477640,-5911,1567289,5904,488974,-5911,556861,5904,11815,236.70000000000002,0.26869197935321315,0.03693219319731882,0.3320236491543182,0.266116285652824,23800,4468247.5,0,0,0,0,23900,608178.4,1784885271065,2026-07-28 00:00:00,23800,17,-5911,5904,1483551,1561385,-0.00398435914909565,0.0037812583059271096,-7,60119231,136773,818148,129.8,106.9,4.650000000000006,-4.049999999999997,15333,12825,24000,23700,253775,211788,2245,-6393,0.00892537669462887,-0.02930135988009955,0.5999999999999943,1.5000000000000284,-0.5014185938446235
2026-07-24 00:00:00,2026-07-24 14:58:00,344,NIFTY,OK,23782.1,-4.400000000001455,1476028,-1612,1573365,6076,487362,-1612,562937,6076,7688,235.5,0.26156418670863346,0.01979408534475409,0.32725670023818965,-0.5678192887651113,23800,5248244.649999999,0,0,0,0,23900,788924.5499999999,1784885330807,2026-07-28 00:00:00,23800,17,-1612,6076,1477640,1567289,-0.0010909287783221894,0.0038767578921309344,4464,60242424,123193,797612,123.5,112,-6.300000000000011,5.099999999999994,16603,9911,24000,23700,253276,212169,1067,-3489,0.004230618257080437,-0.016178393567593135,-1.200000000000017,0.19999999999998863,-0.7308595484231403
2026-07-24 00:00:00,2026-07-24 14:59:00,345,NIFTY,OK,23778.35,-3.75,1469663,-6365,1572189,-1176,480997,-6365,561761,-1176,5189,234,0.3414995206867395,0.022457838005912643,0.32527447736501786,-0.9165448723478852,23800,5501164.6,0,0,0,0,23900,860632.4,1784885390263,2026-07-28 00:00:00,23800,17,-6365,-1176,1476028,1573365,-0.004312248819128092,-0.0007474425832530913,-7541,60483603,241179,1038791,120.5,113.5,-3,1.5,26093,21858,24000,23700,251754,210991,-455,-4667,-0.0018040593317447038,-0.021640745995975107,-1.5,-1.3000000000000114,-1.075218667682729
2026-07-24 00:00:00,2026-07-24 15:00:00,346,NIFTY,OK,23781.3,2.9500000000007276,1469663,0,1572189,0,480997,0,561761,0,0,234,0.22702550945936883,0.0007949862289270726,0.32416528801323535,-1.0601492124051093,23800,5501164.6,0,0,0,0,23900,860632.4,1784885449826,2026-07-28 00:00:00,23800,17,0,0,1469663,1572189,0,0,0,60483603,0,690578,120.5,113.5,0,0,0,0,24000,23700,251754,210991,-593,-1036,-0.0023499387747823435,-0.004886170157574271,0,-2.0500000000000114,-0.9588113384251508
2026-07-24 00:00:00,2026-07-24 15:01:00,347,NIFTY,OK,23750.45,-30.849999999998545,1208646,-33707,1565311,-16919,417307,-63690,580953,19192,16788,235.7,0.5027075041177639,0.03851590080667542,0.3315572345484099,1.655728352174567,23800,6537922.5,0,0,0,0,23900,1307039.8,1784885510336,2026-07-28 00:00:00,23750,16,-33707,-16919,1241219,1527336,-0.027156368054307902,-0.011077457743417297,-50626,60459433,893344,1394489,136.65,99.05,-12.199999999999989,7.549999999999997,25989,66987,24000,23700,247355,206818,-6949,-4507,-0.027325563105574432,-0.021327339406128003,1.6999999999999886,-0.4000000000000341,0.3854022057829283
2026-07-24 00:00:00,2026-07-24 15:02:00,348,NIFTY,OK,23750.45,0,1208646,0,1565311,0,417307,0,580953,0,0,235.7,0.4534014045639496,0.04269882867038346,0.3315572345484099,1.3163820617399336,23800,6537922.5,0,0,0,0,23900,1307039.8,1784885570472,2026-07-28 00:00:00,23750,17,0,0,1208646,1565311,0,0,0,60459433,0,1257716,136.65,99.05,0,0,0,0,24000,23700,247355,206818,-6420,-4970,-0.025298000197024925,-0.0234668630895046,0,-1.0000000000000284,0.3232608861827897
2026-07-24 00:00:00,2026-07-24 15:03:00,349,NIFTY,OK,23752.65,2.2000000000007276,1198282,-10364,1539673,-25638,406943,-10364,555315,-25638,-15274,234.75,0.6358333135497114,0.05409266446969727,0.32838853509176136,0.10885660840526444,23800,6466003.050000001,0,0,0,0,23900,1375091.2000000002,1784885629411,2026-07-28 00:00:00,23750,17,-10364,-25638,1208646,1565311,-0.008574884622958252,-0.016378853786883245,-36002,61065793,606360,1740883,134.4,100.35,-2.25,1.2999999999999972,16711,57289,24000,23700,247625,204673,-5651,-7496,-0.022311628421169002,-0.035330326296490064,-0.9499999999999886,-0.75,-0.7455229769580688
2026-07-24 00:00:00,2026-07-24 15:04:00,350,NIFTY,OK,23754.85,2.1999999999970896,1200573,2291,1526752,-12921,409234,2291,542394,-12921,-15212,234.25,0.6182050177371601,0.05768407267654619,0.3270597092175234,-0.49843850869753814,23800,6476786.399999999,0,0,0,0,23900,1362825,1784885689861,2026-07-28 00:00:00,23750,17,2291,-12921,1198282,1539673,0.0019119038757153992,-0.00839204168677375,-10630,61252135,186342,1686046,134.85,99.4,0.44999999999998863,-0.9499999999999886,5863,18566,24000,23700,248739,201718,-3015,-9273,-0.011975976548535475,-0.043949741932120326,-0.5,0.25,-1.1249989543069314
2026-07-24 00:00:00,2026-07-24 15:05:00,351,NIFTY,OK,23756.35,1.5,1200573,0,1526752,0,409234,0,542394,0,0,234.25,0.6218800472990934,0.05734318591991246,0.3254035523911785,-0.9886001096292335,23800,6600906,0,0,0,0,23900,1379650,1784885750030,2026-07-28 00:00:00,23750,17,0,0,1200573,1526752,0,0,0,61262158,10023,1696069,134.5,99.75,-0.3499999999999943,0.3499999999999943,300,924,24000,23700,248739,201718,-3015,-9273,-0.011975976548535475,-0.043949741932120326,0,0.25,-0.9204787566994411
2026-07-24 00:00:00,2026-07-24 15:06:00,352,NIFTY,OK,23756.95,0.6000000000021828,1202825,2252,1506907,-19845,411486,2252,522549,-19845,-22097,233.55,0.37578291875358893,0.06307260051597266,0.3230946402612843,-1.4604591003636138,23800,6605679.5,0,0,0,0,23900,1371042.2,1784885809859,2026-07-28 00:00:00,23750,17,2252,-19845,1200573,1526752,0.0018757709860208417,-0.01299818176101947,-17593,61477704,215546,1018271,134,99.55,-0.5,-0.20000000000000284,6626,19130,24000,23700,250658,198025,3303,-8793,0.013353277677831456,-0.04251564177199277,-0.6999999999999886,-2.1499999999999773,-1.3482929269675707
2026-07-24 00:00:00,2026-07-24 15:07:00,353,NIFTY,OK,23757.7,0.75,1193518,-9307,1478324,-28583,402179,-9307,493966,-28583,-19276,234.35000000000002,0.5042435143994293,0.07579463191561533,0.32712342198798816,0.013145388252217957,23800,6185300,0,0,0,0,23900,1250742.45,1784885869641,2026-07-28 00:00:00,23750,17,-9307,-28583,1202825,1506907,-0.00773761769168416,-0.01896799205259515,-37890,61806692,328988,1347259,139.05,95.3,5.050000000000011,-4.25,11131,32716,24000,23700,248112,194399,757,-12419,0.0030603788077863798,-0.06004796487733176,0.8000000000000114,-1.349999999999966,-0.34758277583334746
2026-07-24 00:00:00,2026-07-24 15:08:00,354,NIFTY,OK,23752.95,-4.75,1193950,432,1473761,-4563,402611,432,489403,-4563,-4995,232.4,0.3302906499242234,0.07972126384601416,0.32622720102766517,-0.2807294241103802,23800,6540874.45,0,0,0,0,23900,1415759,1784885932362,2026-07-28 00:00:00,23750,17,432,-4563,1193518,1478324,0.0003619551611286968,-0.0030866034779926457,-4131,61946913,140221,881120,134.15,98.25,-4.900000000000006,2.950000000000003,6422,11694,24000,23700,247905,192371,280,-12302,0.0011307420494699647,-0.060105631910413196,-1.950000000000017,-2.3499999999999943,-2.0575655510663253
2026-07-24 00:00:00,2026-07-24 15:09:00,355,NIFTY,OK,23752.95,0,1193950,0,1473761,0,402611,0,489403,0,0,232.4,0.2604397552808381,0.08580294712843527,0.32622720102766517,-0.3214492345816325,23800,6540874.45,0,0,0,0,23900,1415759,1784885990215,2026-07-28 00:00:00,23750,17,0,0,1193950,1473761,0,0,0,61946913,0,694778,134.15,98.25,0,0,0,0,24000,23700,247905,192371,-834,-9347,-0.003352912088574771,-0.046336965466641546,0,-1.8499999999999943,-1.6019385221773814
2026-07-24 00:00:00,2026-07-24 15:10:00,356,NIFTY,OK,23754.15,1.2000000000007276,1187641,-6309,1475635,1874,396302,-6309,491277,1874,8183,231.6,0.33681113035224286,0.07140189583075536,0.3235430529394493,-1.2738228177920379,23800,6671787,0,0,0,0,23900,1433218,1784886050691,2026-07-28 00:00:00,23750,17,-6309,1874,1193950,1473761,-0.005284140876921144,0.0012715765989193635,-4435,62159179,212266,897021,133.6,98,-0.5500000000000114,-0.25,8734,17454,24000,23700,244706,192812,-4033,-8906,-0.016213782318012054,-0.044150745099594484,-0.8000000000000114,-2.6500000000000057,-1.7317795716680828
2026-07-24 00:00:00,2026-07-24 15:11:00,357,NIFTY,OK,23757.35,3.1999999999970896,1180692,-6949,1452824,-22811,389353,-6949,468466,-22811,-15862,232.8,0.29894217464408795,0.09681062000409009,0.32314703629813935,-1.2195328270264252,23800,6587134.2,0,0,0,0,23900,1464477.75,1784886110172,2026-07-28 00:00:00,23750,17,-6949,-22811,1187641,1475635,-0.005851094733172735,-0.015458429760747069,-29760,62264973,105794,787269,135,97.8,1.4000000000000057,-0.20000000000000284,4325,10637,24000,23700,243270,189353,-7388,-8672,-0.02947442331782748,-0.043792450448175736,1.200000000000017,-0.75,-0.6648069795101921
2026-07-24 00:00:00,2026-07-24 15:12:00,358,NIFTY,OK,23757.95,0.6000000000021828,1171254,-9438,1443039,-9785,379915,-9438,458681,-9785,-347,231.8,0.2340139379939433,0.09406797530488852,0.32163759331455133,-1.6998162333142932,23800,6355883.449999999,0,0,0,0,23900,1420420,1784886169762,2026-07-28 00:00:00,23750,17,-9438,-9785,1180692,1452824,-0.007993617302395544,-0.006735158560155945,-19223,62418473,153500,611781,136,95.8,1,-2,5739,13890,24000,23500,241962,187299,-6150,0,-0.02478719288063455,0,-1,-2.5500000000000114,-1.291161049122067
2026-07-24 00:00:00,2026-07-24 15:13:00,359,NIFTY,OK,23758,0.049999999999272404,1168638,-2616,1438390,-4649,377299,-2616,454032,-4649,-2033,231.7,0.2758650846864706,0.0843771030662358,0.32559527192135035,0.3813327355317606,23800,5993701.05,0,0,0,0,23900,1259511.75,1784886230664,2026-07-28 00:00:00,23750,17,-2616,-4649,1171254,1443039,-0.0022335035782161685,-0.0032216731495129376,-7265,62666101,247628,719188,139.2,92.5,3.1999999999999886,-3.299999999999997,8914,23454,24000,23500,241688,187918,-6217,0,-0.025078154938383654,0,-0.10000000000002274,-0.700000000000017,-1.1526946534762943
2026-07-24 00:00:00,2026-07-24 15:14:00,360,NIFTY,OK,23771.55,13.549999999999272,1159618,-9020,1422910,-15480,368279,-9020,438552,-15480,-6460,234.8,0.36095755786578115,0.09138012600530153,0.32606915249131635,0.7374621309035396,23800,5036326.5,0,0,0,0,23900,971148.5499999999,1784886291202,2026-07-28 00:00:00,23750,17,-9020,-15480,1168638,1438390,-0.0077183867031535855,-0.010762032550281912,-24500,62879096,212995,932183,147.25,87.55,8.050000000000011,-4.950000000000003,10908,17510,24000,23500,241084,186448,-6821,0,-0.027514572114317983,0,3.1000000000000227,2.4000000000000057,1.6241323104156142
2026-07-24 00:00:00,2026-07-24 15:15:00,361,NIFTY,OK,23771.55,0,1159618,0,1422910,0,368279,0,438552,0,0,234.8,0.2787644509565821,0.11216292989330715,0.32606915249131635,0.6847748249856239,23800,5036326.5,0,0,0,0,23900,971148.5499999999,1784886349572,2026-07-28 00:00:00,23750,17,0,0,1159618,1422910,0,0,0,62879096,0,719917,147.25,87.55,0,0,0,0,24000,23500,241084,186448,-3622,0,-0.014801435191617696,0,0,3.200000000000017,1.4807135539609693
2026-07-24 00:00:00,2026-07-24 15:16:00,362,NIFTY,OK,23777.5,5.950000000000728,1332898,-46310,1366399,-45534,344232,-24047,355971,-82581,776,227.39999999999998,0.5446825599406068,0.09714744330934665,0.3255204848299463,0.24546221741187757,23800,3945724.0000000005,0,0,0,0,23900,655609.5,1784886409815,2026-07-28 00:00:00,23800,16,-46310,-45534,1158461,1367588,-0.03997545018779225,-0.0332951151955121,-91844,64773445,856137,1470260,124.85,102.55,5.75,-7.150000000000006,94417,63352,24000,23500,233283,186103,-9987,0,-0.04105315082007646,0,-7.400000000000034,-5.400000000000034,-2.442997127458084
2026-07-24 00:00:00,2026-07-24 15:17:00,363,NIFTY,OK,23777.5,0,1332898,0,1366399,0,344232,0,355971,0,0,227.39999999999998,0.487815901695886,0.09387359883350041,0.3255204848299463,0.3721358958114953,23800,3945724.0000000005,0,0,0,0,23900,655609.5,1784886469879,2026-07-28 00:00:00,23800,17,0,0,1332898,1366399,0,0,0,64773445,0,1316760,124.85,102.55,0,0,0,0,24000,23500,233283,186103,-8679,-1196,-0.03586926872814739,-0.006385511935461482,0,-4.400000000000034,-1.7833532793114701
2026-07-24 00:00:00,2026-07-24 15:18:00,364,NIFTY,OK,23770.55,-6.950000000000728,1106130,-7132,1354477,-18491,314791,-29441,370119,14148,-11359,234.14999999999998,0.6086307159168449,0.0947962775131694,0.3257155786853721,0.5471873914210897,23800,4345306.8,0,0,0,0,23900,994317.5,1784886530003,2026-07-28 00:00:00,23750,16,-7132,-18491,1112151,1322054,-0.006412798262106494,-0.013986569383701422,-25623,64182391,428469,1497601,146.7,87.45,-7.550000000000011,5.400000000000006,15192,30605,24000,23500,231435,183659,-10253,-4259,-0.04242246201714607,-0.022664140742238634,6.75,2.4499999999999886,0.8982704036714857
2026-07-24 00:00:00,2026-07-24 15:19:00,365,NIFTY,OK,23773.55,3,1101854,-4276,1347075,-7402,310515,-4276,362717,-7402,-3126,234.7,0.5723514238264972,0.09213796901932582,0.3234285175761009,-0.8135352872176382,23800,4283066.25,0,0,0,0,23900,1032193.2,1784886591304,2026-07-28 00:00:00,23750,17,-4276,-7402,1106130,1354477,-0.0038657300678943706,-0.005464839934528235,-11678,64299433,117042,1401648,146.45,88.25,-0.25,0.7999999999999972,3546,9191,24000,23500,231471,181544,-9613,-4904,-0.03987406878930166,-0.02630223976658371,0.5500000000000114,-0.10000000000002274,0.9721188424199132
2026-07-24 00:00:00,2026-07-24 15:20:00,366,NIFTY,OK,23773.6,0.049999999999272404,1097040,-4814,1336886,-10189,305701,-4814,352528,-10189,-5375,239.95,0.6617000681203948,0.0895035109582007,0.3336436331139525,2.646413045165774,23800,3910832.1,0,0,0,0,23900,1024707.9,1784886651720,2026-07-28 00:00:00,23750,17,-4814,-10189,1101854,1347075,-0.004368999885647281,-0.00756379563127517,-15003,64508314,208881,1610529,151,88.95,4.550000000000011,0.7000000000000028,7546,14995,24000,23500,230561,181492,-10523,-4956,-0.04364868676477908,-0.0265811379044023,5.25,5.149999999999977,1.9810086629698302
2026-07-24 00:00:00,2026-07-24 15:21:00,367,NIFTY,OK,23773.6,0,1097040,0,1336886,0,305701,0,352528,0,0,239.95,0.30994861799413786,0.06933265464108845,0.3336436331139525,1.8698283622707148,23800,3910832.1,0,0,0,0,23900,1024707.9,1784886710605,2026-07-28 00:00:00,23750,17,0,0,1097040,1336886,0,0,0,64508314,0,754392,151,88.95,0,0,0,0,24000,23500,230561,181492,-2722,-4611,-0.011668231289892535,-0.024776602204155763,0,12.550000000000011,1.5300838875640368
2026-07-24 00:00:00,2026-07-24 15:22:00,368,NIFTY,OK,23776.1,2.5,1298729,-11893,1310850,-20023,310063,4362,300422,-52106,-8130,229.64999999999998,0.331277190688613,0.09742115040705893,0.32381423488898686,-0.8883418784629933,23800,3778940,0,0,0,0,23900,915012.2,1784886770356,2026-07-28 00:00:00,23800,16,-11893,-20023,1095932,1286386,-0.010851950668472131,-0.015565312433437553,-31916,65672184,110102,864494,122.05,107.6,0.09999999999999432,-2.6000000000000085,10091,7592,24000,23500,229457,178933,-3826,-7170,-0.016400680718269226,-0.03852705222376856,-10.300000000000011,2.25,-0.8934254332210609
2026-07-24 00:00:00,2026-07-24 15:23:00,369,NIFTY,OK,23780.05,3.9500000000007276,1280550,-18179,1289558,-21292,291884,-18179,279130,-21292,-3113,228.05,0.2545643996283425,0.14989193865417005,0.32218903003521804,-1.1678844947189309,23800,3622452.4,0,0,0,0,23900,833777,1784886830132,2026-07-28 00:00:00,23800,17,-18179,-21292,1298729,1310850,-0.013997531432654541,-0.016242895830949382,-39471,65890417,218233,654258,122.15,105.9,0.10000000000000853,-1.6999999999999886,18867,14703,24000,23500,227273,177321,-4162,-6338,-0.017983451076976256,-0.034509607479078074,-1.599999999999966,-6.099999999999966,-1.1102319901451345
2026-07-24 00:00:00,2026-07-24 15:24:00,370,NIFTY,OK,23780,-0.049999999999272404,1275849,-4701,1281154,-8404,287183,-4701,270726,-8404,-3703,229.7,0.2746171983372722,0.14169100693964798,0.3232560134999857,-0.7806680611683464,23800,3453557.8000000003,0,0,0,0,23900,801759,1784886890327,2026-07-28 00:00:00,23800,17,-4701,-8404,1280550,1289558,-0.0036710788333138107,-0.006516961625611256,-13105,66055398,164981,702197,123.7,106,1.5499999999999972,0.09999999999999432,10945,13192,24000,23500,227634,176072,-3837,-5472,-0.016576590588021824,-0.030141453311593885,1.6499999999999773,-5,-0.6250203075823395
2026-07-24 00:00:00,2026-07-24 15:25:00,371,NIFTY,OK,23779.2,-0.7999999999992724,1275849,0,1281154,0,287183,0,270726,0,0,228.55,0.22014209603977783,0.15010019470460328,0.32066728452270576,-1.20031705773367,23800,3559570.1999999997,0,0,0,0,23900,836904.6,1784886950307,2026-07-28 00:00:00,23800,17,0,0,1275849,1281154,0,0,0,66124986,69588,562904,122.4,106.15,-1.2999999999999972,0.15000000000000568,5444,4745,24000,23500,227634,176072,-2927,-5420,-0.012695121898326256,-0.029863575254005688,-1.1499999999999773,-11.399999999999977,-0.7266516742176745
2026-07-24 00:00:00,2026-07-24 15:26:00,372,NIFTY,OK,23772.55,-6.650000000001455,1039355,-23918,1256165,-26920,248016,-39167,271807,1081,-3002,237.7,0.3662033003415348,0.16098697757745112,0.33159868729489045,1.148105730909444,23800,3395052.6500000004,0,0,0,0,23900,932735.9,1784887010057,2026-07-28 00:00:00,23750,16,-23918,-26920,1062204,1236666,-0.022517331887283422,-0.0217682058049627,-50838,65342542,277723,840627,150.7,87,-0.5,1.9500000000000028,7898,16539,24000,23500,224283,172483,-6278,-9009,-0.02722923651441484,-0.049638551561501335,9.149999999999977,-2.25,1.0047534983709656
2026-07-24 00:00:00,2026-07-24 15:27:00,373,NIFTY,OK,23783.25,10.700000000000728,1233736,-17317,1242295,-11871,245070,-2946,231867,-39940,5446,231.2,0.33758583798021913,0.15863893199086465,0.3223887970510555,-0.7717070853204794,23800,3096711.1999999997,0,0,0,0,23900,872066.85,1784887069764,2026-07-28 00:00:00,23800,16,-17317,-11871,1038286,1209746,-0.01667844890521494,-0.009812803679450066,-29188,66526675,105348,835873,124.25,106.95,1.6500000000000057,-0.9500000000000028,8673,8865,24000,23500,220926,173562,-8531,-5371,-0.03717907930461917,-0.030016821938938038,-6.5,1.5500000000000114,-0.4938913926524987
2026-07-24 00:00:00,2026-07-24 15:28:00,374,NIFTY,OK,23783.25,0,1233736,0,1242295,0,245070,0,231867,0,0,231.2,0.24944760384664005,0.1507852470694903,0.3223887970510555,-0.6830422177911786,23800,3096711.1999999997,0,0,0,0,23900,872066.85,1784887129675,2026-07-28 00:00:00,23800,17,0,0,1233736,1242295,0,0,0,66526675,0,617640,124.25,106.95,0,0,0,0,24000,23500,220926,173562,-6347,-3759,-0.027926766487880214,-0.021198842776659278,0,3.1499999999999773,-0.4229468071053421
2026-07-24 00:00:00,2026-07-24 15:29:00,375,NIFTY,OK,23786.5,3.25,1197346,-36390,1199652,-42643,208680,-36390,189224,-42643,-6253,229.5,0.3639097738087391,0.18234625830141546,0.3185904830913268,-1.2562412791981765,23800,2891213.6,0,0,0,0,23900,858761.65,1784887189528,2026-07-28 00:00:00,23800,17,-36390,-42643,1233736,1242295,-0.029495775433317988,-0.034325985373844375,-79033,66946307,419632,872291,123.65,105.85,-0.5999999999999943,-1.1000000000000085,31692,30246,24000,23500,215211,172108,-12423,-3964,-0.05457444845673318,-0.02251351719751011,-1.6999999999999886,-0.19999999999998863,-0.6778858653672912
2026-07-24 00:00:00,2026-07-24 15:30:00,376,NIFTY,OK,23787,0.5,1197346,0,1199652,0,208680,0,189224,0,0,227.2,0.3748584688013924,0.17702037205005927,0.31517606850735386,-1.5653953239975746,23800,2921898.65,23450,7615.299999999999,0,0,23900,795583,1784887252764,2026-07-28 00:00:00,23800,17,0,0,1197346,1199652,0,0,0,67042139,95832,898535,123.2,104,-0.45000000000000284,-1.8499999999999943,6090,11040,24000,23500,215211,172108,-12423,-3964,-0.05457444845673318,-0.02251351719751011,-2.3000000000000114,-1.3500000000000227,-1.0198899802899999
2026-07-24 00:00:00,2026-07-24 15:31:00,377,NIFTY,OK,23786.7,-0.2999999999992724,1176296,-21050,1181081,-18571,187630,-21050,170653,-18571,2479,225.45,0.2999677183581582,0.20907122665056418,0.31377779489796853,-1.6176606191069918,23800,2675089.1999999997,23450,3210.6,0,0,23900,757778.1,1784887310359,2026-07-28 00:00:00,23800,17,-21050,-18571,1197346,1199652,-0.017580548980829266,-0.015480322626895133,-39621,67128464,86325,707137,122.65,102.8,-0.5499999999999972,-1.2000000000000028,6927,5462,24000,23500,215211,169420,-9072,-3063,-0.04044889715225853,-0.017758271829687564,-1.75,-12.25,-1.404890526768216
2026-07-24 00:00:00,2026-07-24 15:32:00,378,NIFTY,OK,23767.45,-19.25,968752,0,1182204,0,177413,-10217,197846,27193,0,233.95,0.27977745709349705,0.19716877510223682,0.332686666035771,1.799152465752683,23800,2675089.1999999997,23450,3210.6,0,0,23900,757778.1,1784887370266,2026-07-28 00:00:00,23750,16,0,0,967697,1136804,0,0,0,66029217,0,601789,152.1,81.85,0,0,0,0,24000,23500,215211,169420,-5715,-4142,-0.025868390320740883,-0.023864670838086677,8.5,2.75,1.1059074208440351