date_ist,minute_bucket_ist,run_id,symbol,alert_code,state,severity,value,message,meta
2026-08-07 00:00:00,2026-08-07 09:15:00,1,NIFTY,REGIME_RANGE_PIN,ON,LOW,0,Range / pin (inside local walls),"{""dedupe_key"":""NIFTY|REGIME_RANGE_PIN|ON|2026-08-07 09:15"",""threshold"":0.001,""value"":0,""since_minute_bucket_ist"":"""",""last_updated_ist"":""2026-08-07 09:15:00""}"
2026-08-07 00:00:00,2026-08-07 09:16:00,2,NIFTY,REGIME_TREND_UP,ON,MED,0.0014,Trend UP (slope + direction),"{""dedupe_key"":""NIFTY|REGIME_TREND_UP|ON|2026-08-07 09:16"",""threshold"":0.001,""value"":0.0014,""since_minute_bucket_ist"":"""",""last_updated_ist"":""2026-08-07 09:16:00""}"
2026-08-07 00:00:00,2026-08-07 09:16:00,2,NIFTY,REGIME_RANGE_PIN,OFF,LOW,0,Range / pin (inside local walls),"{""dedupe_key"":""NIFTY|REGIME_RANGE_PIN|OFF|2026-08-07 09:16"",""threshold"":0.001,""value"":0,""since_minute_bucket_ist"":""2026-08-07 09:15"",""last_updated_ist"":""2026-08-07 09:16:00""}"
2026-08-07 00:00:00,2026-08-07 09:16:00,2,NIFTY,PIN_BASIC,ON,LOW,37.5,Spot near a local wall (pin zone),"{""dedupe_key"":""NIFTY|PIN_BASIC|ON|2026-08-07 09:16"",""threshold"":37.5,""value"":37.5,""since_minute_bucket_ist"":"""",""last_updated_ist"":""2026-08-07 09:16:00""}"
2026-08-07 00:00:00,2026-08-07 09:16:00,2,NIFTY,TAIL_RISK_SKEW_LOW,ON,LOW,0.27,Tail-risk skew low (PCR_COI low),"{""dedupe_key"":""NIFTY|TAIL_RISK_SKEW_LOW|ON|2026-08-07 09:16"",""threshold"":0.55,""value"":0.27,""since_minute_bucket_ist"":"""",""last_updated_ist"":""2026-08-07 09:16:00""}"
2026-08-07 00:00:00,2026-08-07 09:16:00,2,NIFTY,WALL_SHIFT_REGIME,ON,MED,1,Wall strike shifted materially (>= 1 step),"{""dedupe_key"":""NIFTY|WALL_SHIFT_REGIME|ON|2026-08-07 09:16"",""threshold"":1,""value"":1,""since_minute_bucket_ist"":"""",""last_updated_ist"":""2026-08-07 09:16:00""}"
2026-08-07 00:00:00,2026-08-07 09:17:00,3,NIFTY,FLOW_BOTH_BUILDING,ON,MED,0.1268,Both sides building (straddle build) → higher chop risk,"{""dedupe_key"":""NIFTY|FLOW_BOTH_BUILDING|ON|2026-08-07 09:17"",""threshold"":0.005,""value"":0.1268,""since_minute_bucket_ist"":"""",""last_updated_ist"":""2026-08-07 09:17:00""}"
2026-08-07 00:00:00,2026-08-07 09:17:00,3,NIFTY,REGIME_BREAKOUT_DOWN,ON,HIGH,2,Breakout DOWN (held below put wall),"{""dedupe_key"":""NIFTY|REGIME_BREAKOUT_DOWN|ON|2026-08-07 09:17"",""threshold"":2,""value"":2,""since_minute_bucket_ist"":"""",""last_updated_ist"":""2026-08-07 09:17:00""}"
2026-08-07 00:00:00,2026-08-07 09:17:00,3,NIFTY,OPTION_MOMENTUM_PUT,ON,MED,1.9,ATM PUT momentum (ltp up + vol up),"{""dedupe_key"":""NIFTY|OPTION_MOMENTUM_PUT|ON|2026-08-07 09:17"",""threshold"":1.5,""value"":1.9,""since_minute_bucket_ist"":"""",""last_updated_ist"":""2026-08-07 09:17:00""}"
2026-08-07 00:00:00,2026-08-07 09:17:00,3,NIFTY,TAIL_RISK_SKEW_LOW,OFF,LOW,0.9,Tail-risk skew low (PCR_COI low),"{""dedupe_key"":""NIFTY|TAIL_RISK_SKEW_LOW|OFF|2026-08-07 09:17"",""threshold"":0.55,""value"":0.9,""since_minute_bucket_ist"":""2026-08-07 09:16"",""last_updated_ist"":""2026-08-07 09:17:00""}"
2026-08-07 00:00:00,2026-08-07 09:17:00,3,NIFTY,WALL_SHIFT_REGIME,OFF,MED,1,Wall strike shifted materially (>= 1 step),"{""dedupe_key"":""NIFTY|WALL_SHIFT_REGIME|OFF|2026-08-07 09:17"",""threshold"":1,""value"":1,""since_minute_bucket_ist"":""2026-08-07 09:16"",""last_updated_ist"":""2026-08-07 09:17:00""}"
2026-08-07 00:00:00,2026-08-07 09:18:00,4,NIFTY,FLOW_BOTH_BUILDING,OFF,MED,0,Both sides building (straddle build) → higher chop risk,"{""dedupe_key"":""NIFTY|FLOW_BOTH_BUILDING|OFF|2026-08-07 09:18"",""threshold"":0.005,""value"":0,""since_minute_bucket_ist"":""2026-08-07 09:17"",""last_updated_ist"":""2026-08-07 09:18:00""}"
2026-08-07 00:00:00,2026-08-07 09:18:00,4,NIFTY,OPTION_MOMENTUM_PUT,OFF,MED,0,ATM PUT momentum (ltp up + vol up),"{""dedupe_key"":""NIFTY|OPTION_MOMENTUM_PUT|OFF|2026-08-07 09:18"",""threshold"":1.5,""value"":0,""since_minute_bucket_ist"":""2026-08-07 09:17"",""last_updated_ist"":""2026-08-07 09:18:00""}"
2026-08-07 00:00:00,2026-08-07 09:19:00,5,NIFTY,FLOW_BOTH_BUILDING,ON,MED,0.0479,Both sides building (straddle build) → higher chop risk,"{""dedupe_key"":""NIFTY|FLOW_BOTH_BUILDING|ON|2026-08-07 09:19"",""threshold"":0.005,""value"":0.0479,""since_minute_bucket_ist"":"""",""last_updated_ist"":""2026-08-07 09:19:00""}"
2026-08-07 00:00:00,2026-08-07 09:19:00,5,NIFTY,REGIME_BREAKOUT_DOWN,OFF,HIGH,0,Breakout DOWN (held below put wall),"{""dedupe_key"":""NIFTY|REGIME_BREAKOUT_DOWN|OFF|2026-08-07 09:19"",""threshold"":2,""value"":0,""since_minute_bucket_ist"":""2026-08-07 09:17"",""last_updated_ist"":""2026-08-07 09:19:00""}"
2026-08-07 00:00:00,2026-08-07 09:19:00,5,NIFTY,WALL_SHIFT_REGIME,ON,MED,1,Wall strike shifted materially (>= 1 step),"{""dedupe_key"":""NIFTY|WALL_SHIFT_REGIME|ON|2026-08-07 09:19"",""threshold"":1,""value"":1,""since_minute_bucket_ist"":"""",""last_updated_ist"":""2026-08-07 09:19:00""}"
2026-08-07 00:00:00,2026-08-07 09:20:00,6,NIFTY,FLOW_BOTH_BUILDING,OFF,MED,0,Both sides building (straddle build) → higher chop risk,"{""dedupe_key"":""NIFTY|FLOW_BOTH_BUILDING|OFF|2026-08-07 09:20"",""threshold"":0.005,""value"":0,""since_minute_bucket_ist"":""2026-08-07 09:19"",""last_updated_ist"":""2026-08-07 09:20:00""}"
2026-08-07 00:00:00,2026-08-07 09:20:00,6,NIFTY,WALL_SHIFT_REGIME,OFF,MED,1,Wall strike shifted materially (>= 1 step),"{""dedupe_key"":""NIFTY|WALL_SHIFT_REGIME|OFF|2026-08-07 09:20"",""threshold"":1,""value"":1,""since_minute_bucket_ist"":""2026-08-07 09:19"",""last_updated_ist"":""2026-08-07 09:20:00""}"
2026-08-07 00:00:00,2026-08-07 09:21:00,7,NIFTY,FLOW_BOTH_BUILDING,ON,MED,0.03,Both sides building (straddle build) → higher chop risk,"{""dedupe_key"":""NIFTY|FLOW_BOTH_BUILDING|ON|2026-08-07 09:21"",""threshold"":0.005,""value"":0.03,""since_minute_bucket_ist"":"""",""last_updated_ist"":""2026-08-07 09:21:00""}"
2026-08-07 00:00:00,2026-08-07 09:21:00,7,NIFTY,REGIME_TREND_UP,OFF,MED,0.0004,Trend UP (slope + direction),"{""dedupe_key"":""NIFTY|REGIME_TREND_UP|OFF|2026-08-07 09:21"",""threshold"":0.001,""value"":0.0004,""since_minute_bucket_ist"":""2026-08-07 09:16"",""last_updated_ist"":""2026-08-07 09:21:00""}"
2026-08-07 00:00:00,2026-08-07 09:21:00,7,NIFTY,REGIME_TRANSITION_UNCERTAIN,ON,LOW,1,Transition/uncertain regime,"{""dedupe_key"":""NIFTY|REGIME_TRANSITION_UNCERTAIN|ON|2026-08-07 09:21"",""threshold"":1,""value"":1,""since_minute_bucket_ist"":"""",""last_updated_ist"":""2026-08-07 09:21:00""}"
2026-08-07 00:00:00,2026-08-07 09:21:00,7,NIFTY,VOL_EXPANSION,ON,MED,0.01,Volatility expanding (straddle up),"{""dedupe_key"":""NIFTY|VOL_EXPANSION|ON|2026-08-07 09:21"",""threshold"":0.02,""value"":0.01,""since_minute_bucket_ist"":"""",""last_updated_ist"":""2026-08-07 09:21:00""}"
2026-08-07 00:00:00,2026-08-07 09:22:00,8,NIFTY,FLOW_BOTH_BUILDING,OFF,MED,0,Both sides building (straddle build) → higher chop risk,"{""dedupe_key"":""NIFTY|FLOW_BOTH_BUILDING|OFF|2026-08-07 09:22"",""threshold"":0.005,""value"":0,""since_minute_bucket_ist"":""2026-08-07 09:21"",""last_updated_ist"":""2026-08-07 09:22:00""}"
2026-08-07 00:00:00,2026-08-07 09:22:00,8,NIFTY,VOL_EXPANSION,OFF,MED,0.0092,Volatility expanding (straddle up),"{""dedupe_key"":""NIFTY|VOL_EXPANSION|OFF|2026-08-07 09:22"",""threshold"":0.02,""value"":0.0092,""since_minute_bucket_ist"":""2026-08-07 09:21"",""last_updated_ist"":""2026-08-07 09:22:00""}"
2026-08-07 00:00:00,2026-08-07 09:23:00,9,NIFTY,FLOW_BOTH_BUILDING,ON,MED,0.0113,Both sides building (straddle build) → higher chop risk,"{""dedupe_key"":""NIFTY|FLOW_BOTH_BUILDING|ON|2026-08-07 09:23"",""threshold"":0.005,""value"":0.0113,""since_minute_bucket_ist"":"""",""last_updated_ist"":""2026-08-07 09:23:00""}"
2026-08-07 00:00:00,2026-08-07 09:23:00,9,NIFTY,VOL_EXPANSION,ON,MED,0.0191,Volatility expanding (straddle up),"{""dedupe_key"":""NIFTY|VOL_EXPANSION|ON|2026-08-07 09:23"",""threshold"":0.02,""value"":0.0191,""since_minute_bucket_ist"":"""",""last_updated_ist"":""2026-08-07 09:23:00""}"
2026-08-07 00:00:00,2026-08-07 09:23:00,9,NIFTY,OPTION_MOMENTUM_CALL,ON,MED,6.25,ATM CALL momentum (ltp up + vol up),"{""dedupe_key"":""NIFTY|OPTION_MOMENTUM_CALL|ON|2026-08-07 09:23"",""threshold"":1.5,""value"":6.25,""since_minute_bucket_ist"":"""",""last_updated_ist"":""2026-08-07 09:23:00""}"
2026-08-07 00:00:00,2026-08-07 09:23:00,9,NIFTY,WALL_SHIFT_REGIME,ON,MED,1,Wall strike shifted materially (>= 1 step),"{""dedupe_key"":""NIFTY|WALL_SHIFT_REGIME|ON|2026-08-07 09:23"",""threshold"":1,""value"":1,""since_minute_bucket_ist"":"""",""last_updated_ist"":""2026-08-07 09:23:00""}"
2026-08-07 00:00:00,2026-08-07 09:24:00,10,NIFTY,REGIME_TREND_UP,ON,MED,0.001,Trend UP (slope + direction),"{""dedupe_key"":""NIFTY|REGIME_TREND_UP|ON|2026-08-07 09:24"",""threshold"":0.001,""value"":0.001,""since_minute_bucket_ist"":"""",""last_updated_ist"":""2026-08-07 09:24:00""}"
2026-08-07 00:00:00,2026-08-07 09:24:00,10,NIFTY,REGIME_TRANSITION_UNCERTAIN,OFF,LOW,1,Transition/uncertain regime,"{""dedupe_key"":""NIFTY|REGIME_TRANSITION_UNCERTAIN|OFF|2026-08-07 09:24"",""threshold"":1,""value"":1,""since_minute_bucket_ist"":""2026-08-07 09:21"",""last_updated_ist"":""2026-08-07 09:24:00""}"
2026-08-07 00:00:00,2026-08-07 09:25:00,11,NIFTY,FLOW_BOTH_BUILDING,OFF,MED,0,Both sides building (straddle build) → higher chop risk,"{""dedupe_key"":""NIFTY|FLOW_BOTH_BUILDING|OFF|2026-08-07 09:25"",""threshold"":0.005,""value"":0,""since_minute_bucket_ist"":""2026-08-07 09:23"",""last_updated_ist"":""2026-08-07 09:25:00""}"
2026-08-07 00:00:00,2026-08-07 09:25:00,11,NIFTY,REGIME_TREND_UP,OFF,MED,0.0004,Trend UP (slope + direction),"{""dedupe_key"":""NIFTY|REGIME_TREND_UP|OFF|2026-08-07 09:25"",""threshold"":0.001,""value"":0.0004,""since_minute_bucket_ist"":""2026-08-07 09:24"",""last_updated_ist"":""2026-08-07 09:25:00""}"
2026-08-07 00:00:00,2026-08-07 09:25:00,11,NIFTY,REGIME_RANGE_PIN,ON,LOW,0.0003,Range / pin (inside local walls),"{""dedupe_key"":""NIFTY|REGIME_RANGE_PIN|ON|2026-08-07 09:25"",""threshold"":0.001,""value"":0.0003,""since_minute_bucket_ist"":"""",""last_updated_ist"":""2026-08-07 09:25:00""}"
2026-08-07 00:00:00,2026-08-07 09:25:00,11,NIFTY,OPTION_MOMENTUM_CALL,OFF,MED,-1.4,ATM CALL momentum (ltp up + vol up),"{""dedupe_key"":""NIFTY|OPTION_MOMENTUM_CALL|OFF|2026-08-07 09:25"",""threshold"":1.5,""value"":-1.4,""since_minute_bucket_ist"":""2026-08-07 09:23"",""last_updated_ist"":""2026-08-07 09:25:00""}"
2026-08-07 00:00:00,2026-08-07 09:25:00,11,NIFTY,WALL_SHIFT_REGIME,OFF,MED,1,Wall strike shifted materially (>= 1 step),"{""dedupe_key"":""NIFTY|WALL_SHIFT_REGIME|OFF|2026-08-07 09:25"",""threshold"":1,""value"":1,""since_minute_bucket_ist"":""2026-08-07 09:23"",""last_updated_ist"":""2026-08-07 09:25:00""}"
2026-08-07 00:00:00,2026-08-07 09:26:00,12,NIFTY,FLOW_BOTH_BUILDING,ON,MED,0.0212,Both sides building (straddle build) → higher chop risk,"{""dedupe_key"":""NIFTY|FLOW_BOTH_BUILDING|ON|2026-08-07 09:26"",""threshold"":0.005,""value"":0.0212,""since_minute_bucket_ist"":"""",""last_updated_ist"":""2026-08-07 09:26:00""}"
2026-08-07 00:00:00,2026-08-07 09:26:00,12,NIFTY,REGIME_RANGE_PIN,OFF,LOW,0.0003,Range / pin (inside local walls),"{""dedupe_key"":""NIFTY|REGIME_RANGE_PIN|OFF|2026-08-07 09:26"",""threshold"":0.001,""value"":0.0003,""since_minute_bucket_ist"":""2026-08-07 09:25"",""last_updated_ist"":""2026-08-07 09:26:00""}"
2026-08-07 00:00:00,2026-08-07 09:26:00,12,NIFTY,REGIME_TRANSITION_UNCERTAIN,ON,LOW,1,Transition/uncertain regime,"{""dedupe_key"":""NIFTY|REGIME_TRANSITION_UNCERTAIN|ON|2026-08-07 09:26"",""threshold"":1,""value"":1,""since_minute_bucket_ist"":"""",""last_updated_ist"":""2026-08-07 09:26:00""}"
2026-08-07 00:00:00,2026-08-07 09:26:00,12,NIFTY,OPTION_MOMENTUM_CALL,ON,MED,2.6,ATM CALL momentum (ltp up + vol up),"{""dedupe_key"":""NIFTY|OPTION_MOMENTUM_CALL|ON|2026-08-07 09:26"",""threshold"":1.5,""value"":2.6,""since_minute_bucket_ist"":"""",""last_updated_ist"":""2026-08-07 09:26:00""}"
2026-08-07 00:00:00,2026-08-07 09:26:00,12,NIFTY,WALL_SHIFT_REGIME,ON,MED,1,Wall strike shifted materially (>= 1 step),"{""dedupe_key"":""NIFTY|WALL_SHIFT_REGIME|ON|2026-08-07 09:26"",""threshold"":1,""value"":1,""since_minute_bucket_ist"":"""",""last_updated_ist"":""2026-08-07 09:26:00""}"
2026-08-07 00:00:00,2026-08-07 09:27:00,13,NIFTY,FLOW_BOTH_BUILDING,OFF,MED,0.0044,Both sides building (straddle build) → higher chop risk,"{""dedupe_key"":""NIFTY|FLOW_BOTH_BUILDING|OFF|2026-08-07 09:27"",""threshold"":0.005,""value"":0.0044,""since_minute_bucket_ist"":""2026-08-07 09:26"",""last_updated_ist"":""2026-08-07 09:27:00""}"
2026-08-07 00:00:00,2026-08-07 09:27:00,13,NIFTY,OPTION_MOMENTUM_CALL,OFF,MED,-3.65,ATM CALL momentum (ltp up + vol up),"{""dedupe_key"":""NIFTY|OPTION_MOMENTUM_CALL|OFF|2026-08-07 09:27"",""threshold"":1.5,""value"":-3.65,""since_minute_bucket_ist"":""2026-08-07 09:26"",""last_updated_ist"":""2026-08-07 09:27:00""}"
2026-08-07 00:00:00,2026-08-07 09:27:00,13,NIFTY,OPTION_MOMENTUM_PUT,ON,MED,1.55,ATM PUT momentum (ltp up + vol up),"{""dedupe_key"":""NIFTY|OPTION_MOMENTUM_PUT|ON|2026-08-07 09:27"",""threshold"":1.5,""value"":1.55,""since_minute_bucket_ist"":"""",""last_updated_ist"":""2026-08-07 09:27:00""}"
2026-08-07 00:00:00,2026-08-07 09:27:00,13,NIFTY,WALL_SHIFT_REGIME,OFF,MED,1,Wall strike shifted materially (>= 1 step),"{""dedupe_key"":""NIFTY|WALL_SHIFT_REGIME|OFF|2026-08-07 09:27"",""threshold"":1,""value"":1,""since_minute_bucket_ist"":""2026-08-07 09:26"",""last_updated_ist"":""2026-08-07 09:27:00""}"
2026-08-07 00:00:00,2026-08-07 09:28:00,14,NIFTY,FLOW_BOTH_BUILDING,ON,MED,0.0118,Both sides building (straddle build) → higher chop risk,"{""dedupe_key"":""NIFTY|FLOW_BOTH_BUILDING|ON|2026-08-07 09:28"",""threshold"":0.005,""value"":0.0118,""since_minute_bucket_ist"":"""",""last_updated_ist"":""2026-08-07 09:28:00""}"
2026-08-07 00:00:00,2026-08-07 09:28:00,14,NIFTY,VOL_EXPANSION,OFF,MED,0.0013,Volatility expanding (straddle up),"{""dedupe_key"":""NIFTY|VOL_EXPANSION|OFF|2026-08-07 09:28"",""threshold"":0.02,""value"":0.0013,""since_minute_bucket_ist"":""2026-08-07 09:23"",""last_updated_ist"":""2026-08-07 09:28:00""}"
2026-08-07 00:00:00,2026-08-07 09:28:00,14,NIFTY,OPTION_MOMENTUM_PUT,OFF,MED,0.45,ATM PUT momentum (ltp up + vol up),"{""dedupe_key"":""NIFTY|OPTION_MOMENTUM_PUT|OFF|2026-08-07 09:28"",""threshold"":1.5,""value"":0.45,""since_minute_bucket_ist"":""2026-08-07 09:27"",""last_updated_ist"":""2026-08-07 09:28:00""}"
2026-08-07 00:00:00,2026-08-07 09:31:00,17,NIFTY,OPTION_MOMENTUM_PUT,ON,MED,2.55,ATM PUT momentum (ltp up + vol up),"{""dedupe_key"":""NIFTY|OPTION_MOMENTUM_PUT|ON|2026-08-07 09:31"",""threshold"":1.5,""value"":2.55,""since_minute_bucket_ist"":"""",""last_updated_ist"":""2026-08-07 09:31:00""}"
2026-08-07 00:00:00,2026-08-07 09:32:00,18,NIFTY,VOL_EXPANSION,ON,MED,0.0038,Volatility expanding (straddle up),"{""dedupe_key"":""NIFTY|VOL_EXPANSION|ON|2026-08-07 09:32"",""threshold"":0.02,""value"":0.0038,""since_minute_bucket_ist"":"""",""last_updated_ist"":""2026-08-07 09:32:00""}"
2026-08-07 00:00:00,2026-08-07 09:32:00,18,NIFTY,OPTION_MOMENTUM_CALL,ON,MED,3.75,ATM CALL momentum (ltp up + vol up),"{""dedupe_key"":""NIFTY|OPTION_MOMENTUM_CALL|ON|2026-08-07 09:32"",""threshold"":1.5,""value"":3.75,""since_minute_bucket_ist"":"""",""last_updated_ist"":""2026-08-07 09:32:00""}"
2026-08-07 00:00:00,2026-08-07 09:32:00,18,NIFTY,OPTION_MOMENTUM_PUT,OFF,MED,-2.25,ATM PUT momentum (ltp up + vol up),"{""dedupe_key"":""NIFTY|OPTION_MOMENTUM_PUT|OFF|2026-08-07 09:32"",""threshold"":1.5,""value"":-2.25,""since_minute_bucket_ist"":""2026-08-07 09:31"",""last_updated_ist"":""2026-08-07 09:32:00""}"
2026-08-07 00:00:00,2026-08-07 09:33:00,19,NIFTY,FLOW_BOTH_BUILDING,OFF,MED,-0.0076,Both sides building (straddle build) → higher chop risk,"{""dedupe_key"":""NIFTY|FLOW_BOTH_BUILDING|OFF|2026-08-07 09:33"",""threshold"":0.005,""value"":-0.0076,""since_minute_bucket_ist"":""2026-08-07 09:28"",""last_updated_ist"":""2026-08-07 09:33:00""}"
2026-08-07 00:00:00,2026-08-07 09:33:00,19,NIFTY,STEALTH_BUILD_BEAR,ON,MED,0.0089,"Stealth bearish build (calls build, spot flat)","{""dedupe_key"":""NIFTY|STEALTH_BUILD_BEAR|ON|2026-08-07 09:33"",""threshold"":0.008,""value"":0.0089,""since_minute_bucket_ist"":"""",""last_updated_ist"":""2026-08-07 09:33:00""}"
2026-08-07 00:00:00,2026-08-07 09:34:00,20,NIFTY,FLOW_BOTH_BUILDING,ON,MED,0.0072,Both sides building (straddle build) → higher chop risk,"{""dedupe_key"":""NIFTY|FLOW_BOTH_BUILDING|ON|2026-08-07 09:34"",""threshold"":0.005,""value"":0.0072,""since_minute_bucket_ist"":"""",""last_updated_ist"":""2026-08-07 09:34:00""}"
2026-08-07 00:00:00,2026-08-07 09:34:00,20,NIFTY,VOL_EXPANSION,OFF,MED,0.001,Volatility expanding (straddle up),"{""dedupe_key"":""NIFTY|VOL_EXPANSION|OFF|2026-08-07 09:34"",""threshold"":0.02,""value"":0.001,""since_minute_bucket_ist"":""2026-08-07 09:32"",""last_updated_ist"":""2026-08-07 09:34:00""}"
2026-08-07 00:00:00,2026-08-07 09:34:00,20,NIFTY,OPTION_MOMENTUM_CALL,OFF,MED,-5.15,ATM CALL momentum (ltp up + vol up),"{""dedupe_key"":""NIFTY|OPTION_MOMENTUM_CALL|OFF|2026-08-07 09:34"",""threshold"":1.5,""value"":-5.15,""since_minute_bucket_ist"":""2026-08-07 09:32"",""last_updated_ist"":""2026-08-07 09:34:00""}"
2026-08-07 00:00:00,2026-08-07 09:34:00,20,NIFTY,OPTION_MOMENTUM_PUT,ON,MED,3.35,ATM PUT momentum (ltp up + vol up),"{""dedupe_key"":""NIFTY|OPTION_MOMENTUM_PUT|ON|2026-08-07 09:34"",""threshold"":1.5,""value"":3.35,""since_minute_bucket_ist"":"""",""last_updated_ist"":""2026-08-07 09:34:00""}"
2026-08-07 00:00:00,2026-08-07 09:34:00,20,NIFTY,STEALTH_BUILD_BEAR,OFF,MED,0.0072,"Stealth bearish build (calls build, spot flat)","{""dedupe_key"":""NIFTY|STEALTH_BUILD_BEAR|OFF|2026-08-07 09:34"",""threshold"":0.008,""value"":0.0072,""since_minute_bucket_ist"":""2026-08-07 09:33"",""last_updated_ist"":""2026-08-07 09:34:00""}"
2026-08-07 00:00:00,2026-08-07 09:35:00,21,NIFTY,FLOW_BOTH_BUILDING,OFF,MED,0.0034,Both sides building (straddle build) → higher chop risk,"{""dedupe_key"":""NIFTY|FLOW_BOTH_BUILDING|OFF|2026-08-07 09:35"",""threshold"":0.005,""value"":0.0034,""since_minute_bucket_ist"":""2026-08-07 09:34"",""last_updated_ist"":""2026-08-07 09:35:00""}"
2026-08-07 00:00:00,2026-08-07 09:35:00,21,NIFTY,OPTION_MOMENTUM_PUT,OFF,MED,0.2,ATM PUT momentum (ltp up + vol up),"{""dedupe_key"":""NIFTY|OPTION_MOMENTUM_PUT|OFF|2026-08-07 09:35"",""threshold"":1.5,""value"":0.2,""since_minute_bucket_ist"":""2026-08-07 09:34"",""last_updated_ist"":""2026-08-07 09:35:00""}"
2026-08-07 00:00:00,2026-08-07 09:35:00,21,NIFTY,STEALTH_BUILD_BULL,ON,MED,0.0092,"Stealth bullish build (puts build, spot flat)","{""dedupe_key"":""NIFTY|STEALTH_BUILD_BULL|ON|2026-08-07 09:35"",""threshold"":0.008,""value"":0.0092,""since_minute_bucket_ist"":"""",""last_updated_ist"":""2026-08-07 09:35:00""}"
2026-08-07 00:00:00,2026-08-07 09:36:00,22,NIFTY,VOL_EXPANSION,ON,MED,0.0009,Volatility expanding (straddle up),"{""dedupe_key"":""NIFTY|VOL_EXPANSION|ON|2026-08-07 09:36"",""threshold"":0.02,""value"":0.0009,""since_minute_bucket_ist"":"""",""last_updated_ist"":""2026-08-07 09:36:00""}"
2026-08-07 00:00:00,2026-08-07 09:36:00,22,NIFTY,STEALTH_BUILD_BULL,OFF,MED,0,"Stealth bullish build (puts build, spot flat)","{""dedupe_key"":""NIFTY|STEALTH_BUILD_BULL|OFF|2026-08-07 09:36"",""threshold"":0.008,""value"":0,""since_minute_bucket_ist"":""2026-08-07 09:35"",""last_updated_ist"":""2026-08-07 09:36:00""}"
2026-08-07 00:00:00,2026-08-07 09:37:00,23,NIFTY,FLOW_BOTH_BUILDING,ON,MED,0.0059,Both sides building (straddle build) → higher chop risk,"{""dedupe_key"":""NIFTY|FLOW_BOTH_BUILDING|ON|2026-08-07 09:37"",""threshold"":0.005,""value"":0.0059,""since_minute_bucket_ist"":"""",""last_updated_ist"":""2026-08-07 09:37:00""}"
2026-08-07 00:00:00,2026-08-07 09:37:00,23,NIFTY,VOL_EXPANSION,OFF,MED,-0.0011,Volatility expanding (straddle up),"{""dedupe_key"":""NIFTY|VOL_EXPANSION|OFF|2026-08-07 09:37"",""threshold"":0.02,""value"":-0.0011,""since_minute_bucket_ist"":""2026-08-07 09:36"",""last_updated_ist"":""2026-08-07 09:37:00""}"
2026-08-07 00:00:00,2026-08-07 09:38:00,24,NIFTY,FLOW_BOTH_BUILDING,OFF,MED,0.0018,Both sides building (straddle build) → higher chop risk,"{""dedupe_key"":""NIFTY|FLOW_BOTH_BUILDING|OFF|2026-08-07 09:38"",""threshold"":0.005,""value"":0.0018,""since_minute_bucket_ist"":""2026-08-07 09:37"",""last_updated_ist"":""2026-08-07 09:38:00""}"
2026-08-07 00:00:00,2026-08-07 09:38:00,24,NIFTY,VOL_EXPANSION,ON,MED,0.0087,Volatility expanding (straddle up),"{""dedupe_key"":""NIFTY|VOL_EXPANSION|ON|2026-08-07 09:38"",""threshold"":0.02,""value"":0.0087,""since_minute_bucket_ist"":"""",""last_updated_ist"":""2026-08-07 09:38:00""}"
2026-08-07 00:00:00,2026-08-07 09:38:00,24,NIFTY,OPTION_MOMENTUM_CALL,ON,MED,3.3,ATM CALL momentum (ltp up + vol up),"{""dedupe_key"":""NIFTY|OPTION_MOMENTUM_CALL|ON|2026-08-07 09:38"",""threshold"":1.5,""value"":3.3,""since_minute_bucket_ist"":"""",""last_updated_ist"":""2026-08-07 09:38:00""}"
2026-08-07 00:00:00,2026-08-07 09:38:00,24,NIFTY,STEALTH_BUILD_BULL,ON,MED,0.0114,"Stealth bullish build (puts build, spot flat)","{""dedupe_key"":""NIFTY|STEALTH_BUILD_BULL|ON|2026-08-07 09:38"",""threshold"":0.008,""value"":0.0114,""since_minute_bucket_ist"":"""",""last_updated_ist"":""2026-08-07 09:38:00""}"
2026-08-07 00:00:00,2026-08-07 09:38:00,24,NIFTY,SMA_CHOP,ON,LOW,1,SMA chop (frequent crossings),"{""dedupe_key"":""NIFTY|SMA_CHOP|ON|2026-08-07 09:38"",""threshold"":8,""value"":1,""since_minute_bucket_ist"":"""",""last_updated_ist"":""2026-08-07 09:38:00""}"
2026-08-07 00:00:00,2026-08-07 09:39:00,25,NIFTY,FLOW_BULLISH_BUILD,ON,HIGH,0.0095,Bullish build (premium-confirmed writing / support),"{""dedupe_key"":""NIFTY|FLOW_BULLISH_BUILD|ON|2026-08-07 09:39"",""threshold"":0.005,""value"":0.0095,""since_minute_bucket_ist"":"""",""last_updated_ist"":""2026-08-07 09:39:00""}"
2026-08-07 00:00:00,2026-08-07 09:39:00,25,NIFTY,VOL_EXPANSION,OFF,MED,-0.0025,Volatility expanding (straddle up),"{""dedupe_key"":""NIFTY|VOL_EXPANSION|OFF|2026-08-07 09:39"",""threshold"":0.02,""value"":-0.0025,""since_minute_bucket_ist"":""2026-08-07 09:38"",""last_updated_ist"":""2026-08-07 09:39:00""}"
2026-08-07 00:00:00,2026-08-07 09:39:00,25,NIFTY,OPTION_MOMENTUM_CALL,OFF,MED,-2.2,ATM CALL momentum (ltp up + vol up),"{""dedupe_key"":""NIFTY|OPTION_MOMENTUM_CALL|OFF|2026-08-07 09:39"",""threshold"":1.5,""value"":-2.2,""since_minute_bucket_ist"":""2026-08-07 09:38"",""last_updated_ist"":""2026-08-07 09:39:00""}"
2026-08-07 00:00:00,2026-08-07 09:40:00,26,NIFTY,FLOW_BULLISH_BUILD,OFF,HIGH,0.0059,Bullish build (premium-confirmed writing / support),"{""dedupe_key"":""NIFTY|FLOW_BULLISH_BUILD|OFF|2026-08-07 09:40"",""threshold"":0.005,""value"":0.0059,""since_minute_bucket_ist"":""2026-08-07 09:39"",""last_updated_ist"":""2026-08-07 09:40:00""}"
2026-08-07 00:00:00,2026-08-07 09:40:00,26,NIFTY,STEALTH_BUILD_BULL,OFF,MED,0.0059,"Stealth bullish build (puts build, spot flat)","{""dedupe_key"":""NIFTY|STEALTH_BUILD_BULL|OFF|2026-08-07 09:40"",""threshold"":0.008,""value"":0.0059,""since_minute_bucket_ist"":""2026-08-07 09:38"",""last_updated_ist"":""2026-08-07 09:40:00""}"
2026-08-07 00:00:00,2026-08-07 09:40:00,26,NIFTY,SMA_CHOP,OFF,LOW,1,SMA chop (frequent crossings),"{""dedupe_key"":""NIFTY|SMA_CHOP|OFF|2026-08-07 09:40"",""threshold"":8,""value"":1,""since_minute_bucket_ist"":""2026-08-07 09:38"",""last_updated_ist"":""2026-08-07 09:40:00""}"
2026-08-07 00:00:00,2026-08-07 09:42:00,28,NIFTY,FLOW_BOTH_BUILDING,ON,MED,0.0058,Both sides building (straddle build) → higher chop risk,"{""dedupe_key"":""NIFTY|FLOW_BOTH_BUILDING|ON|2026-08-07 09:42"",""threshold"":0.005,""value"":0.0058,""since_minute_bucket_ist"":"""",""last_updated_ist"":""2026-08-07 09:42:00""}"
2026-08-07 00:00:00,2026-08-07 09:42:00,28,NIFTY,VOL_CONTRACTION,ON,LOW,-0.0096,Volatility contracting (straddle down),"{""dedupe_key"":""NIFTY|VOL_CONTRACTION|ON|2026-08-07 09:42"",""threshold"":-0.03,""value"":-0.0096,""since_minute_bucket_ist"":"""",""last_updated_ist"":""2026-08-07 09:42:00""}"
2026-08-07 00:00:00,2026-08-07 09:43:00,29,NIFTY,FLOW_BOTH_BUILDING,OFF,MED,0,Both sides building (straddle build) → higher chop risk,"{""dedupe_key"":""NIFTY|FLOW_BOTH_BUILDING|OFF|2026-08-07 09:43"",""threshold"":0.005,""value"":0,""since_minute_bucket_ist"":""2026-08-07 09:42"",""last_updated_ist"":""2026-08-07 09:43:00""}"
2026-08-07 00:00:00,2026-08-07 09:45:00,31,NIFTY,FLOW_BULLISH_BUILD,ON,HIGH,0.0049,Bullish build (premium-confirmed writing / support),"{""dedupe_key"":""NIFTY|FLOW_BULLISH_BUILD|ON|2026-08-07 09:45"",""threshold"":0.005,""value"":0.0049,""since_minute_bucket_ist"":"""",""last_updated_ist"":""2026-08-07 09:45:00""}"
2026-08-07 00:00:00,2026-08-07 09:45:00,31,NIFTY,PIN_BREAKOUT_SETUP,ON,MED,8.799999999999272,Pin breakout setup (wall touch + aligned flow),"{""dedupe_key"":""NIFTY|PIN_BREAKOUT_SETUP|ON|2026-08-07 09:45"",""threshold"":0,""value"":8.799999999999272,""since_minute_bucket_ist"":"""",""last_updated_ist"":""2026-08-07 09:45:00""}"
2026-08-07 00:00:00,2026-08-07 09:45:00,31,NIFTY,EXP_RANGE_BREAKOUT_WATCH_UP,ON,MED,24614.55,Expected-range watch UP,"{""dedupe_key"":""NIFTY|EXP_RANGE_BREAKOUT_WATCH_UP|ON|2026-08-07 09:45"",""threshold"":24611.11,""value"":24614.55,""since_minute_bucket_ist"":"""",""last_updated_ist"":""2026-08-07 09:45:00""}"
2026-08-07 00:00:00,2026-08-07 09:45:00,31,NIFTY,VOL_CONTRACTION,OFF,LOW,-0.0021,Volatility contracting (straddle down),"{""dedupe_key"":""NIFTY|VOL_CONTRACTION|OFF|2026-08-07 09:45"",""threshold"":-0.03,""value"":-0.0021,""since_minute_bucket_ist"":""2026-08-07 09:42"",""last_updated_ist"":""2026-08-07 09:45:00""}"
2026-08-07 00:00:00,2026-08-07 09:45:00,31,NIFTY,OPTION_MOMENTUM_CALL,ON,MED,4.5,ATM CALL momentum (ltp up + vol up),"{""dedupe_key"":""NIFTY|OPTION_MOMENTUM_CALL|ON|2026-08-07 09:45"",""threshold"":1.5,""value"":4.5,""since_minute_bucket_ist"":"""",""last_updated_ist"":""2026-08-07 09:45:00""}"
2026-08-07 00:00:00,2026-08-07 09:45:00,31,NIFTY,CHURN_COMMITTED,ON,MED,0.0004,Price move + aligned flow (committed),"{""dedupe_key"":""NIFTY|CHURN_COMMITTED|ON|2026-08-07 09:45"",""threshold"":0.0001,""value"":0.0004,""since_minute_bucket_ist"":"""",""last_updated_ist"":""2026-08-07 09:45:00""}"
2026-08-07 00:00:00,2026-08-07 09:45:00,31,NIFTY,WALL_PRESSURE_BREAK_SETUP,ON,MED,8.799999999999272,Pressure building into a wall (break setup),"{""dedupe_key"":""NIFTY|WALL_PRESSURE_BREAK_SETUP|ON|2026-08-07 09:45"",""threshold"":0,""value"":8.799999999999272,""since_minute_bucket_ist"":"""",""last_updated_ist"":""2026-08-07 09:45:00""}"
2026-08-07 00:00:00,2026-08-07 09:46:00,32,NIFTY,FLOW_BOTH_BUILDING,ON,MED,0.0065,Both sides building (straddle build) → higher chop risk,"{""dedupe_key"":""NIFTY|FLOW_BOTH_BUILDING|ON|2026-08-07 09:46"",""threshold"":0.005,""value"":0.0065,""since_minute_bucket_ist"":"""",""last_updated_ist"":""2026-08-07 09:46:00""}"
2026-08-07 00:00:00,2026-08-07 09:46:00,32,NIFTY,FLOW_BULLISH_BUILD,OFF,HIGH,0.0141,Bullish build (premium-confirmed writing / support),"{""dedupe_key"":""NIFTY|FLOW_BULLISH_BUILD|OFF|2026-08-07 09:46"",""threshold"":0.005,""value"":0.0141,""since_minute_bucket_ist"":""2026-08-07 09:45"",""last_updated_ist"":""2026-08-07 09:46:00""}"
2026-08-07 00:00:00,2026-08-07 09:46:00,32,NIFTY,PIN_BREAKOUT_SETUP,OFF,MED,-6.5,Pin breakout setup (wall touch + aligned flow),"{""dedupe_key"":""NIFTY|PIN_BREAKOUT_SETUP|OFF|2026-08-07 09:46"",""threshold"":0,""value"":-6.5,""since_minute_bucket_ist"":""2026-08-07 09:45"",""last_updated_ist"":""2026-08-07 09:46:00""}"
2026-08-07 00:00:00,2026-08-07 09:46:00,32,NIFTY,EXP_RANGE_BREAKOUT_WATCH_UP,OFF,MED,24608.05,Expected-range watch UP,"{""dedupe_key"":""NIFTY|EXP_RANGE_BREAKOUT_WATCH_UP|OFF|2026-08-07 09:46"",""threshold"":24611.14,""value"":24608.05,""since_minute_bucket_ist"":""2026-08-07 09:45"",""last_updated_ist"":""2026-08-07 09:46:00""}"
2026-08-07 00:00:00,2026-08-07 09:46:00,32,NIFTY,OPTION_MOMENTUM_CALL,OFF,MED,-2.95,ATM CALL momentum (ltp up + vol up),"{""dedupe_key"":""NIFTY|OPTION_MOMENTUM_CALL|OFF|2026-08-07 09:46"",""threshold"":1.5,""value"":-2.95,""since_minute_bucket_ist"":""2026-08-07 09:45"",""last_updated_ist"":""2026-08-07 09:46:00""}"
2026-08-07 00:00:00,2026-08-07 09:46:00,32,NIFTY,OPTION_MOMENTUM_PUT,ON,MED,3.1,ATM PUT momentum (ltp up + vol up),"{""dedupe_key"":""NIFTY|OPTION_MOMENTUM_PUT|ON|2026-08-07 09:46"",""threshold"":1.5,""value"":3.1,""since_minute_bucket_ist"":"""",""last_updated_ist"":""2026-08-07 09:46:00""}"
2026-08-07 00:00:00,2026-08-07 09:46:00,32,NIFTY,CHURN_COMMITTED,OFF,MED,-0.0003,Price move + aligned flow (committed),"{""dedupe_key"":""NIFTY|CHURN_COMMITTED|OFF|2026-08-07 09:46"",""threshold"":0.0001,""value"":-0.0003,""since_minute_bucket_ist"":""2026-08-07 09:45"",""last_updated_ist"":""2026-08-07 09:46:00""}"
2026-08-07 00:00:00,2026-08-07 09:46:00,32,NIFTY,SMA_CHOP,ON,LOW,1,SMA chop (frequent crossings),"{""dedupe_key"":""NIFTY|SMA_CHOP|ON|2026-08-07 09:46"",""threshold"":8,""value"":1,""since_minute_bucket_ist"":"""",""last_updated_ist"":""2026-08-07 09:46:00""}"
2026-08-07 00:00:00,2026-08-07 09:46:00,32,NIFTY,WALL_PRESSURE_BREAK_SETUP,OFF,MED,-6.5,Pressure building into a wall (break setup),"{""dedupe_key"":""NIFTY|WALL_PRESSURE_BREAK_SETUP|OFF|2026-08-07 09:46"",""threshold"":0,""value"":-6.5,""since_minute_bucket_ist"":""2026-08-07 09:45"",""last_updated_ist"":""2026-08-07 09:46:00""}"
2026-08-07 00:00:00,2026-08-07 09:47:00,33,NIFTY,FLOW_BOTH_BUILDING,OFF,MED,0.0042,Both sides building (straddle build) → higher chop risk,"{""dedupe_key"":""NIFTY|FLOW_BOTH_BUILDING|OFF|2026-08-07 09:47"",""threshold"":0.005,""value"":0.0042,""since_minute_bucket_ist"":""2026-08-07 09:46"",""last_updated_ist"":""2026-08-07 09:47:00""}"
2026-08-07 00:00:00,2026-08-07 09:47:00,33,NIFTY,VOL_CONTRACTION,ON,LOW,-0.0027,Volatility contracting (straddle down),"{""dedupe_key"":""NIFTY|VOL_CONTRACTION|ON|2026-08-07 09:47"",""threshold"":-0.03,""value"":-0.0027,""since_minute_bucket_ist"":"""",""last_updated_ist"":""2026-08-07 09:47:00""}"
2026-08-07 00:00:00,2026-08-07 09:47:00,33,NIFTY,OPTION_MOMENTUM_PUT,OFF,MED,0.1,ATM PUT momentum (ltp up + vol up),"{""dedupe_key"":""NIFTY|OPTION_MOMENTUM_PUT|OFF|2026-08-07 09:47"",""threshold"":1.5,""value"":0.1,""since_minute_bucket_ist"":""2026-08-07 09:46"",""last_updated_ist"":""2026-08-07 09:47:00""}"
2026-08-07 00:00:00,2026-08-07 09:47:00,33,NIFTY,SMA_CHOP,OFF,LOW,1,SMA chop (frequent crossings),"{""dedupe_key"":""NIFTY|SMA_CHOP|OFF|2026-08-07 09:47"",""threshold"":8,""value"":1,""since_minute_bucket_ist"":""2026-08-07 09:46"",""last_updated_ist"":""2026-08-07 09:47:00""}"
2026-08-07 00:00:00,2026-08-07 09:48:00,34,NIFTY,VOL_CONTRACTION,OFF,LOW,0.0017,Volatility contracting (straddle down),"{""dedupe_key"":""NIFTY|VOL_CONTRACTION|OFF|2026-08-07 09:48"",""threshold"":-0.03,""value"":0.0017,""since_minute_bucket_ist"":""2026-08-07 09:47"",""last_updated_ist"":""2026-08-07 09:48:00""}"
2026-08-07 00:00:00,2026-08-07 09:50:00,36,NIFTY,EXP_RANGE_BREAKOUT_WATCH_UP,ON,MED,24614.4,Expected-range watch UP,"{""dedupe_key"":""NIFTY|EXP_RANGE_BREAKOUT_WATCH_UP|ON|2026-08-07 09:50"",""threshold"":24612.34,""value"":24614.4,""since_minute_bucket_ist"":"""",""last_updated_ist"":""2026-08-07 09:50:00""}"
2026-08-07 00:00:00,2026-08-07 09:50:00,36,NIFTY,OPTION_MOMENTUM_CALL,ON,MED,3.75,ATM CALL momentum (ltp up + vol up),"{""dedupe_key"":""NIFTY|OPTION_MOMENTUM_CALL|ON|2026-08-07 09:50"",""threshold"":1.5,""value"":3.75,""since_minute_bucket_ist"":"""",""last_updated_ist"":""2026-08-07 09:50:00""}"
2026-08-07 00:00:00,2026-08-07 09:51:00,37,NIFTY,FLOW_BULLISH_BUILD,ON,HIGH,0.016,Bullish build (premium-confirmed writing / support),"{""dedupe_key"":""NIFTY|FLOW_BULLISH_BUILD|ON|2026-08-07 09:51"",""threshold"":0.005,""value"":0.016,""since_minute_bucket_ist"":"""",""last_updated_ist"":""2026-08-07 09:51:00""}"
2026-08-07 00:00:00,2026-08-07 09:51:00,37,NIFTY,REGIME_BREAKOUT_UP,ON,HIGH,2,Breakout UP (held above call wall),"{""dedupe_key"":""NIFTY|REGIME_BREAKOUT_UP|ON|2026-08-07 09:51"",""threshold"":2,""value"":2,""since_minute_bucket_ist"":"""",""last_updated_ist"":""2026-08-07 09:51:00""}"
2026-08-07 00:00:00,2026-08-07 09:51:00,37,NIFTY,REGIME_TRANSITION_UNCERTAIN,OFF,LOW,1,Transition/uncertain regime,"{""dedupe_key"":""NIFTY|REGIME_TRANSITION_UNCERTAIN|OFF|2026-08-07 09:51"",""threshold"":1,""value"":1,""since_minute_bucket_ist"":""2026-08-07 09:26"",""last_updated_ist"":""2026-08-07 09:51:00""}"
2026-08-07 00:00:00,2026-08-07 09:51:00,37,NIFTY,PIN_BREAKOUT_SETUP,ON,MED,4.599999999998545,Pin breakout setup (wall touch + aligned flow),"{""dedupe_key"":""NIFTY|PIN_BREAKOUT_SETUP|ON|2026-08-07 09:51"",""threshold"":0,""value"":4.599999999998545,""since_minute_bucket_ist"":"""",""last_updated_ist"":""2026-08-07 09:51:00""}"
2026-08-07 00:00:00,2026-08-07 09:51:00,37,NIFTY,EXP_RANGE_BREAKOUT_CONFIRMED_UP,ON,HIGH,2,Expected-range breakout CONFIRMED UP,"{""dedupe_key"":""NIFTY|EXP_RANGE_BREAKOUT_CONFIRMED_UP|ON|2026-08-07 09:51"",""threshold"":2,""value"":2,""since_minute_bucket_ist"":"""",""last_updated_ist"":""2026-08-07 09:51:00""}"
2026-08-07 00:00:00,2026-08-07 09:51:00,37,NIFTY,VOL_EXPANSION,ON,MED,0.0172,Volatility expanding (straddle up),"{""dedupe_key"":""NIFTY|VOL_EXPANSION|ON|2026-08-07 09:51"",""threshold"":0.02,""value"":0.0172,""since_minute_bucket_ist"":"""",""last_updated_ist"":""2026-08-07 09:51:00""}"
2026-08-07 00:00:00,2026-08-07 09:51:00,37,NIFTY,CHURN_COMMITTED,ON,MED,0.0002,Price move + aligned flow (committed),"{""dedupe_key"":""NIFTY|CHURN_COMMITTED|ON|2026-08-07 09:51"",""threshold"":0.0001,""value"":0.0002,""since_minute_bucket_ist"":"""",""last_updated_ist"":""2026-08-07 09:51:00""}"
2026-08-07 00:00:00,2026-08-07 09:51:00,37,NIFTY,STEALTH_BUILD_BULL,ON,MED,0.016,"Stealth bullish build (puts build, spot flat)","{""dedupe_key"":""NIFTY|STEALTH_BUILD_BULL|ON|2026-08-07 09:51"",""threshold"":0.008,""value"":0.016,""since_minute_bucket_ist"":"""",""last_updated_ist"":""2026-08-07 09:51:00""}"
2026-08-07 00:00:00,2026-08-07 09:51:00,37,NIFTY,WALL_PRESSURE_BREAK_SETUP,ON,MED,4.599999999998545,Pressure building into a wall (break setup),"{""dedupe_key"":""NIFTY|WALL_PRESSURE_BREAK_SETUP|ON|2026-08-07 09:51"",""threshold"":0,""value"":4.599999999998545,""since_minute_bucket_ist"":"""",""last_updated_ist"":""2026-08-07 09:51:00""}"
2026-08-07 00:00:00,2026-08-07 09:51:00,37,NIFTY,FOMO_BREAKOUT,ON,HIGH,1,FOMO breakout: breakout UP + bullish flow + vol expansion,"{""dedupe_key"":""NIFTY|FOMO_BREAKOUT|ON|2026-08-07 09:51"",""threshold"":1,""value"":1,""since_minute_bucket_ist"":"""",""last_updated_ist"":""2026-08-07 09:51:00""}"
2026-08-07 00:00:00,2026-08-07 09:52:00,38,NIFTY,TRADE_LIMIT_REACHED,ON,MED,1,Cooldown active (2m),"{""dedupe_key"":""NIFTY|TRADE_LIMIT_REACHED|ON|2026-08-07 09:52"",""threshold"":500,""value"":1,""since_minute_bucket_ist"":"""",""last_updated_ist"":""2026-08-07 09:52:00""}"
2026-08-07 00:00:00,2026-08-07 09:52:00,38,NIFTY,FLOW_BULLISH_BUILD,OFF,HIGH,0,Bullish build (premium-confirmed writing / support),"{""dedupe_key"":""NIFTY|FLOW_BULLISH_BUILD|OFF|2026-08-07 09:52"",""threshold"":0.005,""value"":0,""since_minute_bucket_ist"":""2026-08-07 09:51"",""last_updated_ist"":""2026-08-07 09:52:00""}"
2026-08-07 00:00:00,2026-08-07 09:52:00,38,NIFTY,PIN_BREAKOUT_SETUP,OFF,MED,0,Pin breakout setup (wall touch + aligned flow),"{""dedupe_key"":""NIFTY|PIN_BREAKOUT_SETUP|OFF|2026-08-07 09:52"",""threshold"":0,""value"":0,""since_minute_bucket_ist"":""2026-08-07 09:51"",""last_updated_ist"":""2026-08-07 09:52:00""}"
2026-08-07 00:00:00,2026-08-07 09:52:00,38,NIFTY,OPTION_MOMENTUM_CALL,OFF,MED,0,ATM CALL momentum (ltp up + vol up),"{""dedupe_key"":""NIFTY|OPTION_MOMENTUM_CALL|OFF|2026-08-07 09:52"",""threshold"":1.5,""value"":0,""since_minute_bucket_ist"":""2026-08-07 09:50"",""last_updated_ist"":""2026-08-07 09:52:00""}"
2026-08-07 00:00:00,2026-08-07 09:52:00,38,NIFTY,CHURN_COMMITTED,OFF,MED,0,Price move + aligned flow (committed),"{""dedupe_key"":""NIFTY|CHURN_COMMITTED|OFF|2026-08-07 09:52"",""threshold"":0.0001,""value"":0,""since_minute_bucket_ist"":""2026-08-07 09:51"",""last_updated_ist"":""2026-08-07 09:52:00""}"
2026-08-07 00:00:00,2026-08-07 09:52:00,38,NIFTY,STEALTH_BUILD_BULL,OFF,MED,0,"Stealth bullish build (puts build, spot flat)","{""dedupe_key"":""NIFTY|STEALTH_BUILD_BULL|OFF|2026-08-07 09:52"",""threshold"":0.008,""value"":0,""since_minute_bucket_ist"":""2026-08-07 09:51"",""last_updated_ist"":""2026-08-07 09:52:00""}"
2026-08-07 00:00:00,2026-08-07 09:52:00,38,NIFTY,WALL_PRESSURE_BREAK_SETUP,OFF,MED,0,Pressure building into a wall (break setup),"{""dedupe_key"":""NIFTY|WALL_PRESSURE_BREAK_SETUP|OFF|2026-08-07 09:52"",""threshold"":0,""value"":0,""since_minute_bucket_ist"":""2026-08-07 09:51"",""last_updated_ist"":""2026-08-07 09:52:00""}"
2026-08-07 00:00:00,2026-08-07 09:52:00,38,NIFTY,FOMO_BREAKOUT,OFF,HIGH,1,FOMO breakout: breakout UP + bullish flow + vol expansion,"{""dedupe_key"":""NIFTY|FOMO_BREAKOUT|OFF|2026-08-07 09:52"",""threshold"":1,""value"":1,""since_minute_bucket_ist"":""2026-08-07 09:51"",""last_updated_ist"":""2026-08-07 09:52:00""}"
2026-08-07 00:00:00,2026-08-07 09:53:00,39,NIFTY,FLOW_BULLISH_BUILD,ON,HIGH,0.0012,Bullish build (premium-confirmed writing / support),"{""dedupe_key"":""NIFTY|FLOW_BULLISH_BUILD|ON|2026-08-07 09:53"",""threshold"":0.005,""value"":0.0012,""since_minute_bucket_ist"":"""",""last_updated_ist"":""2026-08-07 09:53:00""}"
2026-08-07 00:00:00,2026-08-07 09:53:00,39,NIFTY,PIN_BREAKOUT_SETUP,ON,MED,3,Pin breakout setup (wall touch + aligned flow),"{""dedupe_key"":""NIFTY|PIN_BREAKOUT_SETUP|ON|2026-08-07 09:53"",""threshold"":0,""value"":3,""since_minute_bucket_ist"":"""",""last_updated_ist"":""2026-08-07 09:53:00""}"
2026-08-07 00:00:00,2026-08-07 09:53:00,39,NIFTY,OPTION_MOMENTUM_CALL,ON,MED,2.05,ATM CALL momentum (ltp up + vol up),"{""dedupe_key"":""NIFTY|OPTION_MOMENTUM_CALL|ON|2026-08-07 09:53"",""threshold"":1.5,""value"":2.05,""since_minute_bucket_ist"":"""",""last_updated_ist"":""2026-08-07 09:53:00""}"
2026-08-07 00:00:00,2026-08-07 09:53:00,39,NIFTY,CHURN_COMMITTED,ON,MED,0.0001,Price move + aligned flow (committed),"{""dedupe_key"":""NIFTY|CHURN_COMMITTED|ON|2026-08-07 09:53"",""threshold"":0.0001,""value"":0.0001,""since_minute_bucket_ist"":"""",""last_updated_ist"":""2026-08-07 09:53:00""}"
2026-08-07 00:00:00,2026-08-07 09:53:00,39,NIFTY,WALL_PRESSURE_BREAK_SETUP,ON,MED,3,Pressure building into a wall (break setup),"{""dedupe_key"":""NIFTY|WALL_PRESSURE_BREAK_SETUP|ON|2026-08-07 09:53"",""threshold"":0,""value"":3,""since_minute_bucket_ist"":"""",""last_updated_ist"":""2026-08-07 09:53:00""}"
2026-08-07 00:00:00,2026-08-07 09:53:00,39,NIFTY,FOMO_BREAKOUT,ON,HIGH,1,FOMO breakout: breakout UP + bullish flow + vol expansion,"{""dedupe_key"":""NIFTY|FOMO_BREAKOUT|ON|2026-08-07 09:53"",""threshold"":1,""value"":1,""since_minute_bucket_ist"":"""",""last_updated_ist"":""2026-08-07 09:53:00""}"
2026-08-07 00:00:00,2026-08-07 09:54:00,40,NIFTY,TRADE_LIMIT_REACHED,OFF,MED,1,Cooldown active (2m),"{""dedupe_key"":""NIFTY|TRADE_LIMIT_REACHED|OFF|2026-08-07 09:54"",""threshold"":500,""value"":1,""since_minute_bucket_ist"":""2026-08-07 09:52"",""last_updated_ist"":""2026-08-07 09:54:00""}"
2026-08-07 00:00:00,2026-08-07 09:54:00,40,NIFTY,OPTION_MOMENTUM_CALL,OFF,MED,-0.9,ATM CALL momentum (ltp up + vol up),"{""dedupe_key"":""NIFTY|OPTION_MOMENTUM_CALL|OFF|2026-08-07 09:54"",""threshold"":1.5,""value"":-0.9,""since_minute_bucket_ist"":""2026-08-07 09:53"",""last_updated_ist"":""2026-08-07 09:54:00""}"
2026-08-07 00:00:00,2026-08-07 09:54:00,40,NIFTY,WALL_UNWIND_CONFIRM_UP,ON,MED,-0.013,Call wall OI unwinding (5m),"{""dedupe_key"":""NIFTY|WALL_UNWIND_CONFIRM_UP|ON|2026-08-07 09:54"",""threshold"":-0.006,""value"":-0.013,""since_minute_bucket_ist"":"""",""last_updated_ist"":""2026-08-07 09:54:00""}"
2026-08-07 00:00:00,2026-08-07 09:54:00,40,NIFTY,CHURN_COMMITTED,OFF,MED,0,Price move + aligned flow (committed),"{""dedupe_key"":""NIFTY|CHURN_COMMITTED|OFF|2026-08-07 09:54"",""threshold"":0.0001,""value"":0,""since_minute_bucket_ist"":""2026-08-07 09:53"",""last_updated_ist"":""2026-08-07 09:54:00""}"
2026-08-07 00:00:00,2026-08-07 09:54:00,40,NIFTY,STEALTH_BUILD_BULL,ON,MED,0.0165,"Stealth bullish build (puts build, spot flat)","{""dedupe_key"":""NIFTY|STEALTH_BUILD_BULL|ON|2026-08-07 09:54"",""threshold"":0.008,""value"":0.0165,""since_minute_bucket_ist"":"""",""last_updated_ist"":""2026-08-07 09:54:00""}"
2026-08-07 00:00:00,2026-08-07 09:55:00,41,NIFTY,FLOW_BOTH_BUILDING,ON,MED,0.0057,Both sides building (straddle build) → higher chop risk,"{""dedupe_key"":""NIFTY|FLOW_BOTH_BUILDING|ON|2026-08-07 09:55"",""threshold"":0.005,""value"":0.0057,""since_minute_bucket_ist"":"""",""last_updated_ist"":""2026-08-07 09:55:00""}"
2026-08-07 00:00:00,2026-08-07 09:55:00,41,NIFTY,FLOW_BULLISH_BUILD,OFF,HIGH,0.0173,Bullish build (premium-confirmed writing / support),"{""dedupe_key"":""NIFTY|FLOW_BULLISH_BUILD|OFF|2026-08-07 09:55"",""threshold"":0.005,""value"":0.0173,""since_minute_bucket_ist"":""2026-08-07 09:53"",""last_updated_ist"":""2026-08-07 09:55:00""}"
2026-08-07 00:00:00,2026-08-07 09:55:00,41,NIFTY,REGIME_RANGE_PIN,ON,LOW,0.0001,Range / pin (inside local walls),"{""dedupe_key"":""NIFTY|REGIME_RANGE_PIN|ON|2026-08-07 09:55"",""threshold"":0.001,""value"":0.0001,""since_minute_bucket_ist"":"""",""last_updated_ist"":""2026-08-07 09:55:00""}"
2026-08-07 00:00:00,2026-08-07 09:55:00,41,NIFTY,REGIME_BREAKOUT_UP,OFF,HIGH,0,Breakout UP (held above call wall),"{""dedupe_key"":""NIFTY|REGIME_BREAKOUT_UP|OFF|2026-08-07 09:55"",""threshold"":2,""value"":0,""since_minute_bucket_ist"":""2026-08-07 09:51"",""last_updated_ist"":""2026-08-07 09:55:00""}"
2026-08-07 00:00:00,2026-08-07 09:55:00,41,NIFTY,PIN_BREAKOUT_SETUP,OFF,MED,2.75,Pin breakout setup (wall touch + aligned flow),"{""dedupe_key"":""NIFTY|PIN_BREAKOUT_SETUP|OFF|2026-08-07 09:55"",""threshold"":0,""value"":2.75,""since_minute_bucket_ist"":""2026-08-07 09:53"",""last_updated_ist"":""2026-08-07 09:55:00""}"
2026-08-07 00:00:00,2026-08-07 09:55:00,41,NIFTY,VOL_EXPANSION,OFF,MED,-0.0067,Volatility expanding (straddle up),"{""dedupe_key"":""NIFTY|VOL_EXPANSION|OFF|2026-08-07 09:55"",""threshold"":0.02,""value"":-0.0067,""since_minute_bucket_ist"":""2026-08-07 09:51"",""last_updated_ist"":""2026-08-07 09:55:00""}"
2026-08-07 00:00:00,2026-08-07 09:55:00,41,NIFTY,OPTION_MOMENTUM_CALL,ON,MED,2,ATM CALL momentum (ltp up + vol up),"{""dedupe_key"":""NIFTY|OPTION_MOMENTUM_CALL|ON|2026-08-07 09:55"",""threshold"":1.5,""value"":2,""since_minute_bucket_ist"":"""",""last_updated_ist"":""2026-08-07 09:55:00""}"
2026-08-07 00:00:00,2026-08-07 09:55:00,41,NIFTY,WALL_UNWIND_CONFIRM_UP,OFF,MED,0,Call wall OI unwinding (5m),"{""dedupe_key"":""NIFTY|WALL_UNWIND_CONFIRM_UP|OFF|2026-08-07 09:55"",""threshold"":-0.006,""value"":0,""since_minute_bucket_ist"":""2026-08-07 09:54"",""last_updated_ist"":""2026-08-07 09:55:00""}"
2026-08-07 00:00:00,2026-08-07 09:55:00,41,NIFTY,STEALTH_BUILD_BULL,OFF,MED,0.0173,"Stealth bullish build (puts build, spot flat)","{""dedupe_key"":""NIFTY|STEALTH_BUILD_BULL|OFF|2026-08-07 09:55"",""threshold"":0.008,""value"":0.0173,""since_minute_bucket_ist"":""2026-08-07 09:54"",""last_updated_ist"":""2026-08-07 09:55:00""}"
2026-08-07 00:00:00,2026-08-07 09:55:00,41,NIFTY,WALL_SHIFT_REGIME,ON,MED,1,Wall strike shifted materially (>= 1 step),"{""dedupe_key"":""NIFTY|WALL_SHIFT_REGIME|ON|2026-08-07 09:55"",""threshold"":1,""value"":1,""since_minute_bucket_ist"":"""",""last_updated_ist"":""2026-08-07 09:55:00""}"
2026-08-07 00:00:00,2026-08-07 09:55:00,41,NIFTY,WALL_PRESSURE_BREAK_SETUP,OFF,MED,2.75,Pressure building into a wall (break setup),"{""dedupe_key"":""NIFTY|WALL_PRESSURE_BREAK_SETUP|OFF|2026-08-07 09:55"",""threshold"":0,""value"":2.75,""since_minute_bucket_ist"":""2026-08-07 09:53"",""last_updated_ist"":""2026-08-07 09:55:00""}"
2026-08-07 00:00:00,2026-08-07 09:55:00,41,NIFTY,FOMO_BREAKOUT,OFF,HIGH,1,FOMO breakout: breakout UP + bullish flow + vol expansion,"{""dedupe_key"":""NIFTY|FOMO_BREAKOUT|OFF|2026-08-07 09:55"",""threshold"":1,""value"":1,""since_minute_bucket_ist"":""2026-08-07 09:53"",""last_updated_ist"":""2026-08-07 09:55:00""}"
2026-08-07 00:00:00,2026-08-07 09:56:00,42,NIFTY,FLOW_BOTH_BUILDING,OFF,MED,0.0034,Both sides building (straddle build) → higher chop risk,"{""dedupe_key"":""NIFTY|FLOW_BOTH_BUILDING|OFF|2026-08-07 09:56"",""threshold"":0.005,""value"":0.0034,""since_minute_bucket_ist"":""2026-08-07 09:55"",""last_updated_ist"":""2026-08-07 09:56:00""}"
2026-08-07 00:00:00,2026-08-07 09:56:00,42,NIFTY,FLOW_BULLISH_BUILD,ON,HIGH,0.0034,Bullish build (premium-confirmed writing / support),"{""dedupe_key"":""NIFTY|FLOW_BULLISH_BUILD|ON|2026-08-07 09:56"",""threshold"":0.005,""value"":0.0034,""since_minute_bucket_ist"":"""",""last_updated_ist"":""2026-08-07 09:56:00""}"
2026-08-07 00:00:00,2026-08-07 09:56:00,42,NIFTY,REGIME_RANGE_PIN,OFF,LOW,0.0002,Range / pin (inside local walls),"{""dedupe_key"":""NIFTY|REGIME_RANGE_PIN|OFF|2026-08-07 09:56"",""threshold"":0.001,""value"":0.0002,""since_minute_bucket_ist"":""2026-08-07 09:55"",""last_updated_ist"":""2026-08-07 09:56:00""}"
2026-08-07 00:00:00,2026-08-07 09:56:00,42,NIFTY,REGIME_TRANSITION_UNCERTAIN,ON,LOW,1,Transition/uncertain regime,"{""dedupe_key"":""NIFTY|REGIME_TRANSITION_UNCERTAIN|ON|2026-08-07 09:56"",""threshold"":1,""value"":1,""since_minute_bucket_ist"":"""",""last_updated_ist"":""2026-08-07 09:56:00""}"
2026-08-07 00:00:00,2026-08-07 09:56:00,42,NIFTY,EXP_RANGE_BREAKOUT_WATCH_UP,OFF,MED,24619.5,Expected-range watch UP,"{""dedupe_key"":""NIFTY|EXP_RANGE_BREAKOUT_WATCH_UP|OFF|2026-08-07 09:56"",""threshold"":24624.77,""value"":24619.5,""since_minute_bucket_ist"":""2026-08-07 09:50"",""last_updated_ist"":""2026-08-07 09:56:00""}"
2026-08-07 00:00:00,2026-08-07 09:56:00,42,NIFTY,EXP_RANGE_BREAKOUT_CONFIRMED_UP,OFF,HIGH,0,Expected-range breakout CONFIRMED UP,"{""dedupe_key"":""NIFTY|EXP_RANGE_BREAKOUT_CONFIRMED_UP|OFF|2026-08-07 09:56"",""threshold"":2,""value"":0,""since_minute_bucket_ist"":""2026-08-07 09:51"",""last_updated_ist"":""2026-08-07 09:56:00""}"
2026-08-07 00:00:00,2026-08-07 09:56:00,42,NIFTY,VOL_EXPANSION,ON,MED,0.0062,Volatility expanding (straddle up),"{""dedupe_key"":""NIFTY|VOL_EXPANSION|ON|2026-08-07 09:56"",""threshold"":0.02,""value"":0.0062,""since_minute_bucket_ist"":"""",""last_updated_ist"":""2026-08-07 09:56:00""}"
2026-08-07 00:00:00,2026-08-07 09:56:00,42,NIFTY,OPTION_MOMENTUM_CALL,OFF,MED,0.6,ATM CALL momentum (ltp up + vol up),"{""dedupe_key"":""NIFTY|OPTION_MOMENTUM_CALL|OFF|2026-08-07 09:56"",""threshold"":1.5,""value"":0.6,""since_minute_bucket_ist"":""2026-08-07 09:55"",""last_updated_ist"":""2026-08-07 09:56:00""}"
2026-08-07 00:00:00,2026-08-07 09:56:00,42,NIFTY,WALL_UNWIND_CONFIRM_UP,ON,MED,-0.0136,Call wall OI unwinding (5m),"{""dedupe_key"":""NIFTY|WALL_UNWIND_CONFIRM_UP|ON|2026-08-07 09:56"",""threshold"":-0.006,""value"":-0.0136,""since_minute_bucket_ist"":"""",""last_updated_ist"":""2026-08-07 09:56:00""}"
2026-08-07 00:00:00,2026-08-07 09:57:00,43,NIFTY,FLOW_BULLISH_BUILD,OFF,HIGH,0,Bullish build (premium-confirmed writing / support),"{""dedupe_key"":""NIFTY|FLOW_BULLISH_BUILD|OFF|2026-08-07 09:57"",""threshold"":0.005,""value"":0,""since_minute_bucket_ist"":""2026-08-07 09:56"",""last_updated_ist"":""2026-08-07 09:57:00""}"
2026-08-07 00:00:00,2026-08-07 09:57:00,43,NIFTY,REGIME_BREAKOUT_UP,ON,HIGH,2,Breakout UP (held above call wall),"{""dedupe_key"":""NIFTY|REGIME_BREAKOUT_UP|ON|2026-08-07 09:57"",""threshold"":2,""value"":2,""since_minute_bucket_ist"":"""",""last_updated_ist"":""2026-08-07 09:57:00""}"
2026-08-07 00:00:00,2026-08-07 09:57:00,43,NIFTY,REGIME_TRANSITION_UNCERTAIN,OFF,LOW,1,Transition/uncertain regime,"{""dedupe_key"":""NIFTY|REGIME_TRANSITION_UNCERTAIN|OFF|2026-08-07 09:57"",""threshold"":1,""value"":1,""since_minute_bucket_ist"":""2026-08-07 09:56"",""last_updated_ist"":""2026-08-07 09:57:00""}"
2026-08-07 00:00:00,2026-08-07 09:57:00,43,NIFTY,WALL_SHIFT_REGIME,OFF,MED,1,Wall strike shifted materially (>= 1 step),"{""dedupe_key"":""NIFTY|WALL_SHIFT_REGIME|OFF|2026-08-07 09:57"",""threshold"":1,""value"":1,""since_minute_bucket_ist"":""2026-08-07 09:55"",""last_updated_ist"":""2026-08-07 09:57:00""}"
2026-08-07 00:00:00,2026-08-07 09:58:00,44,NIFTY,FLOW_BEARISH_BUILD,ON,HIGH,0.0009,Bearish build (premium-confirmed writing / resistance),"{""dedupe_key"":""NIFTY|FLOW_BEARISH_BUILD|ON|2026-08-07 09:58"",""threshold"":0.005,""value"":0.0009,""since_minute_bucket_ist"":"""",""last_updated_ist"":""2026-08-07 09:58:00""}"
2026-08-07 00:00:00,2026-08-07 09:58:00,44,NIFTY,REGIME_RANGE_PIN,ON,LOW,0.0001,Range / pin (inside local walls),"{""dedupe_key"":""NIFTY|REGIME_RANGE_PIN|ON|2026-08-07 09:58"",""threshold"":0.001,""value"":0.0001,""since_minute_bucket_ist"":"""",""last_updated_ist"":""2026-08-07 09:58:00""}"
2026-08-07 00:00:00,2026-08-07 09:58:00,44,NIFTY,REGIME_BREAKOUT_UP,OFF,HIGH,0,Breakout UP (held above call wall),"{""dedupe_key"":""NIFTY|REGIME_BREAKOUT_UP|OFF|2026-08-07 09:58"",""threshold"":2,""value"":0,""since_minute_bucket_ist"":""2026-08-07 09:57"",""last_updated_ist"":""2026-08-07 09:58:00""}"
2026-08-07 00:00:00,2026-08-07 09:58:00,44,NIFTY,VOL_EXPANSION,OFF,MED,-0.0054,Volatility expanding (straddle up),"{""dedupe_key"":""NIFTY|VOL_EXPANSION|OFF|2026-08-07 09:58"",""threshold"":0.02,""value"":-0.0054,""since_minute_bucket_ist"":""2026-08-07 09:56"",""last_updated_ist"":""2026-08-07 09:58:00""}"
2026-08-07 00:00:00,2026-08-07 09:58:00,44,NIFTY,WALL_UNWIND_CONFIRM_UP,OFF,MED,0,Call wall OI unwinding (5m),"{""dedupe_key"":""NIFTY|WALL_UNWIND_CONFIRM_UP|OFF|2026-08-07 09:58"",""threshold"":-0.006,""value"":0,""since_minute_bucket_ist"":""2026-08-07 09:56"",""last_updated_ist"":""2026-08-07 09:58:00""}"
2026-08-07 00:00:00,2026-08-07 09:58:00,44,NIFTY,STEALTH_BUILD_BULL,ON,MED,0.0091,"Stealth bullish build (puts build, spot flat)","{""dedupe_key"":""NIFTY|STEALTH_BUILD_BULL|ON|2026-08-07 09:58"",""threshold"":0.008,""value"":0.0091,""since_minute_bucket_ist"":"""",""last_updated_ist"":""2026-08-07 09:58:00""}"
2026-08-07 00:00:00,2026-08-07 09:58:00,44,NIFTY,WALL_SHIFT_REGIME,ON,MED,1,Wall strike shifted materially (>= 1 step),"{""dedupe_key"":""NIFTY|WALL_SHIFT_REGIME|ON|2026-08-07 09:58"",""threshold"":1,""value"":1,""since_minute_bucket_ist"":"""",""last_updated_ist"":""2026-08-07 09:58:00""}"
2026-08-07 00:00:00,2026-08-07 09:58:00,44,NIFTY,BULL_TRAP,ON,HIGH,1,Bull trap: failed upside breakout + bearish flow,"{""dedupe_key"":""NIFTY|BULL_TRAP|ON|2026-08-07 09:58"",""threshold"":1,""value"":1,""since_minute_bucket_ist"":"""",""last_updated_ist"":""2026-08-07 09:58:00""}"
2026-08-07 00:00:00,2026-08-07 09:59:00,45,NIFTY,FLOW_BEARISH_BUILD,OFF,HIGH,0,Bearish build (premium-confirmed writing / resistance),"{""dedupe_key"":""NIFTY|FLOW_BEARISH_BUILD|OFF|2026-08-07 09:59"",""threshold"":0.005,""value"":0,""since_minute_bucket_ist"":""2026-08-07 09:58"",""last_updated_ist"":""2026-08-07 09:59:00""}"
2026-08-07 00:00:00,2026-08-07 09:59:00,45,NIFTY,STEALTH_BUILD_BULL,OFF,MED,0,"Stealth bullish build (puts build, spot flat)","{""dedupe_key"":""NIFTY|STEALTH_BUILD_BULL|OFF|2026-08-07 09:59"",""threshold"":0.008,""value"":0,""since_minute_bucket_ist"":""2026-08-07 09:58"",""last_updated_ist"":""2026-08-07 09:59:00""}"
2026-08-07 00:00:00,2026-08-07 09:59:00,45,NIFTY,WALL_SHIFT_REGIME,OFF,MED,1,Wall strike shifted materially (>= 1 step),"{""dedupe_key"":""NIFTY|WALL_SHIFT_REGIME|OFF|2026-08-07 09:59"",""threshold"":1,""value"":1,""since_minute_bucket_ist"":""2026-08-07 09:58"",""last_updated_ist"":""2026-08-07 09:59:00""}"
2026-08-07 00:00:00,2026-08-07 09:59:00,45,NIFTY,BULL_TRAP,OFF,HIGH,1,Bull trap: failed upside breakout + bearish flow,"{""dedupe_key"":""NIFTY|BULL_TRAP|OFF|2026-08-07 09:59"",""threshold"":1,""value"":1,""since_minute_bucket_ist"":""2026-08-07 09:58"",""last_updated_ist"":""2026-08-07 09:59:00""}"
2026-08-07 00:00:00,2026-08-07 10:00:00,46,NIFTY,STEALTH_BUILD_BULL,ON,MED,0.009,"Stealth bullish build (puts build, spot flat)","{""dedupe_key"":""NIFTY|STEALTH_BUILD_BULL|ON|2026-08-07 10:00"",""threshold"":0.008,""value"":0.009,""since_minute_bucket_ist"":"""",""last_updated_ist"":""2026-08-07 10:00:00""}"
2026-08-07 00:00:00,2026-08-07 10:01:00,47,NIFTY,FLOW_BULLISH_BUILD,ON,HIGH,0.0044,Bullish build (premium-confirmed writing / support),"{""dedupe_key"":""NIFTY|FLOW_BULLISH_BUILD|ON|2026-08-07 10:01"",""threshold"":0.005,""value"":0.0044,""since_minute_bucket_ist"":"""",""last_updated_ist"":""2026-08-07 10:01:00""}"
2026-08-07 00:00:00,2026-08-07 10:01:00,47,NIFTY,REGIME_RANGE_PIN,OFF,LOW,0.0002,Range / pin (inside local walls),"{""dedupe_key"":""NIFTY|REGIME_RANGE_PIN|OFF|2026-08-07 10:01"",""threshold"":0.001,""value"":0.0002,""since_minute_bucket_ist"":""2026-08-07 09:58"",""last_updated_ist"":""2026-08-07 10:01:00""}"
2026-08-07 00:00:00,2026-08-07 10:01:00,47,NIFTY,REGIME_TRANSITION_UNCERTAIN,ON,LOW,1,Transition/uncertain regime,"{""dedupe_key"":""NIFTY|REGIME_TRANSITION_UNCERTAIN|ON|2026-08-07 10:01"",""threshold"":1,""value"":1,""since_minute_bucket_ist"":"""",""last_updated_ist"":""2026-08-07 10:01:00""}"
2026-08-07 00:00:00,2026-08-07 10:01:00,47,NIFTY,STEALTH_BUILD_BULL,OFF,MED,0.0044,"Stealth bullish build (puts build, spot flat)","{""dedupe_key"":""NIFTY|STEALTH_BUILD_BULL|OFF|2026-08-07 10:01"",""threshold"":0.008,""value"":0.0044,""since_minute_bucket_ist"":""2026-08-07 10:00"",""last_updated_ist"":""2026-08-07 10:01:00""}"
2026-08-07 00:00:00,2026-08-07 10:01:00,47,NIFTY,WALL_SHIFT_REGIME,ON,MED,1,Wall strike shifted materially (>= 1 step),"{""dedupe_key"":""NIFTY|WALL_SHIFT_REGIME|ON|2026-08-07 10:01"",""threshold"":1,""value"":1,""since_minute_bucket_ist"":"""",""last_updated_ist"":""2026-08-07 10:01:00""}"
2026-08-07 00:00:00,2026-08-07 10:02:00,48,NIFTY,FLOW_BULLISH_BUILD,OFF,HIGH,0.0059,Bullish build (premium-confirmed writing / support),"{""dedupe_key"":""NIFTY|FLOW_BULLISH_BUILD|OFF|2026-08-07 10:02"",""threshold"":0.005,""value"":0.0059,""since_minute_bucket_ist"":""2026-08-07 10:01"",""last_updated_ist"":""2026-08-07 10:02:00""}"
2026-08-07 00:00:00,2026-08-07 10:02:00,48,NIFTY,REGIME_BREAKOUT_UP,ON,HIGH,2,Breakout UP (held above call wall),"{""dedupe_key"":""NIFTY|REGIME_BREAKOUT_UP|ON|2026-08-07 10:02"",""threshold"":2,""value"":2,""since_minute_bucket_ist"":"""",""last_updated_ist"":""2026-08-07 10:02:00""}"
2026-08-07 00:00:00,2026-08-07 10:02:00,48,NIFTY,REGIME_TRANSITION_UNCERTAIN,OFF,LOW,1,Transition/uncertain regime,"{""dedupe_key"":""NIFTY|REGIME_TRANSITION_UNCERTAIN|OFF|2026-08-07 10:02"",""threshold"":1,""value"":1,""since_minute_bucket_ist"":""2026-08-07 10:01"",""last_updated_ist"":""2026-08-07 10:02:00""}"
2026-08-07 00:00:00,2026-08-07 10:02:00,48,NIFTY,EXP_RANGE_BREAKOUT_WATCH_DOWN,ON,MED,24614.4,Expected-range watch DOWN,"{""dedupe_key"":""NIFTY|EXP_RANGE_BREAKOUT_WATCH_DOWN|ON|2026-08-07 10:02"",""threshold"":24616.07,""value"":24614.4,""since_minute_bucket_ist"":"""",""last_updated_ist"":""2026-08-07 10:02:00""}"
2026-08-07 00:00:00,2026-08-07 10:02:00,48,NIFTY,OPTION_MOMENTUM_PUT,ON,MED,2.4,ATM PUT momentum (ltp up + vol up),"{""dedupe_key"":""NIFTY|OPTION_MOMENTUM_PUT|ON|2026-08-07 10:02"",""threshold"":1.5,""value"":2.4,""since_minute_bucket_ist"":"""",""last_updated_ist"":""2026-08-07 10:02:00""}"
2026-08-07 00:00:00,2026-08-07 10:02:00,48,NIFTY,WALL_SHIFT_REGIME,OFF,MED,1,Wall strike shifted materially (>= 1 step),"{""dedupe_key"":""NIFTY|WALL_SHIFT_REGIME|OFF|2026-08-07 10:02"",""threshold"":1,""value"":1,""since_minute_bucket_ist"":""2026-08-07 10:01"",""last_updated_ist"":""2026-08-07 10:02:00""}"
2026-08-07 00:00:00,2026-08-07 10:03:00,49,NIFTY,EXP_RANGE_BREAKOUT_CONFIRMED_DOWN,ON,HIGH,2,Expected-range breakout CONFIRMED DOWN,"{""dedupe_key"":""NIFTY|EXP_RANGE_BREAKOUT_CONFIRMED_DOWN|ON|2026-08-07 10:03"",""threshold"":2,""value"":2,""since_minute_bucket_ist"":"""",""last_updated_ist"":""2026-08-07 10:03:00""}"
2026-08-07 00:00:00,2026-08-07 10:03:00,49,NIFTY,OPTION_MOMENTUM_PUT,OFF,MED,0,ATM PUT momentum (ltp up + vol up),"{""dedupe_key"":""NIFTY|OPTION_MOMENTUM_PUT|OFF|2026-08-07 10:03"",""threshold"":1.5,""value"":0,""since_minute_bucket_ist"":""2026-08-07 10:02"",""last_updated_ist"":""2026-08-07 10:03:00""}"
2026-08-07 00:00:00,2026-08-07 10:04:00,50,NIFTY,VOL_CONTRACTION,ON,LOW,-0.007,Volatility contracting (straddle down),"{""dedupe_key"":""NIFTY|VOL_CONTRACTION|ON|2026-08-07 10:04"",""threshold"":-0.03,""value"":-0.007,""since_minute_bucket_ist"":"""",""last_updated_ist"":""2026-08-07 10:04:00""}"
2026-08-07 00:00:00,2026-08-07 10:05:00,51,NIFTY,VOL_CONTRACTION,OFF,LOW,-0.0075,Volatility contracting (straddle down),"{""dedupe_key"":""NIFTY|VOL_CONTRACTION|OFF|2026-08-07 10:05"",""threshold"":-0.03,""value"":-0.0075,""since_minute_bucket_ist"":""2026-08-07 10:04"",""last_updated_ist"":""2026-08-07 10:05:00""}"
2026-08-07 00:00:00,2026-08-07 10:05:00,51,NIFTY,OPTION_MOMENTUM_CALL,ON,MED,2.4,ATM CALL momentum (ltp up + vol up),"{""dedupe_key"":""NIFTY|OPTION_MOMENTUM_CALL|ON|2026-08-07 10:05"",""threshold"":1.5,""value"":2.4,""since_minute_bucket_ist"":"""",""last_updated_ist"":""2026-08-07 10:05:00""}"
2026-08-07 00:00:00,2026-08-07 10:06:00,52,NIFTY,EXP_RANGE_BREAKOUT_WATCH_DOWN,OFF,MED,24614.3,Expected-range watch DOWN,"{""dedupe_key"":""NIFTY|EXP_RANGE_BREAKOUT_WATCH_DOWN|OFF|2026-08-07 10:06"",""threshold"":24611.21,""value"":24614.3,""since_minute_bucket_ist"":""2026-08-07 10:02"",""last_updated_ist"":""2026-08-07 10:06:00""}"
2026-08-07 00:00:00,2026-08-07 10:06:00,52,NIFTY,EXP_RANGE_BREAKOUT_CONFIRMED_DOWN,OFF,HIGH,0,Expected-range breakout CONFIRMED DOWN,"{""dedupe_key"":""NIFTY|EXP_RANGE_BREAKOUT_CONFIRMED_DOWN|OFF|2026-08-07 10:06"",""threshold"":2,""value"":0,""since_minute_bucket_ist"":""2026-08-07 10:03"",""last_updated_ist"":""2026-08-07 10:06:00""}"
2026-08-07 00:00:00,2026-08-07 10:06:00,52,NIFTY,OPTION_MOMENTUM_CALL,OFF,MED,-1.9,ATM CALL momentum (ltp up + vol up),"{""dedupe_key"":""NIFTY|OPTION_MOMENTUM_CALL|OFF|2026-08-07 10:06"",""threshold"":1.5,""value"":-1.9,""since_minute_bucket_ist"":""2026-08-07 10:05"",""last_updated_ist"":""2026-08-07 10:06:00""}"
2026-08-07 00:00:00,2026-08-07 10:08:00,54,NIFTY,OPTION_MOMENTUM_CALL,ON,MED,2.5,ATM CALL momentum (ltp up + vol up),"{""dedupe_key"":""NIFTY|OPTION_MOMENTUM_CALL|ON|2026-08-07 10:08"",""threshold"":1.5,""value"":2.5,""since_minute_bucket_ist"":"""",""last_updated_ist"":""2026-08-07 10:08:00""}"
2026-08-07 00:00:00,2026-08-07 10:09:00,55,NIFTY,OPTION_MOMENTUM_CALL,OFF,MED,0,ATM CALL momentum (ltp up + vol up),"{""dedupe_key"":""NIFTY|OPTION_MOMENTUM_CALL|OFF|2026-08-07 10:09"",""threshold"":1.5,""value"":0,""since_minute_bucket_ist"":""2026-08-07 10:08"",""last_updated_ist"":""2026-08-07 10:09:00""}"
2026-08-07 00:00:00,2026-08-07 10:10:00,56,NIFTY,OPTION_MOMENTUM_PUT,ON,MED,1.9,ATM PUT momentum (ltp up + vol up),"{""dedupe_key"":""NIFTY|OPTION_MOMENTUM_PUT|ON|2026-08-07 10:10"",""threshold"":1.5,""value"":1.9,""since_minute_bucket_ist"":"""",""last_updated_ist"":""2026-08-07 10:10:00""}"
2026-08-07 00:00:00,2026-08-07 10:10:00,56,NIFTY,STEALTH_BUILD_BEAR,ON,MED,0.0125,"Stealth bearish build (calls build, spot flat)","{""dedupe_key"":""NIFTY|STEALTH_BUILD_BEAR|ON|2026-08-07 10:10"",""threshold"":0.008,""value"":0.0125,""since_minute_bucket_ist"":"""",""last_updated_ist"":""2026-08-07 10:10:00""}"
2026-08-07 00:00:00,2026-08-07 10:11:00,57,NIFTY,REGIME_BREAKOUT_UP,OFF,HIGH,0,Breakout UP (held above call wall),"{""dedupe_key"":""NIFTY|REGIME_BREAKOUT_UP|OFF|2026-08-07 10:11"",""threshold"":2,""value"":0,""since_minute_bucket_ist"":""2026-08-07 10:02"",""last_updated_ist"":""2026-08-07 10:11:00""}"
2026-08-07 00:00:00,2026-08-07 10:11:00,57,NIFTY,REGIME_TRANSITION_UNCERTAIN,ON,LOW,1,Transition/uncertain regime,"{""dedupe_key"":""NIFTY|REGIME_TRANSITION_UNCERTAIN|ON|2026-08-07 10:11"",""threshold"":1,""value"":1,""since_minute_bucket_ist"":"""",""last_updated_ist"":""2026-08-07 10:11:00""}"
2026-08-07 00:00:00,2026-08-07 10:11:00,57,NIFTY,EXP_RANGE_BREAKOUT_WATCH_DOWN,ON,MED,24605,Expected-range watch DOWN,"{""dedupe_key"":""NIFTY|EXP_RANGE_BREAKOUT_WATCH_DOWN|ON|2026-08-07 10:11"",""threshold"":24607.62,""value"":24605,""since_minute_bucket_ist"":"""",""last_updated_ist"":""2026-08-07 10:11:00""}"
2026-08-07 00:00:00,2026-08-07 10:11:00,57,NIFTY,VOL_CONTRACTION,ON,LOW,-0.0064,Volatility contracting (straddle down),"{""dedupe_key"":""NIFTY|VOL_CONTRACTION|ON|2026-08-07 10:11"",""threshold"":-0.03,""value"":-0.0064,""since_minute_bucket_ist"":"""",""last_updated_ist"":""2026-08-07 10:11:00""}"
2026-08-07 00:00:00,2026-08-07 10:11:00,57,NIFTY,STEALTH_BUILD_BEAR,OFF,MED,0.0024,"Stealth bearish build (calls build, spot flat)","{""dedupe_key"":""NIFTY|STEALTH_BUILD_BEAR|OFF|2026-08-07 10:11"",""threshold"":0.008,""value"":0.0024,""since_minute_bucket_ist"":""2026-08-07 10:10"",""last_updated_ist"":""2026-08-07 10:11:00""}"
2026-08-07 00:00:00,2026-08-07 10:12:00,58,NIFTY,EXP_RANGE_BREAKOUT_CONFIRMED_DOWN,ON,HIGH,2,Expected-range breakout CONFIRMED DOWN,"{""dedupe_key"":""NIFTY|EXP_RANGE_BREAKOUT_CONFIRMED_DOWN|ON|2026-08-07 10:12"",""threshold"":2,""value"":2,""since_minute_bucket_ist"":"""",""last_updated_ist"":""2026-08-07 10:12:00""}"
2026-08-07 00:00:00,2026-08-07 10:12:00,58,NIFTY,OPTION_MOMENTUM_PUT,OFF,MED,0,ATM PUT momentum (ltp up + vol up),"{""dedupe_key"":""NIFTY|OPTION_MOMENTUM_PUT|OFF|2026-08-07 10:12"",""threshold"":1.5,""value"":0,""since_minute_bucket_ist"":""2026-08-07 10:10"",""last_updated_ist"":""2026-08-07 10:12:00""}"
2026-08-07 00:00:00,2026-08-07 10:13:00,59,NIFTY,FLOW_BEARISH_BUILD,ON,HIGH,0.0026,Bearish build (premium-confirmed writing / resistance),"{""dedupe_key"":""NIFTY|FLOW_BEARISH_BUILD|ON|2026-08-07 10:13"",""threshold"":0.005,""value"":0.0026,""since_minute_bucket_ist"":"""",""last_updated_ist"":""2026-08-07 10:13:00""}"
2026-08-07 00:00:00,2026-08-07 10:13:00,59,NIFTY,PIN_BREAKOUT_SETUP,ON,MED,-10.150000000001455,Pin breakout setup (wall touch + aligned flow),"{""dedupe_key"":""NIFTY|PIN_BREAKOUT_SETUP|ON|2026-08-07 10:13"",""threshold"":0,""value"":-10.150000000001455,""since_minute_bucket_ist"":"""",""last_updated_ist"":""2026-08-07 10:13:00""}"
2026-08-07 00:00:00,2026-08-07 10:13:00,59,NIFTY,OPTION_MOMENTUM_PUT,ON,MED,3.1,ATM PUT momentum (ltp up + vol up),"{""dedupe_key"":""NIFTY|OPTION_MOMENTUM_PUT|ON|2026-08-07 10:13"",""threshold"":1.5,""value"":3.1,""since_minute_bucket_ist"":"""",""last_updated_ist"":""2026-08-07 10:13:00""}"
2026-08-07 00:00:00,2026-08-07 10:13:00,59,NIFTY,WALL_UNWIND_CONFIRM_DOWN,ON,MED,-0.01,Put wall OI unwinding (5m),"{""dedupe_key"":""NIFTY|WALL_UNWIND_CONFIRM_DOWN|ON|2026-08-07 10:13"",""threshold"":-0.006,""value"":-0.01,""since_minute_bucket_ist"":"""",""last_updated_ist"":""2026-08-07 10:13:00""}"
2026-08-07 00:00:00,2026-08-07 10:13:00,59,NIFTY,CHURN_COMMITTED,ON,MED,-0.0004,Price move + aligned flow (committed),"{""dedupe_key"":""NIFTY|CHURN_COMMITTED|ON|2026-08-07 10:13"",""threshold"":0.0001,""value"":-0.0004,""since_minute_bucket_ist"":"""",""last_updated_ist"":""2026-08-07 10:13:00""}"
2026-08-07 00:00:00,2026-08-07 10:13:00,59,NIFTY,WALL_PRESSURE_BREAK_SETUP,ON,MED,-10.150000000001455,Pressure building into a wall (break setup),"{""dedupe_key"":""NIFTY|WALL_PRESSURE_BREAK_SETUP|ON|2026-08-07 10:13"",""threshold"":0,""value"":-10.150000000001455,""since_minute_bucket_ist"":"""",""last_updated_ist"":""2026-08-07 10:13:00""}"
2026-08-07 00:00:00,2026-08-07 10:14:00,60,NIFTY,TRADE_LIMIT_REACHED,ON,MED,2,Cooldown active (2m),"{""dedupe_key"":""NIFTY|TRADE_LIMIT_REACHED|ON|2026-08-07 10:14"",""threshold"":500,""value"":2,""since_minute_bucket_ist"":"""",""last_updated_ist"":""2026-08-07 10:14:00""}"
2026-08-07 00:00:00,2026-08-07 10:14:00,60,NIFTY,FLOW_BEARISH_BUILD,OFF,HIGH,0.0046,Bearish build (premium-confirmed writing / resistance),"{""dedupe_key"":""NIFTY|FLOW_BEARISH_BUILD|OFF|2026-08-07 10:14"",""threshold"":0.005,""value"":0.0046,""since_minute_bucket_ist"":""2026-08-07 10:13"",""last_updated_ist"":""2026-08-07 10:14:00""}"
2026-08-07 00:00:00,2026-08-07 10:14:00,60,NIFTY,PIN_BREAKOUT_SETUP,OFF,MED,4.25,Pin breakout setup (wall touch + aligned flow),"{""dedupe_key"":""NIFTY|PIN_BREAKOUT_SETUP|OFF|2026-08-07 10:14"",""threshold"":0,""value"":4.25,""since_minute_bucket_ist"":""2026-08-07 10:13"",""last_updated_ist"":""2026-08-07 10:14:00""}"
2026-08-07 00:00:00,2026-08-07 10:14:00,60,NIFTY,OPTION_MOMENTUM_CALL,ON,MED,2.2,ATM CALL momentum (ltp up + vol up),"{""dedupe_key"":""NIFTY|OPTION_MOMENTUM_CALL|ON|2026-08-07 10:14"",""threshold"":1.5,""value"":2.2,""since_minute_bucket_ist"":"""",""last_updated_ist"":""2026-08-07 10:14:00""}"
2026-08-07 00:00:00,2026-08-07 10:14:00,60,NIFTY,OPTION_MOMENTUM_PUT,OFF,MED,-0.1,ATM PUT momentum (ltp up + vol up),"{""dedupe_key"":""NIFTY|OPTION_MOMENTUM_PUT|OFF|2026-08-07 10:14"",""threshold"":1.5,""value"":-0.1,""since_minute_bucket_ist"":""2026-08-07 10:13"",""last_updated_ist"":""2026-08-07 10:14:00""}"
2026-08-07 00:00:00,2026-08-07 10:14:00,60,NIFTY,CHURN_COMMITTED,OFF,MED,0.0002,Price move + aligned flow (committed),"{""dedupe_key"":""NIFTY|CHURN_COMMITTED|OFF|2026-08-07 10:14"",""threshold"":0.0001,""value"":0.0002,""since_minute_bucket_ist"":""2026-08-07 10:13"",""last_updated_ist"":""2026-08-07 10:14:00""}"
2026-08-07 00:00:00,2026-08-07 10:14:00,60,NIFTY,WALL_PRESSURE_BREAK_SETUP,OFF,MED,4.25,Pressure building into a wall (break setup),"{""dedupe_key"":""NIFTY|WALL_PRESSURE_BREAK_SETUP|OFF|2026-08-07 10:14"",""threshold"":0,""value"":4.25,""since_minute_bucket_ist"":""2026-08-07 10:13"",""last_updated_ist"":""2026-08-07 10:14:00""}"
2026-08-07 00:00:00,2026-08-07 10:15:00,61,NIFTY,TRADE_LIMIT_REACHED,OFF,MED,2,Cooldown active (2m),"{""dedupe_key"":""NIFTY|TRADE_LIMIT_REACHED|OFF|2026-08-07 10:15"",""threshold"":500,""value"":2,""since_minute_bucket_ist"":""2026-08-07 10:14"",""last_updated_ist"":""2026-08-07 10:15:00""}"
2026-08-07 00:00:00,2026-08-07 10:15:00,61,NIFTY,STEALTH_BUILD_BEAR,ON,MED,0.0096,"Stealth bearish build (calls build, spot flat)","{""dedupe_key"":""NIFTY|STEALTH_BUILD_BEAR|ON|2026-08-07 10:15"",""threshold"":0.008,""value"":0.0096,""since_minute_bucket_ist"":"""",""last_updated_ist"":""2026-08-07 10:15:00""}"
2026-08-07 00:00:00,2026-08-07 10:16:00,62,NIFTY,FLOW_BEARISH_BUILD,ON,HIGH,0.0329,Bearish build (premium-confirmed writing / resistance),"{""dedupe_key"":""NIFTY|FLOW_BEARISH_BUILD|ON|2026-08-07 10:16"",""threshold"":0.005,""value"":0.0329,""since_minute_bucket_ist"":"""",""last_updated_ist"":""2026-08-07 10:16:00""}"
2026-08-07 00:00:00,2026-08-07 10:16:00,62,NIFTY,PIN_BREAKOUT_SETUP,ON,MED,-1.8500000000021828,Pin breakout setup (wall touch + aligned flow),"{""dedupe_key"":""NIFTY|PIN_BREAKOUT_SETUP|ON|2026-08-07 10:16"",""threshold"":0,""value"":-1.8500000000021828,""since_minute_bucket_ist"":"""",""last_updated_ist"":""2026-08-07 10:16:00""}"
2026-08-07 00:00:00,2026-08-07 10:16:00,62,NIFTY,OPTION_MOMENTUM_CALL,OFF,MED,-4.7,ATM CALL momentum (ltp up + vol up),"{""dedupe_key"":""NIFTY|OPTION_MOMENTUM_CALL|OFF|2026-08-07 10:16"",""threshold"":1.5,""value"":-4.7,""since_minute_bucket_ist"":""2026-08-07 10:14"",""last_updated_ist"":""2026-08-07 10:16:00""}"
2026-08-07 00:00:00,2026-08-07 10:16:00,62,NIFTY,OPTION_MOMENTUM_PUT,ON,MED,2.3,ATM PUT momentum (ltp up + vol up),"{""dedupe_key"":""NIFTY|OPTION_MOMENTUM_PUT|ON|2026-08-07 10:16"",""threshold"":1.5,""value"":2.3,""since_minute_bucket_ist"":"""",""last_updated_ist"":""2026-08-07 10:16:00""}"
2026-08-07 00:00:00,2026-08-07 10:16:00,62,NIFTY,CHURN_CHOP,ON,LOW,0.0409,High OI churn while price flat (chop),"{""dedupe_key"":""NIFTY|CHURN_CHOP|ON|2026-08-07 10:16"",""threshold"":0.04,""value"":0.0409,""since_minute_bucket_ist"":"""",""last_updated_ist"":""2026-08-07 10:16:00""}"
2026-08-07 00:00:00,2026-08-07 10:16:00,62,NIFTY,WALL_PRESSURE_BREAK_SETUP,ON,MED,-1.8500000000021828,Pressure building into a wall (break setup),"{""dedupe_key"":""NIFTY|WALL_PRESSURE_BREAK_SETUP|ON|2026-08-07 10:16"",""threshold"":0,""value"":-1.8500000000021828,""since_minute_bucket_ist"":"""",""last_updated_ist"":""2026-08-07 10:16:00""}"
2026-08-07 00:00:00,2026-08-07 10:17:00,63,NIFTY,TRADE_LIMIT_REACHED,ON,MED,3,Cooldown active (2m),"{""dedupe_key"":""NIFTY|TRADE_LIMIT_REACHED|ON|2026-08-07 10:17"",""threshold"":500,""value"":3,""since_minute_bucket_ist"":"""",""last_updated_ist"":""2026-08-07 10:17:00""}"
2026-08-07 00:00:00,2026-08-07 10:17:00,63,NIFTY,FLOW_BEARISH_BUILD,OFF,HIGH,0,Bearish build (premium-confirmed writing / resistance),"{""dedupe_key"":""NIFTY|FLOW_BEARISH_BUILD|OFF|2026-08-07 10:17"",""threshold"":0.005,""value"":0,""since_minute_bucket_ist"":""2026-08-07 10:16"",""last_updated_ist"":""2026-08-07 10:17:00""}"
2026-08-07 00:00:00,2026-08-07 10:17:00,63,NIFTY,PIN_BREAKOUT_SETUP,OFF,MED,0,Pin breakout setup (wall touch + aligned flow),"{""dedupe_key"":""NIFTY|PIN_BREAKOUT_SETUP|OFF|2026-08-07 10:17"",""threshold"":0,""value"":0,""since_minute_bucket_ist"":""2026-08-07 10:16"",""last_updated_ist"":""2026-08-07 10:17:00""}"
2026-08-07 00:00:00,2026-08-07 10:17:00,63,NIFTY,EXP_RANGE_BREAKOUT_WATCH_DOWN,OFF,MED,24595.05,Expected-range watch DOWN,"{""dedupe_key"":""NIFTY|EXP_RANGE_BREAKOUT_WATCH_DOWN|OFF|2026-08-07 10:17"",""threshold"":24593.73,""value"":24595.05,""since_minute_bucket_ist"":""2026-08-07 10:11"",""last_updated_ist"":""2026-08-07 10:17:00""}"
2026-08-07 00:00:00,2026-08-07 10:17:00,63,NIFTY,EXP_RANGE_BREAKOUT_CONFIRMED_DOWN,OFF,HIGH,0,Expected-range breakout CONFIRMED DOWN,"{""dedupe_key"":""NIFTY|EXP_RANGE_BREAKOUT_CONFIRMED_DOWN|OFF|2026-08-07 10:17"",""threshold"":2,""value"":0,""since_minute_bucket_ist"":""2026-08-07 10:12"",""last_updated_ist"":""2026-08-07 10:17:00""}"
2026-08-07 00:00:00,2026-08-07 10:17:00,63,NIFTY,OPTION_MOMENTUM_PUT,OFF,MED,0,ATM PUT momentum (ltp up + vol up),"{""dedupe_key"":""NIFTY|OPTION_MOMENTUM_PUT|OFF|2026-08-07 10:17"",""threshold"":1.5,""value"":0,""since_minute_bucket_ist"":""2026-08-07 10:16"",""last_updated_ist"":""2026-08-07 10:17:00""}"
2026-08-07 00:00:00,2026-08-07 10:17:00,63,NIFTY,CHURN_CHOP,OFF,LOW,0,High OI churn while price flat (chop),"{""dedupe_key"":""NIFTY|CHURN_CHOP|OFF|2026-08-07 10:17"",""threshold"":0.04,""value"":0,""since_minute_bucket_ist"":""2026-08-07 10:16"",""last_updated_ist"":""2026-08-07 10:17:00""}"
2026-08-07 00:00:00,2026-08-07 10:17:00,63,NIFTY,STEALTH_BUILD_BEAR,OFF,MED,0,"Stealth bearish build (calls build, spot flat)","{""dedupe_key"":""NIFTY|STEALTH_BUILD_BEAR|OFF|2026-08-07 10:17"",""threshold"":0.008,""value"":0,""since_minute_bucket_ist"":""2026-08-07 10:15"",""last_updated_ist"":""2026-08-07 10:17:00""}"
2026-08-07 00:00:00,2026-08-07 10:17:00,63,NIFTY,WALL_PRESSURE_BREAK_SETUP,OFF,MED,0,Pressure building into a wall (break setup),"{""dedupe_key"":""NIFTY|WALL_PRESSURE_BREAK_SETUP|OFF|2026-08-07 10:17"",""threshold"":0,""value"":0,""since_minute_bucket_ist"":""2026-08-07 10:16"",""last_updated_ist"":""2026-08-07 10:17:00""}"
2026-08-07 00:00:00,2026-08-07 10:18:00,64,NIFTY,FLOW_BOTH_BUILDING,ON,MED,0.0056,Both sides building (straddle build) → higher chop risk,"{""dedupe_key"":""NIFTY|FLOW_BOTH_BUILDING|ON|2026-08-07 10:18"",""threshold"":0.005,""value"":0.0056,""since_minute_bucket_ist"":"""",""last_updated_ist"":""2026-08-07 10:18:00""}"
2026-08-07 00:00:00,2026-08-07 10:18:00,64,NIFTY,EXP_RANGE_BREAKOUT_WATCH_DOWN,ON,MED,24583.1,Expected-range watch DOWN,"{""dedupe_key"":""NIFTY|EXP_RANGE_BREAKOUT_WATCH_DOWN|ON|2026-08-07 10:18"",""threshold"":24589.13,""value"":24583.1,""since_minute_bucket_ist"":"""",""last_updated_ist"":""2026-08-07 10:18:00""}"
2026-08-07 00:00:00,2026-08-07 10:19:00,65,NIFTY,TRADE_LIMIT_REACHED,OFF,MED,3,Cooldown active (2m),"{""dedupe_key"":""NIFTY|TRADE_LIMIT_REACHED|OFF|2026-08-07 10:19"",""threshold"":500,""value"":3,""since_minute_bucket_ist"":""2026-08-07 10:17"",""last_updated_ist"":""2026-08-07 10:19:00""}"
2026-08-07 00:00:00,2026-08-07 10:19:00,65,NIFTY,FLOW_BOTH_BUILDING,OFF,MED,-0.0081,Both sides building (straddle build) → higher chop risk,"{""dedupe_key"":""NIFTY|FLOW_BOTH_BUILDING|OFF|2026-08-07 10:19"",""threshold"":0.005,""value"":-0.0081,""since_minute_bucket_ist"":""2026-08-07 10:18"",""last_updated_ist"":""2026-08-07 10:19:00""}"
2026-08-07 00:00:00,2026-08-07 10:19:00,65,NIFTY,FLOW_BEARISH_BUILD,ON,HIGH,0.0048,Bearish build (premium-confirmed writing / resistance),"{""dedupe_key"":""NIFTY|FLOW_BEARISH_BUILD|ON|2026-08-07 10:19"",""threshold"":0.005,""value"":0.0048,""since_minute_bucket_ist"":"""",""last_updated_ist"":""2026-08-07 10:19:00""}"
2026-08-07 00:00:00,2026-08-07 10:19:00,65,NIFTY,REGIME_BREAKOUT_DOWN,ON,HIGH,2,Breakout DOWN (held below put wall),"{""dedupe_key"":""NIFTY|REGIME_BREAKOUT_DOWN|ON|2026-08-07 10:19"",""threshold"":2,""value"":2,""since_minute_bucket_ist"":"""",""last_updated_ist"":""2026-08-07 10:19:00""}"
2026-08-07 00:00:00,2026-08-07 10:19:00,65,NIFTY,REGIME_TRANSITION_UNCERTAIN,OFF,LOW,1,Transition/uncertain regime,"{""dedupe_key"":""NIFTY|REGIME_TRANSITION_UNCERTAIN|OFF|2026-08-07 10:19"",""threshold"":1,""value"":1,""since_minute_bucket_ist"":""2026-08-07 10:11"",""last_updated_ist"":""2026-08-07 10:19:00""}"
2026-08-07 00:00:00,2026-08-07 10:19:00,65,NIFTY,PIN_BREAKOUT_SETUP,ON,MED,-5.19999999999709,Pin breakout setup (wall touch + aligned flow),"{""dedupe_key"":""NIFTY|PIN_BREAKOUT_SETUP|ON|2026-08-07 10:19"",""threshold"":0,""value"":-5.19999999999709,""since_minute_bucket_ist"":"""",""last_updated_ist"":""2026-08-07 10:19:00""}"
2026-08-07 00:00:00,2026-08-07 10:19:00,65,NIFTY,EXP_RANGE_BREAKOUT_CONFIRMED_DOWN,ON,HIGH,2,Expected-range breakout CONFIRMED DOWN,"{""dedupe_key"":""NIFTY|EXP_RANGE_BREAKOUT_CONFIRMED_DOWN|ON|2026-08-07 10:19"",""threshold"":2,""value"":2,""since_minute_bucket_ist"":"""",""last_updated_ist"":""2026-08-07 10:19:00""}"
2026-08-07 00:00:00,2026-08-07 10:19:00,65,NIFTY,OPTION_MOMENTUM_PUT,ON,MED,5.8,ATM PUT momentum (ltp up + vol up),"{""dedupe_key"":""NIFTY|OPTION_MOMENTUM_PUT|ON|2026-08-07 10:19"",""threshold"":1.5,""value"":5.8,""since_minute_bucket_ist"":"""",""last_updated_ist"":""2026-08-07 10:19:00""}"
2026-08-07 00:00:00,2026-08-07 10:19:00,65,NIFTY,CHURN_COMMITTED,ON,MED,-0.0002,Price move + aligned flow (committed),"{""dedupe_key"":""NIFTY|CHURN_COMMITTED|ON|2026-08-07 10:19"",""threshold"":0.0001,""value"":-0.0002,""since_minute_bucket_ist"":"""",""last_updated_ist"":""2026-08-07 10:19:00""}"
2026-08-07 00:00:00,2026-08-07 10:19:00,65,NIFTY,WALL_PRESSURE_BREAK_SETUP,ON,MED,-5.19999999999709,Pressure building into a wall (break setup),"{""dedupe_key"":""NIFTY|WALL_PRESSURE_BREAK_SETUP|ON|2026-08-07 10:19"",""threshold"":0,""value"":-5.19999999999709,""since_minute_bucket_ist"":"""",""last_updated_ist"":""2026-08-07 10:19:00""}"
2026-08-07 00:00:00,2026-08-07 10:20:00,66,NIFTY,TRADE_LIMIT_REACHED,ON,MED,4,Cooldown active (2m),"{""dedupe_key"":""NIFTY|TRADE_LIMIT_REACHED|ON|2026-08-07 10:20"",""threshold"":500,""value"":4,""since_minute_bucket_ist"":"""",""last_updated_ist"":""2026-08-07 10:20:00""}"
2026-08-07 00:00:00,2026-08-07 10:20:00,66,NIFTY,FLOW_BEARISH_BUILD,OFF,HIGH,0,Bearish build (premium-confirmed writing / resistance),"{""dedupe_key"":""NIFTY|FLOW_BEARISH_BUILD|OFF|2026-08-07 10:20"",""threshold"":0.005,""value"":0,""since_minute_bucket_ist"":""2026-08-07 10:19"",""last_updated_ist"":""2026-08-07 10:20:00""}"
2026-08-07 00:00:00,2026-08-07 10:20:00,66,NIFTY,PIN_BREAKOUT_SETUP,OFF,MED,0,Pin breakout setup (wall touch + aligned flow),"{""dedupe_key"":""NIFTY|PIN_BREAKOUT_SETUP|OFF|2026-08-07 10:20"",""threshold"":0,""value"":0,""since_minute_bucket_ist"":""2026-08-07 10:19"",""last_updated_ist"":""2026-08-07 10:20:00""}"
2026-08-07 00:00:00,2026-08-07 10:20:00,66,NIFTY,OPTION_MOMENTUM_PUT,OFF,MED,0,ATM PUT momentum (ltp up + vol up),"{""dedupe_key"":""NIFTY|OPTION_MOMENTUM_PUT|OFF|2026-08-07 10:20"",""threshold"":1.5,""value"":0,""since_minute_bucket_ist"":""2026-08-07 10:19"",""last_updated_ist"":""2026-08-07 10:20:00""}"
2026-08-07 00:00:00,2026-08-07 10:20:00,66,NIFTY,CHURN_COMMITTED,OFF,MED,0,Price move + aligned flow (committed),"{""dedupe_key"":""NIFTY|CHURN_COMMITTED|OFF|2026-08-07 10:20"",""threshold"":0.0001,""value"":0,""since_minute_bucket_ist"":""2026-08-07 10:19"",""last_updated_ist"":""2026-08-07 10:20:00""}"
2026-08-07 00:00:00,2026-08-07 10:20:00,66,NIFTY,WALL_PRESSURE_BREAK_SETUP,OFF,MED,0,Pressure building into a wall (break setup),"{""dedupe_key"":""NIFTY|WALL_PRESSURE_BREAK_SETUP|OFF|2026-08-07 10:20"",""threshold"":0,""value"":0,""since_minute_bucket_ist"":""2026-08-07 10:19"",""last_updated_ist"":""2026-08-07 10:20:00""}"
2026-08-07 00:00:00,2026-08-07 10:21:00,67,NIFTY,EXP_RANGE_BREAKOUT_WATCH_DOWN,OFF,MED,24584.45,Expected-range watch DOWN,"{""dedupe_key"":""NIFTY|EXP_RANGE_BREAKOUT_WATCH_DOWN|OFF|2026-08-07 10:21"",""threshold"":24579.54,""value"":24584.45,""since_minute_bucket_ist"":""2026-08-07 10:18"",""last_updated_ist"":""2026-08-07 10:21:00""}"
2026-08-07 00:00:00,2026-08-07 10:21:00,67,NIFTY,EXP_RANGE_BREAKOUT_CONFIRMED_DOWN,OFF,HIGH,0,Expected-range breakout CONFIRMED DOWN,"{""dedupe_key"":""NIFTY|EXP_RANGE_BREAKOUT_CONFIRMED_DOWN|OFF|2026-08-07 10:21"",""threshold"":2,""value"":0,""since_minute_bucket_ist"":""2026-08-07 10:19"",""last_updated_ist"":""2026-08-07 10:21:00""}"
2026-08-07 00:00:00,2026-08-07 10:21:00,67,NIFTY,VOL_CONTRACTION,OFF,LOW,-0.0077,Volatility contracting (straddle down),"{""dedupe_key"":""NIFTY|VOL_CONTRACTION|OFF|2026-08-07 10:21"",""threshold"":-0.03,""value"":-0.0077,""since_minute_bucket_ist"":""2026-08-07 10:11"",""last_updated_ist"":""2026-08-07 10:21:00""}"
2026-08-07 00:00:00,2026-08-07 10:21:00,67,NIFTY,OPTION_MOMENTUM_CALL,ON,MED,2.85,ATM CALL momentum (ltp up + vol up),"{""dedupe_key"":""NIFTY|OPTION_MOMENTUM_CALL|ON|2026-08-07 10:21"",""threshold"":1.5,""value"":2.85,""since_minute_bucket_ist"":"""",""last_updated_ist"":""2026-08-07 10:21:00""}"
2026-08-07 00:00:00,2026-08-07 10:21:00,67,NIFTY,STEALTH_BUILD_BEAR,ON,MED,0.024,"Stealth bearish build (calls build, spot flat)","{""dedupe_key"":""NIFTY|STEALTH_BUILD_BEAR|ON|2026-08-07 10:21"",""threshold"":0.008,""value"":0.024,""since_minute_bucket_ist"":"""",""last_updated_ist"":""2026-08-07 10:21:00""}"
2026-08-07 00:00:00,2026-08-07 10:22:00,68,NIFTY,TRADE_LIMIT_REACHED,OFF,MED,4,Cooldown active (2m),"{""dedupe_key"":""NIFTY|TRADE_LIMIT_REACHED|OFF|2026-08-07 10:22"",""threshold"":500,""value"":4,""since_minute_bucket_ist"":""2026-08-07 10:20"",""last_updated_ist"":""2026-08-07 10:22:00""}"
2026-08-07 00:00:00,2026-08-07 10:22:00,68,NIFTY,OPTION_MOMENTUM_CALL,OFF,MED,0.75,ATM CALL momentum (ltp up + vol up),"{""dedupe_key"":""NIFTY|OPTION_MOMENTUM_CALL|OFF|2026-08-07 10:22"",""threshold"":1.5,""value"":0.75,""since_minute_bucket_ist"":""2026-08-07 10:21"",""last_updated_ist"":""2026-08-07 10:22:00""}"
2026-08-07 00:00:00,2026-08-07 10:23:00,69,NIFTY,FLOW_BEARISH_BUILD,ON,HIGH,0.0119,Bearish build (premium-confirmed writing / resistance),"{""dedupe_key"":""NIFTY|FLOW_BEARISH_BUILD|ON|2026-08-07 10:23"",""threshold"":0.005,""value"":0.0119,""since_minute_bucket_ist"":"""",""last_updated_ist"":""2026-08-07 10:23:00""}"
2026-08-07 00:00:00,2026-08-07 10:23:00,69,NIFTY,PIN_BREAKOUT_SETUP,ON,MED,-5.299999999999272,Pin breakout setup (wall touch + aligned flow),"{""dedupe_key"":""NIFTY|PIN_BREAKOUT_SETUP|ON|2026-08-07 10:23"",""threshold"":0,""value"":-5.299999999999272,""since_minute_bucket_ist"":"""",""last_updated_ist"":""2026-08-07 10:23:00""}"
2026-08-07 00:00:00,2026-08-07 10:23:00,69,NIFTY,CHURN_COMMITTED,ON,MED,-0.0002,Price move + aligned flow (committed),"{""dedupe_key"":""NIFTY|CHURN_COMMITTED|ON|2026-08-07 10:23"",""threshold"":0.0001,""value"":-0.0002,""since_minute_bucket_ist"":"""",""last_updated_ist"":""2026-08-07 10:23:00""}"
2026-08-07 00:00:00,2026-08-07 10:23:00,69,NIFTY,WALL_PRESSURE_BREAK_SETUP,ON,MED,-5.299999999999272,Pressure building into a wall (break setup),"{""dedupe_key"":""NIFTY|WALL_PRESSURE_BREAK_SETUP|ON|2026-08-07 10:23"",""threshold"":0,""value"":-5.299999999999272,""since_minute_bucket_ist"":"""",""last_updated_ist"":""2026-08-07 10:23:00""}"
2026-08-07 00:00:00,2026-08-07 10:24:00,70,NIFTY,FLOW_BEARISH_BUILD,OFF,HIGH,0.0061,Bearish build (premium-confirmed writing / resistance),"{""dedupe_key"":""NIFTY|FLOW_BEARISH_BUILD|OFF|2026-08-07 10:24"",""threshold"":0.005,""value"":0.0061,""since_minute_bucket_ist"":""2026-08-07 10:23"",""last_updated_ist"":""2026-08-07 10:24:00""}"
2026-08-07 00:00:00,2026-08-07 10:24:00,70,NIFTY,REGIME_RANGE_PIN,ON,LOW,0.0002,Range / pin (inside local walls),"{""dedupe_key"":""NIFTY|REGIME_RANGE_PIN|ON|2026-08-07 10:24"",""threshold"":0.001,""value"":0.0002,""since_minute_bucket_ist"":"""",""last_updated_ist"":""2026-08-07 10:24:00""}"
2026-08-07 00:00:00,2026-08-07 10:24:00,70,NIFTY,REGIME_BREAKOUT_DOWN,OFF,HIGH,0,Breakout DOWN (held below put wall),"{""dedupe_key"":""NIFTY|REGIME_BREAKOUT_DOWN|OFF|2026-08-07 10:24"",""threshold"":2,""value"":0,""since_minute_bucket_ist"":""2026-08-07 10:19"",""last_updated_ist"":""2026-08-07 10:24:00""}"
2026-08-07 00:00:00,2026-08-07 10:24:00,70,NIFTY,PIN_BREAKOUT_SETUP,OFF,MED,-1.4500000000007276,Pin breakout setup (wall touch + aligned flow),"{""dedupe_key"":""NIFTY|PIN_BREAKOUT_SETUP|OFF|2026-08-07 10:24"",""threshold"":0,""value"":-1.4500000000007276,""since_minute_bucket_ist"":""2026-08-07 10:23"",""last_updated_ist"":""2026-08-07 10:24:00""}"
2026-08-07 00:00:00,2026-08-07 10:24:00,70,NIFTY,VOL_EXPANSION,ON,MED,0.0222,Volatility expanding (straddle up),"{""dedupe_key"":""NIFTY|VOL_EXPANSION|ON|2026-08-07 10:24"",""threshold"":0.02,""value"":0.0222,""since_minute_bucket_ist"":"""",""last_updated_ist"":""2026-08-07 10:24:00""}"
2026-08-07 00:00:00,2026-08-07 10:24:00,70,NIFTY,WALL_UNWIND_CONFIRM_DOWN,OFF,MED,0,Put wall OI unwinding (5m),"{""dedupe_key"":""NIFTY|WALL_UNWIND_CONFIRM_DOWN|OFF|2026-08-07 10:24"",""threshold"":-0.006,""value"":0,""since_minute_bucket_ist"":""2026-08-07 10:13"",""last_updated_ist"":""2026-08-07 10:24:00""}"
2026-08-07 00:00:00,2026-08-07 10:24:00,70,NIFTY,CHURN_COMMITTED,OFF,MED,-0.0001,Price move + aligned flow (committed),"{""dedupe_key"":""NIFTY|CHURN_COMMITTED|OFF|2026-08-07 10:24"",""threshold"":0.0001,""value"":-0.0001,""since_minute_bucket_ist"":""2026-08-07 10:23"",""last_updated_ist"":""2026-08-07 10:24:00""}"
2026-08-07 00:00:00,2026-08-07 10:24:00,70,NIFTY,STEALTH_BUILD_BEAR,OFF,MED,0.0061,"Stealth bearish build (calls build, spot flat)","{""dedupe_key"":""NIFTY|STEALTH_BUILD_BEAR|OFF|2026-08-07 10:24"",""threshold"":0.008,""value"":0.0061,""since_minute_bucket_ist"":""2026-08-07 10:21"",""last_updated_ist"":""2026-08-07 10:24:00""}"
2026-08-07 00:00:00,2026-08-07 10:24:00,70,NIFTY,WALL_SHIFT_REGIME,ON,MED,1,Wall strike shifted materially (>= 1 step),"{""dedupe_key"":""NIFTY|WALL_SHIFT_REGIME|ON|2026-08-07 10:24"",""threshold"":1,""value"":1,""since_minute_bucket_ist"":"""",""last_updated_ist"":""2026-08-07 10:24:00""}"
2026-08-07 00:00:00,2026-08-07 10:24:00,70,NIFTY,WALL_PRESSURE_BREAK_SETUP,OFF,MED,-1.4500000000007276,Pressure building into a wall (break setup),"{""dedupe_key"":""NIFTY|WALL_PRESSURE_BREAK_SETUP|OFF|2026-08-07 10:24"",""threshold"":0,""value"":-1.4500000000007276,""since_minute_bucket_ist"":""2026-08-07 10:23"",""last_updated_ist"":""2026-08-07 10:24:00""}"
2026-08-07 00:00:00,2026-08-07 10:25:00,71,NIFTY,WALL_SHIFT_REGIME,OFF,MED,1,Wall strike shifted materially (>= 1 step),"{""dedupe_key"":""NIFTY|WALL_SHIFT_REGIME|OFF|2026-08-07 10:25"",""threshold"":1,""value"":1,""since_minute_bucket_ist"":""2026-08-07 10:24"",""last_updated_ist"":""2026-08-07 10:25:00""}"
2026-08-07 00:00:00,2026-08-07 10:26:00,72,NIFTY,OPTION_MOMENTUM_CALL,ON,MED,2.05,ATM CALL momentum (ltp up + vol up),"{""dedupe_key"":""NIFTY|OPTION_MOMENTUM_CALL|ON|2026-08-07 10:26"",""threshold"":1.5,""value"":2.05,""since_minute_bucket_ist"":"""",""last_updated_ist"":""2026-08-07 10:26:00""}"
2026-08-07 00:00:00,2026-08-07 10:27:00,73,NIFTY,FLOW_BEARISH_BUILD,ON,HIGH,0.008,Bearish build (premium-confirmed writing / resistance),"{""dedupe_key"":""NIFTY|FLOW_BEARISH_BUILD|ON|2026-08-07 10:27"",""threshold"":0.005,""value"":0.008,""since_minute_bucket_ist"":"""",""last_updated_ist"":""2026-08-07 10:27:00""}"
2026-08-07 00:00:00,2026-08-07 10:27:00,73,NIFTY,VOL_EXPANSION,OFF,MED,0.0097,Volatility expanding (straddle up),"{""dedupe_key"":""NIFTY|VOL_EXPANSION|OFF|2026-08-07 10:27"",""threshold"":0.02,""value"":0.0097,""since_minute_bucket_ist"":""2026-08-07 10:24"",""last_updated_ist"":""2026-08-07 10:27:00""}"
2026-08-07 00:00:00,2026-08-07 10:27:00,73,NIFTY,OPTION_MOMENTUM_CALL,OFF,MED,-3.35,ATM CALL momentum (ltp up + vol up),"{""dedupe_key"":""NIFTY|OPTION_MOMENTUM_CALL|OFF|2026-08-07 10:27"",""threshold"":1.5,""value"":-3.35,""since_minute_bucket_ist"":""2026-08-07 10:26"",""last_updated_ist"":""2026-08-07 10:27:00""}"
2026-08-07 00:00:00,2026-08-07 10:27:00,73,NIFTY,OPTION_MOMENTUM_PUT,ON,MED,2,ATM PUT momentum (ltp up + vol up),"{""dedupe_key"":""NIFTY|OPTION_MOMENTUM_PUT|ON|2026-08-07 10:27"",""threshold"":1.5,""value"":2,""since_minute_bucket_ist"":"""",""last_updated_ist"":""2026-08-07 10:27:00""}"
2026-08-07 00:00:00,2026-08-07 10:27:00,73,NIFTY,CHURN_COMMITTED,ON,MED,-0.0001,Price move + aligned flow (committed),"{""dedupe_key"":""NIFTY|CHURN_COMMITTED|ON|2026-08-07 10:27"",""threshold"":0.0001,""value"":-0.0001,""since_minute_bucket_ist"":"""",""last_updated_ist"":""2026-08-07 10:27:00""}"
2026-08-07 00:00:00,2026-08-07 10:27:00,73,NIFTY,STEALTH_BUILD_BEAR,ON,MED,0.008,"Stealth bearish build (calls build, spot flat)","{""dedupe_key"":""NIFTY|STEALTH_BUILD_BEAR|ON|2026-08-07 10:27"",""threshold"":0.008,""value"":0.008,""since_minute_bucket_ist"":"""",""last_updated_ist"":""2026-08-07 10:27:00""}"
2026-08-07 00:00:00,2026-08-07 10:28:00,74,NIFTY,FLOW_BEARISH_BUILD,OFF,HIGH,0.0054,Bearish build (premium-confirmed writing / resistance),"{""dedupe_key"":""NIFTY|FLOW_BEARISH_BUILD|OFF|2026-08-07 10:28"",""threshold"":0.005,""value"":0.0054,""since_minute_bucket_ist"":""2026-08-07 10:27"",""last_updated_ist"":""2026-08-07 10:28:00""}"
2026-08-07 00:00:00,2026-08-07 10:28:00,74,NIFTY,EXP_RANGE_BREAKOUT_WATCH_DOWN,ON,MED,24568,Expected-range watch DOWN,"{""dedupe_key"":""NIFTY|EXP_RANGE_BREAKOUT_WATCH_DOWN|ON|2026-08-07 10:28"",""threshold"":24568.05,""value"":24568,""since_minute_bucket_ist"":"""",""last_updated_ist"":""2026-08-07 10:28:00""}"
2026-08-07 00:00:00,2026-08-07 10:28:00,74,NIFTY,OPTION_MOMENTUM_CALL,ON,MED,1.8,ATM CALL momentum (ltp up + vol up),"{""dedupe_key"":""NIFTY|OPTION_MOMENTUM_CALL|ON|2026-08-07 10:28"",""threshold"":1.5,""value"":1.8,""since_minute_bucket_ist"":"""",""last_updated_ist"":""2026-08-07 10:28:00""}"
2026-08-07 00:00:00,2026-08-07 10:28:00,74,NIFTY,OPTION_MOMENTUM_PUT,OFF,MED,-1,ATM PUT momentum (ltp up + vol up),"{""dedupe_key"":""NIFTY|OPTION_MOMENTUM_PUT|OFF|2026-08-07 10:28"",""threshold"":1.5,""value"":-1,""since_minute_bucket_ist"":""2026-08-07 10:27"",""last_updated_ist"":""2026-08-07 10:28:00""}"
2026-08-07 00:00:00,2026-08-07 10:28:00,74,NIFTY,CHURN_COMMITTED,OFF,MED,-0.0001,Price move + aligned flow (committed),"{""dedupe_key"":""NIFTY|CHURN_COMMITTED|OFF|2026-08-07 10:28"",""threshold"":0.0001,""value"":-0.0001,""since_minute_bucket_ist"":""2026-08-07 10:27"",""last_updated_ist"":""2026-08-07 10:28:00""}"
2026-08-07 00:00:00,2026-08-07 10:28:00,74,NIFTY,STEALTH_BUILD_BEAR,OFF,MED,0.0054,"Stealth bearish build (calls build, spot flat)","{""dedupe_key"":""NIFTY|STEALTH_BUILD_BEAR|OFF|2026-08-07 10:28"",""threshold"":0.008,""value"":0.0054,""since_minute_bucket_ist"":""2026-08-07 10:27"",""last_updated_ist"":""2026-08-07 10:28:00""}"
2026-08-07 00:00:00,2026-08-07 10:29:00,75,NIFTY,EXP_RANGE_BREAKOUT_CONFIRMED_DOWN,ON,HIGH,2,Expected-range breakout CONFIRMED DOWN,"{""dedupe_key"":""NIFTY|EXP_RANGE_BREAKOUT_CONFIRMED_DOWN|ON|2026-08-07 10:29"",""threshold"":2,""value"":2,""since_minute_bucket_ist"":"""",""last_updated_ist"":""2026-08-07 10:29:00""}"
2026-08-07 00:00:00,2026-08-07 10:29:00,75,NIFTY,OPTION_MOMENTUM_CALL,OFF,MED,0,ATM CALL momentum (ltp up + vol up),"{""dedupe_key"":""NIFTY|OPTION_MOMENTUM_CALL|OFF|2026-08-07 10:29"",""threshold"":1.5,""value"":0,""since_minute_bucket_ist"":""2026-08-07 10:28"",""last_updated_ist"":""2026-08-07 10:29:00""}"
2026-08-07 00:00:00,2026-08-07 10:30:00,76,NIFTY,FLOW_BEARISH_BUILD,ON,HIGH,0.0114,Bearish build (premium-confirmed writing / resistance),"{""dedupe_key"":""NIFTY|FLOW_BEARISH_BUILD|ON|2026-08-07 10:30"",""threshold"":0.005,""value"":0.0114,""since_minute_bucket_ist"":"""",""last_updated_ist"":""2026-08-07 10:30:00""}"
2026-08-07 00:00:00,2026-08-07 10:30:00,76,NIFTY,OPTION_MOMENTUM_PUT,ON,MED,3.7,ATM PUT momentum (ltp up + vol up),"{""dedupe_key"":""NIFTY|OPTION_MOMENTUM_PUT|ON|2026-08-07 10:30"",""threshold"":1.5,""value"":3.7,""since_minute_bucket_ist"":"""",""last_updated_ist"":""2026-08-07 10:30:00""}"
2026-08-07 00:00:00,2026-08-07 10:30:00,76,NIFTY,WALL_UNWIND_CONFIRM_DOWN,ON,MED,-0.0079,Put wall OI unwinding (5m),"{""dedupe_key"":""NIFTY|WALL_UNWIND_CONFIRM_DOWN|ON|2026-08-07 10:30"",""threshold"":-0.006,""value"":-0.0079,""since_minute_bucket_ist"":"""",""last_updated_ist"":""2026-08-07 10:30:00""}"
2026-08-07 00:00:00,2026-08-07 10:30:00,76,NIFTY,CHURN_COMMITTED,ON,MED,-0.0001,Price move + aligned flow (committed),"{""dedupe_key"":""NIFTY|CHURN_COMMITTED|ON|2026-08-07 10:30"",""threshold"":0.0001,""value"":-0.0001,""since_minute_bucket_ist"":"""",""last_updated_ist"":""2026-08-07 10:30:00""}"
2026-08-07 00:00:00,2026-08-07 10:30:00,76,NIFTY,STEALTH_BUILD_BEAR,ON,MED,0.0114,"Stealth bearish build (calls build, spot flat)","{""dedupe_key"":""NIFTY|STEALTH_BUILD_BEAR|ON|2026-08-07 10:30"",""threshold"":0.008,""value"":0.0114,""since_minute_bucket_ist"":"""",""last_updated_ist"":""2026-08-07 10:30:00""}"
2026-08-07 00:00:00,2026-08-07 10:31:00,77,NIFTY,TRADE_LIMIT_REACHED,ON,MED,5,Cooldown active (2m),"{""dedupe_key"":""NIFTY|TRADE_LIMIT_REACHED|ON|2026-08-07 10:31"",""threshold"":500,""value"":5,""since_minute_bucket_ist"":"""",""last_updated_ist"":""2026-08-07 10:31:00""}"
2026-08-07 00:00:00,2026-08-07 10:31:00,77,NIFTY,FLOW_BEARISH_BUILD,OFF,HIGH,0.0095,Bearish build (premium-confirmed writing / resistance),"{""dedupe_key"":""NIFTY|FLOW_BEARISH_BUILD|OFF|2026-08-07 10:31"",""threshold"":0.005,""value"":0.0095,""since_minute_bucket_ist"":""2026-08-07 10:30"",""last_updated_ist"":""2026-08-07 10:31:00""}"
2026-08-07 00:00:00,2026-08-07 10:31:00,77,NIFTY,EXP_RANGE_BREAKOUT_WATCH_DOWN,OFF,MED,24567.1,Expected-range watch DOWN,"{""dedupe_key"":""NIFTY|EXP_RANGE_BREAKOUT_WATCH_DOWN|OFF|2026-08-07 10:31"",""threshold"":24565.31,""value"":24567.1,""since_minute_bucket_ist"":""2026-08-07 10:28"",""last_updated_ist"":""2026-08-07 10:31:00""}"
2026-08-07 00:00:00,2026-08-07 10:31:00,77,NIFTY,EXP_RANGE_BREAKOUT_CONFIRMED_DOWN,OFF,HIGH,0,Expected-range breakout CONFIRMED DOWN,"{""dedupe_key"":""NIFTY|EXP_RANGE_BREAKOUT_CONFIRMED_DOWN|OFF|2026-08-07 10:31"",""threshold"":2,""value"":0,""since_minute_bucket_ist"":""2026-08-07 10:29"",""last_updated_ist"":""2026-08-07 10:31:00""}"
2026-08-07 00:00:00,2026-08-07 10:31:00,77,NIFTY,OPTION_MOMENTUM_PUT,OFF,MED,-1.65,ATM PUT momentum (ltp up + vol up),"{""dedupe_key"":""NIFTY|OPTION_MOMENTUM_PUT|OFF|2026-08-07 10:31"",""threshold"":1.5,""value"":-1.65,""since_minute_bucket_ist"":""2026-08-07 10:30"",""last_updated_ist"":""2026-08-07 10:31:00""}"
2026-08-07 00:00:00,2026-08-07 10:31:00,77,NIFTY,CHURN_COMMITTED,OFF,MED,0.0001,Price move + aligned flow (committed),"{""dedupe_key"":""NIFTY|CHURN_COMMITTED|OFF|2026-08-07 10:31"",""threshold"":0.0001,""value"":0.0001,""since_minute_bucket_ist"":""2026-08-07 10:30"",""last_updated_ist"":""2026-08-07 10:31:00""}"
2026-08-07 00:00:00,2026-08-07 10:32:00,78,NIFTY,FLOW_BEARISH_BUILD,ON,HIGH,0.0114,Bearish build (premium-confirmed writing / resistance),"{""dedupe_key"":""NIFTY|FLOW_BEARISH_BUILD|ON|2026-08-07 10:32"",""threshold"":0.005,""value"":0.0114,""since_minute_bucket_ist"":"""",""last_updated_ist"":""2026-08-07 10:32:00""}"
2026-08-07 00:00:00,2026-08-07 10:32:00,78,NIFTY,VOL_EXPANSION,ON,MED,0.0031,Volatility expanding (straddle up),"{""dedupe_key"":""NIFTY|VOL_EXPANSION|ON|2026-08-07 10:32"",""threshold"":0.02,""value"":0.0031,""since_minute_bucket_ist"":"""",""last_updated_ist"":""2026-08-07 10:32:00""}"
2026-08-07 00:00:00,2026-08-07 10:32:00,78,NIFTY,OPTION_MOMENTUM_PUT,ON,MED,3.8,ATM PUT momentum (ltp up + vol up),"{""dedupe_key"":""NIFTY|OPTION_MOMENTUM_PUT|ON|2026-08-07 10:32"",""threshold"":1.5,""value"":3.8,""since_minute_bucket_ist"":"""",""last_updated_ist"":""2026-08-07 10:32:00""}"
2026-08-07 00:00:00,2026-08-07 10:33:00,79,NIFTY,TRADE_LIMIT_REACHED,OFF,MED,5,Cooldown active (2m),"{""dedupe_key"":""NIFTY|TRADE_LIMIT_REACHED|OFF|2026-08-07 10:33"",""threshold"":500,""value"":5,""since_minute_bucket_ist"":""2026-08-07 10:31"",""last_updated_ist"":""2026-08-07 10:33:00""}"
2026-08-07 00:00:00,2026-08-07 10:33:00,79,NIFTY,FLOW_BEARISH_BUILD,OFF,HIGH,0.0036,Bearish build (premium-confirmed writing / resistance),"{""dedupe_key"":""NIFTY|FLOW_BEARISH_BUILD|OFF|2026-08-07 10:33"",""threshold"":0.005,""value"":0.0036,""since_minute_bucket_ist"":""2026-08-07 10:32"",""last_updated_ist"":""2026-08-07 10:33:00""}"
2026-08-07 00:00:00,2026-08-07 10:33:00,79,NIFTY,OPTION_MOMENTUM_CALL,ON,MED,2,ATM CALL momentum (ltp up + vol up),"{""dedupe_key"":""NIFTY|OPTION_MOMENTUM_CALL|ON|2026-08-07 10:33"",""threshold"":1.5,""value"":2,""since_minute_bucket_ist"":"""",""last_updated_ist"":""2026-08-07 10:33:00""}"
2026-08-07 00:00:00,2026-08-07 10:33:00,79,NIFTY,OPTION_MOMENTUM_PUT,OFF,MED,-1.95,ATM PUT momentum (ltp up + vol up),"{""dedupe_key"":""NIFTY|OPTION_MOMENTUM_PUT|OFF|2026-08-07 10:33"",""threshold"":1.5,""value"":-1.95,""since_minute_bucket_ist"":""2026-08-07 10:32"",""last_updated_ist"":""2026-08-07 10:33:00""}"
2026-08-07 00:00:00,2026-08-07 10:33:00,79,NIFTY,STEALTH_BUILD_BEAR,OFF,MED,0.0036,"Stealth bearish build (calls build, spot flat)","{""dedupe_key"":""NIFTY|STEALTH_BUILD_BEAR|OFF|2026-08-07 10:33"",""threshold"":0.008,""value"":0.0036,""since_minute_bucket_ist"":""2026-08-07 10:30"",""last_updated_ist"":""2026-08-07 10:33:00""}"
2026-08-07 00:00:00,2026-08-07 10:34:00,80,NIFTY,OPTION_MOMENTUM_CALL,OFF,MED,0,ATM CALL momentum (ltp up + vol up),"{""dedupe_key"":""NIFTY|OPTION_MOMENTUM_CALL|OFF|2026-08-07 10:34"",""threshold"":1.5,""value"":0,""since_minute_bucket_ist"":""2026-08-07 10:33"",""last_updated_ist"":""2026-08-07 10:34:00""}"
2026-08-07 00:00:00,2026-08-07 10:35:00,81,NIFTY,OPTION_MOMENTUM_CALL,ON,MED,1.9,ATM CALL momentum (ltp up + vol up),"{""dedupe_key"":""NIFTY|OPTION_MOMENTUM_CALL|ON|2026-08-07 10:35"",""threshold"":1.5,""value"":1.9,""since_minute_bucket_ist"":"""",""last_updated_ist"":""2026-08-07 10:35:00""}"
2026-08-07 00:00:00,2026-08-07 10:36:00,82,NIFTY,FLOW_BEARISH_BUILD,ON,HIGH,0.0139,Bearish build (premium-confirmed writing / resistance),"{""dedupe_key"":""NIFTY|FLOW_BEARISH_BUILD|ON|2026-08-07 10:36"",""threshold"":0.005,""value"":0.0139,""since_minute_bucket_ist"":"""",""last_updated_ist"":""2026-08-07 10:36:00""}"
2026-08-07 00:00:00,2026-08-07 10:36:00,82,NIFTY,OPTION_MOMENTUM_CALL,OFF,MED,0.95,ATM CALL momentum (ltp up + vol up),"{""dedupe_key"":""NIFTY|OPTION_MOMENTUM_CALL|OFF|2026-08-07 10:36"",""threshold"":1.5,""value"":0.95,""since_minute_bucket_ist"":""2026-08-07 10:35"",""last_updated_ist"":""2026-08-07 10:36:00""}"
2026-08-07 00:00:00,2026-08-07 10:36:00,82,NIFTY,STEALTH_BUILD_BEAR,ON,MED,0.0139,"Stealth bearish build (calls build, spot flat)","{""dedupe_key"":""NIFTY|STEALTH_BUILD_BEAR|ON|2026-08-07 10:36"",""threshold"":0.008,""value"":0.0139,""since_minute_bucket_ist"":"""",""last_updated_ist"":""2026-08-07 10:36:00""}"
2026-08-07 00:00:00,2026-08-07 10:37:00,83,NIFTY,FLOW_BEARISH_BUILD,OFF,HIGH,0,Bearish build (premium-confirmed writing / resistance),"{""dedupe_key"":""NIFTY|FLOW_BEARISH_BUILD|OFF|2026-08-07 10:37"",""threshold"":0.005,""value"":0,""since_minute_bucket_ist"":""2026-08-07 10:36"",""last_updated_ist"":""2026-08-07 10:37:00""}"
2026-08-07 00:00:00,2026-08-07 10:37:00,83,NIFTY,STEALTH_BUILD_BEAR,OFF,MED,0,"Stealth bearish build (calls build, spot flat)","{""dedupe_key"":""NIFTY|STEALTH_BUILD_BEAR|OFF|2026-08-07 10:37"",""threshold"":0.008,""value"":0,""since_minute_bucket_ist"":""2026-08-07 10:36"",""last_updated_ist"":""2026-08-07 10:37:00""}"
2026-08-07 00:00:00,2026-08-07 10:38:00,84,NIFTY,FLOW_BEARISH_BUILD,ON,HIGH,0.0067,Bearish build (premium-confirmed writing / resistance),"{""dedupe_key"":""NIFTY|FLOW_BEARISH_BUILD|ON|2026-08-07 10:38"",""threshold"":0.005,""value"":0.0067,""since_minute_bucket_ist"":"""",""last_updated_ist"":""2026-08-07 10:38:00""}"
2026-08-07 00:00:00,2026-08-07 10:38:00,84,NIFTY,VOL_EXPANSION,OFF,MED,0.001,Volatility expanding (straddle up),"{""dedupe_key"":""NIFTY|VOL_EXPANSION|OFF|2026-08-07 10:38"",""threshold"":0.02,""value"":0.001,""since_minute_bucket_ist"":""2026-08-07 10:32"",""last_updated_ist"":""2026-08-07 10:38:00""}"
2026-08-07 00:00:00,2026-08-07 10:38:00,84,NIFTY,OPTION_MOMENTUM_PUT,ON,MED,1.75,ATM PUT momentum (ltp up + vol up),"{""dedupe_key"":""NIFTY|OPTION_MOMENTUM_PUT|ON|2026-08-07 10:38"",""threshold"":1.5,""value"":1.75,""since_minute_bucket_ist"":"""",""last_updated_ist"":""2026-08-07 10:38:00""}"
2026-08-07 00:00:00,2026-08-07 10:39:00,85,NIFTY,REGIME_RANGE_PIN,OFF,LOW,0.0001,Range / pin (inside local walls),"{""dedupe_key"":""NIFTY|REGIME_RANGE_PIN|OFF|2026-08-07 10:39"",""threshold"":0.001,""value"":0.0001,""since_minute_bucket_ist"":""2026-08-07 10:24"",""last_updated_ist"":""2026-08-07 10:39:00""}"
2026-08-07 00:00:00,2026-08-07 10:39:00,85,NIFTY,REGIME_TRANSITION_UNCERTAIN,ON,LOW,1,Transition/uncertain regime,"{""dedupe_key"":""NIFTY|REGIME_TRANSITION_UNCERTAIN|ON|2026-08-07 10:39"",""threshold"":1,""value"":1,""since_minute_bucket_ist"":"""",""last_updated_ist"":""2026-08-07 10:39:00""}"
2026-08-07 00:00:00,2026-08-07 10:39:00,85,NIFTY,EXP_RANGE_BREAKOUT_WATCH_UP,ON,MED,24575.35,Expected-range watch UP,"{""dedupe_key"":""NIFTY|EXP_RANGE_BREAKOUT_WATCH_UP|ON|2026-08-07 10:39"",""threshold"":24572.9,""value"":24575.35,""since_minute_bucket_ist"":"""",""last_updated_ist"":""2026-08-07 10:39:00""}"
2026-08-07 00:00:00,2026-08-07 10:39:00,85,NIFTY,VOL_CONTRACTION,ON,LOW,-0.0134,Volatility contracting (straddle down),"{""dedupe_key"":""NIFTY|VOL_CONTRACTION|ON|2026-08-07 10:39"",""threshold"":-0.03,""value"":-0.0134,""since_minute_bucket_ist"":"""",""last_updated_ist"":""2026-08-07 10:39:00""}"
2026-08-07 00:00:00,2026-08-07 10:39:00,85,NIFTY,OPTION_MOMENTUM_PUT,OFF,MED,-0.1,ATM PUT momentum (ltp up + vol up),"{""dedupe_key"":""NIFTY|OPTION_MOMENTUM_PUT|OFF|2026-08-07 10:39"",""threshold"":1.5,""value"":-0.1,""since_minute_bucket_ist"":""2026-08-07 10:38"",""last_updated_ist"":""2026-08-07 10:39:00""}"
2026-08-07 00:00:00,2026-08-07 10:39:00,85,NIFTY,WALL_UNWIND_CONFIRM_DOWN,OFF,MED,0,Put wall OI unwinding (5m),"{""dedupe_key"":""NIFTY|WALL_UNWIND_CONFIRM_DOWN|OFF|2026-08-07 10:39"",""threshold"":-0.006,""value"":0,""since_minute_bucket_ist"":""2026-08-07 10:30"",""last_updated_ist"":""2026-08-07 10:39:00""}"
2026-08-07 00:00:00,2026-08-07 10:39:00,85,NIFTY,WALL_SHIFT_REGIME,ON,MED,1,Wall strike shifted materially (>= 1 step),"{""dedupe_key"":""NIFTY|WALL_SHIFT_REGIME|ON|2026-08-07 10:39"",""threshold"":1,""value"":1,""since_minute_bucket_ist"":"""",""last_updated_ist"":""2026-08-07 10:39:00""}"
2026-08-07 00:00:00,2026-08-07 10:40:00,86,NIFTY,FLOW_BEARISH_BUILD,OFF,HIGH,0.0093,Bearish build (premium-confirmed writing / resistance),"{""dedupe_key"":""NIFTY|FLOW_BEARISH_BUILD|OFF|2026-08-07 10:40"",""threshold"":0.005,""value"":0.0093,""since_minute_bucket_ist"":""2026-08-07 10:38"",""last_updated_ist"":""2026-08-07 10:40:00""}"
2026-08-07 00:00:00,2026-08-07 10:40:00,86,NIFTY,REGIME_RANGE_PIN,ON,LOW,0.0001,Range / pin (inside local walls),"{""dedupe_key"":""NIFTY|REGIME_RANGE_PIN|ON|2026-08-07 10:40"",""threshold"":0.001,""value"":0.0001,""since_minute_bucket_ist"":"""",""last_updated_ist"":""2026-08-07 10:40:00""}"
2026-08-07 00:00:00,2026-08-07 10:40:00,86,NIFTY,REGIME_TRANSITION_UNCERTAIN,OFF,LOW,1,Transition/uncertain regime,"{""dedupe_key"":""NIFTY|REGIME_TRANSITION_UNCERTAIN|OFF|2026-08-07 10:40"",""threshold"":1,""value"":1,""since_minute_bucket_ist"":""2026-08-07 10:39"",""last_updated_ist"":""2026-08-07 10:40:00""}"
2026-08-07 00:00:00,2026-08-07 10:40:00,86,NIFTY,EXP_RANGE_BREAKOUT_WATCH_UP,OFF,MED,24570.55,Expected-range watch UP,"{""dedupe_key"":""NIFTY|EXP_RANGE_BREAKOUT_WATCH_UP|OFF|2026-08-07 10:40"",""threshold"":24573.11,""value"":24570.55,""since_minute_bucket_ist"":""2026-08-07 10:39"",""last_updated_ist"":""2026-08-07 10:40:00""}"
2026-08-07 00:00:00,2026-08-07 10:40:00,86,NIFTY,VOL_CONTRACTION,OFF,LOW,-0.0002,Volatility contracting (straddle down),"{""dedupe_key"":""NIFTY|VOL_CONTRACTION|OFF|2026-08-07 10:40"",""threshold"":-0.03,""value"":-0.0002,""since_minute_bucket_ist"":""2026-08-07 10:39"",""last_updated_ist"":""2026-08-07 10:40:00""}"
2026-08-07 00:00:00,2026-08-07 10:40:00,86,NIFTY,WALL_UNWIND_CONFIRM_DOWN,ON,MED,-0.0062,Put wall OI unwinding (5m),"{""dedupe_key"":""NIFTY|WALL_UNWIND_CONFIRM_DOWN|ON|2026-08-07 10:40"",""threshold"":-0.006,""value"":-0.0062,""since_minute_bucket_ist"":"""",""last_updated_ist"":""2026-08-07 10:40:00""}"
2026-08-07 00:00:00,2026-08-07 10:40:00,86,NIFTY,STEALTH_BUILD_BEAR,ON,MED,0.0093,"Stealth bearish build (calls build, spot flat)","{""dedupe_key"":""NIFTY|STEALTH_BUILD_BEAR|ON|2026-08-07 10:40"",""threshold"":0.008,""value"":0.0093,""since_minute_bucket_ist"":"""",""last_updated_ist"":""2026-08-07 10:40:00""}"
2026-08-07 00:00:00,2026-08-07 10:41:00,87,NIFTY,WALL_UNWIND_CONFIRM_DOWN,OFF,MED,-0.001,Put wall OI unwinding (5m),"{""dedupe_key"":""NIFTY|WALL_UNWIND_CONFIRM_DOWN|OFF|2026-08-07 10:41"",""threshold"":-0.006,""value"":-0.001,""since_minute_bucket_ist"":""2026-08-07 10:40"",""last_updated_ist"":""2026-08-07 10:41:00""}"
2026-08-07 00:00:00,2026-08-07 10:41:00,87,NIFTY,STEALTH_BUILD_BEAR,OFF,MED,0,"Stealth bearish build (calls build, spot flat)","{""dedupe_key"":""NIFTY|STEALTH_BUILD_BEAR|OFF|2026-08-07 10:41"",""threshold"":0.008,""value"":0,""since_minute_bucket_ist"":""2026-08-07 10:40"",""last_updated_ist"":""2026-08-07 10:41:00""}"
2026-08-07 00:00:00,2026-08-07 10:41:00,87,NIFTY,WALL_SHIFT_REGIME,OFF,MED,1,Wall strike shifted materially (>= 1 step),"{""dedupe_key"":""NIFTY|WALL_SHIFT_REGIME|OFF|2026-08-07 10:41"",""threshold"":1,""value"":1,""since_minute_bucket_ist"":""2026-08-07 10:39"",""last_updated_ist"":""2026-08-07 10:41:00""}"
2026-08-07 00:00:00,2026-08-07 10:43:00,89,NIFTY,FLOW_BEARISH_BUILD,ON,HIGH,0.0017,Bearish build (premium-confirmed writing / resistance),"{""dedupe_key"":""NIFTY|FLOW_BEARISH_BUILD|ON|2026-08-07 10:43"",""threshold"":0.005,""value"":0.0017,""since_minute_bucket_ist"":"""",""last_updated_ist"":""2026-08-07 10:43:00""}"
2026-08-07 00:00:00,2026-08-07 10:43:00,89,NIFTY,EXP_RANGE_BREAKOUT_WATCH_DOWN,ON,MED,24566.4,Expected-range watch DOWN,"{""dedupe_key"":""NIFTY|EXP_RANGE_BREAKOUT_WATCH_DOWN|ON|2026-08-07 10:43"",""threshold"":24566.65,""value"":24566.4,""since_minute_bucket_ist"":"""",""last_updated_ist"":""2026-08-07 10:43:00""}"
2026-08-07 00:00:00,2026-08-07 10:43:00,89,NIFTY,OPTION_MOMENTUM_PUT,ON,MED,1.8,ATM PUT momentum (ltp up + vol up),"{""dedupe_key"":""NIFTY|OPTION_MOMENTUM_PUT|ON|2026-08-07 10:43"",""threshold"":1.5,""value"":1.8,""since_minute_bucket_ist"":"""",""last_updated_ist"":""2026-08-07 10:43:00""}"
2026-08-07 00:00:00,2026-08-07 10:43:00,89,NIFTY,CHURN_COMMITTED,ON,MED,-0.0001,Price move + aligned flow (committed),"{""dedupe_key"":""NIFTY|CHURN_COMMITTED|ON|2026-08-07 10:43"",""threshold"":0.0001,""value"":-0.0001,""since_minute_bucket_ist"":"""",""last_updated_ist"":""2026-08-07 10:43:00""}"
2026-08-07 00:00:00,2026-08-07 10:44:00,90,NIFTY,FLOW_BEARISH_BUILD,OFF,HIGH,0,Bearish build (premium-confirmed writing / resistance),"{""dedupe_key"":""NIFTY|FLOW_BEARISH_BUILD|OFF|2026-08-07 10:44"",""threshold"":0.005,""value"":0,""since_minute_bucket_ist"":""2026-08-07 10:43"",""last_updated_ist"":""2026-08-07 10:44:00""}"
2026-08-07 00:00:00,2026-08-07 10:44:00,90,NIFTY,EXP_RANGE_BREAKOUT_CONFIRMED_DOWN,ON,HIGH,2,Expected-range breakout CONFIRMED DOWN,"{""dedupe_key"":""NIFTY|EXP_RANGE_BREAKOUT_CONFIRMED_DOWN|ON|2026-08-07 10:44"",""threshold"":2,""value"":2,""since_minute_bucket_ist"":"""",""last_updated_ist"":""2026-08-07 10:44:00""}"
2026-08-07 00:00:00,2026-08-07 10:44:00,90,NIFTY,OPTION_MOMENTUM_CALL,ON,MED,1.6,ATM CALL momentum (ltp up + vol up),"{""dedupe_key"":""NIFTY|OPTION_MOMENTUM_CALL|ON|2026-08-07 10:44"",""threshold"":1.5,""value"":1.6,""since_minute_bucket_ist"":"""",""last_updated_ist"":""2026-08-07 10:44:00""}"
2026-08-07 00:00:00,2026-08-07 10:44:00,90,NIFTY,OPTION_MOMENTUM_PUT,OFF,MED,-1.85,ATM PUT momentum (ltp up + vol up),"{""dedupe_key"":""NIFTY|OPTION_MOMENTUM_PUT|OFF|2026-08-07 10:44"",""threshold"":1.5,""value"":-1.85,""since_minute_bucket_ist"":""2026-08-07 10:43"",""last_updated_ist"":""2026-08-07 10:44:00""}"
2026-08-07 00:00:00,2026-08-07 10:44:00,90,NIFTY,CHURN_COMMITTED,OFF,MED,0,Price move + aligned flow (committed),"{""dedupe_key"":""NIFTY|CHURN_COMMITTED|OFF|2026-08-07 10:44"",""threshold"":0.0001,""value"":0,""since_minute_bucket_ist"":""2026-08-07 10:43"",""last_updated_ist"":""2026-08-07 10:44:00""}"
2026-08-07 00:00:00,2026-08-07 10:45:00,91,NIFTY,EXP_RANGE_BREAKOUT_WATCH_DOWN,OFF,MED,24571.65,Expected-range watch DOWN,"{""dedupe_key"":""NIFTY|EXP_RANGE_BREAKOUT_WATCH_DOWN|OFF|2026-08-07 10:45"",""threshold"":24567.21,""value"":24571.65,""since_minute_bucket_ist"":""2026-08-07 10:43"",""last_updated_ist"":""2026-08-07 10:45:00""}"
2026-08-07 00:00:00,2026-08-07 10:45:00,91,NIFTY,EXP_RANGE_BREAKOUT_CONFIRMED_DOWN,OFF,HIGH,0,Expected-range breakout CONFIRMED DOWN,"{""dedupe_key"":""NIFTY|EXP_RANGE_BREAKOUT_CONFIRMED_DOWN|OFF|2026-08-07 10:45"",""threshold"":2,""value"":0,""since_minute_bucket_ist"":""2026-08-07 10:44"",""last_updated_ist"":""2026-08-07 10:45:00""}"
2026-08-07 00:00:00,2026-08-07 10:45:00,91,NIFTY,OPTION_MOMENTUM_CALL,OFF,MED,0.35,ATM CALL momentum (ltp up + vol up),"{""dedupe_key"":""NIFTY|OPTION_MOMENTUM_CALL|OFF|2026-08-07 10:45"",""threshold"":1.5,""value"":0.35,""since_minute_bucket_ist"":""2026-08-07 10:44"",""last_updated_ist"":""2026-08-07 10:45:00""}"
2026-08-07 00:00:00,2026-08-07 10:47:00,93,NIFTY,REGIME_RANGE_PIN,OFF,LOW,0.0001,Range / pin (inside local walls),"{""dedupe_key"":""NIFTY|REGIME_RANGE_PIN|OFF|2026-08-07 10:47"",""threshold"":0.001,""value"":0.0001,""since_minute_bucket_ist"":""2026-08-07 10:40"",""last_updated_ist"":""2026-08-07 10:47:00""}"
2026-08-07 00:00:00,2026-08-07 10:47:00,93,NIFTY,REGIME_TRANSITION_UNCERTAIN,ON,LOW,1,Transition/uncertain regime,"{""dedupe_key"":""NIFTY|REGIME_TRANSITION_UNCERTAIN|ON|2026-08-07 10:47"",""threshold"":1,""value"":1,""since_minute_bucket_ist"":"""",""last_updated_ist"":""2026-08-07 10:47:00""}"
2026-08-07 00:00:00,2026-08-07 10:47:00,93,NIFTY,EXP_RANGE_BREAKOUT_WATCH_UP,ON,MED,24575.3,Expected-range watch UP,"{""dedupe_key"":""NIFTY|EXP_RANGE_BREAKOUT_WATCH_UP|ON|2026-08-07 10:47"",""threshold"":24574.49,""value"":24575.3,""since_minute_bucket_ist"":"""",""last_updated_ist"":""2026-08-07 10:47:00""}"
2026-08-07 00:00:00,2026-08-07 10:47:00,93,NIFTY,VOL_CONTRACTION,ON,LOW,-0.0145,Volatility contracting (straddle down),"{""dedupe_key"":""NIFTY|VOL_CONTRACTION|ON|2026-08-07 10:47"",""threshold"":-0.03,""value"":-0.0145,""since_minute_bucket_ist"":"""",""last_updated_ist"":""2026-08-07 10:47:00""}"
2026-08-07 00:00:00,2026-08-07 10:47:00,93,NIFTY,WALL_SHIFT_REGIME,ON,MED,1,Wall strike shifted materially (>= 1 step),"{""dedupe_key"":""NIFTY|WALL_SHIFT_REGIME|ON|2026-08-07 10:47"",""threshold"":1,""value"":1,""since_minute_bucket_ist"":"""",""last_updated_ist"":""2026-08-07 10:47:00""}"
2026-08-07 00:00:00,2026-08-07 10:48:00,94,NIFTY,FLOW_BEARISH_BUILD,ON,HIGH,0.0013,Bearish build (premium-confirmed writing / resistance),"{""dedupe_key"":""NIFTY|FLOW_BEARISH_BUILD|ON|2026-08-07 10:48"",""threshold"":0.005,""value"":0.0013,""since_minute_bucket_ist"":"""",""last_updated_ist"":""2026-08-07 10:48:00""}"
2026-08-07 00:00:00,2026-08-07 10:48:00,94,NIFTY,REGIME_BREAKOUT_DOWN,ON,HIGH,2,Breakout DOWN (held below put wall),"{""dedupe_key"":""NIFTY|REGIME_BREAKOUT_DOWN|ON|2026-08-07 10:48"",""threshold"":2,""value"":2,""since_minute_bucket_ist"":"""",""last_updated_ist"":""2026-08-07 10:48:00""}"
2026-08-07 00:00:00,2026-08-07 10:48:00,94,NIFTY,REGIME_TRANSITION_UNCERTAIN,OFF,LOW,1,Transition/uncertain regime,"{""dedupe_key"":""NIFTY|REGIME_TRANSITION_UNCERTAIN|OFF|2026-08-07 10:48"",""threshold"":1,""value"":1,""since_minute_bucket_ist"":""2026-08-07 10:47"",""last_updated_ist"":""2026-08-07 10:48:00""}"
2026-08-07 00:00:00,2026-08-07 10:48:00,94,NIFTY,EXP_RANGE_BREAKOUT_CONFIRMED_UP,ON,HIGH,2,Expected-range breakout CONFIRMED UP,"{""dedupe_key"":""NIFTY|EXP_RANGE_BREAKOUT_CONFIRMED_UP|ON|2026-08-07 10:48"",""threshold"":2,""value"":2,""since_minute_bucket_ist"":"""",""last_updated_ist"":""2026-08-07 10:48:00""}"
2026-08-07 00:00:00,2026-08-07 10:48:00,94,NIFTY,WALL_SHIFT_REGIME,OFF,MED,1,Wall strike shifted materially (>= 1 step),"{""dedupe_key"":""NIFTY|WALL_SHIFT_REGIME|OFF|2026-08-07 10:48"",""threshold"":1,""value"":1,""since_minute_bucket_ist"":""2026-08-07 10:47"",""last_updated_ist"":""2026-08-07 10:48:00""}"
2026-08-07 00:00:00,2026-08-07 10:48:00,94,NIFTY,BULL_TRAP,ON,HIGH,1,Bull trap: failed upside breakout + bearish flow,"{""dedupe_key"":""NIFTY|BULL_TRAP|ON|2026-08-07 10:48"",""threshold"":1,""value"":1,""since_minute_bucket_ist"":"""",""last_updated_ist"":""2026-08-07 10:48:00""}"
2026-08-07 00:00:00,2026-08-07 10:49:00,95,NIFTY,FLOW_BEARISH_BUILD,OFF,HIGH,-0.0037,Bearish build (premium-confirmed writing / resistance),"{""dedupe_key"":""NIFTY|FLOW_BEARISH_BUILD|OFF|2026-08-07 10:49"",""threshold"":0.005,""value"":-0.0037,""since_minute_bucket_ist"":""2026-08-07 10:48"",""last_updated_ist"":""2026-08-07 10:49:00""}"
2026-08-07 00:00:00,2026-08-07 10:49:00,95,NIFTY,OPTION_MOMENTUM_CALL,ON,MED,2,ATM CALL momentum (ltp up + vol up),"{""dedupe_key"":""NIFTY|OPTION_MOMENTUM_CALL|ON|2026-08-07 10:49"",""threshold"":1.5,""value"":2,""since_minute_bucket_ist"":"""",""last_updated_ist"":""2026-08-07 10:49:00""}"
2026-08-07 00:00:00,2026-08-07 10:49:00,95,NIFTY,BULL_TRAP,OFF,HIGH,1,Bull trap: failed upside breakout + bearish flow,"{""dedupe_key"":""NIFTY|BULL_TRAP|OFF|2026-08-07 10:49"",""threshold"":1,""value"":1,""since_minute_bucket_ist"":""2026-08-07 10:48"",""last_updated_ist"":""2026-08-07 10:49:00""}"
2026-08-07 00:00:00,2026-08-07 10:50:00,96,NIFTY,OPTION_MOMENTUM_CALL,OFF,MED,0,ATM CALL momentum (ltp up + vol up),"{""dedupe_key"":""NIFTY|OPTION_MOMENTUM_CALL|OFF|2026-08-07 10:50"",""threshold"":1.5,""value"":0,""since_minute_bucket_ist"":""2026-08-07 10:49"",""last_updated_ist"":""2026-08-07 10:50:00""}"
2026-08-07 00:00:00,2026-08-07 10:51:00,97,NIFTY,EXP_RANGE_BREAKOUT_WATCH_UP,OFF,MED,24576.55,Expected-range watch UP,"{""dedupe_key"":""NIFTY|EXP_RANGE_BREAKOUT_WATCH_UP|OFF|2026-08-07 10:51"",""threshold"":24579.62,""value"":24576.55,""since_minute_bucket_ist"":""2026-08-07 10:47"",""last_updated_ist"":""2026-08-07 10:51:00""}"
2026-08-07 00:00:00,2026-08-07 10:51:00,97,NIFTY,EXP_RANGE_BREAKOUT_CONFIRMED_UP,OFF,HIGH,0,Expected-range breakout CONFIRMED UP,"{""dedupe_key"":""NIFTY|EXP_RANGE_BREAKOUT_CONFIRMED_UP|OFF|2026-08-07 10:51"",""threshold"":2,""value"":0,""since_minute_bucket_ist"":""2026-08-07 10:48"",""last_updated_ist"":""2026-08-07 10:51:00""}"
2026-08-07 00:00:00,2026-08-07 10:51:00,97,NIFTY,OPTION_MOMENTUM_PUT,ON,MED,3.2,ATM PUT momentum (ltp up + vol up),"{""dedupe_key"":""NIFTY|OPTION_MOMENTUM_PUT|ON|2026-08-07 10:51"",""threshold"":1.5,""value"":3.2,""since_minute_bucket_ist"":"""",""last_updated_ist"":""2026-08-07 10:51:00""}"
2026-08-07 00:00:00,2026-08-07 10:52:00,98,NIFTY,VOL_CONTRACTION,OFF,LOW,0.0002,Volatility contracting (straddle down),"{""dedupe_key"":""NIFTY|VOL_CONTRACTION|OFF|2026-08-07 10:52"",""threshold"":-0.03,""value"":0.0002,""since_minute_bucket_ist"":""2026-08-07 10:47"",""last_updated_ist"":""2026-08-07 10:52:00""}"
2026-08-07 00:00:00,2026-08-07 10:52:00,98,NIFTY,OPTION_MOMENTUM_PUT,OFF,MED,-0.15,ATM PUT momentum (ltp up + vol up),"{""dedupe_key"":""NIFTY|OPTION_MOMENTUM_PUT|OFF|2026-08-07 10:52"",""threshold"":1.5,""value"":-0.15,""since_minute_bucket_ist"":""2026-08-07 10:51"",""last_updated_ist"":""2026-08-07 10:52:00""}"
2026-08-07 00:00:00,2026-08-07 10:52:00,98,NIFTY,WALL_UNWIND_CONFIRM_UP,ON,MED,-0.0072,Call wall OI unwinding (5m),"{""dedupe_key"":""NIFTY|WALL_UNWIND_CONFIRM_UP|ON|2026-08-07 10:52"",""threshold"":-0.006,""value"":-0.0072,""since_minute_bucket_ist"":"""",""last_updated_ist"":""2026-08-07 10:52:00""}"
2026-08-07 00:00:00,2026-08-07 10:52:00,98,NIFTY,WALL_UNWIND_CONFIRM_DOWN,ON,MED,-0.0065,Put wall OI unwinding (5m),"{""dedupe_key"":""NIFTY|WALL_UNWIND_CONFIRM_DOWN|ON|2026-08-07 10:52"",""threshold"":-0.006,""value"":-0.0065,""since_minute_bucket_ist"":"""",""last_updated_ist"":""2026-08-07 10:52:00""}"
2026-08-07 00:00:00,2026-08-07 10:53:00,99,NIFTY,OPTION_MOMENTUM_PUT,ON,MED,2.4,ATM PUT momentum (ltp up + vol up),"{""dedupe_key"":""NIFTY|OPTION_MOMENTUM_PUT|ON|2026-08-07 10:53"",""threshold"":1.5,""value"":2.4,""since_minute_bucket_ist"":"""",""last_updated_ist"":""2026-08-07 10:53:00""}"
2026-08-07 00:00:00,2026-08-07 10:53:00,99,NIFTY,WALL_UNWIND_CONFIRM_UP,OFF,MED,-0.0011,Call wall OI unwinding (5m),"{""dedupe_key"":""NIFTY|WALL_UNWIND_CONFIRM_UP|OFF|2026-08-07 10:53"",""threshold"":-0.006,""value"":-0.0011,""since_minute_bucket_ist"":""2026-08-07 10:52"",""last_updated_ist"":""2026-08-07 10:53:00""}"
2026-08-07 00:00:00,2026-08-07 10:53:00,99,NIFTY,WALL_UNWIND_CONFIRM_DOWN,OFF,MED,-0.0042,Put wall OI unwinding (5m),"{""dedupe_key"":""NIFTY|WALL_UNWIND_CONFIRM_DOWN|OFF|2026-08-07 10:53"",""threshold"":-0.006,""value"":-0.0042,""since_minute_bucket_ist"":""2026-08-07 10:52"",""last_updated_ist"":""2026-08-07 10:53:00""}"
2026-08-07 00:00:00,2026-08-07 10:54:00,100,NIFTY,EXP_RANGE_BREAKOUT_WATCH_UP,ON,MED,24582.85,Expected-range watch UP,"{""dedupe_key"":""NIFTY|EXP_RANGE_BREAKOUT_WATCH_UP|ON|2026-08-07 10:54"",""threshold"":24582.11,""value"":24582.85,""since_minute_bucket_ist"":"""",""last_updated_ist"":""2026-08-07 10:54:00""}"
2026-08-07 00:00:00,2026-08-07 10:54:00,100,NIFTY,OPTION_MOMENTUM_CALL,ON,MED,3.5,ATM CALL momentum (ltp up + vol up),"{""dedupe_key"":""NIFTY|OPTION_MOMENTUM_CALL|ON|2026-08-07 10:54"",""threshold"":1.5,""value"":3.5,""since_minute_bucket_ist"":"""",""last_updated_ist"":""2026-08-07 10:54:00""}"
2026-08-07 00:00:00,2026-08-07 10:54:00,100,NIFTY,OPTION_MOMENTUM_PUT,OFF,MED,-4.55,ATM PUT momentum (ltp up + vol up),"{""dedupe_key"":""NIFTY|OPTION_MOMENTUM_PUT|OFF|2026-08-07 10:54"",""threshold"":1.5,""value"":-4.55,""since_minute_bucket_ist"":""2026-08-07 10:53"",""last_updated_ist"":""2026-08-07 10:54:00""}"
2026-08-07 00:00:00,2026-08-07 10:55:00,101,NIFTY,EXP_RANGE_BREAKOUT_WATCH_UP,OFF,MED,24582.85,Expected-range watch UP,"{""dedupe_key"":""NIFTY|EXP_RANGE_BREAKOUT_WATCH_UP|OFF|2026-08-07 10:55"",""threshold"":24582.93,""value"":24582.85,""since_minute_bucket_ist"":""2026-08-07 10:54"",""last_updated_ist"":""2026-08-07 10:55:00""}"
2026-08-07 00:00:00,2026-08-07 10:55:00,101,NIFTY,OPTION_MOMENTUM_CALL,OFF,MED,0,ATM CALL momentum (ltp up + vol up),"{""dedupe_key"":""NIFTY|OPTION_MOMENTUM_CALL|OFF|2026-08-07 10:55"",""threshold"":1.5,""value"":0,""since_minute_bucket_ist"":""2026-08-07 10:54"",""last_updated_ist"":""2026-08-07 10:55:00""}"
2026-08-07 00:00:00,2026-08-07 10:56:00,102,NIFTY,EXP_RANGE_BREAKOUT_WATCH_UP,ON,MED,24583.5,Expected-range watch UP,"{""dedupe_key"":""NIFTY|EXP_RANGE_BREAKOUT_WATCH_UP|ON|2026-08-07 10:56"",""threshold"":24583.31,""value"":24583.5,""since_minute_bucket_ist"":"""",""last_updated_ist"":""2026-08-07 10:56:00""}"
2026-08-07 00:00:00,2026-08-07 10:57:00,103,NIFTY,EXP_RANGE_BREAKOUT_WATCH_UP,OFF,MED,24583.65,Expected-range watch UP,"{""dedupe_key"":""NIFTY|EXP_RANGE_BREAKOUT_WATCH_UP|OFF|2026-08-07 10:57"",""threshold"":24583.97,""value"":24583.65,""since_minute_bucket_ist"":""2026-08-07 10:56"",""last_updated_ist"":""2026-08-07 10:57:00""}"
2026-08-07 00:00:00,2026-08-07 10:58:00,104,NIFTY,FLOW_BULLISH_BUILD,ON,HIGH,0.0055,Bullish build (premium-confirmed writing / support),"{""dedupe_key"":""NIFTY|FLOW_BULLISH_BUILD|ON|2026-08-07 10:58"",""threshold"":0.005,""value"":0.0055,""since_minute_bucket_ist"":"""",""last_updated_ist"":""2026-08-07 10:58:00""}"
2026-08-07 00:00:00,2026-08-07 10:58:00,104,NIFTY,PIN_BREAKOUT_SETUP,ON,MED,0.09999999999854481,Pin breakout setup (wall touch + aligned flow),"{""dedupe_key"":""NIFTY|PIN_BREAKOUT_SETUP|ON|2026-08-07 10:58"",""threshold"":0,""value"":0.09999999999854481,""since_minute_bucket_ist"":"""",""last_updated_ist"":""2026-08-07 10:58:00""}"
2026-08-07 00:00:00,2026-08-07 10:58:00,104,NIFTY,VOL_CONTRACTION,ON,LOW,-0.002,Volatility contracting (straddle down),"{""dedupe_key"":""NIFTY|VOL_CONTRACTION|ON|2026-08-07 10:58"",""threshold"":-0.03,""value"":-0.002,""since_minute_bucket_ist"":"""",""last_updated_ist"":""2026-08-07 10:58:00""}"
2026-08-07 00:00:00,2026-08-07 10:58:00,104,NIFTY,WALL_PRESSURE_BREAK_SETUP,ON,MED,0.09999999999854481,Pressure building into a wall (break setup),"{""dedupe_key"":""NIFTY|WALL_PRESSURE_BREAK_SETUP|ON|2026-08-07 10:58"",""threshold"":0,""value"":0.09999999999854481,""since_minute_bucket_ist"":"""",""last_updated_ist"":""2026-08-07 10:58:00""}"
2026-08-07 00:00:00,2026-08-07 10:59:00,105,NIFTY,FLOW_BULLISH_BUILD,OFF,HIGH,0.0033,Bullish build (premium-confirmed writing / support),"{""dedupe_key"":""NIFTY|FLOW_BULLISH_BUILD|OFF|2026-08-07 10:59"",""threshold"":0.005,""value"":0.0033,""since_minute_bucket_ist"":""2026-08-07 10:58"",""last_updated_ist"":""2026-08-07 10:59:00""}"
2026-08-07 00:00:00,2026-08-07 10:59:00,105,NIFTY,REGIME_RANGE_PIN,ON,LOW,0.0002,Range / pin (inside local walls),"{""dedupe_key"":""NIFTY|REGIME_RANGE_PIN|ON|2026-08-07 10:59"",""threshold"":0.001,""value"":0.0002,""since_minute_bucket_ist"":"""",""last_updated_ist"":""2026-08-07 10:59:00""}"
2026-08-07 00:00:00,2026-08-07 10:59:00,105,NIFTY,REGIME_BREAKOUT_DOWN,OFF,HIGH,0,Breakout DOWN (held below put wall),"{""dedupe_key"":""NIFTY|REGIME_BREAKOUT_DOWN|OFF|2026-08-07 10:59"",""threshold"":2,""value"":0,""since_minute_bucket_ist"":""2026-08-07 10:48"",""last_updated_ist"":""2026-08-07 10:59:00""}"
2026-08-07 00:00:00,2026-08-07 10:59:00,105,NIFTY,PIN_BREAKOUT_SETUP,OFF,MED,-11.849999999998545,Pin breakout setup (wall touch + aligned flow),"{""dedupe_key"":""NIFTY|PIN_BREAKOUT_SETUP|OFF|2026-08-07 10:59"",""threshold"":0,""value"":-11.849999999998545,""since_minute_bucket_ist"":""2026-08-07 10:58"",""last_updated_ist"":""2026-08-07 10:59:00""}"
2026-08-07 00:00:00,2026-08-07 10:59:00,105,NIFTY,EXP_RANGE_BREAKOUT_WATCH_DOWN,ON,MED,24571.9,Expected-range watch DOWN,"{""dedupe_key"":""NIFTY|EXP_RANGE_BREAKOUT_WATCH_DOWN|ON|2026-08-07 10:59"",""threshold"":24574.7,""value"":24571.9,""since_minute_bucket_ist"":"""",""last_updated_ist"":""2026-08-07 10:59:00""}"
2026-08-07 00:00:00,2026-08-07 10:59:00,105,NIFTY,VOL_EXPANSION,ON,MED,0.0186,Volatility expanding (straddle up),"{""dedupe_key"":""NIFTY|VOL_EXPANSION|ON|2026-08-07 10:59"",""threshold"":0.02,""value"":0.0186,""since_minute_bucket_ist"":"""",""last_updated_ist"":""2026-08-07 10:59:00""}"
2026-08-07 00:00:00,2026-08-07 10:59:00,105,NIFTY,VOL_CONTRACTION,OFF,LOW,0.0186,Volatility contracting (straddle down),"{""dedupe_key"":""NIFTY|VOL_CONTRACTION|OFF|2026-08-07 10:59"",""threshold"":-0.03,""value"":0.0186,""since_minute_bucket_ist"":""2026-08-07 10:58"",""last_updated_ist"":""2026-08-07 10:59:00""}"
2026-08-07 00:00:00,2026-08-07 10:59:00,105,NIFTY,OPTION_MOMENTUM_PUT,ON,MED,2.9,ATM PUT momentum (ltp up + vol up),"{""dedupe_key"":""NIFTY|OPTION_MOMENTUM_PUT|ON|2026-08-07 10:59"",""threshold"":1.5,""value"":2.9,""since_minute_bucket_ist"":"""",""last_updated_ist"":""2026-08-07 10:59:00""}"
2026-08-07 00:00:00,2026-08-07 10:59:00,105,NIFTY,WALL_SHIFT_REGIME,ON,MED,1,Wall strike shifted materially (>= 1 step),"{""dedupe_key"":""NIFTY|WALL_SHIFT_REGIME|ON|2026-08-07 10:59"",""threshold"":1,""value"":1,""since_minute_bucket_ist"":"""",""last_updated_ist"":""2026-08-07 10:59:00""}"
2026-08-07 00:00:00,2026-08-07 10:59:00,105,NIFTY,WALL_PRESSURE_BREAK_SETUP,OFF,MED,-11.849999999998545,Pressure building into a wall (break setup),"{""dedupe_key"":""NIFTY|WALL_PRESSURE_BREAK_SETUP|OFF|2026-08-07 10:59"",""threshold"":0,""value"":-11.849999999998545,""since_minute_bucket_ist"":""2026-08-07 10:58"",""last_updated_ist"":""2026-08-07 10:59:00""}"
2026-08-07 00:00:00,2026-08-07 11:00:00,106,NIFTY,EXP_RANGE_BREAKOUT_WATCH_DOWN,OFF,MED,24573.95,Expected-range watch DOWN,"{""dedupe_key"":""NIFTY|EXP_RANGE_BREAKOUT_WATCH_DOWN|OFF|2026-08-07 11:00"",""threshold"":24573.8,""value"":24573.95,""since_minute_bucket_ist"":""2026-08-07 10:59"",""last_updated_ist"":""2026-08-07 11:00:00""}"
2026-08-07 00:00:00,2026-08-07 11:00:00,106,NIFTY,OPTION_MOMENTUM_PUT,OFF,MED,1.45,ATM PUT momentum (ltp up + vol up),"{""dedupe_key"":""NIFTY|OPTION_MOMENTUM_PUT|OFF|2026-08-07 11:00"",""threshold"":1.5,""value"":1.45,""since_minute_bucket_ist"":""2026-08-07 10:59"",""last_updated_ist"":""2026-08-07 11:00:00""}"
2026-08-07 00:00:00,2026-08-07 11:00:00,106,NIFTY,WALL_SHIFT_REGIME,OFF,MED,1,Wall strike shifted materially (>= 1 step),"{""dedupe_key"":""NIFTY|WALL_SHIFT_REGIME|OFF|2026-08-07 11:00"",""threshold"":1,""value"":1,""since_minute_bucket_ist"":""2026-08-07 10:59"",""last_updated_ist"":""2026-08-07 11:00:00""}"
2026-08-07 00:00:00,2026-08-07 11:01:00,107,NIFTY,REGIME_RANGE_PIN,OFF,LOW,0.0002,Range / pin (inside local walls),"{""dedupe_key"":""NIFTY|REGIME_RANGE_PIN|OFF|2026-08-07 11:01"",""threshold"":0.001,""value"":0.0002,""since_minute_bucket_ist"":""2026-08-07 10:59"",""last_updated_ist"":""2026-08-07 11:01:00""}"
2026-08-07 00:00:00,2026-08-07 11:01:00,107,NIFTY,REGIME_TRANSITION_UNCERTAIN,ON,LOW,1,Transition/uncertain regime,"{""dedupe_key"":""NIFTY|REGIME_TRANSITION_UNCERTAIN|ON|2026-08-07 11:01"",""threshold"":1,""value"":1,""since_minute_bucket_ist"":"""",""last_updated_ist"":""2026-08-07 11:01:00""}"
2026-08-07 00:00:00,2026-08-07 11:01:00,107,NIFTY,EXP_RANGE_BREAKOUT_WATCH_DOWN,ON,MED,24567.3,Expected-range watch DOWN,"{""dedupe_key"":""NIFTY|EXP_RANGE_BREAKOUT_WATCH_DOWN|ON|2026-08-07 11:01"",""threshold"":24571.12,""value"":24567.3,""since_minute_bucket_ist"":"""",""last_updated_ist"":""2026-08-07 11:01:00""}"
2026-08-07 00:00:00,2026-08-07 11:01:00,107,NIFTY,OPTION_MOMENTUM_PUT,ON,MED,1.9,ATM PUT momentum (ltp up + vol up),"{""dedupe_key"":""NIFTY|OPTION_MOMENTUM_PUT|ON|2026-08-07 11:01"",""threshold"":1.5,""value"":1.9,""since_minute_bucket_ist"":"""",""last_updated_ist"":""2026-08-07 11:01:00""}"
2026-08-07 00:00:00,2026-08-07 11:01:00,107,NIFTY,WALL_UNWIND_CONFIRM_UP,ON,MED,-0.0064,Call wall OI unwinding (5m),"{""dedupe_key"":""NIFTY|WALL_UNWIND_CONFIRM_UP|ON|2026-08-07 11:01"",""threshold"":-0.006,""value"":-0.0064,""since_minute_bucket_ist"":"""",""last_updated_ist"":""2026-08-07 11:01:00""}"
2026-08-07 00:00:00,2026-08-07 11:02:00,108,NIFTY,EXP_RANGE_BREAKOUT_CONFIRMED_DOWN,ON,HIGH,2,Expected-range breakout CONFIRMED DOWN,"{""dedupe_key"":""NIFTY|EXP_RANGE_BREAKOUT_CONFIRMED_DOWN|ON|2026-08-07 11:02"",""threshold"":2,""value"":2,""since_minute_bucket_ist"":"""",""last_updated_ist"":""2026-08-07 11:02:00""}"
2026-08-07 00:00:00,2026-08-07 11:02:00,108,NIFTY,OPTION_MOMENTUM_CALL,ON,MED,1.75,ATM CALL momentum (ltp up + vol up),"{""dedupe_key"":""NIFTY|OPTION_MOMENTUM_CALL|ON|2026-08-07 11:02"",""threshold"":1.5,""value"":1.75,""since_minute_bucket_ist"":"""",""last_updated_ist"":""2026-08-07 11:02:00""}"
2026-08-07 00:00:00,2026-08-07 11:02:00,108,NIFTY,OPTION_MOMENTUM_PUT,OFF,MED,-0.9,ATM PUT momentum (ltp up + vol up),"{""dedupe_key"":""NIFTY|OPTION_MOMENTUM_PUT|OFF|2026-08-07 11:02"",""threshold"":1.5,""value"":-0.9,""since_minute_bucket_ist"":""2026-08-07 11:01"",""last_updated_ist"":""2026-08-07 11:02:00""}"
2026-08-07 00:00:00,2026-08-07 11:03:00,109,NIFTY,EXP_RANGE_BREAKOUT_WATCH_DOWN,OFF,MED,24569.95,Expected-range watch DOWN,"{""dedupe_key"":""NIFTY|EXP_RANGE_BREAKOUT_WATCH_DOWN|OFF|2026-08-07 11:03"",""threshold"":24568.49,""value"":24569.95,""since_minute_bucket_ist"":""2026-08-07 11:01"",""last_updated_ist"":""2026-08-07 11:03:00""}"
2026-08-07 00:00:00,2026-08-07 11:03:00,109,NIFTY,EXP_RANGE_BREAKOUT_CONFIRMED_DOWN,OFF,HIGH,0,Expected-range breakout CONFIRMED DOWN,"{""dedupe_key"":""NIFTY|EXP_RANGE_BREAKOUT_CONFIRMED_DOWN|OFF|2026-08-07 11:03"",""threshold"":2,""value"":0,""since_minute_bucket_ist"":""2026-08-07 11:02"",""last_updated_ist"":""2026-08-07 11:03:00""}"
2026-08-07 00:00:00,2026-08-07 11:03:00,109,NIFTY,OPTION_MOMENTUM_CALL,OFF,MED,-0.5,ATM CALL momentum (ltp up + vol up),"{""dedupe_key"":""NIFTY|OPTION_MOMENTUM_CALL|OFF|2026-08-07 11:03"",""threshold"":1.5,""value"":-0.5,""since_minute_bucket_ist"":""2026-08-07 11:02"",""last_updated_ist"":""2026-08-07 11:03:00""}"
2026-08-07 00:00:00,2026-08-07 11:04:00,110,NIFTY,FLOW_BEARISH_BUILD,ON,HIGH,0.0045,Bearish build (premium-confirmed writing / resistance),"{""dedupe_key"":""NIFTY|FLOW_BEARISH_BUILD|ON|2026-08-07 11:04"",""threshold"":0.005,""value"":0.0045,""since_minute_bucket_ist"":"""",""last_updated_ist"":""2026-08-07 11:04:00""}"
2026-08-07 00:00:00,2026-08-07 11:04:00,110,NIFTY,PIN_BASIC,OFF,LOW,37.5,Spot near a local wall (pin zone),"{""dedupe_key"":""NIFTY|PIN_BASIC|OFF|2026-08-07 11:04"",""threshold"":37.5,""value"":37.5,""since_minute_bucket_ist"":""2026-08-07 09:16"",""last_updated_ist"":""2026-08-07 11:04:00""}"
2026-08-07 00:00:00,2026-08-07 11:04:00,110,NIFTY,EXP_RANGE_BREAKOUT_WATCH_DOWN,ON,MED,24556.8,Expected-range watch DOWN,"{""dedupe_key"":""NIFTY|EXP_RANGE_BREAKOUT_WATCH_DOWN|ON|2026-08-07 11:04"",""threshold"":24563.85,""value"":24556.8,""since_minute_bucket_ist"":"""",""last_updated_ist"":""2026-08-07 11:04:00""}"
2026-08-07 00:00:00,2026-08-07 11:04:00,110,NIFTY,VOL_EXPANSION,OFF,MED,-0.005,Volatility expanding (straddle up),"{""dedupe_key"":""NIFTY|VOL_EXPANSION|OFF|2026-08-07 11:04"",""threshold"":0.02,""value"":-0.005,""since_minute_bucket_ist"":""2026-08-07 10:59"",""last_updated_ist"":""2026-08-07 11:04:00""}"
2026-08-07 00:00:00,2026-08-07 11:04:00,110,NIFTY,OPTION_MOMENTUM_PUT,ON,MED,4.65,ATM PUT momentum (ltp up + vol up),"{""dedupe_key"":""NIFTY|OPTION_MOMENTUM_PUT|ON|2026-08-07 11:04"",""threshold"":1.5,""value"":4.65,""since_minute_bucket_ist"":"""",""last_updated_ist"":""2026-08-07 11:04:00""}"
2026-08-07 00:00:00,2026-08-07 11:04:00,110,NIFTY,WALL_UNWIND_CONFIRM_UP,OFF,MED,0.0013,Call wall OI unwinding (5m),"{""dedupe_key"":""NIFTY|WALL_UNWIND_CONFIRM_UP|OFF|2026-08-07 11:04"",""threshold"":-0.006,""value"":0.0013,""since_minute_bucket_ist"":""2026-08-07 11:01"",""last_updated_ist"":""2026-08-07 11:04:00""}"
2026-08-07 00:00:00,2026-08-07 11:04:00,110,NIFTY,CHURN_COMMITTED,ON,MED,-0.0005,Price move + aligned flow (committed),"{""dedupe_key"":""NIFTY|CHURN_COMMITTED|ON|2026-08-07 11:04"",""threshold"":0.0001,""value"":-0.0005,""since_minute_bucket_ist"":"""",""last_updated_ist"":""2026-08-07 11:04:00""}"
2026-08-07 00:00:00,2026-08-07 11:05:00,111,NIFTY,FLOW_BOTH_UNWINDING,ON,MED,-0.0074,Both sides unwinding,"{""dedupe_key"":""NIFTY|FLOW_BOTH_UNWINDING|ON|2026-08-07 11:05"",""threshold"":-0.005,""value"":-0.0074,""since_minute_bucket_ist"":"""",""last_updated_ist"":""2026-08-07 11:05:00""}"
2026-08-07 00:00:00,2026-08-07 11:05:00,111,NIFTY,FLOW_BEARISH_BUILD,OFF,HIGH,-0.0074,Bearish build (premium-confirmed writing / resistance),"{""dedupe_key"":""NIFTY|FLOW_BEARISH_BUILD|OFF|2026-08-07 11:05"",""threshold"":0.005,""value"":-0.0074,""since_minute_bucket_ist"":""2026-08-07 11:04"",""last_updated_ist"":""2026-08-07 11:05:00""}"
2026-08-07 00:00:00,2026-08-07 11:05:00,111,NIFTY,EXP_RANGE_BREAKOUT_CONFIRMED_DOWN,ON,HIGH,2,Expected-range breakout CONFIRMED DOWN,"{""dedupe_key"":""NIFTY|EXP_RANGE_BREAKOUT_CONFIRMED_DOWN|ON|2026-08-07 11:05"",""threshold"":2,""value"":2,""since_minute_bucket_ist"":"""",""last_updated_ist"":""2026-08-07 11:05:00""}"
2026-08-07 00:00:00,2026-08-07 11:05:00,111,NIFTY,OPTION_MOMENTUM_PUT,OFF,MED,0.35,ATM PUT momentum (ltp up + vol up),"{""dedupe_key"":""NIFTY|OPTION_MOMENTUM_PUT|OFF|2026-08-07 11:05"",""threshold"":1.5,""value"":0.35,""since_minute_bucket_ist"":""2026-08-07 11:04"",""last_updated_ist"":""2026-08-07 11:05:00""}"
2026-08-07 00:00:00,2026-08-07 11:05:00,111,NIFTY,WALL_UNWIND_CONFIRM_DOWN,ON,MED,-0.0093,Put wall OI unwinding (5m),"{""dedupe_key"":""NIFTY|WALL_UNWIND_CONFIRM_DOWN|ON|2026-08-07 11:05"",""threshold"":-0.006,""value"":-0.0093,""since_minute_bucket_ist"":"""",""last_updated_ist"":""2026-08-07 11:05:00""}"
2026-08-07 00:00:00,2026-08-07 11:05:00,111,NIFTY,CHURN_COMMITTED,OFF,MED,0,Price move + aligned flow (committed),"{""dedupe_key"":""NIFTY|CHURN_COMMITTED|OFF|2026-08-07 11:05"",""threshold"":0.0001,""value"":0,""since_minute_bucket_ist"":""2026-08-07 11:04"",""last_updated_ist"":""2026-08-07 11:05:00""}"
2026-08-07 00:00:00,2026-08-07 11:06:00,112,NIFTY,FLOW_BOTH_UNWINDING,OFF,MED,0,Both sides unwinding,"{""dedupe_key"":""NIFTY|FLOW_BOTH_UNWINDING|OFF|2026-08-07 11:06"",""threshold"":-0.005,""value"":0,""since_minute_bucket_ist"":""2026-08-07 11:05"",""last_updated_ist"":""2026-08-07 11:06:00""}"
2026-08-07 00:00:00,2026-08-07 11:06:00,112,NIFTY,REGIME_RANGE_PIN,ON,LOW,0.0003,Range / pin (inside local walls),"{""dedupe_key"":""NIFTY|REGIME_RANGE_PIN|ON|2026-08-07 11:06"",""threshold"":0.001,""value"":0.0003,""since_minute_bucket_ist"":"""",""last_updated_ist"":""2026-08-07 11:06:00""}"
2026-08-07 00:00:00,2026-08-07 11:06:00,112,NIFTY,REGIME_TRANSITION_UNCERTAIN,OFF,LOW,1,Transition/uncertain regime,"{""dedupe_key"":""NIFTY|REGIME_TRANSITION_UNCERTAIN|OFF|2026-08-07 11:06"",""threshold"":1,""value"":1,""since_minute_bucket_ist"":""2026-08-07 11:01"",""last_updated_ist"":""2026-08-07 11:06:00""}"
2026-08-07 00:00:00,2026-08-07 11:06:00,112,NIFTY,PIN_BASIC,ON,LOW,37.5,Spot near a local wall (pin zone),"{""dedupe_key"":""NIFTY|PIN_BASIC|ON|2026-08-07 11:06"",""threshold"":37.5,""value"":37.5,""since_minute_bucket_ist"":"""",""last_updated_ist"":""2026-08-07 11:06:00""}"
2026-08-07 00:00:00,2026-08-07 11:06:00,112,NIFTY,EXP_RANGE_BREAKOUT_WATCH_DOWN,OFF,MED,24566.85,Expected-range watch DOWN,"{""dedupe_key"":""NIFTY|EXP_RANGE_BREAKOUT_WATCH_DOWN|OFF|2026-08-07 11:06"",""threshold"":24559.63,""value"":24566.85,""since_minute_bucket_ist"":""2026-08-07 11:04"",""last_updated_ist"":""2026-08-07 11:06:00""}"
2026-08-07 00:00:00,2026-08-07 11:06:00,112,NIFTY,EXP_RANGE_BREAKOUT_CONFIRMED_DOWN,OFF,HIGH,0,Expected-range breakout CONFIRMED DOWN,"{""dedupe_key"":""NIFTY|EXP_RANGE_BREAKOUT_CONFIRMED_DOWN|OFF|2026-08-07 11:06"",""threshold"":2,""value"":0,""since_minute_bucket_ist"":""2026-08-07 11:05"",""last_updated_ist"":""2026-08-07 11:06:00""}"
2026-08-07 00:00:00,2026-08-07 11:06:00,112,NIFTY,WALL_UNWIND_CONFIRM_DOWN,OFF,MED,-0.0055,Put wall OI unwinding (5m),"{""dedupe_key"":""NIFTY|WALL_UNWIND_CONFIRM_DOWN|OFF|2026-08-07 11:06"",""threshold"":-0.006,""value"":-0.0055,""since_minute_bucket_ist"":""2026-08-07 11:05"",""last_updated_ist"":""2026-08-07 11:06:00""}"
2026-08-07 00:00:00,2026-08-07 11:07:00,113,NIFTY,OPTION_MOMENTUM_CALL,ON,MED,1.65,ATM CALL momentum (ltp up + vol up),"{""dedupe_key"":""NIFTY|OPTION_MOMENTUM_CALL|ON|2026-08-07 11:07"",""threshold"":1.5,""value"":1.65,""since_minute_bucket_ist"":"""",""last_updated_ist"":""2026-08-07 11:07:00""}"
2026-08-07 00:00:00,2026-08-07 11:07:00,113,NIFTY,WALL_UNWIND_CONFIRM_DOWN,ON,MED,-0.0248,Put wall OI unwinding (5m),"{""dedupe_key"":""NIFTY|WALL_UNWIND_CONFIRM_DOWN|ON|2026-08-07 11:07"",""threshold"":-0.006,""value"":-0.0248,""since_minute_bucket_ist"":"""",""last_updated_ist"":""2026-08-07 11:07:00""}"
2026-08-07 00:00:00,2026-08-07 11:07:00,113,NIFTY,STEALTH_BUILD_BEAR,ON,MED,0.0139,"Stealth bearish build (calls build, spot flat)","{""dedupe_key"":""NIFTY|STEALTH_BUILD_BEAR|ON|2026-08-07 11:07"",""threshold"":0.008,""value"":0.0139,""since_minute_bucket_ist"":"""",""last_updated_ist"":""2026-08-07 11:07:00""}"
2026-08-07 00:00:00,2026-08-07 11:08:00,114,NIFTY,OPTION_MOMENTUM_CALL,OFF,MED,0.05,ATM CALL momentum (ltp up + vol up),"{""dedupe_key"":""NIFTY|OPTION_MOMENTUM_CALL|OFF|2026-08-07 11:08"",""threshold"":1.5,""value"":0.05,""since_minute_bucket_ist"":""2026-08-07 11:07"",""last_updated_ist"":""2026-08-07 11:08:00""}"
2026-08-07 00:00:00,2026-08-07 11:08:00,114,NIFTY,STEALTH_BUILD_BEAR,OFF,MED,0.0049,"Stealth bearish build (calls build, spot flat)","{""dedupe_key"":""NIFTY|STEALTH_BUILD_BEAR|OFF|2026-08-07 11:08"",""threshold"":0.008,""value"":0.0049,""since_minute_bucket_ist"":""2026-08-07 11:07"",""last_updated_ist"":""2026-08-07 11:08:00""}"
2026-08-07 00:00:00,2026-08-07 11:09:00,115,NIFTY,FLOW_BULLISH_BUILD,ON,HIGH,0.0001,Bullish build (premium-confirmed writing / support),"{""dedupe_key"":""NIFTY|FLOW_BULLISH_BUILD|ON|2026-08-07 11:09"",""threshold"":0.005,""value"":0.0001,""since_minute_bucket_ist"":"""",""last_updated_ist"":""2026-08-07 11:09:00""}"
2026-08-07 00:00:00,2026-08-07 11:09:00,115,NIFTY,OPTION_MOMENTUM_CALL,ON,MED,2.6,ATM CALL momentum (ltp up + vol up),"{""dedupe_key"":""NIFTY|OPTION_MOMENTUM_CALL|ON|2026-08-07 11:09"",""threshold"":1.5,""value"":2.6,""since_minute_bucket_ist"":"""",""last_updated_ist"":""2026-08-07 11:09:00""}"
2026-08-07 00:00:00,2026-08-07 11:10:00,116,NIFTY,FLOW_BULLISH_BUILD,OFF,HIGH,0.0064,Bullish build (premium-confirmed writing / support),"{""dedupe_key"":""NIFTY|FLOW_BULLISH_BUILD|OFF|2026-08-07 11:10"",""threshold"":0.005,""value"":0.0064,""since_minute_bucket_ist"":""2026-08-07 11:09"",""last_updated_ist"":""2026-08-07 11:10:00""}"
2026-08-07 00:00:00,2026-08-07 11:10:00,116,NIFTY,VOL_CONTRACTION,ON,LOW,-0.0061,Volatility contracting (straddle down),"{""dedupe_key"":""NIFTY|VOL_CONTRACTION|ON|2026-08-07 11:10"",""threshold"":-0.03,""value"":-0.0061,""since_minute_bucket_ist"":"""",""last_updated_ist"":""2026-08-07 11:10:00""}"
2026-08-07 00:00:00,2026-08-07 11:10:00,116,NIFTY,OPTION_MOMENTUM_CALL,OFF,MED,0.2,ATM CALL momentum (ltp up + vol up),"{""dedupe_key"":""NIFTY|OPTION_MOMENTUM_CALL|OFF|2026-08-07 11:10"",""threshold"":1.5,""value"":0.2,""since_minute_bucket_ist"":""2026-08-07 11:09"",""last_updated_ist"":""2026-08-07 11:10:00""}"
2026-08-07 00:00:00,2026-08-07 11:12:00,118,NIFTY,WALL_UNWIND_CONFIRM_DOWN,OFF,MED,0.0142,Put wall OI unwinding (5m),"{""dedupe_key"":""NIFTY|WALL_UNWIND_CONFIRM_DOWN|OFF|2026-08-07 11:12"",""threshold"":-0.006,""value"":0.0142,""since_minute_bucket_ist"":""2026-08-07 11:07"",""last_updated_ist"":""2026-08-07 11:12:00""}"
2026-08-07 00:00:00,2026-08-07 11:13:00,119,NIFTY,VOL_CONTRACTION,OFF,LOW,0,Volatility contracting (straddle down),"{""dedupe_key"":""NIFTY|VOL_CONTRACTION|OFF|2026-08-07 11:13"",""threshold"":-0.03,""value"":0,""since_minute_bucket_ist"":""2026-08-07 11:10"",""last_updated_ist"":""2026-08-07 11:13:00""}"
2026-08-07 00:00:00,2026-08-07 11:14:00,120,NIFTY,FLOW_BULLISH_BUILD,ON,HIGH,0.0024,Bullish build (premium-confirmed writing / support),"{""dedupe_key"":""NIFTY|FLOW_BULLISH_BUILD|ON|2026-08-07 11:14"",""threshold"":0.005,""value"":0.0024,""since_minute_bucket_ist"":"""",""last_updated_ist"":""2026-08-07 11:14:00""}"
2026-08-07 00:00:00,2026-08-07 11:15:00,121,NIFTY,FLOW_BULLISH_BUILD,OFF,HIGH,0.0015,Bullish build (premium-confirmed writing / support),"{""dedupe_key"":""NIFTY|FLOW_BULLISH_BUILD|OFF|2026-08-07 11:15"",""threshold"":0.005,""value"":0.0015,""since_minute_bucket_ist"":""2026-08-07 11:14"",""last_updated_ist"":""2026-08-07 11:15:00""}"
2026-08-07 00:00:00,2026-08-07 11:16:00,122,NIFTY,FLOW_BEARISH_BUILD,ON,HIGH,0.001,Bearish build (premium-confirmed writing / resistance),"{""dedupe_key"":""NIFTY|FLOW_BEARISH_BUILD|ON|2026-08-07 11:16"",""threshold"":0.005,""value"":0.001,""since_minute_bucket_ist"":"""",""last_updated_ist"":""2026-08-07 11:16:00""}"
2026-08-07 00:00:00,2026-08-07 11:16:00,122,NIFTY,VOL_EXPANSION,ON,MED,0.0046,Volatility expanding (straddle up),"{""dedupe_key"":""NIFTY|VOL_EXPANSION|ON|2026-08-07 11:16"",""threshold"":0.02,""value"":0.0046,""since_minute_bucket_ist"":"""",""last_updated_ist"":""2026-08-07 11:16:00""}"
2026-08-07 00:00:00,2026-08-07 11:16:00,122,NIFTY,OPTION_MOMENTUM_PUT,ON,MED,2.1,ATM PUT momentum (ltp up + vol up),"{""dedupe_key"":""NIFTY|OPTION_MOMENTUM_PUT|ON|2026-08-07 11:16"",""threshold"":1.5,""value"":2.1,""since_minute_bucket_ist"":"""",""last_updated_ist"":""2026-08-07 11:16:00""}"
2026-08-07 00:00:00,2026-08-07 11:16:00,122,NIFTY,CHURN_COMMITTED,ON,MED,-0.0001,Price move + aligned flow (committed),"{""dedupe_key"":""NIFTY|CHURN_COMMITTED|ON|2026-08-07 11:16"",""threshold"":0.0001,""value"":-0.0001,""since_minute_bucket_ist"":"""",""last_updated_ist"":""2026-08-07 11:16:00""}"
2026-08-07 00:00:00,2026-08-07 11:17:00,123,NIFTY,EXP_RANGE_BREAKOUT_WATCH_DOWN,ON,MED,24563.6,Expected-range watch DOWN,"{""dedupe_key"":""NIFTY|EXP_RANGE_BREAKOUT_WATCH_DOWN|ON|2026-08-07 11:17"",""threshold"":24564.84,""value"":24563.6,""since_minute_bucket_ist"":"""",""last_updated_ist"":""2026-08-07 11:17:00""}"
2026-08-07 00:00:00,2026-08-07 11:17:00,123,NIFTY,CHURN_COMMITTED,OFF,MED,0,Price move + aligned flow (committed),"{""dedupe_key"":""NIFTY|CHURN_COMMITTED|OFF|2026-08-07 11:17"",""threshold"":0.0001,""value"":0,""since_minute_bucket_ist"":""2026-08-07 11:16"",""last_updated_ist"":""2026-08-07 11:17:00""}"
2026-08-07 00:00:00,2026-08-07 11:18:00,124,NIFTY,PIN_BASIC,OFF,LOW,37.5,Spot near a local wall (pin zone),"{""dedupe_key"":""NIFTY|PIN_BASIC|OFF|2026-08-07 11:18"",""threshold"":37.5,""value"":37.5,""since_minute_bucket_ist"":""2026-08-07 11:06"",""last_updated_ist"":""2026-08-07 11:18:00""}"
2026-08-07 00:00:00,2026-08-07 11:18:00,124,NIFTY,EXP_RANGE_BREAKOUT_CONFIRMED_DOWN,ON,HIGH,2,Expected-range breakout CONFIRMED DOWN,"{""dedupe_key"":""NIFTY|EXP_RANGE_BREAKOUT_CONFIRMED_DOWN|ON|2026-08-07 11:18"",""threshold"":2,""value"":2,""since_minute_bucket_ist"":"""",""last_updated_ist"":""2026-08-07 11:18:00""}"
2026-08-07 00:00:00,2026-08-07 11:18:00,124,NIFTY,VOL_EXPANSION,OFF,MED,0.0004,Volatility expanding (straddle up),"{""dedupe_key"":""NIFTY|VOL_EXPANSION|OFF|2026-08-07 11:18"",""threshold"":0.02,""value"":0.0004,""since_minute_bucket_ist"":""2026-08-07 11:16"",""last_updated_ist"":""2026-08-07 11:18:00""}"
2026-08-07 00:00:00,2026-08-07 11:18:00,124,NIFTY,OPTION_MOMENTUM_PUT,OFF,MED,-0.3,ATM PUT momentum (ltp up + vol up),"{""dedupe_key"":""NIFTY|OPTION_MOMENTUM_PUT|OFF|2026-08-07 11:18"",""threshold"":1.5,""value"":-0.3,""since_minute_bucket_ist"":""2026-08-07 11:16"",""last_updated_ist"":""2026-08-07 11:18:00""}"
2026-08-07 00:00:00,2026-08-07 11:18:00,124,NIFTY,WALL_UNWIND_CONFIRM_DOWN,ON,MED,-0.0069,Put wall OI unwinding (5m),"{""dedupe_key"":""NIFTY|WALL_UNWIND_CONFIRM_DOWN|ON|2026-08-07 11:18"",""threshold"":-0.006,""value"":-0.0069,""since_minute_bucket_ist"":"""",""last_updated_ist"":""2026-08-07 11:18:00""}"
2026-08-07 00:00:00,2026-08-07 11:19:00,125,NIFTY,FLOW_BEARISH_BUILD,OFF,HIGH,0,Bearish build (premium-confirmed writing / resistance),"{""dedupe_key"":""NIFTY|FLOW_BEARISH_BUILD|OFF|2026-08-07 11:19"",""threshold"":0.005,""value"":0,""since_minute_bucket_ist"":""2026-08-07 11:16"",""last_updated_ist"":""2026-08-07 11:19:00""}"
2026-08-07 00:00:00,2026-08-07 11:20:00,126,NIFTY,PIN_BASIC,ON,LOW,37.5,Spot near a local wall (pin zone),"{""dedupe_key"":""NIFTY|PIN_BASIC|ON|2026-08-07 11:20"",""threshold"":37.5,""value"":37.5,""since_minute_bucket_ist"":"""",""last_updated_ist"":""2026-08-07 11:20:00""}"
2026-08-07 00:00:00,2026-08-07 11:20:00,126,NIFTY,EXP_RANGE_BREAKOUT_WATCH_DOWN,OFF,MED,24563.6,Expected-range watch DOWN,"{""dedupe_key"":""NIFTY|EXP_RANGE_BREAKOUT_WATCH_DOWN|OFF|2026-08-07 11:20"",""threshold"":24562.44,""value"":24563.6,""since_minute_bucket_ist"":""2026-08-07 11:17"",""last_updated_ist"":""2026-08-07 11:20:00""}"
2026-08-07 00:00:00,2026-08-07 11:20:00,126,NIFTY,EXP_RANGE_BREAKOUT_CONFIRMED_DOWN,OFF,HIGH,0,Expected-range breakout CONFIRMED DOWN,"{""dedupe_key"":""NIFTY|EXP_RANGE_BREAKOUT_CONFIRMED_DOWN|OFF|2026-08-07 11:20"",""threshold"":2,""value"":0,""since_minute_bucket_ist"":""2026-08-07 11:18"",""last_updated_ist"":""2026-08-07 11:20:00""}"
2026-08-07 00:00:00,2026-08-07 11:20:00,126,NIFTY,OPTION_MOMENTUM_CALL,ON,MED,2.1,ATM CALL momentum (ltp up + vol up),"{""dedupe_key"":""NIFTY|OPTION_MOMENTUM_CALL|ON|2026-08-07 11:20"",""threshold"":1.5,""value"":2.1,""since_minute_bucket_ist"":"""",""last_updated_ist"":""2026-08-07 11:20:00""}"
2026-08-07 00:00:00,2026-08-07 11:20:00,126,NIFTY,WALL_UNWIND_CONFIRM_DOWN,OFF,MED,-0.0043,Put wall OI unwinding (5m),"{""dedupe_key"":""NIFTY|WALL_UNWIND_CONFIRM_DOWN|OFF|2026-08-07 11:20"",""threshold"":-0.006,""value"":-0.0043,""since_minute_bucket_ist"":""2026-08-07 11:18"",""last_updated_ist"":""2026-08-07 11:20:00""}"
2026-08-07 00:00:00,2026-08-07 11:22:00,128,NIFTY,EXP_RANGE_BREAKOUT_WATCH_UP,ON,MED,24570.55,Expected-range watch UP,"{""dedupe_key"":""NIFTY|EXP_RANGE_BREAKOUT_WATCH_UP|ON|2026-08-07 11:22"",""threshold"":24570.36,""value"":24570.55,""since_minute_bucket_ist"":"""",""last_updated_ist"":""2026-08-07 11:22:00""}"
2026-08-07 00:00:00,2026-08-07 11:22:00,128,NIFTY,OPTION_MOMENTUM_CALL,OFF,MED,1.05,ATM CALL momentum (ltp up + vol up),"{""dedupe_key"":""NIFTY|OPTION_MOMENTUM_CALL|OFF|2026-08-07 11:22"",""threshold"":1.5,""value"":1.05,""since_minute_bucket_ist"":""2026-08-07 11:20"",""last_updated_ist"":""2026-08-07 11:22:00""}"
2026-08-07 00:00:00,2026-08-07 11:22:00,128,NIFTY,WALL_UNWIND_CONFIRM_DOWN,ON,MED,-0.0082,Put wall OI unwinding (5m),"{""dedupe_key"":""NIFTY|WALL_UNWIND_CONFIRM_DOWN|ON|2026-08-07 11:22"",""threshold"":-0.006,""value"":-0.0082,""since_minute_bucket_ist"":"""",""last_updated_ist"":""2026-08-07 11:22:00""}"
2026-08-07 00:00:00,2026-08-07 11:23:00,129,NIFTY,FLOW_BEARISH_BUILD,ON,HIGH,0.0058,Bearish build (premium-confirmed writing / resistance),"{""dedupe_key"":""NIFTY|FLOW_BEARISH_BUILD|ON|2026-08-07 11:23"",""threshold"":0.005,""value"":0.0058,""since_minute_bucket_ist"":"""",""last_updated_ist"":""2026-08-07 11:23:00""}"
2026-08-07 00:00:00,2026-08-07 11:23:00,129,NIFTY,EXP_RANGE_BREAKOUT_WATCH_UP,OFF,MED,24569.1,Expected-range watch UP,"{""dedupe_key"":""NIFTY|EXP_RANGE_BREAKOUT_WATCH_UP|OFF|2026-08-07 11:23"",""threshold"":24570.5,""value"":24569.1,""since_minute_bucket_ist"":""2026-08-07 11:22"",""last_updated_ist"":""2026-08-07 11:23:00""}"
2026-08-07 00:00:00,2026-08-07 11:23:00,129,NIFTY,WALL_UNWIND_CONFIRM_DOWN,OFF,MED,-0.0054,Put wall OI unwinding (5m),"{""dedupe_key"":""NIFTY|WALL_UNWIND_CONFIRM_DOWN|OFF|2026-08-07 11:23"",""threshold"":-0.006,""value"":-0.0054,""since_minute_bucket_ist"":""2026-08-07 11:22"",""last_updated_ist"":""2026-08-07 11:23:00""}"
2026-08-07 00:00:00,2026-08-07 11:23:00,129,NIFTY,BULL_TRAP,ON,HIGH,1,Bull trap: failed upside breakout + bearish flow,"{""dedupe_key"":""NIFTY|BULL_TRAP|ON|2026-08-07 11:23"",""threshold"":1,""value"":1,""since_minute_bucket_ist"":"""",""last_updated_ist"":""2026-08-07 11:23:00""}"
2026-08-07 00:00:00,2026-08-07 11:24:00,130,NIFTY,FLOW_BEARISH_BUILD,OFF,HIGH,0.0018,Bearish build (premium-confirmed writing / resistance),"{""dedupe_key"":""NIFTY|FLOW_BEARISH_BUILD|OFF|2026-08-07 11:24"",""threshold"":0.005,""value"":0.0018,""since_minute_bucket_ist"":""2026-08-07 11:23"",""last_updated_ist"":""2026-08-07 11:24:00""}"
2026-08-07 00:00:00,2026-08-07 11:24:00,130,NIFTY,REGIME_RANGE_PIN,OFF,LOW,0.0001,Range / pin (inside local walls),"{""dedupe_key"":""NIFTY|REGIME_RANGE_PIN|OFF|2026-08-07 11:24"",""threshold"":0.001,""value"":0.0001,""since_minute_bucket_ist"":""2026-08-07 11:06"",""last_updated_ist"":""2026-08-07 11:24:00""}"
2026-08-07 00:00:00,2026-08-07 11:24:00,130,NIFTY,REGIME_TRANSITION_UNCERTAIN,ON,LOW,1,Transition/uncertain regime,"{""dedupe_key"":""NIFTY|REGIME_TRANSITION_UNCERTAIN|ON|2026-08-07 11:24"",""threshold"":1,""value"":1,""since_minute_bucket_ist"":"""",""last_updated_ist"":""2026-08-07 11:24:00""}"
2026-08-07 00:00:00,2026-08-07 11:24:00,130,NIFTY,EXP_RANGE_BREAKOUT_WATCH_UP,ON,MED,24575.4,Expected-range watch UP,"{""dedupe_key"":""NIFTY|EXP_RANGE_BREAKOUT_WATCH_UP|ON|2026-08-07 11:24"",""threshold"":24572.32,""value"":24575.4,""since_minute_bucket_ist"":"""",""last_updated_ist"":""2026-08-07 11:24:00""}"
2026-08-07 00:00:00,2026-08-07 11:24:00,130,NIFTY,VOL_CONTRACTION,ON,LOW,-0.0167,Volatility contracting (straddle down),"{""dedupe_key"":""NIFTY|VOL_CONTRACTION|ON|2026-08-07 11:24"",""threshold"":-0.03,""value"":-0.0167,""since_minute_bucket_ist"":"""",""last_updated_ist"":""2026-08-07 11:24:00""}"
2026-08-07 00:00:00,2026-08-07 11:24:00,130,NIFTY,OPTION_MOMENTUM_CALL,ON,MED,3.05,ATM CALL momentum (ltp up + vol up),"{""dedupe_key"":""NIFTY|OPTION_MOMENTUM_CALL|ON|2026-08-07 11:24"",""threshold"":1.5,""value"":3.05,""since_minute_bucket_ist"":"""",""last_updated_ist"":""2026-08-07 11:24:00""}"
2026-08-07 00:00:00,2026-08-07 11:24:00,130,NIFTY,TAIL_RISK_SKEW_LOW,ON,LOW,0.54,Tail-risk skew low (PCR_COI low),"{""dedupe_key"":""NIFTY|TAIL_RISK_SKEW_LOW|ON|2026-08-07 11:24"",""threshold"":0.55,""value"":0.54,""since_minute_bucket_ist"":"""",""last_updated_ist"":""2026-08-07 11:24:00""}"
2026-08-07 00:00:00,2026-08-07 11:24:00,130,NIFTY,WALL_SHIFT_REGIME,ON,MED,1,Wall strike shifted materially (>= 1 step),"{""dedupe_key"":""NIFTY|WALL_SHIFT_REGIME|ON|2026-08-07 11:24"",""threshold"":1,""value"":1,""since_minute_bucket_ist"":"""",""last_updated_ist"":""2026-08-07 11:24:00""}"
2026-08-07 00:00:00,2026-08-07 11:24:00,130,NIFTY,BULL_TRAP,OFF,HIGH,1,Bull trap: failed upside breakout + bearish flow,"{""dedupe_key"":""NIFTY|BULL_TRAP|OFF|2026-08-07 11:24"",""threshold"":1,""value"":1,""since_minute_bucket_ist"":""2026-08-07 11:23"",""last_updated_ist"":""2026-08-07 11:24:00""}"
2026-08-07 00:00:00,2026-08-07 11:25:00,131,NIFTY,REGIME_BREAKOUT_DOWN,ON,HIGH,2,Breakout DOWN (held below put wall),"{""dedupe_key"":""NIFTY|REGIME_BREAKOUT_DOWN|ON|2026-08-07 11:25"",""threshold"":2,""value"":2,""since_minute_bucket_ist"":"""",""last_updated_ist"":""2026-08-07 11:25:00""}"
2026-08-07 00:00:00,2026-08-07 11:25:00,131,NIFTY,REGIME_TRANSITION_UNCERTAIN,OFF,LOW,1,Transition/uncertain regime,"{""dedupe_key"":""NIFTY|REGIME_TRANSITION_UNCERTAIN|OFF|2026-08-07 11:25"",""threshold"":1,""value"":1,""since_minute_bucket_ist"":""2026-08-07 11:24"",""last_updated_ist"":""2026-08-07 11:25:00""}"
2026-08-07 00:00:00,2026-08-07 11:25:00,131,NIFTY,EXP_RANGE_BREAKOUT_CONFIRMED_UP,ON,HIGH,2,Expected-range breakout CONFIRMED UP,"{""dedupe_key"":""NIFTY|EXP_RANGE_BREAKOUT_CONFIRMED_UP|ON|2026-08-07 11:25"",""threshold"":2,""value"":2,""since_minute_bucket_ist"":"""",""last_updated_ist"":""2026-08-07 11:25:00""}"
2026-08-07 00:00:00,2026-08-07 11:25:00,131,NIFTY,OPTION_MOMENTUM_CALL,OFF,MED,0.75,ATM CALL momentum (ltp up + vol up),"{""dedupe_key"":""NIFTY|OPTION_MOMENTUM_CALL|OFF|2026-08-07 11:25"",""threshold"":1.5,""value"":0.75,""since_minute_bucket_ist"":""2026-08-07 11:24"",""last_updated_ist"":""2026-08-07 11:25:00""}"
2026-08-07 00:00:00,2026-08-07 11:25:00,131,NIFTY,WALL_SHIFT_REGIME,OFF,MED,1,Wall strike shifted materially (>= 1 step),"{""dedupe_key"":""NIFTY|WALL_SHIFT_REGIME|OFF|2026-08-07 11:25"",""threshold"":1,""value"":1,""since_minute_bucket_ist"":""2026-08-07 11:24"",""last_updated_ist"":""2026-08-07 11:25:00""}"
2026-08-07 00:00:00,2026-08-07 11:26:00,132,NIFTY,FLOW_BULLISH_BUILD,ON,HIGH,0.0028,Bullish build (premium-confirmed writing / support),"{""dedupe_key"":""NIFTY|FLOW_BULLISH_BUILD|ON|2026-08-07 11:26"",""threshold"":0.005,""value"":0.0028,""since_minute_bucket_ist"":"""",""last_updated_ist"":""2026-08-07 11:26:00""}"
2026-08-07 00:00:00,2026-08-07 11:26:00,132,NIFTY,PIN_BREAKOUT_SETUP,ON,MED,3.25,Pin breakout setup (wall touch + aligned flow),"{""dedupe_key"":""NIFTY|PIN_BREAKOUT_SETUP|ON|2026-08-07 11:26"",""threshold"":0,""value"":3.25,""since_minute_bucket_ist"":"""",""last_updated_ist"":""2026-08-07 11:26:00""}"
2026-08-07 00:00:00,2026-08-07 11:26:00,132,NIFTY,OPTION_MOMENTUM_CALL,ON,MED,1.6,ATM CALL momentum (ltp up + vol up),"{""dedupe_key"":""NIFTY|OPTION_MOMENTUM_CALL|ON|2026-08-07 11:26"",""threshold"":1.5,""value"":1.6,""since_minute_bucket_ist"":"""",""last_updated_ist"":""2026-08-07 11:26:00""}"
2026-08-07 00:00:00,2026-08-07 11:26:00,132,NIFTY,CHURN_COMMITTED,ON,MED,0.0001,Price move + aligned flow (committed),"{""dedupe_key"":""NIFTY|CHURN_COMMITTED|ON|2026-08-07 11:26"",""threshold"":0.0001,""value"":0.0001,""since_minute_bucket_ist"":"""",""last_updated_ist"":""2026-08-07 11:26:00""}"
2026-08-07 00:00:00,2026-08-07 11:26:00,132,NIFTY,WALL_PRESSURE_BREAK_SETUP,ON,MED,3.25,Pressure building into a wall (break setup),"{""dedupe_key"":""NIFTY|WALL_PRESSURE_BREAK_SETUP|ON|2026-08-07 11:26"",""threshold"":0,""value"":3.25,""since_minute_bucket_ist"":"""",""last_updated_ist"":""2026-08-07 11:26:00""}"
2026-08-07 00:00:00,2026-08-07 11:27:00,133,NIFTY,FLOW_BULLISH_BUILD,OFF,HIGH,0,Bullish build (premium-confirmed writing / support),"{""dedupe_key"":""NIFTY|FLOW_BULLISH_BUILD|OFF|2026-08-07 11:27"",""threshold"":0.005,""value"":0,""since_minute_bucket_ist"":""2026-08-07 11:26"",""last_updated_ist"":""2026-08-07 11:27:00""}"
2026-08-07 00:00:00,2026-08-07 11:27:00,133,NIFTY,PIN_BREAKOUT_SETUP,OFF,MED,0,Pin breakout setup (wall touch + aligned flow),"{""dedupe_key"":""NIFTY|PIN_BREAKOUT_SETUP|OFF|2026-08-07 11:27"",""threshold"":0,""value"":0,""since_minute_bucket_ist"":""2026-08-07 11:26"",""last_updated_ist"":""2026-08-07 11:27:00""}"
2026-08-07 00:00:00,2026-08-07 11:27:00,133,NIFTY,OPTION_MOMENTUM_CALL,OFF,MED,0,ATM CALL momentum (ltp up + vol up),"{""dedupe_key"":""NIFTY|OPTION_MOMENTUM_CALL|OFF|2026-08-07 11:27"",""threshold"":1.5,""value"":0,""since_minute_bucket_ist"":""2026-08-07 11:26"",""last_updated_ist"":""2026-08-07 11:27:00""}"
2026-08-07 00:00:00,2026-08-07 11:27:00,133,NIFTY,CHURN_COMMITTED,OFF,MED,0,Price move + aligned flow (committed),"{""dedupe_key"":""NIFTY|CHURN_COMMITTED|OFF|2026-08-07 11:27"",""threshold"":0.0001,""value"":0,""since_minute_bucket_ist"":""2026-08-07 11:26"",""last_updated_ist"":""2026-08-07 11:27:00""}"
2026-08-07 00:00:00,2026-08-07 11:27:00,133,NIFTY,WALL_PRESSURE_BREAK_SETUP,OFF,MED,0,Pressure building into a wall (break setup),"{""dedupe_key"":""NIFTY|WALL_PRESSURE_BREAK_SETUP|OFF|2026-08-07 11:27"",""threshold"":0,""value"":0,""since_minute_bucket_ist"":""2026-08-07 11:26"",""last_updated_ist"":""2026-08-07 11:27:00""}"
2026-08-07 00:00:00,2026-08-07 11:28:00,134,NIFTY,WALL_UNWIND_CONFIRM_UP,ON,MED,-0.0115,Call wall OI unwinding (5m),"{""dedupe_key"":""NIFTY|WALL_UNWIND_CONFIRM_UP|ON|2026-08-07 11:28"",""threshold"":-0.006,""value"":-0.0115,""since_minute_bucket_ist"":"""",""last_updated_ist"":""2026-08-07 11:28:00""}"
2026-08-07 00:00:00,2026-08-07 11:29:00,135,NIFTY,FLOW_BULLISH_BUILD,ON,HIGH,0.0128,Bullish build (premium-confirmed writing / support),"{""dedupe_key"":""NIFTY|FLOW_BULLISH_BUILD|ON|2026-08-07 11:29"",""threshold"":0.005,""value"":0.0128,""since_minute_bucket_ist"":"""",""last_updated_ist"":""2026-08-07 11:29:00""}"
2026-08-07 00:00:00,2026-08-07 11:29:00,135,NIFTY,PIN_BREAKOUT_SETUP,ON,MED,2.399999999997817,Pin breakout setup (wall touch + aligned flow),"{""dedupe_key"":""NIFTY|PIN_BREAKOUT_SETUP|ON|2026-08-07 11:29"",""threshold"":0,""value"":2.399999999997817,""since_minute_bucket_ist"":"""",""last_updated_ist"":""2026-08-07 11:29:00""}"
2026-08-07 00:00:00,2026-08-07 11:29:00,135,NIFTY,OPTION_MOMENTUM_CALL,ON,MED,2.05,ATM CALL momentum (ltp up + vol up),"{""dedupe_key"":""NIFTY|OPTION_MOMENTUM_CALL|ON|2026-08-07 11:29"",""threshold"":1.5,""value"":2.05,""since_minute_bucket_ist"":"""",""last_updated_ist"":""2026-08-07 11:29:00""}"
2026-08-07 00:00:00,2026-08-07 11:29:00,135,NIFTY,TAIL_RISK_SKEW_LOW,OFF,LOW,0.58,Tail-risk skew low (PCR_COI low),"{""dedupe_key"":""NIFTY|TAIL_RISK_SKEW_LOW|OFF|2026-08-07 11:29"",""threshold"":0.55,""value"":0.58,""since_minute_bucket_ist"":""2026-08-07 11:24"",""last_updated_ist"":""2026-08-07 11:29:00""}"
2026-08-07 00:00:00,2026-08-07 11:29:00,135,NIFTY,STEALTH_BUILD_BULL,ON,MED,0.0128,"Stealth bullish build (puts build, spot flat)","{""dedupe_key"":""NIFTY|STEALTH_BUILD_BULL|ON|2026-08-07 11:29"",""threshold"":0.008,""value"":0.0128,""since_minute_bucket_ist"":"""",""last_updated_ist"":""2026-08-07 11:29:00""}"
2026-08-07 00:00:00,2026-08-07 11:29:00,135,NIFTY,WALL_PRESSURE_BREAK_SETUP,ON,MED,2.399999999997817,Pressure building into a wall (break setup),"{""dedupe_key"":""NIFTY|WALL_PRESSURE_BREAK_SETUP|ON|2026-08-07 11:29"",""threshold"":0,""value"":2.399999999997817,""since_minute_bucket_ist"":"""",""last_updated_ist"":""2026-08-07 11:29:00""}"
2026-08-07 00:00:00,2026-08-07 11:30:00,136,NIFTY,TRADE_LIMIT_REACHED,ON,MED,6,Cooldown active (2m),"{""dedupe_key"":""NIFTY|TRADE_LIMIT_REACHED|ON|2026-08-07 11:30"",""threshold"":500,""value"":6,""since_minute_bucket_ist"":"""",""last_updated_ist"":""2026-08-07 11:30:00""}"
2026-08-07 00:00:00,2026-08-07 11:30:00,136,NIFTY,FLOW_BULLISH_BUILD,OFF,HIGH,0.014,Bullish build (premium-confirmed writing / support),"{""dedupe_key"":""NIFTY|FLOW_BULLISH_BUILD|OFF|2026-08-07 11:30"",""threshold"":0.005,""value"":0.014,""since_minute_bucket_ist"":""2026-08-07 11:29"",""last_updated_ist"":""2026-08-07 11:30:00""}"
2026-08-07 00:00:00,2026-08-07 11:30:00,136,NIFTY,PIN_BREAKOUT_SETUP,OFF,MED,-5.200000000000728,Pin breakout setup (wall touch + aligned flow),"{""dedupe_key"":""NIFTY|PIN_BREAKOUT_SETUP|OFF|2026-08-07 11:30"",""threshold"":0,""value"":-5.200000000000728,""since_minute_bucket_ist"":""2026-08-07 11:29"",""last_updated_ist"":""2026-08-07 11:30:00""}"
2026-08-07 00:00:00,2026-08-07 11:30:00,136,NIFTY,EXP_RANGE_BREAKOUT_WATCH_UP,OFF,MED,24583.6,Expected-range watch UP,"{""dedupe_key"":""NIFTY|EXP_RANGE_BREAKOUT_WATCH_UP|OFF|2026-08-07 11:30"",""threshold"":24588.55,""value"":24583.6,""since_minute_bucket_ist"":""2026-08-07 11:24"",""last_updated_ist"":""2026-08-07 11:30:00""}"
2026-08-07 00:00:00,2026-08-07 11:30:00,136,NIFTY,EXP_RANGE_BREAKOUT_CONFIRMED_UP,OFF,HIGH,0,Expected-range breakout CONFIRMED UP,"{""dedupe_key"":""NIFTY|EXP_RANGE_BREAKOUT_CONFIRMED_UP|OFF|2026-08-07 11:30"",""threshold"":2,""value"":0,""since_minute_bucket_ist"":""2026-08-07 11:25"",""last_updated_ist"":""2026-08-07 11:30:00""}"
2026-08-07 00:00:00,2026-08-07 11:30:00,136,NIFTY,VOL_CONTRACTION,OFF,LOW,0.001,Volatility contracting (straddle down),"{""dedupe_key"":""NIFTY|VOL_CONTRACTION|OFF|2026-08-07 11:30"",""threshold"":-0.03,""value"":0.001,""since_minute_bucket_ist"":""2026-08-07 11:24"",""last_updated_ist"":""2026-08-07 11:30:00""}"
2026-08-07 00:00:00,2026-08-07 11:30:00,136,NIFTY,OPTION_MOMENTUM_CALL,OFF,MED,-1.95,ATM CALL momentum (ltp up + vol up),"{""dedupe_key"":""NIFTY|OPTION_MOMENTUM_CALL|OFF|2026-08-07 11:30"",""threshold"":1.5,""value"":-1.95,""since_minute_bucket_ist"":""2026-08-07 11:29"",""last_updated_ist"":""2026-08-07 11:30:00""}"
2026-08-07 00:00:00,2026-08-07 11:30:00,136,NIFTY,OPTION_MOMENTUM_PUT,ON,MED,2.75,ATM PUT momentum (ltp up + vol up),"{""dedupe_key"":""NIFTY|OPTION_MOMENTUM_PUT|ON|2026-08-07 11:30"",""threshold"":1.5,""value"":2.75,""since_minute_bucket_ist"":"""",""last_updated_ist"":""2026-08-07 11:30:00""}"
2026-08-07 00:00:00,2026-08-07 11:30:00,136,NIFTY,WALL_PRESSURE_BREAK_SETUP,OFF,MED,-5.200000000000728,Pressure building into a wall (break setup),"{""dedupe_key"":""NIFTY|WALL_PRESSURE_BREAK_SETUP|OFF|2026-08-07 11:30"",""threshold"":0,""value"":-5.200000000000728,""since_minute_bucket_ist"":""2026-08-07 11:29"",""last_updated_ist"":""2026-08-07 11:30:00""}"
2026-08-07 00:00:00,2026-08-07 11:31:00,137,NIFTY,TRADE_LIMIT_REACHED,OFF,MED,6,Cooldown active (2m),"{""dedupe_key"":""NIFTY|TRADE_LIMIT_REACHED|OFF|2026-08-07 11:31"",""threshold"":500,""value"":6,""since_minute_bucket_ist"":""2026-08-07 11:30"",""last_updated_ist"":""2026-08-07 11:31:00""}"
2026-08-07 00:00:00,2026-08-07 11:31:00,137,NIFTY,FLOW_BULLISH_BUILD,ON,HIGH,0.0064,Bullish build (premium-confirmed writing / support),"{""dedupe_key"":""NIFTY|FLOW_BULLISH_BUILD|ON|2026-08-07 11:31"",""threshold"":0.005,""value"":0.0064,""since_minute_bucket_ist"":"""",""last_updated_ist"":""2026-08-07 11:31:00""}"
2026-08-07 00:00:00,2026-08-07 11:31:00,137,NIFTY,OPTION_MOMENTUM_PUT,OFF,MED,0.6,ATM PUT momentum (ltp up + vol up),"{""dedupe_key"":""NIFTY|OPTION_MOMENTUM_PUT|OFF|2026-08-07 11:31"",""threshold"":1.5,""value"":0.6,""since_minute_bucket_ist"":""2026-08-07 11:30"",""last_updated_ist"":""2026-08-07 11:31:00""}"
2026-08-07 00:00:00,2026-08-07 11:31:00,137,NIFTY,STEALTH_BUILD_BULL,OFF,MED,0.0064,"Stealth bullish build (puts build, spot flat)","{""dedupe_key"":""NIFTY|STEALTH_BUILD_BULL|OFF|2026-08-07 11:31"",""threshold"":0.008,""value"":0.0064,""since_minute_bucket_ist"":""2026-08-07 11:29"",""last_updated_ist"":""2026-08-07 11:31:00""}"
2026-08-07 00:00:00,2026-08-07 11:32:00,138,NIFTY,TRADE_LIMIT_REACHED,ON,MED,6,Cooldown active (2m),"{""dedupe_key"":""NIFTY|TRADE_LIMIT_REACHED|ON|2026-08-07 11:32"",""threshold"":500,""value"":6,""since_minute_bucket_ist"":"""",""last_updated_ist"":""2026-08-07 11:32:00""}"
2026-08-07 00:00:00,2026-08-07 11:32:00,138,NIFTY,FLOW_BULLISH_BUILD,OFF,HIGH,0.0047,Bullish build (premium-confirmed writing / support),"{""dedupe_key"":""NIFTY|FLOW_BULLISH_BUILD|OFF|2026-08-07 11:32"",""threshold"":0.005,""value"":0.0047,""since_minute_bucket_ist"":""2026-08-07 11:31"",""last_updated_ist"":""2026-08-07 11:32:00""}"
2026-08-07 00:00:00,2026-08-07 11:33:00,139,NIFTY,FLOW_BULLISH_BUILD,ON,HIGH,0.0004,Bullish build (premium-confirmed writing / support),"{""dedupe_key"":""NIFTY|FLOW_BULLISH_BUILD|ON|2026-08-07 11:33"",""threshold"":0.005,""value"":0.0004,""since_minute_bucket_ist"":"""",""last_updated_ist"":""2026-08-07 11:33:00""}"
2026-08-07 00:00:00,2026-08-07 11:33:00,139,NIFTY,PIN_BREAKOUT_SETUP,ON,MED,1.7000000000007276,Pin breakout setup (wall touch + aligned flow),"{""dedupe_key"":""NIFTY|PIN_BREAKOUT_SETUP|ON|2026-08-07 11:33"",""threshold"":0,""value"":1.7000000000007276,""since_minute_bucket_ist"":"""",""last_updated_ist"":""2026-08-07 11:33:00""}"
2026-08-07 00:00:00,2026-08-07 11:33:00,139,NIFTY,WALL_PRESSURE_BREAK_SETUP,ON,MED,1.7000000000007276,Pressure building into a wall (break setup),"{""dedupe_key"":""NIFTY|WALL_PRESSURE_BREAK_SETUP|ON|2026-08-07 11:33"",""threshold"":0,""value"":1.7000000000007276,""since_minute_bucket_ist"":"""",""last_updated_ist"":""2026-08-07 11:33:00""}"
2026-08-07 00:00:00,2026-08-07 11:34:00,140,NIFTY,TRADE_LIMIT_REACHED,OFF,MED,6,Cooldown active (2m),"{""dedupe_key"":""NIFTY|TRADE_LIMIT_REACHED|OFF|2026-08-07 11:34"",""threshold"":500,""value"":6,""since_minute_bucket_ist"":""2026-08-07 11:32"",""last_updated_ist"":""2026-08-07 11:34:00""}"
2026-08-07 00:00:00,2026-08-07 11:34:00,140,NIFTY,FLOW_BULLISH_BUILD,OFF,HIGH,0.0054,Bullish build (premium-confirmed writing / support),"{""dedupe_key"":""NIFTY|FLOW_BULLISH_BUILD|OFF|2026-08-07 11:34"",""threshold"":0.005,""value"":0.0054,""since_minute_bucket_ist"":""2026-08-07 11:33"",""last_updated_ist"":""2026-08-07 11:34:00""}"
2026-08-07 00:00:00,2026-08-07 11:34:00,140,NIFTY,PIN_BREAKOUT_SETUP,OFF,MED,-1.0999999999985448,Pin breakout setup (wall touch + aligned flow),"{""dedupe_key"":""NIFTY|PIN_BREAKOUT_SETUP|OFF|2026-08-07 11:34"",""threshold"":0,""value"":-1.0999999999985448,""since_minute_bucket_ist"":""2026-08-07 11:33"",""last_updated_ist"":""2026-08-07 11:34:00""}"
2026-08-07 00:00:00,2026-08-07 11:34:00,140,NIFTY,VOL_EXPANSION,ON,MED,0.0002,Volatility expanding (straddle up),"{""dedupe_key"":""NIFTY|VOL_EXPANSION|ON|2026-08-07 11:34"",""threshold"":0.02,""value"":0.0002,""since_minute_bucket_ist"":"""",""last_updated_ist"":""2026-08-07 11:34:00""}"
2026-08-07 00:00:00,2026-08-07 11:34:00,140,NIFTY,WALL_PRESSURE_BREAK_SETUP,OFF,MED,-1.0999999999985448,Pressure building into a wall (break setup),"{""dedupe_key"":""NIFTY|WALL_PRESSURE_BREAK_SETUP|OFF|2026-08-07 11:34"",""threshold"":0,""value"":-1.0999999999985448,""since_minute_bucket_ist"":""2026-08-07 11:33"",""last_updated_ist"":""2026-08-07 11:34:00""}"
2026-08-07 00:00:00,2026-08-07 11:36:00,142,NIFTY,VOL_EXPANSION,OFF,MED,0.0028,Volatility expanding (straddle up),"{""dedupe_key"":""NIFTY|VOL_EXPANSION|OFF|2026-08-07 11:36"",""threshold"":0.02,""value"":0.0028,""since_minute_bucket_ist"":""2026-08-07 11:34"",""last_updated_ist"":""2026-08-07 11:36:00""}"
2026-08-07 00:00:00,2026-08-07 11:36:00,142,NIFTY,WALL_UNWIND_CONFIRM_UP,OFF,MED,-0.0031,Call wall OI unwinding (5m),"{""dedupe_key"":""NIFTY|WALL_UNWIND_CONFIRM_UP|OFF|2026-08-07 11:36"",""threshold"":-0.006,""value"":-0.0031,""since_minute_bucket_ist"":""2026-08-07 11:28"",""last_updated_ist"":""2026-08-07 11:36:00""}"
2026-08-07 00:00:00,2026-08-07 11:39:00,145,NIFTY,VOL_CONTRACTION,ON,LOW,-0.0057,Volatility contracting (straddle down),"{""dedupe_key"":""NIFTY|VOL_CONTRACTION|ON|2026-08-07 11:39"",""threshold"":-0.03,""value"":-0.0057,""since_minute_bucket_ist"":"""",""last_updated_ist"":""2026-08-07 11:39:00""}"
2026-08-07 00:00:00,2026-08-07 11:39:00,145,NIFTY,OPTION_MOMENTUM_CALL,ON,MED,3.35,ATM CALL momentum (ltp up + vol up),"{""dedupe_key"":""NIFTY|OPTION_MOMENTUM_CALL|ON|2026-08-07 11:39"",""threshold"":1.5,""value"":3.35,""since_minute_bucket_ist"":"""",""last_updated_ist"":""2026-08-07 11:39:00""}"
2026-08-07 00:00:00,2026-08-07 11:40:00,146,NIFTY,FLOW_BEARISH_BUILD,ON,HIGH,0.0012,Bearish build (premium-confirmed writing / resistance),"{""dedupe_key"":""NIFTY|FLOW_BEARISH_BUILD|ON|2026-08-07 11:40"",""threshold"":0.005,""value"":0.0012,""since_minute_bucket_ist"":"""",""last_updated_ist"":""2026-08-07 11:40:00""}"
2026-08-07 00:00:00,2026-08-07 11:40:00,146,NIFTY,PIN_BREAKOUT_SETUP,ON,MED,-3,Pin breakout setup (wall touch + aligned flow),"{""dedupe_key"":""NIFTY|PIN_BREAKOUT_SETUP|ON|2026-08-07 11:40"",""threshold"":0,""value"":-3,""since_minute_bucket_ist"":"""",""last_updated_ist"":""2026-08-07 11:40:00""}"
2026-08-07 00:00:00,2026-08-07 11:40:00,146,NIFTY,VOL_CONTRACTION,OFF,LOW,-0.0012,Volatility contracting (straddle down),"{""dedupe_key"":""NIFTY|VOL_CONTRACTION|OFF|2026-08-07 11:40"",""threshold"":-0.03,""value"":-0.0012,""since_minute_bucket_ist"":""2026-08-07 11:39"",""last_updated_ist"":""2026-08-07 11:40:00""}"
2026-08-07 00:00:00,2026-08-07 11:40:00,146,NIFTY,OPTION_MOMENTUM_CALL,OFF,MED,-2.4,ATM CALL momentum (ltp up + vol up),"{""dedupe_key"":""NIFTY|OPTION_MOMENTUM_CALL|OFF|2026-08-07 11:40"",""threshold"":1.5,""value"":-2.4,""since_minute_bucket_ist"":""2026-08-07 11:39"",""last_updated_ist"":""2026-08-07 11:40:00""}"
2026-08-07 00:00:00,2026-08-07 11:40:00,146,NIFTY,OPTION_MOMENTUM_PUT,ON,MED,2.95,ATM PUT momentum (ltp up + vol up),"{""dedupe_key"":""NIFTY|OPTION_MOMENTUM_PUT|ON|2026-08-07 11:40"",""threshold"":1.5,""value"":2.95,""since_minute_bucket_ist"":"""",""last_updated_ist"":""2026-08-07 11:40:00""}"
2026-08-07 00:00:00,2026-08-07 11:40:00,146,NIFTY,CHURN_COMMITTED,ON,MED,-0.0001,Price move + aligned flow (committed),"{""dedupe_key"":""NIFTY|CHURN_COMMITTED|ON|2026-08-07 11:40"",""threshold"":0.0001,""value"":-0.0001,""since_minute_bucket_ist"":"""",""last_updated_ist"":""2026-08-07 11:40:00""}"
2026-08-07 00:00:00,2026-08-07 11:40:00,146,NIFTY,WALL_PRESSURE_BREAK_SETUP,ON,MED,-3,Pressure building into a wall (break setup),"{""dedupe_key"":""NIFTY|WALL_PRESSURE_BREAK_SETUP|ON|2026-08-07 11:40"",""threshold"":0,""value"":-3,""since_minute_bucket_ist"":"""",""last_updated_ist"":""2026-08-07 11:40:00""}"
2026-08-07 00:00:00,2026-08-07 11:41:00,147,NIFTY,FLOW_BEARISH_BUILD,OFF,HIGH,0.0011,Bearish build (premium-confirmed writing / resistance),"{""dedupe_key"":""NIFTY|FLOW_BEARISH_BUILD|OFF|2026-08-07 11:41"",""threshold"":0.005,""value"":0.0011,""since_minute_bucket_ist"":""2026-08-07 11:40"",""last_updated_ist"":""2026-08-07 11:41:00""}"
2026-08-07 00:00:00,2026-08-07 11:41:00,147,NIFTY,PIN_BREAKOUT_SETUP,OFF,MED,-1.75,Pin breakout setup (wall touch + aligned flow),"{""dedupe_key"":""NIFTY|PIN_BREAKOUT_SETUP|OFF|2026-08-07 11:41"",""threshold"":0,""value"":-1.75,""since_minute_bucket_ist"":""2026-08-07 11:40"",""last_updated_ist"":""2026-08-07 11:41:00""}"
2026-08-07 00:00:00,2026-08-07 11:41:00,147,NIFTY,OPTION_MOMENTUM_PUT,OFF,MED,0.5,ATM PUT momentum (ltp up + vol up),"{""dedupe_key"":""NIFTY|OPTION_MOMENTUM_PUT|OFF|2026-08-07 11:41"",""threshold"":1.5,""value"":0.5,""since_minute_bucket_ist"":""2026-08-07 11:40"",""last_updated_ist"":""2026-08-07 11:41:00""}"
2026-08-07 00:00:00,2026-08-07 11:41:00,147,NIFTY,CHURN_COMMITTED,OFF,MED,-0.0001,Price move + aligned flow (committed),"{""dedupe_key"":""NIFTY|CHURN_COMMITTED|OFF|2026-08-07 11:41"",""threshold"":0.0001,""value"":-0.0001,""since_minute_bucket_ist"":""2026-08-07 11:40"",""last_updated_ist"":""2026-08-07 11:41:00""}"
2026-08-07 00:00:00,2026-08-07 11:41:00,147,NIFTY,WALL_PRESSURE_BREAK_SETUP,OFF,MED,-1.75,Pressure building into a wall (break setup),"{""dedupe_key"":""NIFTY|WALL_PRESSURE_BREAK_SETUP|OFF|2026-08-07 11:41"",""threshold"":0,""value"":-1.75,""since_minute_bucket_ist"":""2026-08-07 11:40"",""last_updated_ist"":""2026-08-07 11:41:00""}"
2026-08-07 00:00:00,2026-08-07 11:43:00,149,NIFTY,FLOW_BULLISH_BUILD,ON,HIGH,0.0031,Bullish build (premium-confirmed writing / support),"{""dedupe_key"":""NIFTY|FLOW_BULLISH_BUILD|ON|2026-08-07 11:43"",""threshold"":0.005,""value"":0.0031,""since_minute_bucket_ist"":"""",""last_updated_ist"":""2026-08-07 11:43:00""}"
2026-08-07 00:00:00,2026-08-07 11:44:00,150,NIFTY,FLOW_BULLISH_BUILD,OFF,HIGH,0.0009,Bullish build (premium-confirmed writing / support),"{""dedupe_key"":""NIFTY|FLOW_BULLISH_BUILD|OFF|2026-08-07 11:44"",""threshold"":0.005,""value"":0.0009,""since_minute_bucket_ist"":""2026-08-07 11:43"",""last_updated_ist"":""2026-08-07 11:44:00""}"
2026-08-07 00:00:00,2026-08-07 11:44:00,150,NIFTY,VOL_CONTRACTION,ON,LOW,-0.0012,Volatility contracting (straddle down),"{""dedupe_key"":""NIFTY|VOL_CONTRACTION|ON|2026-08-07 11:44"",""threshold"":-0.03,""value"":-0.0012,""since_minute_bucket_ist"":"""",""last_updated_ist"":""2026-08-07 11:44:00""}"
2026-08-07 00:00:00,2026-08-07 11:45:00,151,NIFTY,FLOW_BULLISH_BUILD,ON,HIGH,0.0029,Bullish build (premium-confirmed writing / support),"{""dedupe_key"":""NIFTY|FLOW_BULLISH_BUILD|ON|2026-08-07 11:45"",""threshold"":0.005,""value"":0.0029,""since_minute_bucket_ist"":"""",""last_updated_ist"":""2026-08-07 11:45:00""}"
2026-08-07 00:00:00,2026-08-07 11:48:00,153,NIFTY,DATA_GAP_LOCK,ON,HIGH,1786083539222,Cooldown after data gap / window shift (signals locked),"{""dedupe_key"":""NIFTY|DATA_GAP_LOCK|ON|2026-08-07 11:48"",""threshold"":1786083659222,""value"":1786083539222,""since_minute_bucket_ist"":"""",""last_updated_ist"":""2026-08-07 11:48:00""}"
2026-08-07 00:00:00,2026-08-07 11:48:00,153,NIFTY,FLOW_BULLISH_BUILD,OFF,HIGH,-0.0032,Bullish build (premium-confirmed writing / support),"{""dedupe_key"":""NIFTY|FLOW_BULLISH_BUILD|OFF|2026-08-07 11:48"",""threshold"":0.005,""value"":-0.0032,""since_minute_bucket_ist"":""2026-08-07 11:45"",""last_updated_ist"":""2026-08-07 11:48:00""}"
2026-08-07 00:00:00,2026-08-07 11:48:00,153,NIFTY,REGIME_BREAKOUT_DOWN,OFF,HIGH,0,Breakout DOWN (held below put wall),"{""dedupe_key"":""NIFTY|REGIME_BREAKOUT_DOWN|OFF|2026-08-07 11:48"",""threshold"":2,""value"":0,""since_minute_bucket_ist"":""2026-08-07 11:25"",""last_updated_ist"":""2026-08-07 11:48:00""}"
2026-08-07 00:00:00,2026-08-07 11:48:00,153,NIFTY,REGIME_TRANSITION_UNCERTAIN,ON,LOW,1,Transition/uncertain regime,"{""dedupe_key"":""NIFTY|REGIME_TRANSITION_UNCERTAIN|ON|2026-08-07 11:48"",""threshold"":1,""value"":1,""since_minute_bucket_ist"":"""",""last_updated_ist"":""2026-08-07 11:48:00""}"
2026-08-07 00:00:00,2026-08-07 11:48:00,153,NIFTY,VOL_EXPANSION,ON,MED,0.0124,Volatility expanding (straddle up),"{""dedupe_key"":""NIFTY|VOL_EXPANSION|ON|2026-08-07 11:48"",""threshold"":0.02,""value"":0.0124,""since_minute_bucket_ist"":"""",""last_updated_ist"":""2026-08-07 11:48:00""}"
2026-08-07 00:00:00,2026-08-07 11:48:00,153,NIFTY,VOL_CONTRACTION,OFF,LOW,0.0124,Volatility contracting (straddle down),"{""dedupe_key"":""NIFTY|VOL_CONTRACTION|OFF|2026-08-07 11:48"",""threshold"":-0.03,""value"":0.0124,""since_minute_bucket_ist"":""2026-08-07 11:44"",""last_updated_ist"":""2026-08-07 11:48:00""}"
2026-08-07 00:00:00,2026-08-07 11:48:00,153,NIFTY,OPTION_MOMENTUM_PUT,ON,MED,5.6,ATM PUT momentum (ltp up + vol up),"{""dedupe_key"":""NIFTY|OPTION_MOMENTUM_PUT|ON|2026-08-07 11:48"",""threshold"":1.5,""value"":5.6,""since_minute_bucket_ist"":"""",""last_updated_ist"":""2026-08-07 11:48:00""}"
2026-08-07 00:00:00,2026-08-07 11:48:00,153,NIFTY,WALL_UNWIND_CONFIRM_UP,ON,MED,-0.0065,Call wall OI unwinding (5m),"{""dedupe_key"":""NIFTY|WALL_UNWIND_CONFIRM_UP|ON|2026-08-07 11:48"",""threshold"":-0.006,""value"":-0.0065,""since_minute_bucket_ist"":"""",""last_updated_ist"":""2026-08-07 11:48:00""}"
2026-08-07 00:00:00,2026-08-07 11:48:00,153,NIFTY,WALL_SHIFT_REGIME,ON,MED,1,Wall strike shifted materially (>= 1 step),"{""dedupe_key"":""NIFTY|WALL_SHIFT_REGIME|ON|2026-08-07 11:48"",""threshold"":1,""value"":1,""since_minute_bucket_ist"":"""",""last_updated_ist"":""2026-08-07 11:48:00""}"
2026-08-07 00:00:00,2026-08-07 11:49:00,154,NIFTY,FLOW_BULLISH_BUILD,ON,HIGH,0.0022,Bullish build (premium-confirmed writing / support),"{""dedupe_key"":""NIFTY|FLOW_BULLISH_BUILD|ON|2026-08-07 11:49"",""threshold"":0.005,""value"":0.0022,""since_minute_bucket_ist"":"""",""last_updated_ist"":""2026-08-07 11:49:00""}"
2026-08-07 00:00:00,2026-08-07 11:49:00,154,NIFTY,OPTION_MOMENTUM_PUT,OFF,MED,-0.95,ATM PUT momentum (ltp up + vol up),"{""dedupe_key"":""NIFTY|OPTION_MOMENTUM_PUT|OFF|2026-08-07 11:49"",""threshold"":1.5,""value"":-0.95,""since_minute_bucket_ist"":""2026-08-07 11:48"",""last_updated_ist"":""2026-08-07 11:49:00""}"
2026-08-07 00:00:00,2026-08-07 11:49:00,154,NIFTY,WALL_SHIFT_REGIME,OFF,MED,1,Wall strike shifted materially (>= 1 step),"{""dedupe_key"":""NIFTY|WALL_SHIFT_REGIME|OFF|2026-08-07 11:49"",""threshold"":1,""value"":1,""since_minute_bucket_ist"":""2026-08-07 11:48"",""last_updated_ist"":""2026-08-07 11:49:00""}"
2026-08-07 00:00:00,2026-08-07 11:50:00,155,NIFTY,FLOW_BULLISH_BUILD,OFF,HIGH,0,Bullish build (premium-confirmed writing / support),"{""dedupe_key"":""NIFTY|FLOW_BULLISH_BUILD|OFF|2026-08-07 11:50"",""threshold"":0.005,""value"":0,""since_minute_bucket_ist"":""2026-08-07 11:49"",""last_updated_ist"":""2026-08-07 11:50:00""}"
2026-08-07 00:00:00,2026-08-07 11:51:00,156,NIFTY,DATA_GAP_LOCK,OFF,HIGH,1786083709538,Cooldown after data gap / window shift (signals locked),"{""dedupe_key"":""NIFTY|DATA_GAP_LOCK|OFF|2026-08-07 11:51"",""threshold"":1786083659222,""value"":1786083709538,""since_minute_bucket_ist"":""2026-08-07 11:48"",""last_updated_ist"":""2026-08-07 11:51:00""}"
2026-08-07 00:00:00,2026-08-07 11:51:00,156,NIFTY,FLOW_BEARISH_BUILD,ON,HIGH,0.0037,Bearish build (premium-confirmed writing / resistance),"{""dedupe_key"":""NIFTY|FLOW_BEARISH_BUILD|ON|2026-08-07 11:51"",""threshold"":0.005,""value"":0.0037,""since_minute_bucket_ist"":"""",""last_updated_ist"":""2026-08-07 11:51:00""}"
2026-08-07 00:00:00,2026-08-07 11:51:00,156,NIFTY,EXP_RANGE_BREAKOUT_WATCH_DOWN,ON,MED,24563,Expected-range watch DOWN,"{""dedupe_key"":""NIFTY|EXP_RANGE_BREAKOUT_WATCH_DOWN|ON|2026-08-07 11:51"",""threshold"":24564.23,""value"":24563,""since_minute_bucket_ist"":"""",""last_updated_ist"":""2026-08-07 11:51:00""}"
2026-08-07 00:00:00,2026-08-07 11:51:00,156,NIFTY,OPTION_MOMENTUM_PUT,ON,MED,2.05,ATM PUT momentum (ltp up + vol up),"{""dedupe_key"":""NIFTY|OPTION_MOMENTUM_PUT|ON|2026-08-07 11:51"",""threshold"":1.5,""value"":2.05,""since_minute_bucket_ist"":"""",""last_updated_ist"":""2026-08-07 11:51:00""}"
2026-08-07 00:00:00,2026-08-07 11:52:00,157,NIFTY,PIN_BASIC,OFF,LOW,37.5,Spot near a local wall (pin zone),"{""dedupe_key"":""NIFTY|PIN_BASIC|OFF|2026-08-07 11:52"",""threshold"":37.5,""value"":37.5,""since_minute_bucket_ist"":""2026-08-07 11:20"",""last_updated_ist"":""2026-08-07 11:52:00""}"
2026-08-07 00:00:00,2026-08-07 11:52:00,157,NIFTY,EXP_RANGE_BREAKOUT_CONFIRMED_DOWN,ON,HIGH,2,Expected-range breakout CONFIRMED DOWN,"{""dedupe_key"":""NIFTY|EXP_RANGE_BREAKOUT_CONFIRMED_DOWN|ON|2026-08-07 11:52"",""threshold"":2,""value"":2,""since_minute_bucket_ist"":"""",""last_updated_ist"":""2026-08-07 11:52:00""}"
2026-08-07 00:00:00,2026-08-07 11:52:00,157,NIFTY,VOL_EXPANSION,OFF,MED,-0.0072,Volatility expanding (straddle up),"{""dedupe_key"":""NIFTY|VOL_EXPANSION|OFF|2026-08-07 11:52"",""threshold"":0.02,""value"":-0.0072,""since_minute_bucket_ist"":""2026-08-07 11:48"",""last_updated_ist"":""2026-08-07 11:52:00""}"
2026-08-07 00:00:00,2026-08-07 11:52:00,157,NIFTY,WALL_UNWIND_CONFIRM_UP,OFF,MED,0.0153,Call wall OI unwinding (5m),"{""dedupe_key"":""NIFTY|WALL_UNWIND_CONFIRM_UP|OFF|2026-08-07 11:52"",""threshold"":-0.006,""value"":0.0153,""since_minute_bucket_ist"":""2026-08-07 11:48"",""last_updated_ist"":""2026-08-07 11:52:00""}"
2026-08-07 00:00:00,2026-08-07 11:52:00,157,NIFTY,CHURN_COMMITTED,ON,MED,-0.0004,Price move + aligned flow (committed),"{""dedupe_key"":""NIFTY|CHURN_COMMITTED|ON|2026-08-07 11:52"",""threshold"":0.0001,""value"":-0.0004,""since_minute_bucket_ist"":"""",""last_updated_ist"":""2026-08-07 11:52:00""}"
2026-08-07 00:00:00,2026-08-07 11:53:00,158,NIFTY,OPTION_MOMENTUM_PUT,OFF,MED,1.3,ATM PUT momentum (ltp up + vol up),"{""dedupe_key"":""NIFTY|OPTION_MOMENTUM_PUT|OFF|2026-08-07 11:53"",""threshold"":1.5,""value"":1.3,""since_minute_bucket_ist"":""2026-08-07 11:51"",""last_updated_ist"":""2026-08-07 11:53:00""}"
2026-08-07 00:00:00,2026-08-07 11:53:00,158,NIFTY,WALL_UNWIND_CONFIRM_DOWN,ON,MED,-0.0365,Put wall OI unwinding (5m),"{""dedupe_key"":""NIFTY|WALL_UNWIND_CONFIRM_DOWN|ON|2026-08-07 11:53"",""threshold"":-0.006,""value"":-0.0365,""since_minute_bucket_ist"":"""",""last_updated_ist"":""2026-08-07 11:53:00""}"
2026-08-07 00:00:00,2026-08-07 11:53:00,158,NIFTY,CHURN_COMMITTED,OFF,MED,0,Price move + aligned flow (committed),"{""dedupe_key"":""NIFTY|CHURN_COMMITTED|OFF|2026-08-07 11:53"",""threshold"":0.0001,""value"":0,""since_minute_bucket_ist"":""2026-08-07 11:52"",""last_updated_ist"":""2026-08-07 11:53:00""}"
2026-08-07 00:00:00,2026-08-07 11:53:00,158,NIFTY,STEALTH_BUILD_BEAR,ON,MED,0.0105,"Stealth bearish build (calls build, spot flat)","{""dedupe_key"":""NIFTY|STEALTH_BUILD_BEAR|ON|2026-08-07 11:53"",""threshold"":0.008,""value"":0.0105,""since_minute_bucket_ist"":"""",""last_updated_ist"":""2026-08-07 11:53:00""}"
2026-08-07 00:00:00,2026-08-07 11:54:00,159,NIFTY,FLOW_BEARISH_BUILD,OFF,HIGH,0,Bearish build (premium-confirmed writing / resistance),"{""dedupe_key"":""NIFTY|FLOW_BEARISH_BUILD|OFF|2026-08-07 11:54"",""threshold"":0.005,""value"":0,""since_minute_bucket_ist"":""2026-08-07 11:51"",""last_updated_ist"":""2026-08-07 11:54:00""}"
2026-08-07 00:00:00,2026-08-07 11:54:00,159,NIFTY,REGIME_RANGE_PIN,ON,LOW,0.0002,Range / pin (inside local walls),"{""dedupe_key"":""NIFTY|REGIME_RANGE_PIN|ON|2026-08-07 11:54"",""threshold"":0.001,""value"":0.0002,""since_minute_bucket_ist"":"""",""last_updated_ist"":""2026-08-07 11:54:00""}"
2026-08-07 00:00:00,2026-08-07 11:54:00,159,NIFTY,REGIME_TRANSITION_UNCERTAIN,OFF,LOW,1,Transition/uncertain regime,"{""dedupe_key"":""NIFTY|REGIME_TRANSITION_UNCERTAIN|OFF|2026-08-07 11:54"",""threshold"":1,""value"":1,""since_minute_bucket_ist"":""2026-08-07 11:48"",""last_updated_ist"":""2026-08-07 11:54:00""}"
2026-08-07 00:00:00,2026-08-07 11:54:00,159,NIFTY,EXP_RANGE_BREAKOUT_WATCH_DOWN,OFF,MED,24553.25,Expected-range watch DOWN,"{""dedupe_key"":""NIFTY|EXP_RANGE_BREAKOUT_WATCH_DOWN|OFF|2026-08-07 11:54"",""threshold"":24553.16,""value"":24553.25,""since_minute_bucket_ist"":""2026-08-07 11:51"",""last_updated_ist"":""2026-08-07 11:54:00""}"
2026-08-07 00:00:00,2026-08-07 11:54:00,159,NIFTY,EXP_RANGE_BREAKOUT_CONFIRMED_DOWN,OFF,HIGH,0,Expected-range breakout CONFIRMED DOWN,"{""dedupe_key"":""NIFTY|EXP_RANGE_BREAKOUT_CONFIRMED_DOWN|OFF|2026-08-07 11:54"",""threshold"":2,""value"":0,""since_minute_bucket_ist"":""2026-08-07 11:52"",""last_updated_ist"":""2026-08-07 11:54:00""}"
2026-08-07 00:00:00,2026-08-07 11:54:00,159,NIFTY,STEALTH_BUILD_BEAR,OFF,MED,0,"Stealth bearish build (calls build, spot flat)","{""dedupe_key"":""NIFTY|STEALTH_BUILD_BEAR|OFF|2026-08-07 11:54"",""threshold"":0.008,""value"":0,""since_minute_bucket_ist"":""2026-08-07 11:53"",""last_updated_ist"":""2026-08-07 11:54:00""}"
2026-08-07 00:00:00,2026-08-07 11:55:00,160,NIFTY,OPTION_MOMENTUM_CALL,ON,MED,3.6,ATM CALL momentum (ltp up + vol up),"{""dedupe_key"":""NIFTY|OPTION_MOMENTUM_CALL|ON|2026-08-07 11:55"",""threshold"":1.5,""value"":3.6,""since_minute_bucket_ist"":"""",""last_updated_ist"":""2026-08-07 11:55:00""}"
2026-08-07 00:00:00,2026-08-07 11:55:00,160,NIFTY,STEALTH_BUILD_BEAR,ON,MED,0.0147,"Stealth bearish build (calls build, spot flat)","{""dedupe_key"":""NIFTY|STEALTH_BUILD_BEAR|ON|2026-08-07 11:55"",""threshold"":0.008,""value"":0.0147,""since_minute_bucket_ist"":"""",""last_updated_ist"":""2026-08-07 11:55:00""}"
2026-08-07 00:00:00,2026-08-07 11:56:00,161,NIFTY,FLOW_BEARISH_BUILD,ON,HIGH,0.0037,Bearish build (premium-confirmed writing / resistance),"{""dedupe_key"":""NIFTY|FLOW_BEARISH_BUILD|ON|2026-08-07 11:56"",""threshold"":0.005,""value"":0.0037,""since_minute_bucket_ist"":"""",""last_updated_ist"":""2026-08-07 11:56:00""}"
2026-08-07 00:00:00,2026-08-07 11:56:00,161,NIFTY,VOL_CONTRACTION,ON,LOW,-0.0029,Volatility contracting (straddle down),"{""dedupe_key"":""NIFTY|VOL_CONTRACTION|ON|2026-08-07 11:56"",""threshold"":-0.03,""value"":-0.0029,""since_minute_bucket_ist"":"""",""last_updated_ist"":""2026-08-07 11:56:00""}"
2026-08-07 00:00:00,2026-08-07 11:56:00,161,NIFTY,OPTION_MOMENTUM_CALL,OFF,MED,0,ATM CALL momentum (ltp up + vol up),"{""dedupe_key"":""NIFTY|OPTION_MOMENTUM_CALL|OFF|2026-08-07 11:56"",""threshold"":1.5,""value"":0,""since_minute_bucket_ist"":""2026-08-07 11:55"",""last_updated_ist"":""2026-08-07 11:56:00""}"
2026-08-07 00:00:00,2026-08-07 11:56:00,161,NIFTY,STEALTH_BUILD_BEAR,OFF,MED,0.0037,"Stealth bearish build (calls build, spot flat)","{""dedupe_key"":""NIFTY|STEALTH_BUILD_BEAR|OFF|2026-08-07 11:56"",""threshold"":0.008,""value"":0.0037,""since_minute_bucket_ist"":""2026-08-07 11:55"",""last_updated_ist"":""2026-08-07 11:56:00""}"
2026-08-07 00:00:00,2026-08-07 11:57:00,162,NIFTY,FLOW_BEARISH_BUILD,OFF,HIGH,0.0064,Bearish build (premium-confirmed writing / resistance),"{""dedupe_key"":""NIFTY|FLOW_BEARISH_BUILD|OFF|2026-08-07 11:57"",""threshold"":0.005,""value"":0.0064,""since_minute_bucket_ist"":""2026-08-07 11:56"",""last_updated_ist"":""2026-08-07 11:57:00""}"
2026-08-07 00:00:00,2026-08-07 11:57:00,162,NIFTY,VOL_CONTRACTION,OFF,LOW,0.0031,Volatility contracting (straddle down),"{""dedupe_key"":""NIFTY|VOL_CONTRACTION|OFF|2026-08-07 11:57"",""threshold"":-0.03,""value"":0.0031,""since_minute_bucket_ist"":""2026-08-07 11:56"",""last_updated_ist"":""2026-08-07 11:57:00""}"
2026-08-07 00:00:00,2026-08-07 11:57:00,162,NIFTY,OPTION_MOMENTUM_PUT,ON,MED,1.65,ATM PUT momentum (ltp up + vol up),"{""dedupe_key"":""NIFTY|OPTION_MOMENTUM_PUT|ON|2026-08-07 11:57"",""threshold"":1.5,""value"":1.65,""since_minute_bucket_ist"":"""",""last_updated_ist"":""2026-08-07 11:57:00""}"
2026-08-07 00:00:00,2026-08-07 11:58:00,163,NIFTY,OPTION_MOMENTUM_PUT,OFF,MED,0,ATM PUT momentum (ltp up + vol up),"{""dedupe_key"":""NIFTY|OPTION_MOMENTUM_PUT|OFF|2026-08-07 11:58"",""threshold"":1.5,""value"":0,""since_minute_bucket_ist"":""2026-08-07 11:57"",""last_updated_ist"":""2026-08-07 11:58:00""}"
2026-08-07 00:00:00,2026-08-07 11:59:00,164,NIFTY,WALL_UNWIND_CONFIRM_DOWN,OFF,MED,-0.0012,Put wall OI unwinding (5m),"{""dedupe_key"":""NIFTY|WALL_UNWIND_CONFIRM_DOWN|OFF|2026-08-07 11:59"",""threshold"":-0.006,""value"":-0.0012,""since_minute_bucket_ist"":""2026-08-07 11:53"",""last_updated_ist"":""2026-08-07 11:59:00""}"
2026-08-07 00:00:00,2026-08-07 12:02:00,167,NIFTY,VOL_CONTRACTION,ON,LOW,-0.0055,Volatility contracting (straddle down),"{""dedupe_key"":""NIFTY|VOL_CONTRACTION|ON|2026-08-07 12:02"",""threshold"":-0.03,""value"":-0.0055,""since_minute_bucket_ist"":"""",""last_updated_ist"":""2026-08-07 12:02:00""}"
2026-08-07 00:00:00,2026-08-07 12:03:00,168,NIFTY,EXP_RANGE_BREAKOUT_WATCH_DOWN,ON,MED,24553.3,Expected-range watch DOWN,"{""dedupe_key"":""NIFTY|EXP_RANGE_BREAKOUT_WATCH_DOWN|ON|2026-08-07 12:03"",""threshold"":24553.33,""value"":24553.3,""since_minute_bucket_ist"":"""",""last_updated_ist"":""2026-08-07 12:03:00""}"
2026-08-07 00:00:00,2026-08-07 12:03:00,168,NIFTY,VOL_CONTRACTION,OFF,LOW,0,Volatility contracting (straddle down),"{""dedupe_key"":""NIFTY|VOL_CONTRACTION|OFF|2026-08-07 12:03"",""threshold"":-0.03,""value"":0,""since_minute_bucket_ist"":""2026-08-07 12:02"",""last_updated_ist"":""2026-08-07 12:03:00""}"
2026-08-07 00:00:00,2026-08-07 12:03:00,168,NIFTY,OPTION_MOMENTUM_PUT,ON,MED,2.85,ATM PUT momentum (ltp up + vol up),"{""dedupe_key"":""NIFTY|OPTION_MOMENTUM_PUT|ON|2026-08-07 12:03"",""threshold"":1.5,""value"":2.85,""since_minute_bucket_ist"":"""",""last_updated_ist"":""2026-08-07 12:03:00""}"
2026-08-07 00:00:00,2026-08-07 12:04:00,169,NIFTY,EXP_RANGE_BREAKOUT_WATCH_DOWN,OFF,MED,24553.5,Expected-range watch DOWN,"{""dedupe_key"":""NIFTY|EXP_RANGE_BREAKOUT_WATCH_DOWN|OFF|2026-08-07 12:04"",""threshold"":24553.16,""value"":24553.5,""since_minute_bucket_ist"":""2026-08-07 12:03"",""last_updated_ist"":""2026-08-07 12:04:00""}"
2026-08-07 00:00:00,2026-08-07 12:04:00,169,NIFTY,VOL_CONTRACTION,ON,LOW,-0.0018,Volatility contracting (straddle down),"{""dedupe_key"":""NIFTY|VOL_CONTRACTION|ON|2026-08-07 12:04"",""threshold"":-0.03,""value"":-0.0018,""since_minute_bucket_ist"":"""",""last_updated_ist"":""2026-08-07 12:04:00""}"
2026-08-07 00:00:00,2026-08-07 12:04:00,169,NIFTY,OPTION_MOMENTUM_PUT,OFF,MED,0,ATM PUT momentum (ltp up + vol up),"{""dedupe_key"":""NIFTY|OPTION_MOMENTUM_PUT|OFF|2026-08-07 12:04"",""threshold"":1.5,""value"":0,""since_minute_bucket_ist"":""2026-08-07 12:03"",""last_updated_ist"":""2026-08-07 12:04:00""}"
2026-08-07 00:00:00,2026-08-07 12:05:00,170,NIFTY,EXP_RANGE_BREAKOUT_WATCH_DOWN,ON,MED,24552.45,Expected-range watch DOWN,"{""dedupe_key"":""NIFTY|EXP_RANGE_BREAKOUT_WATCH_DOWN|ON|2026-08-07 12:05"",""threshold"":24552.96,""value"":24552.45,""since_minute_bucket_ist"":"""",""last_updated_ist"":""2026-08-07 12:05:00""}"
2026-08-07 00:00:00,2026-08-07 12:05:00,170,NIFTY,VOL_CONTRACTION,OFF,LOW,-0.002,Volatility contracting (straddle down),"{""dedupe_key"":""NIFTY|VOL_CONTRACTION|OFF|2026-08-07 12:05"",""threshold"":-0.03,""value"":-0.002,""since_minute_bucket_ist"":""2026-08-07 12:04"",""last_updated_ist"":""2026-08-07 12:05:00""}"
2026-08-07 00:00:00,2026-08-07 12:06:00,171,NIFTY,EXP_RANGE_BREAKOUT_CONFIRMED_DOWN,ON,HIGH,2,Expected-range breakout CONFIRMED DOWN,"{""dedupe_key"":""NIFTY|EXP_RANGE_BREAKOUT_CONFIRMED_DOWN|ON|2026-08-07 12:06"",""threshold"":2,""value"":2,""since_minute_bucket_ist"":"""",""last_updated_ist"":""2026-08-07 12:06:00""}"
2026-08-07 00:00:00,2026-08-07 12:06:00,171,NIFTY,VOL_CONTRACTION,ON,LOW,-0.0053,Volatility contracting (straddle down),"{""dedupe_key"":""NIFTY|VOL_CONTRACTION|ON|2026-08-07 12:06"",""threshold"":-0.03,""value"":-0.0053,""since_minute_bucket_ist"":"""",""last_updated_ist"":""2026-08-07 12:06:00""}"
2026-08-07 00:00:00,2026-08-07 12:06:00,171,NIFTY,OPTION_MOMENTUM_PUT,ON,MED,2.65,ATM PUT momentum (ltp up + vol up),"{""dedupe_key"":""NIFTY|OPTION_MOMENTUM_PUT|ON|2026-08-07 12:06"",""threshold"":1.5,""value"":2.65,""since_minute_bucket_ist"":"""",""last_updated_ist"":""2026-08-07 12:06:00""}"
2026-08-07 00:00:00,2026-08-07 12:07:00,172,NIFTY,OPTION_MOMENTUM_PUT,OFF,MED,-0.85,ATM PUT momentum (ltp up + vol up),"{""dedupe_key"":""NIFTY|OPTION_MOMENTUM_PUT|OFF|2026-08-07 12:07"",""threshold"":1.5,""value"":-0.85,""since_minute_bucket_ist"":""2026-08-07 12:06"",""last_updated_ist"":""2026-08-07 12:07:00""}"
2026-08-07 00:00:00,2026-08-07 12:08:00,173,NIFTY,FLOW_BEARISH_BUILD,ON,HIGH,0.0062,Bearish build (premium-confirmed writing / resistance),"{""dedupe_key"":""NIFTY|FLOW_BEARISH_BUILD|ON|2026-08-07 12:08"",""threshold"":0.005,""value"":0.0062,""since_minute_bucket_ist"":"""",""last_updated_ist"":""2026-08-07 12:08:00""}"
2026-08-07 00:00:00,2026-08-07 12:09:00,174,NIFTY,FLOW_BEARISH_BUILD,OFF,HIGH,0,Bearish build (premium-confirmed writing / resistance),"{""dedupe_key"":""NIFTY|FLOW_BEARISH_BUILD|OFF|2026-08-07 12:09"",""threshold"":0.005,""value"":0,""since_minute_bucket_ist"":""2026-08-07 12:08"",""last_updated_ist"":""2026-08-07 12:09:00""}"
2026-08-07 00:00:00,2026-08-07 12:09:00,174,NIFTY,EXP_RANGE_BREAKOUT_WATCH_DOWN,OFF,MED,24549.4,Expected-range watch DOWN,"{""dedupe_key"":""NIFTY|EXP_RANGE_BREAKOUT_WATCH_DOWN|OFF|2026-08-07 12:09"",""threshold"":24549.14,""value"":24549.4,""since_minute_bucket_ist"":""2026-08-07 12:05"",""last_updated_ist"":""2026-08-07 12:09:00""}"
2026-08-07 00:00:00,2026-08-07 12:09:00,174,NIFTY,EXP_RANGE_BREAKOUT_CONFIRMED_DOWN,OFF,HIGH,0,Expected-range breakout CONFIRMED DOWN,"{""dedupe_key"":""NIFTY|EXP_RANGE_BREAKOUT_CONFIRMED_DOWN|OFF|2026-08-07 12:09"",""threshold"":2,""value"":0,""since_minute_bucket_ist"":""2026-08-07 12:06"",""last_updated_ist"":""2026-08-07 12:09:00""}"
2026-08-07 00:00:00,2026-08-07 12:10:00,175,NIFTY,FLOW_BEARISH_BUILD,ON,HIGH,0.0062,Bearish build (premium-confirmed writing / resistance),"{""dedupe_key"":""NIFTY|FLOW_BEARISH_BUILD|ON|2026-08-07 12:10"",""threshold"":0.005,""value"":0.0062,""since_minute_bucket_ist"":"""",""last_updated_ist"":""2026-08-07 12:10:00""}"
2026-08-07 00:00:00,2026-08-07 12:10:00,175,NIFTY,VOL_CONTRACTION,OFF,LOW,0.0008,Volatility contracting (straddle down),"{""dedupe_key"":""NIFTY|VOL_CONTRACTION|OFF|2026-08-07 12:10"",""threshold"":-0.03,""value"":0.0008,""since_minute_bucket_ist"":""2026-08-07 12:06"",""last_updated_ist"":""2026-08-07 12:10:00""}"
2026-08-07 00:00:00,2026-08-07 12:11:00,176,NIFTY,FLOW_BEARISH_BUILD,OFF,HIGH,0,Bearish build (premium-confirmed writing / resistance),"{""dedupe_key"":""NIFTY|FLOW_BEARISH_BUILD|OFF|2026-08-07 12:11"",""threshold"":0.005,""value"":0,""since_minute_bucket_ist"":""2026-08-07 12:10"",""last_updated_ist"":""2026-08-07 12:11:00""}"
2026-08-07 00:00:00,2026-08-07 12:12:00,177,NIFTY,FLOW_BEARISH_BUILD,ON,HIGH,0.0109,Bearish build (premium-confirmed writing / resistance),"{""dedupe_key"":""NIFTY|FLOW_BEARISH_BUILD|ON|2026-08-07 12:12"",""threshold"":0.005,""value"":0.0109,""since_minute_bucket_ist"":"""",""last_updated_ist"":""2026-08-07 12:12:00""}"
2026-08-07 00:00:00,2026-08-07 12:12:00,177,NIFTY,TAIL_RISK_SKEW_LOW,ON,LOW,0.54,Tail-risk skew low (PCR_COI low),"{""dedupe_key"":""NIFTY|TAIL_RISK_SKEW_LOW|ON|2026-08-07 12:12"",""threshold"":0.55,""value"":0.54,""since_minute_bucket_ist"":"""",""last_updated_ist"":""2026-08-07 12:12:00""}"
2026-08-07 00:00:00,2026-08-07 12:12:00,177,NIFTY,STEALTH_BUILD_BEAR,ON,MED,0.0109,"Stealth bearish build (calls build, spot flat)","{""dedupe_key"":""NIFTY|STEALTH_BUILD_BEAR|ON|2026-08-07 12:12"",""threshold"":0.008,""value"":0.0109,""since_minute_bucket_ist"":"""",""last_updated_ist"":""2026-08-07 12:12:00""}"
2026-08-07 00:00:00,2026-08-07 12:13:00,178,NIFTY,FLOW_BEARISH_BUILD,OFF,HIGH,0,Bearish build (premium-confirmed writing / resistance),"{""dedupe_key"":""NIFTY|FLOW_BEARISH_BUILD|OFF|2026-08-07 12:13"",""threshold"":0.005,""value"":0,""since_minute_bucket_ist"":""2026-08-07 12:12"",""last_updated_ist"":""2026-08-07 12:13:00""}"
2026-08-07 00:00:00,2026-08-07 12:13:00,178,NIFTY,STEALTH_BUILD_BEAR,OFF,MED,0,"Stealth bearish build (calls build, spot flat)","{""dedupe_key"":""NIFTY|STEALTH_BUILD_BEAR|OFF|2026-08-07 12:13"",""threshold"":0.008,""value"":0,""since_minute_bucket_ist"":""2026-08-07 12:12"",""last_updated_ist"":""2026-08-07 12:13:00""}"
2026-08-07 00:00:00,2026-08-07 12:14:00,179,NIFTY,FLOW_BEARISH_BUILD,ON,HIGH,0.0024,Bearish build (premium-confirmed writing / resistance),"{""dedupe_key"":""NIFTY|FLOW_BEARISH_BUILD|ON|2026-08-07 12:14"",""threshold"":0.005,""value"":0.0024,""since_minute_bucket_ist"":"""",""last_updated_ist"":""2026-08-07 12:14:00""}"
2026-08-07 00:00:00,2026-08-07 12:14:00,179,NIFTY,EXP_RANGE_BREAKOUT_WATCH_DOWN,ON,MED,24545.65,Expected-range watch DOWN,"{""dedupe_key"":""NIFTY|EXP_RANGE_BREAKOUT_WATCH_DOWN|ON|2026-08-07 12:14"",""threshold"":24546.73,""value"":24545.65,""since_minute_bucket_ist"":"""",""last_updated_ist"":""2026-08-07 12:14:00""}"
2026-08-07 00:00:00,2026-08-07 12:14:00,179,NIFTY,VOL_EXPANSION,ON,MED,0.0024,Volatility expanding (straddle up),"{""dedupe_key"":""NIFTY|VOL_EXPANSION|ON|2026-08-07 12:14"",""threshold"":0.02,""value"":0.0024,""since_minute_bucket_ist"":"""",""last_updated_ist"":""2026-08-07 12:14:00""}"
2026-08-07 00:00:00,2026-08-07 12:15:00,180,NIFTY,REGIME_RANGE_PIN,OFF,LOW,0.0001,Range / pin (inside local walls),"{""dedupe_key"":""NIFTY|REGIME_RANGE_PIN|OFF|2026-08-07 12:15"",""threshold"":0.001,""value"":0.0001,""since_minute_bucket_ist"":""2026-08-07 11:54"",""last_updated_ist"":""2026-08-07 12:15:00""}"
2026-08-07 00:00:00,2026-08-07 12:15:00,180,NIFTY,REGIME_TRANSITION_UNCERTAIN,ON,LOW,1,Transition/uncertain regime,"{""dedupe_key"":""NIFTY|REGIME_TRANSITION_UNCERTAIN|ON|2026-08-07 12:15"",""threshold"":1,""value"":1,""since_minute_bucket_ist"":"""",""last_updated_ist"":""2026-08-07 12:15:00""}"
2026-08-07 00:00:00,2026-08-07 12:15:00,180,NIFTY,PIN_BASIC,ON,LOW,37.5,Spot near a local wall (pin zone),"{""dedupe_key"":""NIFTY|PIN_BASIC|ON|2026-08-07 12:15"",""threshold"":37.5,""value"":37.5,""since_minute_bucket_ist"":"""",""last_updated_ist"":""2026-08-07 12:15:00""}"
2026-08-07 00:00:00,2026-08-07 12:15:00,180,NIFTY,PIN_BREAKOUT_SETUP,ON,MED,-8.700000000000728,Pin breakout setup (wall touch + aligned flow),"{""dedupe_key"":""NIFTY|PIN_BREAKOUT_SETUP|ON|2026-08-07 12:15"",""threshold"":0,""value"":-8.700000000000728,""since_minute_bucket_ist"":"""",""last_updated_ist"":""2026-08-07 12:15:00""}"
2026-08-07 00:00:00,2026-08-07 12:15:00,180,NIFTY,EXP_RANGE_BREAKOUT_CONFIRMED_DOWN,ON,HIGH,2,Expected-range breakout CONFIRMED DOWN,"{""dedupe_key"":""NIFTY|EXP_RANGE_BREAKOUT_CONFIRMED_DOWN|ON|2026-08-07 12:15"",""threshold"":2,""value"":2,""since_minute_bucket_ist"":"""",""last_updated_ist"":""2026-08-07 12:15:00""}"
2026-08-07 00:00:00,2026-08-07 12:15:00,180,NIFTY,VOL_EXPANSION,OFF,MED,-0.0022,Volatility expanding (straddle up),"{""dedupe_key"":""NIFTY|VOL_EXPANSION|OFF|2026-08-07 12:15"",""threshold"":0.02,""value"":-0.0022,""since_minute_bucket_ist"":""2026-08-07 12:14"",""last_updated_ist"":""2026-08-07 12:15:00""}"
2026-08-07 00:00:00,2026-08-07 12:15:00,180,NIFTY,VOL_CONTRACTION,ON,LOW,-0.0022,Volatility contracting (straddle down),"{""dedupe_key"":""NIFTY|VOL_CONTRACTION|ON|2026-08-07 12:15"",""threshold"":-0.03,""value"":-0.0022,""since_minute_bucket_ist"":"""",""last_updated_ist"":""2026-08-07 12:15:00""}"
2026-08-07 00:00:00,2026-08-07 12:15:00,180,NIFTY,OPTION_MOMENTUM_PUT,ON,MED,2.3,ATM PUT momentum (ltp up + vol up),"{""dedupe_key"":""NIFTY|OPTION_MOMENTUM_PUT|ON|2026-08-07 12:15"",""threshold"":1.5,""value"":2.3,""since_minute_bucket_ist"":"""",""last_updated_ist"":""2026-08-07 12:15:00""}"
2026-08-07 00:00:00,2026-08-07 12:15:00,180,NIFTY,WALL_UNWIND_CONFIRM_DOWN,ON,MED,-0.0108,Put wall OI unwinding (5m),"{""dedupe_key"":""NIFTY|WALL_UNWIND_CONFIRM_DOWN|ON|2026-08-07 12:15"",""threshold"":-0.006,""value"":-0.0108,""since_minute_bucket_ist"":"""",""last_updated_ist"":""2026-08-07 12:15:00""}"
2026-08-07 00:00:00,2026-08-07 12:15:00,180,NIFTY,CHURN_COMMITTED,ON,MED,-0.0004,Price move + aligned flow (committed),"{""dedupe_key"":""NIFTY|CHURN_COMMITTED|ON|2026-08-07 12:15"",""threshold"":0.0001,""value"":-0.0004,""since_minute_bucket_ist"":"""",""last_updated_ist"":""2026-08-07 12:15:00""}"
2026-08-07 00:00:00,2026-08-07 12:15:00,180,NIFTY,WALL_PRESSURE_BREAK_SETUP,ON,MED,-8.700000000000728,Pressure building into a wall (break setup),"{""dedupe_key"":""NIFTY|WALL_PRESSURE_BREAK_SETUP|ON|2026-08-07 12:15"",""threshold"":0,""value"":-8.700000000000728,""since_minute_bucket_ist"":"""",""last_updated_ist"":""2026-08-07 12:15:00""}"
2026-08-07 00:00:00,2026-08-07 12:16:00,181,NIFTY,TRADE_LIMIT_REACHED,ON,MED,7,Cooldown active (2m),"{""dedupe_key"":""NIFTY|TRADE_LIMIT_REACHED|ON|2026-08-07 12:16"",""threshold"":500,""value"":7,""since_minute_bucket_ist"":"""",""last_updated_ist"":""2026-08-07 12:16:00""}"
2026-08-07 00:00:00,2026-08-07 12:16:00,181,NIFTY,FLOW_BEARISH_BUILD,OFF,HIGH,0,Bearish build (premium-confirmed writing / resistance),"{""dedupe_key"":""NIFTY|FLOW_BEARISH_BUILD|OFF|2026-08-07 12:16"",""threshold"":0.005,""value"":0,""since_minute_bucket_ist"":""2026-08-07 12:14"",""last_updated_ist"":""2026-08-07 12:16:00""}"
2026-08-07 00:00:00,2026-08-07 12:16:00,181,NIFTY,PIN_BREAKOUT_SETUP,OFF,MED,0,Pin breakout setup (wall touch + aligned flow),"{""dedupe_key"":""NIFTY|PIN_BREAKOUT_SETUP|OFF|2026-08-07 12:16"",""threshold"":0,""value"":0,""since_minute_bucket_ist"":""2026-08-07 12:15"",""last_updated_ist"":""2026-08-07 12:16:00""}"
2026-08-07 00:00:00,2026-08-07 12:16:00,181,NIFTY,OPTION_MOMENTUM_PUT,OFF,MED,0,ATM PUT momentum (ltp up + vol up),"{""dedupe_key"":""NIFTY|OPTION_MOMENTUM_PUT|OFF|2026-08-07 12:16"",""threshold"":1.5,""value"":0,""since_minute_bucket_ist"":""2026-08-07 12:15"",""last_updated_ist"":""2026-08-07 12:16:00""}"
2026-08-07 00:00:00,2026-08-07 12:16:00,181,NIFTY,CHURN_COMMITTED,OFF,MED,0,Price move + aligned flow (committed),"{""dedupe_key"":""NIFTY|CHURN_COMMITTED|OFF|2026-08-07 12:16"",""threshold"":0.0001,""value"":0,""since_minute_bucket_ist"":""2026-08-07 12:15"",""last_updated_ist"":""2026-08-07 12:16:00""}"
2026-08-07 00:00:00,2026-08-07 12:16:00,181,NIFTY,WALL_PRESSURE_BREAK_SETUP,OFF,MED,0,Pressure building into a wall (break setup),"{""dedupe_key"":""NIFTY|WALL_PRESSURE_BREAK_SETUP|OFF|2026-08-07 12:16"",""threshold"":0,""value"":0,""since_minute_bucket_ist"":""2026-08-07 12:15"",""last_updated_ist"":""2026-08-07 12:16:00""}"
2026-08-07 00:00:00,2026-08-07 12:17:00,182,NIFTY,FLOW_BEARISH_BUILD,ON,HIGH,0.0087,Bearish build (premium-confirmed writing / resistance),"{""dedupe_key"":""NIFTY|FLOW_BEARISH_BUILD|ON|2026-08-07 12:17"",""threshold"":0.005,""value"":0.0087,""since_minute_bucket_ist"":"""",""last_updated_ist"":""2026-08-07 12:17:00""}"
2026-08-07 00:00:00,2026-08-07 12:17:00,182,NIFTY,PIN_BREAKOUT_SETUP,ON,MED,-3.100000000002183,Pin breakout setup (wall touch + aligned flow),"{""dedupe_key"":""NIFTY|PIN_BREAKOUT_SETUP|ON|2026-08-07 12:17"",""threshold"":0,""value"":-3.100000000002183,""since_minute_bucket_ist"":"""",""last_updated_ist"":""2026-08-07 12:17:00""}"
2026-08-07 00:00:00,2026-08-07 12:17:00,182,NIFTY,OPTION_MOMENTUM_PUT,ON,MED,2.05,ATM PUT momentum (ltp up + vol up),"{""dedupe_key"":""NIFTY|OPTION_MOMENTUM_PUT|ON|2026-08-07 12:17"",""threshold"":1.5,""value"":2.05,""since_minute_bucket_ist"":"""",""last_updated_ist"":""2026-08-07 12:17:00""}"
2026-08-07 00:00:00,2026-08-07 12:17:00,182,NIFTY,WALL_UNWIND_CONFIRM_DOWN,OFF,MED,0.0032,Put wall OI unwinding (5m),"{""dedupe_key"":""NIFTY|WALL_UNWIND_CONFIRM_DOWN|OFF|2026-08-07 12:17"",""threshold"":-0.006,""value"":0.0032,""since_minute_bucket_ist"":""2026-08-07 12:15"",""last_updated_ist"":""2026-08-07 12:17:00""}"
2026-08-07 00:00:00,2026-08-07 12:17:00,182,NIFTY,CHURN_COMMITTED,ON,MED,-0.0001,Price move + aligned flow (committed),"{""dedupe_key"":""NIFTY|CHURN_COMMITTED|ON|2026-08-07 12:17"",""threshold"":0.0001,""value"":-0.0001,""since_minute_bucket_ist"":"""",""last_updated_ist"":""2026-08-07 12:17:00""}"
2026-08-07 00:00:00,2026-08-07 12:17:00,182,NIFTY,STEALTH_BUILD_BEAR,ON,MED,0.0087,"Stealth bearish build (calls build, spot flat)","{""dedupe_key"":""NIFTY|STEALTH_BUILD_BEAR|ON|2026-08-07 12:17"",""threshold"":0.008,""value"":0.0087,""since_minute_bucket_ist"":"""",""last_updated_ist"":""2026-08-07 12:17:00""}"
2026-08-07 00:00:00,2026-08-07 12:17:00,182,NIFTY,WALL_PRESSURE_BREAK_SETUP,ON,MED,-3.100000000002183,Pressure building into a wall (break setup),"{""dedupe_key"":""NIFTY|WALL_PRESSURE_BREAK_SETUP|ON|2026-08-07 12:17"",""threshold"":0,""value"":-3.100000000002183,""since_minute_bucket_ist"":"""",""last_updated_ist"":""2026-08-07 12:17:00""}"
2026-08-07 00:00:00,2026-08-07 12:18:00,183,NIFTY,TRADE_LIMIT_REACHED,OFF,MED,7,Cooldown active (2m),"{""dedupe_key"":""NIFTY|TRADE_LIMIT_REACHED|OFF|2026-08-07 12:18"",""threshold"":500,""value"":7,""since_minute_bucket_ist"":""2026-08-07 12:16"",""last_updated_ist"":""2026-08-07 12:18:00""}"
2026-08-07 00:00:00,2026-08-07 12:18:00,183,NIFTY,FLOW_BEARISH_BUILD,OFF,HIGH,0.0038,Bearish build (premium-confirmed writing / resistance),"{""dedupe_key"":""NIFTY|FLOW_BEARISH_BUILD|OFF|2026-08-07 12:18"",""threshold"":0.005,""value"":0.0038,""since_minute_bucket_ist"":""2026-08-07 12:17"",""last_updated_ist"":""2026-08-07 12:18:00""}"
2026-08-07 00:00:00,2026-08-07 12:18:00,183,NIFTY,REGIME_RANGE_PIN,ON,LOW,0.0001,Range / pin (inside local walls),"{""dedupe_key"":""NIFTY|REGIME_RANGE_PIN|ON|2026-08-07 12:18"",""threshold"":0.001,""value"":0.0001,""since_minute_bucket_ist"":"""",""last_updated_ist"":""2026-08-07 12:18:00""}"
2026-08-07 00:00:00,2026-08-07 12:18:00,183,NIFTY,REGIME_TRANSITION_UNCERTAIN,OFF,LOW,1,Transition/uncertain regime,"{""dedupe_key"":""NIFTY|REGIME_TRANSITION_UNCERTAIN|OFF|2026-08-07 12:18"",""threshold"":1,""value"":1,""since_minute_bucket_ist"":""2026-08-07 12:15"",""last_updated_ist"":""2026-08-07 12:18:00""}"
2026-08-07 00:00:00,2026-08-07 12:18:00,183,NIFTY,PIN_BASIC,OFF,LOW,37.5,Spot near a local wall (pin zone),"{""dedupe_key"":""NIFTY|PIN_BASIC|OFF|2026-08-07 12:18"",""threshold"":37.5,""value"":37.5,""since_minute_bucket_ist"":""2026-08-07 12:15"",""last_updated_ist"":""2026-08-07 12:18:00""}"
2026-08-07 00:00:00,2026-08-07 12:18:00,183,NIFTY,PIN_BREAKOUT_SETUP,OFF,MED,4.150000000001455,Pin breakout setup (wall touch + aligned flow),"{""dedupe_key"":""NIFTY|PIN_BREAKOUT_SETUP|OFF|2026-08-07 12:18"",""threshold"":0,""value"":4.150000000001455,""since_minute_bucket_ist"":""2026-08-07 12:17"",""last_updated_ist"":""2026-08-07 12:18:00""}"
2026-08-07 00:00:00,2026-08-07 12:18:00,183,NIFTY,EXP_RANGE_BREAKOUT_WATCH_DOWN,OFF,MED,24538,Expected-range watch DOWN,"{""dedupe_key"":""NIFTY|EXP_RANGE_BREAKOUT_WATCH_DOWN|OFF|2026-08-07 12:18"",""threshold"":24536.34,""value"":24538,""since_minute_bucket_ist"":""2026-08-07 12:14"",""last_updated_ist"":""2026-08-07 12:18:00""}"
2026-08-07 00:00:00,2026-08-07 12:18:00,183,NIFTY,EXP_RANGE_BREAKOUT_CONFIRMED_DOWN,OFF,HIGH,0,Expected-range breakout CONFIRMED DOWN,"{""dedupe_key"":""NIFTY|EXP_RANGE_BREAKOUT_CONFIRMED_DOWN|OFF|2026-08-07 12:18"",""threshold"":2,""value"":0,""since_minute_bucket_ist"":""2026-08-07 12:15"",""last_updated_ist"":""2026-08-07 12:18:00""}"
2026-08-07 00:00:00,2026-08-07 12:18:00,183,NIFTY,OPTION_MOMENTUM_CALL,ON,MED,2.45,ATM CALL momentum (ltp up + vol up),"{""dedupe_key"":""NIFTY|OPTION_MOMENTUM_CALL|ON|2026-08-07 12:18"",""threshold"":1.5,""value"":2.45,""since_minute_bucket_ist"":"""",""last_updated_ist"":""2026-08-07 12:18:00""}"
2026-08-07 00:00:00,2026-08-07 12:18:00,183,NIFTY,OPTION_MOMENTUM_PUT,OFF,MED,-3.05,ATM PUT momentum (ltp up + vol up),"{""dedupe_key"":""NIFTY|OPTION_MOMENTUM_PUT|OFF|2026-08-07 12:18"",""threshold"":1.5,""value"":-3.05,""since_minute_bucket_ist"":""2026-08-07 12:17"",""last_updated_ist"":""2026-08-07 12:18:00""}"
2026-08-07 00:00:00,2026-08-07 12:18:00,183,NIFTY,CHURN_COMMITTED,OFF,MED,0.0002,Price move + aligned flow (committed),"{""dedupe_key"":""NIFTY|CHURN_COMMITTED|OFF|2026-08-07 12:18"",""threshold"":0.0001,""value"":0.0002,""since_minute_bucket_ist"":""2026-08-07 12:17"",""last_updated_ist"":""2026-08-07 12:18:00""}"
2026-08-07 00:00:00,2026-08-07 12:18:00,183,NIFTY,STEALTH_BUILD_BEAR,OFF,MED,0.0038,"Stealth bearish build (calls build, spot flat)","{""dedupe_key"":""NIFTY|STEALTH_BUILD_BEAR|OFF|2026-08-07 12:18"",""threshold"":0.008,""value"":0.0038,""since_minute_bucket_ist"":""2026-08-07 12:17"",""last_updated_ist"":""2026-08-07 12:18:00""}"
2026-08-07 00:00:00,2026-08-07 12:18:00,183,NIFTY,WALL_PRESSURE_BREAK_SETUP,OFF,MED,4.150000000001455,Pressure building into a wall (break setup),"{""dedupe_key"":""NIFTY|WALL_PRESSURE_BREAK_SETUP|OFF|2026-08-07 12:18"",""threshold"":0,""value"":4.150000000001455,""since_minute_bucket_ist"":""2026-08-07 12:17"",""last_updated_ist"":""2026-08-07 12:18:00""}"
2026-08-07 00:00:00,2026-08-07 12:19:00,184,NIFTY,FLOW_BEARISH_BUILD,ON,HIGH,0.0039,Bearish build (premium-confirmed writing / resistance),"{""dedupe_key"":""NIFTY|FLOW_BEARISH_BUILD|ON|2026-08-07 12:19"",""threshold"":0.005,""value"":0.0039,""since_minute_bucket_ist"":"""",""last_updated_ist"":""2026-08-07 12:19:00""}"
2026-08-07 00:00:00,2026-08-07 12:19:00,184,NIFTY,PIN_BASIC,ON,LOW,37.5,Spot near a local wall (pin zone),"{""dedupe_key"":""NIFTY|PIN_BASIC|ON|2026-08-07 12:19"",""threshold"":37.5,""value"":37.5,""since_minute_bucket_ist"":"""",""last_updated_ist"":""2026-08-07 12:19:00""}"
2026-08-07 00:00:00,2026-08-07 12:19:00,184,NIFTY,PIN_BREAKOUT_SETUP,ON,MED,-1.0499999999992724,Pin breakout setup (wall touch + aligned flow),"{""dedupe_key"":""NIFTY|PIN_BREAKOUT_SETUP|ON|2026-08-07 12:19"",""threshold"":0,""value"":-1.0499999999992724,""since_minute_bucket_ist"":"""",""last_updated_ist"":""2026-08-07 12:19:00""}"
2026-08-07 00:00:00,2026-08-07 12:19:00,184,NIFTY,OPTION_MOMENTUM_CALL,OFF,MED,-0.6,ATM CALL momentum (ltp up + vol up),"{""dedupe_key"":""NIFTY|OPTION_MOMENTUM_CALL|OFF|2026-08-07 12:19"",""threshold"":1.5,""value"":-0.6,""since_minute_bucket_ist"":""2026-08-07 12:18"",""last_updated_ist"":""2026-08-07 12:19:00""}"
2026-08-07 00:00:00,2026-08-07 12:19:00,184,NIFTY,WALL_PRESSURE_BREAK_SETUP,ON,MED,-1.0499999999992724,Pressure building into a wall (break setup),"{""dedupe_key"":""NIFTY|WALL_PRESSURE_BREAK_SETUP|ON|2026-08-07 12:19"",""threshold"":0,""value"":-1.0499999999992724,""since_minute_bucket_ist"":"""",""last_updated_ist"":""2026-08-07 12:19:00""}"
2026-08-07 00:00:00,2026-08-07 12:20:00,185,NIFTY,VOL_CONTRACTION,OFF,LOW,-0.0008,Volatility contracting (straddle down),"{""dedupe_key"":""NIFTY|VOL_CONTRACTION|OFF|2026-08-07 12:20"",""threshold"":-0.03,""value"":-0.0008,""since_minute_bucket_ist"":""2026-08-07 12:15"",""last_updated_ist"":""2026-08-07 12:20:00""}"
2026-08-07 00:00:00,2026-08-07 12:21:00,186,NIFTY,FLOW_BEARISH_BUILD,OFF,HIGH,0,Bearish build (premium-confirmed writing / resistance),"{""dedupe_key"":""NIFTY|FLOW_BEARISH_BUILD|OFF|2026-08-07 12:21"",""threshold"":0.005,""value"":0,""since_minute_bucket_ist"":""2026-08-07 12:19"",""last_updated_ist"":""2026-08-07 12:21:00""}"
2026-08-07 00:00:00,2026-08-07 12:21:00,186,NIFTY,PIN_BREAKOUT_SETUP,OFF,MED,0.9499999999970896,Pin breakout setup (wall touch + aligned flow),"{""dedupe_key"":""NIFTY|PIN_BREAKOUT_SETUP|OFF|2026-08-07 12:21"",""threshold"":0,""value"":0.9499999999970896,""since_minute_bucket_ist"":""2026-08-07 12:19"",""last_updated_ist"":""2026-08-07 12:21:00""}"
2026-08-07 00:00:00,2026-08-07 12:21:00,186,NIFTY,VOL_CONTRACTION,ON,LOW,-0.0037,Volatility contracting (straddle down),"{""dedupe_key"":""NIFTY|VOL_CONTRACTION|ON|2026-08-07 12:21"",""threshold"":-0.03,""value"":-0.0037,""since_minute_bucket_ist"":"""",""last_updated_ist"":""2026-08-07 12:21:00""}"
2026-08-07 00:00:00,2026-08-07 12:21:00,186,NIFTY,WALL_PRESSURE_BREAK_SETUP,OFF,MED,0.9499999999970896,Pressure building into a wall (break setup),"{""dedupe_key"":""NIFTY|WALL_PRESSURE_BREAK_SETUP|OFF|2026-08-07 12:21"",""threshold"":0,""value"":0.9499999999970896,""since_minute_bucket_ist"":""2026-08-07 12:19"",""last_updated_ist"":""2026-08-07 12:21:00""}"
2026-08-07 00:00:00,2026-08-07 12:22:00,187,NIFTY,PIN_BASIC,OFF,LOW,37.5,Spot near a local wall (pin zone),"{""dedupe_key"":""NIFTY|PIN_BASIC|OFF|2026-08-07 12:22"",""threshold"":37.5,""value"":37.5,""since_minute_bucket_ist"":""2026-08-07 12:19"",""last_updated_ist"":""2026-08-07 12:22:00""}"
2026-08-07 00:00:00,2026-08-07 12:22:00,187,NIFTY,OPTION_MOMENTUM_CALL,ON,MED,2.8,ATM CALL momentum (ltp up + vol up),"{""dedupe_key"":""NIFTY|OPTION_MOMENTUM_CALL|ON|2026-08-07 12:22"",""threshold"":1.5,""value"":2.8,""since_minute_bucket_ist"":"""",""last_updated_ist"":""2026-08-07 12:22:00""}"
2026-08-07 00:00:00,2026-08-07 12:22:00,187,NIFTY,WALL_UNWIND_CONFIRM_DOWN,ON,MED,-0.006,Put wall OI unwinding (5m),"{""dedupe_key"":""NIFTY|WALL_UNWIND_CONFIRM_DOWN|ON|2026-08-07 12:22"",""threshold"":-0.006,""value"":-0.006,""since_minute_bucket_ist"":"""",""last_updated_ist"":""2026-08-07 12:22:00""}"
2026-08-07 00:00:00,2026-08-07 12:23:00,188,NIFTY,FLOW_BEARISH_BUILD,ON,HIGH,0.0077,Bearish build (premium-confirmed writing / resistance),"{""dedupe_key"":""NIFTY|FLOW_BEARISH_BUILD|ON|2026-08-07 12:23"",""threshold"":0.005,""value"":0.0077,""since_minute_bucket_ist"":"""",""last_updated_ist"":""2026-08-07 12:23:00""}"
2026-08-07 00:00:00,2026-08-07 12:23:00,188,NIFTY,VOL_CONTRACTION,OFF,LOW,-0.0014,Volatility contracting (straddle down),"{""dedupe_key"":""NIFTY|VOL_CONTRACTION|OFF|2026-08-07 12:23"",""threshold"":-0.03,""value"":-0.0014,""since_minute_bucket_ist"":""2026-08-07 12:21"",""last_updated_ist"":""2026-08-07 12:23:00""}"
2026-08-07 00:00:00,2026-08-07 12:23:00,188,NIFTY,OPTION_MOMENTUM_CALL,OFF,MED,-0.7,ATM CALL momentum (ltp up + vol up),"{""dedupe_key"":""NIFTY|OPTION_MOMENTUM_CALL|OFF|2026-08-07 12:23"",""threshold"":1.5,""value"":-0.7,""since_minute_bucket_ist"":""2026-08-07 12:22"",""last_updated_ist"":""2026-08-07 12:23:00""}"
2026-08-07 00:00:00,2026-08-07 12:23:00,188,NIFTY,OPTION_MOMENTUM_PUT,ON,MED,1.75,ATM PUT momentum (ltp up + vol up),"{""dedupe_key"":""NIFTY|OPTION_MOMENTUM_PUT|ON|2026-08-07 12:23"",""threshold"":1.5,""value"":1.75,""since_minute_bucket_ist"":"""",""last_updated_ist"":""2026-08-07 12:23:00""}"
2026-08-07 00:00:00,2026-08-07 12:24:00,189,NIFTY,FLOW_BEARISH_BUILD,OFF,HIGH,0.0013,Bearish build (premium-confirmed writing / resistance),"{""dedupe_key"":""NIFTY|FLOW_BEARISH_BUILD|OFF|2026-08-07 12:24"",""threshold"":0.005,""value"":0.0013,""since_minute_bucket_ist"":""2026-08-07 12:23"",""last_updated_ist"":""2026-08-07 12:24:00""}"
2026-08-07 00:00:00,2026-08-07 12:24:00,189,NIFTY,WALL_UNWIND_CONFIRM_DOWN,OFF,MED,-0.0038,Put wall OI unwinding (5m),"{""dedupe_key"":""NIFTY|WALL_UNWIND_CONFIRM_DOWN|OFF|2026-08-07 12:24"",""threshold"":-0.006,""value"":-0.0038,""since_minute_bucket_ist"":""2026-08-07 12:22"",""last_updated_ist"":""2026-08-07 12:24:00""}"
2026-08-07 00:00:00,2026-08-07 12:25:00,190,NIFTY,OPTION_MOMENTUM_PUT,OFF,MED,0.65,ATM PUT momentum (ltp up + vol up),"{""dedupe_key"":""NIFTY|OPTION_MOMENTUM_PUT|OFF|2026-08-07 12:25"",""threshold"":1.5,""value"":0.65,""since_minute_bucket_ist"":""2026-08-07 12:23"",""last_updated_ist"":""2026-08-07 12:25:00""}"
2026-08-07 00:00:00,2026-08-07 12:26:00,191,NIFTY,FLOW_BULLISH_BUILD,ON,HIGH,0.0057,Bullish build (premium-confirmed writing / support),"{""dedupe_key"":""NIFTY|FLOW_BULLISH_BUILD|ON|2026-08-07 12:26"",""threshold"":0.005,""value"":0.0057,""since_minute_bucket_ist"":"""",""last_updated_ist"":""2026-08-07 12:26:00""}"
2026-08-07 00:00:00,2026-08-07 12:26:00,191,NIFTY,REGIME_RANGE_PIN,OFF,LOW,0.0002,Range / pin (inside local walls),"{""dedupe_key"":""NIFTY|REGIME_RANGE_PIN|OFF|2026-08-07 12:26"",""threshold"":0.001,""value"":0.0002,""since_minute_bucket_ist"":""2026-08-07 12:18"",""last_updated_ist"":""2026-08-07 12:26:00""}"
2026-08-07 00:00:00,2026-08-07 12:26:00,191,NIFTY,REGIME_TRANSITION_UNCERTAIN,ON,LOW,1,Transition/uncertain regime,"{""dedupe_key"":""NIFTY|REGIME_TRANSITION_UNCERTAIN|ON|2026-08-07 12:26"",""threshold"":1,""value"":1,""since_minute_bucket_ist"":"""",""last_updated_ist"":""2026-08-07 12:26:00""}"
2026-08-07 00:00:00,2026-08-07 12:26:00,191,NIFTY,EXP_RANGE_BREAKOUT_WATCH_UP,ON,MED,24552.6,Expected-range watch UP,"{""dedupe_key"":""NIFTY|EXP_RANGE_BREAKOUT_WATCH_UP|ON|2026-08-07 12:26"",""threshold"":24546.28,""value"":24552.6,""since_minute_bucket_ist"":"""",""last_updated_ist"":""2026-08-07 12:26:00""}"
2026-08-07 00:00:00,2026-08-07 12:26:00,191,NIFTY,VOL_CONTRACTION,ON,LOW,0.0014,Volatility contracting (straddle down),"{""dedupe_key"":""NIFTY|VOL_CONTRACTION|ON|2026-08-07 12:26"",""threshold"":-0.03,""value"":0.0014,""since_minute_bucket_ist"":"""",""last_updated_ist"":""2026-08-07 12:26:00""}"
2026-08-07 00:00:00,2026-08-07 12:26:00,191,NIFTY,OPTION_MOMENTUM_CALL,ON,MED,3.85,ATM CALL momentum (ltp up + vol up),"{""dedupe_key"":""NIFTY|OPTION_MOMENTUM_CALL|ON|2026-08-07 12:26"",""threshold"":1.5,""value"":3.85,""since_minute_bucket_ist"":"""",""last_updated_ist"":""2026-08-07 12:26:00""}"
2026-08-07 00:00:00,2026-08-07 12:26:00,191,NIFTY,CHURN_COMMITTED,ON,MED,0.0005,Price move + aligned flow (committed),"{""dedupe_key"":""NIFTY|CHURN_COMMITTED|ON|2026-08-07 12:26"",""threshold"":0.0001,""value"":0.0005,""since_minute_bucket_ist"":"""",""last_updated_ist"":""2026-08-07 12:26:00""}"
2026-08-07 00:00:00,2026-08-07 12:27:00,192,NIFTY,FLOW_BULLISH_BUILD,OFF,HIGH,-0.01,Bullish build (premium-confirmed writing / support),"{""dedupe_key"":""NIFTY|FLOW_BULLISH_BUILD|OFF|2026-08-07 12:27"",""threshold"":0.005,""value"":-0.01,""since_minute_bucket_ist"":""2026-08-07 12:26"",""last_updated_ist"":""2026-08-07 12:27:00""}"
2026-08-07 00:00:00,2026-08-07 12:27:00,192,NIFTY,REGIME_RANGE_PIN,ON,LOW,0.0002,Range / pin (inside local walls),"{""dedupe_key"":""NIFTY|REGIME_RANGE_PIN|ON|2026-08-07 12:27"",""threshold"":0.001,""value"":0.0002,""since_minute_bucket_ist"":"""",""last_updated_ist"":""2026-08-07 12:27:00""}"
2026-08-07 00:00:00,2026-08-07 12:27:00,192,NIFTY,REGIME_TRANSITION_UNCERTAIN,OFF,LOW,1,Transition/uncertain regime,"{""dedupe_key"":""NIFTY|REGIME_TRANSITION_UNCERTAIN|OFF|2026-08-07 12:27"",""threshold"":1,""value"":1,""since_minute_bucket_ist"":""2026-08-07 12:26"",""last_updated_ist"":""2026-08-07 12:27:00""}"
2026-08-07 00:00:00,2026-08-07 12:27:00,192,NIFTY,EXP_RANGE_BREAKOUT_CONFIRMED_UP,ON,HIGH,2,Expected-range breakout CONFIRMED UP,"{""dedupe_key"":""NIFTY|EXP_RANGE_BREAKOUT_CONFIRMED_UP|ON|2026-08-07 12:27"",""threshold"":2,""value"":2,""since_minute_bucket_ist"":"""",""last_updated_ist"":""2026-08-07 12:27:00""}"
2026-08-07 00:00:00,2026-08-07 12:27:00,192,NIFTY,CHURN_COMMITTED,OFF,MED,0.0001,Price move + aligned flow (committed),"{""dedupe_key"":""NIFTY|CHURN_COMMITTED|OFF|2026-08-07 12:27"",""threshold"":0.0001,""value"":0.0001,""since_minute_bucket_ist"":""2026-08-07 12:26"",""last_updated_ist"":""2026-08-07 12:27:00""}"
2026-08-07 00:00:00,2026-08-07 12:28:00,193,NIFTY,REGIME_RANGE_PIN,OFF,LOW,0.0002,Range / pin (inside local walls),"{""dedupe_key"":""NIFTY|REGIME_RANGE_PIN|OFF|2026-08-07 12:28"",""threshold"":0.001,""value"":0.0002,""since_minute_bucket_ist"":""2026-08-07 12:27"",""last_updated_ist"":""2026-08-07 12:28:00""}"
2026-08-07 00:00:00,2026-08-07 12:28:00,193,NIFTY,REGIME_TRANSITION_UNCERTAIN,ON,LOW,1,Transition/uncertain regime,"{""dedupe_key"":""NIFTY|REGIME_TRANSITION_UNCERTAIN|ON|2026-08-07 12:28"",""threshold"":1,""value"":1,""since_minute_bucket_ist"":"""",""last_updated_ist"":""2026-08-07 12:28:00""}"
2026-08-07 00:00:00,2026-08-07 12:28:00,193,NIFTY,OPTION_MOMENTUM_CALL,OFF,MED,-0.55,ATM CALL momentum (ltp up + vol up),"{""dedupe_key"":""NIFTY|OPTION_MOMENTUM_CALL|OFF|2026-08-07 12:28"",""threshold"":1.5,""value"":-0.55,""since_minute_bucket_ist"":""2026-08-07 12:26"",""last_updated_ist"":""2026-08-07 12:28:00""}"
2026-08-07 00:00:00,2026-08-07 12:29:00,194,NIFTY,REGIME_RANGE_PIN,ON,LOW,0.0002,Range / pin (inside local walls),"{""dedupe_key"":""NIFTY|REGIME_RANGE_PIN|ON|2026-08-07 12:29"",""threshold"":0.001,""value"":0.0002,""since_minute_bucket_ist"":"""",""last_updated_ist"":""2026-08-07 12:29:00""}"
2026-08-07 00:00:00,2026-08-07 12:29:00,194,NIFTY,REGIME_TRANSITION_UNCERTAIN,OFF,LOW,1,Transition/uncertain regime,"{""dedupe_key"":""NIFTY|REGIME_TRANSITION_UNCERTAIN|OFF|2026-08-07 12:29"",""threshold"":1,""value"":1,""since_minute_bucket_ist"":""2026-08-07 12:28"",""last_updated_ist"":""2026-08-07 12:29:00""}"
2026-08-07 00:00:00,2026-08-07 12:29:00,194,NIFTY,EXP_RANGE_BREAKOUT_WATCH_UP,OFF,MED,24551.4,Expected-range watch UP,"{""dedupe_key"":""NIFTY|EXP_RANGE_BREAKOUT_WATCH_UP|OFF|2026-08-07 12:29"",""threshold"":24554.42,""value"":24551.4,""since_minute_bucket_ist"":""2026-08-07 12:26"",""last_updated_ist"":""2026-08-07 12:29:00""}"
2026-08-07 00:00:00,2026-08-07 12:29:00,194,NIFTY,EXP_RANGE_BREAKOUT_CONFIRMED_UP,OFF,HIGH,0,Expected-range breakout CONFIRMED UP,"{""dedupe_key"":""NIFTY|EXP_RANGE_BREAKOUT_CONFIRMED_UP|OFF|2026-08-07 12:29"",""threshold"":2,""value"":0,""since_minute_bucket_ist"":""2026-08-07 12:27"",""last_updated_ist"":""2026-08-07 12:29:00""}"
2026-08-07 00:00:00,2026-08-07 12:29:00,194,NIFTY,VOL_CONTRACTION,OFF,LOW,-0.0059,Volatility contracting (straddle down),"{""dedupe_key"":""NIFTY|VOL_CONTRACTION|OFF|2026-08-07 12:29"",""threshold"":-0.03,""value"":-0.0059,""since_minute_bucket_ist"":""2026-08-07 12:26"",""last_updated_ist"":""2026-08-07 12:29:00""}"
2026-08-07 00:00:00,2026-08-07 12:29:00,194,NIFTY,WALL_UNWIND_CONFIRM_UP,ON,MED,-0.0069,Call wall OI unwinding (5m),"{""dedupe_key"":""NIFTY|WALL_UNWIND_CONFIRM_UP|ON|2026-08-07 12:29"",""threshold"":-0.006,""value"":-0.0069,""since_minute_bucket_ist"":"""",""last_updated_ist"":""2026-08-07 12:29:00""}"
2026-08-07 00:00:00,2026-08-07 12:30:00,195,NIFTY,VOL_CONTRACTION,ON,LOW,-0.0036,Volatility contracting (straddle down),"{""dedupe_key"":""NIFTY|VOL_CONTRACTION|ON|2026-08-07 12:30"",""threshold"":-0.03,""value"":-0.0036,""since_minute_bucket_ist"":"""",""last_updated_ist"":""2026-08-07 12:30:00""}"
2026-08-07 00:00:00,2026-08-07 12:31:00,196,NIFTY,VOL_CONTRACTION,OFF,LOW,0.0036,Volatility contracting (straddle down),"{""dedupe_key"":""NIFTY|VOL_CONTRACTION|OFF|2026-08-07 12:31"",""threshold"":-0.03,""value"":0.0036,""since_minute_bucket_ist"":""2026-08-07 12:30"",""last_updated_ist"":""2026-08-07 12:31:00""}"
2026-08-07 00:00:00,2026-08-07 12:31:00,196,NIFTY,WALL_UNWIND_CONFIRM_DOWN,ON,MED,-0.0102,Put wall OI unwinding (5m),"{""dedupe_key"":""NIFTY|WALL_UNWIND_CONFIRM_DOWN|ON|2026-08-07 12:31"",""threshold"":-0.006,""value"":-0.0102,""since_minute_bucket_ist"":"""",""last_updated_ist"":""2026-08-07 12:31:00""}"
2026-08-07 00:00:00,2026-08-07 12:32:00,197,NIFTY,FLOW_BULLISH_BUILD,ON,HIGH,0.0046,Bullish build (premium-confirmed writing / support),"{""dedupe_key"":""NIFTY|FLOW_BULLISH_BUILD|ON|2026-08-07 12:32"",""threshold"":0.005,""value"":0.0046,""since_minute_bucket_ist"":"""",""last_updated_ist"":""2026-08-07 12:32:00""}"
2026-08-07 00:00:00,2026-08-07 12:32:00,197,NIFTY,WALL_UNWIND_CONFIRM_DOWN,OFF,MED,0.0106,Put wall OI unwinding (5m),"{""dedupe_key"":""NIFTY|WALL_UNWIND_CONFIRM_DOWN|OFF|2026-08-07 12:32"",""threshold"":-0.006,""value"":0.0106,""since_minute_bucket_ist"":""2026-08-07 12:31"",""last_updated_ist"":""2026-08-07 12:32:00""}"
2026-08-07 00:00:00,2026-08-07 12:32:00,197,NIFTY,CHURN_COMMITTED,ON,MED,0.0002,Price move + aligned flow (committed),"{""dedupe_key"":""NIFTY|CHURN_COMMITTED|ON|2026-08-07 12:32"",""threshold"":0.0001,""value"":0.0002,""since_minute_bucket_ist"":"""",""last_updated_ist"":""2026-08-07 12:32:00""}"
2026-08-07 00:00:00,2026-08-07 12:33:00,198,NIFTY,FLOW_BULLISH_BUILD,OFF,HIGH,0.0054,Bullish build (premium-confirmed writing / support),"{""dedupe_key"":""NIFTY|FLOW_BULLISH_BUILD|OFF|2026-08-07 12:33"",""threshold"":0.005,""value"":0.0054,""since_minute_bucket_ist"":""2026-08-07 12:32"",""last_updated_ist"":""2026-08-07 12:33:00""}"
2026-08-07 00:00:00,2026-08-07 12:33:00,198,NIFTY,CHURN_COMMITTED,OFF,MED,0.0001,Price move + aligned flow (committed),"{""dedupe_key"":""NIFTY|CHURN_COMMITTED|OFF|2026-08-07 12:33"",""threshold"":0.0001,""value"":0.0001,""since_minute_bucket_ist"":""2026-08-07 12:32"",""last_updated_ist"":""2026-08-07 12:33:00""}"
2026-08-07 00:00:00,2026-08-07 12:34:00,199,NIFTY,EXP_RANGE_BREAKOUT_WATCH_UP,ON,MED,24558.1,Expected-range watch UP,"{""dedupe_key"":""NIFTY|EXP_RANGE_BREAKOUT_WATCH_UP|ON|2026-08-07 12:34"",""threshold"":24557.62,""value"":24558.1,""since_minute_bucket_ist"":"""",""last_updated_ist"":""2026-08-07 12:34:00""}"
2026-08-07 00:00:00,2026-08-07 12:34:00,199,NIFTY,VOL_CONTRACTION,ON,LOW,-0.001,Volatility contracting (straddle down),"{""dedupe_key"":""NIFTY|VOL_CONTRACTION|ON|2026-08-07 12:34"",""threshold"":-0.03,""value"":-0.001,""since_minute_bucket_ist"":"""",""last_updated_ist"":""2026-08-07 12:34:00""}"
2026-08-07 00:00:00,2026-08-07 12:34:00,199,NIFTY,OPTION_MOMENTUM_CALL,ON,MED,1.95,ATM CALL momentum (ltp up + vol up),"{""dedupe_key"":""NIFTY|OPTION_MOMENTUM_CALL|ON|2026-08-07 12:34"",""threshold"":1.5,""value"":1.95,""since_minute_bucket_ist"":"""",""last_updated_ist"":""2026-08-07 12:34:00""}"
2026-08-07 00:00:00,2026-08-07 12:34:00,199,NIFTY,WALL_UNWIND_CONFIRM_UP,OFF,MED,0.0021,Call wall OI unwinding (5m),"{""dedupe_key"":""NIFTY|WALL_UNWIND_CONFIRM_UP|OFF|2026-08-07 12:34"",""threshold"":-0.006,""value"":0.0021,""since_minute_bucket_ist"":""2026-08-07 12:29"",""last_updated_ist"":""2026-08-07 12:34:00""}"
2026-08-07 00:00:00,2026-08-07 12:35:00,200,NIFTY,EXP_RANGE_BREAKOUT_CONFIRMED_UP,ON,HIGH,2,Expected-range breakout CONFIRMED UP,"{""dedupe_key"":""NIFTY|EXP_RANGE_BREAKOUT_CONFIRMED_UP|ON|2026-08-07 12:35"",""threshold"":2,""value"":2,""since_minute_bucket_ist"":"""",""last_updated_ist"":""2026-08-07 12:35:00""}"
2026-08-07 00:00:00,2026-08-07 12:35:00,200,NIFTY,OPTION_MOMENTUM_CALL,OFF,MED,0.7,ATM CALL momentum (ltp up + vol up),"{""dedupe_key"":""NIFTY|OPTION_MOMENTUM_CALL|OFF|2026-08-07 12:35"",""threshold"":1.5,""value"":0.7,""since_minute_bucket_ist"":""2026-08-07 12:34"",""last_updated_ist"":""2026-08-07 12:35:00""}"
2026-08-07 00:00:00,2026-08-07 12:36:00,201,NIFTY,REGIME_RANGE_PIN,OFF,LOW,0.0002,Range / pin (inside local walls),"{""dedupe_key"":""NIFTY|REGIME_RANGE_PIN|OFF|2026-08-07 12:36"",""threshold"":0.001,""value"":0.0002,""since_minute_bucket_ist"":""2026-08-07 12:29"",""last_updated_ist"":""2026-08-07 12:36:00""}"
2026-08-07 00:00:00,2026-08-07 12:36:00,201,NIFTY,REGIME_TRANSITION_UNCERTAIN,ON,LOW,1,Transition/uncertain regime,"{""dedupe_key"":""NIFTY|REGIME_TRANSITION_UNCERTAIN|ON|2026-08-07 12:36"",""threshold"":1,""value"":1,""since_minute_bucket_ist"":"""",""last_updated_ist"":""2026-08-07 12:36:00""}"
2026-08-07 00:00:00,2026-08-07 12:36:00,201,NIFTY,EXP_RANGE_BREAKOUT_WATCH_UP,OFF,MED,24558.15,Expected-range watch UP,"{""dedupe_key"":""NIFTY|EXP_RANGE_BREAKOUT_WATCH_UP|OFF|2026-08-07 12:36"",""threshold"":24559.88,""value"":24558.15,""since_minute_bucket_ist"":""2026-08-07 12:34"",""last_updated_ist"":""2026-08-07 12:36:00""}"
2026-08-07 00:00:00,2026-08-07 12:36:00,201,NIFTY,EXP_RANGE_BREAKOUT_CONFIRMED_UP,OFF,HIGH,0,Expected-range breakout CONFIRMED UP,"{""dedupe_key"":""NIFTY|EXP_RANGE_BREAKOUT_CONFIRMED_UP|OFF|2026-08-07 12:36"",""threshold"":2,""value"":0,""since_minute_bucket_ist"":""2026-08-07 12:35"",""last_updated_ist"":""2026-08-07 12:36:00""}"
2026-08-07 00:00:00,2026-08-07 12:36:00,201,NIFTY,VOL_CONTRACTION,OFF,LOW,-0.0002,Volatility contracting (straddle down),"{""dedupe_key"":""NIFTY|VOL_CONTRACTION|OFF|2026-08-07 12:36"",""threshold"":-0.03,""value"":-0.0002,""since_minute_bucket_ist"":""2026-08-07 12:34"",""last_updated_ist"":""2026-08-07 12:36:00""}"
2026-08-07 00:00:00,2026-08-07 12:37:00,202,NIFTY,FLOW_BULLISH_BUILD,ON,HIGH,0.0046,Bullish build (premium-confirmed writing / support),"{""dedupe_key"":""NIFTY|FLOW_BULLISH_BUILD|ON|2026-08-07 12:37"",""threshold"":0.005,""value"":0.0046,""since_minute_bucket_ist"":"""",""last_updated_ist"":""2026-08-07 12:37:00""}"
2026-08-07 00:00:00,2026-08-07 12:37:00,202,NIFTY,REGIME_RANGE_PIN,ON,LOW,0.0002,Range / pin (inside local walls),"{""dedupe_key"":""NIFTY|REGIME_RANGE_PIN|ON|2026-08-07 12:37"",""threshold"":0.001,""value"":0.0002,""since_minute_bucket_ist"":"""",""last_updated_ist"":""2026-08-07 12:37:00""}"
2026-08-07 00:00:00,2026-08-07 12:37:00,202,NIFTY,REGIME_TRANSITION_UNCERTAIN,OFF,LOW,1,Transition/uncertain regime,"{""dedupe_key"":""NIFTY|REGIME_TRANSITION_UNCERTAIN|OFF|2026-08-07 12:37"",""threshold"":1,""value"":1,""since_minute_bucket_ist"":""2026-08-07 12:36"",""last_updated_ist"":""2026-08-07 12:37:00""}"
2026-08-07 00:00:00,2026-08-07 12:38:00,203,NIFTY,FLOW_BULLISH_BUILD,OFF,HIGH,0,Bullish build (premium-confirmed writing / support),"{""dedupe_key"":""NIFTY|FLOW_BULLISH_BUILD|OFF|2026-08-07 12:38"",""threshold"":0.005,""value"":0,""since_minute_bucket_ist"":""2026-08-07 12:37"",""last_updated_ist"":""2026-08-07 12:38:00""}"
2026-08-07 00:00:00,2026-08-07 12:39:00,204,NIFTY,FLOW_BULLISH_BUILD,ON,HIGH,0.004,Bullish build (premium-confirmed writing / support),"{""dedupe_key"":""NIFTY|FLOW_BULLISH_BUILD|ON|2026-08-07 12:39"",""threshold"":0.005,""value"":0.004,""since_minute_bucket_ist"":"""",""last_updated_ist"":""2026-08-07 12:39:00""}"
2026-08-07 00:00:00,2026-08-07 12:39:00,204,NIFTY,VOL_CONTRACTION,ON,LOW,-0.0016,Volatility contracting (straddle down),"{""dedupe_key"":""NIFTY|VOL_CONTRACTION|ON|2026-08-07 12:39"",""threshold"":-0.03,""value"":-0.0016,""since_minute_bucket_ist"":"""",""last_updated_ist"":""2026-08-07 12:39:00""}"
2026-08-07 00:00:00,2026-08-07 12:39:00,204,NIFTY,WALL_UNWIND_CONFIRM_UP,ON,MED,-0.0063,Call wall OI unwinding (5m),"{""dedupe_key"":""NIFTY|WALL_UNWIND_CONFIRM_UP|ON|2026-08-07 12:39"",""threshold"":-0.006,""value"":-0.0063,""since_minute_bucket_ist"":"""",""last_updated_ist"":""2026-08-07 12:39:00""}"
2026-08-07 00:00:00,2026-08-07 12:40:00,205,NIFTY,FLOW_BULLISH_BUILD,OFF,HIGH,-0.0012,Bullish build (premium-confirmed writing / support),"{""dedupe_key"":""NIFTY|FLOW_BULLISH_BUILD|OFF|2026-08-07 12:40"",""threshold"":0.005,""value"":-0.0012,""since_minute_bucket_ist"":""2026-08-07 12:39"",""last_updated_ist"":""2026-08-07 12:40:00""}"
2026-08-07 00:00:00,2026-08-07 12:42:00,207,NIFTY,VOL_CONTRACTION,OFF,LOW,-0.0042,Volatility contracting (straddle down),"{""dedupe_key"":""NIFTY|VOL_CONTRACTION|OFF|2026-08-07 12:42"",""threshold"":-0.03,""value"":-0.0042,""since_minute_bucket_ist"":""2026-08-07 12:39"",""last_updated_ist"":""2026-08-07 12:42:00""}"
2026-08-07 00:00:00,2026-08-07 12:43:00,208,NIFTY,FLOW_BULLISH_BUILD,ON,HIGH,0.0092,Bullish build (premium-confirmed writing / support),"{""dedupe_key"":""NIFTY|FLOW_BULLISH_BUILD|ON|2026-08-07 12:43"",""threshold"":0.005,""value"":0.0092,""since_minute_bucket_ist"":"""",""last_updated_ist"":""2026-08-07 12:43:00""}"
2026-08-07 00:00:00,2026-08-07 12:43:00,208,NIFTY,VOL_CONTRACTION,ON,LOW,-0.001,Volatility contracting (straddle down),"{""dedupe_key"":""NIFTY|VOL_CONTRACTION|ON|2026-08-07 12:43"",""threshold"":-0.03,""value"":-0.001,""since_minute_bucket_ist"":"""",""last_updated_ist"":""2026-08-07 12:43:00""}"
2026-08-07 00:00:00,2026-08-07 12:43:00,208,NIFTY,STEALTH_BUILD_BULL,ON,MED,0.0092,"Stealth bullish build (puts build, spot flat)","{""dedupe_key"":""NIFTY|STEALTH_BUILD_BULL|ON|2026-08-07 12:43"",""threshold"":0.008,""value"":0.0092,""since_minute_bucket_ist"":"""",""last_updated_ist"":""2026-08-07 12:43:00""}"
2026-08-07 00:00:00,2026-08-07 12:44:00,209,NIFTY,FLOW_BULLISH_BUILD,OFF,HIGH,-0.0032,Bullish build (premium-confirmed writing / support),"{""dedupe_key"":""NIFTY|FLOW_BULLISH_BUILD|OFF|2026-08-07 12:44"",""threshold"":0.005,""value"":-0.0032,""since_minute_bucket_ist"":""2026-08-07 12:43"",""last_updated_ist"":""2026-08-07 12:44:00""}"
2026-08-07 00:00:00,2026-08-07 12:44:00,209,NIFTY,STEALTH_BUILD_BULL,OFF,MED,-0.0032,"Stealth bullish build (puts build, spot flat)","{""dedupe_key"":""NIFTY|STEALTH_BUILD_BULL|OFF|2026-08-07 12:44"",""threshold"":0.008,""value"":-0.0032,""since_minute_bucket_ist"":""2026-08-07 12:43"",""last_updated_ist"":""2026-08-07 12:44:00""}"
2026-08-07 00:00:00,2026-08-07 12:46:00,211,NIFTY,FLOW_BULLISH_BUILD,ON,HIGH,0.0055,Bullish build (premium-confirmed writing / support),"{""dedupe_key"":""NIFTY|FLOW_BULLISH_BUILD|ON|2026-08-07 12:46"",""threshold"":0.005,""value"":0.0055,""since_minute_bucket_ist"":"""",""last_updated_ist"":""2026-08-07 12:46:00""}"
2026-08-07 00:00:00,2026-08-07 12:46:00,211,NIFTY,VOL_CONTRACTION,OFF,LOW,-0.0014,Volatility contracting (straddle down),"{""dedupe_key"":""NIFTY|VOL_CONTRACTION|OFF|2026-08-07 12:46"",""threshold"":-0.03,""value"":-0.0014,""since_minute_bucket_ist"":""2026-08-07 12:43"",""last_updated_ist"":""2026-08-07 12:46:00""}"
2026-08-07 00:00:00,2026-08-07 12:47:00,212,NIFTY,PIN_BASIC,ON,LOW,37.5,Spot near a local wall (pin zone),"{""dedupe_key"":""NIFTY|PIN_BASIC|ON|2026-08-07 12:47"",""threshold"":37.5,""value"":37.5,""since_minute_bucket_ist"":"""",""last_updated_ist"":""2026-08-07 12:47:00""}"
2026-08-07 00:00:00,2026-08-07 12:47:00,212,NIFTY,PIN_BREAKOUT_SETUP,ON,MED,9.30000000000291,Pin breakout setup (wall touch + aligned flow),"{""dedupe_key"":""NIFTY|PIN_BREAKOUT_SETUP|ON|2026-08-07 12:47"",""threshold"":0,""value"":9.30000000000291,""since_minute_bucket_ist"":"""",""last_updated_ist"":""2026-08-07 12:47:00""}"
2026-08-07 00:00:00,2026-08-07 12:47:00,212,NIFTY,EXP_RANGE_BREAKOUT_WATCH_UP,ON,MED,24568.4,Expected-range watch UP,"{""dedupe_key"":""NIFTY|EXP_RANGE_BREAKOUT_WATCH_UP|ON|2026-08-07 12:47"",""threshold"":24562.96,""value"":24568.4,""since_minute_bucket_ist"":"""",""last_updated_ist"":""2026-08-07 12:47:00""}"
2026-08-07 00:00:00,2026-08-07 12:47:00,212,NIFTY,VOL_CONTRACTION,ON,LOW,-0.003,Volatility contracting (straddle down),"{""dedupe_key"":""NIFTY|VOL_CONTRACTION|ON|2026-08-07 12:47"",""threshold"":-0.03,""value"":-0.003,""since_minute_bucket_ist"":"""",""last_updated_ist"":""2026-08-07 12:47:00""}"
2026-08-07 00:00:00,2026-08-07 12:47:00,212,NIFTY,OPTION_MOMENTUM_CALL,ON,MED,4.1,ATM CALL momentum (ltp up + vol up),"{""dedupe_key"":""NIFTY|OPTION_MOMENTUM_CALL|ON|2026-08-07 12:47"",""threshold"":1.5,""value"":4.1,""since_minute_bucket_ist"":"""",""last_updated_ist"":""2026-08-07 12:47:00""}"
2026-08-07 00:00:00,2026-08-07 12:47:00,212,NIFTY,CHURN_COMMITTED,ON,MED,0.0004,Price move + aligned flow (committed),"{""dedupe_key"":""NIFTY|CHURN_COMMITTED|ON|2026-08-07 12:47"",""threshold"":0.0001,""value"":0.0004,""since_minute_bucket_ist"":"""",""last_updated_ist"":""2026-08-07 12:47:00""}"
2026-08-07 00:00:00,2026-08-07 12:47:00,212,NIFTY,WALL_PRESSURE_BREAK_SETUP,ON,MED,9.30000000000291,Pressure building into a wall (break setup),"{""dedupe_key"":""NIFTY|WALL_PRESSURE_BREAK_SETUP|ON|2026-08-07 12:47"",""threshold"":0,""value"":9.30000000000291,""since_minute_bucket_ist"":"""",""last_updated_ist"":""2026-08-07 12:47:00""}"
2026-08-07 00:00:00,2026-08-07 12:48:00,213,NIFTY,TRADE_LIMIT_REACHED,ON,MED,8,Cooldown active (2m),"{""dedupe_key"":""NIFTY|TRADE_LIMIT_REACHED|ON|2026-08-07 12:48"",""threshold"":500,""value"":8,""since_minute_bucket_ist"":"""",""last_updated_ist"":""2026-08-07 12:48:00""}"
2026-08-07 00:00:00,2026-08-07 12:48:00,213,NIFTY,FLOW_BULLISH_BUILD,OFF,HIGH,-0.0099,Bullish build (premium-confirmed writing / support),"{""dedupe_key"":""NIFTY|FLOW_BULLISH_BUILD|OFF|2026-08-07 12:48"",""threshold"":0.005,""value"":-0.0099,""since_minute_bucket_ist"":""2026-08-07 12:46"",""last_updated_ist"":""2026-08-07 12:48:00""}"
2026-08-07 00:00:00,2026-08-07 12:48:00,213,NIFTY,PIN_BREAKOUT_SETUP,OFF,MED,-2.8000000000029104,Pin breakout setup (wall touch + aligned flow),"{""dedupe_key"":""NIFTY|PIN_BREAKOUT_SETUP|OFF|2026-08-07 12:48"",""threshold"":0,""value"":-2.8000000000029104,""since_minute_bucket_ist"":""2026-08-07 12:47"",""last_updated_ist"":""2026-08-07 12:48:00""}"
2026-08-07 00:00:00,2026-08-07 12:48:00,213,NIFTY,EXP_RANGE_BREAKOUT_CONFIRMED_UP,ON,HIGH,2,Expected-range breakout CONFIRMED UP,"{""dedupe_key"":""NIFTY|EXP_RANGE_BREAKOUT_CONFIRMED_UP|ON|2026-08-07 12:48"",""threshold"":2,""value"":2,""since_minute_bucket_ist"":"""",""last_updated_ist"":""2026-08-07 12:48:00""}"
2026-08-07 00:00:00,2026-08-07 12:48:00,213,NIFTY,OPTION_MOMENTUM_CALL,OFF,MED,0.5,ATM CALL momentum (ltp up + vol up),"{""dedupe_key"":""NIFTY|OPTION_MOMENTUM_CALL|OFF|2026-08-07 12:48"",""threshold"":1.5,""value"":0.5,""since_minute_bucket_ist"":""2026-08-07 12:47"",""last_updated_ist"":""2026-08-07 12:48:00""}"
2026-08-07 00:00:00,2026-08-07 12:48:00,213,NIFTY,WALL_UNWIND_CONFIRM_UP,OFF,MED,-0.0032,Call wall OI unwinding (5m),"{""dedupe_key"":""NIFTY|WALL_UNWIND_CONFIRM_UP|OFF|2026-08-07 12:48"",""threshold"":-0.006,""value"":-0.0032,""since_minute_bucket_ist"":""2026-08-07 12:39"",""last_updated_ist"":""2026-08-07 12:48:00""}"
2026-08-07 00:00:00,2026-08-07 12:48:00,213,NIFTY,CHURN_COMMITTED,OFF,MED,-0.0001,Price move + aligned flow (committed),"{""dedupe_key"":""NIFTY|CHURN_COMMITTED|OFF|2026-08-07 12:48"",""threshold"":0.0001,""value"":-0.0001,""since_minute_bucket_ist"":""2026-08-07 12:47"",""last_updated_ist"":""2026-08-07 12:48:00""}"
2026-08-07 00:00:00,2026-08-07 12:48:00,213,NIFTY,WALL_PRESSURE_BREAK_SETUP,OFF,MED,-2.8000000000029104,Pressure building into a wall (break setup),"{""dedupe_key"":""NIFTY|WALL_PRESSURE_BREAK_SETUP|OFF|2026-08-07 12:48"",""threshold"":0,""value"":-2.8000000000029104,""since_minute_bucket_ist"":""2026-08-07 12:47"",""last_updated_ist"":""2026-08-07 12:48:00""}"
2026-08-07 00:00:00,2026-08-07 12:49:00,214,NIFTY,FLOW_BEARISH_BUILD,ON,HIGH,0.0043,Bearish build (premium-confirmed writing / resistance),"{""dedupe_key"":""NIFTY|FLOW_BEARISH_BUILD|ON|2026-08-07 12:49"",""threshold"":0.005,""value"":0.0043,""since_minute_bucket_ist"":"""",""last_updated_ist"":""2026-08-07 12:49:00""}"
2026-08-07 00:00:00,2026-08-07 12:49:00,214,NIFTY,EXP_RANGE_BREAKOUT_WATCH_UP,OFF,MED,24564.65,Expected-range watch UP,"{""dedupe_key"":""NIFTY|EXP_RANGE_BREAKOUT_WATCH_UP|OFF|2026-08-07 12:49"",""threshold"":24565.25,""value"":24564.65,""since_minute_bucket_ist"":""2026-08-07 12:47"",""last_updated_ist"":""2026-08-07 12:49:00""}"
2026-08-07 00:00:00,2026-08-07 12:49:00,214,NIFTY,EXP_RANGE_BREAKOUT_CONFIRMED_UP,OFF,HIGH,0,Expected-range breakout CONFIRMED UP,"{""dedupe_key"":""NIFTY|EXP_RANGE_BREAKOUT_CONFIRMED_UP|OFF|2026-08-07 12:49"",""threshold"":2,""value"":0,""since_minute_bucket_ist"":""2026-08-07 12:48"",""last_updated_ist"":""2026-08-07 12:49:00""}"
2026-08-07 00:00:00,2026-08-07 12:49:00,214,NIFTY,VOL_CONTRACTION,OFF,LOW,0.0012,Volatility contracting (straddle down),"{""dedupe_key"":""NIFTY|VOL_CONTRACTION|OFF|2026-08-07 12:49"",""threshold"":-0.03,""value"":0.0012,""since_minute_bucket_ist"":""2026-08-07 12:47"",""last_updated_ist"":""2026-08-07 12:49:00""}"
2026-08-07 00:00:00,2026-08-07 12:49:00,214,NIFTY,OPTION_MOMENTUM_PUT,ON,MED,1.55,ATM PUT momentum (ltp up + vol up),"{""dedupe_key"":""NIFTY|OPTION_MOMENTUM_PUT|ON|2026-08-07 12:49"",""threshold"":1.5,""value"":1.55,""since_minute_bucket_ist"":"""",""last_updated_ist"":""2026-08-07 12:49:00""}"
2026-08-07 00:00:00,2026-08-07 12:49:00,214,NIFTY,BULL_TRAP,ON,HIGH,1,Bull trap: failed upside breakout + bearish flow,"{""dedupe_key"":""NIFTY|BULL_TRAP|ON|2026-08-07 12:49"",""threshold"":1,""value"":1,""since_minute_bucket_ist"":"""",""last_updated_ist"":""2026-08-07 12:49:00""}"
2026-08-07 00:00:00,2026-08-07 12:50:00,215,NIFTY,TRADE_LIMIT_REACHED,OFF,MED,8,Cooldown active (2m),"{""dedupe_key"":""NIFTY|TRADE_LIMIT_REACHED|OFF|2026-08-07 12:50"",""threshold"":500,""value"":8,""since_minute_bucket_ist"":""2026-08-07 12:48"",""last_updated_ist"":""2026-08-07 12:50:00""}"
2026-08-07 00:00:00,2026-08-07 12:50:00,215,NIFTY,FLOW_BEARISH_BUILD,OFF,HIGH,0.0001,Bearish build (premium-confirmed writing / resistance),"{""dedupe_key"":""NIFTY|FLOW_BEARISH_BUILD|OFF|2026-08-07 12:50"",""threshold"":0.005,""value"":0.0001,""since_minute_bucket_ist"":""2026-08-07 12:49"",""last_updated_ist"":""2026-08-07 12:50:00""}"
2026-08-07 00:00:00,2026-08-07 12:50:00,215,NIFTY,VOL_CONTRACTION,ON,LOW,-0.003,Volatility contracting (straddle down),"{""dedupe_key"":""NIFTY|VOL_CONTRACTION|ON|2026-08-07 12:50"",""threshold"":-0.03,""value"":-0.003,""since_minute_bucket_ist"":"""",""last_updated_ist"":""2026-08-07 12:50:00""}"
2026-08-07 00:00:00,2026-08-07 12:50:00,215,NIFTY,OPTION_MOMENTUM_PUT,OFF,MED,-0.65,ATM PUT momentum (ltp up + vol up),"{""dedupe_key"":""NIFTY|OPTION_MOMENTUM_PUT|OFF|2026-08-07 12:50"",""threshold"":1.5,""value"":-0.65,""since_minute_bucket_ist"":""2026-08-07 12:49"",""last_updated_ist"":""2026-08-07 12:50:00""}"
2026-08-07 00:00:00,2026-08-07 12:50:00,215,NIFTY,STEALTH_BUILD_BULL,ON,MED,0.008,"Stealth bullish build (puts build, spot flat)","{""dedupe_key"":""NIFTY|STEALTH_BUILD_BULL|ON|2026-08-07 12:50"",""threshold"":0.008,""value"":0.008,""since_minute_bucket_ist"":"""",""last_updated_ist"":""2026-08-07 12:50:00""}"
2026-08-07 00:00:00,2026-08-07 12:50:00,215,NIFTY,BULL_TRAP,OFF,HIGH,1,Bull trap: failed upside breakout + bearish flow,"{""dedupe_key"":""NIFTY|BULL_TRAP|OFF|2026-08-07 12:50"",""threshold"":1,""value"":1,""since_minute_bucket_ist"":""2026-08-07 12:49"",""last_updated_ist"":""2026-08-07 12:50:00""}"
2026-08-07 00:00:00,2026-08-07 12:51:00,216,NIFTY,VOL_CONTRACTION,OFF,LOW,0.0004,Volatility contracting (straddle down),"{""dedupe_key"":""NIFTY|VOL_CONTRACTION|OFF|2026-08-07 12:51"",""threshold"":-0.03,""value"":0.0004,""since_minute_bucket_ist"":""2026-08-07 12:50"",""last_updated_ist"":""2026-08-07 12:51:00""}"
2026-08-07 00:00:00,2026-08-07 12:51:00,216,NIFTY,STEALTH_BUILD_BULL,OFF,MED,0,"Stealth bullish build (puts build, spot flat)","{""dedupe_key"":""NIFTY|STEALTH_BUILD_BULL|OFF|2026-08-07 12:51"",""threshold"":0.008,""value"":0,""since_minute_bucket_ist"":""2026-08-07 12:50"",""last_updated_ist"":""2026-08-07 12:51:00""}"
2026-08-07 00:00:00,2026-08-07 12:52:00,217,NIFTY,FLOW_BULLISH_BUILD,ON,HIGH,0.001,Bullish build (premium-confirmed writing / support),"{""dedupe_key"":""NIFTY|FLOW_BULLISH_BUILD|ON|2026-08-07 12:52"",""threshold"":0.005,""value"":0.001,""since_minute_bucket_ist"":"""",""last_updated_ist"":""2026-08-07 12:52:00""}"
2026-08-07 00:00:00,2026-08-07 12:52:00,217,NIFTY,VOL_CONTRACTION,ON,LOW,-0.0028,Volatility contracting (straddle down),"{""dedupe_key"":""NIFTY|VOL_CONTRACTION|ON|2026-08-07 12:52"",""threshold"":-0.03,""value"":-0.0028,""since_minute_bucket_ist"":"""",""last_updated_ist"":""2026-08-07 12:52:00""}"
2026-08-07 00:00:00,2026-08-07 12:53:00,218,NIFTY,FLOW_BULLISH_BUILD,OFF,HIGH,0.0032,Bullish build (premium-confirmed writing / support),"{""dedupe_key"":""NIFTY|FLOW_BULLISH_BUILD|OFF|2026-08-07 12:53"",""threshold"":0.005,""value"":0.0032,""since_minute_bucket_ist"":""2026-08-07 12:52"",""last_updated_ist"":""2026-08-07 12:53:00""}"
2026-08-07 00:00:00,2026-08-07 12:53:00,218,NIFTY,PIN_BASIC,OFF,LOW,37.5,Spot near a local wall (pin zone),"{""dedupe_key"":""NIFTY|PIN_BASIC|OFF|2026-08-07 12:53"",""threshold"":37.5,""value"":37.5,""since_minute_bucket_ist"":""2026-08-07 12:47"",""last_updated_ist"":""2026-08-07 12:53:00""}"
2026-08-07 00:00:00,2026-08-07 12:53:00,218,NIFTY,VOL_CONTRACTION,OFF,LOW,-0.0026,Volatility contracting (straddle down),"{""dedupe_key"":""NIFTY|VOL_CONTRACTION|OFF|2026-08-07 12:53"",""threshold"":-0.03,""value"":-0.0026,""since_minute_bucket_ist"":""2026-08-07 12:52"",""last_updated_ist"":""2026-08-07 12:53:00""}"
2026-08-07 00:00:00,2026-08-07 12:53:00,218,NIFTY,OPTION_MOMENTUM_PUT,ON,MED,3.6,ATM PUT momentum (ltp up + vol up),"{""dedupe_key"":""NIFTY|OPTION_MOMENTUM_PUT|ON|2026-08-07 12:53"",""threshold"":1.5,""value"":3.6,""since_minute_bucket_ist"":"""",""last_updated_ist"":""2026-08-07 12:53:00""}"
2026-08-07 00:00:00,2026-08-07 12:53:00,218,NIFTY,WALL_UNWIND_CONFIRM_UP,ON,MED,-0.0071,Call wall OI unwinding (5m),"{""dedupe_key"":""NIFTY|WALL_UNWIND_CONFIRM_UP|ON|2026-08-07 12:53"",""threshold"":-0.006,""value"":-0.0071,""since_minute_bucket_ist"":"""",""last_updated_ist"":""2026-08-07 12:53:00""}"
2026-08-07 00:00:00,2026-08-07 12:54:00,219,NIFTY,VOL_CONTRACTION,ON,LOW,-0.0028,Volatility contracting (straddle down),"{""dedupe_key"":""NIFTY|VOL_CONTRACTION|ON|2026-08-07 12:54"",""threshold"":-0.03,""value"":-0.0028,""since_minute_bucket_ist"":"""",""last_updated_ist"":""2026-08-07 12:54:00""}"
2026-08-07 00:00:00,2026-08-07 12:54:00,219,NIFTY,OPTION_MOMENTUM_PUT,OFF,MED,1.15,ATM PUT momentum (ltp up + vol up),"{""dedupe_key"":""NIFTY|OPTION_MOMENTUM_PUT|OFF|2026-08-07 12:54"",""threshold"":1.5,""value"":1.15,""since_minute_bucket_ist"":""2026-08-07 12:53"",""last_updated_ist"":""2026-08-07 12:54:00""}"
2026-08-07 00:00:00,2026-08-07 12:55:00,220,NIFTY,FLOW_BEARISH_BUILD,ON,HIGH,0.0002,Bearish build (premium-confirmed writing / resistance),"{""dedupe_key"":""NIFTY|FLOW_BEARISH_BUILD|ON|2026-08-07 12:55"",""threshold"":0.005,""value"":0.0002,""since_minute_bucket_ist"":"""",""last_updated_ist"":""2026-08-07 12:55:00""}"
2026-08-07 00:00:00,2026-08-07 12:56:00,221,NIFTY,FLOW_BEARISH_BUILD,OFF,HIGH,0.0002,Bearish build (premium-confirmed writing / resistance),"{""dedupe_key"":""NIFTY|FLOW_BEARISH_BUILD|OFF|2026-08-07 12:56"",""threshold"":0.005,""value"":0.0002,""since_minute_bucket_ist"":""2026-08-07 12:55"",""last_updated_ist"":""2026-08-07 12:56:00""}"
2026-08-07 00:00:00,2026-08-07 12:56:00,221,NIFTY,OPTION_MOMENTUM_CALL,ON,MED,2.05,ATM CALL momentum (ltp up + vol up),"{""dedupe_key"":""NIFTY|OPTION_MOMENTUM_CALL|ON|2026-08-07 12:56"",""threshold"":1.5,""value"":2.05,""since_minute_bucket_ist"":"""",""last_updated_ist"":""2026-08-07 12:56:00""}"
2026-08-07 00:00:00,2026-08-07 12:57:00,222,NIFTY,EXP_RANGE_BREAKOUT_WATCH_DOWN,ON,MED,24555.6,Expected-range watch DOWN,"{""dedupe_key"":""NIFTY|EXP_RANGE_BREAKOUT_WATCH_DOWN|ON|2026-08-07 12:57"",""threshold"":24556.43,""value"":24555.6,""since_minute_bucket_ist"":"""",""last_updated_ist"":""2026-08-07 12:57:00""}"
2026-08-07 00:00:00,2026-08-07 12:57:00,222,NIFTY,OPTION_MOMENTUM_CALL,OFF,MED,-0.6,ATM CALL momentum (ltp up + vol up),"{""dedupe_key"":""NIFTY|OPTION_MOMENTUM_CALL|OFF|2026-08-07 12:57"",""threshold"":1.5,""value"":-0.6,""since_minute_bucket_ist"":""2026-08-07 12:56"",""last_updated_ist"":""2026-08-07 12:57:00""}"
2026-08-07 00:00:00,2026-08-07 12:58:00,223,NIFTY,EXP_RANGE_BREAKOUT_CONFIRMED_DOWN,ON,HIGH,2,Expected-range breakout CONFIRMED DOWN,"{""dedupe_key"":""NIFTY|EXP_RANGE_BREAKOUT_CONFIRMED_DOWN|ON|2026-08-07 12:58"",""threshold"":2,""value"":2,""since_minute_bucket_ist"":"""",""last_updated_ist"":""2026-08-07 12:58:00""}"
2026-08-07 00:00:00,2026-08-07 12:58:00,223,NIFTY,VOL_CONTRACTION,OFF,LOW,0.0016,Volatility contracting (straddle down),"{""dedupe_key"":""NIFTY|VOL_CONTRACTION|OFF|2026-08-07 12:58"",""threshold"":-0.03,""value"":0.0016,""since_minute_bucket_ist"":""2026-08-07 12:54"",""last_updated_ist"":""2026-08-07 12:58:00""}"
2026-08-07 00:00:00,2026-08-07 12:58:00,223,NIFTY,OPTION_MOMENTUM_PUT,ON,MED,1.85,ATM PUT momentum (ltp up + vol up),"{""dedupe_key"":""NIFTY|OPTION_MOMENTUM_PUT|ON|2026-08-07 12:58"",""threshold"":1.5,""value"":1.85,""since_minute_bucket_ist"":"""",""last_updated_ist"":""2026-08-07 12:58:00""}"
2026-08-07 00:00:00,2026-08-07 12:58:00,223,NIFTY,WALL_UNWIND_CONFIRM_UP,OFF,MED,0.0077,Call wall OI unwinding (5m),"{""dedupe_key"":""NIFTY|WALL_UNWIND_CONFIRM_UP|OFF|2026-08-07 12:58"",""threshold"":-0.006,""value"":0.0077,""since_minute_bucket_ist"":""2026-08-07 12:53"",""last_updated_ist"":""2026-08-07 12:58:00""}"
2026-08-07 00:00:00,2026-08-07 12:59:00,224,NIFTY,VOL_CONTRACTION,ON,LOW,0.0002,Volatility contracting (straddle down),"{""dedupe_key"":""NIFTY|VOL_CONTRACTION|ON|2026-08-07 12:59"",""threshold"":-0.03,""value"":0.0002,""since_minute_bucket_ist"":"""",""last_updated_ist"":""2026-08-07 12:59:00""}"
2026-08-07 00:00:00,2026-08-07 12:59:00,224,NIFTY,OPTION_MOMENTUM_PUT,OFF,MED,-0.15,ATM PUT momentum (ltp up + vol up),"{""dedupe_key"":""NIFTY|OPTION_MOMENTUM_PUT|OFF|2026-08-07 12:59"",""threshold"":1.5,""value"":-0.15,""since_minute_bucket_ist"":""2026-08-07 12:58"",""last_updated_ist"":""2026-08-07 12:59:00""}"
2026-08-07 00:00:00,2026-08-07 13:00:00,225,NIFTY,FLOW_BEARISH_BUILD,ON,HIGH,0.0022,Bearish build (premium-confirmed writing / resistance),"{""dedupe_key"":""NIFTY|FLOW_BEARISH_BUILD|ON|2026-08-07 13:00"",""threshold"":0.005,""value"":0.0022,""since_minute_bucket_ist"":"""",""last_updated_ist"":""2026-08-07 13:00:00""}"
2026-08-07 00:00:00,2026-08-07 13:00:00,225,NIFTY,EXP_RANGE_BREAKOUT_WATCH_DOWN,OFF,MED,24554.7,Expected-range watch DOWN,"{""dedupe_key"":""NIFTY|EXP_RANGE_BREAKOUT_WATCH_DOWN|OFF|2026-08-07 13:00"",""threshold"":24553.74,""value"":24554.7,""since_minute_bucket_ist"":""2026-08-07 12:57"",""last_updated_ist"":""2026-08-07 13:00:00""}"
2026-08-07 00:00:00,2026-08-07 13:00:00,225,NIFTY,EXP_RANGE_BREAKOUT_CONFIRMED_DOWN,OFF,HIGH,0,Expected-range breakout CONFIRMED DOWN,"{""dedupe_key"":""NIFTY|EXP_RANGE_BREAKOUT_CONFIRMED_DOWN|OFF|2026-08-07 13:00"",""threshold"":2,""value"":0,""since_minute_bucket_ist"":""2026-08-07 12:58"",""last_updated_ist"":""2026-08-07 13:00:00""}"
2026-08-07 00:00:00,2026-08-07 13:01:00,226,NIFTY,FLOW_BEARISH_BUILD,OFF,HIGH,0.0014,Bearish build (premium-confirmed writing / resistance),"{""dedupe_key"":""NIFTY|FLOW_BEARISH_BUILD|OFF|2026-08-07 13:01"",""threshold"":0.005,""value"":0.0014,""since_minute_bucket_ist"":""2026-08-07 13:00"",""last_updated_ist"":""2026-08-07 13:01:00""}"
2026-08-07 00:00:00,2026-08-07 13:01:00,226,NIFTY,EXP_RANGE_BREAKOUT_WATCH_DOWN,ON,MED,24552.65,Expected-range watch DOWN,"{""dedupe_key"":""NIFTY|EXP_RANGE_BREAKOUT_WATCH_DOWN|ON|2026-08-07 13:01"",""threshold"":24552.69,""value"":24552.65,""since_minute_bucket_ist"":"""",""last_updated_ist"":""2026-08-07 13:01:00""}"
2026-08-07 00:00:00,2026-08-07 13:01:00,226,NIFTY,VOL_CONTRACTION,OFF,LOW,-0.0002,Volatility contracting (straddle down),"{""dedupe_key"":""NIFTY|VOL_CONTRACTION|OFF|2026-08-07 13:01"",""threshold"":-0.03,""value"":-0.0002,""since_minute_bucket_ist"":""2026-08-07 12:59"",""last_updated_ist"":""2026-08-07 13:01:00""}"
2026-08-07 00:00:00,2026-08-07 13:02:00,227,NIFTY,FLOW_BEARISH_BUILD,ON,HIGH,0.0001,Bearish build (premium-confirmed writing / resistance),"{""dedupe_key"":""NIFTY|FLOW_BEARISH_BUILD|ON|2026-08-07 13:02"",""threshold"":0.005,""value"":0.0001,""since_minute_bucket_ist"":"""",""last_updated_ist"":""2026-08-07 13:02:00""}"
2026-08-07 00:00:00,2026-08-07 13:02:00,227,NIFTY,EXP_RANGE_BREAKOUT_WATCH_DOWN,OFF,MED,24553.1,Expected-range watch DOWN,"{""dedupe_key"":""NIFTY|EXP_RANGE_BREAKOUT_WATCH_DOWN|OFF|2026-08-07 13:02"",""threshold"":24552.09,""value"":24553.1,""since_minute_bucket_ist"":""2026-08-07 13:01"",""last_updated_ist"":""2026-08-07 13:02:00""}"
2026-08-07 00:00:00,2026-08-07 13:03:00,228,NIFTY,FLOW_BEARISH_BUILD,OFF,HIGH,0,Bearish build (premium-confirmed writing / resistance),"{""dedupe_key"":""NIFTY|FLOW_BEARISH_BUILD|OFF|2026-08-07 13:03"",""threshold"":0.005,""value"":0,""since_minute_bucket_ist"":""2026-08-07 13:02"",""last_updated_ist"":""2026-08-07 13:03:00""}"
2026-08-07 00:00:00,2026-08-07 13:04:00,229,NIFTY,FLOW_BEARISH_BUILD,ON,HIGH,0.0017,Bearish build (premium-confirmed writing / resistance),"{""dedupe_key"":""NIFTY|FLOW_BEARISH_BUILD|ON|2026-08-07 13:04"",""threshold"":0.005,""value"":0.0017,""since_minute_bucket_ist"":"""",""last_updated_ist"":""2026-08-07 13:04:00""}"
2026-08-07 00:00:00,2026-08-07 13:04:00,229,NIFTY,VOL_CONTRACTION,ON,LOW,-0.0018,Volatility contracting (straddle down),"{""dedupe_key"":""NIFTY|VOL_CONTRACTION|ON|2026-08-07 13:04"",""threshold"":-0.03,""value"":-0.0018,""since_minute_bucket_ist"":"""",""last_updated_ist"":""2026-08-07 13:04:00""}"
2026-08-07 00:00:00,2026-08-07 13:05:00,230,NIFTY,FLOW_BEARISH_BUILD,OFF,HIGH,0.0015,Bearish build (premium-confirmed writing / resistance),"{""dedupe_key"":""NIFTY|FLOW_BEARISH_BUILD|OFF|2026-08-07 13:05"",""threshold"":0.005,""value"":0.0015,""since_minute_bucket_ist"":""2026-08-07 13:04"",""last_updated_ist"":""2026-08-07 13:05:00""}"
2026-08-07 00:00:00,2026-08-07 13:05:00,230,NIFTY,EXP_RANGE_BREAKOUT_WATCH_UP,ON,MED,24559.15,Expected-range watch UP,"{""dedupe_key"":""NIFTY|EXP_RANGE_BREAKOUT_WATCH_UP|ON|2026-08-07 13:05"",""threshold"":24558.63,""value"":24559.15,""since_minute_bucket_ist"":"""",""last_updated_ist"":""2026-08-07 13:05:00""}"
2026-08-07 00:00:00,2026-08-07 13:05:00,230,NIFTY,OPTION_MOMENTUM_CALL,ON,MED,3.3,ATM CALL momentum (ltp up + vol up),"{""dedupe_key"":""NIFTY|OPTION_MOMENTUM_CALL|ON|2026-08-07 13:05"",""threshold"":1.5,""value"":3.3,""since_minute_bucket_ist"":"""",""last_updated_ist"":""2026-08-07 13:05:00""}"
2026-08-07 00:00:00,2026-08-07 13:06:00,231,NIFTY,PIN_BASIC,ON,LOW,37.5,Spot near a local wall (pin zone),"{""dedupe_key"":""NIFTY|PIN_BASIC|ON|2026-08-07 13:06"",""threshold"":37.5,""value"":37.5,""since_minute_bucket_ist"":"""",""last_updated_ist"":""2026-08-07 13:06:00""}"
2026-08-07 00:00:00,2026-08-07 13:06:00,231,NIFTY,EXP_RANGE_BREAKOUT_CONFIRMED_UP,ON,HIGH,2,Expected-range breakout CONFIRMED UP,"{""dedupe_key"":""NIFTY|EXP_RANGE_BREAKOUT_CONFIRMED_UP|ON|2026-08-07 13:06"",""threshold"":2,""value"":2,""since_minute_bucket_ist"":"""",""last_updated_ist"":""2026-08-07 13:06:00""}"
2026-08-07 00:00:00,2026-08-07 13:07:00,232,NIFTY,PIN_BASIC,OFF,LOW,37.5,Spot near a local wall (pin zone),"{""dedupe_key"":""NIFTY|PIN_BASIC|OFF|2026-08-07 13:07"",""threshold"":37.5,""value"":37.5,""since_minute_bucket_ist"":""2026-08-07 13:06"",""last_updated_ist"":""2026-08-07 13:07:00""}"
2026-08-07 00:00:00,2026-08-07 13:07:00,232,NIFTY,OPTION_MOMENTUM_CALL,OFF,MED,1.25,ATM CALL momentum (ltp up + vol up),"{""dedupe_key"":""NIFTY|OPTION_MOMENTUM_CALL|OFF|2026-08-07 13:07"",""threshold"":1.5,""value"":1.25,""since_minute_bucket_ist"":""2026-08-07 13:05"",""last_updated_ist"":""2026-08-07 13:07:00""}"
2026-08-07 00:00:00,2026-08-07 13:07:00,232,NIFTY,WALL_UNWIND_CONFIRM_DOWN,ON,MED,-0.0096,Put wall OI unwinding (5m),"{""dedupe_key"":""NIFTY|WALL_UNWIND_CONFIRM_DOWN|ON|2026-08-07 13:07"",""threshold"":-0.006,""value"":-0.0096,""since_minute_bucket_ist"":"""",""last_updated_ist"":""2026-08-07 13:07:00""}"
2026-08-07 00:00:00,2026-08-07 13:08:00,233,NIFTY,EXP_RANGE_BREAKOUT_WATCH_UP,OFF,MED,24559.4,Expected-range watch UP,"{""dedupe_key"":""NIFTY|EXP_RANGE_BREAKOUT_WATCH_UP|OFF|2026-08-07 13:08"",""threshold"":24560.83,""value"":24559.4,""since_minute_bucket_ist"":""2026-08-07 13:05"",""last_updated_ist"":""2026-08-07 13:08:00""}"
2026-08-07 00:00:00,2026-08-07 13:08:00,233,NIFTY,EXP_RANGE_BREAKOUT_CONFIRMED_UP,OFF,HIGH,0,Expected-range breakout CONFIRMED UP,"{""dedupe_key"":""NIFTY|EXP_RANGE_BREAKOUT_CONFIRMED_UP|OFF|2026-08-07 13:08"",""threshold"":2,""value"":0,""since_minute_bucket_ist"":""2026-08-07 13:06"",""last_updated_ist"":""2026-08-07 13:08:00""}"
2026-08-07 00:00:00,2026-08-07 13:08:00,233,NIFTY,VOL_CONTRACTION,OFF,LOW,-0.0022,Volatility contracting (straddle down),"{""dedupe_key"":""NIFTY|VOL_CONTRACTION|OFF|2026-08-07 13:08"",""threshold"":-0.03,""value"":-0.0022,""since_minute_bucket_ist"":""2026-08-07 13:04"",""last_updated_ist"":""2026-08-07 13:08:00""}"
2026-08-07 00:00:00,2026-08-07 13:08:00,233,NIFTY,OPTION_MOMENTUM_PUT,ON,MED,2.8,ATM PUT momentum (ltp up + vol up),"{""dedupe_key"":""NIFTY|OPTION_MOMENTUM_PUT|ON|2026-08-07 13:08"",""threshold"":1.5,""value"":2.8,""since_minute_bucket_ist"":"""",""last_updated_ist"":""2026-08-07 13:08:00""}"
2026-08-07 00:00:00,2026-08-07 13:09:00,234,NIFTY,VOL_CONTRACTION,ON,LOW,-0.0008,Volatility contracting (straddle down),"{""dedupe_key"":""NIFTY|VOL_CONTRACTION|ON|2026-08-07 13:09"",""threshold"":-0.03,""value"":-0.0008,""since_minute_bucket_ist"":"""",""last_updated_ist"":""2026-08-07 13:09:00""}"
2026-08-07 00:00:00,2026-08-07 13:09:00,234,NIFTY,OPTION_MOMENTUM_PUT,OFF,MED,-0.45,ATM PUT momentum (ltp up + vol up),"{""dedupe_key"":""NIFTY|OPTION_MOMENTUM_PUT|OFF|2026-08-07 13:09"",""threshold"":1.5,""value"":-0.45,""since_minute_bucket_ist"":""2026-08-07 13:08"",""last_updated_ist"":""2026-08-07 13:09:00""}"
2026-08-07 00:00:00,2026-08-07 13:10:00,235,NIFTY,OPTION_MOMENTUM_PUT,ON,MED,1.85,ATM PUT momentum (ltp up + vol up),"{""dedupe_key"":""NIFTY|OPTION_MOMENTUM_PUT|ON|2026-08-07 13:10"",""threshold"":1.5,""value"":1.85,""since_minute_bucket_ist"":"""",""last_updated_ist"":""2026-08-07 13:10:00""}"
2026-08-07 00:00:00,2026-08-07 13:10:00,235,NIFTY,WALL_UNWIND_CONFIRM_DOWN,OFF,MED,-0.0009,Put wall OI unwinding (5m),"{""dedupe_key"":""NIFTY|WALL_UNWIND_CONFIRM_DOWN|OFF|2026-08-07 13:10"",""threshold"":-0.006,""value"":-0.0009,""since_minute_bucket_ist"":""2026-08-07 13:07"",""last_updated_ist"":""2026-08-07 13:10:00""}"
2026-08-07 00:00:00,2026-08-07 13:11:00,236,NIFTY,OPTION_MOMENTUM_CALL,ON,MED,1.65,ATM CALL momentum (ltp up + vol up),"{""dedupe_key"":""NIFTY|OPTION_MOMENTUM_CALL|ON|2026-08-07 13:11"",""threshold"":1.5,""value"":1.65,""since_minute_bucket_ist"":"""",""last_updated_ist"":""2026-08-07 13:11:00""}"
2026-08-07 00:00:00,2026-08-07 13:11:00,236,NIFTY,OPTION_MOMENTUM_PUT,OFF,MED,-1.9,ATM PUT momentum (ltp up + vol up),"{""dedupe_key"":""NIFTY|OPTION_MOMENTUM_PUT|OFF|2026-08-07 13:11"",""threshold"":1.5,""value"":-1.9,""since_minute_bucket_ist"":""2026-08-07 13:10"",""last_updated_ist"":""2026-08-07 13:11:00""}"
2026-08-07 00:00:00,2026-08-07 13:12:00,237,NIFTY,VOL_CONTRACTION,OFF,LOW,-0.0032,Volatility contracting (straddle down),"{""dedupe_key"":""NIFTY|VOL_CONTRACTION|OFF|2026-08-07 13:12"",""threshold"":-0.03,""value"":-0.0032,""since_minute_bucket_ist"":""2026-08-07 13:09"",""last_updated_ist"":""2026-08-07 13:12:00""}"
2026-08-07 00:00:00,2026-08-07 13:12:00,237,NIFTY,OPTION_MOMENTUM_CALL,OFF,MED,1.2,ATM CALL momentum (ltp up + vol up),"{""dedupe_key"":""NIFTY|OPTION_MOMENTUM_CALL|OFF|2026-08-07 13:12"",""threshold"":1.5,""value"":1.2,""since_minute_bucket_ist"":""2026-08-07 13:11"",""last_updated_ist"":""2026-08-07 13:12:00""}"
2026-08-07 00:00:00,2026-08-07 13:13:00,238,NIFTY,VOL_CONTRACTION,ON,LOW,-0.0028,Volatility contracting (straddle down),"{""dedupe_key"":""NIFTY|VOL_CONTRACTION|ON|2026-08-07 13:13"",""threshold"":-0.03,""value"":-0.0028,""since_minute_bucket_ist"":"""",""last_updated_ist"":""2026-08-07 13:13:00""}"
2026-08-07 00:00:00,2026-08-07 13:13:00,238,NIFTY,OPTION_MOMENTUM_PUT,ON,MED,2.6,ATM PUT momentum (ltp up + vol up),"{""dedupe_key"":""NIFTY|OPTION_MOMENTUM_PUT|ON|2026-08-07 13:13"",""threshold"":1.5,""value"":2.6,""since_minute_bucket_ist"":"""",""last_updated_ist"":""2026-08-07 13:13:00""}"
2026-08-07 00:00:00,2026-08-07 13:14:00,239,NIFTY,OPTION_MOMENTUM_PUT,OFF,MED,0,ATM PUT momentum (ltp up + vol up),"{""dedupe_key"":""NIFTY|OPTION_MOMENTUM_PUT|OFF|2026-08-07 13:14"",""threshold"":1.5,""value"":0,""since_minute_bucket_ist"":""2026-08-07 13:13"",""last_updated_ist"":""2026-08-07 13:14:00""}"
2026-08-07 00:00:00,2026-08-07 13:15:00,240,NIFTY,FLOW_BEARISH_BUILD,ON,HIGH,0.0013,Bearish build (premium-confirmed writing / resistance),"{""dedupe_key"":""NIFTY|FLOW_BEARISH_BUILD|ON|2026-08-07 13:15"",""threshold"":0.005,""value"":0.0013,""since_minute_bucket_ist"":"""",""last_updated_ist"":""2026-08-07 13:15:00""}"
2026-08-07 00:00:00,2026-08-07 13:15:00,240,NIFTY,EXP_RANGE_BREAKOUT_WATCH_DOWN,ON,MED,24548.8,Expected-range watch DOWN,"{""dedupe_key"":""NIFTY|EXP_RANGE_BREAKOUT_WATCH_DOWN|ON|2026-08-07 13:15"",""threshold"":24552.81,""value"":24548.8,""since_minute_bucket_ist"":"""",""last_updated_ist"":""2026-08-07 13:15:00""}"
2026-08-07 00:00:00,2026-08-07 13:15:00,240,NIFTY,OPTION_MOMENTUM_PUT,ON,MED,1.75,ATM PUT momentum (ltp up + vol up),"{""dedupe_key"":""NIFTY|OPTION_MOMENTUM_PUT|ON|2026-08-07 13:15"",""threshold"":1.5,""value"":1.75,""since_minute_bucket_ist"":"""",""last_updated_ist"":""2026-08-07 13:15:00""}"
2026-08-07 00:00:00,2026-08-07 13:15:00,240,NIFTY,CHURN_COMMITTED,ON,MED,-0.0003,Price move + aligned flow (committed),"{""dedupe_key"":""NIFTY|CHURN_COMMITTED|ON|2026-08-07 13:15"",""threshold"":0.0001,""value"":-0.0003,""since_minute_bucket_ist"":"""",""last_updated_ist"":""2026-08-07 13:15:00""}"
2026-08-07 00:00:00,2026-08-07 13:16:00,241,NIFTY,FLOW_BEARISH_BUILD,OFF,HIGH,-0.003,Bearish build (premium-confirmed writing / resistance),"{""dedupe_key"":""NIFTY|FLOW_BEARISH_BUILD|OFF|2026-08-07 13:16"",""threshold"":0.005,""value"":-0.003,""since_minute_bucket_ist"":""2026-08-07 13:15"",""last_updated_ist"":""2026-08-07 13:16:00""}"
2026-08-07 00:00:00,2026-08-07 13:16:00,241,NIFTY,EXP_RANGE_BREAKOUT_WATCH_DOWN,OFF,MED,24557.6,Expected-range watch DOWN,"{""dedupe_key"":""NIFTY|EXP_RANGE_BREAKOUT_WATCH_DOWN|OFF|2026-08-07 13:16"",""threshold"":24553.51,""value"":24557.6,""since_minute_bucket_ist"":""2026-08-07 13:15"",""last_updated_ist"":""2026-08-07 13:16:00""}"
2026-08-07 00:00:00,2026-08-07 13:16:00,241,NIFTY,VOL_CONTRACTION,OFF,LOW,-0.0006,Volatility contracting (straddle down),"{""dedupe_key"":""NIFTY|VOL_CONTRACTION|OFF|2026-08-07 13:16"",""threshold"":-0.03,""value"":-0.0006,""since_minute_bucket_ist"":""2026-08-07 13:13"",""last_updated_ist"":""2026-08-07 13:16:00""}"
2026-08-07 00:00:00,2026-08-07 13:16:00,241,NIFTY,OPTION_MOMENTUM_CALL,ON,MED,1.6,ATM CALL momentum (ltp up + vol up),"{""dedupe_key"":""NIFTY|OPTION_MOMENTUM_CALL|ON|2026-08-07 13:16"",""threshold"":1.5,""value"":1.6,""since_minute_bucket_ist"":"""",""last_updated_ist"":""2026-08-07 13:16:00""}"
2026-08-07 00:00:00,2026-08-07 13:16:00,241,NIFTY,OPTION_MOMENTUM_PUT,OFF,MED,-0.95,ATM PUT momentum (ltp up + vol up),"{""dedupe_key"":""NIFTY|OPTION_MOMENTUM_PUT|OFF|2026-08-07 13:16"",""threshold"":1.5,""value"":-0.95,""since_minute_bucket_ist"":""2026-08-07 13:15"",""last_updated_ist"":""2026-08-07 13:16:00""}"
2026-08-07 00:00:00,2026-08-07 13:16:00,241,NIFTY,WALL_UNWIND_CONFIRM_DOWN,ON,MED,-0.0078,Put wall OI unwinding (5m),"{""dedupe_key"":""NIFTY|WALL_UNWIND_CONFIRM_DOWN|ON|2026-08-07 13:16"",""threshold"":-0.006,""value"":-0.0078,""since_minute_bucket_ist"":"""",""last_updated_ist"":""2026-08-07 13:16:00""}"
2026-08-07 00:00:00,2026-08-07 13:16:00,241,NIFTY,CHURN_COMMITTED,OFF,MED,0.0004,Price move + aligned flow (committed),"{""dedupe_key"":""NIFTY|CHURN_COMMITTED|OFF|2026-08-07 13:16"",""threshold"":0.0001,""value"":0.0004,""since_minute_bucket_ist"":""2026-08-07 13:15"",""last_updated_ist"":""2026-08-07 13:16:00""}"
2026-08-07 00:00:00,2026-08-07 13:17:00,242,NIFTY,OPTION_MOMENTUM_CALL,OFF,MED,1.3,ATM CALL momentum (ltp up + vol up),"{""dedupe_key"":""NIFTY|OPTION_MOMENTUM_CALL|OFF|2026-08-07 13:17"",""threshold"":1.5,""value"":1.3,""since_minute_bucket_ist"":""2026-08-07 13:16"",""last_updated_ist"":""2026-08-07 13:17:00""}"
2026-08-07 00:00:00,2026-08-07 13:19:00,244,NIFTY,FLOW_BEARISH_BUILD,ON,HIGH,0.0037,Bearish build (premium-confirmed writing / resistance),"{""dedupe_key"":""NIFTY|FLOW_BEARISH_BUILD|ON|2026-08-07 13:19"",""threshold"":0.005,""value"":0.0037,""since_minute_bucket_ist"":"""",""last_updated_ist"":""2026-08-07 13:19:00""}"
2026-08-07 00:00:00,2026-08-07 13:19:00,244,NIFTY,EXP_RANGE_BREAKOUT_WATCH_DOWN,ON,MED,24547.85,Expected-range watch DOWN,"{""dedupe_key"":""NIFTY|EXP_RANGE_BREAKOUT_WATCH_DOWN|ON|2026-08-07 13:19"",""threshold"":24550.36,""value"":24547.85,""since_minute_bucket_ist"":"""",""last_updated_ist"":""2026-08-07 13:19:00""}"
2026-08-07 00:00:00,2026-08-07 13:19:00,244,NIFTY,VOL_EXPANSION,ON,MED,0.0037,Volatility expanding (straddle up),"{""dedupe_key"":""NIFTY|VOL_EXPANSION|ON|2026-08-07 13:19"",""threshold"":0.02,""value"":0.0037,""since_minute_bucket_ist"":"""",""last_updated_ist"":""2026-08-07 13:19:00""}"
2026-08-07 00:00:00,2026-08-07 13:19:00,244,NIFTY,OPTION_MOMENTUM_PUT,ON,MED,5.1,ATM PUT momentum (ltp up + vol up),"{""dedupe_key"":""NIFTY|OPTION_MOMENTUM_PUT|ON|2026-08-07 13:19"",""threshold"":1.5,""value"":5.1,""since_minute_bucket_ist"":"""",""last_updated_ist"":""2026-08-07 13:19:00""}"
2026-08-07 00:00:00,2026-08-07 13:19:00,244,NIFTY,CHURN_COMMITTED,ON,MED,-0.0002,Price move + aligned flow (committed),"{""dedupe_key"":""NIFTY|CHURN_COMMITTED|ON|2026-08-07 13:19"",""threshold"":0.0001,""value"":-0.0002,""since_minute_bucket_ist"":"""",""last_updated_ist"":""2026-08-07 13:19:00""}"
2026-08-07 00:00:00,2026-08-07 13:20:00,245,NIFTY,EXP_RANGE_BREAKOUT_CONFIRMED_DOWN,ON,HIGH,2,Expected-range breakout CONFIRMED DOWN,"{""dedupe_key"":""NIFTY|EXP_RANGE_BREAKOUT_CONFIRMED_DOWN|ON|2026-08-07 13:20"",""threshold"":2,""value"":2,""since_minute_bucket_ist"":"""",""last_updated_ist"":""2026-08-07 13:20:00""}"
2026-08-07 00:00:00,2026-08-07 13:20:00,245,NIFTY,VOL_EXPANSION,OFF,MED,0.0002,Volatility expanding (straddle up),"{""dedupe_key"":""NIFTY|VOL_EXPANSION|OFF|2026-08-07 13:20"",""threshold"":0.02,""value"":0.0002,""since_minute_bucket_ist"":""2026-08-07 13:19"",""last_updated_ist"":""2026-08-07 13:20:00""}"
2026-08-07 00:00:00,2026-08-07 13:20:00,245,NIFTY,OPTION_MOMENTUM_PUT,OFF,MED,-0.7,ATM PUT momentum (ltp up + vol up),"{""dedupe_key"":""NIFTY|OPTION_MOMENTUM_PUT|OFF|2026-08-07 13:20"",""threshold"":1.5,""value"":-0.7,""since_minute_bucket_ist"":""2026-08-07 13:19"",""last_updated_ist"":""2026-08-07 13:20:00""}"
2026-08-07 00:00:00,2026-08-07 13:20:00,245,NIFTY,CHURN_COMMITTED,OFF,MED,0,Price move + aligned flow (committed),"{""dedupe_key"":""NIFTY|CHURN_COMMITTED|OFF|2026-08-07 13:20"",""threshold"":0.0001,""value"":0,""since_minute_bucket_ist"":""2026-08-07 13:19"",""last_updated_ist"":""2026-08-07 13:20:00""}"
2026-08-07 00:00:00,2026-08-07 13:21:00,246,NIFTY,FLOW_BEARISH_BUILD,OFF,HIGH,0,Bearish build (premium-confirmed writing / resistance),"{""dedupe_key"":""NIFTY|FLOW_BEARISH_BUILD|OFF|2026-08-07 13:21"",""threshold"":0.005,""value"":0,""since_minute_bucket_ist"":""2026-08-07 13:19"",""last_updated_ist"":""2026-08-07 13:21:00""}"
2026-08-07 00:00:00,2026-08-07 13:21:00,246,NIFTY,EXP_RANGE_BREAKOUT_WATCH_DOWN,OFF,MED,24553.75,Expected-range watch DOWN,"{""dedupe_key"":""NIFTY|EXP_RANGE_BREAKOUT_WATCH_DOWN|OFF|2026-08-07 13:21"",""threshold"":24548.9,""value"":24553.75,""since_minute_bucket_ist"":""2026-08-07 13:19"",""last_updated_ist"":""2026-08-07 13:21:00""}"
2026-08-07 00:00:00,2026-08-07 13:21:00,246,NIFTY,EXP_RANGE_BREAKOUT_CONFIRMED_DOWN,OFF,HIGH,0,Expected-range breakout CONFIRMED DOWN,"{""dedupe_key"":""NIFTY|EXP_RANGE_BREAKOUT_CONFIRMED_DOWN|OFF|2026-08-07 13:21"",""threshold"":2,""value"":0,""since_minute_bucket_ist"":""2026-08-07 13:20"",""last_updated_ist"":""2026-08-07 13:21:00""}"
2026-08-07 00:00:00,2026-08-07 13:22:00,247,NIFTY,VOL_EXPANSION,ON,MED,0.002,Volatility expanding (straddle up),"{""dedupe_key"":""NIFTY|VOL_EXPANSION|ON|2026-08-07 13:22"",""threshold"":0.02,""value"":0.002,""since_minute_bucket_ist"":"""",""last_updated_ist"":""2026-08-07 13:22:00""}"
2026-08-07 00:00:00,2026-08-07 13:23:00,248,NIFTY,PIN_BASIC,ON,LOW,37.5,Spot near a local wall (pin zone),"{""dedupe_key"":""NIFTY|PIN_BASIC|ON|2026-08-07 13:23"",""threshold"":37.5,""value"":37.5,""since_minute_bucket_ist"":"""",""last_updated_ist"":""2026-08-07 13:23:00""}"
2026-08-07 00:00:00,2026-08-07 13:23:00,248,NIFTY,EXP_RANGE_BREAKOUT_WATCH_UP,ON,MED,24562.95,Expected-range watch UP,"{""dedupe_key"":""NIFTY|EXP_RANGE_BREAKOUT_WATCH_UP|ON|2026-08-07 13:23"",""threshold"":24560.77,""value"":24562.95,""since_minute_bucket_ist"":"""",""last_updated_ist"":""2026-08-07 13:23:00""}"
2026-08-07 00:00:00,2026-08-07 13:23:00,248,NIFTY,VOL_EXPANSION,OFF,MED,-0.0002,Volatility expanding (straddle up),"{""dedupe_key"":""NIFTY|VOL_EXPANSION|OFF|2026-08-07 13:23"",""threshold"":0.02,""value"":-0.0002,""since_minute_bucket_ist"":""2026-08-07 13:22"",""last_updated_ist"":""2026-08-07 13:23:00""}"
2026-08-07 00:00:00,2026-08-07 13:23:00,248,NIFTY,OPTION_MOMENTUM_CALL,ON,MED,3.7,ATM CALL momentum (ltp up + vol up),"{""dedupe_key"":""NIFTY|OPTION_MOMENTUM_CALL|ON|2026-08-07 13:23"",""threshold"":1.5,""value"":3.7,""since_minute_bucket_ist"":"""",""last_updated_ist"":""2026-08-07 13:23:00""}"
2026-08-07 00:00:00,2026-08-07 13:24:00,249,NIFTY,FLOW_BULLISH_BUILD,ON,HIGH,0.0034,Bullish build (premium-confirmed writing / support),"{""dedupe_key"":""NIFTY|FLOW_BULLISH_BUILD|ON|2026-08-07 13:24"",""threshold"":0.005,""value"":0.0034,""since_minute_bucket_ist"":"""",""last_updated_ist"":""2026-08-07 13:24:00""}"
2026-08-07 00:00:00,2026-08-07 13:24:00,249,NIFTY,REGIME_RANGE_PIN,OFF,LOW,0.0002,Range / pin (inside local walls),"{""dedupe_key"":""NIFTY|REGIME_RANGE_PIN|OFF|2026-08-07 13:24"",""threshold"":0.001,""value"":0.0002,""since_minute_bucket_ist"":""2026-08-07 12:37"",""last_updated_ist"":""2026-08-07 13:24:00""}"
2026-08-07 00:00:00,2026-08-07 13:24:00,249,NIFTY,REGIME_TRANSITION_UNCERTAIN,ON,LOW,1,Transition/uncertain regime,"{""dedupe_key"":""NIFTY|REGIME_TRANSITION_UNCERTAIN|ON|2026-08-07 13:24"",""threshold"":1,""value"":1,""since_minute_bucket_ist"":"""",""last_updated_ist"":""2026-08-07 13:24:00""}"
2026-08-07 00:00:00,2026-08-07 13:24:00,249,NIFTY,PIN_BREAKOUT_SETUP,ON,MED,2.0499999999992724,Pin breakout setup (wall touch + aligned flow),"{""dedupe_key"":""NIFTY|PIN_BREAKOUT_SETUP|ON|2026-08-07 13:24"",""threshold"":0,""value"":2.0499999999992724,""since_minute_bucket_ist"":"""",""last_updated_ist"":""2026-08-07 13:24:00""}"
2026-08-07 00:00:00,2026-08-07 13:24:00,249,NIFTY,EXP_RANGE_BREAKOUT_CONFIRMED_UP,ON,HIGH,2,Expected-range breakout CONFIRMED UP,"{""dedupe_key"":""NIFTY|EXP_RANGE_BREAKOUT_CONFIRMED_UP|ON|2026-08-07 13:24"",""threshold"":2,""value"":2,""since_minute_bucket_ist"":"""",""last_updated_ist"":""2026-08-07 13:24:00""}"
2026-08-07 00:00:00,2026-08-07 13:24:00,249,NIFTY,VOL_EXPANSION,ON,MED,0.001,Volatility expanding (straddle up),"{""dedupe_key"":""NIFTY|VOL_EXPANSION|ON|2026-08-07 13:24"",""threshold"":0.02,""value"":0.001,""since_minute_bucket_ist"":"""",""last_updated_ist"":""2026-08-07 13:24:00""}"
2026-08-07 00:00:00,2026-08-07 13:24:00,249,NIFTY,WALL_UNWIND_CONFIRM_DOWN,OFF,MED,0.0044,Put wall OI unwinding (5m),"{""dedupe_key"":""NIFTY|WALL_UNWIND_CONFIRM_DOWN|OFF|2026-08-07 13:24"",""threshold"":-0.006,""value"":0.0044,""since_minute_bucket_ist"":""2026-08-07 13:16"",""last_updated_ist"":""2026-08-07 13:24:00""}"
2026-08-07 00:00:00,2026-08-07 13:24:00,249,NIFTY,WALL_PRESSURE_BREAK_SETUP,ON,MED,2.0499999999992724,Pressure building into a wall (break setup),"{""dedupe_key"":""NIFTY|WALL_PRESSURE_BREAK_SETUP|ON|2026-08-07 13:24"",""threshold"":0,""value"":2.0499999999992724,""since_minute_bucket_ist"":"""",""last_updated_ist"":""2026-08-07 13:24:00""}"
2026-08-07 00:00:00,2026-08-07 13:24:00,249,NIFTY,FOMO_BREAKOUT,ON,HIGH,1,FOMO breakout: breakout UP + bullish flow + vol expansion,"{""dedupe_key"":""NIFTY|FOMO_BREAKOUT|ON|2026-08-07 13:24"",""threshold"":1,""value"":1,""since_minute_bucket_ist"":"""",""last_updated_ist"":""2026-08-07 13:24:00""}"
2026-08-07 00:00:00,2026-08-07 13:25:00,250,NIFTY,TRADE_LIMIT_REACHED,ON,MED,9,Cooldown active (2m),"{""dedupe_key"":""NIFTY|TRADE_LIMIT_REACHED|ON|2026-08-07 13:25"",""threshold"":500,""value"":9,""since_minute_bucket_ist"":"""",""last_updated_ist"":""2026-08-07 13:25:00""}"
2026-08-07 00:00:00,2026-08-07 13:25:00,250,NIFTY,WALL_UNWIND_CONFIRM_UP,ON,MED,-0.0119,Call wall OI unwinding (5m),"{""dedupe_key"":""NIFTY|WALL_UNWIND_CONFIRM_UP|ON|2026-08-07 13:25"",""threshold"":-0.006,""value"":-0.0119,""since_minute_bucket_ist"":"""",""last_updated_ist"":""2026-08-07 13:25:00""}"
2026-08-07 00:00:00,2026-08-07 13:25:00,250,NIFTY,STEALTH_BUILD_BULL,ON,MED,0.0094,"Stealth bullish build (puts build, spot flat)","{""dedupe_key"":""NIFTY|STEALTH_BUILD_BULL|ON|2026-08-07 13:25"",""threshold"":0.008,""value"":0.0094,""since_minute_bucket_ist"":"""",""last_updated_ist"":""2026-08-07 13:25:00""}"
2026-08-07 00:00:00,2026-08-07 13:26:00,251,NIFTY,OPTION_MOMENTUM_CALL,OFF,MED,1.2,ATM CALL momentum (ltp up + vol up),"{""dedupe_key"":""NIFTY|OPTION_MOMENTUM_CALL|OFF|2026-08-07 13:26"",""threshold"":1.5,""value"":1.2,""since_minute_bucket_ist"":""2026-08-07 13:23"",""last_updated_ist"":""2026-08-07 13:26:00""}"
2026-08-07 00:00:00,2026-08-07 13:26:00,251,NIFTY,STEALTH_BUILD_BULL,OFF,MED,0.0009,"Stealth bullish build (puts build, spot flat)","{""dedupe_key"":""NIFTY|STEALTH_BUILD_BULL|OFF|2026-08-07 13:26"",""threshold"":0.008,""value"":0.0009,""since_minute_bucket_ist"":""2026-08-07 13:25"",""last_updated_ist"":""2026-08-07 13:26:00""}"
2026-08-07 00:00:00,2026-08-07 13:27:00,252,NIFTY,TRADE_LIMIT_REACHED,OFF,MED,9,Cooldown active (2m),"{""dedupe_key"":""NIFTY|TRADE_LIMIT_REACHED|OFF|2026-08-07 13:27"",""threshold"":500,""value"":9,""since_minute_bucket_ist"":""2026-08-07 13:25"",""last_updated_ist"":""2026-08-07 13:27:00""}"
2026-08-07 00:00:00,2026-08-07 13:27:00,252,NIFTY,FLOW_BULLISH_BUILD,OFF,HIGH,0,Bullish build (premium-confirmed writing / support),"{""dedupe_key"":""NIFTY|FLOW_BULLISH_BUILD|OFF|2026-08-07 13:27"",""threshold"":0.005,""value"":0,""since_minute_bucket_ist"":""2026-08-07 13:24"",""last_updated_ist"":""2026-08-07 13:27:00""}"
2026-08-07 00:00:00,2026-08-07 13:27:00,252,NIFTY,PIN_BREAKOUT_SETUP,OFF,MED,0,Pin breakout setup (wall touch + aligned flow),"{""dedupe_key"":""NIFTY|PIN_BREAKOUT_SETUP|OFF|2026-08-07 13:27"",""threshold"":0,""value"":0,""since_minute_bucket_ist"":""2026-08-07 13:24"",""last_updated_ist"":""2026-08-07 13:27:00""}"
2026-08-07 00:00:00,2026-08-07 13:27:00,252,NIFTY,EXP_RANGE_BREAKOUT_WATCH_UP,OFF,MED,24566.85,Expected-range watch UP,"{""dedupe_key"":""NIFTY|EXP_RANGE_BREAKOUT_WATCH_UP|OFF|2026-08-07 13:27"",""threshold"":24567.61,""value"":24566.85,""since_minute_bucket_ist"":""2026-08-07 13:23"",""last_updated_ist"":""2026-08-07 13:27:00""}"
2026-08-07 00:00:00,2026-08-07 13:27:00,252,NIFTY,EXP_RANGE_BREAKOUT_CONFIRMED_UP,OFF,HIGH,0,Expected-range breakout CONFIRMED UP,"{""dedupe_key"":""NIFTY|EXP_RANGE_BREAKOUT_CONFIRMED_UP|OFF|2026-08-07 13:27"",""threshold"":2,""value"":0,""since_minute_bucket_ist"":""2026-08-07 13:24"",""last_updated_ist"":""2026-08-07 13:27:00""}"
2026-08-07 00:00:00,2026-08-07 13:27:00,252,NIFTY,WALL_PRESSURE_BREAK_SETUP,OFF,MED,0,Pressure building into a wall (break setup),"{""dedupe_key"":""NIFTY|WALL_PRESSURE_BREAK_SETUP|OFF|2026-08-07 13:27"",""threshold"":0,""value"":0,""since_minute_bucket_ist"":""2026-08-07 13:24"",""last_updated_ist"":""2026-08-07 13:27:00""}"
2026-08-07 00:00:00,2026-08-07 13:27:00,252,NIFTY,FOMO_BREAKOUT,OFF,HIGH,1,FOMO breakout: breakout UP + bullish flow + vol expansion,"{""dedupe_key"":""NIFTY|FOMO_BREAKOUT|OFF|2026-08-07 13:27"",""threshold"":1,""value"":1,""since_minute_bucket_ist"":""2026-08-07 13:24"",""last_updated_ist"":""2026-08-07 13:27:00""}"
2026-08-07 00:00:00,2026-08-07 13:28:00,253,NIFTY,REGIME_RANGE_PIN,ON,LOW,0.0001,Range / pin (inside local walls),"{""dedupe_key"":""NIFTY|REGIME_RANGE_PIN|ON|2026-08-07 13:28"",""threshold"":0.001,""value"":0.0001,""since_minute_bucket_ist"":"""",""last_updated_ist"":""2026-08-07 13:28:00""}"
2026-08-07 00:00:00,2026-08-07 13:28:00,253,NIFTY,REGIME_TRANSITION_UNCERTAIN,OFF,LOW,1,Transition/uncertain regime,"{""dedupe_key"":""NIFTY|REGIME_TRANSITION_UNCERTAIN|OFF|2026-08-07 13:28"",""threshold"":1,""value"":1,""since_minute_bucket_ist"":""2026-08-07 13:24"",""last_updated_ist"":""2026-08-07 13:28:00""}"
2026-08-07 00:00:00,2026-08-07 13:29:00,254,NIFTY,FLOW_BULLISH_BUILD,ON,HIGH,0.0125,Bullish build (premium-confirmed writing / support),"{""dedupe_key"":""NIFTY|FLOW_BULLISH_BUILD|ON|2026-08-07 13:29"",""threshold"":0.005,""value"":0.0125,""since_minute_bucket_ist"":"""",""last_updated_ist"":""2026-08-07 13:29:00""}"
2026-08-07 00:00:00,2026-08-07 13:29:00,254,NIFTY,PIN_BREAKOUT_SETUP,ON,MED,2.599999999998545,Pin breakout setup (wall touch + aligned flow),"{""dedupe_key"":""NIFTY|PIN_BREAKOUT_SETUP|ON|2026-08-07 13:29"",""threshold"":0,""value"":2.599999999998545,""since_minute_bucket_ist"":"""",""last_updated_ist"":""2026-08-07 13:29:00""}"
2026-08-07 00:00:00,2026-08-07 13:29:00,254,NIFTY,VOL_EXPANSION,OFF,MED,-0.0002,Volatility expanding (straddle up),"{""dedupe_key"":""NIFTY|VOL_EXPANSION|OFF|2026-08-07 13:29"",""threshold"":0.02,""value"":-0.0002,""since_minute_bucket_ist"":""2026-08-07 13:24"",""last_updated_ist"":""2026-08-07 13:29:00""}"
2026-08-07 00:00:00,2026-08-07 13:29:00,254,NIFTY,CHURN_COMMITTED,ON,MED,0.0001,Price move + aligned flow (committed),"{""dedupe_key"":""NIFTY|CHURN_COMMITTED|ON|2026-08-07 13:29"",""threshold"":0.0001,""value"":0.0001,""since_minute_bucket_ist"":"""",""last_updated_ist"":""2026-08-07 13:29:00""}"
2026-08-07 00:00:00,2026-08-07 13:29:00,254,NIFTY,STEALTH_BUILD_BULL,ON,MED,0.0125,"Stealth bullish build (puts build, spot flat)","{""dedupe_key"":""NIFTY|STEALTH_BUILD_BULL|ON|2026-08-07 13:29"",""threshold"":0.008,""value"":0.0125,""since_minute_bucket_ist"":"""",""last_updated_ist"":""2026-08-07 13:29:00""}"
2026-08-07 00:00:00,2026-08-07 13:29:00,254,NIFTY,WALL_PRESSURE_BREAK_SETUP,ON,MED,2.599999999998545,Pressure building into a wall (break setup),"{""dedupe_key"":""NIFTY|WALL_PRESSURE_BREAK_SETUP|ON|2026-08-07 13:29"",""threshold"":0,""value"":2.599999999998545,""since_minute_bucket_ist"":"""",""last_updated_ist"":""2026-08-07 13:29:00""}"
2026-08-07 00:00:00,2026-08-07 13:30:00,255,NIFTY,FLOW_BULLISH_BUILD,OFF,HIGH,0,Bullish build (premium-confirmed writing / support),"{""dedupe_key"":""NIFTY|FLOW_BULLISH_BUILD|OFF|2026-08-07 13:30"",""threshold"":0.005,""value"":0,""since_minute_bucket_ist"":""2026-08-07 13:29"",""last_updated_ist"":""2026-08-07 13:30:00""}"
2026-08-07 00:00:00,2026-08-07 13:30:00,255,NIFTY,PIN_BREAKOUT_SETUP,OFF,MED,0,Pin breakout setup (wall touch + aligned flow),"{""dedupe_key"":""NIFTY|PIN_BREAKOUT_SETUP|OFF|2026-08-07 13:30"",""threshold"":0,""value"":0,""since_minute_bucket_ist"":""2026-08-07 13:29"",""last_updated_ist"":""2026-08-07 13:30:00""}"
2026-08-07 00:00:00,2026-08-07 13:30:00,255,NIFTY,CHURN_COMMITTED,OFF,MED,0,Price move + aligned flow (committed),"{""dedupe_key"":""NIFTY|CHURN_COMMITTED|OFF|2026-08-07 13:30"",""threshold"":0.0001,""value"":0,""since_minute_bucket_ist"":""2026-08-07 13:29"",""last_updated_ist"":""2026-08-07 13:30:00""}"
2026-08-07 00:00:00,2026-08-07 13:30:00,255,NIFTY,STEALTH_BUILD_BULL,OFF,MED,0,"Stealth bullish build (puts build, spot flat)","{""dedupe_key"":""NIFTY|STEALTH_BUILD_BULL|OFF|2026-08-07 13:30"",""threshold"":0.008,""value"":0,""since_minute_bucket_ist"":""2026-08-07 13:29"",""last_updated_ist"":""2026-08-07 13:30:00""}"
2026-08-07 00:00:00,2026-08-07 13:30:00,255,NIFTY,WALL_PRESSURE_BREAK_SETUP,OFF,MED,0,Pressure building into a wall (break setup),"{""dedupe_key"":""NIFTY|WALL_PRESSURE_BREAK_SETUP|OFF|2026-08-07 13:30"",""threshold"":0,""value"":0,""since_minute_bucket_ist"":""2026-08-07 13:29"",""last_updated_ist"":""2026-08-07 13:30:00""}"
2026-08-07 00:00:00,2026-08-07 13:31:00,256,NIFTY,PIN_BASIC,OFF,LOW,37.5,Spot near a local wall (pin zone),"{""dedupe_key"":""NIFTY|PIN_BASIC|OFF|2026-08-07 13:31"",""threshold"":37.5,""value"":37.5,""since_minute_bucket_ist"":""2026-08-07 13:23"",""last_updated_ist"":""2026-08-07 13:31:00""}"
2026-08-07 00:00:00,2026-08-07 13:31:00,256,NIFTY,OPTION_MOMENTUM_PUT,ON,MED,3.35,ATM PUT momentum (ltp up + vol up),"{""dedupe_key"":""NIFTY|OPTION_MOMENTUM_PUT|ON|2026-08-07 13:31"",""threshold"":1.5,""value"":3.35,""since_minute_bucket_ist"":"""",""last_updated_ist"":""2026-08-07 13:31:00""}"
2026-08-07 00:00:00,2026-08-07 13:32:00,257,NIFTY,REGIME_RANGE_PIN,OFF,LOW,0.0002,Range / pin (inside local walls),"{""dedupe_key"":""NIFTY|REGIME_RANGE_PIN|OFF|2026-08-07 13:32"",""threshold"":0.001,""value"":0.0002,""since_minute_bucket_ist"":""2026-08-07 13:28"",""last_updated_ist"":""2026-08-07 13:32:00""}"
2026-08-07 00:00:00,2026-08-07 13:32:00,257,NIFTY,REGIME_TRANSITION_UNCERTAIN,ON,LOW,1,Transition/uncertain regime,"{""dedupe_key"":""NIFTY|REGIME_TRANSITION_UNCERTAIN|ON|2026-08-07 13:32"",""threshold"":1,""value"":1,""since_minute_bucket_ist"":"""",""last_updated_ist"":""2026-08-07 13:32:00""}"
2026-08-07 00:00:00,2026-08-07 13:32:00,257,NIFTY,EXP_RANGE_BREAKOUT_WATCH_DOWN,ON,MED,24552.15,Expected-range watch DOWN,"{""dedupe_key"":""NIFTY|EXP_RANGE_BREAKOUT_WATCH_DOWN|ON|2026-08-07 13:32"",""threshold"":24554.1,""value"":24552.15,""since_minute_bucket_ist"":"""",""last_updated_ist"":""2026-08-07 13:32:00""}"
2026-08-07 00:00:00,2026-08-07 13:32:00,257,NIFTY,VOL_CONTRACTION,ON,LOW,-0.0145,Volatility contracting (straddle down),"{""dedupe_key"":""NIFTY|VOL_CONTRACTION|ON|2026-08-07 13:32"",""threshold"":-0.03,""value"":-0.0145,""since_minute_bucket_ist"":"""",""last_updated_ist"":""2026-08-07 13:32:00""}"
2026-08-07 00:00:00,2026-08-07 13:32:00,257,NIFTY,TAIL_RISK_SKEW_LOW,OFF,LOW,0.55,Tail-risk skew low (PCR_COI low),"{""dedupe_key"":""NIFTY|TAIL_RISK_SKEW_LOW|OFF|2026-08-07 13:32"",""threshold"":0.55,""value"":0.55,""since_minute_bucket_ist"":""2026-08-07 12:12"",""last_updated_ist"":""2026-08-07 13:32:00""}"
2026-08-07 00:00:00,2026-08-07 13:33:00,258,NIFTY,EXP_RANGE_BREAKOUT_CONFIRMED_DOWN,ON,HIGH,2,Expected-range breakout CONFIRMED DOWN,"{""dedupe_key"":""NIFTY|EXP_RANGE_BREAKOUT_CONFIRMED_DOWN|ON|2026-08-07 13:33"",""threshold"":2,""value"":2,""since_minute_bucket_ist"":"""",""last_updated_ist"":""2026-08-07 13:33:00""}"
2026-08-07 00:00:00,2026-08-07 13:33:00,258,NIFTY,OPTION_MOMENTUM_PUT,OFF,MED,0,ATM PUT momentum (ltp up + vol up),"{""dedupe_key"":""NIFTY|OPTION_MOMENTUM_PUT|OFF|2026-08-07 13:33"",""threshold"":1.5,""value"":0,""since_minute_bucket_ist"":""2026-08-07 13:31"",""last_updated_ist"":""2026-08-07 13:33:00""}"
2026-08-07 00:00:00,2026-08-07 13:34:00,259,NIFTY,OPTION_MOMENTUM_PUT,ON,MED,4.6,ATM PUT momentum (ltp up + vol up),"{""dedupe_key"":""NIFTY|OPTION_MOMENTUM_PUT|ON|2026-08-07 13:34"",""threshold"":1.5,""value"":4.6,""since_minute_bucket_ist"":"""",""last_updated_ist"":""2026-08-07 13:34:00""}"
2026-08-07 00:00:00,2026-08-07 13:34:00,259,NIFTY,WALL_UNWIND_CONFIRM_UP,OFF,MED,-0.0043,Call wall OI unwinding (5m),"{""dedupe_key"":""NIFTY|WALL_UNWIND_CONFIRM_UP|OFF|2026-08-07 13:34"",""threshold"":-0.006,""value"":-0.0043,""since_minute_bucket_ist"":""2026-08-07 13:25"",""last_updated_ist"":""2026-08-07 13:34:00""}"
2026-08-07 00:00:00,2026-08-07 13:34:00,259,NIFTY,WALL_UNWIND_CONFIRM_DOWN,ON,MED,-0.0127,Put wall OI unwinding (5m),"{""dedupe_key"":""NIFTY|WALL_UNWIND_CONFIRM_DOWN|ON|2026-08-07 13:34"",""threshold"":-0.006,""value"":-0.0127,""since_minute_bucket_ist"":"""",""last_updated_ist"":""2026-08-07 13:34:00""}"
2026-08-07 00:00:00,2026-08-07 13:34:00,259,NIFTY,TAIL_RISK_SKEW_LOW,ON,LOW,0.52,Tail-risk skew low (PCR_COI low),"{""dedupe_key"":""NIFTY|TAIL_RISK_SKEW_LOW|ON|2026-08-07 13:34"",""threshold"":0.55,""value"":0.52,""since_minute_bucket_ist"":"""",""last_updated_ist"":""2026-08-07 13:34:00""}"
2026-08-07 00:00:00,2026-08-07 13:35:00,260,NIFTY,VOL_CONTRACTION,OFF,LOW,-0.0065,Volatility contracting (straddle down),"{""dedupe_key"":""NIFTY|VOL_CONTRACTION|OFF|2026-08-07 13:35"",""threshold"":-0.03,""value"":-0.0065,""since_minute_bucket_ist"":""2026-08-07 13:32"",""last_updated_ist"":""2026-08-07 13:35:00""}"
2026-08-07 00:00:00,2026-08-07 13:35:00,260,NIFTY,OPTION_MOMENTUM_PUT,OFF,MED,0,ATM PUT momentum (ltp up + vol up),"{""dedupe_key"":""NIFTY|OPTION_MOMENTUM_PUT|OFF|2026-08-07 13:35"",""threshold"":1.5,""value"":0,""since_minute_bucket_ist"":""2026-08-07 13:34"",""last_updated_ist"":""2026-08-07 13:35:00""}"
2026-08-07 00:00:00,2026-08-07 13:36:00,261,NIFTY,REGIME_RANGE_PIN,ON,LOW,0.0002,Range / pin (inside local walls),"{""dedupe_key"":""NIFTY|REGIME_RANGE_PIN|ON|2026-08-07 13:36"",""threshold"":0.001,""value"":0.0002,""since_minute_bucket_ist"":"""",""last_updated_ist"":""2026-08-07 13:36:00""}"
2026-08-07 00:00:00,2026-08-07 13:36:00,261,NIFTY,REGIME_TRANSITION_UNCERTAIN,OFF,LOW,1,Transition/uncertain regime,"{""dedupe_key"":""NIFTY|REGIME_TRANSITION_UNCERTAIN|OFF|2026-08-07 13:36"",""threshold"":1,""value"":1,""since_minute_bucket_ist"":""2026-08-07 13:32"",""last_updated_ist"":""2026-08-07 13:36:00""}"
2026-08-07 00:00:00,2026-08-07 13:36:00,261,NIFTY,EXP_RANGE_BREAKOUT_WATCH_DOWN,OFF,MED,24548.05,Expected-range watch DOWN,"{""dedupe_key"":""NIFTY|EXP_RANGE_BREAKOUT_WATCH_DOWN|OFF|2026-08-07 13:36"",""threshold"":24546.52,""value"":24548.05,""since_minute_bucket_ist"":""2026-08-07 13:32"",""last_updated_ist"":""2026-08-07 13:36:00""}"
2026-08-07 00:00:00,2026-08-07 13:36:00,261,NIFTY,EXP_RANGE_BREAKOUT_CONFIRMED_DOWN,OFF,HIGH,0,Expected-range breakout CONFIRMED DOWN,"{""dedupe_key"":""NIFTY|EXP_RANGE_BREAKOUT_CONFIRMED_DOWN|OFF|2026-08-07 13:36"",""threshold"":2,""value"":0,""since_minute_bucket_ist"":""2026-08-07 13:33"",""last_updated_ist"":""2026-08-07 13:36:00""}"
2026-08-07 00:00:00,2026-08-07 13:37:00,262,NIFTY,OPTION_MOMENTUM_CALL,ON,MED,2.55,ATM CALL momentum (ltp up + vol up),"{""dedupe_key"":""NIFTY|OPTION_MOMENTUM_CALL|ON|2026-08-07 13:37"",""threshold"":1.5,""value"":2.55,""since_minute_bucket_ist"":"""",""last_updated_ist"":""2026-08-07 13:37:00""}"
2026-08-07 00:00:00,2026-08-07 13:38:00,263,NIFTY,OPTION_MOMENTUM_CALL,OFF,MED,0,ATM CALL momentum (ltp up + vol up),"{""dedupe_key"":""NIFTY|OPTION_MOMENTUM_CALL|OFF|2026-08-07 13:38"",""threshold"":1.5,""value"":0,""since_minute_bucket_ist"":""2026-08-07 13:37"",""last_updated_ist"":""2026-08-07 13:38:00""}"
2026-08-07 00:00:00,2026-08-07 13:39:00,264,NIFTY,FLOW_BEARISH_BUILD,ON,HIGH,0.0086,Bearish build (premium-confirmed writing / resistance),"{""dedupe_key"":""NIFTY|FLOW_BEARISH_BUILD|ON|2026-08-07 13:39"",""threshold"":0.005,""value"":0.0086,""since_minute_bucket_ist"":"""",""last_updated_ist"":""2026-08-07 13:39:00""}"
2026-08-07 00:00:00,2026-08-07 13:39:00,264,NIFTY,OPTION_MOMENTUM_PUT,ON,MED,4.1,ATM PUT momentum (ltp up + vol up),"{""dedupe_key"":""NIFTY|OPTION_MOMENTUM_PUT|ON|2026-08-07 13:39"",""threshold"":1.5,""value"":4.1,""since_minute_bucket_ist"":"""",""last_updated_ist"":""2026-08-07 13:39:00""}"
2026-08-07 00:00:00,2026-08-07 13:39:00,264,NIFTY,CHURN_COMMITTED,ON,MED,-0.0003,Price move + aligned flow (committed),"{""dedupe_key"":""NIFTY|CHURN_COMMITTED|ON|2026-08-07 13:39"",""threshold"":0.0001,""value"":-0.0003,""since_minute_bucket_ist"":"""",""last_updated_ist"":""2026-08-07 13:39:00""}"
2026-08-07 00:00:00,2026-08-07 13:39:00,264,NIFTY,STEALTH_BUILD_BEAR,ON,MED,0.0086,"Stealth bearish build (calls build, spot flat)","{""dedupe_key"":""NIFTY|STEALTH_BUILD_BEAR|ON|2026-08-07 13:39"",""threshold"":0.008,""value"":0.0086,""since_minute_bucket_ist"":"""",""last_updated_ist"":""2026-08-07 13:39:00""}"
2026-08-07 00:00:00,2026-08-07 13:40:00,265,NIFTY,FLOW_BEARISH_BUILD,OFF,HIGH,0,Bearish build (premium-confirmed writing / resistance),"{""dedupe_key"":""NIFTY|FLOW_BEARISH_BUILD|OFF|2026-08-07 13:40"",""threshold"":0.005,""value"":0,""since_minute_bucket_ist"":""2026-08-07 13:39"",""last_updated_ist"":""2026-08-07 13:40:00""}"
2026-08-07 00:00:00,2026-08-07 13:40:00,265,NIFTY,OPTION_MOMENTUM_PUT,OFF,MED,0,ATM PUT momentum (ltp up + vol up),"{""dedupe_key"":""NIFTY|OPTION_MOMENTUM_PUT|OFF|2026-08-07 13:40"",""threshold"":1.5,""value"":0,""since_minute_bucket_ist"":""2026-08-07 13:39"",""last_updated_ist"":""2026-08-07 13:40:00""}"
2026-08-07 00:00:00,2026-08-07 13:40:00,265,NIFTY,CHURN_COMMITTED,OFF,MED,0,Price move + aligned flow (committed),"{""dedupe_key"":""NIFTY|CHURN_COMMITTED|OFF|2026-08-07 13:40"",""threshold"":0.0001,""value"":0,""since_minute_bucket_ist"":""2026-08-07 13:39"",""last_updated_ist"":""2026-08-07 13:40:00""}"
2026-08-07 00:00:00,2026-08-07 13:40:00,265,NIFTY,STEALTH_BUILD_BEAR,OFF,MED,0,"Stealth bearish build (calls build, spot flat)","{""dedupe_key"":""NIFTY|STEALTH_BUILD_BEAR|OFF|2026-08-07 13:40"",""threshold"":0.008,""value"":0,""since_minute_bucket_ist"":""2026-08-07 13:39"",""last_updated_ist"":""2026-08-07 13:40:00""}"
2026-08-07 00:00:00,2026-08-07 13:41:00,266,NIFTY,VOL_EXPANSION,ON,MED,0.0022,Volatility expanding (straddle up),"{""dedupe_key"":""NIFTY|VOL_EXPANSION|ON|2026-08-07 13:41"",""threshold"":0.02,""value"":0.0022,""since_minute_bucket_ist"":"""",""last_updated_ist"":""2026-08-07 13:41:00""}"
2026-08-07 00:00:00,2026-08-07 13:42:00,267,NIFTY,FLOW_BEARISH_BUILD,ON,HIGH,0.0022,Bearish build (premium-confirmed writing / resistance),"{""dedupe_key"":""NIFTY|FLOW_BEARISH_BUILD|ON|2026-08-07 13:42"",""threshold"":0.005,""value"":0.0022,""since_minute_bucket_ist"":"""",""last_updated_ist"":""2026-08-07 13:42:00""}"
2026-08-07 00:00:00,2026-08-07 13:42:00,267,NIFTY,VOL_EXPANSION,OFF,MED,-0.0002,Volatility expanding (straddle up),"{""dedupe_key"":""NIFTY|VOL_EXPANSION|OFF|2026-08-07 13:42"",""threshold"":0.02,""value"":-0.0002,""since_minute_bucket_ist"":""2026-08-07 13:41"",""last_updated_ist"":""2026-08-07 13:42:00""}"
2026-08-07 00:00:00,2026-08-07 13:42:00,267,NIFTY,WALL_UNWIND_CONFIRM_DOWN,OFF,MED,-0.0046,Put wall OI unwinding (5m),"{""dedupe_key"":""NIFTY|WALL_UNWIND_CONFIRM_DOWN|OFF|2026-08-07 13:42"",""threshold"":-0.006,""value"":-0.0046,""since_minute_bucket_ist"":""2026-08-07 13:34"",""last_updated_ist"":""2026-08-07 13:42:00""}"
2026-08-07 00:00:00,2026-08-07 13:42:00,267,NIFTY,CHURN_COMMITTED,ON,MED,-0.0001,Price move + aligned flow (committed),"{""dedupe_key"":""NIFTY|CHURN_COMMITTED|ON|2026-08-07 13:42"",""threshold"":0.0001,""value"":-0.0001,""since_minute_bucket_ist"":"""",""last_updated_ist"":""2026-08-07 13:42:00""}"
2026-08-07 00:00:00,2026-08-07 13:43:00,268,NIFTY,VOL_EXPANSION,ON,MED,0.002,Volatility expanding (straddle up),"{""dedupe_key"":""NIFTY|VOL_EXPANSION|ON|2026-08-07 13:43"",""threshold"":0.02,""value"":0.002,""since_minute_bucket_ist"":"""",""last_updated_ist"":""2026-08-07 13:43:00""}"
2026-08-07 00:00:00,2026-08-07 13:43:00,268,NIFTY,CHURN_COMMITTED,OFF,MED,0,Price move + aligned flow (committed),"{""dedupe_key"":""NIFTY|CHURN_COMMITTED|OFF|2026-08-07 13:43"",""threshold"":0.0001,""value"":0,""since_minute_bucket_ist"":""2026-08-07 13:42"",""last_updated_ist"":""2026-08-07 13:43:00""}"
2026-08-07 00:00:00,2026-08-07 13:44:00,269,NIFTY,FLOW_BEARISH_BUILD,OFF,HIGH,0,Bearish build (premium-confirmed writing / resistance),"{""dedupe_key"":""NIFTY|FLOW_BEARISH_BUILD|OFF|2026-08-07 13:44"",""threshold"":0.005,""value"":0,""since_minute_bucket_ist"":""2026-08-07 13:42"",""last_updated_ist"":""2026-08-07 13:44:00""}"
2026-08-07 00:00:00,2026-08-07 13:45:00,270,NIFTY,FLOW_BEARISH_BUILD,ON,HIGH,0.0023,Bearish build (premium-confirmed writing / resistance),"{""dedupe_key"":""NIFTY|FLOW_BEARISH_BUILD|ON|2026-08-07 13:45"",""threshold"":0.005,""value"":0.0023,""since_minute_bucket_ist"":"""",""last_updated_ist"":""2026-08-07 13:45:00""}"
2026-08-07 00:00:00,2026-08-07 13:45:00,270,NIFTY,VOL_EXPANSION,OFF,MED,-0.0016,Volatility expanding (straddle up),"{""dedupe_key"":""NIFTY|VOL_EXPANSION|OFF|2026-08-07 13:45"",""threshold"":0.02,""value"":-0.0016,""since_minute_bucket_ist"":""2026-08-07 13:43"",""last_updated_ist"":""2026-08-07 13:45:00""}"
2026-08-07 00:00:00,2026-08-07 13:46:00,271,NIFTY,FLOW_BEARISH_BUILD,OFF,HIGH,0.0016,Bearish build (premium-confirmed writing / resistance),"{""dedupe_key"":""NIFTY|FLOW_BEARISH_BUILD|OFF|2026-08-07 13:46"",""threshold"":0.005,""value"":0.0016,""since_minute_bucket_ist"":""2026-08-07 13:45"",""last_updated_ist"":""2026-08-07 13:46:00""}"
2026-08-07 00:00:00,2026-08-07 13:46:00,271,NIFTY,REGIME_RANGE_PIN,OFF,LOW,0.0002,Range / pin (inside local walls),"{""dedupe_key"":""NIFTY|REGIME_RANGE_PIN|OFF|2026-08-07 13:46"",""threshold"":0.001,""value"":0.0002,""since_minute_bucket_ist"":""2026-08-07 13:36"",""last_updated_ist"":""2026-08-07 13:46:00""}"
2026-08-07 00:00:00,2026-08-07 13:46:00,271,NIFTY,REGIME_TRANSITION_UNCERTAIN,ON,LOW,1,Transition/uncertain regime,"{""dedupe_key"":""NIFTY|REGIME_TRANSITION_UNCERTAIN|ON|2026-08-07 13:46"",""threshold"":1,""value"":1,""since_minute_bucket_ist"":"""",""last_updated_ist"":""2026-08-07 13:46:00""}"
2026-08-07 00:00:00,2026-08-07 13:46:00,271,NIFTY,PIN_BASIC,ON,LOW,37.5,Spot near a local wall (pin zone),"{""dedupe_key"":""NIFTY|PIN_BASIC|ON|2026-08-07 13:46"",""threshold"":37.5,""value"":37.5,""since_minute_bucket_ist"":"""",""last_updated_ist"":""2026-08-07 13:46:00""}"
2026-08-07 00:00:00,2026-08-07 13:46:00,271,NIFTY,EXP_RANGE_BREAKOUT_WATCH_UP,ON,MED,24563.7,Expected-range watch UP,"{""dedupe_key"":""NIFTY|EXP_RANGE_BREAKOUT_WATCH_UP|ON|2026-08-07 13:46"",""threshold"":24556.93,""value"":24563.7,""since_minute_bucket_ist"":"""",""last_updated_ist"":""2026-08-07 13:46:00""}"
2026-08-07 00:00:00,2026-08-07 13:46:00,271,NIFTY,VOL_CONTRACTION,ON,LOW,-0.0031,Volatility contracting (straddle down),"{""dedupe_key"":""NIFTY|VOL_CONTRACTION|ON|2026-08-07 13:46"",""threshold"":-0.03,""value"":-0.0031,""since_minute_bucket_ist"":"""",""last_updated_ist"":""2026-08-07 13:46:00""}"
2026-08-07 00:00:00,2026-08-07 13:47:00,272,NIFTY,EXP_RANGE_BREAKOUT_CONFIRMED_UP,ON,HIGH,2,Expected-range breakout CONFIRMED UP,"{""dedupe_key"":""NIFTY|EXP_RANGE_BREAKOUT_CONFIRMED_UP|ON|2026-08-07 13:47"",""threshold"":2,""value"":2,""since_minute_bucket_ist"":"""",""last_updated_ist"":""2026-08-07 13:47:00""}"
2026-08-07 00:00:00,2026-08-07 13:48:00,273,NIFTY,FLOW_BOTH_UNWINDING,ON,MED,-0.0173,Both sides unwinding,"{""dedupe_key"":""NIFTY|FLOW_BOTH_UNWINDING|ON|2026-08-07 13:48"",""threshold"":-0.005,""value"":-0.0173,""since_minute_bucket_ist"":"""",""last_updated_ist"":""2026-08-07 13:48:00""}"
2026-08-07 00:00:00,2026-08-07 13:48:00,273,NIFTY,OPTION_MOMENTUM_CALL,ON,MED,5.6,ATM CALL momentum (ltp up + vol up),"{""dedupe_key"":""NIFTY|OPTION_MOMENTUM_CALL|ON|2026-08-07 13:48"",""threshold"":1.5,""value"":5.6,""since_minute_bucket_ist"":"""",""last_updated_ist"":""2026-08-07 13:48:00""}"
2026-08-07 00:00:00,2026-08-07 13:48:00,273,NIFTY,WALL_UNWIND_CONFIRM_UP,ON,MED,-0.0183,Call wall OI unwinding (5m),"{""dedupe_key"":""NIFTY|WALL_UNWIND_CONFIRM_UP|ON|2026-08-07 13:48"",""threshold"":-0.006,""value"":-0.0183,""since_minute_bucket_ist"":"""",""last_updated_ist"":""2026-08-07 13:48:00""}"
2026-08-07 00:00:00,2026-08-07 13:48:00,273,NIFTY,WALL_UNWIND_CONFIRM_DOWN,ON,MED,-0.0273,Put wall OI unwinding (5m),"{""dedupe_key"":""NIFTY|WALL_UNWIND_CONFIRM_DOWN|ON|2026-08-07 13:48"",""threshold"":-0.006,""value"":-0.0273,""since_minute_bucket_ist"":"""",""last_updated_ist"":""2026-08-07 13:48:00""}"
2026-08-07 00:00:00,2026-08-07 13:49:00,274,NIFTY,FLOW_BOTH_UNWINDING,OFF,MED,0.0085,Both sides unwinding,"{""dedupe_key"":""NIFTY|FLOW_BOTH_UNWINDING|OFF|2026-08-07 13:49"",""threshold"":-0.005,""value"":0.0085,""since_minute_bucket_ist"":""2026-08-07 13:48"",""last_updated_ist"":""2026-08-07 13:49:00""}"
2026-08-07 00:00:00,2026-08-07 13:49:00,274,NIFTY,STEALTH_BUILD_BULL,ON,MED,0.0085,"Stealth bullish build (puts build, spot flat)","{""dedupe_key"":""NIFTY|STEALTH_BUILD_BULL|ON|2026-08-07 13:49"",""threshold"":0.008,""value"":0.0085,""since_minute_bucket_ist"":"""",""last_updated_ist"":""2026-08-07 13:49:00""}"
2026-08-07 00:00:00,2026-08-07 13:50:00,275,NIFTY,REGIME_TREND_UP,ON,MED,0.0011,Trend UP (slope + direction),"{""dedupe_key"":""NIFTY|REGIME_TREND_UP|ON|2026-08-07 13:50"",""threshold"":0.001,""value"":0.0011,""since_minute_bucket_ist"":"""",""last_updated_ist"":""2026-08-07 13:50:00""}"
2026-08-07 00:00:00,2026-08-07 13:50:00,275,NIFTY,REGIME_TRANSITION_UNCERTAIN,OFF,LOW,1,Transition/uncertain regime,"{""dedupe_key"":""NIFTY|REGIME_TRANSITION_UNCERTAIN|OFF|2026-08-07 13:50"",""threshold"":1,""value"":1,""since_minute_bucket_ist"":""2026-08-07 13:46"",""last_updated_ist"":""2026-08-07 13:50:00""}"
2026-08-07 00:00:00,2026-08-07 13:50:00,275,NIFTY,OPTION_MOMENTUM_CALL,OFF,MED,1.3,ATM CALL momentum (ltp up + vol up),"{""dedupe_key"":""NIFTY|OPTION_MOMENTUM_CALL|OFF|2026-08-07 13:50"",""threshold"":1.5,""value"":1.3,""since_minute_bucket_ist"":""2026-08-07 13:48"",""last_updated_ist"":""2026-08-07 13:50:00""}"
2026-08-07 00:00:00,2026-08-07 13:50:00,275,NIFTY,WALL_UNWIND_CONFIRM_DOWN,OFF,MED,0,Put wall OI unwinding (5m),"{""dedupe_key"":""NIFTY|WALL_UNWIND_CONFIRM_DOWN|OFF|2026-08-07 13:50"",""threshold"":-0.006,""value"":0,""since_minute_bucket_ist"":""2026-08-07 13:48"",""last_updated_ist"":""2026-08-07 13:50:00""}"
2026-08-07 00:00:00,2026-08-07 13:50:00,275,NIFTY,STEALTH_BUILD_BULL,OFF,MED,0.0048,"Stealth bullish build (puts build, spot flat)","{""dedupe_key"":""NIFTY|STEALTH_BUILD_BULL|OFF|2026-08-07 13:50"",""threshold"":0.008,""value"":0.0048,""since_minute_bucket_ist"":""2026-08-07 13:49"",""last_updated_ist"":""2026-08-07 13:50:00""}"
2026-08-07 00:00:00,2026-08-07 13:50:00,275,NIFTY,WALL_SHIFT_REGIME,ON,MED,1,Wall strike shifted materially (>= 1 step),"{""dedupe_key"":""NIFTY|WALL_SHIFT_REGIME|ON|2026-08-07 13:50"",""threshold"":1,""value"":1,""since_minute_bucket_ist"":"""",""last_updated_ist"":""2026-08-07 13:50:00""}"
2026-08-07 00:00:00,2026-08-07 13:51:00,276,NIFTY,FLOW_BULLISH_BUILD,ON,HIGH,0.0024,Bullish build (premium-confirmed writing / support),"{""dedupe_key"":""NIFTY|FLOW_BULLISH_BUILD|ON|2026-08-07 13:51"",""threshold"":0.005,""value"":0.0024,""since_minute_bucket_ist"":"""",""last_updated_ist"":""2026-08-07 13:51:00""}"
2026-08-07 00:00:00,2026-08-07 13:51:00,276,NIFTY,REGIME_TREND_UP,OFF,MED,0.0009,Trend UP (slope + direction),"{""dedupe_key"":""NIFTY|REGIME_TREND_UP|OFF|2026-08-07 13:51"",""threshold"":0.001,""value"":0.0009,""since_minute_bucket_ist"":""2026-08-07 13:50"",""last_updated_ist"":""2026-08-07 13:51:00""}"
2026-08-07 00:00:00,2026-08-07 13:51:00,276,NIFTY,REGIME_BREAKOUT_DOWN,ON,HIGH,2,Breakout DOWN (held below put wall),"{""dedupe_key"":""NIFTY|REGIME_BREAKOUT_DOWN|ON|2026-08-07 13:51"",""threshold"":2,""value"":2,""since_minute_bucket_ist"":"""",""last_updated_ist"":""2026-08-07 13:51:00""}"
2026-08-07 00:00:00,2026-08-07 13:51:00,276,NIFTY,PIN_BREAKOUT_SETUP,ON,MED,10.55000000000291,Pin breakout setup (wall touch + aligned flow),"{""dedupe_key"":""NIFTY|PIN_BREAKOUT_SETUP|ON|2026-08-07 13:51"",""threshold"":0,""value"":10.55000000000291,""since_minute_bucket_ist"":"""",""last_updated_ist"":""2026-08-07 13:51:00""}"
2026-08-07 00:00:00,2026-08-07 13:51:00,276,NIFTY,OPTION_MOMENTUM_CALL,ON,MED,3.8,ATM CALL momentum (ltp up + vol up),"{""dedupe_key"":""NIFTY|OPTION_MOMENTUM_CALL|ON|2026-08-07 13:51"",""threshold"":1.5,""value"":3.8,""since_minute_bucket_ist"":"""",""last_updated_ist"":""2026-08-07 13:51:00""}"
2026-08-07 00:00:00,2026-08-07 13:51:00,276,NIFTY,CHURN_COMMITTED,ON,MED,0.0004,Price move + aligned flow (committed),"{""dedupe_key"":""NIFTY|CHURN_COMMITTED|ON|2026-08-07 13:51"",""threshold"":0.0001,""value"":0.0004,""since_minute_bucket_ist"":"""",""last_updated_ist"":""2026-08-07 13:51:00""}"
2026-08-07 00:00:00,2026-08-07 13:51:00,276,NIFTY,WALL_SHIFT_REGIME,OFF,MED,1,Wall strike shifted materially (>= 1 step),"{""dedupe_key"":""NIFTY|WALL_SHIFT_REGIME|OFF|2026-08-07 13:51"",""threshold"":1,""value"":1,""since_minute_bucket_ist"":""2026-08-07 13:50"",""last_updated_ist"":""2026-08-07 13:51:00""}"
2026-08-07 00:00:00,2026-08-07 13:51:00,276,NIFTY,WALL_PRESSURE_BREAK_SETUP,ON,MED,10.55000000000291,Pressure building into a wall (break setup),"{""dedupe_key"":""NIFTY|WALL_PRESSURE_BREAK_SETUP|ON|2026-08-07 13:51"",""threshold"":0,""value"":10.55000000000291,""since_minute_bucket_ist"":"""",""last_updated_ist"":""2026-08-07 13:51:00""}"
2026-08-07 00:00:00,2026-08-07 13:52:00,277,NIFTY,TRADE_LIMIT_REACHED,ON,MED,10,Cooldown active (2m),"{""dedupe_key"":""NIFTY|TRADE_LIMIT_REACHED|ON|2026-08-07 13:52"",""threshold"":500,""value"":10,""since_minute_bucket_ist"":"""",""last_updated_ist"":""2026-08-07 13:52:00""}"
2026-08-07 00:00:00,2026-08-07 13:52:00,277,NIFTY,PIN_BREAKOUT_SETUP,OFF,MED,-1.4500000000007276,Pin breakout setup (wall touch + aligned flow),"{""dedupe_key"":""NIFTY|PIN_BREAKOUT_SETUP|OFF|2026-08-07 13:52"",""threshold"":0,""value"":-1.4500000000007276,""since_minute_bucket_ist"":""2026-08-07 13:51"",""last_updated_ist"":""2026-08-07 13:52:00""}"
2026-08-07 00:00:00,2026-08-07 13:52:00,277,NIFTY,OPTION_MOMENTUM_CALL,OFF,MED,-0.65,ATM CALL momentum (ltp up + vol up),"{""dedupe_key"":""NIFTY|OPTION_MOMENTUM_CALL|OFF|2026-08-07 13:52"",""threshold"":1.5,""value"":-0.65,""since_minute_bucket_ist"":""2026-08-07 13:51"",""last_updated_ist"":""2026-08-07 13:52:00""}"
2026-08-07 00:00:00,2026-08-07 13:52:00,277,NIFTY,CHURN_COMMITTED,OFF,MED,-0.0001,Price move + aligned flow (committed),"{""dedupe_key"":""NIFTY|CHURN_COMMITTED|OFF|2026-08-07 13:52"",""threshold"":0.0001,""value"":-0.0001,""since_minute_bucket_ist"":""2026-08-07 13:51"",""last_updated_ist"":""2026-08-07 13:52:00""}"
2026-08-07 00:00:00,2026-08-07 13:52:00,277,NIFTY,WALL_PRESSURE_BREAK_SETUP,OFF,MED,-1.4500000000007276,Pressure building into a wall (break setup),"{""dedupe_key"":""NIFTY|WALL_PRESSURE_BREAK_SETUP|OFF|2026-08-07 13:52"",""threshold"":0,""value"":-1.4500000000007276,""since_minute_bucket_ist"":""2026-08-07 13:51"",""last_updated_ist"":""2026-08-07 13:52:00""}"
2026-08-07 00:00:00,2026-08-07 13:53:00,278,NIFTY,TRADE_LIMIT_REACHED,OFF,MED,10,Cooldown active (2m),"{""dedupe_key"":""NIFTY|TRADE_LIMIT_REACHED|OFF|2026-08-07 13:53"",""threshold"":500,""value"":10,""since_minute_bucket_ist"":""2026-08-07 13:52"",""last_updated_ist"":""2026-08-07 13:53:00""}"
2026-08-07 00:00:00,2026-08-07 13:53:00,278,NIFTY,EXP_RANGE_BREAKOUT_WATCH_UP,OFF,MED,24583.5,Expected-range watch UP,"{""dedupe_key"":""NIFTY|EXP_RANGE_BREAKOUT_WATCH_UP|OFF|2026-08-07 13:53"",""threshold"":24585.51,""value"":24583.5,""since_minute_bucket_ist"":""2026-08-07 13:46"",""last_updated_ist"":""2026-08-07 13:53:00""}"
2026-08-07 00:00:00,2026-08-07 13:53:00,278,NIFTY,EXP_RANGE_BREAKOUT_CONFIRMED_UP,OFF,HIGH,0,Expected-range breakout CONFIRMED UP,"{""dedupe_key"":""NIFTY|EXP_RANGE_BREAKOUT_CONFIRMED_UP|OFF|2026-08-07 13:53"",""threshold"":2,""value"":0,""since_minute_bucket_ist"":""2026-08-07 13:47"",""last_updated_ist"":""2026-08-07 13:53:00""}"
2026-08-07 00:00:00,2026-08-07 13:53:00,278,NIFTY,OPTION_MOMENTUM_CALL,ON,MED,2.3,ATM CALL momentum (ltp up + vol up),"{""dedupe_key"":""NIFTY|OPTION_MOMENTUM_CALL|ON|2026-08-07 13:53"",""threshold"":1.5,""value"":2.3,""since_minute_bucket_ist"":"""",""last_updated_ist"":""2026-08-07 13:53:00""}"
2026-08-07 00:00:00,2026-08-07 13:54:00,279,NIFTY,FLOW_BULLISH_BUILD,OFF,HIGH,0.0103,Bullish build (premium-confirmed writing / support),"{""dedupe_key"":""NIFTY|FLOW_BULLISH_BUILD|OFF|2026-08-07 13:54"",""threshold"":0.005,""value"":0.0103,""since_minute_bucket_ist"":""2026-08-07 13:51"",""last_updated_ist"":""2026-08-07 13:54:00""}"
2026-08-07 00:00:00,2026-08-07 13:54:00,279,NIFTY,REGIME_RANGE_PIN,ON,LOW,0.0003,Range / pin (inside local walls),"{""dedupe_key"":""NIFTY|REGIME_RANGE_PIN|ON|2026-08-07 13:54"",""threshold"":0.001,""value"":0.0003,""since_minute_bucket_ist"":"""",""last_updated_ist"":""2026-08-07 13:54:00""}"
2026-08-07 00:00:00,2026-08-07 13:54:00,279,NIFTY,REGIME_BREAKOUT_DOWN,OFF,HIGH,0,Breakout DOWN (held below put wall),"{""dedupe_key"":""NIFTY|REGIME_BREAKOUT_DOWN|OFF|2026-08-07 13:54"",""threshold"":2,""value"":0,""since_minute_bucket_ist"":""2026-08-07 13:51"",""last_updated_ist"":""2026-08-07 13:54:00""}"
2026-08-07 00:00:00,2026-08-07 13:54:00,279,NIFTY,VOL_CONTRACTION,OFF,LOW,0.0185,Volatility contracting (straddle down),"{""dedupe_key"":""NIFTY|VOL_CONTRACTION|OFF|2026-08-07 13:54"",""threshold"":-0.03,""value"":0.0185,""since_minute_bucket_ist"":""2026-08-07 13:46"",""last_updated_ist"":""2026-08-07 13:54:00""}"
2026-08-07 00:00:00,2026-08-07 13:54:00,279,NIFTY,OPTION_MOMENTUM_CALL,OFF,MED,-4.1,ATM CALL momentum (ltp up + vol up),"{""dedupe_key"":""NIFTY|OPTION_MOMENTUM_CALL|OFF|2026-08-07 13:54"",""threshold"":1.5,""value"":-4.1,""since_minute_bucket_ist"":""2026-08-07 13:53"",""last_updated_ist"":""2026-08-07 13:54:00""}"
2026-08-07 00:00:00,2026-08-07 13:54:00,279,NIFTY,OPTION_MOMENTUM_PUT,ON,MED,3,ATM PUT momentum (ltp up + vol up),"{""dedupe_key"":""NIFTY|OPTION_MOMENTUM_PUT|ON|2026-08-07 13:54"",""threshold"":1.5,""value"":3,""since_minute_bucket_ist"":"""",""last_updated_ist"":""2026-08-07 13:54:00""}"
2026-08-07 00:00:00,2026-08-07 13:54:00,279,NIFTY,WALL_SHIFT_REGIME,ON,MED,1,Wall strike shifted materially (>= 1 step),"{""dedupe_key"":""NIFTY|WALL_SHIFT_REGIME|ON|2026-08-07 13:54"",""threshold"":1,""value"":1,""since_minute_bucket_ist"":"""",""last_updated_ist"":""2026-08-07 13:54:00""}"
2026-08-07 00:00:00,2026-08-07 13:55:00,280,NIFTY,WALL_SHIFT_REGIME,OFF,MED,1,Wall strike shifted materially (>= 1 step),"{""dedupe_key"":""NIFTY|WALL_SHIFT_REGIME|OFF|2026-08-07 13:55"",""threshold"":1,""value"":1,""since_minute_bucket_ist"":""2026-08-07 13:54"",""last_updated_ist"":""2026-08-07 13:55:00""}"
2026-08-07 00:00:00,2026-08-07 13:56:00,281,NIFTY,REGIME_RANGE_PIN,OFF,LOW,0.0003,Range / pin (inside local walls),"{""dedupe_key"":""NIFTY|REGIME_RANGE_PIN|OFF|2026-08-07 13:56"",""threshold"":0.001,""value"":0.0003,""since_minute_bucket_ist"":""2026-08-07 13:54"",""last_updated_ist"":""2026-08-07 13:56:00""}"
2026-08-07 00:00:00,2026-08-07 13:56:00,281,NIFTY,REGIME_TRANSITION_UNCERTAIN,ON,LOW,1,Transition/uncertain regime,"{""dedupe_key"":""NIFTY|REGIME_TRANSITION_UNCERTAIN|ON|2026-08-07 13:56"",""threshold"":1,""value"":1,""since_minute_bucket_ist"":"""",""last_updated_ist"":""2026-08-07 13:56:00""}"
2026-08-07 00:00:00,2026-08-07 13:56:00,281,NIFTY,TAIL_RISK_SKEW_LOW,OFF,LOW,0.57,Tail-risk skew low (PCR_COI low),"{""dedupe_key"":""NIFTY|TAIL_RISK_SKEW_LOW|OFF|2026-08-07 13:56"",""threshold"":0.55,""value"":0.57,""since_minute_bucket_ist"":""2026-08-07 13:34"",""last_updated_ist"":""2026-08-07 13:56:00""}"
2026-08-07 00:00:00,2026-08-07 13:56:00,281,NIFTY,STEALTH_BUILD_BULL,ON,MED,0.0088,"Stealth bullish build (puts build, spot flat)","{""dedupe_key"":""NIFTY|STEALTH_BUILD_BULL|ON|2026-08-07 13:56"",""threshold"":0.008,""value"":0.0088,""since_minute_bucket_ist"":"""",""last_updated_ist"":""2026-08-07 13:56:00""}"
2026-08-07 00:00:00,2026-08-07 13:57:00,282,NIFTY,REGIME_TREND_DOWN,ON,MED,-0.0011,Trend DOWN (slope + direction),"{""dedupe_key"":""NIFTY|REGIME_TREND_DOWN|ON|2026-08-07 13:57"",""threshold"":-0.001,""value"":-0.0011,""since_minute_bucket_ist"":"""",""last_updated_ist"":""2026-08-07 13:57:00""}"
2026-08-07 00:00:00,2026-08-07 13:57:00,282,NIFTY,REGIME_TRANSITION_UNCERTAIN,OFF,LOW,1,Transition/uncertain regime,"{""dedupe_key"":""NIFTY|REGIME_TRANSITION_UNCERTAIN|OFF|2026-08-07 13:57"",""threshold"":1,""value"":1,""since_minute_bucket_ist"":""2026-08-07 13:56"",""last_updated_ist"":""2026-08-07 13:57:00""}"
2026-08-07 00:00:00,2026-08-07 13:57:00,282,NIFTY,PIN_BASIC,OFF,LOW,37.5,Spot near a local wall (pin zone),"{""dedupe_key"":""NIFTY|PIN_BASIC|OFF|2026-08-07 13:57"",""threshold"":37.5,""value"":37.5,""since_minute_bucket_ist"":""2026-08-07 13:46"",""last_updated_ist"":""2026-08-07 13:57:00""}"
2026-08-07 00:00:00,2026-08-07 13:57:00,282,NIFTY,EXP_RANGE_BREAKOUT_WATCH_DOWN,ON,MED,24559.2,Expected-range watch DOWN,"{""dedupe_key"":""NIFTY|EXP_RANGE_BREAKOUT_WATCH_DOWN|ON|2026-08-07 13:57"",""threshold"":24560.14,""value"":24559.2,""since_minute_bucket_ist"":"""",""last_updated_ist"":""2026-08-07 13:57:00""}"
2026-08-07 00:00:00,2026-08-07 13:57:00,282,NIFTY,OPTION_MOMENTUM_CALL,ON,MED,2.25,ATM CALL momentum (ltp up + vol up),"{""dedupe_key"":""NIFTY|OPTION_MOMENTUM_CALL|ON|2026-08-07 13:57"",""threshold"":1.5,""value"":2.25,""since_minute_bucket_ist"":"""",""last_updated_ist"":""2026-08-07 13:57:00""}"
2026-08-07 00:00:00,2026-08-07 13:57:00,282,NIFTY,OPTION_MOMENTUM_PUT,OFF,MED,-2.5,ATM PUT momentum (ltp up + vol up),"{""dedupe_key"":""NIFTY|OPTION_MOMENTUM_PUT|OFF|2026-08-07 13:57"",""threshold"":1.5,""value"":-2.5,""since_minute_bucket_ist"":""2026-08-07 13:54"",""last_updated_ist"":""2026-08-07 13:57:00""}"
2026-08-07 00:00:00,2026-08-07 13:57:00,282,NIFTY,STEALTH_BUILD_BULL,OFF,MED,-0.004,"Stealth bullish build (puts build, spot flat)","{""dedupe_key"":""NIFTY|STEALTH_BUILD_BULL|OFF|2026-08-07 13:57"",""threshold"":0.008,""value"":-0.004,""since_minute_bucket_ist"":""2026-08-07 13:56"",""last_updated_ist"":""2026-08-07 13:57:00""}"
2026-08-07 00:00:00,2026-08-07 13:58:00,283,NIFTY,FLOW_BEARISH_BUILD,ON,HIGH,0.0019,Bearish build (premium-confirmed writing / resistance),"{""dedupe_key"":""NIFTY|FLOW_BEARISH_BUILD|ON|2026-08-07 13:58"",""threshold"":0.005,""value"":0.0019,""since_minute_bucket_ist"":"""",""last_updated_ist"":""2026-08-07 13:58:00""}"
2026-08-07 00:00:00,2026-08-07 13:58:00,283,NIFTY,EXP_RANGE_BREAKOUT_CONFIRMED_DOWN,ON,HIGH,2,Expected-range breakout CONFIRMED DOWN,"{""dedupe_key"":""NIFTY|EXP_RANGE_BREAKOUT_CONFIRMED_DOWN|ON|2026-08-07 13:58"",""threshold"":2,""value"":2,""since_minute_bucket_ist"":"""",""last_updated_ist"":""2026-08-07 13:58:00""}"
2026-08-07 00:00:00,2026-08-07 13:58:00,283,NIFTY,OPTION_MOMENTUM_CALL,OFF,MED,-12.65,ATM CALL momentum (ltp up + vol up),"{""dedupe_key"":""NIFTY|OPTION_MOMENTUM_CALL|OFF|2026-08-07 13:58"",""threshold"":1.5,""value"":-12.65,""since_minute_bucket_ist"":""2026-08-07 13:57"",""last_updated_ist"":""2026-08-07 13:58:00""}"
2026-08-07 00:00:00,2026-08-07 13:58:00,283,NIFTY,OPTION_MOMENTUM_PUT,ON,MED,10.2,ATM PUT momentum (ltp up + vol up),"{""dedupe_key"":""NIFTY|OPTION_MOMENTUM_PUT|ON|2026-08-07 13:58"",""threshold"":1.5,""value"":10.2,""since_minute_bucket_ist"":"""",""last_updated_ist"":""2026-08-07 13:58:00""}"
2026-08-07 00:00:00,2026-08-07 13:58:00,283,NIFTY,CHURN_COMMITTED,ON,MED,-0.0001,Price move + aligned flow (committed),"{""dedupe_key"":""NIFTY|CHURN_COMMITTED|ON|2026-08-07 13:58"",""threshold"":0.0001,""value"":-0.0001,""since_minute_bucket_ist"":"""",""last_updated_ist"":""2026-08-07 13:58:00""}"
2026-08-07 00:00:00,2026-08-07 13:59:00,284,NIFTY,TRADE_LIMIT_REACHED,ON,MED,10,Cooldown active (2m),"{""dedupe_key"":""NIFTY|TRADE_LIMIT_REACHED|ON|2026-08-07 13:59"",""threshold"":500,""value"":10,""since_minute_bucket_ist"":"""",""last_updated_ist"":""2026-08-07 13:59:00""}"
2026-08-07 00:00:00,2026-08-07 13:59:00,284,NIFTY,FLOW_BEARISH_BUILD,OFF,HIGH,-0.0001,Bearish build (premium-confirmed writing / resistance),"{""dedupe_key"":""NIFTY|FLOW_BEARISH_BUILD|OFF|2026-08-07 13:59"",""threshold"":0.005,""value"":-0.0001,""since_minute_bucket_ist"":""2026-08-07 13:58"",""last_updated_ist"":""2026-08-07 13:59:00""}"
2026-08-07 00:00:00,2026-08-07 13:59:00,284,NIFTY,REGIME_TREND_DOWN,OFF,MED,-0.0004,Trend DOWN (slope + direction),"{""dedupe_key"":""NIFTY|REGIME_TREND_DOWN|OFF|2026-08-07 13:59"",""threshold"":-0.001,""value"":-0.0004,""since_minute_bucket_ist"":""2026-08-07 13:57"",""last_updated_ist"":""2026-08-07 13:59:00""}"
2026-08-07 00:00:00,2026-08-07 13:59:00,284,NIFTY,REGIME_RANGE_PIN,ON,LOW,0.0002,Range / pin (inside local walls),"{""dedupe_key"":""NIFTY|REGIME_RANGE_PIN|ON|2026-08-07 13:59"",""threshold"":0.001,""value"":0.0002,""since_minute_bucket_ist"":"""",""last_updated_ist"":""2026-08-07 13:59:00""}"
2026-08-07 00:00:00,2026-08-07 13:59:00,284,NIFTY,PIN_BASIC,ON,LOW,37.5,Spot near a local wall (pin zone),"{""dedupe_key"":""NIFTY|PIN_BASIC|ON|2026-08-07 13:59"",""threshold"":37.5,""value"":37.5,""since_minute_bucket_ist"":"""",""last_updated_ist"":""2026-08-07 13:59:00""}"
2026-08-07 00:00:00,2026-08-07 13:59:00,284,NIFTY,EXP_RANGE_BREAKOUT_WATCH_DOWN,OFF,MED,24563.15,Expected-range watch DOWN,"{""dedupe_key"":""NIFTY|EXP_RANGE_BREAKOUT_WATCH_DOWN|OFF|2026-08-07 13:59"",""threshold"":24558.32,""value"":24563.15,""since_minute_bucket_ist"":""2026-08-07 13:57"",""last_updated_ist"":""2026-08-07 13:59:00""}"
2026-08-07 00:00:00,2026-08-07 13:59:00,284,NIFTY,EXP_RANGE_BREAKOUT_CONFIRMED_DOWN,OFF,HIGH,0,Expected-range breakout CONFIRMED DOWN,"{""dedupe_key"":""NIFTY|EXP_RANGE_BREAKOUT_CONFIRMED_DOWN|OFF|2026-08-07 13:59"",""threshold"":2,""value"":0,""since_minute_bucket_ist"":""2026-08-07 13:58"",""last_updated_ist"":""2026-08-07 13:59:00""}"
2026-08-07 00:00:00,2026-08-07 13:59:00,284,NIFTY,OPTION_MOMENTUM_CALL,ON,MED,3.85,ATM CALL momentum (ltp up + vol up),"{""dedupe_key"":""NIFTY|OPTION_MOMENTUM_CALL|ON|2026-08-07 13:59"",""threshold"":1.5,""value"":3.85,""since_minute_bucket_ist"":"""",""last_updated_ist"":""2026-08-07 13:59:00""}"
2026-08-07 00:00:00,2026-08-07 13:59:00,284,NIFTY,OPTION_MOMENTUM_PUT,OFF,MED,-3.3,ATM PUT momentum (ltp up + vol up),"{""dedupe_key"":""NIFTY|OPTION_MOMENTUM_PUT|OFF|2026-08-07 13:59"",""threshold"":1.5,""value"":-3.3,""since_minute_bucket_ist"":""2026-08-07 13:58"",""last_updated_ist"":""2026-08-07 13:59:00""}"
2026-08-07 00:00:00,2026-08-07 13:59:00,284,NIFTY,WALL_UNWIND_CONFIRM_DOWN,ON,MED,-0.0096,Put wall OI unwinding (5m),"{""dedupe_key"":""NIFTY|WALL_UNWIND_CONFIRM_DOWN|ON|2026-08-07 13:59"",""threshold"":-0.006,""value"":-0.0096,""since_minute_bucket_ist"":"""",""last_updated_ist"":""2026-08-07 13:59:00""}"
2026-08-07 00:00:00,2026-08-07 13:59:00,284,NIFTY,CHURN_COMMITTED,OFF,MED,0.0003,Price move + aligned flow (committed),"{""dedupe_key"":""NIFTY|CHURN_COMMITTED|OFF|2026-08-07 13:59"",""threshold"":0.0001,""value"":0.0003,""since_minute_bucket_ist"":""2026-08-07 13:58"",""last_updated_ist"":""2026-08-07 13:59:00""}"
2026-08-07 00:00:00,2026-08-07 13:59:00,284,NIFTY,TAIL_RISK_SKEW_LOW,ON,LOW,0.53,Tail-risk skew low (PCR_COI low),"{""dedupe_key"":""NIFTY|TAIL_RISK_SKEW_LOW|ON|2026-08-07 13:59"",""threshold"":0.55,""value"":0.53,""since_minute_bucket_ist"":"""",""last_updated_ist"":""2026-08-07 13:59:00""}"
2026-08-07 00:00:00,2026-08-07 14:01:00,286,NIFTY,TRADE_LIMIT_REACHED,OFF,MED,10,Cooldown active (2m),"{""dedupe_key"":""NIFTY|TRADE_LIMIT_REACHED|OFF|2026-08-07 14:01"",""threshold"":500,""value"":10,""since_minute_bucket_ist"":""2026-08-07 13:59"",""last_updated_ist"":""2026-08-07 14:01:00""}"
2026-08-07 00:00:00,2026-08-07 14:01:00,286,NIFTY,OPTION_MOMENTUM_CALL,OFF,MED,0.85,ATM CALL momentum (ltp up + vol up),"{""dedupe_key"":""NIFTY|OPTION_MOMENTUM_CALL|OFF|2026-08-07 14:01"",""threshold"":1.5,""value"":0.85,""since_minute_bucket_ist"":""2026-08-07 13:59"",""last_updated_ist"":""2026-08-07 14:01:00""}"
2026-08-07 00:00:00,2026-08-07 14:01:00,286,NIFTY,WALL_UNWIND_CONFIRM_UP,OFF,MED,-0.0059,Call wall OI unwinding (5m),"{""dedupe_key"":""NIFTY|WALL_UNWIND_CONFIRM_UP|OFF|2026-08-07 14:01"",""threshold"":-0.006,""value"":-0.0059,""since_minute_bucket_ist"":""2026-08-07 13:48"",""last_updated_ist"":""2026-08-07 14:01:00""}"
2026-08-07 00:00:00,2026-08-07 14:02:00,287,NIFTY,REGIME_RANGE_PIN,OFF,LOW,0.0003,Range / pin (inside local walls),"{""dedupe_key"":""NIFTY|REGIME_RANGE_PIN|OFF|2026-08-07 14:02"",""threshold"":0.001,""value"":0.0003,""since_minute_bucket_ist"":""2026-08-07 13:59"",""last_updated_ist"":""2026-08-07 14:02:00""}"
2026-08-07 00:00:00,2026-08-07 14:02:00,287,NIFTY,REGIME_TRANSITION_UNCERTAIN,ON,LOW,1,Transition/uncertain regime,"{""dedupe_key"":""NIFTY|REGIME_TRANSITION_UNCERTAIN|ON|2026-08-07 14:02"",""threshold"":1,""value"":1,""since_minute_bucket_ist"":"""",""last_updated_ist"":""2026-08-07 14:02:00""}"
2026-08-07 00:00:00,2026-08-07 14:03:00,288,NIFTY,REGIME_RANGE_PIN,ON,LOW,0.0003,Range / pin (inside local walls),"{""dedupe_key"":""NIFTY|REGIME_RANGE_PIN|ON|2026-08-07 14:03"",""threshold"":0.001,""value"":0.0003,""since_minute_bucket_ist"":"""",""last_updated_ist"":""2026-08-07 14:03:00""}"
2026-08-07 00:00:00,2026-08-07 14:03:00,288,NIFTY,REGIME_TRANSITION_UNCERTAIN,OFF,LOW,1,Transition/uncertain regime,"{""dedupe_key"":""NIFTY|REGIME_TRANSITION_UNCERTAIN|OFF|2026-08-07 14:03"",""threshold"":1,""value"":1,""since_minute_bucket_ist"":""2026-08-07 14:02"",""last_updated_ist"":""2026-08-07 14:03:00""}"
2026-08-07 00:00:00,2026-08-07 14:03:00,288,NIFTY,VOL_CONTRACTION,ON,LOW,-0.0035,Volatility contracting (straddle down),"{""dedupe_key"":""NIFTY|VOL_CONTRACTION|ON|2026-08-07 14:03"",""threshold"":-0.03,""value"":-0.0035,""since_minute_bucket_ist"":"""",""last_updated_ist"":""2026-08-07 14:03:00""}"
2026-08-07 00:00:00,2026-08-07 14:03:00,288,NIFTY,OPTION_MOMENTUM_PUT,ON,MED,2.9,ATM PUT momentum (ltp up + vol up),"{""dedupe_key"":""NIFTY|OPTION_MOMENTUM_PUT|ON|2026-08-07 14:03"",""threshold"":1.5,""value"":2.9,""since_minute_bucket_ist"":"""",""last_updated_ist"":""2026-08-07 14:03:00""}"
2026-08-07 00:00:00,2026-08-07 14:04:00,289,NIFTY,PIN_BASIC,OFF,LOW,37.5,Spot near a local wall (pin zone),"{""dedupe_key"":""NIFTY|PIN_BASIC|OFF|2026-08-07 14:04"",""threshold"":37.5,""value"":37.5,""since_minute_bucket_ist"":""2026-08-07 13:59"",""last_updated_ist"":""2026-08-07 14:04:00""}"
2026-08-07 00:00:00,2026-08-07 14:04:00,289,NIFTY,EXP_RANGE_BREAKOUT_WATCH_DOWN,ON,MED,24552.35,Expected-range watch DOWN,"{""dedupe_key"":""NIFTY|EXP_RANGE_BREAKOUT_WATCH_DOWN|ON|2026-08-07 14:04"",""threshold"":24555.98,""value"":24552.35,""since_minute_bucket_ist"":"""",""last_updated_ist"":""2026-08-07 14:04:00""}"
2026-08-07 00:00:00,2026-08-07 14:05:00,290,NIFTY,FLOW_BEARISH_BUILD,ON,HIGH,0.0016,Bearish build (premium-confirmed writing / resistance),"{""dedupe_key"":""NIFTY|FLOW_BEARISH_BUILD|ON|2026-08-07 14:05"",""threshold"":0.005,""value"":0.0016,""since_minute_bucket_ist"":"""",""last_updated_ist"":""2026-08-07 14:05:00""}"
2026-08-07 00:00:00,2026-08-07 14:05:00,290,NIFTY,REGIME_RANGE_PIN,OFF,LOW,0.0003,Range / pin (inside local walls),"{""dedupe_key"":""NIFTY|REGIME_RANGE_PIN|OFF|2026-08-07 14:05"",""threshold"":0.001,""value"":0.0003,""since_minute_bucket_ist"":""2026-08-07 14:03"",""last_updated_ist"":""2026-08-07 14:05:00""}"
2026-08-07 00:00:00,2026-08-07 14:05:00,290,NIFTY,REGIME_TRANSITION_UNCERTAIN,ON,LOW,1,Transition/uncertain regime,"{""dedupe_key"":""NIFTY|REGIME_TRANSITION_UNCERTAIN|ON|2026-08-07 14:05"",""threshold"":1,""value"":1,""since_minute_bucket_ist"":"""",""last_updated_ist"":""2026-08-07 14:05:00""}"
2026-08-07 00:00:00,2026-08-07 14:05:00,290,NIFTY,EXP_RANGE_BREAKOUT_WATCH_DOWN,OFF,MED,24554.95,Expected-range watch DOWN,"{""dedupe_key"":""NIFTY|EXP_RANGE_BREAKOUT_WATCH_DOWN|OFF|2026-08-07 14:05"",""threshold"":24554.67,""value"":24554.95,""since_minute_bucket_ist"":""2026-08-07 14:04"",""last_updated_ist"":""2026-08-07 14:05:00""}"
2026-08-07 00:00:00,2026-08-07 14:05:00,290,NIFTY,OPTION_MOMENTUM_PUT,OFF,MED,-0.6,ATM PUT momentum (ltp up + vol up),"{""dedupe_key"":""NIFTY|OPTION_MOMENTUM_PUT|OFF|2026-08-07 14:05"",""threshold"":1.5,""value"":-0.6,""since_minute_bucket_ist"":""2026-08-07 14:03"",""last_updated_ist"":""2026-08-07 14:05:00""}"
2026-08-07 00:00:00,2026-08-07 14:06:00,291,NIFTY,FLOW_BEARISH_BUILD,OFF,HIGH,0.0074,Bearish build (premium-confirmed writing / resistance),"{""dedupe_key"":""NIFTY|FLOW_BEARISH_BUILD|OFF|2026-08-07 14:06"",""threshold"":0.005,""value"":0.0074,""since_minute_bucket_ist"":""2026-08-07 14:05"",""last_updated_ist"":""2026-08-07 14:06:00""}"
2026-08-07 00:00:00,2026-08-07 14:06:00,291,NIFTY,REGIME_TREND_DOWN,ON,MED,-0.0013,Trend DOWN (slope + direction),"{""dedupe_key"":""NIFTY|REGIME_TREND_DOWN|ON|2026-08-07 14:06"",""threshold"":-0.001,""value"":-0.0013,""since_minute_bucket_ist"":"""",""last_updated_ist"":""2026-08-07 14:06:00""}"
2026-08-07 00:00:00,2026-08-07 14:06:00,291,NIFTY,REGIME_TRANSITION_UNCERTAIN,OFF,LOW,1,Transition/uncertain regime,"{""dedupe_key"":""NIFTY|REGIME_TRANSITION_UNCERTAIN|OFF|2026-08-07 14:06"",""threshold"":1,""value"":1,""since_minute_bucket_ist"":""2026-08-07 14:05"",""last_updated_ist"":""2026-08-07 14:06:00""}"
2026-08-07 00:00:00,2026-08-07 14:06:00,291,NIFTY,EXP_RANGE_BREAKOUT_WATCH_DOWN,ON,MED,24540,Expected-range watch DOWN,"{""dedupe_key"":""NIFTY|EXP_RANGE_BREAKOUT_WATCH_DOWN|ON|2026-08-07 14:06"",""threshold"":24548.74,""value"":24540,""since_minute_bucket_ist"":"""",""last_updated_ist"":""2026-08-07 14:06:00""}"
2026-08-07 00:00:00,2026-08-07 14:06:00,291,NIFTY,WALL_UNWIND_CONFIRM_DOWN,OFF,MED,-0.0054,Put wall OI unwinding (5m),"{""dedupe_key"":""NIFTY|WALL_UNWIND_CONFIRM_DOWN|OFF|2026-08-07 14:06"",""threshold"":-0.006,""value"":-0.0054,""since_minute_bucket_ist"":""2026-08-07 13:59"",""last_updated_ist"":""2026-08-07 14:06:00""}"
2026-08-07 00:00:00,2026-08-07 14:07:00,292,NIFTY,EXP_RANGE_BREAKOUT_CONFIRMED_DOWN,ON,HIGH,2,Expected-range breakout CONFIRMED DOWN,"{""dedupe_key"":""NIFTY|EXP_RANGE_BREAKOUT_CONFIRMED_DOWN|ON|2026-08-07 14:07"",""threshold"":2,""value"":2,""since_minute_bucket_ist"":"""",""last_updated_ist"":""2026-08-07 14:07:00""}"
2026-08-07 00:00:00,2026-08-07 14:08:00,293,NIFTY,FLOW_BEARISH_BUILD,ON,HIGH,0.0103,Bearish build (premium-confirmed writing / resistance),"{""dedupe_key"":""NIFTY|FLOW_BEARISH_BUILD|ON|2026-08-07 14:08"",""threshold"":0.005,""value"":0.0103,""since_minute_bucket_ist"":"""",""last_updated_ist"":""2026-08-07 14:08:00""}"
2026-08-07 00:00:00,2026-08-07 14:08:00,293,NIFTY,REGIME_TREND_DOWN,OFF,MED,-0.0009,Trend DOWN (slope + direction),"{""dedupe_key"":""NIFTY|REGIME_TREND_DOWN|OFF|2026-08-07 14:08"",""threshold"":-0.001,""value"":-0.0009,""since_minute_bucket_ist"":""2026-08-07 14:06"",""last_updated_ist"":""2026-08-07 14:08:00""}"
2026-08-07 00:00:00,2026-08-07 14:08:00,293,NIFTY,REGIME_TRANSITION_UNCERTAIN,ON,LOW,1,Transition/uncertain regime,"{""dedupe_key"":""NIFTY|REGIME_TRANSITION_UNCERTAIN|ON|2026-08-07 14:08"",""threshold"":1,""value"":1,""since_minute_bucket_ist"":"""",""last_updated_ist"":""2026-08-07 14:08:00""}"
2026-08-07 00:00:00,2026-08-07 14:08:00,293,NIFTY,EXP_RANGE_BREAKOUT_WATCH_DOWN,OFF,MED,24540.95,Expected-range watch DOWN,"{""dedupe_key"":""NIFTY|EXP_RANGE_BREAKOUT_WATCH_DOWN|OFF|2026-08-07 14:08"",""threshold"":24540.88,""value"":24540.95,""since_minute_bucket_ist"":""2026-08-07 14:06"",""last_updated_ist"":""2026-08-07 14:08:00""}"
2026-08-07 00:00:00,2026-08-07 14:08:00,293,NIFTY,EXP_RANGE_BREAKOUT_CONFIRMED_DOWN,OFF,HIGH,0,Expected-range breakout CONFIRMED DOWN,"{""dedupe_key"":""NIFTY|EXP_RANGE_BREAKOUT_CONFIRMED_DOWN|OFF|2026-08-07 14:08"",""threshold"":2,""value"":0,""since_minute_bucket_ist"":""2026-08-07 14:07"",""last_updated_ist"":""2026-08-07 14:08:00""}"
2026-08-07 00:00:00,2026-08-07 14:08:00,293,NIFTY,VOL_CONTRACTION,OFF,LOW,-0.0008,Volatility contracting (straddle down),"{""dedupe_key"":""NIFTY|VOL_CONTRACTION|OFF|2026-08-07 14:08"",""threshold"":-0.03,""value"":-0.0008,""since_minute_bucket_ist"":""2026-08-07 14:03"",""last_updated_ist"":""2026-08-07 14:08:00""}"
2026-08-07 00:00:00,2026-08-07 14:08:00,293,NIFTY,OPTION_MOMENTUM_PUT,ON,MED,12.9,ATM PUT momentum (ltp up + vol up),"{""dedupe_key"":""NIFTY|OPTION_MOMENTUM_PUT|ON|2026-08-07 14:08"",""threshold"":1.5,""value"":12.9,""since_minute_bucket_ist"":"""",""last_updated_ist"":""2026-08-07 14:08:00""}"
2026-08-07 00:00:00,2026-08-07 14:08:00,293,NIFTY,WALL_UNWIND_CONFIRM_DOWN,ON,MED,-0.022,Put wall OI unwinding (5m),"{""dedupe_key"":""NIFTY|WALL_UNWIND_CONFIRM_DOWN|ON|2026-08-07 14:08"",""threshold"":-0.006,""value"":-0.022,""since_minute_bucket_ist"":"""",""last_updated_ist"":""2026-08-07 14:08:00""}"
2026-08-07 00:00:00,2026-08-07 14:08:00,293,NIFTY,STEALTH_BUILD_BEAR,ON,MED,0.0103,"Stealth bearish build (calls build, spot flat)","{""dedupe_key"":""NIFTY|STEALTH_BUILD_BEAR|ON|2026-08-07 14:08"",""threshold"":0.008,""value"":0.0103,""since_minute_bucket_ist"":"""",""last_updated_ist"":""2026-08-07 14:08:00""}"
2026-08-07 00:00:00,2026-08-07 14:09:00,294,NIFTY,FLOW_BEARISH_BUILD,OFF,HIGH,0.01,Bearish build (premium-confirmed writing / resistance),"{""dedupe_key"":""NIFTY|FLOW_BEARISH_BUILD|OFF|2026-08-07 14:09"",""threshold"":0.005,""value"":0.01,""since_minute_bucket_ist"":""2026-08-07 14:08"",""last_updated_ist"":""2026-08-07 14:09:00""}"
2026-08-07 00:00:00,2026-08-07 14:09:00,294,NIFTY,REGIME_RANGE_PIN,ON,LOW,0.0003,Range / pin (inside local walls),"{""dedupe_key"":""NIFTY|REGIME_RANGE_PIN|ON|2026-08-07 14:09"",""threshold"":0.001,""value"":0.0003,""since_minute_bucket_ist"":"""",""last_updated_ist"":""2026-08-07 14:09:00""}"
2026-08-07 00:00:00,2026-08-07 14:09:00,294,NIFTY,REGIME_TRANSITION_UNCERTAIN,OFF,LOW,1,Transition/uncertain regime,"{""dedupe_key"":""NIFTY|REGIME_TRANSITION_UNCERTAIN|OFF|2026-08-07 14:09"",""threshold"":1,""value"":1,""since_minute_bucket_ist"":""2026-08-07 14:08"",""last_updated_ist"":""2026-08-07 14:09:00""}"
2026-08-07 00:00:00,2026-08-07 14:09:00,294,NIFTY,VOL_CONTRACTION,ON,LOW,-0.0025,Volatility contracting (straddle down),"{""dedupe_key"":""NIFTY|VOL_CONTRACTION|ON|2026-08-07 14:09"",""threshold"":-0.03,""value"":-0.0025,""since_minute_bucket_ist"":"""",""last_updated_ist"":""2026-08-07 14:09:00""}"
2026-08-07 00:00:00,2026-08-07 14:09:00,294,NIFTY,OPTION_MOMENTUM_CALL,ON,MED,5.85,ATM CALL momentum (ltp up + vol up),"{""dedupe_key"":""NIFTY|OPTION_MOMENTUM_CALL|ON|2026-08-07 14:09"",""threshold"":1.5,""value"":5.85,""since_minute_bucket_ist"":"""",""last_updated_ist"":""2026-08-07 14:09:00""}"
2026-08-07 00:00:00,2026-08-07 14:09:00,294,NIFTY,OPTION_MOMENTUM_PUT,OFF,MED,-6.15,ATM PUT momentum (ltp up + vol up),"{""dedupe_key"":""NIFTY|OPTION_MOMENTUM_PUT|OFF|2026-08-07 14:09"",""threshold"":1.5,""value"":-6.15,""since_minute_bucket_ist"":""2026-08-07 14:08"",""last_updated_ist"":""2026-08-07 14:09:00""}"
2026-08-07 00:00:00,2026-08-07 14:10:00,295,NIFTY,REGIME_RANGE_PIN,OFF,LOW,0.0003,Range / pin (inside local walls),"{""dedupe_key"":""NIFTY|REGIME_RANGE_PIN|OFF|2026-08-07 14:10"",""threshold"":0.001,""value"":0.0003,""since_minute_bucket_ist"":""2026-08-07 14:09"",""last_updated_ist"":""2026-08-07 14:10:00""}"
2026-08-07 00:00:00,2026-08-07 14:10:00,295,NIFTY,REGIME_TRANSITION_UNCERTAIN,ON,LOW,1,Transition/uncertain regime,"{""dedupe_key"":""NIFTY|REGIME_TRANSITION_UNCERTAIN|ON|2026-08-07 14:10"",""threshold"":1,""value"":1,""since_minute_bucket_ist"":"""",""last_updated_ist"":""2026-08-07 14:10:00""}"
2026-08-07 00:00:00,2026-08-07 14:10:00,295,NIFTY,OPTION_MOMENTUM_CALL,OFF,MED,-1.65,ATM CALL momentum (ltp up + vol up),"{""dedupe_key"":""NIFTY|OPTION_MOMENTUM_CALL|OFF|2026-08-07 14:10"",""threshold"":1.5,""value"":-1.65,""since_minute_bucket_ist"":""2026-08-07 14:09"",""last_updated_ist"":""2026-08-07 14:10:00""}"
2026-08-07 00:00:00,2026-08-07 14:10:00,295,NIFTY,STEALTH_BUILD_BEAR,OFF,MED,0.0067,"Stealth bearish build (calls build, spot flat)","{""dedupe_key"":""NIFTY|STEALTH_BUILD_BEAR|OFF|2026-08-07 14:10"",""threshold"":0.008,""value"":0.0067,""since_minute_bucket_ist"":""2026-08-07 14:08"",""last_updated_ist"":""2026-08-07 14:10:00""}"
2026-08-07 00:00:00,2026-08-07 14:11:00,296,NIFTY,REGIME_RANGE_PIN,ON,LOW,0.0002,Range / pin (inside local walls),"{""dedupe_key"":""NIFTY|REGIME_RANGE_PIN|ON|2026-08-07 14:11"",""threshold"":0.001,""value"":0.0002,""since_minute_bucket_ist"":"""",""last_updated_ist"":""2026-08-07 14:11:00""}"
2026-08-07 00:00:00,2026-08-07 14:11:00,296,NIFTY,REGIME_TRANSITION_UNCERTAIN,OFF,LOW,1,Transition/uncertain regime,"{""dedupe_key"":""NIFTY|REGIME_TRANSITION_UNCERTAIN|OFF|2026-08-07 14:11"",""threshold"":1,""value"":1,""since_minute_bucket_ist"":""2026-08-07 14:10"",""last_updated_ist"":""2026-08-07 14:11:00""}"
2026-08-07 00:00:00,2026-08-07 14:12:00,297,NIFTY,PIN_BASIC,ON,LOW,37.5,Spot near a local wall (pin zone),"{""dedupe_key"":""NIFTY|PIN_BASIC|ON|2026-08-07 14:12"",""threshold"":37.5,""value"":37.5,""since_minute_bucket_ist"":"""",""last_updated_ist"":""2026-08-07 14:12:00""}"
2026-08-07 00:00:00,2026-08-07 14:12:00,297,NIFTY,VOL_EXPANSION,ON,MED,0.0023,Volatility expanding (straddle up),"{""dedupe_key"":""NIFTY|VOL_EXPANSION|ON|2026-08-07 14:12"",""threshold"":0.02,""value"":0.0023,""since_minute_bucket_ist"":"""",""last_updated_ist"":""2026-08-07 14:12:00""}"
2026-08-07 00:00:00,2026-08-07 14:12:00,297,NIFTY,VOL_CONTRACTION,OFF,LOW,0.0023,Volatility contracting (straddle down),"{""dedupe_key"":""NIFTY|VOL_CONTRACTION|OFF|2026-08-07 14:12"",""threshold"":-0.03,""value"":0.0023,""since_minute_bucket_ist"":""2026-08-07 14:09"",""last_updated_ist"":""2026-08-07 14:12:00""}"
2026-08-07 00:00:00,2026-08-07 14:12:00,297,NIFTY,OPTION_MOMENTUM_PUT,ON,MED,2.65,ATM PUT momentum (ltp up + vol up),"{""dedupe_key"":""NIFTY|OPTION_MOMENTUM_PUT|ON|2026-08-07 14:12"",""threshold"":1.5,""value"":2.65,""since_minute_bucket_ist"":"""",""last_updated_ist"":""2026-08-07 14:12:00""}"
2026-08-07 00:00:00,2026-08-07 14:13:00,298,NIFTY,FLOW_BEARISH_BUILD,ON,HIGH,0.0077,Bearish build (premium-confirmed writing / resistance),"{""dedupe_key"":""NIFTY|FLOW_BEARISH_BUILD|ON|2026-08-07 14:13"",""threshold"":0.005,""value"":0.0077,""since_minute_bucket_ist"":"""",""last_updated_ist"":""2026-08-07 14:13:00""}"
2026-08-07 00:00:00,2026-08-07 14:13:00,298,NIFTY,REGIME_RANGE_PIN,OFF,LOW,0.0001,Range / pin (inside local walls),"{""dedupe_key"":""NIFTY|REGIME_RANGE_PIN|OFF|2026-08-07 14:13"",""threshold"":0.001,""value"":0.0001,""since_minute_bucket_ist"":""2026-08-07 14:11"",""last_updated_ist"":""2026-08-07 14:13:00""}"
2026-08-07 00:00:00,2026-08-07 14:13:00,298,NIFTY,REGIME_TRANSITION_UNCERTAIN,ON,LOW,1,Transition/uncertain regime,"{""dedupe_key"":""NIFTY|REGIME_TRANSITION_UNCERTAIN|ON|2026-08-07 14:13"",""threshold"":1,""value"":1,""since_minute_bucket_ist"":"""",""last_updated_ist"":""2026-08-07 14:13:00""}"
2026-08-07 00:00:00,2026-08-07 14:13:00,298,NIFTY,PIN_BREAKOUT_SETUP,ON,MED,-4.850000000002183,Pin breakout setup (wall touch + aligned flow),"{""dedupe_key"":""NIFTY|PIN_BREAKOUT_SETUP|ON|2026-08-07 14:13"",""threshold"":0,""value"":-4.850000000002183,""since_minute_bucket_ist"":"""",""last_updated_ist"":""2026-08-07 14:13:00""}"
2026-08-07 00:00:00,2026-08-07 14:13:00,298,NIFTY,EXP_RANGE_BREAKOUT_WATCH_DOWN,ON,MED,24527.1,Expected-range watch DOWN,"{""dedupe_key"":""NIFTY|EXP_RANGE_BREAKOUT_WATCH_DOWN|ON|2026-08-07 14:13"",""threshold"":24527.56,""value"":24527.1,""since_minute_bucket_ist"":"""",""last_updated_ist"":""2026-08-07 14:13:00""}"
2026-08-07 00:00:00,2026-08-07 14:13:00,298,NIFTY,VOL_EXPANSION,OFF,MED,0.0025,Volatility expanding (straddle up),"{""dedupe_key"":""NIFTY|VOL_EXPANSION|OFF|2026-08-07 14:13"",""threshold"":0.02,""value"":0.0025,""since_minute_bucket_ist"":""2026-08-07 14:12"",""last_updated_ist"":""2026-08-07 14:13:00""}"
2026-08-07 00:00:00,2026-08-07 14:13:00,298,NIFTY,WALL_UNWIND_CONFIRM_DOWN,OFF,MED,0.0215,Put wall OI unwinding (5m),"{""dedupe_key"":""NIFTY|WALL_UNWIND_CONFIRM_DOWN|OFF|2026-08-07 14:13"",""threshold"":-0.006,""value"":0.0215,""since_minute_bucket_ist"":""2026-08-07 14:08"",""last_updated_ist"":""2026-08-07 14:13:00""}"
2026-08-07 00:00:00,2026-08-07 14:13:00,298,NIFTY,CHURN_COMMITTED,ON,MED,-0.0002,Price move + aligned flow (committed),"{""dedupe_key"":""NIFTY|CHURN_COMMITTED|ON|2026-08-07 14:13"",""threshold"":0.0001,""value"":-0.0002,""since_minute_bucket_ist"":"""",""last_updated_ist"":""2026-08-07 14:13:00""}"
2026-08-07 00:00:00,2026-08-07 14:13:00,298,NIFTY,WALL_PRESSURE_BREAK_SETUP,ON,MED,-4.850000000002183,Pressure building into a wall (break setup),"{""dedupe_key"":""NIFTY|WALL_PRESSURE_BREAK_SETUP|ON|2026-08-07 14:13"",""threshold"":0,""value"":-4.850000000002183,""since_minute_bucket_ist"":"""",""last_updated_ist"":""2026-08-07 14:13:00""}"
2026-08-07 00:00:00,2026-08-07 14:14:00,299,NIFTY,FLOW_BEARISH_BUILD,OFF,HIGH,0.01,Bearish build (premium-confirmed writing / resistance),"{""dedupe_key"":""NIFTY|FLOW_BEARISH_BUILD|OFF|2026-08-07 14:14"",""threshold"":0.005,""value"":0.01,""since_minute_bucket_ist"":""2026-08-07 14:13"",""last_updated_ist"":""2026-08-07 14:14:00""}"
2026-08-07 00:00:00,2026-08-07 14:14:00,299,NIFTY,PIN_BREAKOUT_SETUP,OFF,MED,0.25,Pin breakout setup (wall touch + aligned flow),"{""dedupe_key"":""NIFTY|PIN_BREAKOUT_SETUP|OFF|2026-08-07 14:14"",""threshold"":0,""value"":0.25,""since_minute_bucket_ist"":""2026-08-07 14:13"",""last_updated_ist"":""2026-08-07 14:14:00""}"
2026-08-07 00:00:00,2026-08-07 14:14:00,299,NIFTY,EXP_RANGE_BREAKOUT_WATCH_DOWN,OFF,MED,24527.35,Expected-range watch DOWN,"{""dedupe_key"":""NIFTY|EXP_RANGE_BREAKOUT_WATCH_DOWN|OFF|2026-08-07 14:14"",""threshold"":24526.89,""value"":24527.35,""since_minute_bucket_ist"":""2026-08-07 14:13"",""last_updated_ist"":""2026-08-07 14:14:00""}"
2026-08-07 00:00:00,2026-08-07 14:14:00,299,NIFTY,OPTION_MOMENTUM_CALL,ON,MED,1.55,ATM CALL momentum (ltp up + vol up),"{""dedupe_key"":""NIFTY|OPTION_MOMENTUM_CALL|ON|2026-08-07 14:14"",""threshold"":1.5,""value"":1.55,""since_minute_bucket_ist"":"""",""last_updated_ist"":""2026-08-07 14:14:00""}"
2026-08-07 00:00:00,2026-08-07 14:14:00,299,NIFTY,OPTION_MOMENTUM_PUT,OFF,MED,-2.25,ATM PUT momentum (ltp up + vol up),"{""dedupe_key"":""NIFTY|OPTION_MOMENTUM_PUT|OFF|2026-08-07 14:14"",""threshold"":1.5,""value"":-2.25,""since_minute_bucket_ist"":""2026-08-07 14:12"",""last_updated_ist"":""2026-08-07 14:14:00""}"
2026-08-07 00:00:00,2026-08-07 14:14:00,299,NIFTY,CHURN_COMMITTED,OFF,MED,0,Price move + aligned flow (committed),"{""dedupe_key"":""NIFTY|CHURN_COMMITTED|OFF|2026-08-07 14:14"",""threshold"":0.0001,""value"":0,""since_minute_bucket_ist"":""2026-08-07 14:13"",""last_updated_ist"":""2026-08-07 14:14:00""}"
2026-08-07 00:00:00,2026-08-07 14:14:00,299,NIFTY,STEALTH_BUILD_BEAR,ON,MED,0.01,"Stealth bearish build (calls build, spot flat)","{""dedupe_key"":""NIFTY|STEALTH_BUILD_BEAR|ON|2026-08-07 14:14"",""threshold"":0.008,""value"":0.01,""since_minute_bucket_ist"":"""",""last_updated_ist"":""2026-08-07 14:14:00""}"
2026-08-07 00:00:00,2026-08-07 14:14:00,299,NIFTY,WALL_PRESSURE_BREAK_SETUP,OFF,MED,0.25,Pressure building into a wall (break setup),"{""dedupe_key"":""NIFTY|WALL_PRESSURE_BREAK_SETUP|OFF|2026-08-07 14:14"",""threshold"":0,""value"":0.25,""since_minute_bucket_ist"":""2026-08-07 14:13"",""last_updated_ist"":""2026-08-07 14:14:00""}"
2026-08-07 00:00:00,2026-08-07 14:15:00,300,NIFTY,REGIME_RANGE_PIN,ON,LOW,0.0001,Range / pin (inside local walls),"{""dedupe_key"":""NIFTY|REGIME_RANGE_PIN|ON|2026-08-07 14:15"",""threshold"":0.001,""value"":0.0001,""since_minute_bucket_ist"":"""",""last_updated_ist"":""2026-08-07 14:15:00""}"
2026-08-07 00:00:00,2026-08-07 14:15:00,300,NIFTY,REGIME_TRANSITION_UNCERTAIN,OFF,LOW,1,Transition/uncertain regime,"{""dedupe_key"":""NIFTY|REGIME_TRANSITION_UNCERTAIN|OFF|2026-08-07 14:15"",""threshold"":1,""value"":1,""since_minute_bucket_ist"":""2026-08-07 14:13"",""last_updated_ist"":""2026-08-07 14:15:00""}"
2026-08-07 00:00:00,2026-08-07 14:15:00,300,NIFTY,OPTION_MOMENTUM_CALL,OFF,MED,0,ATM CALL momentum (ltp up + vol up),"{""dedupe_key"":""NIFTY|OPTION_MOMENTUM_CALL|OFF|2026-08-07 14:15"",""threshold"":1.5,""value"":0,""since_minute_bucket_ist"":""2026-08-07 14:14"",""last_updated_ist"":""2026-08-07 14:15:00""}"
2026-08-07 00:00:00,2026-08-07 14:15:00,300,NIFTY,STEALTH_BUILD_BEAR,OFF,MED,0,"Stealth bearish build (calls build, spot flat)","{""dedupe_key"":""NIFTY|STEALTH_BUILD_BEAR|OFF|2026-08-07 14:15"",""threshold"":0.008,""value"":0,""since_minute_bucket_ist"":""2026-08-07 14:14"",""last_updated_ist"":""2026-08-07 14:15:00""}"
2026-08-07 00:00:00,2026-08-07 14:16:00,301,NIFTY,FLOW_BEARISH_BUILD,ON,HIGH,0.0208,Bearish build (premium-confirmed writing / resistance),"{""dedupe_key"":""NIFTY|FLOW_BEARISH_BUILD|ON|2026-08-07 14:16"",""threshold"":0.005,""value"":0.0208,""since_minute_bucket_ist"":"""",""last_updated_ist"":""2026-08-07 14:16:00""}"
2026-08-07 00:00:00,2026-08-07 14:16:00,301,NIFTY,STEALTH_BUILD_BEAR,ON,MED,0.0208,"Stealth bearish build (calls build, spot flat)","{""dedupe_key"":""NIFTY|STEALTH_BUILD_BEAR|ON|2026-08-07 14:16"",""threshold"":0.008,""value"":0.0208,""since_minute_bucket_ist"":"""",""last_updated_ist"":""2026-08-07 14:16:00""}"
2026-08-07 00:00:00,2026-08-07 14:17:00,302,NIFTY,FLOW_BEARISH_BUILD,OFF,HIGH,0.0044,Bearish build (premium-confirmed writing / resistance),"{""dedupe_key"":""NIFTY|FLOW_BEARISH_BUILD|OFF|2026-08-07 14:17"",""threshold"":0.005,""value"":0.0044,""since_minute_bucket_ist"":""2026-08-07 14:16"",""last_updated_ist"":""2026-08-07 14:17:00""}"
2026-08-07 00:00:00,2026-08-07 14:17:00,302,NIFTY,PIN_BASIC,OFF,LOW,37.5,Spot near a local wall (pin zone),"{""dedupe_key"":""NIFTY|PIN_BASIC|OFF|2026-08-07 14:17"",""threshold"":37.5,""value"":37.5,""since_minute_bucket_ist"":""2026-08-07 14:12"",""last_updated_ist"":""2026-08-07 14:17:00""}"
2026-08-07 00:00:00,2026-08-07 14:17:00,302,NIFTY,VOL_CONTRACTION,ON,LOW,-0.0113,Volatility contracting (straddle down),"{""dedupe_key"":""NIFTY|VOL_CONTRACTION|ON|2026-08-07 14:17"",""threshold"":-0.03,""value"":-0.0113,""since_minute_bucket_ist"":"""",""last_updated_ist"":""2026-08-07 14:17:00""}"
2026-08-07 00:00:00,2026-08-07 14:17:00,302,NIFTY,OPTION_MOMENTUM_CALL,ON,MED,3.55,ATM CALL momentum (ltp up + vol up),"{""dedupe_key"":""NIFTY|OPTION_MOMENTUM_CALL|ON|2026-08-07 14:17"",""threshold"":1.5,""value"":3.55,""since_minute_bucket_ist"":"""",""last_updated_ist"":""2026-08-07 14:17:00""}"
2026-08-07 00:00:00,2026-08-07 14:17:00,302,NIFTY,STEALTH_BUILD_BEAR,OFF,MED,0.0044,"Stealth bearish build (calls build, spot flat)","{""dedupe_key"":""NIFTY|STEALTH_BUILD_BEAR|OFF|2026-08-07 14:17"",""threshold"":0.008,""value"":0.0044,""since_minute_bucket_ist"":""2026-08-07 14:16"",""last_updated_ist"":""2026-08-07 14:17:00""}"
2026-08-07 00:00:00,2026-08-07 14:18:00,303,NIFTY,FLOW_BEARISH_BUILD,ON,HIGH,0.009,Bearish build (premium-confirmed writing / resistance),"{""dedupe_key"":""NIFTY|FLOW_BEARISH_BUILD|ON|2026-08-07 14:18"",""threshold"":0.005,""value"":0.009,""since_minute_bucket_ist"":"""",""last_updated_ist"":""2026-08-07 14:18:00""}"
2026-08-07 00:00:00,2026-08-07 14:18:00,303,NIFTY,PIN_BASIC,ON,LOW,37.5,Spot near a local wall (pin zone),"{""dedupe_key"":""NIFTY|PIN_BASIC|ON|2026-08-07 14:18"",""threshold"":37.5,""value"":37.5,""since_minute_bucket_ist"":"""",""last_updated_ist"":""2026-08-07 14:18:00""}"
2026-08-07 00:00:00,2026-08-07 14:18:00,303,NIFTY,PIN_BREAKOUT_SETUP,ON,MED,-3.350000000002183,Pin breakout setup (wall touch + aligned flow),"{""dedupe_key"":""NIFTY|PIN_BREAKOUT_SETUP|ON|2026-08-07 14:18"",""threshold"":0,""value"":-3.350000000002183,""since_minute_bucket_ist"":"""",""last_updated_ist"":""2026-08-07 14:18:00""}"
2026-08-07 00:00:00,2026-08-07 14:18:00,303,NIFTY,OPTION_MOMENTUM_CALL,OFF,MED,-0.5,ATM CALL momentum (ltp up + vol up),"{""dedupe_key"":""NIFTY|OPTION_MOMENTUM_CALL|OFF|2026-08-07 14:18"",""threshold"":1.5,""value"":-0.5,""since_minute_bucket_ist"":""2026-08-07 14:17"",""last_updated_ist"":""2026-08-07 14:18:00""}"
2026-08-07 00:00:00,2026-08-07 14:18:00,303,NIFTY,WALL_UNWIND_CONFIRM_DOWN,ON,MED,-0.0295,Put wall OI unwinding (5m),"{""dedupe_key"":""NIFTY|WALL_UNWIND_CONFIRM_DOWN|ON|2026-08-07 14:18"",""threshold"":-0.006,""value"":-0.0295,""since_minute_bucket_ist"":"""",""last_updated_ist"":""2026-08-07 14:18:00""}"
2026-08-07 00:00:00,2026-08-07 14:18:00,303,NIFTY,CHURN_COMMITTED,ON,MED,-0.0001,Price move + aligned flow (committed),"{""dedupe_key"":""NIFTY|CHURN_COMMITTED|ON|2026-08-07 14:18"",""threshold"":0.0001,""value"":-0.0001,""since_minute_bucket_ist"":"""",""last_updated_ist"":""2026-08-07 14:18:00""}"
2026-08-07 00:00:00,2026-08-07 14:18:00,303,NIFTY,STEALTH_BUILD_BEAR,ON,MED,0.009,"Stealth bearish build (calls build, spot flat)","{""dedupe_key"":""NIFTY|STEALTH_BUILD_BEAR|ON|2026-08-07 14:18"",""threshold"":0.008,""value"":0.009,""since_minute_bucket_ist"":"""",""last_updated_ist"":""2026-08-07 14:18:00""}"
2026-08-07 00:00:00,2026-08-07 14:18:00,303,NIFTY,WALL_PRESSURE_BREAK_SETUP,ON,MED,-3.350000000002183,Pressure building into a wall (break setup),"{""dedupe_key"":""NIFTY|WALL_PRESSURE_BREAK_SETUP|ON|2026-08-07 14:18"",""threshold"":0,""value"":-3.350000000002183,""since_minute_bucket_ist"":"""",""last_updated_ist"":""2026-08-07 14:18:00""}"
2026-08-07 00:00:00,2026-08-07 14:19:00,304,NIFTY,FLOW_BEARISH_BUILD,OFF,HIGH,0,Bearish build (premium-confirmed writing / resistance),"{""dedupe_key"":""NIFTY|FLOW_BEARISH_BUILD|OFF|2026-08-07 14:19"",""threshold"":0.005,""value"":0,""since_minute_bucket_ist"":""2026-08-07 14:18"",""last_updated_ist"":""2026-08-07 14:19:00""}"
2026-08-07 00:00:00,2026-08-07 14:19:00,304,NIFTY,REGIME_RANGE_PIN,OFF,LOW,0.0002,Range / pin (inside local walls),"{""dedupe_key"":""NIFTY|REGIME_RANGE_PIN|OFF|2026-08-07 14:19"",""threshold"":0.001,""value"":0.0002,""since_minute_bucket_ist"":""2026-08-07 14:15"",""last_updated_ist"":""2026-08-07 14:19:00""}"
2026-08-07 00:00:00,2026-08-07 14:19:00,304,NIFTY,REGIME_TRANSITION_UNCERTAIN,ON,LOW,1,Transition/uncertain regime,"{""dedupe_key"":""NIFTY|REGIME_TRANSITION_UNCERTAIN|ON|2026-08-07 14:19"",""threshold"":1,""value"":1,""since_minute_bucket_ist"":"""",""last_updated_ist"":""2026-08-07 14:19:00""}"
2026-08-07 00:00:00,2026-08-07 14:19:00,304,NIFTY,PIN_BASIC,OFF,LOW,37.5,Spot near a local wall (pin zone),"{""dedupe_key"":""NIFTY|PIN_BASIC|OFF|2026-08-07 14:19"",""threshold"":37.5,""value"":37.5,""since_minute_bucket_ist"":""2026-08-07 14:18"",""last_updated_ist"":""2026-08-07 14:19:00""}"
2026-08-07 00:00:00,2026-08-07 14:19:00,304,NIFTY,PIN_BREAKOUT_SETUP,OFF,MED,4.55000000000291,Pin breakout setup (wall touch + aligned flow),"{""dedupe_key"":""NIFTY|PIN_BREAKOUT_SETUP|OFF|2026-08-07 14:19"",""threshold"":0,""value"":4.55000000000291,""since_minute_bucket_ist"":""2026-08-07 14:18"",""last_updated_ist"":""2026-08-07 14:19:00""}"
2026-08-07 00:00:00,2026-08-07 14:19:00,304,NIFTY,CHURN_COMMITTED,OFF,MED,0.0002,Price move + aligned flow (committed),"{""dedupe_key"":""NIFTY|CHURN_COMMITTED|OFF|2026-08-07 14:19"",""threshold"":0.0001,""value"":0.0002,""since_minute_bucket_ist"":""2026-08-07 14:18"",""last_updated_ist"":""2026-08-07 14:19:00""}"
2026-08-07 00:00:00,2026-08-07 14:19:00,304,NIFTY,STEALTH_BUILD_BEAR,OFF,MED,0,"Stealth bearish build (calls build, spot flat)","{""dedupe_key"":""NIFTY|STEALTH_BUILD_BEAR|OFF|2026-08-07 14:19"",""threshold"":0.008,""value"":0,""since_minute_bucket_ist"":""2026-08-07 14:18"",""last_updated_ist"":""2026-08-07 14:19:00""}"
2026-08-07 00:00:00,2026-08-07 14:19:00,304,NIFTY,WALL_PRESSURE_BREAK_SETUP,OFF,MED,4.55000000000291,Pressure building into a wall (break setup),"{""dedupe_key"":""NIFTY|WALL_PRESSURE_BREAK_SETUP|OFF|2026-08-07 14:19"",""threshold"":0,""value"":4.55000000000291,""since_minute_bucket_ist"":""2026-08-07 14:18"",""last_updated_ist"":""2026-08-07 14:19:00""}"
2026-08-07 00:00:00,2026-08-07 14:20:00,305,NIFTY,REGIME_RANGE_PIN,ON,LOW,0.0002,Range / pin (inside local walls),"{""dedupe_key"":""NIFTY|REGIME_RANGE_PIN|ON|2026-08-07 14:20"",""threshold"":0.001,""value"":0.0002,""since_minute_bucket_ist"":"""",""last_updated_ist"":""2026-08-07 14:20:00""}"
2026-08-07 00:00:00,2026-08-07 14:20:00,305,NIFTY,REGIME_TRANSITION_UNCERTAIN,OFF,LOW,1899-12-31 00:00:00,Transition/uncertain regime,"{""dedupe_key"":""NIFTY|REGIME_TRANSITION_UNCERTAIN|OFF|2026-08-07 14:20"",""threshold"":1,""value"":1,""since_minute_bucket_ist"":""2026-08-07 14:19"",""last_updated_ist"":""2026-08-07 14:20:00""}"
2026-08-07 00:00:00,2026-08-07 14:20:00,305,NIFTY,PIN_BASIC,ON,LOW,37.5,Spot near a local wall (pin zone),"{""dedupe_key"":""NIFTY|PIN_BASIC|ON|2026-08-07 14:20"",""threshold"":37.5,""value"":37.5,""since_minute_bucket_ist"":"""",""last_updated_ist"":""2026-08-07 14:20:00""}"
2026-08-07 00:00:00,2026-08-07 14:20:00,305,NIFTY,VOL_CONTRACTION,OFF,LOW,-0.0023,Volatility contracting (straddle down),"{""dedupe_key"":""NIFTY|VOL_CONTRACTION|OFF|2026-08-07 14:20"",""threshold"":-0.03,""value"":-0.0023,""since_minute_bucket_ist"":""2026-08-07 14:17"",""last_updated_ist"":""2026-08-07 14:20:00""}"
2026-08-07 00:00:00,2026-08-07 14:20:00,305,NIFTY,OPTION_MOMENTUM_PUT,ON,MED,2.45,ATM PUT momentum (ltp up + vol up),"{""dedupe_key"":""NIFTY|OPTION_MOMENTUM_PUT|ON|2026-08-07 14:20"",""threshold"":1.5,""value"":2.45,""since_minute_bucket_ist"":"""",""last_updated_ist"":""2026-08-07 14:20:00""}"
2026-08-07 00:00:00,2026-08-07 14:21:00,306,NIFTY,FLOW_BULLISH_BUILD,ON,HIGH,0.0041,Bullish build (premium-confirmed writing / support),"{""dedupe_key"":""NIFTY|FLOW_BULLISH_BUILD|ON|2026-08-07 14:21"",""threshold"":0.005,""value"":0.0041,""since_minute_bucket_ist"":"""",""last_updated_ist"":""2026-08-07 14:21:00""}"
2026-08-07 00:00:00,2026-08-07 14:21:00,306,NIFTY,PIN_BASIC,OFF,LOW,37.5,Spot near a local wall (pin zone),"{""dedupe_key"":""NIFTY|PIN_BASIC|OFF|2026-08-07 14:21"",""threshold"":37.5,""value"":37.5,""since_minute_bucket_ist"":""2026-08-07 14:20"",""last_updated_ist"":""2026-08-07 14:21:00""}"
2026-08-07 00:00:00,2026-08-07 14:21:00,306,NIFTY,OPTION_MOMENTUM_CALL,ON,MED,3.15,ATM CALL momentum (ltp up + vol up),"{""dedupe_key"":""NIFTY|OPTION_MOMENTUM_CALL|ON|2026-08-07 14:21"",""threshold"":1.5,""value"":3.15,""since_minute_bucket_ist"":"""",""last_updated_ist"":""2026-08-07 14:21:00""}"
2026-08-07 00:00:00,2026-08-07 14:21:00,306,NIFTY,OPTION_MOMENTUM_PUT,OFF,MED,-3.55,ATM PUT momentum (ltp up + vol up),"{""dedupe_key"":""NIFTY|OPTION_MOMENTUM_PUT|OFF|2026-08-07 14:21"",""threshold"":1.5,""value"":-3.55,""since_minute_bucket_ist"":""2026-08-07 14:20"",""last_updated_ist"":""2026-08-07 14:21:00""}"
2026-08-07 00:00:00,2026-08-07 14:21:00,306,NIFTY,WALL_UNWIND_CONFIRM_DOWN,OFF,MED,0.0014,Put wall OI unwinding (5m),"{""dedupe_key"":""NIFTY|WALL_UNWIND_CONFIRM_DOWN|OFF|2026-08-07 14:21"",""threshold"":-0.006,""value"":0.0014,""since_minute_bucket_ist"":""2026-08-07 14:18"",""last_updated_ist"":""2026-08-07 14:21:00""}"
2026-08-07 00:00:00,2026-08-07 14:21:00,306,NIFTY,CHURN_COMMITTED,ON,MED,0.0002,Price move + aligned flow (committed),"{""dedupe_key"":""NIFTY|CHURN_COMMITTED|ON|2026-08-07 14:21"",""threshold"":0.0001,""value"":0.0002,""since_minute_bucket_ist"":"""",""last_updated_ist"":""2026-08-07 14:21:00""}"
2026-08-07 00:00:00,2026-08-07 14:22:00,307,NIFTY,FLOW_BULLISH_BUILD,OFF,HIGH,0.0014,Bullish build (premium-confirmed writing / support),"{""dedupe_key"":""NIFTY|FLOW_BULLISH_BUILD|OFF|2026-08-07 14:22"",""threshold"":0.005,""value"":0.0014,""since_minute_bucket_ist"":""2026-08-07 14:21"",""last_updated_ist"":""2026-08-07 14:22:00""}"
2026-08-07 00:00:00,2026-08-07 14:22:00,307,NIFTY,PIN_BASIC,ON,LOW,37.5,Spot near a local wall (pin zone),"{""dedupe_key"":""NIFTY|PIN_BASIC|ON|2026-08-07 14:22"",""threshold"":37.5,""value"":37.5,""since_minute_bucket_ist"":"""",""last_updated_ist"":""2026-08-07 14:22:00""}"
2026-08-07 00:00:00,2026-08-07 14:22:00,307,NIFTY,OPTION_MOMENTUM_CALL,OFF,MED,-1,ATM CALL momentum (ltp up + vol up),"{""dedupe_key"":""NIFTY|OPTION_MOMENTUM_CALL|OFF|2026-08-07 14:22"",""threshold"":1.5,""value"":-1,""since_minute_bucket_ist"":""2026-08-07 14:21"",""last_updated_ist"":""2026-08-07 14:22:00""}"
2026-08-07 00:00:00,2026-08-07 14:22:00,307,NIFTY,CHURN_COMMITTED,OFF,MED,-0.0001,Price move + aligned flow (committed),"{""dedupe_key"":""NIFTY|CHURN_COMMITTED|OFF|2026-08-07 14:22"",""threshold"":0.0001,""value"":-0.0001,""since_minute_bucket_ist"":""2026-08-07 14:21"",""last_updated_ist"":""2026-08-07 14:22:00""}"
2026-08-07 00:00:00,2026-08-07 14:23:00,308,NIFTY,OPTION_MOMENTUM_PUT,ON,MED,2.25,ATM PUT momentum (ltp up + vol up),"{""dedupe_key"":""NIFTY|OPTION_MOMENTUM_PUT|ON|2026-08-07 14:23"",""threshold"":1.5,""value"":2.25,""since_minute_bucket_ist"":"""",""last_updated_ist"":""2026-08-07 14:23:00""}"
2026-08-07 00:00:00,2026-08-07 14:24:00,309,NIFTY,PIN_BASIC,OFF,LOW,37.5,Spot near a local wall (pin zone),"{""dedupe_key"":""NIFTY|PIN_BASIC|OFF|2026-08-07 14:24"",""threshold"":37.5,""value"":37.5,""since_minute_bucket_ist"":""2026-08-07 14:22"",""last_updated_ist"":""2026-08-07 14:24:00""}"
2026-08-07 00:00:00,2026-08-07 14:24:00,309,NIFTY,OPTION_MOMENTUM_PUT,OFF,MED,-1.75,ATM PUT momentum (ltp up + vol up),"{""dedupe_key"":""NIFTY|OPTION_MOMENTUM_PUT|OFF|2026-08-07 14:24"",""threshold"":1.5,""value"":-1.75,""since_minute_bucket_ist"":""2026-08-07 14:23"",""last_updated_ist"":""2026-08-07 14:24:00""}"
2026-08-07 00:00:00,2026-08-07 14:27:00,312,NIFTY,FLOW_BULLISH_BUILD,ON,HIGH,0.0043,Bullish build (premium-confirmed writing / support),"{""dedupe_key"":""NIFTY|FLOW_BULLISH_BUILD|ON|2026-08-07 14:27"",""threshold"":0.005,""value"":0.0043,""since_minute_bucket_ist"":"""",""last_updated_ist"":""2026-08-07 14:27:00""}"
2026-08-07 00:00:00,2026-08-07 14:29:00,314,NIFTY,PIN_BASIC,ON,LOW,37.5,Spot near a local wall (pin zone),"{""dedupe_key"":""NIFTY|PIN_BASIC|ON|2026-08-07 14:29"",""threshold"":37.5,""value"":37.5,""since_minute_bucket_ist"":"""",""last_updated_ist"":""2026-08-07 14:29:00""}"
2026-08-07 00:00:00,2026-08-07 14:29:00,314,NIFTY,WALL_UNWIND_CONFIRM_UP,ON,MED,-0.0096,Call wall OI unwinding (5m),"{""dedupe_key"":""NIFTY|WALL_UNWIND_CONFIRM_UP|ON|2026-08-07 14:29"",""threshold"":-0.006,""value"":-0.0096,""since_minute_bucket_ist"":"""",""last_updated_ist"":""2026-08-07 14:29:00""}"
2026-08-07 00:00:00,2026-08-07 14:31:00,316,NIFTY,EXP_RANGE_BREAKOUT_WATCH_DOWN,ON,MED,24528.2,Expected-range watch DOWN,"{""dedupe_key"":""NIFTY|EXP_RANGE_BREAKOUT_WATCH_DOWN|ON|2026-08-07 14:31"",""threshold"":24531.77,""value"":24528.2,""since_minute_bucket_ist"":"""",""last_updated_ist"":""2026-08-07 14:31:00""}"
2026-08-07 00:00:00,2026-08-07 14:32:00,317,NIFTY,FLOW_BULLISH_BUILD,OFF,HIGH,-0.0024,Bullish build (premium-confirmed writing / support),"{""dedupe_key"":""NIFTY|FLOW_BULLISH_BUILD|OFF|2026-08-07 14:32"",""threshold"":0.005,""value"":-0.0024,""since_minute_bucket_ist"":""2026-08-07 14:27"",""last_updated_ist"":""2026-08-07 14:32:00""}"
2026-08-07 00:00:00,2026-08-07 14:32:00,317,NIFTY,EXP_RANGE_BREAKOUT_CONFIRMED_DOWN,ON,HIGH,2,Expected-range breakout CONFIRMED DOWN,"{""dedupe_key"":""NIFTY|EXP_RANGE_BREAKOUT_CONFIRMED_DOWN|ON|2026-08-07 14:32"",""threshold"":2,""value"":2,""since_minute_bucket_ist"":"""",""last_updated_ist"":""2026-08-07 14:32:00""}"
2026-08-07 00:00:00,2026-08-07 14:32:00,317,NIFTY,VOL_EXPANSION,ON,MED,0.0057,Volatility expanding (straddle up),"{""dedupe_key"":""NIFTY|VOL_EXPANSION|ON|2026-08-07 14:32"",""threshold"":0.02,""value"":0.0057,""since_minute_bucket_ist"":"""",""last_updated_ist"":""2026-08-07 14:32:00""}"
2026-08-07 00:00:00,2026-08-07 14:33:00,318,NIFTY,FLOW_BULLISH_BUILD,ON,HIGH,0.0046,Bullish build (premium-confirmed writing / support),"{""dedupe_key"":""NIFTY|FLOW_BULLISH_BUILD|ON|2026-08-07 14:33"",""threshold"":0.005,""value"":0.0046,""since_minute_bucket_ist"":"""",""last_updated_ist"":""2026-08-07 14:33:00""}"
2026-08-07 00:00:00,2026-08-07 14:33:00,318,NIFTY,PIN_BASIC,OFF,LOW,37.5,Spot near a local wall (pin zone),"{""dedupe_key"":""NIFTY|PIN_BASIC|OFF|2026-08-07 14:33"",""threshold"":37.5,""value"":37.5,""since_minute_bucket_ist"":""2026-08-07 14:29"",""last_updated_ist"":""2026-08-07 14:33:00""}"
2026-08-07 00:00:00,2026-08-07 14:33:00,318,NIFTY,EXP_RANGE_BREAKOUT_WATCH_UP,ON,MED,24543.7,Expected-range watch UP,"{""dedupe_key"":""NIFTY|EXP_RANGE_BREAKOUT_WATCH_UP|ON|2026-08-07 14:33"",""threshold"":24542.73,""value"":24543.7,""since_minute_bucket_ist"":"""",""last_updated_ist"":""2026-08-07 14:33:00""}"
2026-08-07 00:00:00,2026-08-07 14:33:00,318,NIFTY,EXP_RANGE_BREAKOUT_WATCH_DOWN,OFF,MED,24543.7,Expected-range watch DOWN,"{""dedupe_key"":""NIFTY|EXP_RANGE_BREAKOUT_WATCH_DOWN|OFF|2026-08-07 14:33"",""threshold"":24530.29,""value"":24543.7,""since_minute_bucket_ist"":""2026-08-07 14:31"",""last_updated_ist"":""2026-08-07 14:33:00""}"
2026-08-07 00:00:00,2026-08-07 14:33:00,318,NIFTY,EXP_RANGE_BREAKOUT_CONFIRMED_DOWN,OFF,HIGH,0,Expected-range breakout CONFIRMED DOWN,"{""dedupe_key"":""NIFTY|EXP_RANGE_BREAKOUT_CONFIRMED_DOWN|OFF|2026-08-07 14:33"",""threshold"":2,""value"":0,""since_minute_bucket_ist"":""2026-08-07 14:32"",""last_updated_ist"":""2026-08-07 14:33:00""}"
2026-08-07 00:00:00,2026-08-07 14:33:00,318,NIFTY,VOL_EXPANSION,OFF,MED,-0.0057,Volatility expanding (straddle up),"{""dedupe_key"":""NIFTY|VOL_EXPANSION|OFF|2026-08-07 14:33"",""threshold"":0.02,""value"":-0.0057,""since_minute_bucket_ist"":""2026-08-07 14:32"",""last_updated_ist"":""2026-08-07 14:33:00""}"
2026-08-07 00:00:00,2026-08-07 14:33:00,318,NIFTY,VOL_CONTRACTION,ON,LOW,-0.0057,Volatility contracting (straddle down),"{""dedupe_key"":""NIFTY|VOL_CONTRACTION|ON|2026-08-07 14:33"",""threshold"":-0.03,""value"":-0.0057,""since_minute_bucket_ist"":"""",""last_updated_ist"":""2026-08-07 14:33:00""}"
2026-08-07 00:00:00,2026-08-07 14:33:00,318,NIFTY,OPTION_MOMENTUM_CALL,ON,MED,3.65,ATM CALL momentum (ltp up + vol up),"{""dedupe_key"":""NIFTY|OPTION_MOMENTUM_CALL|ON|2026-08-07 14:33"",""threshold"":1.5,""value"":3.65,""since_minute_bucket_ist"":"""",""last_updated_ist"":""2026-08-07 14:33:00""}"
2026-08-07 00:00:00,2026-08-07 14:33:00,318,NIFTY,CHURN_COMMITTED,ON,MED,0.0006,Price move + aligned flow (committed),"{""dedupe_key"":""NIFTY|CHURN_COMMITTED|ON|2026-08-07 14:33"",""threshold"":0.0001,""value"":0.0006,""since_minute_bucket_ist"":"""",""last_updated_ist"":""2026-08-07 14:33:00""}"
2026-08-07 00:00:00,2026-08-07 14:34:00,319,NIFTY,FLOW_BULLISH_BUILD,OFF,HIGH,-0.016,Bullish build (premium-confirmed writing / support),"{""dedupe_key"":""NIFTY|FLOW_BULLISH_BUILD|OFF|2026-08-07 14:34"",""threshold"":0.005,""value"":-0.016,""since_minute_bucket_ist"":""2026-08-07 14:33"",""last_updated_ist"":""2026-08-07 14:34:00""}"
2026-08-07 00:00:00,2026-08-07 14:34:00,319,NIFTY,REGIME_RANGE_PIN,OFF,LOW,0.0003,Range / pin (inside local walls),"{""dedupe_key"":""NIFTY|REGIME_RANGE_PIN|OFF|2026-08-07 14:34"",""threshold"":0.001,""value"":0.0003,""since_minute_bucket_ist"":""2026-08-07 14:20"",""last_updated_ist"":""2026-08-07 14:34:00""}"
2026-08-07 00:00:00,2026-08-07 14:34:00,319,NIFTY,REGIME_TRANSITION_UNCERTAIN,ON,LOW,1,Transition/uncertain regime,"{""dedupe_key"":""NIFTY|REGIME_TRANSITION_UNCERTAIN|ON|2026-08-07 14:34"",""threshold"":1,""value"":1,""since_minute_bucket_ist"":"""",""last_updated_ist"":""2026-08-07 14:34:00""}"
2026-08-07 00:00:00,2026-08-07 14:34:00,319,NIFTY,EXP_RANGE_BREAKOUT_CONFIRMED_UP,ON,HIGH,2,Expected-range breakout CONFIRMED UP,"{""dedupe_key"":""NIFTY|EXP_RANGE_BREAKOUT_CONFIRMED_UP|ON|2026-08-07 14:34"",""threshold"":2,""value"":2,""since_minute_bucket_ist"":"""",""last_updated_ist"":""2026-08-07 14:34:00""}"
2026-08-07 00:00:00,2026-08-07 14:34:00,319,NIFTY,OPTION_MOMENTUM_CALL,OFF,MED,-0.15,ATM CALL momentum (ltp up + vol up),"{""dedupe_key"":""NIFTY|OPTION_MOMENTUM_CALL|OFF|2026-08-07 14:34"",""threshold"":1.5,""value"":-0.15,""since_minute_bucket_ist"":""2026-08-07 14:33"",""last_updated_ist"":""2026-08-07 14:34:00""}"
2026-08-07 00:00:00,2026-08-07 14:34:00,319,NIFTY,WALL_UNWIND_CONFIRM_DOWN,ON,MED,-0.0123,Put wall OI unwinding (5m),"{""dedupe_key"":""NIFTY|WALL_UNWIND_CONFIRM_DOWN|ON|2026-08-07 14:34"",""threshold"":-0.006,""value"":-0.0123,""since_minute_bucket_ist"":"""",""last_updated_ist"":""2026-08-07 14:34:00""}"
2026-08-07 00:00:00,2026-08-07 14:34:00,319,NIFTY,CHURN_COMMITTED,OFF,MED,0.0002,Price move + aligned flow (committed),"{""dedupe_key"":""NIFTY|CHURN_COMMITTED|OFF|2026-08-07 14:34"",""threshold"":0.0001,""value"":0.0002,""since_minute_bucket_ist"":""2026-08-07 14:33"",""last_updated_ist"":""2026-08-07 14:34:00""}"
2026-08-07 00:00:00,2026-08-07 14:35:00,320,NIFTY,FLOW_BEARISH_BUILD,ON,HIGH,0.0029,Bearish build (premium-confirmed writing / resistance),"{""dedupe_key"":""NIFTY|FLOW_BEARISH_BUILD|ON|2026-08-07 14:35"",""threshold"":0.005,""value"":0.0029,""since_minute_bucket_ist"":"""",""last_updated_ist"":""2026-08-07 14:35:00""}"
2026-08-07 00:00:00,2026-08-07 14:35:00,320,NIFTY,REGIME_RANGE_PIN,ON,LOW,0.0003,Range / pin (inside local walls),"{""dedupe_key"":""NIFTY|REGIME_RANGE_PIN|ON|2026-08-07 14:35"",""threshold"":0.001,""value"":0.0003,""since_minute_bucket_ist"":"""",""last_updated_ist"":""2026-08-07 14:35:00""}"
2026-08-07 00:00:00,2026-08-07 14:35:00,320,NIFTY,REGIME_TRANSITION_UNCERTAIN,OFF,LOW,1,Transition/uncertain regime,"{""dedupe_key"":""NIFTY|REGIME_TRANSITION_UNCERTAIN|OFF|2026-08-07 14:35"",""threshold"":1,""value"":1,""since_minute_bucket_ist"":""2026-08-07 14:34"",""last_updated_ist"":""2026-08-07 14:35:00""}"
2026-08-07 00:00:00,2026-08-07 14:35:00,320,NIFTY,EXP_RANGE_BREAKOUT_WATCH_UP,OFF,MED,24544.4,Expected-range watch UP,"{""dedupe_key"":""NIFTY|EXP_RANGE_BREAKOUT_WATCH_UP|OFF|2026-08-07 14:35"",""threshold"":24545.99,""value"":24544.4,""since_minute_bucket_ist"":""2026-08-07 14:33"",""last_updated_ist"":""2026-08-07 14:35:00""}"
2026-08-07 00:00:00,2026-08-07 14:35:00,320,NIFTY,EXP_RANGE_BREAKOUT_CONFIRMED_UP,OFF,HIGH,0,Expected-range breakout CONFIRMED UP,"{""dedupe_key"":""NIFTY|EXP_RANGE_BREAKOUT_CONFIRMED_UP|OFF|2026-08-07 14:35"",""threshold"":2,""value"":0,""since_minute_bucket_ist"":""2026-08-07 14:34"",""last_updated_ist"":""2026-08-07 14:35:00""}"
2026-08-07 00:00:00,2026-08-07 14:35:00,320,NIFTY,OPTION_MOMENTUM_PUT,ON,MED,1.6,ATM PUT momentum (ltp up + vol up),"{""dedupe_key"":""NIFTY|OPTION_MOMENTUM_PUT|ON|2026-08-07 14:35"",""threshold"":1.5,""value"":1.6,""since_minute_bucket_ist"":"""",""last_updated_ist"":""2026-08-07 14:35:00""}"
2026-08-07 00:00:00,2026-08-07 14:35:00,320,NIFTY,CHURN_COMMITTED,ON,MED,-0.0001,Price move + aligned flow (committed),"{""dedupe_key"":""NIFTY|CHURN_COMMITTED|ON|2026-08-07 14:35"",""threshold"":0.0001,""value"":-0.0001,""since_minute_bucket_ist"":"""",""last_updated_ist"":""2026-08-07 14:35:00""}"
2026-08-07 00:00:00,2026-08-07 14:35:00,320,NIFTY,BULL_TRAP,ON,HIGH,1,Bull trap: failed upside breakout + bearish flow,"{""dedupe_key"":""NIFTY|BULL_TRAP|ON|2026-08-07 14:35"",""threshold"":1,""value"":1,""since_minute_bucket_ist"":"""",""last_updated_ist"":""2026-08-07 14:35:00""}"
2026-08-07 00:00:00,2026-08-07 14:36:00,321,NIFTY,TRADE_LIMIT_REACHED,ON,MED,11,Cooldown active (2m),"{""dedupe_key"":""NIFTY|TRADE_LIMIT_REACHED|ON|2026-08-07 14:36"",""threshold"":500,""value"":11,""since_minute_bucket_ist"":"""",""last_updated_ist"":""2026-08-07 14:36:00""}"
2026-08-07 00:00:00,2026-08-07 14:36:00,321,NIFTY,FLOW_BEARISH_BUILD,OFF,HIGH,-0.0012,Bearish build (premium-confirmed writing / resistance),"{""dedupe_key"":""NIFTY|FLOW_BEARISH_BUILD|OFF|2026-08-07 14:36"",""threshold"":0.005,""value"":-0.0012,""since_minute_bucket_ist"":""2026-08-07 14:35"",""last_updated_ist"":""2026-08-07 14:36:00""}"
2026-08-07 00:00:00,2026-08-07 14:36:00,321,NIFTY,REGIME_RANGE_PIN,OFF,LOW,0.0002,Range / pin (inside local walls),"{""dedupe_key"":""NIFTY|REGIME_RANGE_PIN|OFF|2026-08-07 14:36"",""threshold"":0.001,""value"":0.0002,""since_minute_bucket_ist"":""2026-08-07 14:35"",""last_updated_ist"":""2026-08-07 14:36:00""}"
2026-08-07 00:00:00,2026-08-07 14:36:00,321,NIFTY,REGIME_TRANSITION_UNCERTAIN,ON,LOW,1,Transition/uncertain regime,"{""dedupe_key"":""NIFTY|REGIME_TRANSITION_UNCERTAIN|ON|2026-08-07 14:36"",""threshold"":1,""value"":1,""since_minute_bucket_ist"":"""",""last_updated_ist"":""2026-08-07 14:36:00""}"
2026-08-07 00:00:00,2026-08-07 14:36:00,321,NIFTY,OPTION_MOMENTUM_PUT,OFF,MED,-1.5,ATM PUT momentum (ltp up + vol up),"{""dedupe_key"":""NIFTY|OPTION_MOMENTUM_PUT|OFF|2026-08-07 14:36"",""threshold"":1.5,""value"":-1.5,""since_minute_bucket_ist"":""2026-08-07 14:35"",""last_updated_ist"":""2026-08-07 14:36:00""}"
2026-08-07 00:00:00,2026-08-07 14:36:00,321,NIFTY,WALL_UNWIND_CONFIRM_UP,OFF,MED,-0.0055,Call wall OI unwinding (5m),"{""dedupe_key"":""NIFTY|WALL_UNWIND_CONFIRM_UP|OFF|2026-08-07 14:36"",""threshold"":-0.006,""value"":-0.0055,""since_minute_bucket_ist"":""2026-08-07 14:29"",""last_updated_ist"":""2026-08-07 14:36:00""}"
2026-08-07 00:00:00,2026-08-07 14:36:00,321,NIFTY,CHURN_COMMITTED,OFF,MED,0,Price move + aligned flow (committed),"{""dedupe_key"":""NIFTY|CHURN_COMMITTED|OFF|2026-08-07 14:36"",""threshold"":0.0001,""value"":0,""since_minute_bucket_ist"":""2026-08-07 14:35"",""last_updated_ist"":""2026-08-07 14:36:00""}"
2026-08-07 00:00:00,2026-08-07 14:36:00,321,NIFTY,BULL_TRAP,OFF,HIGH,1,Bull trap: failed upside breakout + bearish flow,"{""dedupe_key"":""NIFTY|BULL_TRAP|OFF|2026-08-07 14:36"",""threshold"":1,""value"":1,""since_minute_bucket_ist"":""2026-08-07 14:35"",""last_updated_ist"":""2026-08-07 14:36:00""}"
2026-08-07 00:00:00,2026-08-07 14:38:00,323,NIFTY,TRADE_LIMIT_REACHED,OFF,MED,11,Cooldown active (2m),"{""dedupe_key"":""NIFTY|TRADE_LIMIT_REACHED|OFF|2026-08-07 14:38"",""threshold"":500,""value"":11,""since_minute_bucket_ist"":""2026-08-07 14:36"",""last_updated_ist"":""2026-08-07 14:38:00""}"
2026-08-07 00:00:00,2026-08-07 14:38:00,323,NIFTY,FLOW_BULLISH_BUILD,ON,HIGH,0.002,Bullish build (premium-confirmed writing / support),"{""dedupe_key"":""NIFTY|FLOW_BULLISH_BUILD|ON|2026-08-07 14:38"",""threshold"":0.005,""value"":0.002,""since_minute_bucket_ist"":"""",""last_updated_ist"":""2026-08-07 14:38:00""}"
2026-08-07 00:00:00,2026-08-07 14:38:00,323,NIFTY,REGIME_RANGE_PIN,ON,LOW,0.0002,Range / pin (inside local walls),"{""dedupe_key"":""NIFTY|REGIME_RANGE_PIN|ON|2026-08-07 14:38"",""threshold"":0.001,""value"":0.0002,""since_minute_bucket_ist"":"""",""last_updated_ist"":""2026-08-07 14:38:00""}"
2026-08-07 00:00:00,2026-08-07 14:38:00,323,NIFTY,REGIME_TRANSITION_UNCERTAIN,OFF,LOW,1,Transition/uncertain regime,"{""dedupe_key"":""NIFTY|REGIME_TRANSITION_UNCERTAIN|OFF|2026-08-07 14:38"",""threshold"":1,""value"":1,""since_minute_bucket_ist"":""2026-08-07 14:36"",""last_updated_ist"":""2026-08-07 14:38:00""}"
2026-08-07 00:00:00,2026-08-07 14:39:00,324,NIFTY,VOL_CONTRACTION,OFF,LOW,-0.0011,Volatility contracting (straddle down),"{""dedupe_key"":""NIFTY|VOL_CONTRACTION|OFF|2026-08-07 14:39"",""threshold"":-0.03,""value"":-0.0011,""since_minute_bucket_ist"":""2026-08-07 14:33"",""last_updated_ist"":""2026-08-07 14:39:00""}"
2026-08-07 00:00:00,2026-08-07 14:39:00,324,NIFTY,WALL_UNWIND_CONFIRM_DOWN,OFF,MED,-0.0012,Put wall OI unwinding (5m),"{""dedupe_key"":""NIFTY|WALL_UNWIND_CONFIRM_DOWN|OFF|2026-08-07 14:39"",""threshold"":-0.006,""value"":-0.0012,""since_minute_bucket_ist"":""2026-08-07 14:34"",""last_updated_ist"":""2026-08-07 14:39:00""}"
2026-08-07 00:00:00,2026-08-07 14:40:00,325,NIFTY,FLOW_BULLISH_BUILD,OFF,HIGH,0,Bullish build (premium-confirmed writing / support),"{""dedupe_key"":""NIFTY|FLOW_BULLISH_BUILD|OFF|2026-08-07 14:40"",""threshold"":0.005,""value"":0,""since_minute_bucket_ist"":""2026-08-07 14:38"",""last_updated_ist"":""2026-08-07 14:40:00""}"
2026-08-07 00:00:00,2026-08-07 14:41:00,326,NIFTY,FLOW_BEARISH_BUILD,ON,HIGH,0.001,Bearish build (premium-confirmed writing / resistance),"{""dedupe_key"":""NIFTY|FLOW_BEARISH_BUILD|ON|2026-08-07 14:41"",""threshold"":0.005,""value"":0.001,""since_minute_bucket_ist"":"""",""last_updated_ist"":""2026-08-07 14:41:00""}"
2026-08-07 00:00:00,2026-08-07 14:41:00,326,NIFTY,PIN_BASIC,ON,LOW,37.5,Spot near a local wall (pin zone),"{""dedupe_key"":""NIFTY|PIN_BASIC|ON|2026-08-07 14:41"",""threshold"":37.5,""value"":37.5,""since_minute_bucket_ist"":"""",""last_updated_ist"":""2026-08-07 14:41:00""}"
2026-08-07 00:00:00,2026-08-07 14:41:00,326,NIFTY,PIN_BREAKOUT_SETUP,ON,MED,-1.0499999999992724,Pin breakout setup (wall touch + aligned flow),"{""dedupe_key"":""NIFTY|PIN_BREAKOUT_SETUP|ON|2026-08-07 14:41"",""threshold"":0,""value"":-1.0499999999992724,""since_minute_bucket_ist"":"""",""last_updated_ist"":""2026-08-07 14:41:00""}"
2026-08-07 00:00:00,2026-08-07 14:41:00,326,NIFTY,VOL_CONTRACTION,ON,LOW,-0.0028,Volatility contracting (straddle down),"{""dedupe_key"":""NIFTY|VOL_CONTRACTION|ON|2026-08-07 14:41"",""threshold"":-0.03,""value"":-0.0028,""since_minute_bucket_ist"":"""",""last_updated_ist"":""2026-08-07 14:41:00""}"
2026-08-07 00:00:00,2026-08-07 14:41:00,326,NIFTY,OPTION_MOMENTUM_PUT,ON,MED,2,ATM PUT momentum (ltp up + vol up),"{""dedupe_key"":""NIFTY|OPTION_MOMENTUM_PUT|ON|2026-08-07 14:41"",""threshold"":1.5,""value"":2,""since_minute_bucket_ist"":"""",""last_updated_ist"":""2026-08-07 14:41:00""}"
2026-08-07 00:00:00,2026-08-07 14:41:00,326,NIFTY,WALL_PRESSURE_BREAK_SETUP,ON,MED,-1.0499999999992724,Pressure building into a wall (break setup),"{""dedupe_key"":""NIFTY|WALL_PRESSURE_BREAK_SETUP|ON|2026-08-07 14:41"",""threshold"":0,""value"":-1.0499999999992724,""since_minute_bucket_ist"":"""",""last_updated_ist"":""2026-08-07 14:41:00""}"
2026-08-07 00:00:00,2026-08-07 14:42:00,327,NIFTY,FLOW_BEARISH_BUILD,OFF,HIGH,-0.0075,Bearish build (premium-confirmed writing / resistance),"{""dedupe_key"":""NIFTY|FLOW_BEARISH_BUILD|OFF|2026-08-07 14:42"",""threshold"":0.005,""value"":-0.0075,""since_minute_bucket_ist"":""2026-08-07 14:41"",""last_updated_ist"":""2026-08-07 14:42:00""}"
2026-08-07 00:00:00,2026-08-07 14:42:00,327,NIFTY,REGIME_RANGE_PIN,OFF,LOW,0.0001,Range / pin (inside local walls),"{""dedupe_key"":""NIFTY|REGIME_RANGE_PIN|OFF|2026-08-07 14:42"",""threshold"":0.001,""value"":0.0001,""since_minute_bucket_ist"":""2026-08-07 14:38"",""last_updated_ist"":""2026-08-07 14:42:00""}"
2026-08-07 00:00:00,2026-08-07 14:42:00,327,NIFTY,REGIME_TRANSITION_UNCERTAIN,ON,LOW,1,Transition/uncertain regime,"{""dedupe_key"":""NIFTY|REGIME_TRANSITION_UNCERTAIN|ON|2026-08-07 14:42"",""threshold"":1,""value"":1,""since_minute_bucket_ist"":"""",""last_updated_ist"":""2026-08-07 14:42:00""}"
2026-08-07 00:00:00,2026-08-07 14:42:00,327,NIFTY,PIN_BREAKOUT_SETUP,OFF,MED,-5.049999999999272,Pin breakout setup (wall touch + aligned flow),"{""dedupe_key"":""NIFTY|PIN_BREAKOUT_SETUP|OFF|2026-08-07 14:42"",""threshold"":0,""value"":-5.049999999999272,""since_minute_bucket_ist"":""2026-08-07 14:41"",""last_updated_ist"":""2026-08-07 14:42:00""}"
2026-08-07 00:00:00,2026-08-07 14:42:00,327,NIFTY,VOL_CONTRACTION,OFF,LOW,0.0013,Volatility contracting (straddle down),"{""dedupe_key"":""NIFTY|VOL_CONTRACTION|OFF|2026-08-07 14:42"",""threshold"":-0.03,""value"":0.0013,""since_minute_bucket_ist"":""2026-08-07 14:41"",""last_updated_ist"":""2026-08-07 14:42:00""}"
2026-08-07 00:00:00,2026-08-07 14:42:00,327,NIFTY,OPTION_MOMENTUM_PUT,OFF,MED,1.25,ATM PUT momentum (ltp up + vol up),"{""dedupe_key"":""NIFTY|OPTION_MOMENTUM_PUT|OFF|2026-08-07 14:42"",""threshold"":1.5,""value"":1.25,""since_minute_bucket_ist"":""2026-08-07 14:41"",""last_updated_ist"":""2026-08-07 14:42:00""}"
2026-08-07 00:00:00,2026-08-07 14:42:00,327,NIFTY,WALL_UNWIND_CONFIRM_UP,ON,MED,-0.0064,Call wall OI unwinding (5m),"{""dedupe_key"":""NIFTY|WALL_UNWIND_CONFIRM_UP|ON|2026-08-07 14:42"",""threshold"":-0.006,""value"":-0.0064,""since_minute_bucket_ist"":"""",""last_updated_ist"":""2026-08-07 14:42:00""}"
2026-08-07 00:00:00,2026-08-07 14:42:00,327,NIFTY,WALL_PRESSURE_BREAK_SETUP,OFF,MED,-5.049999999999272,Pressure building into a wall (break setup),"{""dedupe_key"":""NIFTY|WALL_PRESSURE_BREAK_SETUP|OFF|2026-08-07 14:42"",""threshold"":0,""value"":-5.049999999999272,""since_minute_bucket_ist"":""2026-08-07 14:41"",""last_updated_ist"":""2026-08-07 14:42:00""}"
2026-08-07 00:00:00,2026-08-07 14:43:00,328,NIFTY,FLOW_BULLISH_BUILD,ON,HIGH,0.0021,Bullish build (premium-confirmed writing / support),"{""dedupe_key"":""NIFTY|FLOW_BULLISH_BUILD|ON|2026-08-07 14:43"",""threshold"":0.005,""value"":0.0021,""since_minute_bucket_ist"":"""",""last_updated_ist"":""2026-08-07 14:43:00""}"
2026-08-07 00:00:00,2026-08-07 14:43:00,328,NIFTY,REGIME_RANGE_PIN,ON,LOW,0.0001,Range / pin (inside local walls),"{""dedupe_key"":""NIFTY|REGIME_RANGE_PIN|ON|2026-08-07 14:43"",""threshold"":0.001,""value"":0.0001,""since_minute_bucket_ist"":"""",""last_updated_ist"":""2026-08-07 14:43:00""}"
2026-08-07 00:00:00,2026-08-07 14:43:00,328,NIFTY,REGIME_TRANSITION_UNCERTAIN,OFF,LOW,1,Transition/uncertain regime,"{""dedupe_key"":""NIFTY|REGIME_TRANSITION_UNCERTAIN|OFF|2026-08-07 14:43"",""threshold"":1,""value"":1,""since_minute_bucket_ist"":""2026-08-07 14:42"",""last_updated_ist"":""2026-08-07 14:43:00""}"
2026-08-07 00:00:00,2026-08-07 14:43:00,328,NIFTY,VOL_CONTRACTION,ON,LOW,-0.0057,Volatility contracting (straddle down),"{""dedupe_key"":""NIFTY|VOL_CONTRACTION|ON|2026-08-07 14:43"",""threshold"":-0.03,""value"":-0.0057,""since_minute_bucket_ist"":"""",""last_updated_ist"":""2026-08-07 14:43:00""}"
2026-08-07 00:00:00,2026-08-07 14:43:00,328,NIFTY,OPTION_MOMENTUM_CALL,ON,MED,3.65,ATM CALL momentum (ltp up + vol up),"{""dedupe_key"":""NIFTY|OPTION_MOMENTUM_CALL|ON|2026-08-07 14:43"",""threshold"":1.5,""value"":3.65,""since_minute_bucket_ist"":"""",""last_updated_ist"":""2026-08-07 14:43:00""}"
2026-08-07 00:00:00,2026-08-07 14:43:00,328,NIFTY,CHURN_COMMITTED,ON,MED,0.0002,Price move + aligned flow (committed),"{""dedupe_key"":""NIFTY|CHURN_COMMITTED|ON|2026-08-07 14:43"",""threshold"":0.0001,""value"":0.0002,""since_minute_bucket_ist"":"""",""last_updated_ist"":""2026-08-07 14:43:00""}"
2026-08-07 00:00:00,2026-08-07 14:44:00,329,NIFTY,FLOW_BULLISH_BUILD,OFF,HIGH,0.0037,Bullish build (premium-confirmed writing / support),"{""dedupe_key"":""NIFTY|FLOW_BULLISH_BUILD|OFF|2026-08-07 14:44"",""threshold"":0.005,""value"":0.0037,""since_minute_bucket_ist"":""2026-08-07 14:43"",""last_updated_ist"":""2026-08-07 14:44:00""}"
2026-08-07 00:00:00,2026-08-07 14:44:00,329,NIFTY,PIN_BASIC,OFF,LOW,1900-02-05 12:00:00,Spot near a local wall (pin zone),"{""dedupe_key"":""NIFTY|PIN_BASIC|OFF|2026-08-07 14:44"",""threshold"":37.5,""value"":37.5,""since_minute_bucket_ist"":""2026-08-07 14:41"",""last_updated_ist"":""2026-08-07 14:44:00""}"
2026-08-07 00:00:00,2026-08-07 14:44:00,329,NIFTY,OPTION_MOMENTUM_CALL,OFF,MED,-1.2,ATM CALL momentum (ltp up + vol up),"{""dedupe_key"":""NIFTY|OPTION_MOMENTUM_CALL|OFF|2026-08-07 14:44"",""threshold"":1.5,""value"":-1.2,""since_minute_bucket_ist"":""2026-08-07 14:43"",""last_updated_ist"":""2026-08-07 14:44:00""}"
2026-08-07 00:00:00,2026-08-07 14:44:00,329,NIFTY,CHURN_COMMITTED,OFF,MED,0,Price move + aligned flow (committed),"{""dedupe_key"":""NIFTY|CHURN_COMMITTED|OFF|2026-08-07 14:44"",""threshold"":0.0001,""value"":0,""since_minute_bucket_ist"":""2026-08-07 14:43"",""last_updated_ist"":""2026-08-07 14:44:00""}"
2026-08-07 00:00:00,2026-08-07 14:45:00,330,NIFTY,FLOW_BULLISH_BUILD,ON,HIGH,0.0008,Bullish build (premium-confirmed writing / support),"{""dedupe_key"":""NIFTY|FLOW_BULLISH_BUILD|ON|2026-08-07 14:45"",""threshold"":0.005,""value"":0.0008,""since_minute_bucket_ist"":"""",""last_updated_ist"":""2026-08-07 14:45:00""}"
2026-08-07 00:00:00,2026-08-07 14:45:00,330,NIFTY,VOL_CONTRACTION,OFF,LOW,0.0019,Volatility contracting (straddle down),"{""dedupe_key"":""NIFTY|VOL_CONTRACTION|OFF|2026-08-07 14:45"",""threshold"":-0.03,""value"":0.0019,""since_minute_bucket_ist"":""2026-08-07 14:43"",""last_updated_ist"":""2026-08-07 14:45:00""}"
2026-08-07 00:00:00,2026-08-07 14:45:00,330,NIFTY,OPTION_MOMENTUM_CALL,ON,MED,1.7,ATM CALL momentum (ltp up + vol up),"{""dedupe_key"":""NIFTY|OPTION_MOMENTUM_CALL|ON|2026-08-07 14:45"",""threshold"":1.5,""value"":1.7,""since_minute_bucket_ist"":"""",""last_updated_ist"":""2026-08-07 14:45:00""}"
2026-08-07 00:00:00,2026-08-07 14:46:00,331,NIFTY,FLOW_BULLISH_BUILD,OFF,HIGH,0,Bullish build (premium-confirmed writing / support),"{""dedupe_key"":""NIFTY|FLOW_BULLISH_BUILD|OFF|2026-08-07 14:46"",""threshold"":0.005,""value"":0,""since_minute_bucket_ist"":""2026-08-07 14:45"",""last_updated_ist"":""2026-08-07 14:46:00""}"
2026-08-07 00:00:00,2026-08-07 14:46:00,331,NIFTY,VOL_CONTRACTION,ON,LOW,-0.0047,Volatility contracting (straddle down),"{""dedupe_key"":""NIFTY|VOL_CONTRACTION|ON|2026-08-07 14:46"",""threshold"":-0.03,""value"":-0.0047,""since_minute_bucket_ist"":"""",""last_updated_ist"":""2026-08-07 14:46:00""}"
2026-08-07 00:00:00,2026-08-07 14:46:00,331,NIFTY,OPTION_MOMENTUM_CALL,OFF,MED,-0.2,ATM CALL momentum (ltp up + vol up),"{""dedupe_key"":""NIFTY|OPTION_MOMENTUM_CALL|OFF|2026-08-07 14:46"",""threshold"":1.5,""value"":-0.2,""since_minute_bucket_ist"":""2026-08-07 14:45"",""last_updated_ist"":""2026-08-07 14:46:00""}"
2026-08-07 00:00:00,2026-08-07 14:47:00,332,NIFTY,FLOW_BOTH_UNWINDING,ON,MED,-0.0104,Both sides unwinding,"{""dedupe_key"":""NIFTY|FLOW_BOTH_UNWINDING|ON|2026-08-07 14:47"",""threshold"":-0.005,""value"":-0.0104,""since_minute_bucket_ist"":"""",""last_updated_ist"":""2026-08-07 14:47:00""}"
2026-08-07 00:00:00,2026-08-07 14:47:00,332,NIFTY,REGIME_RANGE_PIN,OFF,LOW,0.0002,Range / pin (inside local walls),"{""dedupe_key"":""NIFTY|REGIME_RANGE_PIN|OFF|2026-08-07 14:47"",""threshold"":0.001,""value"":0.0002,""since_minute_bucket_ist"":""2026-08-07 14:43"",""last_updated_ist"":""2026-08-07 14:47:00""}"
2026-08-07 00:00:00,2026-08-07 14:47:00,332,NIFTY,REGIME_TRANSITION_UNCERTAIN,ON,LOW,1,Transition/uncertain regime,"{""dedupe_key"":""NIFTY|REGIME_TRANSITION_UNCERTAIN|ON|2026-08-07 14:47"",""threshold"":1,""value"":1,""since_minute_bucket_ist"":"""",""last_updated_ist"":""2026-08-07 14:47:00""}"
2026-08-07 00:00:00,2026-08-07 14:47:00,332,NIFTY,EXP_RANGE_BREAKOUT_WATCH_UP,ON,MED,24549.9,Expected-range watch UP,"{""dedupe_key"":""NIFTY|EXP_RANGE_BREAKOUT_WATCH_UP|ON|2026-08-07 14:47"",""threshold"":24546.55,""value"":24549.9,""since_minute_bucket_ist"":"""",""last_updated_ist"":""2026-08-07 14:47:00""}"
2026-08-07 00:00:00,2026-08-07 14:47:00,332,NIFTY,OPTION_MOMENTUM_CALL,ON,MED,3.35,ATM CALL momentum (ltp up + vol up),"{""dedupe_key"":""NIFTY|OPTION_MOMENTUM_CALL|ON|2026-08-07 14:47"",""threshold"":1.5,""value"":3.35,""since_minute_bucket_ist"":"""",""last_updated_ist"":""2026-08-07 14:47:00""}"
2026-08-07 00:00:00,2026-08-07 14:47:00,332,NIFTY,WALL_UNWIND_CONFIRM_DOWN,ON,MED,-0.0063,Put wall OI unwinding (5m),"{""dedupe_key"":""NIFTY|WALL_UNWIND_CONFIRM_DOWN|ON|2026-08-07 14:47"",""threshold"":-0.006,""value"":-0.0063,""since_minute_bucket_ist"":"""",""last_updated_ist"":""2026-08-07 14:47:00""}"
2026-08-07 00:00:00,2026-08-07 14:48:00,333,NIFTY,FLOW_BOTH_UNWINDING,OFF,MED,0.002,Both sides unwinding,"{""dedupe_key"":""NIFTY|FLOW_BOTH_UNWINDING|OFF|2026-08-07 14:48"",""threshold"":-0.005,""value"":0.002,""since_minute_bucket_ist"":""2026-08-07 14:47"",""last_updated_ist"":""2026-08-07 14:48:00""}"
2026-08-07 00:00:00,2026-08-07 14:48:00,333,NIFTY,FLOW_BULLISH_BUILD,ON,HIGH,0.002,Bullish build (premium-confirmed writing / support),"{""dedupe_key"":""NIFTY|FLOW_BULLISH_BUILD|ON|2026-08-07 14:48"",""threshold"":0.005,""value"":0.002,""since_minute_bucket_ist"":"""",""last_updated_ist"":""2026-08-07 14:48:00""}"
2026-08-07 00:00:00,2026-08-07 14:48:00,333,NIFTY,EXP_RANGE_BREAKOUT_CONFIRMED_UP,ON,HIGH,2,Expected-range breakout CONFIRMED UP,"{""dedupe_key"":""NIFTY|EXP_RANGE_BREAKOUT_CONFIRMED_UP|ON|2026-08-07 14:48"",""threshold"":2,""value"":2,""since_minute_bucket_ist"":"""",""last_updated_ist"":""2026-08-07 14:48:00""}"
2026-08-07 00:00:00,2026-08-07 14:48:00,333,NIFTY,VOL_CONTRACTION,OFF,LOW,-0.0009,Volatility contracting (straddle down),"{""dedupe_key"":""NIFTY|VOL_CONTRACTION|OFF|2026-08-07 14:48"",""threshold"":-0.03,""value"":-0.0009,""since_minute_bucket_ist"":""2026-08-07 14:46"",""last_updated_ist"":""2026-08-07 14:48:00""}"
2026-08-07 00:00:00,2026-08-07 14:48:00,333,NIFTY,OPTION_MOMENTUM_CALL,OFF,MED,1.45,ATM CALL momentum (ltp up + vol up),"{""dedupe_key"":""NIFTY|OPTION_MOMENTUM_CALL|OFF|2026-08-07 14:48"",""threshold"":1.5,""value"":1.45,""since_minute_bucket_ist"":""2026-08-07 14:47"",""last_updated_ist"":""2026-08-07 14:48:00""}"
2026-08-07 00:00:00,2026-08-07 14:48:00,333,NIFTY,WALL_UNWIND_CONFIRM_DOWN,OFF,MED,-0.0049,Put wall OI unwinding (5m),"{""dedupe_key"":""NIFTY|WALL_UNWIND_CONFIRM_DOWN|OFF|2026-08-07 14:48"",""threshold"":-0.006,""value"":-0.0049,""since_minute_bucket_ist"":""2026-08-07 14:47"",""last_updated_ist"":""2026-08-07 14:48:00""}"
2026-08-07 00:00:00,2026-08-07 14:48:00,333,NIFTY,CHURN_COMMITTED,ON,MED,0.0002,Price move + aligned flow (committed),"{""dedupe_key"":""NIFTY|CHURN_COMMITTED|ON|2026-08-07 14:48"",""threshold"":0.0001,""value"":0.0002,""since_minute_bucket_ist"":"""",""last_updated_ist"":""2026-08-07 14:48:00""}"
2026-08-07 00:00:00,2026-08-07 14:49:00,334,NIFTY,FLOW_BULLISH_BUILD,OFF,HIGH,-0.0038,Bullish build (premium-confirmed writing / support),"{""dedupe_key"":""NIFTY|FLOW_BULLISH_BUILD|OFF|2026-08-07 14:49"",""threshold"":0.005,""value"":-0.0038,""since_minute_bucket_ist"":""2026-08-07 14:48"",""last_updated_ist"":""2026-08-07 14:49:00""}"
2026-08-07 00:00:00,2026-08-07 14:49:00,334,NIFTY,VOL_CONTRACTION,ON,LOW,-0.0087,Volatility contracting (straddle down),"{""dedupe_key"":""NIFTY|VOL_CONTRACTION|ON|2026-08-07 14:49"",""threshold"":-0.03,""value"":-0.0087,""since_minute_bucket_ist"":"""",""last_updated_ist"":""2026-08-07 14:49:00""}"
2026-08-07 00:00:00,2026-08-07 14:49:00,334,NIFTY,WALL_UNWIND_CONFIRM_DOWN,ON,MED,1899-12-29 23:40:59,Put wall OI unwinding (5m),"{""dedupe_key"":""NIFTY|WALL_UNWIND_CONFIRM_DOWN|ON|2026-08-07 14:49"",""threshold"":-0.006,""value"":-0.0132,""since_minute_bucket_ist"":"""",""last_updated_ist"":""2026-08-07 14:49:00""}"
2026-08-07 00:00:00,2026-08-07 14:49:00,334,NIFTY,CHURN_COMMITTED,OFF,MED,0.0001,Price move + aligned flow (committed),"{""dedupe_key"":""NIFTY|CHURN_COMMITTED|OFF|2026-08-07 14:49"",""threshold"":0.0001,""value"":0.0001,""since_minute_bucket_ist"":""2026-08-07 14:48"",""last_updated_ist"":""2026-08-07 14:49:00""}"
2026-08-07 00:00:00,2026-08-07 14:51:00,336,NIFTY,REGIME_RANGE_PIN,ON,LOW,0.0002,Range / pin (inside local walls),"{""dedupe_key"":""NIFTY|REGIME_RANGE_PIN|ON|2026-08-07 14:51"",""threshold"":0.001,""value"":0.0002,""since_minute_bucket_ist"":"""",""last_updated_ist"":""2026-08-07 14:51:00""}"
2026-08-07 00:00:00,2026-08-07 14:51:00,336,NIFTY,REGIME_TRANSITION_UNCERTAIN,OFF,LOW,1,Transition/uncertain regime,"{""dedupe_key"":""NIFTY|REGIME_TRANSITION_UNCERTAIN|OFF|2026-08-07 14:51"",""threshold"":1,""value"":1,""since_minute_bucket_ist"":""2026-08-07 14:47"",""last_updated_ist"":""2026-08-07 14:51:00""}"
2026-08-07 00:00:00,2026-08-07 14:51:00,336,NIFTY,EXP_RANGE_BREAKOUT_WATCH_UP,OFF,MED,24548.2,Expected-range watch UP,"{""dedupe_key"":""NIFTY|EXP_RANGE_BREAKOUT_WATCH_UP|OFF|2026-08-07 14:51"",""threshold"":24555.89,""value"":24548.2,""since_minute_bucket_ist"":""2026-08-07 14:47"",""last_updated_ist"":""2026-08-07 14:51:00""}"
2026-08-07 00:00:00,2026-08-07 14:51:00,336,NIFTY,EXP_RANGE_BREAKOUT_CONFIRMED_UP,OFF,HIGH,0,Expected-range breakout CONFIRMED UP,"{""dedupe_key"":""NIFTY|EXP_RANGE_BREAKOUT_CONFIRMED_UP|OFF|2026-08-07 14:51"",""threshold"":2,""value"":0,""since_minute_bucket_ist"":""2026-08-07 14:48"",""last_updated_ist"":""2026-08-07 14:51:00""}"
2026-08-07 00:00:00,2026-08-07 14:51:00,336,NIFTY,OPTION_MOMENTUM_PUT,ON,MED,2.35,ATM PUT momentum (ltp up + vol up),"{""dedupe_key"":""NIFTY|OPTION_MOMENTUM_PUT|ON|2026-08-07 14:51"",""threshold"":1.5,""value"":2.35,""since_minute_bucket_ist"":"""",""last_updated_ist"":""2026-08-07 14:51:00""}"
2026-08-07 00:00:00,2026-08-07 14:52:00,337,NIFTY,FLOW_BULLISH_BUILD,ON,HIGH,0.0083,Bullish build (premium-confirmed writing / support),"{""dedupe_key"":""NIFTY|FLOW_BULLISH_BUILD|ON|2026-08-07 14:52"",""threshold"":0.005,""value"":0.0083,""since_minute_bucket_ist"":"""",""last_updated_ist"":""2026-08-07 14:52:00""}"
2026-08-07 00:00:00,2026-08-07 14:52:00,337,NIFTY,OPTION_MOMENTUM_PUT,OFF,MED,-1.3,ATM PUT momentum (ltp up + vol up),"{""dedupe_key"":""NIFTY|OPTION_MOMENTUM_PUT|OFF|2026-08-07 14:52"",""threshold"":1.5,""value"":-1.3,""since_minute_bucket_ist"":""2026-08-07 14:51"",""last_updated_ist"":""2026-08-07 14:52:00""}"
2026-08-07 00:00:00,2026-08-07 14:52:00,337,NIFTY,WALL_UNWIND_CONFIRM_DOWN,OFF,MED,0.0057,Put wall OI unwinding (5m),"{""dedupe_key"":""NIFTY|WALL_UNWIND_CONFIRM_DOWN|OFF|2026-08-07 14:52"",""threshold"":-0.006,""value"":0.0057,""since_minute_bucket_ist"":""2026-08-07 14:49"",""last_updated_ist"":""2026-08-07 14:52:00""}"
2026-08-07 00:00:00,2026-08-07 14:52:00,337,NIFTY,STEALTH_BUILD_BULL,ON,MED,0.0083,"Stealth bullish build (puts build, spot flat)","{""dedupe_key"":""NIFTY|STEALTH_BUILD_BULL|ON|2026-08-07 14:52"",""threshold"":0.008,""value"":0.0083,""since_minute_bucket_ist"":"""",""last_updated_ist"":""2026-08-07 14:52:00""}"
2026-08-07 00:00:00,2026-08-07 14:53:00,338,NIFTY,STEALTH_BUILD_BULL,OFF,MED,0.0016,"Stealth bullish build (puts build, spot flat)","{""dedupe_key"":""NIFTY|STEALTH_BUILD_BULL|OFF|2026-08-07 14:53"",""threshold"":0.008,""value"":0.0016,""since_minute_bucket_ist"":""2026-08-07 14:52"",""last_updated_ist"":""2026-08-07 14:53:00""}"
2026-08-07 00:00:00,2026-08-07 14:54:00,339,NIFTY,FLOW_BULLISH_BUILD,OFF,HIGH,0.0041,Bullish build (premium-confirmed writing / support),"{""dedupe_key"":""NIFTY|FLOW_BULLISH_BUILD|OFF|2026-08-07 14:54"",""threshold"":0.005,""value"":0.0041,""since_minute_bucket_ist"":""2026-08-07 14:52"",""last_updated_ist"":""2026-08-07 14:54:00""}"
2026-08-07 00:00:00,2026-08-07 14:54:00,339,NIFTY,REGIME_RANGE_PIN,OFF,LOW,0.0002,Range / pin (inside local walls),"{""dedupe_key"":""NIFTY|REGIME_RANGE_PIN|OFF|2026-08-07 14:54"",""threshold"":0.001,""value"":0.0002,""since_minute_bucket_ist"":""2026-08-07 14:51"",""last_updated_ist"":""2026-08-07 14:54:00""}"
2026-08-07 00:00:00,2026-08-07 14:54:00,339,NIFTY,REGIME_TRANSITION_UNCERTAIN,ON,LOW,1,Transition/uncertain regime,"{""dedupe_key"":""NIFTY|REGIME_TRANSITION_UNCERTAIN|ON|2026-08-07 14:54"",""threshold"":1,""value"":1,""since_minute_bucket_ist"":"""",""last_updated_ist"":""2026-08-07 14:54:00""}"
2026-08-07 00:00:00,2026-08-07 14:54:00,339,NIFTY,PIN_BASIC,ON,LOW,37.5,Spot near a local wall (pin zone),"{""dedupe_key"":""NIFTY|PIN_BASIC|ON|2026-08-07 14:54"",""threshold"":37.5,""value"":37.5,""since_minute_bucket_ist"":"""",""last_updated_ist"":""2026-08-07 14:54:00""}"
2026-08-07 00:00:00,2026-08-07 14:54:00,339,NIFTY,EXP_RANGE_BREAKOUT_WATCH_DOWN,ON,MED,24535.3,Expected-range watch DOWN,"{""dedupe_key"":""NIFTY|EXP_RANGE_BREAKOUT_WATCH_DOWN|ON|2026-08-07 14:54"",""threshold"":24536.27,""value"":24535.3,""since_minute_bucket_ist"":"""",""last_updated_ist"":""2026-08-07 14:54:00""}"
2026-08-07 00:00:00,2026-08-07 14:55:00,340,NIFTY,PIN_BASIC,OFF,LOW,37.5,Spot near a local wall (pin zone),"{""dedupe_key"":""NIFTY|PIN_BASIC|OFF|2026-08-07 14:55"",""threshold"":37.5,""value"":37.5,""since_minute_bucket_ist"":""2026-08-07 14:54"",""last_updated_ist"":""2026-08-07 14:55:00""}"
2026-08-07 00:00:00,2026-08-07 14:55:00,340,NIFTY,EXP_RANGE_BREAKOUT_WATCH_DOWN,OFF,MED,24539.1,Expected-range watch DOWN,"{""dedupe_key"":""NIFTY|EXP_RANGE_BREAKOUT_WATCH_DOWN|OFF|2026-08-07 14:55"",""threshold"":24536.62,""value"":24539.1,""since_minute_bucket_ist"":""2026-08-07 14:54"",""last_updated_ist"":""2026-08-07 14:55:00""}"
2026-08-07 00:00:00,2026-08-07 14:56:00,341,NIFTY,REGIME_RANGE_PIN,ON,LOW,0.0002,Range / pin (inside local walls),"{""dedupe_key"":""NIFTY|REGIME_RANGE_PIN|ON|2026-08-07 14:56"",""threshold"":0.001,""value"":0.0002,""since_minute_bucket_ist"":"""",""last_updated_ist"":""2026-08-07 14:56:00""}"
2026-08-07 00:00:00,2026-08-07 14:56:00,341,NIFTY,REGIME_TRANSITION_UNCERTAIN,OFF,LOW,1,Transition/uncertain regime,"{""dedupe_key"":""NIFTY|REGIME_TRANSITION_UNCERTAIN|OFF|2026-08-07 14:56"",""threshold"":1,""value"":1,""since_minute_bucket_ist"":""2026-08-07 14:54"",""last_updated_ist"":""2026-08-07 14:56:00""}"
2026-08-07 00:00:00,2026-08-07 14:57:00,342,NIFTY,REGIME_RANGE_PIN,OFF,LOW,0.0002,Range / pin (inside local walls),"{""dedupe_key"":""NIFTY|REGIME_RANGE_PIN|OFF|2026-08-07 14:57"",""threshold"":0.001,""value"":0.0002,""since_minute_bucket_ist"":""2026-08-07 14:56"",""last_updated_ist"":""2026-08-07 14:57:00""}"
2026-08-07 00:00:00,2026-08-07 14:57:00,342,NIFTY,REGIME_TRANSITION_UNCERTAIN,ON,LOW,1,Transition/uncertain regime,"{""dedupe_key"":""NIFTY|REGIME_TRANSITION_UNCERTAIN|ON|2026-08-07 14:57"",""threshold"":1,""value"":1,""since_minute_bucket_ist"":"""",""last_updated_ist"":""2026-08-07 14:57:00""}"
2026-08-07 00:00:00,2026-08-07 14:57:00,342,NIFTY,PIN_BASIC,ON,LOW,37.5,Spot near a local wall (pin zone),"{""dedupe_key"":""NIFTY|PIN_BASIC|ON|2026-08-07 14:57"",""threshold"":37.5,""value"":37.5,""since_minute_bucket_ist"":"""",""last_updated_ist"":""2026-08-07 14:57:00""}"
2026-08-07 00:00:00,2026-08-07 14:57:00,342,NIFTY,EXP_RANGE_BREAKOUT_WATCH_DOWN,ON,MED,24533.9,Expected-range watch DOWN,"{""dedupe_key"":""NIFTY|EXP_RANGE_BREAKOUT_WATCH_DOWN|ON|2026-08-07 14:57"",""threshold"":24535.2,""value"":24533.9,""since_minute_bucket_ist"":"""",""last_updated_ist"":""2026-08-07 14:57:00""}"
2026-08-07 00:00:00,2026-08-07 14:57:00,342,NIFTY,OPTION_MOMENTUM_PUT,ON,MED,2.3,ATM PUT momentum (ltp up + vol up),"{""dedupe_key"":""NIFTY|OPTION_MOMENTUM_PUT|ON|2026-08-07 14:57"",""threshold"":1.5,""value"":2.3,""since_minute_bucket_ist"":"""",""last_updated_ist"":""2026-08-07 14:57:00""}"
2026-08-07 00:00:00,2026-08-07 14:58:00,343,NIFTY,REGIME_RANGE_PIN,ON,LOW,0.0003,Range / pin (inside local walls),"{""dedupe_key"":""NIFTY|REGIME_RANGE_PIN|ON|2026-08-07 14:58"",""threshold"":0.001,""value"":0.0003,""since_minute_bucket_ist"":"""",""last_updated_ist"":""2026-08-07 14:58:00""}"
2026-08-07 00:00:00,2026-08-07 14:58:00,343,NIFTY,REGIME_TRANSITION_UNCERTAIN,OFF,LOW,1,Transition/uncertain regime,"{""dedupe_key"":""NIFTY|REGIME_TRANSITION_UNCERTAIN|OFF|2026-08-07 14:58"",""threshold"":1,""value"":1,""since_minute_bucket_ist"":""2026-08-07 14:57"",""last_updated_ist"":""2026-08-07 14:58:00""}"
2026-08-07 00:00:00,2026-08-07 14:58:00,343,NIFTY,PIN_BASIC,OFF,LOW,37.5,Spot near a local wall (pin zone),"{""dedupe_key"":""NIFTY|PIN_BASIC|OFF|2026-08-07 14:58"",""threshold"":37.5,""value"":37.5,""since_minute_bucket_ist"":""2026-08-07 14:57"",""last_updated_ist"":""2026-08-07 14:58:00""}"
2026-08-07 00:00:00,2026-08-07 14:58:00,343,NIFTY,EXP_RANGE_BREAKOUT_WATCH_DOWN,OFF,MED,24546.3,Expected-range watch DOWN,"{""dedupe_key"":""NIFTY|EXP_RANGE_BREAKOUT_WATCH_DOWN|OFF|2026-08-07 14:58"",""threshold"":24535.55,""value"":24546.3,""since_minute_bucket_ist"":""2026-08-07 14:57"",""last_updated_ist"":""2026-08-07 14:58:00""}"
2026-08-07 00:00:00,2026-08-07 14:58:00,343,NIFTY,OPTION_MOMENTUM_CALL,ON,MED,1.7,ATM CALL momentum (ltp up + vol up),"{""dedupe_key"":""NIFTY|OPTION_MOMENTUM_CALL|ON|2026-08-07 14:58"",""threshold"":1.5,""value"":1.7,""since_minute_bucket_ist"":"""",""last_updated_ist"":""2026-08-07 14:58:00""}"
2026-08-07 00:00:00,2026-08-07 14:58:00,343,NIFTY,OPTION_MOMENTUM_PUT,OFF,MED,-2.05,ATM PUT momentum (ltp up + vol up),"{""dedupe_key"":""NIFTY|OPTION_MOMENTUM_PUT|OFF|2026-08-07 14:58"",""threshold"":1.5,""value"":-2.05,""since_minute_bucket_ist"":""2026-08-07 14:57"",""last_updated_ist"":""2026-08-07 14:58:00""}"
2026-08-07 00:00:00,2026-08-07 14:59:00,344,NIFTY,OPTION_MOMENTUM_CALL,OFF,MED,-1.1,ATM CALL momentum (ltp up + vol up),"{""dedupe_key"":""NIFTY|OPTION_MOMENTUM_CALL|OFF|2026-08-07 14:59"",""threshold"":1.5,""value"":-1.1,""since_minute_bucket_ist"":""2026-08-07 14:58"",""last_updated_ist"":""2026-08-07 14:59:00""}"
2026-08-07 00:00:00,2026-08-07 15:00:00,345,NIFTY,WALL_UNWIND_CONFIRM_UP,OFF,MED,-0.0058,Call wall OI unwinding (5m),"{""dedupe_key"":""NIFTY|WALL_UNWIND_CONFIRM_UP|OFF|2026-08-07 15:00"",""threshold"":-0.006,""value"":-0.0058,""since_minute_bucket_ist"":""2026-08-07 14:42"",""last_updated_ist"":""2026-08-07 15:00:00""}"
2026-08-07 00:00:00,2026-08-07 15:01:00,346,NIFTY,OPTION_MOMENTUM_CALL,ON,MED,1.85,ATM CALL momentum (ltp up + vol up),"{""dedupe_key"":""NIFTY|OPTION_MOMENTUM_CALL|ON|2026-08-07 15:01"",""threshold"":1.5,""value"":1.85,""since_minute_bucket_ist"":"""",""last_updated_ist"":""2026-08-07 15:01:00""}"
2026-08-07 00:00:00,2026-08-07 15:02:00,347,NIFTY,OPTION_MOMENTUM_CALL,OFF,MED,1.5,ATM CALL momentum (ltp up + vol up),"{""dedupe_key"":""NIFTY|OPTION_MOMENTUM_CALL|OFF|2026-08-07 15:02"",""threshold"":1.5,""value"":1.5,""since_minute_bucket_ist"":""2026-08-07 15:01"",""last_updated_ist"":""2026-08-07 15:02:00""}"
2026-08-07 00:00:00,2026-08-07 15:02:00,347,NIFTY,WALL_UNWIND_CONFIRM_DOWN,ON,MED,-0.0208,Put wall OI unwinding (5m),"{""dedupe_key"":""NIFTY|WALL_UNWIND_CONFIRM_DOWN|ON|2026-08-07 15:02"",""threshold"":-0.006,""value"":-0.0208,""since_minute_bucket_ist"":"""",""last_updated_ist"":""2026-08-07 15:02:00""}"
2026-08-07 00:00:00,2026-08-07 15:03:00,348,NIFTY,FLOW_BOTH_UNWINDING,ON,MED,-0.0059,Both sides unwinding,"{""dedupe_key"":""NIFTY|FLOW_BOTH_UNWINDING|ON|2026-08-07 15:03"",""threshold"":-0.005,""value"":-0.0059,""since_minute_bucket_ist"":"""",""last_updated_ist"":""2026-08-07 15:03:00""}"
2026-08-07 00:00:00,2026-08-07 15:03:00,348,NIFTY,VOL_CONTRACTION,OFF,LOW,-0.0002,Volatility contracting (straddle down),"{""dedupe_key"":""NIFTY|VOL_CONTRACTION|OFF|2026-08-07 15:03"",""threshold"":-0.03,""value"":-0.0002,""since_minute_bucket_ist"":""2026-08-07 14:49"",""last_updated_ist"":""2026-08-07 15:03:00""}"
2026-08-07 00:00:00,2026-08-07 15:03:00,348,NIFTY,WALL_UNWIND_CONFIRM_UP,ON,MED,-0.0177,Call wall OI unwinding (5m),"{""dedupe_key"":""NIFTY|WALL_UNWIND_CONFIRM_UP|ON|2026-08-07 15:03"",""threshold"":-0.006,""value"":-0.0177,""since_minute_bucket_ist"":"""",""last_updated_ist"":""2026-08-07 15:03:00""}"
2026-08-07 00:00:00,2026-08-07 15:04:00,349,NIFTY,FLOW_BOTH_UNWINDING,OFF,MED,-0.0042,Both sides unwinding,"{""dedupe_key"":""NIFTY|FLOW_BOTH_UNWINDING|OFF|2026-08-07 15:04"",""threshold"":-0.005,""value"":-0.0042,""since_minute_bucket_ist"":""2026-08-07 15:03"",""last_updated_ist"":""2026-08-07 15:04:00""}"
2026-08-07 00:00:00,2026-08-07 15:04:00,349,NIFTY,EXP_RANGE_BREAKOUT_WATCH_UP,ON,MED,24550.6,Expected-range watch UP,"{""dedupe_key"":""NIFTY|EXP_RANGE_BREAKOUT_WATCH_UP|ON|2026-08-07 15:04"",""threshold"":24549.1,""value"":24550.6,""since_minute_bucket_ist"":"""",""last_updated_ist"":""2026-08-07 15:04:00""}"
2026-08-07 00:00:00,2026-08-07 15:04:00,349,NIFTY,VOL_CONTRACTION,ON,LOW,-0.009,Volatility contracting (straddle down),"{""dedupe_key"":""NIFTY|VOL_CONTRACTION|ON|2026-08-07 15:04"",""threshold"":-0.03,""value"":-0.009,""since_minute_bucket_ist"":"""",""last_updated_ist"":""2026-08-07 15:04:00""}"
2026-08-07 00:00:00,2026-08-07 15:04:00,349,NIFTY,OPTION_MOMENTUM_CALL,ON,MED,2.9,ATM CALL momentum (ltp up + vol up),"{""dedupe_key"":""NIFTY|OPTION_MOMENTUM_CALL|ON|2026-08-07 15:04"",""threshold"":1.5,""value"":2.9,""since_minute_bucket_ist"":"""",""last_updated_ist"":""2026-08-07 15:04:00""}"
2026-08-07 00:00:00,2026-08-07 15:05:00,350,NIFTY,EXP_RANGE_BREAKOUT_CONFIRMED_UP,ON,HIGH,2,Expected-range breakout CONFIRMED UP,"{""dedupe_key"":""NIFTY|EXP_RANGE_BREAKOUT_CONFIRMED_UP|ON|2026-08-07 15:05"",""threshold"":2,""value"":2,""since_minute_bucket_ist"":"""",""last_updated_ist"":""2026-08-07 15:05:00""}"
2026-08-07 00:00:00,2026-08-07 15:05:00,350,NIFTY,OPTION_MOMENTUM_CALL,OFF,MED,0,ATM CALL momentum (ltp up + vol up),"{""dedupe_key"":""NIFTY|OPTION_MOMENTUM_CALL|OFF|2026-08-07 15:05"",""threshold"":1.5,""value"":0,""since_minute_bucket_ist"":""2026-08-07 15:04"",""last_updated_ist"":""2026-08-07 15:05:00""}"
2026-08-07 00:00:00,2026-08-07 15:06:00,351,NIFTY,EXP_RANGE_BREAKOUT_WATCH_UP,OFF,MED,24548.4,Expected-range watch UP,"{""dedupe_key"":""NIFTY|EXP_RANGE_BREAKOUT_WATCH_UP|OFF|2026-08-07 15:06"",""threshold"":24550.73,""value"":24548.4,""since_minute_bucket_ist"":""2026-08-07 15:04"",""last_updated_ist"":""2026-08-07 15:06:00""}"
2026-08-07 00:00:00,2026-08-07 15:06:00,351,NIFTY,EXP_RANGE_BREAKOUT_CONFIRMED_UP,OFF,HIGH,0,Expected-range breakout CONFIRMED UP,"{""dedupe_key"":""NIFTY|EXP_RANGE_BREAKOUT_CONFIRMED_UP|OFF|2026-08-07 15:06"",""threshold"":2,""value"":0,""since_minute_bucket_ist"":""2026-08-07 15:05"",""last_updated_ist"":""2026-08-07 15:06:00""}"
2026-08-07 00:00:00,2026-08-07 15:06:00,351,NIFTY,VOL_CONTRACTION,OFF,LOW,-0.0009,Volatility contracting (straddle down),"{""dedupe_key"":""NIFTY|VOL_CONTRACTION|OFF|2026-08-07 15:06"",""threshold"":-0.03,""value"":-0.0009,""since_minute_bucket_ist"":""2026-08-07 15:04"",""last_updated_ist"":""2026-08-07 15:06:00""}"
2026-08-07 00:00:00,2026-08-07 15:06:00,351,NIFTY,OPTION_MOMENTUM_PUT,ON,MED,1.9,ATM PUT momentum (ltp up + vol up),"{""dedupe_key"":""NIFTY|OPTION_MOMENTUM_PUT|ON|2026-08-07 15:06"",""threshold"":1.5,""value"":1.9,""since_minute_bucket_ist"":"""",""last_updated_ist"":""2026-08-07 15:06:00""}"
2026-08-07 00:00:00,2026-08-07 15:07:00,352,NIFTY,VOL_CONTRACTION,ON,LOW,1899-12-29 23:43:09,Volatility contracting (straddle down),"{""dedupe_key"":""NIFTY|VOL_CONTRACTION|ON|2026-08-07 15:07"",""threshold"":-0.03,""value"":-0.0117,""since_minute_bucket_ist"":"""",""last_updated_ist"":""2026-08-07 15:07:00""}"
2026-08-07 00:00:00,2026-08-07 15:07:00,352,NIFTY,OPTION_MOMENTUM_PUT,OFF,MED,-2.75,ATM PUT momentum (ltp up + vol up),"{""dedupe_key"":""NIFTY|OPTION_MOMENTUM_PUT|OFF|2026-08-07 15:07"",""threshold"":1.5,""value"":-2.75,""since_minute_bucket_ist"":""2026-08-07 15:06"",""last_updated_ist"":""2026-08-07 15:07:00""}"
2026-08-07 00:00:00,2026-08-07 15:08:00,353,NIFTY,FLOW_BULLISH_BUILD,ON,HIGH,0.0021,Bullish build (premium-confirmed writing / support),"{""dedupe_key"":""NIFTY|FLOW_BULLISH_BUILD|ON|2026-08-07 15:08"",""threshold"":0.005,""value"":0.0021,""since_minute_bucket_ist"":"""",""last_updated_ist"":""2026-08-07 15:08:00""}"
2026-08-07 00:00:00,2026-08-07 15:08:00,353,NIFTY,VOL_CONTRACTION,OFF,LOW,0.0036,Volatility contracting (straddle down),"{""dedupe_key"":""NIFTY|VOL_CONTRACTION|OFF|2026-08-07 15:08"",""threshold"":-0.03,""value"":0.0036,""since_minute_bucket_ist"":""2026-08-07 15:07"",""last_updated_ist"":""2026-08-07 15:08:00""}"
2026-08-07 00:00:00,2026-08-07 15:08:00,353,NIFTY,OPTION_MOMENTUM_CALL,ON,MED,2.35,ATM CALL momentum (ltp up + vol up),"{""dedupe_key"":""NIFTY|OPTION_MOMENTUM_CALL|ON|2026-08-07 15:08"",""threshold"":1.5,""value"":2.35,""since_minute_bucket_ist"":"""",""last_updated_ist"":""2026-08-07 15:08:00""}"
2026-08-07 00:00:00,2026-08-07 15:09:00,354,NIFTY,FLOW_BULLISH_BUILD,OFF,HIGH,0,Bullish build (premium-confirmed writing / support),"{""dedupe_key"":""NIFTY|FLOW_BULLISH_BUILD|OFF|2026-08-07 15:09"",""threshold"":0.005,""value"":0,""since_minute_bucket_ist"":""2026-08-07 15:08"",""last_updated_ist"":""2026-08-07 15:09:00""}"
2026-08-07 00:00:00,2026-08-07 15:09:00,354,NIFTY,OPTION_MOMENTUM_CALL,OFF,MED,0.05,ATM CALL momentum (ltp up + vol up),"{""dedupe_key"":""NIFTY|OPTION_MOMENTUM_CALL|OFF|2026-08-07 15:09"",""threshold"":1.5,""value"":0.05,""since_minute_bucket_ist"":""2026-08-07 15:08"",""last_updated_ist"":""2026-08-07 15:09:00""}"
2026-08-07 00:00:00,2026-08-07 15:10:00,355,NIFTY,FLOW_BULLISH_BUILD,ON,HIGH,0.0041,Bullish build (premium-confirmed writing / support),"{""dedupe_key"":""NIFTY|FLOW_BULLISH_BUILD|ON|2026-08-07 15:10"",""threshold"":0.005,""value"":0.0041,""since_minute_bucket_ist"":"""",""last_updated_ist"":""2026-08-07 15:10:00""}"
2026-08-07 00:00:00,2026-08-07 15:10:00,355,NIFTY,EXP_RANGE_BREAKOUT_WATCH_UP,ON,MED,24558.45,Expected-range watch UP,"{""dedupe_key"":""NIFTY|EXP_RANGE_BREAKOUT_WATCH_UP|ON|2026-08-07 15:10"",""threshold"":24554.22,""value"":24558.45,""since_minute_bucket_ist"":"""",""last_updated_ist"":""2026-08-07 15:10:00""}"
2026-08-07 00:00:00,2026-08-07 15:10:00,355,NIFTY,VOL_EXPANSION,ON,MED,0.0057,Volatility expanding (straddle up),"{""dedupe_key"":""NIFTY|VOL_EXPANSION|ON|2026-08-07 15:10"",""threshold"":0.02,""value"":0.0057,""since_minute_bucket_ist"":"""",""last_updated_ist"":""2026-08-07 15:10:00""}"
2026-08-07 00:00:00,2026-08-07 15:10:00,355,NIFTY,OPTION_MOMENTUM_CALL,ON,MED,3,ATM CALL momentum (ltp up + vol up),"{""dedupe_key"":""NIFTY|OPTION_MOMENTUM_CALL|ON|2026-08-07 15:10"",""threshold"":1.5,""value"":3,""since_minute_bucket_ist"":"""",""last_updated_ist"":""2026-08-07 15:10:00""}"
2026-08-07 00:00:00,2026-08-07 15:10:00,355,NIFTY,CHURN_COMMITTED,ON,MED,0.0004,Price move + aligned flow (committed),"{""dedupe_key"":""NIFTY|CHURN_COMMITTED|ON|2026-08-07 15:10"",""threshold"":0.0001,""value"":0.0004,""since_minute_bucket_ist"":"""",""last_updated_ist"":""2026-08-07 15:10:00""}"
2026-08-07 00:00:00,2026-08-07 15:11:00,356,NIFTY,FLOW_BULLISH_BUILD,OFF,HIGH,0,Bullish build (premium-confirmed writing / support),"{""dedupe_key"":""NIFTY|FLOW_BULLISH_BUILD|OFF|2026-08-07 15:11"",""threshold"":0.005,""value"":0,""since_minute_bucket_ist"":""2026-08-07 15:10"",""last_updated_ist"":""2026-08-07 15:11:00""}"
2026-08-07 00:00:00,2026-08-07 15:11:00,356,NIFTY,EXP_RANGE_BREAKOUT_CONFIRMED_UP,ON,HIGH,2,Expected-range breakout CONFIRMED UP,"{""dedupe_key"":""NIFTY|EXP_RANGE_BREAKOUT_CONFIRMED_UP|ON|2026-08-07 15:11"",""threshold"":2,""value"":2,""since_minute_bucket_ist"":"""",""last_updated_ist"":""2026-08-07 15:11:00""}"
2026-08-07 00:00:00,2026-08-07 15:11:00,356,NIFTY,OPTION_MOMENTUM_CALL,OFF,MED,0,ATM CALL momentum (ltp up + vol up),"{""dedupe_key"":""NIFTY|OPTION_MOMENTUM_CALL|OFF|2026-08-07 15:11"",""threshold"":1.5,""value"":0,""since_minute_bucket_ist"":""2026-08-07 15:10"",""last_updated_ist"":""2026-08-07 15:11:00""}"
2026-08-07 00:00:00,2026-08-07 15:11:00,356,NIFTY,CHURN_COMMITTED,OFF,MED,0,Price move + aligned flow (committed),"{""dedupe_key"":""NIFTY|CHURN_COMMITTED|OFF|2026-08-07 15:11"",""threshold"":0.0001,""value"":0,""since_minute_bucket_ist"":""2026-08-07 15:10"",""last_updated_ist"":""2026-08-07 15:11:00""}"
2026-08-07 00:00:00,2026-08-07 15:12:00,357,NIFTY,FLOW_BOTH_UNWINDING,ON,MED,-0.0123,Both sides unwinding,"{""dedupe_key"":""NIFTY|FLOW_BOTH_UNWINDING|ON|2026-08-07 15:12"",""threshold"":-0.005,""value"":-0.0123,""since_minute_bucket_ist"":"""",""last_updated_ist"":""2026-08-07 15:12:00""}"
2026-08-07 00:00:00,2026-08-07 15:12:00,357,NIFTY,VOL_EXPANSION,OFF,MED,0.0062,Volatility expanding (straddle up),"{""dedupe_key"":""NIFTY|VOL_EXPANSION|OFF|2026-08-07 15:12"",""threshold"":0.02,""value"":0.0062,""since_minute_bucket_ist"":""2026-08-07 15:10"",""last_updated_ist"":""2026-08-07 15:12:00""}"
2026-08-07 00:00:00,2026-08-07 15:12:00,357,NIFTY,OPTION_MOMENTUM_CALL,ON,MED,1.65,ATM CALL momentum (ltp up + vol up),"{""dedupe_key"":""NIFTY|OPTION_MOMENTUM_CALL|ON|2026-08-07 15:12"",""threshold"":1.5,""value"":1.65,""since_minute_bucket_ist"":"""",""last_updated_ist"":""2026-08-07 15:12:00""}"
2026-08-07 00:00:00,2026-08-07 15:13:00,358,NIFTY,FLOW_BOTH_UNWINDING,OFF,MED,0,Both sides unwinding,"{""dedupe_key"":""NIFTY|FLOW_BOTH_UNWINDING|OFF|2026-08-07 15:13"",""threshold"":-0.005,""value"":0,""since_minute_bucket_ist"":""2026-08-07 15:12"",""last_updated_ist"":""2026-08-07 15:13:00""}"
2026-08-07 00:00:00,2026-08-07 15:13:00,358,NIFTY,OPTION_MOMENTUM_CALL,OFF,MED,0,ATM CALL momentum (ltp up + vol up),"{""dedupe_key"":""NIFTY|OPTION_MOMENTUM_CALL|OFF|2026-08-07 15:13"",""threshold"":1.5,""value"":0,""since_minute_bucket_ist"":""2026-08-07 15:12"",""last_updated_ist"":""2026-08-07 15:13:00""}"
2026-08-07 00:00:00,2026-08-07 15:14:00,359,NIFTY,FLOW_BOTH_UNWINDING,ON,MED,-0.0092,Both sides unwinding,"{""dedupe_key"":""NIFTY|FLOW_BOTH_UNWINDING|ON|2026-08-07 15:14"",""threshold"":-0.005,""value"":-0.0092,""since_minute_bucket_ist"":"""",""last_updated_ist"":""2026-08-07 15:14:00""}"
2026-08-07 00:00:00,2026-08-07 15:14:00,359,NIFTY,EXP_RANGE_BREAKOUT_WATCH_UP,OFF,MED,24555.45,Expected-range watch UP,"{""dedupe_key"":""NIFTY|EXP_RANGE_BREAKOUT_WATCH_UP|OFF|2026-08-07 15:14"",""threshold"":24560.32,""value"":24555.45,""since_minute_bucket_ist"":""2026-08-07 15:10"",""last_updated_ist"":""2026-08-07 15:14:00""}"
2026-08-07 00:00:00,2026-08-07 15:14:00,359,NIFTY,EXP_RANGE_BREAKOUT_CONFIRMED_UP,OFF,HIGH,0,Expected-range breakout CONFIRMED UP,"{""dedupe_key"":""NIFTY|EXP_RANGE_BREAKOUT_CONFIRMED_UP|OFF|2026-08-07 15:14"",""threshold"":2,""value"":0,""since_minute_bucket_ist"":""2026-08-07 15:11"",""last_updated_ist"":""2026-08-07 15:14:00""}"
2026-08-07 00:00:00,2026-08-07 15:15:00,360,NIFTY,TRADE_LIMIT_REACHED,ON,MED,11,Cooldown active (2m),"{""dedupe_key"":""NIFTY|TRADE_LIMIT_REACHED|ON|2026-08-07 15:15"",""threshold"":500,""value"":11,""since_minute_bucket_ist"":"""",""last_updated_ist"":""2026-08-07 15:15:00""}"
2026-08-07 00:00:00,2026-08-07 15:15:00,360,NIFTY,VOL_CONTRACTION,ON,LOW,-0.0128,Volatility contracting (straddle down),"{""dedupe_key"":""NIFTY|VOL_CONTRACTION|ON|2026-08-07 15:15"",""threshold"":-0.03,""value"":-0.0128,""since_minute_bucket_ist"":"""",""last_updated_ist"":""2026-08-07 15:15:00""}"
2026-08-07 00:00:00,2026-08-07 15:15:00,360,NIFTY,OPTION_MOMENTUM_CALL,ON,MED,3.4,ATM CALL momentum (ltp up + vol up),"{""dedupe_key"":""NIFTY|OPTION_MOMENTUM_CALL|ON|2026-08-07 15:15"",""threshold"":1.5,""value"":3.4,""since_minute_bucket_ist"":"""",""last_updated_ist"":""2026-08-07 15:15:00""}"
2026-08-07 00:00:00,2026-08-07 15:16:00,361,NIFTY,FLOW_BOTH_UNWINDING,OFF,MED,0,Both sides unwinding,"{""dedupe_key"":""NIFTY|FLOW_BOTH_UNWINDING|OFF|2026-08-07 15:16"",""threshold"":-0.005,""value"":0,""since_minute_bucket_ist"":""2026-08-07 15:14"",""last_updated_ist"":""2026-08-07 15:16:00""}"
2026-08-07 00:00:00,2026-08-07 15:16:00,361,NIFTY,OPTION_MOMENTUM_CALL,OFF,MED,0,ATM CALL momentum (ltp up + vol up),"{""dedupe_key"":""NIFTY|OPTION_MOMENTUM_CALL|OFF|2026-08-07 15:16"",""threshold"":1.5,""value"":0,""since_minute_bucket_ist"":""2026-08-07 15:15"",""last_updated_ist"":""2026-08-07 15:16:00""}"
2026-08-07 00:00:00,2026-08-07 15:17:00,362,NIFTY,TRADE_LIMIT_REACHED,OFF,MED,11,Cooldown active (2m),"{""dedupe_key"":""NIFTY|TRADE_LIMIT_REACHED|OFF|2026-08-07 15:17"",""threshold"":500,""value"":11,""since_minute_bucket_ist"":""2026-08-07 15:15"",""last_updated_ist"":""2026-08-07 15:17:00""}"
2026-08-07 00:00:00,2026-08-07 15:17:00,362,NIFTY,FLOW_BOTH_UNWINDING,ON,MED,-0.0086,Both sides unwinding,"{""dedupe_key"":""NIFTY|FLOW_BOTH_UNWINDING|ON|2026-08-07 15:17"",""threshold"":-0.005,""value"":-0.0086,""since_minute_bucket_ist"":"""",""last_updated_ist"":""2026-08-07 15:17:00""}"
2026-08-07 00:00:00,2026-08-07 15:17:00,362,NIFTY,OPTION_MOMENTUM_PUT,ON,MED,4.6,ATM PUT momentum (ltp up + vol up),"{""dedupe_key"":""NIFTY|OPTION_MOMENTUM_PUT|ON|2026-08-07 15:17"",""threshold"":1.5,""value"":4.6,""since_minute_bucket_ist"":"""",""last_updated_ist"":""2026-08-07 15:17:00""}"
2026-08-07 00:00:00,2026-08-07 15:17:00,362,NIFTY,CHURN_CHOP,ON,LOW,0.0407,High OI churn while price flat (chop),"{""dedupe_key"":""NIFTY|CHURN_CHOP|ON|2026-08-07 15:17"",""threshold"":0.04,""value"":0.0407,""since_minute_bucket_ist"":"""",""last_updated_ist"":""2026-08-07 15:17:00""}"
2026-08-07 00:00:00,2026-08-07 15:18:00,363,NIFTY,FLOW_BOTH_UNWINDING,OFF,MED,0,Both sides unwinding,"{""dedupe_key"":""NIFTY|FLOW_BOTH_UNWINDING|OFF|2026-08-07 15:18"",""threshold"":-0.005,""value"":0,""since_minute_bucket_ist"":""2026-08-07 15:17"",""last_updated_ist"":""2026-08-07 15:18:00""}"
2026-08-07 00:00:00,2026-08-07 15:18:00,363,NIFTY,VOL_CONTRACTION,OFF,LOW,-0.0027,Volatility contracting (straddle down),"{""dedupe_key"":""NIFTY|VOL_CONTRACTION|OFF|2026-08-07 15:18"",""threshold"":-0.03,""value"":-0.0027,""since_minute_bucket_ist"":""2026-08-07 15:15"",""last_updated_ist"":""2026-08-07 15:18:00""}"
2026-08-07 00:00:00,2026-08-07 15:18:00,363,NIFTY,OPTION_MOMENTUM_PUT,OFF,MED,0,ATM PUT momentum (ltp up + vol up),"{""dedupe_key"":""NIFTY|OPTION_MOMENTUM_PUT|OFF|2026-08-07 15:18"",""threshold"":1.5,""value"":0,""since_minute_bucket_ist"":""2026-08-07 15:17"",""last_updated_ist"":""2026-08-07 15:18:00""}"
2026-08-07 00:00:00,2026-08-07 15:18:00,363,NIFTY,CHURN_CHOP,OFF,LOW,0,High OI churn while price flat (chop),"{""dedupe_key"":""NIFTY|CHURN_CHOP|OFF|2026-08-07 15:18"",""threshold"":0.04,""value"":0,""since_minute_bucket_ist"":""2026-08-07 15:17"",""last_updated_ist"":""2026-08-07 15:18:00""}"
2026-08-07 00:00:00,2026-08-07 15:19:00,364,NIFTY,FLOW_BOTH_UNWINDING,ON,MED,-0.0115,Both sides unwinding,"{""dedupe_key"":""NIFTY|FLOW_BOTH_UNWINDING|ON|2026-08-07 15:19"",""threshold"":-0.005,""value"":-0.0115,""since_minute_bucket_ist"":"""",""last_updated_ist"":""2026-08-07 15:19:00""}"
2026-08-07 00:00:00,2026-08-07 15:19:00,364,NIFTY,VOL_CONTRACTION,ON,LOW,-0.0087,Volatility contracting (straddle down),"{""dedupe_key"":""NIFTY|VOL_CONTRACTION|ON|2026-08-07 15:19"",""threshold"":-0.03,""value"":-0.0087,""since_minute_bucket_ist"":"""",""last_updated_ist"":""2026-08-07 15:19:00""}"
2026-08-07 00:00:00,2026-08-07 15:20:00,365,NIFTY,FLOW_BOTH_UNWINDING,OFF,MED,0,Both sides unwinding,"{""dedupe_key"":""NIFTY|FLOW_BOTH_UNWINDING|OFF|2026-08-07 15:20"",""threshold"":-0.005,""value"":0,""since_minute_bucket_ist"":""2026-08-07 15:19"",""last_updated_ist"":""2026-08-07 15:20:00""}"
2026-08-07 00:00:00,2026-08-07 15:21:00,366,NIFTY,FLOW_BOTH_UNWINDING,ON,MED,-0.0114,Both sides unwinding,"{""dedupe_key"":""NIFTY|FLOW_BOTH_UNWINDING|ON|2026-08-07 15:21"",""threshold"":-0.005,""value"":-0.0114,""since_minute_bucket_ist"":"""",""last_updated_ist"":""2026-08-07 15:21:00""}"
2026-08-07 00:00:00,2026-08-07 15:22:00,367,NIFTY,FLOW_BOTH_UNWINDING,OFF,MED,0,Both sides unwinding,"{""dedupe_key"":""NIFTY|FLOW_BOTH_UNWINDING|OFF|2026-08-07 15:22"",""threshold"":-0.005,""value"":0,""since_minute_bucket_ist"":""2026-08-07 15:21"",""last_updated_ist"":""2026-08-07 15:22:00""}"
2026-08-07 00:00:00,2026-08-07 15:23:00,368,NIFTY,FLOW_BOTH_UNWINDING,ON,MED,-0.0161,Both sides unwinding,"{""dedupe_key"":""NIFTY|FLOW_BOTH_UNWINDING|ON|2026-08-07 15:23"",""threshold"":-0.005,""value"":-0.0161,""since_minute_bucket_ist"":"""",""last_updated_ist"":""2026-08-07 15:23:00""}"
2026-08-07 00:00:00,2026-08-07 15:23:00,368,NIFTY,OPTION_MOMENTUM_CALL,ON,MED,3.5,ATM CALL momentum (ltp up + vol up),"{""dedupe_key"":""NIFTY|OPTION_MOMENTUM_CALL|ON|2026-08-07 15:23"",""threshold"":1.5,""value"":3.5,""since_minute_bucket_ist"":"""",""last_updated_ist"":""2026-08-07 15:23:00""}"
2026-08-07 00:00:00,2026-08-07 15:24:00,369,NIFTY,FLOW_BOTH_UNWINDING,OFF,MED,-0.0037,Both sides unwinding,"{""dedupe_key"":""NIFTY|FLOW_BOTH_UNWINDING|OFF|2026-08-07 15:24"",""threshold"":-0.005,""value"":-0.0037,""since_minute_bucket_ist"":""2026-08-07 15:23"",""last_updated_ist"":""2026-08-07 15:24:00""}"
2026-08-07 00:00:00,2026-08-07 15:24:00,369,NIFTY,VOL_CONTRACTION,OFF,LOW,-0.0058,Volatility contracting (straddle down),"{""dedupe_key"":""NIFTY|VOL_CONTRACTION|OFF|2026-08-07 15:24"",""threshold"":-0.03,""value"":-0.0058,""since_minute_bucket_ist"":""2026-08-07 15:19"",""last_updated_ist"":""2026-08-07 15:24:00""}"
2026-08-07 00:00:00,2026-08-07 15:24:00,369,NIFTY,OPTION_MOMENTUM_CALL,OFF,MED,-0.7,ATM CALL momentum (ltp up + vol up),"{""dedupe_key"":""NIFTY|OPTION_MOMENTUM_CALL|OFF|2026-08-07 15:24"",""threshold"":1.5,""value"":-0.7,""since_minute_bucket_ist"":""2026-08-07 15:23"",""last_updated_ist"":""2026-08-07 15:24:00""}"
2026-08-07 00:00:00,2026-08-07 15:26:00,371,NIFTY,TIME_ENTRY_BLOCK,ON,MED,1899-12-30 15:26:00,Entry window closed (time gate),"{""dedupe_key"":""NIFTY|TIME_ENTRY_BLOCK|ON|2026-08-07 15:26"",""threshold"":""09:15-15:25"",""value"":""15:26"",""since_minute_bucket_ist"":"""",""last_updated_ist"":""2026-08-07 15:26:00""}"
2026-08-07 00:00:00,2026-08-07 15:26:00,371,NIFTY,EXP_RANGE_BREAKOUT_WATCH_UP,ON,MED,24557,Expected-range watch UP,"{""dedupe_key"":""NIFTY|EXP_RANGE_BREAKOUT_WATCH_UP|ON|2026-08-07 15:26"",""threshold"":24557,""value"":24557,""since_minute_bucket_ist"":"""",""last_updated_ist"":""2026-08-07 15:26:00""}"
2026-08-07 00:00:00,2026-08-07 15:26:00,371,NIFTY,EXP_RANGE_BREAKOUT_WATCH_DOWN,ON,MED,24557,Expected-range watch DOWN,"{""dedupe_key"":""NIFTY|EXP_RANGE_BREAKOUT_WATCH_DOWN|ON|2026-08-07 15:26"",""threshold"":24557,""value"":24557,""since_minute_bucket_ist"":"""",""last_updated_ist"":""2026-08-07 15:26:00""}"
2026-08-07 00:00:00,2026-08-07 15:26:00,371,NIFTY,VOL_CONTRACTION,ON,LOW,-0.002,Volatility contracting (straddle down),"{""dedupe_key"":""NIFTY|VOL_CONTRACTION|ON|2026-08-07 15:26"",""threshold"":-0.03,""value"":-0.002,""since_minute_bucket_ist"":"""",""last_updated_ist"":""2026-08-07 15:26:00""}"
2026-08-07 00:00:00,2026-08-07 15:27:00,372,NIFTY,FLOW_BOTH_UNWINDING,ON,MED,-0.0241,Both sides unwinding,"{""dedupe_key"":""NIFTY|FLOW_BOTH_UNWINDING|ON|2026-08-07 15:27"",""threshold"":-0.005,""value"":-0.0241,""since_minute_bucket_ist"":"""",""last_updated_ist"":""2026-08-07 15:27:00""}"
2026-08-07 00:00:00,2026-08-07 15:27:00,372,NIFTY,EXP_RANGE_BREAKOUT_CONFIRMED_UP,ON,HIGH,2,Expected-range breakout CONFIRMED UP,"{""dedupe_key"":""NIFTY|EXP_RANGE_BREAKOUT_CONFIRMED_UP|ON|2026-08-07 15:27"",""threshold"":2,""value"":2,""since_minute_bucket_ist"":"""",""last_updated_ist"":""2026-08-07 15:27:00""}"
2026-08-07 00:00:00,2026-08-07 15:27:00,372,NIFTY,EXP_RANGE_BREAKOUT_CONFIRMED_DOWN,ON,HIGH,2,Expected-range breakout CONFIRMED DOWN,"{""dedupe_key"":""NIFTY|EXP_RANGE_BREAKOUT_CONFIRMED_DOWN|ON|2026-08-07 15:27"",""threshold"":2,""value"":2,""since_minute_bucket_ist"":"""",""last_updated_ist"":""2026-08-07 15:27:00""}"
2026-08-07 00:00:00,2026-08-07 15:27:00,372,NIFTY,CHURN_CHOP,ON,LOW,0.0485,High OI churn while price flat (chop),"{""dedupe_key"":""NIFTY|CHURN_CHOP|ON|2026-08-07 15:27"",""threshold"":0.04,""value"":0.0485,""since_minute_bucket_ist"":"""",""last_updated_ist"":""2026-08-07 15:27:00""}"
2026-08-07 00:00:00,2026-08-07 15:28:00,373,NIFTY,FLOW_BOTH_UNWINDING,OFF,MED,0,Both sides unwinding,"{""dedupe_key"":""NIFTY|FLOW_BOTH_UNWINDING|OFF|2026-08-07 15:28"",""threshold"":-0.005,""value"":0,""since_minute_bucket_ist"":""2026-08-07 15:27"",""last_updated_ist"":""2026-08-07 15:28:00""}"
2026-08-07 00:00:00,2026-08-07 15:28:00,373,NIFTY,CHURN_CHOP,OFF,LOW,0,High OI churn while price flat (chop),"{""dedupe_key"":""NIFTY|CHURN_CHOP|OFF|2026-08-07 15:28"",""threshold"":0.04,""value"":0,""since_minute_bucket_ist"":""2026-08-07 15:27"",""last_updated_ist"":""2026-08-07 15:28:00""}"
2026-08-07 00:00:00,2026-08-07 15:29:00,374,NIFTY,FLOW_BOTH_UNWINDING,ON,MED,-0.0094,Both sides unwinding,"{""dedupe_key"":""NIFTY|FLOW_BOTH_UNWINDING|ON|2026-08-07 15:29"",""threshold"":-0.005,""value"":-0.0094,""since_minute_bucket_ist"":"""",""last_updated_ist"":""2026-08-07 15:29:00""}"
2026-08-07 00:00:00,2026-08-07 15:29:00,374,NIFTY,REGIME_RANGE_PIN,OFF,LOW,0.0002,Range / pin (inside local walls),"{""dedupe_key"":""NIFTY|REGIME_RANGE_PIN|OFF|2026-08-07 15:29"",""threshold"":0.001,""value"":0.0002,""since_minute_bucket_ist"":""2026-08-07 14:58"",""last_updated_ist"":""2026-08-07 15:29:00""}"
2026-08-07 00:00:00,2026-08-07 15:29:00,374,NIFTY,REGIME_TRANSITION_UNCERTAIN,ON,LOW,1,Transition/uncertain regime,"{""dedupe_key"":""NIFTY|REGIME_TRANSITION_UNCERTAIN|ON|2026-08-07 15:29"",""threshold"":1,""value"":1,""since_minute_bucket_ist"":"""",""last_updated_ist"":""2026-08-07 15:29:00""}"
2026-08-07 00:00:00,2026-08-07 15:29:00,374,NIFTY,PIN_BASIC,ON,LOW,37.5,Spot near a local wall (pin zone),"{""dedupe_key"":""NIFTY|PIN_BASIC|ON|2026-08-07 15:29"",""threshold"":37.5,""value"":37.5,""since_minute_bucket_ist"":"""",""last_updated_ist"":""2026-08-07 15:29:00""}"
2026-08-07 00:00:00,2026-08-07 15:29:00,374,NIFTY,EXP_RANGE_BREAKOUT_WATCH_DOWN,OFF,MED,24570.65,Expected-range watch DOWN,"{""dedupe_key"":""NIFTY|EXP_RANGE_BREAKOUT_WATCH_DOWN|OFF|2026-08-07 15:29"",""threshold"":24552.94,""value"":24570.65,""since_minute_bucket_ist"":""2026-08-07 15:26"",""last_updated_ist"":""2026-08-07 15:29:00""}"
2026-08-07 00:00:00,2026-08-07 15:29:00,374,NIFTY,EXP_RANGE_BREAKOUT_CONFIRMED_DOWN,OFF,HIGH,0,Expected-range breakout CONFIRMED DOWN,"{""dedupe_key"":""NIFTY|EXP_RANGE_BREAKOUT_CONFIRMED_DOWN|OFF|2026-08-07 15:29"",""threshold"":2,""value"":0,""since_minute_bucket_ist"":""2026-08-07 15:27"",""last_updated_ist"":""2026-08-07 15:29:00""}"
2026-08-07 00:00:00,2026-08-07 15:30:00,375,NIFTY,FLOW_BOTH_UNWINDING,OFF,MED,0,Both sides unwinding,"{""dedupe_key"":""NIFTY|FLOW_BOTH_UNWINDING|OFF|2026-08-07 15:30"",""threshold"":-0.005,""value"":0,""since_minute_bucket_ist"":""2026-08-07 15:29"",""last_updated_ist"":""2026-08-07 15:30:00""}"
2026-08-07 00:00:00,2026-08-07 15:31:00,376,NIFTY,FLOW_BOTH_UNWINDING,ON,MED,1899-12-29 23:26:00,Both sides unwinding,"{""dedupe_key"":""NIFTY|FLOW_BOTH_UNWINDING|ON|2026-08-07 15:31"",""threshold"":-0.005,""value"":-0.0236,""since_minute_bucket_ist"":"""",""last_updated_ist"":""2026-08-07 15:31:00""}"
2026-08-07 00:00:00,2026-08-07 15:31:00,376,NIFTY,VOL_CONTRACTION,OFF,LOW,-0.0039,Volatility contracting (straddle down),"{""dedupe_key"":""NIFTY|VOL_CONTRACTION|OFF|2026-08-07 15:31"",""threshold"":-0.03,""value"":-0.0039,""since_minute_bucket_ist"":""2026-08-07 15:26"",""last_updated_ist"":""2026-08-07 15:31:00""}"
2026-08-07 00:00:00,2026-08-07 15:31:00,376,NIFTY,OPTION_MOMENTUM_CALL,ON,MED,2,ATM CALL momentum (ltp up + vol up),"{""dedupe_key"":""NIFTY|OPTION_MOMENTUM_CALL|ON|2026-08-07 15:31"",""threshold"":1.5,""value"":2,""since_minute_bucket_ist"":"""",""last_updated_ist"":""2026-08-07 15:31:00""}"
2026-08-07 00:00:00,2026-08-07 15:31:00,376,NIFTY,CHURN_CHOP,ON,LOW,0.0536,High OI churn while price flat (chop),"{""dedupe_key"":""NIFTY|CHURN_CHOP|ON|2026-08-07 15:31"",""threshold"":0.04,""value"":0.0536,""since_minute_bucket_ist"":"""",""last_updated_ist"":""2026-08-07 15:31:00""}"
2026-08-07 00:00:00,2026-08-07 15:32:00,377,NIFTY,VOL_CONTRACTION,ON,LOW,-0.0142,Volatility contracting (straddle down),"{""dedupe_key"":""NIFTY|VOL_CONTRACTION|ON|2026-08-07 15:32"",""threshold"":-0.03,""value"":-0.0142,""since_minute_bucket_ist"":"""",""last_updated_ist"":""2026-08-07 15:32:00""}"
2026-08-07 00:00:00,2026-08-07 15:32:00,377,NIFTY,OPTION_MOMENTUM_CALL,OFF,MED,-0.9,ATM CALL momentum (ltp up + vol up),"{""dedupe_key"":""NIFTY|OPTION_MOMENTUM_CALL|OFF|2026-08-07 15:32"",""threshold"":1.5,""value"":-0.9,""since_minute_bucket_ist"":""2026-08-07 15:31"",""last_updated_ist"":""2026-08-07 15:32:00""}"
2026-08-07 00:00:00,2026-08-07 15:32:00,377,NIFTY,CHURN_CHOP,OFF,LOW,0.0187,High OI churn while price flat (chop),"{""dedupe_key"":""NIFTY|CHURN_CHOP|OFF|2026-08-07 15:32"",""threshold"":0.04,""value"":0.0187,""since_minute_bucket_ist"":""2026-08-07 15:31"",""last_updated_ist"":""2026-08-07 15:32:00""}"