timestamp_ist,minute_bucket_ist,symbol,alert_code,state,severity,value,threshold,message,dedupe_key
2026-07-20 00:00:00,2026-07-20 09:15:00,1,NIFTY,REGIME_RANGE_PIN,ON,LOW,1899-12-30 00:00:00,Range / pin (inside local walls),"{""dedupe_key"":""NIFTY|REGIME_RANGE_PIN|ON|2026-07-20 09:15"",""threshold"":0.0004,""value"":0,""since_minute_bucket_ist"":"""",""last_updated_ist"":""2026-07-20 09:15:00""}"
2026-07-20 00:00:00,2026-07-20 09:16:00,2,NIFTY,FLOW_BOTH_BUILDING,ON,MED,0.0577,Both sides building (straddle build) → higher chop risk,"{""dedupe_key"":""NIFTY|FLOW_BOTH_BUILDING|ON|2026-07-20 09:16"",""threshold"":0.005,""value"":0.0577,""since_minute_bucket_ist"":"""",""last_updated_ist"":""2026-07-20 09:16:00""}"
2026-07-20 00:00:00,2026-07-20 09:16:00,2,NIFTY,REGIME_TREND_DOWN,ON,MED,1899-12-29 23:58:59,Trend DOWN (slope + direction),"{""dedupe_key"":""NIFTY|REGIME_TREND_DOWN|ON|2026-07-20 09:16"",""threshold"":-0.0004,""value"":-0.0007,""since_minute_bucket_ist"":"""",""last_updated_ist"":""2026-07-20 09:16:00""}"
2026-07-20 00:00:00,2026-07-20 09:16:00,2,NIFTY,REGIME_RANGE_PIN,OFF,LOW,1899-12-30 00:00:00,Range / pin (inside local walls),"{""dedupe_key"":""NIFTY|REGIME_RANGE_PIN|OFF|2026-07-20 09:16"",""threshold"":0.0004,""value"":0,""since_minute_bucket_ist"":""2026-07-20 09:15"",""last_updated_ist"":""2026-07-20 09:16:00""}"
2026-07-20 00:00:00,2026-07-20 09:16:00,2,NIFTY,PIN_BASIC,ON,LOW,1900-02-05 12:00:00,Spot near a local wall (pin zone),"{""dedupe_key"":""NIFTY|PIN_BASIC|ON|2026-07-20 09:16"",""threshold"":37.5,""value"":37.5,""since_minute_bucket_ist"":"""",""last_updated_ist"":""2026-07-20 09:16:00""}"
2026-07-20 00:00:00,2026-07-20 09:16:00,2,NIFTY,TAIL_RISK_SKEW_LOW,ON,LOW,1899-12-30 12:14:24,Tail-risk skew low (PCR_COI low),"{""dedupe_key"":""NIFTY|TAIL_RISK_SKEW_LOW|ON|2026-07-20 09:16"",""threshold"":0.55,""value"":0.51,""since_minute_bucket_ist"":"""",""last_updated_ist"":""2026-07-20 09:16:00""}"
2026-07-20 00:00:00,2026-07-20 09:16:00,2,NIFTY,WALL_SHIFT_REGIME,ON,MED,1,Wall strike shifted materially (>= 1 step),"{""dedupe_key"":""NIFTY|WALL_SHIFT_REGIME|ON|2026-07-20 09:16"",""threshold"":1,""value"":1,""since_minute_bucket_ist"":"""",""last_updated_ist"":""2026-07-20 09:16:00""}"
2026-07-20 00:00:00,2026-07-20 09:17:00,3,NIFTY,FLOW_BOTH_BUILDING,OFF,MED,0,Both sides building (straddle build) → higher chop risk,"{""dedupe_key"":""NIFTY|FLOW_BOTH_BUILDING|OFF|2026-07-20 09:17"",""threshold"":0.005,""value"":0,""since_minute_bucket_ist"":""2026-07-20 09:16"",""last_updated_ist"":""2026-07-20 09:17:00""}"
2026-07-20 00:00:00,2026-07-20 09:17:00,3,NIFTY,REGIME_TREND_DOWN,OFF,MED,-0.0007,Trend DOWN (slope + direction),"{""dedupe_key"":""NIFTY|REGIME_TREND_DOWN|OFF|2026-07-20 09:17"",""threshold"":-0.0004,""value"":-0.0007,""since_minute_bucket_ist"":""2026-07-20 09:16"",""last_updated_ist"":""2026-07-20 09:17:00""}"
2026-07-20 00:00:00,2026-07-20 09:17:00,3,NIFTY,REGIME_TRANSITION_UNCERTAIN,ON,LOW,1,Transition/uncertain regime,"{""dedupe_key"":""NIFTY|REGIME_TRANSITION_UNCERTAIN|ON|2026-07-20 09:17"",""threshold"":1,""value"":1,""since_minute_bucket_ist"":"""",""last_updated_ist"":""2026-07-20 09:17:00""}"
2026-07-20 00:00:00,2026-07-20 09:17:00,3,NIFTY,OPTION_MOMENTUM_PUT,ON,MED,1900-01-03 19:12:00,ATM PUT momentum (ltp up + vol up),"{""dedupe_key"":""NIFTY|OPTION_MOMENTUM_PUT|ON|2026-07-20 09:17"",""threshold"":1.5,""value"":4.8,""since_minute_bucket_ist"":"""",""last_updated_ist"":""2026-07-20 09:17:00""}"
2026-07-20 00:00:00,2026-07-20 09:17:00,3,NIFTY,WALL_SHIFT_REGIME,OFF,MED,1,Wall strike shifted materially (>= 1 step),"{""dedupe_key"":""NIFTY|WALL_SHIFT_REGIME|OFF|2026-07-20 09:17"",""threshold"":1,""value"":1,""since_minute_bucket_ist"":""2026-07-20 09:16"",""last_updated_ist"":""2026-07-20 09:17:00""}"
2026-07-20 00:00:00,2026-07-20 09:18:00,4,NIFTY,FLOW_BOTH_BUILDING,ON,MED,1899-12-30 00:37:43,Both sides building (straddle build) → higher chop risk,"{""dedupe_key"":""NIFTY|FLOW_BOTH_BUILDING|ON|2026-07-20 09:18"",""threshold"":0.005,""value"":0.0262,""since_minute_bucket_ist"":"""",""last_updated_ist"":""2026-07-20 09:18:00""}"
2026-07-20 00:00:00,2026-07-20 09:18:00,4,NIFTY,REGIME_RANGE_PIN,ON,LOW,0,Range / pin (inside local walls),"{""dedupe_key"":""NIFTY|REGIME_RANGE_PIN|ON|2026-07-20 09:18"",""threshold"":0.0004,""value"":0,""since_minute_bucket_ist"":"""",""last_updated_ist"":""2026-07-20 09:18:00""}"
2026-07-20 00:00:00,2026-07-20 09:18:00,4,NIFTY,REGIME_TRANSITION_UNCERTAIN,OFF,LOW,1,Transition/uncertain regime,"{""dedupe_key"":""NIFTY|REGIME_TRANSITION_UNCERTAIN|OFF|2026-07-20 09:18"",""threshold"":1,""value"":1,""since_minute_bucket_ist"":""2026-07-20 09:17"",""last_updated_ist"":""2026-07-20 09:18:00""}"
2026-07-20 00:00:00,2026-07-20 09:18:00,4,NIFTY,OPTION_MOMENTUM_CALL,ON,MED,5.35,ATM CALL momentum (ltp up + vol up),"{""dedupe_key"":""NIFTY|OPTION_MOMENTUM_CALL|ON|2026-07-20 09:18"",""threshold"":1.5,""value"":5.35,""since_minute_bucket_ist"":"""",""last_updated_ist"":""2026-07-20 09:18:00""}"
2026-07-20 00:00:00,2026-07-20 09:18:00,4,NIFTY,OPTION_MOMENTUM_PUT,OFF,MED,-6.8,ATM PUT momentum (ltp up + vol up),"{""dedupe_key"":""NIFTY|OPTION_MOMENTUM_PUT|OFF|2026-07-20 09:18"",""threshold"":1.5,""value"":-6.8,""since_minute_bucket_ist"":""2026-07-20 09:17"",""last_updated_ist"":""2026-07-20 09:18:00""}"
2026-07-20 00:00:00,2026-07-20 09:18:00,4,NIFTY,WALL_SHIFT_REGIME,ON,MED,1,Wall strike shifted materially (>= 1 step),"{""dedupe_key"":""NIFTY|WALL_SHIFT_REGIME|ON|2026-07-20 09:18"",""threshold"":1,""value"":1,""since_minute_bucket_ist"":"""",""last_updated_ist"":""2026-07-20 09:18:00""}"
2026-07-20 00:00:00,2026-07-20 09:19:00,5,NIFTY,REGIME_TREND_DOWN,ON,MED,-0.0005,Trend DOWN (slope + direction),"{""dedupe_key"":""NIFTY|REGIME_TREND_DOWN|ON|2026-07-20 09:19"",""threshold"":-0.0004,""value"":-0.0005,""since_minute_bucket_ist"":"""",""last_updated_ist"":""2026-07-20 09:19:00""}"
2026-07-20 00:00:00,2026-07-20 09:19:00,5,NIFTY,REGIME_RANGE_PIN,OFF,LOW,0,Range / pin (inside local walls),"{""dedupe_key"":""NIFTY|REGIME_RANGE_PIN|OFF|2026-07-20 09:19"",""threshold"":0.0004,""value"":0,""since_minute_bucket_ist"":""2026-07-20 09:18"",""last_updated_ist"":""2026-07-20 09:19:00""}"
2026-07-20 00:00:00,2026-07-20 09:19:00,5,NIFTY,OPTION_MOMENTUM_CALL,OFF,MED,-13,ATM CALL momentum (ltp up + vol up),"{""dedupe_key"":""NIFTY|OPTION_MOMENTUM_CALL|OFF|2026-07-20 09:19"",""threshold"":1.5,""value"":-13,""since_minute_bucket_ist"":""2026-07-20 09:18"",""last_updated_ist"":""2026-07-20 09:19:00""}"
2026-07-20 00:00:00,2026-07-20 09:19:00,5,NIFTY,OPTION_MOMENTUM_PUT,ON,MED,10,ATM PUT momentum (ltp up + vol up),"{""dedupe_key"":""NIFTY|OPTION_MOMENTUM_PUT|ON|2026-07-20 09:19"",""threshold"":1.5,""value"":10,""since_minute_bucket_ist"":"""",""last_updated_ist"":""2026-07-20 09:19:00""}"
2026-07-20 00:00:00,2026-07-20 09:20:00,6,NIFTY,VOL_CONTRACTION,ON,LOW,-0.0331,Volatility contracting (straddle down),"{""dedupe_key"":""NIFTY|VOL_CONTRACTION|ON|2026-07-20 09:20"",""threshold"":-0.03,""value"":-0.0331,""since_minute_bucket_ist"":"""",""last_updated_ist"":""2026-07-20 09:20:00""}"
2026-07-20 00:00:00,2026-07-20 09:20:00,6,NIFTY,OPTION_MOMENTUM_PUT,OFF,MED,-2.4,ATM PUT momentum (ltp up + vol up),"{""dedupe_key"":""NIFTY|OPTION_MOMENTUM_PUT|OFF|2026-07-20 09:20"",""threshold"":1.5,""value"":-2.4,""since_minute_bucket_ist"":""2026-07-20 09:19"",""last_updated_ist"":""2026-07-20 09:20:00""}"
2026-07-20 00:00:00,2026-07-20 09:20:00,6,NIFTY,WALL_SHIFT_REGIME,OFF,MED,1899-12-31 00:00:00,Wall strike shifted materially (>= 1 step),"{""dedupe_key"":""NIFTY|WALL_SHIFT_REGIME|OFF|2026-07-20 09:20"",""threshold"":1,""value"":1,""since_minute_bucket_ist"":""2026-07-20 09:18"",""last_updated_ist"":""2026-07-20 09:20:00""}"
2026-07-20 00:00:00,2026-07-20 09:21:00,7,NIFTY,FLOW_BOTH_BUILDING,OFF,MED,1899-12-29 23:58:50,Both sides building (straddle build) → higher chop risk,"{""dedupe_key"":""NIFTY|FLOW_BOTH_BUILDING|OFF|2026-07-20 09:21"",""threshold"":0.005,""value"":-0.0008,""since_minute_bucket_ist"":""2026-07-20 09:18"",""last_updated_ist"":""2026-07-20 09:21:00""}"
2026-07-20 00:00:00,2026-07-20 09:21:00,7,NIFTY,FLOW_BEARISH_BUILD,ON,HIGH,0.0371,Bearish build (premium-confirmed writing / resistance),"{""dedupe_key"":""NIFTY|FLOW_BEARISH_BUILD|ON|2026-07-20 09:21"",""threshold"":0.005,""value"":0.0371,""since_minute_bucket_ist"":"""",""last_updated_ist"":""2026-07-20 09:21:00""}"
2026-07-20 00:00:00,2026-07-20 09:21:00,7,NIFTY,PIN_BREAKOUT_SETUP,ON,MED,-8.69999999999709,Pin breakout setup (wall touch + aligned flow),"{""dedupe_key"":""NIFTY|PIN_BREAKOUT_SETUP|ON|2026-07-20 09:21"",""threshold"":0,""value"":-8.69999999999709,""since_minute_bucket_ist"":"""",""last_updated_ist"":""2026-07-20 09:21:00""}"
2026-07-20 00:00:00,2026-07-20 09:21:00,7,NIFTY,VOL_CONTRACTION,OFF,LOW,-0.0201,Volatility contracting (straddle down),"{""dedupe_key"":""NIFTY|VOL_CONTRACTION|OFF|2026-07-20 09:21"",""threshold"":-0.03,""value"":-0.0201,""since_minute_bucket_ist"":""2026-07-20 09:20"",""last_updated_ist"":""2026-07-20 09:21:00""}"
2026-07-20 00:00:00,2026-07-20 09:21:00,7,NIFTY,OPTION_MOMENTUM_PUT,ON,MED,4.2,ATM PUT momentum (ltp up + vol up),"{""dedupe_key"":""NIFTY|OPTION_MOMENTUM_PUT|ON|2026-07-20 09:21"",""threshold"":1.5,""value"":4.2,""since_minute_bucket_ist"":"""",""last_updated_ist"":""2026-07-20 09:21:00""}"
2026-07-20 00:00:00,2026-07-20 09:21:00,7,NIFTY,CHURN_COMMITTED,ON,MED,1899-12-29 23:59:25,Price move + aligned flow (committed),"{""dedupe_key"":""NIFTY|CHURN_COMMITTED|ON|2026-07-20 09:21"",""threshold"":0.0001,""value"":-0.0004,""since_minute_bucket_ist"":"""",""last_updated_ist"":""2026-07-20 09:21:00""}"
2026-07-20 00:00:00,2026-07-20 09:21:00,7,NIFTY,WALL_PRESSURE_BREAK_SETUP,ON,MED,-8.69999999999709,Pressure building into a wall (break setup),"{""dedupe_key"":""NIFTY|WALL_PRESSURE_BREAK_SETUP|ON|2026-07-20 09:21"",""threshold"":0,""value"":-8.69999999999709,""since_minute_bucket_ist"":"""",""last_updated_ist"":""2026-07-20 09:21:00""}"
2026-07-20 00:00:00,2026-07-20 09:22:00,8,NIFTY,TRADE_LIMIT_REACHED,ON,MED,1899-12-31 00:00:00,Cooldown active (2m),"{""dedupe_key"":""NIFTY|TRADE_LIMIT_REACHED|ON|2026-07-20 09:22"",""threshold"":500,""value"":1,""since_minute_bucket_ist"":"""",""last_updated_ist"":""2026-07-20 09:22:00""}"
2026-07-20 00:00:00,2026-07-20 09:22:00,8,NIFTY,FLOW_BEARISH_BUILD,OFF,HIGH,0,Bearish build (premium-confirmed writing / resistance),"{""dedupe_key"":""NIFTY|FLOW_BEARISH_BUILD|OFF|2026-07-20 09:22"",""threshold"":0.005,""value"":0,""since_minute_bucket_ist"":""2026-07-20 09:21"",""last_updated_ist"":""2026-07-20 09:22:00""}"
2026-07-20 00:00:00,2026-07-20 09:22:00,8,NIFTY,PIN_BREAKOUT_SETUP,OFF,MED,0,Pin breakout setup (wall touch + aligned flow),"{""dedupe_key"":""NIFTY|PIN_BREAKOUT_SETUP|OFF|2026-07-20 09:22"",""threshold"":0,""value"":0,""since_minute_bucket_ist"":""2026-07-20 09:21"",""last_updated_ist"":""2026-07-20 09:22:00""}"
2026-07-20 00:00:00,2026-07-20 09:22:00,8,NIFTY,OPTION_MOMENTUM_PUT,OFF,MED,0,ATM PUT momentum (ltp up + vol up),"{""dedupe_key"":""NIFTY|OPTION_MOMENTUM_PUT|OFF|2026-07-20 09:22"",""threshold"":1.5,""value"":0,""since_minute_bucket_ist"":""2026-07-20 09:21"",""last_updated_ist"":""2026-07-20 09:22:00""}"
2026-07-20 00:00:00,2026-07-20 09:22:00,8,NIFTY,CHURN_COMMITTED,OFF,MED,0,Price move + aligned flow (committed),"{""dedupe_key"":""NIFTY|CHURN_COMMITTED|OFF|2026-07-20 09:22"",""threshold"":0.0001,""value"":0,""since_minute_bucket_ist"":""2026-07-20 09:21"",""last_updated_ist"":""2026-07-20 09:22:00""}"
2026-07-20 00:00:00,2026-07-20 09:22:00,8,NIFTY,WALL_PRESSURE_BREAK_SETUP,OFF,MED,0,Pressure building into a wall (break setup),"{""dedupe_key"":""NIFTY|WALL_PRESSURE_BREAK_SETUP|OFF|2026-07-20 09:22"",""threshold"":0,""value"":0,""since_minute_bucket_ist"":""2026-07-20 09:21"",""last_updated_ist"":""2026-07-20 09:22:00""}"
2026-07-20 00:00:00,2026-07-20 09:23:00,9,NIFTY,FLOW_BEARISH_BUILD,ON,HIGH,0.0583,Bearish build (premium-confirmed writing / resistance),"{""dedupe_key"":""NIFTY|FLOW_BEARISH_BUILD|ON|2026-07-20 09:23"",""threshold"":0.005,""value"":0.0583,""since_minute_bucket_ist"":"""",""last_updated_ist"":""2026-07-20 09:23:00""}"
2026-07-20 00:00:00,2026-07-20 09:23:00,9,NIFTY,PIN_BREAKOUT_SETUP,ON,MED,-4.30000000000291,Pin breakout setup (wall touch + aligned flow),"{""dedupe_key"":""NIFTY|PIN_BREAKOUT_SETUP|ON|2026-07-20 09:23"",""threshold"":0,""value"":-4.30000000000291,""since_minute_bucket_ist"":"""",""last_updated_ist"":""2026-07-20 09:23:00""}"
2026-07-20 00:00:00,2026-07-20 09:23:00,9,NIFTY,OPTION_MOMENTUM_PUT,ON,MED,5.25,ATM PUT momentum (ltp up + vol up),"{""dedupe_key"":""NIFTY|OPTION_MOMENTUM_PUT|ON|2026-07-20 09:23"",""threshold"":1.5,""value"":5.25,""since_minute_bucket_ist"":"""",""last_updated_ist"":""2026-07-20 09:23:00""}"
2026-07-20 00:00:00,2026-07-20 09:23:00,9,NIFTY,CHURN_COMMITTED,ON,MED,-0.0002,Price move + aligned flow (committed),"{""dedupe_key"":""NIFTY|CHURN_COMMITTED|ON|2026-07-20 09:23"",""threshold"":0.0001,""value"":-0.0002,""since_minute_bucket_ist"":"""",""last_updated_ist"":""2026-07-20 09:23:00""}"
2026-07-20 00:00:00,2026-07-20 09:23:00,9,NIFTY,STEALTH_BUILD_BEAR,ON,MED,0.0583,"Stealth bearish build (calls build, spot flat)","{""dedupe_key"":""NIFTY|STEALTH_BUILD_BEAR|ON|2026-07-20 09:23"",""threshold"":0.008,""value"":0.0583,""since_minute_bucket_ist"":"""",""last_updated_ist"":""2026-07-20 09:23:00""}"
2026-07-20 00:00:00,2026-07-20 09:23:00,9,NIFTY,WALL_PRESSURE_BREAK_SETUP,ON,MED,1899-12-25 16:48:00,Pressure building into a wall (break setup),"{""dedupe_key"":""NIFTY|WALL_PRESSURE_BREAK_SETUP|ON|2026-07-20 09:23"",""threshold"":0,""value"":-4.30000000000291,""since_minute_bucket_ist"":"""",""last_updated_ist"":""2026-07-20 09:23:00""}"
2026-07-20 00:00:00,2026-07-20 09:24:00,10,NIFTY,TRADE_LIMIT_REACHED,OFF,MED,1,Cooldown active (2m),"{""dedupe_key"":""NIFTY|TRADE_LIMIT_REACHED|OFF|2026-07-20 09:24"",""threshold"":500,""value"":1,""since_minute_bucket_ist"":""2026-07-20 09:22"",""last_updated_ist"":""2026-07-20 09:24:00""}"
2026-07-20 00:00:00,2026-07-20 09:24:00,10,NIFTY,FLOW_BEARISH_BUILD,OFF,HIGH,0.0296,Bearish build (premium-confirmed writing / resistance),"{""dedupe_key"":""NIFTY|FLOW_BEARISH_BUILD|OFF|2026-07-20 09:24"",""threshold"":0.005,""value"":0.0296,""since_minute_bucket_ist"":""2026-07-20 09:23"",""last_updated_ist"":""2026-07-20 09:24:00""}"
2026-07-20 00:00:00,2026-07-20 09:24:00,10,NIFTY,REGIME_TREND_DOWN,OFF,MED,-0.0002,Trend DOWN (slope + direction),"{""dedupe_key"":""NIFTY|REGIME_TREND_DOWN|OFF|2026-07-20 09:24"",""threshold"":-0.0004,""value"":-0.0002,""since_minute_bucket_ist"":""2026-07-20 09:19"",""last_updated_ist"":""2026-07-20 09:24:00""}"
2026-07-20 00:00:00,2026-07-20 09:24:00,10,NIFTY,REGIME_TRANSITION_UNCERTAIN,ON,LOW,1899-12-31 00:00:00,Transition/uncertain regime,"{""dedupe_key"":""NIFTY|REGIME_TRANSITION_UNCERTAIN|ON|2026-07-20 09:24"",""threshold"":1,""value"":1,""since_minute_bucket_ist"":"""",""last_updated_ist"":""2026-07-20 09:24:00""}"
2026-07-20 00:00:00,2026-07-20 09:24:00,10,NIFTY,PIN_BREAKOUT_SETUP,OFF,MED,19.80000000000291,Pin breakout setup (wall touch + aligned flow),"{""dedupe_key"":""NIFTY|PIN_BREAKOUT_SETUP|OFF|2026-07-20 09:24"",""threshold"":0,""value"":19.80000000000291,""since_minute_bucket_ist"":""2026-07-20 09:23"",""last_updated_ist"":""2026-07-20 09:24:00""}"
2026-07-20 00:00:00,2026-07-20 09:24:00,10,NIFTY,OPTION_MOMENTUM_CALL,ON,MED,3.05,ATM CALL momentum (ltp up + vol up),"{""dedupe_key"":""NIFTY|OPTION_MOMENTUM_CALL|ON|2026-07-20 09:24"",""threshold"":1.5,""value"":3.05,""since_minute_bucket_ist"":"""",""last_updated_ist"":""2026-07-20 09:24:00""}"
2026-07-20 00:00:00,2026-07-20 09:24:00,10,NIFTY,OPTION_MOMENTUM_PUT,OFF,MED,-3.4,ATM PUT momentum (ltp up + vol up),"{""dedupe_key"":""NIFTY|OPTION_MOMENTUM_PUT|OFF|2026-07-20 09:24"",""threshold"":1.5,""value"":-3.4,""since_minute_bucket_ist"":""2026-07-20 09:23"",""last_updated_ist"":""2026-07-20 09:24:00""}"
2026-07-20 00:00:00,2026-07-20 09:24:00,10,NIFTY,CHURN_COMMITTED,OFF,MED,0.0008,Price move + aligned flow (committed),"{""dedupe_key"":""NIFTY|CHURN_COMMITTED|OFF|2026-07-20 09:24"",""threshold"":0.0001,""value"":0.0008,""since_minute_bucket_ist"":""2026-07-20 09:23"",""last_updated_ist"":""2026-07-20 09:24:00""}"
2026-07-20 00:00:00,2026-07-20 09:24:00,10,NIFTY,STEALTH_BUILD_BEAR,OFF,MED,0.0296,"Stealth bearish build (calls build, spot flat)","{""dedupe_key"":""NIFTY|STEALTH_BUILD_BEAR|OFF|2026-07-20 09:24"",""threshold"":0.008,""value"":0.0296,""since_minute_bucket_ist"":""2026-07-20 09:23"",""last_updated_ist"":""2026-07-20 09:24:00""}"
2026-07-20 00:00:00,2026-07-20 09:24:00,10,NIFTY,WALL_PRESSURE_BREAK_SETUP,OFF,MED,19.80000000000291,Pressure building into a wall (break setup),"{""dedupe_key"":""NIFTY|WALL_PRESSURE_BREAK_SETUP|OFF|2026-07-20 09:24"",""threshold"":0,""value"":19.80000000000291,""since_minute_bucket_ist"":""2026-07-20 09:23"",""last_updated_ist"":""2026-07-20 09:24:00""}"
2026-07-20 00:00:00,2026-07-20 09:25:00,11,NIFTY,FLOW_BEARISH_BUILD,ON,HIGH,0.0282,Bearish build (premium-confirmed writing / resistance),"{""dedupe_key"":""NIFTY|FLOW_BEARISH_BUILD|ON|2026-07-20 09:25"",""threshold"":0.005,""value"":0.0282,""since_minute_bucket_ist"":"""",""last_updated_ist"":""2026-07-20 09:25:00""}"
2026-07-20 00:00:00,2026-07-20 09:25:00,11,NIFTY,PIN_BREAKOUT_SETUP,ON,MED,-12.5,Pin breakout setup (wall touch + aligned flow),"{""dedupe_key"":""NIFTY|PIN_BREAKOUT_SETUP|ON|2026-07-20 09:25"",""threshold"":0,""value"":-12.5,""since_minute_bucket_ist"":"""",""last_updated_ist"":""2026-07-20 09:25:00""}"
2026-07-20 00:00:00,2026-07-20 09:25:00,11,NIFTY,VOL_CONTRACTION,ON,LOW,1899-12-29 23:18:31,Volatility contracting (straddle down),"{""dedupe_key"":""NIFTY|VOL_CONTRACTION|ON|2026-07-20 09:25"",""threshold"":-0.03,""value"":-0.0288,""since_minute_bucket_ist"":"""",""last_updated_ist"":""2026-07-20 09:25:00""}"
2026-07-20 00:00:00,2026-07-20 09:25:00,11,NIFTY,OPTION_MOMENTUM_CALL,OFF,MED,-2.4,ATM CALL momentum (ltp up + vol up),"{""dedupe_key"":""NIFTY|OPTION_MOMENTUM_CALL|OFF|2026-07-20 09:25"",""threshold"":1.5,""value"":-2.4,""since_minute_bucket_ist"":""2026-07-20 09:24"",""last_updated_ist"":""2026-07-20 09:25:00""}"
2026-07-20 00:00:00,2026-07-20 09:25:00,11,NIFTY,WALL_UNWIND_CONFIRM_DOWN,ON,MED,-0.0089,Put wall OI unwinding (5m),"{""dedupe_key"":""NIFTY|WALL_UNWIND_CONFIRM_DOWN|ON|2026-07-20 09:25"",""threshold"":-0.006,""value"":-0.0089,""since_minute_bucket_ist"":"""",""last_updated_ist"":""2026-07-20 09:25:00""}"
2026-07-20 00:00:00,2026-07-20 09:25:00,11,NIFTY,CHURN_COMMITTED,ON,MED,-0.0005,Price move + aligned flow (committed),"{""dedupe_key"":""NIFTY|CHURN_COMMITTED|ON|2026-07-20 09:25"",""threshold"":0.0001,""value"":-0.0005,""since_minute_bucket_ist"":"""",""last_updated_ist"":""2026-07-20 09:25:00""}"
2026-07-20 00:00:00,2026-07-20 09:25:00,11,NIFTY,WALL_PRESSURE_BREAK_SETUP,ON,MED,-12.5,Pressure building into a wall (break setup),"{""dedupe_key"":""NIFTY|WALL_PRESSURE_BREAK_SETUP|ON|2026-07-20 09:25"",""threshold"":0,""value"":-12.5,""since_minute_bucket_ist"":"""",""last_updated_ist"":""2026-07-20 09:25:00""}"
2026-07-20 00:00:00,2026-07-20 09:27:00,12,NIFTY,FLOW_BOTH_BUILDING,ON,MED,0.0158,Both sides building (straddle build) → higher chop risk,"{""dedupe_key"":""NIFTY|FLOW_BOTH_BUILDING|ON|2026-07-20 09:27"",""threshold"":0.005,""value"":0.0158,""since_minute_bucket_ist"":"""",""last_updated_ist"":""2026-07-20 09:27:00""}"
2026-07-20 00:00:00,2026-07-20 09:27:00,12,NIFTY,FLOW_BEARISH_BUILD,OFF,HIGH,0.0158,Bearish build (premium-confirmed writing / resistance),"{""dedupe_key"":""NIFTY|FLOW_BEARISH_BUILD|OFF|2026-07-20 09:27"",""threshold"":0.005,""value"":0.0158,""since_minute_bucket_ist"":""2026-07-20 09:25"",""last_updated_ist"":""2026-07-20 09:27:00""}"
2026-07-20 00:00:00,2026-07-20 09:27:00,12,NIFTY,PIN_BREAKOUT_SETUP,OFF,MED,4.69999999999709,Pin breakout setup (wall touch + aligned flow),"{""dedupe_key"":""NIFTY|PIN_BREAKOUT_SETUP|OFF|2026-07-20 09:27"",""threshold"":0,""value"":4.69999999999709,""since_minute_bucket_ist"":""2026-07-20 09:25"",""last_updated_ist"":""2026-07-20 09:27:00""}"
2026-07-20 00:00:00,2026-07-20 09:27:00,12,NIFTY,WALL_UNWIND_CONFIRM_DOWN,OFF,MED,0.05,Put wall OI unwinding (5m),"{""dedupe_key"":""NIFTY|WALL_UNWIND_CONFIRM_DOWN|OFF|2026-07-20 09:27"",""threshold"":-0.006,""value"":0.05,""since_minute_bucket_ist"":""2026-07-20 09:25"",""last_updated_ist"":""2026-07-20 09:27:00""}"
2026-07-20 00:00:00,2026-07-20 09:27:00,12,NIFTY,CHURN_COMMITTED,OFF,MED,0.0002,Price move + aligned flow (committed),"{""dedupe_key"":""NIFTY|CHURN_COMMITTED|OFF|2026-07-20 09:27"",""threshold"":0.0001,""value"":0.0002,""since_minute_bucket_ist"":""2026-07-20 09:25"",""last_updated_ist"":""2026-07-20 09:27:00""}"
2026-07-20 00:00:00,2026-07-20 09:27:00,12,NIFTY,WALL_PRESSURE_BREAK_SETUP,OFF,MED,4.69999999999709,Pressure building into a wall (break setup),"{""dedupe_key"":""NIFTY|WALL_PRESSURE_BREAK_SETUP|OFF|2026-07-20 09:27"",""threshold"":0,""value"":4.69999999999709,""since_minute_bucket_ist"":""2026-07-20 09:25"",""last_updated_ist"":""2026-07-20 09:27:00""}"
2026-07-20 00:00:00,2026-07-20 09:27:00,13,NIFTY,FLOW_BOTH_BUILDING,OFF,MED,0,Both sides building (straddle build) → higher chop risk,"{""dedupe_key"":""NIFTY|FLOW_BOTH_BUILDING|OFF|2026-07-20 09:27"",""threshold"":0.005,""value"":0,""since_minute_bucket_ist"":""2026-07-20 09:27"",""last_updated_ist"":""2026-07-20 09:27:00""}"
2026-07-20 00:00:00,2026-07-20 09:28:00,14,NIFTY,FLOW_BOTH_BUILDING,ON,MED,0.0141,Both sides building (straddle build) → higher chop risk,"{""dedupe_key"":""NIFTY|FLOW_BOTH_BUILDING|ON|2026-07-20 09:28"",""threshold"":0.005,""value"":0.0141,""since_minute_bucket_ist"":"""",""last_updated_ist"":""2026-07-20 09:28:00""}"
2026-07-20 00:00:00,2026-07-20 09:28:00,14,NIFTY,OPTION_MOMENTUM_PUT,ON,MED,2.2,ATM PUT momentum (ltp up + vol up),"{""dedupe_key"":""NIFTY|OPTION_MOMENTUM_PUT|ON|2026-07-20 09:28"",""threshold"":1.5,""value"":2.2,""since_minute_bucket_ist"":"""",""last_updated_ist"":""2026-07-20 09:28:00""}"
2026-07-20 00:00:00,2026-07-20 09:29:00,15,NIFTY,FLOW_BOTH_BUILDING,OFF,MED,0.0017,Both sides building (straddle build) → higher chop risk,"{""dedupe_key"":""NIFTY|FLOW_BOTH_BUILDING|OFF|2026-07-20 09:29"",""threshold"":0.005,""value"":0.0017,""since_minute_bucket_ist"":""2026-07-20 09:28"",""last_updated_ist"":""2026-07-20 09:29:00""}"
2026-07-20 00:00:00,2026-07-20 09:29:00,15,NIFTY,REGIME_TREND_DOWN,ON,MED,-0.0008,Trend DOWN (slope + direction),"{""dedupe_key"":""NIFTY|REGIME_TREND_DOWN|ON|2026-07-20 09:29"",""threshold"":-0.0004,""value"":-0.0008,""since_minute_bucket_ist"":"""",""last_updated_ist"":""2026-07-20 09:29:00""}"
2026-07-20 00:00:00,2026-07-20 09:29:00,15,NIFTY,REGIME_BREAKOUT_DOWN,ON,HIGH,2,Breakout DOWN (held below put wall),"{""dedupe_key"":""NIFTY|REGIME_BREAKOUT_DOWN|ON|2026-07-20 09:29"",""threshold"":2,""value"":2,""since_minute_bucket_ist"":"""",""last_updated_ist"":""2026-07-20 09:29:00""}"
2026-07-20 00:00:00,2026-07-20 09:29:00,15,NIFTY,REGIME_TRANSITION_UNCERTAIN,OFF,LOW,1,Transition/uncertain regime,"{""dedupe_key"":""NIFTY|REGIME_TRANSITION_UNCERTAIN|OFF|2026-07-20 09:29"",""threshold"":1,""value"":1,""since_minute_bucket_ist"":""2026-07-20 09:24"",""last_updated_ist"":""2026-07-20 09:29:00""}"
2026-07-20 00:00:00,2026-07-20 09:29:00,15,NIFTY,VOL_CONTRACTION,OFF,LOW,-0.0042,Volatility contracting (straddle down),"{""dedupe_key"":""NIFTY|VOL_CONTRACTION|OFF|2026-07-20 09:29"",""threshold"":-0.03,""value"":-0.0042,""since_minute_bucket_ist"":""2026-07-20 09:25"",""last_updated_ist"":""2026-07-20 09:29:00""}"
2026-07-20 00:00:00,2026-07-20 09:29:00,15,NIFTY,STEALTH_BUILD_BEAR,ON,MED,0.0165,"Stealth bearish build (calls build, spot flat)","{""dedupe_key"":""NIFTY|STEALTH_BUILD_BEAR|ON|2026-07-20 09:29"",""threshold"":0.008,""value"":0.0165,""since_minute_bucket_ist"":"""",""last_updated_ist"":""2026-07-20 09:29:00""}"
2026-07-20 00:00:00,2026-07-20 09:30:00,16,NIFTY,REGIME_TREND_DOWN,OFF,MED,-0.0003,Trend DOWN (slope + direction),"{""dedupe_key"":""NIFTY|REGIME_TREND_DOWN|OFF|2026-07-20 09:30"",""threshold"":-0.0004,""value"":-0.0003,""since_minute_bucket_ist"":""2026-07-20 09:29"",""last_updated_ist"":""2026-07-20 09:30:00""}"
2026-07-20 00:00:00,2026-07-20 09:30:00,16,NIFTY,VOL_CONTRACTION,ON,LOW,-0.0045,Volatility contracting (straddle down),"{""dedupe_key"":""NIFTY|VOL_CONTRACTION|ON|2026-07-20 09:30"",""threshold"":-0.03,""value"":-0.0045,""since_minute_bucket_ist"":"""",""last_updated_ist"":""2026-07-20 09:30:00""}"
2026-07-20 00:00:00,2026-07-20 09:30:00,16,NIFTY,OPTION_MOMENTUM_CALL,ON,MED,4.8,ATM CALL momentum (ltp up + vol up),"{""dedupe_key"":""NIFTY|OPTION_MOMENTUM_CALL|ON|2026-07-20 09:30"",""threshold"":1.5,""value"":4.8,""since_minute_bucket_ist"":"""",""last_updated_ist"":""2026-07-20 09:30:00""}"
2026-07-20 00:00:00,2026-07-20 09:30:00,16,NIFTY,OPTION_MOMENTUM_PUT,OFF,MED,-6.75,ATM PUT momentum (ltp up + vol up),"{""dedupe_key"":""NIFTY|OPTION_MOMENTUM_PUT|OFF|2026-07-20 09:30"",""threshold"":1.5,""value"":-6.75,""since_minute_bucket_ist"":""2026-07-20 09:28"",""last_updated_ist"":""2026-07-20 09:30:00""}"
2026-07-20 00:00:00,2026-07-20 09:30:00,16,NIFTY,STEALTH_BUILD_BEAR,OFF,MED,0.0149,"Stealth bearish build (calls build, spot flat)","{""dedupe_key"":""NIFTY|STEALTH_BUILD_BEAR|OFF|2026-07-20 09:30"",""threshold"":0.008,""value"":0.0149,""since_minute_bucket_ist"":""2026-07-20 09:29"",""last_updated_ist"":""2026-07-20 09:30:00""}"
2026-07-20 00:00:00,2026-07-20 09:31:00,17,NIFTY,FLOW_BOTH_BUILDING,ON,MED,0.0081,Both sides building (straddle build) → higher chop risk,"{""dedupe_key"":""NIFTY|FLOW_BOTH_BUILDING|ON|2026-07-20 09:31"",""threshold"":0.005,""value"":0.0081,""since_minute_bucket_ist"":"""",""last_updated_ist"":""2026-07-20 09:31:00""}"
2026-07-20 00:00:00,2026-07-20 09:31:00,17,NIFTY,REGIME_TREND_DOWN,ON,MED,-0.0007,Trend DOWN (slope + direction),"{""dedupe_key"":""NIFTY|REGIME_TREND_DOWN|ON|2026-07-20 09:31"",""threshold"":-0.0004,""value"":-0.0007,""since_minute_bucket_ist"":"""",""last_updated_ist"":""2026-07-20 09:31:00""}"
2026-07-20 00:00:00,2026-07-20 09:31:00,17,NIFTY,EXP_RANGE_BREAKOUT_WATCH_DOWN,ON,MED,24183.1,Expected-range watch DOWN,"{""dedupe_key"":""NIFTY|EXP_RANGE_BREAKOUT_WATCH_DOWN|ON|2026-07-20 09:31"",""threshold"":24184.95,""value"":24183.1,""since_minute_bucket_ist"":"""",""last_updated_ist"":""2026-07-20 09:31:00""}"
2026-07-20 00:00:00,2026-07-20 09:31:00,17,NIFTY,VOL_CONTRACTION,OFF,LOW,-0.0016,Volatility contracting (straddle down),"{""dedupe_key"":""NIFTY|VOL_CONTRACTION|OFF|2026-07-20 09:31"",""threshold"":-0.03,""value"":-0.0016,""since_minute_bucket_ist"":""2026-07-20 09:30"",""last_updated_ist"":""2026-07-20 09:31:00""}"
2026-07-20 00:00:00,2026-07-20 09:31:00,17,NIFTY,OPTION_MOMENTUM_CALL,OFF,MED,-1.75,ATM CALL momentum (ltp up + vol up),"{""dedupe_key"":""NIFTY|OPTION_MOMENTUM_CALL|OFF|2026-07-20 09:31"",""threshold"":1.5,""value"":-1.75,""since_minute_bucket_ist"":""2026-07-20 09:30"",""last_updated_ist"":""2026-07-20 09:31:00""}"
2026-07-20 00:00:00,2026-07-20 09:31:00,17,NIFTY,OPTION_MOMENTUM_PUT,ON,MED,2.3,ATM PUT momentum (ltp up + vol up),"{""dedupe_key"":""NIFTY|OPTION_MOMENTUM_PUT|ON|2026-07-20 09:31"",""threshold"":1.5,""value"":2.3,""since_minute_bucket_ist"":"""",""last_updated_ist"":""2026-07-20 09:31:00""}"
2026-07-20 00:00:00,2026-07-20 09:32:00,18,NIFTY,REGIME_TREND_DOWN,OFF,MED,-0.0007,Trend DOWN (slope + direction),"{""dedupe_key"":""NIFTY|REGIME_TREND_DOWN|OFF|2026-07-20 09:32"",""threshold"":-0.0004,""value"":-0.0007,""since_minute_bucket_ist"":""2026-07-20 09:31"",""last_updated_ist"":""2026-07-20 09:32:00""}"
2026-07-20 00:00:00,2026-07-20 09:32:00,18,NIFTY,EXP_RANGE_BREAKOUT_WATCH_DOWN,OFF,MED,24183.15,Expected-range watch DOWN,"{""dedupe_key"":""NIFTY|EXP_RANGE_BREAKOUT_WATCH_DOWN|OFF|2026-07-20 09:32"",""threshold"":24183.01,""value"":24183.15,""since_minute_bucket_ist"":""2026-07-20 09:31"",""last_updated_ist"":""2026-07-20 09:32:00""}"
2026-07-20 00:00:00,2026-07-20 09:32:00,18,NIFTY,VOL_CONTRACTION,ON,LOW,-0.0233,Volatility contracting (straddle down),"{""dedupe_key"":""NIFTY|VOL_CONTRACTION|ON|2026-07-20 09:32"",""threshold"":-0.03,""value"":-0.0233,""since_minute_bucket_ist"":"""",""last_updated_ist"":""2026-07-20 09:32:00""}"
2026-07-20 00:00:00,2026-07-20 09:32:00,18,NIFTY,OPTION_MOMENTUM_PUT,OFF,MED,1.2,ATM PUT momentum (ltp up + vol up),"{""dedupe_key"":""NIFTY|OPTION_MOMENTUM_PUT|OFF|2026-07-20 09:32"",""threshold"":1.5,""value"":1.2,""since_minute_bucket_ist"":""2026-07-20 09:31"",""last_updated_ist"":""2026-07-20 09:32:00""}"
2026-07-20 00:00:00,2026-07-20 09:33:00,19,NIFTY,REGIME_TREND_DOWN,ON,MED,-0.0005,Trend DOWN (slope + direction),"{""dedupe_key"":""NIFTY|REGIME_TREND_DOWN|ON|2026-07-20 09:33"",""threshold"":-0.0004,""value"":-0.0005,""since_minute_bucket_ist"":"""",""last_updated_ist"":""2026-07-20 09:33:00""}"
2026-07-20 00:00:00,2026-07-20 09:33:00,19,NIFTY,EXP_RANGE_BREAKOUT_WATCH_DOWN,ON,MED,24176.6,Expected-range watch DOWN,"{""dedupe_key"":""NIFTY|EXP_RANGE_BREAKOUT_WATCH_DOWN|ON|2026-07-20 09:33"",""threshold"":24179.84,""value"":24176.6,""since_minute_bucket_ist"":"""",""last_updated_ist"":""2026-07-20 09:33:00""}"
2026-07-20 00:00:00,2026-07-20 09:33:00,19,NIFTY,OPTION_MOMENTUM_PUT,ON,MED,2.65,ATM PUT momentum (ltp up + vol up),"{""dedupe_key"":""NIFTY|OPTION_MOMENTUM_PUT|ON|2026-07-20 09:33"",""threshold"":1.5,""value"":2.65,""since_minute_bucket_ist"":"""",""last_updated_ist"":""2026-07-20 09:33:00""}"
2026-07-20 00:00:00,2026-07-20 09:34:00,20,NIFTY,FLOW_BOTH_BUILDING,OFF,MED,-0.0044,Both sides building (straddle build) → higher chop risk,"{""dedupe_key"":""NIFTY|FLOW_BOTH_BUILDING|OFF|2026-07-20 09:34"",""threshold"":0.005,""value"":-0.0044,""since_minute_bucket_ist"":""2026-07-20 09:31"",""last_updated_ist"":""2026-07-20 09:34:00""}"
2026-07-20 00:00:00,2026-07-20 09:34:00,20,NIFTY,FLOW_BEARISH_BUILD,ON,HIGH,0.0132,Bearish build (premium-confirmed writing / resistance),"{""dedupe_key"":""NIFTY|FLOW_BEARISH_BUILD|ON|2026-07-20 09:34"",""threshold"":0.005,""value"":0.0132,""since_minute_bucket_ist"":"""",""last_updated_ist"":""2026-07-20 09:34:00""}"
2026-07-20 00:00:00,2026-07-20 09:34:00,20,NIFTY,REGIME_BREAKOUT_DOWN,OFF,HIGH,0,Breakout DOWN (held below put wall),"{""dedupe_key"":""NIFTY|REGIME_BREAKOUT_DOWN|OFF|2026-07-20 09:34"",""threshold"":2,""value"":0,""since_minute_bucket_ist"":""2026-07-20 09:29"",""last_updated_ist"":""2026-07-20 09:34:00""}"
2026-07-20 00:00:00,2026-07-20 09:34:00,20,NIFTY,EXP_RANGE_BREAKOUT_CONFIRMED_DOWN,ON,HIGH,2,Expected-range breakout CONFIRMED DOWN,"{""dedupe_key"":""NIFTY|EXP_RANGE_BREAKOUT_CONFIRMED_DOWN|ON|2026-07-20 09:34"",""threshold"":2,""value"":2,""since_minute_bucket_ist"":"""",""last_updated_ist"":""2026-07-20 09:34:00""}"
2026-07-20 00:00:00,2026-07-20 09:34:00,20,NIFTY,CHURN_COMMITTED,ON,MED,-0.0002,Price move + aligned flow (committed),"{""dedupe_key"":""NIFTY|CHURN_COMMITTED|ON|2026-07-20 09:34"",""threshold"":0.0001,""value"":-0.0002,""since_minute_bucket_ist"":"""",""last_updated_ist"":""2026-07-20 09:34:00""}"
2026-07-20 00:00:00,2026-07-20 09:34:00,20,NIFTY,STEALTH_BUILD_BEAR,ON,MED,0.0132,"Stealth bearish build (calls build, spot flat)","{""dedupe_key"":""NIFTY|STEALTH_BUILD_BEAR|ON|2026-07-20 09:34"",""threshold"":0.008,""value"":0.0132,""since_minute_bucket_ist"":"""",""last_updated_ist"":""2026-07-20 09:34:00""}"
2026-07-20 00:00:00,2026-07-20 09:34:00,20,NIFTY,WALL_SHIFT_REGIME,ON,MED,1,Wall strike shifted materially (>= 1 step),"{""dedupe_key"":""NIFTY|WALL_SHIFT_REGIME|ON|2026-07-20 09:34"",""threshold"":1,""value"":1,""since_minute_bucket_ist"":"""",""last_updated_ist"":""2026-07-20 09:34:00""}"
2026-07-20 00:00:00,2026-07-20 09:35:00,21,NIFTY,TRADE_LIMIT_REACHED,ON,MED,2,Cooldown active (2m),"{""dedupe_key"":""NIFTY|TRADE_LIMIT_REACHED|ON|2026-07-20 09:35"",""threshold"":500,""value"":2,""since_minute_bucket_ist"":"""",""last_updated_ist"":""2026-07-20 09:35:00""}"
2026-07-20 00:00:00,2026-07-20 09:35:00,21,NIFTY,FLOW_BEARISH_BUILD,OFF,HIGH,0.0177,Bearish build (premium-confirmed writing / resistance),"{""dedupe_key"":""NIFTY|FLOW_BEARISH_BUILD|OFF|2026-07-20 09:35"",""threshold"":0.005,""value"":0.0177,""since_minute_bucket_ist"":""2026-07-20 09:34"",""last_updated_ist"":""2026-07-20 09:35:00""}"
2026-07-20 00:00:00,2026-07-20 09:35:00,21,NIFTY,REGIME_TREND_DOWN,OFF,MED,-0.0004,Trend DOWN (slope + direction),"{""dedupe_key"":""NIFTY|REGIME_TREND_DOWN|OFF|2026-07-20 09:35"",""threshold"":-0.0004,""value"":-0.0004,""since_minute_bucket_ist"":""2026-07-20 09:33"",""last_updated_ist"":""2026-07-20 09:35:00""}"
2026-07-20 00:00:00,2026-07-20 09:35:00,21,NIFTY,REGIME_TRANSITION_UNCERTAIN,ON,LOW,1,Transition/uncertain regime,"{""dedupe_key"":""NIFTY|REGIME_TRANSITION_UNCERTAIN|ON|2026-07-20 09:35"",""threshold"":1,""value"":1,""since_minute_bucket_ist"":"""",""last_updated_ist"":""2026-07-20 09:35:00""}"
2026-07-20 00:00:00,2026-07-20 09:35:00,21,NIFTY,EXP_RANGE_BREAKOUT_WATCH_DOWN,OFF,MED,24179.05,Expected-range watch DOWN,"{""dedupe_key"":""NIFTY|EXP_RANGE_BREAKOUT_WATCH_DOWN|OFF|2026-07-20 09:35"",""threshold"":24174.65,""value"":24179.05,""since_minute_bucket_ist"":""2026-07-20 09:33"",""last_updated_ist"":""2026-07-20 09:35:00""}"
2026-07-20 00:00:00,2026-07-20 09:35:00,21,NIFTY,EXP_RANGE_BREAKOUT_CONFIRMED_DOWN,OFF,HIGH,0,Expected-range breakout CONFIRMED DOWN,"{""dedupe_key"":""NIFTY|EXP_RANGE_BREAKOUT_CONFIRMED_DOWN|OFF|2026-07-20 09:35"",""threshold"":2,""value"":0,""since_minute_bucket_ist"":""2026-07-20 09:34"",""last_updated_ist"":""2026-07-20 09:35:00""}"
2026-07-20 00:00:00,2026-07-20 09:35:00,21,NIFTY,VOL_CONTRACTION,OFF,LOW,-0.0158,Volatility contracting (straddle down),"{""dedupe_key"":""NIFTY|VOL_CONTRACTION|OFF|2026-07-20 09:35"",""threshold"":-0.03,""value"":-0.0158,""since_minute_bucket_ist"":""2026-07-20 09:32"",""last_updated_ist"":""2026-07-20 09:35:00""}"
2026-07-20 00:00:00,2026-07-20 09:35:00,21,NIFTY,OPTION_MOMENTUM_CALL,ON,MED,2.7,ATM CALL momentum (ltp up + vol up),"{""dedupe_key"":""NIFTY|OPTION_MOMENTUM_CALL|ON|2026-07-20 09:35"",""threshold"":1.5,""value"":2.7,""since_minute_bucket_ist"":"""",""last_updated_ist"":""2026-07-20 09:35:00""}"
2026-07-20 00:00:00,2026-07-20 09:35:00,21,NIFTY,OPTION_MOMENTUM_PUT,OFF,MED,-4.2,ATM PUT momentum (ltp up + vol up),"{""dedupe_key"":""NIFTY|OPTION_MOMENTUM_PUT|OFF|2026-07-20 09:35"",""threshold"":1.5,""value"":-4.2,""since_minute_bucket_ist"":""2026-07-20 09:33"",""last_updated_ist"":""2026-07-20 09:35:00""}"
2026-07-20 00:00:00,2026-07-20 09:35:00,21,NIFTY,WALL_UNWIND_CONFIRM_DOWN,ON,MED,-0.0069,Put wall OI unwinding (5m),"{""dedupe_key"":""NIFTY|WALL_UNWIND_CONFIRM_DOWN|ON|2026-07-20 09:35"",""threshold"":-0.006,""value"":-0.0069,""since_minute_bucket_ist"":"""",""last_updated_ist"":""2026-07-20 09:35:00""}"
2026-07-20 00:00:00,2026-07-20 09:35:00,21,NIFTY,CHURN_COMMITTED,OFF,MED,0.0003,Price move + aligned flow (committed),"{""dedupe_key"":""NIFTY|CHURN_COMMITTED|OFF|2026-07-20 09:35"",""threshold"":0.0001,""value"":0.0003,""since_minute_bucket_ist"":""2026-07-20 09:34"",""last_updated_ist"":""2026-07-20 09:35:00""}"
2026-07-20 00:00:00,2026-07-20 09:36:00,22,NIFTY,REGIME_BREAKOUT_DOWN,ON,HIGH,2,Breakout DOWN (held below put wall),"{""dedupe_key"":""NIFTY|REGIME_BREAKOUT_DOWN|ON|2026-07-20 09:36"",""threshold"":2,""value"":2,""since_minute_bucket_ist"":"""",""last_updated_ist"":""2026-07-20 09:36:00""}"
2026-07-20 00:00:00,2026-07-20 09:36:00,22,NIFTY,REGIME_TRANSITION_UNCERTAIN,OFF,LOW,1,Transition/uncertain regime,"{""dedupe_key"":""NIFTY|REGIME_TRANSITION_UNCERTAIN|OFF|2026-07-20 09:36"",""threshold"":1,""value"":1,""since_minute_bucket_ist"":""2026-07-20 09:35"",""last_updated_ist"":""2026-07-20 09:36:00""}"
2026-07-20 00:00:00,2026-07-20 09:36:00,22,NIFTY,WALL_SHIFT_REGIME,OFF,MED,1,Wall strike shifted materially (>= 1 step),"{""dedupe_key"":""NIFTY|WALL_SHIFT_REGIME|OFF|2026-07-20 09:36"",""threshold"":1,""value"":1,""since_minute_bucket_ist"":""2026-07-20 09:34"",""last_updated_ist"":""2026-07-20 09:36:00""}"
2026-07-20 00:00:00,2026-07-20 09:37:00,23,NIFTY,TRADE_LIMIT_REACHED,OFF,MED,1900-01-01 00:00:00,Cooldown active (2m),"{""dedupe_key"":""NIFTY|TRADE_LIMIT_REACHED|OFF|2026-07-20 09:37"",""threshold"":500,""value"":2,""since_minute_bucket_ist"":""2026-07-20 09:35"",""last_updated_ist"":""2026-07-20 09:37:00""}"
2026-07-20 00:00:00,2026-07-20 09:37:00,23,NIFTY,FLOW_BOTH_BUILDING,ON,MED,1899-12-30 00:08:03,Both sides building (straddle build) → higher chop risk,"{""dedupe_key"":""NIFTY|FLOW_BOTH_BUILDING|ON|2026-07-20 09:37"",""threshold"":0.005,""value"":0.0056,""since_minute_bucket_ist"":"""",""last_updated_ist"":""2026-07-20 09:37:00""}"
2026-07-20 00:00:00,2026-07-20 09:37:00,23,NIFTY,VOL_CONTRACTION,ON,LOW,1899-12-29 23:41:34,Volatility contracting (straddle down),"{""dedupe_key"":""NIFTY|VOL_CONTRACTION|ON|2026-07-20 09:37"",""threshold"":-0.03,""value"":-0.0128,""since_minute_bucket_ist"":"""",""last_updated_ist"":""2026-07-20 09:37:00""}"
2026-07-20 00:00:00,2026-07-20 09:37:00,23,NIFTY,STEALTH_BUILD_BEAR,OFF,MED,1899-12-30 00:11:31,"Stealth bearish build (calls build, spot flat)","{""dedupe_key"":""NIFTY|STEALTH_BUILD_BEAR|OFF|2026-07-20 09:37"",""threshold"":0.008,""value"":0.008,""since_minute_bucket_ist"":""2026-07-20 09:34"",""last_updated_ist"":""2026-07-20 09:37:00""}"
2026-07-20 00:00:00,2026-07-20 09:38:00,24,NIFTY,FLOW_BOTH_BUILDING,OFF,MED,1899-12-30 00:04:19,Both sides building (straddle build) → higher chop risk,"{""dedupe_key"":""NIFTY|FLOW_BOTH_BUILDING|OFF|2026-07-20 09:38"",""threshold"":0.005,""value"":0.003,""since_minute_bucket_ist"":""2026-07-20 09:37"",""last_updated_ist"":""2026-07-20 09:38:00""}"
2026-07-20 00:00:00,2026-07-20 09:38:00,24,NIFTY,VOL_CONTRACTION,OFF,LOW,0.0108,Volatility contracting (straddle down),"{""dedupe_key"":""NIFTY|VOL_CONTRACTION|OFF|2026-07-20 09:38"",""threshold"":-0.03,""value"":0.0108,""since_minute_bucket_ist"":""2026-07-20 09:37"",""last_updated_ist"":""2026-07-20 09:38:00""}"
2026-07-20 00:00:00,2026-07-20 09:38:00,24,NIFTY,OPTION_MOMENTUM_CALL,OFF,MED,1899-12-25 13:12:00,ATM CALL momentum (ltp up + vol up),"{""dedupe_key"":""NIFTY|OPTION_MOMENTUM_CALL|OFF|2026-07-20 09:38"",""threshold"":1.5,""value"":-4.45,""since_minute_bucket_ist"":""2026-07-20 09:35"",""last_updated_ist"":""2026-07-20 09:38:00""}"
2026-07-20 00:00:00,2026-07-20 09:38:00,24,NIFTY,OPTION_MOMENTUM_PUT,ON,MED,1900-01-05 18:00:00,ATM PUT momentum (ltp up + vol up),"{""dedupe_key"":""NIFTY|OPTION_MOMENTUM_PUT|ON|2026-07-20 09:38"",""threshold"":1.5,""value"":6.75,""since_minute_bucket_ist"":"""",""last_updated_ist"":""2026-07-20 09:38:00""}"
2026-07-20 00:00:00,2026-07-20 09:38:00,24,NIFTY,STEALTH_BUILD_BEAR,ON,MED,1899-12-30 00:17:08,"Stealth bearish build (calls build, spot flat)","{""dedupe_key"":""NIFTY|STEALTH_BUILD_BEAR|ON|2026-07-20 09:38"",""threshold"":0.008,""value"":0.0119,""since_minute_bucket_ist"":"""",""last_updated_ist"":""2026-07-20 09:38:00""}"
2026-07-20 00:00:00,2026-07-20 09:39:00,25,NIFTY,FLOW_BOTH_BUILDING,ON,MED,0.0094,Both sides building (straddle build) → higher chop risk,"{""dedupe_key"":""NIFTY|FLOW_BOTH_BUILDING|ON|2026-07-20 09:39"",""threshold"":0.005,""value"":0.0094,""since_minute_bucket_ist"":"""",""last_updated_ist"":""2026-07-20 09:39:00""}"
2026-07-20 00:00:00,2026-07-20 09:39:00,25,NIFTY,REGIME_BREAKOUT_DOWN,OFF,HIGH,0,Breakout DOWN (held below put wall),"{""dedupe_key"":""NIFTY|REGIME_BREAKOUT_DOWN|OFF|2026-07-20 09:39"",""threshold"":2,""value"":0,""since_minute_bucket_ist"":""2026-07-20 09:36"",""last_updated_ist"":""2026-07-20 09:39:00""}"
2026-07-20 00:00:00,2026-07-20 09:39:00,25,NIFTY,REGIME_TRANSITION_UNCERTAIN,ON,LOW,1,Transition/uncertain regime,"{""dedupe_key"":""NIFTY|REGIME_TRANSITION_UNCERTAIN|ON|2026-07-20 09:39"",""threshold"":1,""value"":1,""since_minute_bucket_ist"":"""",""last_updated_ist"":""2026-07-20 09:39:00""}"
2026-07-20 00:00:00,2026-07-20 09:39:00,25,NIFTY,EXP_RANGE_BREAKOUT_WATCH_DOWN,ON,MED,24166.6,Expected-range watch DOWN,"{""dedupe_key"":""NIFTY|EXP_RANGE_BREAKOUT_WATCH_DOWN|ON|2026-07-20 09:39"",""threshold"":24171.87,""value"":24166.6,""since_minute_bucket_ist"":"""",""last_updated_ist"":""2026-07-20 09:39:00""}"
2026-07-20 00:00:00,2026-07-20 09:39:00,25,NIFTY,VOL_CONTRACTION,ON,LOW,1899-12-29 23:43:26,Volatility contracting (straddle down),"{""dedupe_key"":""NIFTY|VOL_CONTRACTION|ON|2026-07-20 09:39"",""threshold"":-0.03,""value"":-0.0115,""since_minute_bucket_ist"":"""",""last_updated_ist"":""2026-07-20 09:39:00""}"
2026-07-20 00:00:00,2026-07-20 09:39:00,25,NIFTY,WALL_UNWIND_CONFIRM_DOWN,OFF,MED,1899-12-30 00:25:37,Put wall OI unwinding (5m),"{""dedupe_key"":""NIFTY|WALL_UNWIND_CONFIRM_DOWN|OFF|2026-07-20 09:39"",""threshold"":-0.006,""value"":0.0178,""since_minute_bucket_ist"":""2026-07-20 09:35"",""last_updated_ist"":""2026-07-20 09:39:00""}"
2026-07-20 00:00:00,2026-07-20 09:39:00,25,NIFTY,STEALTH_BUILD_BEAR,OFF,MED,0.0094,"Stealth bearish build (calls build, spot flat)","{""dedupe_key"":""NIFTY|STEALTH_BUILD_BEAR|OFF|2026-07-20 09:39"",""threshold"":0.008,""value"":0.0094,""since_minute_bucket_ist"":""2026-07-20 09:38"",""last_updated_ist"":""2026-07-20 09:39:00""}"
2026-07-20 00:00:00,2026-07-20 09:39:00,25,NIFTY,WALL_SHIFT_REGIME,ON,MED,1,Wall strike shifted materially (>= 1 step),"{""dedupe_key"":""NIFTY|WALL_SHIFT_REGIME|ON|2026-07-20 09:39"",""threshold"":1,""value"":1,""since_minute_bucket_ist"":"""",""last_updated_ist"":""2026-07-20 09:39:00""}"
2026-07-20 00:00:00,2026-07-20 09:40:00,26,NIFTY,FLOW_BOTH_BUILDING,OFF,MED,-0.0089,Both sides building (straddle build) → higher chop risk,"{""dedupe_key"":""NIFTY|FLOW_BOTH_BUILDING|OFF|2026-07-20 09:40"",""threshold"":0.005,""value"":-0.0089,""since_minute_bucket_ist"":""2026-07-20 09:39"",""last_updated_ist"":""2026-07-20 09:40:00""}"
2026-07-20 00:00:00,2026-07-20 09:40:00,26,NIFTY,FLOW_BEARISH_BUILD,ON,HIGH,1899-12-30 00:00:17,Bearish build (premium-confirmed writing / resistance),"{""dedupe_key"":""NIFTY|FLOW_BEARISH_BUILD|ON|2026-07-20 09:40"",""threshold"":0.005,""value"":0.0002,""since_minute_bucket_ist"":"""",""last_updated_ist"":""2026-07-20 09:40:00""}"
2026-07-20 00:00:00,2026-07-20 09:40:00,26,NIFTY,REGIME_TREND_DOWN,ON,MED,-0.0006,Trend DOWN (slope + direction),"{""dedupe_key"":""NIFTY|REGIME_TREND_DOWN|ON|2026-07-20 09:40"",""threshold"":-0.0004,""value"":-0.0006,""since_minute_bucket_ist"":"""",""last_updated_ist"":""2026-07-20 09:40:00""}"
2026-07-20 00:00:00,2026-07-20 09:40:00,26,NIFTY,REGIME_TRANSITION_UNCERTAIN,OFF,LOW,1899-12-31 00:00:00,Transition/uncertain regime,"{""dedupe_key"":""NIFTY|REGIME_TRANSITION_UNCERTAIN|OFF|2026-07-20 09:40"",""threshold"":1,""value"":1,""since_minute_bucket_ist"":""2026-07-20 09:39"",""last_updated_ist"":""2026-07-20 09:40:00""}"
2026-07-20 00:00:00,2026-07-20 09:40:00,26,NIFTY,EXP_RANGE_BREAKOUT_CONFIRMED_DOWN,ON,HIGH,1900-01-01 00:00:00,Expected-range breakout CONFIRMED DOWN,"{""dedupe_key"":""NIFTY|EXP_RANGE_BREAKOUT_CONFIRMED_DOWN|ON|2026-07-20 09:40"",""threshold"":2,""value"":2,""since_minute_bucket_ist"":"""",""last_updated_ist"":""2026-07-20 09:40:00""}"
2026-07-20 00:00:00,2026-07-20 09:40:00,26,NIFTY,OPTION_MOMENTUM_PUT,OFF,MED,-1.85,ATM PUT momentum (ltp up + vol up),"{""dedupe_key"":""NIFTY|OPTION_MOMENTUM_PUT|OFF|2026-07-20 09:40"",""threshold"":1.5,""value"":-1.85,""since_minute_bucket_ist"":""2026-07-20 09:38"",""last_updated_ist"":""2026-07-20 09:40:00""}"
2026-07-20 00:00:00,2026-07-20 09:40:00,26,NIFTY,CHURN_COMMITTED,ON,MED,-0.0001,Price move + aligned flow (committed),"{""dedupe_key"":""NIFTY|CHURN_COMMITTED|ON|2026-07-20 09:40"",""threshold"":0.0001,""value"":-0.0001,""since_minute_bucket_ist"":"""",""last_updated_ist"":""2026-07-20 09:40:00""}"
2026-07-20 00:00:00,2026-07-20 09:40:00,26,NIFTY,WALL_SHIFT_REGIME,OFF,MED,1,Wall strike shifted materially (>= 1 step),"{""dedupe_key"":""NIFTY|WALL_SHIFT_REGIME|OFF|2026-07-20 09:40"",""threshold"":1,""value"":1,""since_minute_bucket_ist"":""2026-07-20 09:39"",""last_updated_ist"":""2026-07-20 09:40:00""}"
2026-07-20 00:00:00,2026-07-20 09:41:00,27,NIFTY,REGIME_TREND_DOWN,OFF,MED,-0.0008,Trend DOWN (slope + direction),"{""dedupe_key"":""NIFTY|REGIME_TREND_DOWN|OFF|2026-07-20 09:41"",""threshold"":-0.0004,""value"":-0.0008,""since_minute_bucket_ist"":""2026-07-20 09:40"",""last_updated_ist"":""2026-07-20 09:41:00""}"
2026-07-20 00:00:00,2026-07-20 09:41:00,27,NIFTY,REGIME_TRANSITION_UNCERTAIN,ON,LOW,1,Transition/uncertain regime,"{""dedupe_key"":""NIFTY|REGIME_TRANSITION_UNCERTAIN|ON|2026-07-20 09:41"",""threshold"":1,""value"":1,""since_minute_bucket_ist"":"""",""last_updated_ist"":""2026-07-20 09:41:00""}"
2026-07-20 00:00:00,2026-07-20 09:41:00,27,NIFTY,EXP_RANGE_BREAKOUT_WATCH_DOWN,OFF,MED,24166.8,Expected-range watch DOWN,"{""dedupe_key"":""NIFTY|EXP_RANGE_BREAKOUT_WATCH_DOWN|OFF|2026-07-20 09:41"",""threshold"":24166.11,""value"":24166.8,""since_minute_bucket_ist"":""2026-07-20 09:39"",""last_updated_ist"":""2026-07-20 09:41:00""}"
2026-07-20 00:00:00,2026-07-20 09:41:00,27,NIFTY,EXP_RANGE_BREAKOUT_CONFIRMED_DOWN,OFF,HIGH,1899-12-30 00:00:00,Expected-range breakout CONFIRMED DOWN,"{""dedupe_key"":""NIFTY|EXP_RANGE_BREAKOUT_CONFIRMED_DOWN|OFF|2026-07-20 09:41"",""threshold"":2,""value"":0,""since_minute_bucket_ist"":""2026-07-20 09:40"",""last_updated_ist"":""2026-07-20 09:41:00""}"
2026-07-20 00:00:00,2026-07-20 09:41:00,27,NIFTY,CHURN_COMMITTED,OFF,MED,0.0001,Price move + aligned flow (committed),"{""dedupe_key"":""NIFTY|CHURN_COMMITTED|OFF|2026-07-20 09:41"",""threshold"":0.0001,""value"":0.0001,""since_minute_bucket_ist"":""2026-07-20 09:40"",""last_updated_ist"":""2026-07-20 09:41:00""}"
2026-07-20 00:00:00,2026-07-20 09:41:00,27,NIFTY,STEALTH_BUILD_BEAR,ON,MED,0.0181,"Stealth bearish build (calls build, spot flat)","{""dedupe_key"":""NIFTY|STEALTH_BUILD_BEAR|ON|2026-07-20 09:41"",""threshold"":0.008,""value"":0.0181,""since_minute_bucket_ist"":"""",""last_updated_ist"":""2026-07-20 09:41:00""}"
2026-07-20 00:00:00,2026-07-20 09:42:00,28,NIFTY,FLOW_BOTH_BUILDING,ON,MED,0.0075,Both sides building (straddle build) → higher chop risk,"{""dedupe_key"":""NIFTY|FLOW_BOTH_BUILDING|ON|2026-07-20 09:42"",""threshold"":0.005,""value"":0.0075,""since_minute_bucket_ist"":"""",""last_updated_ist"":""2026-07-20 09:42:00""}"
2026-07-20 00:00:00,2026-07-20 09:42:00,28,NIFTY,FLOW_BEARISH_BUILD,OFF,HIGH,0.0331,Bearish build (premium-confirmed writing / resistance),"{""dedupe_key"":""NIFTY|FLOW_BEARISH_BUILD|OFF|2026-07-20 09:42"",""threshold"":0.005,""value"":0.0331,""since_minute_bucket_ist"":""2026-07-20 09:40"",""last_updated_ist"":""2026-07-20 09:42:00""}"
2026-07-20 00:00:00,2026-07-20 09:42:00,28,NIFTY,REGIME_TREND_DOWN,ON,MED,-0.0008,Trend DOWN (slope + direction),"{""dedupe_key"":""NIFTY|REGIME_TREND_DOWN|ON|2026-07-20 09:42"",""threshold"":-0.0004,""value"":-0.0008,""since_minute_bucket_ist"":"""",""last_updated_ist"":""2026-07-20 09:42:00""}"
2026-07-20 00:00:00,2026-07-20 09:42:00,28,NIFTY,REGIME_TRANSITION_UNCERTAIN,OFF,LOW,1,Transition/uncertain regime,"{""dedupe_key"":""NIFTY|REGIME_TRANSITION_UNCERTAIN|OFF|2026-07-20 09:42"",""threshold"":1,""value"":1,""since_minute_bucket_ist"":""2026-07-20 09:41"",""last_updated_ist"":""2026-07-20 09:42:00""}"
2026-07-20 00:00:00,2026-07-20 09:42:00,28,NIFTY,CHURN_CHOP,ON,LOW,1899-12-30 00:58:36,High OI churn while price flat (chop),"{""dedupe_key"":""NIFTY|CHURN_CHOP|ON|2026-07-20 09:42"",""threshold"":0.04,""value"":0.0407,""since_minute_bucket_ist"":"""",""last_updated_ist"":""2026-07-20 09:42:00""}"
2026-07-20 00:00:00,2026-07-20 09:42:00,28,NIFTY,STEALTH_BUILD_BEAR,OFF,MED,0.0331,"Stealth bearish build (calls build, spot flat)","{""dedupe_key"":""NIFTY|STEALTH_BUILD_BEAR|OFF|2026-07-20 09:42"",""threshold"":0.008,""value"":0.0331,""since_minute_bucket_ist"":""2026-07-20 09:41"",""last_updated_ist"":""2026-07-20 09:42:00""}"
2026-07-20 00:00:00,2026-07-20 09:43:00,29,NIFTY,FLOW_BOTH_BUILDING,OFF,MED,0.0041,Both sides building (straddle build) → higher chop risk,"{""dedupe_key"":""NIFTY|FLOW_BOTH_BUILDING|OFF|2026-07-20 09:43"",""threshold"":0.005,""value"":0.0041,""since_minute_bucket_ist"":""2026-07-20 09:42"",""last_updated_ist"":""2026-07-20 09:43:00""}"
2026-07-20 00:00:00,2026-07-20 09:43:00,29,NIFTY,REGIME_TREND_DOWN,OFF,MED,0,Trend DOWN (slope + direction),"{""dedupe_key"":""NIFTY|REGIME_TREND_DOWN|OFF|2026-07-20 09:43"",""threshold"":-0.0004,""value"":0,""since_minute_bucket_ist"":""2026-07-20 09:42"",""last_updated_ist"":""2026-07-20 09:43:00""}"
2026-07-20 00:00:00,2026-07-20 09:43:00,29,NIFTY,REGIME_TRANSITION_UNCERTAIN,ON,LOW,1,Transition/uncertain regime,"{""dedupe_key"":""NIFTY|REGIME_TRANSITION_UNCERTAIN|ON|2026-07-20 09:43"",""threshold"":1,""value"":1,""since_minute_bucket_ist"":"""",""last_updated_ist"":""2026-07-20 09:43:00""}"
2026-07-20 00:00:00,2026-07-20 09:43:00,29,NIFTY,VOL_EXPANSION,ON,MED,0.0138,Volatility expanding (straddle up),"{""dedupe_key"":""NIFTY|VOL_EXPANSION|ON|2026-07-20 09:43"",""threshold"":0.02,""value"":0.0138,""since_minute_bucket_ist"":"""",""last_updated_ist"":""2026-07-20 09:43:00""}"
2026-07-20 00:00:00,2026-07-20 09:43:00,29,NIFTY,VOL_CONTRACTION,OFF,LOW,0.0138,Volatility contracting (straddle down),"{""dedupe_key"":""NIFTY|VOL_CONTRACTION|OFF|2026-07-20 09:43"",""threshold"":-0.03,""value"":0.0138,""since_minute_bucket_ist"":""2026-07-20 09:39"",""last_updated_ist"":""2026-07-20 09:43:00""}"
2026-07-20 00:00:00,2026-07-20 09:43:00,29,NIFTY,WALL_UNWIND_CONFIRM_DOWN,ON,MED,-0.0114,Put wall OI unwinding (5m),"{""dedupe_key"":""NIFTY|WALL_UNWIND_CONFIRM_DOWN|ON|2026-07-20 09:43"",""threshold"":-0.006,""value"":-0.0114,""since_minute_bucket_ist"":"""",""last_updated_ist"":""2026-07-20 09:43:00""}"
2026-07-20 00:00:00,2026-07-20 09:43:00,29,NIFTY,CHURN_CHOP,OFF,LOW,1899-12-30 00:18:51,High OI churn while price flat (chop),"{""dedupe_key"":""NIFTY|CHURN_CHOP|OFF|2026-07-20 09:43"",""threshold"":0.04,""value"":0.0131,""since_minute_bucket_ist"":""2026-07-20 09:42"",""last_updated_ist"":""2026-07-20 09:43:00""}"
2026-07-20 00:00:00,2026-07-20 09:43:00,29,NIFTY,WALL_SHIFT_REGIME,ON,MED,1,Wall strike shifted materially (>= 1 step),"{""dedupe_key"":""NIFTY|WALL_SHIFT_REGIME|ON|2026-07-20 09:43"",""threshold"":1,""value"":1,""since_minute_bucket_ist"":"""",""last_updated_ist"":""2026-07-20 09:43:00""}"
2026-07-20 00:00:00,2026-07-20 09:44:00,30,NIFTY,FLOW_BULLISH_BUILD,ON,HIGH,-0.0006,Bullish build (premium-confirmed writing / support),"{""dedupe_key"":""NIFTY|FLOW_BULLISH_BUILD|ON|2026-07-20 09:44"",""threshold"":0.005,""value"":-0.0006,""since_minute_bucket_ist"":"""",""last_updated_ist"":""2026-07-20 09:44:00""}"
2026-07-20 00:00:00,2026-07-20 09:44:00,30,NIFTY,VOL_EXPANSION,OFF,MED,-0.0101,Volatility expanding (straddle up),"{""dedupe_key"":""NIFTY|VOL_EXPANSION|OFF|2026-07-20 09:44"",""threshold"":0.02,""value"":-0.0101,""since_minute_bucket_ist"":""2026-07-20 09:43"",""last_updated_ist"":""2026-07-20 09:44:00""}"
2026-07-20 00:00:00,2026-07-20 09:44:00,30,NIFTY,VOL_CONTRACTION,ON,LOW,-0.0101,Volatility contracting (straddle down),"{""dedupe_key"":""NIFTY|VOL_CONTRACTION|ON|2026-07-20 09:44"",""threshold"":-0.03,""value"":-0.0101,""since_minute_bucket_ist"":"""",""last_updated_ist"":""2026-07-20 09:44:00""}"
2026-07-20 00:00:00,2026-07-20 09:44:00,30,NIFTY,WALL_UNWIND_CONFIRM_DOWN,OFF,MED,0.0016,Put wall OI unwinding (5m),"{""dedupe_key"":""NIFTY|WALL_UNWIND_CONFIRM_DOWN|OFF|2026-07-20 09:44"",""threshold"":-0.006,""value"":0.0016,""since_minute_bucket_ist"":""2026-07-20 09:43"",""last_updated_ist"":""2026-07-20 09:44:00""}"
2026-07-20 00:00:00,2026-07-20 09:44:00,30,NIFTY,STEALTH_BUILD_BEAR,ON,MED,0.0086,"Stealth bearish build (calls build, spot flat)","{""dedupe_key"":""NIFTY|STEALTH_BUILD_BEAR|ON|2026-07-20 09:44"",""threshold"":0.008,""value"":0.0086,""since_minute_bucket_ist"":"""",""last_updated_ist"":""2026-07-20 09:44:00""}"
2026-07-20 00:00:00,2026-07-20 09:45:00,31,NIFTY,FLOW_BOTH_BUILDING,ON,MED,1899-12-30 00:17:42,Both sides building (straddle build) → higher chop risk,"{""dedupe_key"":""NIFTY|FLOW_BOTH_BUILDING|ON|2026-07-20 09:45"",""threshold"":0.005,""value"":0.0123,""since_minute_bucket_ist"":"""",""last_updated_ist"":""2026-07-20 09:45:00""}"
2026-07-20 00:00:00,2026-07-20 09:45:00,31,NIFTY,FLOW_BULLISH_BUILD,OFF,HIGH,0.0128,Bullish build (premium-confirmed writing / support),"{""dedupe_key"":""NIFTY|FLOW_BULLISH_BUILD|OFF|2026-07-20 09:45"",""threshold"":0.005,""value"":0.0128,""since_minute_bucket_ist"":""2026-07-20 09:44"",""last_updated_ist"":""2026-07-20 09:45:00""}"
2026-07-20 00:00:00,2026-07-20 09:45:00,31,NIFTY,REGIME_RANGE_PIN,ON,LOW,0.0003,Range / pin (inside local walls),"{""dedupe_key"":""NIFTY|REGIME_RANGE_PIN|ON|2026-07-20 09:45"",""threshold"":0.0004,""value"":0.0003,""since_minute_bucket_ist"":"""",""last_updated_ist"":""2026-07-20 09:45:00""}"
2026-07-20 00:00:00,2026-07-20 09:45:00,31,NIFTY,REGIME_TRANSITION_UNCERTAIN,OFF,LOW,1,Transition/uncertain regime,"{""dedupe_key"":""NIFTY|REGIME_TRANSITION_UNCERTAIN|OFF|2026-07-20 09:45"",""threshold"":1,""value"":1,""since_minute_bucket_ist"":""2026-07-20 09:43"",""last_updated_ist"":""2026-07-20 09:45:00""}"
2026-07-20 00:00:00,2026-07-20 09:45:00,31,NIFTY,STEALTH_BUILD_BEAR,OFF,MED,0.0123,"Stealth bearish build (calls build, spot flat)","{""dedupe_key"":""NIFTY|STEALTH_BUILD_BEAR|OFF|2026-07-20 09:45"",""threshold"":0.008,""value"":0.0123,""since_minute_bucket_ist"":""2026-07-20 09:44"",""last_updated_ist"":""2026-07-20 09:45:00""}"
2026-07-20 00:00:00,2026-07-20 09:45:00,31,NIFTY,WALL_SHIFT_REGIME,OFF,MED,1,Wall strike shifted materially (>= 1 step),"{""dedupe_key"":""NIFTY|WALL_SHIFT_REGIME|OFF|2026-07-20 09:45"",""threshold"":1,""value"":1,""since_minute_bucket_ist"":""2026-07-20 09:43"",""last_updated_ist"":""2026-07-20 09:45:00""}"
2026-07-20 00:00:00,2026-07-20 09:46:00,32,NIFTY,FLOW_BOTH_BUILDING,OFF,MED,0,Both sides building (straddle build) → higher chop risk,"{""dedupe_key"":""NIFTY|FLOW_BOTH_BUILDING|OFF|2026-07-20 09:46"",""threshold"":0.005,""value"":0,""since_minute_bucket_ist"":""2026-07-20 09:45"",""last_updated_ist"":""2026-07-20 09:46:00""}"
2026-07-20 00:00:00,2026-07-20 09:47:00,33,NIFTY,FLOW_BOTH_BUILDING,ON,MED,0.0067,Both sides building (straddle build) → higher chop risk,"{""dedupe_key"":""NIFTY|FLOW_BOTH_BUILDING|ON|2026-07-20 09:47"",""threshold"":0.005,""value"":0.0067,""since_minute_bucket_ist"":"""",""last_updated_ist"":""2026-07-20 09:47:00""}"
2026-07-20 00:00:00,2026-07-20 09:47:00,33,NIFTY,VOL_CONTRACTION,OFF,LOW,-0.0291,Volatility contracting (straddle down),"{""dedupe_key"":""NIFTY|VOL_CONTRACTION|OFF|2026-07-20 09:47"",""threshold"":-0.03,""value"":-0.0291,""since_minute_bucket_ist"":""2026-07-20 09:44"",""last_updated_ist"":""2026-07-20 09:47:00""}"
2026-07-20 00:00:00,2026-07-20 09:48:00,34,NIFTY,FLOW_BOTH_BUILDING,OFF,MED,-0.0048,Both sides building (straddle build) → higher chop risk,"{""dedupe_key"":""NIFTY|FLOW_BOTH_BUILDING|OFF|2026-07-20 09:48"",""threshold"":0.005,""value"":-0.0048,""since_minute_bucket_ist"":""2026-07-20 09:47"",""last_updated_ist"":""2026-07-20 09:48:00""}"
2026-07-20 00:00:00,2026-07-20 09:48:00,34,NIFTY,FLOW_BEARISH_BUILD,ON,HIGH,0.0059,Bearish build (premium-confirmed writing / resistance),"{""dedupe_key"":""NIFTY|FLOW_BEARISH_BUILD|ON|2026-07-20 09:48"",""threshold"":0.005,""value"":0.0059,""since_minute_bucket_ist"":"""",""last_updated_ist"":""2026-07-20 09:48:00""}"
2026-07-20 00:00:00,2026-07-20 09:48:00,34,NIFTY,REGIME_TREND_DOWN,ON,MED,-0.0007,Trend DOWN (slope + direction),"{""dedupe_key"":""NIFTY|REGIME_TREND_DOWN|ON|2026-07-20 09:48"",""threshold"":-0.0004,""value"":-0.0007,""since_minute_bucket_ist"":"""",""last_updated_ist"":""2026-07-20 09:48:00""}"
2026-07-20 00:00:00,2026-07-20 09:48:00,34,NIFTY,REGIME_RANGE_PIN,OFF,LOW,0.0002,Range / pin (inside local walls),"{""dedupe_key"":""NIFTY|REGIME_RANGE_PIN|OFF|2026-07-20 09:48"",""threshold"":0.0004,""value"":0.0002,""since_minute_bucket_ist"":""2026-07-20 09:45"",""last_updated_ist"":""2026-07-20 09:48:00""}"
2026-07-20 00:00:00,2026-07-20 09:48:00,34,NIFTY,PIN_BASIC,OFF,LOW,37.5,Spot near a local wall (pin zone),"{""dedupe_key"":""NIFTY|PIN_BASIC|OFF|2026-07-20 09:48"",""threshold"":37.5,""value"":37.5,""since_minute_bucket_ist"":""2026-07-20 09:16"",""last_updated_ist"":""2026-07-20 09:48:00""}"
2026-07-20 00:00:00,2026-07-20 09:48:00,34,NIFTY,OPTION_MOMENTUM_PUT,ON,MED,1.95,ATM PUT momentum (ltp up + vol up),"{""dedupe_key"":""NIFTY|OPTION_MOMENTUM_PUT|ON|2026-07-20 09:48"",""threshold"":1.5,""value"":1.95,""since_minute_bucket_ist"":"""",""last_updated_ist"":""2026-07-20 09:48:00""}"
2026-07-20 00:00:00,2026-07-20 09:48:00,34,NIFTY,CHURN_COMMITTED,ON,MED,-0.0003,Price move + aligned flow (committed),"{""dedupe_key"":""NIFTY|CHURN_COMMITTED|ON|2026-07-20 09:48"",""threshold"":0.0001,""value"":-0.0003,""since_minute_bucket_ist"":"""",""last_updated_ist"":""2026-07-20 09:48:00""}"
2026-07-20 00:00:00,2026-07-20 09:49:00,35,NIFTY,REGIME_TREND_DOWN,OFF,MED,-0.0004,Trend DOWN (slope + direction),"{""dedupe_key"":""NIFTY|REGIME_TREND_DOWN|OFF|2026-07-20 09:49"",""threshold"":-0.0004,""value"":-0.0004,""since_minute_bucket_ist"":""2026-07-20 09:48"",""last_updated_ist"":""2026-07-20 09:49:00""}"
2026-07-20 00:00:00,2026-07-20 09:49:00,35,NIFTY,REGIME_TRANSITION_UNCERTAIN,ON,LOW,1,Transition/uncertain regime,"{""dedupe_key"":""NIFTY|REGIME_TRANSITION_UNCERTAIN|ON|2026-07-20 09:49"",""threshold"":1,""value"":1,""since_minute_bucket_ist"":"""",""last_updated_ist"":""2026-07-20 09:49:00""}"
2026-07-20 00:00:00,2026-07-20 09:49:00,35,NIFTY,OPTION_MOMENTUM_PUT,OFF,MED,1.5,ATM PUT momentum (ltp up + vol up),"{""dedupe_key"":""NIFTY|OPTION_MOMENTUM_PUT|OFF|2026-07-20 09:49"",""threshold"":1.5,""value"":1.5,""since_minute_bucket_ist"":""2026-07-20 09:48"",""last_updated_ist"":""2026-07-20 09:49:00""}"
2026-07-20 00:00:00,2026-07-20 09:49:00,35,NIFTY,CHURN_COMMITTED,OFF,MED,0.0001,Price move + aligned flow (committed),"{""dedupe_key"":""NIFTY|CHURN_COMMITTED|OFF|2026-07-20 09:49"",""threshold"":0.0001,""value"":0.0001,""since_minute_bucket_ist"":""2026-07-20 09:48"",""last_updated_ist"":""2026-07-20 09:49:00""}"
2026-07-20 00:00:00,2026-07-20 09:49:00,35,NIFTY,STEALTH_BUILD_BEAR,ON,MED,0.0082,"Stealth bearish build (calls build, spot flat)","{""dedupe_key"":""NIFTY|STEALTH_BUILD_BEAR|ON|2026-07-20 09:49"",""threshold"":0.008,""value"":0.0082,""since_minute_bucket_ist"":"""",""last_updated_ist"":""2026-07-20 09:49:00""}"
2026-07-20 00:00:00,2026-07-20 09:50:00,36,NIFTY,FLOW_BEARISH_BUILD,OFF,HIGH,0.0064,Bearish build (premium-confirmed writing / resistance),"{""dedupe_key"":""NIFTY|FLOW_BEARISH_BUILD|OFF|2026-07-20 09:50"",""threshold"":0.005,""value"":0.0064,""since_minute_bucket_ist"":""2026-07-20 09:48"",""last_updated_ist"":""2026-07-20 09:50:00""}"
2026-07-20 00:00:00,2026-07-20 09:50:00,36,NIFTY,PIN_BASIC,ON,LOW,37.5,Spot near a local wall (pin zone),"{""dedupe_key"":""NIFTY|PIN_BASIC|ON|2026-07-20 09:50"",""threshold"":37.5,""value"":37.5,""since_minute_bucket_ist"":"""",""last_updated_ist"":""2026-07-20 09:50:00""}"
2026-07-20 00:00:00,2026-07-20 09:50:00,36,NIFTY,OPTION_MOMENTUM_CALL,ON,MED,5.4,ATM CALL momentum (ltp up + vol up),"{""dedupe_key"":""NIFTY|OPTION_MOMENTUM_CALL|ON|2026-07-20 09:50"",""threshold"":1.5,""value"":5.4,""since_minute_bucket_ist"":"""",""last_updated_ist"":""2026-07-20 09:50:00""}"
2026-07-20 00:00:00,2026-07-20 09:50:00,36,NIFTY,STEALTH_BUILD_BEAR,OFF,MED,0.0064,"Stealth bearish build (calls build, spot flat)","{""dedupe_key"":""NIFTY|STEALTH_BUILD_BEAR|OFF|2026-07-20 09:50"",""threshold"":0.008,""value"":0.0064,""since_minute_bucket_ist"":""2026-07-20 09:49"",""last_updated_ist"":""2026-07-20 09:50:00""}"
2026-07-20 00:00:00,2026-07-20 09:51:00,37,NIFTY,REGIME_RANGE_PIN,ON,LOW,0.0002,Range / pin (inside local walls),"{""dedupe_key"":""NIFTY|REGIME_RANGE_PIN|ON|2026-07-20 09:51"",""threshold"":0.0004,""value"":0.0002,""since_minute_bucket_ist"":"""",""last_updated_ist"":""2026-07-20 09:51:00""}"
2026-07-20 00:00:00,2026-07-20 09:51:00,37,NIFTY,REGIME_TRANSITION_UNCERTAIN,OFF,LOW,1,Transition/uncertain regime,"{""dedupe_key"":""NIFTY|REGIME_TRANSITION_UNCERTAIN|OFF|2026-07-20 09:51"",""threshold"":1,""value"":1,""since_minute_bucket_ist"":""2026-07-20 09:49"",""last_updated_ist"":""2026-07-20 09:51:00""}"
2026-07-20 00:00:00,2026-07-20 09:51:00,37,NIFTY,OPTION_MOMENTUM_CALL,OFF,MED,0.85,ATM CALL momentum (ltp up + vol up),"{""dedupe_key"":""NIFTY|OPTION_MOMENTUM_CALL|OFF|2026-07-20 09:51"",""threshold"":1.5,""value"":0.85,""since_minute_bucket_ist"":""2026-07-20 09:50"",""last_updated_ist"":""2026-07-20 09:51:00""}"
2026-07-20 00:00:00,2026-07-20 09:51:00,37,NIFTY,STEALTH_BUILD_BEAR,ON,MED,0.0091,"Stealth bearish build (calls build, spot flat)","{""dedupe_key"":""NIFTY|STEALTH_BUILD_BEAR|ON|2026-07-20 09:51"",""threshold"":0.008,""value"":0.0091,""since_minute_bucket_ist"":"""",""last_updated_ist"":""2026-07-20 09:51:00""}"
2026-07-20 00:00:00,2026-07-20 09:52:00,38,NIFTY,FLOW_BOTH_BUILDING,ON,MED,0.0053,Both sides building (straddle build) → higher chop risk,"{""dedupe_key"":""NIFTY|FLOW_BOTH_BUILDING|ON|2026-07-20 09:52"",""threshold"":0.005,""value"":0.0053,""since_minute_bucket_ist"":"""",""last_updated_ist"":""2026-07-20 09:52:00""}"
2026-07-20 00:00:00,2026-07-20 09:52:00,38,NIFTY,STEALTH_BUILD_BEAR,OFF,MED,0.0053,"Stealth bearish build (calls build, spot flat)","{""dedupe_key"":""NIFTY|STEALTH_BUILD_BEAR|OFF|2026-07-20 09:52"",""threshold"":0.008,""value"":0.0053,""since_minute_bucket_ist"":""2026-07-20 09:51"",""last_updated_ist"":""2026-07-20 09:52:00""}"
2026-07-20 00:00:00,2026-07-20 09:53:00,39,NIFTY,FLOW_BOTH_BUILDING,OFF,MED,-0.0026,Both sides building (straddle build) → higher chop risk,"{""dedupe_key"":""NIFTY|FLOW_BOTH_BUILDING|OFF|2026-07-20 09:53"",""threshold"":0.005,""value"":-0.0026,""since_minute_bucket_ist"":""2026-07-20 09:52"",""last_updated_ist"":""2026-07-20 09:53:00""}"
2026-07-20 00:00:00,2026-07-20 09:53:00,39,NIFTY,FLOW_BULLISH_BUILD,ON,HIGH,0.0023,Bullish build (premium-confirmed writing / support),"{""dedupe_key"":""NIFTY|FLOW_BULLISH_BUILD|ON|2026-07-20 09:53"",""threshold"":0.005,""value"":0.0023,""since_minute_bucket_ist"":"""",""last_updated_ist"":""2026-07-20 09:53:00""}"
2026-07-20 00:00:00,2026-07-20 09:53:00,39,NIFTY,REGIME_RANGE_PIN,OFF,LOW,0.0002,Range / pin (inside local walls),"{""dedupe_key"":""NIFTY|REGIME_RANGE_PIN|OFF|2026-07-20 09:53"",""threshold"":0.0004,""value"":0.0002,""since_minute_bucket_ist"":""2026-07-20 09:51"",""last_updated_ist"":""2026-07-20 09:53:00""}"
2026-07-20 00:00:00,2026-07-20 09:53:00,39,NIFTY,REGIME_TRANSITION_UNCERTAIN,ON,LOW,1,Transition/uncertain regime,"{""dedupe_key"":""NIFTY|REGIME_TRANSITION_UNCERTAIN|ON|2026-07-20 09:53"",""threshold"":1,""value"":1,""since_minute_bucket_ist"":"""",""last_updated_ist"":""2026-07-20 09:53:00""}"
2026-07-20 00:00:00,2026-07-20 09:53:00,39,NIFTY,PIN_BREAKOUT_SETUP,ON,MED,1.0499999999992724,Pin breakout setup (wall touch + aligned flow),"{""dedupe_key"":""NIFTY|PIN_BREAKOUT_SETUP|ON|2026-07-20 09:53"",""threshold"":0,""value"":1.0499999999992724,""since_minute_bucket_ist"":"""",""last_updated_ist"":""2026-07-20 09:53:00""}"
2026-07-20 00:00:00,2026-07-20 09:53:00,39,NIFTY,VOL_CONTRACTION,ON,LOW,-0.0003,Volatility contracting (straddle down),"{""dedupe_key"":""NIFTY|VOL_CONTRACTION|ON|2026-07-20 09:53"",""threshold"":-0.03,""value"":-0.0003,""since_minute_bucket_ist"":"""",""last_updated_ist"":""2026-07-20 09:53:00""}"
2026-07-20 00:00:00,2026-07-20 09:53:00,39,NIFTY,OPTION_MOMENTUM_CALL,ON,MED,4.5,ATM CALL momentum (ltp up + vol up),"{""dedupe_key"":""NIFTY|OPTION_MOMENTUM_CALL|ON|2026-07-20 09:53"",""threshold"":1.5,""value"":4.5,""since_minute_bucket_ist"":"""",""last_updated_ist"":""2026-07-20 09:53:00""}"
2026-07-20 00:00:00,2026-07-20 09:53:00,39,NIFTY,WALL_PRESSURE_BREAK_SETUP,ON,MED,1.0499999999992724,Pressure building into a wall (break setup),"{""dedupe_key"":""NIFTY|WALL_PRESSURE_BREAK_SETUP|ON|2026-07-20 09:53"",""threshold"":0,""value"":1.0499999999992724,""since_minute_bucket_ist"":"""",""last_updated_ist"":""2026-07-20 09:53:00""}"
2026-07-20 00:00:00,2026-07-20 09:54:00,40,NIFTY,FLOW_BULLISH_BUILD,OFF,HIGH,0,Bullish build (premium-confirmed writing / support),"{""dedupe_key"":""NIFTY|FLOW_BULLISH_BUILD|OFF|2026-07-20 09:54"",""threshold"":0.005,""value"":0,""since_minute_bucket_ist"":""2026-07-20 09:53"",""last_updated_ist"":""2026-07-20 09:54:00""}"
2026-07-20 00:00:00,2026-07-20 09:54:00,40,NIFTY,PIN_BREAKOUT_SETUP,OFF,MED,0,Pin breakout setup (wall touch + aligned flow),"{""dedupe_key"":""NIFTY|PIN_BREAKOUT_SETUP|OFF|2026-07-20 09:54"",""threshold"":0,""value"":0,""since_minute_bucket_ist"":""2026-07-20 09:53"",""last_updated_ist"":""2026-07-20 09:54:00""}"
2026-07-20 00:00:00,2026-07-20 09:54:00,40,NIFTY,VOL_CONTRACTION,OFF,LOW,-0.0003,Volatility contracting (straddle down),"{""dedupe_key"":""NIFTY|VOL_CONTRACTION|OFF|2026-07-20 09:54"",""threshold"":-0.03,""value"":-0.0003,""since_minute_bucket_ist"":""2026-07-20 09:53"",""last_updated_ist"":""2026-07-20 09:54:00""}"
2026-07-20 00:00:00,2026-07-20 09:54:00,40,NIFTY,OPTION_MOMENTUM_CALL,OFF,MED,0,ATM CALL momentum (ltp up + vol up),"{""dedupe_key"":""NIFTY|OPTION_MOMENTUM_CALL|OFF|2026-07-20 09:54"",""threshold"":1.5,""value"":0,""since_minute_bucket_ist"":""2026-07-20 09:53"",""last_updated_ist"":""2026-07-20 09:54:00""}"
2026-07-20 00:00:00,2026-07-20 09:54:00,40,NIFTY,WALL_PRESSURE_BREAK_SETUP,OFF,MED,0,Pressure building into a wall (break setup),"{""dedupe_key"":""NIFTY|WALL_PRESSURE_BREAK_SETUP|OFF|2026-07-20 09:54"",""threshold"":0,""value"":0,""since_minute_bucket_ist"":""2026-07-20 09:53"",""last_updated_ist"":""2026-07-20 09:54:00""}"
2026-07-20 00:00:00,2026-07-20 09:55:00,41,NIFTY,FLOW_BEARISH_BUILD,ON,HIGH,0.0085,Bearish build (premium-confirmed writing / resistance),"{""dedupe_key"":""NIFTY|FLOW_BEARISH_BUILD|ON|2026-07-20 09:55"",""threshold"":0.005,""value"":0.0085,""since_minute_bucket_ist"":"""",""last_updated_ist"":""2026-07-20 09:55:00""}"
2026-07-20 00:00:00,2026-07-20 09:55:00,41,NIFTY,EXP_RANGE_BREAKOUT_WATCH_UP,ON,MED,24176.9,Expected-range watch UP,"{""dedupe_key"":""NIFTY|EXP_RANGE_BREAKOUT_WATCH_UP|ON|2026-07-20 09:55"",""threshold"":24174.47,""value"":24176.9,""since_minute_bucket_ist"":"""",""last_updated_ist"":""2026-07-20 09:55:00""}"
2026-07-20 00:00:00,2026-07-20 09:55:00,41,NIFTY,VOL_EXPANSION,ON,MED,0.0149,Volatility expanding (straddle up),"{""dedupe_key"":""NIFTY|VOL_EXPANSION|ON|2026-07-20 09:55"",""threshold"":0.02,""value"":0.0149,""since_minute_bucket_ist"":"""",""last_updated_ist"":""2026-07-20 09:55:00""}"
2026-07-20 00:00:00,2026-07-20 09:55:00,41,NIFTY,OPTION_MOMENTUM_PUT,ON,MED,1.8,ATM PUT momentum (ltp up + vol up),"{""dedupe_key"":""NIFTY|OPTION_MOMENTUM_PUT|ON|2026-07-20 09:55"",""threshold"":1.5,""value"":1.8,""since_minute_bucket_ist"":"""",""last_updated_ist"":""2026-07-20 09:55:00""}"
2026-07-20 00:00:00,2026-07-20 09:55:00,41,NIFTY,STEALTH_BUILD_BEAR,ON,MED,0.0085,"Stealth bearish build (calls build, spot flat)","{""dedupe_key"":""NIFTY|STEALTH_BUILD_BEAR|ON|2026-07-20 09:55"",""threshold"":0.008,""value"":0.0085,""since_minute_bucket_ist"":"""",""last_updated_ist"":""2026-07-20 09:55:00""}"
2026-07-20 00:00:00,2026-07-20 09:55:00,41,NIFTY,WALL_SHIFT_REGIME,ON,MED,1,Wall strike shifted materially (>= 1 step),"{""dedupe_key"":""NIFTY|WALL_SHIFT_REGIME|ON|2026-07-20 09:55"",""threshold"":1,""value"":1,""since_minute_bucket_ist"":"""",""last_updated_ist"":""2026-07-20 09:55:00""}"
2026-07-20 00:00:00,2026-07-20 09:56:00,42,NIFTY,FLOW_BEARISH_BUILD,OFF,HIGH,0.009,Bearish build (premium-confirmed writing / resistance),"{""dedupe_key"":""NIFTY|FLOW_BEARISH_BUILD|OFF|2026-07-20 09:56"",""threshold"":0.005,""value"":0.009,""since_minute_bucket_ist"":""2026-07-20 09:55"",""last_updated_ist"":""2026-07-20 09:56:00""}"
2026-07-20 00:00:00,2026-07-20 09:56:00,42,NIFTY,REGIME_TREND_UP,ON,MED,0.001,Trend UP (slope + direction),"{""dedupe_key"":""NIFTY|REGIME_TREND_UP|ON|2026-07-20 09:56"",""threshold"":0.0004,""value"":0.001,""since_minute_bucket_ist"":"""",""last_updated_ist"":""2026-07-20 09:56:00""}"
2026-07-20 00:00:00,2026-07-20 09:56:00,42,NIFTY,REGIME_BREAKOUT_DOWN,ON,HIGH,2,Breakout DOWN (held below put wall),"{""dedupe_key"":""NIFTY|REGIME_BREAKOUT_DOWN|ON|2026-07-20 09:56"",""threshold"":2,""value"":2,""since_minute_bucket_ist"":"""",""last_updated_ist"":""2026-07-20 09:56:00""}"
2026-07-20 00:00:00,2026-07-20 09:56:00,42,NIFTY,REGIME_TRANSITION_UNCERTAIN,OFF,LOW,1,Transition/uncertain regime,"{""dedupe_key"":""NIFTY|REGIME_TRANSITION_UNCERTAIN|OFF|2026-07-20 09:56"",""threshold"":1,""value"":1,""since_minute_bucket_ist"":""2026-07-20 09:53"",""last_updated_ist"":""2026-07-20 09:56:00""}"
2026-07-20 00:00:00,2026-07-20 09:56:00,42,NIFTY,EXP_RANGE_BREAKOUT_CONFIRMED_UP,ON,HIGH,2,Expected-range breakout CONFIRMED UP,"{""dedupe_key"":""NIFTY|EXP_RANGE_BREAKOUT_CONFIRMED_UP|ON|2026-07-20 09:56"",""threshold"":2,""value"":2,""since_minute_bucket_ist"":"""",""last_updated_ist"":""2026-07-20 09:56:00""}"
2026-07-20 00:00:00,2026-07-20 09:56:00,42,NIFTY,VOL_EXPANSION,OFF,MED,0.0022,Volatility expanding (straddle up),"{""dedupe_key"":""NIFTY|VOL_EXPANSION|OFF|2026-07-20 09:56"",""threshold"":0.02,""value"":0.0022,""since_minute_bucket_ist"":""2026-07-20 09:55"",""last_updated_ist"":""2026-07-20 09:56:00""}"
2026-07-20 00:00:00,2026-07-20 09:56:00,42,NIFTY,OPTION_MOMENTUM_CALL,ON,MED,3.8,ATM CALL momentum (ltp up + vol up),"{""dedupe_key"":""NIFTY|OPTION_MOMENTUM_CALL|ON|2026-07-20 09:56"",""threshold"":1.5,""value"":3.8,""since_minute_bucket_ist"":"""",""last_updated_ist"":""2026-07-20 09:56:00""}"
2026-07-20 00:00:00,2026-07-20 09:56:00,42,NIFTY,OPTION_MOMENTUM_PUT,OFF,MED,-5.9,ATM PUT momentum (ltp up + vol up),"{""dedupe_key"":""NIFTY|OPTION_MOMENTUM_PUT|OFF|2026-07-20 09:56"",""threshold"":1.5,""value"":-5.9,""since_minute_bucket_ist"":""2026-07-20 09:55"",""last_updated_ist"":""2026-07-20 09:56:00""}"
2026-07-20 00:00:00,2026-07-20 09:56:00,42,NIFTY,STEALTH_BUILD_BEAR,OFF,MED,0.009,"Stealth bearish build (calls build, spot flat)","{""dedupe_key"":""NIFTY|STEALTH_BUILD_BEAR|OFF|2026-07-20 09:56"",""threshold"":0.008,""value"":0.009,""since_minute_bucket_ist"":""2026-07-20 09:55"",""last_updated_ist"":""2026-07-20 09:56:00""}"
2026-07-20 00:00:00,2026-07-20 09:56:00,42,NIFTY,WALL_SHIFT_REGIME,OFF,MED,1,Wall strike shifted materially (>= 1 step),"{""dedupe_key"":""NIFTY|WALL_SHIFT_REGIME|OFF|2026-07-20 09:56"",""threshold"":1,""value"":1,""since_minute_bucket_ist"":""2026-07-20 09:55"",""last_updated_ist"":""2026-07-20 09:56:00""}"
2026-07-20 00:00:00,2026-07-20 09:57:00,43,NIFTY,OPTION_MOMENTUM_CALL,OFF,MED,0,ATM CALL momentum (ltp up + vol up),"{""dedupe_key"":""NIFTY|OPTION_MOMENTUM_CALL|OFF|2026-07-20 09:57"",""threshold"":1.5,""value"":0,""since_minute_bucket_ist"":""2026-07-20 09:56"",""last_updated_ist"":""2026-07-20 09:57:00""}"
2026-07-20 00:00:00,2026-07-20 09:58:00,44,NIFTY,TRADE_LIMIT_REACHED,ON,MED,2,Cooldown active (2m),"{""dedupe_key"":""NIFTY|TRADE_LIMIT_REACHED|ON|2026-07-20 09:58"",""threshold"":500,""value"":2,""since_minute_bucket_ist"":"""",""last_updated_ist"":""2026-07-20 09:58:00""}"
2026-07-20 00:00:00,2026-07-20 09:58:00,44,NIFTY,FLOW_BULLISH_BUILD,ON,HIGH,0.0052,Bullish build (premium-confirmed writing / support),"{""dedupe_key"":""NIFTY|FLOW_BULLISH_BUILD|ON|2026-07-20 09:58"",""threshold"":0.005,""value"":0.0052,""since_minute_bucket_ist"":"""",""last_updated_ist"":""2026-07-20 09:58:00""}"
2026-07-20 00:00:00,2026-07-20 09:58:00,44,NIFTY,REGIME_BREAKOUT_DOWN,OFF,HIGH,0,Breakout DOWN (held below put wall),"{""dedupe_key"":""NIFTY|REGIME_BREAKOUT_DOWN|OFF|2026-07-20 09:58"",""threshold"":2,""value"":0,""since_minute_bucket_ist"":""2026-07-20 09:56"",""last_updated_ist"":""2026-07-20 09:58:00""}"
2026-07-20 00:00:00,2026-07-20 09:58:00,44,NIFTY,PIN_BREAKOUT_SETUP,ON,MED,7.299999999999272,Pin breakout setup (wall touch + aligned flow),"{""dedupe_key"":""NIFTY|PIN_BREAKOUT_SETUP|ON|2026-07-20 09:58"",""threshold"":0,""value"":7.299999999999272,""since_minute_bucket_ist"":"""",""last_updated_ist"":""2026-07-20 09:58:00""}"
2026-07-20 00:00:00,2026-07-20 09:58:00,44,NIFTY,OPTION_MOMENTUM_CALL,ON,MED,3.55,ATM CALL momentum (ltp up + vol up),"{""dedupe_key"":""NIFTY|OPTION_MOMENTUM_CALL|ON|2026-07-20 09:58"",""threshold"":1.5,""value"":3.55,""since_minute_bucket_ist"":"""",""last_updated_ist"":""2026-07-20 09:58:00""}"
2026-07-20 00:00:00,2026-07-20 09:58:00,44,NIFTY,CHURN_COMMITTED,ON,MED,0.0003,Price move + aligned flow (committed),"{""dedupe_key"":""NIFTY|CHURN_COMMITTED|ON|2026-07-20 09:58"",""threshold"":0.0001,""value"":0.0003,""since_minute_bucket_ist"":"""",""last_updated_ist"":""2026-07-20 09:58:00""}"
2026-07-20 00:00:00,2026-07-20 09:58:00,44,NIFTY,WALL_PRESSURE_BREAK_SETUP,ON,MED,7.299999999999272,Pressure building into a wall (break setup),"{""dedupe_key"":""NIFTY|WALL_PRESSURE_BREAK_SETUP|ON|2026-07-20 09:58"",""threshold"":0,""value"":7.299999999999272,""since_minute_bucket_ist"":"""",""last_updated_ist"":""2026-07-20 09:58:00""}"
2026-07-20 00:00:00,2026-07-20 09:59:00,45,NIFTY,TRADE_LIMIT_REACHED,OFF,MED,2,Cooldown active (2m),"{""dedupe_key"":""NIFTY|TRADE_LIMIT_REACHED|OFF|2026-07-20 09:59"",""threshold"":500,""value"":2,""since_minute_bucket_ist"":""2026-07-20 09:58"",""last_updated_ist"":""2026-07-20 09:59:00""}"
2026-07-20 00:00:00,2026-07-20 09:59:00,45,NIFTY,FLOW_BULLISH_BUILD,OFF,HIGH,0,Bullish build (premium-confirmed writing / support),"{""dedupe_key"":""NIFTY|FLOW_BULLISH_BUILD|OFF|2026-07-20 09:59"",""threshold"":0.005,""value"":0,""since_minute_bucket_ist"":""2026-07-20 09:58"",""last_updated_ist"":""2026-07-20 09:59:00""}"
2026-07-20 00:00:00,2026-07-20 09:59:00,45,NIFTY,PIN_BREAKOUT_SETUP,OFF,MED,0,Pin breakout setup (wall touch + aligned flow),"{""dedupe_key"":""NIFTY|PIN_BREAKOUT_SETUP|OFF|2026-07-20 09:59"",""threshold"":0,""value"":0,""since_minute_bucket_ist"":""2026-07-20 09:58"",""last_updated_ist"":""2026-07-20 09:59:00""}"
2026-07-20 00:00:00,2026-07-20 09:59:00,45,NIFTY,OPTION_MOMENTUM_CALL,OFF,MED,0,ATM CALL momentum (ltp up + vol up),"{""dedupe_key"":""NIFTY|OPTION_MOMENTUM_CALL|OFF|2026-07-20 09:59"",""threshold"":1.5,""value"":0,""since_minute_bucket_ist"":""2026-07-20 09:58"",""last_updated_ist"":""2026-07-20 09:59:00""}"
2026-07-20 00:00:00,2026-07-20 09:59:00,45,NIFTY,CHURN_COMMITTED,OFF,MED,0,Price move + aligned flow (committed),"{""dedupe_key"":""NIFTY|CHURN_COMMITTED|OFF|2026-07-20 09:59"",""threshold"":0.0001,""value"":0,""since_minute_bucket_ist"":""2026-07-20 09:58"",""last_updated_ist"":""2026-07-20 09:59:00""}"
2026-07-20 00:00:00,2026-07-20 09:59:00,45,NIFTY,WALL_PRESSURE_BREAK_SETUP,OFF,MED,0,Pressure building into a wall (break setup),"{""dedupe_key"":""NIFTY|WALL_PRESSURE_BREAK_SETUP|OFF|2026-07-20 09:59"",""threshold"":0,""value"":0,""since_minute_bucket_ist"":""2026-07-20 09:58"",""last_updated_ist"":""2026-07-20 09:59:00""}"
2026-07-20 00:00:00,2026-07-20 10:00:00,46,NIFTY,REGIME_TREND_UP,OFF,MED,0.0002,Trend UP (slope + direction),"{""dedupe_key"":""NIFTY|REGIME_TREND_UP|OFF|2026-07-20 10:00"",""threshold"":0.0004,""value"":0.0002,""since_minute_bucket_ist"":""2026-07-20 09:56"",""last_updated_ist"":""2026-07-20 10:00:00""}"
2026-07-20 00:00:00,2026-07-20 10:00:00,46,NIFTY,REGIME_TRANSITION_UNCERTAIN,ON,LOW,1,Transition/uncertain regime,"{""dedupe_key"":""NIFTY|REGIME_TRANSITION_UNCERTAIN|ON|2026-07-20 10:00"",""threshold"":1,""value"":1,""since_minute_bucket_ist"":"""",""last_updated_ist"":""2026-07-20 10:00:00""}"
2026-07-20 00:00:00,2026-07-20 10:00:00,46,NIFTY,EXP_RANGE_BREAKOUT_WATCH_UP,OFF,MED,24182.7,Expected-range watch UP,"{""dedupe_key"":""NIFTY|EXP_RANGE_BREAKOUT_WATCH_UP|OFF|2026-07-20 10:00"",""threshold"":24194.31,""value"":24182.7,""since_minute_bucket_ist"":""2026-07-20 09:55"",""last_updated_ist"":""2026-07-20 10:00:00""}"
2026-07-20 00:00:00,2026-07-20 10:00:00,46,NIFTY,EXP_RANGE_BREAKOUT_CONFIRMED_UP,OFF,HIGH,0,Expected-range breakout CONFIRMED UP,"{""dedupe_key"":""NIFTY|EXP_RANGE_BREAKOUT_CONFIRMED_UP|OFF|2026-07-20 10:00"",""threshold"":2,""value"":0,""since_minute_bucket_ist"":""2026-07-20 09:56"",""last_updated_ist"":""2026-07-20 10:00:00""}"
2026-07-20 00:00:00,2026-07-20 10:00:00,46,NIFTY,VOL_CONTRACTION,ON,LOW,-0.0083,Volatility contracting (straddle down),"{""dedupe_key"":""NIFTY|VOL_CONTRACTION|ON|2026-07-20 10:00"",""threshold"":-0.03,""value"":-0.0083,""since_minute_bucket_ist"":"""",""last_updated_ist"":""2026-07-20 10:00:00""}"
2026-07-20 00:00:00,2026-07-20 10:00:00,46,NIFTY,WALL_UNWIND_CONFIRM_UP,ON,MED,-0.0236,Call wall OI unwinding (5m),"{""dedupe_key"":""NIFTY|WALL_UNWIND_CONFIRM_UP|ON|2026-07-20 10:00"",""threshold"":-0.006,""value"":-0.0236,""since_minute_bucket_ist"":"""",""last_updated_ist"":""2026-07-20 10:00:00""}"
2026-07-20 00:00:00,2026-07-20 10:01:00,47,NIFTY,REGIME_BREAKOUT_DOWN,ON,HIGH,2,Breakout DOWN (held below put wall),"{""dedupe_key"":""NIFTY|REGIME_BREAKOUT_DOWN|ON|2026-07-20 10:01"",""threshold"":2,""value"":2,""since_minute_bucket_ist"":"""",""last_updated_ist"":""2026-07-20 10:01:00""}"
2026-07-20 00:00:00,2026-07-20 10:01:00,47,NIFTY,REGIME_TRANSITION_UNCERTAIN,OFF,LOW,1,Transition/uncertain regime,"{""dedupe_key"":""NIFTY|REGIME_TRANSITION_UNCERTAIN|OFF|2026-07-20 10:01"",""threshold"":1,""value"":1,""since_minute_bucket_ist"":""2026-07-20 10:00"",""last_updated_ist"":""2026-07-20 10:01:00""}"
2026-07-20 00:00:00,2026-07-20 10:02:00,48,NIFTY,VOL_CONTRACTION,OFF,LOW,-0.0044,Volatility contracting (straddle down),"{""dedupe_key"":""NIFTY|VOL_CONTRACTION|OFF|2026-07-20 10:02"",""threshold"":-0.03,""value"":-0.0044,""since_minute_bucket_ist"":""2026-07-20 10:00"",""last_updated_ist"":""2026-07-20 10:02:00""}"
2026-07-20 00:00:00,2026-07-20 10:02:00,48,NIFTY,OPTION_MOMENTUM_PUT,ON,MED,1.6,ATM PUT momentum (ltp up + vol up),"{""dedupe_key"":""NIFTY|OPTION_MOMENTUM_PUT|ON|2026-07-20 10:02"",""threshold"":1.5,""value"":1.6,""since_minute_bucket_ist"":"""",""last_updated_ist"":""2026-07-20 10:02:00""}"
2026-07-20 00:00:00,2026-07-20 10:02:00,48,NIFTY,STEALTH_BUILD_BULL,ON,MED,0.0294,"Stealth bullish build (puts build, spot flat)","{""dedupe_key"":""NIFTY|STEALTH_BUILD_BULL|ON|2026-07-20 10:02"",""threshold"":0.008,""value"":0.0294,""since_minute_bucket_ist"":"""",""last_updated_ist"":""2026-07-20 10:02:00""}"
2026-07-20 00:00:00,2026-07-20 10:03:00,49,NIFTY,REGIME_BREAKOUT_DOWN,OFF,HIGH,0,Breakout DOWN (held below put wall),"{""dedupe_key"":""NIFTY|REGIME_BREAKOUT_DOWN|OFF|2026-07-20 10:03"",""threshold"":2,""value"":0,""since_minute_bucket_ist"":""2026-07-20 10:01"",""last_updated_ist"":""2026-07-20 10:03:00""}"
2026-07-20 00:00:00,2026-07-20 10:03:00,49,NIFTY,REGIME_TRANSITION_UNCERTAIN,ON,LOW,1,Transition/uncertain regime,"{""dedupe_key"":""NIFTY|REGIME_TRANSITION_UNCERTAIN|ON|2026-07-20 10:03"",""threshold"":1,""value"":1,""since_minute_bucket_ist"":"""",""last_updated_ist"":""2026-07-20 10:03:00""}"
2026-07-20 00:00:00,2026-07-20 10:03:00,49,NIFTY,EXP_RANGE_BREAKOUT_WATCH_UP,ON,MED,24205.05,Expected-range watch UP,"{""dedupe_key"":""NIFTY|EXP_RANGE_BREAKOUT_WATCH_UP|ON|2026-07-20 10:03"",""threshold"":24200.17,""value"":24205.05,""since_minute_bucket_ist"":"""",""last_updated_ist"":""2026-07-20 10:03:00""}"
2026-07-20 00:00:00,2026-07-20 10:03:00,49,NIFTY,OPTION_MOMENTUM_CALL,ON,MED,2.3,ATM CALL momentum (ltp up + vol up),"{""dedupe_key"":""NIFTY|OPTION_MOMENTUM_CALL|ON|2026-07-20 10:03"",""threshold"":1.5,""value"":2.3,""since_minute_bucket_ist"":"""",""last_updated_ist"":""2026-07-20 10:03:00""}"
2026-07-20 00:00:00,2026-07-20 10:03:00,49,NIFTY,OPTION_MOMENTUM_PUT,OFF,MED,-2.2,ATM PUT momentum (ltp up + vol up),"{""dedupe_key"":""NIFTY|OPTION_MOMENTUM_PUT|OFF|2026-07-20 10:03"",""threshold"":1.5,""value"":-2.2,""since_minute_bucket_ist"":""2026-07-20 10:02"",""last_updated_ist"":""2026-07-20 10:03:00""}"
2026-07-20 00:00:00,2026-07-20 10:03:00,49,NIFTY,WALL_UNWIND_CONFIRM_UP,OFF,MED,0.0038,Call wall OI unwinding (5m),"{""dedupe_key"":""NIFTY|WALL_UNWIND_CONFIRM_UP|OFF|2026-07-20 10:03"",""threshold"":-0.006,""value"":0.0038,""since_minute_bucket_ist"":""2026-07-20 10:00"",""last_updated_ist"":""2026-07-20 10:03:00""}"
2026-07-20 00:00:00,2026-07-20 10:03:00,49,NIFTY,STEALTH_BUILD_BULL,OFF,MED,-0.0009,"Stealth bullish build (puts build, spot flat)","{""dedupe_key"":""NIFTY|STEALTH_BUILD_BULL|OFF|2026-07-20 10:03"",""threshold"":0.008,""value"":-0.0009,""since_minute_bucket_ist"":""2026-07-20 10:02"",""last_updated_ist"":""2026-07-20 10:03:00""}"
2026-07-20 00:00:00,2026-07-20 10:04:00,50,NIFTY,FLOW_BEARISH_BUILD,ON,HIGH,0.0035,Bearish build (premium-confirmed writing / resistance),"{""dedupe_key"":""NIFTY|FLOW_BEARISH_BUILD|ON|2026-07-20 10:04"",""threshold"":0.005,""value"":0.0035,""since_minute_bucket_ist"":"""",""last_updated_ist"":""2026-07-20 10:04:00""}"
2026-07-20 00:00:00,2026-07-20 10:04:00,50,NIFTY,PIN_BREAKOUT_SETUP,ON,MED,-11.599999999998545,Pin breakout setup (wall touch + aligned flow),"{""dedupe_key"":""NIFTY|PIN_BREAKOUT_SETUP|ON|2026-07-20 10:04"",""threshold"":0,""value"":-11.599999999998545,""since_minute_bucket_ist"":"""",""last_updated_ist"":""2026-07-20 10:04:00""}"
2026-07-20 00:00:00,2026-07-20 10:04:00,50,NIFTY,EXP_RANGE_BREAKOUT_WATCH_UP,OFF,MED,24193.45,Expected-range watch UP,"{""dedupe_key"":""NIFTY|EXP_RANGE_BREAKOUT_WATCH_UP|OFF|2026-07-20 10:04"",""threshold"":24201.01,""value"":24193.45,""since_minute_bucket_ist"":""2026-07-20 10:03"",""last_updated_ist"":""2026-07-20 10:04:00""}"
2026-07-20 00:00:00,2026-07-20 10:04:00,50,NIFTY,OPTION_MOMENTUM_CALL,OFF,MED,-1.55,ATM CALL momentum (ltp up + vol up),"{""dedupe_key"":""NIFTY|OPTION_MOMENTUM_CALL|OFF|2026-07-20 10:04"",""threshold"":1.5,""value"":-1.55,""since_minute_bucket_ist"":""2026-07-20 10:03"",""last_updated_ist"":""2026-07-20 10:04:00""}"
2026-07-20 00:00:00,2026-07-20 10:04:00,50,NIFTY,OPTION_MOMENTUM_PUT,ON,MED,2.35,ATM PUT momentum (ltp up + vol up),"{""dedupe_key"":""NIFTY|OPTION_MOMENTUM_PUT|ON|2026-07-20 10:04"",""threshold"":1.5,""value"":2.35,""since_minute_bucket_ist"":"""",""last_updated_ist"":""2026-07-20 10:04:00""}"
2026-07-20 00:00:00,2026-07-20 10:04:00,50,NIFTY,CHURN_COMMITTED,ON,MED,-0.0005,Price move + aligned flow (committed),"{""dedupe_key"":""NIFTY|CHURN_COMMITTED|ON|2026-07-20 10:04"",""threshold"":0.0001,""value"":-0.0005,""since_minute_bucket_ist"":"""",""last_updated_ist"":""2026-07-20 10:04:00""}"
2026-07-20 00:00:00,2026-07-20 10:04:00,50,NIFTY,WALL_PRESSURE_BREAK_SETUP,ON,MED,-11.599999999998545,Pressure building into a wall (break setup),"{""dedupe_key"":""NIFTY|WALL_PRESSURE_BREAK_SETUP|ON|2026-07-20 10:04"",""threshold"":0,""value"":-11.599999999998545,""since_minute_bucket_ist"":"""",""last_updated_ist"":""2026-07-20 10:04:00""}"
2026-07-20 00:00:00,2026-07-20 10:04:00,50,NIFTY,BULL_TRAP,ON,HIGH,1,Bull trap: failed upside breakout + bearish flow,"{""dedupe_key"":""NIFTY|BULL_TRAP|ON|2026-07-20 10:04"",""threshold"":1,""value"":1,""since_minute_bucket_ist"":"""",""last_updated_ist"":""2026-07-20 10:04:00""}"
2026-07-20 00:00:00,2026-07-20 10:05:00,51,NIFTY,FLOW_BEARISH_BUILD,OFF,HIGH,0.0045,Bearish build (premium-confirmed writing / resistance),"{""dedupe_key"":""NIFTY|FLOW_BEARISH_BUILD|OFF|2026-07-20 10:05"",""threshold"":0.005,""value"":0.0045,""since_minute_bucket_ist"":""2026-07-20 10:04"",""last_updated_ist"":""2026-07-20 10:05:00""}"
2026-07-20 00:00:00,2026-07-20 10:05:00,51,NIFTY,REGIME_TREND_UP,ON,MED,0.0008,Trend UP (slope + direction),"{""dedupe_key"":""NIFTY|REGIME_TREND_UP|ON|2026-07-20 10:05"",""threshold"":0.0004,""value"":0.0008,""since_minute_bucket_ist"":"""",""last_updated_ist"":""2026-07-20 10:05:00""}"
2026-07-20 00:00:00,2026-07-20 10:05:00,51,NIFTY,REGIME_TRANSITION_UNCERTAIN,OFF,LOW,1,Transition/uncertain regime,"{""dedupe_key"":""NIFTY|REGIME_TRANSITION_UNCERTAIN|OFF|2026-07-20 10:05"",""threshold"":1,""value"":1,""since_minute_bucket_ist"":""2026-07-20 10:03"",""last_updated_ist"":""2026-07-20 10:05:00""}"
2026-07-20 00:00:00,2026-07-20 10:05:00,51,NIFTY,PIN_BREAKOUT_SETUP,OFF,MED,7.950000000000728,Pin breakout setup (wall touch + aligned flow),"{""dedupe_key"":""NIFTY|PIN_BREAKOUT_SETUP|OFF|2026-07-20 10:05"",""threshold"":0,""value"":7.950000000000728,""since_minute_bucket_ist"":""2026-07-20 10:04"",""last_updated_ist"":""2026-07-20 10:05:00""}"
2026-07-20 00:00:00,2026-07-20 10:05:00,51,NIFTY,OPTION_MOMENTUM_CALL,ON,MED,3.3,ATM CALL momentum (ltp up + vol up),"{""dedupe_key"":""NIFTY|OPTION_MOMENTUM_CALL|ON|2026-07-20 10:05"",""threshold"":1.5,""value"":3.3,""since_minute_bucket_ist"":"""",""last_updated_ist"":""2026-07-20 10:05:00""}"
2026-07-20 00:00:00,2026-07-20 10:05:00,51,NIFTY,OPTION_MOMENTUM_PUT,OFF,MED,-3.6,ATM PUT momentum (ltp up + vol up),"{""dedupe_key"":""NIFTY|OPTION_MOMENTUM_PUT|OFF|2026-07-20 10:05"",""threshold"":1.5,""value"":-3.6,""since_minute_bucket_ist"":""2026-07-20 10:04"",""last_updated_ist"":""2026-07-20 10:05:00""}"
2026-07-20 00:00:00,2026-07-20 10:05:00,51,NIFTY,CHURN_COMMITTED,OFF,MED,0.0003,Price move + aligned flow (committed),"{""dedupe_key"":""NIFTY|CHURN_COMMITTED|OFF|2026-07-20 10:05"",""threshold"":0.0001,""value"":0.0003,""since_minute_bucket_ist"":""2026-07-20 10:04"",""last_updated_ist"":""2026-07-20 10:05:00""}"
2026-07-20 00:00:00,2026-07-20 10:05:00,51,NIFTY,WALL_PRESSURE_BREAK_SETUP,OFF,MED,7.950000000000728,Pressure building into a wall (break setup),"{""dedupe_key"":""NIFTY|WALL_PRESSURE_BREAK_SETUP|OFF|2026-07-20 10:05"",""threshold"":0,""value"":7.950000000000728,""since_minute_bucket_ist"":""2026-07-20 10:04"",""last_updated_ist"":""2026-07-20 10:05:00""}"
2026-07-20 00:00:00,2026-07-20 10:05:00,51,NIFTY,BULL_TRAP,OFF,HIGH,1,Bull trap: failed upside breakout + bearish flow,"{""dedupe_key"":""NIFTY|BULL_TRAP|OFF|2026-07-20 10:05"",""threshold"":1,""value"":1,""since_minute_bucket_ist"":""2026-07-20 10:04"",""last_updated_ist"":""2026-07-20 10:05:00""}"
2026-07-20 00:00:00,2026-07-20 10:06:00,52,NIFTY,EXP_RANGE_BREAKOUT_WATCH_UP,ON,MED,24206.4,Expected-range watch UP,"{""dedupe_key"":""NIFTY|EXP_RANGE_BREAKOUT_WATCH_UP|ON|2026-07-20 10:06"",""threshold"":24204.58,""value"":24206.4,""since_minute_bucket_ist"":"""",""last_updated_ist"":""2026-07-20 10:06:00""}"
2026-07-20 00:00:00,2026-07-20 10:06:00,52,NIFTY,OPTION_MOMENTUM_CALL,OFF,MED,0.5,ATM CALL momentum (ltp up + vol up),"{""dedupe_key"":""NIFTY|OPTION_MOMENTUM_CALL|OFF|2026-07-20 10:06"",""threshold"":1.5,""value"":0.5,""since_minute_bucket_ist"":""2026-07-20 10:05"",""last_updated_ist"":""2026-07-20 10:06:00""}"
2026-07-20 00:00:00,2026-07-20 10:07:00,53,NIFTY,FLOW_BULLISH_BUILD,ON,HIGH,0.0044,Bullish build (premium-confirmed writing / support),"{""dedupe_key"":""NIFTY|FLOW_BULLISH_BUILD|ON|2026-07-20 10:07"",""threshold"":0.005,""value"":0.0044,""since_minute_bucket_ist"":"""",""last_updated_ist"":""2026-07-20 10:07:00""}"
2026-07-20 00:00:00,2026-07-20 10:07:00,53,NIFTY,REGIME_TREND_UP,OFF,MED,0.0005,Trend UP (slope + direction),"{""dedupe_key"":""NIFTY|REGIME_TREND_UP|OFF|2026-07-20 10:07"",""threshold"":0.0004,""value"":0.0005,""since_minute_bucket_ist"":""2026-07-20 10:05"",""last_updated_ist"":""2026-07-20 10:07:00""}"
2026-07-20 00:00:00,2026-07-20 10:07:00,53,NIFTY,REGIME_TRANSITION_UNCERTAIN,ON,LOW,1,Transition/uncertain regime,"{""dedupe_key"":""NIFTY|REGIME_TRANSITION_UNCERTAIN|ON|2026-07-20 10:07"",""threshold"":1,""value"":1,""since_minute_bucket_ist"":"""",""last_updated_ist"":""2026-07-20 10:07:00""}"
2026-07-20 00:00:00,2026-07-20 10:07:00,53,NIFTY,EXP_RANGE_BREAKOUT_WATCH_UP,OFF,MED,24201.8,Expected-range watch UP,"{""dedupe_key"":""NIFTY|EXP_RANGE_BREAKOUT_WATCH_UP|OFF|2026-07-20 10:07"",""threshold"":24205.23,""value"":24201.8,""since_minute_bucket_ist"":""2026-07-20 10:06"",""last_updated_ist"":""2026-07-20 10:07:00""}"
2026-07-20 00:00:00,2026-07-20 10:07:00,53,NIFTY,VOL_CONTRACTION,ON,LOW,-0.005,Volatility contracting (straddle down),"{""dedupe_key"":""NIFTY|VOL_CONTRACTION|ON|2026-07-20 10:07"",""threshold"":-0.03,""value"":-0.005,""since_minute_bucket_ist"":"""",""last_updated_ist"":""2026-07-20 10:07:00""}"
2026-07-20 00:00:00,2026-07-20 10:08:00,54,NIFTY,REGIME_TREND_DOWN,ON,MED,-0.0005,Trend DOWN (slope + direction),"{""dedupe_key"":""NIFTY|REGIME_TREND_DOWN|ON|2026-07-20 10:08"",""threshold"":-0.0004,""value"":-0.0005,""since_minute_bucket_ist"":"""",""last_updated_ist"":""2026-07-20 10:08:00""}"
2026-07-20 00:00:00,2026-07-20 10:08:00,54,NIFTY,REGIME_TRANSITION_UNCERTAIN,OFF,LOW,1,Transition/uncertain regime,"{""dedupe_key"":""NIFTY|REGIME_TRANSITION_UNCERTAIN|OFF|2026-07-20 10:08"",""threshold"":1,""value"":1,""since_minute_bucket_ist"":""2026-07-20 10:07"",""last_updated_ist"":""2026-07-20 10:08:00""}"
2026-07-20 00:00:00,2026-07-20 10:08:00,54,NIFTY,STEALTH_BUILD_BULL,ON,MED,0.0088,"Stealth bullish build (puts build, spot flat)","{""dedupe_key"":""NIFTY|STEALTH_BUILD_BULL|ON|2026-07-20 10:08"",""threshold"":0.008,""value"":0.0088,""since_minute_bucket_ist"":"""",""last_updated_ist"":""2026-07-20 10:08:00""}"
2026-07-20 00:00:00,2026-07-20 10:09:00,55,NIFTY,FLOW_BULLISH_BUILD,OFF,HIGH,0.0108,Bullish build (premium-confirmed writing / support),"{""dedupe_key"":""NIFTY|FLOW_BULLISH_BUILD|OFF|2026-07-20 10:09"",""threshold"":0.005,""value"":0.0108,""since_minute_bucket_ist"":""2026-07-20 10:07"",""last_updated_ist"":""2026-07-20 10:09:00""}"
2026-07-20 00:00:00,2026-07-20 10:09:00,55,NIFTY,REGIME_TREND_DOWN,OFF,MED,0.0001,Trend DOWN (slope + direction),"{""dedupe_key"":""NIFTY|REGIME_TREND_DOWN|OFF|2026-07-20 10:09"",""threshold"":-0.0004,""value"":0.0001,""since_minute_bucket_ist"":""2026-07-20 10:08"",""last_updated_ist"":""2026-07-20 10:09:00""}"
2026-07-20 00:00:00,2026-07-20 10:09:00,55,NIFTY,REGIME_TRANSITION_UNCERTAIN,ON,LOW,1,Transition/uncertain regime,"{""dedupe_key"":""NIFTY|REGIME_TRANSITION_UNCERTAIN|ON|2026-07-20 10:09"",""threshold"":1,""value"":1,""since_minute_bucket_ist"":"""",""last_updated_ist"":""2026-07-20 10:09:00""}"
2026-07-20 00:00:00,2026-07-20 10:10:00,56,NIFTY,FLOW_BULLISH_BUILD,ON,HIGH,0.0062,Bullish build (premium-confirmed writing / support),"{""dedupe_key"":""NIFTY|FLOW_BULLISH_BUILD|ON|2026-07-20 10:10"",""threshold"":0.005,""value"":0.0062,""since_minute_bucket_ist"":"""",""last_updated_ist"":""2026-07-20 10:10:00""}"
2026-07-20 00:00:00,2026-07-20 10:10:00,56,NIFTY,PIN_BREAKOUT_SETUP,ON,MED,6.200000000000728,Pin breakout setup (wall touch + aligned flow),"{""dedupe_key"":""NIFTY|PIN_BREAKOUT_SETUP|ON|2026-07-20 10:10"",""threshold"":0,""value"":6.200000000000728,""since_minute_bucket_ist"":"""",""last_updated_ist"":""2026-07-20 10:10:00""}"
2026-07-20 00:00:00,2026-07-20 10:10:00,56,NIFTY,WALL_UNWIND_CONFIRM_UP,ON,MED,-0.0142,Call wall OI unwinding (5m),"{""dedupe_key"":""NIFTY|WALL_UNWIND_CONFIRM_UP|ON|2026-07-20 10:10"",""threshold"":-0.006,""value"":-0.0142,""since_minute_bucket_ist"":"""",""last_updated_ist"":""2026-07-20 10:10:00""}"
2026-07-20 00:00:00,2026-07-20 10:10:00,56,NIFTY,CHURN_COMMITTED,ON,MED,0.0003,Price move + aligned flow (committed),"{""dedupe_key"":""NIFTY|CHURN_COMMITTED|ON|2026-07-20 10:10"",""threshold"":0.0001,""value"":0.0003,""since_minute_bucket_ist"":"""",""last_updated_ist"":""2026-07-20 10:10:00""}"
2026-07-20 00:00:00,2026-07-20 10:10:00,56,NIFTY,STEALTH_BUILD_BULL,OFF,MED,0.0062,"Stealth bullish build (puts build, spot flat)","{""dedupe_key"":""NIFTY|STEALTH_BUILD_BULL|OFF|2026-07-20 10:10"",""threshold"":0.008,""value"":0.0062,""since_minute_bucket_ist"":""2026-07-20 10:08"",""last_updated_ist"":""2026-07-20 10:10:00""}"
2026-07-20 00:00:00,2026-07-20 10:10:00,56,NIFTY,WALL_PRESSURE_BREAK_SETUP,ON,MED,6.200000000000728,Pressure building into a wall (break setup),"{""dedupe_key"":""NIFTY|WALL_PRESSURE_BREAK_SETUP|ON|2026-07-20 10:10"",""threshold"":0,""value"":6.200000000000728,""since_minute_bucket_ist"":"""",""last_updated_ist"":""2026-07-20 10:10:00""}"
2026-07-20 00:00:00,2026-07-20 10:11:00,57,NIFTY,FLOW_BULLISH_BUILD,OFF,HIGH,0.0087,Bullish build (premium-confirmed writing / support),"{""dedupe_key"":""NIFTY|FLOW_BULLISH_BUILD|OFF|2026-07-20 10:11"",""threshold"":0.005,""value"":0.0087,""since_minute_bucket_ist"":""2026-07-20 10:10"",""last_updated_ist"":""2026-07-20 10:11:00""}"
2026-07-20 00:00:00,2026-07-20 10:11:00,57,NIFTY,PIN_BREAKOUT_SETUP,OFF,MED,5.200000000000728,Pin breakout setup (wall touch + aligned flow),"{""dedupe_key"":""NIFTY|PIN_BREAKOUT_SETUP|OFF|2026-07-20 10:11"",""threshold"":0,""value"":5.200000000000728,""since_minute_bucket_ist"":""2026-07-20 10:10"",""last_updated_ist"":""2026-07-20 10:11:00""}"
2026-07-20 00:00:00,2026-07-20 10:11:00,57,NIFTY,OPTION_MOMENTUM_CALL,ON,MED,3.35,ATM CALL momentum (ltp up + vol up),"{""dedupe_key"":""NIFTY|OPTION_MOMENTUM_CALL|ON|2026-07-20 10:11"",""threshold"":1.5,""value"":3.35,""since_minute_bucket_ist"":"""",""last_updated_ist"":""2026-07-20 10:11:00""}"
2026-07-20 00:00:00,2026-07-20 10:11:00,57,NIFTY,CHURN_COMMITTED,OFF,MED,0.0002,Price move + aligned flow (committed),"{""dedupe_key"":""NIFTY|CHURN_COMMITTED|OFF|2026-07-20 10:11"",""threshold"":0.0001,""value"":0.0002,""since_minute_bucket_ist"":""2026-07-20 10:10"",""last_updated_ist"":""2026-07-20 10:11:00""}"
2026-07-20 00:00:00,2026-07-20 10:11:00,57,NIFTY,STEALTH_BUILD_BULL,ON,MED,0.0087,"Stealth bullish build (puts build, spot flat)","{""dedupe_key"":""NIFTY|STEALTH_BUILD_BULL|ON|2026-07-20 10:11"",""threshold"":0.008,""value"":0.0087,""since_minute_bucket_ist"":"""",""last_updated_ist"":""2026-07-20 10:11:00""}"
2026-07-20 00:00:00,2026-07-20 10:11:00,57,NIFTY,WALL_PRESSURE_BREAK_SETUP,OFF,MED,5.200000000000728,Pressure building into a wall (break setup),"{""dedupe_key"":""NIFTY|WALL_PRESSURE_BREAK_SETUP|OFF|2026-07-20 10:11"",""threshold"":0,""value"":5.200000000000728,""since_minute_bucket_ist"":""2026-07-20 10:10"",""last_updated_ist"":""2026-07-20 10:11:00""}"
2026-07-20 00:00:00,2026-07-20 10:12:00,58,NIFTY,REGIME_TREND_UP,ON,MED,0.0005,Trend UP (slope + direction),"{""dedupe_key"":""NIFTY|REGIME_TREND_UP|ON|2026-07-20 10:12"",""threshold"":0.0004,""value"":0.0005,""since_minute_bucket_ist"":"""",""last_updated_ist"":""2026-07-20 10:12:00""}"
2026-07-20 00:00:00,2026-07-20 10:12:00,58,NIFTY,REGIME_TRANSITION_UNCERTAIN,OFF,LOW,1,Transition/uncertain regime,"{""dedupe_key"":""NIFTY|REGIME_TRANSITION_UNCERTAIN|OFF|2026-07-20 10:12"",""threshold"":1,""value"":1,""since_minute_bucket_ist"":""2026-07-20 10:09"",""last_updated_ist"":""2026-07-20 10:12:00""}"
2026-07-20 00:00:00,2026-07-20 10:12:00,58,NIFTY,EXP_RANGE_BREAKOUT_WATCH_UP,ON,MED,24212.7,Expected-range watch UP,"{""dedupe_key"":""NIFTY|EXP_RANGE_BREAKOUT_WATCH_UP|ON|2026-07-20 10:12"",""threshold"":24210.71,""value"":24212.7,""since_minute_bucket_ist"":"""",""last_updated_ist"":""2026-07-20 10:12:00""}"
2026-07-20 00:00:00,2026-07-20 10:12:00,58,NIFTY,STEALTH_BUILD_BULL,OFF,MED,-0.0031,"Stealth bullish build (puts build, spot flat)","{""dedupe_key"":""NIFTY|STEALTH_BUILD_BULL|OFF|2026-07-20 10:12"",""threshold"":0.008,""value"":-0.0031,""since_minute_bucket_ist"":""2026-07-20 10:11"",""last_updated_ist"":""2026-07-20 10:12:00""}"
2026-07-20 00:00:00,2026-07-20 10:13:00,59,NIFTY,FLOW_BULLISH_BUILD,ON,HIGH,0.004,Bullish build (premium-confirmed writing / support),"{""dedupe_key"":""NIFTY|FLOW_BULLISH_BUILD|ON|2026-07-20 10:13"",""threshold"":0.005,""value"":0.004,""since_minute_bucket_ist"":"""",""last_updated_ist"":""2026-07-20 10:13:00""}"
2026-07-20 00:00:00,2026-07-20 10:13:00,59,NIFTY,REGIME_TREND_UP,OFF,MED,0.0007,Trend UP (slope + direction),"{""dedupe_key"":""NIFTY|REGIME_TREND_UP|OFF|2026-07-20 10:13"",""threshold"":0.0004,""value"":0.0007,""since_minute_bucket_ist"":""2026-07-20 10:12"",""last_updated_ist"":""2026-07-20 10:13:00""}"
2026-07-20 00:00:00,2026-07-20 10:13:00,59,NIFTY,REGIME_BREAKOUT_UP,ON,HIGH,2,Breakout UP (held above call wall),"{""dedupe_key"":""NIFTY|REGIME_BREAKOUT_UP|ON|2026-07-20 10:13"",""threshold"":2,""value"":2,""since_minute_bucket_ist"":"""",""last_updated_ist"":""2026-07-20 10:13:00""}"
2026-07-20 00:00:00,2026-07-20 10:13:00,59,NIFTY,EXP_RANGE_BREAKOUT_WATCH_UP,OFF,MED,24210.9,Expected-range watch UP,"{""dedupe_key"":""NIFTY|EXP_RANGE_BREAKOUT_WATCH_UP|OFF|2026-07-20 10:13"",""threshold"":24211.42,""value"":24210.9,""since_minute_bucket_ist"":""2026-07-20 10:12"",""last_updated_ist"":""2026-07-20 10:13:00""}"
2026-07-20 00:00:00,2026-07-20 10:13:00,59,NIFTY,OPTION_MOMENTUM_CALL,OFF,MED,1.05,ATM CALL momentum (ltp up + vol up),"{""dedupe_key"":""NIFTY|OPTION_MOMENTUM_CALL|OFF|2026-07-20 10:13"",""threshold"":1.5,""value"":1.05,""since_minute_bucket_ist"":""2026-07-20 10:11"",""last_updated_ist"":""2026-07-20 10:13:00""}"
2026-07-20 00:00:00,2026-07-20 10:14:00,60,NIFTY,FLOW_BULLISH_BUILD,OFF,HIGH,0,Bullish build (premium-confirmed writing / support),"{""dedupe_key"":""NIFTY|FLOW_BULLISH_BUILD|OFF|2026-07-20 10:14"",""threshold"":0.005,""value"":0,""since_minute_bucket_ist"":""2026-07-20 10:13"",""last_updated_ist"":""2026-07-20 10:14:00""}"
2026-07-20 00:00:00,2026-07-20 10:14:00,60,NIFTY,REGIME_TREND_UP,ON,MED,0.0006,Trend UP (slope + direction),"{""dedupe_key"":""NIFTY|REGIME_TREND_UP|ON|2026-07-20 10:14"",""threshold"":0.0004,""value"":0.0006,""since_minute_bucket_ist"":"""",""last_updated_ist"":""2026-07-20 10:14:00""}"
2026-07-20 00:00:00,2026-07-20 10:14:00,60,NIFTY,VOL_CONTRACTION,OFF,LOW,-0.002,Volatility contracting (straddle down),"{""dedupe_key"":""NIFTY|VOL_CONTRACTION|OFF|2026-07-20 10:14"",""threshold"":-0.03,""value"":-0.002,""since_minute_bucket_ist"":""2026-07-20 10:07"",""last_updated_ist"":""2026-07-20 10:14:00""}"
2026-07-20 00:00:00,2026-07-20 10:15:00,61,NIFTY,REGIME_TREND_UP,OFF,MED,0.0004,Trend UP (slope + direction),"{""dedupe_key"":""NIFTY|REGIME_TREND_UP|OFF|2026-07-20 10:15"",""threshold"":0.0004,""value"":0.0004,""since_minute_bucket_ist"":""2026-07-20 10:14"",""last_updated_ist"":""2026-07-20 10:15:00""}"
2026-07-20 00:00:00,2026-07-20 10:15:00,61,NIFTY,VOL_CONTRACTION,ON,LOW,-0.002,Volatility contracting (straddle down),"{""dedupe_key"":""NIFTY|VOL_CONTRACTION|ON|2026-07-20 10:15"",""threshold"":-0.03,""value"":-0.002,""since_minute_bucket_ist"":"""",""last_updated_ist"":""2026-07-20 10:15:00""}"
2026-07-20 00:00:00,2026-07-20 10:16:00,62,NIFTY,EXP_RANGE_BREAKOUT_WATCH_UP,ON,MED,24215.65,Expected-range watch UP,"{""dedupe_key"":""NIFTY|EXP_RANGE_BREAKOUT_WATCH_UP|ON|2026-07-20 10:16"",""threshold"":24215.06,""value"":24215.65,""since_minute_bucket_ist"":"""",""last_updated_ist"":""2026-07-20 10:16:00""}"
2026-07-20 00:00:00,2026-07-20 10:17:00,63,NIFTY,REGIME_TREND_UP,ON,MED,0.0007,Trend UP (slope + direction),"{""dedupe_key"":""NIFTY|REGIME_TREND_UP|ON|2026-07-20 10:17"",""threshold"":0.0004,""value"":0.0007,""since_minute_bucket_ist"":"""",""last_updated_ist"":""2026-07-20 10:17:00""}"
2026-07-20 00:00:00,2026-07-20 10:17:00,63,NIFTY,REGIME_BREAKOUT_UP,OFF,HIGH,0,Breakout UP (held above call wall),"{""dedupe_key"":""NIFTY|REGIME_BREAKOUT_UP|OFF|2026-07-20 10:17"",""threshold"":2,""value"":0,""since_minute_bucket_ist"":""2026-07-20 10:13"",""last_updated_ist"":""2026-07-20 10:17:00""}"
2026-07-20 00:00:00,2026-07-20 10:17:00,63,NIFTY,EXP_RANGE_BREAKOUT_CONFIRMED_UP,ON,HIGH,2,Expected-range breakout CONFIRMED UP,"{""dedupe_key"":""NIFTY|EXP_RANGE_BREAKOUT_CONFIRMED_UP|ON|2026-07-20 10:17"",""threshold"":2,""value"":2,""since_minute_bucket_ist"":"""",""last_updated_ist"":""2026-07-20 10:17:00""}"
2026-07-20 00:00:00,2026-07-20 10:17:00,63,NIFTY,VOL_EXPANSION,ON,MED,0.0205,Volatility expanding (straddle up),"{""dedupe_key"":""NIFTY|VOL_EXPANSION|ON|2026-07-20 10:17"",""threshold"":0.02,""value"":0.0205,""since_minute_bucket_ist"":"""",""last_updated_ist"":""2026-07-20 10:17:00""}"
2026-07-20 00:00:00,2026-07-20 10:17:00,63,NIFTY,VOL_CONTRACTION,OFF,LOW,0.0205,Volatility contracting (straddle down),"{""dedupe_key"":""NIFTY|VOL_CONTRACTION|OFF|2026-07-20 10:17"",""threshold"":-0.03,""value"":0.0205,""since_minute_bucket_ist"":""2026-07-20 10:15"",""last_updated_ist"":""2026-07-20 10:17:00""}"
2026-07-20 00:00:00,2026-07-20 10:17:00,63,NIFTY,OPTION_MOMENTUM_CALL,ON,MED,3.35,ATM CALL momentum (ltp up + vol up),"{""dedupe_key"":""NIFTY|OPTION_MOMENTUM_CALL|ON|2026-07-20 10:17"",""threshold"":1.5,""value"":3.35,""since_minute_bucket_ist"":"""",""last_updated_ist"":""2026-07-20 10:17:00""}"
2026-07-20 00:00:00,2026-07-20 10:17:00,63,NIFTY,WALL_UNWIND_CONFIRM_UP,OFF,MED,0,Call wall OI unwinding (5m),"{""dedupe_key"":""NIFTY|WALL_UNWIND_CONFIRM_UP|OFF|2026-07-20 10:17"",""threshold"":-0.006,""value"":0,""since_minute_bucket_ist"":""2026-07-20 10:10"",""last_updated_ist"":""2026-07-20 10:17:00""}"
2026-07-20 00:00:00,2026-07-20 10:17:00,63,NIFTY,WALL_SHIFT_REGIME,ON,MED,1,Wall strike shifted materially (>= 1 step),"{""dedupe_key"":""NIFTY|WALL_SHIFT_REGIME|ON|2026-07-20 10:17"",""threshold"":1,""value"":1,""since_minute_bucket_ist"":"""",""last_updated_ist"":""2026-07-20 10:17:00""}"
2026-07-20 00:00:00,2026-07-20 10:18:00,64,NIFTY,FLOW_BULLISH_BUILD,ON,HIGH,0.0025,Bullish build (premium-confirmed writing / support),"{""dedupe_key"":""NIFTY|FLOW_BULLISH_BUILD|ON|2026-07-20 10:18"",""threshold"":0.005,""value"":0.0025,""since_minute_bucket_ist"":"""",""last_updated_ist"":""2026-07-20 10:18:00""}"
2026-07-20 00:00:00,2026-07-20 10:18:00,64,NIFTY,WALL_SHIFT_REGIME,OFF,MED,1,Wall strike shifted materially (>= 1 step),"{""dedupe_key"":""NIFTY|WALL_SHIFT_REGIME|OFF|2026-07-20 10:18"",""threshold"":1,""value"":1,""since_minute_bucket_ist"":""2026-07-20 10:17"",""last_updated_ist"":""2026-07-20 10:18:00""}"
2026-07-20 00:00:00,2026-07-20 10:18:00,64,NIFTY,FOMO_BREAKOUT,ON,HIGH,1,FOMO breakout: breakout UP + bullish flow + vol expansion,"{""dedupe_key"":""NIFTY|FOMO_BREAKOUT|ON|2026-07-20 10:18"",""threshold"":1,""value"":1,""since_minute_bucket_ist"":"""",""last_updated_ist"":""2026-07-20 10:18:00""}"
2026-07-20 00:00:00,2026-07-20 10:19:00,65,NIFTY,TRADE_LIMIT_REACHED,ON,MED,3,Cooldown active (2m),"{""dedupe_key"":""NIFTY|TRADE_LIMIT_REACHED|ON|2026-07-20 10:19"",""threshold"":500,""value"":3,""since_minute_bucket_ist"":"""",""last_updated_ist"":""2026-07-20 10:19:00""}"
2026-07-20 00:00:00,2026-07-20 10:19:00,65,NIFTY,FLOW_BULLISH_BUILD,OFF,HIGH,0,Bullish build (premium-confirmed writing / support),"{""dedupe_key"":""NIFTY|FLOW_BULLISH_BUILD|OFF|2026-07-20 10:19"",""threshold"":0.005,""value"":0,""since_minute_bucket_ist"":""2026-07-20 10:18"",""last_updated_ist"":""2026-07-20 10:19:00""}"
2026-07-20 00:00:00,2026-07-20 10:19:00,65,NIFTY,REGIME_TREND_UP,OFF,MED,0.0008,Trend UP (slope + direction),"{""dedupe_key"":""NIFTY|REGIME_TREND_UP|OFF|2026-07-20 10:19"",""threshold"":0.0004,""value"":0.0008,""since_minute_bucket_ist"":""2026-07-20 10:17"",""last_updated_ist"":""2026-07-20 10:19:00""}"
2026-07-20 00:00:00,2026-07-20 10:19:00,65,NIFTY,REGIME_TRANSITION_UNCERTAIN,ON,LOW,1,Transition/uncertain regime,"{""dedupe_key"":""NIFTY|REGIME_TRANSITION_UNCERTAIN|ON|2026-07-20 10:19"",""threshold"":1,""value"":1,""since_minute_bucket_ist"":"""",""last_updated_ist"":""2026-07-20 10:19:00""}"
2026-07-20 00:00:00,2026-07-20 10:19:00,65,NIFTY,OPTION_MOMENTUM_CALL,OFF,MED,-0.15,ATM CALL momentum (ltp up + vol up),"{""dedupe_key"":""NIFTY|OPTION_MOMENTUM_CALL|OFF|2026-07-20 10:19"",""threshold"":1.5,""value"":-0.15,""since_minute_bucket_ist"":""2026-07-20 10:17"",""last_updated_ist"":""2026-07-20 10:19:00""}"
2026-07-20 00:00:00,2026-07-20 10:19:00,65,NIFTY,FOMO_BREAKOUT,OFF,HIGH,1,FOMO breakout: breakout UP + bullish flow + vol expansion,"{""dedupe_key"":""NIFTY|FOMO_BREAKOUT|OFF|2026-07-20 10:19"",""threshold"":1,""value"":1,""since_minute_bucket_ist"":""2026-07-20 10:18"",""last_updated_ist"":""2026-07-20 10:19:00""}"
2026-07-20 00:00:00,2026-07-20 10:20:00,66,NIFTY,EXP_RANGE_BREAKOUT_WATCH_UP,OFF,MED,24227.5,Expected-range watch UP,"{""dedupe_key"":""NIFTY|EXP_RANGE_BREAKOUT_WATCH_UP|OFF|2026-07-20 10:20"",""threshold"":24230.07,""value"":24227.5,""since_minute_bucket_ist"":""2026-07-20 10:16"",""last_updated_ist"":""2026-07-20 10:20:00""}"
2026-07-20 00:00:00,2026-07-20 10:20:00,66,NIFTY,EXP_RANGE_BREAKOUT_CONFIRMED_UP,OFF,HIGH,0,Expected-range breakout CONFIRMED UP,"{""dedupe_key"":""NIFTY|EXP_RANGE_BREAKOUT_CONFIRMED_UP|OFF|2026-07-20 10:20"",""threshold"":2,""value"":0,""since_minute_bucket_ist"":""2026-07-20 10:17"",""last_updated_ist"":""2026-07-20 10:20:00""}"
2026-07-20 00:00:00,2026-07-20 10:20:00,66,NIFTY,VOL_EXPANSION,OFF,MED,0.0127,Volatility expanding (straddle up),"{""dedupe_key"":""NIFTY|VOL_EXPANSION|OFF|2026-07-20 10:20"",""threshold"":0.02,""value"":0.0127,""since_minute_bucket_ist"":""2026-07-20 10:17"",""last_updated_ist"":""2026-07-20 10:20:00""}"
2026-07-20 00:00:00,2026-07-20 10:20:00,66,NIFTY,OPTION_MOMENTUM_PUT,ON,MED,1.65,ATM PUT momentum (ltp up + vol up),"{""dedupe_key"":""NIFTY|OPTION_MOMENTUM_PUT|ON|2026-07-20 10:20"",""threshold"":1.5,""value"":1.65,""since_minute_bucket_ist"":"""",""last_updated_ist"":""2026-07-20 10:20:00""}"
2026-07-20 00:00:00,2026-07-20 10:20:00,66,NIFTY,CHURN_CHOP,ON,LOW,0.0457,High OI churn while price flat (chop),"{""dedupe_key"":""NIFTY|CHURN_CHOP|ON|2026-07-20 10:20"",""threshold"":0.04,""value"":0.0457,""since_minute_bucket_ist"":"""",""last_updated_ist"":""2026-07-20 10:20:00""}"
2026-07-20 00:00:00,2026-07-20 10:20:00,66,NIFTY,TAIL_RISK_SKEW_LOW,OFF,LOW,0.57,Tail-risk skew low (PCR_COI low),"{""dedupe_key"":""NIFTY|TAIL_RISK_SKEW_LOW|OFF|2026-07-20 10:20"",""threshold"":0.55,""value"":0.57,""since_minute_bucket_ist"":""2026-07-20 09:16"",""last_updated_ist"":""2026-07-20 10:20:00""}"
2026-07-20 00:00:00,2026-07-20 10:20:00,66,NIFTY,STEALTH_BUILD_BULL,ON,MED,0.0117,"Stealth bullish build (puts build, spot flat)","{""dedupe_key"":""NIFTY|STEALTH_BUILD_BULL|ON|2026-07-20 10:20"",""threshold"":0.008,""value"":0.0117,""since_minute_bucket_ist"":"""",""last_updated_ist"":""2026-07-20 10:20:00""}"
2026-07-20 00:00:00,2026-07-20 10:21:00,67,NIFTY,TRADE_LIMIT_REACHED,OFF,MED,3,Cooldown active (2m),"{""dedupe_key"":""NIFTY|TRADE_LIMIT_REACHED|OFF|2026-07-20 10:21"",""threshold"":500,""value"":3,""since_minute_bucket_ist"":""2026-07-20 10:19"",""last_updated_ist"":""2026-07-20 10:21:00""}"
2026-07-20 00:00:00,2026-07-20 10:21:00,67,NIFTY,VOL_CONTRACTION,ON,LOW,-0.0262,Volatility contracting (straddle down),"{""dedupe_key"":""NIFTY|VOL_CONTRACTION|ON|2026-07-20 10:21"",""threshold"":-0.03,""value"":-0.0262,""since_minute_bucket_ist"":"""",""last_updated_ist"":""2026-07-20 10:21:00""}"
2026-07-20 00:00:00,2026-07-20 10:21:00,67,NIFTY,WALL_UNWIND_CONFIRM_UP,ON,MED,-0.0998,Call wall OI unwinding (5m),"{""dedupe_key"":""NIFTY|WALL_UNWIND_CONFIRM_UP|ON|2026-07-20 10:21"",""threshold"":-0.006,""value"":-0.0998,""since_minute_bucket_ist"":"""",""last_updated_ist"":""2026-07-20 10:21:00""}"
2026-07-20 00:00:00,2026-07-20 10:21:00,67,NIFTY,CHURN_CHOP,OFF,LOW,0.015,High OI churn while price flat (chop),"{""dedupe_key"":""NIFTY|CHURN_CHOP|OFF|2026-07-20 10:21"",""threshold"":0.04,""value"":0.015,""since_minute_bucket_ist"":""2026-07-20 10:20"",""last_updated_ist"":""2026-07-20 10:21:00""}"
2026-07-20 00:00:00,2026-07-20 10:21:00,67,NIFTY,WALL_SHIFT_REGIME,ON,MED,1,Wall strike shifted materially (>= 1 step),"{""dedupe_key"":""NIFTY|WALL_SHIFT_REGIME|ON|2026-07-20 10:21"",""threshold"":1,""value"":1,""since_minute_bucket_ist"":"""",""last_updated_ist"":""2026-07-20 10:21:00""}"
2026-07-20 00:00:00,2026-07-20 10:22:00,68,NIFTY,REGIME_BREAKOUT_UP,ON,HIGH,2,Breakout UP (held above call wall),"{""dedupe_key"":""NIFTY|REGIME_BREAKOUT_UP|ON|2026-07-20 10:22"",""threshold"":2,""value"":2,""since_minute_bucket_ist"":"""",""last_updated_ist"":""2026-07-20 10:22:00""}"
2026-07-20 00:00:00,2026-07-20 10:22:00,68,NIFTY,REGIME_TRANSITION_UNCERTAIN,OFF,LOW,1,Transition/uncertain regime,"{""dedupe_key"":""NIFTY|REGIME_TRANSITION_UNCERTAIN|OFF|2026-07-20 10:22"",""threshold"":1,""value"":1,""since_minute_bucket_ist"":""2026-07-20 10:19"",""last_updated_ist"":""2026-07-20 10:22:00""}"
2026-07-20 00:00:00,2026-07-20 10:22:00,68,NIFTY,OPTION_MOMENTUM_PUT,OFF,MED,0,ATM PUT momentum (ltp up + vol up),"{""dedupe_key"":""NIFTY|OPTION_MOMENTUM_PUT|OFF|2026-07-20 10:22"",""threshold"":1.5,""value"":0,""since_minute_bucket_ist"":""2026-07-20 10:20"",""last_updated_ist"":""2026-07-20 10:22:00""}"
2026-07-20 00:00:00,2026-07-20 10:22:00,68,NIFTY,WALL_UNWIND_CONFIRM_UP,OFF,MED,0,Call wall OI unwinding (5m),"{""dedupe_key"":""NIFTY|WALL_UNWIND_CONFIRM_UP|OFF|2026-07-20 10:22"",""threshold"":-0.006,""value"":0,""since_minute_bucket_ist"":""2026-07-20 10:21"",""last_updated_ist"":""2026-07-20 10:22:00""}"
2026-07-20 00:00:00,2026-07-20 10:22:00,68,NIFTY,STEALTH_BUILD_BULL,OFF,MED,0,"Stealth bullish build (puts build, spot flat)","{""dedupe_key"":""NIFTY|STEALTH_BUILD_BULL|OFF|2026-07-20 10:22"",""threshold"":0.008,""value"":0,""since_minute_bucket_ist"":""2026-07-20 10:20"",""last_updated_ist"":""2026-07-20 10:22:00""}"
2026-07-20 00:00:00,2026-07-20 10:22:00,68,NIFTY,WALL_SHIFT_REGIME,OFF,MED,1,Wall strike shifted materially (>= 1 step),"{""dedupe_key"":""NIFTY|WALL_SHIFT_REGIME|OFF|2026-07-20 10:22"",""threshold"":1,""value"":1,""since_minute_bucket_ist"":""2026-07-20 10:21"",""last_updated_ist"":""2026-07-20 10:22:00""}"
2026-07-20 00:00:00,2026-07-20 10:23:00,69,NIFTY,REGIME_TREND_DOWN,ON,MED,-0.0004,Trend DOWN (slope + direction),"{""dedupe_key"":""NIFTY|REGIME_TREND_DOWN|ON|2026-07-20 10:23"",""threshold"":-0.0004,""value"":-0.0004,""since_minute_bucket_ist"":"""",""last_updated_ist"":""2026-07-20 10:23:00""}"
2026-07-20 00:00:00,2026-07-20 10:23:00,69,NIFTY,VOL_CONTRACTION,OFF,LOW,-0.023,Volatility contracting (straddle down),"{""dedupe_key"":""NIFTY|VOL_CONTRACTION|OFF|2026-07-20 10:23"",""threshold"":-0.03,""value"":-0.023,""since_minute_bucket_ist"":""2026-07-20 10:21"",""last_updated_ist"":""2026-07-20 10:23:00""}"
2026-07-20 00:00:00,2026-07-20 10:24:00,70,NIFTY,VOL_CONTRACTION,ON,LOW,-0.0223,Volatility contracting (straddle down),"{""dedupe_key"":""NIFTY|VOL_CONTRACTION|ON|2026-07-20 10:24"",""threshold"":-0.03,""value"":-0.0223,""since_minute_bucket_ist"":"""",""last_updated_ist"":""2026-07-20 10:24:00""}"
2026-07-20 00:00:00,2026-07-20 10:24:00,70,NIFTY,OPTION_MOMENTUM_PUT,ON,MED,3.7,ATM PUT momentum (ltp up + vol up),"{""dedupe_key"":""NIFTY|OPTION_MOMENTUM_PUT|ON|2026-07-20 10:24"",""threshold"":1.5,""value"":3.7,""since_minute_bucket_ist"":"""",""last_updated_ist"":""2026-07-20 10:24:00""}"
2026-07-20 00:00:00,2026-07-20 10:24:00,70,NIFTY,STEALTH_BUILD_BULL,ON,MED,0.0175,"Stealth bullish build (puts build, spot flat)","{""dedupe_key"":""NIFTY|STEALTH_BUILD_BULL|ON|2026-07-20 10:24"",""threshold"":0.008,""value"":0.0175,""since_minute_bucket_ist"":"""",""last_updated_ist"":""2026-07-20 10:24:00""}"
2026-07-20 00:00:00,2026-07-20 10:25:00,71,NIFTY,TRADE_LIMIT_REACHED,ON,MED,3,Cooldown active (2m),"{""dedupe_key"":""NIFTY|TRADE_LIMIT_REACHED|ON|2026-07-20 10:25"",""threshold"":500,""value"":3,""since_minute_bucket_ist"":"""",""last_updated_ist"":""2026-07-20 10:25:00""}"
2026-07-20 00:00:00,2026-07-20 10:25:00,71,NIFTY,REGIME_TREND_DOWN,OFF,MED,-0.0005,Trend DOWN (slope + direction),"{""dedupe_key"":""NIFTY|REGIME_TREND_DOWN|OFF|2026-07-20 10:25"",""threshold"":-0.0004,""value"":-0.0005,""since_minute_bucket_ist"":""2026-07-20 10:23"",""last_updated_ist"":""2026-07-20 10:25:00""}"
2026-07-20 00:00:00,2026-07-20 10:25:00,71,NIFTY,OPTION_MOMENTUM_PUT,OFF,MED,3.05,ATM PUT momentum (ltp up + vol up),"{""dedupe_key"":""NIFTY|OPTION_MOMENTUM_PUT|OFF|2026-07-20 10:25"",""threshold"":1.5,""value"":3.05,""since_minute_bucket_ist"":""2026-07-20 10:24"",""last_updated_ist"":""2026-07-20 10:25:00""}"
2026-07-20 00:00:00,2026-07-20 10:25:00,71,NIFTY,STEALTH_BUILD_BULL,OFF,MED,0.0034,"Stealth bullish build (puts build, spot flat)","{""dedupe_key"":""NIFTY|STEALTH_BUILD_BULL|OFF|2026-07-20 10:25"",""threshold"":0.008,""value"":0.0034,""since_minute_bucket_ist"":""2026-07-20 10:24"",""last_updated_ist"":""2026-07-20 10:25:00""}"
2026-07-20 00:00:00,2026-07-20 10:26:00,72,NIFTY,FLOW_BOTH_BUILDING,ON,MED,0.0061,Both sides building (straddle build) → higher chop risk,"{""dedupe_key"":""NIFTY|FLOW_BOTH_BUILDING|ON|2026-07-20 10:26"",""threshold"":0.005,""value"":0.0061,""since_minute_bucket_ist"":"""",""last_updated_ist"":""2026-07-20 10:26:00""}"
2026-07-20 00:00:00,2026-07-20 10:26:00,72,NIFTY,VOL_CONTRACTION,OFF,LOW,-0.0051,Volatility contracting (straddle down),"{""dedupe_key"":""NIFTY|VOL_CONTRACTION|OFF|2026-07-20 10:26"",""threshold"":-0.03,""value"":-0.0051,""since_minute_bucket_ist"":""2026-07-20 10:24"",""last_updated_ist"":""2026-07-20 10:26:00""}"
2026-07-20 00:00:00,2026-07-20 10:26:00,72,NIFTY,OPTION_MOMENTUM_CALL,ON,MED,2.45,ATM CALL momentum (ltp up + vol up),"{""dedupe_key"":""NIFTY|OPTION_MOMENTUM_CALL|ON|2026-07-20 10:26"",""threshold"":1.5,""value"":2.45,""since_minute_bucket_ist"":"""",""last_updated_ist"":""2026-07-20 10:26:00""}"
2026-07-20 00:00:00,2026-07-20 10:27:00,73,NIFTY,TRADE_LIMIT_REACHED,OFF,MED,3,Cooldown active (2m),"{""dedupe_key"":""NIFTY|TRADE_LIMIT_REACHED|OFF|2026-07-20 10:27"",""threshold"":500,""value"":3,""since_minute_bucket_ist"":""2026-07-20 10:25"",""last_updated_ist"":""2026-07-20 10:27:00""}"
2026-07-20 00:00:00,2026-07-20 10:27:00,73,NIFTY,FLOW_BOTH_BUILDING,OFF,MED,0.0015,Both sides building (straddle build) → higher chop risk,"{""dedupe_key"":""NIFTY|FLOW_BOTH_BUILDING|OFF|2026-07-20 10:27"",""threshold"":0.005,""value"":0.0015,""since_minute_bucket_ist"":""2026-07-20 10:26"",""last_updated_ist"":""2026-07-20 10:27:00""}"
2026-07-20 00:00:00,2026-07-20 10:28:00,74,NIFTY,FLOW_BEARISH_BUILD,ON,HIGH,0.0058,Bearish build (premium-confirmed writing / resistance),"{""dedupe_key"":""NIFTY|FLOW_BEARISH_BUILD|ON|2026-07-20 10:28"",""threshold"":0.005,""value"":0.0058,""since_minute_bucket_ist"":"""",""last_updated_ist"":""2026-07-20 10:28:00""}"
2026-07-20 00:00:00,2026-07-20 10:28:00,74,NIFTY,REGIME_BREAKOUT_UP,OFF,HIGH,0,Breakout UP (held above call wall),"{""dedupe_key"":""NIFTY|REGIME_BREAKOUT_UP|OFF|2026-07-20 10:28"",""threshold"":2,""value"":0,""since_minute_bucket_ist"":""2026-07-20 10:22"",""last_updated_ist"":""2026-07-20 10:28:00""}"
2026-07-20 00:00:00,2026-07-20 10:28:00,74,NIFTY,REGIME_TRANSITION_UNCERTAIN,ON,LOW,1,Transition/uncertain regime,"{""dedupe_key"":""NIFTY|REGIME_TRANSITION_UNCERTAIN|ON|2026-07-20 10:28"",""threshold"":1,""value"":1,""since_minute_bucket_ist"":"""",""last_updated_ist"":""2026-07-20 10:28:00""}"
2026-07-20 00:00:00,2026-07-20 10:28:00,74,NIFTY,VOL_EXPANSION,ON,MED,0.0268,Volatility expanding (straddle up),"{""dedupe_key"":""NIFTY|VOL_EXPANSION|ON|2026-07-20 10:28"",""threshold"":0.02,""value"":0.0268,""since_minute_bucket_ist"":"""",""last_updated_ist"":""2026-07-20 10:28:00""}"
2026-07-20 00:00:00,2026-07-20 10:28:00,74,NIFTY,OPTION_MOMENTUM_CALL,OFF,MED,-0.8,ATM CALL momentum (ltp up + vol up),"{""dedupe_key"":""NIFTY|OPTION_MOMENTUM_CALL|OFF|2026-07-20 10:28"",""threshold"":1.5,""value"":-0.8,""since_minute_bucket_ist"":""2026-07-20 10:26"",""last_updated_ist"":""2026-07-20 10:28:00""}"
2026-07-20 00:00:00,2026-07-20 10:28:00,74,NIFTY,WALL_SHIFT_REGIME,ON,MED,1,Wall strike shifted materially (>= 1 step),"{""dedupe_key"":""NIFTY|WALL_SHIFT_REGIME|ON|2026-07-20 10:28"",""threshold"":1,""value"":1,""since_minute_bucket_ist"":"""",""last_updated_ist"":""2026-07-20 10:28:00""}"
2026-07-20 00:00:00,2026-07-20 10:28:00,74,NIFTY,BULL_TRAP,ON,HIGH,1,Bull trap: failed upside breakout + bearish flow,"{""dedupe_key"":""NIFTY|BULL_TRAP|ON|2026-07-20 10:28"",""threshold"":1,""value"":1,""since_minute_bucket_ist"":"""",""last_updated_ist"":""2026-07-20 10:28:00""}"
2026-07-20 00:00:00,2026-07-20 10:29:00,75,NIFTY,FLOW_BOTH_BUILDING,ON,MED,0.0055,Both sides building (straddle build) → higher chop risk,"{""dedupe_key"":""NIFTY|FLOW_BOTH_BUILDING|ON|2026-07-20 10:29"",""threshold"":0.005,""value"":0.0055,""since_minute_bucket_ist"":"""",""last_updated_ist"":""2026-07-20 10:29:00""}"
2026-07-20 00:00:00,2026-07-20 10:29:00,75,NIFTY,FLOW_BEARISH_BUILD,OFF,HIGH,0.0069,Bearish build (premium-confirmed writing / resistance),"{""dedupe_key"":""NIFTY|FLOW_BEARISH_BUILD|OFF|2026-07-20 10:29"",""threshold"":0.005,""value"":0.0069,""since_minute_bucket_ist"":""2026-07-20 10:28"",""last_updated_ist"":""2026-07-20 10:29:00""}"
2026-07-20 00:00:00,2026-07-20 10:29:00,75,NIFTY,OPTION_MOMENTUM_CALL,ON,MED,2.05,ATM CALL momentum (ltp up + vol up),"{""dedupe_key"":""NIFTY|OPTION_MOMENTUM_CALL|ON|2026-07-20 10:29"",""threshold"":1.5,""value"":2.05,""since_minute_bucket_ist"":"""",""last_updated_ist"":""2026-07-20 10:29:00""}"
2026-07-20 00:00:00,2026-07-20 10:29:00,75,NIFTY,WALL_SHIFT_REGIME,OFF,MED,1,Wall strike shifted materially (>= 1 step),"{""dedupe_key"":""NIFTY|WALL_SHIFT_REGIME|OFF|2026-07-20 10:29"",""threshold"":1,""value"":1,""since_minute_bucket_ist"":""2026-07-20 10:28"",""last_updated_ist"":""2026-07-20 10:29:00""}"
2026-07-20 00:00:00,2026-07-20 10:29:00,75,NIFTY,BULL_TRAP,OFF,HIGH,1,Bull trap: failed upside breakout + bearish flow,"{""dedupe_key"":""NIFTY|BULL_TRAP|OFF|2026-07-20 10:29"",""threshold"":1,""value"":1,""since_minute_bucket_ist"":""2026-07-20 10:28"",""last_updated_ist"":""2026-07-20 10:29:00""}"
2026-07-20 00:00:00,2026-07-20 10:30:00,76,NIFTY,FLOW_BOTH_BUILDING,OFF,MED,0.0032,Both sides building (straddle build) → higher chop risk,"{""dedupe_key"":""NIFTY|FLOW_BOTH_BUILDING|OFF|2026-07-20 10:30"",""threshold"":0.005,""value"":0.0032,""since_minute_bucket_ist"":""2026-07-20 10:29"",""last_updated_ist"":""2026-07-20 10:30:00""}"
2026-07-20 00:00:00,2026-07-20 10:30:00,76,NIFTY,REGIME_TREND_UP,ON,MED,0.0007,Trend UP (slope + direction),"{""dedupe_key"":""NIFTY|REGIME_TREND_UP|ON|2026-07-20 10:30"",""threshold"":0.0004,""value"":0.0007,""since_minute_bucket_ist"":"""",""last_updated_ist"":""2026-07-20 10:30:00""}"
2026-07-20 00:00:00,2026-07-20 10:30:00,76,NIFTY,REGIME_TRANSITION_UNCERTAIN,OFF,LOW,1,Transition/uncertain regime,"{""dedupe_key"":""NIFTY|REGIME_TRANSITION_UNCERTAIN|OFF|2026-07-20 10:30"",""threshold"":1,""value"":1,""since_minute_bucket_ist"":""2026-07-20 10:28"",""last_updated_ist"":""2026-07-20 10:30:00""}"
2026-07-20 00:00:00,2026-07-20 10:30:00,76,NIFTY,EXP_RANGE_BREAKOUT_WATCH_UP,ON,MED,24231,Expected-range watch UP,"{""dedupe_key"":""NIFTY|EXP_RANGE_BREAKOUT_WATCH_UP|ON|2026-07-20 10:30"",""threshold"":24230.96,""value"":24231,""since_minute_bucket_ist"":"""",""last_updated_ist"":""2026-07-20 10:30:00""}"
2026-07-20 00:00:00,2026-07-20 10:30:00,76,NIFTY,VOL_EXPANSION,OFF,MED,0.0156,Volatility expanding (straddle up),"{""dedupe_key"":""NIFTY|VOL_EXPANSION|OFF|2026-07-20 10:30"",""threshold"":0.02,""value"":0.0156,""since_minute_bucket_ist"":""2026-07-20 10:28"",""last_updated_ist"":""2026-07-20 10:30:00""}"
2026-07-20 00:00:00,2026-07-20 10:30:00,76,NIFTY,OPTION_MOMENTUM_CALL,OFF,MED,0.4,ATM CALL momentum (ltp up + vol up),"{""dedupe_key"":""NIFTY|OPTION_MOMENTUM_CALL|OFF|2026-07-20 10:30"",""threshold"":1.5,""value"":0.4,""since_minute_bucket_ist"":""2026-07-20 10:29"",""last_updated_ist"":""2026-07-20 10:30:00""}"
2026-07-20 00:00:00,2026-07-20 10:31:00,77,NIFTY,FLOW_BULLISH_BUILD,ON,HIGH,0.0068,Bullish build (premium-confirmed writing / support),"{""dedupe_key"":""NIFTY|FLOW_BULLISH_BUILD|ON|2026-07-20 10:31"",""threshold"":0.005,""value"":0.0068,""since_minute_bucket_ist"":"""",""last_updated_ist"":""2026-07-20 10:31:00""}"
2026-07-20 00:00:00,2026-07-20 10:31:00,77,NIFTY,EXP_RANGE_BREAKOUT_CONFIRMED_UP,ON,HIGH,2,Expected-range breakout CONFIRMED UP,"{""dedupe_key"":""NIFTY|EXP_RANGE_BREAKOUT_CONFIRMED_UP|ON|2026-07-20 10:31"",""threshold"":2,""value"":2,""since_minute_bucket_ist"":"""",""last_updated_ist"":""2026-07-20 10:31:00""}"
2026-07-20 00:00:00,2026-07-20 10:31:00,77,NIFTY,CHURN_COMMITTED,ON,MED,0.0002,Price move + aligned flow (committed),"{""dedupe_key"":""NIFTY|CHURN_COMMITTED|ON|2026-07-20 10:31"",""threshold"":0.0001,""value"":0.0002,""since_minute_bucket_ist"":"""",""last_updated_ist"":""2026-07-20 10:31:00""}"
2026-07-20 00:00:00,2026-07-20 10:32:00,78,NIFTY,FLOW_BULLISH_BUILD,OFF,HIGH,0.0072,Bullish build (premium-confirmed writing / support),"{""dedupe_key"":""NIFTY|FLOW_BULLISH_BUILD|OFF|2026-07-20 10:32"",""threshold"":0.005,""value"":0.0072,""since_minute_bucket_ist"":""2026-07-20 10:31"",""last_updated_ist"":""2026-07-20 10:32:00""}"
2026-07-20 00:00:00,2026-07-20 10:32:00,78,NIFTY,REGIME_TREND_UP,OFF,MED,0.0004,Trend UP (slope + direction),"{""dedupe_key"":""NIFTY|REGIME_TREND_UP|OFF|2026-07-20 10:32"",""threshold"":0.0004,""value"":0.0004,""since_minute_bucket_ist"":""2026-07-20 10:30"",""last_updated_ist"":""2026-07-20 10:32:00""}"
2026-07-20 00:00:00,2026-07-20 10:32:00,78,NIFTY,REGIME_TRANSITION_UNCERTAIN,ON,LOW,1,Transition/uncertain regime,"{""dedupe_key"":""NIFTY|REGIME_TRANSITION_UNCERTAIN|ON|2026-07-20 10:32"",""threshold"":1,""value"":1,""since_minute_bucket_ist"":"""",""last_updated_ist"":""2026-07-20 10:32:00""}"
2026-07-20 00:00:00,2026-07-20 10:32:00,78,NIFTY,EXP_RANGE_BREAKOUT_WATCH_UP,OFF,MED,24233.9,Expected-range watch UP,"{""dedupe_key"":""NIFTY|EXP_RANGE_BREAKOUT_WATCH_UP|OFF|2026-07-20 10:32"",""threshold"":24233.91,""value"":24233.9,""since_minute_bucket_ist"":""2026-07-20 10:30"",""last_updated_ist"":""2026-07-20 10:32:00""}"
2026-07-20 00:00:00,2026-07-20 10:32:00,78,NIFTY,EXP_RANGE_BREAKOUT_CONFIRMED_UP,OFF,HIGH,0,Expected-range breakout CONFIRMED UP,"{""dedupe_key"":""NIFTY|EXP_RANGE_BREAKOUT_CONFIRMED_UP|OFF|2026-07-20 10:32"",""threshold"":2,""value"":0,""since_minute_bucket_ist"":""2026-07-20 10:31"",""last_updated_ist"":""2026-07-20 10:32:00""}"
2026-07-20 00:00:00,2026-07-20 10:32:00,78,NIFTY,OPTION_MOMENTUM_CALL,ON,MED,2.35,ATM CALL momentum (ltp up + vol up),"{""dedupe_key"":""NIFTY|OPTION_MOMENTUM_CALL|ON|2026-07-20 10:32"",""threshold"":1.5,""value"":2.35,""since_minute_bucket_ist"":"""",""last_updated_ist"":""2026-07-20 10:32:00""}"
2026-07-20 00:00:00,2026-07-20 10:32:00,78,NIFTY,CHURN_COMMITTED,OFF,MED,-0.0001,Price move + aligned flow (committed),"{""dedupe_key"":""NIFTY|CHURN_COMMITTED|OFF|2026-07-20 10:32"",""threshold"":0.0001,""value"":-0.0001,""since_minute_bucket_ist"":""2026-07-20 10:31"",""last_updated_ist"":""2026-07-20 10:32:00""}"
2026-07-20 00:00:00,2026-07-20 10:33:00,79,NIFTY,FLOW_BOTH_UNWINDING,ON,MED,-0.006,Both sides unwinding,"{""dedupe_key"":""NIFTY|FLOW_BOTH_UNWINDING|ON|2026-07-20 10:33"",""threshold"":-0.005,""value"":-0.006,""since_minute_bucket_ist"":"""",""last_updated_ist"":""2026-07-20 10:33:00""}"
2026-07-20 00:00:00,2026-07-20 10:33:00,79,NIFTY,REGIME_RANGE_PIN,ON,LOW,0.0001,Range / pin (inside local walls),"{""dedupe_key"":""NIFTY|REGIME_RANGE_PIN|ON|2026-07-20 10:33"",""threshold"":0.0004,""value"":0.0001,""since_minute_bucket_ist"":"""",""last_updated_ist"":""2026-07-20 10:33:00""}"
2026-07-20 00:00:00,2026-07-20 10:33:00,79,NIFTY,REGIME_TRANSITION_UNCERTAIN,OFF,LOW,1,Transition/uncertain regime,"{""dedupe_key"":""NIFTY|REGIME_TRANSITION_UNCERTAIN|OFF|2026-07-20 10:33"",""threshold"":1,""value"":1,""since_minute_bucket_ist"":""2026-07-20 10:32"",""last_updated_ist"":""2026-07-20 10:33:00""}"
2026-07-20 00:00:00,2026-07-20 10:33:00,79,NIFTY,OPTION_MOMENTUM_CALL,OFF,MED,-0.7,ATM CALL momentum (ltp up + vol up),"{""dedupe_key"":""NIFTY|OPTION_MOMENTUM_CALL|OFF|2026-07-20 10:33"",""threshold"":1.5,""value"":-0.7,""since_minute_bucket_ist"":""2026-07-20 10:32"",""last_updated_ist"":""2026-07-20 10:33:00""}"
2026-07-20 00:00:00,2026-07-20 10:34:00,80,NIFTY,FLOW_BOTH_UNWINDING,OFF,MED,0.0084,Both sides unwinding,"{""dedupe_key"":""NIFTY|FLOW_BOTH_UNWINDING|OFF|2026-07-20 10:34"",""threshold"":-0.005,""value"":0.0084,""since_minute_bucket_ist"":""2026-07-20 10:33"",""last_updated_ist"":""2026-07-20 10:34:00""}"
2026-07-20 00:00:00,2026-07-20 10:35:00,81,NIFTY,REGIME_TREND_DOWN,ON,MED,-0.0005,Trend DOWN (slope + direction),"{""dedupe_key"":""NIFTY|REGIME_TREND_DOWN|ON|2026-07-20 10:35"",""threshold"":-0.0004,""value"":-0.0005,""since_minute_bucket_ist"":"""",""last_updated_ist"":""2026-07-20 10:35:00""}"
2026-07-20 00:00:00,2026-07-20 10:35:00,81,NIFTY,REGIME_RANGE_PIN,OFF,LOW,0.0002,Range / pin (inside local walls),"{""dedupe_key"":""NIFTY|REGIME_RANGE_PIN|OFF|2026-07-20 10:35"",""threshold"":0.0004,""value"":0.0002,""since_minute_bucket_ist"":""2026-07-20 10:33"",""last_updated_ist"":""2026-07-20 10:35:00""}"
2026-07-20 00:00:00,2026-07-20 10:35:00,81,NIFTY,VOL_CONTRACTION,ON,LOW,-0.0247,Volatility contracting (straddle down),"{""dedupe_key"":""NIFTY|VOL_CONTRACTION|ON|2026-07-20 10:35"",""threshold"":-0.03,""value"":-0.0247,""since_minute_bucket_ist"":"""",""last_updated_ist"":""2026-07-20 10:35:00""}"
2026-07-20 00:00:00,2026-07-20 10:35:00,81,NIFTY,OPTION_MOMENTUM_PUT,ON,MED,6.2,ATM PUT momentum (ltp up + vol up),"{""dedupe_key"":""NIFTY|OPTION_MOMENTUM_PUT|ON|2026-07-20 10:35"",""threshold"":1.5,""value"":6.2,""since_minute_bucket_ist"":"""",""last_updated_ist"":""2026-07-20 10:35:00""}"
2026-07-20 00:00:00,2026-07-20 10:35:00,81,NIFTY,WALL_SHIFT_REGIME,ON,MED,1,Wall strike shifted materially (>= 1 step),"{""dedupe_key"":""NIFTY|WALL_SHIFT_REGIME|ON|2026-07-20 10:35"",""threshold"":1,""value"":1,""since_minute_bucket_ist"":"""",""last_updated_ist"":""2026-07-20 10:35:00""}"
2026-07-20 00:00:00,2026-07-20 10:36:00,82,NIFTY,FLOW_BULLISH_BUILD,ON,HIGH,0.0021,Bullish build (premium-confirmed writing / support),"{""dedupe_key"":""NIFTY|FLOW_BULLISH_BUILD|ON|2026-07-20 10:36"",""threshold"":0.005,""value"":0.0021,""since_minute_bucket_ist"":"""",""last_updated_ist"":""2026-07-20 10:36:00""}"
2026-07-20 00:00:00,2026-07-20 10:36:00,82,NIFTY,REGIME_TREND_DOWN,OFF,MED,-0.0006,Trend DOWN (slope + direction),"{""dedupe_key"":""NIFTY|REGIME_TREND_DOWN|OFF|2026-07-20 10:36"",""threshold"":-0.0004,""value"":-0.0006,""since_minute_bucket_ist"":""2026-07-20 10:35"",""last_updated_ist"":""2026-07-20 10:36:00""}"
2026-07-20 00:00:00,2026-07-20 10:36:00,82,NIFTY,REGIME_BREAKOUT_UP,ON,HIGH,2,Breakout UP (held above call wall),"{""dedupe_key"":""NIFTY|REGIME_BREAKOUT_UP|ON|2026-07-20 10:36"",""threshold"":2,""value"":2,""since_minute_bucket_ist"":"""",""last_updated_ist"":""2026-07-20 10:36:00""}"
2026-07-20 00:00:00,2026-07-20 10:36:00,82,NIFTY,PIN_BREAKOUT_SETUP,ON,MED,2.399999999997817,Pin breakout setup (wall touch + aligned flow),"{""dedupe_key"":""NIFTY|PIN_BREAKOUT_SETUP|ON|2026-07-20 10:36"",""threshold"":0,""value"":2.399999999997817,""since_minute_bucket_ist"":"""",""last_updated_ist"":""2026-07-20 10:36:00""}"
2026-07-20 00:00:00,2026-07-20 10:36:00,82,NIFTY,OPTION_MOMENTUM_PUT,OFF,MED,-1.05,ATM PUT momentum (ltp up + vol up),"{""dedupe_key"":""NIFTY|OPTION_MOMENTUM_PUT|OFF|2026-07-20 10:36"",""threshold"":1.5,""value"":-1.05,""since_minute_bucket_ist"":""2026-07-20 10:35"",""last_updated_ist"":""2026-07-20 10:36:00""}"
2026-07-20 00:00:00,2026-07-20 10:36:00,82,NIFTY,WALL_SHIFT_REGIME,OFF,MED,1,Wall strike shifted materially (>= 1 step),"{""dedupe_key"":""NIFTY|WALL_SHIFT_REGIME|OFF|2026-07-20 10:36"",""threshold"":1,""value"":1,""since_minute_bucket_ist"":""2026-07-20 10:35"",""last_updated_ist"":""2026-07-20 10:36:00""}"
2026-07-20 00:00:00,2026-07-20 10:36:00,82,NIFTY,WALL_PRESSURE_BREAK_SETUP,ON,MED,2.399999999997817,Pressure building into a wall (break setup),"{""dedupe_key"":""NIFTY|WALL_PRESSURE_BREAK_SETUP|ON|2026-07-20 10:36"",""threshold"":0,""value"":2.399999999997817,""since_minute_bucket_ist"":"""",""last_updated_ist"":""2026-07-20 10:36:00""}"
2026-07-20 00:00:00,2026-07-20 10:37:00,83,NIFTY,FLOW_BULLISH_BUILD,OFF,HIGH,0.0099,Bullish build (premium-confirmed writing / support),"{""dedupe_key"":""NIFTY|FLOW_BULLISH_BUILD|OFF|2026-07-20 10:37"",""threshold"":0.005,""value"":0.0099,""since_minute_bucket_ist"":""2026-07-20 10:36"",""last_updated_ist"":""2026-07-20 10:37:00""}"
2026-07-20 00:00:00,2026-07-20 10:37:00,83,NIFTY,REGIME_TREND_DOWN,ON,MED,-0.0007,Trend DOWN (slope + direction),"{""dedupe_key"":""NIFTY|REGIME_TREND_DOWN|ON|2026-07-20 10:37"",""threshold"":-0.0004,""value"":-0.0007,""since_minute_bucket_ist"":"""",""last_updated_ist"":""2026-07-20 10:37:00""}"
2026-07-20 00:00:00,2026-07-20 10:37:00,83,NIFTY,PIN_BREAKOUT_SETUP,OFF,MED,-3.599999999998545,Pin breakout setup (wall touch + aligned flow),"{""dedupe_key"":""NIFTY|PIN_BREAKOUT_SETUP|OFF|2026-07-20 10:37"",""threshold"":0,""value"":-3.599999999998545,""since_minute_bucket_ist"":""2026-07-20 10:36"",""last_updated_ist"":""2026-07-20 10:37:00""}"
2026-07-20 00:00:00,2026-07-20 10:37:00,83,NIFTY,EXP_RANGE_BREAKOUT_WATCH_DOWN,ON,MED,24217,Expected-range watch DOWN,"{""dedupe_key"":""NIFTY|EXP_RANGE_BREAKOUT_WATCH_DOWN|ON|2026-07-20 10:37"",""threshold"":24218.02,""value"":24217,""since_minute_bucket_ist"":"""",""last_updated_ist"":""2026-07-20 10:37:00""}"
2026-07-20 00:00:00,2026-07-20 10:37:00,83,NIFTY,OPTION_MOMENTUM_PUT,ON,MED,1.55,ATM PUT momentum (ltp up + vol up),"{""dedupe_key"":""NIFTY|OPTION_MOMENTUM_PUT|ON|2026-07-20 10:37"",""threshold"":1.5,""value"":1.55,""since_minute_bucket_ist"":"""",""last_updated_ist"":""2026-07-20 10:37:00""}"
2026-07-20 00:00:00,2026-07-20 10:37:00,83,NIFTY,STEALTH_BUILD_BULL,ON,MED,0.0099,"Stealth bullish build (puts build, spot flat)","{""dedupe_key"":""NIFTY|STEALTH_BUILD_BULL|ON|2026-07-20 10:37"",""threshold"":0.008,""value"":0.0099,""since_minute_bucket_ist"":"""",""last_updated_ist"":""2026-07-20 10:37:00""}"
2026-07-20 00:00:00,2026-07-20 10:37:00,83,NIFTY,WALL_PRESSURE_BREAK_SETUP,OFF,MED,-3.599999999998545,Pressure building into a wall (break setup),"{""dedupe_key"":""NIFTY|WALL_PRESSURE_BREAK_SETUP|OFF|2026-07-20 10:37"",""threshold"":0,""value"":-3.599999999998545,""since_minute_bucket_ist"":""2026-07-20 10:36"",""last_updated_ist"":""2026-07-20 10:37:00""}"
2026-07-20 00:00:00,2026-07-20 10:38:00,84,NIFTY,REGIME_TREND_DOWN,OFF,MED,-0.0007,Trend DOWN (slope + direction),"{""dedupe_key"":""NIFTY|REGIME_TREND_DOWN|OFF|2026-07-20 10:38"",""threshold"":-0.0004,""value"":-0.0007,""since_minute_bucket_ist"":""2026-07-20 10:37"",""last_updated_ist"":""2026-07-20 10:38:00""}"
2026-07-20 00:00:00,2026-07-20 10:38:00,84,NIFTY,EXP_RANGE_BREAKOUT_CONFIRMED_DOWN,ON,HIGH,2,Expected-range breakout CONFIRMED DOWN,"{""dedupe_key"":""NIFTY|EXP_RANGE_BREAKOUT_CONFIRMED_DOWN|ON|2026-07-20 10:38"",""threshold"":2,""value"":2,""since_minute_bucket_ist"":"""",""last_updated_ist"":""2026-07-20 10:38:00""}"
2026-07-20 00:00:00,2026-07-20 10:38:00,84,NIFTY,OPTION_MOMENTUM_PUT,OFF,MED,-1.2,ATM PUT momentum (ltp up + vol up),"{""dedupe_key"":""NIFTY|OPTION_MOMENTUM_PUT|OFF|2026-07-20 10:38"",""threshold"":1.5,""value"":-1.2,""since_minute_bucket_ist"":""2026-07-20 10:37"",""last_updated_ist"":""2026-07-20 10:38:00""}"
2026-07-20 00:00:00,2026-07-20 10:38:00,84,NIFTY,STEALTH_BUILD_BULL,OFF,MED,0.0019,"Stealth bullish build (puts build, spot flat)","{""dedupe_key"":""NIFTY|STEALTH_BUILD_BULL|OFF|2026-07-20 10:38"",""threshold"":0.008,""value"":0.0019,""since_minute_bucket_ist"":""2026-07-20 10:37"",""last_updated_ist"":""2026-07-20 10:38:00""}"
2026-07-20 00:00:00,2026-07-20 10:38:00,84,NIFTY,STEALTH_BUILD_BEAR,ON,MED,0.0089,"Stealth bearish build (calls build, spot flat)","{""dedupe_key"":""NIFTY|STEALTH_BUILD_BEAR|ON|2026-07-20 10:38"",""threshold"":0.008,""value"":0.0089,""since_minute_bucket_ist"":"""",""last_updated_ist"":""2026-07-20 10:38:00""}"
2026-07-20 00:00:00,2026-07-20 10:39:00,85,NIFTY,EXP_RANGE_BREAKOUT_WATCH_DOWN,OFF,MED,24224.7,Expected-range watch DOWN,"{""dedupe_key"":""NIFTY|EXP_RANGE_BREAKOUT_WATCH_DOWN|OFF|2026-07-20 10:39"",""threshold"":24217.61,""value"":24224.7,""since_minute_bucket_ist"":""2026-07-20 10:37"",""last_updated_ist"":""2026-07-20 10:39:00""}"
2026-07-20 00:00:00,2026-07-20 10:39:00,85,NIFTY,EXP_RANGE_BREAKOUT_CONFIRMED_DOWN,OFF,HIGH,0,Expected-range breakout CONFIRMED DOWN,"{""dedupe_key"":""NIFTY|EXP_RANGE_BREAKOUT_CONFIRMED_DOWN|OFF|2026-07-20 10:39"",""threshold"":2,""value"":0,""since_minute_bucket_ist"":""2026-07-20 10:38"",""last_updated_ist"":""2026-07-20 10:39:00""}"
2026-07-20 00:00:00,2026-07-20 10:39:00,85,NIFTY,VOL_CONTRACTION,OFF,LOW,0.0012,Volatility contracting (straddle down),"{""dedupe_key"":""NIFTY|VOL_CONTRACTION|OFF|2026-07-20 10:39"",""threshold"":-0.03,""value"":0.0012,""since_minute_bucket_ist"":""2026-07-20 10:35"",""last_updated_ist"":""2026-07-20 10:39:00""}"
2026-07-20 00:00:00,2026-07-20 10:39:00,85,NIFTY,OPTION_MOMENTUM_CALL,ON,MED,2.65,ATM CALL momentum (ltp up + vol up),"{""dedupe_key"":""NIFTY|OPTION_MOMENTUM_CALL|ON|2026-07-20 10:39"",""threshold"":1.5,""value"":2.65,""since_minute_bucket_ist"":"""",""last_updated_ist"":""2026-07-20 10:39:00""}"
2026-07-20 00:00:00,2026-07-20 10:40:00,86,NIFTY,REGIME_BREAKOUT_UP,OFF,HIGH,0,Breakout UP (held above call wall),"{""dedupe_key"":""NIFTY|REGIME_BREAKOUT_UP|OFF|2026-07-20 10:40"",""threshold"":2,""value"":0,""since_minute_bucket_ist"":""2026-07-20 10:36"",""last_updated_ist"":""2026-07-20 10:40:00""}"
2026-07-20 00:00:00,2026-07-20 10:40:00,86,NIFTY,REGIME_TRANSITION_UNCERTAIN,ON,LOW,1,Transition/uncertain regime,"{""dedupe_key"":""NIFTY|REGIME_TRANSITION_UNCERTAIN|ON|2026-07-20 10:40"",""threshold"":1,""value"":1,""since_minute_bucket_ist"":"""",""last_updated_ist"":""2026-07-20 10:40:00""}"
2026-07-20 00:00:00,2026-07-20 10:40:00,86,NIFTY,VOL_EXPANSION,ON,MED,0.0284,Volatility expanding (straddle up),"{""dedupe_key"":""NIFTY|VOL_EXPANSION|ON|2026-07-20 10:40"",""threshold"":0.02,""value"":0.0284,""since_minute_bucket_ist"":"""",""last_updated_ist"":""2026-07-20 10:40:00""}"
2026-07-20 00:00:00,2026-07-20 10:40:00,86,NIFTY,OPTION_MOMENTUM_CALL,OFF,MED,-0.2,ATM CALL momentum (ltp up + vol up),"{""dedupe_key"":""NIFTY|OPTION_MOMENTUM_CALL|OFF|2026-07-20 10:40"",""threshold"":1.5,""value"":-0.2,""since_minute_bucket_ist"":""2026-07-20 10:39"",""last_updated_ist"":""2026-07-20 10:40:00""}"
2026-07-20 00:00:00,2026-07-20 10:40:00,86,NIFTY,STEALTH_BUILD_BEAR,OFF,MED,0,"Stealth bearish build (calls build, spot flat)","{""dedupe_key"":""NIFTY|STEALTH_BUILD_BEAR|OFF|2026-07-20 10:40"",""threshold"":0.008,""value"":0,""since_minute_bucket_ist"":""2026-07-20 10:38"",""last_updated_ist"":""2026-07-20 10:40:00""}"
2026-07-20 00:00:00,2026-07-20 10:40:00,86,NIFTY,WALL_SHIFT_REGIME,ON,MED,1,Wall strike shifted materially (>= 1 step),"{""dedupe_key"":""NIFTY|WALL_SHIFT_REGIME|ON|2026-07-20 10:40"",""threshold"":1,""value"":1,""since_minute_bucket_ist"":"""",""last_updated_ist"":""2026-07-20 10:40:00""}"
2026-07-20 00:00:00,2026-07-20 10:41:00,87,NIFTY,FLOW_BEARISH_BUILD,ON,HIGH,0.0104,Bearish build (premium-confirmed writing / resistance),"{""dedupe_key"":""NIFTY|FLOW_BEARISH_BUILD|ON|2026-07-20 10:41"",""threshold"":0.005,""value"":0.0104,""since_minute_bucket_ist"":"""",""last_updated_ist"":""2026-07-20 10:41:00""}"
2026-07-20 00:00:00,2026-07-20 10:41:00,87,NIFTY,PIN_BREAKOUT_SETUP,ON,MED,-8.400000000001455,Pin breakout setup (wall touch + aligned flow),"{""dedupe_key"":""NIFTY|PIN_BREAKOUT_SETUP|ON|2026-07-20 10:41"",""threshold"":0,""value"":-8.400000000001455,""since_minute_bucket_ist"":"""",""last_updated_ist"":""2026-07-20 10:41:00""}"
2026-07-20 00:00:00,2026-07-20 10:41:00,87,NIFTY,VOL_EXPANSION,OFF,MED,-0.0098,Volatility expanding (straddle up),"{""dedupe_key"":""NIFTY|VOL_EXPANSION|OFF|2026-07-20 10:41"",""threshold"":0.02,""value"":-0.0098,""since_minute_bucket_ist"":""2026-07-20 10:40"",""last_updated_ist"":""2026-07-20 10:41:00""}"
2026-07-20 00:00:00,2026-07-20 10:41:00,87,NIFTY,VOL_CONTRACTION,ON,LOW,-0.0098,Volatility contracting (straddle down),"{""dedupe_key"":""NIFTY|VOL_CONTRACTION|ON|2026-07-20 10:41"",""threshold"":-0.03,""value"":-0.0098,""since_minute_bucket_ist"":"""",""last_updated_ist"":""2026-07-20 10:41:00""}"
2026-07-20 00:00:00,2026-07-20 10:41:00,87,NIFTY,OPTION_MOMENTUM_PUT,ON,MED,2.05,ATM PUT momentum (ltp up + vol up),"{""dedupe_key"":""NIFTY|OPTION_MOMENTUM_PUT|ON|2026-07-20 10:41"",""threshold"":1.5,""value"":2.05,""since_minute_bucket_ist"":"""",""last_updated_ist"":""2026-07-20 10:41:00""}"
2026-07-20 00:00:00,2026-07-20 10:41:00,87,NIFTY,CHURN_COMMITTED,ON,MED,-0.0003,Price move + aligned flow (committed),"{""dedupe_key"":""NIFTY|CHURN_COMMITTED|ON|2026-07-20 10:41"",""threshold"":0.0001,""value"":-0.0003,""since_minute_bucket_ist"":"""",""last_updated_ist"":""2026-07-20 10:41:00""}"
2026-07-20 00:00:00,2026-07-20 10:41:00,87,NIFTY,STEALTH_BUILD_BEAR,ON,MED,0.0104,"Stealth bearish build (calls build, spot flat)","{""dedupe_key"":""NIFTY|STEALTH_BUILD_BEAR|ON|2026-07-20 10:41"",""threshold"":0.008,""value"":0.0104,""since_minute_bucket_ist"":"""",""last_updated_ist"":""2026-07-20 10:41:00""}"
2026-07-20 00:00:00,2026-07-20 10:41:00,87,NIFTY,WALL_PRESSURE_BREAK_SETUP,ON,MED,-8.400000000001455,Pressure building into a wall (break setup),"{""dedupe_key"":""NIFTY|WALL_PRESSURE_BREAK_SETUP|ON|2026-07-20 10:41"",""threshold"":0,""value"":-8.400000000001455,""since_minute_bucket_ist"":"""",""last_updated_ist"":""2026-07-20 10:41:00""}"
2026-07-20 00:00:00,2026-07-20 10:42:00,88,NIFTY,FLOW_BEARISH_BUILD,OFF,HIGH,0,Bearish build (premium-confirmed writing / resistance),"{""dedupe_key"":""NIFTY|FLOW_BEARISH_BUILD|OFF|2026-07-20 10:42"",""threshold"":0.005,""value"":0,""since_minute_bucket_ist"":""2026-07-20 10:41"",""last_updated_ist"":""2026-07-20 10:42:00""}"
2026-07-20 00:00:00,2026-07-20 10:42:00,88,NIFTY,REGIME_BREAKOUT_UP,ON,HIGH,2,Breakout UP (held above call wall),"{""dedupe_key"":""NIFTY|REGIME_BREAKOUT_UP|ON|2026-07-20 10:42"",""threshold"":2,""value"":2,""since_minute_bucket_ist"":"""",""last_updated_ist"":""2026-07-20 10:42:00""}"
2026-07-20 00:00:00,2026-07-20 10:42:00,88,NIFTY,REGIME_TRANSITION_UNCERTAIN,OFF,LOW,1,Transition/uncertain regime,"{""dedupe_key"":""NIFTY|REGIME_TRANSITION_UNCERTAIN|OFF|2026-07-20 10:42"",""threshold"":1,""value"":1,""since_minute_bucket_ist"":""2026-07-20 10:40"",""last_updated_ist"":""2026-07-20 10:42:00""}"
2026-07-20 00:00:00,2026-07-20 10:42:00,88,NIFTY,PIN_BREAKOUT_SETUP,OFF,MED,0,Pin breakout setup (wall touch + aligned flow),"{""dedupe_key"":""NIFTY|PIN_BREAKOUT_SETUP|OFF|2026-07-20 10:42"",""threshold"":0,""value"":0,""since_minute_bucket_ist"":""2026-07-20 10:41"",""last_updated_ist"":""2026-07-20 10:42:00""}"
2026-07-20 00:00:00,2026-07-20 10:42:00,88,NIFTY,OPTION_MOMENTUM_PUT,OFF,MED,0,ATM PUT momentum (ltp up + vol up),"{""dedupe_key"":""NIFTY|OPTION_MOMENTUM_PUT|OFF|2026-07-20 10:42"",""threshold"":1.5,""value"":0,""since_minute_bucket_ist"":""2026-07-20 10:41"",""last_updated_ist"":""2026-07-20 10:42:00""}"
2026-07-20 00:00:00,2026-07-20 10:42:00,88,NIFTY,CHURN_COMMITTED,OFF,MED,0,Price move + aligned flow (committed),"{""dedupe_key"":""NIFTY|CHURN_COMMITTED|OFF|2026-07-20 10:42"",""threshold"":0.0001,""value"":0,""since_minute_bucket_ist"":""2026-07-20 10:41"",""last_updated_ist"":""2026-07-20 10:42:00""}"
2026-07-20 00:00:00,2026-07-20 10:42:00,88,NIFTY,STEALTH_BUILD_BEAR,OFF,MED,0,"Stealth bearish build (calls build, spot flat)","{""dedupe_key"":""NIFTY|STEALTH_BUILD_BEAR|OFF|2026-07-20 10:42"",""threshold"":0.008,""value"":0,""since_minute_bucket_ist"":""2026-07-20 10:41"",""last_updated_ist"":""2026-07-20 10:42:00""}"
2026-07-20 00:00:00,2026-07-20 10:42:00,88,NIFTY,WALL_SHIFT_REGIME,OFF,MED,1,Wall strike shifted materially (>= 1 step),"{""dedupe_key"":""NIFTY|WALL_SHIFT_REGIME|OFF|2026-07-20 10:42"",""threshold"":1,""value"":1,""since_minute_bucket_ist"":""2026-07-20 10:40"",""last_updated_ist"":""2026-07-20 10:42:00""}"
2026-07-20 00:00:00,2026-07-20 10:42:00,88,NIFTY,WALL_PRESSURE_BREAK_SETUP,OFF,MED,0,Pressure building into a wall (break setup),"{""dedupe_key"":""NIFTY|WALL_PRESSURE_BREAK_SETUP|OFF|2026-07-20 10:42"",""threshold"":0,""value"":0,""since_minute_bucket_ist"":""2026-07-20 10:41"",""last_updated_ist"":""2026-07-20 10:42:00""}"
2026-07-20 00:00:00,2026-07-20 10:43:00,89,NIFTY,VOL_CONTRACTION,OFF,LOW,-0.0081,Volatility contracting (straddle down),"{""dedupe_key"":""NIFTY|VOL_CONTRACTION|OFF|2026-07-20 10:43"",""threshold"":-0.03,""value"":-0.0081,""since_minute_bucket_ist"":""2026-07-20 10:41"",""last_updated_ist"":""2026-07-20 10:43:00""}"
2026-07-20 00:00:00,2026-07-20 10:43:00,89,NIFTY,OPTION_MOMENTUM_PUT,ON,MED,1.9,ATM PUT momentum (ltp up + vol up),"{""dedupe_key"":""NIFTY|OPTION_MOMENTUM_PUT|ON|2026-07-20 10:43"",""threshold"":1.5,""value"":1.9,""since_minute_bucket_ist"":"""",""last_updated_ist"":""2026-07-20 10:43:00""}"
2026-07-20 00:00:00,2026-07-20 10:44:00,90,NIFTY,FLOW_BOTH_BUILDING,ON,MED,0.0059,Both sides building (straddle build) → higher chop risk,"{""dedupe_key"":""NIFTY|FLOW_BOTH_BUILDING|ON|2026-07-20 10:44"",""threshold"":0.005,""value"":0.0059,""since_minute_bucket_ist"":"""",""last_updated_ist"":""2026-07-20 10:44:00""}"
2026-07-20 00:00:00,2026-07-20 10:44:00,90,NIFTY,OPTION_MOMENTUM_CALL,ON,MED,6.2,ATM CALL momentum (ltp up + vol up),"{""dedupe_key"":""NIFTY|OPTION_MOMENTUM_CALL|ON|2026-07-20 10:44"",""threshold"":1.5,""value"":6.2,""since_minute_bucket_ist"":"""",""last_updated_ist"":""2026-07-20 10:44:00""}"
2026-07-20 00:00:00,2026-07-20 10:44:00,90,NIFTY,OPTION_MOMENTUM_PUT,OFF,MED,-5.85,ATM PUT momentum (ltp up + vol up),"{""dedupe_key"":""NIFTY|OPTION_MOMENTUM_PUT|OFF|2026-07-20 10:44"",""threshold"":1.5,""value"":-5.85,""since_minute_bucket_ist"":""2026-07-20 10:43"",""last_updated_ist"":""2026-07-20 10:44:00""}"
2026-07-20 00:00:00,2026-07-20 10:45:00,91,NIFTY,FLOW_BOTH_BUILDING,OFF,MED,-0.0068,Both sides building (straddle build) → higher chop risk,"{""dedupe_key"":""NIFTY|FLOW_BOTH_BUILDING|OFF|2026-07-20 10:45"",""threshold"":0.005,""value"":-0.0068,""since_minute_bucket_ist"":""2026-07-20 10:44"",""last_updated_ist"":""2026-07-20 10:45:00""}"
2026-07-20 00:00:00,2026-07-20 10:45:00,91,NIFTY,OPTION_MOMENTUM_CALL,OFF,MED,-5,ATM CALL momentum (ltp up + vol up),"{""dedupe_key"":""NIFTY|OPTION_MOMENTUM_CALL|OFF|2026-07-20 10:45"",""threshold"":1.5,""value"":-5,""since_minute_bucket_ist"":""2026-07-20 10:44"",""last_updated_ist"":""2026-07-20 10:45:00""}"
2026-07-20 00:00:00,2026-07-20 10:45:00,91,NIFTY,OPTION_MOMENTUM_PUT,ON,MED,5.35,ATM PUT momentum (ltp up + vol up),"{""dedupe_key"":""NIFTY|OPTION_MOMENTUM_PUT|ON|2026-07-20 10:45"",""threshold"":1.5,""value"":5.35,""since_minute_bucket_ist"":"""",""last_updated_ist"":""2026-07-20 10:45:00""}"
2026-07-20 00:00:00,2026-07-20 10:46:00,92,NIFTY,OPTION_MOMENTUM_PUT,OFF,MED,0,ATM PUT momentum (ltp up + vol up),"{""dedupe_key"":""NIFTY|OPTION_MOMENTUM_PUT|OFF|2026-07-20 10:46"",""threshold"":1.5,""value"":0,""since_minute_bucket_ist"":""2026-07-20 10:45"",""last_updated_ist"":""2026-07-20 10:46:00""}"
2026-07-20 00:00:00,2026-07-20 10:47:00,93,NIFTY,EXP_RANGE_BREAKOUT_WATCH_UP,ON,MED,24224.55,Expected-range watch UP,"{""dedupe_key"":""NIFTY|EXP_RANGE_BREAKOUT_WATCH_UP|ON|2026-07-20 10:47"",""threshold"":24224.09,""value"":24224.55,""since_minute_bucket_ist"":"""",""last_updated_ist"":""2026-07-20 10:47:00""}"
2026-07-20 00:00:00,2026-07-20 10:47:00,93,NIFTY,OPTION_MOMENTUM_CALL,ON,MED,2.3,ATM CALL momentum (ltp up + vol up),"{""dedupe_key"":""NIFTY|OPTION_MOMENTUM_CALL|ON|2026-07-20 10:47"",""threshold"":1.5,""value"":2.3,""since_minute_bucket_ist"":"""",""last_updated_ist"":""2026-07-20 10:47:00""}"
2026-07-20 00:00:00,2026-07-20 10:48:00,94,NIFTY,EXP_RANGE_BREAKOUT_WATCH_UP,OFF,MED,24223.55,Expected-range watch UP,"{""dedupe_key"":""NIFTY|EXP_RANGE_BREAKOUT_WATCH_UP|OFF|2026-07-20 10:48"",""threshold"":24224.56,""value"":24223.55,""since_minute_bucket_ist"":""2026-07-20 10:47"",""last_updated_ist"":""2026-07-20 10:48:00""}"
2026-07-20 00:00:00,2026-07-20 10:48:00,94,NIFTY,OPTION_MOMENTUM_CALL,OFF,MED,-0.5,ATM CALL momentum (ltp up + vol up),"{""dedupe_key"":""NIFTY|OPTION_MOMENTUM_CALL|OFF|2026-07-20 10:48"",""threshold"":1.5,""value"":-0.5,""since_minute_bucket_ist"":""2026-07-20 10:47"",""last_updated_ist"":""2026-07-20 10:48:00""}"
2026-07-20 00:00:00,2026-07-20 10:48:00,94,NIFTY,STEALTH_BUILD_BEAR,ON,MED,0.0112,"Stealth bearish build (calls build, spot flat)","{""dedupe_key"":""NIFTY|STEALTH_BUILD_BEAR|ON|2026-07-20 10:48"",""threshold"":0.008,""value"":0.0112,""since_minute_bucket_ist"":"""",""last_updated_ist"":""2026-07-20 10:48:00""}"
2026-07-20 00:00:00,2026-07-20 10:49:00,95,NIFTY,STEALTH_BUILD_BEAR,OFF,MED,0,"Stealth bearish build (calls build, spot flat)","{""dedupe_key"":""NIFTY|STEALTH_BUILD_BEAR|OFF|2026-07-20 10:49"",""threshold"":0.008,""value"":0,""since_minute_bucket_ist"":""2026-07-20 10:48"",""last_updated_ist"":""2026-07-20 10:49:00""}"
2026-07-20 00:00:00,2026-07-20 10:50:00,96,NIFTY,REGIME_TREND_UP,ON,MED,0.0005,Trend UP (slope + direction),"{""dedupe_key"":""NIFTY|REGIME_TREND_UP|ON|2026-07-20 10:50"",""threshold"":0.0004,""value"":0.0005,""since_minute_bucket_ist"":"""",""last_updated_ist"":""2026-07-20 10:50:00""}"
2026-07-20 00:00:00,2026-07-20 10:50:00,96,NIFTY,REGIME_BREAKOUT_UP,OFF,HIGH,0,Breakout UP (held above call wall),"{""dedupe_key"":""NIFTY|REGIME_BREAKOUT_UP|OFF|2026-07-20 10:50"",""threshold"":2,""value"":0,""since_minute_bucket_ist"":""2026-07-20 10:42"",""last_updated_ist"":""2026-07-20 10:50:00""}"
2026-07-20 00:00:00,2026-07-20 10:50:00,96,NIFTY,EXP_RANGE_BREAKOUT_WATCH_UP,ON,MED,24230.1,Expected-range watch UP,"{""dedupe_key"":""NIFTY|EXP_RANGE_BREAKOUT_WATCH_UP|ON|2026-07-20 10:50"",""threshold"":24227.19,""value"":24230.1,""since_minute_bucket_ist"":"""",""last_updated_ist"":""2026-07-20 10:50:00""}"
2026-07-20 00:00:00,2026-07-20 10:50:00,96,NIFTY,VOL_EXPANSION,ON,MED,0.0173,Volatility expanding (straddle up),"{""dedupe_key"":""NIFTY|VOL_EXPANSION|ON|2026-07-20 10:50"",""threshold"":0.02,""value"":0.0173,""since_minute_bucket_ist"":"""",""last_updated_ist"":""2026-07-20 10:50:00""}"
2026-07-20 00:00:00,2026-07-20 10:50:00,96,NIFTY,OPTION_MOMENTUM_CALL,ON,MED,5.6,ATM CALL momentum (ltp up + vol up),"{""dedupe_key"":""NIFTY|OPTION_MOMENTUM_CALL|ON|2026-07-20 10:50"",""threshold"":1.5,""value"":5.6,""since_minute_bucket_ist"":"""",""last_updated_ist"":""2026-07-20 10:50:00""}"
2026-07-20 00:00:00,2026-07-20 10:50:00,96,NIFTY,STEALTH_BUILD_BULL,ON,MED,0.0122,"Stealth bullish build (puts build, spot flat)","{""dedupe_key"":""NIFTY|STEALTH_BUILD_BULL|ON|2026-07-20 10:50"",""threshold"":0.008,""value"":0.0122,""since_minute_bucket_ist"":"""",""last_updated_ist"":""2026-07-20 10:50:00""}"
2026-07-20 00:00:00,2026-07-20 10:50:00,96,NIFTY,WALL_SHIFT_REGIME,ON,MED,1,Wall strike shifted materially (>= 1 step),"{""dedupe_key"":""NIFTY|WALL_SHIFT_REGIME|ON|2026-07-20 10:50"",""threshold"":1,""value"":1,""since_minute_bucket_ist"":"""",""last_updated_ist"":""2026-07-20 10:50:00""}"
2026-07-20 00:00:00,2026-07-20 10:51:00,97,NIFTY,EXP_RANGE_BREAKOUT_CONFIRMED_UP,ON,HIGH,2,Expected-range breakout CONFIRMED UP,"{""dedupe_key"":""NIFTY|EXP_RANGE_BREAKOUT_CONFIRMED_UP|ON|2026-07-20 10:51"",""threshold"":2,""value"":2,""since_minute_bucket_ist"":"""",""last_updated_ist"":""2026-07-20 10:51:00""}"
2026-07-20 00:00:00,2026-07-20 10:51:00,97,NIFTY,OPTION_MOMENTUM_CALL,OFF,MED,-0.75,ATM CALL momentum (ltp up + vol up),"{""dedupe_key"":""NIFTY|OPTION_MOMENTUM_CALL|OFF|2026-07-20 10:51"",""threshold"":1.5,""value"":-0.75,""since_minute_bucket_ist"":""2026-07-20 10:50"",""last_updated_ist"":""2026-07-20 10:51:00""}"
2026-07-20 00:00:00,2026-07-20 10:51:00,97,NIFTY,OPTION_MOMENTUM_PUT,ON,MED,1.55,ATM PUT momentum (ltp up + vol up),"{""dedupe_key"":""NIFTY|OPTION_MOMENTUM_PUT|ON|2026-07-20 10:51"",""threshold"":1.5,""value"":1.55,""since_minute_bucket_ist"":"""",""last_updated_ist"":""2026-07-20 10:51:00""}"
2026-07-20 00:00:00,2026-07-20 10:51:00,97,NIFTY,STEALTH_BUILD_BULL,OFF,MED,0.0058,"Stealth bullish build (puts build, spot flat)","{""dedupe_key"":""NIFTY|STEALTH_BUILD_BULL|OFF|2026-07-20 10:51"",""threshold"":0.008,""value"":0.0058,""since_minute_bucket_ist"":""2026-07-20 10:50"",""last_updated_ist"":""2026-07-20 10:51:00""}"
2026-07-20 00:00:00,2026-07-20 10:51:00,97,NIFTY,WALL_SHIFT_REGIME,OFF,MED,1,Wall strike shifted materially (>= 1 step),"{""dedupe_key"":""NIFTY|WALL_SHIFT_REGIME|OFF|2026-07-20 10:51"",""threshold"":1,""value"":1,""since_minute_bucket_ist"":""2026-07-20 10:50"",""last_updated_ist"":""2026-07-20 10:51:00""}"
2026-07-20 00:00:00,2026-07-20 10:52:00,98,NIFTY,REGIME_TREND_UP,OFF,MED,0.0002,Trend UP (slope + direction),"{""dedupe_key"":""NIFTY|REGIME_TREND_UP|OFF|2026-07-20 10:52"",""threshold"":0.0004,""value"":0.0002,""since_minute_bucket_ist"":""2026-07-20 10:50"",""last_updated_ist"":""2026-07-20 10:52:00""}"
2026-07-20 00:00:00,2026-07-20 10:52:00,98,NIFTY,REGIME_TRANSITION_UNCERTAIN,ON,LOW,1,Transition/uncertain regime,"{""dedupe_key"":""NIFTY|REGIME_TRANSITION_UNCERTAIN|ON|2026-07-20 10:52"",""threshold"":1,""value"":1,""since_minute_bucket_ist"":"""",""last_updated_ist"":""2026-07-20 10:52:00""}"
2026-07-20 00:00:00,2026-07-20 10:52:00,98,NIFTY,OPTION_MOMENTUM_PUT,OFF,MED,0,ATM PUT momentum (ltp up + vol up),"{""dedupe_key"":""NIFTY|OPTION_MOMENTUM_PUT|OFF|2026-07-20 10:52"",""threshold"":1.5,""value"":0,""since_minute_bucket_ist"":""2026-07-20 10:51"",""last_updated_ist"":""2026-07-20 10:52:00""}"
2026-07-20 00:00:00,2026-07-20 10:53:00,99,NIFTY,REGIME_RANGE_PIN,ON,LOW,0.0001,Range / pin (inside local walls),"{""dedupe_key"":""NIFTY|REGIME_RANGE_PIN|ON|2026-07-20 10:53"",""threshold"":0.0004,""value"":0.0001,""since_minute_bucket_ist"":"""",""last_updated_ist"":""2026-07-20 10:53:00""}"
2026-07-20 00:00:00,2026-07-20 10:53:00,99,NIFTY,REGIME_TRANSITION_UNCERTAIN,OFF,LOW,1,Transition/uncertain regime,"{""dedupe_key"":""NIFTY|REGIME_TRANSITION_UNCERTAIN|OFF|2026-07-20 10:53"",""threshold"":1,""value"":1,""since_minute_bucket_ist"":""2026-07-20 10:52"",""last_updated_ist"":""2026-07-20 10:53:00""}"
2026-07-20 00:00:00,2026-07-20 10:53:00,99,NIFTY,EXP_RANGE_BREAKOUT_WATCH_UP,OFF,MED,24227.5,Expected-range watch UP,"{""dedupe_key"":""NIFTY|EXP_RANGE_BREAKOUT_WATCH_UP|OFF|2026-07-20 10:53"",""threshold"":24230.35,""value"":24227.5,""since_minute_bucket_ist"":""2026-07-20 10:50"",""last_updated_ist"":""2026-07-20 10:53:00""}"
2026-07-20 00:00:00,2026-07-20 10:53:00,99,NIFTY,EXP_RANGE_BREAKOUT_CONFIRMED_UP,OFF,HIGH,0,Expected-range breakout CONFIRMED UP,"{""dedupe_key"":""NIFTY|EXP_RANGE_BREAKOUT_CONFIRMED_UP|OFF|2026-07-20 10:53"",""threshold"":2,""value"":0,""since_minute_bucket_ist"":""2026-07-20 10:51"",""last_updated_ist"":""2026-07-20 10:53:00""}"
2026-07-20 00:00:00,2026-07-20 10:54:00,100,NIFTY,REGIME_RANGE_PIN,OFF,LOW,0.0001,Range / pin (inside local walls),"{""dedupe_key"":""NIFTY|REGIME_RANGE_PIN|OFF|2026-07-20 10:54"",""threshold"":0.0004,""value"":0.0001,""since_minute_bucket_ist"":""2026-07-20 10:53"",""last_updated_ist"":""2026-07-20 10:54:00""}"
2026-07-20 00:00:00,2026-07-20 10:54:00,100,NIFTY,REGIME_TRANSITION_UNCERTAIN,ON,LOW,1,Transition/uncertain regime,"{""dedupe_key"":""NIFTY|REGIME_TRANSITION_UNCERTAIN|ON|2026-07-20 10:54"",""threshold"":1,""value"":1,""since_minute_bucket_ist"":"""",""last_updated_ist"":""2026-07-20 10:54:00""}"
2026-07-20 00:00:00,2026-07-20 10:54:00,100,NIFTY,VOL_EXPANSION,OFF,MED,-0.0207,Volatility expanding (straddle up),"{""dedupe_key"":""NIFTY|VOL_EXPANSION|OFF|2026-07-20 10:54"",""threshold"":0.02,""value"":-0.0207,""since_minute_bucket_ist"":""2026-07-20 10:50"",""last_updated_ist"":""2026-07-20 10:54:00""}"
2026-07-20 00:00:00,2026-07-20 10:54:00,100,NIFTY,OPTION_MOMENTUM_PUT,ON,MED,2.6,ATM PUT momentum (ltp up + vol up),"{""dedupe_key"":""NIFTY|OPTION_MOMENTUM_PUT|ON|2026-07-20 10:54"",""threshold"":1.5,""value"":2.6,""since_minute_bucket_ist"":"""",""last_updated_ist"":""2026-07-20 10:54:00""}"
2026-07-20 00:00:00,2026-07-20 10:54:00,100,NIFTY,WALL_UNWIND_CONFIRM_UP,ON,MED,-0.0315,Call wall OI unwinding (5m),"{""dedupe_key"":""NIFTY|WALL_UNWIND_CONFIRM_UP|ON|2026-07-20 10:54"",""threshold"":-0.006,""value"":-0.0315,""since_minute_bucket_ist"":"""",""last_updated_ist"":""2026-07-20 10:54:00""}"
2026-07-20 00:00:00,2026-07-20 10:54:00,100,NIFTY,WALL_SHIFT_REGIME,ON,MED,1,Wall strike shifted materially (>= 1 step),"{""dedupe_key"":""NIFTY|WALL_SHIFT_REGIME|ON|2026-07-20 10:54"",""threshold"":1,""value"":1,""since_minute_bucket_ist"":"""",""last_updated_ist"":""2026-07-20 10:54:00""}"
2026-07-20 00:00:00,2026-07-20 10:55:00,101,NIFTY,REGIME_TREND_DOWN,ON,MED,-0.0005,Trend DOWN (slope + direction),"{""dedupe_key"":""NIFTY|REGIME_TREND_DOWN|ON|2026-07-20 10:55"",""threshold"":-0.0004,""value"":-0.0005,""since_minute_bucket_ist"":"""",""last_updated_ist"":""2026-07-20 10:55:00""}"
2026-07-20 00:00:00,2026-07-20 10:55:00,101,NIFTY,REGIME_BREAKOUT_UP,ON,HIGH,2,Breakout UP (held above call wall),"{""dedupe_key"":""NIFTY|REGIME_BREAKOUT_UP|ON|2026-07-20 10:55"",""threshold"":2,""value"":2,""since_minute_bucket_ist"":"""",""last_updated_ist"":""2026-07-20 10:55:00""}"
2026-07-20 00:00:00,2026-07-20 10:55:00,101,NIFTY,REGIME_TRANSITION_UNCERTAIN,OFF,LOW,1,Transition/uncertain regime,"{""dedupe_key"":""NIFTY|REGIME_TRANSITION_UNCERTAIN|OFF|2026-07-20 10:55"",""threshold"":1,""value"":1,""since_minute_bucket_ist"":""2026-07-20 10:54"",""last_updated_ist"":""2026-07-20 10:55:00""}"
2026-07-20 00:00:00,2026-07-20 10:55:00,101,NIFTY,EXP_RANGE_BREAKOUT_WATCH_DOWN,ON,MED,24217.2,Expected-range watch DOWN,"{""dedupe_key"":""NIFTY|EXP_RANGE_BREAKOUT_WATCH_DOWN|ON|2026-07-20 10:55"",""threshold"":24217.36,""value"":24217.2,""since_minute_bucket_ist"":"""",""last_updated_ist"":""2026-07-20 10:55:00""}"
2026-07-20 00:00:00,2026-07-20 10:55:00,101,NIFTY,OPTION_MOMENTUM_PUT,OFF,MED,1.2,ATM PUT momentum (ltp up + vol up),"{""dedupe_key"":""NIFTY|OPTION_MOMENTUM_PUT|OFF|2026-07-20 10:55"",""threshold"":1.5,""value"":1.2,""since_minute_bucket_ist"":""2026-07-20 10:54"",""last_updated_ist"":""2026-07-20 10:55:00""}"
2026-07-20 00:00:00,2026-07-20 10:55:00,101,NIFTY,WALL_UNWIND_CONFIRM_UP,OFF,MED,0,Call wall OI unwinding (5m),"{""dedupe_key"":""NIFTY|WALL_UNWIND_CONFIRM_UP|OFF|2026-07-20 10:55"",""threshold"":-0.006,""value"":0,""since_minute_bucket_ist"":""2026-07-20 10:54"",""last_updated_ist"":""2026-07-20 10:55:00""}"
2026-07-20 00:00:00,2026-07-20 10:55:00,101,NIFTY,WALL_SHIFT_REGIME,OFF,MED,1,Wall strike shifted materially (>= 1 step),"{""dedupe_key"":""NIFTY|WALL_SHIFT_REGIME|OFF|2026-07-20 10:55"",""threshold"":1,""value"":1,""since_minute_bucket_ist"":""2026-07-20 10:54"",""last_updated_ist"":""2026-07-20 10:55:00""}"
2026-07-20 00:00:00,2026-07-20 10:56:00,102,NIFTY,REGIME_TREND_DOWN,OFF,MED,-0.0005,Trend DOWN (slope + direction),"{""dedupe_key"":""NIFTY|REGIME_TREND_DOWN|OFF|2026-07-20 10:56"",""threshold"":-0.0004,""value"":-0.0005,""since_minute_bucket_ist"":""2026-07-20 10:55"",""last_updated_ist"":""2026-07-20 10:56:00""}"
2026-07-20 00:00:00,2026-07-20 10:56:00,102,NIFTY,EXP_RANGE_BREAKOUT_WATCH_DOWN,OFF,MED,24219.35,Expected-range watch DOWN,"{""dedupe_key"":""NIFTY|EXP_RANGE_BREAKOUT_WATCH_DOWN|OFF|2026-07-20 10:56"",""threshold"":24217.25,""value"":24219.35,""since_minute_bucket_ist"":""2026-07-20 10:55"",""last_updated_ist"":""2026-07-20 10:56:00""}"
2026-07-20 00:00:00,2026-07-20 10:56:00,102,NIFTY,VOL_CONTRACTION,ON,LOW,-0.0297,Volatility contracting (straddle down),"{""dedupe_key"":""NIFTY|VOL_CONTRACTION|ON|2026-07-20 10:56"",""threshold"":-0.03,""value"":-0.0297,""since_minute_bucket_ist"":"""",""last_updated_ist"":""2026-07-20 10:56:00""}"
2026-07-20 00:00:00,2026-07-20 10:56:00,102,NIFTY,OPTION_MOMENTUM_PUT,ON,MED,2.1,ATM PUT momentum (ltp up + vol up),"{""dedupe_key"":""NIFTY|OPTION_MOMENTUM_PUT|ON|2026-07-20 10:56"",""threshold"":1.5,""value"":2.1,""since_minute_bucket_ist"":"""",""last_updated_ist"":""2026-07-20 10:56:00""}"
2026-07-20 00:00:00,2026-07-20 10:57:00,103,NIFTY,REGIME_RANGE_PIN,ON,LOW,0.0002,Range / pin (inside local walls),"{""dedupe_key"":""NIFTY|REGIME_RANGE_PIN|ON|2026-07-20 10:57"",""threshold"":0.0004,""value"":0.0002,""since_minute_bucket_ist"":"""",""last_updated_ist"":""2026-07-20 10:57:00""}"
2026-07-20 00:00:00,2026-07-20 10:57:00,103,NIFTY,REGIME_BREAKOUT_UP,OFF,HIGH,0,Breakout UP (held above call wall),"{""dedupe_key"":""NIFTY|REGIME_BREAKOUT_UP|OFF|2026-07-20 10:57"",""threshold"":2,""value"":0,""since_minute_bucket_ist"":""2026-07-20 10:55"",""last_updated_ist"":""2026-07-20 10:57:00""}"
2026-07-20 00:00:00,2026-07-20 10:57:00,103,NIFTY,VOL_CONTRACTION,OFF,LOW,-0.0077,Volatility contracting (straddle down),"{""dedupe_key"":""NIFTY|VOL_CONTRACTION|OFF|2026-07-20 10:57"",""threshold"":-0.03,""value"":-0.0077,""since_minute_bucket_ist"":""2026-07-20 10:56"",""last_updated_ist"":""2026-07-20 10:57:00""}"
2026-07-20 00:00:00,2026-07-20 10:57:00,103,NIFTY,OPTION_MOMENTUM_CALL,ON,MED,3.85,ATM CALL momentum (ltp up + vol up),"{""dedupe_key"":""NIFTY|OPTION_MOMENTUM_CALL|ON|2026-07-20 10:57"",""threshold"":1.5,""value"":3.85,""since_minute_bucket_ist"":"""",""last_updated_ist"":""2026-07-20 10:57:00""}"
2026-07-20 00:00:00,2026-07-20 10:57:00,103,NIFTY,OPTION_MOMENTUM_PUT,OFF,MED,-6.35,ATM PUT momentum (ltp up + vol up),"{""dedupe_key"":""NIFTY|OPTION_MOMENTUM_PUT|OFF|2026-07-20 10:57"",""threshold"":1.5,""value"":-6.35,""since_minute_bucket_ist"":""2026-07-20 10:56"",""last_updated_ist"":""2026-07-20 10:57:00""}"
2026-07-20 00:00:00,2026-07-20 10:57:00,103,NIFTY,WALL_SHIFT_REGIME,ON,MED,1,Wall strike shifted materially (>= 1 step),"{""dedupe_key"":""NIFTY|WALL_SHIFT_REGIME|ON|2026-07-20 10:57"",""threshold"":1,""value"":1,""since_minute_bucket_ist"":"""",""last_updated_ist"":""2026-07-20 10:57:00""}"
2026-07-20 00:00:00,2026-07-20 10:58:00,104,NIFTY,REGIME_RANGE_PIN,OFF,LOW,0.0002,Range / pin (inside local walls),"{""dedupe_key"":""NIFTY|REGIME_RANGE_PIN|OFF|2026-07-20 10:58"",""threshold"":0.0004,""value"":0.0002,""since_minute_bucket_ist"":""2026-07-20 10:57"",""last_updated_ist"":""2026-07-20 10:58:00""}"
2026-07-20 00:00:00,2026-07-20 10:58:00,104,NIFTY,REGIME_TRANSITION_UNCERTAIN,ON,LOW,1,Transition/uncertain regime,"{""dedupe_key"":""NIFTY|REGIME_TRANSITION_UNCERTAIN|ON|2026-07-20 10:58"",""threshold"":1,""value"":1,""since_minute_bucket_ist"":"""",""last_updated_ist"":""2026-07-20 10:58:00""}"
2026-07-20 00:00:00,2026-07-20 10:58:00,104,NIFTY,VOL_CONTRACTION,ON,LOW,-0.0064,Volatility contracting (straddle down),"{""dedupe_key"":""NIFTY|VOL_CONTRACTION|ON|2026-07-20 10:58"",""threshold"":-0.03,""value"":-0.0064,""since_minute_bucket_ist"":"""",""last_updated_ist"":""2026-07-20 10:58:00""}"
2026-07-20 00:00:00,2026-07-20 10:58:00,104,NIFTY,OPTION_MOMENTUM_CALL,OFF,MED,0.6,ATM CALL momentum (ltp up + vol up),"{""dedupe_key"":""NIFTY|OPTION_MOMENTUM_CALL|OFF|2026-07-20 10:58"",""threshold"":1.5,""value"":0.6,""since_minute_bucket_ist"":""2026-07-20 10:57"",""last_updated_ist"":""2026-07-20 10:58:00""}"
2026-07-20 00:00:00,2026-07-20 10:59:00,105,NIFTY,VOL_CONTRACTION,OFF,LOW,0.0157,Volatility contracting (straddle down),"{""dedupe_key"":""NIFTY|VOL_CONTRACTION|OFF|2026-07-20 10:59"",""threshold"":-0.03,""value"":0.0157,""since_minute_bucket_ist"":""2026-07-20 10:58"",""last_updated_ist"":""2026-07-20 10:59:00""}"
2026-07-20 00:00:00,2026-07-20 10:59:00,105,NIFTY,OPTION_MOMENTUM_CALL,ON,MED,2.25,ATM CALL momentum (ltp up + vol up),"{""dedupe_key"":""NIFTY|OPTION_MOMENTUM_CALL|ON|2026-07-20 10:59"",""threshold"":1.5,""value"":2.25,""since_minute_bucket_ist"":"""",""last_updated_ist"":""2026-07-20 10:59:00""}"
2026-07-20 00:00:00,2026-07-20 11:00:00,106,NIFTY,FLOW_BULLISH_BUILD,ON,HIGH,0.0038,Bullish build (premium-confirmed writing / support),"{""dedupe_key"":""NIFTY|FLOW_BULLISH_BUILD|ON|2026-07-20 11:00"",""threshold"":0.005,""value"":0.0038,""since_minute_bucket_ist"":"""",""last_updated_ist"":""2026-07-20 11:00:00""}"
2026-07-20 00:00:00,2026-07-20 11:00:00,106,NIFTY,VOL_EXPANSION,ON,MED,0.0219,Volatility expanding (straddle up),"{""dedupe_key"":""NIFTY|VOL_EXPANSION|ON|2026-07-20 11:00"",""threshold"":0.02,""value"":0.0219,""since_minute_bucket_ist"":"""",""last_updated_ist"":""2026-07-20 11:00:00""}"
2026-07-20 00:00:00,2026-07-20 11:00:00,106,NIFTY,OPTION_MOMENTUM_CALL,OFF,MED,1.15,ATM CALL momentum (ltp up + vol up),"{""dedupe_key"":""NIFTY|OPTION_MOMENTUM_CALL|OFF|2026-07-20 11:00"",""threshold"":1.5,""value"":1.15,""since_minute_bucket_ist"":""2026-07-20 10:59"",""last_updated_ist"":""2026-07-20 11:00:00""}"
2026-07-20 00:00:00,2026-07-20 11:00:00,106,NIFTY,WALL_SHIFT_REGIME,OFF,MED,1,Wall strike shifted materially (>= 1 step),"{""dedupe_key"":""NIFTY|WALL_SHIFT_REGIME|OFF|2026-07-20 11:00"",""threshold"":1,""value"":1,""since_minute_bucket_ist"":""2026-07-20 10:57"",""last_updated_ist"":""2026-07-20 11:00:00""}"
2026-07-20 00:00:00,2026-07-20 11:01:00,107,NIFTY,FLOW_BULLISH_BUILD,OFF,HIGH,0.002,Bullish build (premium-confirmed writing / support),"{""dedupe_key"":""NIFTY|FLOW_BULLISH_BUILD|OFF|2026-07-20 11:01"",""threshold"":0.005,""value"":0.002,""since_minute_bucket_ist"":""2026-07-20 11:00"",""last_updated_ist"":""2026-07-20 11:01:00""}"
2026-07-20 00:00:00,2026-07-20 11:01:00,107,NIFTY,VOL_EXPANSION,OFF,MED,-0.0237,Volatility expanding (straddle up),"{""dedupe_key"":""NIFTY|VOL_EXPANSION|OFF|2026-07-20 11:01"",""threshold"":0.02,""value"":-0.0237,""since_minute_bucket_ist"":""2026-07-20 11:00"",""last_updated_ist"":""2026-07-20 11:01:00""}"
2026-07-20 00:00:00,2026-07-20 11:01:00,107,NIFTY,VOL_CONTRACTION,ON,LOW,-0.0237,Volatility contracting (straddle down),"{""dedupe_key"":""NIFTY|VOL_CONTRACTION|ON|2026-07-20 11:01"",""threshold"":-0.03,""value"":-0.0237,""since_minute_bucket_ist"":"""",""last_updated_ist"":""2026-07-20 11:01:00""}"
2026-07-20 00:00:00,2026-07-20 11:01:00,107,NIFTY,OPTION_MOMENTUM_PUT,ON,MED,4.05,ATM PUT momentum (ltp up + vol up),"{""dedupe_key"":""NIFTY|OPTION_MOMENTUM_PUT|ON|2026-07-20 11:01"",""threshold"":1.5,""value"":4.05,""since_minute_bucket_ist"":"""",""last_updated_ist"":""2026-07-20 11:01:00""}"
2026-07-20 00:00:00,2026-07-20 11:01:00,107,NIFTY,WALL_SHIFT_REGIME,ON,MED,1,Wall strike shifted materially (>= 1 step),"{""dedupe_key"":""NIFTY|WALL_SHIFT_REGIME|ON|2026-07-20 11:01"",""threshold"":1,""value"":1,""since_minute_bucket_ist"":"""",""last_updated_ist"":""2026-07-20 11:01:00""}"
2026-07-20 00:00:00,2026-07-20 11:02:00,108,NIFTY,FLOW_BULLISH_BUILD,ON,HIGH,0.0043,Bullish build (premium-confirmed writing / support),"{""dedupe_key"":""NIFTY|FLOW_BULLISH_BUILD|ON|2026-07-20 11:02"",""threshold"":0.005,""value"":0.0043,""since_minute_bucket_ist"":"""",""last_updated_ist"":""2026-07-20 11:02:00""}"
2026-07-20 00:00:00,2026-07-20 11:02:00,108,NIFTY,REGIME_BREAKOUT_UP,ON,HIGH,2,Breakout UP (held above call wall),"{""dedupe_key"":""NIFTY|REGIME_BREAKOUT_UP|ON|2026-07-20 11:02"",""threshold"":2,""value"":2,""since_minute_bucket_ist"":"""",""last_updated_ist"":""2026-07-20 11:02:00""}"
2026-07-20 00:00:00,2026-07-20 11:02:00,108,NIFTY,REGIME_TRANSITION_UNCERTAIN,OFF,LOW,1,Transition/uncertain regime,"{""dedupe_key"":""NIFTY|REGIME_TRANSITION_UNCERTAIN|OFF|2026-07-20 11:02"",""threshold"":1,""value"":1,""since_minute_bucket_ist"":""2026-07-20 10:58"",""last_updated_ist"":""2026-07-20 11:02:00""}"
2026-07-20 00:00:00,2026-07-20 11:02:00,108,NIFTY,OPTION_MOMENTUM_PUT,OFF,MED,0.35,ATM PUT momentum (ltp up + vol up),"{""dedupe_key"":""NIFTY|OPTION_MOMENTUM_PUT|OFF|2026-07-20 11:02"",""threshold"":1.5,""value"":0.35,""since_minute_bucket_ist"":""2026-07-20 11:01"",""last_updated_ist"":""2026-07-20 11:02:00""}"
2026-07-20 00:00:00,2026-07-20 11:02:00,108,NIFTY,WALL_SHIFT_REGIME,OFF,MED,1,Wall strike shifted materially (>= 1 step),"{""dedupe_key"":""NIFTY|WALL_SHIFT_REGIME|OFF|2026-07-20 11:02"",""threshold"":1,""value"":1,""since_minute_bucket_ist"":""2026-07-20 11:01"",""last_updated_ist"":""2026-07-20 11:02:00""}"
2026-07-20 00:00:00,2026-07-20 11:03:00,109,NIFTY,FLOW_BULLISH_BUILD,OFF,HIGH,0,Bullish build (premium-confirmed writing / support),"{""dedupe_key"":""NIFTY|FLOW_BULLISH_BUILD|OFF|2026-07-20 11:03"",""threshold"":0.005,""value"":0,""since_minute_bucket_ist"":""2026-07-20 11:02"",""last_updated_ist"":""2026-07-20 11:03:00""}"
2026-07-20 00:00:00,2026-07-20 11:04:00,110,NIFTY,VOL_CONTRACTION,OFF,LOW,-0.0248,Volatility contracting (straddle down),"{""dedupe_key"":""NIFTY|VOL_CONTRACTION|OFF|2026-07-20 11:04"",""threshold"":-0.03,""value"":-0.0248,""since_minute_bucket_ist"":""2026-07-20 11:01"",""last_updated_ist"":""2026-07-20 11:04:00""}"
2026-07-20 00:00:00,2026-07-20 11:04:00,110,NIFTY,OPTION_MOMENTUM_CALL,ON,MED,1.9,ATM CALL momentum (ltp up + vol up),"{""dedupe_key"":""NIFTY|OPTION_MOMENTUM_CALL|ON|2026-07-20 11:04"",""threshold"":1.5,""value"":1.9,""since_minute_bucket_ist"":"""",""last_updated_ist"":""2026-07-20 11:04:00""}"
2026-07-20 00:00:00,2026-07-20 11:05:00,111,NIFTY,FLOW_BEARISH_BUILD,ON,HIGH,0.004,Bearish build (premium-confirmed writing / resistance),"{""dedupe_key"":""NIFTY|FLOW_BEARISH_BUILD|ON|2026-07-20 11:05"",""threshold"":0.005,""value"":0.004,""since_minute_bucket_ist"":"""",""last_updated_ist"":""2026-07-20 11:05:00""}"
2026-07-20 00:00:00,2026-07-20 11:05:00,111,NIFTY,REGIME_TREND_DOWN,ON,MED,-0.0006,Trend DOWN (slope + direction),"{""dedupe_key"":""NIFTY|REGIME_TREND_DOWN|ON|2026-07-20 11:05"",""threshold"":-0.0004,""value"":-0.0006,""since_minute_bucket_ist"":"""",""last_updated_ist"":""2026-07-20 11:05:00""}"
2026-07-20 00:00:00,2026-07-20 11:05:00,111,NIFTY,PIN_BREAKOUT_SETUP,ON,MED,-8.5,Pin breakout setup (wall touch + aligned flow),"{""dedupe_key"":""NIFTY|PIN_BREAKOUT_SETUP|ON|2026-07-20 11:05"",""threshold"":0,""value"":-8.5,""since_minute_bucket_ist"":"""",""last_updated_ist"":""2026-07-20 11:05:00""}"
2026-07-20 00:00:00,2026-07-20 11:05:00,111,NIFTY,EXP_RANGE_BREAKOUT_WATCH_DOWN,ON,MED,24213.8,Expected-range watch DOWN,"{""dedupe_key"":""NIFTY|EXP_RANGE_BREAKOUT_WATCH_DOWN|ON|2026-07-20 11:05"",""threshold"":24216.45,""value"":24213.8,""since_minute_bucket_ist"":"""",""last_updated_ist"":""2026-07-20 11:05:00""}"
2026-07-20 00:00:00,2026-07-20 11:05:00,111,NIFTY,OPTION_MOMENTUM_CALL,OFF,MED,-6.3,ATM CALL momentum (ltp up + vol up),"{""dedupe_key"":""NIFTY|OPTION_MOMENTUM_CALL|OFF|2026-07-20 11:05"",""threshold"":1.5,""value"":-6.3,""since_minute_bucket_ist"":""2026-07-20 11:04"",""last_updated_ist"":""2026-07-20 11:05:00""}"
2026-07-20 00:00:00,2026-07-20 11:05:00,111,NIFTY,OPTION_MOMENTUM_PUT,ON,MED,6.2,ATM PUT momentum (ltp up + vol up),"{""dedupe_key"":""NIFTY|OPTION_MOMENTUM_PUT|ON|2026-07-20 11:05"",""threshold"":1.5,""value"":6.2,""since_minute_bucket_ist"":"""",""last_updated_ist"":""2026-07-20 11:05:00""}"
2026-07-20 00:00:00,2026-07-20 11:05:00,111,NIFTY,CHURN_COMMITTED,ON,MED,-0.0004,Price move + aligned flow (committed),"{""dedupe_key"":""NIFTY|CHURN_COMMITTED|ON|2026-07-20 11:05"",""threshold"":0.0001,""value"":-0.0004,""since_minute_bucket_ist"":"""",""last_updated_ist"":""2026-07-20 11:05:00""}"
2026-07-20 00:00:00,2026-07-20 11:05:00,111,NIFTY,WALL_PRESSURE_BREAK_SETUP,ON,MED,-8.5,Pressure building into a wall (break setup),"{""dedupe_key"":""NIFTY|WALL_PRESSURE_BREAK_SETUP|ON|2026-07-20 11:05"",""threshold"":0,""value"":-8.5,""since_minute_bucket_ist"":"""",""last_updated_ist"":""2026-07-20 11:05:00""}"
2026-07-20 00:00:00,2026-07-20 11:06:00,112,NIFTY,FLOW_BEARISH_BUILD,OFF,HIGH,0,Bearish build (premium-confirmed writing / resistance),"{""dedupe_key"":""NIFTY|FLOW_BEARISH_BUILD|OFF|2026-07-20 11:06"",""threshold"":0.005,""value"":0,""since_minute_bucket_ist"":""2026-07-20 11:05"",""last_updated_ist"":""2026-07-20 11:06:00""}"
2026-07-20 00:00:00,2026-07-20 11:06:00,112,NIFTY,PIN_BREAKOUT_SETUP,OFF,MED,0,Pin breakout setup (wall touch + aligned flow),"{""dedupe_key"":""NIFTY|PIN_BREAKOUT_SETUP|OFF|2026-07-20 11:06"",""threshold"":0,""value"":0,""since_minute_bucket_ist"":""2026-07-20 11:05"",""last_updated_ist"":""2026-07-20 11:06:00""}"
2026-07-20 00:00:00,2026-07-20 11:06:00,112,NIFTY,EXP_RANGE_BREAKOUT_CONFIRMED_DOWN,ON,HIGH,2,Expected-range breakout CONFIRMED DOWN,"{""dedupe_key"":""NIFTY|EXP_RANGE_BREAKOUT_CONFIRMED_DOWN|ON|2026-07-20 11:06"",""threshold"":2,""value"":2,""since_minute_bucket_ist"":"""",""last_updated_ist"":""2026-07-20 11:06:00""}"
2026-07-20 00:00:00,2026-07-20 11:06:00,112,NIFTY,OPTION_MOMENTUM_PUT,OFF,MED,0,ATM PUT momentum (ltp up + vol up),"{""dedupe_key"":""NIFTY|OPTION_MOMENTUM_PUT|OFF|2026-07-20 11:06"",""threshold"":1.5,""value"":0,""since_minute_bucket_ist"":""2026-07-20 11:05"",""last_updated_ist"":""2026-07-20 11:06:00""}"
2026-07-20 00:00:00,2026-07-20 11:06:00,112,NIFTY,CHURN_COMMITTED,OFF,MED,0,Price move + aligned flow (committed),"{""dedupe_key"":""NIFTY|CHURN_COMMITTED|OFF|2026-07-20 11:06"",""threshold"":0.0001,""value"":0,""since_minute_bucket_ist"":""2026-07-20 11:05"",""last_updated_ist"":""2026-07-20 11:06:00""}"
2026-07-20 00:00:00,2026-07-20 11:06:00,112,NIFTY,WALL_PRESSURE_BREAK_SETUP,OFF,MED,0,Pressure building into a wall (break setup),"{""dedupe_key"":""NIFTY|WALL_PRESSURE_BREAK_SETUP|OFF|2026-07-20 11:06"",""threshold"":0,""value"":0,""since_minute_bucket_ist"":""2026-07-20 11:05"",""last_updated_ist"":""2026-07-20 11:06:00""}"
2026-07-20 00:00:00,2026-07-20 11:07:00,113,NIFTY,FLOW_BULLISH_BUILD,ON,HIGH,0.0005,Bullish build (premium-confirmed writing / support),"{""dedupe_key"":""NIFTY|FLOW_BULLISH_BUILD|ON|2026-07-20 11:07"",""threshold"":0.005,""value"":0.0005,""since_minute_bucket_ist"":"""",""last_updated_ist"":""2026-07-20 11:07:00""}"
2026-07-20 00:00:00,2026-07-20 11:07:00,113,NIFTY,REGIME_TREND_DOWN,OFF,MED,0.0001,Trend DOWN (slope + direction),"{""dedupe_key"":""NIFTY|REGIME_TREND_DOWN|OFF|2026-07-20 11:07"",""threshold"":-0.0004,""value"":0.0001,""since_minute_bucket_ist"":""2026-07-20 11:05"",""last_updated_ist"":""2026-07-20 11:07:00""}"
2026-07-20 00:00:00,2026-07-20 11:07:00,113,NIFTY,PIN_BREAKOUT_SETUP,ON,MED,9.25,Pin breakout setup (wall touch + aligned flow),"{""dedupe_key"":""NIFTY|PIN_BREAKOUT_SETUP|ON|2026-07-20 11:07"",""threshold"":0,""value"":9.25,""since_minute_bucket_ist"":"""",""last_updated_ist"":""2026-07-20 11:07:00""}"
2026-07-20 00:00:00,2026-07-20 11:07:00,113,NIFTY,EXP_RANGE_BREAKOUT_WATCH_DOWN,OFF,MED,24223.05,Expected-range watch DOWN,"{""dedupe_key"":""NIFTY|EXP_RANGE_BREAKOUT_WATCH_DOWN|OFF|2026-07-20 11:07"",""threshold"":24215.66,""value"":24223.05,""since_minute_bucket_ist"":""2026-07-20 11:05"",""last_updated_ist"":""2026-07-20 11:07:00""}"
2026-07-20 00:00:00,2026-07-20 11:07:00,113,NIFTY,EXP_RANGE_BREAKOUT_CONFIRMED_DOWN,OFF,HIGH,0,Expected-range breakout CONFIRMED DOWN,"{""dedupe_key"":""NIFTY|EXP_RANGE_BREAKOUT_CONFIRMED_DOWN|OFF|2026-07-20 11:07"",""threshold"":2,""value"":0,""since_minute_bucket_ist"":""2026-07-20 11:06"",""last_updated_ist"":""2026-07-20 11:07:00""}"
2026-07-20 00:00:00,2026-07-20 11:07:00,113,NIFTY,OPTION_MOMENTUM_CALL,ON,MED,1.65,ATM CALL momentum (ltp up + vol up),"{""dedupe_key"":""NIFTY|OPTION_MOMENTUM_CALL|ON|2026-07-20 11:07"",""threshold"":1.5,""value"":1.65,""since_minute_bucket_ist"":"""",""last_updated_ist"":""2026-07-20 11:07:00""}"
2026-07-20 00:00:00,2026-07-20 11:07:00,113,NIFTY,CHURN_COMMITTED,ON,MED,0.0004,Price move + aligned flow (committed),"{""dedupe_key"":""NIFTY|CHURN_COMMITTED|ON|2026-07-20 11:07"",""threshold"":0.0001,""value"":0.0004,""since_minute_bucket_ist"":"""",""last_updated_ist"":""2026-07-20 11:07:00""}"
2026-07-20 00:00:00,2026-07-20 11:07:00,113,NIFTY,WALL_PRESSURE_BREAK_SETUP,ON,MED,9.25,Pressure building into a wall (break setup),"{""dedupe_key"":""NIFTY|WALL_PRESSURE_BREAK_SETUP|ON|2026-07-20 11:07"",""threshold"":0,""value"":9.25,""since_minute_bucket_ist"":"""",""last_updated_ist"":""2026-07-20 11:07:00""}"
2026-07-20 00:00:00,2026-07-20 11:08:00,114,NIFTY,FLOW_BULLISH_BUILD,OFF,HIGH,-0.0035,Bullish build (premium-confirmed writing / support),"{""dedupe_key"":""NIFTY|FLOW_BULLISH_BUILD|OFF|2026-07-20 11:08"",""threshold"":0.005,""value"":-0.0035,""since_minute_bucket_ist"":""2026-07-20 11:07"",""last_updated_ist"":""2026-07-20 11:08:00""}"
2026-07-20 00:00:00,2026-07-20 11:08:00,114,NIFTY,REGIME_BREAKOUT_UP,OFF,HIGH,0,Breakout UP (held above call wall),"{""dedupe_key"":""NIFTY|REGIME_BREAKOUT_UP|OFF|2026-07-20 11:08"",""threshold"":2,""value"":0,""since_minute_bucket_ist"":""2026-07-20 11:02"",""last_updated_ist"":""2026-07-20 11:08:00""}"
2026-07-20 00:00:00,2026-07-20 11:08:00,114,NIFTY,REGIME_TRANSITION_UNCERTAIN,ON,LOW,1,Transition/uncertain regime,"{""dedupe_key"":""NIFTY|REGIME_TRANSITION_UNCERTAIN|ON|2026-07-20 11:08"",""threshold"":1,""value"":1,""since_minute_bucket_ist"":"""",""last_updated_ist"":""2026-07-20 11:08:00""}"
2026-07-20 00:00:00,2026-07-20 11:08:00,114,NIFTY,PIN_BREAKOUT_SETUP,OFF,MED,7.5,Pin breakout setup (wall touch + aligned flow),"{""dedupe_key"":""NIFTY|PIN_BREAKOUT_SETUP|OFF|2026-07-20 11:08"",""threshold"":0,""value"":7.5,""since_minute_bucket_ist"":""2026-07-20 11:07"",""last_updated_ist"":""2026-07-20 11:08:00""}"
2026-07-20 00:00:00,2026-07-20 11:08:00,114,NIFTY,CHURN_COMMITTED,OFF,MED,0.0003,Price move + aligned flow (committed),"{""dedupe_key"":""NIFTY|CHURN_COMMITTED|OFF|2026-07-20 11:08"",""threshold"":0.0001,""value"":0.0003,""since_minute_bucket_ist"":""2026-07-20 11:07"",""last_updated_ist"":""2026-07-20 11:08:00""}"
2026-07-20 00:00:00,2026-07-20 11:08:00,114,NIFTY,WALL_SHIFT_REGIME,ON,MED,1,Wall strike shifted materially (>= 1 step),"{""dedupe_key"":""NIFTY|WALL_SHIFT_REGIME|ON|2026-07-20 11:08"",""threshold"":1,""value"":1,""since_minute_bucket_ist"":"""",""last_updated_ist"":""2026-07-20 11:08:00""}"
2026-07-20 00:00:00,2026-07-20 11:08:00,114,NIFTY,WALL_PRESSURE_BREAK_SETUP,OFF,MED,7.5,Pressure building into a wall (break setup),"{""dedupe_key"":""NIFTY|WALL_PRESSURE_BREAK_SETUP|OFF|2026-07-20 11:08"",""threshold"":0,""value"":7.5,""since_minute_bucket_ist"":""2026-07-20 11:07"",""last_updated_ist"":""2026-07-20 11:08:00""}"
2026-07-20 00:00:00,2026-07-20 11:09:00,115,NIFTY,VOL_EXPANSION,ON,MED,0.0196,Volatility expanding (straddle up),"{""dedupe_key"":""NIFTY|VOL_EXPANSION|ON|2026-07-20 11:09"",""threshold"":0.02,""value"":0.0196,""since_minute_bucket_ist"":"""",""last_updated_ist"":""2026-07-20 11:09:00""}"
2026-07-20 00:00:00,2026-07-20 11:09:00,115,NIFTY,OPTION_MOMENTUM_CALL,OFF,MED,-1.2,ATM CALL momentum (ltp up + vol up),"{""dedupe_key"":""NIFTY|OPTION_MOMENTUM_CALL|OFF|2026-07-20 11:09"",""threshold"":1.5,""value"":-1.2,""since_minute_bucket_ist"":""2026-07-20 11:07"",""last_updated_ist"":""2026-07-20 11:09:00""}"
2026-07-20 00:00:00,2026-07-20 11:09:00,115,NIFTY,OPTION_MOMENTUM_PUT,ON,MED,2.05,ATM PUT momentum (ltp up + vol up),"{""dedupe_key"":""NIFTY|OPTION_MOMENTUM_PUT|ON|2026-07-20 11:09"",""threshold"":1.5,""value"":2.05,""since_minute_bucket_ist"":"""",""last_updated_ist"":""2026-07-20 11:09:00""}"
2026-07-20 00:00:00,2026-07-20 11:09:00,115,NIFTY,WALL_SHIFT_REGIME,OFF,MED,1,Wall strike shifted materially (>= 1 step),"{""dedupe_key"":""NIFTY|WALL_SHIFT_REGIME|OFF|2026-07-20 11:09"",""threshold"":1,""value"":1,""since_minute_bucket_ist"":""2026-07-20 11:08"",""last_updated_ist"":""2026-07-20 11:09:00""}"
2026-07-20 00:00:00,2026-07-20 11:10:00,116,NIFTY,VOL_EXPANSION,OFF,MED,0.0018,Volatility expanding (straddle up),"{""dedupe_key"":""NIFTY|VOL_EXPANSION|OFF|2026-07-20 11:10"",""threshold"":0.02,""value"":0.0018,""since_minute_bucket_ist"":""2026-07-20 11:09"",""last_updated_ist"":""2026-07-20 11:10:00""}"
2026-07-20 00:00:00,2026-07-20 11:10:00,116,NIFTY,OPTION_MOMENTUM_PUT,OFF,MED,0,ATM PUT momentum (ltp up + vol up),"{""dedupe_key"":""NIFTY|OPTION_MOMENTUM_PUT|OFF|2026-07-20 11:10"",""threshold"":1.5,""value"":0,""since_minute_bucket_ist"":""2026-07-20 11:09"",""last_updated_ist"":""2026-07-20 11:10:00""}"
2026-07-20 00:00:00,2026-07-20 11:10:00,116,NIFTY,WALL_SHIFT_REGIME,ON,MED,1,Wall strike shifted materially (>= 1 step),"{""dedupe_key"":""NIFTY|WALL_SHIFT_REGIME|ON|2026-07-20 11:10"",""threshold"":1,""value"":1,""since_minute_bucket_ist"":"""",""last_updated_ist"":""2026-07-20 11:10:00""}"
2026-07-20 00:00:00,2026-07-20 11:11:00,117,NIFTY,REGIME_BREAKOUT_UP,ON,HIGH,2,Breakout UP (held above call wall),"{""dedupe_key"":""NIFTY|REGIME_BREAKOUT_UP|ON|2026-07-20 11:11"",""threshold"":2,""value"":2,""since_minute_bucket_ist"":"""",""last_updated_ist"":""2026-07-20 11:11:00""}"
2026-07-20 00:00:00,2026-07-20 11:11:00,117,NIFTY,REGIME_TRANSITION_UNCERTAIN,OFF,LOW,1,Transition/uncertain regime,"{""dedupe_key"":""NIFTY|REGIME_TRANSITION_UNCERTAIN|OFF|2026-07-20 11:11"",""threshold"":1,""value"":1,""since_minute_bucket_ist"":""2026-07-20 11:08"",""last_updated_ist"":""2026-07-20 11:11:00""}"
2026-07-20 00:00:00,2026-07-20 11:11:00,117,NIFTY,WALL_SHIFT_REGIME,OFF,MED,1,Wall strike shifted materially (>= 1 step),"{""dedupe_key"":""NIFTY|WALL_SHIFT_REGIME|OFF|2026-07-20 11:11"",""threshold"":1,""value"":1,""since_minute_bucket_ist"":""2026-07-20 11:10"",""last_updated_ist"":""2026-07-20 11:11:00""}"
2026-07-20 00:00:00,2026-07-20 11:12:00,118,NIFTY,VOL_CONTRACTION,ON,LOW,-0.0245,Volatility contracting (straddle down),"{""dedupe_key"":""NIFTY|VOL_CONTRACTION|ON|2026-07-20 11:12"",""threshold"":-0.03,""value"":-0.0245,""since_minute_bucket_ist"":"""",""last_updated_ist"":""2026-07-20 11:12:00""}"
2026-07-20 00:00:00,2026-07-20 11:12:00,118,NIFTY,OPTION_MOMENTUM_PUT,ON,MED,3.25,ATM PUT momentum (ltp up + vol up),"{""dedupe_key"":""NIFTY|OPTION_MOMENTUM_PUT|ON|2026-07-20 11:12"",""threshold"":1.5,""value"":3.25,""since_minute_bucket_ist"":"""",""last_updated_ist"":""2026-07-20 11:12:00""}"
2026-07-20 00:00:00,2026-07-20 11:12:00,118,NIFTY,WALL_UNWIND_CONFIRM_DOWN,ON,MED,-0.0085,Put wall OI unwinding (5m),"{""dedupe_key"":""NIFTY|WALL_UNWIND_CONFIRM_DOWN|ON|2026-07-20 11:12"",""threshold"":-0.006,""value"":-0.0085,""since_minute_bucket_ist"":"""",""last_updated_ist"":""2026-07-20 11:12:00""}"
2026-07-20 00:00:00,2026-07-20 11:13:00,119,NIFTY,REGIME_TREND_DOWN,ON,MED,-0.0004,Trend DOWN (slope + direction),"{""dedupe_key"":""NIFTY|REGIME_TREND_DOWN|ON|2026-07-20 11:13"",""threshold"":-0.0004,""value"":-0.0004,""since_minute_bucket_ist"":"""",""last_updated_ist"":""2026-07-20 11:13:00""}"
2026-07-20 00:00:00,2026-07-20 11:13:00,119,NIFTY,VOL_CONTRACTION,OFF,LOW,-0.025,Volatility contracting (straddle down),"{""dedupe_key"":""NIFTY|VOL_CONTRACTION|OFF|2026-07-20 11:13"",""threshold"":-0.03,""value"":-0.025,""since_minute_bucket_ist"":""2026-07-20 11:12"",""last_updated_ist"":""2026-07-20 11:13:00""}"
2026-07-20 00:00:00,2026-07-20 11:13:00,119,NIFTY,OPTION_MOMENTUM_CALL,ON,MED,1.6,ATM CALL momentum (ltp up + vol up),"{""dedupe_key"":""NIFTY|OPTION_MOMENTUM_CALL|ON|2026-07-20 11:13"",""threshold"":1.5,""value"":1.6,""since_minute_bucket_ist"":"""",""last_updated_ist"":""2026-07-20 11:13:00""}"
2026-07-20 00:00:00,2026-07-20 11:13:00,119,NIFTY,OPTION_MOMENTUM_PUT,OFF,MED,-0.85,ATM PUT momentum (ltp up + vol up),"{""dedupe_key"":""NIFTY|OPTION_MOMENTUM_PUT|OFF|2026-07-20 11:13"",""threshold"":1.5,""value"":-0.85,""since_minute_bucket_ist"":""2026-07-20 11:12"",""last_updated_ist"":""2026-07-20 11:13:00""}"
2026-07-20 00:00:00,2026-07-20 11:13:00,119,NIFTY,WALL_UNWIND_CONFIRM_DOWN,OFF,MED,-0.0028,Put wall OI unwinding (5m),"{""dedupe_key"":""NIFTY|WALL_UNWIND_CONFIRM_DOWN|OFF|2026-07-20 11:13"",""threshold"":-0.006,""value"":-0.0028,""since_minute_bucket_ist"":""2026-07-20 11:12"",""last_updated_ist"":""2026-07-20 11:13:00""}"
2026-07-20 00:00:00,2026-07-20 11:14:00,120,NIFTY,OPTION_MOMENTUM_CALL,OFF,MED,-2.45,ATM CALL momentum (ltp up + vol up),"{""dedupe_key"":""NIFTY|OPTION_MOMENTUM_CALL|OFF|2026-07-20 11:14"",""threshold"":1.5,""value"":-2.45,""since_minute_bucket_ist"":""2026-07-20 11:13"",""last_updated_ist"":""2026-07-20 11:14:00""}"
2026-07-20 00:00:00,2026-07-20 11:14:00,120,NIFTY,OPTION_MOMENTUM_PUT,ON,MED,2.2,ATM PUT momentum (ltp up + vol up),"{""dedupe_key"":""NIFTY|OPTION_MOMENTUM_PUT|ON|2026-07-20 11:14"",""threshold"":1.5,""value"":2.2,""since_minute_bucket_ist"":"""",""last_updated_ist"":""2026-07-20 11:14:00""}"
2026-07-20 00:00:00,2026-07-20 11:16:00,122,NIFTY,REGIME_TREND_DOWN,OFF,MED,-0.0003,Trend DOWN (slope + direction),"{""dedupe_key"":""NIFTY|REGIME_TREND_DOWN|OFF|2026-07-20 11:16"",""threshold"":-0.0004,""value"":-0.0003,""since_minute_bucket_ist"":""2026-07-20 11:13"",""last_updated_ist"":""2026-07-20 11:16:00""}"
2026-07-20 00:00:00,2026-07-20 11:16:00,122,NIFTY,OPTION_MOMENTUM_PUT,OFF,MED,0,ATM PUT momentum (ltp up + vol up),"{""dedupe_key"":""NIFTY|OPTION_MOMENTUM_PUT|OFF|2026-07-20 11:16"",""threshold"":1.5,""value"":0,""since_minute_bucket_ist"":""2026-07-20 11:14"",""last_updated_ist"":""2026-07-20 11:16:00""}"
2026-07-20 00:00:00,2026-07-20 11:17:00,123,NIFTY,FLOW_BEARISH_BUILD,ON,HIGH,0.0111,Bearish build (premium-confirmed writing / resistance),"{""dedupe_key"":""NIFTY|FLOW_BEARISH_BUILD|ON|2026-07-20 11:17"",""threshold"":0.005,""value"":0.0111,""since_minute_bucket_ist"":"""",""last_updated_ist"":""2026-07-20 11:17:00""}"
2026-07-20 00:00:00,2026-07-20 11:17:00,123,NIFTY,REGIME_TREND_DOWN,ON,MED,-0.0005,Trend DOWN (slope + direction),"{""dedupe_key"":""NIFTY|REGIME_TREND_DOWN|ON|2026-07-20 11:17"",""threshold"":-0.0004,""value"":-0.0005,""since_minute_bucket_ist"":"""",""last_updated_ist"":""2026-07-20 11:17:00""}"
2026-07-20 00:00:00,2026-07-20 11:17:00,123,NIFTY,REGIME_BREAKOUT_UP,OFF,HIGH,0,Breakout UP (held above call wall),"{""dedupe_key"":""NIFTY|REGIME_BREAKOUT_UP|OFF|2026-07-20 11:17"",""threshold"":2,""value"":0,""since_minute_bucket_ist"":""2026-07-20 11:11"",""last_updated_ist"":""2026-07-20 11:17:00""}"
2026-07-20 00:00:00,2026-07-20 11:17:00,123,NIFTY,PIN_BREAKOUT_SETUP,ON,MED,-6.149999999997817,Pin breakout setup (wall touch + aligned flow),"{""dedupe_key"":""NIFTY|PIN_BREAKOUT_SETUP|ON|2026-07-20 11:17"",""threshold"":0,""value"":-6.149999999997817,""since_minute_bucket_ist"":"""",""last_updated_ist"":""2026-07-20 11:17:00""}"
2026-07-20 00:00:00,2026-07-20 11:17:00,123,NIFTY,EXP_RANGE_BREAKOUT_WATCH_DOWN,ON,MED,24207.15,Expected-range watch DOWN,"{""dedupe_key"":""NIFTY|EXP_RANGE_BREAKOUT_WATCH_DOWN|ON|2026-07-20 11:17"",""threshold"":24210.38,""value"":24207.15,""since_minute_bucket_ist"":"""",""last_updated_ist"":""2026-07-20 11:17:00""}"
2026-07-20 00:00:00,2026-07-20 11:17:00,123,NIFTY,OPTION_MOMENTUM_PUT,ON,MED,4.95,ATM PUT momentum (ltp up + vol up),"{""dedupe_key"":""NIFTY|OPTION_MOMENTUM_PUT|ON|2026-07-20 11:17"",""threshold"":1.5,""value"":4.95,""since_minute_bucket_ist"":"""",""last_updated_ist"":""2026-07-20 11:17:00""}"
2026-07-20 00:00:00,2026-07-20 11:17:00,123,NIFTY,CHURN_COMMITTED,ON,MED,-0.0003,Price move + aligned flow (committed),"{""dedupe_key"":""NIFTY|CHURN_COMMITTED|ON|2026-07-20 11:17"",""threshold"":0.0001,""value"":-0.0003,""since_minute_bucket_ist"":"""",""last_updated_ist"":""2026-07-20 11:17:00""}"
2026-07-20 00:00:00,2026-07-20 11:17:00,123,NIFTY,STEALTH_BUILD_BEAR,ON,MED,0.0111,"Stealth bearish build (calls build, spot flat)","{""dedupe_key"":""NIFTY|STEALTH_BUILD_BEAR|ON|2026-07-20 11:17"",""threshold"":0.008,""value"":0.0111,""since_minute_bucket_ist"":"""",""last_updated_ist"":""2026-07-20 11:17:00""}"
2026-07-20 00:00:00,2026-07-20 11:17:00,123,NIFTY,WALL_PRESSURE_BREAK_SETUP,ON,MED,-6.149999999997817,Pressure building into a wall (break setup),"{""dedupe_key"":""NIFTY|WALL_PRESSURE_BREAK_SETUP|ON|2026-07-20 11:17"",""threshold"":0,""value"":-6.149999999997817,""since_minute_bucket_ist"":"""",""last_updated_ist"":""2026-07-20 11:17:00""}"
2026-07-20 00:00:00,2026-07-20 11:18:00,124,NIFTY,FLOW_BEARISH_BUILD,OFF,HIGH,-0.0017,Bearish build (premium-confirmed writing / resistance),"{""dedupe_key"":""NIFTY|FLOW_BEARISH_BUILD|OFF|2026-07-20 11:18"",""threshold"":0.005,""value"":-0.0017,""since_minute_bucket_ist"":""2026-07-20 11:17"",""last_updated_ist"":""2026-07-20 11:18:00""}"
2026-07-20 00:00:00,2026-07-20 11:18:00,124,NIFTY,REGIME_TREND_DOWN,OFF,MED,-0.0001,Trend DOWN (slope + direction),"{""dedupe_key"":""NIFTY|REGIME_TREND_DOWN|OFF|2026-07-20 11:18"",""threshold"":-0.0004,""value"":-0.0001,""since_minute_bucket_ist"":""2026-07-20 11:17"",""last_updated_ist"":""2026-07-20 11:18:00""}"
2026-07-20 00:00:00,2026-07-20 11:18:00,124,NIFTY,REGIME_TRANSITION_UNCERTAIN,ON,LOW,1,Transition/uncertain regime,"{""dedupe_key"":""NIFTY|REGIME_TRANSITION_UNCERTAIN|ON|2026-07-20 11:18"",""threshold"":1,""value"":1,""since_minute_bucket_ist"":"""",""last_updated_ist"":""2026-07-20 11:18:00""}"
2026-07-20 00:00:00,2026-07-20 11:18:00,124,NIFTY,PIN_BREAKOUT_SETUP,OFF,MED,10.299999999999272,Pin breakout setup (wall touch + aligned flow),"{""dedupe_key"":""NIFTY|PIN_BREAKOUT_SETUP|OFF|2026-07-20 11:18"",""threshold"":0,""value"":10.299999999999272,""since_minute_bucket_ist"":""2026-07-20 11:17"",""last_updated_ist"":""2026-07-20 11:18:00""}"
2026-07-20 00:00:00,2026-07-20 11:18:00,124,NIFTY,EXP_RANGE_BREAKOUT_WATCH_DOWN,OFF,MED,24217.45,Expected-range watch DOWN,"{""dedupe_key"":""NIFTY|EXP_RANGE_BREAKOUT_WATCH_DOWN|OFF|2026-07-20 11:18"",""threshold"":24210.93,""value"":24217.45,""since_minute_bucket_ist"":""2026-07-20 11:17"",""last_updated_ist"":""2026-07-20 11:18:00""}"
2026-07-20 00:00:00,2026-07-20 11:18:00,124,NIFTY,VOL_CONTRACTION,ON,LOW,-0.0074,Volatility contracting (straddle down),"{""dedupe_key"":""NIFTY|VOL_CONTRACTION|ON|2026-07-20 11:18"",""threshold"":-0.03,""value"":-0.0074,""since_minute_bucket_ist"":"""",""last_updated_ist"":""2026-07-20 11:18:00""}"
2026-07-20 00:00:00,2026-07-20 11:18:00,124,NIFTY,OPTION_MOMENTUM_CALL,ON,MED,4.95,ATM CALL momentum (ltp up + vol up),"{""dedupe_key"":""NIFTY|OPTION_MOMENTUM_CALL|ON|2026-07-20 11:18"",""threshold"":1.5,""value"":4.95,""since_minute_bucket_ist"":"""",""last_updated_ist"":""2026-07-20 11:18:00""}"
2026-07-20 00:00:00,2026-07-20 11:18:00,124,NIFTY,OPTION_MOMENTUM_PUT,OFF,MED,-6.4,ATM PUT momentum (ltp up + vol up),"{""dedupe_key"":""NIFTY|OPTION_MOMENTUM_PUT|OFF|2026-07-20 11:18"",""threshold"":1.5,""value"":-6.4,""since_minute_bucket_ist"":""2026-07-20 11:17"",""last_updated_ist"":""2026-07-20 11:18:00""}"
2026-07-20 00:00:00,2026-07-20 11:18:00,124,NIFTY,WALL_UNWIND_CONFIRM_DOWN,ON,MED,-0.0082,Put wall OI unwinding (5m),"{""dedupe_key"":""NIFTY|WALL_UNWIND_CONFIRM_DOWN|ON|2026-07-20 11:18"",""threshold"":-0.006,""value"":-0.0082,""since_minute_bucket_ist"":"""",""last_updated_ist"":""2026-07-20 11:18:00""}"
2026-07-20 00:00:00,2026-07-20 11:18:00,124,NIFTY,CHURN_COMMITTED,OFF,MED,0.0004,Price move + aligned flow (committed),"{""dedupe_key"":""NIFTY|CHURN_COMMITTED|OFF|2026-07-20 11:18"",""threshold"":0.0001,""value"":0.0004,""since_minute_bucket_ist"":""2026-07-20 11:17"",""last_updated_ist"":""2026-07-20 11:18:00""}"
2026-07-20 00:00:00,2026-07-20 11:18:00,124,NIFTY,STEALTH_BUILD_BEAR,OFF,MED,-0.0017,"Stealth bearish build (calls build, spot flat)","{""dedupe_key"":""NIFTY|STEALTH_BUILD_BEAR|OFF|2026-07-20 11:18"",""threshold"":0.008,""value"":-0.0017,""since_minute_bucket_ist"":""2026-07-20 11:17"",""last_updated_ist"":""2026-07-20 11:18:00""}"
2026-07-20 00:00:00,2026-07-20 11:18:00,124,NIFTY,WALL_PRESSURE_BREAK_SETUP,OFF,MED,10.299999999999272,Pressure building into a wall (break setup),"{""dedupe_key"":""NIFTY|WALL_PRESSURE_BREAK_SETUP|OFF|2026-07-20 11:18"",""threshold"":0,""value"":10.299999999999272,""since_minute_bucket_ist"":""2026-07-20 11:17"",""last_updated_ist"":""2026-07-20 11:18:00""}"
2026-07-20 00:00:00,2026-07-20 11:20:00,125,NIFTY,FLOW_BEARISH_BUILD,ON,HIGH,0.0089,Bearish build (premium-confirmed writing / resistance),"{""dedupe_key"":""NIFTY|FLOW_BEARISH_BUILD|ON|2026-07-20 11:20"",""threshold"":0.005,""value"":0.0089,""since_minute_bucket_ist"":"""",""last_updated_ist"":""2026-07-20 11:20:00""}"
2026-07-20 00:00:00,2026-07-20 11:20:00,125,NIFTY,REGIME_BREAKOUT_UP,ON,HIGH,2,Breakout UP (held above call wall),"{""dedupe_key"":""NIFTY|REGIME_BREAKOUT_UP|ON|2026-07-20 11:20"",""threshold"":2,""value"":2,""since_minute_bucket_ist"":"""",""last_updated_ist"":""2026-07-20 11:20:00""}"
2026-07-20 00:00:00,2026-07-20 11:20:00,125,NIFTY,REGIME_TRANSITION_UNCERTAIN,OFF,LOW,1,Transition/uncertain regime,"{""dedupe_key"":""NIFTY|REGIME_TRANSITION_UNCERTAIN|OFF|2026-07-20 11:20"",""threshold"":1,""value"":1,""since_minute_bucket_ist"":""2026-07-20 11:18"",""last_updated_ist"":""2026-07-20 11:20:00""}"
2026-07-20 00:00:00,2026-07-20 11:20:00,125,NIFTY,OPTION_MOMENTUM_CALL,OFF,MED,-0.2,ATM CALL momentum (ltp up + vol up),"{""dedupe_key"":""NIFTY|OPTION_MOMENTUM_CALL|OFF|2026-07-20 11:20"",""threshold"":1.5,""value"":-0.2,""since_minute_bucket_ist"":""2026-07-20 11:18"",""last_updated_ist"":""2026-07-20 11:20:00""}"
2026-07-20 00:00:00,2026-07-20 11:20:00,125,NIFTY,STEALTH_BUILD_BEAR,ON,MED,0.0089,"Stealth bearish build (calls build, spot flat)","{""dedupe_key"":""NIFTY|STEALTH_BUILD_BEAR|ON|2026-07-20 11:20"",""threshold"":0.008,""value"":0.0089,""since_minute_bucket_ist"":"""",""last_updated_ist"":""2026-07-20 11:20:00""}"
2026-07-20 00:00:00,2026-07-20 11:20:00,126,NIFTY,FLOW_BEARISH_BUILD,OFF,HIGH,0,Bearish build (premium-confirmed writing / resistance),"{""dedupe_key"":""NIFTY|FLOW_BEARISH_BUILD|OFF|2026-07-20 11:20"",""threshold"":0.005,""value"":0,""since_minute_bucket_ist"":""2026-07-20 11:20"",""last_updated_ist"":""2026-07-20 11:20:00""}"
2026-07-20 00:00:00,2026-07-20 11:20:00,126,NIFTY,OPTION_MOMENTUM_CALL,ON,MED,2.25,ATM CALL momentum (ltp up + vol up),"{""dedupe_key"":""NIFTY|OPTION_MOMENTUM_CALL|ON|2026-07-20 11:20"",""threshold"":1.5,""value"":2.25,""since_minute_bucket_ist"":"""",""last_updated_ist"":""2026-07-20 11:20:00""}"
2026-07-20 00:00:00,2026-07-20 11:20:00,126,NIFTY,STEALTH_BUILD_BEAR,OFF,MED,0,"Stealth bearish build (calls build, spot flat)","{""dedupe_key"":""NIFTY|STEALTH_BUILD_BEAR|OFF|2026-07-20 11:20"",""threshold"":0.008,""value"":0,""since_minute_bucket_ist"":""2026-07-20 11:20"",""last_updated_ist"":""2026-07-20 11:20:00""}"
2026-07-20 00:00:00,2026-07-20 11:21:00,127,NIFTY,FLOW_BULLISH_BUILD,ON,HIGH,0.0011,Bullish build (premium-confirmed writing / support),"{""dedupe_key"":""NIFTY|FLOW_BULLISH_BUILD|ON|2026-07-20 11:21"",""threshold"":0.005,""value"":0.0011,""since_minute_bucket_ist"":"""",""last_updated_ist"":""2026-07-20 11:21:00""}"
2026-07-20 00:00:00,2026-07-20 11:22:00,128,NIFTY,FLOW_BULLISH_BUILD,OFF,HIGH,-0.0049,Bullish build (premium-confirmed writing / support),"{""dedupe_key"":""NIFTY|FLOW_BULLISH_BUILD|OFF|2026-07-20 11:22"",""threshold"":0.005,""value"":-0.0049,""since_minute_bucket_ist"":""2026-07-20 11:21"",""last_updated_ist"":""2026-07-20 11:22:00""}"
2026-07-20 00:00:00,2026-07-20 11:22:00,128,NIFTY,FLOW_BEARISH_BUILD,ON,HIGH,0.0046,Bearish build (premium-confirmed writing / resistance),"{""dedupe_key"":""NIFTY|FLOW_BEARISH_BUILD|ON|2026-07-20 11:22"",""threshold"":0.005,""value"":0.0046,""since_minute_bucket_ist"":"""",""last_updated_ist"":""2026-07-20 11:22:00""}"
2026-07-20 00:00:00,2026-07-20 11:22:00,128,NIFTY,PIN_BREAKOUT_SETUP,ON,MED,-7.899999999997817,Pin breakout setup (wall touch + aligned flow),"{""dedupe_key"":""NIFTY|PIN_BREAKOUT_SETUP|ON|2026-07-20 11:22"",""threshold"":0,""value"":-7.899999999997817,""since_minute_bucket_ist"":"""",""last_updated_ist"":""2026-07-20 11:22:00""}"
2026-07-20 00:00:00,2026-07-20 11:22:00,128,NIFTY,OPTION_MOMENTUM_CALL,OFF,MED,-3,ATM CALL momentum (ltp up + vol up),"{""dedupe_key"":""NIFTY|OPTION_MOMENTUM_CALL|OFF|2026-07-20 11:22"",""threshold"":1.5,""value"":-3,""since_minute_bucket_ist"":""2026-07-20 11:20"",""last_updated_ist"":""2026-07-20 11:22:00""}"
2026-07-20 00:00:00,2026-07-20 11:22:00,128,NIFTY,OPTION_MOMENTUM_PUT,ON,MED,2.9,ATM PUT momentum (ltp up + vol up),"{""dedupe_key"":""NIFTY|OPTION_MOMENTUM_PUT|ON|2026-07-20 11:22"",""threshold"":1.5,""value"":2.9,""since_minute_bucket_ist"":"""",""last_updated_ist"":""2026-07-20 11:22:00""}"
2026-07-20 00:00:00,2026-07-20 11:22:00,128,NIFTY,CHURN_COMMITTED,ON,MED,-0.0003,Price move + aligned flow (committed),"{""dedupe_key"":""NIFTY|CHURN_COMMITTED|ON|2026-07-20 11:22"",""threshold"":0.0001,""value"":-0.0003,""since_minute_bucket_ist"":"""",""last_updated_ist"":""2026-07-20 11:22:00""}"
2026-07-20 00:00:00,2026-07-20 11:22:00,128,NIFTY,WALL_PRESSURE_BREAK_SETUP,ON,MED,-7.899999999997817,Pressure building into a wall (break setup),"{""dedupe_key"":""NIFTY|WALL_PRESSURE_BREAK_SETUP|ON|2026-07-20 11:22"",""threshold"":0,""value"":-7.899999999997817,""since_minute_bucket_ist"":"""",""last_updated_ist"":""2026-07-20 11:22:00""}"
2026-07-20 00:00:00,2026-07-20 11:23:00,129,NIFTY,TRADE_LIMIT_REACHED,ON,MED,4,Cooldown active (2m),"{""dedupe_key"":""NIFTY|TRADE_LIMIT_REACHED|ON|2026-07-20 11:23"",""threshold"":500,""value"":4,""since_minute_bucket_ist"":"""",""last_updated_ist"":""2026-07-20 11:23:00""}"
2026-07-20 00:00:00,2026-07-20 11:23:00,129,NIFTY,FLOW_BEARISH_BUILD,OFF,HIGH,0,Bearish build (premium-confirmed writing / resistance),"{""dedupe_key"":""NIFTY|FLOW_BEARISH_BUILD|OFF|2026-07-20 11:23"",""threshold"":0.005,""value"":0,""since_minute_bucket_ist"":""2026-07-20 11:22"",""last_updated_ist"":""2026-07-20 11:23:00""}"
2026-07-20 00:00:00,2026-07-20 11:23:00,129,NIFTY,PIN_BREAKOUT_SETUP,OFF,MED,0,Pin breakout setup (wall touch + aligned flow),"{""dedupe_key"":""NIFTY|PIN_BREAKOUT_SETUP|OFF|2026-07-20 11:23"",""threshold"":0,""value"":0,""since_minute_bucket_ist"":""2026-07-20 11:22"",""last_updated_ist"":""2026-07-20 11:23:00""}"
2026-07-20 00:00:00,2026-07-20 11:23:00,129,NIFTY,VOL_CONTRACTION,OFF,LOW,-0.0033,Volatility contracting (straddle down),"{""dedupe_key"":""NIFTY|VOL_CONTRACTION|OFF|2026-07-20 11:23"",""threshold"":-0.03,""value"":-0.0033,""since_minute_bucket_ist"":""2026-07-20 11:18"",""last_updated_ist"":""2026-07-20 11:23:00""}"
2026-07-20 00:00:00,2026-07-20 11:23:00,129,NIFTY,OPTION_MOMENTUM_PUT,OFF,MED,0,ATM PUT momentum (ltp up + vol up),"{""dedupe_key"":""NIFTY|OPTION_MOMENTUM_PUT|OFF|2026-07-20 11:23"",""threshold"":1.5,""value"":0,""since_minute_bucket_ist"":""2026-07-20 11:22"",""last_updated_ist"":""2026-07-20 11:23:00""}"
2026-07-20 00:00:00,2026-07-20 11:23:00,129,NIFTY,CHURN_COMMITTED,OFF,MED,0,Price move + aligned flow (committed),"{""dedupe_key"":""NIFTY|CHURN_COMMITTED|OFF|2026-07-20 11:23"",""threshold"":0.0001,""value"":0,""since_minute_bucket_ist"":""2026-07-20 11:22"",""last_updated_ist"":""2026-07-20 11:23:00""}"
2026-07-20 00:00:00,2026-07-20 11:23:00,129,NIFTY,WALL_PRESSURE_BREAK_SETUP,OFF,MED,0,Pressure building into a wall (break setup),"{""dedupe_key"":""NIFTY|WALL_PRESSURE_BREAK_SETUP|OFF|2026-07-20 11:23"",""threshold"":0,""value"":0,""since_minute_bucket_ist"":""2026-07-20 11:22"",""last_updated_ist"":""2026-07-20 11:23:00""}"
2026-07-20 00:00:00,2026-07-20 11:24:00,130,NIFTY,TRADE_LIMIT_REACHED,OFF,MED,4,Cooldown active (2m),"{""dedupe_key"":""NIFTY|TRADE_LIMIT_REACHED|OFF|2026-07-20 11:24"",""threshold"":500,""value"":4,""since_minute_bucket_ist"":""2026-07-20 11:23"",""last_updated_ist"":""2026-07-20 11:24:00""}"
2026-07-20 00:00:00,2026-07-20 11:24:00,130,NIFTY,OPTION_MOMENTUM_PUT,ON,MED,1.75,ATM PUT momentum (ltp up + vol up),"{""dedupe_key"":""NIFTY|OPTION_MOMENTUM_PUT|ON|2026-07-20 11:24"",""threshold"":1.5,""value"":1.75,""since_minute_bucket_ist"":"""",""last_updated_ist"":""2026-07-20 11:24:00""}"
2026-07-20 00:00:00,2026-07-20 11:25:00,131,NIFTY,TRADE_LIMIT_REACHED,ON,MED,4,Cooldown active (2m),"{""dedupe_key"":""NIFTY|TRADE_LIMIT_REACHED|ON|2026-07-20 11:25"",""threshold"":500,""value"":4,""since_minute_bucket_ist"":"""",""last_updated_ist"":""2026-07-20 11:25:00""}"
2026-07-20 00:00:00,2026-07-20 11:25:00,131,NIFTY,WALL_UNWIND_CONFIRM_DOWN,OFF,MED,0.005,Put wall OI unwinding (5m),"{""dedupe_key"":""NIFTY|WALL_UNWIND_CONFIRM_DOWN|OFF|2026-07-20 11:25"",""threshold"":-0.006,""value"":0.005,""since_minute_bucket_ist"":""2026-07-20 11:18"",""last_updated_ist"":""2026-07-20 11:25:00""}"
2026-07-20 00:00:00,2026-07-20 11:25:00,131,NIFTY,STEALTH_BUILD_BULL,ON,MED,0.0084,"Stealth bullish build (puts build, spot flat)","{""dedupe_key"":""NIFTY|STEALTH_BUILD_BULL|ON|2026-07-20 11:25"",""threshold"":0.008,""value"":0.0084,""since_minute_bucket_ist"":"""",""last_updated_ist"":""2026-07-20 11:25:00""}"
2026-07-20 00:00:00,2026-07-20 11:26:00,132,NIFTY,TRADE_LIMIT_REACHED,OFF,MED,4,Cooldown active (2m),"{""dedupe_key"":""NIFTY|TRADE_LIMIT_REACHED|OFF|2026-07-20 11:26"",""threshold"":500,""value"":4,""since_minute_bucket_ist"":""2026-07-20 11:25"",""last_updated_ist"":""2026-07-20 11:26:00""}"
2026-07-20 00:00:00,2026-07-20 11:26:00,132,NIFTY,OPTION_MOMENTUM_CALL,ON,MED,2.9,ATM CALL momentum (ltp up + vol up),"{""dedupe_key"":""NIFTY|OPTION_MOMENTUM_CALL|ON|2026-07-20 11:26"",""threshold"":1.5,""value"":2.9,""since_minute_bucket_ist"":"""",""last_updated_ist"":""2026-07-20 11:26:00""}"
2026-07-20 00:00:00,2026-07-20 11:26:00,132,NIFTY,OPTION_MOMENTUM_PUT,OFF,MED,-3.3,ATM PUT momentum (ltp up + vol up),"{""dedupe_key"":""NIFTY|OPTION_MOMENTUM_PUT|OFF|2026-07-20 11:26"",""threshold"":1.5,""value"":-3.3,""since_minute_bucket_ist"":""2026-07-20 11:24"",""last_updated_ist"":""2026-07-20 11:26:00""}"
2026-07-20 00:00:00,2026-07-20 11:26:00,132,NIFTY,STEALTH_BUILD_BULL,OFF,MED,-0.0005,"Stealth bullish build (puts build, spot flat)","{""dedupe_key"":""NIFTY|STEALTH_BUILD_BULL|OFF|2026-07-20 11:26"",""threshold"":0.008,""value"":-0.0005,""since_minute_bucket_ist"":""2026-07-20 11:25"",""last_updated_ist"":""2026-07-20 11:26:00""}"
2026-07-20 00:00:00,2026-07-20 11:27:00,133,NIFTY,OPTION_MOMENTUM_CALL,OFF,MED,0,ATM CALL momentum (ltp up + vol up),"{""dedupe_key"":""NIFTY|OPTION_MOMENTUM_CALL|OFF|2026-07-20 11:27"",""threshold"":1.5,""value"":0,""since_minute_bucket_ist"":""2026-07-20 11:26"",""last_updated_ist"":""2026-07-20 11:27:00""}"
2026-07-20 00:00:00,2026-07-20 11:28:00,134,NIFTY,FLOW_BEARISH_BUILD,ON,HIGH,0.0034,Bearish build (premium-confirmed writing / resistance),"{""dedupe_key"":""NIFTY|FLOW_BEARISH_BUILD|ON|2026-07-20 11:28"",""threshold"":0.005,""value"":0.0034,""since_minute_bucket_ist"":"""",""last_updated_ist"":""2026-07-20 11:28:00""}"
2026-07-20 00:00:00,2026-07-20 11:28:00,134,NIFTY,VOL_CONTRACTION,ON,LOW,-0.0039,Volatility contracting (straddle down),"{""dedupe_key"":""NIFTY|VOL_CONTRACTION|ON|2026-07-20 11:28"",""threshold"":-0.03,""value"":-0.0039,""since_minute_bucket_ist"":"""",""last_updated_ist"":""2026-07-20 11:28:00""}"
2026-07-20 00:00:00,2026-07-20 11:29:00,135,NIFTY,FLOW_BEARISH_BUILD,OFF,HIGH,0.0039,Bearish build (premium-confirmed writing / resistance),"{""dedupe_key"":""NIFTY|FLOW_BEARISH_BUILD|OFF|2026-07-20 11:29"",""threshold"":0.005,""value"":0.0039,""since_minute_bucket_ist"":""2026-07-20 11:28"",""last_updated_ist"":""2026-07-20 11:29:00""}"
2026-07-20 00:00:00,2026-07-20 11:29:00,135,NIFTY,REGIME_BREAKOUT_UP,OFF,HIGH,0,Breakout UP (held above call wall),"{""dedupe_key"":""NIFTY|REGIME_BREAKOUT_UP|OFF|2026-07-20 11:29"",""threshold"":2,""value"":0,""since_minute_bucket_ist"":""2026-07-20 11:20"",""last_updated_ist"":""2026-07-20 11:29:00""}"
2026-07-20 00:00:00,2026-07-20 11:29:00,135,NIFTY,REGIME_TRANSITION_UNCERTAIN,ON,LOW,1,Transition/uncertain regime,"{""dedupe_key"":""NIFTY|REGIME_TRANSITION_UNCERTAIN|ON|2026-07-20 11:29"",""threshold"":1,""value"":1,""since_minute_bucket_ist"":"""",""last_updated_ist"":""2026-07-20 11:29:00""}"
2026-07-20 00:00:00,2026-07-20 11:29:00,135,NIFTY,EXP_RANGE_BREAKOUT_WATCH_DOWN,ON,MED,24207.95,Expected-range watch DOWN,"{""dedupe_key"":""NIFTY|EXP_RANGE_BREAKOUT_WATCH_DOWN|ON|2026-07-20 11:29"",""threshold"":24211.36,""value"":24207.95,""since_minute_bucket_ist"":"""",""last_updated_ist"":""2026-07-20 11:29:00""}"
2026-07-20 00:00:00,2026-07-20 11:29:00,135,NIFTY,VOL_CONTRACTION,OFF,LOW,-0.0027,Volatility contracting (straddle down),"{""dedupe_key"":""NIFTY|VOL_CONTRACTION|OFF|2026-07-20 11:29"",""threshold"":-0.03,""value"":-0.0027,""since_minute_bucket_ist"":""2026-07-20 11:28"",""last_updated_ist"":""2026-07-20 11:29:00""}"
2026-07-20 00:00:00,2026-07-20 11:29:00,135,NIFTY,OPTION_MOMENTUM_PUT,ON,MED,7.3,ATM PUT momentum (ltp up + vol up),"{""dedupe_key"":""NIFTY|OPTION_MOMENTUM_PUT|ON|2026-07-20 11:29"",""threshold"":1.5,""value"":7.3,""since_minute_bucket_ist"":"""",""last_updated_ist"":""2026-07-20 11:29:00""}"
2026-07-20 00:00:00,2026-07-20 11:30:00,136,NIFTY,FLOW_BULLISH_BUILD,ON,HIGH,0.0002,Bullish build (premium-confirmed writing / support),"{""dedupe_key"":""NIFTY|FLOW_BULLISH_BUILD|ON|2026-07-20 11:30"",""threshold"":0.005,""value"":0.0002,""since_minute_bucket_ist"":"""",""last_updated_ist"":""2026-07-20 11:30:00""}"
2026-07-20 00:00:00,2026-07-20 11:30:00,136,NIFTY,EXP_RANGE_BREAKOUT_CONFIRMED_DOWN,ON,HIGH,2,Expected-range breakout CONFIRMED DOWN,"{""dedupe_key"":""NIFTY|EXP_RANGE_BREAKOUT_CONFIRMED_DOWN|ON|2026-07-20 11:30"",""threshold"":2,""value"":2,""since_minute_bucket_ist"":"""",""last_updated_ist"":""2026-07-20 11:30:00""}"
2026-07-20 00:00:00,2026-07-20 11:30:00,136,NIFTY,VOL_CONTRACTION,ON,LOW,-0.0062,Volatility contracting (straddle down),"{""dedupe_key"":""NIFTY|VOL_CONTRACTION|ON|2026-07-20 11:30"",""threshold"":-0.03,""value"":-0.0062,""since_minute_bucket_ist"":"""",""last_updated_ist"":""2026-07-20 11:30:00""}"
2026-07-20 00:00:00,2026-07-20 11:30:00,136,NIFTY,OPTION_MOMENTUM_PUT,OFF,MED,-2.05,ATM PUT momentum (ltp up + vol up),"{""dedupe_key"":""NIFTY|OPTION_MOMENTUM_PUT|OFF|2026-07-20 11:30"",""threshold"":1.5,""value"":-2.05,""since_minute_bucket_ist"":""2026-07-20 11:29"",""last_updated_ist"":""2026-07-20 11:30:00""}"
2026-07-20 00:00:00,2026-07-20 11:31:00,137,NIFTY,FLOW_BULLISH_BUILD,OFF,HIGH,0,Bullish build (premium-confirmed writing / support),"{""dedupe_key"":""NIFTY|FLOW_BULLISH_BUILD|OFF|2026-07-20 11:31"",""threshold"":0.005,""value"":0,""since_minute_bucket_ist"":""2026-07-20 11:30"",""last_updated_ist"":""2026-07-20 11:31:00""}"
2026-07-20 00:00:00,2026-07-20 11:31:00,137,NIFTY,WALL_UNWIND_CONFIRM_UP,ON,MED,-0.0065,Call wall OI unwinding (5m),"{""dedupe_key"":""NIFTY|WALL_UNWIND_CONFIRM_UP|ON|2026-07-20 11:31"",""threshold"":-0.006,""value"":-0.0065,""since_minute_bucket_ist"":"""",""last_updated_ist"":""2026-07-20 11:31:00""}"
2026-07-20 00:00:00,2026-07-20 11:32:00,138,NIFTY,EXP_RANGE_BREAKOUT_WATCH_DOWN,OFF,MED,24209.7,Expected-range watch DOWN,"{""dedupe_key"":""NIFTY|EXP_RANGE_BREAKOUT_WATCH_DOWN|OFF|2026-07-20 11:32"",""threshold"":24207.59,""value"":24209.7,""since_minute_bucket_ist"":""2026-07-20 11:29"",""last_updated_ist"":""2026-07-20 11:32:00""}"
2026-07-20 00:00:00,2026-07-20 11:32:00,138,NIFTY,EXP_RANGE_BREAKOUT_CONFIRMED_DOWN,OFF,HIGH,0,Expected-range breakout CONFIRMED DOWN,"{""dedupe_key"":""NIFTY|EXP_RANGE_BREAKOUT_CONFIRMED_DOWN|OFF|2026-07-20 11:32"",""threshold"":2,""value"":0,""since_minute_bucket_ist"":""2026-07-20 11:30"",""last_updated_ist"":""2026-07-20 11:32:00""}"
2026-07-20 00:00:00,2026-07-20 11:32:00,138,NIFTY,VOL_CONTRACTION,OFF,LOW,-0.0006,Volatility contracting (straddle down),"{""dedupe_key"":""NIFTY|VOL_CONTRACTION|OFF|2026-07-20 11:32"",""threshold"":-0.03,""value"":-0.0006,""since_minute_bucket_ist"":""2026-07-20 11:30"",""last_updated_ist"":""2026-07-20 11:32:00""}"
2026-07-20 00:00:00,2026-07-20 11:32:00,138,NIFTY,WALL_UNWIND_CONFIRM_UP,OFF,MED,0.0064,Call wall OI unwinding (5m),"{""dedupe_key"":""NIFTY|WALL_UNWIND_CONFIRM_UP|OFF|2026-07-20 11:32"",""threshold"":-0.006,""value"":0.0064,""since_minute_bucket_ist"":""2026-07-20 11:31"",""last_updated_ist"":""2026-07-20 11:32:00""}"
2026-07-20 00:00:00,2026-07-20 11:32:00,138,NIFTY,STEALTH_BUILD_BULL,ON,MED,0.0127,"Stealth bullish build (puts build, spot flat)","{""dedupe_key"":""NIFTY|STEALTH_BUILD_BULL|ON|2026-07-20 11:32"",""threshold"":0.008,""value"":0.0127,""since_minute_bucket_ist"":"""",""last_updated_ist"":""2026-07-20 11:32:00""}"
2026-07-20 00:00:00,2026-07-20 11:33:00,139,NIFTY,VOL_CONTRACTION,ON,LOW,-0.0059,Volatility contracting (straddle down),"{""dedupe_key"":""NIFTY|VOL_CONTRACTION|ON|2026-07-20 11:33"",""threshold"":-0.03,""value"":-0.0059,""since_minute_bucket_ist"":"""",""last_updated_ist"":""2026-07-20 11:33:00""}"
2026-07-20 00:00:00,2026-07-20 11:33:00,139,NIFTY,STEALTH_BUILD_BULL,OFF,MED,0.0046,"Stealth bullish build (puts build, spot flat)","{""dedupe_key"":""NIFTY|STEALTH_BUILD_BULL|OFF|2026-07-20 11:33"",""threshold"":0.008,""value"":0.0046,""since_minute_bucket_ist"":""2026-07-20 11:32"",""last_updated_ist"":""2026-07-20 11:33:00""}"
2026-07-20 00:00:00,2026-07-20 11:34:00,140,NIFTY,FLOW_BEARISH_BUILD,ON,HIGH,0.0025,Bearish build (premium-confirmed writing / resistance),"{""dedupe_key"":""NIFTY|FLOW_BEARISH_BUILD|ON|2026-07-20 11:34"",""threshold"":0.005,""value"":0.0025,""since_minute_bucket_ist"":"""",""last_updated_ist"":""2026-07-20 11:34:00""}"
2026-07-20 00:00:00,2026-07-20 11:34:00,140,NIFTY,PIN_BREAKOUT_SETUP,ON,MED,-2.350000000002183,Pin breakout setup (wall touch + aligned flow),"{""dedupe_key"":""NIFTY|PIN_BREAKOUT_SETUP|ON|2026-07-20 11:34"",""threshold"":0,""value"":-2.350000000002183,""since_minute_bucket_ist"":"""",""last_updated_ist"":""2026-07-20 11:34:00""}"
2026-07-20 00:00:00,2026-07-20 11:34:00,140,NIFTY,WALL_PRESSURE_BREAK_SETUP,ON,MED,-2.350000000002183,Pressure building into a wall (break setup),"{""dedupe_key"":""NIFTY|WALL_PRESSURE_BREAK_SETUP|ON|2026-07-20 11:34"",""threshold"":0,""value"":-2.350000000002183,""since_minute_bucket_ist"":"""",""last_updated_ist"":""2026-07-20 11:34:00""}"
2026-07-20 00:00:00,2026-07-20 11:35:00,141,NIFTY,FLOW_BEARISH_BUILD,OFF,HIGH,0.004,Bearish build (premium-confirmed writing / resistance),"{""dedupe_key"":""NIFTY|FLOW_BEARISH_BUILD|OFF|2026-07-20 11:35"",""threshold"":0.005,""value"":0.004,""since_minute_bucket_ist"":""2026-07-20 11:34"",""last_updated_ist"":""2026-07-20 11:35:00""}"
2026-07-20 00:00:00,2026-07-20 11:35:00,141,NIFTY,REGIME_TREND_DOWN,ON,MED,-0.0004,Trend DOWN (slope + direction),"{""dedupe_key"":""NIFTY|REGIME_TREND_DOWN|ON|2026-07-20 11:35"",""threshold"":-0.0004,""value"":-0.0004,""since_minute_bucket_ist"":"""",""last_updated_ist"":""2026-07-20 11:35:00""}"
2026-07-20 00:00:00,2026-07-20 11:35:00,141,NIFTY,REGIME_TRANSITION_UNCERTAIN,OFF,LOW,1,Transition/uncertain regime,"{""dedupe_key"":""NIFTY|REGIME_TRANSITION_UNCERTAIN|OFF|2026-07-20 11:35"",""threshold"":1,""value"":1,""since_minute_bucket_ist"":""2026-07-20 11:29"",""last_updated_ist"":""2026-07-20 11:35:00""}"
2026-07-20 00:00:00,2026-07-20 11:35:00,141,NIFTY,PIN_BREAKOUT_SETUP,OFF,MED,-9.700000000000728,Pin breakout setup (wall touch + aligned flow),"{""dedupe_key"":""NIFTY|PIN_BREAKOUT_SETUP|OFF|2026-07-20 11:35"",""threshold"":0,""value"":-9.700000000000728,""since_minute_bucket_ist"":""2026-07-20 11:34"",""last_updated_ist"":""2026-07-20 11:35:00""}"
2026-07-20 00:00:00,2026-07-20 11:35:00,141,NIFTY,EXP_RANGE_BREAKOUT_WATCH_DOWN,ON,MED,24196.85,Expected-range watch DOWN,"{""dedupe_key"":""NIFTY|EXP_RANGE_BREAKOUT_WATCH_DOWN|ON|2026-07-20 11:35"",""threshold"":24202.55,""value"":24196.85,""since_minute_bucket_ist"":"""",""last_updated_ist"":""2026-07-20 11:35:00""}"
2026-07-20 00:00:00,2026-07-20 11:35:00,141,NIFTY,WALL_PRESSURE_BREAK_SETUP,OFF,MED,-9.700000000000728,Pressure building into a wall (break setup),"{""dedupe_key"":""NIFTY|WALL_PRESSURE_BREAK_SETUP|OFF|2026-07-20 11:35"",""threshold"":0,""value"":-9.700000000000728,""since_minute_bucket_ist"":""2026-07-20 11:34"",""last_updated_ist"":""2026-07-20 11:35:00""}"
2026-07-20 00:00:00,2026-07-20 11:36:00,142,NIFTY,FLOW_BOTH_UNWINDING,ON,MED,-0.0058,Both sides unwinding,"{""dedupe_key"":""NIFTY|FLOW_BOTH_UNWINDING|ON|2026-07-20 11:36"",""threshold"":-0.005,""value"":-0.0058,""since_minute_bucket_ist"":"""",""last_updated_ist"":""2026-07-20 11:36:00""}"
2026-07-20 00:00:00,2026-07-20 11:36:00,142,NIFTY,REGIME_TREND_DOWN,OFF,MED,-0.0002,Trend DOWN (slope + direction),"{""dedupe_key"":""NIFTY|REGIME_TREND_DOWN|OFF|2026-07-20 11:36"",""threshold"":-0.0004,""value"":-0.0002,""since_minute_bucket_ist"":""2026-07-20 11:35"",""last_updated_ist"":""2026-07-20 11:36:00""}"
2026-07-20 00:00:00,2026-07-20 11:36:00,142,NIFTY,REGIME_TRANSITION_UNCERTAIN,ON,LOW,1,Transition/uncertain regime,"{""dedupe_key"":""NIFTY|REGIME_TRANSITION_UNCERTAIN|ON|2026-07-20 11:36"",""threshold"":1,""value"":1,""since_minute_bucket_ist"":"""",""last_updated_ist"":""2026-07-20 11:36:00""}"
2026-07-20 00:00:00,2026-07-20 11:36:00,142,NIFTY,EXP_RANGE_BREAKOUT_WATCH_DOWN,OFF,MED,24202.4,Expected-range watch DOWN,"{""dedupe_key"":""NIFTY|EXP_RANGE_BREAKOUT_WATCH_DOWN|OFF|2026-07-20 11:36"",""threshold"":24201.18,""value"":24202.4,""since_minute_bucket_ist"":""2026-07-20 11:35"",""last_updated_ist"":""2026-07-20 11:36:00""}"
2026-07-20 00:00:00,2026-07-20 11:36:00,142,NIFTY,OPTION_MOMENTUM_PUT,ON,MED,1.85,ATM PUT momentum (ltp up + vol up),"{""dedupe_key"":""NIFTY|OPTION_MOMENTUM_PUT|ON|2026-07-20 11:36"",""threshold"":1.5,""value"":1.85,""since_minute_bucket_ist"":"""",""last_updated_ist"":""2026-07-20 11:36:00""}"
2026-07-20 00:00:00,2026-07-20 11:36:00,142,NIFTY,WALL_UNWIND_CONFIRM_DOWN,ON,MED,-0.0087,Put wall OI unwinding (5m),"{""dedupe_key"":""NIFTY|WALL_UNWIND_CONFIRM_DOWN|ON|2026-07-20 11:36"",""threshold"":-0.006,""value"":-0.0087,""since_minute_bucket_ist"":"""",""last_updated_ist"":""2026-07-20 11:36:00""}"
2026-07-20 00:00:00,2026-07-20 11:37:00,143,NIFTY,FLOW_BOTH_UNWINDING,OFF,MED,0,Both sides unwinding,"{""dedupe_key"":""NIFTY|FLOW_BOTH_UNWINDING|OFF|2026-07-20 11:37"",""threshold"":-0.005,""value"":0,""since_minute_bucket_ist"":""2026-07-20 11:36"",""last_updated_ist"":""2026-07-20 11:37:00""}"
2026-07-20 00:00:00,2026-07-20 11:37:00,143,NIFTY,VOL_CONTRACTION,OFF,LOW,-0.0015,Volatility contracting (straddle down),"{""dedupe_key"":""NIFTY|VOL_CONTRACTION|OFF|2026-07-20 11:37"",""threshold"":-0.03,""value"":-0.0015,""since_minute_bucket_ist"":""2026-07-20 11:33"",""last_updated_ist"":""2026-07-20 11:37:00""}"
2026-07-20 00:00:00,2026-07-20 11:37:00,143,NIFTY,OPTION_MOMENTUM_PUT,OFF,MED,0.25,ATM PUT momentum (ltp up + vol up),"{""dedupe_key"":""NIFTY|OPTION_MOMENTUM_PUT|OFF|2026-07-20 11:37"",""threshold"":1.5,""value"":0.25,""since_minute_bucket_ist"":""2026-07-20 11:36"",""last_updated_ist"":""2026-07-20 11:37:00""}"
2026-07-20 00:00:00,2026-07-20 11:38:00,144,NIFTY,FLOW_BULLISH_BUILD,ON,HIGH,0.0085,Bullish build (premium-confirmed writing / support),"{""dedupe_key"":""NIFTY|FLOW_BULLISH_BUILD|ON|2026-07-20 11:38"",""threshold"":0.005,""value"":0.0085,""since_minute_bucket_ist"":"""",""last_updated_ist"":""2026-07-20 11:38:00""}"
2026-07-20 00:00:00,2026-07-20 11:38:00,144,NIFTY,PIN_BREAKOUT_SETUP,ON,MED,10.5,Pin breakout setup (wall touch + aligned flow),"{""dedupe_key"":""NIFTY|PIN_BREAKOUT_SETUP|ON|2026-07-20 11:38"",""threshold"":0,""value"":10.5,""since_minute_bucket_ist"":"""",""last_updated_ist"":""2026-07-20 11:38:00""}"
2026-07-20 00:00:00,2026-07-20 11:38:00,144,NIFTY,VOL_CONTRACTION,ON,LOW,-0.0012,Volatility contracting (straddle down),"{""dedupe_key"":""NIFTY|VOL_CONTRACTION|ON|2026-07-20 11:38"",""threshold"":-0.03,""value"":-0.0012,""since_minute_bucket_ist"":"""",""last_updated_ist"":""2026-07-20 11:38:00""}"
2026-07-20 00:00:00,2026-07-20 11:38:00,144,NIFTY,OPTION_MOMENTUM_CALL,ON,MED,5.85,ATM CALL momentum (ltp up + vol up),"{""dedupe_key"":""NIFTY|OPTION_MOMENTUM_CALL|ON|2026-07-20 11:38"",""threshold"":1.5,""value"":5.85,""since_minute_bucket_ist"":"""",""last_updated_ist"":""2026-07-20 11:38:00""}"
2026-07-20 00:00:00,2026-07-20 11:38:00,144,NIFTY,CHURN_COMMITTED,ON,MED,0.0004,Price move + aligned flow (committed),"{""dedupe_key"":""NIFTY|CHURN_COMMITTED|ON|2026-07-20 11:38"",""threshold"":0.0001,""value"":0.0004,""since_minute_bucket_ist"":"""",""last_updated_ist"":""2026-07-20 11:38:00""}"
2026-07-20 00:00:00,2026-07-20 11:38:00,144,NIFTY,WALL_PRESSURE_BREAK_SETUP,ON,MED,10.5,Pressure building into a wall (break setup),"{""dedupe_key"":""NIFTY|WALL_PRESSURE_BREAK_SETUP|ON|2026-07-20 11:38"",""threshold"":0,""value"":10.5,""since_minute_bucket_ist"":"""",""last_updated_ist"":""2026-07-20 11:38:00""}"
2026-07-20 00:00:00,2026-07-20 11:39:00,145,NIFTY,FLOW_BULLISH_BUILD,OFF,HIGH,0,Bullish build (premium-confirmed writing / support),"{""dedupe_key"":""NIFTY|FLOW_BULLISH_BUILD|OFF|2026-07-20 11:39"",""threshold"":0.005,""value"":0,""since_minute_bucket_ist"":""2026-07-20 11:38"",""last_updated_ist"":""2026-07-20 11:39:00""}"
2026-07-20 00:00:00,2026-07-20 11:39:00,145,NIFTY,REGIME_BREAKOUT_UP,ON,HIGH,2,Breakout UP (held above call wall),"{""dedupe_key"":""NIFTY|REGIME_BREAKOUT_UP|ON|2026-07-20 11:39"",""threshold"":2,""value"":2,""since_minute_bucket_ist"":"""",""last_updated_ist"":""2026-07-20 11:39:00""}"
2026-07-20 00:00:00,2026-07-20 11:39:00,145,NIFTY,REGIME_TRANSITION_UNCERTAIN,OFF,LOW,1,Transition/uncertain regime,"{""dedupe_key"":""NIFTY|REGIME_TRANSITION_UNCERTAIN|OFF|2026-07-20 11:39"",""threshold"":1,""value"":1,""since_minute_bucket_ist"":""2026-07-20 11:36"",""last_updated_ist"":""2026-07-20 11:39:00""}"
2026-07-20 00:00:00,2026-07-20 11:39:00,145,NIFTY,PIN_BREAKOUT_SETUP,OFF,MED,-2.5,Pin breakout setup (wall touch + aligned flow),"{""dedupe_key"":""NIFTY|PIN_BREAKOUT_SETUP|OFF|2026-07-20 11:39"",""threshold"":0,""value"":-2.5,""since_minute_bucket_ist"":""2026-07-20 11:38"",""last_updated_ist"":""2026-07-20 11:39:00""}"
2026-07-20 00:00:00,2026-07-20 11:39:00,145,NIFTY,VOL_EXPANSION,ON,MED,0.0036,Volatility expanding (straddle up),"{""dedupe_key"":""NIFTY|VOL_EXPANSION|ON|2026-07-20 11:39"",""threshold"":0.02,""value"":0.0036,""since_minute_bucket_ist"":"""",""last_updated_ist"":""2026-07-20 11:39:00""}"
2026-07-20 00:00:00,2026-07-20 11:39:00,145,NIFTY,VOL_CONTRACTION,OFF,LOW,0.0036,Volatility contracting (straddle down),"{""dedupe_key"":""NIFTY|VOL_CONTRACTION|OFF|2026-07-20 11:39"",""threshold"":-0.03,""value"":0.0036,""since_minute_bucket_ist"":""2026-07-20 11:38"",""last_updated_ist"":""2026-07-20 11:39:00""}"
2026-07-20 00:00:00,2026-07-20 11:39:00,145,NIFTY,OPTION_MOMENTUM_CALL,OFF,MED,-1.55,ATM CALL momentum (ltp up + vol up),"{""dedupe_key"":""NIFTY|OPTION_MOMENTUM_CALL|OFF|2026-07-20 11:39"",""threshold"":1.5,""value"":-1.55,""since_minute_bucket_ist"":""2026-07-20 11:38"",""last_updated_ist"":""2026-07-20 11:39:00""}"
2026-07-20 00:00:00,2026-07-20 11:39:00,145,NIFTY,OPTION_MOMENTUM_PUT,ON,MED,2.5,ATM PUT momentum (ltp up + vol up),"{""dedupe_key"":""NIFTY|OPTION_MOMENTUM_PUT|ON|2026-07-20 11:39"",""threshold"":1.5,""value"":2.5,""since_minute_bucket_ist"":"""",""last_updated_ist"":""2026-07-20 11:39:00""}"
2026-07-20 00:00:00,2026-07-20 11:39:00,145,NIFTY,CHURN_COMMITTED,OFF,MED,-0.0001,Price move + aligned flow (committed),"{""dedupe_key"":""NIFTY|CHURN_COMMITTED|OFF|2026-07-20 11:39"",""threshold"":0.0001,""value"":-0.0001,""since_minute_bucket_ist"":""2026-07-20 11:38"",""last_updated_ist"":""2026-07-20 11:39:00""}"
2026-07-20 00:00:00,2026-07-20 11:39:00,145,NIFTY,WALL_PRESSURE_BREAK_SETUP,OFF,MED,-2.5,Pressure building into a wall (break setup),"{""dedupe_key"":""NIFTY|WALL_PRESSURE_BREAK_SETUP|OFF|2026-07-20 11:39"",""threshold"":0,""value"":-2.5,""since_minute_bucket_ist"":""2026-07-20 11:38"",""last_updated_ist"":""2026-07-20 11:39:00""}"
2026-07-20 00:00:00,2026-07-20 11:40:00,146,NIFTY,FLOW_BEARISH_BUILD,ON,HIGH,0.0076,Bearish build (premium-confirmed writing / resistance),"{""dedupe_key"":""NIFTY|FLOW_BEARISH_BUILD|ON|2026-07-20 11:40"",""threshold"":0.005,""value"":0.0076,""since_minute_bucket_ist"":"""",""last_updated_ist"":""2026-07-20 11:40:00""}"
2026-07-20 00:00:00,2026-07-20 11:40:00,146,NIFTY,REGIME_BREAKOUT_UP,OFF,HIGH,0,Breakout UP (held above call wall),"{""dedupe_key"":""NIFTY|REGIME_BREAKOUT_UP|OFF|2026-07-20 11:40"",""threshold"":2,""value"":0,""since_minute_bucket_ist"":""2026-07-20 11:39"",""last_updated_ist"":""2026-07-20 11:40:00""}"
2026-07-20 00:00:00,2026-07-20 11:40:00,146,NIFTY,REGIME_TRANSITION_UNCERTAIN,ON,LOW,1,Transition/uncertain regime,"{""dedupe_key"":""NIFTY|REGIME_TRANSITION_UNCERTAIN|ON|2026-07-20 11:40"",""threshold"":1,""value"":1,""since_minute_bucket_ist"":"""",""last_updated_ist"":""2026-07-20 11:40:00""}"
2026-07-20 00:00:00,2026-07-20 11:40:00,146,NIFTY,PIN_BREAKOUT_SETUP,ON,MED,-3.9499999999970896,Pin breakout setup (wall touch + aligned flow),"{""dedupe_key"":""NIFTY|PIN_BREAKOUT_SETUP|ON|2026-07-20 11:40"",""threshold"":0,""value"":-3.9499999999970896,""since_minute_bucket_ist"":"""",""last_updated_ist"":""2026-07-20 11:40:00""}"
2026-07-20 00:00:00,2026-07-20 11:40:00,146,NIFTY,CHURN_COMMITTED,ON,MED,-0.0002,Price move + aligned flow (committed),"{""dedupe_key"":""NIFTY|CHURN_COMMITTED|ON|2026-07-20 11:40"",""threshold"":0.0001,""value"":-0.0002,""since_minute_bucket_ist"":"""",""last_updated_ist"":""2026-07-20 11:40:00""}"
2026-07-20 00:00:00,2026-07-20 11:40:00,146,NIFTY,WALL_PRESSURE_BREAK_SETUP,ON,MED,-3.9499999999970896,Pressure building into a wall (break setup),"{""dedupe_key"":""NIFTY|WALL_PRESSURE_BREAK_SETUP|ON|2026-07-20 11:40"",""threshold"":0,""value"":-3.9499999999970896,""since_minute_bucket_ist"":"""",""last_updated_ist"":""2026-07-20 11:40:00""}"
2026-07-20 00:00:00,2026-07-20 11:41:00,147,NIFTY,TRADE_LIMIT_REACHED,ON,MED,5,Cooldown active (2m),"{""dedupe_key"":""NIFTY|TRADE_LIMIT_REACHED|ON|2026-07-20 11:41"",""threshold"":500,""value"":5,""since_minute_bucket_ist"":"""",""last_updated_ist"":""2026-07-20 11:41:00""}"
2026-07-20 00:00:00,2026-07-20 11:41:00,147,NIFTY,FLOW_BEARISH_BUILD,OFF,HIGH,0.0008,Bearish build (premium-confirmed writing / resistance),"{""dedupe_key"":""NIFTY|FLOW_BEARISH_BUILD|OFF|2026-07-20 11:41"",""threshold"":0.005,""value"":0.0008,""since_minute_bucket_ist"":""2026-07-20 11:40"",""last_updated_ist"":""2026-07-20 11:41:00""}"
2026-07-20 00:00:00,2026-07-20 11:41:00,147,NIFTY,PIN_BREAKOUT_SETUP,OFF,MED,0.2999999999992724,Pin breakout setup (wall touch + aligned flow),"{""dedupe_key"":""NIFTY|PIN_BREAKOUT_SETUP|OFF|2026-07-20 11:41"",""threshold"":0,""value"":0.2999999999992724,""since_minute_bucket_ist"":""2026-07-20 11:40"",""last_updated_ist"":""2026-07-20 11:41:00""}"
2026-07-20 00:00:00,2026-07-20 11:41:00,147,NIFTY,OPTION_MOMENTUM_PUT,OFF,MED,1.45,ATM PUT momentum (ltp up + vol up),"{""dedupe_key"":""NIFTY|OPTION_MOMENTUM_PUT|OFF|2026-07-20 11:41"",""threshold"":1.5,""value"":1.45,""since_minute_bucket_ist"":""2026-07-20 11:39"",""last_updated_ist"":""2026-07-20 11:41:00""}"
2026-07-20 00:00:00,2026-07-20 11:41:00,147,NIFTY,WALL_UNWIND_CONFIRM_DOWN,OFF,MED,0.0053,Put wall OI unwinding (5m),"{""dedupe_key"":""NIFTY|WALL_UNWIND_CONFIRM_DOWN|OFF|2026-07-20 11:41"",""threshold"":-0.006,""value"":0.0053,""since_minute_bucket_ist"":""2026-07-20 11:36"",""last_updated_ist"":""2026-07-20 11:41:00""}"
2026-07-20 00:00:00,2026-07-20 11:41:00,147,NIFTY,CHURN_COMMITTED,OFF,MED,0,Price move + aligned flow (committed),"{""dedupe_key"":""NIFTY|CHURN_COMMITTED|OFF|2026-07-20 11:41"",""threshold"":0.0001,""value"":0,""since_minute_bucket_ist"":""2026-07-20 11:40"",""last_updated_ist"":""2026-07-20 11:41:00""}"
2026-07-20 00:00:00,2026-07-20 11:41:00,147,NIFTY,WALL_PRESSURE_BREAK_SETUP,OFF,MED,0.2999999999992724,Pressure building into a wall (break setup),"{""dedupe_key"":""NIFTY|WALL_PRESSURE_BREAK_SETUP|OFF|2026-07-20 11:41"",""threshold"":0,""value"":0.2999999999992724,""since_minute_bucket_ist"":""2026-07-20 11:40"",""last_updated_ist"":""2026-07-20 11:41:00""}"
2026-07-20 00:00:00,2026-07-20 11:42:00,148,NIFTY,TRADE_LIMIT_REACHED,OFF,MED,5,Cooldown active (2m),"{""dedupe_key"":""NIFTY|TRADE_LIMIT_REACHED|OFF|2026-07-20 11:42"",""threshold"":500,""value"":5,""since_minute_bucket_ist"":""2026-07-20 11:41"",""last_updated_ist"":""2026-07-20 11:42:00""}"
2026-07-20 00:00:00,2026-07-20 11:42:00,148,NIFTY,VOL_EXPANSION,OFF,MED,0.0051,Volatility expanding (straddle up),"{""dedupe_key"":""NIFTY|VOL_EXPANSION|OFF|2026-07-20 11:42"",""threshold"":0.02,""value"":0.0051,""since_minute_bucket_ist"":""2026-07-20 11:39"",""last_updated_ist"":""2026-07-20 11:42:00""}"
2026-07-20 00:00:00,2026-07-20 11:43:00,149,NIFTY,REGIME_TREND_DOWN,ON,MED,-0.0005,Trend DOWN (slope + direction),"{""dedupe_key"":""NIFTY|REGIME_TREND_DOWN|ON|2026-07-20 11:43"",""threshold"":-0.0004,""value"":-0.0005,""since_minute_bucket_ist"":"""",""last_updated_ist"":""2026-07-20 11:43:00""}"
2026-07-20 00:00:00,2026-07-20 11:43:00,149,NIFTY,REGIME_TRANSITION_UNCERTAIN,OFF,LOW,1,Transition/uncertain regime,"{""dedupe_key"":""NIFTY|REGIME_TRANSITION_UNCERTAIN|OFF|2026-07-20 11:43"",""threshold"":1,""value"":1,""since_minute_bucket_ist"":""2026-07-20 11:40"",""last_updated_ist"":""2026-07-20 11:43:00""}"
2026-07-20 00:00:00,2026-07-20 11:43:00,149,NIFTY,VOL_EXPANSION,ON,MED,0.0045,Volatility expanding (straddle up),"{""dedupe_key"":""NIFTY|VOL_EXPANSION|ON|2026-07-20 11:43"",""threshold"":0.02,""value"":0.0045,""since_minute_bucket_ist"":"""",""last_updated_ist"":""2026-07-20 11:43:00""}"
2026-07-20 00:00:00,2026-07-20 11:43:00,149,NIFTY,OPTION_MOMENTUM_PUT,ON,MED,3.85,ATM PUT momentum (ltp up + vol up),"{""dedupe_key"":""NIFTY|OPTION_MOMENTUM_PUT|ON|2026-07-20 11:43"",""threshold"":1.5,""value"":3.85,""since_minute_bucket_ist"":"""",""last_updated_ist"":""2026-07-20 11:43:00""}"
2026-07-20 00:00:00,2026-07-20 11:43:00,149,NIFTY,WALL_UNWIND_CONFIRM_DOWN,ON,MED,-0.0068,Put wall OI unwinding (5m),"{""dedupe_key"":""NIFTY|WALL_UNWIND_CONFIRM_DOWN|ON|2026-07-20 11:43"",""threshold"":-0.006,""value"":-0.0068,""since_minute_bucket_ist"":"""",""last_updated_ist"":""2026-07-20 11:43:00""}"
2026-07-20 00:00:00,2026-07-20 11:44:00,150,NIFTY,FLOW_BEARISH_BUILD,ON,HIGH,0.0012,Bearish build (premium-confirmed writing / resistance),"{""dedupe_key"":""NIFTY|FLOW_BEARISH_BUILD|ON|2026-07-20 11:44"",""threshold"":0.005,""value"":0.0012,""since_minute_bucket_ist"":"""",""last_updated_ist"":""2026-07-20 11:44:00""}"
2026-07-20 00:00:00,2026-07-20 11:44:00,150,NIFTY,PIN_BREAKOUT_SETUP,ON,MED,-2.7000000000007276,Pin breakout setup (wall touch + aligned flow),"{""dedupe_key"":""NIFTY|PIN_BREAKOUT_SETUP|ON|2026-07-20 11:44"",""threshold"":0,""value"":-2.7000000000007276,""since_minute_bucket_ist"":"""",""last_updated_ist"":""2026-07-20 11:44:00""}"
2026-07-20 00:00:00,2026-07-20 11:44:00,150,NIFTY,EXP_RANGE_BREAKOUT_WATCH_DOWN,ON,MED,24198.45,Expected-range watch DOWN,"{""dedupe_key"":""NIFTY|EXP_RANGE_BREAKOUT_WATCH_DOWN|ON|2026-07-20 11:44"",""threshold"":24198.48,""value"":24198.45,""since_minute_bucket_ist"":"""",""last_updated_ist"":""2026-07-20 11:44:00""}"
2026-07-20 00:00:00,2026-07-20 11:44:00,150,NIFTY,OPTION_MOMENTUM_PUT,OFF,MED,1.15,ATM PUT momentum (ltp up + vol up),"{""dedupe_key"":""NIFTY|OPTION_MOMENTUM_PUT|OFF|2026-07-20 11:44"",""threshold"":1.5,""value"":1.15,""since_minute_bucket_ist"":""2026-07-20 11:43"",""last_updated_ist"":""2026-07-20 11:44:00""}"
2026-07-20 00:00:00,2026-07-20 11:44:00,150,NIFTY,CHURN_COMMITTED,ON,MED,-0.0001,Price move + aligned flow (committed),"{""dedupe_key"":""NIFTY|CHURN_COMMITTED|ON|2026-07-20 11:44"",""threshold"":0.0001,""value"":-0.0001,""since_minute_bucket_ist"":"""",""last_updated_ist"":""2026-07-20 11:44:00""}"
2026-07-20 00:00:00,2026-07-20 11:44:00,150,NIFTY,WALL_PRESSURE_BREAK_SETUP,ON,MED,-2.7000000000007276,Pressure building into a wall (break setup),"{""dedupe_key"":""NIFTY|WALL_PRESSURE_BREAK_SETUP|ON|2026-07-20 11:44"",""threshold"":0,""value"":-2.7000000000007276,""since_minute_bucket_ist"":"""",""last_updated_ist"":""2026-07-20 11:44:00""}"
2026-07-20 00:00:00,2026-07-20 11:45:00,151,NIFTY,FLOW_BEARISH_BUILD,OFF,HIGH,0,Bearish build (premium-confirmed writing / resistance),"{""dedupe_key"":""NIFTY|FLOW_BEARISH_BUILD|OFF|2026-07-20 11:45"",""threshold"":0.005,""value"":0,""since_minute_bucket_ist"":""2026-07-20 11:44"",""last_updated_ist"":""2026-07-20 11:45:00""}"
2026-07-20 00:00:00,2026-07-20 11:45:00,151,NIFTY,REGIME_TREND_DOWN,OFF,MED,-0.0004,Trend DOWN (slope + direction),"{""dedupe_key"":""NIFTY|REGIME_TREND_DOWN|OFF|2026-07-20 11:45"",""threshold"":-0.0004,""value"":-0.0004,""since_minute_bucket_ist"":""2026-07-20 11:43"",""last_updated_ist"":""2026-07-20 11:45:00""}"
2026-07-20 00:00:00,2026-07-20 11:45:00,151,NIFTY,REGIME_TRANSITION_UNCERTAIN,ON,LOW,1,Transition/uncertain regime,"{""dedupe_key"":""NIFTY|REGIME_TRANSITION_UNCERTAIN|ON|2026-07-20 11:45"",""threshold"":1,""value"":1,""since_minute_bucket_ist"":"""",""last_updated_ist"":""2026-07-20 11:45:00""}"
2026-07-20 00:00:00,2026-07-20 11:45:00,151,NIFTY,PIN_BREAKOUT_SETUP,OFF,MED,0,Pin breakout setup (wall touch + aligned flow),"{""dedupe_key"":""NIFTY|PIN_BREAKOUT_SETUP|OFF|2026-07-20 11:45"",""threshold"":0,""value"":0,""since_minute_bucket_ist"":""2026-07-20 11:44"",""last_updated_ist"":""2026-07-20 11:45:00""}"
2026-07-20 00:00:00,2026-07-20 11:45:00,151,NIFTY,EXP_RANGE_BREAKOUT_WATCH_DOWN,OFF,MED,24198.45,Expected-range watch DOWN,"{""dedupe_key"":""NIFTY|EXP_RANGE_BREAKOUT_WATCH_DOWN|OFF|2026-07-20 11:45"",""threshold"":24197.33,""value"":24198.45,""since_minute_bucket_ist"":""2026-07-20 11:44"",""last_updated_ist"":""2026-07-20 11:45:00""}"
2026-07-20 00:00:00,2026-07-20 11:45:00,151,NIFTY,CHURN_COMMITTED,OFF,MED,0,Price move + aligned flow (committed),"{""dedupe_key"":""NIFTY|CHURN_COMMITTED|OFF|2026-07-20 11:45"",""threshold"":0.0001,""value"":0,""since_minute_bucket_ist"":""2026-07-20 11:44"",""last_updated_ist"":""2026-07-20 11:45:00""}"
2026-07-20 00:00:00,2026-07-20 11:45:00,151,NIFTY,WALL_PRESSURE_BREAK_SETUP,OFF,MED,0,Pressure building into a wall (break setup),"{""dedupe_key"":""NIFTY|WALL_PRESSURE_BREAK_SETUP|OFF|2026-07-20 11:45"",""threshold"":0,""value"":0,""since_minute_bucket_ist"":""2026-07-20 11:44"",""last_updated_ist"":""2026-07-20 11:45:00""}"
2026-07-20 00:00:00,2026-07-20 11:46:00,152,NIFTY,FLOW_BEARISH_BUILD,ON,HIGH,0.0037,Bearish build (premium-confirmed writing / resistance),"{""dedupe_key"":""NIFTY|FLOW_BEARISH_BUILD|ON|2026-07-20 11:46"",""threshold"":0.005,""value"":0.0037,""since_minute_bucket_ist"":"""",""last_updated_ist"":""2026-07-20 11:46:00""}"
2026-07-20 00:00:00,2026-07-20 11:46:00,152,NIFTY,REGIME_TREND_DOWN,ON,MED,-0.0007,Trend DOWN (slope + direction),"{""dedupe_key"":""NIFTY|REGIME_TREND_DOWN|ON|2026-07-20 11:46"",""threshold"":-0.0004,""value"":-0.0007,""since_minute_bucket_ist"":"""",""last_updated_ist"":""2026-07-20 11:46:00""}"
2026-07-20 00:00:00,2026-07-20 11:46:00,152,NIFTY,REGIME_TRANSITION_UNCERTAIN,OFF,LOW,1,Transition/uncertain regime,"{""dedupe_key"":""NIFTY|REGIME_TRANSITION_UNCERTAIN|OFF|2026-07-20 11:46"",""threshold"":1,""value"":1,""since_minute_bucket_ist"":""2026-07-20 11:45"",""last_updated_ist"":""2026-07-20 11:46:00""}"
2026-07-20 00:00:00,2026-07-20 11:46:00,152,NIFTY,PIN_BREAKOUT_SETUP,ON,MED,-8.650000000001455,Pin breakout setup (wall touch + aligned flow),"{""dedupe_key"":""NIFTY|PIN_BREAKOUT_SETUP|ON|2026-07-20 11:46"",""threshold"":0,""value"":-8.650000000001455,""since_minute_bucket_ist"":"""",""last_updated_ist"":""2026-07-20 11:46:00""}"
2026-07-20 00:00:00,2026-07-20 11:46:00,152,NIFTY,EXP_RANGE_BREAKOUT_WATCH_DOWN,ON,MED,24189.8,Expected-range watch DOWN,"{""dedupe_key"":""NIFTY|EXP_RANGE_BREAKOUT_WATCH_DOWN|ON|2026-07-20 11:46"",""threshold"":24194.1,""value"":24189.8,""since_minute_bucket_ist"":"""",""last_updated_ist"":""2026-07-20 11:46:00""}"
2026-07-20 00:00:00,2026-07-20 11:46:00,152,NIFTY,OPTION_MOMENTUM_PUT,ON,MED,3.2,ATM PUT momentum (ltp up + vol up),"{""dedupe_key"":""NIFTY|OPTION_MOMENTUM_PUT|ON|2026-07-20 11:46"",""threshold"":1.5,""value"":3.2,""since_minute_bucket_ist"":"""",""last_updated_ist"":""2026-07-20 11:46:00""}"
2026-07-20 00:00:00,2026-07-20 11:46:00,152,NIFTY,CHURN_COMMITTED,ON,MED,-0.0004,Price move + aligned flow (committed),"{""dedupe_key"":""NIFTY|CHURN_COMMITTED|ON|2026-07-20 11:46"",""threshold"":0.0001,""value"":-0.0004,""since_minute_bucket_ist"":"""",""last_updated_ist"":""2026-07-20 11:46:00""}"
2026-07-20 00:00:00,2026-07-20 11:46:00,152,NIFTY,WALL_PRESSURE_BREAK_SETUP,ON,MED,-8.650000000001455,Pressure building into a wall (break setup),"{""dedupe_key"":""NIFTY|WALL_PRESSURE_BREAK_SETUP|ON|2026-07-20 11:46"",""threshold"":0,""value"":-8.650000000001455,""since_minute_bucket_ist"":"""",""last_updated_ist"":""2026-07-20 11:46:00""}"
2026-07-20 00:00:00,2026-07-20 11:47:00,153,NIFTY,TRADE_LIMIT_REACHED,ON,MED,6,Cooldown active (2m),"{""dedupe_key"":""NIFTY|TRADE_LIMIT_REACHED|ON|2026-07-20 11:47"",""threshold"":500,""value"":6,""since_minute_bucket_ist"":"""",""last_updated_ist"":""2026-07-20 11:47:00""}"
2026-07-20 00:00:00,2026-07-20 11:47:00,153,NIFTY,REGIME_TREND_DOWN,OFF,MED,-0.0005,Trend DOWN (slope + direction),"{""dedupe_key"":""NIFTY|REGIME_TREND_DOWN|OFF|2026-07-20 11:47"",""threshold"":-0.0004,""value"":-0.0005,""since_minute_bucket_ist"":""2026-07-20 11:46"",""last_updated_ist"":""2026-07-20 11:47:00""}"
2026-07-20 00:00:00,2026-07-20 11:47:00,153,NIFTY,REGIME_TRANSITION_UNCERTAIN,ON,LOW,1,Transition/uncertain regime,"{""dedupe_key"":""NIFTY|REGIME_TRANSITION_UNCERTAIN|ON|2026-07-20 11:47"",""threshold"":1,""value"":1,""since_minute_bucket_ist"":"""",""last_updated_ist"":""2026-07-20 11:47:00""}"
2026-07-20 00:00:00,2026-07-20 11:47:00,153,NIFTY,PIN_BREAKOUT_SETUP,OFF,MED,3,Pin breakout setup (wall touch + aligned flow),"{""dedupe_key"":""NIFTY|PIN_BREAKOUT_SETUP|OFF|2026-07-20 11:47"",""threshold"":0,""value"":3,""since_minute_bucket_ist"":""2026-07-20 11:46"",""last_updated_ist"":""2026-07-20 11:47:00""}"
2026-07-20 00:00:00,2026-07-20 11:47:00,153,NIFTY,EXP_RANGE_BREAKOUT_CONFIRMED_DOWN,ON,HIGH,2,Expected-range breakout CONFIRMED DOWN,"{""dedupe_key"":""NIFTY|EXP_RANGE_BREAKOUT_CONFIRMED_DOWN|ON|2026-07-20 11:47"",""threshold"":2,""value"":2,""since_minute_bucket_ist"":"""",""last_updated_ist"":""2026-07-20 11:47:00""}"
2026-07-20 00:00:00,2026-07-20 11:47:00,153,NIFTY,OPTION_MOMENTUM_PUT,OFF,MED,-0.1,ATM PUT momentum (ltp up + vol up),"{""dedupe_key"":""NIFTY|OPTION_MOMENTUM_PUT|OFF|2026-07-20 11:47"",""threshold"":1.5,""value"":-0.1,""since_minute_bucket_ist"":""2026-07-20 11:46"",""last_updated_ist"":""2026-07-20 11:47:00""}"
2026-07-20 00:00:00,2026-07-20 11:47:00,153,NIFTY,CHURN_COMMITTED,OFF,MED,0.0001,Price move + aligned flow (committed),"{""dedupe_key"":""NIFTY|CHURN_COMMITTED|OFF|2026-07-20 11:47"",""threshold"":0.0001,""value"":0.0001,""since_minute_bucket_ist"":""2026-07-20 11:46"",""last_updated_ist"":""2026-07-20 11:47:00""}"
2026-07-20 00:00:00,2026-07-20 11:47:00,153,NIFTY,WALL_PRESSURE_BREAK_SETUP,OFF,MED,3,Pressure building into a wall (break setup),"{""dedupe_key"":""NIFTY|WALL_PRESSURE_BREAK_SETUP|OFF|2026-07-20 11:47"",""threshold"":0,""value"":3,""since_minute_bucket_ist"":""2026-07-20 11:46"",""last_updated_ist"":""2026-07-20 11:47:00""}"
2026-07-20 00:00:00,2026-07-20 11:48:00,154,NIFTY,TRADE_LIMIT_REACHED,OFF,MED,6,Cooldown active (2m),"{""dedupe_key"":""NIFTY|TRADE_LIMIT_REACHED|OFF|2026-07-20 11:48"",""threshold"":500,""value"":6,""since_minute_bucket_ist"":""2026-07-20 11:47"",""last_updated_ist"":""2026-07-20 11:48:00""}"
2026-07-20 00:00:00,2026-07-20 11:48:00,154,NIFTY,FLOW_BEARISH_BUILD,OFF,HIGH,0,Bearish build (premium-confirmed writing / resistance),"{""dedupe_key"":""NIFTY|FLOW_BEARISH_BUILD|OFF|2026-07-20 11:48"",""threshold"":0.005,""value"":0,""since_minute_bucket_ist"":""2026-07-20 11:46"",""last_updated_ist"":""2026-07-20 11:48:00""}"
2026-07-20 00:00:00,2026-07-20 11:48:00,154,NIFTY,EXP_RANGE_BREAKOUT_WATCH_DOWN,OFF,MED,24192.8,Expected-range watch DOWN,"{""dedupe_key"":""NIFTY|EXP_RANGE_BREAKOUT_WATCH_DOWN|OFF|2026-07-20 11:48"",""threshold"":24191.68,""value"":24192.8,""since_minute_bucket_ist"":""2026-07-20 11:46"",""last_updated_ist"":""2026-07-20 11:48:00""}"
2026-07-20 00:00:00,2026-07-20 11:48:00,154,NIFTY,EXP_RANGE_BREAKOUT_CONFIRMED_DOWN,OFF,HIGH,0,Expected-range breakout CONFIRMED DOWN,"{""dedupe_key"":""NIFTY|EXP_RANGE_BREAKOUT_CONFIRMED_DOWN|OFF|2026-07-20 11:48"",""threshold"":2,""value"":0,""since_minute_bucket_ist"":""2026-07-20 11:47"",""last_updated_ist"":""2026-07-20 11:48:00""}"
2026-07-20 00:00:00,2026-07-20 11:49:00,155,NIFTY,VOL_EXPANSION,OFF,MED,0.0068,Volatility expanding (straddle up),"{""dedupe_key"":""NIFTY|VOL_EXPANSION|OFF|2026-07-20 11:49"",""threshold"":0.02,""value"":0.0068,""since_minute_bucket_ist"":""2026-07-20 11:43"",""last_updated_ist"":""2026-07-20 11:49:00""}"
2026-07-20 00:00:00,2026-07-20 11:49:00,155,NIFTY,STEALTH_BUILD_BEAR,ON,MED,0.0082,"Stealth bearish build (calls build, spot flat)","{""dedupe_key"":""NIFTY|STEALTH_BUILD_BEAR|ON|2026-07-20 11:49"",""threshold"":0.008,""value"":0.0082,""since_minute_bucket_ist"":"""",""last_updated_ist"":""2026-07-20 11:49:00""}"
2026-07-20 00:00:00,2026-07-20 11:50:00,156,NIFTY,FLOW_BEARISH_BUILD,ON,HIGH,0.0085,Bearish build (premium-confirmed writing / resistance),"{""dedupe_key"":""NIFTY|FLOW_BEARISH_BUILD|ON|2026-07-20 11:50"",""threshold"":0.005,""value"":0.0085,""since_minute_bucket_ist"":"""",""last_updated_ist"":""2026-07-20 11:50:00""}"
2026-07-20 00:00:00,2026-07-20 11:51:00,157,NIFTY,FLOW_BEARISH_BUILD,OFF,HIGH,0.0019,Bearish build (premium-confirmed writing / resistance),"{""dedupe_key"":""NIFTY|FLOW_BEARISH_BUILD|OFF|2026-07-20 11:51"",""threshold"":0.005,""value"":0.0019,""since_minute_bucket_ist"":""2026-07-20 11:50"",""last_updated_ist"":""2026-07-20 11:51:00""}"
2026-07-20 00:00:00,2026-07-20 11:51:00,157,NIFTY,STEALTH_BUILD_BEAR,OFF,MED,0.0019,"Stealth bearish build (calls build, spot flat)","{""dedupe_key"":""NIFTY|STEALTH_BUILD_BEAR|OFF|2026-07-20 11:51"",""threshold"":0.008,""value"":0.0019,""since_minute_bucket_ist"":""2026-07-20 11:49"",""last_updated_ist"":""2026-07-20 11:51:00""}"
2026-07-20 00:00:00,2026-07-20 11:52:00,158,NIFTY,FLOW_BEARISH_BUILD,ON,HIGH,0.0068,Bearish build (premium-confirmed writing / resistance),"{""dedupe_key"":""NIFTY|FLOW_BEARISH_BUILD|ON|2026-07-20 11:52"",""threshold"":0.005,""value"":0.0068,""since_minute_bucket_ist"":"""",""last_updated_ist"":""2026-07-20 11:52:00""}"
2026-07-20 00:00:00,2026-07-20 11:52:00,158,NIFTY,PIN_BREAKOUT_SETUP,ON,MED,-3.7000000000007276,Pin breakout setup (wall touch + aligned flow),"{""dedupe_key"":""NIFTY|PIN_BREAKOUT_SETUP|ON|2026-07-20 11:52"",""threshold"":0,""value"":-3.7000000000007276,""since_minute_bucket_ist"":"""",""last_updated_ist"":""2026-07-20 11:52:00""}"
2026-07-20 00:00:00,2026-07-20 11:52:00,158,NIFTY,VOL_EXPANSION,ON,MED,0.0024,Volatility expanding (straddle up),"{""dedupe_key"":""NIFTY|VOL_EXPANSION|ON|2026-07-20 11:52"",""threshold"":0.02,""value"":0.0024,""since_minute_bucket_ist"":"""",""last_updated_ist"":""2026-07-20 11:52:00""}"
2026-07-20 00:00:00,2026-07-20 11:52:00,158,NIFTY,OPTION_MOMENTUM_PUT,ON,MED,6.15,ATM PUT momentum (ltp up + vol up),"{""dedupe_key"":""NIFTY|OPTION_MOMENTUM_PUT|ON|2026-07-20 11:52"",""threshold"":1.5,""value"":6.15,""since_minute_bucket_ist"":"""",""last_updated_ist"":""2026-07-20 11:52:00""}"
2026-07-20 00:00:00,2026-07-20 11:52:00,158,NIFTY,CHURN_COMMITTED,ON,MED,-0.0002,Price move + aligned flow (committed),"{""dedupe_key"":""NIFTY|CHURN_COMMITTED|ON|2026-07-20 11:52"",""threshold"":0.0001,""value"":-0.0002,""since_minute_bucket_ist"":"""",""last_updated_ist"":""2026-07-20 11:52:00""}"
2026-07-20 00:00:00,2026-07-20 11:52:00,158,NIFTY,WALL_PRESSURE_BREAK_SETUP,ON,MED,-3.7000000000007276,Pressure building into a wall (break setup),"{""dedupe_key"":""NIFTY|WALL_PRESSURE_BREAK_SETUP|ON|2026-07-20 11:52"",""threshold"":0,""value"":-3.7000000000007276,""since_minute_bucket_ist"":"""",""last_updated_ist"":""2026-07-20 11:52:00""}"
2026-07-20 00:00:00,2026-07-20 11:53:00,159,NIFTY,TRADE_LIMIT_REACHED,ON,MED,7,Cooldown active (2m),"{""dedupe_key"":""NIFTY|TRADE_LIMIT_REACHED|ON|2026-07-20 11:53"",""threshold"":500,""value"":7,""since_minute_bucket_ist"":"""",""last_updated_ist"":""2026-07-20 11:53:00""}"
2026-07-20 00:00:00,2026-07-20 11:53:00,159,NIFTY,FLOW_BEARISH_BUILD,OFF,HIGH,0,Bearish build (premium-confirmed writing / resistance),"{""dedupe_key"":""NIFTY|FLOW_BEARISH_BUILD|OFF|2026-07-20 11:53"",""threshold"":0.005,""value"":0,""since_minute_bucket_ist"":""2026-07-20 11:52"",""last_updated_ist"":""2026-07-20 11:53:00""}"
2026-07-20 00:00:00,2026-07-20 11:53:00,159,NIFTY,REGIME_BREAKOUT_DOWN,ON,HIGH,2,Breakout DOWN (held below put wall),"{""dedupe_key"":""NIFTY|REGIME_BREAKOUT_DOWN|ON|2026-07-20 11:53"",""threshold"":2,""value"":2,""since_minute_bucket_ist"":"""",""last_updated_ist"":""2026-07-20 11:53:00""}"
2026-07-20 00:00:00,2026-07-20 11:53:00,159,NIFTY,REGIME_TRANSITION_UNCERTAIN,OFF,LOW,1,Transition/uncertain regime,"{""dedupe_key"":""NIFTY|REGIME_TRANSITION_UNCERTAIN|OFF|2026-07-20 11:53"",""threshold"":1,""value"":1,""since_minute_bucket_ist"":""2026-07-20 11:47"",""last_updated_ist"":""2026-07-20 11:53:00""}"
2026-07-20 00:00:00,2026-07-20 11:53:00,159,NIFTY,PIN_BREAKOUT_SETUP,OFF,MED,0,Pin breakout setup (wall touch + aligned flow),"{""dedupe_key"":""NIFTY|PIN_BREAKOUT_SETUP|OFF|2026-07-20 11:53"",""threshold"":0,""value"":0,""since_minute_bucket_ist"":""2026-07-20 11:52"",""last_updated_ist"":""2026-07-20 11:53:00""}"
2026-07-20 00:00:00,2026-07-20 11:53:00,159,NIFTY,OPTION_MOMENTUM_PUT,OFF,MED,0,ATM PUT momentum (ltp up + vol up),"{""dedupe_key"":""NIFTY|OPTION_MOMENTUM_PUT|OFF|2026-07-20 11:53"",""threshold"":1.5,""value"":0,""since_minute_bucket_ist"":""2026-07-20 11:52"",""last_updated_ist"":""2026-07-20 11:53:00""}"
2026-07-20 00:00:00,2026-07-20 11:53:00,159,NIFTY,CHURN_COMMITTED,OFF,MED,0,Price move + aligned flow (committed),"{""dedupe_key"":""NIFTY|CHURN_COMMITTED|OFF|2026-07-20 11:53"",""threshold"":0.0001,""value"":0,""since_minute_bucket_ist"":""2026-07-20 11:52"",""last_updated_ist"":""2026-07-20 11:53:00""}"
2026-07-20 00:00:00,2026-07-20 11:53:00,159,NIFTY,WALL_PRESSURE_BREAK_SETUP,OFF,MED,0,Pressure building into a wall (break setup),"{""dedupe_key"":""NIFTY|WALL_PRESSURE_BREAK_SETUP|OFF|2026-07-20 11:53"",""threshold"":0,""value"":0,""since_minute_bucket_ist"":""2026-07-20 11:52"",""last_updated_ist"":""2026-07-20 11:53:00""}"
2026-07-20 00:00:00,2026-07-20 11:54:00,160,NIFTY,EXP_RANGE_BREAKOUT_WATCH_DOWN,ON,MED,24185.45,Expected-range watch DOWN,"{""dedupe_key"":""NIFTY|EXP_RANGE_BREAKOUT_WATCH_DOWN|ON|2026-07-20 11:54"",""threshold"":24185.52,""value"":24185.45,""since_minute_bucket_ist"":"""",""last_updated_ist"":""2026-07-20 11:54:00""}"
2026-07-20 00:00:00,2026-07-20 11:54:00,160,NIFTY,VOL_EXPANSION,OFF,MED,0,Volatility expanding (straddle up),"{""dedupe_key"":""NIFTY|VOL_EXPANSION|OFF|2026-07-20 11:54"",""threshold"":0.02,""value"":0,""since_minute_bucket_ist"":""2026-07-20 11:52"",""last_updated_ist"":""2026-07-20 11:54:00""}"
2026-07-20 00:00:00,2026-07-20 11:54:00,160,NIFTY,OPTION_MOMENTUM_CALL,ON,MED,2.1,ATM CALL momentum (ltp up + vol up),"{""dedupe_key"":""NIFTY|OPTION_MOMENTUM_CALL|ON|2026-07-20 11:54"",""threshold"":1.5,""value"":2.1,""since_minute_bucket_ist"":"""",""last_updated_ist"":""2026-07-20 11:54:00""}"
2026-07-20 00:00:00,2026-07-20 11:55:00,161,NIFTY,TRADE_LIMIT_REACHED,OFF,MED,7,Cooldown active (2m),"{""dedupe_key"":""NIFTY|TRADE_LIMIT_REACHED|OFF|2026-07-20 11:55"",""threshold"":500,""value"":7,""since_minute_bucket_ist"":""2026-07-20 11:53"",""last_updated_ist"":""2026-07-20 11:55:00""}"
2026-07-20 00:00:00,2026-07-20 11:55:00,161,NIFTY,FLOW_BEARISH_BUILD,ON,HIGH,0.0022,Bearish build (premium-confirmed writing / resistance),"{""dedupe_key"":""NIFTY|FLOW_BEARISH_BUILD|ON|2026-07-20 11:55"",""threshold"":0.005,""value"":0.0022,""since_minute_bucket_ist"":"""",""last_updated_ist"":""2026-07-20 11:55:00""}"
2026-07-20 00:00:00,2026-07-20 11:55:00,161,NIFTY,REGIME_TREND_DOWN,ON,MED,-0.0005,Trend DOWN (slope + direction),"{""dedupe_key"":""NIFTY|REGIME_TREND_DOWN|ON|2026-07-20 11:55"",""threshold"":-0.0004,""value"":-0.0005,""since_minute_bucket_ist"":"""",""last_updated_ist"":""2026-07-20 11:55:00""}"
2026-07-20 00:00:00,2026-07-20 11:55:00,161,NIFTY,PIN_BREAKOUT_SETUP,ON,MED,-6.950000000000728,Pin breakout setup (wall touch + aligned flow),"{""dedupe_key"":""NIFTY|PIN_BREAKOUT_SETUP|ON|2026-07-20 11:55"",""threshold"":0,""value"":-6.950000000000728,""since_minute_bucket_ist"":"""",""last_updated_ist"":""2026-07-20 11:55:00""}"
2026-07-20 00:00:00,2026-07-20 11:55:00,161,NIFTY,EXP_RANGE_BREAKOUT_CONFIRMED_DOWN,ON,HIGH,2,Expected-range breakout CONFIRMED DOWN,"{""dedupe_key"":""NIFTY|EXP_RANGE_BREAKOUT_CONFIRMED_DOWN|ON|2026-07-20 11:55"",""threshold"":2,""value"":2,""since_minute_bucket_ist"":"""",""last_updated_ist"":""2026-07-20 11:55:00""}"
2026-07-20 00:00:00,2026-07-20 11:55:00,161,NIFTY,VOL_EXPANSION,ON,MED,0.0125,Volatility expanding (straddle up),"{""dedupe_key"":""NIFTY|VOL_EXPANSION|ON|2026-07-20 11:55"",""threshold"":0.02,""value"":0.0125,""since_minute_bucket_ist"":"""",""last_updated_ist"":""2026-07-20 11:55:00""}"
2026-07-20 00:00:00,2026-07-20 11:55:00,161,NIFTY,OPTION_MOMENTUM_CALL,OFF,MED,-4.35,ATM CALL momentum (ltp up + vol up),"{""dedupe_key"":""NIFTY|OPTION_MOMENTUM_CALL|OFF|2026-07-20 11:55"",""threshold"":1.5,""value"":-4.35,""since_minute_bucket_ist"":""2026-07-20 11:54"",""last_updated_ist"":""2026-07-20 11:55:00""}"
2026-07-20 00:00:00,2026-07-20 11:55:00,161,NIFTY,OPTION_MOMENTUM_PUT,ON,MED,5.85,ATM PUT momentum (ltp up + vol up),"{""dedupe_key"":""NIFTY|OPTION_MOMENTUM_PUT|ON|2026-07-20 11:55"",""threshold"":1.5,""value"":5.85,""since_minute_bucket_ist"":"""",""last_updated_ist"":""2026-07-20 11:55:00""}"
2026-07-20 00:00:00,2026-07-20 11:55:00,161,NIFTY,CHURN_COMMITTED,ON,MED,-0.0003,Price move + aligned flow (committed),"{""dedupe_key"":""NIFTY|CHURN_COMMITTED|ON|2026-07-20 11:55"",""threshold"":0.0001,""value"":-0.0003,""since_minute_bucket_ist"":"""",""last_updated_ist"":""2026-07-20 11:55:00""}"
2026-07-20 00:00:00,2026-07-20 11:55:00,161,NIFTY,WALL_PRESSURE_BREAK_SETUP,ON,MED,-6.950000000000728,Pressure building into a wall (break setup),"{""dedupe_key"":""NIFTY|WALL_PRESSURE_BREAK_SETUP|ON|2026-07-20 11:55"",""threshold"":0,""value"":-6.950000000000728,""since_minute_bucket_ist"":"""",""last_updated_ist"":""2026-07-20 11:55:00""}"
2026-07-20 00:00:00,2026-07-20 11:56:00,162,NIFTY,TRADE_LIMIT_REACHED,ON,MED,8,Cooldown active (2m),"{""dedupe_key"":""NIFTY|TRADE_LIMIT_REACHED|ON|2026-07-20 11:56"",""threshold"":500,""value"":8,""since_minute_bucket_ist"":"""",""last_updated_ist"":""2026-07-20 11:56:00""}"
2026-07-20 00:00:00,2026-07-20 11:56:00,162,NIFTY,FLOW_BEARISH_BUILD,OFF,HIGH,0.0122,Bearish build (premium-confirmed writing / resistance),"{""dedupe_key"":""NIFTY|FLOW_BEARISH_BUILD|OFF|2026-07-20 11:56"",""threshold"":0.005,""value"":0.0122,""since_minute_bucket_ist"":""2026-07-20 11:55"",""last_updated_ist"":""2026-07-20 11:56:00""}"
2026-07-20 00:00:00,2026-07-20 11:56:00,162,NIFTY,REGIME_TREND_DOWN,OFF,MED,-0.0003,Trend DOWN (slope + direction),"{""dedupe_key"":""NIFTY|REGIME_TREND_DOWN|OFF|2026-07-20 11:56"",""threshold"":-0.0004,""value"":-0.0003,""since_minute_bucket_ist"":""2026-07-20 11:55"",""last_updated_ist"":""2026-07-20 11:56:00""}"
2026-07-20 00:00:00,2026-07-20 11:56:00,162,NIFTY,PIN_BREAKOUT_SETUP,OFF,MED,6.200000000000728,Pin breakout setup (wall touch + aligned flow),"{""dedupe_key"":""NIFTY|PIN_BREAKOUT_SETUP|OFF|2026-07-20 11:56"",""threshold"":0,""value"":6.200000000000728,""since_minute_bucket_ist"":""2026-07-20 11:55"",""last_updated_ist"":""2026-07-20 11:56:00""}"
2026-07-20 00:00:00,2026-07-20 11:56:00,162,NIFTY,EXP_RANGE_BREAKOUT_WATCH_DOWN,OFF,MED,24184.7,Expected-range watch DOWN,"{""dedupe_key"":""NIFTY|EXP_RANGE_BREAKOUT_WATCH_DOWN|OFF|2026-07-20 11:56"",""threshold"":24182.44,""value"":24184.7,""since_minute_bucket_ist"":""2026-07-20 11:54"",""last_updated_ist"":""2026-07-20 11:56:00""}"
2026-07-20 00:00:00,2026-07-20 11:56:00,162,NIFTY,EXP_RANGE_BREAKOUT_CONFIRMED_DOWN,OFF,HIGH,0,Expected-range breakout CONFIRMED DOWN,"{""dedupe_key"":""NIFTY|EXP_RANGE_BREAKOUT_CONFIRMED_DOWN|OFF|2026-07-20 11:56"",""threshold"":2,""value"":0,""since_minute_bucket_ist"":""2026-07-20 11:55"",""last_updated_ist"":""2026-07-20 11:56:00""}"
2026-07-20 00:00:00,2026-07-20 11:56:00,162,NIFTY,VOL_EXPANSION,OFF,MED,-0.0018,Volatility expanding (straddle up),"{""dedupe_key"":""NIFTY|VOL_EXPANSION|OFF|2026-07-20 11:56"",""threshold"":0.02,""value"":-0.0018,""since_minute_bucket_ist"":""2026-07-20 11:55"",""last_updated_ist"":""2026-07-20 11:56:00""}"
2026-07-20 00:00:00,2026-07-20 11:56:00,162,NIFTY,OPTION_MOMENTUM_PUT,OFF,MED,-1.45,ATM PUT momentum (ltp up + vol up),"{""dedupe_key"":""NIFTY|OPTION_MOMENTUM_PUT|OFF|2026-07-20 11:56"",""threshold"":1.5,""value"":-1.45,""since_minute_bucket_ist"":""2026-07-20 11:55"",""last_updated_ist"":""2026-07-20 11:56:00""}"
2026-07-20 00:00:00,2026-07-20 11:56:00,162,NIFTY,CHURN_COMMITTED,OFF,MED,0.0003,Price move + aligned flow (committed),"{""dedupe_key"":""NIFTY|CHURN_COMMITTED|OFF|2026-07-20 11:56"",""threshold"":0.0001,""value"":0.0003,""since_minute_bucket_ist"":""2026-07-20 11:55"",""last_updated_ist"":""2026-07-20 11:56:00""}"
2026-07-20 00:00:00,2026-07-20 11:56:00,162,NIFTY,TAIL_RISK_SKEW_LOW,ON,LOW,0.55,Tail-risk skew low (PCR_COI low),"{""dedupe_key"":""NIFTY|TAIL_RISK_SKEW_LOW|ON|2026-07-20 11:56"",""threshold"":0.55,""value"":0.55,""since_minute_bucket_ist"":"""",""last_updated_ist"":""2026-07-20 11:56:00""}"
2026-07-20 00:00:00,2026-07-20 11:56:00,162,NIFTY,STEALTH_BUILD_BEAR,ON,MED,0.0122,"Stealth bearish build (calls build, spot flat)","{""dedupe_key"":""NIFTY|STEALTH_BUILD_BEAR|ON|2026-07-20 11:56"",""threshold"":0.008,""value"":0.0122,""since_minute_bucket_ist"":"""",""last_updated_ist"":""2026-07-20 11:56:00""}"
2026-07-20 00:00:00,2026-07-20 11:56:00,162,NIFTY,WALL_PRESSURE_BREAK_SETUP,OFF,MED,6.200000000000728,Pressure building into a wall (break setup),"{""dedupe_key"":""NIFTY|WALL_PRESSURE_BREAK_SETUP|OFF|2026-07-20 11:56"",""threshold"":0,""value"":6.200000000000728,""since_minute_bucket_ist"":""2026-07-20 11:55"",""last_updated_ist"":""2026-07-20 11:56:00""}"
2026-07-20 00:00:00,2026-07-20 11:57:00,163,NIFTY,STEALTH_BUILD_BEAR,OFF,MED,0,"Stealth bearish build (calls build, spot flat)","{""dedupe_key"":""NIFTY|STEALTH_BUILD_BEAR|OFF|2026-07-20 11:57"",""threshold"":0.008,""value"":0,""since_minute_bucket_ist"":""2026-07-20 11:56"",""last_updated_ist"":""2026-07-20 11:57:00""}"
2026-07-20 00:00:00,2026-07-20 11:58:00,164,NIFTY,TRADE_LIMIT_REACHED,OFF,MED,8,Cooldown active (2m),"{""dedupe_key"":""NIFTY|TRADE_LIMIT_REACHED|OFF|2026-07-20 11:58"",""threshold"":500,""value"":8,""since_minute_bucket_ist"":""2026-07-20 11:56"",""last_updated_ist"":""2026-07-20 11:58:00""}"
2026-07-20 00:00:00,2026-07-20 11:58:00,164,NIFTY,FLOW_BEARISH_BUILD,ON,HIGH,0.0087,Bearish build (premium-confirmed writing / resistance),"{""dedupe_key"":""NIFTY|FLOW_BEARISH_BUILD|ON|2026-07-20 11:58"",""threshold"":0.005,""value"":0.0087,""since_minute_bucket_ist"":"""",""last_updated_ist"":""2026-07-20 11:58:00""}"
2026-07-20 00:00:00,2026-07-20 11:58:00,164,NIFTY,PIN_BREAKOUT_SETUP,ON,MED,-0.9000000000014552,Pin breakout setup (wall touch + aligned flow),"{""dedupe_key"":""NIFTY|PIN_BREAKOUT_SETUP|ON|2026-07-20 11:58"",""threshold"":0,""value"":-0.9000000000014552,""since_minute_bucket_ist"":"""",""last_updated_ist"":""2026-07-20 11:58:00""}"
2026-07-20 00:00:00,2026-07-20 11:58:00,164,NIFTY,STEALTH_BUILD_BEAR,ON,MED,0.0087,"Stealth bearish build (calls build, spot flat)","{""dedupe_key"":""NIFTY|STEALTH_BUILD_BEAR|ON|2026-07-20 11:58"",""threshold"":0.008,""value"":0.0087,""since_minute_bucket_ist"":"""",""last_updated_ist"":""2026-07-20 11:58:00""}"
2026-07-20 00:00:00,2026-07-20 11:58:00,164,NIFTY,WALL_PRESSURE_BREAK_SETUP,ON,MED,-0.9000000000014552,Pressure building into a wall (break setup),"{""dedupe_key"":""NIFTY|WALL_PRESSURE_BREAK_SETUP|ON|2026-07-20 11:58"",""threshold"":0,""value"":-0.9000000000014552,""since_minute_bucket_ist"":"""",""last_updated_ist"":""2026-07-20 11:58:00""}"
2026-07-20 00:00:00,2026-07-20 12:00:00,165,NIFTY,FLOW_BEARISH_BUILD,OFF,HIGH,0.0048,Bearish build (premium-confirmed writing / resistance),"{""dedupe_key"":""NIFTY|FLOW_BEARISH_BUILD|OFF|2026-07-20 12:00"",""threshold"":0.005,""value"":0.0048,""since_minute_bucket_ist"":""2026-07-20 11:58"",""last_updated_ist"":""2026-07-20 12:00:00""}"
2026-07-20 00:00:00,2026-07-20 12:00:00,165,NIFTY,REGIME_BREAKOUT_DOWN,OFF,HIGH,0,Breakout DOWN (held below put wall),"{""dedupe_key"":""NIFTY|REGIME_BREAKOUT_DOWN|OFF|2026-07-20 12:00"",""threshold"":2,""value"":0,""since_minute_bucket_ist"":""2026-07-20 11:53"",""last_updated_ist"":""2026-07-20 12:00:00""}"
2026-07-20 00:00:00,2026-07-20 12:00:00,165,NIFTY,REGIME_TRANSITION_UNCERTAIN,ON,LOW,1,Transition/uncertain regime,"{""dedupe_key"":""NIFTY|REGIME_TRANSITION_UNCERTAIN|ON|2026-07-20 12:00"",""threshold"":1,""value"":1,""since_minute_bucket_ist"":"""",""last_updated_ist"":""2026-07-20 12:00:00""}"
2026-07-20 00:00:00,2026-07-20 12:00:00,165,NIFTY,PIN_BREAKOUT_SETUP,OFF,MED,8.100000000002183,Pin breakout setup (wall touch + aligned flow),"{""dedupe_key"":""NIFTY|PIN_BREAKOUT_SETUP|OFF|2026-07-20 12:00"",""threshold"":0,""value"":8.100000000002183,""since_minute_bucket_ist"":""2026-07-20 11:58"",""last_updated_ist"":""2026-07-20 12:00:00""}"
2026-07-20 00:00:00,2026-07-20 12:00:00,165,NIFTY,VOL_CONTRACTION,ON,LOW,-0.0209,Volatility contracting (straddle down),"{""dedupe_key"":""NIFTY|VOL_CONTRACTION|ON|2026-07-20 12:00"",""threshold"":-0.03,""value"":-0.0209,""since_minute_bucket_ist"":"""",""last_updated_ist"":""2026-07-20 12:00:00""}"
2026-07-20 00:00:00,2026-07-20 12:00:00,165,NIFTY,OPTION_MOMENTUM_CALL,ON,MED,3.8,ATM CALL momentum (ltp up + vol up),"{""dedupe_key"":""NIFTY|OPTION_MOMENTUM_CALL|ON|2026-07-20 12:00"",""threshold"":1.5,""value"":3.8,""since_minute_bucket_ist"":"""",""last_updated_ist"":""2026-07-20 12:00:00""}"
2026-07-20 00:00:00,2026-07-20 12:00:00,165,NIFTY,STEALTH_BUILD_BEAR,OFF,MED,0.0048,"Stealth bearish build (calls build, spot flat)","{""dedupe_key"":""NIFTY|STEALTH_BUILD_BEAR|OFF|2026-07-20 12:00"",""threshold"":0.008,""value"":0.0048,""since_minute_bucket_ist"":""2026-07-20 11:58"",""last_updated_ist"":""2026-07-20 12:00:00""}"
2026-07-20 00:00:00,2026-07-20 12:00:00,165,NIFTY,WALL_PRESSURE_BREAK_SETUP,OFF,MED,8.100000000002183,Pressure building into a wall (break setup),"{""dedupe_key"":""NIFTY|WALL_PRESSURE_BREAK_SETUP|OFF|2026-07-20 12:00"",""threshold"":0,""value"":8.100000000002183,""since_minute_bucket_ist"":""2026-07-20 11:58"",""last_updated_ist"":""2026-07-20 12:00:00""}"
2026-07-20 00:00:00,2026-07-20 12:00:00,166,NIFTY,FLOW_BEARISH_BUILD,ON,HIGH,0.0042,Bearish build (premium-confirmed writing / resistance),"{""dedupe_key"":""NIFTY|FLOW_BEARISH_BUILD|ON|2026-07-20 12:00"",""threshold"":0.005,""value"":0.0042,""since_minute_bucket_ist"":"""",""last_updated_ist"":""2026-07-20 12:00:00""}"
2026-07-20 00:00:00,2026-07-20 12:00:00,166,NIFTY,PIN_BREAKOUT_SETUP,ON,MED,-7,Pin breakout setup (wall touch + aligned flow),"{""dedupe_key"":""NIFTY|PIN_BREAKOUT_SETUP|ON|2026-07-20 12:00"",""threshold"":0,""value"":-7,""since_minute_bucket_ist"":"""",""last_updated_ist"":""2026-07-20 12:00:00""}"
2026-07-20 00:00:00,2026-07-20 12:00:00,166,NIFTY,OPTION_MOMENTUM_CALL,OFF,MED,-0.9,ATM CALL momentum (ltp up + vol up),"{""dedupe_key"":""NIFTY|OPTION_MOMENTUM_CALL|OFF|2026-07-20 12:00"",""threshold"":1.5,""value"":-0.9,""since_minute_bucket_ist"":""2026-07-20 12:00"",""last_updated_ist"":""2026-07-20 12:00:00""}"
2026-07-20 00:00:00,2026-07-20 12:00:00,166,NIFTY,CHURN_COMMITTED,ON,MED,-0.0003,Price move + aligned flow (committed),"{""dedupe_key"":""NIFTY|CHURN_COMMITTED|ON|2026-07-20 12:00"",""threshold"":0.0001,""value"":-0.0003,""since_minute_bucket_ist"":"""",""last_updated_ist"":""2026-07-20 12:00:00""}"
2026-07-20 00:00:00,2026-07-20 12:00:00,166,NIFTY,WALL_PRESSURE_BREAK_SETUP,ON,MED,-7,Pressure building into a wall (break setup),"{""dedupe_key"":""NIFTY|WALL_PRESSURE_BREAK_SETUP|ON|2026-07-20 12:00"",""threshold"":0,""value"":-7,""since_minute_bucket_ist"":"""",""last_updated_ist"":""2026-07-20 12:00:00""}"
2026-07-20 00:00:00,2026-07-20 12:01:00,167,NIFTY,FLOW_BEARISH_BUILD,OFF,HIGH,0.0016,Bearish build (premium-confirmed writing / resistance),"{""dedupe_key"":""NIFTY|FLOW_BEARISH_BUILD|OFF|2026-07-20 12:01"",""threshold"":0.005,""value"":0.0016,""since_minute_bucket_ist"":""2026-07-20 12:00"",""last_updated_ist"":""2026-07-20 12:01:00""}"
2026-07-20 00:00:00,2026-07-20 12:01:00,167,NIFTY,REGIME_BREAKOUT_DOWN,ON,HIGH,2,Breakout DOWN (held below put wall),"{""dedupe_key"":""NIFTY|REGIME_BREAKOUT_DOWN|ON|2026-07-20 12:01"",""threshold"":2,""value"":2,""since_minute_bucket_ist"":"""",""last_updated_ist"":""2026-07-20 12:01:00""}"
2026-07-20 00:00:00,2026-07-20 12:01:00,167,NIFTY,REGIME_TRANSITION_UNCERTAIN,OFF,LOW,1,Transition/uncertain regime,"{""dedupe_key"":""NIFTY|REGIME_TRANSITION_UNCERTAIN|OFF|2026-07-20 12:01"",""threshold"":1,""value"":1,""since_minute_bucket_ist"":""2026-07-20 12:00"",""last_updated_ist"":""2026-07-20 12:01:00""}"
2026-07-20 00:00:00,2026-07-20 12:01:00,167,NIFTY,PIN_BREAKOUT_SETUP,OFF,MED,-0.6500000000014552,Pin breakout setup (wall touch + aligned flow),"{""dedupe_key"":""NIFTY|PIN_BREAKOUT_SETUP|OFF|2026-07-20 12:01"",""threshold"":0,""value"":-0.6500000000014552,""since_minute_bucket_ist"":""2026-07-20 12:00"",""last_updated_ist"":""2026-07-20 12:01:00""}"
2026-07-20 00:00:00,2026-07-20 12:01:00,167,NIFTY,VOL_CONTRACTION,OFF,LOW,-0.0115,Volatility contracting (straddle down),"{""dedupe_key"":""NIFTY|VOL_CONTRACTION|OFF|2026-07-20 12:01"",""threshold"":-0.03,""value"":-0.0115,""since_minute_bucket_ist"":""2026-07-20 12:00"",""last_updated_ist"":""2026-07-20 12:01:00""}"
2026-07-20 00:00:00,2026-07-20 12:01:00,167,NIFTY,OPTION_MOMENTUM_PUT,ON,MED,2,ATM PUT momentum (ltp up + vol up),"{""dedupe_key"":""NIFTY|OPTION_MOMENTUM_PUT|ON|2026-07-20 12:01"",""threshold"":1.5,""value"":2,""since_minute_bucket_ist"":"""",""last_updated_ist"":""2026-07-20 12:01:00""}"
2026-07-20 00:00:00,2026-07-20 12:01:00,167,NIFTY,CHURN_COMMITTED,OFF,MED,0,Price move + aligned flow (committed),"{""dedupe_key"":""NIFTY|CHURN_COMMITTED|OFF|2026-07-20 12:01"",""threshold"":0.0001,""value"":0,""since_minute_bucket_ist"":""2026-07-20 12:00"",""last_updated_ist"":""2026-07-20 12:01:00""}"
2026-07-20 00:00:00,2026-07-20 12:01:00,167,NIFTY,WALL_PRESSURE_BREAK_SETUP,OFF,MED,-0.6500000000014552,Pressure building into a wall (break setup),"{""dedupe_key"":""NIFTY|WALL_PRESSURE_BREAK_SETUP|OFF|2026-07-20 12:01"",""threshold"":0,""value"":-0.6500000000014552,""since_minute_bucket_ist"":""2026-07-20 12:00"",""last_updated_ist"":""2026-07-20 12:01:00""}"
2026-07-20 00:00:00,2026-07-20 12:02:00,168,NIFTY,OPTION_MOMENTUM_PUT,OFF,MED,0,ATM PUT momentum (ltp up + vol up),"{""dedupe_key"":""NIFTY|OPTION_MOMENTUM_PUT|OFF|2026-07-20 12:02"",""threshold"":1.5,""value"":0,""since_minute_bucket_ist"":""2026-07-20 12:01"",""last_updated_ist"":""2026-07-20 12:02:00""}"
2026-07-20 00:00:00,2026-07-20 12:03:00,169,NIFTY,EXP_RANGE_BREAKOUT_WATCH_DOWN,ON,MED,24178.7,Expected-range watch DOWN,"{""dedupe_key"":""NIFTY|EXP_RANGE_BREAKOUT_WATCH_DOWN|ON|2026-07-20 12:03"",""threshold"":24179.91,""value"":24178.7,""since_minute_bucket_ist"":"""",""last_updated_ist"":""2026-07-20 12:03:00""}"
2026-07-20 00:00:00,2026-07-20 12:03:00,169,NIFTY,OPTION_MOMENTUM_PUT,ON,MED,1.9,ATM PUT momentum (ltp up + vol up),"{""dedupe_key"":""NIFTY|OPTION_MOMENTUM_PUT|ON|2026-07-20 12:03"",""threshold"":1.5,""value"":1.9,""since_minute_bucket_ist"":"""",""last_updated_ist"":""2026-07-20 12:03:00""}"
2026-07-20 00:00:00,2026-07-20 12:03:00,169,NIFTY,WALL_UNWIND_CONFIRM_DOWN,OFF,MED,-0.0053,Put wall OI unwinding (5m),"{""dedupe_key"":""NIFTY|WALL_UNWIND_CONFIRM_DOWN|OFF|2026-07-20 12:03"",""threshold"":-0.006,""value"":-0.0053,""since_minute_bucket_ist"":""2026-07-20 11:43"",""last_updated_ist"":""2026-07-20 12:03:00""}"
2026-07-20 00:00:00,2026-07-20 12:04:00,170,NIFTY,REGIME_TREND_DOWN,ON,MED,-0.0006,Trend DOWN (slope + direction),"{""dedupe_key"":""NIFTY|REGIME_TREND_DOWN|ON|2026-07-20 12:04"",""threshold"":-0.0004,""value"":-0.0006,""since_minute_bucket_ist"":"""",""last_updated_ist"":""2026-07-20 12:04:00""}"
2026-07-20 00:00:00,2026-07-20 12:04:00,170,NIFTY,EXP_RANGE_BREAKOUT_CONFIRMED_DOWN,ON,HIGH,2,Expected-range breakout CONFIRMED DOWN,"{""dedupe_key"":""NIFTY|EXP_RANGE_BREAKOUT_CONFIRMED_DOWN|ON|2026-07-20 12:04"",""threshold"":2,""value"":2,""since_minute_bucket_ist"":"""",""last_updated_ist"":""2026-07-20 12:04:00""}"
2026-07-20 00:00:00,2026-07-20 12:05:00,171,NIFTY,REGIME_TREND_DOWN,OFF,MED,-0.0003,Trend DOWN (slope + direction),"{""dedupe_key"":""NIFTY|REGIME_TREND_DOWN|OFF|2026-07-20 12:05"",""threshold"":-0.0004,""value"":-0.0003,""since_minute_bucket_ist"":""2026-07-20 12:04"",""last_updated_ist"":""2026-07-20 12:05:00""}"
2026-07-20 00:00:00,2026-07-20 12:05:00,171,NIFTY,OPTION_MOMENTUM_PUT,OFF,MED,1.5,ATM PUT momentum (ltp up + vol up),"{""dedupe_key"":""NIFTY|OPTION_MOMENTUM_PUT|OFF|2026-07-20 12:05"",""threshold"":1.5,""value"":1.5,""since_minute_bucket_ist"":""2026-07-20 12:03"",""last_updated_ist"":""2026-07-20 12:05:00""}"
2026-07-20 00:00:00,2026-07-20 12:06:00,172,NIFTY,EXP_RANGE_BREAKOUT_WATCH_DOWN,OFF,MED,24182.2,Expected-range watch DOWN,"{""dedupe_key"":""NIFTY|EXP_RANGE_BREAKOUT_WATCH_DOWN|OFF|2026-07-20 12:06"",""threshold"":24176.75,""value"":24182.2,""since_minute_bucket_ist"":""2026-07-20 12:03"",""last_updated_ist"":""2026-07-20 12:06:00""}"
2026-07-20 00:00:00,2026-07-20 12:06:00,172,NIFTY,EXP_RANGE_BREAKOUT_CONFIRMED_DOWN,OFF,HIGH,0,Expected-range breakout CONFIRMED DOWN,"{""dedupe_key"":""NIFTY|EXP_RANGE_BREAKOUT_CONFIRMED_DOWN|OFF|2026-07-20 12:06"",""threshold"":2,""value"":0,""since_minute_bucket_ist"":""2026-07-20 12:04"",""last_updated_ist"":""2026-07-20 12:06:00""}"
2026-07-20 00:00:00,2026-07-20 12:06:00,172,NIFTY,OPTION_MOMENTUM_CALL,ON,MED,1.9,ATM CALL momentum (ltp up + vol up),"{""dedupe_key"":""NIFTY|OPTION_MOMENTUM_CALL|ON|2026-07-20 12:06"",""threshold"":1.5,""value"":1.9,""since_minute_bucket_ist"":"""",""last_updated_ist"":""2026-07-20 12:06:00""}"
2026-07-20 00:00:00,2026-07-20 12:06:00,172,NIFTY,WALL_UNWIND_CONFIRM_DOWN,ON,MED,-0.017,Put wall OI unwinding (5m),"{""dedupe_key"":""NIFTY|WALL_UNWIND_CONFIRM_DOWN|ON|2026-07-20 12:06"",""threshold"":-0.006,""value"":-0.017,""since_minute_bucket_ist"":"""",""last_updated_ist"":""2026-07-20 12:06:00""}"
2026-07-20 00:00:00,2026-07-20 12:06:00,172,NIFTY,STEALTH_BUILD_BEAR,ON,MED,0.0086,"Stealth bearish build (calls build, spot flat)","{""dedupe_key"":""NIFTY|STEALTH_BUILD_BEAR|ON|2026-07-20 12:06"",""threshold"":0.008,""value"":0.0086,""since_minute_bucket_ist"":"""",""last_updated_ist"":""2026-07-20 12:06:00""}"
2026-07-20 00:00:00,2026-07-20 12:07:00,173,NIFTY,FLOW_BEARISH_BUILD,ON,HIGH,0.0023,Bearish build (premium-confirmed writing / resistance),"{""dedupe_key"":""NIFTY|FLOW_BEARISH_BUILD|ON|2026-07-20 12:07"",""threshold"":0.005,""value"":0.0023,""since_minute_bucket_ist"":"""",""last_updated_ist"":""2026-07-20 12:07:00""}"
2026-07-20 00:00:00,2026-07-20 12:07:00,173,NIFTY,OPTION_MOMENTUM_CALL,OFF,MED,-0.4,ATM CALL momentum (ltp up + vol up),"{""dedupe_key"":""NIFTY|OPTION_MOMENTUM_CALL|OFF|2026-07-20 12:07"",""threshold"":1.5,""value"":-0.4,""since_minute_bucket_ist"":""2026-07-20 12:06"",""last_updated_ist"":""2026-07-20 12:07:00""}"
2026-07-20 00:00:00,2026-07-20 12:07:00,173,NIFTY,STEALTH_BUILD_BEAR,OFF,MED,0.0023,"Stealth bearish build (calls build, spot flat)","{""dedupe_key"":""NIFTY|STEALTH_BUILD_BEAR|OFF|2026-07-20 12:07"",""threshold"":0.008,""value"":0.0023,""since_minute_bucket_ist"":""2026-07-20 12:06"",""last_updated_ist"":""2026-07-20 12:07:00""}"
2026-07-20 00:00:00,2026-07-20 12:08:00,174,NIFTY,FLOW_BEARISH_BUILD,OFF,HIGH,0.0033,Bearish build (premium-confirmed writing / resistance),"{""dedupe_key"":""NIFTY|FLOW_BEARISH_BUILD|OFF|2026-07-20 12:08"",""threshold"":0.005,""value"":0.0033,""since_minute_bucket_ist"":""2026-07-20 12:07"",""last_updated_ist"":""2026-07-20 12:08:00""}"
2026-07-20 00:00:00,2026-07-20 12:10:00,176,NIFTY,VOL_CONTRACTION,ON,LOW,-0.0018,Volatility contracting (straddle down),"{""dedupe_key"":""NIFTY|VOL_CONTRACTION|ON|2026-07-20 12:10"",""threshold"":-0.03,""value"":-0.0018,""since_minute_bucket_ist"":"""",""last_updated_ist"":""2026-07-20 12:10:00""}"
2026-07-20 00:00:00,2026-07-20 12:11:00,177,NIFTY,EXP_RANGE_BREAKOUT_WATCH_UP,ON,MED,24189.8,Expected-range watch UP,"{""dedupe_key"":""NIFTY|EXP_RANGE_BREAKOUT_WATCH_UP|ON|2026-07-20 12:11"",""threshold"":24186.99,""value"":24189.8,""since_minute_bucket_ist"":"""",""last_updated_ist"":""2026-07-20 12:11:00""}"
2026-07-20 00:00:00,2026-07-20 12:11:00,177,NIFTY,OPTION_MOMENTUM_CALL,ON,MED,3.65,ATM CALL momentum (ltp up + vol up),"{""dedupe_key"":""NIFTY|OPTION_MOMENTUM_CALL|ON|2026-07-20 12:11"",""threshold"":1.5,""value"":3.65,""since_minute_bucket_ist"":"""",""last_updated_ist"":""2026-07-20 12:11:00""}"
2026-07-20 00:00:00,2026-07-20 12:12:00,178,NIFTY,EXP_RANGE_BREAKOUT_CONFIRMED_UP,ON,HIGH,2,Expected-range breakout CONFIRMED UP,"{""dedupe_key"":""NIFTY|EXP_RANGE_BREAKOUT_CONFIRMED_UP|ON|2026-07-20 12:12"",""threshold"":2,""value"":2,""since_minute_bucket_ist"":"""",""last_updated_ist"":""2026-07-20 12:12:00""}"
2026-07-20 00:00:00,2026-07-20 12:12:00,178,NIFTY,OPTION_MOMENTUM_CALL,OFF,MED,0,ATM CALL momentum (ltp up + vol up),"{""dedupe_key"":""NIFTY|OPTION_MOMENTUM_CALL|OFF|2026-07-20 12:12"",""threshold"":1.5,""value"":0,""since_minute_bucket_ist"":""2026-07-20 12:11"",""last_updated_ist"":""2026-07-20 12:12:00""}"
2026-07-20 00:00:00,2026-07-20 12:13:00,179,NIFTY,EXP_RANGE_BREAKOUT_WATCH_UP,OFF,MED,24188.85,Expected-range watch UP,"{""dedupe_key"":""NIFTY|EXP_RANGE_BREAKOUT_WATCH_UP|OFF|2026-07-20 12:13"",""threshold"":24189.02,""value"":24188.85,""since_minute_bucket_ist"":""2026-07-20 12:11"",""last_updated_ist"":""2026-07-20 12:13:00""}"
2026-07-20 00:00:00,2026-07-20 12:13:00,179,NIFTY,EXP_RANGE_BREAKOUT_CONFIRMED_UP,OFF,HIGH,0,Expected-range breakout CONFIRMED UP,"{""dedupe_key"":""NIFTY|EXP_RANGE_BREAKOUT_CONFIRMED_UP|OFF|2026-07-20 12:13"",""threshold"":2,""value"":0,""since_minute_bucket_ist"":""2026-07-20 12:12"",""last_updated_ist"":""2026-07-20 12:13:00""}"
2026-07-20 00:00:00,2026-07-20 12:13:00,179,NIFTY,WALL_UNWIND_CONFIRM_UP,ON,MED,-0.0073,Call wall OI unwinding (5m),"{""dedupe_key"":""NIFTY|WALL_UNWIND_CONFIRM_UP|ON|2026-07-20 12:13"",""threshold"":-0.006,""value"":-0.0073,""since_minute_bucket_ist"":"""",""last_updated_ist"":""2026-07-20 12:13:00""}"
2026-07-20 00:00:00,2026-07-20 12:14:00,180,NIFTY,WALL_UNWIND_CONFIRM_UP,OFF,MED,0.0007,Call wall OI unwinding (5m),"{""dedupe_key"":""NIFTY|WALL_UNWIND_CONFIRM_UP|OFF|2026-07-20 12:14"",""threshold"":-0.006,""value"":0.0007,""since_minute_bucket_ist"":""2026-07-20 12:13"",""last_updated_ist"":""2026-07-20 12:14:00""}"
2026-07-20 00:00:00,2026-07-20 12:15:00,181,NIFTY,REGIME_BREAKOUT_DOWN,OFF,HIGH,0,Breakout DOWN (held below put wall),"{""dedupe_key"":""NIFTY|REGIME_BREAKOUT_DOWN|OFF|2026-07-20 12:15"",""threshold"":2,""value"":0,""since_minute_bucket_ist"":""2026-07-20 12:01"",""last_updated_ist"":""2026-07-20 12:15:00""}"
2026-07-20 00:00:00,2026-07-20 12:15:00,181,NIFTY,REGIME_TRANSITION_UNCERTAIN,ON,LOW,1,Transition/uncertain regime,"{""dedupe_key"":""NIFTY|REGIME_TRANSITION_UNCERTAIN|ON|2026-07-20 12:15"",""threshold"":1,""value"":1,""since_minute_bucket_ist"":"""",""last_updated_ist"":""2026-07-20 12:15:00""}"
2026-07-20 00:00:00,2026-07-20 12:16:00,182,NIFTY,OPTION_MOMENTUM_CALL,ON,MED,2.8,ATM CALL momentum (ltp up + vol up),"{""dedupe_key"":""NIFTY|OPTION_MOMENTUM_CALL|ON|2026-07-20 12:16"",""threshold"":1.5,""value"":2.8,""since_minute_bucket_ist"":"""",""last_updated_ist"":""2026-07-20 12:16:00""}"
2026-07-20 00:00:00,2026-07-20 12:16:00,182,NIFTY,WALL_UNWIND_CONFIRM_DOWN,OFF,MED,-0.0019,Put wall OI unwinding (5m),"{""dedupe_key"":""NIFTY|WALL_UNWIND_CONFIRM_DOWN|OFF|2026-07-20 12:16"",""threshold"":-0.006,""value"":-0.0019,""since_minute_bucket_ist"":""2026-07-20 12:06"",""last_updated_ist"":""2026-07-20 12:16:00""}"
2026-07-20 00:00:00,2026-07-20 12:17:00,183,NIFTY,EXP_RANGE_BREAKOUT_WATCH_UP,ON,MED,24198,Expected-range watch UP,"{""dedupe_key"":""NIFTY|EXP_RANGE_BREAKOUT_WATCH_UP|ON|2026-07-20 12:17"",""threshold"":24194.3,""value"":24198,""since_minute_bucket_ist"":"""",""last_updated_ist"":""2026-07-20 12:17:00""}"
2026-07-20 00:00:00,2026-07-20 12:17:00,183,NIFTY,OPTION_MOMENTUM_CALL,OFF,MED,1.1,ATM CALL momentum (ltp up + vol up),"{""dedupe_key"":""NIFTY|OPTION_MOMENTUM_CALL|OFF|2026-07-20 12:17"",""threshold"":1.5,""value"":1.1,""since_minute_bucket_ist"":""2026-07-20 12:16"",""last_updated_ist"":""2026-07-20 12:17:00""}"
2026-07-20 00:00:00,2026-07-20 12:18:00,184,NIFTY,EXP_RANGE_BREAKOUT_CONFIRMED_UP,ON,HIGH,2,Expected-range breakout CONFIRMED UP,"{""dedupe_key"":""NIFTY|EXP_RANGE_BREAKOUT_CONFIRMED_UP|ON|2026-07-20 12:18"",""threshold"":2,""value"":2,""since_minute_bucket_ist"":"""",""last_updated_ist"":""2026-07-20 12:18:00""}"
2026-07-20 00:00:00,2026-07-20 12:19:00,185,NIFTY,FLOW_BEARISH_BUILD,ON,HIGH,0.003,Bearish build (premium-confirmed writing / resistance),"{""dedupe_key"":""NIFTY|FLOW_BEARISH_BUILD|ON|2026-07-20 12:19"",""threshold"":0.005,""value"":0.003,""since_minute_bucket_ist"":"""",""last_updated_ist"":""2026-07-20 12:19:00""}"
2026-07-20 00:00:00,2026-07-20 12:19:00,185,NIFTY,PIN_BREAKOUT_SETUP,ON,MED,-3.650000000001455,Pin breakout setup (wall touch + aligned flow),"{""dedupe_key"":""NIFTY|PIN_BREAKOUT_SETUP|ON|2026-07-20 12:19"",""threshold"":0,""value"":-3.650000000001455,""since_minute_bucket_ist"":"""",""last_updated_ist"":""2026-07-20 12:19:00""}"
2026-07-20 00:00:00,2026-07-20 12:19:00,185,NIFTY,EXP_RANGE_BREAKOUT_WATCH_UP,OFF,MED,24193.6,Expected-range watch UP,"{""dedupe_key"":""NIFTY|EXP_RANGE_BREAKOUT_WATCH_UP|OFF|2026-07-20 12:19"",""threshold"":24197.05,""value"":24193.6,""since_minute_bucket_ist"":""2026-07-20 12:17"",""last_updated_ist"":""2026-07-20 12:19:00""}"
2026-07-20 00:00:00,2026-07-20 12:19:00,185,NIFTY,EXP_RANGE_BREAKOUT_CONFIRMED_UP,OFF,HIGH,0,Expected-range breakout CONFIRMED UP,"{""dedupe_key"":""NIFTY|EXP_RANGE_BREAKOUT_CONFIRMED_UP|OFF|2026-07-20 12:19"",""threshold"":2,""value"":0,""since_minute_bucket_ist"":""2026-07-20 12:18"",""last_updated_ist"":""2026-07-20 12:19:00""}"
2026-07-20 00:00:00,2026-07-20 12:19:00,185,NIFTY,VOL_CONTRACTION,OFF,LOW,-0.0024,Volatility contracting (straddle down),"{""dedupe_key"":""NIFTY|VOL_CONTRACTION|OFF|2026-07-20 12:19"",""threshold"":-0.03,""value"":-0.0024,""since_minute_bucket_ist"":""2026-07-20 12:10"",""last_updated_ist"":""2026-07-20 12:19:00""}"
2026-07-20 00:00:00,2026-07-20 12:19:00,185,NIFTY,OPTION_MOMENTUM_PUT,ON,MED,3.95,ATM PUT momentum (ltp up + vol up),"{""dedupe_key"":""NIFTY|OPTION_MOMENTUM_PUT|ON|2026-07-20 12:19"",""threshold"":1.5,""value"":3.95,""since_minute_bucket_ist"":"""",""last_updated_ist"":""2026-07-20 12:19:00""}"
2026-07-20 00:00:00,2026-07-20 12:19:00,185,NIFTY,CHURN_COMMITTED,ON,MED,-0.0002,Price move + aligned flow (committed),"{""dedupe_key"":""NIFTY|CHURN_COMMITTED|ON|2026-07-20 12:19"",""threshold"":0.0001,""value"":-0.0002,""since_minute_bucket_ist"":"""",""last_updated_ist"":""2026-07-20 12:19:00""}"
2026-07-20 00:00:00,2026-07-20 12:19:00,185,NIFTY,WALL_PRESSURE_BREAK_SETUP,ON,MED,-3.650000000001455,Pressure building into a wall (break setup),"{""dedupe_key"":""NIFTY|WALL_PRESSURE_BREAK_SETUP|ON|2026-07-20 12:19"",""threshold"":0,""value"":-3.650000000001455,""since_minute_bucket_ist"":"""",""last_updated_ist"":""2026-07-20 12:19:00""}"
2026-07-20 00:00:00,2026-07-20 12:19:00,185,NIFTY,BULL_TRAP,ON,HIGH,1,Bull trap: failed upside breakout + bearish flow,"{""dedupe_key"":""NIFTY|BULL_TRAP|ON|2026-07-20 12:19"",""threshold"":1,""value"":1,""since_minute_bucket_ist"":"""",""last_updated_ist"":""2026-07-20 12:19:00""}"
2026-07-20 00:00:00,2026-07-20 12:20:00,186,NIFTY,FLOW_BEARISH_BUILD,OFF,HIGH,0,Bearish build (premium-confirmed writing / resistance),"{""dedupe_key"":""NIFTY|FLOW_BEARISH_BUILD|OFF|2026-07-20 12:20"",""threshold"":0.005,""value"":0,""since_minute_bucket_ist"":""2026-07-20 12:19"",""last_updated_ist"":""2026-07-20 12:20:00""}"
2026-07-20 00:00:00,2026-07-20 12:20:00,186,NIFTY,PIN_BREAKOUT_SETUP,OFF,MED,0.5500000000029104,Pin breakout setup (wall touch + aligned flow),"{""dedupe_key"":""NIFTY|PIN_BREAKOUT_SETUP|OFF|2026-07-20 12:20"",""threshold"":0,""value"":0.5500000000029104,""since_minute_bucket_ist"":""2026-07-20 12:19"",""last_updated_ist"":""2026-07-20 12:20:00""}"
2026-07-20 00:00:00,2026-07-20 12:20:00,186,NIFTY,OPTION_MOMENTUM_PUT,OFF,MED,-1.05,ATM PUT momentum (ltp up + vol up),"{""dedupe_key"":""NIFTY|OPTION_MOMENTUM_PUT|OFF|2026-07-20 12:20"",""threshold"":1.5,""value"":-1.05,""since_minute_bucket_ist"":""2026-07-20 12:19"",""last_updated_ist"":""2026-07-20 12:20:00""}"
2026-07-20 00:00:00,2026-07-20 12:20:00,186,NIFTY,CHURN_COMMITTED,OFF,MED,0,Price move + aligned flow (committed),"{""dedupe_key"":""NIFTY|CHURN_COMMITTED|OFF|2026-07-20 12:20"",""threshold"":0.0001,""value"":0,""since_minute_bucket_ist"":""2026-07-20 12:19"",""last_updated_ist"":""2026-07-20 12:20:00""}"
2026-07-20 00:00:00,2026-07-20 12:20:00,186,NIFTY,WALL_PRESSURE_BREAK_SETUP,OFF,MED,0.5500000000029104,Pressure building into a wall (break setup),"{""dedupe_key"":""NIFTY|WALL_PRESSURE_BREAK_SETUP|OFF|2026-07-20 12:20"",""threshold"":0,""value"":0.5500000000029104,""since_minute_bucket_ist"":""2026-07-20 12:19"",""last_updated_ist"":""2026-07-20 12:20:00""}"
2026-07-20 00:00:00,2026-07-20 12:20:00,186,NIFTY,BULL_TRAP,OFF,HIGH,1,Bull trap: failed upside breakout + bearish flow,"{""dedupe_key"":""NIFTY|BULL_TRAP|OFF|2026-07-20 12:20"",""threshold"":1,""value"":1,""since_minute_bucket_ist"":""2026-07-20 12:19"",""last_updated_ist"":""2026-07-20 12:20:00""}"
2026-07-20 00:00:00,2026-07-20 12:22:00,188,NIFTY,OPTION_MOMENTUM_CALL,ON,MED,3.95,ATM CALL momentum (ltp up + vol up),"{""dedupe_key"":""NIFTY|OPTION_MOMENTUM_CALL|ON|2026-07-20 12:22"",""threshold"":1.5,""value"":3.95,""since_minute_bucket_ist"":"""",""last_updated_ist"":""2026-07-20 12:22:00""}"
2026-07-20 00:00:00,2026-07-20 12:23:00,189,NIFTY,OPTION_MOMENTUM_CALL,OFF,MED,-3.65,ATM CALL momentum (ltp up + vol up),"{""dedupe_key"":""NIFTY|OPTION_MOMENTUM_CALL|OFF|2026-07-20 12:23"",""threshold"":1.5,""value"":-3.65,""since_minute_bucket_ist"":""2026-07-20 12:22"",""last_updated_ist"":""2026-07-20 12:23:00""}"
2026-07-20 00:00:00,2026-07-20 12:23:00,189,NIFTY,OPTION_MOMENTUM_PUT,ON,MED,3.55,ATM PUT momentum (ltp up + vol up),"{""dedupe_key"":""NIFTY|OPTION_MOMENTUM_PUT|ON|2026-07-20 12:23"",""threshold"":1.5,""value"":3.55,""since_minute_bucket_ist"":"""",""last_updated_ist"":""2026-07-20 12:23:00""}"
2026-07-20 00:00:00,2026-07-20 12:24:00,190,NIFTY,REGIME_TREND_DOWN,ON,MED,-0.0004,Trend DOWN (slope + direction),"{""dedupe_key"":""NIFTY|REGIME_TREND_DOWN|ON|2026-07-20 12:24"",""threshold"":-0.0004,""value"":-0.0004,""since_minute_bucket_ist"":"""",""last_updated_ist"":""2026-07-20 12:24:00""}"
2026-07-20 00:00:00,2026-07-20 12:24:00,190,NIFTY,REGIME_TRANSITION_UNCERTAIN,OFF,LOW,1,Transition/uncertain regime,"{""dedupe_key"":""NIFTY|REGIME_TRANSITION_UNCERTAIN|OFF|2026-07-20 12:24"",""threshold"":1,""value"":1,""since_minute_bucket_ist"":""2026-07-20 12:15"",""last_updated_ist"":""2026-07-20 12:24:00""}"
2026-07-20 00:00:00,2026-07-20 12:24:00,190,NIFTY,EXP_RANGE_BREAKOUT_WATCH_DOWN,ON,MED,24182.85,Expected-range watch DOWN,"{""dedupe_key"":""NIFTY|EXP_RANGE_BREAKOUT_WATCH_DOWN|ON|2026-07-20 12:24"",""threshold"":24186.32,""value"":24182.85,""since_minute_bucket_ist"":"""",""last_updated_ist"":""2026-07-20 12:24:00""}"
2026-07-20 00:00:00,2026-07-20 12:24:00,190,NIFTY,VOL_EXPANSION,ON,MED,0.0037,Volatility expanding (straddle up),"{""dedupe_key"":""NIFTY|VOL_EXPANSION|ON|2026-07-20 12:24"",""threshold"":0.02,""value"":0.0037,""since_minute_bucket_ist"":"""",""last_updated_ist"":""2026-07-20 12:24:00""}"
2026-07-20 00:00:00,2026-07-20 12:24:00,190,NIFTY,WALL_UNWIND_CONFIRM_UP,ON,MED,-0.0171,Call wall OI unwinding (5m),"{""dedupe_key"":""NIFTY|WALL_UNWIND_CONFIRM_UP|ON|2026-07-20 12:24"",""threshold"":-0.006,""value"":-0.0171,""since_minute_bucket_ist"":"""",""last_updated_ist"":""2026-07-20 12:24:00""}"
2026-07-20 00:00:00,2026-07-20 12:25:00,191,NIFTY,REGIME_BREAKOUT_DOWN,ON,HIGH,2,Breakout DOWN (held below put wall),"{""dedupe_key"":""NIFTY|REGIME_BREAKOUT_DOWN|ON|2026-07-20 12:25"",""threshold"":2,""value"":2,""since_minute_bucket_ist"":"""",""last_updated_ist"":""2026-07-20 12:25:00""}"
2026-07-20 00:00:00,2026-07-20 12:25:00,191,NIFTY,EXP_RANGE_BREAKOUT_CONFIRMED_DOWN,ON,HIGH,2,Expected-range breakout CONFIRMED DOWN,"{""dedupe_key"":""NIFTY|EXP_RANGE_BREAKOUT_CONFIRMED_DOWN|ON|2026-07-20 12:25"",""threshold"":2,""value"":2,""since_minute_bucket_ist"":"""",""last_updated_ist"":""2026-07-20 12:25:00""}"
2026-07-20 00:00:00,2026-07-20 12:26:00,192,NIFTY,FLOW_BULLISH_BUILD,ON,HIGH,0.0095,Bullish build (premium-confirmed writing / support),"{""dedupe_key"":""NIFTY|FLOW_BULLISH_BUILD|ON|2026-07-20 12:26"",""threshold"":0.005,""value"":0.0095,""since_minute_bucket_ist"":"""",""last_updated_ist"":""2026-07-20 12:26:00""}"
2026-07-20 00:00:00,2026-07-20 12:26:00,192,NIFTY,OPTION_MOMENTUM_PUT,OFF,MED,-0.9,ATM PUT momentum (ltp up + vol up),"{""dedupe_key"":""NIFTY|OPTION_MOMENTUM_PUT|OFF|2026-07-20 12:26"",""threshold"":1.5,""value"":-0.9,""since_minute_bucket_ist"":""2026-07-20 12:23"",""last_updated_ist"":""2026-07-20 12:26:00""}"
2026-07-20 00:00:00,2026-07-20 12:26:00,192,NIFTY,STEALTH_BUILD_BULL,ON,MED,0.0095,"Stealth bullish build (puts build, spot flat)","{""dedupe_key"":""NIFTY|STEALTH_BUILD_BULL|ON|2026-07-20 12:26"",""threshold"":0.008,""value"":0.0095,""since_minute_bucket_ist"":"""",""last_updated_ist"":""2026-07-20 12:26:00""}"
2026-07-20 00:00:00,2026-07-20 12:27:00,193,NIFTY,FLOW_BULLISH_BUILD,OFF,HIGH,0,Bullish build (premium-confirmed writing / support),"{""dedupe_key"":""NIFTY|FLOW_BULLISH_BUILD|OFF|2026-07-20 12:27"",""threshold"":0.005,""value"":0,""since_minute_bucket_ist"":""2026-07-20 12:26"",""last_updated_ist"":""2026-07-20 12:27:00""}"
2026-07-20 00:00:00,2026-07-20 12:27:00,193,NIFTY,STEALTH_BUILD_BULL,OFF,MED,0,"Stealth bullish build (puts build, spot flat)","{""dedupe_key"":""NIFTY|STEALTH_BUILD_BULL|OFF|2026-07-20 12:27"",""threshold"":0.008,""value"":0,""since_minute_bucket_ist"":""2026-07-20 12:26"",""last_updated_ist"":""2026-07-20 12:27:00""}"
2026-07-20 00:00:00,2026-07-20 12:28:00,194,NIFTY,REGIME_TREND_DOWN,OFF,MED,-0.0005,Trend DOWN (slope + direction),"{""dedupe_key"":""NIFTY|REGIME_TREND_DOWN|OFF|2026-07-20 12:28"",""threshold"":-0.0004,""value"":-0.0005,""since_minute_bucket_ist"":""2026-07-20 12:24"",""last_updated_ist"":""2026-07-20 12:28:00""}"
2026-07-20 00:00:00,2026-07-20 12:28:00,194,NIFTY,EXP_RANGE_BREAKOUT_WATCH_DOWN,OFF,MED,24180.15,Expected-range watch DOWN,"{""dedupe_key"":""NIFTY|EXP_RANGE_BREAKOUT_WATCH_DOWN|OFF|2026-07-20 12:28"",""threshold"":24179.27,""value"":24180.15,""since_minute_bucket_ist"":""2026-07-20 12:24"",""last_updated_ist"":""2026-07-20 12:28:00""}"
2026-07-20 00:00:00,2026-07-20 12:28:00,194,NIFTY,EXP_RANGE_BREAKOUT_CONFIRMED_DOWN,OFF,HIGH,0,Expected-range breakout CONFIRMED DOWN,"{""dedupe_key"":""NIFTY|EXP_RANGE_BREAKOUT_CONFIRMED_DOWN|OFF|2026-07-20 12:28"",""threshold"":2,""value"":0,""since_minute_bucket_ist"":""2026-07-20 12:25"",""last_updated_ist"":""2026-07-20 12:28:00""}"
2026-07-20 00:00:00,2026-07-20 12:28:00,194,NIFTY,OPTION_MOMENTUM_PUT,ON,MED,2.2,ATM PUT momentum (ltp up + vol up),"{""dedupe_key"":""NIFTY|OPTION_MOMENTUM_PUT|ON|2026-07-20 12:28"",""threshold"":1.5,""value"":2.2,""since_minute_bucket_ist"":"""",""last_updated_ist"":""2026-07-20 12:28:00""}"
2026-07-20 00:00:00,2026-07-20 12:29:00,195,NIFTY,REGIME_TREND_DOWN,ON,MED,-0.0005,Trend DOWN (slope + direction),"{""dedupe_key"":""NIFTY|REGIME_TREND_DOWN|ON|2026-07-20 12:29"",""threshold"":-0.0004,""value"":-0.0005,""since_minute_bucket_ist"":"""",""last_updated_ist"":""2026-07-20 12:29:00""}"
2026-07-20 00:00:00,2026-07-20 12:29:00,195,NIFTY,REGIME_BREAKOUT_DOWN,OFF,HIGH,0,Breakout DOWN (held below put wall),"{""dedupe_key"":""NIFTY|REGIME_BREAKOUT_DOWN|OFF|2026-07-20 12:29"",""threshold"":2,""value"":0,""since_minute_bucket_ist"":""2026-07-20 12:25"",""last_updated_ist"":""2026-07-20 12:29:00""}"
2026-07-20 00:00:00,2026-07-20 12:29:00,195,NIFTY,EXP_RANGE_BREAKOUT_WATCH_DOWN,ON,MED,24171.85,Expected-range watch DOWN,"{""dedupe_key"":""NIFTY|EXP_RANGE_BREAKOUT_WATCH_DOWN|ON|2026-07-20 12:29"",""threshold"":24175.86,""value"":24171.85,""since_minute_bucket_ist"":"""",""last_updated_ist"":""2026-07-20 12:29:00""}"
2026-07-20 00:00:00,2026-07-20 12:29:00,195,NIFTY,VOL_EXPANSION,OFF,MED,-0.0166,Volatility expanding (straddle up),"{""dedupe_key"":""NIFTY|VOL_EXPANSION|OFF|2026-07-20 12:29"",""threshold"":0.02,""value"":-0.0166,""since_minute_bucket_ist"":""2026-07-20 12:24"",""last_updated_ist"":""2026-07-20 12:29:00""}"
2026-07-20 00:00:00,2026-07-20 12:29:00,195,NIFTY,VOL_CONTRACTION,ON,LOW,-0.0166,Volatility contracting (straddle down),"{""dedupe_key"":""NIFTY|VOL_CONTRACTION|ON|2026-07-20 12:29"",""threshold"":-0.03,""value"":-0.0166,""since_minute_bucket_ist"":"""",""last_updated_ist"":""2026-07-20 12:29:00""}"
2026-07-20 00:00:00,2026-07-20 12:29:00,195,NIFTY,WALL_UNWIND_CONFIRM_UP,OFF,MED,-0.0024,Call wall OI unwinding (5m),"{""dedupe_key"":""NIFTY|WALL_UNWIND_CONFIRM_UP|OFF|2026-07-20 12:29"",""threshold"":-0.006,""value"":-0.0024,""since_minute_bucket_ist"":""2026-07-20 12:24"",""last_updated_ist"":""2026-07-20 12:29:00""}"
2026-07-20 00:00:00,2026-07-20 12:29:00,195,NIFTY,WALL_SHIFT_REGIME,ON,MED,1,Wall strike shifted materially (>= 1 step),"{""dedupe_key"":""NIFTY|WALL_SHIFT_REGIME|ON|2026-07-20 12:29"",""threshold"":1,""value"":1,""since_minute_bucket_ist"":"""",""last_updated_ist"":""2026-07-20 12:29:00""}"
2026-07-20 00:00:00,2026-07-20 12:30:00,196,NIFTY,REGIME_TREND_DOWN,OFF,MED,-0.0004,Trend DOWN (slope + direction),"{""dedupe_key"":""NIFTY|REGIME_TREND_DOWN|OFF|2026-07-20 12:30"",""threshold"":-0.0004,""value"":-0.0004,""since_minute_bucket_ist"":""2026-07-20 12:29"",""last_updated_ist"":""2026-07-20 12:30:00""}"
2026-07-20 00:00:00,2026-07-20 12:30:00,196,NIFTY,REGIME_TRANSITION_UNCERTAIN,ON,LOW,1,Transition/uncertain regime,"{""dedupe_key"":""NIFTY|REGIME_TRANSITION_UNCERTAIN|ON|2026-07-20 12:30"",""threshold"":1,""value"":1,""since_minute_bucket_ist"":"""",""last_updated_ist"":""2026-07-20 12:30:00""}"
2026-07-20 00:00:00,2026-07-20 12:30:00,196,NIFTY,EXP_RANGE_BREAKOUT_CONFIRMED_DOWN,ON,HIGH,2,Expected-range breakout CONFIRMED DOWN,"{""dedupe_key"":""NIFTY|EXP_RANGE_BREAKOUT_CONFIRMED_DOWN|ON|2026-07-20 12:30"",""threshold"":2,""value"":2,""since_minute_bucket_ist"":"""",""last_updated_ist"":""2026-07-20 12:30:00""}"
2026-07-20 00:00:00,2026-07-20 12:30:00,196,NIFTY,OPTION_MOMENTUM_PUT,OFF,MED,0,ATM PUT momentum (ltp up + vol up),"{""dedupe_key"":""NIFTY|OPTION_MOMENTUM_PUT|OFF|2026-07-20 12:30"",""threshold"":1.5,""value"":0,""since_minute_bucket_ist"":""2026-07-20 12:28"",""last_updated_ist"":""2026-07-20 12:30:00""}"
2026-07-20 00:00:00,2026-07-20 12:30:00,196,NIFTY,WALL_SHIFT_REGIME,OFF,MED,1,Wall strike shifted materially (>= 1 step),"{""dedupe_key"":""NIFTY|WALL_SHIFT_REGIME|OFF|2026-07-20 12:30"",""threshold"":1,""value"":1,""since_minute_bucket_ist"":""2026-07-20 12:29"",""last_updated_ist"":""2026-07-20 12:30:00""}"
2026-07-20 00:00:00,2026-07-20 12:31:00,197,NIFTY,FLOW_BOTH_UNWINDING,ON,MED,-0.0125,Both sides unwinding,"{""dedupe_key"":""NIFTY|FLOW_BOTH_UNWINDING|ON|2026-07-20 12:31"",""threshold"":-0.005,""value"":-0.0125,""since_minute_bucket_ist"":"""",""last_updated_ist"":""2026-07-20 12:31:00""}"
2026-07-20 00:00:00,2026-07-20 12:31:00,197,NIFTY,EXP_RANGE_BREAKOUT_WATCH_DOWN,OFF,MED,24175.75,Expected-range watch DOWN,"{""dedupe_key"":""NIFTY|EXP_RANGE_BREAKOUT_WATCH_DOWN|OFF|2026-07-20 12:31"",""threshold"":24171.93,""value"":24175.75,""since_minute_bucket_ist"":""2026-07-20 12:29"",""last_updated_ist"":""2026-07-20 12:31:00""}"
2026-07-20 00:00:00,2026-07-20 12:31:00,197,NIFTY,EXP_RANGE_BREAKOUT_CONFIRMED_DOWN,OFF,HIGH,0,Expected-range breakout CONFIRMED DOWN,"{""dedupe_key"":""NIFTY|EXP_RANGE_BREAKOUT_CONFIRMED_DOWN|OFF|2026-07-20 12:31"",""threshold"":2,""value"":0,""since_minute_bucket_ist"":""2026-07-20 12:30"",""last_updated_ist"":""2026-07-20 12:31:00""}"
2026-07-20 00:00:00,2026-07-20 12:31:00,197,NIFTY,VOL_CONTRACTION,OFF,LOW,-0.0045,Volatility contracting (straddle down),"{""dedupe_key"":""NIFTY|VOL_CONTRACTION|OFF|2026-07-20 12:31"",""threshold"":-0.03,""value"":-0.0045,""since_minute_bucket_ist"":""2026-07-20 12:29"",""last_updated_ist"":""2026-07-20 12:31:00""}"
2026-07-20 00:00:00,2026-07-20 12:31:00,197,NIFTY,OPTION_MOMENTUM_CALL,ON,MED,2.45,ATM CALL momentum (ltp up + vol up),"{""dedupe_key"":""NIFTY|OPTION_MOMENTUM_CALL|ON|2026-07-20 12:31"",""threshold"":1.5,""value"":2.45,""since_minute_bucket_ist"":"""",""last_updated_ist"":""2026-07-20 12:31:00""}"
2026-07-20 00:00:00,2026-07-20 12:31:00,197,NIFTY,WALL_UNWIND_CONFIRM_UP,ON,MED,-0.0312,Call wall OI unwinding (5m),"{""dedupe_key"":""NIFTY|WALL_UNWIND_CONFIRM_UP|ON|2026-07-20 12:31"",""threshold"":-0.006,""value"":-0.0312,""since_minute_bucket_ist"":"""",""last_updated_ist"":""2026-07-20 12:31:00""}"
2026-07-20 00:00:00,2026-07-20 12:31:00,197,NIFTY,WALL_UNWIND_CONFIRM_DOWN,ON,MED,-0.0394,Put wall OI unwinding (5m),"{""dedupe_key"":""NIFTY|WALL_UNWIND_CONFIRM_DOWN|ON|2026-07-20 12:31"",""threshold"":-0.006,""value"":-0.0394,""since_minute_bucket_ist"":"""",""last_updated_ist"":""2026-07-20 12:31:00""}"
2026-07-20 00:00:00,2026-07-20 12:31:00,197,NIFTY,WALL_SHIFT_REGIME,ON,MED,1,Wall strike shifted materially (>= 1 step),"{""dedupe_key"":""NIFTY|WALL_SHIFT_REGIME|ON|2026-07-20 12:31"",""threshold"":1,""value"":1,""since_minute_bucket_ist"":"""",""last_updated_ist"":""2026-07-20 12:31:00""}"
2026-07-20 00:00:00,2026-07-20 12:32:00,198,NIFTY,FLOW_BOTH_UNWINDING,OFF,MED,0.0021,Both sides unwinding,"{""dedupe_key"":""NIFTY|FLOW_BOTH_UNWINDING|OFF|2026-07-20 12:32"",""threshold"":-0.005,""value"":0.0021,""since_minute_bucket_ist"":""2026-07-20 12:31"",""last_updated_ist"":""2026-07-20 12:32:00""}"
2026-07-20 00:00:00,2026-07-20 12:32:00,198,NIFTY,REGIME_BREAKOUT_DOWN,ON,HIGH,2,Breakout DOWN (held below put wall),"{""dedupe_key"":""NIFTY|REGIME_BREAKOUT_DOWN|ON|2026-07-20 12:32"",""threshold"":2,""value"":2,""since_minute_bucket_ist"":"""",""last_updated_ist"":""2026-07-20 12:32:00""}"
2026-07-20 00:00:00,2026-07-20 12:32:00,198,NIFTY,REGIME_TRANSITION_UNCERTAIN,OFF,LOW,1,Transition/uncertain regime,"{""dedupe_key"":""NIFTY|REGIME_TRANSITION_UNCERTAIN|OFF|2026-07-20 12:32"",""threshold"":1,""value"":1,""since_minute_bucket_ist"":""2026-07-20 12:30"",""last_updated_ist"":""2026-07-20 12:32:00""}"
2026-07-20 00:00:00,2026-07-20 12:32:00,198,NIFTY,OPTION_MOMENTUM_CALL,OFF,MED,1.2,ATM CALL momentum (ltp up + vol up),"{""dedupe_key"":""NIFTY|OPTION_MOMENTUM_CALL|OFF|2026-07-20 12:32"",""threshold"":1.5,""value"":1.2,""since_minute_bucket_ist"":""2026-07-20 12:31"",""last_updated_ist"":""2026-07-20 12:32:00""}"
2026-07-20 00:00:00,2026-07-20 12:32:00,198,NIFTY,WALL_SHIFT_REGIME,OFF,MED,1,Wall strike shifted materially (>= 1 step),"{""dedupe_key"":""NIFTY|WALL_SHIFT_REGIME|OFF|2026-07-20 12:32"",""threshold"":1,""value"":1,""since_minute_bucket_ist"":""2026-07-20 12:31"",""last_updated_ist"":""2026-07-20 12:32:00""}"
2026-07-20 00:00:00,2026-07-20 12:33:00,199,NIFTY,FLOW_BOTH_BUILDING,ON,MED,0.0057,Both sides building (straddle build) → higher chop risk,"{""dedupe_key"":""NIFTY|FLOW_BOTH_BUILDING|ON|2026-07-20 12:33"",""threshold"":0.005,""value"":0.0057,""since_minute_bucket_ist"":"""",""last_updated_ist"":""2026-07-20 12:33:00""}"
2026-07-20 00:00:00,2026-07-20 12:33:00,199,NIFTY,WALL_UNWIND_CONFIRM_DOWN,OFF,MED,-0.0009,Put wall OI unwinding (5m),"{""dedupe_key"":""NIFTY|WALL_UNWIND_CONFIRM_DOWN|OFF|2026-07-20 12:33"",""threshold"":-0.006,""value"":-0.0009,""since_minute_bucket_ist"":""2026-07-20 12:31"",""last_updated_ist"":""2026-07-20 12:33:00""}"
2026-07-20 00:00:00,2026-07-20 12:34:00,200,NIFTY,FLOW_BOTH_BUILDING,OFF,MED,0.0014,Both sides building (straddle build) → higher chop risk,"{""dedupe_key"":""NIFTY|FLOW_BOTH_BUILDING|OFF|2026-07-20 12:34"",""threshold"":0.005,""value"":0.0014,""since_minute_bucket_ist"":""2026-07-20 12:33"",""last_updated_ist"":""2026-07-20 12:34:00""}"
2026-07-20 00:00:00,2026-07-20 12:34:00,200,NIFTY,FLOW_BULLISH_BUILD,ON,HIGH,0.0014,Bullish build (premium-confirmed writing / support),"{""dedupe_key"":""NIFTY|FLOW_BULLISH_BUILD|ON|2026-07-20 12:34"",""threshold"":0.005,""value"":0.0014,""since_minute_bucket_ist"":"""",""last_updated_ist"":""2026-07-20 12:34:00""}"
2026-07-20 00:00:00,2026-07-20 12:34:00,200,NIFTY,REGIME_RANGE_PIN,ON,LOW,0.0002,Range / pin (inside local walls),"{""dedupe_key"":""NIFTY|REGIME_RANGE_PIN|ON|2026-07-20 12:34"",""threshold"":0.0004,""value"":0.0002,""since_minute_bucket_ist"":"""",""last_updated_ist"":""2026-07-20 12:34:00""}"
2026-07-20 00:00:00,2026-07-20 12:34:00,200,NIFTY,REGIME_BREAKOUT_DOWN,OFF,HIGH,0,Breakout DOWN (held below put wall),"{""dedupe_key"":""NIFTY|REGIME_BREAKOUT_DOWN|OFF|2026-07-20 12:34"",""threshold"":2,""value"":0,""since_minute_bucket_ist"":""2026-07-20 12:32"",""last_updated_ist"":""2026-07-20 12:34:00""}"
2026-07-20 00:00:00,2026-07-20 12:34:00,200,NIFTY,VOL_CONTRACTION,ON,LOW,-0.011,Volatility contracting (straddle down),"{""dedupe_key"":""NIFTY|VOL_CONTRACTION|ON|2026-07-20 12:34"",""threshold"":-0.03,""value"":-0.011,""since_minute_bucket_ist"":"""",""last_updated_ist"":""2026-07-20 12:34:00""}"
2026-07-20 00:00:00,2026-07-20 12:34:00,200,NIFTY,OPTION_MOMENTUM_CALL,ON,MED,1.75,ATM CALL momentum (ltp up + vol up),"{""dedupe_key"":""NIFTY|OPTION_MOMENTUM_CALL|ON|2026-07-20 12:34"",""threshold"":1.5,""value"":1.75,""since_minute_bucket_ist"":"""",""last_updated_ist"":""2026-07-20 12:34:00""}"
2026-07-20 00:00:00,2026-07-20 12:34:00,200,NIFTY,WALL_SHIFT_REGIME,ON,MED,1,Wall strike shifted materially (>= 1 step),"{""dedupe_key"":""NIFTY|WALL_SHIFT_REGIME|ON|2026-07-20 12:34"",""threshold"":1,""value"":1,""since_minute_bucket_ist"":"""",""last_updated_ist"":""2026-07-20 12:34:00""}"
2026-07-20 00:00:00,2026-07-20 12:35:00,201,NIFTY,FLOW_BULLISH_BUILD,OFF,HIGH,0.0011,Bullish build (premium-confirmed writing / support),"{""dedupe_key"":""NIFTY|FLOW_BULLISH_BUILD|OFF|2026-07-20 12:35"",""threshold"":0.005,""value"":0.0011,""since_minute_bucket_ist"":""2026-07-20 12:34"",""last_updated_ist"":""2026-07-20 12:35:00""}"
2026-07-20 00:00:00,2026-07-20 12:35:00,201,NIFTY,FLOW_BEARISH_BUILD,ON,HIGH,0.0031,Bearish build (premium-confirmed writing / resistance),"{""dedupe_key"":""NIFTY|FLOW_BEARISH_BUILD|ON|2026-07-20 12:35"",""threshold"":0.005,""value"":0.0031,""since_minute_bucket_ist"":"""",""last_updated_ist"":""2026-07-20 12:35:00""}"
2026-07-20 00:00:00,2026-07-20 12:35:00,201,NIFTY,REGIME_RANGE_PIN,OFF,LOW,0.0002,Range / pin (inside local walls),"{""dedupe_key"":""NIFTY|REGIME_RANGE_PIN|OFF|2026-07-20 12:35"",""threshold"":0.0004,""value"":0.0002,""since_minute_bucket_ist"":""2026-07-20 12:34"",""last_updated_ist"":""2026-07-20 12:35:00""}"
2026-07-20 00:00:00,2026-07-20 12:35:00,201,NIFTY,REGIME_TRANSITION_UNCERTAIN,ON,LOW,1,Transition/uncertain regime,"{""dedupe_key"":""NIFTY|REGIME_TRANSITION_UNCERTAIN|ON|2026-07-20 12:35"",""threshold"":1,""value"":1,""since_minute_bucket_ist"":"""",""last_updated_ist"":""2026-07-20 12:35:00""}"
2026-07-20 00:00:00,2026-07-20 12:35:00,201,NIFTY,VOL_CONTRACTION,OFF,LOW,0.0036,Volatility contracting (straddle down),"{""dedupe_key"":""NIFTY|VOL_CONTRACTION|OFF|2026-07-20 12:35"",""threshold"":-0.03,""value"":0.0036,""since_minute_bucket_ist"":""2026-07-20 12:34"",""last_updated_ist"":""2026-07-20 12:35:00""}"
2026-07-20 00:00:00,2026-07-20 12:35:00,201,NIFTY,OPTION_MOMENTUM_CALL,OFF,MED,-2.6,ATM CALL momentum (ltp up + vol up),"{""dedupe_key"":""NIFTY|OPTION_MOMENTUM_CALL|OFF|2026-07-20 12:35"",""threshold"":1.5,""value"":-2.6,""since_minute_bucket_ist"":""2026-07-20 12:34"",""last_updated_ist"":""2026-07-20 12:35:00""}"
2026-07-20 00:00:00,2026-07-20 12:35:00,201,NIFTY,OPTION_MOMENTUM_PUT,ON,MED,4.35,ATM PUT momentum (ltp up + vol up),"{""dedupe_key"":""NIFTY|OPTION_MOMENTUM_PUT|ON|2026-07-20 12:35"",""threshold"":1.5,""value"":4.35,""since_minute_bucket_ist"":"""",""last_updated_ist"":""2026-07-20 12:35:00""}"
2026-07-20 00:00:00,2026-07-20 12:36:00,202,NIFTY,FLOW_BULLISH_BUILD,ON,HIGH,0.0011,Bullish build (premium-confirmed writing / support),"{""dedupe_key"":""NIFTY|FLOW_BULLISH_BUILD|ON|2026-07-20 12:36"",""threshold"":0.005,""value"":0.0011,""since_minute_bucket_ist"":"""",""last_updated_ist"":""2026-07-20 12:36:00""}"
2026-07-20 00:00:00,2026-07-20 12:36:00,202,NIFTY,FLOW_BEARISH_BUILD,OFF,HIGH,0.0016,Bearish build (premium-confirmed writing / resistance),"{""dedupe_key"":""NIFTY|FLOW_BEARISH_BUILD|OFF|2026-07-20 12:36"",""threshold"":0.005,""value"":0.0016,""since_minute_bucket_ist"":""2026-07-20 12:35"",""last_updated_ist"":""2026-07-20 12:36:00""}"
2026-07-20 00:00:00,2026-07-20 12:36:00,202,NIFTY,REGIME_RANGE_PIN,ON,LOW,0.0002,Range / pin (inside local walls),"{""dedupe_key"":""NIFTY|REGIME_RANGE_PIN|ON|2026-07-20 12:36"",""threshold"":0.0004,""value"":0.0002,""since_minute_bucket_ist"":"""",""last_updated_ist"":""2026-07-20 12:36:00""}"
2026-07-20 00:00:00,2026-07-20 12:36:00,202,NIFTY,REGIME_TRANSITION_UNCERTAIN,OFF,LOW,1,Transition/uncertain regime,"{""dedupe_key"":""NIFTY|REGIME_TRANSITION_UNCERTAIN|OFF|2026-07-20 12:36"",""threshold"":1,""value"":1,""since_minute_bucket_ist"":""2026-07-20 12:35"",""last_updated_ist"":""2026-07-20 12:36:00""}"
2026-07-20 00:00:00,2026-07-20 12:36:00,202,NIFTY,EXP_RANGE_BREAKOUT_WATCH_DOWN,ON,MED,24171.55,Expected-range watch DOWN,"{""dedupe_key"":""NIFTY|EXP_RANGE_BREAKOUT_WATCH_DOWN|ON|2026-07-20 12:36"",""threshold"":24171.92,""value"":24171.55,""since_minute_bucket_ist"":"""",""last_updated_ist"":""2026-07-20 12:36:00""}"
2026-07-20 00:00:00,2026-07-20 12:36:00,202,NIFTY,VOL_CONTRACTION,ON,LOW,-0.0161,Volatility contracting (straddle down),"{""dedupe_key"":""NIFTY|VOL_CONTRACTION|ON|2026-07-20 12:36"",""threshold"":-0.03,""value"":-0.0161,""since_minute_bucket_ist"":"""",""last_updated_ist"":""2026-07-20 12:36:00""}"
2026-07-20 00:00:00,2026-07-20 12:36:00,202,NIFTY,OPTION_MOMENTUM_PUT,OFF,MED,-1.15,ATM PUT momentum (ltp up + vol up),"{""dedupe_key"":""NIFTY|OPTION_MOMENTUM_PUT|OFF|2026-07-20 12:36"",""threshold"":1.5,""value"":-1.15,""since_minute_bucket_ist"":""2026-07-20 12:35"",""last_updated_ist"":""2026-07-20 12:36:00""}"
2026-07-20 00:00:00,2026-07-20 12:36:00,202,NIFTY,WALL_UNWIND_CONFIRM_UP,OFF,MED,0.0295,Call wall OI unwinding (5m),"{""dedupe_key"":""NIFTY|WALL_UNWIND_CONFIRM_UP|OFF|2026-07-20 12:36"",""threshold"":-0.006,""value"":0.0295,""since_minute_bucket_ist"":""2026-07-20 12:31"",""last_updated_ist"":""2026-07-20 12:36:00""}"
2026-07-20 00:00:00,2026-07-20 12:37:00,203,NIFTY,FLOW_BULLISH_BUILD,OFF,HIGH,-0.0021,Bullish build (premium-confirmed writing / support),"{""dedupe_key"":""NIFTY|FLOW_BULLISH_BUILD|OFF|2026-07-20 12:37"",""threshold"":0.005,""value"":-0.0021,""since_minute_bucket_ist"":""2026-07-20 12:36"",""last_updated_ist"":""2026-07-20 12:37:00""}"
2026-07-20 00:00:00,2026-07-20 12:37:00,203,NIFTY,FLOW_BEARISH_BUILD,ON,HIGH,0.0032,Bearish build (premium-confirmed writing / resistance),"{""dedupe_key"":""NIFTY|FLOW_BEARISH_BUILD|ON|2026-07-20 12:37"",""threshold"":0.005,""value"":0.0032,""since_minute_bucket_ist"":"""",""last_updated_ist"":""2026-07-20 12:37:00""}"
2026-07-20 00:00:00,2026-07-20 12:37:00,203,NIFTY,REGIME_TREND_DOWN,ON,MED,-0.0006,Trend DOWN (slope + direction),"{""dedupe_key"":""NIFTY|REGIME_TREND_DOWN|ON|2026-07-20 12:37"",""threshold"":-0.0004,""value"":-0.0006,""since_minute_bucket_ist"":"""",""last_updated_ist"":""2026-07-20 12:37:00""}"
2026-07-20 00:00:00,2026-07-20 12:37:00,203,NIFTY,REGIME_RANGE_PIN,OFF,LOW,0.0002,Range / pin (inside local walls),"{""dedupe_key"":""NIFTY|REGIME_RANGE_PIN|OFF|2026-07-20 12:37"",""threshold"":0.0004,""value"":0.0002,""since_minute_bucket_ist"":""2026-07-20 12:36"",""last_updated_ist"":""2026-07-20 12:37:00""}"
2026-07-20 00:00:00,2026-07-20 12:37:00,203,NIFTY,EXP_RANGE_BREAKOUT_CONFIRMED_DOWN,ON,HIGH,2,Expected-range breakout CONFIRMED DOWN,"{""dedupe_key"":""NIFTY|EXP_RANGE_BREAKOUT_CONFIRMED_DOWN|ON|2026-07-20 12:37"",""threshold"":2,""value"":2,""since_minute_bucket_ist"":"""",""last_updated_ist"":""2026-07-20 12:37:00""}"
2026-07-20 00:00:00,2026-07-20 12:37:00,203,NIFTY,OPTION_MOMENTUM_PUT,ON,MED,2.15,ATM PUT momentum (ltp up + vol up),"{""dedupe_key"":""NIFTY|OPTION_MOMENTUM_PUT|ON|2026-07-20 12:37"",""threshold"":1.5,""value"":2.15,""since_minute_bucket_ist"":"""",""last_updated_ist"":""2026-07-20 12:37:00""}"
2026-07-20 00:00:00,2026-07-20 12:37:00,203,NIFTY,CHURN_COMMITTED,ON,MED,-0.0002,Price move + aligned flow (committed),"{""dedupe_key"":""NIFTY|CHURN_COMMITTED|ON|2026-07-20 12:37"",""threshold"":0.0001,""value"":-0.0002,""since_minute_bucket_ist"":"""",""last_updated_ist"":""2026-07-20 12:37:00""}"
2026-07-20 00:00:00,2026-07-20 12:37:00,203,NIFTY,WALL_SHIFT_REGIME,OFF,MED,1,Wall strike shifted materially (>= 1 step),"{""dedupe_key"":""NIFTY|WALL_SHIFT_REGIME|OFF|2026-07-20 12:37"",""threshold"":1,""value"":1,""since_minute_bucket_ist"":""2026-07-20 12:34"",""last_updated_ist"":""2026-07-20 12:37:00""}"
2026-07-20 00:00:00,2026-07-20 12:38:00,204,NIFTY,TRADE_LIMIT_REACHED,ON,MED,9,Cooldown active (2m),"{""dedupe_key"":""NIFTY|TRADE_LIMIT_REACHED|ON|2026-07-20 12:38"",""threshold"":500,""value"":9,""since_minute_bucket_ist"":"""",""last_updated_ist"":""2026-07-20 12:38:00""}"
2026-07-20 00:00:00,2026-07-20 12:38:00,204,NIFTY,FLOW_BEARISH_BUILD,OFF,HIGH,-0.0012,Bearish build (premium-confirmed writing / resistance),"{""dedupe_key"":""NIFTY|FLOW_BEARISH_BUILD|OFF|2026-07-20 12:38"",""threshold"":0.005,""value"":-0.0012,""since_minute_bucket_ist"":""2026-07-20 12:37"",""last_updated_ist"":""2026-07-20 12:38:00""}"
2026-07-20 00:00:00,2026-07-20 12:38:00,204,NIFTY,REGIME_TREND_DOWN,OFF,MED,-0.0005,Trend DOWN (slope + direction),"{""dedupe_key"":""NIFTY|REGIME_TREND_DOWN|OFF|2026-07-20 12:38"",""threshold"":-0.0004,""value"":-0.0005,""since_minute_bucket_ist"":""2026-07-20 12:37"",""last_updated_ist"":""2026-07-20 12:38:00""}"
2026-07-20 00:00:00,2026-07-20 12:38:00,204,NIFTY,REGIME_TRANSITION_UNCERTAIN,ON,LOW,1,Transition/uncertain regime,"{""dedupe_key"":""NIFTY|REGIME_TRANSITION_UNCERTAIN|ON|2026-07-20 12:38"",""threshold"":1,""value"":1,""since_minute_bucket_ist"":"""",""last_updated_ist"":""2026-07-20 12:38:00""}"
2026-07-20 00:00:00,2026-07-20 12:38:00,204,NIFTY,OPTION_MOMENTUM_PUT,OFF,MED,1.4,ATM PUT momentum (ltp up + vol up),"{""dedupe_key"":""NIFTY|OPTION_MOMENTUM_PUT|OFF|2026-07-20 12:38"",""threshold"":1.5,""value"":1.4,""since_minute_bucket_ist"":""2026-07-20 12:37"",""last_updated_ist"":""2026-07-20 12:38:00""}"
2026-07-20 00:00:00,2026-07-20 12:38:00,204,NIFTY,CHURN_COMMITTED,OFF,MED,0.0001,Price move + aligned flow (committed),"{""dedupe_key"":""NIFTY|CHURN_COMMITTED|OFF|2026-07-20 12:38"",""threshold"":0.0001,""value"":0.0001,""since_minute_bucket_ist"":""2026-07-20 12:37"",""last_updated_ist"":""2026-07-20 12:38:00""}"
2026-07-20 00:00:00,2026-07-20 12:39:00,205,NIFTY,TRADE_LIMIT_REACHED,OFF,MED,9,Cooldown active (2m),"{""dedupe_key"":""NIFTY|TRADE_LIMIT_REACHED|OFF|2026-07-20 12:39"",""threshold"":500,""value"":9,""since_minute_bucket_ist"":""2026-07-20 12:38"",""last_updated_ist"":""2026-07-20 12:39:00""}"
2026-07-20 00:00:00,2026-07-20 12:39:00,205,NIFTY,FLOW_BEARISH_BUILD,ON,HIGH,0.0043,Bearish build (premium-confirmed writing / resistance),"{""dedupe_key"":""NIFTY|FLOW_BEARISH_BUILD|ON|2026-07-20 12:39"",""threshold"":0.005,""value"":0.0043,""since_minute_bucket_ist"":"""",""last_updated_ist"":""2026-07-20 12:39:00""}"
2026-07-20 00:00:00,2026-07-20 12:39:00,205,NIFTY,CHURN_COMMITTED,ON,MED,-0.0001,Price move + aligned flow (committed),"{""dedupe_key"":""NIFTY|CHURN_COMMITTED|ON|2026-07-20 12:39"",""threshold"":0.0001,""value"":-0.0001,""since_minute_bucket_ist"":"""",""last_updated_ist"":""2026-07-20 12:39:00""}"
2026-07-20 00:00:00,2026-07-20 12:40:00,206,NIFTY,FLOW_BEARISH_BUILD,OFF,HIGH,0.0059,Bearish build (premium-confirmed writing / resistance),"{""dedupe_key"":""NIFTY|FLOW_BEARISH_BUILD|OFF|2026-07-20 12:40"",""threshold"":0.005,""value"":0.0059,""since_minute_bucket_ist"":""2026-07-20 12:39"",""last_updated_ist"":""2026-07-20 12:40:00""}"
2026-07-20 00:00:00,2026-07-20 12:40:00,206,NIFTY,EXP_RANGE_BREAKOUT_WATCH_DOWN,OFF,MED,24167.5,Expected-range watch DOWN,"{""dedupe_key"":""NIFTY|EXP_RANGE_BREAKOUT_WATCH_DOWN|OFF|2026-07-20 12:40"",""threshold"":24165.72,""value"":24167.5,""since_minute_bucket_ist"":""2026-07-20 12:36"",""last_updated_ist"":""2026-07-20 12:40:00""}"
2026-07-20 00:00:00,2026-07-20 12:40:00,206,NIFTY,EXP_RANGE_BREAKOUT_CONFIRMED_DOWN,OFF,HIGH,0,Expected-range breakout CONFIRMED DOWN,"{""dedupe_key"":""NIFTY|EXP_RANGE_BREAKOUT_CONFIRMED_DOWN|OFF|2026-07-20 12:40"",""threshold"":2,""value"":0,""since_minute_bucket_ist"":""2026-07-20 12:37"",""last_updated_ist"":""2026-07-20 12:40:00""}"
2026-07-20 00:00:00,2026-07-20 12:40:00,206,NIFTY,CHURN_COMMITTED,OFF,MED,0.0001,Price move + aligned flow (committed),"{""dedupe_key"":""NIFTY|CHURN_COMMITTED|OFF|2026-07-20 12:40"",""threshold"":0.0001,""value"":0.0001,""since_minute_bucket_ist"":""2026-07-20 12:39"",""last_updated_ist"":""2026-07-20 12:40:00""}"
2026-07-20 00:00:00,2026-07-20 12:41:00,207,NIFTY,FLOW_BEARISH_BUILD,ON,HIGH,0.0029,Bearish build (premium-confirmed writing / resistance),"{""dedupe_key"":""NIFTY|FLOW_BEARISH_BUILD|ON|2026-07-20 12:41"",""threshold"":0.005,""value"":0.0029,""since_minute_bucket_ist"":"""",""last_updated_ist"":""2026-07-20 12:41:00""}"
2026-07-20 00:00:00,2026-07-20 12:41:00,207,NIFTY,REGIME_RANGE_PIN,ON,LOW,0.0001,Range / pin (inside local walls),"{""dedupe_key"":""NIFTY|REGIME_RANGE_PIN|ON|2026-07-20 12:41"",""threshold"":0.0004,""value"":0.0001,""since_minute_bucket_ist"":"""",""last_updated_ist"":""2026-07-20 12:41:00""}"
2026-07-20 00:00:00,2026-07-20 12:41:00,207,NIFTY,REGIME_TRANSITION_UNCERTAIN,OFF,LOW,1,Transition/uncertain regime,"{""dedupe_key"":""NIFTY|REGIME_TRANSITION_UNCERTAIN|OFF|2026-07-20 12:41"",""threshold"":1,""value"":1,""since_minute_bucket_ist"":""2026-07-20 12:38"",""last_updated_ist"":""2026-07-20 12:41:00""}"
2026-07-20 00:00:00,2026-07-20 12:41:00,207,NIFTY,VOL_CONTRACTION,OFF,LOW,-0.0093,Volatility contracting (straddle down),"{""dedupe_key"":""NIFTY|VOL_CONTRACTION|OFF|2026-07-20 12:41"",""threshold"":-0.03,""value"":-0.0093,""since_minute_bucket_ist"":""2026-07-20 12:36"",""last_updated_ist"":""2026-07-20 12:41:00""}"
2026-07-20 00:00:00,2026-07-20 12:43:00,209,NIFTY,REGIME_RANGE_PIN,OFF,LOW,0.0002,Range / pin (inside local walls),"{""dedupe_key"":""NIFTY|REGIME_RANGE_PIN|OFF|2026-07-20 12:43"",""threshold"":0.0004,""value"":0.0002,""since_minute_bucket_ist"":""2026-07-20 12:41"",""last_updated_ist"":""2026-07-20 12:43:00""}"
2026-07-20 00:00:00,2026-07-20 12:43:00,209,NIFTY,REGIME_TRANSITION_UNCERTAIN,ON,LOW,1,Transition/uncertain regime,"{""dedupe_key"":""NIFTY|REGIME_TRANSITION_UNCERTAIN|ON|2026-07-20 12:43"",""threshold"":1,""value"":1,""since_minute_bucket_ist"":"""",""last_updated_ist"":""2026-07-20 12:43:00""}"
2026-07-20 00:00:00,2026-07-20 12:43:00,209,NIFTY,PIN_BASIC,OFF,LOW,37.5,Spot near a local wall (pin zone),"{""dedupe_key"":""NIFTY|PIN_BASIC|OFF|2026-07-20 12:43"",""threshold"":37.5,""value"":37.5,""since_minute_bucket_ist"":""2026-07-20 09:50"",""last_updated_ist"":""2026-07-20 12:43:00""}"
2026-07-20 00:00:00,2026-07-20 12:43:00,209,NIFTY,EXP_RANGE_BREAKOUT_WATCH_DOWN,ON,MED,24162.05,Expected-range watch DOWN,"{""dedupe_key"":""NIFTY|EXP_RANGE_BREAKOUT_WATCH_DOWN|ON|2026-07-20 12:43"",""threshold"":24163.11,""value"":24162.05,""since_minute_bucket_ist"":"""",""last_updated_ist"":""2026-07-20 12:43:00""}"
2026-07-20 00:00:00,2026-07-20 12:43:00,209,NIFTY,OPTION_MOMENTUM_PUT,ON,MED,3.05,ATM PUT momentum (ltp up + vol up),"{""dedupe_key"":""NIFTY|OPTION_MOMENTUM_PUT|ON|2026-07-20 12:43"",""threshold"":1.5,""value"":3.05,""since_minute_bucket_ist"":"""",""last_updated_ist"":""2026-07-20 12:43:00""}"
2026-07-20 00:00:00,2026-07-20 12:43:00,209,NIFTY,WALL_UNWIND_CONFIRM_DOWN,ON,MED,-0.0069,Put wall OI unwinding (5m),"{""dedupe_key"":""NIFTY|WALL_UNWIND_CONFIRM_DOWN|ON|2026-07-20 12:43"",""threshold"":-0.006,""value"":-0.0069,""since_minute_bucket_ist"":"""",""last_updated_ist"":""2026-07-20 12:43:00""}"
2026-07-20 00:00:00,2026-07-20 12:43:00,209,NIFTY,CHURN_COMMITTED,ON,MED,-0.0004,Price move + aligned flow (committed),"{""dedupe_key"":""NIFTY|CHURN_COMMITTED|ON|2026-07-20 12:43"",""threshold"":0.0001,""value"":-0.0004,""since_minute_bucket_ist"":"""",""last_updated_ist"":""2026-07-20 12:43:00""}"
2026-07-20 00:00:00,2026-07-20 12:44:00,210,NIFTY,EXP_RANGE_BREAKOUT_CONFIRMED_DOWN,ON,HIGH,2,Expected-range breakout CONFIRMED DOWN,"{""dedupe_key"":""NIFTY|EXP_RANGE_BREAKOUT_CONFIRMED_DOWN|ON|2026-07-20 12:44"",""threshold"":2,""value"":2,""since_minute_bucket_ist"":"""",""last_updated_ist"":""2026-07-20 12:44:00""}"
2026-07-20 00:00:00,2026-07-20 12:45:00,211,NIFTY,TRADE_LIMIT_REACHED,ON,MED,10,Cooldown active (2m),"{""dedupe_key"":""NIFTY|TRADE_LIMIT_REACHED|ON|2026-07-20 12:45"",""threshold"":500,""value"":10,""since_minute_bucket_ist"":"""",""last_updated_ist"":""2026-07-20 12:45:00""}"
2026-07-20 00:00:00,2026-07-20 12:45:00,211,NIFTY,FLOW_BEARISH_BUILD,OFF,HIGH,-0.0024,Bearish build (premium-confirmed writing / resistance),"{""dedupe_key"":""NIFTY|FLOW_BEARISH_BUILD|OFF|2026-07-20 12:45"",""threshold"":0.005,""value"":-0.0024,""since_minute_bucket_ist"":""2026-07-20 12:41"",""last_updated_ist"":""2026-07-20 12:45:00""}"
2026-07-20 00:00:00,2026-07-20 12:45:00,211,NIFTY,REGIME_TREND_DOWN,ON,MED,-0.0005,Trend DOWN (slope + direction),"{""dedupe_key"":""NIFTY|REGIME_TREND_DOWN|ON|2026-07-20 12:45"",""threshold"":-0.0004,""value"":-0.0005,""since_minute_bucket_ist"":"""",""last_updated_ist"":""2026-07-20 12:45:00""}"
2026-07-20 00:00:00,2026-07-20 12:45:00,211,NIFTY,REGIME_TRANSITION_UNCERTAIN,OFF,LOW,1,Transition/uncertain regime,"{""dedupe_key"":""NIFTY|REGIME_TRANSITION_UNCERTAIN|OFF|2026-07-20 12:45"",""threshold"":1,""value"":1,""since_minute_bucket_ist"":""2026-07-20 12:43"",""last_updated_ist"":""2026-07-20 12:45:00""}"
2026-07-20 00:00:00,2026-07-20 12:45:00,211,NIFTY,CHURN_COMMITTED,OFF,MED,-0.0001,Price move + aligned flow (committed),"{""dedupe_key"":""NIFTY|CHURN_COMMITTED|OFF|2026-07-20 12:45"",""threshold"":0.0001,""value"":-0.0001,""since_minute_bucket_ist"":""2026-07-20 12:43"",""last_updated_ist"":""2026-07-20 12:45:00""}"
2026-07-20 00:00:00,2026-07-20 12:46:00,212,NIFTY,TRADE_LIMIT_REACHED,OFF,MED,10,Cooldown active (2m),"{""dedupe_key"":""NIFTY|TRADE_LIMIT_REACHED|OFF|2026-07-20 12:46"",""threshold"":500,""value"":10,""since_minute_bucket_ist"":""2026-07-20 12:45"",""last_updated_ist"":""2026-07-20 12:46:00""}"
2026-07-20 00:00:00,2026-07-20 12:46:00,212,NIFTY,OPTION_MOMENTUM_PUT,OFF,MED,0,ATM PUT momentum (ltp up + vol up),"{""dedupe_key"":""NIFTY|OPTION_MOMENTUM_PUT|OFF|2026-07-20 12:46"",""threshold"":1.5,""value"":0,""since_minute_bucket_ist"":""2026-07-20 12:43"",""last_updated_ist"":""2026-07-20 12:46:00""}"
2026-07-20 00:00:00,2026-07-20 12:47:00,213,NIFTY,FLOW_BEARISH_BUILD,ON,HIGH,0.0049,Bearish build (premium-confirmed writing / resistance),"{""dedupe_key"":""NIFTY|FLOW_BEARISH_BUILD|ON|2026-07-20 12:47"",""threshold"":0.005,""value"":0.0049,""since_minute_bucket_ist"":"""",""last_updated_ist"":""2026-07-20 12:47:00""}"
2026-07-20 00:00:00,2026-07-20 12:47:00,213,NIFTY,VOL_EXPANSION,ON,MED,0.0044,Volatility expanding (straddle up),"{""dedupe_key"":""NIFTY|VOL_EXPANSION|ON|2026-07-20 12:47"",""threshold"":0.02,""value"":0.0044,""since_minute_bucket_ist"":"""",""last_updated_ist"":""2026-07-20 12:47:00""}"
2026-07-20 00:00:00,2026-07-20 12:47:00,213,NIFTY,CHURN_COMMITTED,ON,MED,-0.0002,Price move + aligned flow (committed),"{""dedupe_key"":""NIFTY|CHURN_COMMITTED|ON|2026-07-20 12:47"",""threshold"":0.0001,""value"":-0.0002,""since_minute_bucket_ist"":"""",""last_updated_ist"":""2026-07-20 12:47:00""}"
2026-07-20 00:00:00,2026-07-20 12:48:00,214,NIFTY,OPTION_MOMENTUM_PUT,ON,MED,12.9,ATM PUT momentum (ltp up + vol up),"{""dedupe_key"":""NIFTY|OPTION_MOMENTUM_PUT|ON|2026-07-20 12:48"",""threshold"":1.5,""value"":12.9,""since_minute_bucket_ist"":"""",""last_updated_ist"":""2026-07-20 12:48:00""}"
2026-07-20 00:00:00,2026-07-20 12:49:00,215,NIFTY,TRADE_LIMIT_REACHED,ON,MED,11,Cooldown active (2m),"{""dedupe_key"":""NIFTY|TRADE_LIMIT_REACHED|ON|2026-07-20 12:49"",""threshold"":500,""value"":11,""since_minute_bucket_ist"":"""",""last_updated_ist"":""2026-07-20 12:49:00""}"
2026-07-20 00:00:00,2026-07-20 12:49:00,215,NIFTY,FLOW_BEARISH_BUILD,OFF,HIGH,-0.0043,Bearish build (premium-confirmed writing / resistance),"{""dedupe_key"":""NIFTY|FLOW_BEARISH_BUILD|OFF|2026-07-20 12:49"",""threshold"":0.005,""value"":-0.0043,""since_minute_bucket_ist"":""2026-07-20 12:47"",""last_updated_ist"":""2026-07-20 12:49:00""}"
2026-07-20 00:00:00,2026-07-20 12:49:00,215,NIFTY,REGIME_TREND_DOWN,OFF,MED,-0.0007,Trend DOWN (slope + direction),"{""dedupe_key"":""NIFTY|REGIME_TREND_DOWN|OFF|2026-07-20 12:49"",""threshold"":-0.0004,""value"":-0.0007,""since_minute_bucket_ist"":""2026-07-20 12:45"",""last_updated_ist"":""2026-07-20 12:49:00""}"
2026-07-20 00:00:00,2026-07-20 12:49:00,215,NIFTY,REGIME_TRANSITION_UNCERTAIN,ON,LOW,1,Transition/uncertain regime,"{""dedupe_key"":""NIFTY|REGIME_TRANSITION_UNCERTAIN|ON|2026-07-20 12:49"",""threshold"":1,""value"":1,""since_minute_bucket_ist"":"""",""last_updated_ist"":""2026-07-20 12:49:00""}"
2026-07-20 00:00:00,2026-07-20 12:49:00,215,NIFTY,OPTION_MOMENTUM_CALL,ON,MED,3.2,ATM CALL momentum (ltp up + vol up),"{""dedupe_key"":""NIFTY|OPTION_MOMENTUM_CALL|ON|2026-07-20 12:49"",""threshold"":1.5,""value"":3.2,""since_minute_bucket_ist"":"""",""last_updated_ist"":""2026-07-20 12:49:00""}"
2026-07-20 00:00:00,2026-07-20 12:49:00,215,NIFTY,OPTION_MOMENTUM_PUT,OFF,MED,-4.15,ATM PUT momentum (ltp up + vol up),"{""dedupe_key"":""NIFTY|OPTION_MOMENTUM_PUT|OFF|2026-07-20 12:49"",""threshold"":1.5,""value"":-4.15,""since_minute_bucket_ist"":""2026-07-20 12:48"",""last_updated_ist"":""2026-07-20 12:49:00""}"
2026-07-20 00:00:00,2026-07-20 12:49:00,215,NIFTY,WALL_UNWIND_CONFIRM_UP,ON,MED,-0.0067,Call wall OI unwinding (5m),"{""dedupe_key"":""NIFTY|WALL_UNWIND_CONFIRM_UP|ON|2026-07-20 12:49"",""threshold"":-0.006,""value"":-0.0067,""since_minute_bucket_ist"":"""",""last_updated_ist"":""2026-07-20 12:49:00""}"
2026-07-20 00:00:00,2026-07-20 12:49:00,215,NIFTY,CHURN_COMMITTED,OFF,MED,0.0001,Price move + aligned flow (committed),"{""dedupe_key"":""NIFTY|CHURN_COMMITTED|OFF|2026-07-20 12:49"",""threshold"":0.0001,""value"":0.0001,""since_minute_bucket_ist"":""2026-07-20 12:47"",""last_updated_ist"":""2026-07-20 12:49:00""}"
2026-07-20 00:00:00,2026-07-20 12:50:00,216,NIFTY,TRADE_LIMIT_REACHED,OFF,MED,11,Cooldown active (2m),"{""dedupe_key"":""NIFTY|TRADE_LIMIT_REACHED|OFF|2026-07-20 12:50"",""threshold"":500,""value"":11,""since_minute_bucket_ist"":""2026-07-20 12:49"",""last_updated_ist"":""2026-07-20 12:50:00""}"
2026-07-20 00:00:00,2026-07-20 12:50:00,216,NIFTY,EXP_RANGE_BREAKOUT_WATCH_DOWN,OFF,MED,24148.2,Expected-range watch DOWN,"{""dedupe_key"":""NIFTY|EXP_RANGE_BREAKOUT_WATCH_DOWN|OFF|2026-07-20 12:50"",""threshold"":24142.87,""value"":24148.2,""since_minute_bucket_ist"":""2026-07-20 12:43"",""last_updated_ist"":""2026-07-20 12:50:00""}"
2026-07-20 00:00:00,2026-07-20 12:50:00,216,NIFTY,EXP_RANGE_BREAKOUT_CONFIRMED_DOWN,OFF,HIGH,0,Expected-range breakout CONFIRMED DOWN,"{""dedupe_key"":""NIFTY|EXP_RANGE_BREAKOUT_CONFIRMED_DOWN|OFF|2026-07-20 12:50"",""threshold"":2,""value"":0,""since_minute_bucket_ist"":""2026-07-20 12:44"",""last_updated_ist"":""2026-07-20 12:50:00""}"
2026-07-20 00:00:00,2026-07-20 12:50:00,216,NIFTY,VOL_EXPANSION,OFF,MED,0.0186,Volatility expanding (straddle up),"{""dedupe_key"":""NIFTY|VOL_EXPANSION|OFF|2026-07-20 12:50"",""threshold"":0.02,""value"":0.0186,""since_minute_bucket_ist"":""2026-07-20 12:47"",""last_updated_ist"":""2026-07-20 12:50:00""}"
2026-07-20 00:00:00,2026-07-20 12:50:00,216,NIFTY,WALL_UNWIND_CONFIRM_UP,OFF,MED,-0.0032,Call wall OI unwinding (5m),"{""dedupe_key"":""NIFTY|WALL_UNWIND_CONFIRM_UP|OFF|2026-07-20 12:50"",""threshold"":-0.006,""value"":-0.0032,""since_minute_bucket_ist"":""2026-07-20 12:49"",""last_updated_ist"":""2026-07-20 12:50:00""}"
2026-07-20 00:00:00,2026-07-20 12:51:00,217,NIFTY,OPTION_MOMENTUM_CALL,OFF,MED,1.4,ATM CALL momentum (ltp up + vol up),"{""dedupe_key"":""NIFTY|OPTION_MOMENTUM_CALL|OFF|2026-07-20 12:51"",""threshold"":1.5,""value"":1.4,""since_minute_bucket_ist"":""2026-07-20 12:49"",""last_updated_ist"":""2026-07-20 12:51:00""}"
2026-07-20 00:00:00,2026-07-20 12:52:00,218,NIFTY,REGIME_TREND_UP,ON,MED,0.0004,Trend UP (slope + direction),"{""dedupe_key"":""NIFTY|REGIME_TREND_UP|ON|2026-07-20 12:52"",""threshold"":0.0004,""value"":0.0004,""since_minute_bucket_ist"":"""",""last_updated_ist"":""2026-07-20 12:52:00""}"
2026-07-20 00:00:00,2026-07-20 12:52:00,218,NIFTY,REGIME_TRANSITION_UNCERTAIN,OFF,LOW,1,Transition/uncertain regime,"{""dedupe_key"":""NIFTY|REGIME_TRANSITION_UNCERTAIN|OFF|2026-07-20 12:52"",""threshold"":1,""value"":1,""since_minute_bucket_ist"":""2026-07-20 12:49"",""last_updated_ist"":""2026-07-20 12:52:00""}"
2026-07-20 00:00:00,2026-07-20 12:52:00,218,NIFTY,OPTION_MOMENTUM_CALL,ON,MED,2.5,ATM CALL momentum (ltp up + vol up),"{""dedupe_key"":""NIFTY|OPTION_MOMENTUM_CALL|ON|2026-07-20 12:52"",""threshold"":1.5,""value"":2.5,""since_minute_bucket_ist"":"""",""last_updated_ist"":""2026-07-20 12:52:00""}"
2026-07-20 00:00:00,2026-07-20 12:53:00,219,NIFTY,FLOW_BOTH_UNWINDING,ON,MED,-0.0071,Both sides unwinding,"{""dedupe_key"":""NIFTY|FLOW_BOTH_UNWINDING|ON|2026-07-20 12:53"",""threshold"":-0.005,""value"":-0.0071,""since_minute_bucket_ist"":"""",""last_updated_ist"":""2026-07-20 12:53:00""}"
2026-07-20 00:00:00,2026-07-20 12:53:00,219,NIFTY,REGIME_TREND_UP,OFF,MED,0.0009,Trend UP (slope + direction),"{""dedupe_key"":""NIFTY|REGIME_TREND_UP|OFF|2026-07-20 12:53"",""threshold"":0.0004,""value"":0.0009,""since_minute_bucket_ist"":""2026-07-20 12:52"",""last_updated_ist"":""2026-07-20 12:53:00""}"
2026-07-20 00:00:00,2026-07-20 12:53:00,219,NIFTY,REGIME_TRANSITION_UNCERTAIN,ON,LOW,1,Transition/uncertain regime,"{""dedupe_key"":""NIFTY|REGIME_TRANSITION_UNCERTAIN|ON|2026-07-20 12:53"",""threshold"":1,""value"":1,""since_minute_bucket_ist"":"""",""last_updated_ist"":""2026-07-20 12:53:00""}"
2026-07-20 00:00:00,2026-07-20 12:54:00,220,NIFTY,FLOW_BOTH_UNWINDING,OFF,MED,0,Both sides unwinding,"{""dedupe_key"":""NIFTY|FLOW_BOTH_UNWINDING|OFF|2026-07-20 12:54"",""threshold"":-0.005,""value"":0,""since_minute_bucket_ist"":""2026-07-20 12:53"",""last_updated_ist"":""2026-07-20 12:54:00""}"
2026-07-20 00:00:00,2026-07-20 12:54:00,220,NIFTY,REGIME_TREND_UP,ON,MED,0.0008,Trend UP (slope + direction),"{""dedupe_key"":""NIFTY|REGIME_TREND_UP|ON|2026-07-20 12:54"",""threshold"":0.0004,""value"":0.0008,""since_minute_bucket_ist"":"""",""last_updated_ist"":""2026-07-20 12:54:00""}"
2026-07-20 00:00:00,2026-07-20 12:54:00,220,NIFTY,REGIME_TRANSITION_UNCERTAIN,OFF,LOW,1,Transition/uncertain regime,"{""dedupe_key"":""NIFTY|REGIME_TRANSITION_UNCERTAIN|OFF|2026-07-20 12:54"",""threshold"":1,""value"":1,""since_minute_bucket_ist"":""2026-07-20 12:53"",""last_updated_ist"":""2026-07-20 12:54:00""}"
2026-07-20 00:00:00,2026-07-20 12:54:00,220,NIFTY,OPTION_MOMENTUM_CALL,OFF,MED,0,ATM CALL momentum (ltp up + vol up),"{""dedupe_key"":""NIFTY|OPTION_MOMENTUM_CALL|OFF|2026-07-20 12:54"",""threshold"":1.5,""value"":0,""since_minute_bucket_ist"":""2026-07-20 12:52"",""last_updated_ist"":""2026-07-20 12:54:00""}"
2026-07-20 00:00:00,2026-07-20 12:55:00,221,NIFTY,PIN_BASIC,ON,LOW,37.5,Spot near a local wall (pin zone),"{""dedupe_key"":""NIFTY|PIN_BASIC|ON|2026-07-20 12:55"",""threshold"":37.5,""value"":37.5,""since_minute_bucket_ist"":"""",""last_updated_ist"":""2026-07-20 12:55:00""}"
2026-07-20 00:00:00,2026-07-20 12:55:00,221,NIFTY,EXP_RANGE_BREAKOUT_WATCH_UP,ON,MED,24169.45,Expected-range watch UP,"{""dedupe_key"":""NIFTY|EXP_RANGE_BREAKOUT_WATCH_UP|ON|2026-07-20 12:55"",""threshold"":24166.03,""value"":24169.45,""since_minute_bucket_ist"":"""",""last_updated_ist"":""2026-07-20 12:55:00""}"
2026-07-20 00:00:00,2026-07-20 12:55:00,221,NIFTY,VOL_CONTRACTION,ON,LOW,-0.025,Volatility contracting (straddle down),"{""dedupe_key"":""NIFTY|VOL_CONTRACTION|ON|2026-07-20 12:55"",""threshold"":-0.03,""value"":-0.025,""since_minute_bucket_ist"":"""",""last_updated_ist"":""2026-07-20 12:55:00""}"
2026-07-20 00:00:00,2026-07-20 12:56:00,222,NIFTY,TRADE_LIMIT_REACHED,ON,MED,11,Cooldown active (2m),"{""dedupe_key"":""NIFTY|TRADE_LIMIT_REACHED|ON|2026-07-20 12:56"",""threshold"":500,""value"":11,""since_minute_bucket_ist"":"""",""last_updated_ist"":""2026-07-20 12:56:00""}"
2026-07-20 00:00:00,2026-07-20 12:56:00,222,NIFTY,REGIME_TREND_UP,OFF,MED,0.0009,Trend UP (slope + direction),"{""dedupe_key"":""NIFTY|REGIME_TREND_UP|OFF|2026-07-20 12:56"",""threshold"":0.0004,""value"":0.0009,""since_minute_bucket_ist"":""2026-07-20 12:54"",""last_updated_ist"":""2026-07-20 12:56:00""}"
2026-07-20 00:00:00,2026-07-20 12:56:00,222,NIFTY,REGIME_TRANSITION_UNCERTAIN,ON,LOW,1,Transition/uncertain regime,"{""dedupe_key"":""NIFTY|REGIME_TRANSITION_UNCERTAIN|ON|2026-07-20 12:56"",""threshold"":1,""value"":1,""since_minute_bucket_ist"":"""",""last_updated_ist"":""2026-07-20 12:56:00""}"
2026-07-20 00:00:00,2026-07-20 12:56:00,222,NIFTY,EXP_RANGE_BREAKOUT_CONFIRMED_UP,ON,HIGH,2,Expected-range breakout CONFIRMED UP,"{""dedupe_key"":""NIFTY|EXP_RANGE_BREAKOUT_CONFIRMED_UP|ON|2026-07-20 12:56"",""threshold"":2,""value"":2,""since_minute_bucket_ist"":"""",""last_updated_ist"":""2026-07-20 12:56:00""}"
2026-07-20 00:00:00,2026-07-20 12:56:00,222,NIFTY,WALL_UNWIND_CONFIRM_DOWN,OFF,MED,-0.0027,Put wall OI unwinding (5m),"{""dedupe_key"":""NIFTY|WALL_UNWIND_CONFIRM_DOWN|OFF|2026-07-20 12:56"",""threshold"":-0.006,""value"":-0.0027,""since_minute_bucket_ist"":""2026-07-20 12:43"",""last_updated_ist"":""2026-07-20 12:56:00""}"
2026-07-20 00:00:00,2026-07-20 12:56:00,222,NIFTY,STEALTH_BUILD_BEAR,ON,MED,0.0125,"Stealth bearish build (calls build, spot flat)","{""dedupe_key"":""NIFTY|STEALTH_BUILD_BEAR|ON|2026-07-20 12:56"",""threshold"":0.008,""value"":0.0125,""since_minute_bucket_ist"":"""",""last_updated_ist"":""2026-07-20 12:56:00""}"
2026-07-20 00:00:00,2026-07-20 12:57:00,223,NIFTY,REGIME_TREND_UP,ON,MED,0.0006,Trend UP (slope + direction),"{""dedupe_key"":""NIFTY|REGIME_TREND_UP|ON|2026-07-20 12:57"",""threshold"":0.0004,""value"":0.0006,""since_minute_bucket_ist"":"""",""last_updated_ist"":""2026-07-20 12:57:00""}"
2026-07-20 00:00:00,2026-07-20 12:57:00,223,NIFTY,REGIME_TRANSITION_UNCERTAIN,OFF,LOW,1,Transition/uncertain regime,"{""dedupe_key"":""NIFTY|REGIME_TRANSITION_UNCERTAIN|OFF|2026-07-20 12:57"",""threshold"":1,""value"":1,""since_minute_bucket_ist"":""2026-07-20 12:56"",""last_updated_ist"":""2026-07-20 12:57:00""}"
2026-07-20 00:00:00,2026-07-20 12:57:00,223,NIFTY,VOL_CONTRACTION,OFF,LOW,0.0173,Volatility contracting (straddle down),"{""dedupe_key"":""NIFTY|VOL_CONTRACTION|OFF|2026-07-20 12:57"",""threshold"":-0.03,""value"":0.0173,""since_minute_bucket_ist"":""2026-07-20 12:55"",""last_updated_ist"":""2026-07-20 12:57:00""}"
2026-07-20 00:00:00,2026-07-20 12:57:00,223,NIFTY,STEALTH_BUILD_BEAR,OFF,MED,0.0003,"Stealth bearish build (calls build, spot flat)","{""dedupe_key"":""NIFTY|STEALTH_BUILD_BEAR|OFF|2026-07-20 12:57"",""threshold"":0.008,""value"":0.0003,""since_minute_bucket_ist"":""2026-07-20 12:56"",""last_updated_ist"":""2026-07-20 12:57:00""}"
2026-07-20 00:00:00,2026-07-20 12:58:00,224,NIFTY,TRADE_LIMIT_REACHED,OFF,MED,11,Cooldown active (2m),"{""dedupe_key"":""NIFTY|TRADE_LIMIT_REACHED|OFF|2026-07-20 12:58"",""threshold"":500,""value"":11,""since_minute_bucket_ist"":""2026-07-20 12:56"",""last_updated_ist"":""2026-07-20 12:58:00""}"
2026-07-20 00:00:00,2026-07-20 12:58:00,224,NIFTY,FLOW_BULLISH_BUILD,ON,HIGH,0,Bullish build (premium-confirmed writing / support),"{""dedupe_key"":""NIFTY|FLOW_BULLISH_BUILD|ON|2026-07-20 12:58"",""threshold"":0.005,""value"":0,""since_minute_bucket_ist"":"""",""last_updated_ist"":""2026-07-20 12:58:00""}"
2026-07-20 00:00:00,2026-07-20 12:58:00,224,NIFTY,PIN_BREAKOUT_SETUP,ON,MED,9.149999999997817,Pin breakout setup (wall touch + aligned flow),"{""dedupe_key"":""NIFTY|PIN_BREAKOUT_SETUP|ON|2026-07-20 12:58"",""threshold"":0,""value"":9.149999999997817,""since_minute_bucket_ist"":"""",""last_updated_ist"":""2026-07-20 12:58:00""}"
2026-07-20 00:00:00,2026-07-20 12:58:00,224,NIFTY,OPTION_MOMENTUM_CALL,ON,MED,5.85,ATM CALL momentum (ltp up + vol up),"{""dedupe_key"":""NIFTY|OPTION_MOMENTUM_CALL|ON|2026-07-20 12:58"",""threshold"":1.5,""value"":5.85,""since_minute_bucket_ist"":"""",""last_updated_ist"":""2026-07-20 12:58:00""}"
2026-07-20 00:00:00,2026-07-20 12:58:00,224,NIFTY,CHURN_COMMITTED,ON,MED,0.0004,Price move + aligned flow (committed),"{""dedupe_key"":""NIFTY|CHURN_COMMITTED|ON|2026-07-20 12:58"",""threshold"":0.0001,""value"":0.0004,""since_minute_bucket_ist"":"""",""last_updated_ist"":""2026-07-20 12:58:00""}"
2026-07-20 00:00:00,2026-07-20 12:58:00,224,NIFTY,WALL_PRESSURE_BREAK_SETUP,ON,MED,9.149999999997817,Pressure building into a wall (break setup),"{""dedupe_key"":""NIFTY|WALL_PRESSURE_BREAK_SETUP|ON|2026-07-20 12:58"",""threshold"":0,""value"":9.149999999997817,""since_minute_bucket_ist"":"""",""last_updated_ist"":""2026-07-20 12:58:00""}"
2026-07-20 00:00:00,2026-07-20 12:59:00,225,NIFTY,FLOW_BULLISH_BUILD,OFF,HIGH,-0.0075,Bullish build (premium-confirmed writing / support),"{""dedupe_key"":""NIFTY|FLOW_BULLISH_BUILD|OFF|2026-07-20 12:59"",""threshold"":0.005,""value"":-0.0075,""since_minute_bucket_ist"":""2026-07-20 12:58"",""last_updated_ist"":""2026-07-20 12:59:00""}"
2026-07-20 00:00:00,2026-07-20 12:59:00,225,NIFTY,PIN_BREAKOUT_SETUP,OFF,MED,1.5,Pin breakout setup (wall touch + aligned flow),"{""dedupe_key"":""NIFTY|PIN_BREAKOUT_SETUP|OFF|2026-07-20 12:59"",""threshold"":0,""value"":1.5,""since_minute_bucket_ist"":""2026-07-20 12:58"",""last_updated_ist"":""2026-07-20 12:59:00""}"
2026-07-20 00:00:00,2026-07-20 12:59:00,225,NIFTY,OPTION_MOMENTUM_CALL,OFF,MED,0.85,ATM CALL momentum (ltp up + vol up),"{""dedupe_key"":""NIFTY|OPTION_MOMENTUM_CALL|OFF|2026-07-20 12:59"",""threshold"":1.5,""value"":0.85,""since_minute_bucket_ist"":""2026-07-20 12:58"",""last_updated_ist"":""2026-07-20 12:59:00""}"
2026-07-20 00:00:00,2026-07-20 12:59:00,225,NIFTY,CHURN_COMMITTED,OFF,MED,0.0001,Price move + aligned flow (committed),"{""dedupe_key"":""NIFTY|CHURN_COMMITTED|OFF|2026-07-20 12:59"",""threshold"":0.0001,""value"":0.0001,""since_minute_bucket_ist"":""2026-07-20 12:58"",""last_updated_ist"":""2026-07-20 12:59:00""}"
2026-07-20 00:00:00,2026-07-20 12:59:00,225,NIFTY,WALL_PRESSURE_BREAK_SETUP,OFF,MED,1.5,Pressure building into a wall (break setup),"{""dedupe_key"":""NIFTY|WALL_PRESSURE_BREAK_SETUP|OFF|2026-07-20 12:59"",""threshold"":0,""value"":1.5,""since_minute_bucket_ist"":""2026-07-20 12:58"",""last_updated_ist"":""2026-07-20 12:59:00""}"
2026-07-20 00:00:00,2026-07-20 13:00:00,226,NIFTY,REGIME_TREND_UP,OFF,MED,0.0007,Trend UP (slope + direction),"{""dedupe_key"":""NIFTY|REGIME_TREND_UP|OFF|2026-07-20 13:00"",""threshold"":0.0004,""value"":0.0007,""since_minute_bucket_ist"":""2026-07-20 12:57"",""last_updated_ist"":""2026-07-20 13:00:00""}"
2026-07-20 00:00:00,2026-07-20 13:00:00,226,NIFTY,REGIME_TRANSITION_UNCERTAIN,ON,LOW,1,Transition/uncertain regime,"{""dedupe_key"":""NIFTY|REGIME_TRANSITION_UNCERTAIN|ON|2026-07-20 13:00"",""threshold"":1,""value"":1,""since_minute_bucket_ist"":"""",""last_updated_ist"":""2026-07-20 13:00:00""}"
2026-07-20 00:00:00,2026-07-20 13:00:00,226,NIFTY,EXP_RANGE_BREAKOUT_WATCH_UP,OFF,MED,24186.35,Expected-range watch UP,"{""dedupe_key"":""NIFTY|EXP_RANGE_BREAKOUT_WATCH_UP|OFF|2026-07-20 13:00"",""threshold"":24186.96,""value"":24186.35,""since_minute_bucket_ist"":""2026-07-20 12:55"",""last_updated_ist"":""2026-07-20 13:00:00""}"
2026-07-20 00:00:00,2026-07-20 13:00:00,226,NIFTY,EXP_RANGE_BREAKOUT_CONFIRMED_UP,OFF,HIGH,0,Expected-range breakout CONFIRMED UP,"{""dedupe_key"":""NIFTY|EXP_RANGE_BREAKOUT_CONFIRMED_UP|OFF|2026-07-20 13:00"",""threshold"":2,""value"":0,""since_minute_bucket_ist"":""2026-07-20 12:56"",""last_updated_ist"":""2026-07-20 13:00:00""}"
2026-07-20 00:00:00,2026-07-20 13:00:00,226,NIFTY,OPTION_MOMENTUM_CALL,ON,MED,1.85,ATM CALL momentum (ltp up + vol up),"{""dedupe_key"":""NIFTY|OPTION_MOMENTUM_CALL|ON|2026-07-20 13:00"",""threshold"":1.5,""value"":1.85,""since_minute_bucket_ist"":"""",""last_updated_ist"":""2026-07-20 13:00:00""}"
2026-07-20 00:00:00,2026-07-20 13:00:00,226,NIFTY,WALL_SHIFT_REGIME,ON,MED,1,Wall strike shifted materially (>= 1 step),"{""dedupe_key"":""NIFTY|WALL_SHIFT_REGIME|ON|2026-07-20 13:00"",""threshold"":1,""value"":1,""since_minute_bucket_ist"":"""",""last_updated_ist"":""2026-07-20 13:00:00""}"
2026-07-20 00:00:00,2026-07-20 13:01:00,227,NIFTY,REGIME_BREAKOUT_DOWN,ON,HIGH,2,Breakout DOWN (held below put wall),"{""dedupe_key"":""NIFTY|REGIME_BREAKOUT_DOWN|ON|2026-07-20 13:01"",""threshold"":2,""value"":2,""since_minute_bucket_ist"":"""",""last_updated_ist"":""2026-07-20 13:01:00""}"
2026-07-20 00:00:00,2026-07-20 13:01:00,227,NIFTY,REGIME_TRANSITION_UNCERTAIN,OFF,LOW,1,Transition/uncertain regime,"{""dedupe_key"":""NIFTY|REGIME_TRANSITION_UNCERTAIN|OFF|2026-07-20 13:01"",""threshold"":1,""value"":1,""since_minute_bucket_ist"":""2026-07-20 13:00"",""last_updated_ist"":""2026-07-20 13:01:00""}"
2026-07-20 00:00:00,2026-07-20 13:01:00,227,NIFTY,OPTION_MOMENTUM_CALL,OFF,MED,-3.5,ATM CALL momentum (ltp up + vol up),"{""dedupe_key"":""NIFTY|OPTION_MOMENTUM_CALL|OFF|2026-07-20 13:01"",""threshold"":1.5,""value"":-3.5,""since_minute_bucket_ist"":""2026-07-20 13:00"",""last_updated_ist"":""2026-07-20 13:01:00""}"
2026-07-20 00:00:00,2026-07-20 13:01:00,227,NIFTY,OPTION_MOMENTUM_PUT,ON,MED,4.45,ATM PUT momentum (ltp up + vol up),"{""dedupe_key"":""NIFTY|OPTION_MOMENTUM_PUT|ON|2026-07-20 13:01"",""threshold"":1.5,""value"":4.45,""since_minute_bucket_ist"":"""",""last_updated_ist"":""2026-07-20 13:01:00""}"
2026-07-20 00:00:00,2026-07-20 13:01:00,227,NIFTY,WALL_UNWIND_CONFIRM_UP,ON,MED,-0.0214,Call wall OI unwinding (5m),"{""dedupe_key"":""NIFTY|WALL_UNWIND_CONFIRM_UP|ON|2026-07-20 13:01"",""threshold"":-0.006,""value"":-0.0214,""since_minute_bucket_ist"":"""",""last_updated_ist"":""2026-07-20 13:01:00""}"
2026-07-20 00:00:00,2026-07-20 13:01:00,227,NIFTY,STEALTH_BUILD_BULL,ON,MED,0.0116,"Stealth bullish build (puts build, spot flat)","{""dedupe_key"":""NIFTY|STEALTH_BUILD_BULL|ON|2026-07-20 13:01"",""threshold"":0.008,""value"":0.0116,""since_minute_bucket_ist"":"""",""last_updated_ist"":""2026-07-20 13:01:00""}"
2026-07-20 00:00:00,2026-07-20 13:01:00,227,NIFTY,WALL_SHIFT_REGIME,OFF,MED,1,Wall strike shifted materially (>= 1 step),"{""dedupe_key"":""NIFTY|WALL_SHIFT_REGIME|OFF|2026-07-20 13:01"",""threshold"":1,""value"":1,""since_minute_bucket_ist"":""2026-07-20 13:00"",""last_updated_ist"":""2026-07-20 13:01:00""}"
2026-07-20 00:00:00,2026-07-20 13:02:00,228,NIFTY,FLOW_BULLISH_BUILD,ON,HIGH,0.0073,Bullish build (premium-confirmed writing / support),"{""dedupe_key"":""NIFTY|FLOW_BULLISH_BUILD|ON|2026-07-20 13:02"",""threshold"":0.005,""value"":0.0073,""since_minute_bucket_ist"":"""",""last_updated_ist"":""2026-07-20 13:02:00""}"
2026-07-20 00:00:00,2026-07-20 13:02:00,228,NIFTY,OPTION_MOMENTUM_PUT,OFF,MED,-1.6,ATM PUT momentum (ltp up + vol up),"{""dedupe_key"":""NIFTY|OPTION_MOMENTUM_PUT|OFF|2026-07-20 13:02"",""threshold"":1.5,""value"":-1.6,""since_minute_bucket_ist"":""2026-07-20 13:01"",""last_updated_ist"":""2026-07-20 13:02:00""}"
2026-07-20 00:00:00,2026-07-20 13:02:00,228,NIFTY,STEALTH_BUILD_BULL,OFF,MED,0.0073,"Stealth bullish build (puts build, spot flat)","{""dedupe_key"":""NIFTY|STEALTH_BUILD_BULL|OFF|2026-07-20 13:02"",""threshold"":0.008,""value"":0.0073,""since_minute_bucket_ist"":""2026-07-20 13:01"",""last_updated_ist"":""2026-07-20 13:02:00""}"
2026-07-20 00:00:00,2026-07-20 13:03:00,229,NIFTY,FLOW_BULLISH_BUILD,OFF,HIGH,0,Bullish build (premium-confirmed writing / support),"{""dedupe_key"":""NIFTY|FLOW_BULLISH_BUILD|OFF|2026-07-20 13:03"",""threshold"":0.005,""value"":0,""since_minute_bucket_ist"":""2026-07-20 13:02"",""last_updated_ist"":""2026-07-20 13:03:00""}"
2026-07-20 00:00:00,2026-07-20 13:04:00,230,NIFTY,OPTION_MOMENTUM_CALL,ON,MED,2.65,ATM CALL momentum (ltp up + vol up),"{""dedupe_key"":""NIFTY|OPTION_MOMENTUM_CALL|ON|2026-07-20 13:04"",""threshold"":1.5,""value"":2.65,""since_minute_bucket_ist"":"""",""last_updated_ist"":""2026-07-20 13:04:00""}"
2026-07-20 00:00:00,2026-07-20 13:04:00,230,NIFTY,STEALTH_BUILD_BULL,ON,MED,1899-12-30 00:24:46,"Stealth bullish build (puts build, spot flat)","{""dedupe_key"":""NIFTY|STEALTH_BUILD_BULL|ON|2026-07-20 13:04"",""threshold"":0.008,""value"":0.0172,""since_minute_bucket_ist"":"""",""last_updated_ist"":""2026-07-20 13:04:00""}"
2026-07-20 00:00:00,2026-07-20 13:05:00,231,NIFTY,OPTION_MOMENTUM_CALL,OFF,MED,-1.7,ATM CALL momentum (ltp up + vol up),"{""dedupe_key"":""NIFTY|OPTION_MOMENTUM_CALL|OFF|2026-07-20 13:05"",""threshold"":1.5,""value"":-1.7,""since_minute_bucket_ist"":""2026-07-20 13:04"",""last_updated_ist"":""2026-07-20 13:05:00""}"
2026-07-20 00:00:00,2026-07-20 13:05:00,231,NIFTY,STEALTH_BUILD_BULL,OFF,MED,-0.0005,"Stealth bullish build (puts build, spot flat)","{""dedupe_key"":""NIFTY|STEALTH_BUILD_BULL|OFF|2026-07-20 13:05"",""threshold"":0.008,""value"":-0.0005,""since_minute_bucket_ist"":""2026-07-20 13:04"",""last_updated_ist"":""2026-07-20 13:05:00""}"
2026-07-20 00:00:00,2026-07-20 13:06:00,232,NIFTY,OPTION_MOMENTUM_PUT,ON,MED,2.45,ATM PUT momentum (ltp up + vol up),"{""dedupe_key"":""NIFTY|OPTION_MOMENTUM_PUT|ON|2026-07-20 13:06"",""threshold"":1.5,""value"":2.45,""since_minute_bucket_ist"":"""",""last_updated_ist"":""2026-07-20 13:06:00""}"
2026-07-20 00:00:00,2026-07-20 13:07:00,233,NIFTY,OPTION_MOMENTUM_PUT,OFF,MED,-0.85,ATM PUT momentum (ltp up + vol up),"{""dedupe_key"":""NIFTY|OPTION_MOMENTUM_PUT|OFF|2026-07-20 13:07"",""threshold"":1.5,""value"":-0.85,""since_minute_bucket_ist"":""2026-07-20 13:06"",""last_updated_ist"":""2026-07-20 13:07:00""}"
2026-07-20 00:00:00,2026-07-20 13:07:00,233,NIFTY,WALL_UNWIND_CONFIRM_UP,OFF,MED,0.003,Call wall OI unwinding (5m),"{""dedupe_key"":""NIFTY|WALL_UNWIND_CONFIRM_UP|OFF|2026-07-20 13:07"",""threshold"":-0.006,""value"":0.003,""since_minute_bucket_ist"":""2026-07-20 13:01"",""last_updated_ist"":""2026-07-20 13:07:00""}"
2026-07-20 00:00:00,2026-07-20 13:09:00,234,NIFTY,VOL_CONTRACTION,ON,LOW,-0.0038,Volatility contracting (straddle down),"{""dedupe_key"":""NIFTY|VOL_CONTRACTION|ON|2026-07-20 13:09"",""threshold"":-0.03,""value"":-0.0038,""since_minute_bucket_ist"":"""",""last_updated_ist"":""2026-07-20 13:09:00""}"
2026-07-20 00:00:00,2026-07-20 13:09:00,234,NIFTY,STEALTH_BUILD_BULL,ON,MED,0.0127,"Stealth bullish build (puts build, spot flat)","{""dedupe_key"":""NIFTY|STEALTH_BUILD_BULL|ON|2026-07-20 13:09"",""threshold"":0.008,""value"":0.0127,""since_minute_bucket_ist"":"""",""last_updated_ist"":""2026-07-20 13:09:00""}"
2026-07-20 00:00:00,2026-07-20 13:09:00,235,NIFTY,EXP_RANGE_BREAKOUT_WATCH_DOWN,ON,MED,24177.3,Expected-range watch DOWN,"{""dedupe_key"":""NIFTY|EXP_RANGE_BREAKOUT_WATCH_DOWN|ON|2026-07-20 13:09"",""threshold"":24178.87,""value"":24177.3,""since_minute_bucket_ist"":"""",""last_updated_ist"":""2026-07-20 13:09:00""}"
2026-07-20 00:00:00,2026-07-20 13:09:00,235,NIFTY,STEALTH_BUILD_BULL,OFF,MED,0,"Stealth bullish build (puts build, spot flat)","{""dedupe_key"":""NIFTY|STEALTH_BUILD_BULL|OFF|2026-07-20 13:09"",""threshold"":0.008,""value"":0,""since_minute_bucket_ist"":""2026-07-20 13:09"",""last_updated_ist"":""2026-07-20 13:09:00""}"
2026-07-20 00:00:00,2026-07-20 13:10:00,236,NIFTY,FLOW_BULLISH_BUILD,ON,HIGH,0.0147,Bullish build (premium-confirmed writing / support),"{""dedupe_key"":""NIFTY|FLOW_BULLISH_BUILD|ON|2026-07-20 13:10"",""threshold"":0.005,""value"":0.0147,""since_minute_bucket_ist"":"""",""last_updated_ist"":""2026-07-20 13:10:00""}"
2026-07-20 00:00:00,2026-07-20 13:10:00,236,NIFTY,PIN_BREAKOUT_SETUP,ON,MED,2.650000000001455,Pin breakout setup (wall touch + aligned flow),"{""dedupe_key"":""NIFTY|PIN_BREAKOUT_SETUP|ON|2026-07-20 13:10"",""threshold"":0,""value"":2.650000000001455,""since_minute_bucket_ist"":"""",""last_updated_ist"":""2026-07-20 13:10:00""}"
2026-07-20 00:00:00,2026-07-20 13:10:00,236,NIFTY,EXP_RANGE_BREAKOUT_WATCH_DOWN,OFF,MED,24179.95,Expected-range watch DOWN,"{""dedupe_key"":""NIFTY|EXP_RANGE_BREAKOUT_WATCH_DOWN|OFF|2026-07-20 13:10"",""threshold"":24178.43,""value"":24179.95,""since_minute_bucket_ist"":""2026-07-20 13:09"",""last_updated_ist"":""2026-07-20 13:10:00""}"
2026-07-20 00:00:00,2026-07-20 13:10:00,236,NIFTY,VOL_CONTRACTION,OFF,LOW,-0.0009,Volatility contracting (straddle down),"{""dedupe_key"":""NIFTY|VOL_CONTRACTION|OFF|2026-07-20 13:10"",""threshold"":-0.03,""value"":-0.0009,""since_minute_bucket_ist"":""2026-07-20 13:09"",""last_updated_ist"":""2026-07-20 13:10:00""}"
2026-07-20 00:00:00,2026-07-20 13:10:00,236,NIFTY,CHURN_COMMITTED,ON,MED,0.0001,Price move + aligned flow (committed),"{""dedupe_key"":""NIFTY|CHURN_COMMITTED|ON|2026-07-20 13:10"",""threshold"":0.0001,""value"":0.0001,""since_minute_bucket_ist"":"""",""last_updated_ist"":""2026-07-20 13:10:00""}"
2026-07-20 00:00:00,2026-07-20 13:10:00,236,NIFTY,STEALTH_BUILD_BULL,ON,MED,0.0147,"Stealth bullish build (puts build, spot flat)","{""dedupe_key"":""NIFTY|STEALTH_BUILD_BULL|ON|2026-07-20 13:10"",""threshold"":0.008,""value"":0.0147,""since_minute_bucket_ist"":"""",""last_updated_ist"":""2026-07-20 13:10:00""}"
2026-07-20 00:00:00,2026-07-20 13:10:00,236,NIFTY,WALL_PRESSURE_BREAK_SETUP,ON,MED,2.650000000001455,Pressure building into a wall (break setup),"{""dedupe_key"":""NIFTY|WALL_PRESSURE_BREAK_SETUP|ON|2026-07-20 13:10"",""threshold"":0,""value"":2.650000000001455,""since_minute_bucket_ist"":"""",""last_updated_ist"":""2026-07-20 13:10:00""}"
2026-07-20 00:00:00,2026-07-20 13:11:00,237,NIFTY,FLOW_BULLISH_BUILD,OFF,HIGH,0,Bullish build (premium-confirmed writing / support),"{""dedupe_key"":""NIFTY|FLOW_BULLISH_BUILD|OFF|2026-07-20 13:11"",""threshold"":0.005,""value"":0,""since_minute_bucket_ist"":""2026-07-20 13:10"",""last_updated_ist"":""2026-07-20 13:11:00""}"
2026-07-20 00:00:00,2026-07-20 13:11:00,237,NIFTY,PIN_BREAKOUT_SETUP,OFF,MED,0,Pin breakout setup (wall touch + aligned flow),"{""dedupe_key"":""NIFTY|PIN_BREAKOUT_SETUP|OFF|2026-07-20 13:11"",""threshold"":0,""value"":0,""since_minute_bucket_ist"":""2026-07-20 13:10"",""last_updated_ist"":""2026-07-20 13:11:00""}"
2026-07-20 00:00:00,2026-07-20 13:11:00,237,NIFTY,CHURN_COMMITTED,OFF,MED,0,Price move + aligned flow (committed),"{""dedupe_key"":""NIFTY|CHURN_COMMITTED|OFF|2026-07-20 13:11"",""threshold"":0.0001,""value"":0,""since_minute_bucket_ist"":""2026-07-20 13:10"",""last_updated_ist"":""2026-07-20 13:11:00""}"
2026-07-20 00:00:00,2026-07-20 13:11:00,237,NIFTY,STEALTH_BUILD_BULL,OFF,MED,0,"Stealth bullish build (puts build, spot flat)","{""dedupe_key"":""NIFTY|STEALTH_BUILD_BULL|OFF|2026-07-20 13:11"",""threshold"":0.008,""value"":0,""since_minute_bucket_ist"":""2026-07-20 13:10"",""last_updated_ist"":""2026-07-20 13:11:00""}"
2026-07-20 00:00:00,2026-07-20 13:11:00,237,NIFTY,WALL_PRESSURE_BREAK_SETUP,OFF,MED,0,Pressure building into a wall (break setup),"{""dedupe_key"":""NIFTY|WALL_PRESSURE_BREAK_SETUP|OFF|2026-07-20 13:11"",""threshold"":0,""value"":0,""since_minute_bucket_ist"":""2026-07-20 13:10"",""last_updated_ist"":""2026-07-20 13:11:00""}"
2026-07-20 00:00:00,2026-07-20 13:12:00,238,NIFTY,VOL_CONTRACTION,ON,LOW,-0.0019,Volatility contracting (straddle down),"{""dedupe_key"":""NIFTY|VOL_CONTRACTION|ON|2026-07-20 13:12"",""threshold"":-0.03,""value"":-0.0019,""since_minute_bucket_ist"":"""",""last_updated_ist"":""2026-07-20 13:12:00""}"
2026-07-20 00:00:00,2026-07-20 13:13:00,239,NIFTY,REGIME_TREND_UP,ON,MED,0.0006,Trend UP (slope + direction),"{""dedupe_key"":""NIFTY|REGIME_TREND_UP|ON|2026-07-20 13:13"",""threshold"":0.0004,""value"":0.0006,""since_minute_bucket_ist"":"""",""last_updated_ist"":""2026-07-20 13:13:00""}"
2026-07-20 00:00:00,2026-07-20 13:13:00,239,NIFTY,REGIME_BREAKOUT_DOWN,OFF,HIGH,0,Breakout DOWN (held below put wall),"{""dedupe_key"":""NIFTY|REGIME_BREAKOUT_DOWN|OFF|2026-07-20 13:13"",""threshold"":2,""value"":0,""since_minute_bucket_ist"":""2026-07-20 13:01"",""last_updated_ist"":""2026-07-20 13:13:00""}"
2026-07-20 00:00:00,2026-07-20 13:13:00,239,NIFTY,EXP_RANGE_BREAKOUT_WATCH_UP,ON,MED,24194.2,Expected-range watch UP,"{""dedupe_key"":""NIFTY|EXP_RANGE_BREAKOUT_WATCH_UP|ON|2026-07-20 13:13"",""threshold"":24188.27,""value"":24194.2,""since_minute_bucket_ist"":"""",""last_updated_ist"":""2026-07-20 13:13:00""}"
2026-07-20 00:00:00,2026-07-20 13:13:00,239,NIFTY,OPTION_MOMENTUM_CALL,ON,MED,3.75,ATM CALL momentum (ltp up + vol up),"{""dedupe_key"":""NIFTY|OPTION_MOMENTUM_CALL|ON|2026-07-20 13:13"",""threshold"":1.5,""value"":3.75,""since_minute_bucket_ist"":"""",""last_updated_ist"":""2026-07-20 13:13:00""}"
2026-07-20 00:00:00,2026-07-20 13:14:00,240,NIFTY,FLOW_BOTH_UNWINDING,ON,MED,-0.0091,Both sides unwinding,"{""dedupe_key"":""NIFTY|FLOW_BOTH_UNWINDING|ON|2026-07-20 13:14"",""threshold"":-0.005,""value"":-0.0091,""since_minute_bucket_ist"":"""",""last_updated_ist"":""2026-07-20 13:14:00""}"
2026-07-20 00:00:00,2026-07-20 13:14:00,240,NIFTY,EXP_RANGE_BREAKOUT_CONFIRMED_UP,ON,HIGH,2,Expected-range breakout CONFIRMED UP,"{""dedupe_key"":""NIFTY|EXP_RANGE_BREAKOUT_CONFIRMED_UP|ON|2026-07-20 13:14"",""threshold"":2,""value"":2,""since_minute_bucket_ist"":"""",""last_updated_ist"":""2026-07-20 13:14:00""}"
2026-07-20 00:00:00,2026-07-20 13:14:00,240,NIFTY,WALL_UNWIND_CONFIRM_UP,ON,MED,-0.0143,Call wall OI unwinding (5m),"{""dedupe_key"":""NIFTY|WALL_UNWIND_CONFIRM_UP|ON|2026-07-20 13:14"",""threshold"":-0.006,""value"":-0.0143,""since_minute_bucket_ist"":"""",""last_updated_ist"":""2026-07-20 13:14:00""}"
2026-07-20 00:00:00,2026-07-20 13:15:00,241,NIFTY,FLOW_BOTH_UNWINDING,OFF,MED,0,Both sides unwinding,"{""dedupe_key"":""NIFTY|FLOW_BOTH_UNWINDING|OFF|2026-07-20 13:15"",""threshold"":-0.005,""value"":0,""since_minute_bucket_ist"":""2026-07-20 13:14"",""last_updated_ist"":""2026-07-20 13:15:00""}"
2026-07-20 00:00:00,2026-07-20 13:15:00,241,NIFTY,REGIME_TREND_UP,OFF,MED,0.0014,Trend UP (slope + direction),"{""dedupe_key"":""NIFTY|REGIME_TREND_UP|OFF|2026-07-20 13:15"",""threshold"":0.0004,""value"":0.0014,""since_minute_bucket_ist"":""2026-07-20 13:13"",""last_updated_ist"":""2026-07-20 13:15:00""}"
2026-07-20 00:00:00,2026-07-20 13:15:00,241,NIFTY,REGIME_BREAKOUT_UP,ON,HIGH,2,Breakout UP (held above call wall),"{""dedupe_key"":""NIFTY|REGIME_BREAKOUT_UP|ON|2026-07-20 13:15"",""threshold"":2,""value"":2,""since_minute_bucket_ist"":"""",""last_updated_ist"":""2026-07-20 13:15:00""}"
2026-07-20 00:00:00,2026-07-20 13:15:00,241,NIFTY,VOL_EXPANSION,ON,MED,0.0141,Volatility expanding (straddle up),"{""dedupe_key"":""NIFTY|VOL_EXPANSION|ON|2026-07-20 13:15"",""threshold"":0.02,""value"":0.0141,""since_minute_bucket_ist"":"""",""last_updated_ist"":""2026-07-20 13:15:00""}"
2026-07-20 00:00:00,2026-07-20 13:15:00,241,NIFTY,VOL_CONTRACTION,OFF,LOW,0.0141,Volatility contracting (straddle down),"{""dedupe_key"":""NIFTY|VOL_CONTRACTION|OFF|2026-07-20 13:15"",""threshold"":-0.03,""value"":0.0141,""since_minute_bucket_ist"":""2026-07-20 13:12"",""last_updated_ist"":""2026-07-20 13:15:00""}"
2026-07-20 00:00:00,2026-07-20 13:15:00,241,NIFTY,WALL_UNWIND_CONFIRM_DOWN,ON,MED,-0.025,Put wall OI unwinding (5m),"{""dedupe_key"":""NIFTY|WALL_UNWIND_CONFIRM_DOWN|ON|2026-07-20 13:15"",""threshold"":-0.006,""value"":-0.025,""since_minute_bucket_ist"":"""",""last_updated_ist"":""2026-07-20 13:15:00""}"
2026-07-20 00:00:00,2026-07-20 13:16:00,242,NIFTY,REGIME_TREND_UP,ON,MED,0.0014,Trend UP (slope + direction),"{""dedupe_key"":""NIFTY|REGIME_TREND_UP|ON|2026-07-20 13:16"",""threshold"":0.0004,""value"":0.0014,""since_minute_bucket_ist"":"""",""last_updated_ist"":""2026-07-20 13:16:00""}"
2026-07-20 00:00:00,2026-07-20 13:16:00,242,NIFTY,OPTION_MOMENTUM_CALL,OFF,MED,0,ATM CALL momentum (ltp up + vol up),"{""dedupe_key"":""NIFTY|OPTION_MOMENTUM_CALL|OFF|2026-07-20 13:16"",""threshold"":1.5,""value"":0,""since_minute_bucket_ist"":""2026-07-20 13:13"",""last_updated_ist"":""2026-07-20 13:16:00""}"
2026-07-20 00:00:00,2026-07-20 13:17:00,243,NIFTY,OPTION_MOMENTUM_PUT,ON,MED,5.75,ATM PUT momentum (ltp up + vol up),"{""dedupe_key"":""NIFTY|OPTION_MOMENTUM_PUT|ON|2026-07-20 13:17"",""threshold"":1.5,""value"":5.75,""since_minute_bucket_ist"":"""",""last_updated_ist"":""2026-07-20 13:17:00""}"
2026-07-20 00:00:00,2026-07-20 13:17:00,243,NIFTY,WALL_UNWIND_CONFIRM_DOWN,OFF,MED,-0.0018,Put wall OI unwinding (5m),"{""dedupe_key"":""NIFTY|WALL_UNWIND_CONFIRM_DOWN|OFF|2026-07-20 13:17"",""threshold"":-0.006,""value"":-0.0018,""since_minute_bucket_ist"":""2026-07-20 13:15"",""last_updated_ist"":""2026-07-20 13:17:00""}"
2026-07-20 00:00:00,2026-07-20 13:18:00,244,NIFTY,FLOW_BULLISH_BUILD,ON,HIGH,0.0049,Bullish build (premium-confirmed writing / support),"{""dedupe_key"":""NIFTY|FLOW_BULLISH_BUILD|ON|2026-07-20 13:18"",""threshold"":0.005,""value"":0.0049,""since_minute_bucket_ist"":"""",""last_updated_ist"":""2026-07-20 13:18:00""}"
2026-07-20 00:00:00,2026-07-20 13:18:00,244,NIFTY,PIN_BREAKOUT_SETUP,ON,MED,0.8499999999985448,Pin breakout setup (wall touch + aligned flow),"{""dedupe_key"":""NIFTY|PIN_BREAKOUT_SETUP|ON|2026-07-20 13:18"",""threshold"":0,""value"":0.8499999999985448,""since_minute_bucket_ist"":"""",""last_updated_ist"":""2026-07-20 13:18:00""}"
2026-07-20 00:00:00,2026-07-20 13:18:00,244,NIFTY,EXP_RANGE_BREAKOUT_WATCH_UP,OFF,MED,24218.3,Expected-range watch UP,"{""dedupe_key"":""NIFTY|EXP_RANGE_BREAKOUT_WATCH_UP|OFF|2026-07-20 13:18"",""threshold"":24219.05,""value"":24218.3,""since_minute_bucket_ist"":""2026-07-20 13:13"",""last_updated_ist"":""2026-07-20 13:18:00""}"
2026-07-20 00:00:00,2026-07-20 13:18:00,244,NIFTY,EXP_RANGE_BREAKOUT_CONFIRMED_UP,OFF,HIGH,0,Expected-range breakout CONFIRMED UP,"{""dedupe_key"":""NIFTY|EXP_RANGE_BREAKOUT_CONFIRMED_UP|OFF|2026-07-20 13:18"",""threshold"":2,""value"":0,""since_minute_bucket_ist"":""2026-07-20 13:14"",""last_updated_ist"":""2026-07-20 13:18:00""}"
2026-07-20 00:00:00,2026-07-20 13:18:00,244,NIFTY,OPTION_MOMENTUM_PUT,OFF,MED,-0.45,ATM PUT momentum (ltp up + vol up),"{""dedupe_key"":""NIFTY|OPTION_MOMENTUM_PUT|OFF|2026-07-20 13:18"",""threshold"":1.5,""value"":-0.45,""since_minute_bucket_ist"":""2026-07-20 13:17"",""last_updated_ist"":""2026-07-20 13:18:00""}"
2026-07-20 00:00:00,2026-07-20 13:18:00,244,NIFTY,WALL_PRESSURE_BREAK_SETUP,ON,MED,0.8499999999985448,Pressure building into a wall (break setup),"{""dedupe_key"":""NIFTY|WALL_PRESSURE_BREAK_SETUP|ON|2026-07-20 13:18"",""threshold"":0,""value"":0.8499999999985448,""since_minute_bucket_ist"":"""",""last_updated_ist"":""2026-07-20 13:18:00""}"
2026-07-20 00:00:00,2026-07-20 13:18:00,244,NIFTY,FOMO_BREAKOUT,ON,HIGH,1,FOMO breakout: breakout UP + bullish flow + vol expansion,"{""dedupe_key"":""NIFTY|FOMO_BREAKOUT|ON|2026-07-20 13:18"",""threshold"":1,""value"":1,""since_minute_bucket_ist"":"""",""last_updated_ist"":""2026-07-20 13:18:00""}"
2026-07-20 00:00:00,2026-07-20 13:19:00,245,NIFTY,FLOW_BULLISH_BUILD,OFF,HIGH,0,Bullish build (premium-confirmed writing / support),"{""dedupe_key"":""NIFTY|FLOW_BULLISH_BUILD|OFF|2026-07-20 13:19"",""threshold"":0.005,""value"":0,""since_minute_bucket_ist"":""2026-07-20 13:18"",""last_updated_ist"":""2026-07-20 13:19:00""}"
2026-07-20 00:00:00,2026-07-20 13:19:00,245,NIFTY,REGIME_TREND_UP,OFF,MED,0.0002,Trend UP (slope + direction),"{""dedupe_key"":""NIFTY|REGIME_TREND_UP|OFF|2026-07-20 13:19"",""threshold"":0.0004,""value"":0.0002,""since_minute_bucket_ist"":""2026-07-20 13:16"",""last_updated_ist"":""2026-07-20 13:19:00""}"
2026-07-20 00:00:00,2026-07-20 13:19:00,245,NIFTY,PIN_BREAKOUT_SETUP,OFF,MED,0,Pin breakout setup (wall touch + aligned flow),"{""dedupe_key"":""NIFTY|PIN_BREAKOUT_SETUP|OFF|2026-07-20 13:19"",""threshold"":0,""value"":0,""since_minute_bucket_ist"":""2026-07-20 13:18"",""last_updated_ist"":""2026-07-20 13:19:00""}"
2026-07-20 00:00:00,2026-07-20 13:19:00,245,NIFTY,VOL_EXPANSION,OFF,MED,-0.0059,Volatility expanding (straddle up),"{""dedupe_key"":""NIFTY|VOL_EXPANSION|OFF|2026-07-20 13:19"",""threshold"":0.02,""value"":-0.0059,""since_minute_bucket_ist"":""2026-07-20 13:15"",""last_updated_ist"":""2026-07-20 13:19:00""}"
2026-07-20 00:00:00,2026-07-20 13:19:00,245,NIFTY,WALL_PRESSURE_BREAK_SETUP,OFF,MED,0,Pressure building into a wall (break setup),"{""dedupe_key"":""NIFTY|WALL_PRESSURE_BREAK_SETUP|OFF|2026-07-20 13:19"",""threshold"":0,""value"":0,""since_minute_bucket_ist"":""2026-07-20 13:18"",""last_updated_ist"":""2026-07-20 13:19:00""}"
2026-07-20 00:00:00,2026-07-20 13:19:00,245,NIFTY,FOMO_BREAKOUT,OFF,HIGH,1,FOMO breakout: breakout UP + bullish flow + vol expansion,"{""dedupe_key"":""NIFTY|FOMO_BREAKOUT|OFF|2026-07-20 13:19"",""threshold"":1,""value"":1,""since_minute_bucket_ist"":""2026-07-20 13:18"",""last_updated_ist"":""2026-07-20 13:19:00""}"
2026-07-20 00:00:00,2026-07-20 13:21:00,246,NIFTY,STEALTH_BUILD_BULL,ON,MED,0.0117,"Stealth bullish build (puts build, spot flat)","{""dedupe_key"":""NIFTY|STEALTH_BUILD_BULL|ON|2026-07-20 13:21"",""threshold"":0.008,""value"":0.0117,""since_minute_bucket_ist"":"""",""last_updated_ist"":""2026-07-20 13:21:00""}"
2026-07-20 00:00:00,2026-07-20 13:21:00,247,NIFTY,FLOW_BOTH_BUILDING,ON,MED,0.0057,Both sides building (straddle build) → higher chop risk,"{""dedupe_key"":""NIFTY|FLOW_BOTH_BUILDING|ON|2026-07-20 13:21"",""threshold"":0.005,""value"":0.0057,""since_minute_bucket_ist"":"""",""last_updated_ist"":""2026-07-20 13:21:00""}"
2026-07-20 00:00:00,2026-07-20 13:21:00,247,NIFTY,OPTION_MOMENTUM_CALL,ON,MED,2.25,ATM CALL momentum (ltp up + vol up),"{""dedupe_key"":""NIFTY|OPTION_MOMENTUM_CALL|ON|2026-07-20 13:21"",""threshold"":1.5,""value"":2.25,""since_minute_bucket_ist"":"""",""last_updated_ist"":""2026-07-20 13:21:00""}"
2026-07-20 00:00:00,2026-07-20 13:21:00,247,NIFTY,STEALTH_BUILD_BULL,OFF,MED,0.0057,"Stealth bullish build (puts build, spot flat)","{""dedupe_key"":""NIFTY|STEALTH_BUILD_BULL|OFF|2026-07-20 13:21"",""threshold"":0.008,""value"":0.0057,""since_minute_bucket_ist"":""2026-07-20 13:21"",""last_updated_ist"":""2026-07-20 13:21:00""}"
2026-07-20 00:00:00,2026-07-20 13:22:00,248,NIFTY,FLOW_BOTH_BUILDING,OFF,MED,0,Both sides building (straddle build) → higher chop risk,"{""dedupe_key"":""NIFTY|FLOW_BOTH_BUILDING|OFF|2026-07-20 13:22"",""threshold"":0.005,""value"":0,""since_minute_bucket_ist"":""2026-07-20 13:21"",""last_updated_ist"":""2026-07-20 13:22:00""}"
2026-07-20 00:00:00,2026-07-20 13:22:00,248,NIFTY,OPTION_MOMENTUM_CALL,OFF,MED,1.45,ATM CALL momentum (ltp up + vol up),"{""dedupe_key"":""NIFTY|OPTION_MOMENTUM_CALL|OFF|2026-07-20 13:22"",""threshold"":1.5,""value"":1.45,""since_minute_bucket_ist"":""2026-07-20 13:21"",""last_updated_ist"":""2026-07-20 13:22:00""}"
2026-07-20 00:00:00,2026-07-20 13:22:00,248,NIFTY,WALL_UNWIND_CONFIRM_UP,OFF,MED,0.01,Call wall OI unwinding (5m),"{""dedupe_key"":""NIFTY|WALL_UNWIND_CONFIRM_UP|OFF|2026-07-20 13:22"",""threshold"":-0.006,""value"":0.01,""since_minute_bucket_ist"":""2026-07-20 13:14"",""last_updated_ist"":""2026-07-20 13:22:00""}"
2026-07-20 00:00:00,2026-07-20 13:23:00,249,NIFTY,REGIME_TREND_UP,ON,MED,0.0007,Trend UP (slope + direction),"{""dedupe_key"":""NIFTY|REGIME_TREND_UP|ON|2026-07-20 13:23"",""threshold"":0.0004,""value"":0.0007,""since_minute_bucket_ist"":"""",""last_updated_ist"":""2026-07-20 13:23:00""}"
2026-07-20 00:00:00,2026-07-20 13:23:00,249,NIFTY,REGIME_BREAKOUT_UP,OFF,HIGH,0,Breakout UP (held above call wall),"{""dedupe_key"":""NIFTY|REGIME_BREAKOUT_UP|OFF|2026-07-20 13:23"",""threshold"":2,""value"":0,""since_minute_bucket_ist"":""2026-07-20 13:15"",""last_updated_ist"":""2026-07-20 13:23:00""}"
2026-07-20 00:00:00,2026-07-20 13:23:00,249,NIFTY,EXP_RANGE_BREAKOUT_WATCH_UP,ON,MED,24234.95,Expected-range watch UP,"{""dedupe_key"":""NIFTY|EXP_RANGE_BREAKOUT_WATCH_UP|ON|2026-07-20 13:23"",""threshold"":24231.92,""value"":24234.95,""since_minute_bucket_ist"":"""",""last_updated_ist"":""2026-07-20 13:23:00""}"
2026-07-20 00:00:00,2026-07-20 13:23:00,249,NIFTY,VOL_EXPANSION,ON,MED,0.0105,Volatility expanding (straddle up),"{""dedupe_key"":""NIFTY|VOL_EXPANSION|ON|2026-07-20 13:23"",""threshold"":0.02,""value"":0.0105,""since_minute_bucket_ist"":"""",""last_updated_ist"":""2026-07-20 13:23:00""}"
2026-07-20 00:00:00,2026-07-20 13:23:00,249,NIFTY,OPTION_MOMENTUM_CALL,ON,MED,9.8,ATM CALL momentum (ltp up + vol up),"{""dedupe_key"":""NIFTY|OPTION_MOMENTUM_CALL|ON|2026-07-20 13:23"",""threshold"":1.5,""value"":9.8,""since_minute_bucket_ist"":"""",""last_updated_ist"":""2026-07-20 13:23:00""}"
2026-07-20 00:00:00,2026-07-20 13:23:00,249,NIFTY,WALL_SHIFT_REGIME,ON,MED,1,Wall strike shifted materially (>= 1 step),"{""dedupe_key"":""NIFTY|WALL_SHIFT_REGIME|ON|2026-07-20 13:23"",""threshold"":1,""value"":1,""since_minute_bucket_ist"":"""",""last_updated_ist"":""2026-07-20 13:23:00""}"
2026-07-20 00:00:00,2026-07-20 13:24:00,250,NIFTY,REGIME_TREND_UP,OFF,MED,0.0006,Trend UP (slope + direction),"{""dedupe_key"":""NIFTY|REGIME_TREND_UP|OFF|2026-07-20 13:24"",""threshold"":0.0004,""value"":0.0006,""since_minute_bucket_ist"":""2026-07-20 13:23"",""last_updated_ist"":""2026-07-20 13:24:00""}"
2026-07-20 00:00:00,2026-07-20 13:24:00,250,NIFTY,REGIME_TRANSITION_UNCERTAIN,ON,LOW,1,Transition/uncertain regime,"{""dedupe_key"":""NIFTY|REGIME_TRANSITION_UNCERTAIN|ON|2026-07-20 13:24"",""threshold"":1,""value"":1,""since_minute_bucket_ist"":"""",""last_updated_ist"":""2026-07-20 13:24:00""}"
2026-07-20 00:00:00,2026-07-20 13:24:00,250,NIFTY,EXP_RANGE_BREAKOUT_CONFIRMED_UP,ON,HIGH,2,Expected-range breakout CONFIRMED UP,"{""dedupe_key"":""NIFTY|EXP_RANGE_BREAKOUT_CONFIRMED_UP|ON|2026-07-20 13:24"",""threshold"":2,""value"":2,""since_minute_bucket_ist"":"""",""last_updated_ist"":""2026-07-20 13:24:00""}"
2026-07-20 00:00:00,2026-07-20 13:24:00,250,NIFTY,VOL_EXPANSION,OFF,MED,0.0122,Volatility expanding (straddle up),"{""dedupe_key"":""NIFTY|VOL_EXPANSION|OFF|2026-07-20 13:24"",""threshold"":0.02,""value"":0.0122,""since_minute_bucket_ist"":""2026-07-20 13:23"",""last_updated_ist"":""2026-07-20 13:24:00""}"
2026-07-20 00:00:00,2026-07-20 13:24:00,250,NIFTY,OPTION_MOMENTUM_CALL,OFF,MED,-0.3,ATM CALL momentum (ltp up + vol up),"{""dedupe_key"":""NIFTY|OPTION_MOMENTUM_CALL|OFF|2026-07-20 13:24"",""threshold"":1.5,""value"":-0.3,""since_minute_bucket_ist"":""2026-07-20 13:23"",""last_updated_ist"":""2026-07-20 13:24:00""}"
2026-07-20 00:00:00,2026-07-20 13:24:00,250,NIFTY,WALL_SHIFT_REGIME,OFF,MED,1,Wall strike shifted materially (>= 1 step),"{""dedupe_key"":""NIFTY|WALL_SHIFT_REGIME|OFF|2026-07-20 13:24"",""threshold"":1,""value"":1,""since_minute_bucket_ist"":""2026-07-20 13:23"",""last_updated_ist"":""2026-07-20 13:24:00""}"
2026-07-20 00:00:00,2026-07-20 13:25:00,251,NIFTY,FLOW_BULLISH_BUILD,ON,HIGH,0.0093,Bullish build (premium-confirmed writing / support),"{""dedupe_key"":""NIFTY|FLOW_BULLISH_BUILD|ON|2026-07-20 13:25"",""threshold"":0.005,""value"":0.0093,""since_minute_bucket_ist"":"""",""last_updated_ist"":""2026-07-20 13:25:00""}"
2026-07-20 00:00:00,2026-07-20 13:25:00,251,NIFTY,EXP_RANGE_BREAKOUT_WATCH_UP,OFF,MED,24230.8,Expected-range watch UP,"{""dedupe_key"":""NIFTY|EXP_RANGE_BREAKOUT_WATCH_UP|OFF|2026-07-20 13:25"",""threshold"":24231.52,""value"":24230.8,""since_minute_bucket_ist"":""2026-07-20 13:23"",""last_updated_ist"":""2026-07-20 13:25:00""}"
2026-07-20 00:00:00,2026-07-20 13:25:00,251,NIFTY,EXP_RANGE_BREAKOUT_CONFIRMED_UP,OFF,HIGH,0,Expected-range breakout CONFIRMED UP,"{""dedupe_key"":""NIFTY|EXP_RANGE_BREAKOUT_CONFIRMED_UP|OFF|2026-07-20 13:25"",""threshold"":2,""value"":0,""since_minute_bucket_ist"":""2026-07-20 13:24"",""last_updated_ist"":""2026-07-20 13:25:00""}"
2026-07-20 00:00:00,2026-07-20 13:25:00,251,NIFTY,STEALTH_BUILD_BULL,ON,MED,0.0093,"Stealth bullish build (puts build, spot flat)","{""dedupe_key"":""NIFTY|STEALTH_BUILD_BULL|ON|2026-07-20 13:25"",""threshold"":0.008,""value"":0.0093,""since_minute_bucket_ist"":"""",""last_updated_ist"":""2026-07-20 13:25:00""}"
2026-07-20 00:00:00,2026-07-20 13:26:00,252,NIFTY,REGIME_TREND_UP,ON,MED,0.0005,Trend UP (slope + direction),"{""dedupe_key"":""NIFTY|REGIME_TREND_UP|ON|2026-07-20 13:26"",""threshold"":0.0004,""value"":0.0005,""since_minute_bucket_ist"":"""",""last_updated_ist"":""2026-07-20 13:26:00""}"
2026-07-20 00:00:00,2026-07-20 13:26:00,252,NIFTY,REGIME_TRANSITION_UNCERTAIN,OFF,LOW,1,Transition/uncertain regime,"{""dedupe_key"":""NIFTY|REGIME_TRANSITION_UNCERTAIN|OFF|2026-07-20 13:26"",""threshold"":1,""value"":1,""since_minute_bucket_ist"":""2026-07-20 13:24"",""last_updated_ist"":""2026-07-20 13:26:00""}"
2026-07-20 00:00:00,2026-07-20 13:26:00,252,NIFTY,TAIL_RISK_SKEW_LOW,OFF,LOW,0.56,Tail-risk skew low (PCR_COI low),"{""dedupe_key"":""NIFTY|TAIL_RISK_SKEW_LOW|OFF|2026-07-20 13:26"",""threshold"":0.55,""value"":0.56,""since_minute_bucket_ist"":""2026-07-20 11:56"",""last_updated_ist"":""2026-07-20 13:26:00""}"
2026-07-20 00:00:00,2026-07-20 13:27:00,253,NIFTY,FLOW_BULLISH_BUILD,OFF,HIGH,0,Bullish build (premium-confirmed writing / support),"{""dedupe_key"":""NIFTY|FLOW_BULLISH_BUILD|OFF|2026-07-20 13:27"",""threshold"":0.005,""value"":0,""since_minute_bucket_ist"":""2026-07-20 13:25"",""last_updated_ist"":""2026-07-20 13:27:00""}"
2026-07-20 00:00:00,2026-07-20 13:27:00,253,NIFTY,PIN_BASIC,OFF,LOW,37.5,Spot near a local wall (pin zone),"{""dedupe_key"":""NIFTY|PIN_BASIC|OFF|2026-07-20 13:27"",""threshold"":37.5,""value"":37.5,""since_minute_bucket_ist"":""2026-07-20 12:55"",""last_updated_ist"":""2026-07-20 13:27:00""}"
2026-07-20 00:00:00,2026-07-20 13:27:00,253,NIFTY,EXP_RANGE_BREAKOUT_WATCH_UP,ON,MED,24240.7,Expected-range watch UP,"{""dedupe_key"":""NIFTY|EXP_RANGE_BREAKOUT_WATCH_UP|ON|2026-07-20 13:27"",""threshold"":24236.51,""value"":24240.7,""since_minute_bucket_ist"":"""",""last_updated_ist"":""2026-07-20 13:27:00""}"
2026-07-20 00:00:00,2026-07-20 13:27:00,253,NIFTY,VOL_EXPANSION,ON,MED,-0.0015,Volatility expanding (straddle up),"{""dedupe_key"":""NIFTY|VOL_EXPANSION|ON|2026-07-20 13:27"",""threshold"":0.02,""value"":-0.0015,""since_minute_bucket_ist"":"""",""last_updated_ist"":""2026-07-20 13:27:00""}"
2026-07-20 00:00:00,2026-07-20 13:27:00,253,NIFTY,OPTION_MOMENTUM_CALL,ON,MED,6.15,ATM CALL momentum (ltp up + vol up),"{""dedupe_key"":""NIFTY|OPTION_MOMENTUM_CALL|ON|2026-07-20 13:27"",""threshold"":1.5,""value"":6.15,""since_minute_bucket_ist"":"""",""last_updated_ist"":""2026-07-20 13:27:00""}"
2026-07-20 00:00:00,2026-07-20 13:27:00,253,NIFTY,STEALTH_BUILD_BULL,OFF,MED,0,"Stealth bullish build (puts build, spot flat)","{""dedupe_key"":""NIFTY|STEALTH_BUILD_BULL|OFF|2026-07-20 13:27"",""threshold"":0.008,""value"":0,""since_minute_bucket_ist"":""2026-07-20 13:25"",""last_updated_ist"":""2026-07-20 13:27:00""}"
2026-07-20 00:00:00,2026-07-20 13:28:00,254,NIFTY,REGIME_TREND_UP,OFF,MED,0.0004,Trend UP (slope + direction),"{""dedupe_key"":""NIFTY|REGIME_TREND_UP|OFF|2026-07-20 13:28"",""threshold"":0.0004,""value"":0.0004,""since_minute_bucket_ist"":""2026-07-20 13:26"",""last_updated_ist"":""2026-07-20 13:28:00""}"
2026-07-20 00:00:00,2026-07-20 13:28:00,254,NIFTY,REGIME_TRANSITION_UNCERTAIN,ON,LOW,1,Transition/uncertain regime,"{""dedupe_key"":""NIFTY|REGIME_TRANSITION_UNCERTAIN|ON|2026-07-20 13:28"",""threshold"":1,""value"":1,""since_minute_bucket_ist"":"""",""last_updated_ist"":""2026-07-20 13:28:00""}"
2026-07-20 00:00:00,2026-07-20 13:28:00,254,NIFTY,EXP_RANGE_BREAKOUT_CONFIRMED_UP,ON,HIGH,2,Expected-range breakout CONFIRMED UP,"{""dedupe_key"":""NIFTY|EXP_RANGE_BREAKOUT_CONFIRMED_UP|ON|2026-07-20 13:28"",""threshold"":2,""value"":2,""since_minute_bucket_ist"":"""",""last_updated_ist"":""2026-07-20 13:28:00""}"
2026-07-20 00:00:00,2026-07-20 13:28:00,254,NIFTY,VOL_EXPANSION,OFF,MED,-0.0083,Volatility expanding (straddle up),"{""dedupe_key"":""NIFTY|VOL_EXPANSION|OFF|2026-07-20 13:28"",""threshold"":0.02,""value"":-0.0083,""since_minute_bucket_ist"":""2026-07-20 13:27"",""last_updated_ist"":""2026-07-20 13:28:00""}"
2026-07-20 00:00:00,2026-07-20 13:28:00,254,NIFTY,OPTION_MOMENTUM_CALL,OFF,MED,-2.35,ATM CALL momentum (ltp up + vol up),"{""dedupe_key"":""NIFTY|OPTION_MOMENTUM_CALL|OFF|2026-07-20 13:28"",""threshold"":1.5,""value"":-2.35,""since_minute_bucket_ist"":""2026-07-20 13:27"",""last_updated_ist"":""2026-07-20 13:28:00""}"
2026-07-20 00:00:00,2026-07-20 13:28:00,254,NIFTY,WALL_UNWIND_CONFIRM_UP,ON,MED,-0.0103,Call wall OI unwinding (5m),"{""dedupe_key"":""NIFTY|WALL_UNWIND_CONFIRM_UP|ON|2026-07-20 13:28"",""threshold"":-0.006,""value"":-0.0103,""since_minute_bucket_ist"":"""",""last_updated_ist"":""2026-07-20 13:28:00""}"
2026-07-20 00:00:00,2026-07-20 13:29:00,255,NIFTY,EXP_RANGE_BREAKOUT_WATCH_UP,OFF,MED,24240.25,Expected-range watch UP,"{""dedupe_key"":""NIFTY|EXP_RANGE_BREAKOUT_WATCH_UP|OFF|2026-07-20 13:29"",""threshold"":24242.02,""value"":24240.25,""since_minute_bucket_ist"":""2026-07-20 13:27"",""last_updated_ist"":""2026-07-20 13:29:00""}"
2026-07-20 00:00:00,2026-07-20 13:29:00,255,NIFTY,EXP_RANGE_BREAKOUT_CONFIRMED_UP,OFF,HIGH,0,Expected-range breakout CONFIRMED UP,"{""dedupe_key"":""NIFTY|EXP_RANGE_BREAKOUT_CONFIRMED_UP|OFF|2026-07-20 13:29"",""threshold"":2,""value"":0,""since_minute_bucket_ist"":""2026-07-20 13:28"",""last_updated_ist"":""2026-07-20 13:29:00""}"
2026-07-20 00:00:00,2026-07-20 13:29:00,255,NIFTY,OPTION_MOMENTUM_CALL,ON,MED,2.5,ATM CALL momentum (ltp up + vol up),"{""dedupe_key"":""NIFTY|OPTION_MOMENTUM_CALL|ON|2026-07-20 13:29"",""threshold"":1.5,""value"":2.5,""since_minute_bucket_ist"":"""",""last_updated_ist"":""2026-07-20 13:29:00""}"
2026-07-20 00:00:00,2026-07-20 13:29:00,255,NIFTY,WALL_UNWIND_CONFIRM_UP,OFF,MED,-0.0027,Call wall OI unwinding (5m),"{""dedupe_key"":""NIFTY|WALL_UNWIND_CONFIRM_UP|OFF|2026-07-20 13:29"",""threshold"":-0.006,""value"":-0.0027,""since_minute_bucket_ist"":""2026-07-20 13:28"",""last_updated_ist"":""2026-07-20 13:29:00""}"
2026-07-20 00:00:00,2026-07-20 13:30:00,256,NIFTY,FLOW_BULLISH_BUILD,ON,HIGH,0.009,Bullish build (premium-confirmed writing / support),"{""dedupe_key"":""NIFTY|FLOW_BULLISH_BUILD|ON|2026-07-20 13:30"",""threshold"":0.005,""value"":0.009,""since_minute_bucket_ist"":"""",""last_updated_ist"":""2026-07-20 13:30:00""}"
2026-07-20 00:00:00,2026-07-20 13:30:00,256,NIFTY,REGIME_TREND_UP,ON,MED,0.0005,Trend UP (slope + direction),"{""dedupe_key"":""NIFTY|REGIME_TREND_UP|ON|2026-07-20 13:30"",""threshold"":0.0004,""value"":0.0005,""since_minute_bucket_ist"":"""",""last_updated_ist"":""2026-07-20 13:30:00""}"
2026-07-20 00:00:00,2026-07-20 13:30:00,256,NIFTY,REGIME_TRANSITION_UNCERTAIN,OFF,LOW,1,Transition/uncertain regime,"{""dedupe_key"":""NIFTY|REGIME_TRANSITION_UNCERTAIN|OFF|2026-07-20 13:30"",""threshold"":1,""value"":1,""since_minute_bucket_ist"":""2026-07-20 13:28"",""last_updated_ist"":""2026-07-20 13:30:00""}"
2026-07-20 00:00:00,2026-07-20 13:30:00,256,NIFTY,OPTION_MOMENTUM_CALL,OFF,MED,-0.7,ATM CALL momentum (ltp up + vol up),"{""dedupe_key"":""NIFTY|OPTION_MOMENTUM_CALL|OFF|2026-07-20 13:30"",""threshold"":1.5,""value"":-0.7,""since_minute_bucket_ist"":""2026-07-20 13:29"",""last_updated_ist"":""2026-07-20 13:30:00""}"
2026-07-20 00:00:00,2026-07-20 13:30:00,256,NIFTY,CHURN_COMMITTED,ON,MED,0.0001,Price move + aligned flow (committed),"{""dedupe_key"":""NIFTY|CHURN_COMMITTED|ON|2026-07-20 13:30"",""threshold"":0.0001,""value"":0.0001,""since_minute_bucket_ist"":"""",""last_updated_ist"":""2026-07-20 13:30:00""}"
2026-07-20 00:00:00,2026-07-20 13:30:00,256,NIFTY,STEALTH_BUILD_BULL,ON,MED,0.009,"Stealth bullish build (puts build, spot flat)","{""dedupe_key"":""NIFTY|STEALTH_BUILD_BULL|ON|2026-07-20 13:30"",""threshold"":0.008,""value"":0.009,""since_minute_bucket_ist"":"""",""last_updated_ist"":""2026-07-20 13:30:00""}"
2026-07-20 00:00:00,2026-07-20 13:31:00,257,NIFTY,FLOW_BULLISH_BUILD,OFF,HIGH,0.0043,Bullish build (premium-confirmed writing / support),"{""dedupe_key"":""NIFTY|FLOW_BULLISH_BUILD|OFF|2026-07-20 13:31"",""threshold"":0.005,""value"":0.0043,""since_minute_bucket_ist"":""2026-07-20 13:30"",""last_updated_ist"":""2026-07-20 13:31:00""}"
2026-07-20 00:00:00,2026-07-20 13:31:00,257,NIFTY,REGIME_TREND_UP,OFF,MED,0.0003,Trend UP (slope + direction),"{""dedupe_key"":""NIFTY|REGIME_TREND_UP|OFF|2026-07-20 13:31"",""threshold"":0.0004,""value"":0.0003,""since_minute_bucket_ist"":""2026-07-20 13:30"",""last_updated_ist"":""2026-07-20 13:31:00""}"
2026-07-20 00:00:00,2026-07-20 13:31:00,257,NIFTY,REGIME_TRANSITION_UNCERTAIN,ON,LOW,1,Transition/uncertain regime,"{""dedupe_key"":""NIFTY|REGIME_TRANSITION_UNCERTAIN|ON|2026-07-20 13:31"",""threshold"":1,""value"":1,""since_minute_bucket_ist"":"""",""last_updated_ist"":""2026-07-20 13:31:00""}"
2026-07-20 00:00:00,2026-07-20 13:31:00,257,NIFTY,PIN_BASIC,ON,LOW,37.5,Spot near a local wall (pin zone),"{""dedupe_key"":""NIFTY|PIN_BASIC|ON|2026-07-20 13:31"",""threshold"":37.5,""value"":37.5,""since_minute_bucket_ist"":"""",""last_updated_ist"":""2026-07-20 13:31:00""}"
2026-07-20 00:00:00,2026-07-20 13:31:00,257,NIFTY,VOL_CONTRACTION,ON,LOW,-0.0123,Volatility contracting (straddle down),"{""dedupe_key"":""NIFTY|VOL_CONTRACTION|ON|2026-07-20 13:31"",""threshold"":-0.03,""value"":-0.0123,""since_minute_bucket_ist"":"""",""last_updated_ist"":""2026-07-20 13:31:00""}"
2026-07-20 00:00:00,2026-07-20 13:31:00,257,NIFTY,OPTION_MOMENTUM_PUT,ON,MED,1.75,ATM PUT momentum (ltp up + vol up),"{""dedupe_key"":""NIFTY|OPTION_MOMENTUM_PUT|ON|2026-07-20 13:31"",""threshold"":1.5,""value"":1.75,""since_minute_bucket_ist"":"""",""last_updated_ist"":""2026-07-20 13:31:00""}"
2026-07-20 00:00:00,2026-07-20 13:31:00,257,NIFTY,CHURN_COMMITTED,OFF,MED,-0.0003,Price move + aligned flow (committed),"{""dedupe_key"":""NIFTY|CHURN_COMMITTED|OFF|2026-07-20 13:31"",""threshold"":0.0001,""value"":-0.0003,""since_minute_bucket_ist"":""2026-07-20 13:30"",""last_updated_ist"":""2026-07-20 13:31:00""}"
2026-07-20 00:00:00,2026-07-20 13:31:00,257,NIFTY,STEALTH_BUILD_BULL,OFF,MED,0.0043,"Stealth bullish build (puts build, spot flat)","{""dedupe_key"":""NIFTY|STEALTH_BUILD_BULL|OFF|2026-07-20 13:31"",""threshold"":0.008,""value"":0.0043,""since_minute_bucket_ist"":""2026-07-20 13:30"",""last_updated_ist"":""2026-07-20 13:31:00""}"
2026-07-20 00:00:00,2026-07-20 13:32:00,258,NIFTY,FLOW_BULLISH_BUILD,ON,HIGH,0.0084,Bullish build (premium-confirmed writing / support),"{""dedupe_key"":""NIFTY|FLOW_BULLISH_BUILD|ON|2026-07-20 13:32"",""threshold"":0.005,""value"":0.0084,""since_minute_bucket_ist"":"""",""last_updated_ist"":""2026-07-20 13:32:00""}"
2026-07-20 00:00:00,2026-07-20 13:32:00,258,NIFTY,REGIME_RANGE_PIN,ON,LOW,0.0002,Range / pin (inside local walls),"{""dedupe_key"":""NIFTY|REGIME_RANGE_PIN|ON|2026-07-20 13:32"",""threshold"":0.0004,""value"":0.0002,""since_minute_bucket_ist"":"""",""last_updated_ist"":""2026-07-20 13:32:00""}"
2026-07-20 00:00:00,2026-07-20 13:32:00,258,NIFTY,REGIME_TRANSITION_UNCERTAIN,OFF,LOW,1,Transition/uncertain regime,"{""dedupe_key"":""NIFTY|REGIME_TRANSITION_UNCERTAIN|OFF|2026-07-20 13:32"",""threshold"":1,""value"":1,""since_minute_bucket_ist"":""2026-07-20 13:31"",""last_updated_ist"":""2026-07-20 13:32:00""}"
2026-07-20 00:00:00,2026-07-20 13:32:00,258,NIFTY,OPTION_MOMENTUM_PUT,OFF,MED,-0.45,ATM PUT momentum (ltp up + vol up),"{""dedupe_key"":""NIFTY|OPTION_MOMENTUM_PUT|OFF|2026-07-20 13:32"",""threshold"":1.5,""value"":-0.45,""since_minute_bucket_ist"":""2026-07-20 13:31"",""last_updated_ist"":""2026-07-20 13:32:00""}"
2026-07-20 00:00:00,2026-07-20 13:32:00,258,NIFTY,WALL_UNWIND_CONFIRM_UP,ON,MED,-0.015,Call wall OI unwinding (5m),"{""dedupe_key"":""NIFTY|WALL_UNWIND_CONFIRM_UP|ON|2026-07-20 13:32"",""threshold"":-0.006,""value"":-0.015,""since_minute_bucket_ist"":"""",""last_updated_ist"":""2026-07-20 13:32:00""}"
2026-07-20 00:00:00,2026-07-20 13:32:00,258,NIFTY,STEALTH_BUILD_BULL,ON,MED,0.0084,"Stealth bullish build (puts build, spot flat)","{""dedupe_key"":""NIFTY|STEALTH_BUILD_BULL|ON|2026-07-20 13:32"",""threshold"":0.008,""value"":0.0084,""since_minute_bucket_ist"":"""",""last_updated_ist"":""2026-07-20 13:32:00""}"
2026-07-20 00:00:00,2026-07-20 13:33:00,259,NIFTY,REGIME_RANGE_PIN,OFF,LOW,0.0002,Range / pin (inside local walls),"{""dedupe_key"":""NIFTY|REGIME_RANGE_PIN|OFF|2026-07-20 13:33"",""threshold"":0.0004,""value"":0.0002,""since_minute_bucket_ist"":""2026-07-20 13:32"",""last_updated_ist"":""2026-07-20 13:33:00""}"
2026-07-20 00:00:00,2026-07-20 13:33:00,259,NIFTY,REGIME_TRANSITION_UNCERTAIN,ON,LOW,1,Transition/uncertain regime,"{""dedupe_key"":""NIFTY|REGIME_TRANSITION_UNCERTAIN|ON|2026-07-20 13:33"",""threshold"":1,""value"":1,""since_minute_bucket_ist"":"""",""last_updated_ist"":""2026-07-20 13:33:00""}"
2026-07-20 00:00:00,2026-07-20 13:33:00,259,NIFTY,STEALTH_BUILD_BULL,OFF,MED,0.0028,"Stealth bullish build (puts build, spot flat)","{""dedupe_key"":""NIFTY|STEALTH_BUILD_BULL|OFF|2026-07-20 13:33"",""threshold"":0.008,""value"":0.0028,""since_minute_bucket_ist"":""2026-07-20 13:32"",""last_updated_ist"":""2026-07-20 13:33:00""}"
2026-07-20 00:00:00,2026-07-20 13:34:00,260,NIFTY,FLOW_BOTH_BUILDING,ON,MED,0.0062,Both sides building (straddle build) → higher chop risk,"{""dedupe_key"":""NIFTY|FLOW_BOTH_BUILDING|ON|2026-07-20 13:34"",""threshold"":0.005,""value"":0.0062,""since_minute_bucket_ist"":"""",""last_updated_ist"":""2026-07-20 13:34:00""}"
2026-07-20 00:00:00,2026-07-20 13:34:00,260,NIFTY,FLOW_BULLISH_BUILD,OFF,HIGH,0.0117,Bullish build (premium-confirmed writing / support),"{""dedupe_key"":""NIFTY|FLOW_BULLISH_BUILD|OFF|2026-07-20 13:34"",""threshold"":0.005,""value"":0.0117,""since_minute_bucket_ist"":""2026-07-20 13:32"",""last_updated_ist"":""2026-07-20 13:34:00""}"
2026-07-20 00:00:00,2026-07-20 13:34:00,260,NIFTY,REGIME_RANGE_PIN,ON,LOW,0.0002,Range / pin (inside local walls),"{""dedupe_key"":""NIFTY|REGIME_RANGE_PIN|ON|2026-07-20 13:34"",""threshold"":0.0004,""value"":0.0002,""since_minute_bucket_ist"":"""",""last_updated_ist"":""2026-07-20 13:34:00""}"
2026-07-20 00:00:00,2026-07-20 13:34:00,260,NIFTY,REGIME_TRANSITION_UNCERTAIN,OFF,LOW,1,Transition/uncertain regime,"{""dedupe_key"":""NIFTY|REGIME_TRANSITION_UNCERTAIN|OFF|2026-07-20 13:34"",""threshold"":1,""value"":1,""since_minute_bucket_ist"":""2026-07-20 13:33"",""last_updated_ist"":""2026-07-20 13:34:00""}"
2026-07-20 00:00:00,2026-07-20 13:34:00,260,NIFTY,PIN_BASIC,OFF,LOW,37.5,Spot near a local wall (pin zone),"{""dedupe_key"":""NIFTY|PIN_BASIC|OFF|2026-07-20 13:34"",""threshold"":37.5,""value"":37.5,""since_minute_bucket_ist"":""2026-07-20 13:31"",""last_updated_ist"":""2026-07-20 13:34:00""}"
2026-07-20 00:00:00,2026-07-20 13:34:00,260,NIFTY,WALL_UNWIND_CONFIRM_UP,OFF,MED,0.0076,Call wall OI unwinding (5m),"{""dedupe_key"":""NIFTY|WALL_UNWIND_CONFIRM_UP|OFF|2026-07-20 13:34"",""threshold"":-0.006,""value"":0.0076,""since_minute_bucket_ist"":""2026-07-20 13:32"",""last_updated_ist"":""2026-07-20 13:34:00""}"
2026-07-20 00:00:00,2026-07-20 13:35:00,261,NIFTY,FLOW_BOTH_BUILDING,OFF,MED,0.0029,Both sides building (straddle build) → higher chop risk,"{""dedupe_key"":""NIFTY|FLOW_BOTH_BUILDING|OFF|2026-07-20 13:35"",""threshold"":0.005,""value"":0.0029,""since_minute_bucket_ist"":""2026-07-20 13:34"",""last_updated_ist"":""2026-07-20 13:35:00""}"
2026-07-20 00:00:00,2026-07-20 13:36:00,262,NIFTY,REGIME_RANGE_PIN,OFF,LOW,0.0001,Range / pin (inside local walls),"{""dedupe_key"":""NIFTY|REGIME_RANGE_PIN|OFF|2026-07-20 13:36"",""threshold"":0.0004,""value"":0.0001,""since_minute_bucket_ist"":""2026-07-20 13:34"",""last_updated_ist"":""2026-07-20 13:36:00""}"
2026-07-20 00:00:00,2026-07-20 13:36:00,262,NIFTY,REGIME_TRANSITION_UNCERTAIN,ON,LOW,1,Transition/uncertain regime,"{""dedupe_key"":""NIFTY|REGIME_TRANSITION_UNCERTAIN|ON|2026-07-20 13:36"",""threshold"":1,""value"":1,""since_minute_bucket_ist"":"""",""last_updated_ist"":""2026-07-20 13:36:00""}"
2026-07-20 00:00:00,2026-07-20 13:36:00,262,NIFTY,VOL_CONTRACTION,OFF,LOW,-0.0028,Volatility contracting (straddle down),"{""dedupe_key"":""NIFTY|VOL_CONTRACTION|OFF|2026-07-20 13:36"",""threshold"":-0.03,""value"":-0.0028,""since_minute_bucket_ist"":""2026-07-20 13:31"",""last_updated_ist"":""2026-07-20 13:36:00""}"
2026-07-20 00:00:00,2026-07-20 13:36:00,262,NIFTY,OPTION_MOMENTUM_CALL,ON,MED,2.4,ATM CALL momentum (ltp up + vol up),"{""dedupe_key"":""NIFTY|OPTION_MOMENTUM_CALL|ON|2026-07-20 13:36"",""threshold"":1.5,""value"":2.4,""since_minute_bucket_ist"":"""",""last_updated_ist"":""2026-07-20 13:36:00""}"
2026-07-20 00:00:00,2026-07-20 13:37:00,263,NIFTY,REGIME_RANGE_PIN,ON,LOW,0.0001,Range / pin (inside local walls),"{""dedupe_key"":""NIFTY|REGIME_RANGE_PIN|ON|2026-07-20 13:37"",""threshold"":0.0004,""value"":0.0001,""since_minute_bucket_ist"":"""",""last_updated_ist"":""2026-07-20 13:37:00""}"
2026-07-20 00:00:00,2026-07-20 13:37:00,263,NIFTY,REGIME_TRANSITION_UNCERTAIN,OFF,LOW,1,Transition/uncertain regime,"{""dedupe_key"":""NIFTY|REGIME_TRANSITION_UNCERTAIN|OFF|2026-07-20 13:37"",""threshold"":1,""value"":1,""since_minute_bucket_ist"":""2026-07-20 13:36"",""last_updated_ist"":""2026-07-20 13:37:00""}"
2026-07-20 00:00:00,2026-07-20 13:37:00,263,NIFTY,VOL_CONTRACTION,ON,LOW,-0.0078,Volatility contracting (straddle down),"{""dedupe_key"":""NIFTY|VOL_CONTRACTION|ON|2026-07-20 13:37"",""threshold"":-0.03,""value"":-0.0078,""since_minute_bucket_ist"":"""",""last_updated_ist"":""2026-07-20 13:37:00""}"
2026-07-20 00:00:00,2026-07-20 13:37:00,263,NIFTY,OPTION_MOMENTUM_CALL,OFF,MED,-3.95,ATM CALL momentum (ltp up + vol up),"{""dedupe_key"":""NIFTY|OPTION_MOMENTUM_CALL|OFF|2026-07-20 13:37"",""threshold"":1.5,""value"":-3.95,""since_minute_bucket_ist"":""2026-07-20 13:36"",""last_updated_ist"":""2026-07-20 13:37:00""}"
2026-07-20 00:00:00,2026-07-20 13:37:00,263,NIFTY,OPTION_MOMENTUM_PUT,ON,MED,2.7,ATM PUT momentum (ltp up + vol up),"{""dedupe_key"":""NIFTY|OPTION_MOMENTUM_PUT|ON|2026-07-20 13:37"",""threshold"":1.5,""value"":2.7,""since_minute_bucket_ist"":"""",""last_updated_ist"":""2026-07-20 13:37:00""}"
2026-07-20 00:00:00,2026-07-20 13:38:00,264,NIFTY,OPTION_MOMENTUM_PUT,OFF,MED,0,ATM PUT momentum (ltp up + vol up),"{""dedupe_key"":""NIFTY|OPTION_MOMENTUM_PUT|OFF|2026-07-20 13:38"",""threshold"":1.5,""value"":0,""since_minute_bucket_ist"":""2026-07-20 13:37"",""last_updated_ist"":""2026-07-20 13:38:00""}"
2026-07-20 00:00:00,2026-07-20 13:39:00,265,NIFTY,FLOW_BULLISH_BUILD,ON,HIGH,0.0068,Bullish build (premium-confirmed writing / support),"{""dedupe_key"":""NIFTY|FLOW_BULLISH_BUILD|ON|2026-07-20 13:39"",""threshold"":0.005,""value"":0.0068,""since_minute_bucket_ist"":"""",""last_updated_ist"":""2026-07-20 13:39:00""}"
2026-07-20 00:00:00,2026-07-20 13:40:00,266,NIFTY,FLOW_BULLISH_BUILD,OFF,HIGH,0.0037,Bullish build (premium-confirmed writing / support),"{""dedupe_key"":""NIFTY|FLOW_BULLISH_BUILD|OFF|2026-07-20 13:40"",""threshold"":0.005,""value"":0.0037,""since_minute_bucket_ist"":""2026-07-20 13:39"",""last_updated_ist"":""2026-07-20 13:40:00""}"
2026-07-20 00:00:00,2026-07-20 13:41:00,267,NIFTY,REGIME_RANGE_PIN,OFF,LOW,0.0001,Range / pin (inside local walls),"{""dedupe_key"":""NIFTY|REGIME_RANGE_PIN|OFF|2026-07-20 13:41"",""threshold"":0.0004,""value"":0.0001,""since_minute_bucket_ist"":""2026-07-20 13:37"",""last_updated_ist"":""2026-07-20 13:41:00""}"
2026-07-20 00:00:00,2026-07-20 13:41:00,267,NIFTY,REGIME_TRANSITION_UNCERTAIN,ON,LOW,1,Transition/uncertain regime,"{""dedupe_key"":""NIFTY|REGIME_TRANSITION_UNCERTAIN|ON|2026-07-20 13:41"",""threshold"":1,""value"":1,""since_minute_bucket_ist"":"""",""last_updated_ist"":""2026-07-20 13:41:00""}"
2026-07-20 00:00:00,2026-07-20 13:42:00,268,NIFTY,PIN_BASIC,ON,LOW,37.5,Spot near a local wall (pin zone),"{""dedupe_key"":""NIFTY|PIN_BASIC|ON|2026-07-20 13:42"",""threshold"":37.5,""value"":37.5,""since_minute_bucket_ist"":"""",""last_updated_ist"":""2026-07-20 13:42:00""}"
2026-07-20 00:00:00,2026-07-20 13:42:00,268,NIFTY,EXP_RANGE_BREAKOUT_WATCH_DOWN,ON,MED,24235.3,Expected-range watch DOWN,"{""dedupe_key"":""NIFTY|EXP_RANGE_BREAKOUT_WATCH_DOWN|ON|2026-07-20 13:42"",""threshold"":24235.98,""value"":24235.3,""since_minute_bucket_ist"":"""",""last_updated_ist"":""2026-07-20 13:42:00""}"
2026-07-20 00:00:00,2026-07-20 13:42:00,268,NIFTY,STEALTH_BUILD_BULL,ON,MED,0.0143,"Stealth bullish build (puts build, spot flat)","{""dedupe_key"":""NIFTY|STEALTH_BUILD_BULL|ON|2026-07-20 13:42"",""threshold"":0.008,""value"":0.0143,""since_minute_bucket_ist"":"""",""last_updated_ist"":""2026-07-20 13:42:00""}"
2026-07-20 00:00:00,2026-07-20 13:43:00,269,NIFTY,EXP_RANGE_BREAKOUT_CONFIRMED_DOWN,ON,HIGH,2,Expected-range breakout CONFIRMED DOWN,"{""dedupe_key"":""NIFTY|EXP_RANGE_BREAKOUT_CONFIRMED_DOWN|ON|2026-07-20 13:43"",""threshold"":2,""value"":2,""since_minute_bucket_ist"":"""",""last_updated_ist"":""2026-07-20 13:43:00""}"
2026-07-20 00:00:00,2026-07-20 13:43:00,269,NIFTY,STEALTH_BUILD_BULL,OFF,MED,0,"Stealth bullish build (puts build, spot flat)","{""dedupe_key"":""NIFTY|STEALTH_BUILD_BULL|OFF|2026-07-20 13:43"",""threshold"":0.008,""value"":0,""since_minute_bucket_ist"":""2026-07-20 13:42"",""last_updated_ist"":""2026-07-20 13:43:00""}"
2026-07-20 00:00:00,2026-07-20 13:44:00,270,NIFTY,WALL_UNWIND_CONFIRM_UP,ON,MED,-0.0222,Call wall OI unwinding (5m),"{""dedupe_key"":""NIFTY|WALL_UNWIND_CONFIRM_UP|ON|2026-07-20 13:44"",""threshold"":-0.006,""value"":-0.0222,""since_minute_bucket_ist"":"""",""last_updated_ist"":""2026-07-20 13:44:00""}"
2026-07-20 00:00:00,2026-07-20 13:44:00,270,NIFTY,STEALTH_BUILD_BULL,ON,MED,0.0167,"Stealth bullish build (puts build, spot flat)","{""dedupe_key"":""NIFTY|STEALTH_BUILD_BULL|ON|2026-07-20 13:44"",""threshold"":0.008,""value"":0.0167,""since_minute_bucket_ist"":"""",""last_updated_ist"":""2026-07-20 13:44:00""}"
2026-07-20 00:00:00,2026-07-20 13:45:00,271,NIFTY,FLOW_BOTH_UNWINDING,ON,MED,-0.0072,Both sides unwinding,"{""dedupe_key"":""NIFTY|FLOW_BOTH_UNWINDING|ON|2026-07-20 13:45"",""threshold"":-0.005,""value"":-0.0072,""since_minute_bucket_ist"":"""",""last_updated_ist"":""2026-07-20 13:45:00""}"
2026-07-20 00:00:00,2026-07-20 13:45:00,271,NIFTY,REGIME_RANGE_PIN,ON,LOW,0.0001,Range / pin (inside local walls),"{""dedupe_key"":""NIFTY|REGIME_RANGE_PIN|ON|2026-07-20 13:45"",""threshold"":0.0004,""value"":0.0001,""since_minute_bucket_ist"":"""",""last_updated_ist"":""2026-07-20 13:45:00""}"
2026-07-20 00:00:00,2026-07-20 13:45:00,271,NIFTY,REGIME_TRANSITION_UNCERTAIN,OFF,LOW,1,Transition/uncertain regime,"{""dedupe_key"":""NIFTY|REGIME_TRANSITION_UNCERTAIN|OFF|2026-07-20 13:45"",""threshold"":1,""value"":1,""since_minute_bucket_ist"":""2026-07-20 13:41"",""last_updated_ist"":""2026-07-20 13:45:00""}"
2026-07-20 00:00:00,2026-07-20 13:45:00,271,NIFTY,EXP_RANGE_BREAKOUT_WATCH_DOWN,OFF,MED,24235.75,Expected-range watch DOWN,"{""dedupe_key"":""NIFTY|EXP_RANGE_BREAKOUT_WATCH_DOWN|OFF|2026-07-20 13:45"",""threshold"":24233.85,""value"":24235.75,""since_minute_bucket_ist"":""2026-07-20 13:42"",""last_updated_ist"":""2026-07-20 13:45:00""}"
2026-07-20 00:00:00,2026-07-20 13:45:00,271,NIFTY,EXP_RANGE_BREAKOUT_CONFIRMED_DOWN,OFF,HIGH,0,Expected-range breakout CONFIRMED DOWN,"{""dedupe_key"":""NIFTY|EXP_RANGE_BREAKOUT_CONFIRMED_DOWN|OFF|2026-07-20 13:45"",""threshold"":2,""value"":0,""since_minute_bucket_ist"":""2026-07-20 13:43"",""last_updated_ist"":""2026-07-20 13:45:00""}"
2026-07-20 00:00:00,2026-07-20 13:45:00,271,NIFTY,OPTION_MOMENTUM_CALL,ON,MED,4.4,ATM CALL momentum (ltp up + vol up),"{""dedupe_key"":""NIFTY|OPTION_MOMENTUM_CALL|ON|2026-07-20 13:45"",""threshold"":1.5,""value"":4.4,""since_minute_bucket_ist"":"""",""last_updated_ist"":""2026-07-20 13:45:00""}"
2026-07-20 00:00:00,2026-07-20 13:45:00,271,NIFTY,STEALTH_BUILD_BULL,OFF,MED,-0.0072,"Stealth bullish build (puts build, spot flat)","{""dedupe_key"":""NIFTY|STEALTH_BUILD_BULL|OFF|2026-07-20 13:45"",""threshold"":0.008,""value"":-0.0072,""since_minute_bucket_ist"":""2026-07-20 13:44"",""last_updated_ist"":""2026-07-20 13:45:00""}"
2026-07-20 00:00:00,2026-07-20 13:46:00,272,NIFTY,FLOW_BOTH_UNWINDING,OFF,MED,0,Both sides unwinding,"{""dedupe_key"":""NIFTY|FLOW_BOTH_UNWINDING|OFF|2026-07-20 13:46"",""threshold"":-0.005,""value"":0,""since_minute_bucket_ist"":""2026-07-20 13:45"",""last_updated_ist"":""2026-07-20 13:46:00""}"
2026-07-20 00:00:00,2026-07-20 13:46:00,272,NIFTY,PIN_BASIC,OFF,LOW,37.5,Spot near a local wall (pin zone),"{""dedupe_key"":""NIFTY|PIN_BASIC|OFF|2026-07-20 13:46"",""threshold"":37.5,""value"":37.5,""since_minute_bucket_ist"":""2026-07-20 13:42"",""last_updated_ist"":""2026-07-20 13:46:00""}"
2026-07-20 00:00:00,2026-07-20 13:46:00,272,NIFTY,VOL_CONTRACTION,OFF,LOW,-0.0006,Volatility contracting (straddle down),"{""dedupe_key"":""NIFTY|VOL_CONTRACTION|OFF|2026-07-20 13:46"",""threshold"":-0.03,""value"":-0.0006,""since_minute_bucket_ist"":""2026-07-20 13:37"",""last_updated_ist"":""2026-07-20 13:46:00""}"
2026-07-20 00:00:00,2026-07-20 13:47:00,273,NIFTY,REGIME_RANGE_PIN,OFF,LOW,0.0001,Range / pin (inside local walls),"{""dedupe_key"":""NIFTY|REGIME_RANGE_PIN|OFF|2026-07-20 13:47"",""threshold"":0.0004,""value"":0.0001,""since_minute_bucket_ist"":""2026-07-20 13:45"",""last_updated_ist"":""2026-07-20 13:47:00""}"
2026-07-20 00:00:00,2026-07-20 13:47:00,273,NIFTY,REGIME_TRANSITION_UNCERTAIN,ON,LOW,1,Transition/uncertain regime,"{""dedupe_key"":""NIFTY|REGIME_TRANSITION_UNCERTAIN|ON|2026-07-20 13:47"",""threshold"":1,""value"":1,""since_minute_bucket_ist"":"""",""last_updated_ist"":""2026-07-20 13:47:00""}"
2026-07-20 00:00:00,2026-07-20 13:47:00,273,NIFTY,OPTION_MOMENTUM_CALL,OFF,MED,0,ATM CALL momentum (ltp up + vol up),"{""dedupe_key"":""NIFTY|OPTION_MOMENTUM_CALL|OFF|2026-07-20 13:47"",""threshold"":1.5,""value"":0,""since_minute_bucket_ist"":""2026-07-20 13:45"",""last_updated_ist"":""2026-07-20 13:47:00""}"
2026-07-20 00:00:00,2026-07-20 13:48:00,274,NIFTY,REGIME_TREND_UP,ON,MED,0.0007,Trend UP (slope + direction),"{""dedupe_key"":""NIFTY|REGIME_TREND_UP|ON|2026-07-20 13:48"",""threshold"":0.0004,""value"":0.0007,""since_minute_bucket_ist"":"""",""last_updated_ist"":""2026-07-20 13:48:00""}"
2026-07-20 00:00:00,2026-07-20 13:48:00,274,NIFTY,REGIME_TRANSITION_UNCERTAIN,OFF,LOW,1,Transition/uncertain regime,"{""dedupe_key"":""NIFTY|REGIME_TRANSITION_UNCERTAIN|OFF|2026-07-20 13:48"",""threshold"":1,""value"":1,""since_minute_bucket_ist"":""2026-07-20 13:47"",""last_updated_ist"":""2026-07-20 13:48:00""}"
2026-07-20 00:00:00,2026-07-20 13:48:00,274,NIFTY,EXP_RANGE_BREAKOUT_WATCH_UP,ON,MED,24253.45,Expected-range watch UP,"{""dedupe_key"":""NIFTY|EXP_RANGE_BREAKOUT_WATCH_UP|ON|2026-07-20 13:48"",""threshold"":24246.54,""value"":24253.45,""since_minute_bucket_ist"":"""",""last_updated_ist"":""2026-07-20 13:48:00""}"
2026-07-20 00:00:00,2026-07-20 13:48:00,274,NIFTY,OPTION_MOMENTUM_CALL,ON,MED,5.3,ATM CALL momentum (ltp up + vol up),"{""dedupe_key"":""NIFTY|OPTION_MOMENTUM_CALL|ON|2026-07-20 13:48"",""threshold"":1.5,""value"":5.3,""since_minute_bucket_ist"":"""",""last_updated_ist"":""2026-07-20 13:48:00""}"
2026-07-20 00:00:00,2026-07-20 13:48:00,274,NIFTY,WALL_UNWIND_CONFIRM_UP,OFF,MED,0.0056,Call wall OI unwinding (5m),"{""dedupe_key"":""NIFTY|WALL_UNWIND_CONFIRM_UP|OFF|2026-07-20 13:48"",""threshold"":-0.006,""value"":0.0056,""since_minute_bucket_ist"":""2026-07-20 13:44"",""last_updated_ist"":""2026-07-20 13:48:00""}"
2026-07-20 00:00:00,2026-07-20 13:49:00,275,NIFTY,REGIME_TREND_UP,OFF,MED,1899-12-30 00:01:09,Trend UP (slope + direction),"{""dedupe_key"":""NIFTY|REGIME_TREND_UP|OFF|2026-07-20 13:49"",""threshold"":0.0004,""value"":0.0008,""since_minute_bucket_ist"":""2026-07-20 13:48"",""last_updated_ist"":""2026-07-20 13:49:00""}"
2026-07-20 00:00:00,2026-07-20 13:49:00,275,NIFTY,REGIME_TRANSITION_UNCERTAIN,ON,LOW,1,Transition/uncertain regime,"{""dedupe_key"":""NIFTY|REGIME_TRANSITION_UNCERTAIN|ON|2026-07-20 13:49"",""threshold"":1,""value"":1,""since_minute_bucket_ist"":"""",""last_updated_ist"":""2026-07-20 13:49:00""}"
2026-07-20 00:00:00,2026-07-20 13:49:00,275,NIFTY,EXP_RANGE_BREAKOUT_CONFIRMED_UP,ON,HIGH,2,Expected-range breakout CONFIRMED UP,"{""dedupe_key"":""NIFTY|EXP_RANGE_BREAKOUT_CONFIRMED_UP|ON|2026-07-20 13:49"",""threshold"":2,""value"":2,""since_minute_bucket_ist"":"""",""last_updated_ist"":""2026-07-20 13:49:00""}"
2026-07-20 00:00:00,2026-07-20 13:49:00,275,NIFTY,VOL_CONTRACTION,ON,LOW,-0.0026,Volatility contracting (straddle down),"{""dedupe_key"":""NIFTY|VOL_CONTRACTION|ON|2026-07-20 13:49"",""threshold"":-0.03,""value"":-0.0026,""since_minute_bucket_ist"":"""",""last_updated_ist"":""2026-07-20 13:49:00""}"
2026-07-20 00:00:00,2026-07-20 13:49:00,275,NIFTY,OPTION_MOMENTUM_CALL,OFF,MED,-6.55,ATM CALL momentum (ltp up + vol up),"{""dedupe_key"":""NIFTY|OPTION_MOMENTUM_CALL|OFF|2026-07-20 13:49"",""threshold"":1.5,""value"":-6.55,""since_minute_bucket_ist"":""2026-07-20 13:48"",""last_updated_ist"":""2026-07-20 13:49:00""}"
2026-07-20 00:00:00,2026-07-20 13:49:00,275,NIFTY,OPTION_MOMENTUM_PUT,ON,MED,4.8,ATM PUT momentum (ltp up + vol up),"{""dedupe_key"":""NIFTY|OPTION_MOMENTUM_PUT|ON|2026-07-20 13:49"",""threshold"":1.5,""value"":4.8,""since_minute_bucket_ist"":"""",""last_updated_ist"":""2026-07-20 13:49:00""}"
2026-07-20 00:00:00,2026-07-20 13:49:00,275,NIFTY,WALL_UNWIND_CONFIRM_DOWN,ON,MED,1899-12-29 23:08:35,Put wall OI unwinding (5m),"{""dedupe_key"":""NIFTY|WALL_UNWIND_CONFIRM_DOWN|ON|2026-07-20 13:49"",""threshold"":-0.006,""value"":-0.0357,""since_minute_bucket_ist"":"""",""last_updated_ist"":""2026-07-20 13:49:00""}"
2026-07-20 00:00:00,2026-07-20 13:50:00,276,NIFTY,EXP_RANGE_BREAKOUT_WATCH_UP,OFF,MED,24246.8,Expected-range watch UP,"{""dedupe_key"":""NIFTY|EXP_RANGE_BREAKOUT_WATCH_UP|OFF|2026-07-20 13:50"",""threshold"":24249.27,""value"":24246.8,""since_minute_bucket_ist"":""2026-07-20 13:48"",""last_updated_ist"":""2026-07-20 13:50:00""}"
2026-07-20 00:00:00,2026-07-20 13:50:00,276,NIFTY,EXP_RANGE_BREAKOUT_CONFIRMED_UP,OFF,HIGH,0,Expected-range breakout CONFIRMED UP,"{""dedupe_key"":""NIFTY|EXP_RANGE_BREAKOUT_CONFIRMED_UP|OFF|2026-07-20 13:50"",""threshold"":2,""value"":0,""since_minute_bucket_ist"":""2026-07-20 13:49"",""last_updated_ist"":""2026-07-20 13:50:00""}"
2026-07-20 00:00:00,2026-07-20 13:50:00,276,NIFTY,VOL_CONTRACTION,OFF,LOW,1899-12-30 00:00:25,Volatility contracting (straddle down),"{""dedupe_key"":""NIFTY|VOL_CONTRACTION|OFF|2026-07-20 13:50"",""threshold"":-0.03,""value"":0.0003,""since_minute_bucket_ist"":""2026-07-20 13:49"",""last_updated_ist"":""2026-07-20 13:50:00""}"
2026-07-20 00:00:00,2026-07-20 13:50:00,276,NIFTY,OPTION_MOMENTUM_CALL,ON,MED,5.2,ATM CALL momentum (ltp up + vol up),"{""dedupe_key"":""NIFTY|OPTION_MOMENTUM_CALL|ON|2026-07-20 13:50"",""threshold"":1.5,""value"":5.2,""since_minute_bucket_ist"":"""",""last_updated_ist"":""2026-07-20 13:50:00""}"
2026-07-20 00:00:00,2026-07-20 13:50:00,276,NIFTY,OPTION_MOMENTUM_PUT,OFF,MED,-4.5,ATM PUT momentum (ltp up + vol up),"{""dedupe_key"":""NIFTY|OPTION_MOMENTUM_PUT|OFF|2026-07-20 13:50"",""threshold"":1.5,""value"":-4.5,""since_minute_bucket_ist"":""2026-07-20 13:49"",""last_updated_ist"":""2026-07-20 13:50:00""}"
2026-07-20 00:00:00,2026-07-20 13:51:00,277,NIFTY,OPTION_MOMENTUM_CALL,OFF,MED,0,ATM CALL momentum (ltp up + vol up),"{""dedupe_key"":""NIFTY|OPTION_MOMENTUM_CALL|OFF|2026-07-20 13:51"",""threshold"":1.5,""value"":0,""since_minute_bucket_ist"":""2026-07-20 13:50"",""last_updated_ist"":""2026-07-20 13:51:00""}"
2026-07-20 00:00:00,2026-07-20 13:52:00,278,NIFTY,FLOW_BOTH_BUILDING,ON,MED,0.0079,Both sides building (straddle build) → higher chop risk,"{""dedupe_key"":""NIFTY|FLOW_BOTH_BUILDING|ON|2026-07-20 13:52"",""threshold"":0.005,""value"":0.0079,""since_minute_bucket_ist"":"""",""last_updated_ist"":""2026-07-20 13:52:00""}"
2026-07-20 00:00:00,2026-07-20 13:52:00,278,NIFTY,REGIME_RANGE_PIN,ON,LOW,0.0002,Range / pin (inside local walls),"{""dedupe_key"":""NIFTY|REGIME_RANGE_PIN|ON|2026-07-20 13:52"",""threshold"":0.0004,""value"":0.0002,""since_minute_bucket_ist"":"""",""last_updated_ist"":""2026-07-20 13:52:00""}"
2026-07-20 00:00:00,2026-07-20 13:52:00,278,NIFTY,REGIME_TRANSITION_UNCERTAIN,OFF,LOW,1,Transition/uncertain regime,"{""dedupe_key"":""NIFTY|REGIME_TRANSITION_UNCERTAIN|OFF|2026-07-20 13:52"",""threshold"":1,""value"":1,""since_minute_bucket_ist"":""2026-07-20 13:49"",""last_updated_ist"":""2026-07-20 13:52:00""}"
2026-07-20 00:00:00,2026-07-20 13:52:00,278,NIFTY,VOL_CONTRACTION,ON,LOW,-0.0181,Volatility contracting (straddle down),"{""dedupe_key"":""NIFTY|VOL_CONTRACTION|ON|2026-07-20 13:52"",""threshold"":-0.03,""value"":-0.0181,""since_minute_bucket_ist"":"""",""last_updated_ist"":""2026-07-20 13:52:00""}"
2026-07-20 00:00:00,2026-07-20 13:52:00,278,NIFTY,OPTION_MOMENTUM_PUT,ON,MED,3.9,ATM PUT momentum (ltp up + vol up),"{""dedupe_key"":""NIFTY|OPTION_MOMENTUM_PUT|ON|2026-07-20 13:52"",""threshold"":1.5,""value"":3.9,""since_minute_bucket_ist"":"""",""last_updated_ist"":""2026-07-20 13:52:00""}"
2026-07-20 00:00:00,2026-07-20 13:53:00,279,NIFTY,FLOW_BOTH_BUILDING,OFF,MED,-0.0019,Both sides building (straddle build) → higher chop risk,"{""dedupe_key"":""NIFTY|FLOW_BOTH_BUILDING|OFF|2026-07-20 13:53"",""threshold"":0.005,""value"":-0.0019,""since_minute_bucket_ist"":""2026-07-20 13:52"",""last_updated_ist"":""2026-07-20 13:53:00""}"
2026-07-20 00:00:00,2026-07-20 13:53:00,279,NIFTY,REGIME_TREND_DOWN,ON,MED,-0.0007,Trend DOWN (slope + direction),"{""dedupe_key"":""NIFTY|REGIME_TREND_DOWN|ON|2026-07-20 13:53"",""threshold"":-0.0004,""value"":-0.0007,""since_minute_bucket_ist"":"""",""last_updated_ist"":""2026-07-20 13:53:00""}"
2026-07-20 00:00:00,2026-07-20 13:53:00,279,NIFTY,REGIME_RANGE_PIN,OFF,LOW,0.0002,Range / pin (inside local walls),"{""dedupe_key"":""NIFTY|REGIME_RANGE_PIN|OFF|2026-07-20 13:53"",""threshold"":0.0004,""value"":0.0002,""since_minute_bucket_ist"":""2026-07-20 13:52"",""last_updated_ist"":""2026-07-20 13:53:00""}"
2026-07-20 00:00:00,2026-07-20 13:53:00,279,NIFTY,PIN_BASIC,ON,LOW,37.5,Spot near a local wall (pin zone),"{""dedupe_key"":""NIFTY|PIN_BASIC|ON|2026-07-20 13:53"",""threshold"":37.5,""value"":37.5,""since_minute_bucket_ist"":"""",""last_updated_ist"":""2026-07-20 13:53:00""}"
2026-07-20 00:00:00,2026-07-20 13:53:00,279,NIFTY,WALL_UNWIND_CONFIRM_DOWN,OFF,MED,0.0041,Put wall OI unwinding (5m),"{""dedupe_key"":""NIFTY|WALL_UNWIND_CONFIRM_DOWN|OFF|2026-07-20 13:53"",""threshold"":-0.006,""value"":0.0041,""since_minute_bucket_ist"":""2026-07-20 13:49"",""last_updated_ist"":""2026-07-20 13:53:00""}"
2026-07-20 00:00:00,2026-07-20 13:55:00,281,NIFTY,FLOW_BULLISH_BUILD,ON,HIGH,0.0026,Bullish build (premium-confirmed writing / support),"{""dedupe_key"":""NIFTY|FLOW_BULLISH_BUILD|ON|2026-07-20 13:55"",""threshold"":0.005,""value"":0.0026,""since_minute_bucket_ist"":"""",""last_updated_ist"":""2026-07-20 13:55:00""}"
2026-07-20 00:00:00,2026-07-20 13:55:00,281,NIFTY,REGIME_TREND_DOWN,OFF,MED,-0.0001,Trend DOWN (slope + direction),"{""dedupe_key"":""NIFTY|REGIME_TREND_DOWN|OFF|2026-07-20 13:55"",""threshold"":-0.0004,""value"":-0.0001,""since_minute_bucket_ist"":""2026-07-20 13:53"",""last_updated_ist"":""2026-07-20 13:55:00""}"
2026-07-20 00:00:00,2026-07-20 13:55:00,281,NIFTY,REGIME_RANGE_PIN,ON,LOW,0.0002,Range / pin (inside local walls),"{""dedupe_key"":""NIFTY|REGIME_RANGE_PIN|ON|2026-07-20 13:55"",""threshold"":0.0004,""value"":0.0002,""since_minute_bucket_ist"":"""",""last_updated_ist"":""2026-07-20 13:55:00""}"
2026-07-20 00:00:00,2026-07-20 13:55:00,281,NIFTY,PIN_BASIC,OFF,LOW,37.5,Spot near a local wall (pin zone),"{""dedupe_key"":""NIFTY|PIN_BASIC|OFF|2026-07-20 13:55"",""threshold"":37.5,""value"":37.5,""since_minute_bucket_ist"":""2026-07-20 13:53"",""last_updated_ist"":""2026-07-20 13:55:00""}"
2026-07-20 00:00:00,2026-07-20 13:55:00,281,NIFTY,OPTION_MOMENTUM_CALL,ON,MED,1.65,ATM CALL momentum (ltp up + vol up),"{""dedupe_key"":""NIFTY|OPTION_MOMENTUM_CALL|ON|2026-07-20 13:55"",""threshold"":1.5,""value"":1.65,""since_minute_bucket_ist"":"""",""last_updated_ist"":""2026-07-20 13:55:00""}"
2026-07-20 00:00:00,2026-07-20 13:55:00,281,NIFTY,OPTION_MOMENTUM_PUT,OFF,MED,-1.35,ATM PUT momentum (ltp up + vol up),"{""dedupe_key"":""NIFTY|OPTION_MOMENTUM_PUT|OFF|2026-07-20 13:55"",""threshold"":1.5,""value"":-1.35,""since_minute_bucket_ist"":""2026-07-20 13:52"",""last_updated_ist"":""2026-07-20 13:55:00""}"
2026-07-20 00:00:00,2026-07-20 13:55:00,281,NIFTY,CHURN_COMMITTED,ON,MED,0.0004,Price move + aligned flow (committed),"{""dedupe_key"":""NIFTY|CHURN_COMMITTED|ON|2026-07-20 13:55"",""threshold"":0.0001,""value"":0.0004,""since_minute_bucket_ist"":"""",""last_updated_ist"":""2026-07-20 13:55:00""}"
2026-07-20 00:00:00,2026-07-20 13:56:00,282,NIFTY,FLOW_BULLISH_BUILD,OFF,HIGH,0.0002,Bullish build (premium-confirmed writing / support),"{""dedupe_key"":""NIFTY|FLOW_BULLISH_BUILD|OFF|2026-07-20 13:56"",""threshold"":0.005,""value"":0.0002,""since_minute_bucket_ist"":""2026-07-20 13:55"",""last_updated_ist"":""2026-07-20 13:56:00""}"
2026-07-20 00:00:00,2026-07-20 13:56:00,282,NIFTY,VOL_CONTRACTION,OFF,LOW,-0.0023,Volatility contracting (straddle down),"{""dedupe_key"":""NIFTY|VOL_CONTRACTION|OFF|2026-07-20 13:56"",""threshold"":-0.03,""value"":-0.0023,""since_minute_bucket_ist"":""2026-07-20 13:52"",""last_updated_ist"":""2026-07-20 13:56:00""}"
2026-07-20 00:00:00,2026-07-20 13:56:00,282,NIFTY,CHURN_COMMITTED,OFF,MED,0,Price move + aligned flow (committed),"{""dedupe_key"":""NIFTY|CHURN_COMMITTED|OFF|2026-07-20 13:56"",""threshold"":0.0001,""value"":0,""since_minute_bucket_ist"":""2026-07-20 13:55"",""last_updated_ist"":""2026-07-20 13:56:00""}"
2026-07-20 00:00:00,2026-07-20 13:57:00,283,NIFTY,REGIME_RANGE_PIN,OFF,LOW,0.0002,Range / pin (inside local walls),"{""dedupe_key"":""NIFTY|REGIME_RANGE_PIN|OFF|2026-07-20 13:57"",""threshold"":0.0004,""value"":0.0002,""since_minute_bucket_ist"":""2026-07-20 13:55"",""last_updated_ist"":""2026-07-20 13:57:00""}"
2026-07-20 00:00:00,2026-07-20 13:57:00,283,NIFTY,REGIME_TRANSITION_UNCERTAIN,ON,LOW,1,Transition/uncertain regime,"{""dedupe_key"":""NIFTY|REGIME_TRANSITION_UNCERTAIN|ON|2026-07-20 13:57"",""threshold"":1,""value"":1,""since_minute_bucket_ist"":"""",""last_updated_ist"":""2026-07-20 13:57:00""}"
2026-07-20 00:00:00,2026-07-20 13:57:00,283,NIFTY,EXP_RANGE_BREAKOUT_WATCH_UP,ON,MED,24252.15,Expected-range watch UP,"{""dedupe_key"":""NIFTY|EXP_RANGE_BREAKOUT_WATCH_UP|ON|2026-07-20 13:57"",""threshold"":24252,""value"":24252.15,""since_minute_bucket_ist"":"""",""last_updated_ist"":""2026-07-20 13:57:00""}"
2026-07-20 00:00:00,2026-07-20 13:58:00,284,NIFTY,REGIME_TREND_UP,ON,MED,0.0006,Trend UP (slope + direction),"{""dedupe_key"":""NIFTY|REGIME_TREND_UP|ON|2026-07-20 13:58"",""threshold"":0.0004,""value"":0.0006,""since_minute_bucket_ist"":"""",""last_updated_ist"":""2026-07-20 13:58:00""}"
2026-07-20 00:00:00,2026-07-20 13:58:00,284,NIFTY,REGIME_TRANSITION_UNCERTAIN,OFF,LOW,1,Transition/uncertain regime,"{""dedupe_key"":""NIFTY|REGIME_TRANSITION_UNCERTAIN|OFF|2026-07-20 13:58"",""threshold"":1,""value"":1,""since_minute_bucket_ist"":""2026-07-20 13:57"",""last_updated_ist"":""2026-07-20 13:58:00""}"
2026-07-20 00:00:00,2026-07-20 13:58:00,284,NIFTY,EXP_RANGE_BREAKOUT_WATCH_UP,OFF,MED,24252.15,Expected-range watch UP,"{""dedupe_key"":""NIFTY|EXP_RANGE_BREAKOUT_WATCH_UP|OFF|2026-07-20 13:58"",""threshold"":24253.23,""value"":24252.15,""since_minute_bucket_ist"":""2026-07-20 13:57"",""last_updated_ist"":""2026-07-20 13:58:00""}"
2026-07-20 00:00:00,2026-07-20 13:58:00,284,NIFTY,OPTION_MOMENTUM_CALL,OFF,MED,0,ATM CALL momentum (ltp up + vol up),"{""dedupe_key"":""NIFTY|OPTION_MOMENTUM_CALL|OFF|2026-07-20 13:58"",""threshold"":1.5,""value"":0,""since_minute_bucket_ist"":""2026-07-20 13:55"",""last_updated_ist"":""2026-07-20 13:58:00""}"
2026-07-20 00:00:00,2026-07-20 13:59:00,285,NIFTY,FLOW_BULLISH_BUILD,ON,HIGH,0.0053,Bullish build (premium-confirmed writing / support),"{""dedupe_key"":""NIFTY|FLOW_BULLISH_BUILD|ON|2026-07-20 13:59"",""threshold"":0.005,""value"":0.0053,""since_minute_bucket_ist"":"""",""last_updated_ist"":""2026-07-20 13:59:00""}"
2026-07-20 00:00:00,2026-07-20 13:59:00,285,NIFTY,EXP_RANGE_BREAKOUT_WATCH_UP,ON,MED,24255.1,Expected-range watch UP,"{""dedupe_key"":""NIFTY|EXP_RANGE_BREAKOUT_WATCH_UP|ON|2026-07-20 13:59"",""threshold"":24254.9,""value"":24255.1,""since_minute_bucket_ist"":"""",""last_updated_ist"":""2026-07-20 13:59:00""}"
2026-07-20 00:00:00,2026-07-20 13:59:00,285,NIFTY,VOL_EXPANSION,ON,MED,0.017,Volatility expanding (straddle up),"{""dedupe_key"":""NIFTY|VOL_EXPANSION|ON|2026-07-20 13:59"",""threshold"":0.02,""value"":0.017,""since_minute_bucket_ist"":"""",""last_updated_ist"":""2026-07-20 13:59:00""}"
2026-07-20 00:00:00,2026-07-20 13:59:00,285,NIFTY,OPTION_MOMENTUM_CALL,ON,MED,2.1,ATM CALL momentum (ltp up + vol up),"{""dedupe_key"":""NIFTY|OPTION_MOMENTUM_CALL|ON|2026-07-20 13:59"",""threshold"":1.5,""value"":2.1,""since_minute_bucket_ist"":"""",""last_updated_ist"":""2026-07-20 13:59:00""}"
2026-07-20 00:00:00,2026-07-20 13:59:00,285,NIFTY,CHURN_COMMITTED,ON,MED,0.0001,Price move + aligned flow (committed),"{""dedupe_key"":""NIFTY|CHURN_COMMITTED|ON|2026-07-20 13:59"",""threshold"":0.0001,""value"":0.0001,""since_minute_bucket_ist"":"""",""last_updated_ist"":""2026-07-20 13:59:00""}"
2026-07-20 00:00:00,2026-07-20 14:00:00,286,NIFTY,REGIME_TREND_UP,OFF,MED,0.0002,Trend UP (slope + direction),"{""dedupe_key"":""NIFTY|REGIME_TREND_UP|OFF|2026-07-20 14:00"",""threshold"":0.0004,""value"":0.0002,""since_minute_bucket_ist"":""2026-07-20 13:58"",""last_updated_ist"":""2026-07-20 14:00:00""}"
2026-07-20 00:00:00,2026-07-20 14:00:00,286,NIFTY,REGIME_TRANSITION_UNCERTAIN,ON,LOW,1,Transition/uncertain regime,"{""dedupe_key"":""NIFTY|REGIME_TRANSITION_UNCERTAIN|ON|2026-07-20 14:00"",""threshold"":1,""value"":1,""since_minute_bucket_ist"":"""",""last_updated_ist"":""2026-07-20 14:00:00""}"
2026-07-20 00:00:00,2026-07-20 14:00:00,286,NIFTY,EXP_RANGE_BREAKOUT_WATCH_UP,OFF,MED,24250.3,Expected-range watch UP,"{""dedupe_key"":""NIFTY|EXP_RANGE_BREAKOUT_WATCH_UP|OFF|2026-07-20 14:00"",""threshold"":24254.32,""value"":24250.3,""since_minute_bucket_ist"":""2026-07-20 13:59"",""last_updated_ist"":""2026-07-20 14:00:00""}"
2026-07-20 00:00:00,2026-07-20 14:00:00,286,NIFTY,VOL_EXPANSION,OFF,MED,0.0016,Volatility expanding (straddle up),"{""dedupe_key"":""NIFTY|VOL_EXPANSION|OFF|2026-07-20 14:00"",""threshold"":0.02,""value"":0.0016,""since_minute_bucket_ist"":""2026-07-20 13:59"",""last_updated_ist"":""2026-07-20 14:00:00""}"
2026-07-20 00:00:00,2026-07-20 14:00:00,286,NIFTY,OPTION_MOMENTUM_CALL,OFF,MED,-1.1,ATM CALL momentum (ltp up + vol up),"{""dedupe_key"":""NIFTY|OPTION_MOMENTUM_CALL|OFF|2026-07-20 14:00"",""threshold"":1.5,""value"":-1.1,""since_minute_bucket_ist"":""2026-07-20 13:59"",""last_updated_ist"":""2026-07-20 14:00:00""}"
2026-07-20 00:00:00,2026-07-20 14:00:00,286,NIFTY,CHURN_COMMITTED,OFF,MED,-0.0002,Price move + aligned flow (committed),"{""dedupe_key"":""NIFTY|CHURN_COMMITTED|OFF|2026-07-20 14:00"",""threshold"":0.0001,""value"":-0.0002,""since_minute_bucket_ist"":""2026-07-20 13:59"",""last_updated_ist"":""2026-07-20 14:00:00""}"
2026-07-20 00:00:00,2026-07-20 14:01:00,287,NIFTY,FLOW_BULLISH_BUILD,OFF,HIGH,0.0047,Bullish build (premium-confirmed writing / support),"{""dedupe_key"":""NIFTY|FLOW_BULLISH_BUILD|OFF|2026-07-20 14:01"",""threshold"":0.005,""value"":0.0047,""since_minute_bucket_ist"":""2026-07-20 13:59"",""last_updated_ist"":""2026-07-20 14:01:00""}"
2026-07-20 00:00:00,2026-07-20 14:01:00,287,NIFTY,REGIME_TREND_UP,ON,MED,0.0006,Trend UP (slope + direction),"{""dedupe_key"":""NIFTY|REGIME_TREND_UP|ON|2026-07-20 14:01"",""threshold"":0.0004,""value"":0.0006,""since_minute_bucket_ist"":"""",""last_updated_ist"":""2026-07-20 14:01:00""}"
2026-07-20 00:00:00,2026-07-20 14:01:00,287,NIFTY,REGIME_TRANSITION_UNCERTAIN,OFF,LOW,1,Transition/uncertain regime,"{""dedupe_key"":""NIFTY|REGIME_TRANSITION_UNCERTAIN|OFF|2026-07-20 14:01"",""threshold"":1,""value"":1,""since_minute_bucket_ist"":""2026-07-20 14:00"",""last_updated_ist"":""2026-07-20 14:01:00""}"
2026-07-20 00:00:00,2026-07-20 14:01:00,287,NIFTY,EXP_RANGE_BREAKOUT_WATCH_UP,ON,MED,24259.45,Expected-range watch UP,"{""dedupe_key"":""NIFTY|EXP_RANGE_BREAKOUT_WATCH_UP|ON|2026-07-20 14:01"",""threshold"":24256.5,""value"":24259.45,""since_minute_bucket_ist"":"""",""last_updated_ist"":""2026-07-20 14:01:00""}"
2026-07-20 00:00:00,2026-07-20 14:01:00,287,NIFTY,OPTION_MOMENTUM_PUT,ON,MED,2,ATM PUT momentum (ltp up + vol up),"{""dedupe_key"":""NIFTY|OPTION_MOMENTUM_PUT|ON|2026-07-20 14:01"",""threshold"":1.5,""value"":2,""since_minute_bucket_ist"":"""",""last_updated_ist"":""2026-07-20 14:01:00""}"
2026-07-20 00:00:00,2026-07-20 14:01:00,287,NIFTY,WALL_UNWIND_CONFIRM_UP,ON,MED,-0.0322,Call wall OI unwinding (5m),"{""dedupe_key"":""NIFTY|WALL_UNWIND_CONFIRM_UP|ON|2026-07-20 14:01"",""threshold"":-0.006,""value"":-0.0322,""since_minute_bucket_ist"":"""",""last_updated_ist"":""2026-07-20 14:01:00""}"
2026-07-20 00:00:00,2026-07-20 14:02:00,288,NIFTY,REGIME_TREND_UP,OFF,MED,0.0003,Trend UP (slope + direction),"{""dedupe_key"":""NIFTY|REGIME_TREND_UP|OFF|2026-07-20 14:02"",""threshold"":0.0004,""value"":0.0003,""since_minute_bucket_ist"":""2026-07-20 14:01"",""last_updated_ist"":""2026-07-20 14:02:00""}"
2026-07-20 00:00:00,2026-07-20 14:02:00,288,NIFTY,REGIME_TRANSITION_UNCERTAIN,ON,LOW,1,Transition/uncertain regime,"{""dedupe_key"":""NIFTY|REGIME_TRANSITION_UNCERTAIN|ON|2026-07-20 14:02"",""threshold"":1,""value"":1,""since_minute_bucket_ist"":"""",""last_updated_ist"":""2026-07-20 14:02:00""}"
2026-07-20 00:00:00,2026-07-20 14:02:00,288,NIFTY,EXP_RANGE_BREAKOUT_CONFIRMED_UP,ON,HIGH,1900-01-01 00:00:00,Expected-range breakout CONFIRMED UP,"{""dedupe_key"":""NIFTY|EXP_RANGE_BREAKOUT_CONFIRMED_UP|ON|2026-07-20 14:02"",""threshold"":2,""value"":2,""since_minute_bucket_ist"":"""",""last_updated_ist"":""2026-07-20 14:02:00""}"
2026-07-20 00:00:00,2026-07-20 14:02:00,288,NIFTY,OPTION_MOMENTUM_PUT,OFF,MED,0,ATM PUT momentum (ltp up + vol up),"{""dedupe_key"":""NIFTY|OPTION_MOMENTUM_PUT|OFF|2026-07-20 14:02"",""threshold"":1.5,""value"":0,""since_minute_bucket_ist"":""2026-07-20 14:01"",""last_updated_ist"":""2026-07-20 14:02:00""}"
2026-07-20 00:00:00,2026-07-20 14:03:00,289,NIFTY,EXP_RANGE_BREAKOUT_WATCH_UP,OFF,MED,24259.1,Expected-range watch UP,"{""dedupe_key"":""NIFTY|EXP_RANGE_BREAKOUT_WATCH_UP|OFF|2026-07-20 14:03"",""threshold"":24260.38,""value"":24259.1,""since_minute_bucket_ist"":""2026-07-20 14:01"",""last_updated_ist"":""2026-07-20 14:03:00""}"
2026-07-20 00:00:00,2026-07-20 14:03:00,289,NIFTY,EXP_RANGE_BREAKOUT_CONFIRMED_UP,OFF,HIGH,0,Expected-range breakout CONFIRMED UP,"{""dedupe_key"":""NIFTY|EXP_RANGE_BREAKOUT_CONFIRMED_UP|OFF|2026-07-20 14:03"",""threshold"":2,""value"":0,""since_minute_bucket_ist"":""2026-07-20 14:02"",""last_updated_ist"":""2026-07-20 14:03:00""}"
2026-07-20 00:00:00,2026-07-20 14:03:00,289,NIFTY,OPTION_MOMENTUM_CALL,ON,MED,1.9,ATM CALL momentum (ltp up + vol up),"{""dedupe_key"":""NIFTY|OPTION_MOMENTUM_CALL|ON|2026-07-20 14:03"",""threshold"":1.5,""value"":1.9,""since_minute_bucket_ist"":"""",""last_updated_ist"":""2026-07-20 14:03:00""}"
2026-07-20 00:00:00,2026-07-20 14:04:00,290,NIFTY,WALL_UNWIND_CONFIRM_UP,OFF,MED,0.0158,Call wall OI unwinding (5m),"{""dedupe_key"":""NIFTY|WALL_UNWIND_CONFIRM_UP|OFF|2026-07-20 14:04"",""threshold"":-0.006,""value"":0.0158,""since_minute_bucket_ist"":""2026-07-20 14:01"",""last_updated_ist"":""2026-07-20 14:04:00""}"
2026-07-20 00:00:00,2026-07-20 14:05:00,291,NIFTY,FLOW_BULLISH_BUILD,ON,HIGH,0.0079,Bullish build (premium-confirmed writing / support),"{""dedupe_key"":""NIFTY|FLOW_BULLISH_BUILD|ON|2026-07-20 14:05"",""threshold"":0.005,""value"":0.0079,""since_minute_bucket_ist"":"""",""last_updated_ist"":""2026-07-20 14:05:00""}"
2026-07-20 00:00:00,2026-07-20 14:05:00,291,NIFTY,REGIME_TREND_UP,ON,MED,0.0004,Trend UP (slope + direction),"{""dedupe_key"":""NIFTY|REGIME_TREND_UP|ON|2026-07-20 14:05"",""threshold"":0.0004,""value"":0.0004,""since_minute_bucket_ist"":"""",""last_updated_ist"":""2026-07-20 14:05:00""}"
2026-07-20 00:00:00,2026-07-20 14:05:00,291,NIFTY,REGIME_TRANSITION_UNCERTAIN,OFF,LOW,1,Transition/uncertain regime,"{""dedupe_key"":""NIFTY|REGIME_TRANSITION_UNCERTAIN|OFF|2026-07-20 14:05"",""threshold"":1,""value"":1,""since_minute_bucket_ist"":""2026-07-20 14:02"",""last_updated_ist"":""2026-07-20 14:05:00""}"
2026-07-20 00:00:00,2026-07-20 14:06:00,292,NIFTY,FLOW_BULLISH_BUILD,OFF,HIGH,0.0036,Bullish build (premium-confirmed writing / support),"{""dedupe_key"":""NIFTY|FLOW_BULLISH_BUILD|OFF|2026-07-20 14:06"",""threshold"":0.005,""value"":0.0036,""since_minute_bucket_ist"":""2026-07-20 14:05"",""last_updated_ist"":""2026-07-20 14:06:00""}"
2026-07-20 00:00:00,2026-07-20 14:06:00,292,NIFTY,REGIME_TREND_UP,OFF,MED,0.0001,Trend UP (slope + direction),"{""dedupe_key"":""NIFTY|REGIME_TREND_UP|OFF|2026-07-20 14:06"",""threshold"":0.0004,""value"":0.0001,""since_minute_bucket_ist"":""2026-07-20 14:05"",""last_updated_ist"":""2026-07-20 14:06:00""}"
2026-07-20 00:00:00,2026-07-20 14:06:00,292,NIFTY,REGIME_RANGE_PIN,ON,LOW,0.0002,Range / pin (inside local walls),"{""dedupe_key"":""NIFTY|REGIME_RANGE_PIN|ON|2026-07-20 14:06"",""threshold"":0.0004,""value"":0.0002,""since_minute_bucket_ist"":"""",""last_updated_ist"":""2026-07-20 14:06:00""}"
2026-07-20 00:00:00,2026-07-20 14:06:00,292,NIFTY,OPTION_MOMENTUM_CALL,OFF,MED,-3.35,ATM CALL momentum (ltp up + vol up),"{""dedupe_key"":""NIFTY|OPTION_MOMENTUM_CALL|OFF|2026-07-20 14:06"",""threshold"":1.5,""value"":-3.35,""since_minute_bucket_ist"":""2026-07-20 14:03"",""last_updated_ist"":""2026-07-20 14:06:00""}"
2026-07-20 00:00:00,2026-07-20 14:06:00,292,NIFTY,OPTION_MOMENTUM_PUT,ON,MED,2.45,ATM PUT momentum (ltp up + vol up),"{""dedupe_key"":""NIFTY|OPTION_MOMENTUM_PUT|ON|2026-07-20 14:06"",""threshold"":1.5,""value"":2.45,""since_minute_bucket_ist"":"""",""last_updated_ist"":""2026-07-20 14:06:00""}"
2026-07-20 00:00:00,2026-07-20 14:07:00,293,NIFTY,OPTION_MOMENTUM_PUT,OFF,MED,0,ATM PUT momentum (ltp up + vol up),"{""dedupe_key"":""NIFTY|OPTION_MOMENTUM_PUT|OFF|2026-07-20 14:07"",""threshold"":1.5,""value"":0,""since_minute_bucket_ist"":""2026-07-20 14:06"",""last_updated_ist"":""2026-07-20 14:07:00""}"
2026-07-20 00:00:00,2026-07-20 14:08:00,294,NIFTY,OPTION_MOMENTUM_CALL,ON,MED,1.75,ATM CALL momentum (ltp up + vol up),"{""dedupe_key"":""NIFTY|OPTION_MOMENTUM_CALL|ON|2026-07-20 14:08"",""threshold"":1.5,""value"":1.75,""since_minute_bucket_ist"":"""",""last_updated_ist"":""2026-07-20 14:08:00""}"
2026-07-20 00:00:00,2026-07-20 14:09:00,295,NIFTY,FLOW_BULLISH_BUILD,ON,HIGH,0.0097,Bullish build (premium-confirmed writing / support),"{""dedupe_key"":""NIFTY|FLOW_BULLISH_BUILD|ON|2026-07-20 14:09"",""threshold"":0.005,""value"":0.0097,""since_minute_bucket_ist"":"""",""last_updated_ist"":""2026-07-20 14:09:00""}"
2026-07-20 00:00:00,2026-07-20 14:09:00,295,NIFTY,OPTION_MOMENTUM_CALL,OFF,MED,-1.65,ATM CALL momentum (ltp up + vol up),"{""dedupe_key"":""NIFTY|OPTION_MOMENTUM_CALL|OFF|2026-07-20 14:09"",""threshold"":1.5,""value"":-1.65,""since_minute_bucket_ist"":""2026-07-20 14:08"",""last_updated_ist"":""2026-07-20 14:09:00""}"
2026-07-20 00:00:00,2026-07-20 14:09:00,295,NIFTY,STEALTH_BUILD_BULL,ON,MED,0.0097,"Stealth bullish build (puts build, spot flat)","{""dedupe_key"":""NIFTY|STEALTH_BUILD_BULL|ON|2026-07-20 14:09"",""threshold"":0.008,""value"":0.0097,""since_minute_bucket_ist"":"""",""last_updated_ist"":""2026-07-20 14:09:00""}"
2026-07-20 00:00:00,2026-07-20 14:10:00,296,NIFTY,FLOW_BULLISH_BUILD,OFF,HIGH,0.0011,Bullish build (premium-confirmed writing / support),"{""dedupe_key"":""NIFTY|FLOW_BULLISH_BUILD|OFF|2026-07-20 14:10"",""threshold"":0.005,""value"":0.0011,""since_minute_bucket_ist"":""2026-07-20 14:09"",""last_updated_ist"":""2026-07-20 14:10:00""}"
2026-07-20 00:00:00,2026-07-20 14:10:00,296,NIFTY,REGIME_RANGE_PIN,OFF,LOW,0.0001,Range / pin (inside local walls),"{""dedupe_key"":""NIFTY|REGIME_RANGE_PIN|OFF|2026-07-20 14:10"",""threshold"":0.0004,""value"":0.0001,""since_minute_bucket_ist"":""2026-07-20 14:06"",""last_updated_ist"":""2026-07-20 14:10:00""}"
2026-07-20 00:00:00,2026-07-20 14:10:00,296,NIFTY,REGIME_TRANSITION_UNCERTAIN,ON,LOW,1,Transition/uncertain regime,"{""dedupe_key"":""NIFTY|REGIME_TRANSITION_UNCERTAIN|ON|2026-07-20 14:10"",""threshold"":1,""value"":1,""since_minute_bucket_ist"":"""",""last_updated_ist"":""2026-07-20 14:10:00""}"
2026-07-20 00:00:00,2026-07-20 14:10:00,296,NIFTY,EXP_RANGE_BREAKOUT_WATCH_DOWN,ON,MED,24253,Expected-range watch DOWN,"{""dedupe_key"":""NIFTY|EXP_RANGE_BREAKOUT_WATCH_DOWN|ON|2026-07-20 14:10"",""threshold"":24253.2,""value"":24253,""since_minute_bucket_ist"":"""",""last_updated_ist"":""2026-07-20 14:10:00""}"
2026-07-20 00:00:00,2026-07-20 14:10:00,296,NIFTY,VOL_CONTRACTION,ON,LOW,-0.017,Volatility contracting (straddle down),"{""dedupe_key"":""NIFTY|VOL_CONTRACTION|ON|2026-07-20 14:10"",""threshold"":-0.03,""value"":-0.017,""since_minute_bucket_ist"":"""",""last_updated_ist"":""2026-07-20 14:10:00""}"
2026-07-20 00:00:00,2026-07-20 14:10:00,296,NIFTY,OPTION_MOMENTUM_PUT,ON,MED,2.85,ATM PUT momentum (ltp up + vol up),"{""dedupe_key"":""NIFTY|OPTION_MOMENTUM_PUT|ON|2026-07-20 14:10"",""threshold"":1.5,""value"":2.85,""since_minute_bucket_ist"":"""",""last_updated_ist"":""2026-07-20 14:10:00""}"
2026-07-20 00:00:00,2026-07-20 14:10:00,296,NIFTY,STEALTH_BUILD_BULL,OFF,MED,0.0011,"Stealth bullish build (puts build, spot flat)","{""dedupe_key"":""NIFTY|STEALTH_BUILD_BULL|OFF|2026-07-20 14:10"",""threshold"":0.008,""value"":0.0011,""since_minute_bucket_ist"":""2026-07-20 14:09"",""last_updated_ist"":""2026-07-20 14:10:00""}"
2026-07-20 00:00:00,2026-07-20 14:11:00,297,NIFTY,EXP_RANGE_BREAKOUT_WATCH_DOWN,OFF,MED,24255.8,Expected-range watch DOWN,"{""dedupe_key"":""NIFTY|EXP_RANGE_BREAKOUT_WATCH_DOWN|OFF|2026-07-20 14:11"",""threshold"":24253.32,""value"":24255.8,""since_minute_bucket_ist"":""2026-07-20 14:10"",""last_updated_ist"":""2026-07-20 14:11:00""}"
2026-07-20 00:00:00,2026-07-20 14:11:00,297,NIFTY,OPTION_MOMENTUM_PUT,OFF,MED,0.4,ATM PUT momentum (ltp up + vol up),"{""dedupe_key"":""NIFTY|OPTION_MOMENTUM_PUT|OFF|2026-07-20 14:11"",""threshold"":1.5,""value"":0.4,""since_minute_bucket_ist"":""2026-07-20 14:10"",""last_updated_ist"":""2026-07-20 14:11:00""}"
2026-07-20 00:00:00,2026-07-20 14:13:00,299,NIFTY,FLOW_BULLISH_BUILD,ON,HIGH,0.0076,Bullish build (premium-confirmed writing / support),"{""dedupe_key"":""NIFTY|FLOW_BULLISH_BUILD|ON|2026-07-20 14:13"",""threshold"":0.005,""value"":0.0076,""since_minute_bucket_ist"":"""",""last_updated_ist"":""2026-07-20 14:13:00""}"
2026-07-20 00:00:00,2026-07-20 14:13:00,299,NIFTY,REGIME_RANGE_PIN,ON,LOW,0.0001,Range / pin (inside local walls),"{""dedupe_key"":""NIFTY|REGIME_RANGE_PIN|ON|2026-07-20 14:13"",""threshold"":0.0004,""value"":0.0001,""since_minute_bucket_ist"":"""",""last_updated_ist"":""2026-07-20 14:13:00""}"
2026-07-20 00:00:00,2026-07-20 14:13:00,299,NIFTY,REGIME_TRANSITION_UNCERTAIN,OFF,LOW,1,Transition/uncertain regime,"{""dedupe_key"":""NIFTY|REGIME_TRANSITION_UNCERTAIN|OFF|2026-07-20 14:13"",""threshold"":1,""value"":1,""since_minute_bucket_ist"":""2026-07-20 14:10"",""last_updated_ist"":""2026-07-20 14:13:00""}"
2026-07-20 00:00:00,2026-07-20 14:13:00,299,NIFTY,VOL_CONTRACTION,OFF,LOW,-0.0095,Volatility contracting (straddle down),"{""dedupe_key"":""NIFTY|VOL_CONTRACTION|OFF|2026-07-20 14:13"",""threshold"":-0.03,""value"":-0.0095,""since_minute_bucket_ist"":""2026-07-20 14:10"",""last_updated_ist"":""2026-07-20 14:13:00""}"
2026-07-20 00:00:00,2026-07-20 14:13:00,299,NIFTY,OPTION_MOMENTUM_CALL,ON,MED,2.45,ATM CALL momentum (ltp up + vol up),"{""dedupe_key"":""NIFTY|OPTION_MOMENTUM_CALL|ON|2026-07-20 14:13"",""threshold"":1.5,""value"":2.45,""since_minute_bucket_ist"":"""",""last_updated_ist"":""2026-07-20 14:13:00""}"
2026-07-20 00:00:00,2026-07-20 14:13:00,299,NIFTY,WALL_UNWIND_CONFIRM_UP,ON,MED,-0.02,Call wall OI unwinding (5m),"{""dedupe_key"":""NIFTY|WALL_UNWIND_CONFIRM_UP|ON|2026-07-20 14:13"",""threshold"":-0.006,""value"":-0.02,""since_minute_bucket_ist"":"""",""last_updated_ist"":""2026-07-20 14:13:00""}"
2026-07-20 00:00:00,2026-07-20 14:13:00,299,NIFTY,CHURN_COMMITTED,ON,MED,0.0002,Price move + aligned flow (committed),"{""dedupe_key"":""NIFTY|CHURN_COMMITTED|ON|2026-07-20 14:13"",""threshold"":0.0001,""value"":0.0002,""since_minute_bucket_ist"":"""",""last_updated_ist"":""2026-07-20 14:13:00""}"
2026-07-20 00:00:00,2026-07-20 14:14:00,300,NIFTY,FLOW_BULLISH_BUILD,OFF,HIGH,-0.0054,Bullish build (premium-confirmed writing / support),"{""dedupe_key"":""NIFTY|FLOW_BULLISH_BUILD|OFF|2026-07-20 14:14"",""threshold"":0.005,""value"":-0.0054,""since_minute_bucket_ist"":""2026-07-20 14:13"",""last_updated_ist"":""2026-07-20 14:14:00""}"
2026-07-20 00:00:00,2026-07-20 14:14:00,300,NIFTY,FLOW_BEARISH_BUILD,ON,HIGH,0.0162,Bearish build (premium-confirmed writing / resistance),"{""dedupe_key"":""NIFTY|FLOW_BEARISH_BUILD|ON|2026-07-20 14:14"",""threshold"":0.005,""value"":0.0162,""since_minute_bucket_ist"":"""",""last_updated_ist"":""2026-07-20 14:14:00""}"
2026-07-20 00:00:00,2026-07-20 14:14:00,300,NIFTY,EXP_RANGE_BREAKOUT_WATCH_DOWN,ON,MED,24251.75,Expected-range watch DOWN,"{""dedupe_key"":""NIFTY|EXP_RANGE_BREAKOUT_WATCH_DOWN|ON|2026-07-20 14:14"",""threshold"":24253.43,""value"":24251.75,""since_minute_bucket_ist"":"""",""last_updated_ist"":""2026-07-20 14:14:00""}"
2026-07-20 00:00:00,2026-07-20 14:14:00,300,NIFTY,VOL_CONTRACTION,ON,LOW,-0.009,Volatility contracting (straddle down),"{""dedupe_key"":""NIFTY|VOL_CONTRACTION|ON|2026-07-20 14:14"",""threshold"":-0.03,""value"":-0.009,""since_minute_bucket_ist"":"""",""last_updated_ist"":""2026-07-20 14:14:00""}"
2026-07-20 00:00:00,2026-07-20 14:14:00,300,NIFTY,OPTION_MOMENTUM_CALL,OFF,MED,-5.45,ATM CALL momentum (ltp up + vol up),"{""dedupe_key"":""NIFTY|OPTION_MOMENTUM_CALL|OFF|2026-07-20 14:14"",""threshold"":1.5,""value"":-5.45,""since_minute_bucket_ist"":""2026-07-20 14:13"",""last_updated_ist"":""2026-07-20 14:14:00""}"
2026-07-20 00:00:00,2026-07-20 14:14:00,300,NIFTY,OPTION_MOMENTUM_PUT,ON,MED,3,ATM PUT momentum (ltp up + vol up),"{""dedupe_key"":""NIFTY|OPTION_MOMENTUM_PUT|ON|2026-07-20 14:14"",""threshold"":1.5,""value"":3,""since_minute_bucket_ist"":"""",""last_updated_ist"":""2026-07-20 14:14:00""}"
2026-07-20 00:00:00,2026-07-20 14:14:00,300,NIFTY,WALL_UNWIND_CONFIRM_UP,OFF,MED,0.0214,Call wall OI unwinding (5m),"{""dedupe_key"":""NIFTY|WALL_UNWIND_CONFIRM_UP|OFF|2026-07-20 14:14"",""threshold"":-0.006,""value"":0.0214,""since_minute_bucket_ist"":""2026-07-20 14:13"",""last_updated_ist"":""2026-07-20 14:14:00""}"
2026-07-20 00:00:00,2026-07-20 14:14:00,300,NIFTY,STEALTH_BUILD_BEAR,ON,MED,0.0162,"Stealth bearish build (calls build, spot flat)","{""dedupe_key"":""NIFTY|STEALTH_BUILD_BEAR|ON|2026-07-20 14:14"",""threshold"":0.008,""value"":0.0162,""since_minute_bucket_ist"":"""",""last_updated_ist"":""2026-07-20 14:14:00""}"
2026-07-20 00:00:00,2026-07-20 14:15:00,301,NIFTY,FLOW_BEARISH_BUILD,OFF,HIGH,1899-12-29 23:43:17,Bearish build (premium-confirmed writing / resistance),"{""dedupe_key"":""NIFTY|FLOW_BEARISH_BUILD|OFF|2026-07-20 14:15"",""threshold"":0.005,""value"":-0.0116,""since_minute_bucket_ist"":""2026-07-20 14:14"",""last_updated_ist"":""2026-07-20 14:15:00""}"
2026-07-20 00:00:00,2026-07-20 14:15:00,301,NIFTY,REGIME_RANGE_PIN,OFF,LOW,0.0002,Range / pin (inside local walls),"{""dedupe_key"":""NIFTY|REGIME_RANGE_PIN|OFF|2026-07-20 14:15"",""threshold"":0.0004,""value"":0.0002,""since_minute_bucket_ist"":""2026-07-20 14:13"",""last_updated_ist"":""2026-07-20 14:15:00""}"
2026-07-20 00:00:00,2026-07-20 14:15:00,301,NIFTY,REGIME_TRANSITION_UNCERTAIN,ON,LOW,1,Transition/uncertain regime,"{""dedupe_key"":""NIFTY|REGIME_TRANSITION_UNCERTAIN|ON|2026-07-20 14:15"",""threshold"":1,""value"":1,""since_minute_bucket_ist"":"""",""last_updated_ist"":""2026-07-20 14:15:00""}"
2026-07-20 00:00:00,2026-07-20 14:15:00,301,NIFTY,EXP_RANGE_BREAKOUT_CONFIRMED_DOWN,ON,HIGH,2,Expected-range breakout CONFIRMED DOWN,"{""dedupe_key"":""NIFTY|EXP_RANGE_BREAKOUT_CONFIRMED_DOWN|ON|2026-07-20 14:15"",""threshold"":2,""value"":2,""since_minute_bucket_ist"":"""",""last_updated_ist"":""2026-07-20 14:15:00""}"
2026-07-20 00:00:00,2026-07-20 14:15:00,301,NIFTY,CHURN_COMMITTED,OFF,MED,-0.0003,Price move + aligned flow (committed),"{""dedupe_key"":""NIFTY|CHURN_COMMITTED|OFF|2026-07-20 14:15"",""threshold"":0.0001,""value"":-0.0003,""since_minute_bucket_ist"":""2026-07-20 14:13"",""last_updated_ist"":""2026-07-20 14:15:00""}"
2026-07-20 00:00:00,2026-07-20 14:15:00,301,NIFTY,STEALTH_BUILD_BEAR,OFF,MED,-0.0116,"Stealth bearish build (calls build, spot flat)","{""dedupe_key"":""NIFTY|STEALTH_BUILD_BEAR|OFF|2026-07-20 14:15"",""threshold"":0.008,""value"":-0.0116,""since_minute_bucket_ist"":""2026-07-20 14:14"",""last_updated_ist"":""2026-07-20 14:15:00""}"
2026-07-20 00:00:00,2026-07-20 14:16:00,302,NIFTY,FLOW_BULLISH_BUILD,ON,HIGH,0.005,Bullish build (premium-confirmed writing / support),"{""dedupe_key"":""NIFTY|FLOW_BULLISH_BUILD|ON|2026-07-20 14:16"",""threshold"":0.005,""value"":0.005,""since_minute_bucket_ist"":"""",""last_updated_ist"":""2026-07-20 14:16:00""}"
2026-07-20 00:00:00,2026-07-20 14:16:00,302,NIFTY,REGIME_TREND_DOWN,ON,MED,-0.0005,Trend DOWN (slope + direction),"{""dedupe_key"":""NIFTY|REGIME_TREND_DOWN|ON|2026-07-20 14:16"",""threshold"":-0.0004,""value"":-0.0005,""since_minute_bucket_ist"":"""",""last_updated_ist"":""2026-07-20 14:16:00""}"
2026-07-20 00:00:00,2026-07-20 14:16:00,302,NIFTY,REGIME_TRANSITION_UNCERTAIN,OFF,LOW,1,Transition/uncertain regime,"{""dedupe_key"":""NIFTY|REGIME_TRANSITION_UNCERTAIN|OFF|2026-07-20 14:16"",""threshold"":1,""value"":1,""since_minute_bucket_ist"":""2026-07-20 14:15"",""last_updated_ist"":""2026-07-20 14:16:00""}"
2026-07-20 00:00:00,2026-07-20 14:16:00,302,NIFTY,OPTION_MOMENTUM_PUT,OFF,MED,0.75,ATM PUT momentum (ltp up + vol up),"{""dedupe_key"":""NIFTY|OPTION_MOMENTUM_PUT|OFF|2026-07-20 14:16"",""threshold"":1.5,""value"":0.75,""since_minute_bucket_ist"":""2026-07-20 14:14"",""last_updated_ist"":""2026-07-20 14:16:00""}"
2026-07-20 00:00:00,2026-07-20 14:16:00,302,NIFTY,WALL_UNWIND_CONFIRM_UP,ON,MED,-0.0061,Call wall OI unwinding (5m),"{""dedupe_key"":""NIFTY|WALL_UNWIND_CONFIRM_UP|ON|2026-07-20 14:16"",""threshold"":-0.006,""value"":-0.0061,""since_minute_bucket_ist"":"""",""last_updated_ist"":""2026-07-20 14:16:00""}"
2026-07-20 00:00:00,2026-07-20 14:17:00,303,NIFTY,FLOW_BULLISH_BUILD,OFF,HIGH,0,Bullish build (premium-confirmed writing / support),"{""dedupe_key"":""NIFTY|FLOW_BULLISH_BUILD|OFF|2026-07-20 14:17"",""threshold"":0.005,""value"":0,""since_minute_bucket_ist"":""2026-07-20 14:16"",""last_updated_ist"":""2026-07-20 14:17:00""}"
2026-07-20 00:00:00,2026-07-20 14:17:00,303,NIFTY,VOL_CONTRACTION,OFF,LOW,-0.0139,Volatility contracting (straddle down),"{""dedupe_key"":""NIFTY|VOL_CONTRACTION|OFF|2026-07-20 14:17"",""threshold"":-0.03,""value"":-0.0139,""since_minute_bucket_ist"":""2026-07-20 14:14"",""last_updated_ist"":""2026-07-20 14:17:00""}"
2026-07-20 00:00:00,2026-07-20 14:18:00,304,NIFTY,FLOW_BULLISH_BUILD,ON,HIGH,0.0061,Bullish build (premium-confirmed writing / support),"{""dedupe_key"":""NIFTY|FLOW_BULLISH_BUILD|ON|2026-07-20 14:18"",""threshold"":0.005,""value"":0.0061,""since_minute_bucket_ist"":"""",""last_updated_ist"":""2026-07-20 14:18:00""}"
2026-07-20 00:00:00,2026-07-20 14:19:00,305,NIFTY,FLOW_BULLISH_BUILD,OFF,HIGH,0.0022,Bullish build (premium-confirmed writing / support),"{""dedupe_key"":""NIFTY|FLOW_BULLISH_BUILD|OFF|2026-07-20 14:19"",""threshold"":0.005,""value"":0.0022,""since_minute_bucket_ist"":""2026-07-20 14:18"",""last_updated_ist"":""2026-07-20 14:19:00""}"
2026-07-20 00:00:00,2026-07-20 14:19:00,305,NIFTY,REGIME_TREND_DOWN,OFF,MED,-0.0001,Trend DOWN (slope + direction),"{""dedupe_key"":""NIFTY|REGIME_TREND_DOWN|OFF|2026-07-20 14:19"",""threshold"":-0.0004,""value"":-0.0001,""since_minute_bucket_ist"":""2026-07-20 14:16"",""last_updated_ist"":""2026-07-20 14:19:00""}"
2026-07-20 00:00:00,2026-07-20 14:19:00,305,NIFTY,REGIME_RANGE_PIN,ON,LOW,0.0002,Range / pin (inside local walls),"{""dedupe_key"":""NIFTY|REGIME_RANGE_PIN|ON|2026-07-20 14:19"",""threshold"":0.0004,""value"":0.0002,""since_minute_bucket_ist"":"""",""last_updated_ist"":""2026-07-20 14:19:00""}"
2026-07-20 00:00:00,2026-07-20 14:19:00,305,NIFTY,EXP_RANGE_BREAKOUT_WATCH_DOWN,OFF,MED,24248.8,Expected-range watch DOWN,"{""dedupe_key"":""NIFTY|EXP_RANGE_BREAKOUT_WATCH_DOWN|OFF|2026-07-20 14:19"",""threshold"":24243.33,""value"":24248.8,""since_minute_bucket_ist"":""2026-07-20 14:14"",""last_updated_ist"":""2026-07-20 14:19:00""}"
2026-07-20 00:00:00,2026-07-20 14:19:00,305,NIFTY,EXP_RANGE_BREAKOUT_CONFIRMED_DOWN,OFF,HIGH,0,Expected-range breakout CONFIRMED DOWN,"{""dedupe_key"":""NIFTY|EXP_RANGE_BREAKOUT_CONFIRMED_DOWN|OFF|2026-07-20 14:19"",""threshold"":2,""value"":0,""since_minute_bucket_ist"":""2026-07-20 14:15"",""last_updated_ist"":""2026-07-20 14:19:00""}"
2026-07-20 00:00:00,2026-07-20 14:19:00,305,NIFTY,OPTION_MOMENTUM_CALL,ON,MED,2.85,ATM CALL momentum (ltp up + vol up),"{""dedupe_key"":""NIFTY|OPTION_MOMENTUM_CALL|ON|2026-07-20 14:19"",""threshold"":1.5,""value"":2.85,""since_minute_bucket_ist"":"""",""last_updated_ist"":""2026-07-20 14:19:00""}"
2026-07-20 00:00:00,2026-07-20 14:20:00,306,NIFTY,FLOW_BEARISH_BUILD,ON,HIGH,0.0167,Bearish build (premium-confirmed writing / resistance),"{""dedupe_key"":""NIFTY|FLOW_BEARISH_BUILD|ON|2026-07-20 14:20"",""threshold"":0.005,""value"":0.0167,""since_minute_bucket_ist"":"""",""last_updated_ist"":""2026-07-20 14:20:00""}"
2026-07-20 00:00:00,2026-07-20 14:20:00,306,NIFTY,REGIME_RANGE_PIN,OFF,LOW,0.0002,Range / pin (inside local walls),"{""dedupe_key"":""NIFTY|REGIME_RANGE_PIN|OFF|2026-07-20 14:20"",""threshold"":0.0004,""value"":0.0002,""since_minute_bucket_ist"":""2026-07-20 14:19"",""last_updated_ist"":""2026-07-20 14:20:00""}"
2026-07-20 00:00:00,2026-07-20 14:20:00,306,NIFTY,REGIME_TRANSITION_UNCERTAIN,ON,LOW,1,Transition/uncertain regime,"{""dedupe_key"":""NIFTY|REGIME_TRANSITION_UNCERTAIN|ON|2026-07-20 14:20"",""threshold"":1,""value"":1,""since_minute_bucket_ist"":"""",""last_updated_ist"":""2026-07-20 14:20:00""}"
2026-07-20 00:00:00,2026-07-20 14:20:00,306,NIFTY,OPTION_MOMENTUM_CALL,OFF,MED,0.65,ATM CALL momentum (ltp up + vol up),"{""dedupe_key"":""NIFTY|OPTION_MOMENTUM_CALL|OFF|2026-07-20 14:20"",""threshold"":1.5,""value"":0.65,""since_minute_bucket_ist"":""2026-07-20 14:19"",""last_updated_ist"":""2026-07-20 14:20:00""}"
2026-07-20 00:00:00,2026-07-20 14:20:00,306,NIFTY,WALL_UNWIND_CONFIRM_UP,OFF,MED,-0.0053,Call wall OI unwinding (5m),"{""dedupe_key"":""NIFTY|WALL_UNWIND_CONFIRM_UP|OFF|2026-07-20 14:20"",""threshold"":-0.006,""value"":-0.0053,""since_minute_bucket_ist"":""2026-07-20 14:16"",""last_updated_ist"":""2026-07-20 14:20:00""}"
2026-07-20 00:00:00,2026-07-20 14:20:00,306,NIFTY,STEALTH_BUILD_BEAR,ON,MED,0.0167,"Stealth bearish build (calls build, spot flat)","{""dedupe_key"":""NIFTY|STEALTH_BUILD_BEAR|ON|2026-07-20 14:20"",""threshold"":0.008,""value"":0.0167,""since_minute_bucket_ist"":"""",""last_updated_ist"":""2026-07-20 14:20:00""}"
2026-07-20 00:00:00,2026-07-20 14:21:00,307,NIFTY,FLOW_BEARISH_BUILD,OFF,HIGH,0.0109,Bearish build (premium-confirmed writing / resistance),"{""dedupe_key"":""NIFTY|FLOW_BEARISH_BUILD|OFF|2026-07-20 14:21"",""threshold"":0.005,""value"":0.0109,""since_minute_bucket_ist"":""2026-07-20 14:20"",""last_updated_ist"":""2026-07-20 14:21:00""}"
2026-07-20 00:00:00,2026-07-20 14:21:00,307,NIFTY,OPTION_MOMENTUM_CALL,ON,MED,1.9,ATM CALL momentum (ltp up + vol up),"{""dedupe_key"":""NIFTY|OPTION_MOMENTUM_CALL|ON|2026-07-20 14:21"",""threshold"":1.5,""value"":1.9,""since_minute_bucket_ist"":"""",""last_updated_ist"":""2026-07-20 14:21:00""}"
2026-07-20 00:00:00,2026-07-20 14:21:00,307,NIFTY,WALL_UNWIND_CONFIRM_DOWN,ON,MED,-0.0141,Put wall OI unwinding (5m),"{""dedupe_key"":""NIFTY|WALL_UNWIND_CONFIRM_DOWN|ON|2026-07-20 14:21"",""threshold"":-0.006,""value"":-0.0141,""since_minute_bucket_ist"":"""",""last_updated_ist"":""2026-07-20 14:21:00""}"
2026-07-20 00:00:00,2026-07-20 14:22:00,308,NIFTY,OPTION_MOMENTUM_CALL,OFF,MED,0,ATM CALL momentum (ltp up + vol up),"{""dedupe_key"":""NIFTY|OPTION_MOMENTUM_CALL|OFF|2026-07-20 14:22"",""threshold"":1.5,""value"":0,""since_minute_bucket_ist"":""2026-07-20 14:21"",""last_updated_ist"":""2026-07-20 14:22:00""}"
2026-07-20 00:00:00,2026-07-20 14:22:00,308,NIFTY,STEALTH_BUILD_BEAR,OFF,MED,0,"Stealth bearish build (calls build, spot flat)","{""dedupe_key"":""NIFTY|STEALTH_BUILD_BEAR|OFF|2026-07-20 14:22"",""threshold"":0.008,""value"":0,""since_minute_bucket_ist"":""2026-07-20 14:20"",""last_updated_ist"":""2026-07-20 14:22:00""}"
2026-07-20 00:00:00,2026-07-20 14:23:00,309,NIFTY,FLOW_BULLISH_BUILD,ON,HIGH,0.0031,Bullish build (premium-confirmed writing / support),"{""dedupe_key"":""NIFTY|FLOW_BULLISH_BUILD|ON|2026-07-20 14:23"",""threshold"":0.005,""value"":0.0031,""since_minute_bucket_ist"":"""",""last_updated_ist"":""2026-07-20 14:23:00""}"
2026-07-20 00:00:00,2026-07-20 14:23:00,309,NIFTY,REGIME_TREND_UP,ON,MED,0.0005,Trend UP (slope + direction),"{""dedupe_key"":""NIFTY|REGIME_TREND_UP|ON|2026-07-20 14:23"",""threshold"":0.0004,""value"":0.0005,""since_minute_bucket_ist"":"""",""last_updated_ist"":""2026-07-20 14:23:00""}"
2026-07-20 00:00:00,2026-07-20 14:23:00,309,NIFTY,REGIME_TRANSITION_UNCERTAIN,OFF,LOW,1,Transition/uncertain regime,"{""dedupe_key"":""NIFTY|REGIME_TRANSITION_UNCERTAIN|OFF|2026-07-20 14:23"",""threshold"":1,""value"":1,""since_minute_bucket_ist"":""2026-07-20 14:20"",""last_updated_ist"":""2026-07-20 14:23:00""}"
2026-07-20 00:00:00,2026-07-20 14:23:00,309,NIFTY,VOL_EXPANSION,ON,MED,0.0053,Volatility expanding (straddle up),"{""dedupe_key"":""NIFTY|VOL_EXPANSION|ON|2026-07-20 14:23"",""threshold"":0.02,""value"":0.0053,""since_minute_bucket_ist"":"""",""last_updated_ist"":""2026-07-20 14:23:00""}"
2026-07-20 00:00:00,2026-07-20 14:23:00,309,NIFTY,CHURN_COMMITTED,ON,MED,0.0002,Price move + aligned flow (committed),"{""dedupe_key"":""NIFTY|CHURN_COMMITTED|ON|2026-07-20 14:23"",""threshold"":0.0001,""value"":0.0002,""since_minute_bucket_ist"":"""",""last_updated_ist"":""2026-07-20 14:23:00""}"
2026-07-20 00:00:00,2026-07-20 14:24:00,310,NIFTY,REGIME_TREND_UP,OFF,MED,0.0003,Trend UP (slope + direction),"{""dedupe_key"":""NIFTY|REGIME_TREND_UP|OFF|2026-07-20 14:24"",""threshold"":0.0004,""value"":0.0003,""since_minute_bucket_ist"":""2026-07-20 14:23"",""last_updated_ist"":""2026-07-20 14:24:00""}"
2026-07-20 00:00:00,2026-07-20 14:24:00,310,NIFTY,REGIME_TRANSITION_UNCERTAIN,ON,LOW,1,Transition/uncertain regime,"{""dedupe_key"":""NIFTY|REGIME_TRANSITION_UNCERTAIN|ON|2026-07-20 14:24"",""threshold"":1,""value"":1,""since_minute_bucket_ist"":"""",""last_updated_ist"":""2026-07-20 14:24:00""}"
2026-07-20 00:00:00,2026-07-20 14:24:00,310,NIFTY,OPTION_MOMENTUM_CALL,ON,MED,2.85,ATM CALL momentum (ltp up + vol up),"{""dedupe_key"":""NIFTY|OPTION_MOMENTUM_CALL|ON|2026-07-20 14:24"",""threshold"":1.5,""value"":2.85,""since_minute_bucket_ist"":"""",""last_updated_ist"":""2026-07-20 14:24:00""}"
2026-07-20 00:00:00,2026-07-20 14:24:00,310,NIFTY,CHURN_COMMITTED,OFF,MED,0.0001,Price move + aligned flow (committed),"{""dedupe_key"":""NIFTY|CHURN_COMMITTED|OFF|2026-07-20 14:24"",""threshold"":0.0001,""value"":0.0001,""since_minute_bucket_ist"":""2026-07-20 14:23"",""last_updated_ist"":""2026-07-20 14:24:00""}"
2026-07-20 00:00:00,2026-07-20 14:25:00,311,NIFTY,FLOW_BULLISH_BUILD,OFF,HIGH,0.0007,Bullish build (premium-confirmed writing / support),"{""dedupe_key"":""NIFTY|FLOW_BULLISH_BUILD|OFF|2026-07-20 14:25"",""threshold"":0.005,""value"":0.0007,""since_minute_bucket_ist"":""2026-07-20 14:23"",""last_updated_ist"":""2026-07-20 14:25:00""}"
2026-07-20 00:00:00,2026-07-20 14:25:00,311,NIFTY,REGIME_RANGE_PIN,ON,LOW,0.0001,Range / pin (inside local walls),"{""dedupe_key"":""NIFTY|REGIME_RANGE_PIN|ON|2026-07-20 14:25"",""threshold"":0.0004,""value"":0.0001,""since_minute_bucket_ist"":"""",""last_updated_ist"":""2026-07-20 14:25:00""}"
2026-07-20 00:00:00,2026-07-20 14:25:00,311,NIFTY,REGIME_TRANSITION_UNCERTAIN,OFF,LOW,1,Transition/uncertain regime,"{""dedupe_key"":""NIFTY|REGIME_TRANSITION_UNCERTAIN|OFF|2026-07-20 14:25"",""threshold"":1,""value"":1,""since_minute_bucket_ist"":""2026-07-20 14:24"",""last_updated_ist"":""2026-07-20 14:25:00""}"
2026-07-20 00:00:00,2026-07-20 14:25:00,311,NIFTY,VOL_EXPANSION,OFF,MED,-0.0003,Volatility expanding (straddle up),"{""dedupe_key"":""NIFTY|VOL_EXPANSION|OFF|2026-07-20 14:25"",""threshold"":0.02,""value"":-0.0003,""since_minute_bucket_ist"":""2026-07-20 14:23"",""last_updated_ist"":""2026-07-20 14:25:00""}"
2026-07-20 00:00:00,2026-07-20 14:25:00,311,NIFTY,OPTION_MOMENTUM_CALL,OFF,MED,-3.05,ATM CALL momentum (ltp up + vol up),"{""dedupe_key"":""NIFTY|OPTION_MOMENTUM_CALL|OFF|2026-07-20 14:25"",""threshold"":1.5,""value"":-3.05,""since_minute_bucket_ist"":""2026-07-20 14:24"",""last_updated_ist"":""2026-07-20 14:25:00""}"
2026-07-20 00:00:00,2026-07-20 14:25:00,311,NIFTY,OPTION_MOMENTUM_PUT,ON,MED,2.55,ATM PUT momentum (ltp up + vol up),"{""dedupe_key"":""NIFTY|OPTION_MOMENTUM_PUT|ON|2026-07-20 14:25"",""threshold"":1.5,""value"":2.55,""since_minute_bucket_ist"":"""",""last_updated_ist"":""2026-07-20 14:25:00""}"
2026-07-20 00:00:00,2026-07-20 14:25:00,311,NIFTY,WALL_UNWIND_CONFIRM_DOWN,OFF,MED,-0.0031,Put wall OI unwinding (5m),"{""dedupe_key"":""NIFTY|WALL_UNWIND_CONFIRM_DOWN|OFF|2026-07-20 14:25"",""threshold"":-0.006,""value"":-0.0031,""since_minute_bucket_ist"":""2026-07-20 14:21"",""last_updated_ist"":""2026-07-20 14:25:00""}"
2026-07-20 00:00:00,2026-07-20 14:26:00,312,NIFTY,FLOW_BULLISH_BUILD,ON,HIGH,0.0018,Bullish build (premium-confirmed writing / support),"{""dedupe_key"":""NIFTY|FLOW_BULLISH_BUILD|ON|2026-07-20 14:26"",""threshold"":0.005,""value"":0.0018,""since_minute_bucket_ist"":"""",""last_updated_ist"":""2026-07-20 14:26:00""}"
2026-07-20 00:00:00,2026-07-20 14:26:00,312,NIFTY,VOL_CONTRACTION,ON,LOW,-0.0076,Volatility contracting (straddle down),"{""dedupe_key"":""NIFTY|VOL_CONTRACTION|ON|2026-07-20 14:26"",""threshold"":-0.03,""value"":-0.0076,""since_minute_bucket_ist"":"""",""last_updated_ist"":""2026-07-20 14:26:00""}"
2026-07-20 00:00:00,2026-07-20 14:26:00,312,NIFTY,OPTION_MOMENTUM_PUT,OFF,MED,0.6,ATM PUT momentum (ltp up + vol up),"{""dedupe_key"":""NIFTY|OPTION_MOMENTUM_PUT|OFF|2026-07-20 14:26"",""threshold"":1.5,""value"":0.6,""since_minute_bucket_ist"":""2026-07-20 14:25"",""last_updated_ist"":""2026-07-20 14:26:00""}"
2026-07-20 00:00:00,2026-07-20 14:27:00,313,NIFTY,WALL_UNWIND_CONFIRM_UP,ON,MED,-0.0128,Call wall OI unwinding (5m),"{""dedupe_key"":""NIFTY|WALL_UNWIND_CONFIRM_UP|ON|2026-07-20 14:27"",""threshold"":-0.006,""value"":-0.0128,""since_minute_bucket_ist"":"""",""last_updated_ist"":""2026-07-20 14:27:00""}"
2026-07-20 00:00:00,2026-07-20 14:28:00,314,NIFTY,FLOW_BULLISH_BUILD,OFF,HIGH,-0.0002,Bullish build (premium-confirmed writing / support),"{""dedupe_key"":""NIFTY|FLOW_BULLISH_BUILD|OFF|2026-07-20 14:28"",""threshold"":0.005,""value"":-0.0002,""since_minute_bucket_ist"":""2026-07-20 14:26"",""last_updated_ist"":""2026-07-20 14:28:00""}"
2026-07-20 00:00:00,2026-07-20 14:28:00,314,NIFTY,VOL_CONTRACTION,OFF,LOW,-0.005,Volatility contracting (straddle down),"{""dedupe_key"":""NIFTY|VOL_CONTRACTION|OFF|2026-07-20 14:28"",""threshold"":-0.03,""value"":-0.005,""since_minute_bucket_ist"":""2026-07-20 14:26"",""last_updated_ist"":""2026-07-20 14:28:00""}"
2026-07-20 00:00:00,2026-07-20 14:28:00,314,NIFTY,OPTION_MOMENTUM_CALL,ON,MED,2.65,ATM CALL momentum (ltp up + vol up),"{""dedupe_key"":""NIFTY|OPTION_MOMENTUM_CALL|ON|2026-07-20 14:28"",""threshold"":1.5,""value"":2.65,""since_minute_bucket_ist"":"""",""last_updated_ist"":""2026-07-20 14:28:00""}"
2026-07-20 00:00:00,2026-07-20 14:29:00,315,NIFTY,OPTION_MOMENTUM_CALL,OFF,MED,-1.45,ATM CALL momentum (ltp up + vol up),"{""dedupe_key"":""NIFTY|OPTION_MOMENTUM_CALL|OFF|2026-07-20 14:29"",""threshold"":1.5,""value"":-1.45,""since_minute_bucket_ist"":""2026-07-20 14:28"",""last_updated_ist"":""2026-07-20 14:29:00""}"
2026-07-20 00:00:00,2026-07-20 14:31:00,317,NIFTY,REGIME_RANGE_PIN,OFF,LOW,0.0001,Range / pin (inside local walls),"{""dedupe_key"":""NIFTY|REGIME_RANGE_PIN|OFF|2026-07-20 14:31"",""threshold"":0.0004,""value"":0.0001,""since_minute_bucket_ist"":""2026-07-20 14:25"",""last_updated_ist"":""2026-07-20 14:31:00""}"
2026-07-20 00:00:00,2026-07-20 14:31:00,317,NIFTY,REGIME_TRANSITION_UNCERTAIN,ON,LOW,1,Transition/uncertain regime,"{""dedupe_key"":""NIFTY|REGIME_TRANSITION_UNCERTAIN|ON|2026-07-20 14:31"",""threshold"":1,""value"":1,""since_minute_bucket_ist"":"""",""last_updated_ist"":""2026-07-20 14:31:00""}"
2026-07-20 00:00:00,2026-07-20 14:31:00,317,NIFTY,EXP_RANGE_BREAKOUT_WATCH_DOWN,ON,MED,24247.25,Expected-range watch DOWN,"{""dedupe_key"":""NIFTY|EXP_RANGE_BREAKOUT_WATCH_DOWN|ON|2026-07-20 14:31"",""threshold"":24249.87,""value"":24247.25,""since_minute_bucket_ist"":"""",""last_updated_ist"":""2026-07-20 14:31:00""}"
2026-07-20 00:00:00,2026-07-20 14:31:00,317,NIFTY,VOL_CONTRACTION,ON,LOW,-0.0037,Volatility contracting (straddle down),"{""dedupe_key"":""NIFTY|VOL_CONTRACTION|ON|2026-07-20 14:31"",""threshold"":-0.03,""value"":-0.0037,""since_minute_bucket_ist"":"""",""last_updated_ist"":""2026-07-20 14:31:00""}"
2026-07-20 00:00:00,2026-07-20 14:31:00,317,NIFTY,OPTION_MOMENTUM_PUT,ON,MED,4.15,ATM PUT momentum (ltp up + vol up),"{""dedupe_key"":""NIFTY|OPTION_MOMENTUM_PUT|ON|2026-07-20 14:31"",""threshold"":1.5,""value"":4.15,""since_minute_bucket_ist"":"""",""last_updated_ist"":""2026-07-20 14:31:00""}"
2026-07-20 00:00:00,2026-07-20 14:31:00,317,NIFTY,WALL_UNWIND_CONFIRM_DOWN,ON,MED,-0.0073,Put wall OI unwinding (5m),"{""dedupe_key"":""NIFTY|WALL_UNWIND_CONFIRM_DOWN|ON|2026-07-20 14:31"",""threshold"":-0.006,""value"":-0.0073,""since_minute_bucket_ist"":"""",""last_updated_ist"":""2026-07-20 14:31:00""}"
2026-07-20 00:00:00,2026-07-20 14:32:00,318,NIFTY,FLOW_BULLISH_BUILD,ON,HIGH,0.008,Bullish build (premium-confirmed writing / support),"{""dedupe_key"":""NIFTY|FLOW_BULLISH_BUILD|ON|2026-07-20 14:32"",""threshold"":0.005,""value"":0.008,""since_minute_bucket_ist"":"""",""last_updated_ist"":""2026-07-20 14:32:00""}"
2026-07-20 00:00:00,2026-07-20 14:32:00,318,NIFTY,REGIME_TREND_DOWN,ON,MED,-0.0005,Trend DOWN (slope + direction),"{""dedupe_key"":""NIFTY|REGIME_TREND_DOWN|ON|2026-07-20 14:32"",""threshold"":-0.0004,""value"":-0.0005,""since_minute_bucket_ist"":"""",""last_updated_ist"":""2026-07-20 14:32:00""}"
2026-07-20 00:00:00,2026-07-20 14:32:00,318,NIFTY,REGIME_TRANSITION_UNCERTAIN,OFF,LOW,1,Transition/uncertain regime,"{""dedupe_key"":""NIFTY|REGIME_TRANSITION_UNCERTAIN|OFF|2026-07-20 14:32"",""threshold"":1,""value"":1,""since_minute_bucket_ist"":""2026-07-20 14:31"",""last_updated_ist"":""2026-07-20 14:32:00""}"
2026-07-20 00:00:00,2026-07-20 14:32:00,318,NIFTY,EXP_RANGE_BREAKOUT_CONFIRMED_DOWN,ON,HIGH,2,Expected-range breakout CONFIRMED DOWN,"{""dedupe_key"":""NIFTY|EXP_RANGE_BREAKOUT_CONFIRMED_DOWN|ON|2026-07-20 14:32"",""threshold"":2,""value"":2,""since_minute_bucket_ist"":"""",""last_updated_ist"":""2026-07-20 14:32:00""}"
2026-07-20 00:00:00,2026-07-20 14:32:00,318,NIFTY,VOL_CONTRACTION,OFF,LOW,-0.0043,Volatility contracting (straddle down),"{""dedupe_key"":""NIFTY|VOL_CONTRACTION|OFF|2026-07-20 14:32"",""threshold"":-0.03,""value"":-0.0043,""since_minute_bucket_ist"":""2026-07-20 14:31"",""last_updated_ist"":""2026-07-20 14:32:00""}"
2026-07-20 00:00:00,2026-07-20 14:32:00,318,NIFTY,OPTION_MOMENTUM_PUT,OFF,MED,-0.15,ATM PUT momentum (ltp up + vol up),"{""dedupe_key"":""NIFTY|OPTION_MOMENTUM_PUT|OFF|2026-07-20 14:32"",""threshold"":1.5,""value"":-0.15,""since_minute_bucket_ist"":""2026-07-20 14:31"",""last_updated_ist"":""2026-07-20 14:32:00""}"
2026-07-20 00:00:00,2026-07-20 14:32:00,318,NIFTY,WALL_UNWIND_CONFIRM_DOWN,OFF,MED,-0.0014,Put wall OI unwinding (5m),"{""dedupe_key"":""NIFTY|WALL_UNWIND_CONFIRM_DOWN|OFF|2026-07-20 14:32"",""threshold"":-0.006,""value"":-0.0014,""since_minute_bucket_ist"":""2026-07-20 14:31"",""last_updated_ist"":""2026-07-20 14:32:00""}"
2026-07-20 00:00:00,2026-07-20 14:33:00,319,NIFTY,VOL_CONTRACTION,ON,LOW,-0.0037,Volatility contracting (straddle down),"{""dedupe_key"":""NIFTY|VOL_CONTRACTION|ON|2026-07-20 14:33"",""threshold"":-0.03,""value"":-0.0037,""since_minute_bucket_ist"":"""",""last_updated_ist"":""2026-07-20 14:33:00""}"
2026-07-20 00:00:00,2026-07-20 14:34:00,320,NIFTY,FLOW_BULLISH_BUILD,OFF,HIGH,-0.0016,Bullish build (premium-confirmed writing / support),"{""dedupe_key"":""NIFTY|FLOW_BULLISH_BUILD|OFF|2026-07-20 14:34"",""threshold"":0.005,""value"":-0.0016,""since_minute_bucket_ist"":""2026-07-20 14:32"",""last_updated_ist"":""2026-07-20 14:34:00""}"
2026-07-20 00:00:00,2026-07-20 14:34:00,320,NIFTY,REGIME_TREND_DOWN,OFF,MED,-0.0004,Trend DOWN (slope + direction),"{""dedupe_key"":""NIFTY|REGIME_TREND_DOWN|OFF|2026-07-20 14:34"",""threshold"":-0.0004,""value"":-0.0004,""since_minute_bucket_ist"":""2026-07-20 14:32"",""last_updated_ist"":""2026-07-20 14:34:00""}"
2026-07-20 00:00:00,2026-07-20 14:34:00,320,NIFTY,REGIME_TRANSITION_UNCERTAIN,ON,LOW,1,Transition/uncertain regime,"{""dedupe_key"":""NIFTY|REGIME_TRANSITION_UNCERTAIN|ON|2026-07-20 14:34"",""threshold"":1,""value"":1,""since_minute_bucket_ist"":"""",""last_updated_ist"":""2026-07-20 14:34:00""}"
2026-07-20 00:00:00,2026-07-20 14:34:00,320,NIFTY,EXP_RANGE_BREAKOUT_WATCH_DOWN,OFF,MED,24244.1,Expected-range watch DOWN,"{""dedupe_key"":""NIFTY|EXP_RANGE_BREAKOUT_WATCH_DOWN|OFF|2026-07-20 14:34"",""threshold"":24243.95,""value"":24244.1,""since_minute_bucket_ist"":""2026-07-20 14:31"",""last_updated_ist"":""2026-07-20 14:34:00""}"
2026-07-20 00:00:00,2026-07-20 14:34:00,320,NIFTY,EXP_RANGE_BREAKOUT_CONFIRMED_DOWN,OFF,HIGH,0,Expected-range breakout CONFIRMED DOWN,"{""dedupe_key"":""NIFTY|EXP_RANGE_BREAKOUT_CONFIRMED_DOWN|OFF|2026-07-20 14:34"",""threshold"":2,""value"":0,""since_minute_bucket_ist"":""2026-07-20 14:32"",""last_updated_ist"":""2026-07-20 14:34:00""}"
2026-07-20 00:00:00,2026-07-20 14:34:00,320,NIFTY,OPTION_MOMENTUM_PUT,ON,MED,1.85,ATM PUT momentum (ltp up + vol up),"{""dedupe_key"":""NIFTY|OPTION_MOMENTUM_PUT|ON|2026-07-20 14:34"",""threshold"":1.5,""value"":1.85,""since_minute_bucket_ist"":"""",""last_updated_ist"":""2026-07-20 14:34:00""}"
2026-07-20 00:00:00,2026-07-20 14:35:00,321,NIFTY,FLOW_BEARISH_BUILD,ON,HIGH,0.0035,Bearish build (premium-confirmed writing / resistance),"{""dedupe_key"":""NIFTY|FLOW_BEARISH_BUILD|ON|2026-07-20 14:35"",""threshold"":0.005,""value"":0.0035,""since_minute_bucket_ist"":"""",""last_updated_ist"":""2026-07-20 14:35:00""}"
2026-07-20 00:00:00,2026-07-20 14:35:00,321,NIFTY,REGIME_TREND_DOWN,ON,MED,-0.0006,Trend DOWN (slope + direction),"{""dedupe_key"":""NIFTY|REGIME_TREND_DOWN|ON|2026-07-20 14:35"",""threshold"":-0.0004,""value"":-0.0006,""since_minute_bucket_ist"":"""",""last_updated_ist"":""2026-07-20 14:35:00""}"
2026-07-20 00:00:00,2026-07-20 14:35:00,321,NIFTY,REGIME_TRANSITION_UNCERTAIN,OFF,LOW,1,Transition/uncertain regime,"{""dedupe_key"":""NIFTY|REGIME_TRANSITION_UNCERTAIN|OFF|2026-07-20 14:35"",""threshold"":1,""value"":1,""since_minute_bucket_ist"":""2026-07-20 14:34"",""last_updated_ist"":""2026-07-20 14:35:00""}"
2026-07-20 00:00:00,2026-07-20 14:35:00,321,NIFTY,EXP_RANGE_BREAKOUT_WATCH_DOWN,ON,MED,24239.4,Expected-range watch DOWN,"{""dedupe_key"":""NIFTY|EXP_RANGE_BREAKOUT_WATCH_DOWN|ON|2026-07-20 14:35"",""threshold"":24241.59,""value"":24239.4,""since_minute_bucket_ist"":"""",""last_updated_ist"":""2026-07-20 14:35:00""}"
2026-07-20 00:00:00,2026-07-20 14:35:00,321,NIFTY,OPTION_MOMENTUM_PUT,OFF,MED,0.65,ATM PUT momentum (ltp up + vol up),"{""dedupe_key"":""NIFTY|OPTION_MOMENTUM_PUT|OFF|2026-07-20 14:35"",""threshold"":1.5,""value"":0.65,""since_minute_bucket_ist"":""2026-07-20 14:34"",""last_updated_ist"":""2026-07-20 14:35:00""}"
2026-07-20 00:00:00,2026-07-20 14:35:00,321,NIFTY,CHURN_COMMITTED,ON,MED,-0.0002,Price move + aligned flow (committed),"{""dedupe_key"":""NIFTY|CHURN_COMMITTED|ON|2026-07-20 14:35"",""threshold"":0.0001,""value"":-0.0002,""since_minute_bucket_ist"":"""",""last_updated_ist"":""2026-07-20 14:35:00""}"
2026-07-20 00:00:00,2026-07-20 14:36:00,322,NIFTY,FLOW_BEARISH_BUILD,OFF,HIGH,-0.0041,Bearish build (premium-confirmed writing / resistance),"{""dedupe_key"":""NIFTY|FLOW_BEARISH_BUILD|OFF|2026-07-20 14:36"",""threshold"":0.005,""value"":-0.0041,""since_minute_bucket_ist"":""2026-07-20 14:35"",""last_updated_ist"":""2026-07-20 14:36:00""}"
2026-07-20 00:00:00,2026-07-20 14:36:00,322,NIFTY,PIN_BASIC,ON,LOW,37.5,Spot near a local wall (pin zone),"{""dedupe_key"":""NIFTY|PIN_BASIC|ON|2026-07-20 14:36"",""threshold"":37.5,""value"":37.5,""since_minute_bucket_ist"":"""",""last_updated_ist"":""2026-07-20 14:36:00""}"
2026-07-20 00:00:00,2026-07-20 14:36:00,322,NIFTY,EXP_RANGE_BREAKOUT_CONFIRMED_DOWN,ON,HIGH,2,Expected-range breakout CONFIRMED DOWN,"{""dedupe_key"":""NIFTY|EXP_RANGE_BREAKOUT_CONFIRMED_DOWN|ON|2026-07-20 14:36"",""threshold"":2,""value"":2,""since_minute_bucket_ist"":"""",""last_updated_ist"":""2026-07-20 14:36:00""}"
2026-07-20 00:00:00,2026-07-20 14:36:00,322,NIFTY,CHURN_COMMITTED,OFF,MED,-0.0002,Price move + aligned flow (committed),"{""dedupe_key"":""NIFTY|CHURN_COMMITTED|OFF|2026-07-20 14:36"",""threshold"":0.0001,""value"":-0.0002,""since_minute_bucket_ist"":""2026-07-20 14:35"",""last_updated_ist"":""2026-07-20 14:36:00""}"
2026-07-20 00:00:00,2026-07-20 14:38:00,324,NIFTY,OPTION_MOMENTUM_PUT,ON,MED,2.95,ATM PUT momentum (ltp up + vol up),"{""dedupe_key"":""NIFTY|OPTION_MOMENTUM_PUT|ON|2026-07-20 14:38"",""threshold"":1.5,""value"":2.95,""since_minute_bucket_ist"":"""",""last_updated_ist"":""2026-07-20 14:38:00""}"
2026-07-20 00:00:00,2026-07-20 14:39:00,325,NIFTY,REGIME_TREND_DOWN,OFF,MED,-0.0006,Trend DOWN (slope + direction),"{""dedupe_key"":""NIFTY|REGIME_TREND_DOWN|OFF|2026-07-20 14:39"",""threshold"":-0.0004,""value"":-0.0006,""since_minute_bucket_ist"":""2026-07-20 14:35"",""last_updated_ist"":""2026-07-20 14:39:00""}"
2026-07-20 00:00:00,2026-07-20 14:39:00,325,NIFTY,REGIME_TRANSITION_UNCERTAIN,ON,LOW,1,Transition/uncertain regime,"{""dedupe_key"":""NIFTY|REGIME_TRANSITION_UNCERTAIN|ON|2026-07-20 14:39"",""threshold"":1,""value"":1,""since_minute_bucket_ist"":"""",""last_updated_ist"":""2026-07-20 14:39:00""}"
2026-07-20 00:00:00,2026-07-20 14:39:00,325,NIFTY,OPTION_MOMENTUM_PUT,OFF,MED,1899-12-29 09:36:00,ATM PUT momentum (ltp up + vol up),"{""dedupe_key"":""NIFTY|OPTION_MOMENTUM_PUT|OFF|2026-07-20 14:39"",""threshold"":1.5,""value"":-0.6,""since_minute_bucket_ist"":""2026-07-20 14:38"",""last_updated_ist"":""2026-07-20 14:39:00""}"
2026-07-20 00:00:00,2026-07-20 14:40:00,326,NIFTY,EXP_RANGE_BREAKOUT_WATCH_DOWN,OFF,MED,24229.95,Expected-range watch DOWN,"{""dedupe_key"":""NIFTY|EXP_RANGE_BREAKOUT_WATCH_DOWN|OFF|2026-07-20 14:40"",""threshold"":24227.68,""value"":24229.95,""since_minute_bucket_ist"":""2026-07-20 14:35"",""last_updated_ist"":""2026-07-20 14:40:00""}"
2026-07-20 00:00:00,2026-07-20 14:40:00,326,NIFTY,EXP_RANGE_BREAKOUT_CONFIRMED_DOWN,OFF,HIGH,0,Expected-range breakout CONFIRMED DOWN,"{""dedupe_key"":""NIFTY|EXP_RANGE_BREAKOUT_CONFIRMED_DOWN|OFF|2026-07-20 14:40"",""threshold"":2,""value"":0,""since_minute_bucket_ist"":""2026-07-20 14:36"",""last_updated_ist"":""2026-07-20 14:40:00""}"
2026-07-20 00:00:00,2026-07-20 14:41:00,327,NIFTY,REGIME_RANGE_PIN,ON,LOW,0.0002,Range / pin (inside local walls),"{""dedupe_key"":""NIFTY|REGIME_RANGE_PIN|ON|2026-07-20 14:41"",""threshold"":0.0004,""value"":0.0002,""since_minute_bucket_ist"":"""",""last_updated_ist"":""2026-07-20 14:41:00""}"
2026-07-20 00:00:00,2026-07-20 14:41:00,327,NIFTY,REGIME_TRANSITION_UNCERTAIN,OFF,LOW,1,Transition/uncertain regime,"{""dedupe_key"":""NIFTY|REGIME_TRANSITION_UNCERTAIN|OFF|2026-07-20 14:41"",""threshold"":1,""value"":1,""since_minute_bucket_ist"":""2026-07-20 14:39"",""last_updated_ist"":""2026-07-20 14:41:00""}"
2026-07-20 00:00:00,2026-07-20 14:41:00,327,NIFTY,OPTION_MOMENTUM_CALL,ON,MED,1900-01-01 13:12:00,ATM CALL momentum (ltp up + vol up),"{""dedupe_key"":""NIFTY|OPTION_MOMENTUM_CALL|ON|2026-07-20 14:41"",""threshold"":1.5,""value"":2.55,""since_minute_bucket_ist"":"""",""last_updated_ist"":""2026-07-20 14:41:00""}"
2026-07-20 00:00:00,2026-07-20 14:42:00,328,NIFTY,REGIME_RANGE_PIN,OFF,LOW,0.0002,Range / pin (inside local walls),"{""dedupe_key"":""NIFTY|REGIME_RANGE_PIN|OFF|2026-07-20 14:42"",""threshold"":0.0004,""value"":0.0002,""since_minute_bucket_ist"":""2026-07-20 14:41"",""last_updated_ist"":""2026-07-20 14:42:00""}"
2026-07-20 00:00:00,2026-07-20 14:42:00,328,NIFTY,REGIME_TRANSITION_UNCERTAIN,ON,LOW,1,Transition/uncertain regime,"{""dedupe_key"":""NIFTY|REGIME_TRANSITION_UNCERTAIN|ON|2026-07-20 14:42"",""threshold"":1,""value"":1,""since_minute_bucket_ist"":"""",""last_updated_ist"":""2026-07-20 14:42:00""}"
2026-07-20 00:00:00,2026-07-20 14:42:00,328,NIFTY,PIN_BASIC,OFF,LOW,37.5,Spot near a local wall (pin zone),"{""dedupe_key"":""NIFTY|PIN_BASIC|OFF|2026-07-20 14:42"",""threshold"":37.5,""value"":37.5,""since_minute_bucket_ist"":""2026-07-20 14:36"",""last_updated_ist"":""2026-07-20 14:42:00""}"
2026-07-20 00:00:00,2026-07-20 14:42:00,328,NIFTY,OPTION_MOMENTUM_CALL,OFF,MED,1.1,ATM CALL momentum (ltp up + vol up),"{""dedupe_key"":""NIFTY|OPTION_MOMENTUM_CALL|OFF|2026-07-20 14:42"",""threshold"":1.5,""value"":1.1,""since_minute_bucket_ist"":""2026-07-20 14:41"",""last_updated_ist"":""2026-07-20 14:42:00""}"
2026-07-20 00:00:00,2026-07-20 14:42:00,328,NIFTY,WALL_UNWIND_CONFIRM_UP,OFF,MED,0.0057,Call wall OI unwinding (5m),"{""dedupe_key"":""NIFTY|WALL_UNWIND_CONFIRM_UP|OFF|2026-07-20 14:42"",""threshold"":-0.006,""value"":0.0057,""since_minute_bucket_ist"":""2026-07-20 14:27"",""last_updated_ist"":""2026-07-20 14:42:00""}"
2026-07-20 00:00:00,2026-07-20 14:42:00,328,NIFTY,WALL_UNWIND_CONFIRM_DOWN,ON,MED,-0.0164,Put wall OI unwinding (5m),"{""dedupe_key"":""NIFTY|WALL_UNWIND_CONFIRM_DOWN|ON|2026-07-20 14:42"",""threshold"":-0.006,""value"":-0.0164,""since_minute_bucket_ist"":"""",""last_updated_ist"":""2026-07-20 14:42:00""}"
2026-07-20 00:00:00,2026-07-20 14:42:00,328,NIFTY,STEALTH_BUILD_BEAR,ON,MED,0.0098,"Stealth bearish build (calls build, spot flat)","{""dedupe_key"":""NIFTY|STEALTH_BUILD_BEAR|ON|2026-07-20 14:42"",""threshold"":0.008,""value"":0.0098,""since_minute_bucket_ist"":"""",""last_updated_ist"":""2026-07-20 14:42:00""}"
2026-07-20 00:00:00,2026-07-20 14:43:00,329,NIFTY,FLOW_BEARISH_BUILD,ON,HIGH,0.0088,Bearish build (premium-confirmed writing / resistance),"{""dedupe_key"":""NIFTY|FLOW_BEARISH_BUILD|ON|2026-07-20 14:43"",""threshold"":0.005,""value"":0.0088,""since_minute_bucket_ist"":"""",""last_updated_ist"":""2026-07-20 14:43:00""}"
2026-07-20 00:00:00,2026-07-20 14:43:00,329,NIFTY,PIN_BASIC,ON,LOW,37.5,Spot near a local wall (pin zone),"{""dedupe_key"":""NIFTY|PIN_BASIC|ON|2026-07-20 14:43"",""threshold"":37.5,""value"":37.5,""since_minute_bucket_ist"":"""",""last_updated_ist"":""2026-07-20 14:43:00""}"
2026-07-20 00:00:00,2026-07-20 14:43:00,329,NIFTY,PIN_BREAKOUT_SETUP,ON,MED,-4.849999999998545,Pin breakout setup (wall touch + aligned flow),"{""dedupe_key"":""NIFTY|PIN_BREAKOUT_SETUP|ON|2026-07-20 14:43"",""threshold"":0,""value"":-4.849999999998545,""since_minute_bucket_ist"":"""",""last_updated_ist"":""2026-07-20 14:43:00""}"
2026-07-20 00:00:00,2026-07-20 14:43:00,329,NIFTY,VOL_CONTRACTION,OFF,LOW,-0.0027,Volatility contracting (straddle down),"{""dedupe_key"":""NIFTY|VOL_CONTRACTION|OFF|2026-07-20 14:43"",""threshold"":-0.03,""value"":-0.0027,""since_minute_bucket_ist"":""2026-07-20 14:33"",""last_updated_ist"":""2026-07-20 14:43:00""}"
2026-07-20 00:00:00,2026-07-20 14:43:00,329,NIFTY,OPTION_MOMENTUM_PUT,ON,MED,1.85,ATM PUT momentum (ltp up + vol up),"{""dedupe_key"":""NIFTY|OPTION_MOMENTUM_PUT|ON|2026-07-20 14:43"",""threshold"":1.5,""value"":1.85,""since_minute_bucket_ist"":"""",""last_updated_ist"":""2026-07-20 14:43:00""}"
2026-07-20 00:00:00,2026-07-20 14:43:00,329,NIFTY,CHURN_COMMITTED,ON,MED,-0.0002,Price move + aligned flow (committed),"{""dedupe_key"":""NIFTY|CHURN_COMMITTED|ON|2026-07-20 14:43"",""threshold"":0.0001,""value"":-0.0002,""since_minute_bucket_ist"":"""",""last_updated_ist"":""2026-07-20 14:43:00""}"
2026-07-20 00:00:00,2026-07-20 14:43:00,329,NIFTY,WALL_PRESSURE_BREAK_SETUP,ON,MED,-4.849999999998545,Pressure building into a wall (break setup),"{""dedupe_key"":""NIFTY|WALL_PRESSURE_BREAK_SETUP|ON|2026-07-20 14:43"",""threshold"":0,""value"":-4.849999999998545,""since_minute_bucket_ist"":"""",""last_updated_ist"":""2026-07-20 14:43:00""}"
2026-07-20 00:00:00,2026-07-20 14:44:00,330,NIFTY,TRADE_LIMIT_REACHED,ON,MED,12,Cooldown active (2m),"{""dedupe_key"":""NIFTY|TRADE_LIMIT_REACHED|ON|2026-07-20 14:44"",""threshold"":500,""value"":12,""since_minute_bucket_ist"":"""",""last_updated_ist"":""2026-07-20 14:44:00""}"
2026-07-20 00:00:00,2026-07-20 14:44:00,330,NIFTY,FLOW_BEARISH_BUILD,OFF,HIGH,0,Bearish build (premium-confirmed writing / resistance),"{""dedupe_key"":""NIFTY|FLOW_BEARISH_BUILD|OFF|2026-07-20 14:44"",""threshold"":0.005,""value"":0,""since_minute_bucket_ist"":""2026-07-20 14:43"",""last_updated_ist"":""2026-07-20 14:44:00""}"
2026-07-20 00:00:00,2026-07-20 14:44:00,330,NIFTY,PIN_BREAKOUT_SETUP,OFF,MED,-0.5500000000029104,Pin breakout setup (wall touch + aligned flow),"{""dedupe_key"":""NIFTY|PIN_BREAKOUT_SETUP|OFF|2026-07-20 14:44"",""threshold"":0,""value"":-0.5500000000029104,""since_minute_bucket_ist"":""2026-07-20 14:43"",""last_updated_ist"":""2026-07-20 14:44:00""}"
2026-07-20 00:00:00,2026-07-20 14:44:00,330,NIFTY,OPTION_MOMENTUM_PUT,OFF,MED,0.55,ATM PUT momentum (ltp up + vol up),"{""dedupe_key"":""NIFTY|OPTION_MOMENTUM_PUT|OFF|2026-07-20 14:44"",""threshold"":1.5,""value"":0.55,""since_minute_bucket_ist"":""2026-07-20 14:43"",""last_updated_ist"":""2026-07-20 14:44:00""}"
2026-07-20 00:00:00,2026-07-20 14:44:00,330,NIFTY,CHURN_COMMITTED,OFF,MED,0,Price move + aligned flow (committed),"{""dedupe_key"":""NIFTY|CHURN_COMMITTED|OFF|2026-07-20 14:44"",""threshold"":0.0001,""value"":0,""since_minute_bucket_ist"":""2026-07-20 14:43"",""last_updated_ist"":""2026-07-20 14:44:00""}"
2026-07-20 00:00:00,2026-07-20 14:44:00,330,NIFTY,STEALTH_BUILD_BEAR,OFF,MED,0,"Stealth bearish build (calls build, spot flat)","{""dedupe_key"":""NIFTY|STEALTH_BUILD_BEAR|OFF|2026-07-20 14:44"",""threshold"":0.008,""value"":0,""since_minute_bucket_ist"":""2026-07-20 14:42"",""last_updated_ist"":""2026-07-20 14:44:00""}"
2026-07-20 00:00:00,2026-07-20 14:44:00,330,NIFTY,WALL_PRESSURE_BREAK_SETUP,OFF,MED,-0.5500000000029104,Pressure building into a wall (break setup),"{""dedupe_key"":""NIFTY|WALL_PRESSURE_BREAK_SETUP|OFF|2026-07-20 14:44"",""threshold"":0,""value"":-0.5500000000029104,""since_minute_bucket_ist"":""2026-07-20 14:43"",""last_updated_ist"":""2026-07-20 14:44:00""}"
2026-07-20 00:00:00,2026-07-20 14:45:00,331,NIFTY,TRADE_LIMIT_REACHED,OFF,MED,12,Cooldown active (2m),"{""dedupe_key"":""NIFTY|TRADE_LIMIT_REACHED|OFF|2026-07-20 14:45"",""threshold"":500,""value"":12,""since_minute_bucket_ist"":""2026-07-20 14:44"",""last_updated_ist"":""2026-07-20 14:45:00""}"
2026-07-20 00:00:00,2026-07-20 14:45:00,331,NIFTY,FLOW_BEARISH_BUILD,ON,HIGH,0.0019,Bearish build (premium-confirmed writing / resistance),"{""dedupe_key"":""NIFTY|FLOW_BEARISH_BUILD|ON|2026-07-20 14:45"",""threshold"":0.005,""value"":0.0019,""since_minute_bucket_ist"":"""",""last_updated_ist"":""2026-07-20 14:45:00""}"
2026-07-20 00:00:00,2026-07-20 14:45:00,331,NIFTY,VOL_EXPANSION,ON,MED,0.0106,Volatility expanding (straddle up),"{""dedupe_key"":""NIFTY|VOL_EXPANSION|ON|2026-07-20 14:45"",""threshold"":0.02,""value"":0.0106,""since_minute_bucket_ist"":"""",""last_updated_ist"":""2026-07-20 14:45:00""}"
2026-07-20 00:00:00,2026-07-20 14:45:00,331,NIFTY,OPTION_MOMENTUM_PUT,ON,MED,1.9,ATM PUT momentum (ltp up + vol up),"{""dedupe_key"":""NIFTY|OPTION_MOMENTUM_PUT|ON|2026-07-20 14:45"",""threshold"":1.5,""value"":1.9,""since_minute_bucket_ist"":"""",""last_updated_ist"":""2026-07-20 14:45:00""}"
2026-07-20 00:00:00,2026-07-20 14:46:00,332,NIFTY,FLOW_BULLISH_BUILD,ON,HIGH,0.0026,Bullish build (premium-confirmed writing / support),"{""dedupe_key"":""NIFTY|FLOW_BULLISH_BUILD|ON|2026-07-20 14:46"",""threshold"":0.005,""value"":0.0026,""since_minute_bucket_ist"":"""",""last_updated_ist"":""2026-07-20 14:46:00""}"
2026-07-20 00:00:00,2026-07-20 14:46:00,332,NIFTY,FLOW_BEARISH_BUILD,OFF,HIGH,-0.0099,Bearish build (premium-confirmed writing / resistance),"{""dedupe_key"":""NIFTY|FLOW_BEARISH_BUILD|OFF|2026-07-20 14:46"",""threshold"":0.005,""value"":-0.0099,""since_minute_bucket_ist"":""2026-07-20 14:45"",""last_updated_ist"":""2026-07-20 14:46:00""}"
2026-07-20 00:00:00,2026-07-20 14:46:00,332,NIFTY,REGIME_RANGE_PIN,ON,LOW,0.0001,Range / pin (inside local walls),"{""dedupe_key"":""NIFTY|REGIME_RANGE_PIN|ON|2026-07-20 14:46"",""threshold"":0.0004,""value"":0.0001,""since_minute_bucket_ist"":"""",""last_updated_ist"":""2026-07-20 14:46:00""}"
2026-07-20 00:00:00,2026-07-20 14:46:00,332,NIFTY,REGIME_TRANSITION_UNCERTAIN,OFF,LOW,1,Transition/uncertain regime,"{""dedupe_key"":""NIFTY|REGIME_TRANSITION_UNCERTAIN|OFF|2026-07-20 14:46"",""threshold"":1,""value"":1,""since_minute_bucket_ist"":""2026-07-20 14:42"",""last_updated_ist"":""2026-07-20 14:46:00""}"
2026-07-20 00:00:00,2026-07-20 14:46:00,332,NIFTY,PIN_BASIC,OFF,LOW,37.5,Spot near a local wall (pin zone),"{""dedupe_key"":""NIFTY|PIN_BASIC|OFF|2026-07-20 14:46"",""threshold"":37.5,""value"":37.5,""since_minute_bucket_ist"":""2026-07-20 14:43"",""last_updated_ist"":""2026-07-20 14:46:00""}"
2026-07-20 00:00:00,2026-07-20 14:46:00,332,NIFTY,OPTION_MOMENTUM_CALL,ON,MED,1.95,ATM CALL momentum (ltp up + vol up),"{""dedupe_key"":""NIFTY|OPTION_MOMENTUM_CALL|ON|2026-07-20 14:46"",""threshold"":1.5,""value"":1.95,""since_minute_bucket_ist"":"""",""last_updated_ist"":""2026-07-20 14:46:00""}"
2026-07-20 00:00:00,2026-07-20 14:46:00,332,NIFTY,OPTION_MOMENTUM_PUT,OFF,MED,0.1,ATM PUT momentum (ltp up + vol up),"{""dedupe_key"":""NIFTY|OPTION_MOMENTUM_PUT|OFF|2026-07-20 14:46"",""threshold"":1.5,""value"":0.1,""since_minute_bucket_ist"":""2026-07-20 14:45"",""last_updated_ist"":""2026-07-20 14:46:00""}"
2026-07-20 00:00:00,2026-07-20 14:46:00,332,NIFTY,CHURN_COMMITTED,ON,MED,0.0002,Price move + aligned flow (committed),"{""dedupe_key"":""NIFTY|CHURN_COMMITTED|ON|2026-07-20 14:46"",""threshold"":0.0001,""value"":0.0002,""since_minute_bucket_ist"":"""",""last_updated_ist"":""2026-07-20 14:46:00""}"
2026-07-20 00:00:00,2026-07-20 14:47:00,333,NIFTY,FLOW_BOTH_UNWINDING,ON,MED,-0.0101,Both sides unwinding,"{""dedupe_key"":""NIFTY|FLOW_BOTH_UNWINDING|ON|2026-07-20 14:47"",""threshold"":-0.005,""value"":-0.0101,""since_minute_bucket_ist"":"""",""last_updated_ist"":""2026-07-20 14:47:00""}"
2026-07-20 00:00:00,2026-07-20 14:47:00,333,NIFTY,FLOW_BULLISH_BUILD,OFF,HIGH,-0.0101,Bullish build (premium-confirmed writing / support),"{""dedupe_key"":""NIFTY|FLOW_BULLISH_BUILD|OFF|2026-07-20 14:47"",""threshold"":0.005,""value"":-0.0101,""since_minute_bucket_ist"":""2026-07-20 14:46"",""last_updated_ist"":""2026-07-20 14:47:00""}"
2026-07-20 00:00:00,2026-07-20 14:47:00,333,NIFTY,EXP_RANGE_BREAKOUT_WATCH_UP,ON,MED,24240.95,Expected-range watch UP,"{""dedupe_key"":""NIFTY|EXP_RANGE_BREAKOUT_WATCH_UP|ON|2026-07-20 14:47"",""threshold"":24240.41,""value"":24240.95,""since_minute_bucket_ist"":"""",""last_updated_ist"":""2026-07-20 14:47:00""}"
2026-07-20 00:00:00,2026-07-20 14:47:00,333,NIFTY,OPTION_MOMENTUM_CALL,OFF,MED,0.6,ATM CALL momentum (ltp up + vol up),"{""dedupe_key"":""NIFTY|OPTION_MOMENTUM_CALL|OFF|2026-07-20 14:47"",""threshold"":1.5,""value"":0.6,""since_minute_bucket_ist"":""2026-07-20 14:46"",""last_updated_ist"":""2026-07-20 14:47:00""}"
2026-07-20 00:00:00,2026-07-20 14:47:00,333,NIFTY,WALL_UNWIND_CONFIRM_UP,ON,MED,-0.0274,Call wall OI unwinding (5m),"{""dedupe_key"":""NIFTY|WALL_UNWIND_CONFIRM_UP|ON|2026-07-20 14:47"",""threshold"":-0.006,""value"":-0.0274,""since_minute_bucket_ist"":"""",""last_updated_ist"":""2026-07-20 14:47:00""}"
2026-07-20 00:00:00,2026-07-20 14:47:00,333,NIFTY,CHURN_COMMITTED,OFF,MED,0.0001,Price move + aligned flow (committed),"{""dedupe_key"":""NIFTY|CHURN_COMMITTED|OFF|2026-07-20 14:47"",""threshold"":0.0001,""value"":0.0001,""since_minute_bucket_ist"":""2026-07-20 14:46"",""last_updated_ist"":""2026-07-20 14:47:00""}"
2026-07-20 00:00:00,2026-07-20 14:48:00,334,NIFTY,FLOW_BOTH_UNWINDING,OFF,MED,0,Both sides unwinding,"{""dedupe_key"":""NIFTY|FLOW_BOTH_UNWINDING|OFF|2026-07-20 14:48"",""threshold"":-0.005,""value"":0,""since_minute_bucket_ist"":""2026-07-20 14:47"",""last_updated_ist"":""2026-07-20 14:48:00""}"
2026-07-20 00:00:00,2026-07-20 14:48:00,334,NIFTY,REGIME_RANGE_PIN,OFF,LOW,0.0001,Range / pin (inside local walls),"{""dedupe_key"":""NIFTY|REGIME_RANGE_PIN|OFF|2026-07-20 14:48"",""threshold"":0.0004,""value"":0.0001,""since_minute_bucket_ist"":""2026-07-20 14:46"",""last_updated_ist"":""2026-07-20 14:48:00""}"
2026-07-20 00:00:00,2026-07-20 14:48:00,334,NIFTY,REGIME_TRANSITION_UNCERTAIN,ON,LOW,1,Transition/uncertain regime,"{""dedupe_key"":""NIFTY|REGIME_TRANSITION_UNCERTAIN|ON|2026-07-20 14:48"",""threshold"":1,""value"":1,""since_minute_bucket_ist"":"""",""last_updated_ist"":""2026-07-20 14:48:00""}"
2026-07-20 00:00:00,2026-07-20 14:48:00,334,NIFTY,EXP_RANGE_BREAKOUT_WATCH_UP,OFF,MED,24240.95,Expected-range watch UP,"{""dedupe_key"":""NIFTY|EXP_RANGE_BREAKOUT_WATCH_UP|OFF|2026-07-20 14:48"",""threshold"":24241.4,""value"":24240.95,""since_minute_bucket_ist"":""2026-07-20 14:47"",""last_updated_ist"":""2026-07-20 14:48:00""}"
2026-07-20 00:00:00,2026-07-20 14:49:00,335,NIFTY,REGIME_RANGE_PIN,ON,LOW,0.0001,Range / pin (inside local walls),"{""dedupe_key"":""NIFTY|REGIME_RANGE_PIN|ON|2026-07-20 14:49"",""threshold"":0.0004,""value"":0.0001,""since_minute_bucket_ist"":"""",""last_updated_ist"":""2026-07-20 14:49:00""}"
2026-07-20 00:00:00,2026-07-20 14:49:00,335,NIFTY,REGIME_TRANSITION_UNCERTAIN,OFF,LOW,1,Transition/uncertain regime,"{""dedupe_key"":""NIFTY|REGIME_TRANSITION_UNCERTAIN|OFF|2026-07-20 14:49"",""threshold"":1,""value"":1,""since_minute_bucket_ist"":""2026-07-20 14:48"",""last_updated_ist"":""2026-07-20 14:49:00""}"
2026-07-20 00:00:00,2026-07-20 14:49:00,335,NIFTY,OPTION_MOMENTUM_CALL,ON,MED,3.9,ATM CALL momentum (ltp up + vol up),"{""dedupe_key"":""NIFTY|OPTION_MOMENTUM_CALL|ON|2026-07-20 14:49"",""threshold"":1.5,""value"":3.9,""since_minute_bucket_ist"":"""",""last_updated_ist"":""2026-07-20 14:49:00""}"
2026-07-20 00:00:00,2026-07-20 14:50:00,336,NIFTY,VOL_EXPANSION,OFF,MED,-0.0067,Volatility expanding (straddle up),"{""dedupe_key"":""NIFTY|VOL_EXPANSION|OFF|2026-07-20 14:50"",""threshold"":0.02,""value"":-0.0067,""since_minute_bucket_ist"":""2026-07-20 14:45"",""last_updated_ist"":""2026-07-20 14:50:00""}"
2026-07-20 00:00:00,2026-07-20 14:50:00,336,NIFTY,OPTION_MOMENTUM_CALL,OFF,MED,-2.15,ATM CALL momentum (ltp up + vol up),"{""dedupe_key"":""NIFTY|OPTION_MOMENTUM_CALL|OFF|2026-07-20 14:50"",""threshold"":1.5,""value"":-2.15,""since_minute_bucket_ist"":""2026-07-20 14:49"",""last_updated_ist"":""2026-07-20 14:50:00""}"
2026-07-20 00:00:00,2026-07-20 14:52:00,338,NIFTY,REGIME_RANGE_PIN,OFF,LOW,0.0001,Range / pin (inside local walls),"{""dedupe_key"":""NIFTY|REGIME_RANGE_PIN|OFF|2026-07-20 14:52"",""threshold"":0.0004,""value"":0.0001,""since_minute_bucket_ist"":""2026-07-20 14:49"",""last_updated_ist"":""2026-07-20 14:52:00""}"
2026-07-20 00:00:00,2026-07-20 14:52:00,338,NIFTY,REGIME_TRANSITION_UNCERTAIN,ON,LOW,1,Transition/uncertain regime,"{""dedupe_key"":""NIFTY|REGIME_TRANSITION_UNCERTAIN|ON|2026-07-20 14:52"",""threshold"":1,""value"":1,""since_minute_bucket_ist"":"""",""last_updated_ist"":""2026-07-20 14:52:00""}"
2026-07-20 00:00:00,2026-07-20 14:52:00,338,NIFTY,EXP_RANGE_BREAKOUT_WATCH_UP,ON,MED,24246.85,Expected-range watch UP,"{""dedupe_key"":""NIFTY|EXP_RANGE_BREAKOUT_WATCH_UP|ON|2026-07-20 14:52"",""threshold"":24243.37,""value"":24246.85,""since_minute_bucket_ist"":"""",""last_updated_ist"":""2026-07-20 14:52:00""}"
2026-07-20 00:00:00,2026-07-20 14:52:00,338,NIFTY,OPTION_MOMENTUM_CALL,ON,MED,3.35,ATM CALL momentum (ltp up + vol up),"{""dedupe_key"":""NIFTY|OPTION_MOMENTUM_CALL|ON|2026-07-20 14:52"",""threshold"":1.5,""value"":3.35,""since_minute_bucket_ist"":"""",""last_updated_ist"":""2026-07-20 14:52:00""}"
2026-07-20 00:00:00,2026-07-20 14:53:00,339,NIFTY,EXP_RANGE_BREAKOUT_CONFIRMED_UP,ON,HIGH,2,Expected-range breakout CONFIRMED UP,"{""dedupe_key"":""NIFTY|EXP_RANGE_BREAKOUT_CONFIRMED_UP|ON|2026-07-20 14:53"",""threshold"":2,""value"":2,""since_minute_bucket_ist"":"""",""last_updated_ist"":""2026-07-20 14:53:00""}"
2026-07-20 00:00:00,2026-07-20 14:53:00,339,NIFTY,OPTION_MOMENTUM_CALL,OFF,MED,0,ATM CALL momentum (ltp up + vol up),"{""dedupe_key"":""NIFTY|OPTION_MOMENTUM_CALL|OFF|2026-07-20 14:53"",""threshold"":1.5,""value"":0,""since_minute_bucket_ist"":""2026-07-20 14:52"",""last_updated_ist"":""2026-07-20 14:53:00""}"
2026-07-20 00:00:00,2026-07-20 14:54:00,340,NIFTY,REGIME_RANGE_PIN,ON,LOW,0.0001,Range / pin (inside local walls),"{""dedupe_key"":""NIFTY|REGIME_RANGE_PIN|ON|2026-07-20 14:54"",""threshold"":0.0004,""value"":0.0001,""since_minute_bucket_ist"":"""",""last_updated_ist"":""2026-07-20 14:54:00""}"
2026-07-20 00:00:00,2026-07-20 14:54:00,340,NIFTY,REGIME_TRANSITION_UNCERTAIN,OFF,LOW,1,Transition/uncertain regime,"{""dedupe_key"":""NIFTY|REGIME_TRANSITION_UNCERTAIN|OFF|2026-07-20 14:54"",""threshold"":1,""value"":1,""since_minute_bucket_ist"":""2026-07-20 14:52"",""last_updated_ist"":""2026-07-20 14:54:00""}"
2026-07-20 00:00:00,2026-07-20 14:54:00,340,NIFTY,EXP_RANGE_BREAKOUT_WATCH_UP,OFF,MED,24243.85,Expected-range watch UP,"{""dedupe_key"":""NIFTY|EXP_RANGE_BREAKOUT_WATCH_UP|OFF|2026-07-20 14:54"",""threshold"":24245.56,""value"":24243.85,""since_minute_bucket_ist"":""2026-07-20 14:52"",""last_updated_ist"":""2026-07-20 14:54:00""}"
2026-07-20 00:00:00,2026-07-20 14:54:00,340,NIFTY,EXP_RANGE_BREAKOUT_CONFIRMED_UP,OFF,HIGH,0,Expected-range breakout CONFIRMED UP,"{""dedupe_key"":""NIFTY|EXP_RANGE_BREAKOUT_CONFIRMED_UP|OFF|2026-07-20 14:54"",""threshold"":2,""value"":0,""since_minute_bucket_ist"":""2026-07-20 14:53"",""last_updated_ist"":""2026-07-20 14:54:00""}"
2026-07-20 00:00:00,2026-07-20 14:54:00,340,NIFTY,VOL_EXPANSION,ON,MED,0.0074,Volatility expanding (straddle up),"{""dedupe_key"":""NIFTY|VOL_EXPANSION|ON|2026-07-20 14:54"",""threshold"":0.02,""value"":0.0074,""since_minute_bucket_ist"":"""",""last_updated_ist"":""2026-07-20 14:54:00""}"
2026-07-20 00:00:00,2026-07-20 14:55:00,341,NIFTY,REGIME_RANGE_PIN,OFF,LOW,0.0001,Range / pin (inside local walls),"{""dedupe_key"":""NIFTY|REGIME_RANGE_PIN|OFF|2026-07-20 14:55"",""threshold"":0.0004,""value"":0.0001,""since_minute_bucket_ist"":""2026-07-20 14:54"",""last_updated_ist"":""2026-07-20 14:55:00""}"
2026-07-20 00:00:00,2026-07-20 14:55:00,341,NIFTY,REGIME_TRANSITION_UNCERTAIN,ON,LOW,1,Transition/uncertain regime,"{""dedupe_key"":""NIFTY|REGIME_TRANSITION_UNCERTAIN|ON|2026-07-20 14:55"",""threshold"":1,""value"":1,""since_minute_bucket_ist"":"""",""last_updated_ist"":""2026-07-20 14:55:00""}"
2026-07-20 00:00:00,2026-07-20 14:55:00,341,NIFTY,VOL_EXPANSION,OFF,MED,0.0037,Volatility expanding (straddle up),"{""dedupe_key"":""NIFTY|VOL_EXPANSION|OFF|2026-07-20 14:55"",""threshold"":0.02,""value"":0.0037,""since_minute_bucket_ist"":""2026-07-20 14:54"",""last_updated_ist"":""2026-07-20 14:55:00""}"
2026-07-20 00:00:00,2026-07-20 14:55:00,341,NIFTY,WALL_UNWIND_CONFIRM_UP,OFF,MED,0.0033,Call wall OI unwinding (5m),"{""dedupe_key"":""NIFTY|WALL_UNWIND_CONFIRM_UP|OFF|2026-07-20 14:55"",""threshold"":-0.006,""value"":0.0033,""since_minute_bucket_ist"":""2026-07-20 14:47"",""last_updated_ist"":""2026-07-20 14:55:00""}"
2026-07-20 00:00:00,2026-07-20 14:56:00,342,NIFTY,REGIME_RANGE_PIN,ON,LOW,0.0001,Range / pin (inside local walls),"{""dedupe_key"":""NIFTY|REGIME_RANGE_PIN|ON|2026-07-20 14:56"",""threshold"":0.0004,""value"":0.0001,""since_minute_bucket_ist"":"""",""last_updated_ist"":""2026-07-20 14:56:00""}"
2026-07-20 00:00:00,2026-07-20 14:56:00,342,NIFTY,REGIME_TRANSITION_UNCERTAIN,OFF,LOW,1,Transition/uncertain regime,"{""dedupe_key"":""NIFTY|REGIME_TRANSITION_UNCERTAIN|OFF|2026-07-20 14:56"",""threshold"":1,""value"":1,""since_minute_bucket_ist"":""2026-07-20 14:55"",""last_updated_ist"":""2026-07-20 14:56:00""}"
2026-07-20 00:00:00,2026-07-20 14:56:00,342,NIFTY,WALL_UNWIND_CONFIRM_UP,ON,MED,-0.0105,Call wall OI unwinding (5m),"{""dedupe_key"":""NIFTY|WALL_UNWIND_CONFIRM_UP|ON|2026-07-20 14:56"",""threshold"":-0.006,""value"":-0.0105,""since_minute_bucket_ist"":"""",""last_updated_ist"":""2026-07-20 14:56:00""}"
2026-07-20 00:00:00,2026-07-20 14:57:00,343,NIFTY,FLOW_BEARISH_BUILD,ON,HIGH,0.0034,Bearish build (premium-confirmed writing / resistance),"{""dedupe_key"":""NIFTY|FLOW_BEARISH_BUILD|ON|2026-07-20 14:57"",""threshold"":0.005,""value"":0.0034,""since_minute_bucket_ist"":"""",""last_updated_ist"":""2026-07-20 14:57:00""}"
2026-07-20 00:00:00,2026-07-20 14:57:00,343,NIFTY,REGIME_RANGE_PIN,OFF,LOW,0.0001,Range / pin (inside local walls),"{""dedupe_key"":""NIFTY|REGIME_RANGE_PIN|OFF|2026-07-20 14:57"",""threshold"":0.0004,""value"":0.0001,""since_minute_bucket_ist"":""2026-07-20 14:56"",""last_updated_ist"":""2026-07-20 14:57:00""}"
2026-07-20 00:00:00,2026-07-20 14:57:00,343,NIFTY,REGIME_TRANSITION_UNCERTAIN,ON,LOW,1,Transition/uncertain regime,"{""dedupe_key"":""NIFTY|REGIME_TRANSITION_UNCERTAIN|ON|2026-07-20 14:57"",""threshold"":1,""value"":1,""since_minute_bucket_ist"":"""",""last_updated_ist"":""2026-07-20 14:57:00""}"
2026-07-20 00:00:00,2026-07-20 14:57:00,343,NIFTY,OPTION_MOMENTUM_PUT,ON,MED,2.65,ATM PUT momentum (ltp up + vol up),"{""dedupe_key"":""NIFTY|OPTION_MOMENTUM_PUT|ON|2026-07-20 14:57"",""threshold"":1.5,""value"":2.65,""since_minute_bucket_ist"":"""",""last_updated_ist"":""2026-07-20 14:57:00""}"
2026-07-20 00:00:00,2026-07-20 14:58:00,344,NIFTY,FLOW_BULLISH_BUILD,ON,HIGH,0.0027,Bullish build (premium-confirmed writing / support),"{""dedupe_key"":""NIFTY|FLOW_BULLISH_BUILD|ON|2026-07-20 14:58"",""threshold"":0.005,""value"":0.0027,""since_minute_bucket_ist"":"""",""last_updated_ist"":""2026-07-20 14:58:00""}"
2026-07-20 00:00:00,2026-07-20 14:58:00,344,NIFTY,FLOW_BEARISH_BUILD,OFF,HIGH,-0.0098,Bearish build (premium-confirmed writing / resistance),"{""dedupe_key"":""NIFTY|FLOW_BEARISH_BUILD|OFF|2026-07-20 14:58"",""threshold"":0.005,""value"":-0.0098,""since_minute_bucket_ist"":""2026-07-20 14:57"",""last_updated_ist"":""2026-07-20 14:58:00""}"
2026-07-20 00:00:00,2026-07-20 14:58:00,344,NIFTY,REGIME_TREND_DOWN,ON,MED,-0.0004,Trend DOWN (slope + direction),"{""dedupe_key"":""NIFTY|REGIME_TREND_DOWN|ON|2026-07-20 14:58"",""threshold"":-0.0004,""value"":-0.0004,""since_minute_bucket_ist"":"""",""last_updated_ist"":""2026-07-20 14:58:00""}"
2026-07-20 00:00:00,2026-07-20 14:58:00,344,NIFTY,REGIME_TRANSITION_UNCERTAIN,OFF,LOW,1,Transition/uncertain regime,"{""dedupe_key"":""NIFTY|REGIME_TRANSITION_UNCERTAIN|OFF|2026-07-20 14:58"",""threshold"":1,""value"":1,""since_minute_bucket_ist"":""2026-07-20 14:57"",""last_updated_ist"":""2026-07-20 14:58:00""}"
2026-07-20 00:00:00,2026-07-20 14:58:00,344,NIFTY,PIN_BASIC,ON,LOW,37.5,Spot near a local wall (pin zone),"{""dedupe_key"":""NIFTY|PIN_BASIC|ON|2026-07-20 14:58"",""threshold"":37.5,""value"":37.5,""since_minute_bucket_ist"":"""",""last_updated_ist"":""2026-07-20 14:58:00""}"
2026-07-20 00:00:00,2026-07-20 14:58:00,344,NIFTY,EXP_RANGE_BREAKOUT_WATCH_DOWN,ON,MED,24236.5,Expected-range watch DOWN,"{""dedupe_key"":""NIFTY|EXP_RANGE_BREAKOUT_WATCH_DOWN|ON|2026-07-20 14:58"",""threshold"":24237.47,""value"":24236.5,""since_minute_bucket_ist"":"""",""last_updated_ist"":""2026-07-20 14:58:00""}"
2026-07-20 00:00:00,2026-07-20 14:58:00,344,NIFTY,OPTION_MOMENTUM_PUT,OFF,MED,0.15,ATM PUT momentum (ltp up + vol up),"{""dedupe_key"":""NIFTY|OPTION_MOMENTUM_PUT|OFF|2026-07-20 14:58"",""threshold"":1.5,""value"":0.15,""since_minute_bucket_ist"":""2026-07-20 14:57"",""last_updated_ist"":""2026-07-20 14:58:00""}"
2026-07-20 00:00:00,2026-07-20 14:59:00,345,NIFTY,FLOW_BOTH_UNWINDING,ON,MED,-0.0055,Both sides unwinding,"{""dedupe_key"":""NIFTY|FLOW_BOTH_UNWINDING|ON|2026-07-20 14:59"",""threshold"":-0.005,""value"":-0.0055,""since_minute_bucket_ist"":"""",""last_updated_ist"":""2026-07-20 14:59:00""}"
2026-07-20 00:00:00,2026-07-20 14:59:00,345,NIFTY,FLOW_BULLISH_BUILD,OFF,HIGH,-0.0055,Bullish build (premium-confirmed writing / support),"{""dedupe_key"":""NIFTY|FLOW_BULLISH_BUILD|OFF|2026-07-20 14:59"",""threshold"":0.005,""value"":-0.0055,""since_minute_bucket_ist"":""2026-07-20 14:58"",""last_updated_ist"":""2026-07-20 14:59:00""}"
2026-07-20 00:00:00,2026-07-20 14:59:00,345,NIFTY,EXP_RANGE_BREAKOUT_CONFIRMED_DOWN,ON,HIGH,1900-01-01 00:00:00,Expected-range breakout CONFIRMED DOWN,"{""dedupe_key"":""NIFTY|EXP_RANGE_BREAKOUT_CONFIRMED_DOWN|ON|2026-07-20 14:59"",""threshold"":2,""value"":2,""since_minute_bucket_ist"":"""",""last_updated_ist"":""2026-07-20 14:59:00""}"
2026-07-20 00:00:00,2026-07-20 14:59:00,345,NIFTY,VOL_CONTRACTION,ON,LOW,-0.0097,Volatility contracting (straddle down),"{""dedupe_key"":""NIFTY|VOL_CONTRACTION|ON|2026-07-20 14:59"",""threshold"":-0.03,""value"":-0.0097,""since_minute_bucket_ist"":"""",""last_updated_ist"":""2026-07-20 14:59:00""}"
2026-07-20 00:00:00,2026-07-20 15:00:00,346,NIFTY,FLOW_BOTH_UNWINDING,OFF,MED,0,Both sides unwinding,"{""dedupe_key"":""NIFTY|FLOW_BOTH_UNWINDING|OFF|2026-07-20 15:00"",""threshold"":-0.005,""value"":0,""since_minute_bucket_ist"":""2026-07-20 14:59"",""last_updated_ist"":""2026-07-20 15:00:00""}"
2026-07-20 00:00:00,2026-07-20 15:01:00,347,NIFTY,FLOW_BOTH_UNWINDING,ON,MED,-0.0142,Both sides unwinding,"{""dedupe_key"":""NIFTY|FLOW_BOTH_UNWINDING|ON|2026-07-20 15:01"",""threshold"":-0.005,""value"":-0.0142,""since_minute_bucket_ist"":"""",""last_updated_ist"":""2026-07-20 15:01:00""}"
2026-07-20 00:00:00,2026-07-20 15:01:00,347,NIFTY,REGIME_TREND_DOWN,OFF,MED,-0.0001,Trend DOWN (slope + direction),"{""dedupe_key"":""NIFTY|REGIME_TREND_DOWN|OFF|2026-07-20 15:01"",""threshold"":-0.0004,""value"":-0.0001,""since_minute_bucket_ist"":""2026-07-20 14:58"",""last_updated_ist"":""2026-07-20 15:01:00""}"
2026-07-20 00:00:00,2026-07-20 15:01:00,347,NIFTY,REGIME_RANGE_PIN,ON,LOW,0.0001,Range / pin (inside local walls),"{""dedupe_key"":""NIFTY|REGIME_RANGE_PIN|ON|2026-07-20 15:01"",""threshold"":0.0004,""value"":0.0001,""since_minute_bucket_ist"":"""",""last_updated_ist"":""2026-07-20 15:01:00""}"
2026-07-20 00:00:00,2026-07-20 15:01:00,347,NIFTY,PIN_BASIC,OFF,LOW,37.5,Spot near a local wall (pin zone),"{""dedupe_key"":""NIFTY|PIN_BASIC|OFF|2026-07-20 15:01"",""threshold"":37.5,""value"":37.5,""since_minute_bucket_ist"":""2026-07-20 14:58"",""last_updated_ist"":""2026-07-20 15:01:00""}"
2026-07-20 00:00:00,2026-07-20 15:01:00,347,NIFTY,EXP_RANGE_BREAKOUT_WATCH_DOWN,OFF,MED,24239.8,Expected-range watch DOWN,"{""dedupe_key"":""NIFTY|EXP_RANGE_BREAKOUT_WATCH_DOWN|OFF|2026-07-20 15:01"",""threshold"":24234.22,""value"":24239.8,""since_minute_bucket_ist"":""2026-07-20 14:58"",""last_updated_ist"":""2026-07-20 15:01:00""}"
2026-07-20 00:00:00,2026-07-20 15:01:00,347,NIFTY,EXP_RANGE_BREAKOUT_CONFIRMED_DOWN,OFF,HIGH,0,Expected-range breakout CONFIRMED DOWN,"{""dedupe_key"":""NIFTY|EXP_RANGE_BREAKOUT_CONFIRMED_DOWN|OFF|2026-07-20 15:01"",""threshold"":2,""value"":0,""since_minute_bucket_ist"":""2026-07-20 14:59"",""last_updated_ist"":""2026-07-20 15:01:00""}"
2026-07-20 00:00:00,2026-07-20 15:02:00,348,NIFTY,FLOW_BOTH_UNWINDING,OFF,MED,-0.0005,Both sides unwinding,"{""dedupe_key"":""NIFTY|FLOW_BOTH_UNWINDING|OFF|2026-07-20 15:02"",""threshold"":-0.005,""value"":-0.0005,""since_minute_bucket_ist"":""2026-07-20 15:01"",""last_updated_ist"":""2026-07-20 15:02:00""}"
2026-07-20 00:00:00,2026-07-20 15:02:00,348,NIFTY,REGIME_RANGE_PIN,OFF,LOW,0.0001,Range / pin (inside local walls),"{""dedupe_key"":""NIFTY|REGIME_RANGE_PIN|OFF|2026-07-20 15:02"",""threshold"":0.0004,""value"":0.0001,""since_minute_bucket_ist"":""2026-07-20 15:01"",""last_updated_ist"":""2026-07-20 15:02:00""}"
2026-07-20 00:00:00,2026-07-20 15:02:00,348,NIFTY,REGIME_TRANSITION_UNCERTAIN,ON,LOW,1,Transition/uncertain regime,"{""dedupe_key"":""NIFTY|REGIME_TRANSITION_UNCERTAIN|ON|2026-07-20 15:02"",""threshold"":1,""value"":1,""since_minute_bucket_ist"":"""",""last_updated_ist"":""2026-07-20 15:02:00""}"
2026-07-20 00:00:00,2026-07-20 15:02:00,348,NIFTY,PIN_BASIC,ON,LOW,37.5,Spot near a local wall (pin zone),"{""dedupe_key"":""NIFTY|PIN_BASIC|ON|2026-07-20 15:02"",""threshold"":37.5,""value"":37.5,""since_minute_bucket_ist"":"""",""last_updated_ist"":""2026-07-20 15:02:00""}"
2026-07-20 00:00:00,2026-07-20 15:03:00,349,NIFTY,REGIME_RANGE_PIN,ON,LOW,0.0001,Range / pin (inside local walls),"{""dedupe_key"":""NIFTY|REGIME_RANGE_PIN|ON|2026-07-20 15:03"",""threshold"":0.0004,""value"":0.0001,""since_minute_bucket_ist"":"""",""last_updated_ist"":""2026-07-20 15:03:00""}"
2026-07-20 00:00:00,2026-07-20 15:03:00,349,NIFTY,REGIME_TRANSITION_UNCERTAIN,OFF,LOW,1,Transition/uncertain regime,"{""dedupe_key"":""NIFTY|REGIME_TRANSITION_UNCERTAIN|OFF|2026-07-20 15:03"",""threshold"":1,""value"":1,""since_minute_bucket_ist"":""2026-07-20 15:02"",""last_updated_ist"":""2026-07-20 15:03:00""}"
2026-07-20 00:00:00,2026-07-20 15:04:00,350,NIFTY,FLOW_BEARISH_BUILD,ON,HIGH,0.0009,Bearish build (premium-confirmed writing / resistance),"{""dedupe_key"":""NIFTY|FLOW_BEARISH_BUILD|ON|2026-07-20 15:04"",""threshold"":0.005,""value"":0.0009,""since_minute_bucket_ist"":"""",""last_updated_ist"":""2026-07-20 15:04:00""}"
2026-07-20 00:00:00,2026-07-20 15:04:00,350,NIFTY,PIN_BREAKOUT_SETUP,ON,MED,-0.7000000000007276,Pin breakout setup (wall touch + aligned flow),"{""dedupe_key"":""NIFTY|PIN_BREAKOUT_SETUP|ON|2026-07-20 15:04"",""threshold"":0,""value"":-0.7000000000007276,""since_minute_bucket_ist"":"""",""last_updated_ist"":""2026-07-20 15:04:00""}"
2026-07-20 00:00:00,2026-07-20 15:04:00,350,NIFTY,WALL_PRESSURE_BREAK_SETUP,ON,MED,-0.7000000000007276,Pressure building into a wall (break setup),"{""dedupe_key"":""NIFTY|WALL_PRESSURE_BREAK_SETUP|ON|2026-07-20 15:04"",""threshold"":0,""value"":-0.7000000000007276,""since_minute_bucket_ist"":"""",""last_updated_ist"":""2026-07-20 15:04:00""}"
2026-07-20 00:00:00,2026-07-20 15:05:00,351,NIFTY,FLOW_BEARISH_BUILD,OFF,HIGH,0,Bearish build (premium-confirmed writing / resistance),"{""dedupe_key"":""NIFTY|FLOW_BEARISH_BUILD|OFF|2026-07-20 15:05"",""threshold"":0.005,""value"":0,""since_minute_bucket_ist"":""2026-07-20 15:04"",""last_updated_ist"":""2026-07-20 15:05:00""}"
2026-07-20 00:00:00,2026-07-20 15:05:00,351,NIFTY,PIN_BREAKOUT_SETUP,OFF,MED,0,Pin breakout setup (wall touch + aligned flow),"{""dedupe_key"":""NIFTY|PIN_BREAKOUT_SETUP|OFF|2026-07-20 15:05"",""threshold"":0,""value"":0,""since_minute_bucket_ist"":""2026-07-20 15:04"",""last_updated_ist"":""2026-07-20 15:05:00""}"
2026-07-20 00:00:00,2026-07-20 15:05:00,351,NIFTY,VOL_CONTRACTION,OFF,LOW,0.0003,Volatility contracting (straddle down),"{""dedupe_key"":""NIFTY|VOL_CONTRACTION|OFF|2026-07-20 15:05"",""threshold"":-0.03,""value"":0.0003,""since_minute_bucket_ist"":""2026-07-20 14:59"",""last_updated_ist"":""2026-07-20 15:05:00""}"
2026-07-20 00:00:00,2026-07-20 15:05:00,351,NIFTY,WALL_PRESSURE_BREAK_SETUP,OFF,MED,0,Pressure building into a wall (break setup),"{""dedupe_key"":""NIFTY|WALL_PRESSURE_BREAK_SETUP|OFF|2026-07-20 15:05"",""threshold"":0,""value"":0,""since_minute_bucket_ist"":""2026-07-20 15:04"",""last_updated_ist"":""2026-07-20 15:05:00""}"
2026-07-20 00:00:00,2026-07-20 15:06:00,352,NIFTY,FLOW_BEARISH_BUILD,ON,HIGH,0.0005,Bearish build (premium-confirmed writing / resistance),"{""dedupe_key"":""NIFTY|FLOW_BEARISH_BUILD|ON|2026-07-20 15:06"",""threshold"":0.005,""value"":0.0005,""since_minute_bucket_ist"":"""",""last_updated_ist"":""2026-07-20 15:06:00""}"
2026-07-20 00:00:00,2026-07-20 15:06:00,352,NIFTY,REGIME_RANGE_PIN,OFF,LOW,0.0001,Range / pin (inside local walls),"{""dedupe_key"":""NIFTY|REGIME_RANGE_PIN|OFF|2026-07-20 15:06"",""threshold"":0.0004,""value"":0.0001,""since_minute_bucket_ist"":""2026-07-20 15:03"",""last_updated_ist"":""2026-07-20 15:06:00""}"
2026-07-20 00:00:00,2026-07-20 15:06:00,352,NIFTY,REGIME_TRANSITION_UNCERTAIN,ON,LOW,1,Transition/uncertain regime,"{""dedupe_key"":""NIFTY|REGIME_TRANSITION_UNCERTAIN|ON|2026-07-20 15:06"",""threshold"":1,""value"":1,""since_minute_bucket_ist"":"""",""last_updated_ist"":""2026-07-20 15:06:00""}"
2026-07-20 00:00:00,2026-07-20 15:06:00,352,NIFTY,PIN_BREAKOUT_SETUP,ON,MED,-2.4500000000007276,Pin breakout setup (wall touch + aligned flow),"{""dedupe_key"":""NIFTY|PIN_BREAKOUT_SETUP|ON|2026-07-20 15:06"",""threshold"":0,""value"":-2.4500000000007276,""since_minute_bucket_ist"":"""",""last_updated_ist"":""2026-07-20 15:06:00""}"
2026-07-20 00:00:00,2026-07-20 15:06:00,352,NIFTY,VOL_CONTRACTION,ON,LOW,-0.0021,Volatility contracting (straddle down),"{""dedupe_key"":""NIFTY|VOL_CONTRACTION|ON|2026-07-20 15:06"",""threshold"":-0.03,""value"":-0.0021,""since_minute_bucket_ist"":"""",""last_updated_ist"":""2026-07-20 15:06:00""}"
2026-07-20 00:00:00,2026-07-20 15:06:00,352,NIFTY,WALL_UNWIND_CONFIRM_UP,OFF,MED,0.0061,Call wall OI unwinding (5m),"{""dedupe_key"":""NIFTY|WALL_UNWIND_CONFIRM_UP|OFF|2026-07-20 15:06"",""threshold"":-0.006,""value"":0.0061,""since_minute_bucket_ist"":""2026-07-20 14:56"",""last_updated_ist"":""2026-07-20 15:06:00""}"
2026-07-20 00:00:00,2026-07-20 15:06:00,352,NIFTY,CHURN_COMMITTED,ON,MED,-0.0001,Price move + aligned flow (committed),"{""dedupe_key"":""NIFTY|CHURN_COMMITTED|ON|2026-07-20 15:06"",""threshold"":0.0001,""value"":-0.0001,""since_minute_bucket_ist"":"""",""last_updated_ist"":""2026-07-20 15:06:00""}"
2026-07-20 00:00:00,2026-07-20 15:06:00,352,NIFTY,WALL_PRESSURE_BREAK_SETUP,ON,MED,-2.4500000000007276,Pressure building into a wall (break setup),"{""dedupe_key"":""NIFTY|WALL_PRESSURE_BREAK_SETUP|ON|2026-07-20 15:06"",""threshold"":0,""value"":-2.4500000000007276,""since_minute_bucket_ist"":"""",""last_updated_ist"":""2026-07-20 15:06:00""}"
2026-07-20 00:00:00,2026-07-20 15:07:00,353,NIFTY,FLOW_BEARISH_BUILD,OFF,HIGH,-0.0037,Bearish build (premium-confirmed writing / resistance),"{""dedupe_key"":""NIFTY|FLOW_BEARISH_BUILD|OFF|2026-07-20 15:07"",""threshold"":0.005,""value"":-0.0037,""since_minute_bucket_ist"":""2026-07-20 15:06"",""last_updated_ist"":""2026-07-20 15:07:00""}"
2026-07-20 00:00:00,2026-07-20 15:07:00,353,NIFTY,REGIME_RANGE_PIN,ON,LOW,0.0001,Range / pin (inside local walls),"{""dedupe_key"":""NIFTY|REGIME_RANGE_PIN|ON|2026-07-20 15:07"",""threshold"":0.0004,""value"":0.0001,""since_minute_bucket_ist"":"""",""last_updated_ist"":""2026-07-20 15:07:00""}"
2026-07-20 00:00:00,2026-07-20 15:07:00,353,NIFTY,REGIME_TRANSITION_UNCERTAIN,OFF,LOW,1,Transition/uncertain regime,"{""dedupe_key"":""NIFTY|REGIME_TRANSITION_UNCERTAIN|OFF|2026-07-20 15:07"",""threshold"":1,""value"":1,""since_minute_bucket_ist"":""2026-07-20 15:06"",""last_updated_ist"":""2026-07-20 15:07:00""}"
2026-07-20 00:00:00,2026-07-20 15:07:00,353,NIFTY,PIN_BREAKOUT_SETUP,OFF,MED,3.850000000002183,Pin breakout setup (wall touch + aligned flow),"{""dedupe_key"":""NIFTY|PIN_BREAKOUT_SETUP|OFF|2026-07-20 15:07"",""threshold"":0,""value"":3.850000000002183,""since_minute_bucket_ist"":""2026-07-20 15:06"",""last_updated_ist"":""2026-07-20 15:07:00""}"
2026-07-20 00:00:00,2026-07-20 15:07:00,353,NIFTY,WALL_UNWIND_CONFIRM_UP,ON,MED,-0.0118,Call wall OI unwinding (5m),"{""dedupe_key"":""NIFTY|WALL_UNWIND_CONFIRM_UP|ON|2026-07-20 15:07"",""threshold"":-0.006,""value"":-0.0118,""since_minute_bucket_ist"":"""",""last_updated_ist"":""2026-07-20 15:07:00""}"
2026-07-20 00:00:00,2026-07-20 15:07:00,353,NIFTY,CHURN_COMMITTED,OFF,MED,0.0002,Price move + aligned flow (committed),"{""dedupe_key"":""NIFTY|CHURN_COMMITTED|OFF|2026-07-20 15:07"",""threshold"":0.0001,""value"":0.0002,""since_minute_bucket_ist"":""2026-07-20 15:06"",""last_updated_ist"":""2026-07-20 15:07:00""}"
2026-07-20 00:00:00,2026-07-20 15:07:00,353,NIFTY,WALL_PRESSURE_BREAK_SETUP,OFF,MED,3.850000000002183,Pressure building into a wall (break setup),"{""dedupe_key"":""NIFTY|WALL_PRESSURE_BREAK_SETUP|OFF|2026-07-20 15:07"",""threshold"":0,""value"":3.850000000002183,""since_minute_bucket_ist"":""2026-07-20 15:06"",""last_updated_ist"":""2026-07-20 15:07:00""}"
2026-07-20 00:00:00,2026-07-20 15:08:00,354,NIFTY,OPTION_MOMENTUM_CALL,ON,MED,4.4,ATM CALL momentum (ltp up + vol up),"{""dedupe_key"":""NIFTY|OPTION_MOMENTUM_CALL|ON|2026-07-20 15:08"",""threshold"":1.5,""value"":4.4,""since_minute_bucket_ist"":"""",""last_updated_ist"":""2026-07-20 15:08:00""}"
2026-07-20 00:00:00,2026-07-20 15:09:00,355,NIFTY,FLOW_BOTH_UNWINDING,ON,MED,-0.0052,Both sides unwinding,"{""dedupe_key"":""NIFTY|FLOW_BOTH_UNWINDING|ON|2026-07-20 15:09"",""threshold"":-0.005,""value"":-0.0052,""since_minute_bucket_ist"":"""",""last_updated_ist"":""2026-07-20 15:09:00""}"
2026-07-20 00:00:00,2026-07-20 15:09:00,355,NIFTY,VOL_CONTRACTION,OFF,LOW,-0.0034,Volatility contracting (straddle down),"{""dedupe_key"":""NIFTY|VOL_CONTRACTION|OFF|2026-07-20 15:09"",""threshold"":-0.03,""value"":-0.0034,""since_minute_bucket_ist"":""2026-07-20 15:06"",""last_updated_ist"":""2026-07-20 15:09:00""}"
2026-07-20 00:00:00,2026-07-20 15:09:00,355,NIFTY,OPTION_MOMENTUM_CALL,OFF,MED,-0.25,ATM CALL momentum (ltp up + vol up),"{""dedupe_key"":""NIFTY|OPTION_MOMENTUM_CALL|OFF|2026-07-20 15:09"",""threshold"":1.5,""value"":-0.25,""since_minute_bucket_ist"":""2026-07-20 15:08"",""last_updated_ist"":""2026-07-20 15:09:00""}"
2026-07-20 00:00:00,2026-07-20 15:10:00,356,NIFTY,FLOW_BOTH_UNWINDING,OFF,MED,0,Both sides unwinding,"{""dedupe_key"":""NIFTY|FLOW_BOTH_UNWINDING|OFF|2026-07-20 15:10"",""threshold"":-0.005,""value"":0,""since_minute_bucket_ist"":""2026-07-20 15:09"",""last_updated_ist"":""2026-07-20 15:10:00""}"
2026-07-20 00:00:00,2026-07-20 15:11:00,357,NIFTY,FLOW_BOTH_UNWINDING,ON,MED,-0.0105,Both sides unwinding,"{""dedupe_key"":""NIFTY|FLOW_BOTH_UNWINDING|ON|2026-07-20 15:11"",""threshold"":-0.005,""value"":-0.0105,""since_minute_bucket_ist"":"""",""last_updated_ist"":""2026-07-20 15:11:00""}"
2026-07-20 00:00:00,2026-07-20 15:11:00,357,NIFTY,REGIME_RANGE_PIN,OFF,LOW,0.0001,Range / pin (inside local walls),"{""dedupe_key"":""NIFTY|REGIME_RANGE_PIN|OFF|2026-07-20 15:11"",""threshold"":0.0004,""value"":0.0001,""since_minute_bucket_ist"":""2026-07-20 15:07"",""last_updated_ist"":""2026-07-20 15:11:00""}"
2026-07-20 00:00:00,2026-07-20 15:11:00,357,NIFTY,REGIME_TRANSITION_UNCERTAIN,ON,LOW,1,Transition/uncertain regime,"{""dedupe_key"":""NIFTY|REGIME_TRANSITION_UNCERTAIN|ON|2026-07-20 15:11"",""threshold"":1,""value"":1,""since_minute_bucket_ist"":"""",""last_updated_ist"":""2026-07-20 15:11:00""}"
2026-07-20 00:00:00,2026-07-20 15:11:00,357,NIFTY,PIN_BASIC,OFF,LOW,37.5,Spot near a local wall (pin zone),"{""dedupe_key"":""NIFTY|PIN_BASIC|OFF|2026-07-20 15:11"",""threshold"":37.5,""value"":37.5,""since_minute_bucket_ist"":""2026-07-20 15:02"",""last_updated_ist"":""2026-07-20 15:11:00""}"
2026-07-20 00:00:00,2026-07-20 15:12:00,358,NIFTY,FLOW_BOTH_UNWINDING,OFF,MED,-0.0049,Both sides unwinding,"{""dedupe_key"":""NIFTY|FLOW_BOTH_UNWINDING|OFF|2026-07-20 15:12"",""threshold"":-0.005,""value"":-0.0049,""since_minute_bucket_ist"":""2026-07-20 15:11"",""last_updated_ist"":""2026-07-20 15:12:00""}"
2026-07-20 00:00:00,2026-07-20 15:12:00,358,NIFTY,REGIME_RANGE_PIN,ON,LOW,0.0001,Range / pin (inside local walls),"{""dedupe_key"":""NIFTY|REGIME_RANGE_PIN|ON|2026-07-20 15:12"",""threshold"":0.0004,""value"":0.0001,""since_minute_bucket_ist"":"""",""last_updated_ist"":""2026-07-20 15:12:00""}"
2026-07-20 00:00:00,2026-07-20 15:12:00,358,NIFTY,REGIME_TRANSITION_UNCERTAIN,OFF,LOW,1,Transition/uncertain regime,"{""dedupe_key"":""NIFTY|REGIME_TRANSITION_UNCERTAIN|OFF|2026-07-20 15:12"",""threshold"":1,""value"":1,""since_minute_bucket_ist"":""2026-07-20 15:11"",""last_updated_ist"":""2026-07-20 15:12:00""}"
2026-07-20 00:00:00,2026-07-20 15:13:00,359,NIFTY,EXP_RANGE_BREAKOUT_WATCH_UP,ON,MED,24238.5,Expected-range watch UP,"{""dedupe_key"":""NIFTY|EXP_RANGE_BREAKOUT_WATCH_UP|ON|2026-07-20 15:13"",""threshold"":24238.23,""value"":24238.5,""since_minute_bucket_ist"":"""",""last_updated_ist"":""2026-07-20 15:13:00""}"
2026-07-20 00:00:00,2026-07-20 15:14:00,360,NIFTY,FLOW_BOTH_UNWINDING,ON,MED,-0.0057,Both sides unwinding,"{""dedupe_key"":""NIFTY|FLOW_BOTH_UNWINDING|ON|2026-07-20 15:14"",""threshold"":-0.005,""value"":-0.0057,""since_minute_bucket_ist"":"""",""last_updated_ist"":""2026-07-20 15:14:00""}"
2026-07-20 00:00:00,2026-07-20 15:14:00,360,NIFTY,PIN_BASIC,ON,LOW,37.5,Spot near a local wall (pin zone),"{""dedupe_key"":""NIFTY|PIN_BASIC|ON|2026-07-20 15:14"",""threshold"":37.5,""value"":37.5,""since_minute_bucket_ist"":"""",""last_updated_ist"":""2026-07-20 15:14:00""}"
2026-07-20 00:00:00,2026-07-20 15:14:00,360,NIFTY,EXP_RANGE_BREAKOUT_WATCH_UP,OFF,MED,24236.45,Expected-range watch UP,"{""dedupe_key"":""NIFTY|EXP_RANGE_BREAKOUT_WATCH_UP|OFF|2026-07-20 15:14"",""threshold"":24238.3,""value"":24236.45,""since_minute_bucket_ist"":""2026-07-20 15:13"",""last_updated_ist"":""2026-07-20 15:14:00""}"
2026-07-20 00:00:00,2026-07-20 15:15:00,361,NIFTY,REGIME_RANGE_PIN,OFF,LOW,0.0001,Range / pin (inside local walls),"{""dedupe_key"":""NIFTY|REGIME_RANGE_PIN|OFF|2026-07-20 15:15"",""threshold"":0.0004,""value"":0.0001,""since_minute_bucket_ist"":""2026-07-20 15:12"",""last_updated_ist"":""2026-07-20 15:15:00""}"
2026-07-20 00:00:00,2026-07-20 15:15:00,361,NIFTY,REGIME_TRANSITION_UNCERTAIN,ON,LOW,1,Transition/uncertain regime,"{""dedupe_key"":""NIFTY|REGIME_TRANSITION_UNCERTAIN|ON|2026-07-20 15:15"",""threshold"":1,""value"":1,""since_minute_bucket_ist"":"""",""last_updated_ist"":""2026-07-20 15:15:00""}"
2026-07-20 00:00:00,2026-07-20 15:15:00,361,NIFTY,PIN_BASIC,OFF,LOW,37.5,Spot near a local wall (pin zone),"{""dedupe_key"":""NIFTY|PIN_BASIC|OFF|2026-07-20 15:15"",""threshold"":37.5,""value"":37.5,""since_minute_bucket_ist"":""2026-07-20 15:14"",""last_updated_ist"":""2026-07-20 15:15:00""}"
2026-07-20 00:00:00,2026-07-20 15:15:00,361,NIFTY,EXP_RANGE_BREAKOUT_WATCH_UP,ON,MED,24241.65,Expected-range watch UP,"{""dedupe_key"":""NIFTY|EXP_RANGE_BREAKOUT_WATCH_UP|ON|2026-07-20 15:15"",""threshold"":24239.64,""value"":24241.65,""since_minute_bucket_ist"":"""",""last_updated_ist"":""2026-07-20 15:15:00""}"
2026-07-20 00:00:00,2026-07-20 15:15:00,361,NIFTY,VOL_EXPANSION,ON,MED,0.0176,Volatility expanding (straddle up),"{""dedupe_key"":""NIFTY|VOL_EXPANSION|ON|2026-07-20 15:15"",""threshold"":0.02,""value"":0.0176,""since_minute_bucket_ist"":"""",""last_updated_ist"":""2026-07-20 15:15:00""}"
2026-07-20 00:00:00,2026-07-20 15:15:00,361,NIFTY,OPTION_MOMENTUM_CALL,ON,MED,4.15,ATM CALL momentum (ltp up + vol up),"{""dedupe_key"":""NIFTY|OPTION_MOMENTUM_CALL|ON|2026-07-20 15:15"",""threshold"":1.5,""value"":4.15,""since_minute_bucket_ist"":"""",""last_updated_ist"":""2026-07-20 15:15:00""}"
2026-07-20 00:00:00,2026-07-20 15:16:00,362,NIFTY,FLOW_BOTH_UNWINDING,OFF,MED,0,Both sides unwinding,"{""dedupe_key"":""NIFTY|FLOW_BOTH_UNWINDING|OFF|2026-07-20 15:16"",""threshold"":-0.005,""value"":0,""since_minute_bucket_ist"":""2026-07-20 15:14"",""last_updated_ist"":""2026-07-20 15:16:00""}"
2026-07-20 00:00:00,2026-07-20 15:16:00,362,NIFTY,REGIME_RANGE_PIN,ON,LOW,0.0001,Range / pin (inside local walls),"{""dedupe_key"":""NIFTY|REGIME_RANGE_PIN|ON|2026-07-20 15:16"",""threshold"":0.0004,""value"":0.0001,""since_minute_bucket_ist"":"""",""last_updated_ist"":""2026-07-20 15:16:00""}"
2026-07-20 00:00:00,2026-07-20 15:16:00,362,NIFTY,REGIME_TRANSITION_UNCERTAIN,OFF,LOW,1,Transition/uncertain regime,"{""dedupe_key"":""NIFTY|REGIME_TRANSITION_UNCERTAIN|OFF|2026-07-20 15:16"",""threshold"":1,""value"":1,""since_minute_bucket_ist"":""2026-07-20 15:15"",""last_updated_ist"":""2026-07-20 15:16:00""}"
2026-07-20 00:00:00,2026-07-20 15:16:00,362,NIFTY,EXP_RANGE_BREAKOUT_CONFIRMED_UP,ON,HIGH,2,Expected-range breakout CONFIRMED UP,"{""dedupe_key"":""NIFTY|EXP_RANGE_BREAKOUT_CONFIRMED_UP|ON|2026-07-20 15:16"",""threshold"":2,""value"":2,""since_minute_bucket_ist"":"""",""last_updated_ist"":""2026-07-20 15:16:00""}"
2026-07-20 00:00:00,2026-07-20 15:16:00,362,NIFTY,OPTION_MOMENTUM_CALL,OFF,MED,-1.45,ATM CALL momentum (ltp up + vol up),"{""dedupe_key"":""NIFTY|OPTION_MOMENTUM_CALL|OFF|2026-07-20 15:16"",""threshold"":1.5,""value"":-1.45,""since_minute_bucket_ist"":""2026-07-20 15:15"",""last_updated_ist"":""2026-07-20 15:16:00""}"
2026-07-20 00:00:00,2026-07-20 15:17:00,363,NIFTY,FLOW_BOTH_UNWINDING,ON,MED,1899-12-29 23:24:25,Both sides unwinding,"{""dedupe_key"":""NIFTY|FLOW_BOTH_UNWINDING|ON|2026-07-20 15:17"",""threshold"":-0.005,""value"":-0.0247,""since_minute_bucket_ist"":"""",""last_updated_ist"":""2026-07-20 15:17:00""}"
2026-07-20 00:00:00,2026-07-20 15:17:00,363,NIFTY,EXP_RANGE_BREAKOUT_WATCH_UP,OFF,MED,24240.95,Expected-range watch UP,"{""dedupe_key"":""NIFTY|EXP_RANGE_BREAKOUT_WATCH_UP|OFF|2026-07-20 15:17"",""threshold"":24241.25,""value"":24240.95,""since_minute_bucket_ist"":""2026-07-20 15:15"",""last_updated_ist"":""2026-07-20 15:17:00""}"
2026-07-20 00:00:00,2026-07-20 15:17:00,363,NIFTY,EXP_RANGE_BREAKOUT_CONFIRMED_UP,OFF,HIGH,0,Expected-range breakout CONFIRMED UP,"{""dedupe_key"":""NIFTY|EXP_RANGE_BREAKOUT_CONFIRMED_UP|OFF|2026-07-20 15:17"",""threshold"":2,""value"":0,""since_minute_bucket_ist"":""2026-07-20 15:16"",""last_updated_ist"":""2026-07-20 15:17:00""}"
2026-07-20 00:00:00,2026-07-20 15:17:00,363,NIFTY,VOL_EXPANSION,OFF,MED,0.011,Volatility expanding (straddle up),"{""dedupe_key"":""NIFTY|VOL_EXPANSION|OFF|2026-07-20 15:17"",""threshold"":0.02,""value"":0.011,""since_minute_bucket_ist"":""2026-07-20 15:15"",""last_updated_ist"":""2026-07-20 15:17:00""}"
2026-07-20 00:00:00,2026-07-20 15:17:00,363,NIFTY,CHURN_CHOP,ON,LOW,0.0539,High OI churn while price flat (chop),"{""dedupe_key"":""NIFTY|CHURN_CHOP|ON|2026-07-20 15:17"",""threshold"":0.04,""value"":0.0539,""since_minute_bucket_ist"":"""",""last_updated_ist"":""2026-07-20 15:17:00""}"
2026-07-20 00:00:00,2026-07-20 15:18:00,364,NIFTY,FLOW_BOTH_UNWINDING,OFF,MED,0,Both sides unwinding,"{""dedupe_key"":""NIFTY|FLOW_BOTH_UNWINDING|OFF|2026-07-20 15:18"",""threshold"":-0.005,""value"":0,""since_minute_bucket_ist"":""2026-07-20 15:17"",""last_updated_ist"":""2026-07-20 15:18:00""}"
2026-07-20 00:00:00,2026-07-20 15:18:00,364,NIFTY,CHURN_CHOP,OFF,LOW,0,High OI churn while price flat (chop),"{""dedupe_key"":""NIFTY|CHURN_CHOP|OFF|2026-07-20 15:18"",""threshold"":0.04,""value"":0,""since_minute_bucket_ist"":""2026-07-20 15:17"",""last_updated_ist"":""2026-07-20 15:18:00""}"
2026-07-20 00:00:00,2026-07-20 15:19:00,365,NIFTY,FLOW_BOTH_UNWINDING,ON,MED,-0.0155,Both sides unwinding,"{""dedupe_key"":""NIFTY|FLOW_BOTH_UNWINDING|ON|2026-07-20 15:19"",""threshold"":-0.005,""value"":-0.0155,""since_minute_bucket_ist"":"""",""last_updated_ist"":""2026-07-20 15:19:00""}"
2026-07-20 00:00:00,2026-07-20 15:19:00,365,NIFTY,WALL_UNWIND_CONFIRM_UP,OFF,MED,0,Call wall OI unwinding (5m),"{""dedupe_key"":""NIFTY|WALL_UNWIND_CONFIRM_UP|OFF|2026-07-20 15:19"",""threshold"":-0.006,""value"":0,""since_minute_bucket_ist"":""2026-07-20 15:07"",""last_updated_ist"":""2026-07-20 15:19:00""}"
2026-07-20 00:00:00,2026-07-20 15:19:00,365,NIFTY,CHURN_CHOP,ON,LOW,0.0412,High OI churn while price flat (chop),"{""dedupe_key"":""NIFTY|CHURN_CHOP|ON|2026-07-20 15:19"",""threshold"":0.04,""value"":0.0412,""since_minute_bucket_ist"":"""",""last_updated_ist"":""2026-07-20 15:19:00""}"
2026-07-20 00:00:00,2026-07-20 15:19:00,365,NIFTY,WALL_SHIFT_REGIME,ON,MED,1,Wall strike shifted materially (>= 1 step),"{""dedupe_key"":""NIFTY|WALL_SHIFT_REGIME|ON|2026-07-20 15:19"",""threshold"":1,""value"":1,""since_minute_bucket_ist"":"""",""last_updated_ist"":""2026-07-20 15:19:00""}"
2026-07-20 00:00:00,2026-07-20 15:20:00,366,NIFTY,CHURN_CHOP,OFF,LOW,0.0199,High OI churn while price flat (chop),"{""dedupe_key"":""NIFTY|CHURN_CHOP|OFF|2026-07-20 15:20"",""threshold"":0.04,""value"":0.0199,""since_minute_bucket_ist"":""2026-07-20 15:19"",""last_updated_ist"":""2026-07-20 15:20:00""}"
2026-07-20 00:00:00,2026-07-20 15:20:00,366,NIFTY,WALL_SHIFT_REGIME,OFF,MED,1,Wall strike shifted materially (>= 1 step),"{""dedupe_key"":""NIFTY|WALL_SHIFT_REGIME|OFF|2026-07-20 15:20"",""threshold"":1,""value"":1,""since_minute_bucket_ist"":""2026-07-20 15:19"",""last_updated_ist"":""2026-07-20 15:20:00""}"
2026-07-20 00:00:00,2026-07-20 15:21:00,367,NIFTY,REGIME_RANGE_PIN,OFF,LOW,0.0001,Range / pin (inside local walls),"{""dedupe_key"":""NIFTY|REGIME_RANGE_PIN|OFF|2026-07-20 15:21"",""threshold"":0.0004,""value"":0.0001,""since_minute_bucket_ist"":""2026-07-20 15:16"",""last_updated_ist"":""2026-07-20 15:21:00""}"
2026-07-20 00:00:00,2026-07-20 15:21:00,367,NIFTY,REGIME_TRANSITION_UNCERTAIN,ON,LOW,1,Transition/uncertain regime,"{""dedupe_key"":""NIFTY|REGIME_TRANSITION_UNCERTAIN|ON|2026-07-20 15:21"",""threshold"":1,""value"":1,""since_minute_bucket_ist"":"""",""last_updated_ist"":""2026-07-20 15:21:00""}"
2026-07-20 00:00:00,2026-07-20 15:21:00,367,NIFTY,PIN_BASIC,ON,LOW,37.5,Spot near a local wall (pin zone),"{""dedupe_key"":""NIFTY|PIN_BASIC|ON|2026-07-20 15:21"",""threshold"":37.5,""value"":37.5,""since_minute_bucket_ist"":"""",""last_updated_ist"":""2026-07-20 15:21:00""}"
2026-07-20 00:00:00,2026-07-20 15:21:00,367,NIFTY,EXP_RANGE_BREAKOUT_WATCH_DOWN,ON,MED,24235.55,Expected-range watch DOWN,"{""dedupe_key"":""NIFTY|EXP_RANGE_BREAKOUT_WATCH_DOWN|ON|2026-07-20 15:21"",""threshold"":24235.96,""value"":24235.55,""since_minute_bucket_ist"":"""",""last_updated_ist"":""2026-07-20 15:21:00""}"
2026-07-20 00:00:00,2026-07-20 15:22:00,368,NIFTY,FLOW_BOTH_UNWINDING,OFF,MED,0,Both sides unwinding,"{""dedupe_key"":""NIFTY|FLOW_BOTH_UNWINDING|OFF|2026-07-20 15:22"",""threshold"":-0.005,""value"":0,""since_minute_bucket_ist"":""2026-07-20 15:19"",""last_updated_ist"":""2026-07-20 15:22:00""}"
2026-07-20 00:00:00,2026-07-20 15:22:00,368,NIFTY,REGIME_RANGE_PIN,ON,LOW,0.0001,Range / pin (inside local walls),"{""dedupe_key"":""NIFTY|REGIME_RANGE_PIN|ON|2026-07-20 15:22"",""threshold"":0.0004,""value"":0.0001,""since_minute_bucket_ist"":"""",""last_updated_ist"":""2026-07-20 15:22:00""}"
2026-07-20 00:00:00,2026-07-20 15:22:00,368,NIFTY,REGIME_TRANSITION_UNCERTAIN,OFF,LOW,1,Transition/uncertain regime,"{""dedupe_key"":""NIFTY|REGIME_TRANSITION_UNCERTAIN|OFF|2026-07-20 15:22"",""threshold"":1,""value"":1,""since_minute_bucket_ist"":""2026-07-20 15:21"",""last_updated_ist"":""2026-07-20 15:22:00""}"
2026-07-20 00:00:00,2026-07-20 15:22:00,368,NIFTY,EXP_RANGE_BREAKOUT_WATCH_DOWN,OFF,MED,24236.9,Expected-range watch DOWN,"{""dedupe_key"":""NIFTY|EXP_RANGE_BREAKOUT_WATCH_DOWN|OFF|2026-07-20 15:22"",""threshold"":24236.02,""value"":24236.9,""since_minute_bucket_ist"":""2026-07-20 15:21"",""last_updated_ist"":""2026-07-20 15:22:00""}"
2026-07-20 00:00:00,2026-07-20 15:23:00,369,NIFTY,FLOW_BOTH_UNWINDING,ON,MED,-0.0287,Both sides unwinding,"{""dedupe_key"":""NIFTY|FLOW_BOTH_UNWINDING|ON|2026-07-20 15:23"",""threshold"":-0.005,""value"":-0.0287,""since_minute_bucket_ist"":"""",""last_updated_ist"":""2026-07-20 15:23:00""}"
2026-07-20 00:00:00,2026-07-20 15:23:00,369,NIFTY,PIN_BASIC,OFF,LOW,37.5,Spot near a local wall (pin zone),"{""dedupe_key"":""NIFTY|PIN_BASIC|OFF|2026-07-20 15:23"",""threshold"":37.5,""value"":37.5,""since_minute_bucket_ist"":""2026-07-20 15:21"",""last_updated_ist"":""2026-07-20 15:23:00""}"
2026-07-20 00:00:00,2026-07-20 15:23:00,369,NIFTY,VOL_CONTRACTION,ON,LOW,-0.0188,Volatility contracting (straddle down),"{""dedupe_key"":""NIFTY|VOL_CONTRACTION|ON|2026-07-20 15:23"",""threshold"":-0.03,""value"":-0.0188,""since_minute_bucket_ist"":"""",""last_updated_ist"":""2026-07-20 15:23:00""}"
2026-07-20 00:00:00,2026-07-20 15:24:00,370,NIFTY,FLOW_BOTH_UNWINDING,OFF,MED,0,Both sides unwinding,"{""dedupe_key"":""NIFTY|FLOW_BOTH_UNWINDING|OFF|2026-07-20 15:24"",""threshold"":-0.005,""value"":0,""since_minute_bucket_ist"":""2026-07-20 15:23"",""last_updated_ist"":""2026-07-20 15:24:00""}"
2026-07-20 00:00:00,2026-07-20 15:24:00,370,NIFTY,WALL_UNWIND_CONFIRM_UP,ON,MED,-0.0106,Call wall OI unwinding (5m),"{""dedupe_key"":""NIFTY|WALL_UNWIND_CONFIRM_UP|ON|2026-07-20 15:24"",""threshold"":-0.006,""value"":-0.0106,""since_minute_bucket_ist"":"""",""last_updated_ist"":""2026-07-20 15:24:00""}"
2026-07-20 00:00:00,2026-07-20 15:25:00,371,NIFTY,FLOW_BOTH_UNWINDING,ON,MED,-0.0288,Both sides unwinding,"{""dedupe_key"":""NIFTY|FLOW_BOTH_UNWINDING|ON|2026-07-20 15:25"",""threshold"":-0.005,""value"":-0.0288,""since_minute_bucket_ist"":"""",""last_updated_ist"":""2026-07-20 15:25:00""}"
2026-07-20 00:00:00,2026-07-20 15:25:00,371,NIFTY,REGIME_RANGE_PIN,OFF,LOW,0.0001,Range / pin (inside local walls),"{""dedupe_key"":""NIFTY|REGIME_RANGE_PIN|OFF|2026-07-20 15:25"",""threshold"":0.0004,""value"":0.0001,""since_minute_bucket_ist"":""2026-07-20 15:22"",""last_updated_ist"":""2026-07-20 15:25:00""}"
2026-07-20 00:00:00,2026-07-20 15:25:00,371,NIFTY,REGIME_TRANSITION_UNCERTAIN,ON,LOW,1,Transition/uncertain regime,"{""dedupe_key"":""NIFTY|REGIME_TRANSITION_UNCERTAIN|ON|2026-07-20 15:25"",""threshold"":1,""value"":1,""since_minute_bucket_ist"":"""",""last_updated_ist"":""2026-07-20 15:25:00""}"
2026-07-20 00:00:00,2026-07-20 15:25:00,371,NIFTY,EXP_RANGE_BREAKOUT_WATCH_UP,ON,MED,24244.85,Expected-range watch UP,"{""dedupe_key"":""NIFTY|EXP_RANGE_BREAKOUT_WATCH_UP|ON|2026-07-20 15:25"",""threshold"":24243.08,""value"":24244.85,""since_minute_bucket_ist"":"""",""last_updated_ist"":""2026-07-20 15:25:00""}"
2026-07-20 00:00:00,2026-07-20 15:25:00,371,NIFTY,VOL_CONTRACTION,OFF,LOW,-0.0014,Volatility contracting (straddle down),"{""dedupe_key"":""NIFTY|VOL_CONTRACTION|OFF|2026-07-20 15:25"",""threshold"":-0.03,""value"":-0.0014,""since_minute_bucket_ist"":""2026-07-20 15:23"",""last_updated_ist"":""2026-07-20 15:25:00""}"
2026-07-20 00:00:00,2026-07-20 15:25:00,371,NIFTY,OPTION_MOMENTUM_CALL,ON,MED,2.45,ATM CALL momentum (ltp up + vol up),"{""dedupe_key"":""NIFTY|OPTION_MOMENTUM_CALL|ON|2026-07-20 15:25"",""threshold"":1.5,""value"":2.45,""since_minute_bucket_ist"":"""",""last_updated_ist"":""2026-07-20 15:25:00""}"
2026-07-20 00:00:00,2026-07-20 15:25:00,371,NIFTY,TAIL_RISK_SKEW_LOW,ON,LOW,0.54,Tail-risk skew low (PCR_COI low),"{""dedupe_key"":""NIFTY|TAIL_RISK_SKEW_LOW|ON|2026-07-20 15:25"",""threshold"":0.55,""value"":0.54,""since_minute_bucket_ist"":"""",""last_updated_ist"":""2026-07-20 15:25:00""}"
2026-07-20 00:00:00,2026-07-20 15:26:00,372,NIFTY,TIME_ENTRY_BLOCK,ON,MED,1899-12-30 15:26:00,Entry window closed (time gate),"{""dedupe_key"":""NIFTY|TIME_ENTRY_BLOCK|ON|2026-07-20 15:26"",""threshold"":""09:15-15:25"",""value"":""15:26"",""since_minute_bucket_ist"":"""",""last_updated_ist"":""2026-07-20 15:26:00""}"
2026-07-20 00:00:00,2026-07-20 15:26:00,372,NIFTY,EXP_RANGE_BREAKOUT_WATCH_UP,OFF,MED,24243.5,Expected-range watch UP,"{""dedupe_key"":""NIFTY|EXP_RANGE_BREAKOUT_WATCH_UP|OFF|2026-07-20 15:26"",""threshold"":24243.68,""value"":24243.5,""since_minute_bucket_ist"":""2026-07-20 15:25"",""last_updated_ist"":""2026-07-20 15:26:00""}"
2026-07-20 00:00:00,2026-07-20 15:26:00,372,NIFTY,OPTION_MOMENTUM_CALL,OFF,MED,-1.7,ATM CALL momentum (ltp up + vol up),"{""dedupe_key"":""NIFTY|OPTION_MOMENTUM_CALL|OFF|2026-07-20 15:26"",""threshold"":1.5,""value"":-1.7,""since_minute_bucket_ist"":""2026-07-20 15:25"",""last_updated_ist"":""2026-07-20 15:26:00""}"
2026-07-20 00:00:00,2026-07-20 15:27:00,373,NIFTY,FLOW_BOTH_UNWINDING,OFF,MED,0,Both sides unwinding,"{""dedupe_key"":""NIFTY|FLOW_BOTH_UNWINDING|OFF|2026-07-20 15:27"",""threshold"":-0.005,""value"":0,""since_minute_bucket_ist"":""2026-07-20 15:25"",""last_updated_ist"":""2026-07-20 15:27:00""}"
2026-07-20 00:00:00,2026-07-20 15:28:00,374,NIFTY,FLOW_BOTH_UNWINDING,ON,MED,-0.0286,Both sides unwinding,"{""dedupe_key"":""NIFTY|FLOW_BOTH_UNWINDING|ON|2026-07-20 15:28"",""threshold"":-0.005,""value"":-0.0286,""since_minute_bucket_ist"":"""",""last_updated_ist"":""2026-07-20 15:28:00""}"
2026-07-20 00:00:00,2026-07-20 15:28:00,374,NIFTY,REGIME_RANGE_PIN,ON,LOW,0.0001,Range / pin (inside local walls),"{""dedupe_key"":""NIFTY|REGIME_RANGE_PIN|ON|2026-07-20 15:28"",""threshold"":0.0004,""value"":0.0001,""since_minute_bucket_ist"":"""",""last_updated_ist"":""2026-07-20 15:28:00""}"
2026-07-20 00:00:00,2026-07-20 15:28:00,374,NIFTY,REGIME_TRANSITION_UNCERTAIN,OFF,LOW,1,Transition/uncertain regime,"{""dedupe_key"":""NIFTY|REGIME_TRANSITION_UNCERTAIN|OFF|2026-07-20 15:28"",""threshold"":1,""value"":1,""since_minute_bucket_ist"":""2026-07-20 15:25"",""last_updated_ist"":""2026-07-20 15:28:00""}"
2026-07-20 00:00:00,2026-07-20 15:28:00,374,NIFTY,CHURN_CHOP,ON,LOW,0.0584,High OI churn while price flat (chop),"{""dedupe_key"":""NIFTY|CHURN_CHOP|ON|2026-07-20 15:28"",""threshold"":0.04,""value"":0.0584,""since_minute_bucket_ist"":"""",""last_updated_ist"":""2026-07-20 15:28:00""}"
2026-07-20 00:00:00,2026-07-20 15:29:00,375,NIFTY,TRADE_LIMIT_REACHED,ON,MED,12,Cooldown active (2m),"{""dedupe_key"":""NIFTY|TRADE_LIMIT_REACHED|ON|2026-07-20 15:29"",""threshold"":500,""value"":12,""since_minute_bucket_ist"":"""",""last_updated_ist"":""2026-07-20 15:29:00""}"
2026-07-20 00:00:00,2026-07-20 15:29:00,375,NIFTY,FLOW_BOTH_UNWINDING,OFF,MED,0,Both sides unwinding,"{""dedupe_key"":""NIFTY|FLOW_BOTH_UNWINDING|OFF|2026-07-20 15:29"",""threshold"":-0.005,""value"":0,""since_minute_bucket_ist"":""2026-07-20 15:28"",""last_updated_ist"":""2026-07-20 15:29:00""}"
2026-07-20 00:00:00,2026-07-20 15:29:00,375,NIFTY,CHURN_CHOP,OFF,LOW,0,High OI churn while price flat (chop),"{""dedupe_key"":""NIFTY|CHURN_CHOP|OFF|2026-07-20 15:29"",""threshold"":0.04,""value"":0,""since_minute_bucket_ist"":""2026-07-20 15:28"",""last_updated_ist"":""2026-07-20 15:29:00""}"
2026-07-20 00:00:00,2026-07-20 15:30:00,376,NIFTY,FLOW_BOTH_UNWINDING,ON,MED,-0.0597,Both sides unwinding,"{""dedupe_key"":""NIFTY|FLOW_BOTH_UNWINDING|ON|2026-07-20 15:30"",""threshold"":-0.005,""value"":-0.0597,""since_minute_bucket_ist"":"""",""last_updated_ist"":""2026-07-20 15:30:00""}"
2026-07-20 00:00:00,2026-07-20 15:30:00,376,NIFTY,VOL_CONTRACTION,ON,LOW,-0.0338,Volatility contracting (straddle down),"{""dedupe_key"":""NIFTY|VOL_CONTRACTION|ON|2026-07-20 15:30"",""threshold"":-0.03,""value"":-0.0338,""since_minute_bucket_ist"":"""",""last_updated_ist"":""2026-07-20 15:30:00""}"
2026-07-20 00:00:00,2026-07-20 15:30:00,376,NIFTY,CHURN_CHOP,ON,LOW,0.1285,High OI churn while price flat (chop),"{""dedupe_key"":""NIFTY|CHURN_CHOP|ON|2026-07-20 15:30"",""threshold"":0.04,""value"":0.1285,""since_minute_bucket_ist"":"""",""last_updated_ist"":""2026-07-20 15:30:00""}"
2026-07-20 00:00:00,2026-07-20 15:31:00,377,NIFTY,TRADE_LIMIT_REACHED,OFF,MED,12,Cooldown active (2m),"{""dedupe_key"":""NIFTY|TRADE_LIMIT_REACHED|OFF|2026-07-20 15:31"",""threshold"":500,""value"":12,""since_minute_bucket_ist"":""2026-07-20 15:29"",""last_updated_ist"":""2026-07-20 15:31:00""}"
2026-07-20 00:00:00,2026-07-20 15:31:00,377,NIFTY,FLOW_BOTH_UNWINDING,OFF,MED,0,Both sides unwinding,"{""dedupe_key"":""NIFTY|FLOW_BOTH_UNWINDING|OFF|2026-07-20 15:31"",""threshold"":-0.005,""value"":0,""since_minute_bucket_ist"":""2026-07-20 15:30"",""last_updated_ist"":""2026-07-20 15:31:00""}"
2026-07-20 00:00:00,2026-07-20 15:31:00,377,NIFTY,REGIME_RANGE_PIN,OFF,LOW,0.0001,Range / pin (inside local walls),"{""dedupe_key"":""NIFTY|REGIME_RANGE_PIN|OFF|2026-07-20 15:31"",""threshold"":0.0004,""value"":0.0001,""since_minute_bucket_ist"":""2026-07-20 15:28"",""last_updated_ist"":""2026-07-20 15:31:00""}"
2026-07-20 00:00:00,2026-07-20 15:31:00,377,NIFTY,REGIME_TRANSITION_UNCERTAIN,ON,LOW,1,Transition/uncertain regime,"{""dedupe_key"":""NIFTY|REGIME_TRANSITION_UNCERTAIN|ON|2026-07-20 15:31"",""threshold"":1,""value"":1,""since_minute_bucket_ist"":"""",""last_updated_ist"":""2026-07-20 15:31:00""}"
2026-07-20 00:00:00,2026-07-20 15:31:00,377,NIFTY,CHURN_CHOP,OFF,LOW,0,High OI churn while price flat (chop),"{""dedupe_key"":""NIFTY|CHURN_CHOP|OFF|2026-07-20 15:31"",""threshold"":0.04,""value"":0,""since_minute_bucket_ist"":""2026-07-20 15:30"",""last_updated_ist"":""2026-07-20 15:31:00""}"