date_ist,minute_bucket_ist,run_id,symbol,nse_status,spot,Δspot,call_oi_sum,Δcall_oi,put_oi_sum,Δput_oi,call_coi_sum,Δcall_coi,put_coi_sum,Δput_coi,net_diff,expected_move,churn,commitment,tv_ratio,tv_ratio_z,top_call_write_strike,top_call_write_score,top_put_write_strike,top_put_write_score,top_call_unwind_strike,top_call_unwind_score,top_put_unwind_strike,top_put_unwind_score,bucket_epoch_ms,expiry_used,atm_strike,overlap_strikes,d_call_oi_aligned,d_put_oi_aligned,call_oi_prev_aligned,put_oi_prev_aligned,call_oi_pct_aligned,put_oi_pct_aligned,d_net_oi_1m,total_vol_cum,d_total_vol_1m,d_total_vol_5m,atm_call_ltp,atm_put_ltp,d_atm_call_ltp_1m,d_atm_put_ltp_1m,d_atm_call_vol_1m,d_atm_put_vol_1m,call_wall_above,put_wall_below,call_wall_above_oi,put_wall_below_oi,d_call_wall_oi_5m,d_put_wall_oi_5m,call_wall_oi_pct_5m,put_wall_oi_pct_5m,d_expected_move_1m,d_expected_move_5m,expected_move_z
2026-07-20 00:00:00,2026-07-20 09:15:00,1,NIFTY,OK,24225.5,0,818711,0,1208731,0,0,0,0,0,0,0,0,0,0,0,0,0,0,0,0,0,0,0,1784519150815,2026-07-21 00:00:00,24250,0,0,0,0,0,0,0,0,62398222,0,0,0,0,0,0,0,0,24600,24000,104890,193588,0,0,0,0,0,0,0
2026-07-20 00:00:00,2026-07-20 09:16:00,2,NIFTY,OK,24208.4,-17.099999999998545,905958,132179,1406253,69649,131908,131908,67914,67914,-62530,202.3,0,0,0.26094481254288293,0,24200,2255989.5,23850,67645.05,0,0,24300,119073,1784519209708,2026-07-21 00:00:00,24200,16,132179,69649,768586,1207908,0.17197685099650528,0.05766084834275458,201828,2006395,0,0,105.7,96.6,105.7,96.6,0,0,24500,24200,117120,218929,0,0,0,0,202.3,0,0
2026-07-20 00:00:00,2026-07-20 09:17:00,3,NIFTY,OK,24209.05,0.6499999999978172,905958,0,1406253,0,131908,0,67914,0,0,201.85000000000002,0.11644828261780607,0.7495849628416397,0.2617113984125687,0,24200,2410308,23850,60936.450000000004,0,0,24300,148319,1784519269638,2026-07-21 00:00:00,24200,17,0,0,905958,1406253,0,0,0,2275648,269253,269253,100.45,101.4,-5.25,4.800000000000011,18361,27143,24500,24200,117120,218929,0,0,0,0,-0.44999999999998863,0,0
2026-07-20 00:00:00,2026-07-20 09:18:00,4,NIFTY,OK,24223.75,14.700000000000728,981624,75666,1443082,36829,207574,75666,104743,36829,-38837,200.39999999999998,0.5068193834633972,0.25577839477641573,0.25658111220796315,0,24200,3306374.4000000004,23900,104532,0,0,24500,166203.9,1784519329773,2026-07-21 00:00:00,24200,17,75666,36829,905958,1406253,0.08352042809931587,0.026189455240273263,112495,3235283,959635,1228888,105.8,94.6,5.349999999999994,-6.800000000000011,61159,90574,24300,24200,126976,229415,0,0,0,0,-1.4500000000000455,0,0
2026-07-20 00:00:00,2026-07-20 09:19:00,5,NIFTY,OK,24214.4,-9.349999999998545,1040134,58510,1478969,35887,266084,58510,140630,35887,-22623,197.39999999999998,0.7773493183883311,0.20871984447123745,0.2594438126744552,0.49774865109865774,24200,5020400,23900,86611.2,0,0,24350,230255.25,1784519390347,2026-07-21 00:00:00,24200,17,58510,35887,981624,1443082,0.05960530712370521,0.02486830270213335,94397,3964618,729335,1958223,92.8,104.6,-13,10,54066,78468,24200,24200,133920,241313,0,0,0,0,-3,0,0
2026-07-20 00:00:00,2026-07-20 09:20:00,6,NIFTY,OK,24201.85,-12.55000000000291,1143458,103324,1520922,41953,369408,103324,182583,41953,-61371,195.60000000000002,1.029234568642611,0.20202117076643017,0.2531449804865896,0.3928236100604767,24200,7297380.35,23850,130698.15,0,0,24500,230260.80000000002,1784519449855,2026-07-21 00:00:00,24200,17,103324,41953,1040134,1478969,0.09933720078374517,0.02836638225682891,145277,4748667,784049,2742272,93.4,102.2,0.6000000000000085,-2.3999999999999915,67143,104302,24200,24200,159867,249378,0,0,0,0,-1.7999999999999545,0,-1.5040241554037086
2026-07-20 00:00:00,2026-07-20 09:21:00,7,NIFTY,OK,24193.15,-8.69999999999709,1185889,42431,1519711,-1211,411839,42431,181372,-1211,-43642,197.8,1.249523211117682,0.11636283502577861,0.2543671056167699,0.37109630837535884,24200,8515269.15,23850,154154,0,0,24500,259043,1784519511569,2026-07-21 00:00:00,24200,17,42431,-1211,1143458,1520922,0.03710761567106094,-0.0007962275514457678,41220,5387105,638438,3380710,91.4,106.4,-2,4.200000000000003,42581,90664,24200,24200,171443,250031,0,31102,0,0.14206432222318652,2.1999999999999886,-4.5,-0.5799142953928855
2026-07-20 00:00:00,2026-07-20 09:22:00,8,NIFTY,OK,24193.15,0,1185889,0,1519711,0,411839,0,181372,0,0,197.8,1.1500062832643407,0.12643240771124267,0.2543671056167699,0.34417909130536406,24200,8515269.15,23850,154154,0,0,24500,259043,1784519569576,2026-07-21 00:00:00,24200,17,0,0,1185889,1519711,0,0,0,5387105,0,3111457,91.4,106.4,0,0,0,0,24200,24200,171443,250031,0,31102,0,0.14206432222318652,0,-4.050000000000011,-0.5244461253169242
2026-07-20 00:00:00,2026-07-20 09:23:00,9,NIFTY,OK,24188.85,-4.30000000000291,1255051,69162,1509669,-10042,481001,69162,171330,-10042,-79204,196.7,1.161346899505194,0.10589700569858157,0.2527937585364839,0.3052749439536442,24200,10797374.4,23850,118544.75000000001,0,0,24500,294463.5,1784519629845,2026-07-21 00:00:00,24200,17,69162,-10042,1185889,1519711,0.05832080405501695,-0.006607835305528486,59120,6446082,1058977,3210799,85.05,111.65,-6.3500000000000085,5.25,78660,135583,24200,24200,188776,250689,0,21274,0,0.09273151276071748,-1.1000000000000227,-3.6999999999999886,-0.8793713632361866
2026-07-20 00:00:00,2026-07-20 09:24:00,10,NIFTY,OK,24208.65,19.80000000000291,1292243,37192,1510936,1267,518193,37192,172597,1267,-35925,196.35,1.0168626405948389,0.09966012360162332,0.26068946948750704,0.3793307772344563,24200,11553817.95,23850,133342.3,0,0,24500,311839.5,1784519689710,2026-07-21 00:00:00,24200,17,37192,1267,1255051,1509669,0.029633855516628407,0.0008392568172228482,38459,6815066,368984,2850448,88.1,108.25,3.049999999999997,-3.4000000000000057,31732,40180,24200,24200,200377,250235,66457,8922,0.4962440262843489,0.03697272836523519,-0.3499999999999943,-1.049999999999983,-0.9191804033670313
2026-07-20 00:00:00,2026-07-20 09:25:00,11,NIFTY,OK,24196.15,-12.5,1328653,36410,1510363,-573,554603,36410,172024,-573,-36983,192.10000000000002,0.9950630781932895,0.06181805309734513,0.24726735907530034,-2.027560997780497,24200,12627326.25,23850,174246,0,0,24300,323897.60000000003,1784519750021,2026-07-21 00:00:00,24200,17,36410,-573,1292243,1510936,0.02817581522979811,-0.00037923512312897437,35837,7573667,758601,2825000,85.7,106.4,-2.3999999999999915,-1.8499999999999943,81123,92171,24200,24200,208435,247156,48568,-2222,0.30380253585793193,-0.008910168499226075,-4.249999999999972,-3.5,-1.9746180523101866
2026-07-20 00:00:00,2026-07-20 09:27:00,12,NIFTY,OK,24200.85,4.69999999999709,1349641,20988,1545482,35119,575591,20988,207143,35119,14131,190.2,0.9256066149866516,0.07072426667462763,0.24791305717435755,-1.4793303006472807,24200,13367324.5,23850,188005.5,0,0,24300,386664.3,1784519821021,2026-07-21 00:00:00,24200,17,20988,35119,1328653,1510363,0.015796449486811078,0.023252026168543587,56107,8066850,493183,2679745,85.75,104.45,0.04999999999999716,-1.9500000000000028,46417,57703,24200,24200,216155,262535,44712,12504,0.26079804949750063,0.05000979878495067,-1.900000000000034,-7.600000000000023,-1.9553460721307672
2026-07-20 00:00:00,2026-07-20 09:27:00,13,NIFTY,OK,24200.85,0,1349641,0,1545482,0,575591,0,207143,0,0,190.2,0.9256066149866516,0.07072426667462763,0.24791305717435755,-1.238022294083849,24200,13367324.5,23850,188005.5,0,0,24300,386664.3,1784519869600,2026-07-21 00:00:00,24200,17,0,0,1349641,1545482,0,0,0,8066850,0,2679745,85.75,104.45,0,0,0,0,24200,24200,216155,262535,44712,12504,0.26079804949750063,0.05000979878495067,0,-7.600000000000023,-1.5983630890780371
2026-07-20 00:00:00,2026-07-20 09:28:00,14,NIFTY,OK,24189.9,-10.94999999999709,1385829,36188,1567274,21792,611779,36188,228935,21792,-14396,190.95,0.6203119227470224,0.10283784927218187,0.24288906841812663,-1.7280440663465433,24200,14390360.4,23850,175020.05000000002,0,0,24300,432868.5,1784519931894,2026-07-21 00:00:00,24200,17,36188,21792,1349641,1545482,0.0268130562127262,0.014100455391910096,57980,8277927,211077,1831845,84.3,106.65,-1.4500000000000028,2.200000000000003,21411,20956,24200,24200,224536,268305,35760,17616,0.18943085985506633,0.0702703349568589,0.75,-5.75,-1.1549922030816588
2026-07-20 00:00:00,2026-07-20 09:29:00,15,NIFTY,OK,24188.7,-1.2000000000007276,1408689,22860,1569929,2655,634639,22860,231590,2655,-20205,191.3,0.664283906160508,0.08866609927586917,0.25079537843268646,-0.08870674584420453,24200,16372401.5,23850,148581.1,0,0,24300,528650,1784519990521,2026-07-21 00:00:00,24200,17,22860,2655,1385829,1567274,0.016495541657736992,0.0016940241463841038,25515,8793714,515787,1978648,76.75,114.55,-7.549999999999997,7.8999999999999915,56801,67065,24200,24200,232815,269077,32438,18842,0.1618848470632857,0.07529722061262413,0.35000000000002274,-5.049999999999983,-0.8514984473472217
2026-07-20 00:00:00,2026-07-20 09:30:00,16,NIFTY,OK,24189.5,0.7999999999992724,1429646,20957,1576311,6382,655596,20957,237972,6382,-14575,189.35,0.4440895195772927,0.12505749434045937,0.2433264024531115,-1.3251283813406731,24200,16043100,23850,195027.3,0,0,24300,449826.75,1784520049687,2026-07-21 00:00:00,24200,17,20957,6382,1408689,1569929,0.014876952968327289,0.004065151990949909,27339,8908581,114867,1334914,81.55,107.8,4.799999999999997,-6.75,10001,14841,24200,24200,236920,268011,28485,20855,0.13666130928107084,0.08437990580847723,-1.950000000000017,-2.7500000000000284,-1.1991163002527576
2026-07-20 00:00:00,2026-07-20 09:31:00,17,NIFTY,OK,24183.1,-6.400000000001455,1452227,22581,1589030,12719,678177,22581,250691,12719,-9862,189.89999999999998,0.34726299027014157,0.13836927004230595,0.24113877508141546,-1.3743420291201196,24200,17156715.7,23850,198615.19999999998,0,0,24300,425908,1784520109913,2026-07-21 00:00:00,24200,17,22581,12719,1429646,1576311,0.015794819137045113,0.008068839207491416,35300,9122966,214385,1056116,79.8,110.1,-1.75,2.299999999999997,19280,23165,24200,24200,245058,270199,28903,7664,0.13371423284217343,0.02919229816976784,0.549999999999983,-0.30000000000001137,-0.8531062759452588
2026-07-20 00:00:00,2026-07-20 09:32:00,18,NIFTY,OK,24183.15,0.05000000000291038,1482693,30466,1609584,20554,708643,30466,271245,20554,-9912,186.5,0.5604614334356204,0.1137578746086497,0.2383410918324177,-1.4623351181805724,24200,18667935,23850,232661,0,0,24300,524944.7000000001,1784520169653,2026-07-21 00:00:00,24200,17,30466,20554,1452227,1589030,0.020978813918209757,0.012934935149116127,51020,9799952,676986,1733102,75.2,111.3,-4.599999999999994,1.2000000000000028,70671,69551,24200,24200,251980,273691,35825,11156,0.16573754944368624,0.04249338183480298,-3.3999999999999773,-3.6999999999999886,-1.6496318709932811
2026-07-20 00:00:00,2026-07-20 09:33:00,19,NIFTY,OK,24176.6,-6.55000000000291,1495514,12821,1623738,14154,721464,12821,285399,14154,1333,187.45,0.6139587311316944,0.08675771190104706,0.2370023963094713,-1.335195977663884,24200,19334049.1,23850,224310,0,0,24300,555848.8,1784520230853,2026-07-21 00:00:00,24200,17,12821,14154,1482693,1609584,0.008647103614841374,0.00879357647690335,26975,10193019,393067,1915092,73.5,113.95,-1.7000000000000028,2.6500000000000057,38675,41165,24200,24200,255378,275434,30842,7129,0.1373588199665087,0.026570507444885486,0.9499999999999886,-3.5,-1.171187861042843
2026-07-20 00:00:00,2026-07-20 09:34:00,20,NIFTY,OK,24172.45,-4.149999999997817,1396940,18143,1657618,-7201,727021,5557,278757,-6642,-25344,185.35,0.615536846902236,0.08061725578172028,0.2373561084292615,-1.2908265365200065,24200,20243513.25,23850,199912.7,0,0,24300,501742.8,1784520290355,2026-07-21 00:00:00,24150,16,18143,-7201,1377957,1620675,0.01316659373260559,-0.004443210390732257,10942,10448964,480888,1880193,94.1,91.25,-3.75,3.299999999999997,16497,48364,24200,24000,258585,234849,25770,0,0.1106887442819406,0,-2.0999999999999943,-5.950000000000017,-1.9104391261939524
2026-07-20 00:00:00,2026-07-20 09:35:00,21,NIFTY,OK,24179.05,6.599999999998545,1539306,24730,1597631,-18581,765256,38235,259292,-19465,-43311,186.89999999999998,0.6915586765051386,0.060102997359609396,0.23776866665257657,-0.9825977311416207,24200,20874696.3,23850,221710.2,0,0,24300,624767,1784520351185,2026-07-21 00:00:00,24200,16,24730,-18581,1396100,1613474,0.017713630828737198,-0.011516144666725339,6149,11097529,404050,2169376,73.1,113.8,2.6999999999999886,-4.200000000000003,36639,58970,24200,24200,268818,266155,31898,-1856,0.13463616410602736,-0.006925088895605031,1.549999999999983,-2.450000000000017,-0.9680476685721826
2026-07-20 00:00:00,2026-07-20 09:36:00,22,NIFTY,OK,24187,7.950000000000728,1563141,23835,1578972,-18659,789091,23835,240633,-18659,-42494,187.15,0.6995521803321523,0.045613610473178315,0.2422491470100458,0.08440156765650532,24200,21170485,23850,234303.3,0,0,24300,709706.2000000001,1784520409689,2026-07-21 00:00:00,24200,17,23835,-18659,1539306,1597631,0.015484250694793629,-0.011679167467331317,5176,11340610,243081,2198072,75.45,111.7,2.3500000000000085,-2.0999999999999943,22683,27873,24200,24200,275775,255269,30717,-14930,0.12534583649584996,-0.05525557089404476,0.2500000000000284,-2.7499999999999716,-0.6876998731517888
2026-07-20 00:00:00,2026-07-20 09:37:00,23,NIFTY,OK,24185.05,-1.9500000000007276,1575648,12507,1587865,8893,801598,12507,249526,8893,-3614,185.05,0.5947410363099503,0.037546154046488096,0.23547614505839173,-1.2075837804336589,24200,21007960.8,23850,260688.90000000002,0,0,24300,616664.25,1784520470917,2026-07-21 00:00:00,24200,17,12507,8893,1563141,1578972,0.00800119758870121,0.005632145471863972,21400,11700995,360385,1881471,78.75,106.3,3.299999999999997,-5.400000000000006,48768,44176,24200,24200,280504,254763,28524,-18928,0.11319946027462496,-0.06915828434256151,-2.0999999999999943,-1.4499999999999886,-1.3823398676697662
2026-07-20 00:00:00,2026-07-20 09:38:00,24,NIFTY,OK,24177.1,-7.950000000000728,1594358,18710,1592675,4810,820308,18710,254336,4810,-13900,187.35,0.5528747270580505,0.03813045180842551,0.23707119416686803,-0.6900154532051307,24200,22412897.85,23850,227504,0,0,24300,772612.2,1784520529651,2026-07-21 00:00:00,24200,17,18710,4810,1575648,1587865,0.011874479579195353,0.0030292247766655228,23520,11974621,273626,1762030,74.3,113.05,-4.450000000000003,6.75,30529,27219,24200,24200,285159,254908,29781,-20526,0.11661537015717877,-0.07452239011886695,2.299999999999983,-0.09999999999999432,-0.1484288915270112
2026-07-20 00:00:00,2026-07-20 09:39:00,25,NIFTY,OK,24166.6,-10.5,1489014,13871,1651952,17981,819095,-1213,273091,18755,4110,184.75,0.5529569565541301,0.05072318992364777,0.23771405518456704,-0.42193738457090335,24200,24426570,23850,187488,0,0,24300,809866,1784520591037,2026-07-21 00:00:00,24150,16,13871,17981,1474376,1590020,0.009408047879238404,0.011308662784115924,31852,12193838,455677,1736819,90.5,94.25,-8.5,6.799999999999997,18883,42665,24200,24000,290695,239025,32110,4176,0.12417580292747066,0.017781638414470575,-2.5999999999999943,-0.5999999999999943,-1.3766801087180591
2026-07-20 00:00:00,2026-07-20 09:40:00,26,NIFTY,OK,24163.35,-3.25,1489312,298,1637207,-14745,819393,298,258346,-14745,-15043,183.5,0.5767343809521068,0.037434608254014734,0.23333688358717591,-1.8321710391076722,24200,24438394.4,23850,202671,0,0,24300,966838.6000000001,1784520650110,2026-07-21 00:00:00,24150,17,298,-14745,1489014,1651952,0.00020013243663256358,-0.00892580413958759,-14447,12664240,470402,1803171,91.1,92.4,0.5999999999999943,-1.8499999999999943,18290,53490,24200,24000,290798,235926,21980,0,0.08176535797454039,0,-1.25,-3.3999999999999773,-1.6931591612591939
2026-07-20 00:00:00,2026-07-20 09:41:00,27,NIFTY,OK,24166.8,3.4500000000007276,1516239,26927,1628116,-9091,846320,26927,249255,-9091,-36018,183.25,0.6208576957754453,0.04106194200687738,0.23457842364322057,-1.0999851645362833,24200,24920612.4,23850,206686.55,0,0,24300,1111567.5,1784520709988,2026-07-21 00:00:00,24150,17,26927,-9091,1489312,1637207,0.01808016050364195,-0.00555274928582641,17836,13056347,392107,1952197,91.1,92.15,0,-0.25,19562,38493,24200,24000,294904,236401,19129,0,0.06936451817604931,0,-0.25,-3.9000000000000057,-1.6591971637987737
2026-07-20 00:00:00,2026-07-20 09:42:00,28,NIFTY,OK,24166.65,-0.1499999999978172,1566432,50193,1640408,12292,896513,50193,261547,12292,-37901,182.5,0.5892885207868181,0.06415967369297802,0.23380311765962083,-1.1633332446904336,24200,26528430,23850,225830.5,0,0,24300,1181958.3,1784520769797,2026-07-21 00:00:00,24150,17,50193,12292,1516239,1628116,0.033103620207632176,0.007549830601750736,62485,13354289,297942,1889754,89.7,92.8,-1.3999999999999915,0.6499999999999915,16152,33031,24200,24000,308602,238034,28098,0,0.10016969454981034,0,-0.75,-2.5500000000000114,-1.6188845925517568
2026-07-20 00:00:00,2026-07-20 09:43:00,29,NIFTY,OK,24177.35,10.69999999999709,1702272,14059,1605613,6510,928222,31709,267274,5727,-7549,187.3,0.5200223103282007,0.06876920590591416,0.24476278008430102,2.1294027215339675,24200,27108288.15,23850,226402.4,0,0,24300,1215141.2,1784520829683,2026-07-21 00:00:00,24200,16,14059,6510,1565724,1596431,0.008979232610600591,0.004077846145558436,20569,13706148,104046,1720174,67.1,120.2,-0.3500000000000085,0.8500000000000085,10301,9114,24200,24200,312929,251996,27770,-2912,0.09738426632159602,-0.011423729345489353,4.800000000000011,-0.04999999999998295,1.152118986540581
2026-07-20 00:00:00,2026-07-20 09:44:00,30,NIFTY,OK,24172.8,-4.549999999999272,1594115,13649,1646288,-890,924196,-4026,267427,153,-14539,181.65,0.5115150800687446,0.059849835446436385,0.23604158644589868,-0.3562557388515424,24200,27523319.599999998,23850,238580.55,0,0,24300,1225298.0999999999,1784520891456,2026-07-21 00:00:00,24150,16,13649,-890,1579783,1602941,0.008639794199583108,-0.0005552294189243397,12759,13858010,393018,1657515,89.7,91.95,-1.5499999999999972,-0.04999999999999716,25446,37410,24200,24000,316011,239417,25316,392,0.08708784120813912,0.0016399958163372031,-5.650000000000006,-3.0999999999999943,-1.6080571279941072
2026-07-20 00:00:00,2026-07-20 09:45:00,31,NIFTY,OK,24166.65,-6.149999999997817,1613680,19565,1667307,21019,943761,19565,288446,21019,1454,181.4,0.4113999842120679,0.11426376391134081,0.22964858008370773,-1.642981179806054,24200,28066326,23850,252224.5,0,0,24300,1136179.2,1784520951791,2026-07-21 00:00:00,24150,17,19565,21019,1594115,1646288,0.012273267612436994,0.01276751090939131,40584,14020695,162685,1349798,90.25,91.15,0.5499999999999972,-0.7999999999999972,9323,16443,24200,24000,321340,241765,30542,5839,0.10502823265634564,0.024749285793002892,-0.25,-2.0999999999999943,-1.3715596330275401
2026-07-20 00:00:00,2026-07-20 09:46:00,32,NIFTY,OK,24166.65,0,1613680,0,1667307,0,943761,0,288446,0,0,181.4,0.29189112910230974,0.14242276475397597,0.22964858008370773,-1.3503859748655596,24200,28066326,23850,252224.5,0,0,24300,1136179.2,1784521009449,2026-07-21 00:00:00,24150,17,0,0,1613680,1667307,0,0,0,14020695,0,957691,90.25,91.15,0,0,0,0,24200,24000,321340,241765,26436,5364,0.08964273119388004,0.02269025934746469,0,-1.8499999999999943,-1.131669027449208
2026-07-20 00:00:00,2026-07-20 09:47:00,33,NIFTY,OK,24166.95,0.2999999999992724,1631491,17811,1678517,11210,961572,17811,299656,11210,-6601,181.85000000000002,0.26588032415631624,0.11696054614085762,0.23245830032332024,-0.583403614281223,24200,28773533.599999998,23850,245571.3,0,0,24300,1171107,1784521069926,2026-07-21 00:00:00,24150,17,17811,11210,1613680,1667307,0.011037504337910863,0.006723416863241143,29021,14241012,220317,880066,89.45,92.4,-0.7999999999999972,1.25,11232,22265,24200,24000,326826,243879,18224,5845,0.059053408597481545,0.02455531562717931,0.45000000000001705,-0.6499999999999773,-0.7599773978172917
2026-07-20 00:00:00,2026-07-20 09:48:00,34,NIFTY,OK,24160.5,-6.450000000000728,1641148,9657,1670522,-7995,971229,9657,291661,-7995,-17652,181.05,0.3376982006057367,0.07513423853998542,0.23146828416190668,-0.6781636866585198,24200,29495632.5,23850,230807.85,0,0,24300,1350921,1784521130396,2026-07-21 00:00:00,24150,17,9657,-7995,1631491,1678517,0.0059191255115719306,-0.004763133170530892,1662,14583337,342325,1118345,86.7,94.35,-2.75,1.9499999999999886,20684,29465,24200,24000,328095,244355,15166,0,0.04846466770417571,0,-0.8000000000000114,-6.25,-0.9843183335414166
2026-07-20 00:00:00,2026-07-20 09:49:00,35,NIFTY,OK,24162.15,1.6500000000014552,1654658,13510,1659004,-11518,984739,13510,280143,-11518,-25028,180.7,0.3165540118455051,0.06984011676404948,0.23563347568742124,0.36275652444497536,24200,30360170,23850,202896,0,0,24300,1409730,1784521192289,2026-07-21 00:00:00,24150,17,13510,-11518,1641148,1670522,0.008232042448334946,-0.006894850831057598,1992,14906963,323626,1048953,84.85,95.85,-1.8500000000000085,1.5,16372,32977,24200,24000,331980,245221,15969,5804,0.050533051064678126,0.02424222173028649,-0.35000000000002274,-0.950000000000017,-0.9616768460573948
2026-07-20 00:00:00,2026-07-20 09:50:00,36,NIFTY,OK,24172.9,10.75,1665183,10525,1660764,1760,995264,10525,281903,1760,-8765,180.7,0.35743744563578433,0.03781907743657986,0.23346599869122683,-0.16623311604417046,24200,29669197.950000003,23850,238386.4,0,0,24300,1257541.35,1784521250373,2026-07-21 00:00:00,24150,17,10525,1760,1654658,1659004,0.006360831059953174,0.0010608774903496316,12285,15209513,302550,1188818,90.25,90.45,5.400000000000006,-5.3999999999999915,17125,29975,24200,24000,334463,247064,13123,5299,0.04083836434928736,0.02191797820197299,0,-0.700000000000017,-0.7942081418601264
2026-07-20 00:00:00,2026-07-20 09:51:00,37,NIFTY,OK,24165.05,-7.850000000002183,1680323,15140,1663487,2723,1010404,15140,284626,2723,-12417,180.8,0.442971042014947,0.042413268602515104,0.22834890298251595,-1.1599284358096569,24200,29903448.4,23850,260752.80000000002,0,0,24300,1278540,1784521313574,2026-07-21 00:00:00,24150,17,15140,2723,1665183,1660764,0.009092093781884634,0.0016396068315546338,17863,15501906,292393,1481211,91.1,89.7,0.8499999999999943,-0.75,21837,27461,24200,24000,338403,243806,17063,2041,0.05309952075683077,0.008442082187247948,0.10000000000002274,-0.5999999999999943,-0.607679998118553
2026-07-20 00:00:00,2026-07-20 09:52:00,38,NIFTY,OK,24169.05,4,1689213,8890,1676360,12873,1019294,8890,297499,12873,3983,181,0.4215008855847132,0.03916911980329792,0.23097890241023286,-0.5006347839508059,24200,30202465.2,23850,274170.6,0,0,24300,1288159.2,1784521370536,2026-07-21 00:00:00,24150,17,8890,12873,1680323,1663487,0.005290649476320922,0.0077385636316965505,21763,15659604,157698,1418592,90.3,90.7,-0.7999999999999972,1,10274,15966,24200,24000,339187,243806,12361,-73,0.03782134836273736,-0.000299328765494364,0.19999999999998863,-0.8500000000000227,-0.41831580037682076
2026-07-20 00:00:00,2026-07-20 09:53:00,39,NIFTY,OK,24170.1,1.0499999999992724,1684824,-4389,1680174,3814,1014905,-4389,301313,3814,8203,180.64999999999998,0.3967945894767248,0.03993969501495267,0.224865908603304,-1.9913451888909819,24200,28839909,23850,322924.8,0,0,24300,1144199.2,1784521430481,2026-07-21 00:00:00,24150,17,-4389,3814,1689213,1676360,-0.0025982513750486174,0.0022751676250924624,-575,15918550,258946,1335213,94.8,85.85,4.5,-4.8500000000000085,18037,25438,24200,24000,337739,245955,9644,1600,0.02939392553985888,0.006547850463465041,-0.35000000000002274,-0.4000000000000341,-1.1514905002426692
2026-07-20 00:00:00,2026-07-20 09:54:00,40,NIFTY,OK,24170.1,0,1684824,0,1680174,0,1014905,0,301313,0,0,180.64999999999998,0.30062038669859537,0.05074798311959327,0.224865908603304,-1.6013240828485298,24200,28839909,23850,322924.8,0,0,24300,1144199.2,1784521489740,2026-07-21 00:00:00,24150,17,0,0,1684824,1680174,0,0,0,15918550,0,1011587,94.8,85.85,0,0,0,0,24200,24000,337739,245955,5759,734,0.017347430568106514,0.0029932183622120453,0,-0.05000000000001137,-0.9534309332557649
2026-07-20 00:00:00,2026-07-20 09:55:00,41,NIFTY,OK,24176.9,6.80000000000291,1823442,14342,1639408,837,1049392,34487,301069,-244,-13505,183.5,0.29083413950936365,0.053846879452694084,0.2306102005584105,0.1141817023731745,24200,29360265.55,23850,318192.39999999997,0,0,24300,1129756.25,1784521549750,2026-07-21 00:00:00,24200,16,14342,837,1684156,1635894,0.008515838200261734,0.0005116468426438388,15179,16485075,298078,1007115,70.8,112.7,-0.6500000000000057,1.7999999999999972,36368,27529,24200,24200,340887,246564,6424,0,0.01920690778950138,0,2.8500000000000227,2.8000000000000114,2.6995130953145314
2026-07-20 00:00:00,2026-07-20 09:56:00,42,NIFTY,OK,24189.2,12.299999999999272,1839918,16476,1645426,6018,1065868,16476,307087,6018,-10458,181.39999999999998,0.3691474930451628,0.04574904827118791,0.23265694899291575,0.6313897496399701,24200,29039798.849999998,23850,348047.45,0,0,24300,980908.6,1784521611343,2026-07-21 00:00:00,24200,17,16476,6018,1823442,1639408,0.009035658935134762,0.0036708372778466373,22494,17056959,571884,1286606,74.6,106.8,3.799999999999997,-5.900000000000006,80574,48207,24200,24200,347181,248084,8778,0,0.025939486352071345,0,-2.1000000000000227,0.5999999999999659,0.20216617894421315
2026-07-20 00:00:00,2026-07-20 09:57:00,43,NIFTY,OK,24189.2,0,1839918,0,1645426,0,1065868,0,307087,0,0,181.39999999999998,0.3239014570728169,0.032861845252226046,0.23265694899291575,0.6232754292842891,24200,29039798.849999998,23850,348047.45,0,0,24300,980908.6,1784521669618,2026-07-21 00:00:00,24200,17,0,0,1839918,1645426,0,0,0,17056959,0,1128908,74.6,106.8,0,0,0,0,24200,24200,347181,248084,7994,0,0.02356812024045733,0,0,0.39999999999997726,0.26275746351834484
2026-07-20 00:00:00,2026-07-20 09:58:00,44,NIFTY,OK,24196.5,7.299999999999272,1831980,-7938,1653999,8573,1057930,-7938,315660,8573,16511,180.65,0.4534895362249744,0.024232456487154105,0.2338711407668047,0.8759142867487983,24200,27432464.5,23900,395079.74999999994,0,0,24300,857961.4,1784521730184,2026-07-21 00:00:00,24200,17,-7938,8573,1839918,1645426,-0.004314322703511787,0.005210200884147935,635,17767852,710893,1580855,78.15,102.5,3.5500000000000114,-4.299999999999997,102267,54433,24200,24200,340935,252980,3196,0,0.009462928474354457,0,-0.7499999999999716,2.842170943040401e-14,-0.5938800483441666
2026-07-20 00:00:00,2026-07-20 09:59:00,45,NIFTY,OK,24196.5,0,1831980,0,1653999,0,1057930,0,315660,0,0,180.65,0.4534895362249744,0.024232456487154105,0.2338711407668047,0.9847866589531458,24200,27432464.5,23900,395079.74999999994,0,0,24300,857961.4,1784521789905,2026-07-21 00:00:00,24200,17,0,0,1831980,1653999,0,0,0,17767852,0,1580855,78.15,102.5,0,0,0,0,24200,24200,340935,252980,3196,0,0.009462928474354457,0,0,2.842170943040401e-14,-0.5859131780530265
2026-07-20 00:00:00,2026-07-20 10:00:00,46,NIFTY,OK,24182.7,-13.799999999999272,1804631,-27349,1683840,29841,1030581,-27349,345501,29841,57190,179.89999999999998,0.46380634954396927,0.01583522613142972,0.2237503220819381,-1.5835967988032655,24200,27111805.5,23900,397743.89999999997,0,0,24300,895759.2000000001,1784521851191,2026-07-21 00:00:00,24200,17,-27349,29841,1831980,1653999,-0.0149286564263802,0.01804172795751388,2492,18103050,335198,1617975,76.1,103.8,-2.0500000000000114,1.2999999999999972,47339,27641,24200,24200,332850,265458,-8037,18894,-0.023576727771959623,0.0766291916094807,-0.7500000000000284,-3.6000000000000227,-1.2752643846139804
2026-07-20 00:00:00,2026-07-20 10:01:00,47,NIFTY,OK,24182.7,0,1804631,0,1683840,0,1030581,0,345501,0,0,179.89999999999998,0.29987091765991464,0.00298922369086437,0.2237503220819381,-1.3201027007577848,24200,27111805.5,23900,397743.89999999997,0,0,24300,895759.2000000001,1784521909981,2026-07-21 00:00:00,24200,17,0,0,1804631,1683840,0,0,0,18103050,0,1046091,76.1,103.8,0,0,0,0,24200,24200,332850,265458,-14331,17374,-0.04127818054559437,0.07003273084922848,0,-1.5,-1.0994762673685603
2026-07-20 00:00:00,2026-07-20 10:02:00,48,NIFTY,OK,24189.4,6.700000000000728,1808947,4316,1733297,49457,1034897,4316,394958,49457,45141,179.85000000000002,0.49977020216563284,0.03214129970603985,0.230260189502182,0.27955301201924987,24200,27714312,23900,403400.55000000005,0,0,24300,801962.2999999999,1784521976081,2026-07-21 00:00:00,24200,17,4316,49457,1804631,1683840,0.0023916246590023112,0.029371555492208285,53773,18827267,724217,1770308,74.45,105.4,-1.6499999999999915,1.6000000000000085,78624,77214,24200,24200,334534,273053,-12647,24969,-0.03642768469472696,0.10064736137759792,-0.049999999999954525,-1.5499999999999545,-0.9764993319335028
2026-07-20 00:00:00,2026-07-20 10:03:00,49,NIFTY,OK,24205.05,15.649999999997817,1830925,21978,1731781,-1516,1056875,21978,393442,-1516,-23494,179.95,0.3821732694193683,0.056351817128890085,0.24012673862842962,1.9067555522177368,24200,27936192.900000002,23900,429117.85000000003,0,0,24300,735173.6,1784522029766,2026-07-21 00:00:00,24200,17,21978,-1516,1808947,1733297,0.012149609690057255,-0.0008746337182837102,20462,19129423,302156,1361571,76.75,103.2,2.299999999999997,-2.200000000000003,42281,26977,24200,24200,342217,272802,1282,19822,0.0037602475545191897,0.07835402008063878,0.0999999999999659,-0.700000000000017,-0.7847990460199535
2026-07-20 00:00:00,2026-07-20 10:04:00,50,NIFTY,OK,24193.45,-11.599999999998545,1837330,6405,1723285,-8496,1063280,6405,384946,-8496,-14901,180.75,0.5211785042752446,0.04021951634840676,0.23472179015457967,0.658189831561491,24200,28710503.25,23900,403631.1,0,0,24300,788100,1784522089383,2026-07-21 00:00:00,24200,17,6405,-8496,1830925,1731781,0.0034982317680953617,-0.004905932101114402,-2091,19623568,494145,1855716,75.2,105.55,-1.5499999999999972,2.3499999999999943,74011,41674,24200,24200,345617,270599,4682,17619,0.013732822972120785,0.06964582180409519,0.8000000000000114,0.09999999999999432,-0.04232822519381211
2026-07-20 00:00:00,2026-07-20 10:05:00,51,NIFTY,OK,24201.4,7.950000000000728,1845520,8190,1720345,-2940,1071470,8190,382006,-2940,-11130,180.45,0.4784210843652241,0.04536616675996565,0.23661720813381806,0.8935514969552344,24200,28096749.45,23900,439297.8,0,0,24300,731235,1784522149806,2026-07-21 00:00:00,24200,17,8190,-2940,1837330,1723285,0.004457555256812875,-0.0017060439799568847,5250,19809035,185467,1705985,78.5,101.95,3.299999999999997,-3.5999999999999943,22807,15714,24200,24200,348211,269197,15361,3739,0.04614991738020129,0.014085090673477537,-0.30000000000001137,0.5500000000000114,-0.07099970268940427
2026-07-20 00:00:00,2026-07-20 10:06:00,52,NIFTY,OK,24206.4,5,1854429,8909,1731486,11141,1080379,8909,393147,11141,2232,180.45,0.494286953260186,0.05497635786424714,0.23872311640342408,1.1136139157795635,24200,28436646.35,23900,450040.19999999995,0,0,24300,669303,1784522212358,2026-07-21 00:00:00,24200,17,8909,11141,1845520,1720345,0.004827365728900255,0.00647602661094141,20050,19875521,66486,1772471,79,101.45,0.5,-0.5,9442,4701,24200,24200,352803,271657,19953,6199,0.05994592158630013,0.023352093363168562,0,0.5500000000000114,0.11576382249340218
2026-07-20 00:00:00,2026-07-20 10:07:00,53,NIFTY,OK,24201.8,-4.600000000002183,1830920,-23509,1739066,7580,1056870,-23509,400727,7580,31089,179.05,0.46646373403145,0.016659170380280905,0.23362335050493055,0.13072454449847357,24200,27823371,24000,523516.5,0,0,24300,593400,1784522269489,2026-07-21 00:00:00,24200,17,-23509,7580,1854429,1731486,-0.012677217623322327,0.004377742586425763,-15929,20492536,617015,1665269,80,99.05,1,-2.4000000000000057,85383,51603,24200,24200,349500,273570,14966,517,0.04473685783806728,0.0018934053095919108,-1.3999999999999773,-0.8000000000000114,-2.2182261283624056
2026-07-20 00:00:00,2026-07-20 10:08:00,54,NIFTY,OK,24194,-7.799999999999272,1824118,-6802,1754300,15234,1050068,-6802,415961,15234,22036,178.9,0.4234709304502716,0.010368520664451125,0.22625656252689563,-1.0487414368285917,24200,27847192.5,24000,540486.1,0,0,24300,543928,1784522330165,2026-07-21 00:00:00,24200,17,-6802,15234,1830920,1739066,-0.0037150722041378106,0.008759874553352202,8432,20644779,152243,1515356,78.95,99.95,-1.0499999999999972,0.9000000000000057,19708,12584,24200,24200,346975,278767,4758,5965,0.01390345891641853,0.02186567547158745,-0.15000000000000568,-1.049999999999983,-1.8222430618502992
2026-07-20 00:00:00,2026-07-20 10:09:00,55,NIFTY,OK,24196.35,2.349999999998545,1825295,1177,1773322,19022,1051245,1177,434983,19022,17845,178.8,0.3293445787645643,0.03206419251003008,0.23012137726034054,-0.2968765875565584,24200,28014691,24000,533954.85,0,0,24300,553675.5,1784522389477,2026-07-21 00:00:00,24200,17,1177,19022,1824118,1754300,0.0006452433450029,0.010843071310494215,20199,20808753,163974,1185185,78.25,100.55,-0.7000000000000028,0.5999999999999943,22549,14149,24200,24200,346775,282026,1158,11427,0.0033505296325122896,0.04222853742992398,-0.09999999999999432,-1.9499999999999886,-1.5495032701332752
2026-07-20 00:00:00,2026-07-20 10:10:00,56,NIFTY,OK,24202.55,6.200000000000728,1817718,-7577,1784402,11080,1043668,-7577,446063,11080,18657,178.1,0.3085149856195796,0.03262371907697956,0.23254537234386055,-0.026057846361346233,24200,27489120.4,24000,595076,0,0,24300,524480.5,1784522449794,2026-07-21 00:00:00,24200,17,-7577,11080,1825295,1773322,-0.004151109820604341,0.006248160232602991,3503,20920343,111590,1111308,78.85,99.25,0.5999999999999943,-1.2999999999999972,14106,10638,24200,24200,343259,284587,-4952,15390,-0.014221262395501578,0.05717002789778489,-0.700000000000017,-2.3499999999999943,-1.8540721919339938
2026-07-20 00:00:00,2026-07-20 10:11:00,57,NIFTY,OK,24207.75,5.200000000000728,1819257,1539,1799864,15462,1045207,1539,461525,15462,13923,177.60000000000002,0.41077405259453886,0.022336260065476468,0.2281508342506853,-1.1545690019045884,24200,26582189.75,24000,740177.7000000001,0,0,24300,443421,1784522509640,2026-07-21 00:00:00,24200,17,1539,15462,1817718,1784402,0.0008466659844926441,0.008665087799722259,17001,21362162,441819,1486641,82.2,95.4,3.3500000000000085,-3.8499999999999943,57650,41477,24200,24200,343079,287669,-9724,16012,-0.02756212390484208,0.058941974622409875,-0.4999999999999716,-2.849999999999966,-1.7728856155784745
2026-07-20 00:00:00,2026-07-20 10:12:00,58,NIFTY,OK,24212.7,4.950000000000728,1816434,-2823,1794199,-5665,1042384,-2823,455860,-5665,-2842,177.8,0.3574921627315764,0.03149043247728299,0.22755905511811067,-1.1622052501280633,24200,25793625,24000,792550.5,0,0,24300,459517.5,1784522574084,2026-07-21 00:00:00,24200,17,-2823,-5665,1819257,1799864,-0.0015517323830552803,-0.0031474600303134015,-8488,21783309,421147,1290773,84.95,92.85,2.75,-2.5500000000000114,56533,33753,24200,24200,342470,288720,-7030,15150,-0.020114449213161658,0.055378879263077094,0.19999999999998863,-1.25,-1.2595984942270384
2026-07-20 00:00:00,2026-07-20 10:13:00,59,NIFTY,OK,24210.9,-1.7999999999992724,1782174,-34260,1801290,7091,1008124,-34260,462951,7091,41351,177.75,0.5002452933809297,0.002814888450422317,0.2258981955292223,-1.2954322492099686,24200,24382463.55,24000,833974.25,0,0,24300,431045.95,1784522629695,2026-07-21 00:00:00,24200,17,-34260,7091,1816434,1794199,-0.01886113120542778,0.003952181446985535,-27169,22437390,654081,1792611,86,91.75,1.0499999999999972,-1.0999999999999943,95499,46458,24200,24200,330719,292212,-16256,13445,-0.04685063765400965,0.048230242460549494,-0.05000000000001137,-1.1500000000000057,-1.062351549344997
2026-07-20 00:00:00,2026-07-20 10:14:00,60,NIFTY,OK,24210.9,0,1782174,0,1801290,0,1008124,0,462951,0,0,177.75,0.45448677592407793,0.00930409907180053,0.2258981955292223,-1.0547090131384667,24200,24382463.55,24000,833974.25,0,0,24300,431045.95,1784522689615,2026-07-21 00:00:00,24200,17,0,0,1782174,1801290,0,0,0,22437390,0,1628637,86,91.75,0,0,0,0,24200,24200,330719,292212,-16056,10186,-0.04630091557926609,0.03611723741782673,0,-1.0500000000000114,-0.8942162717275026
2026-07-20 00:00:00,2026-07-20 10:15:00,61,NIFTY,OK,24212.1,1.1999999999970896,1733361,-48813,1813512,12222,959311,-48813,475173,12222,61035,177.25,0.55509571388657,0.028060485947662955,0.22781784953445777,-0.4657173784895314,24200,23247816.75,24000,804650.4,0,0,24300,381577.7,1784522752414,2026-07-21 00:00:00,24200,17,-48813,12222,1782174,1801290,-0.02738958148867619,0.00678513731825525,-36591,22889197,451807,1968854,84.2,93.05,-1.7999999999999972,1.2999999999999972,53676,42353,24200,24200,314539,297159,-28720,12572,-0.08366860009497201,0.04417629758211022,-0.5,-0.8499999999999943,-1.204661284826235
2026-07-20 00:00:00,2026-07-20 10:16:00,62,NIFTY,OK,24215.65,3.5500000000029104,1741290,7929,1829105,15593,967240,7929,490766,15593,7664,177.1,0.4806779081866292,0.028391630394881746,0.22791401101868947,-0.2594933661928147,24200,23133881.549999997,24000,848253.6000000001,0,0,24350,335474.19999999995,1784522809798,2026-07-21 00:00:00,24200,17,7929,15593,1733361,1813512,0.004574350063258605,0.008598233703443925,23522,23078372,189175,1716210,85.6,91.5,1.3999999999999915,-1.5499999999999972,23725,19328,24200,24200,316783,302750,-26296,15081,-0.07664706962536326,0.05242483548800879,-0.15000000000000568,-0.5000000000000284,-1.3944006363088737
2026-07-20 00:00:00,2026-07-20 10:17:00,63,NIFTY,OK,24228.75,13.099999999998545,1823532,14949,1714810,6570,1004821,37581,506079,15313,-8379,181.39999999999998,0.4987383921622048,0.010607426615296477,0.2328137554234292,1.792371567786713,24200,22429479.4,24000,959652,0,0,24350,266043.05,1784522870204,2026-07-21 00:00:00,24250,16,14949,6570,1735227,1707378,0.008615011177211973,0.0038480055383166467,21519,23212323,469644,1764707,66.55,114.85,3.3499999999999943,-4.550000000000011,40757,13466,24300,24200,218975,306277,0,17557,0,0.06080978110279856,4.299999999999983,3.599999999999966,2.65536551471782
2026-07-20 00:00:00,2026-07-20 10:18:00,64,NIFTY,OK,24229.85,1.0999999999985448,1804533,-18999,1719135,4325,985822,-18999,510404,4325,23324,180.95,0.4614069770477809,0.0038281632012891757,0.2289490879098502,0.07960864636020706,24200,20443889.25,24000,1003053.9,0,0,24350,224870.4,1784522929968,2026-07-21 00:00:00,24250,17,-18999,4325,1823532,1714810,-0.010418791663650543,0.0025221453105591872,-14674,23727542,515219,1625845,70.9,110.05,4.3500000000000085,-4.799999999999997,49666,15249,24300,24200,218388,310450,0,18238,0,0.06241359013319097,-0.44999999999998863,3.1999999999999886,1.742467044596822
2026-07-20 00:00:00,2026-07-20 10:19:00,65,NIFTY,OK,24229.2,-0.6499999999978172,1804533,0,1719135,0,985822,0,510404,0,0,180.8,0.46210199144754843,0.0038224055361009745,0.228294407542319,-0.12889896483286045,24200,20443889.25,24000,1003053.9,0,0,24350,224870.4,1784522990433,2026-07-21 00:00:00,24250,17,0,0,1804533,1719135,0,0,0,23729991,2449,1628294,70.75,110.05,-0.15000000000000568,0,1113,0,24300,24200,218388,310450,0,18238,0,0.06241359013319097,-0.14999999999997726,3.0500000000000114,1.3441438498448193
2026-07-20 00:00:00,2026-07-20 10:20:00,66,NIFTY,OK,24227.5,-1.7000000000007276,1743232,-61301,1739214,20079,924521,-61301,530483,20079,81380,179.35000000000002,0.50269551918393,0.006200695757478822,0.22708727022848302,-0.515212035225796,24200,18975280.8,24000,980326.4,0,0,24350,224082.15,1784523049793,2026-07-21 00:00:00,24250,17,-61301,20079,1804533,1719135,-0.03397056191269431,0.011679711017459363,-41222,24304114,574123,1750610,67.65,111.7,-3.0999999999999943,1.6500000000000057,53726,18536,24300,24200,215535,324215,0,27056,0,0.09104889974727334,-1.4499999999999886,2.1000000000000227,0.3592609948238247
2026-07-20 00:00:00,2026-07-20 10:21:00,67,NIFTY,OK,24220.4,-7.099999999998545,1670267,-4984,1884935,20964,896217,-28304,546596,16113,25948,176.65,0.5188191838325924,0.009973938835688886,0.22411238604042621,-1.6102679439396144,24200,19439581,24000,909317.1000000001,0,0,24350,238464,1784523109597,2026-07-21 00:00:00,24200,16,-4984,20964,1669464,1738348,-0.0029853893225610137,0.012059725670579193,15980,24929666,283072,1844507,88.65,88,-3.5,3.3499999999999943,39817,28780,24200,24200,285165,330841,-31618,28091,-0.09980964887636015,0.09278612716763006,-2.700000000000017,-0.44999999999998863,-1.1990860993149595
2026-07-20 00:00:00,2026-07-20 10:22:00,68,NIFTY,OK,24219.85,-0.5500000000029104,1670267,0,1884935,0,896217,0,546596,0,0,176.65,0.3867186730880552,0.02903271089555832,0.2237555019628615,-1.4115190719433077,24200,19439581,24000,909317.1000000001,0,0,24350,238464,1784523169478,2026-07-21 00:00:00,24200,17,0,0,1670267,1884935,0,0,0,24929666,0,1374863,88.65,88,0,0,0,0,24200,24200,285165,330841,0,24564,0,0.08020190872967935,0,-4.749999999999972,-1.0726103380586496
2026-07-20 00:00:00,2026-07-20 10:23:00,69,NIFTY,OK,24219.85,0,1670267,0,1884935,0,896217,0,546596,0,0,176.65,0.24179891887999613,0.02936331783854712,0.2237555019628615,-1.2293223443950896,24200,19439581,24000,909317.1000000001,0,0,24350,238464,1784523229707,2026-07-21 00:00:00,24200,17,0,0,1670267,1884935,0,0,0,24929666,0,859644,88.65,88,0,0,0,0,24200,24200,285165,330841,0,20391,0,0.06568207440811726,0,-4.299999999999983,-0.9681764227646015
2026-07-20 00:00:00,2026-07-20 10:24:00,70,NIFTY,OK,24214.15,-5.69999999999709,1668818,-1449,1917932,32997,894768,-1449,579593,32997,34446,175.35000000000002,0.4971985780999512,0.0035360873244222736,0.2271234213236499,-0.01470943885938752,24200,19999096,24000,848574.2,0,0,24350,276092.75,1784523290263,2026-07-21 00:00:00,24200,17,-1449,32997,1670267,1884935,-0.0008675259703987446,0.01750564343067533,31548,25855798,926132,1783327,83.65,91.7,-5,3.700000000000003,116603,95754,24200,24200,280340,343193,0,32743,0,0.10546947978740538,-1.299999999999983,-5.449999999999989,-1.376429866497018
2026-07-20 00:00:00,2026-07-20 10:25:00,71,NIFTY,OK,24214.25,0.09999999999854481,1649286,-19532,1924412,6480,875236,-19532,586073,6480,26012,174.7,0.33836211118007176,0.02851131818948664,0.22938896909566553,0.7596943651774393,24200,20269375,24000,816210.75,0,0,24350,303658.7,1784523349780,2026-07-21 00:00:00,24200,17,-19532,6480,1668818,1917932,-0.011704092357584829,0.0033786390758379337,-13052,25776354,0,1209204,79.95,94.75,-3.700000000000003,3.049999999999997,0,0,24200,24200,275670,343049,0,18834,0,0.05809108153540089,-0.6500000000000341,-4.650000000000034,-1.4015964258951719
2026-07-20 00:00:00,2026-07-20 10:26:00,72,NIFTY,OK,24219.05,4.799999999999272,1669412,20126,1936153,11741,895362,20126,597814,11741,-8385,175.75,0.3781693021759419,0.03693618107331498,0.23172395867177786,1.3279211457807347,24200,20703346.5,24000,833599.2000000001,0,0,24350,284920,1784523410092,2026-07-21 00:00:00,24200,17,20126,11741,1649286,1924412,0.012202856266287351,0.0061010843831778225,31867,26213736,437382,1363514,82.4,93.35,2.450000000000003,-1.4000000000000057,55789,48771,24200,24200,284850,345671,-315,14830,-0.0011046236389458735,0.04482515770415396,1.0500000000000114,-0.9000000000000057,-0.8611422754946589
2026-07-20 00:00:00,2026-07-20 10:27:00,73,NIFTY,OK,24224.8,5.75,1679023,9611,1939122,2969,904973,9611,600783,2969,-6642,176.7,0.48980209471980807,0.035517372719962755,0.22324892736331267,-1.2650569882797127,24200,19095562.200000003,24000,1038999.6,0,0,24500,214659.25,1784523470464,2026-07-21 00:00:00,24200,17,9611,2969,1669412,1936153,0.005757116877080074,0.0015334531930069576,12580,26622397,408661,1772175,91.05,85.65,8.649999999999991,-7.699999999999989,53716,46473,24200,24200,286843,346360,1678,15519,0.005884312590956113,0.04690772909040899,0.9499999999999886,0.04999999999998295,-0.3110691365131849
2026-07-20 00:00:00,2026-07-20 10:28:00,74,NIFTY,OK,24228.75,3.9500000000007276,1755737,9654,1807825,-5564,937026,32053,599094,-1689,-15218,180.05,0.520086363026657,0.03616836448396426,0.22940260855563308,0.9326586967850578,24200,19594868.150000002,24000,1047223.6,0,0,24500,212517.8,1784523529747,2026-07-21 00:00:00,24250,16,9654,-5564,1673281,1812528,0.005769503149799705,-0.0030697456811701667,4090,26359213,81185,1853360,66.85,113.2,-0.8000000000000114,0.6000000000000085,8907,2689,24300,24200,213849,342076,0,11235,0,0.03395891077587119,3.3500000000000227,3.4000000000000057,1.4176149033860581
2026-07-20 00:00:00,2026-07-20 10:29:00,75,NIFTY,OK,24228.7,-0.049999999999272404,1767791,12054,1817805,9980,949080,12054,609074,9980,-2074,179.2,0.3452499947010204,0.04646396758451831,0.22640758742311556,-0.07000098414393237,24200,19337850,24000,1136307.9000000001,0,0,24350,190179,1784523589497,2026-07-21 00:00:00,24250,17,12054,9980,1755737,1807825,0.006865492952532184,0.005520445839613901,22034,26669912,310699,1237927,68.9,110.3,2.0500000000000114,-2.9000000000000057,29193,10477,24300,24200,214116,346162,0,2969,0,0.00865110885128776,-0.8500000000000227,3.849999999999966,1.217956357330746
2026-07-20 00:00:00,2026-07-20 10:30:00,76,NIFTY,OK,24231,2.2999999999992724,1775529,7738,1823669,5864,956818,7738,614938,5864,-1874,178.5,0.3919173104674986,0.05967227851080542,0.22763476111140976,0.3533198398344247,24200,19174498.2,24000,1134107.25,0,0,24350,189347.19999999998,1784523650688,2026-07-21 00:00:00,24250,17,7738,5864,1767791,1817805,0.004377214274764381,0.003225868561259321,13602,26842573,172661,1410588,69.3,109.2,0.3999999999999915,-1.0999999999999943,14476,6285,24300,24200,217072,348078,0,5029,0,0.014659713335412725,-0.6999999999999886,3.8000000000000114,0.9105149685989976
2026-07-20 00:00:00,2026-07-20 10:31:00,77,NIFTY,OK,24235.8,4.799999999999272,1773855,-1674,1836130,12461,955144,-1674,627399,12461,14135,177.9,0.352197308299065,0.049623769197916986,0.23130687631252952,1.3343759978110399,24200,19171580.4,24000,1176546.3,0,0,24350,172329,1784523710182,2026-07-21 00:00:00,24250,17,-1674,12461,1775529,1823669,-0.0009428176053446607,0.006832928563242562,10787,27140794,298221,1271427,68.9,109,-0.3999999999999915,-0.20000000000000284,30913,14310,24300,24200,216448,351041,0,5370,0,0.01553500293631806,-0.5999999999999943,2.1500000000000057,0.4603123738618557
2026-07-20 00:00:00,2026-07-20 10:32:00,78,NIFTY,OK,24233.9,-1.8999999999978172,1775600,1745,1849339,13209,956889,1745,640608,13209,11464,179.1,0.37336793805357826,0.04837096102069104,0.22666164361444616,-0.3705085655639288,24200,18565390.1,24000,1209240.75,0,0,24350,158916,1784523770399,2026-07-21 00:00:00,24250,17,1745,13209,1773855,1836130,0.000983733168720104,0.00719393506995692,14954,27631464,490670,1353436,71.25,107.85,2.3499999999999943,-1.1500000000000057,51520,17444,24300,24200,217929,356333,0,9973,0,0.028793740616699388,1.1999999999999886,2.4000000000000057,0.9892659957844094
2026-07-20 00:00:00,2026-07-20 10:33:00,79,NIFTY,OK,24233.4,-0.5,1752469,-23131,1838160,-11179,933758,-23131,629429,-11179,11952,179.05,0.4252204836534212,0.017727823192029913,0.22730989370400786,-0.2978630333908766,24200,18269671.349999998,24000,1147583.3,0,0,24350,160401,1784523832048,2026-07-21 00:00:00,24250,17,-23131,-11179,1775600,1849339,-0.013027145753548096,-0.006044862515742111,-34310,27886022,254558,1526809,70.55,108.5,-0.7000000000000028,0.6500000000000057,23724,8932,24300,24200,213924,353868,75,11792,0.0003507147566741018,0.034471871747798734,-0.04999999999998295,-1,0.799939701323122
2026-07-20 00:00:00,2026-07-20 10:34:00,80,NIFTY,OK,24229.65,-3.75,1759641,7172,1853633,15473,940930,7172,644902,15473,8301,178,0.3864727668037353,0.019820513995668962,0.22281441841898128,-1.6736417128224452,24200,18522334,24000,1139730.5,0,0,24350,158824.80000000002,1784523889591,2026-07-21 00:00:00,24250,17,7172,15473,1752469,1838160,0.004092511764830077,0.008417656787222005,22645,28066344,180322,1396432,69.7,108.3,-0.8499999999999943,-0.20000000000000284,14098,5180,24300,24200,216349,359690,2233,13528,0.01042892637635674,0.039079968338523584,-1.0500000000000114,-1.1999999999999886,0.06543707435522318
2026-07-20 00:00:00,2026-07-20 10:35:00,81,NIFTY,OK,24218.2,-11.450000000000728,1697255,4741,1990723,11762,923205,-17725,652384,7482,7021,173.5,0.439575561459423,0.01886259403076221,0.22066479339563108,-1.7580914185466365,24200,20357889.7,24000,998728.6,0,0,24350,218837.15,1784523951028,2026-07-21 00:00:00,24200,16,4741,11762,1686950,1852720,0.0028103974628767895,0.006348503821408524,16503,28813758,397374,1621145,85,88.5,-8.75,6.200000000000003,50328,40611,24200,24200,286826,363933,0,15855,0,0.045550135314498474,-4.5,-5,-2.2945683153539393
2026-07-20 00:00:00,2026-07-20 10:36:00,82,NIFTY,OK,24220.6,2.399999999997817,1659347,-37908,1994958,4235,885297,-37908,656619,4235,42143,172.7,0.46978016339632295,0.008085768209143017,0.22374870930927573,-0.7010877964815183,24200,18995796,24000,1045899.6,0,0,24500,243395.05000000002,1784524009832,2026-07-21 00:00:00,24200,17,-37908,4235,1697255,1990723,-0.022334887804130787,0.0021273677955195172,-33673,29207554,393796,1716720,85.25,87.45,0.25,-1.0499999999999972,39895,49398,24200,24200,273350,362897,0,11856,0,0.03377383268621044,-0.8000000000000114,-5.200000000000017,-2.025920672444229
2026-07-20 00:00:00,2026-07-20 10:37:00,83,NIFTY,OK,24217,-3.599999999998545,1663112,3765,2014720,19762,889062,3765,676381,19762,15997,173.95,0.39205325311215955,0.0036812385828202394,0.22168703518462143,-1.249485298660039,24200,19225537.5,24000,1025629.35,0,0,24500,238960.80000000002,1784524070297,2026-07-21 00:00:00,24200,17,3765,19762,1659347,1994958,0.0022689648397833605,0.009905972957826682,23527,29423410,215856,1441906,84.95,89,-0.29999999999999716,1.5499999999999972,28370,24778,24200,24200,275105,369535,0,13202,0,0.03704961370403527,1.25,-5.150000000000006,-1.25857232697358
2026-07-20 00:00:00,2026-07-20 10:38:00,84,NIFTY,OK,24217.35,0.3499999999985448,1677964,14852,2018571,3851,903914,14852,680232,3851,-11001,173.85,0.33264665423159795,0.038795907745356364,0.2211036702035128,-1.165262172185849,24200,19312004.8,24000,1075475.05,0,0,24500,237130.5,1784524130140,2026-07-21 00:00:00,24200,17,14852,3851,1663112,2014720,0.00893024642958502,0.0019114318614993646,18703,29465702,42292,1229640,86.05,87.8,1.0999999999999943,-1.2000000000000028,4671,3507,24200,24200,278252,370601,0,16733,0,0.04728599364734873,-0.09999999999999432,-5.200000000000017,-1.0633564389556904
2026-07-20 00:00:00,2026-07-20 10:39:00,85,NIFTY,OK,24224.7,7.350000000002183,1695014,17050,2024488,5917,920964,17050,686149,5917,-11133,173.7,0.39596940665712776,0.032609116321260935,0.22083714049514905,-1.0237356162092377,24200,19168500,24000,1182033,0,0,24500,219898.4,1784524190526,2026-07-21 00:00:00,24200,17,17050,5917,1677964,2018571,0.010161123838175313,0.0029312815848439315,22967,29889193,423491,1472809,88.7,85,2.6500000000000057,-2.799999999999997,48643,48245,24200,24200,282384,373186,0,13496,0,0.03752119881008646,-0.15000000000000568,-4.300000000000011,-0.9188844084777349
2026-07-20 00:00:00,2026-07-20 10:40:00,86,NIFTY,OK,24225.2,0.5,1768662,0,1900097,0,949951,28987,691366,5217,0,177.6,0.2931331820923642,0.029312789708350575,0.22643825439040466,0.6486735841472013,24200,19321848,24000,1151387.7,0,0,24500,225685.19999999998,1784524250457,2026-07-21 00:00:00,24250,16,0,0,1689425,1899177,0,0,0,29524011,0,1075435,64.85,112.75,-0.20000000000000284,0.45000000000000284,0,0,24300,24200,219492,373186,0,9253,0,0.025425009548460845,3.9000000000000057,4.099999999999994,0.6780671233272949
2026-07-20 00:00:00,2026-07-20 10:41:00,87,NIFTY,OK,24216.8,-8.400000000001455,1712664,17613,2014403,-11062,938614,-11337,676064,-15302,-28675,172.25,0.3208324400929739,0.06000180637650908,0.21858048743219444,-1.5631572964272757,24200,20574569.400000002,24000,1155968.8,0,0,24500,238824,1784524311617,2026-07-21 00:00:00,24200,16,17613,-11062,1689425,1899177,0.010425440608491056,-0.005824628246866932,6551,30376937,514125,1195764,84.25,88,-3.700000000000003,2.049999999999997,73108,59975,24200,24200,287437,368051,14087,5154,0.05153466252057801,0.014202376983000687,-5.349999999999994,-0.44999999999998863,-1.2069745386097261
2026-07-20 00:00:00,2026-07-20 10:42:00,88,NIFTY,OK,24216.8,0,1712664,0,2014403,0,938614,0,676064,0,0,172.25,0.262916658058468,0.04920972172897864,0.21858048743219444,-1.2816296732207566,24200,20574569.400000002,24000,1155968.8,0,0,24500,238824,1784524370043,2026-07-21 00:00:00,24200,17,0,0,1712664,2014403,0,0,0,30376937,0,979908,84.25,88,0,0,0,0,24200,24200,287437,368051,12332,-1484,0.04482652078297377,-0.004015857767193906,0,-1.6999999999999886,-1.0115126271246622
2026-07-20 00:00:00,2026-07-20 10:43:00,89,NIFTY,OK,24218.4,1.6000000000021828,1715914,3250,2028654,14251,941864,3250,690315,14251,11001,172.3,0.2885358204204063,0.04351830084354366,0.22390891840607338,0.8900774388584362,24200,21062425.95,24000,1088116.7,0,0,24500,254908.19999999998,1784524430214,2026-07-21 00:00:00,24200,17,3250,14251,1712664,2014403,0.0018976284898847644,0.007074552609383524,17501,30519763,142826,1080442,82.4,89.9,-1.8499999999999943,1.9000000000000057,15407,15685,24200,24200,288439,372176,10187,1575,0.036610698216005634,0.004249853616153222,0.05000000000001137,-1.549999999999983,-0.854690230926751
2026-07-20 00:00:00,2026-07-20 10:44:00,90,NIFTY,OK,24219.95,1.5499999999992724,1728953,13039,2040626,11972,954903,13039,702287,11972,-1067,172.64999999999998,0.2734854475791594,0.04759124087591241,0.21607514520153906,-1.777525029460877,24200,20342175.2,24000,1270265.4000000001,0,0,24500,219456,1784524489594,2026-07-21 00:00:00,24200,17,13039,11972,1715914,2028654,0.0075988656774174,0.0059014499268973414,25011,30893737,373974,1030925,88.6,84.05,6.199999999999989,-5.8500000000000085,42747,40743,24200,24200,294672,376796,12288,3610,0.04351521332653408,0.00967346041920115,0.3499999999999659,-1.0500000000000114,-0.5428542129721929
2026-07-20 00:00:00,2026-07-20 10:45:00,91,NIFTY,OK,24218.3,-1.6500000000014552,1717156,-11797,2037351,-3275,943106,-11797,699012,-3275,8522,173,0.3424521515075082,0.026436936267780632,0.2225831062670295,0.4257210320035521,24200,20952344.849999998,24000,1134091.6,0,0,24500,245942.80000000002,1784524550332,2026-07-21 00:00:00,24200,17,-11797,-3275,1728953,2040626,-0.006823204563686809,-0.0016048996729434988,-15072,31148551,254814,1285739,83.6,89.4,-5,5.3500000000000085,30794,32621,24200,24200,289881,373855,0,669,0,0.001792671750815947,0.35000000000002274,-4.599999999999994,-0.27844916567578465
2026-07-20 00:00:00,2026-07-20 10:46:00,92,NIFTY,OK,24218.3,0,1717156,0,2037351,0,943106,0,699012,0,0,173,0.20551672962655285,0.03556182236195818,0.2225831062670295,0.47879718891084205,24200,20952344.849999998,24000,1134091.6,0,0,24500,245942.80000000002,1784524609703,2026-07-21 00:00:00,24200,17,0,0,1717156,2037351,0,0,0,31148551,0,771614,83.6,89.4,0,0,0,0,24200,24200,289881,373855,2444,5804,0.008502732772746723,0.01576955367598512,0,0.75,-0.3003954793551939
2026-07-20 00:00:00,2026-07-20 10:47:00,93,NIFTY,OK,24224.55,6.25,1719566,2410,2040254,2903,945516,2410,701915,2903,493,172.4,0.22944821826576806,0.037966393256395156,0.22233009708737808,0.3636879600566699,24200,20427083.5,24000,1212057,0,0,24500,226865.59999999998,1784524670093,2026-07-21 00:00:00,24200,17,2410,2903,1717156,2037351,0.0014034834342366099,0.0014248894765801277,5313,31239621,91070,862684,85.9,86.5,2.3000000000000114,-2.9000000000000057,10967,11200,24200,24200,289490,375718,2053,7667,0.007142434690036425,0.020831352176736376,-0.5999999999999943,0.15000000000000568,-0.5862228171479982
2026-07-20 00:00:00,2026-07-20 10:48:00,94,NIFTY,OK,24223.55,-1,1738906,19340,2042290,2036,964856,19340,703951,2036,-17304,172.2,0.2700412779448619,0.035871857123689746,0.22193999912789364,0.19573529804713363,24200,20970369.9,24000,1190169.75,0,0,24500,228897.59999999998,1784524729648,2026-07-21 00:00:00,24200,17,19340,2036,1719566,2040254,0.011247023958370891,0.000997914965489591,21376,31540842,301221,1021079,85.4,86.8,-0.5,0.29999999999999716,36276,34977,24200,24200,293998,376232,5559,4056,0.01927270584074969,0.01089806973045011,-0.20000000000001705,-0.10000000000002274,-0.6009755790769951
2026-07-20 00:00:00,2026-07-20 10:49:00,95,NIFTY,OK,24223.55,0,1738906,0,2042290,0,964856,0,703951,0,0,172.2,0.1711376506269445,0.017952264315682927,0.22193999912789364,0.15690549755562405,24200,20970369.9,24000,1190169.75,0,0,24500,228897.59999999998,1784524789832,2026-07-21 00:00:00,24200,17,0,0,1738906,2042290,0,0,0,31540842,0,647105,85.4,86.8,0,0,0,0,24200,24200,293998,376232,-674,-564,-0.002287288917847641,-0.0014968311765517681,0,-0.44999999999998863,-0.5011577063936795
2026-07-20 00:00:00,2026-07-20 10:50:00,96,NIFTY,OK,24230.1,6.549999999999272,1815636,2613,1939450,23405,996925,32069,730719,26768,20792,176,0.19141985030436054,0.07332658132048225,0.2229871393061697,0.7712100303009798,24200,19412340.5,24100,1350983.2,0,0,24500,194177.25,1784524849624,2026-07-21 00:00:00,24250,16,2613,23405,1733770,1915133,0.0015071203216112865,0.012221083339903809,26018,31549286,326507,718798,68,108,5.600000000000001,-6.349999999999994,28530,14315,24300,24200,223381,382777,0,8922,0,0.02386486739511308,3.8000000000000114,3,2.8897988068446288
2026-07-20 00:00:00,2026-07-20 10:51:00,97,NIFTY,OK,24230.5,0.4000000000014552,1792151,-23485,1950751,11301,973440,-23485,742020,11301,34786,176.8,0.25411271788574746,0.04260560455631735,0.2239041584672274,0.9484466827967107,24200,18901525,24000,1313899.8,0,0,24500,202040.4,1784524910462,2026-07-21 00:00:00,24250,17,-23485,11301,1815636,1939450,-0.01293486139292237,0.005826909690891747,-12184,31781607,232321,951119,67.25,109.55,-0.75,1.5499999999999972,21948,9846,24300,24200,218711,384695,0,10840,0,0.028995198673282423,0.8000000000000114,3.8000000000000114,2.205564005631526
2026-07-20 00:00:00,2026-07-20 10:52:00,98,NIFTY,OK,24230.5,0,1792151,0,1950751,0,973440,0,742020,0,0,176.8,0.22978133010161633,0.04093952786411007,0.2239041584672274,0.7763637176663949,24200,18901525,24000,1313899.8,0,0,24500,202040.4,1784524969819,2026-07-21 00:00:00,24250,17,0,0,1792151,1950751,0,0,0,31781607,0,860049,67.25,109.55,0,0,0,0,24300,24200,218711,384695,0,8977,0,0.023892919689767325,0,4.400000000000006,1.6446614923681682
2026-07-20 00:00:00,2026-07-20 10:53:00,99,NIFTY,OK,24227.5,-3,1802437,10286,1951590,839,983726,10286,742859,839,-9447,176.4,0.1918555726956679,0.03465415956824963,0.22390268670260458,0.7761464225592226,24200,19646190.85,24000,1265082.5,0,0,24500,210938.75,1784525029811,2026-07-21 00:00:00,24250,17,10286,839,1792151,1950751,0.005739471729781698,0.00043009077017005246,11125,31943010,161403,720231,65.9,110.5,-1.3499999999999943,0.9500000000000028,13638,7957,24300,24200,220419,385082,0,8850,0,0.023522720023815093,-0.4000000000000057,4.200000000000017,1.1553890126633712
2026-07-20 00:00:00,2026-07-20 10:54:00,100,NIFTY,OK,24222.15,-5.349999999998545,1723835,-4923,2084810,6694,949785,-33941,746471,3612,11617,172.35,0.27513512023304876,0.025508353914334682,0.22121856761032113,-1.6960293480574191,24200,20039307.6,24000,1188414.75,0,0,24500,227683.4,1784525090339,2026-07-21 00:00:00,24200,16,-4923,6694,1723692,1950681,-0.0028560786961939837,0.0034316220848001288,1771,32592532,327661,1047892,85.55,86.8,-3.950000000000003,2.5999999999999943,40040,38048,24200,24200,284724,387761,-9274,11529,-0.03154443227504949,0.03064332645814285,-4.050000000000011,0.15000000000000568,-0.8929386361119463
2026-07-20 00:00:00,2026-07-20 10:55:00,101,NIFTY,OK,24217.2,-4.950000000000728,1716976,-6859,2087461,2651,942926,-6859,749122,2651,9510,172.05,0.22001731136565017,0.004176612404156542,0.21906372762985638,-2.336632765185499,24200,20203881.6,24000,1162635.25,0,0,24500,240719.19999999998,1784525150705,2026-07-21 00:00:00,24200,17,-6859,2651,1723835,2084810,-0.003978919096085182,0.0012715787050138862,-4208,32708189,115657,837042,84.05,88,-1.5,1.2000000000000028,11717,13445,24200,24200,283244,386900,0,4123,0,0.01077128458606447,-0.29999999999998295,-3.9499999999999886,-0.9612501284684933
2026-07-20 00:00:00,2026-07-20 10:56:00,102,NIFTY,OK,24219.35,2.149999999997817,1716976,0,2087461,0,942926,0,749122,0,0,171.55,0.18656742114536265,0.01224034354113364,0.2251746724890817,1.5383655093090864,24200,20737724,24000,1091453.5,0,0,24500,254167.19999999998,1784525210092,2026-07-21 00:00:00,24200,17,0,0,1716976,2087461,0,0,0,32813252,105063,709784,81.45,90.1,-2.5999999999999943,2.0999999999999943,11564,10789,24200,24200,283244,386900,0,2205,0,0.0057318135146024775,-0.5,-5.25,-1.0741436515612235
2026-07-20 00:00:00,2026-07-20 10:57:00,103,NIFTY,OK,24228.5,9.150000000001455,1803732,12536,1958828,-2007,985021,42095,750097,975,-14543,175.05,0.2363840045075693,0.021606482506923135,0.2270311806660389,1.8660671479417634,24200,20046771,24000,1293854.8,0,0,24500,223773.55000000002,1784525270849,2026-07-21 00:00:00,24250,16,12536,-2007,1711948,1959928,0.007322652323551884,-0.001024017208795425,10529,32677509,179625,889409,63.2,111.85,3.8500000000000014,-6.3500000000000085,15199,8544,24300,24200,220761,384932,2050,237,0.009373099661196739,0.0006160724729980894,3.5,-1.75,0.4273006903417021
2026-07-20 00:00:00,2026-07-20 10:58:00,104,NIFTY,OK,24224.7,-3.7999999999992724,1729235,-292,2085333,-660,955185,-29836,746994,-3103,-368,171.25,0.26649387296280996,0.007023694640448808,0.2177409661592933,-1.8706981373610343,24200,19835069.1,24000,1310003.0999999999,0,0,24500,222087.80000000002,1784525329476,2026-07-21 00:00:00,24200,16,-292,-660,1724484,1957921,-0.00016932601288269418,-0.00033709225244532337,-952,33285723,288553,1016559,86.75,84.5,0.5999999999999943,-0.5,34469,29769,24200,24200,285183,384517,0,-565,0,-0.001467219968733932,-3.8000000000000114,-5.150000000000006,-1.2518129213939801
2026-07-20 00:00:00,2026-07-20 10:59:00,105,NIFTY,OK,24230.55,5.849999999998545,1809817,6057,1966253,8085,991106,35921,757522,10528,2028,174.75,0.20531399047157495,0.025166391497265503,0.22530179180425416,0.8318667333796436,24200,19346366.2,24000,1371675.5999999999,0,0,24500,211869.35,1784525390261,2026-07-21 00:00:00,24250,16,6057,8085,1724192,1957261,0.0035129498338932093,0.004130772543876366,14142,33057786,86382,775280,65.7,109.05,2.25,-2.700000000000003,6793,4617,24300,24200,222322,386220,0,-1541,0,-0.003974097446623049,3.5,2.4000000000000057,0.20914402873209376
2026-07-20 00:00:00,2026-07-20 11:00:00,106,NIFTY,OK,24228,-2.5499999999992724,1807920,-1897,1973761,7508,989209,-1897,765030,7508,9405,175.3,0.19486968890289794,0.03979998235936684,0.2207967808582215,-0.7117406117259286,24200,18800911.150000002,24100,1430877,0,0,24500,195773.69999999998,1784525450128,2026-07-21 00:00:00,24250,17,-1897,7508,1809817,1966253,-0.0010481722737713261,0.003818430283386726,5611,33135098,77312,736935,66.85,108.45,1.1499999999999915,-0.5999999999999943,6667,3783,24300,24200,222534,389296,0,2396,0,0.006192814680796071,0.5500000000000114,3.25,0.5080513272699718
2026-07-20 00:00:00,2026-07-20 11:01:00,107,NIFTY,OK,24223.6,-4.400000000001455,1736993,3632,2105801,3866,962943,-26266,767462,2432,234,170.9,0.21600871657445078,0.04436696836558536,0.21841693903651999,-1.2482657308518461,24200,20229738,24000,1244073.5999999999,0,0,24500,224296.8,1784525510532,2026-07-21 00:00:00,24200,16,3632,3866,1728304,1972854,0.002101482146659384,0.001959597618475569,7498,33651306,198205,830077,85.45,85.45,-6.049999999999997,4.049999999999997,21243,21219,24200,24200,286474,392520,3230,5620,0.011403595486576944,0.014525717239596794,-4.400000000000006,-0.6500000000000057,-1.2865267691231193
2026-07-20 00:00:00,2026-07-20 11:02:00,108,NIFTY,OK,24221.5,-2.099999999998545,1736937,-56,2114898,9097,962887,-56,776559,9097,9153,170.35,0.20681856829277473,0.044361818709038436,0.2173922555239554,-1.2628125903439942,24200,20481071.6,24000,1244930.85,0,0,24500,226551.09999999998,1784525570224,2026-07-21 00:00:00,24200,17,-56,9097,1736993,2105801,-0.000032239623303030006,0.004319971355318,9041,33797485,146179,796631,84.55,85.8,-0.9000000000000057,0.3499999999999943,14046,16202,24200,24200,287124,394207,0,9275,0,0.02409516486028701,-0.5500000000000114,-4.700000000000017,-1.2900558949048042
2026-07-20 00:00:00,2026-07-20 11:03:00,109,NIFTY,OK,24221.55,0.049999999999272404,1736937,0,2114898,0,962887,0,776559,0,0,170.6,0.1365427127589837,0.0690040689051983,0.21779818519733202,-0.9353319353219186,24200,20470611.4,24000,1244930.85,0,0,24500,226551.09999999998,1784525629999,2026-07-21 00:00:00,24200,17,0,0,1736937,2114898,0,0,0,33815347,17862,525940,84.6,86,0.04999999999999716,0.20000000000000284,1557,2512,24200,24200,287124,394207,1941,9690,0.006806156047169712,0.025200446274156928,0.25,-0.6500000000000057,-1.001933207272265
2026-07-20 00:00:00,2026-07-20 11:04:00,110,NIFTY,OK,24222.3,0.75,1750439,13502,2116454,1556,976389,13502,778115,1556,-11946,170.95,0.13861542070080554,0.06941648585570072,0.21700732320472138,-0.9858438363544729,24200,20274235,24000,1288335.15,0,0,24500,217165,1784525690610,2026-07-21 00:00:00,24200,17,13502,1556,1736937,2114898,0.007773454074615257,0.0007357328816803458,15058,33911800,96453,536011,86.5,84.45,1.9000000000000057,-1.5499999999999972,9246,11239,24200,24200,289220,394294,0,8074,0,0.020905183574128735,0.3499999999999943,-3.8000000000000114,-0.710670332285647
2026-07-20 00:00:00,2026-07-20 11:05:00,111,NIFTY,OK,24213.8,-8.5,1757433,6994,2115485,-969,983383,6994,777146,-969,-7963,170.85000000000002,0.19450915304687577,0.04994172447757786,0.22012406594969489,-0.15459255739789554,24200,21762890,24000,1060186.6,0,0,24500,253565.19999999998,1784525749489,2026-07-21 00:00:00,24200,17,6994,-969,1750439,2116454,0.003995569111520024,-0.00045784127602111835,6025,34206419,294619,753318,80.2,90.65,-6.299999999999997,6.200000000000003,37064,30393,24200,24200,290760,394573,0,5277,0,0.013555238173523488,-0.0999999999999659,-4.449999999999989,-0.6821600554826844
2026-07-20 00:00:00,2026-07-20 11:06:00,112,NIFTY,OK,24213.8,0,1757433,0,2115485,0,983383,0,777146,0,0,170.85000000000002,0.1433319786269681,0.05426642863705228,0.22012406594969489,-0.015130200097319389,24200,21762890,24000,1060186.6,0,0,24500,253565.19999999998,1784525809923,2026-07-21 00:00:00,24200,17,0,0,1757433,2115485,0,0,0,34206419,0,555113,80.2,90.65,0,0,0,0,24200,24200,290760,394573,4286,2053,0.014961218121016218,0.005230306735962499,0,-0.04999999999998295,-0.6345003688127189
2026-07-20 00:00:00,2026-07-20 11:07:00,113,NIFTY,OK,24223.05,9.25,1751197,-6236,2116500,1015,977147,-6236,778161,1015,7251,170.5,0.20166471158418045,0.02033647102867004,0.2248842072990456,1.7325150751884215,24200,21231529.4,24000,1121016,0,0,24500,256713.59999999998,1784525869742,2026-07-21 00:00:00,24200,17,-6236,1015,1757433,2115485,-0.003548357177770077,0.00047979541334493037,-5221,34577463,371044,779978,81.85,88.65,1.6499999999999915,-2,38094,47019,24200,24200,288969,398945,1845,4738,0.006425795126844151,0.012019066125157594,-0.35000000000002274,0.15000000000000568,-0.6575103655634458
2026-07-20 00:00:00,2026-07-20 11:08:00,114,NIFTY,OK,24230.55,7.5,1826739,-664,1980526,-6909,1008028,30881,771795,-6366,-6245,173.35,0.32310595663816416,0.006738202658212413,0.22032443473820257,0.03913011078798182,24200,19436462.2,24100,1492487,0,0,24500,208854.6,1784525929765,2026-07-21 00:00:00,24250,16,-664,-6909,1746103,1986513,-0.0003802753903979319,-0.0034779535799665043,-7573,34743340,468034,1230150,66,107.35,7.100000000000001,-9.200000000000003,41923,19826,24300,24200,224243,397005,0,2798,0,0.007097793798689521,2.8499999999999943,2.75,0.8453184544028907
2026-07-20 00:00:00,2026-07-20 11:09:00,115,NIFTY,OK,24228.35,-2.2000000000007276,1833882,7143,1981923,1397,1015171,7143,773192,1397,-5746,174.2,0.4059900859713743,0.001143186165059041,0.2209046229291196,0.5142384021622509,24200,19850522.25,24100,1402222.8,0,0,24500,215784.80000000002,1784525990427,2026-07-21 00:00:00,24250,17,7143,1397,1826739,1980526,0.0039102466197962595,0.0007053681698700245,8540,35158822,415482,1549179,64.8,109.4,-1.2000000000000028,2.0500000000000114,37488,19281,24300,24200,224157,396669,0,2375,0,0.006023424145434625,0.8499999999999943,3.25,1.4186199769630337
2026-07-20 00:00:00,2026-07-20 11:10:00,116,NIFTY,OK,24223.65,-4.69999999999709,1757342,0,2110840,0,983292,-31879,772501,-691,0,171.14999999999998,0.3244299259962432,0.0033897656806544303,0.21432943491092024,-1.7828900375725751,24200,19850522.25,24100,1402222.8,0,0,24500,215784.80000000002,1784526049941,2026-07-21 00:00:00,24200,16,0,0,1752275,1980990,0,0,0,35455754,394,1254954,88.8,82.35,0,0,0,0,24200,24200,289885,396669,-875,2096,-0.003009354794332095,0.005312071530489922,-3.0500000000000114,0.2999999999999545,-0.17782459421020383
2026-07-20 00:00:00,2026-07-20 11:11:00,117,NIFTY,OK,24221.15,-2.5,1757342,0,2110840,0,983292,0,772501,0,0,171.14999999999998,0.3244299259962432,0.0033897656806544303,0.21303967646737412,-1.7039146818106246,24200,19850522.25,24100,1402222.8,0,0,24500,215784.80000000002,1784526109656,2026-07-21 00:00:00,24200,17,0,0,1757342,2110840,0,0,0,35455754,0,1254954,88.8,82.35,0,0,0,0,24200,24200,289885,396669,-875,2096,-0.003009354794332095,0.005312071530489922,0,0.2999999999999545,-0.19919851303718872
2026-07-20 00:00:00,2026-07-20 11:12:00,118,NIFTY,OK,24220.45,-0.7000000000007276,1753078,-4264,2108462,-2378,979028,-4264,770123,-2378,1886,169.1,0.36864411607804143,0.003986557398699293,0.21688358680277675,-0.5054029762441223,24200,20727056.5,24100,1205049,0,0,24500,243008.85,1784526169768,2026-07-21 00:00:00,24200,17,-4264,-2378,1757342,2110840,-0.0024263916756100973,-0.0011265657273881488,-6642,35995378,539624,1423534,83.5,85.6,-5.299999999999997,3.25,58156,52100,24200,24200,287390,395569,-1579,-3376,-0.005464253951115864,-0.008462319367331337,-2.049999999999983,-1.4000000000000057,-1.568269537054925
2026-07-20 00:00:00,2026-07-20 11:13:00,119,NIFTY,OK,24220,-0.4500000000007276,1756455,3377,2109009,547,982405,3377,770670,547,-2830,169.85,0.25776801957022494,0.0058430759750419765,0.21514882615221131,-0.9109360710704733,24200,20557691.549999997,24100,1241751,0,0,24500,232605.9,1784526230621,2026-07-21 00:00:00,24200,17,3377,547,1753078,2108462,0.0019263261532002569,0.00025943080785899867,3924,36036271,40893,996393,85.1,84.75,1.5999999999999943,-0.8499999999999943,5263,6037,24200,24200,289093,395904,0,-1101,0,-0.002773264820342313,0.75,-3.5,-0.9358064443264466
2026-07-20 00:00:00,2026-07-20 11:14:00,120,NIFTY,OK,24216.8,-3.2000000000007276,1762253,5798,2113848,4839,988203,5798,775509,4839,-959,169.60000000000002,0.2203353318192689,0.009272377705077736,0.21630790444193912,-0.5479185871467864,24200,21336741,24000,1217702.4000000001,0,0,24500,249638.40000000002,1784526289541,2026-07-21 00:00:00,24200,17,5798,4839,1756455,2109009,0.0033009670045631686,0.002294442555721668,10637,36309402,273131,854042,82.65,86.95,-2.4499999999999886,2.200000000000003,26214,26909,24200,24200,291715,396169,0,-500,0,-0.0012604967869936899,-0.24999999999997158,-4.599999999999966,-0.9635546947233458
2026-07-20 00:00:00,2026-07-20 11:15:00,121,NIFTY,OK,24213.3,-3.5,1768159,5906,2116546,2698,994109,5906,778207,2698,-3208,170.1,0.2653570863167216,0.016028768938548786,0.21651325882095068,-0.38792117465586284,24200,21802113.9,24000,1176718.6500000001,0,0,24500,260650.35,1784526350878,2026-07-21 00:00:00,24200,17,5906,2698,1762253,2113848,0.003351391656022149,0.0012763453190579456,8604,36486588,177186,1030834,81.35,88.75,-1.3000000000000114,1.7999999999999972,21018,20144,24200,24200,293569,396587,3684,-82,0.01270848784862963,-0.00020672147306696515,0.4999999999999716,-1.049999999999983,-0.5738984643999524
2026-07-20 00:00:00,2026-07-20 11:16:00,122,NIFTY,OK,24213.3,0,1768159,0,2116546,0,994109,0,778207,0,0,170.1,0.2653570863167216,0.016028768938548786,0.21651325882095068,-0.28864816240586993,24200,21802113.9,24000,1176718.6500000001,0,0,24500,260650.35,1784526410407,2026-07-21 00:00:00,24200,17,0,0,1768159,2116546,0,0,0,36486588,0,1030834,81.35,88.75,0,0,0,0,24200,24200,293569,396587,3684,-82,0.01270848784862963,-0.00020672147306696515,0,-1.049999999999983,-0.517606228011895
2026-07-20 00:00:00,2026-07-20 11:17:00,123,NIFTY,OK,24207.15,-6.149999999997817,1787726,19567,2113169,-3377,1013676,19567,774830,-3377,-22944,169.8,0.23055657740082725,0.04375806808490766,0.22017514056180987,1.253598056982123,24200,23447516.25,24000,1026075.0499999999,0,0,24500,293303.5,1784526469596,2026-07-21 00:00:00,24200,17,19567,-3377,1768159,2116546,0.011066312475292097,-0.0015955240282989362,16190,36894755,408167,899377,76.1,93.7,-5.25,4.950000000000003,47577,52929,24200,24200,298395,395972,11005,403,0.038292912070705315,0.0010187855974558167,-0.29999999999998295,0.700000000000017,-0.651222188481291
2026-07-20 00:00:00,2026-07-20 11:18:00,124,NIFTY,OK,24217.45,10.299999999999272,1784638,-3088,2103203,-9966,1010588,-3088,764864,-9966,-6878,168.35,0.38075271082330786,0.015116469162456951,0.216025999978041,-0.24534943630622336,24200,22375633.8,24000,1242338,0,0,24500,270371.3,1784526529873,2026-07-21 00:00:00,24200,17,-3088,-9966,1787726,2113169,-0.001727334054547509,-0.004716139598867862,-13054,37516577,621822,1480306,81.05,87.3,4.950000000000003,-6.400000000000006,67465,77035,24200,24200,298587,392644,9494,-3260,0.032840642976481614,-0.008234319430973166,-1.450000000000017,-1.5,-1.3149141802536175
2026-07-20 00:00:00,2026-07-20 11:20:00,125,NIFTY,OK,24218.15,0.7000000000007276,1800472,15834,2100014,-3189,1026422,15834,761675,-3189,-19023,168.64999999999998,0.3475195142348928,0.01798973806616771,0.21577761907378032,-0.1665956502900177,24200,22835819.2,24000,1230541.0999999999,0,0,24500,269968.2,1784526647152,2026-07-21 00:00:00,24200,17,15834,-3189,1784638,2103203,0.008872387565433439,-0.0015162587729287188,12645,37664897,148320,1355495,80.85,87.8,-0.20000000000000284,0.5,17860,16480,24200,24200,302682,391912,10967,-4257,0.03759491284301458,-0.01074541420454402,0.29999999999998295,-0.9500000000000455,-1.2867645431939856
2026-07-20 00:00:00,2026-07-20 11:20:00,126,NIFTY,OK,24222.6,4.44999999999709,1800476,4,2100023,9,1026426,4,761684,9,5,168.2,0.32543630955936664,0.012442451495394543,0.21691754538357377,0.350186580809779,24200,22330104.7,24000,1308055.5,0,0,24500,258952.89999999997,1784526659618,2026-07-21 00:00:00,24200,17,4,9,1800472,2100014,0.0000022216396589338794,0.000004285685714476189,13,37755952,91055,1269364,83.1,85.1,2.25,-2.700000000000003,10019,10931,24200,24200,302682,391912,9113,-4675,0.031042105944428737,-0.01178808180802699,-0.44999999999998863,-1.9000000000000057,-1.4837390867233151
2026-07-20 00:00:00,2026-07-20 11:21:00,127,NIFTY,OK,24222.35,-0.25,1798435,-2041,2102410,2387,1024385,-2041,764071,2387,4428,168.2,0.3761697785992522,0.010999195845656885,0.21382756727072944,-1.6841022096456557,24200,21972892.5,24000,1406311.9000000001,0,0,24500,241103.50000000003,1784526711067,2026-07-21 00:00:00,24200,17,-2041,2387,1800476,2100023,-0.0011335891175444715,0.0011366542175966644,346,37953968,198016,1467380,84.95,83.25,1.8500000000000085,-1.8499999999999943,26652,20354,24200,24200,303283,391945,9714,-4642,0.03308932482653141,-0.011704871818793858,0,-1.9000000000000057,-1.3299512691488988
2026-07-20 00:00:00,2026-07-20 11:22:00,128,NIFTY,OK,24214.45,-7.899999999997817,1806792,8357,2092190,-10220,1032742,8357,753851,-10220,-18577,168.10000000000002,0.29808011424520553,0.0016460034296757295,0.21224512228634287,-1.886762390401848,24200,22625062.5,24000,1285557.1500000001,0,0,24500,265714.65,1784526769688,2026-07-21 00:00:00,24200,17,8357,-10220,1798435,2102410,0.004646817927809456,-0.004861087989497767,-1863,38056964,102996,1162209,81.95,86.15,-3,2.9000000000000057,13436,8716,24200,24200,303045,389381,4650,-6591,0.01558337103503745,-0.016645116321356054,-0.0999999999999659,-1.6999999999999886,-1.2167442457219833
2026-07-20 00:00:00,2026-07-20 11:23:00,129,NIFTY,OK,24214.45,0,1806792,0,2092190,0,1032742,0,753851,0,0,168.10000000000002,0.13859694658759644,0.02061670617538912,0.21224512228634287,-1.514734630365365,24200,22625062.5,24000,1285557.1500000001,0,0,24500,265714.65,1784526829930,2026-07-21 00:00:00,24200,17,0,0,1806792,2092190,0,0,0,38056964,0,540387,81.95,86.15,0,0,0,0,24200,24200,303045,389381,4458,-3263,0.014930321815752193,-0.008310326911910025,0,-0.24999999999997158,-0.9943229533548354
2026-07-20 00:00:00,2026-07-20 11:24:00,130,NIFTY,OK,24214.7,0.25,1804558,-2234,2091929,-261,1030508,-2234,753590,-261,1973,168.15,0.1461213652194913,0.007023675706055922,0.21501867721379966,-0.22576093571212724,24200,22871133.6,24000,1253516.8,0,0,24500,272016,1784526889933,2026-07-21 00:00:00,24200,17,-2234,-261,1806792,2092190,-0.0012364455897524453,-0.00012474966422743633,-2495,38234257,177293,569360,80.25,87.9,-1.7000000000000028,1.75,22383,21326,24200,24200,301708,389079,-974,-2833,-0.0032178986527114264,-0.007228663577537814,0.04999999999998295,-0.4999999999999716,-0.7623510321041568
2026-07-20 00:00:00,2026-07-20 11:25:00,131,NIFTY,OK,24214,-0.7000000000007276,1806193,1635,2109481,17552,1032143,1635,771142,17552,15917,168.6,0.19584802003435423,0.019788049452519767,0.21849172986796325,1.1501857841687118,24200,23314013.45,24000,1181653.2,0,0,24500,276515.2,1784526950436,2026-07-21 00:00:00,24200,17,1635,17552,1804558,2091929,0.0009060390411391599,0.008390342119641727,19187,38522829,288572,766877,78.6,90,-1.6500000000000057,2.0999999999999943,26733,35652,24200,24200,302417,393857,-265,1945,-0.0008755063069492074,0.004962848802792463,0.44999999999998863,0.4000000000000057,-0.03619294494539447
2026-07-20 00:00:00,2026-07-20 11:26:00,132,NIFTY,OK,24217.3,3.2999999999992724,1810799,4606,2108363,-1118,1036749,4606,770024,-1118,-5724,168.2,0.17262746474884172,0.027073925992713084,0.21503200404724682,-0.22661964235542745,24200,22884759.3,24000,1270438.4000000001,0,0,24500,264141.15,1784527011106,2026-07-21 00:00:00,24200,17,4606,-1118,1806193,2109481,0.0025501150762958333,-0.0005299881819272134,3488,38630523,107694,676555,81.5,86.7,2.9000000000000057,-3.299999999999997,12923,13701,24200,24200,304614,394476,1331,2531,0.00438864031284312,0.006457538685274719,-0.4000000000000057,0,-0.4781749453239916
2026-07-20 00:00:00,2026-07-20 11:27:00,133,NIFTY,OK,24217.3,0,1810799,0,2108363,0,1036749,0,770024,0,0,168.2,0.14634735690946177,0.035183825901084285,0.21503200404724682,-0.015898766778213398,24200,22884759.3,24000,1270438.4000000001,0,0,24500,264141.15,1784527069745,2026-07-21 00:00:00,24200,17,0,0,1810799,2108363,0,0,0,38630523,0,573559,81.5,86.7,0,0,0,0,24200,24200,304614,394476,1569,5095,0.005177448893728654,0.013084870602314957,0,0.0999999999999659,-0.40017789638426543
2026-07-20 00:00:00,2026-07-20 11:28:00,134,NIFTY,OK,24217.55,0.25,1817031,6232,2106430,-1933,1042981,6232,768091,-1933,-8165,167.5,0.17506048868588217,0.035639876944221605,0.21290081207773007,-0.9632725222435755,24200,22918715.8,24000,1317248.75,0,0,24500,262614.30000000005,1784527130439,2026-07-21 00:00:00,24200,17,6232,-1933,1810799,2108363,0.003441574686091609,-0.0009168250438847579,4299,38743807,113284,686843,81.75,85.75,0.25,-0.9500000000000028,11366,11926,24200,24200,305514,393236,2469,3855,0.008147304855714499,0.009900328983694633,-0.6999999999999886,-0.6000000000000227,-2.3339598156465367
2026-07-20 00:00:00,2026-07-20 11:29:00,135,NIFTY,OK,24207.95,-9.599999999998545,1824146,7115,2113860,7430,1050096,7115,775521,7430,315,168.14999999999998,0.22967537378053765,0.045904586478385516,0.21774894155165822,1.3308555825939532,24200,24440481.849999998,24000,1078991,0,0,24500,309371.85000000003,1784527189818,2026-07-21 00:00:00,24200,17,7115,7430,1817031,2106430,0.003915728460328965,0.0035272949967480524,14545,39138720,394913,904463,75.1,93.05,-6.650000000000006,7.299999999999997,49536,41195,24200,24200,305591,394413,3883,5334,0.012870059792912352,0.01370929811169454,0.6499999999999773,-2.842170943040401e-14,0.03955938860631382
2026-07-20 00:00:00,2026-07-20 11:30:00,136,NIFTY,OK,24207.65,-0.2999999999992724,1811594,-12552,2114332,472,1037544,-12552,775993,472,13024,167.15,0.22838178814373986,0.011434179855232486,0.2120015443163652,-1.134725801199952,24200,23885822.599999998,24000,1182555.25,0,0,24500,289268.69999999995,1784527251074,2026-07-21 00:00:00,24200,17,-12552,472,1824146,2113860,-0.006881028163315875,0.0002232882026245825,-12080,39419439,280719,896610,76.15,91,1.0500000000000114,-2.049999999999997,30910,34204,24200,24200,302622,393806,205,-51,0.0006778719450295453,-0.00012948862150475934,-0.9999999999999716,-1.4499999999999886,-2.2810717854298934
2026-07-20 00:00:00,2026-07-20 11:31:00,137,NIFTY,OK,24207.65,0,1811594,0,2114332,0,1037544,0,775993,0,0,167.15,0.2009502980952774,0.00857378985848937,0.2120015443163652,-0.995411961471065,24200,23885822.599999998,24000,1182555.25,0,0,24500,289268.69999999995,1784527310530,2026-07-21 00:00:00,24200,17,0,0,1811594,2114332,0,0,0,39419439,0,788916,76.15,91,0,0,0,0,24200,24200,302622,393806,-1992,-670,-0.006539423664046958,-0.0016984556728419473,0,-1.049999999999983,-1.6818001911182063
2026-07-20 00:00:00,2026-07-20 11:32:00,138,NIFTY,OK,24209.7,2.0499999999992724,1818054,6460,2141111,26779,1044004,6460,802772,26779,20319,167.4,0.20715605437005025,0.0487743319941719,0.21758999879159463,1.1757101273734847,24200,24590984.849999998,24000,1185530.2,0,0,24500,302491.19999999995,1784527370722,2026-07-21 00:00:00,24200,17,6460,26779,1811594,2114332,0.0035659203993830845,0.01266546597223142,33239,39450688,31249,820165,74.9,92.5,-1.25,1.5,4301,4531,24200,24200,306567,398890,1953,4414,0.006411392779058086,0.011189527373021426,0.25,-0.799999999999983,-0.9481009951616427
2026-07-20 00:00:00,2026-07-20 11:33:00,139,NIFTY,OK,24208.9,-0.7999999999992724,1822495,4441,2150970,9859,1048445,4441,812631,9859,5418,167.15,0.2526117632846898,0.04981748334236618,0.2153710344827599,0.11411673792838858,24200,24752636.25,24000,1241023.25,0,0,24500,367777.8,1784527430413,2026-07-21 00:00:00,24200,17,4441,9859,1818054,2141111,0.0024427217233371507,0.00460461881705339,14300,39747551,296863,1003744,75.4,91.75,0.5,-0.75,31156,41502,24200,24200,309145,401996,3631,8760,0.011884889072186544,0.02227669897974753,-0.25,-0.3499999999999943,-1.1813278406979273
2026-07-20 00:00:00,2026-07-20 11:34:00,140,NIFTY,OK,24206.55,-2.350000000002183,1827086,4591,2141436,-9534,1053036,4591,803097,-9534,-14125,166.75,0.23407354173669695,0.032850840648232474,0.21437315951427674,-0.30661018289152336,24200,24943494.5,24000,1215374.6,0,0,24500,372830,1784527493943,2026-07-21 00:00:00,24200,17,4591,-9534,1822495,2150970,0.002519074126403639,-0.004432418862187757,-4943,40067646,320095,928926,75.15,91.6,-0.25,-0.15000000000000568,35690,44733,24200,24200,310385,398448,4794,4035,0.015687634779820086,0.010230393014429037,-0.4000000000000057,-1.3999999999999773,-1.5014408489001072
2026-07-20 00:00:00,2026-07-20 11:35:00,141,NIFTY,OK,24196.85,-9.700000000000728,1834303,7217,2143806,2370,1060253,7217,805467,2370,-4847,166.9,0.17087138637981011,0.0767684940676283,0.2070761117791764,-2.302635971407791,24200,25161246.099999998,24000,1220167,0,0,24500,371622.3,1784527549406,2026-07-21 00:00:00,24200,17,7217,2370,1827086,2141436,0.003950005637392,0.0011067339859795015,9587,40099184,31538,679745,75.4,91.5,0.25,-0.09999999999999432,2459,4937,24200,24200,312962,399855,10340,6049,0.03416803801442063,0.015360355098703423,0.15000000000000568,-0.25,-1.0716262816398394
2026-07-20 00:00:00,2026-07-20 11:36:00,142,NIFTY,OK,24202.4,5.55000000000291,1823611,-10692,2117487,-26319,1049561,-10692,779148,-26319,-15627,166.8,0.30968044945850115,0.012431164434350064,0.2149612027158108,0.35583648258770284,24200,25559846,24000,1112301.7,0,0,24500,409160.8,1784527610520,2026-07-21 00:00:00,24200,17,-10692,-26319,1834303,2143806,-0.0058289170327912015,-0.012276763848967677,-37011,40639920,540736,1220481,73.45,93.35,-1.9500000000000028,1.8499999999999943,59805,77391,24200,24200,312414,390372,9792,-3434,0.03235719808870472,-0.008720029659273855,-0.09999999999999432,-0.3499999999999943,-1.0600545778787756
2026-07-20 00:00:00,2026-07-20 11:37:00,143,NIFTY,OK,24203.6,1.1999999999970896,1823611,0,2117487,0,1049561,0,779148,0,0,166.89999999999998,0.30175144084212063,0.015192157627779946,0.21555136559602076,0.5330135549699612,24200,25595020.1,24000,1122277.5,0,0,24500,404593.2,1784527669477,2026-07-21 00:00:00,24200,17,0,0,1823611,2117487,0,0,0,40634417,0,1189232,73.3,93.6,-0.15000000000000568,0.25,0,0,24200,24200,312414,390372,5847,-8518,0.01907250291127225,-0.02135425806613352,0.0999999999999659,-0.5000000000000284,-0.7169385951509374
2026-07-20 00:00:00,2026-07-20 11:38:00,144,NIFTY,OK,24214.1,10.5,1815447,-8164,2135385,17898,1041397,-8164,797046,17898,26062,166.55,0.3281546772932891,0.01745721505240327,0.21314152067428524,-0.2816825877554717,24200,24131706.4,24000,1331473,0,0,24500,351361.8,1784527730009,2026-07-21 00:00:00,24200,17,-8164,17898,1823611,2117487,-0.004476831955937972,0.008452472199357068,9734,41038532,404115,1296484,79.15,87.4,5.8500000000000085,-6.199999999999989,46273,55995,24200,24200,311528,396000,2383,-5996,0.00770835691989196,-0.014915571299216907,-0.3499999999999659,-0.5999999999999943,-1.274918844554625
2026-07-20 00:00:00,2026-07-20 11:39:00,145,NIFTY,OK,24211.6,-2.5,1815447,0,2135385,0,1041397,0,797046,0,0,167.5,0.27592086932575216,0.01622761593480333,0.2149903117843922,0.4689897419371476,24200,24493798.799999997,24000,1275141.45,0,0,24500,369453.6,1784527790468,2026-07-21 00:00:00,24200,17,0,0,1815447,2135385,0,0,0,41152260,113728,1090117,77.6,89.9,-1.5500000000000114,2.5,15511,13734,24200,24200,311528,396000,1143,-2448,0.003682523317814972,-0.006143838091796169,0.9499999999999886,0.75,1.6833285408536272
2026-07-20 00:00:00,2026-07-20 11:40:00,146,NIFTY,OK,24207.65,-3.9499999999970896,1829335,13888,2122180,-13205,1055285,13888,783841,-13205,-27093,167.95,0.3108152189729762,0.02165298394142279,0.2157484127246128,0.6095289417615235,24200,25308410.400000002,24000,1195752.8499999999,0,0,24500,392351.05,1784527850028,2026-07-21 00:00:00,24200,17,13888,-13205,1815447,2135385,0.007649906607022953,-0.00618389658071027,683,41321872,169612,1228191,76.05,91.9,-1.5499999999999972,2,19123,20096,24200,24200,315781,392590,2819,-7265,0.00900748333663512,-0.018169086293781497,0.44999999999998863,1.049999999999983,2.131061127620396
2026-07-20 00:00:00,2026-07-20 11:41:00,147,NIFTY,OK,24207.95,0.2999999999992724,1830718,1383,2123428,1248,1056668,1383,785089,1248,-135,168.05,0.22058796008038145,0.014959236996366813,0.2194029686520037,1.4993082347789193,24200,25754836,24000,1124937.6,0,0,24500,399100.5,1784527909557,2026-07-21 00:00:00,24200,17,1383,1248,1829335,2122180,0.0007560124307466921,0.0005880745271371891,2631,41506654,184782,872237,74.7,93.35,-1.3499999999999943,1.4499999999999886,20203,24866,24200,24200,316944,392447,4530,2075,0.014499990397357353,0.0053154427059317775,0.10000000000002274,1.25,1.751751293773103
2026-07-20 00:00:00,2026-07-20 11:42:00,148,NIFTY,OK,24204.15,-3.7999999999992724,1833444,2726,2124143,715,1059394,2726,785804,715,-2011,167.39999999999998,0.24485778834426128,0.017015704104861896,0.21412516527104547,-0.11967520582215585,24200,25696177.25,24000,1159942,0,0,24500,390700.8,1784527970128,2026-07-21 00:00:00,24200,17,2726,715,1830718,2123428,0.0014890332645442937,0.00033671968157149664,3441,41603463,96809,969046,75.3,92.1,0.5999999999999943,-1.25,9988,11795,24200,24200,317735,392760,5321,2388,0.017031887175350657,0.006117242015308475,-0.6500000000000341,0.5,0.4200105441209958
2026-07-20 00:00:00,2026-07-20 11:43:00,149,NIFTY,OK,24201.15,-3,1836420,2976,2129324,5181,1062370,2976,790985,5181,2205,168.25,0.17490942430978904,0.02149799753764889,0.21852467498156217,1.1833472330697625,24200,26469265.3,24000,1019455.8500000001,0,0,24500,434312.44999999995,1784528029608,2026-07-21 00:00:00,24200,17,2976,5181,1833444,2124143,0.0016231747465425723,0.002439101322274442,8157,41732178,128715,693646,72.3,95.95,-3,3.8500000000000085,17998,18583,24200,24200,318222,393319,6694,-2681,0.021487635140340515,-0.00677020202020202,0.8500000000000227,1.6999999999999886,1.6273161211557698
2026-07-20 00:00:00,2026-07-20 11:44:00,150,NIFTY,OK,24198.45,-2.7000000000007276,1838682,2262,2113250,-16074,1064632,2262,774911,-16074,-18336,168.2,0.21073287698270113,0.0013208421689669333,0.21843394046112438,0.9715956440493199,24200,27317384.15,24000,959985,0,0,24500,439914.14999999997,1784528091450,2026-07-21 00:00:00,24200,17,2262,-16074,1836420,2129324,0.0012317443722024374,-0.007548874666326026,-13812,41985062,252884,832802,71.1,97.1,-1.2000000000000028,1.1499999999999915,28897,33582,24200,24200,323249,389254,11721,-6746,0.0376242263937752,-0.017035353535353535,-0.05000000000001137,0.6999999999999886,1.2405594254603005
2026-07-20 00:00:00,2026-07-20 11:45:00,151,NIFTY,OK,24198.45,0,1838682,0,2113250,0,1064632,0,774911,0,0,168.2,0.1678141223077725,0.0006287790829174144,0.21843394046112438,1.0168786783362886,24200,27317384.15,24000,959985,0,0,24500,439914.14999999997,1784528149742,2026-07-21 00:00:00,24200,17,0,0,1838682,2113250,0,0,0,41985062,0,663190,71.1,97.1,0,0,0,0,24200,24200,323249,389254,7468,-3336,0.023649301256250376,-0.00849741460556815,0,0.25,1.0129961691213316
2026-07-20 00:00:00,2026-07-20 11:46:00,152,NIFTY,OK,24189.8,-8.650000000001455,1845411,6729,2095833,-17417,1071361,6729,757494,-17417,-24146,169.64999999999998,0.19905085805395453,0.016445976331662646,0.21389559113840687,-1.0778762983330854,24200,28762800.299999997,24000,846318.6,0,0,24500,467644.3,1784528209659,2026-07-21 00:00:00,24200,17,6729,-17417,1838682,2113250,0.003659686666862459,-0.008241807642257187,-10688,42291162,306100,784508,69.35,100.3,-1.75,3.200000000000003,30415,47173,24200,24200,332233,384815,15289,-7632,0.04823880559341713,-0.019447211980216438,1.4499999999999886,1.599999999999966,2.1954789527062837
2026-07-20 00:00:00,2026-07-20 11:47:00,153,NIFTY,OK,24192.8,3,1849421,4010,2048280,-47553,1075371,4010,709941,-47553,-51563,169.8,0.3440338291726328,0.044659683013644896,0.21823383057312196,0.7819657552101872,24200,29246770.25,24000,807338.5,0,0,24500,507055.99999999994,1784528269883,2026-07-21 00:00:00,24200,17,4010,-47553,1845411,2095833,0.0021729576771786882,-0.022689307783587718,-43543,42944404,653242,1340941,69.6,100.2,0.25,-0.09999999999999432,55769,103763,24200,24200,337085,369315,19350,-23445,0.06089980644247565,-0.0596929422548121,0.1500000000000341,2.400000000000034,1.7756825287779967
2026-07-20 00:00:00,2026-07-20 11:48:00,154,NIFTY,OK,24192.8,0,1849421,0,2048280,0,1075371,0,709941,0,0,169.8,0.3110105161991646,0.05613062250768421,0.21823383057312196,0.6255282891639601,24200,29246770.25,24000,807338.5,0,0,24500,507055.99999999994,1784528329677,2026-07-21 00:00:00,24200,17,0,0,1849421,2048280,0,0,0,42944404,0,1212226,69.6,100.2,0,0,0,0,24200,24200,337085,369315,18863,-24004,0.05927622854485234,-0.06102934259468777,0,1.5500000000000114,1.5085960589122815
2026-07-20 00:00:00,2026-07-20 11:49:00,155,NIFTY,OK,24189.95,-2.849999999998545,1864666,15245,2054784,6504,1090616,15245,716445,6504,-8741,169.35,0.29110181275434055,0.028469033506024317,0.21587754430240932,-0.6404182441024041,24200,29957578.2,24000,819878.1499999999,0,0,24500,517566.39999999997,1784528390103,2026-07-21 00:00:00,24200,17,15245,6504,1849421,2048280,0.008243120414443222,0.0031753471205108676,21749,43126021,181617,1140959,68.6,100.75,-1,0.5499999999999972,16681,27393,24200,24200,341052,368503,17803,-20751,0.05507518971443067,-0.053309664126765556,-0.45000000000001705,1.1500000000000057,0.8123592612595447
2026-07-20 00:00:00,2026-07-20 11:50:00,156,NIFTY,OK,24190.45,0.5,1880464,15798,2045047,-9737,1106414,15798,706708,-9737,-25535,168.7,0.3556790440785926,0.018923208486902512,0.21513865370659596,-0.9718666683094566,24200,30864561.900000002,24000,867376.2000000001,0,0,24500,519986.24999999994,1784528449879,2026-07-21 00:00:00,24200,17,15798,-9737,1864666,2054784,0.00847229477021622,-0.004738697595465022,6061,43381284,255263,1396222,68.3,100.4,-0.29999999999999716,-0.3499999999999943,23601,33340,24200,24200,348306,362562,25057,-26692,0.07751609440400434,-0.0685721919363706,-0.6500000000000057,0.5,-0.04944681764340478
2026-07-20 00:00:00,2026-07-20 11:51:00,157,NIFTY,OK,24190.9,0.4500000000007276,1883984,3520,2051215,6168,1109934,3520,712876,6168,2648,168.10000000000002,0.3096814163654748,0.004960374444676029,0.21427786326665357,-1.161351941552825,24200,30887705.3,24000,907662.7999999999,0,0,24500,513467.6,1784528512631,2026-07-21 00:00:00,24200,17,3520,6168,1880464,2045047,0.0018718784300045094,0.0030160676013803104,9688,43509820,128536,1218658,68.4,99.7,0.10000000000000853,-0.7000000000000028,13009,19062,24200,24200,348746,362601,16513,-22214,0.04970306983352045,-0.057726439977651596,-0.5999999999999659,-1.5499999999999545,-0.8014277660294367
2026-07-20 00:00:00,2026-07-20 11:52:00,158,NIFTY,OK,24187.2,-3.7000000000007276,1896822,12838,2042539,-8676,1122772,12838,704200,-8676,-21514,170.2,0.266728791801513,0.039648210167872004,0.22276420985858578,2.144134667023828,24200,32352077.799999997,24000,641055.0499999999,0,0,24500,571201.75,1784528571206,2026-07-21 00:00:00,24200,17,12838,-8676,1883984,2051215,0.006814282923846487,-0.004229688257934931,4162,43995145,485325,1050741,64.35,105.85,-4.050000000000011,6.1499999999999915,46069,64036,24200,24200,351858,360059,14773,-9256,0.04382574128187253,-0.025062615924075653,2.099999999999966,0.39999999999997726,1.51676048960835
2026-07-20 00:00:00,2026-07-20 11:53:00,159,NIFTY,OK,24187.2,0,1896822,0,2042539,0,1122772,0,704200,0,0,170.2,0.266728791801513,0.039648210167872004,0.22276420985858578,1.6631901644781653,24200,32352077.799999997,24000,641055.0499999999,0,0,24500,571201.75,1784528629848,2026-07-21 00:00:00,24200,17,0,0,1896822,2042539,0,0,0,43995145,0,1050741,64.35,105.85,0,0,0,0,24200,24200,351858,360059,14773,-9256,0.04382574128187253,-0.025062615924075653,0,0.39999999999997726,1.2249043080887756
2026-07-20 00:00:00,2026-07-20 11:54:00,160,NIFTY,OK,24185.45,-1.75,1893971,-2851,2019545,-22994,1119921,-2851,681206,-22994,-20143,168.7,0.3007546155426476,0.005041596998491089,0.2141022545167176,-1.0323091373648279,24200,31429736,24000,793394.25,0,0,24500,557520,1784528690347,2026-07-21 00:00:00,24200,17,-2851,-22994,1896822,2042539,-0.0015030403485408752,-0.011257557383237235,-25845,44303029,307884,1177008,66.45,102.25,2.1000000000000085,-3.5999999999999943,26754,41446,24200,24200,348866,354021,7814,-14482,0.02291146218172009,-0.03929954437277308,-1.5,-0.6500000000000057,-0.7612868164096558
2026-07-20 00:00:00,2026-07-20 11:55:00,161,NIFTY,OK,24178.5,-6.950000000000728,1898155,4184,2010631,-8914,1124105,4184,672292,-8914,-13098,170.2,0.342732756410814,0.012484427123416306,0.21763876902236254,0.1098752370277654,24200,33080363.799999997,24000,562181.5,0,0,24500,631925,1784528750842,2026-07-21 00:00:00,24200,17,4184,-8914,1893971,2019545,0.002209115134286639,-0.004413865499407045,-4730,44720953,417924,1339669,62.1,108.1,-4.350000000000001,5.849999999999994,40111,51013,24200,24200,352788,351477,4482,-11085,0.012867995383369796,-0.030574081122676948,1.5,1.5,1.0401013411382476
2026-07-20 00:00:00,2026-07-20 11:56:00,162,NIFTY,OK,24184.7,6.200000000000728,1921321,23166,1968620,-42011,1147271,23166,630281,-42011,-65177,169.9,0.41959428176417074,0.02772827054577358,0.22082253496484458,0.9188616081104467,24200,33503901.6,24000,618939.3,0,0,24500,620203.05,1784528810392,2026-07-21 00:00:00,24200,17,23166,-42011,1898155,2010631,0.012204482774062182,-0.020894435627422436,-18845,45142017,421064,1632197,63.25,106.65,1.1499999999999986,-1.4499999999999886,39848,51250,24200,24200,358993,338466,10247,-24135,0.029382415855665728,-0.06656076513854071,-0.29999999999998295,1.799999999999983,0.5686626411745824
2026-07-20 00:00:00,2026-07-20 11:57:00,163,NIFTY,OK,24184.7,0,1921321,0,1968620,0,1147271,0,630281,0,0,169.9,0.29483017865823674,0.04309112089230533,0.22082253496484458,0.8047106942559824,24200,33503901.6,24000,618939.3,0,0,24500,620203.05,1784528870479,2026-07-21 00:00:00,24200,17,0,0,1921321,1968620,0,0,0,45142017,0,1146872,63.25,106.65,0,0,0,0,24200,24200,358993,338466,7135,-21593,0.020278066720097312,-0.059970727019738435,0,-0.29999999999998295,0.5508336995837684
2026-07-20 00:00:00,2026-07-20 11:58:00,164,NIFTY,OK,24183.8,-0.9000000000014552,1938022,16701,1959903,-8717,1163972,16701,621564,-8717,-25418,168.7,0.34972401983106394,0.030396171355885206,0.2157116674166174,-0.6925005824465679,24200,33869401.5,24000,704688.6,0,0,24500,607630.4,1784528929719,2026-07-21 00:00:00,24200,17,16701,-8717,1921321,1968620,0.008692456908554063,-0.004427974926598328,7984,45358343,216326,1363198,64.2,104.5,0.9500000000000028,-2.1500000000000057,17609,24950,24200,24200,364342,336084,12484,-23975,0.03548022213506585,-0.06658630946594864,-1.200000000000017,-1.5,-0.9302081995713763
2026-07-20 00:00:00,2026-07-20 12:00:00,165,NIFTY,OK,24191.9,8.100000000002183,1947249,9227,1964198,4295,1173199,9227,625859,4295,-4932,166.65,0.3429375369268713,0.0015424390665746224,0.21518123479620183,-0.8197551097665687,24200,33090356.25,24000,884061.75,0,0,24500,555936,1784529035381,2026-07-21 00:00:00,24200,17,9227,4295,1938022,1959903,0.004761039864356545,0.0021914349842823855,13522,45644411,286068,1341382,68,98.65,3.799999999999997,-5.849999999999994,27083,37192,24200,24200,367045,335525,18179,-18496,0.05210883261768129,-0.05224548826199576,-2.049999999999983,-2.049999999999983,-2.2238489353356954
2026-07-20 00:00:00,2026-07-20 12:00:00,166,NIFTY,OK,24184.9,-7,1955421,8172,1950765,-13433,1181371,8172,612426,-13433,-21605,167.14999999999998,0.3012846802482012,0.002209242450763633,0.20821353426528874,-2.0495297774407617,24200,33624294.3,24000,837496.7999999999,0,0,24500,564539.85,1784529052679,2026-07-21 00:00:00,24200,17,8172,-13433,1947249,1964198,0.004196689791598301,-0.006838923570841636,-5261,45897827,253416,1176874,67.1,100.05,-0.9000000000000057,1.3999999999999915,34087,25885,24200,24200,369418,332888,16630,-18589,0.047138791568874225,-0.05288824019779388,0.4999999999999716,-3.0500000000000114,-1.4448995739401187
2026-07-20 00:00:00,2026-07-20 12:01:00,167,NIFTY,OK,24184.25,-0.6500000000014552,1958597,3176,1965547,14782,1184547,3176,627208,14782,11606,167.95,0.25147573585474947,0.0346595705224928,0.21218988943286207,-1.0547978374635587,24200,34035047.55,24000,786905,0,0,24500,587523,1784529109830,2026-07-21 00:00:00,24200,17,3176,14782,1955421,1950765,0.0016242026653083914,0.00757754009324547,17958,46128844,231017,986827,65.9,102.05,-1.1999999999999886,2,22338,29117,24200,24200,369941,336127,10948,-2339,0.03049641636466449,-0.006910590724031365,0.8000000000000114,-1.950000000000017,-0.7908912615514858
2026-07-20 00:00:00,2026-07-20 12:02:00,168,NIFTY,OK,24184.25,0,1958597,0,1965547,0,1184547,0,627208,0,0,167.95,0.25147573585474947,0.0346595705224928,0.21218988943286207,-0.8681432425518235,24200,34035047.55,24000,786905,0,0,24500,587523,1784529169835,2026-07-21 00:00:00,24200,17,0,0,1958597,1965547,0,0,0,46128844,0,986827,65.9,102.05,0,0,0,0,24200,24200,369941,336127,10948,-2339,0.03049641636466449,-0.006910590724031365,0,-1.950000000000017,-0.634733980508017
2026-07-20 00:00:00,2026-07-20 12:03:00,169,NIFTY,OK,24178.7,-5.549999999999272,1973436,14839,1968329,2782,1199386,14839,629990,2782,-12057,167.9,0.27430732172009237,0.040545477246347994,0.20814409976137385,-1.4882632327171268,24200,35298543,24000,756056.3999999999,0,0,24500,597924,1784529229781,2026-07-21 00:00:00,24200,17,14839,2782,1958597,1965547,0.007576341636385637,0.0014153820793906225,17621,46439598,310754,1081255,63.95,103.95,-1.9500000000000028,1.9000000000000057,28877,42086,24200,24200,375798,334289,11456,-1795,0.031442984887825175,-0.005340926673093631,-0.04999999999998295,-0.799999999999983,-0.5242224339966168
2026-07-20 00:00:00,2026-07-20 12:04:00,170,NIFTY,OK,24176.4,-2.2999999999992724,1984786,11350,1973660,5331,1210736,11350,635321,5331,-6019,168.75,0.2609993921857214,0.04549088614260051,0.21120765315078238,-0.6850899937656209,24200,35880472.5,24000,679469.4,0,0,24500,630844.5,1784529290214,2026-07-21 00:00:00,24200,17,11350,5331,1973436,1968329,0.005751389961468221,0.0027083886890860217,16681,46677563,237965,1033152,62.95,105.8,-1,1.8499999999999943,18663,28496,24200,24200,378175,334365,11130,-1160,0.03032325736626299,-0.003457268459876313,0.8499999999999943,2.0999999999999943,0.21387593965584561
2026-07-20 00:00:00,2026-07-20 12:05:00,171,NIFTY,OK,24176.6,0.19999999999708962,1984786,0,1973660,0,1210736,0,635321,0,0,169.1,0.21450614710924437,0.061546723573243076,0.21330001205703916,-0.1128782620068731,24200,36225765.75,24000,628276.5,0,0,24500,642902.6,1784529349774,2026-07-21 00:00:00,24200,17,0,0,1984786,1973660,0,0,0,46746938,69375,849111,61.8,107.3,-1.1500000000000057,1.5,6524,8519,24200,24200,378175,334365,8757,1477,0.02370485466328116,0.004436927735454567,0.3499999999999943,1.950000000000017,0.6885918216509991
2026-07-20 00:00:00,2026-07-20 12:06:00,172,NIFTY,OK,24182.2,5.600000000002183,2001879,17093,1968131,-5529,1227829,17093,629792,-5529,-22622,167.60000000000002,0.22521278283933793,0.05129868459462452,0.2116328732140113,-0.34540893752200164,24200,36337381.25,24000,765903.6,0,0,24500,612986.1,1784529410184,2026-07-21 00:00:00,24200,17,17093,-5529,1984786,1973660,0.00861201157202842,-0.0028013943637708624,11564,47022941,276003,894097,63.7,103.9,1.9000000000000057,-3.3999999999999915,28945,32017,24200,24200,383919,330425,13978,-5702,0.03778440345892994,-0.01696382617284538,-1.4999999999999716,-0.3499999999999659,-0.6194129201219576
2026-07-20 00:00:00,2026-07-20 12:07:00,173,NIFTY,OK,24183.05,0.8499999999985448,2006558,4679,1965051,-3080,1232508,4679,626712,-3080,-7759,168.64999999999998,0.24909098554263523,0.04797875652486829,0.21594202898550643,1.3516633813900107,24200,36772311.300000004,24000,739449,0,0,24500,626524.7999999999,1784529471118,2026-07-21 00:00:00,24200,17,4679,-3080,2001879,1968131,0.0023373041027954238,-0.0015649364803460746,1599,47118136,95195,989292,63.3,105.35,-0.4000000000000057,1.4499999999999886,10286,8441,24200,24200,386542,329351,16601,-6776,0.04487472326668306,-0.02015904702686782,1.0499999999999545,0.6999999999999886,0.8309516283437639
2026-07-20 00:00:00,2026-07-20 12:08:00,174,NIFTY,OK,24179.85,-3.2000000000007276,2013182,6624,1967607,2556,1239132,6624,629268,2556,-4068,167.95,0.17045314383656104,0.05751188584869234,0.21054424010722084,-0.5380890730450117,24200,36979204.5,24000,785816.8500000001,0,0,24500,621691.25,1784529529806,2026-07-21 00:00:00,24200,17,6624,2556,2006558,1965051,0.0033011754457135055,0.0013007295993844434,9180,47074334,0,678538,63.75,104.2,0.45000000000000284,-1.1499999999999915,0,0,24200,24200,389455,330420,13657,-3869,0.036341332311507775,-0.011573817864183386,-0.6999999999999886,0.04999999999998295,-0.02141710105315871
2026-07-20 00:00:00,2026-07-20 12:09:00,175,NIFTY,OK,24179.05,-0.7999999999992724,2013182,0,1967607,0,1239132,0,629268,0,0,168.2,0.14483460439626417,0.03875252360568618,0.21127302299002074,-0.08792521847387358,24200,37166125.5,24000,756531.75,0,0,24500,622284.75,1784529591143,2026-07-21 00:00:00,24200,17,0,0,2013182,1967607,0,0,0,47210317,135983,576556,63.15,105.05,-0.6000000000000014,0.8499999999999943,13535,14487,24200,24200,389455,330420,11280,-3945,0.02982746083162557,-0.011798483692970258,0.25,-0.5500000000000114,0.14627893187688673
2026-07-20 00:00:00,2026-07-20 12:10:00,176,NIFTY,OK,24183.25,4.200000000000728,2017245,4063,1969628,2021,1243195,4063,631289,2021,-2042,167.3,0.1857601182681264,0.03838363925563258,0.2128878071344398,0.5019698857319838,24200,36809620.050000004,24000,807136.0499999999,0,0,24500,614713,1784529650041,2026-07-21 00:00:00,24200,17,4063,2021,2013182,1967607,0.002018198056608891,0.001027136008359393,6084,47443738,233421,740602,63.8,103.5,0.6499999999999986,-1.5499999999999972,28439,27462,24200,24200,388157,329938,9982,-4427,0.026395187413234614,-0.013240022131502998,-0.8999999999999773,-1.799999999999983,-1.600965842111527
2026-07-20 00:00:00,2026-07-20 12:11:00,177,NIFTY,OK,24189.8,6.549999999999272,2029168,11923,1951832,-17796,1255118,11923,613493,-17796,-29719,165.45,0.19957498116051242,0.013832459836779491,0.20997369526293605,-0.8723528609277851,24200,35907600,24000,957300.6,0,0,24500,562260.85,1784529710137,2026-07-21 00:00:00,24200,17,11923,-17796,2017245,1969628,0.005910536399891932,-0.009035208678999283,-5873,47773647,329909,794508,67.45,98,3.6500000000000057,-5.5,38354,36506,24200,24200,390160,326417,6241,-4008,0.016256033173664235,-0.012129832791102368,-1.8500000000000227,-2.150000000000034,-2.5290256982569437
2026-07-20 00:00:00,2026-07-20 12:12:00,178,NIFTY,OK,24189.8,0,2029168,0,1951832,0,1255118,0,613493,0,0,165.45,0.17566264757598593,0.013428893785758308,0.20997369526293605,-0.7398707420689641,24200,35907600,24000,957300.6,0,0,24500,562260.85,1784529769916,2026-07-21 00:00:00,24200,17,0,0,2029168,1951832,0,0,0,47773647,0,699313,67.45,98,0,0,0,0,24200,24200,390160,326417,3618,-2934,0.00935991431720227,-0.008908429001278272,0,-3.1999999999999886,-1.8101640666760355
2026-07-20 00:00:00,2026-07-20 12:13:00,179,NIFTY,OK,24188.85,-0.9500000000007276,2021276,-7892,1927432,-24400,1247226,-7892,589093,-24400,-16508,164.55,0.29989505428104585,0.027090908783835136,0.2055383252104551,-2.224186067619182,24200,35331172.800000004,24000,974476.55,0,0,24500,563208,1784529829693,2026-07-21 00:00:00,24200,17,-7892,-24400,2029168,1951832,-0.0038892787585847995,-0.012501075912271137,-32292,48258532,484885,1184198,68,96.55,0.5499999999999972,-1.4500000000000028,62108,52619,24200,24200,386624,323092,-2831,-7328,-0.0072691325056810155,-0.0221778342715332,-0.8999999999999773,-3.3999999999999773,-1.8174495736085092
2026-07-20 00:00:00,2026-07-20 12:14:00,180,NIFTY,OK,24186.6,-2.25,2030535,9259,1935852,8420,1256485,9259,597513,8420,-839,164.64999999999998,0.32547580455462366,0.01115601299185182,0.20538254602619183,-1.6967052298943206,24200,35825130.6,24000,951035.9,0,0,24500,577125,1784529890701,2026-07-21 00:00:00,24200,17,9259,8420,2021276,1927432,0.004580769771174249,0.004368506904523739,17679,48501280,242748,1290963,67.55,97.1,-0.45000000000000284,0.5499999999999972,29006,27626,24200,24200,389714,324638,259,-5782,0.0006650319035575355,-0.01749894074208583,0.0999999999999659,-3.5500000000000114,-1.385622972405436
2026-07-20 00:00:00,2026-07-20 12:15:00,181,NIFTY,OK,24190.75,4.150000000001455,2030608,73,1941716,5864,1256558,73,603377,5864,5791,164.75,0.292333908311608,0.012528794526564161,0.20838272931739368,-0.5841803430852384,24200,35961751.4,24000,951089.2999999999,0,0,24500,581099.6,1784529949847,2026-07-21 00:00:00,24200,17,73,5864,2030535,1935852,0.0000359511163314102,0.003029157187636245,5937,48604983,103703,1161245,67,97.75,-0.5499999999999972,0.6500000000000057,13031,9137,24200,24200,389412,325134,1255,-4804,0.0032332277918471135,-0.014560311331219804,0.10000000000002274,-2.5500000000000114,-1.102014364653416
2026-07-20 00:00:00,2026-07-20 12:16:00,182,NIFTY,OK,24191.8,1.0499999999992724,2039926,9318,1943536,1820,1265876,9318,605197,1820,-7498,164.3,0.229808643837948,0.0026894347380586694,0.20576072374912627,-1.1715379741559702,24200,35329405.65,24000,1042766.0000000001,0,0,24500,546452.4,1784530010164,2026-07-21 00:00:00,24200,17,9318,1820,2030608,1941716,0.0045887734117072325,0.0009373152407458145,11138,48689081,84098,915434,69.8,94.5,2.799999999999997,-3.25,12091,9001,24200,24200,391541,325791,1381,-626,0.0035395735083042852,-0.0019177922718485864,-0.44999999999998863,-1.1499999999999773,-1.1278924250615798
2026-07-20 00:00:00,2026-07-20 12:17:00,183,NIFTY,OK,24198,6.200000000000728,2050064,10138,1937195,-6341,1276014,10138,598856,-6341,-16479,163.55,0.30060149089888566,0.005222030142435691,0.20839861763954173,-0.16786012349584248,24200,35271552.25,24000,1090733.6,0,0,24500,529522,1784530070789,2026-07-21 00:00:00,24200,17,10138,-6341,2039926,1943536,0.0049697881197651285,-0.003262610005680368,3797,48972223,283142,1198576,70.9,92.65,1.1000000000000085,-1.8499999999999943,45768,23519,24200,24200,394115,325655,3955,-762,0.010136866926389173,-0.002334437238256586,-0.75,-1.8999999999999773,-1.3375505376333283
2026-07-20 00:00:00,2026-07-20 12:18:00,184,NIFTY,OK,24197.25,-0.75,2050064,0,1937195,0,1276014,0,598856,0,0,163,0.1997798487632732,0.04839600589524639,0.20526356735610213,-1.1640065969334037,24200,35018596.25,24000,1116600.8,0,0,24500,516398.39999999997,1784530130531,2026-07-21 00:00:00,24200,17,0,0,2050064,1937195,0,0,0,49055106,82883,796574,71.7,91.3,0.7999999999999972,-1.3500000000000085,14012,8234,24200,24200,394115,325655,7491,2563,0.019375413838768417,0.007932725044259839,-0.5500000000000114,-1.5500000000000114,-1.4048980486404956
2026-07-20 00:00:00,2026-07-20 12:19:00,185,NIFTY,OK,24193.6,-3.650000000001455,2056257,6193,1932547,-4648,1282207,6193,594208,-4648,-10841,164.35,0.21019934797498196,0.02673643081708498,0.20834580879825065,0.14804458773485582,24200,36435224,24000,984979.2,0,0,24500,552569.4,1784530190079,2026-07-21 00:00:00,24200,17,6193,-4648,2050064,1937195,0.0030208812993155337,-0.0023993454453475256,1545,49339724,284618,838444,69.1,95.25,-2.6000000000000085,3.950000000000003,43069,27535,24200,24200,399360,326057,9646,1419,0.0247514844219094,0.004371022492745766,1.3499999999999943,-0.29999999999998295,-0.3458064458350594
2026-07-20 00:00:00,2026-07-20 12:20:00,186,NIFTY,OK,24194.15,0.5500000000029104,2056257,0,1932543,-4,1282207,0,594204,-4,-4,164,0.1944479542719615,0.021242525276748487,0.2078253441753674,0.19357601031549862,24200,36210216,24000,1001961.6000000001,0,0,24500,548300.1,1784530250164,2026-07-21 00:00:00,24200,17,0,-4,2056257,1932547,0,-0.000002069807357854686,-4,49380597,40873,775614,69.8,94.2,0.7000000000000028,-1.0499999999999972,6226,4460,24200,24200,399360,326057,9948,923,0.02554620812917938,0.002838829528748147,-0.3499999999999943,-0.75,-0.558037079695617
2026-07-20 00:00:00,2026-07-20 12:21:00,187,NIFTY,OK,24193,-1.1500000000014552,2061889,5632,1937414,4871,1287839,5632,599075,4871,-761,164.45,0.1932059161308858,0.020501133056119603,0.207157726890198,-0.029091841012555325,24200,36541449,24000,985653.5,0,0,24500,548460,1784530310604,2026-07-21 00:00:00,24200,17,5632,4871,2056257,1932543,0.0027389572412397866,0.0025205131270041596,10503,49461770,81173,772689,69.05,95.4,-0.75,1.2000000000000028,13849,8560,24200,24200,400155,326429,8614,638,0.022000250293072756,0.001958310696121133,0.44999999999998863,0.14999999999997726,0.22708284756415537
2026-07-20 00:00:00,2026-07-20 12:22:00,188,NIFTY,OK,24196.3,3.2999999999992724,2066717,4828,1943457,6043,1292667,4828,605118,6043,1215,163.65,0.17407848138260335,0.03282551551745131,0.20265252579153256,-2.1415504110478367,24200,35373473.85,24000,1133844.3,0,0,24500,500692.5,1784530370156,2026-07-21 00:00:00,24200,17,4828,6043,2061889,1937414,0.002341542148971162,0.0031191061900037887,10871,49670308,208538,698085,73,90.65,3.950000000000003,-4.75,26857,21301,24200,24200,401113,327688,6998,2033,0.017756238661304442,0.006242802966329398,-0.799999999999983,0.09999999999999432,-0.8864578811753808
2026-07-20 00:00:00,2026-07-20 12:23:00,189,NIFTY,OK,24192.65,-3.649999999997817,2051133,-15584,1945208,1751,1277083,-15584,606869,1751,17335,163.55,0.18979486485262395,0.011973868962471242,0.204135142041353,-1.1541946081681287,24200,35829401.4,24000,1036590.7999999999,0,0,24500,523123.5,1784530430016,2026-07-21 00:00:00,24200,17,-15584,1751,2066717,1943457,-0.007540461514566338,0.000900971824949047,-13833,49813591,143283,758485,69.35,94.2,-3.6500000000000057,3.549999999999997,25263,11534,24200,24200,394714,327938,599,2283,0.0015198609542899915,0.007010486557860312,-0.09999999999999432,0.5500000000000114,-0.8788388496062481
2026-07-20 00:00:00,2026-07-20 12:24:00,190,NIFTY,OK,24182.85,-9.80000000000291,2040710,-10423,1943832,-1376,1266660,-10423,605493,-1376,9047,164.6,0.18848289213666214,0.005674963849068864,0.20241511106187204,-1.622703596785153,24200,36635985.15,24000,903552,0,0,24500,551489.4,1784530489630,2026-07-21 00:00:00,24200,17,-10423,-1376,2051133,1945208,-0.005081581740433214,-0.0007073793650858931,-11799,50090742,277151,751018,66,98.6,-3.3499999999999943,4.3999999999999915,38035,34022,24200,24200,392527,327771,-6833,1714,-0.01710987580128205,0.005256749586728701,1.049999999999983,0.25,1.0843489534824624
2026-07-20 00:00:00,2026-07-20 12:25:00,191,NIFTY,OK,24181.5,-1.3499999999985448,2020278,-20432,1951375,7543,1246228,-20432,613036,7543,27975,165.8,0.24730131257690438,0.017457836783938016,0.2066480218431845,0.3743309078372722,24200,36503447.2,24000,832561,0,0,24500,589414.4,1784530549634,2026-07-21 00:00:00,24200,17,-20432,7543,2040710,1943832,-0.01001220163570522,0.003880479382991946,-12889,50362792,272050,982195,64,101.8,-2,3.200000000000003,28060,35076,24200,24200,386096,331562,-13264,5505,-0.033213141025641026,0.016883551035555132,1.200000000000017,1.8000000000000114,2.282293838648268
2026-07-20 00:00:00,2026-07-20 12:26:00,192,NIFTY,OK,24180,-1.5,2017571,-2707,1969910,18535,1243521,-2707,631571,18535,21242,165.35000000000002,0.30161523026692794,0.00982967277383521,0.20340689121176925,-0.9944778735751262,24200,36188476,24000,861475.2,0,0,24500,583216.2000000001,1784530612992,2026-07-21 00:00:00,24200,17,-2707,18535,2020278,1951375,-0.0013399146058116753,0.009498430593812055,15828,50664455,301663,1202685,64.45,100.9,0.45000000000000284,-0.8999999999999915,32262,36957,24200,24200,384602,337581,-15553,11152,-0.03886743886743887,0.03416363129501362,-0.44999999999998863,0.9000000000000341,1.3636246843870734
2026-07-20 00:00:00,2026-07-20 12:27:00,193,NIFTY,OK,24180,0,2017571,0,1969910,0,1243521,0,631571,0,0,165.35000000000002,0.2493170500373544,0.022826604113878532,0.20340689121176925,-0.815010366060296,24200,36188476,24000,861475.2,0,0,24500,583216.2000000001,1784530670361,2026-07-21 00:00:00,24200,17,0,0,2017571,1969910,0,0,0,50664455,0,994147,64.45,100.9,0,0,0,0,24200,24200,384602,337581,-16511,9893,-0.04116296405252385,0.030190302971118868,0,1.700000000000017,1.1067251636002964
2026-07-20 00:00:00,2026-07-20 12:28:00,194,NIFTY,OK,24180.15,0.1500000000014552,2027509,9938,1975555,5645,1253459,9938,637216,5645,-4293,165.8,0.314117386082261,0.00534661118851755,0.20724975941064058,0.873624427481281,24200,37120464.25,24000,794606.1,0,0,24500,612345.2999999999,1784530730607,2026-07-21 00:00:00,24200,17,9938,5645,2017571,1969910,0.004925725042637905,0.0028656131498393327,15583,51071023,406568,1257432,62.7,103.1,-1.75,2.1999999999999886,44231,50327,24200,24200,387903,335843,-6811,7905,-0.01725553185344325,0.024105166220444108,0.44999999999998863,2.25,1.390326975738659
2026-07-20 00:00:00,2026-07-20 12:29:00,195,NIFTY,OK,24171.85,-8.30000000000291,1921493,10743,2023208,-542,1251574,-1885,644347,7131,-11285,163.05,0.3227798507415391,0.022558451860171056,0.20642579210672465,0.6444056138595209,24200,38769612,24000,603022,0,0,24350,670075.9,1784530789805,2026-07-21 00:00:00,24150,16,10743,-542,1910090,1972626,0.005624342308477611,-0.0002747606490029027,10201,50641562,292989,1273270,81.25,81.8,-5.400000000000006,5.049999999999997,23666,24288,24200,24000,391590,284268,-937,0,-0.0023870969385545453,0,-2.75,-1.549999999999983,-1.6115894763133625
2026-07-20 00:00:00,2026-07-20 12:30:00,196,NIFTY,OK,24171.85,0,1921493,0,2023208,0,1251574,0,644347,0,0,163.05,0.2538139139062758,0.041561295219831804,0.20642579210672465,0.7715675642289719,24200,38769612,24000,603022,0,0,24350,670075.9,1784530850365,2026-07-21 00:00:00,24150,17,0,0,1921493,2023208,0,0,0,50641562,0,1001220,81.25,81.8,0,0,0,0,24200,24000,391590,284268,5494,0,0.014229621648501927,0,0,-2.75,-1.3708016481889502
2026-07-20 00:00:00,2026-07-20 12:31:00,197,NIFTY,OK,24175.75,3.900000000001455,2012714,-27521,1950427,-24575,1238664,-12910,612088,-32259,2946,164.6,0.28495958130180077,0.023298666914600186,0.2024641066229784,-1.1163487166614328,24200,35700845.45,24000,794675,0,0,24350,628854.6,1784530909556,2026-07-21 00:00:00,24200,16,-27521,-24575,1920833,1972084,-0.014327638061195325,-0.012461436733932227,-52096,51802169,429778,1129335,61.3,103.3,2.4499999999999957,-4.75,58027,54579,24200,24200,372603,324283,-11999,-13298,-0.031198485707302614,-0.0393920273949067,1.549999999999983,-0.7500000000000284,0.1161659065824545
2026-07-20 00:00:00,2026-07-20 12:32:00,198,NIFTY,OK,24180.05,4.299999999999272,2016897,4183,1954397,3970,1242847,4183,616058,3970,-213,164.3,0.3442897957189772,0.013281151720647477,0.20361333540358822,-0.568924683432217,24200,35528950.1,24000,851988.5,0,0,24300,626666.1000000001,1784530969879,2026-07-21 00:00:00,24200,17,4183,3970,2012714,1950427,0.0020782883211424973,0.0020354517241609146,8153,52040110,237941,1367276,62.5,101.8,1.2000000000000028,-1.5,29116,34327,24200,24200,374118,324823,-10484,-12758,-0.02725934862533216,-0.037792411302768815,-0.29999999999998295,-1.0500000000000114,-0.2453406466349621
2026-07-20 00:00:00,2026-07-20 12:33:00,199,NIFTY,OK,24178.85,-1.2000000000007276,2028495,11598,1965472,11075,1254445,11598,627133,11075,-523,163.9,0.26951349372691363,0.01028308442366791,0.20433289007092043,-0.17351250171375,24200,36308444.199999996,24000,818053.6,0,0,24300,684577.35,1784531030273,2026-07-21 00:00:00,24200,17,11598,11075,2016897,1954397,0.005750417596932318,0.005666709476119744,22673,52155830,115720,1076428,61.35,102.55,-1.1499999999999986,0.75,15917,11426,24200,24200,377742,335547,-10161,-296,-0.026194693003147695,-0.0008813642088714072,-0.4000000000000057,-1.9000000000000057,-0.7018893257576875
2026-07-20 00:00:00,2026-07-20 12:34:00,200,NIFTY,OK,24173.75,-5.099999999998545,1918408,8296,2017044,2838,1248489,-5956,638183,11050,-5458,161.25,0.22793366556116046,0.01129961138076881,0.1953658998918413,-2.6172622363352933,24200,36288334.5,24000,889059.6,0,0,24500,638187.05,1784531092421,2026-07-21 00:00:00,24150,16,8296,2838,1909447,1962650,0.004344713417025976,0.00144600412707309,11134,51540511,113583,897022,86.75,74.5,1.75,-1.7999999999999972,5318,12324,24200,24000,380575,283392,-11015,-876,-0.02812891033989632,-0.0030815990544134407,-2.6500000000000057,-1.8000000000000114,-2.1529358712436
2026-07-20 00:00:00,2026-07-20 12:35:00,201,NIFTY,OK,24177.3,3.5499999999992724,2042513,6003,1970502,2185,1268463,19974,632163,-6020,-3818,165.2,0.24765544110849325,0.0019600641951209694,0.20675016858838927,0.8549022762361198,24200,37193572.5,24000,746327.7000000001,0,0,24300,707315.6,1784531150094,2026-07-21 00:00:00,24200,16,6003,2185,1917743,1965488,0.003130242164878193,0.0011116832053922486,8188,52370193,96823,993845,59.95,105.25,-2.5999999999999943,4.349999999999994,13432,12166,24200,24200,381541,335671,-10049,0,-0.025662044485303508,0,3.9499999999999886,2.1499999999999773,0.7605557156191249
2026-07-20 00:00:00,2026-07-20 12:36:00,202,NIFTY,OK,24171.55,-5.75,1927502,3089,2021557,2151,1257583,-10880,642696,10533,-938,161.65,0.17388522177055343,0.08066021730551069,0.1963917123188322,-1.7150793334040362,24200,37079469.199999996,24000,797315.2000000001,0,0,24300,674843,1784531210293,2026-07-21 00:00:00,24150,16,3089,2151,1923746,1967673,0.0016057213374322805,0.0010931694443131557,5240,51761412,122616,686683,84.7,76.95,0.8500000000000085,-1.1499999999999915,7047,12943,24200,24000,383604,284192,11001,0,0.029524722023172117,0,-3.549999999999983,-2.9499999999999886,-1.4761659101247477
2026-07-20 00:00:00,2026-07-20 12:37:00,203,NIFTY,OK,24166.3,-5.25,1933696,6194,2017252,-4305,1263777,6194,638391,-4305,-10499,161.8,0.14439319373476947,0.086108433101369,0.19795716051995466,-1.1036324305542802,24200,37977120.15,24000,685413.6,0,0,24300,735423,1784531269596,2026-07-21 00:00:00,24150,17,6194,-4305,1927502,2021557,0.0032134856410006318,-0.0021295466810977875,1889,51883160,121748,570490,82.7,79.1,-2,2.1499999999999915,5556,12669,24200,24000,386301,283774,12183,0,0.032564591920196305,0,0.15000000000000568,-2.5,-1.1203436529482467
2026-07-20 00:00:00,2026-07-20 12:38:00,204,NIFTY,OK,24167.65,1.3500000000021828,1931352,-2344,2021387,4135,1261433,-2344,642526,4135,6479,161.2,0.22023083234182678,0.03244286428148854,0.20045933953218822,-0.38482697185959525,24200,37990328.4,24000,655214,0,0,24300,791595,1784531329851,2026-07-21 00:00:00,24150,17,-2344,4135,1933696,2017252,-0.0012121864036539352,0.00204981826762348,1791,52298905,415745,870515,80.7,80.5,-2,1.4000000000000057,20942,40035,24200,24000,382696,287190,4954,0,0.01311477145776747,0,-0.6000000000000227,-2.700000000000017,-1.289999462500345
2026-07-20 00:00:00,2026-07-20 12:39:00,205,NIFTY,OK,24165.2,-2.4500000000007276,1939645,8293,2016207,-5180,1269726,8293,637346,-5180,-13473,160.45,0.2536472547506833,0.020152662322065876,0.2005199326095935,-0.2397106320924326,24200,38878395.4,24000,615277,0,0,24300,907424,1784531390871,2026-07-21 00:00:00,24150,17,8293,-5180,1931352,2021387,0.004293883248625833,-0.0025625968703667334,3113,52545364,246459,1003391,78.85,81.6,-1.8500000000000085,1.0999999999999943,12397,23131,24200,24000,386234,288246,5659,4854,0.014869605202653879,0.01712821815718157,-0.75,-0.8000000000000114,-1.4398814118780878
2026-07-20 00:00:00,2026-07-20 12:40:00,206,NIFTY,OK,24167.5,2.2999999999992724,1951117,11472,2008408,-7799,1281198,11472,629547,-7799,-19271,159.8,0.26454789400243717,0.014994023775064822,0.19811689981772845,-0.7083635033398322,24200,38684717.699999996,24000,704866.85,0,0,24300,859378.5,1784531454212,2026-07-21 00:00:00,24150,17,11472,-7799,1939645,2016207,0.005914484351517932,-0.003868154410732628,3673,52686280,140916,1047484,80.3,79.5,1.4500000000000028,-2.0999999999999943,7667,13318,24200,24000,387274,288201,5733,0,0.015025908093756634,0,-0.6499999999999773,-5.399999999999977,-1.4442169686069701
2026-07-20 00:00:00,2026-07-20 12:41:00,207,NIFTY,OK,24167.4,-0.09999999999854481,1956795,5678,2001688,-6720,1286876,5678,622827,-6720,-12398,160.3,0.27072492164296275,0.008793833865218446,0.1979429566926506,-0.6250664527815721,24200,38883789,24000,747434.8,0,0,24300,883184.3999999999,1784531509926,2026-07-21 00:00:00,24150,17,5678,-6720,1951117,2008408,0.0029101278908440654,-0.0033459336947472824,-1042,52833072,146792,1071660,81.1,79.2,0.7999999999999972,-0.29999999999999716,10372,12396,24200,24000,390868,288200,7264,4008,0.018936194617365825,0.014103141538115076,0.5,-1.3499999999999943,-0.9626960520977501
2026-07-20 00:00:00,2026-07-20 12:42:00,208,NIFTY,OK,24170.6,3.1999999999970896,1970407,13612,1990640,-11048,1300488,13612,611779,-11048,-24660,159.95,0.3018671578499321,0.008446027883015112,0.19794212505719322,-0.4850763397720824,24200,39002362.6,24000,755889.75,0,0,24300,886450.25,1784531570527,2026-07-21 00:00:00,24150,17,13612,-11048,1956795,2001688,0.006956272884998173,-0.005519341675625772,2564,53078870,245798,1195710,82,77.95,0.9000000000000057,-1.25,16974,23483,24200,24000,393218,285211,6917,1437,0.017905726363638717,0.005063888869311494,-0.35000000000002274,-1.8500000000000227,-0.9643980394862741
2026-07-20 00:00:00,2026-07-20 12:43:00,209,NIFTY,OK,24162.05,-8.549999999999272,1970408,1,1990382,-258,1300489,1,611521,-258,-259,160.7,0.22513791440596448,0.009028578349354733,0.1982738433747028,-0.23384254664010762,24200,39585663.9,24000,618455.25,0,0,24300,967671.7999999999,1784531630577,2026-07-21 00:00:00,24150,17,1,-258,1970407,1990640,5.075093622789607e-7,-0.00012960655869469114,-257,53190629,111759,891724,79.7,81,-2.299999999999997,3.049999999999997,7844,12084,24200,24000,393218,285211,10522,-1979,0.027494408094153062,-0.006890908457815384,0.75,-0.5,-0.35977915390339693
2026-07-20 00:00:00,2026-07-20 12:44:00,210,NIFTY,OK,24159,-3.0499999999992724,1974941,4533,1984118,-6264,1305022,4533,605257,-6264,-10797,160.8,0.22521109182762875,0.0035968076229442006,0.19989968232737007,0.17326020697211245,24200,40191632.25,24000,536220,0,0,24300,1019278.35,1784531689932,2026-07-21 00:00:00,24150,17,4533,-6264,1970408,1990382,0.002300538771665564,-0.003147134570147841,-1731,53436988,246359,891624,77.5,83.3,-2.200000000000003,2.299999999999997,12366,29015,24200,24000,394265,282958,8031,-5288,0.020793094341772088,-0.018345441046883564,0.10000000000002274,0.35000000000002274,-0.26036554124400596
2026-07-20 00:00:00,2026-07-20 12:45:00,211,NIFTY,OK,24155.95,-3.0499999999992724,1970204,-4737,1984540,422,1300285,-4737,605679,422,5159,161.2,0.30114869635050967,0.0040143883200695904,0.20286709628590874,2.1537284161884664,24200,40559248.800000004,23850,507278.85,0,0,24300,1113976.5999999999,1784531751317,2026-07-21 00:00:00,24150,17,-4737,422,1974941,1984118,-0.0023985526656239353,0.00021268896305562472,-4315,53877246,440258,1190966,75.45,85.75,-2.049999999999997,2.450000000000003,25893,48863,24200,24000,392821,283250,5547,-4951,0.014323192365095513,-0.01717898272386286,0.39999999999997726,1.3999999999999773,0.6445739246181281
2026-07-20 00:00:00,2026-07-20 12:46:00,212,NIFTY,OK,24155.95,0,1970204,0,1984540,0,1300285,0,605679,0,0,161.2,0.26403074383575775,0.0035808208210508976,0.20286709628590874,1.6986273225151105,24200,40559248.800000004,23850,507278.85,0,0,24300,1113976.5999999999,1784531810763,2026-07-21 00:00:00,24150,17,0,0,1970204,1984540,0,0,0,53877246,0,1044174,75.45,85.75,0,0,0,0,24200,24000,392821,283250,1953,-4950,0.004996571732656549,-0.01717557251908397,0,0.8999999999999773,0.7721556116042477
2026-07-20 00:00:00,2026-07-20 12:47:00,213,NIFTY,OK,24150.4,-5.549999999999272,1979881,9677,1954840,-29700,1309962,9677,575979,-29700,-39377,161.39999999999998,0.3353091616915151,0.01995379535952607,0.2006744799492477,0.399212144222742,24200,40915304.1,23850,502077.14999999997,0,0,24300,1205224,1784531870403,2026-07-21 00:00:00,24150,17,9677,-29700,1970204,1984540,0.004911674121055485,-0.014965684743063885,-20023,54398218,520972,1319348,74.8,86.6,-0.6500000000000057,0.8499999999999943,28594,57901,24200,24000,394357,281310,1139,-3901,0.0028966120574337897,-0.013677593080210791,0.19999999999998863,1.4499999999999886,1.3123718449442776
2026-07-20 00:00:00,2026-07-20 12:48:00,214,NIFTY,OK,24138.15,-12.25,1991705,11824,1943241,-11599,1321786,11824,564380,-11599,-23423,166.8,0.5824791496503383,0.011275623640939187,0.2118086860912605,2.681834172803746,24200,42474878.550000004,23850,337696.8,0,0,24300,1587154.4,1784531929683,2026-07-21 00:00:00,24150,17,11824,-11599,1979881,1954840,0.005972076099523153,-0.005933477931697735,225,55482653,1084435,2292024,67.3,99.5,-7.5,12.900000000000006,54746,113995,24200,24000,393601,280512,383,-4699,0.0009740144143960856,-0.01647552163135363,5.400000000000034,6.100000000000023,2.893078590947493
2026-07-20 00:00:00,2026-07-20 12:49:00,215,NIFTY,OK,24141.25,3.099999999998545,1983238,-8467,1763351,-179890,1313319,-8467,384490,-179890,-171423,165.85,0.7628434824316198,0.07434061064476931,0.2073102031348378,1.2595823883972728,24200,41583188.35,23850,337889.85,0,0,24300,2462135.45,1784531989894,2026-07-21 00:00:00,24150,17,-8467,-179890,1991705,1943241,-0.004251131568179022,-0.09257215136979921,-188357,56295049,812396,2858061,70.5,95.35,3.200000000000003,-4.150000000000006,42977,72789,24200,24000,391637,257232,-2628,-25726,-0.006665567575108113,-0.0909180867831975,-0.950000000000017,5.049999999999983,1.7401859162127864
2026-07-20 00:00:00,2026-07-20 12:50:00,216,NIFTY,OK,24148.2,6.950000000000728,1979884,-3354,1760705,-2646,1309965,-3354,381844,-2646,708,164.2,0.7381003366047433,0.07756625484890961,0.20853940540600432,1.234934030845848,24200,40994316.4,23850,392144.55,0,0,24300,2365945.0999999996,1784532049756,2026-07-21 00:00:00,24150,17,-3354,-2646,1983238,1763351,-0.0016911737270060376,-0.0015005520738639103,-6000,56638176,343127,2760930,72.8,91.4,2.299999999999997,-3.9499999999999886,22236,30858,24200,24000,391572,257232,-1249,-26018,-0.0031795652472754767,-0.09185525154457193,-1.6500000000000057,3,0.8435356265488309
2026-07-20 00:00:00,2026-07-20 12:51:00,217,NIFTY,OK,24147.9,-0.2999999999992724,1987212,7328,1758928,-1777,1317293,7328,380067,-1777,-9105,164,0.8474907504791599,0.06570579299166346,0.2043860329561964,0.21335466507602077,24200,40835390.849999994,23850,403426.25,0,0,24300,2283517.5,1784532111882,2026-07-21 00:00:00,24150,17,7328,-1777,1979884,1760705,0.0037012269405682354,-0.0010092548155426378,5551,57052065,413889,3174819,74.2,89.8,1.4000000000000057,-1.6000000000000085,31529,34411,24200,24000,393373,256498,552,-26752,0.0014052201893483291,-0.09444660194174757,-0.19999999999998863,2.8000000000000114,0.6098251134353264
2026-07-20 00:00:00,2026-07-20 12:52:00,218,NIFTY,OK,24160.95,13.049999999999272,2003140,15928,1764532,5604,1333221,15928,385671,5604,-10324,163.2,0.7893375537998,0.056170466027676856,0.2087312414733975,1.0016785202387264,24200,40998882.300000004,23850,436062.05,0,0,24300,2248727.25,1784532169992,2026-07-21 00:00:00,24150,17,15928,5604,1987212,1758928,0.008015249505337125,0.003186031491908708,21532,57372183,320118,2973965,76.7,86.5,2.5,-3.299999999999997,17385,29409,24200,24000,399102,254798,4745,-26512,0.012032244894854155,-0.09424478333511073,-0.8000000000000114,1.8000000000000114,0.12609008725768328
2026-07-20 00:00:00,2026-07-20 12:53:00,219,NIFTY,OK,24160.7,-0.25,1981046,-22094,1751969,-12563,1311127,-22094,373108,-12563,9531,161.65,0.6383261251294196,0.08474237697979882,0.20024062294607176,-1.1435872709335417,24200,39539940.6,23850,455319,0,0,24300,2073402.8,1784532231144,2026-07-21 00:00:00,24150,17,-22094,-12563,2003140,1764532,-0.011029683397066605,-0.007119734864541987,-34657,57865534,493351,2382881,78.95,82.7,2.25,-3.799999999999997,38379,40992,24200,24000,392478,254183,-1123,-26329,-0.0028531431576647418,-0.09386051220625143,-1.549999999999983,-5.150000000000006,-0.6837382804371198
2026-07-20 00:00:00,2026-07-20 12:54:00,220,NIFTY,OK,24160.7,0,1981046,0,1751969,0,1311127,0,373108,0,0,161.65,0.42070149731517287,0.008643189842628232,0.20024062294607176,-1.164370848648298,24200,39539940.6,23850,455319,0,0,24300,2073402.8,1784532289974,2026-07-21 00:00:00,24150,17,0,0,1981046,1751969,0,0,0,57865534,0,1570485,78.95,82.7,0,0,0,0,24200,24000,392478,254183,841,-3049,0.0021473966964306234,-0.011853113142999316,0,-4.199999999999989,-0.7555637894983218
2026-07-20 00:00:00,2026-07-20 12:55:00,221,NIFTY,OK,24169.45,8.75,1986642,5596,1766656,14687,1316723,5596,387795,14687,9091,159.9,0.41529396280284697,0.00815347444893958,0.20085642092082062,-0.9204851323256891,24200,40017146.4,23850,479237,0,0,24300,1938406.75,1784532351024,2026-07-21 00:00:00,24150,17,5596,14687,1981046,1751969,0.0028247703485936217,0.008383139199380812,20283,58196898,331364,1558722,79.75,80.15,0.7999999999999972,-2.549999999999997,22026,26143,24200,24000,397036,255463,5464,-1769,0.01395401101202333,-0.0068770603968402065,-1.75,-4.299999999999983,-1.469126740815641
2026-07-20 00:00:00,2026-07-20 12:56:00,222,NIFTY,OK,24168.8,-0.6500000000014552,2011527,24885,1769289,2633,1341608,24885,390428,2633,-22252,160.2,0.3257556040812354,0.02815474228294071,0.20211733470175433,-0.5834948684550614,24200,41225328.9,23850,469793.2,0,0,24300,1956556.55,1784532409979,2026-07-21 00:00:00,24150,17,24885,2633,1986642,1766656,0.012526162237584829,0.001490386357049703,27518,58283687,86789,1231622,79.25,80.95,-0.5,0.7999999999999972,5549,7826,24200,24000,406933,255798,13560,-700,0.034471099948395034,-0.0027290661135759343,0.29999999999998295,-3.8000000000000114,-1.2183763932029132
2026-07-20 00:00:00,2026-07-20 12:57:00,223,NIFTY,OK,24176.65,7.850000000002183,2128768,542,1722435,2963,1354718,13110,384096,-6332,2421,164.45,0.3079928531422519,0.014036250266620467,0.20943450472167707,0.9935972949695342,24200,40865277.6,23850,496710.89999999997,0,0,24300,1840454,1784532469549,2026-07-21 00:00:00,24200,16,542,2963,2010765,1716720,0.0002695491516910231,0.0017259657952374296,3505,59270619,274639,1186143,58.25,106.2,1.1000000000000014,-1.6499999999999915,35860,19121,24200,24000,406948,257901,7846,3103,0.019659134757530658,0.012178274554745327,4.25,1.25,0.5758349353076907
2026-07-20 00:00:00,2026-07-20 12:58:00,224,NIFTY,OK,24185.8,9.149999999997817,2123959,-4809,1722446,11,1349909,-4809,384107,11,4820,161.5,0.38917768669705866,0.031068817283315574,0.2025836170638886,-0.5254434487641847,24200,38940463.8,24000,694580.4,0,0,24300,1435412,1784532529691,2026-07-21 00:00:00,24200,17,-4809,11,2128768,1722435,-0.0022590531236846853,0.00000638630775617077,-4798,60074762,804143,1496935,64.1,97.4,5.849999999999994,-8.799999999999997,103270,55280,24200,24000,406948,257901,14470,3718,0.036868308542134846,0.014627256740222595,-2.9499999999999886,-0.15000000000000568,-0.6209871462621392
2026-07-20 00:00:00,2026-07-20 12:59:00,225,NIFTY,OK,24187.3,1.5,2119691,-4268,1709561,-12885,1345641,-4268,371222,-12885,-8617,160.7,0.5144244881245736,0.014902066694045925,0.20011147650632566,-0.999161075026335,24200,38309465,24000,696083.8500000001,0,0,24300,1339725,1784532589958,2026-07-21 00:00:00,24200,17,-4268,-12885,2123959,1722446,-0.0020094549847713633,-0.007480640902530472,-17153,60547688,472926,1969861,64.95,95.75,0.8500000000000085,-1.6500000000000057,69092,32778,24200,24000,403958,253855,11480,-328,0.029250047136400004,-0.0012904088786425529,-0.8000000000000114,-0.950000000000017,-0.8977536698121825
2026-07-20 00:00:00,2026-07-20 13:00:00,226,NIFTY,OK,24186.35,-0.9500000000007276,2111459,-8232,1708221,-1340,1337409,-8232,369882,-1340,6892,160.35,0.5025750848238596,0.0002604606193961898,0.19652953574734172,-1.5746314948491822,24200,37602556.65,24000,680337.3999999999,0,0,24300,1251891.9000000001,1784532650434,2026-07-21 00:00:00,24200,17,-8232,-1340,2119691,1709561,-0.003883584918745232,-0.0007838269590848177,-9572,60828867,281179,1919676,66.8,93.55,1.8499999999999943,-2.200000000000003,41948,22529,24200,24200,403061,250562,6025,0,0.015174946352471816,0,-0.3499999999999943,0.44999999999998863,-0.9212735082749193
2026-07-20 00:00:00,2026-07-20 13:01:00,227,NIFTY,OK,24181.8,-4.549999999999272,2096803,-14656,1727983,19762,1322753,-14656,389644,19762,34418,161.3,0.5978679591485642,0.010019604524740053,0.1993101146099915,-0.700504357731279,24200,38162553.5,24000,608181,0,0,24300,1419092.7000000002,1784532709722,2026-07-21 00:00:00,24200,17,-14656,19762,2111459,1708221,-0.006941171957400073,0.011568760716558338,5106,61282697,453830,2286717,63.3,98,-3.5,4.450000000000003,69918,33626,24200,24200,398210,258698,-8723,0,-0.02143596120245839,0,0.950000000000017,1.1000000000000227,-0.14205632292153728
2026-07-20 00:00:00,2026-07-20 13:02:00,228,NIFTY,OK,24181.5,-0.2999999999992724,2077866,-18937,1740627,12644,1303816,-18937,402288,12644,31581,160.7,0.573772689906725,0.014929617192930728,0.1964598023816686,-1.2502531617507209,24200,37355367.35,24000,649836,0,0,24300,1371852,1784532769926,2026-07-21 00:00:00,24200,17,-18937,12644,2096803,1727983,-0.009031368230587231,0.0073172016159881205,-6293,61461566,178869,2190947,64.3,96.4,1,-1.5999999999999943,21445,18050,24200,24200,394089,262199,-12859,0,-0.03159863176622075,0,-0.6000000000000227,-3.75,-0.44143819775577403
2026-07-20 00:00:00,2026-07-20 13:03:00,229,NIFTY,OK,24181.5,0,2077866,0,1740627,0,1303816,0,402288,0,0,160.7,0.3631809721793388,0.02012685282130712,0.1964598023816686,-1.06780873018011,24200,37355367.35,24000,649836,0,0,24300,1371852,1784532829623,2026-07-21 00:00:00,24200,17,0,0,2077866,1740627,0,0,0,61461566,0,1386804,64.3,96.4,0,0,0,0,24200,24200,394089,262199,-12859,0,-0.03159863176622075,0,0,-0.8000000000000114,-0.3633742893495297
2026-07-20 00:00:00,2026-07-20 13:04:00,230,NIFTY,OK,24184.1,2.599999999998545,2081815,3949,1770556,29929,1307765,3949,432217,29929,25980,159.75,0.3391781321165589,0.017693473336190535,0.19364919917406004,-1.4454414742070276,24200,36654271.5,24000,796303.2999999999,0,0,24300,1135001.25,1784532890748,2026-07-21 00:00:00,24200,17,3949,29929,2077866,1740627,0.0019005075399472343,0.017194378807176953,33878,61854328,392762,1306640,66.95,92.8,2.6500000000000057,-3.6000000000000085,48276,33830,24200,24200,395273,270849,-8685,0,-0.021499759876026717,0,-0.9499999999999886,-0.9499999999999886,-0.943040893369725
2026-07-20 00:00:00,2026-07-20 13:05:00,231,NIFTY,OK,24185.95,1.8500000000021828,2079689,-2126,1769629,-927,1305639,-2126,431290,-927,1199,160.1,0.2664006974742019,0.0289021230451475,0.1976138126541597,-0.42675065724365013,24200,37193771.6,24000,754392.6,0,0,24300,1209693.75,1784532951758,2026-07-21 00:00:00,24200,17,-2126,-927,2081815,1770556,-0.0010212242682466981,-0.0005235643492778539,-3053,61751357,0,1025461,65.25,94.85,-1.7000000000000028,2.049999999999997,0,0,24200,24200,395273,270849,-7788,20287,-0.01932213734397523,0.08096598845794653,0.3499999999999943,-0.25,-0.6930217529081762
2026-07-20 00:00:00,2026-07-20 13:06:00,232,NIFTY,OK,24182.25,-3.7000000000007276,2081128,1439,1773279,3650,1307078,1439,434940,3650,2211,160.15,0.2833880801897672,0.02711818166004909,0.19735770316562337,-0.3805487438661633,24200,37954222.8,24000,683791.2000000001,0,0,24300,1344429.4500000002,1784533010436,2026-07-21 00:00:00,24200,17,1439,3650,2079689,1769629,0.0006919303799750829,0.002062579218581974,5089,62272019,520662,1092293,62.85,97.3,-2.3999999999999986,2.450000000000003,68794,51210,24200,24200,395263,275120,-2947,16422,-0.00740061776449612,0.0634794238842202,0.05000000000001137,-1.1500000000000057,-0.6478419134884291
2026-07-20 00:00:00,2026-07-20 13:07:00,233,NIFTY,OK,24182,-0.25,2081128,0,1773279,0,1307078,0,434940,0,0,160.35,0.2585614337043286,0.03603648802278946,0.19529156992320054,-0.9260901171660457,24200,37621012.65,24000,696454,0,0,24300,1290258.2999999998,1784533070950,2026-07-21 00:00:00,24200,17,0,0,2081128,1773279,0,0,0,62355196,83177,996601,63.9,96.45,1.0499999999999972,-0.8499999999999943,10212,8889,24200,24200,395263,275120,1174,12921,0.002979022505068652,0.049279364147079126,0.19999999999998863,-0.3499999999999943,-0.41073953122334816
2026-07-20 00:00:00,2026-07-20 13:09:00,234,NIFTY,OK,24179.05,-2.9500000000007276,2089122,7994,1795885,22606,1315072,7994,457546,22606,14612,159.15,0.33124161681047165,0.051686409568598685,0.19361614175427552,-1.5001550701902915,24200,38999371.6,24000,747835.2,0,0,24300,1345207.5,1784533145571,2026-07-21 00:00:00,24200,17,7994,22606,2081128,1773279,0.003841186125985523,0.012748134952255116,30600,62645471,290275,1286876,61.9,97.25,-2,0.7999999999999972,37291,22177,24200,24200,401432,281756,7343,19557,0.018632846894990725,0.07458838515783812,-1.1999999999999886,-1.549999999999983,-2.0881671780397406
2026-07-20 00:00:00,2026-07-20 13:09:00,235,NIFTY,OK,24177.3,-1.75,2089122,0,1795885,0,1315072,0,457546,0,0,159.15,0.23014475906993218,0.03650093835909068,0.19220843062553716,-1.7773787221160264,24200,38999371.6,24000,747835.2,0,0,24300,1345207.5,1784533189941,2026-07-21 00:00:00,24200,17,0,0,2089122,1795885,0,0,0,62645471,0,894114,61.9,97.25,0,0,0,0,24200,24200,401432,281756,6159,10907,0.015581635983231843,0.04026967055444177,0,-0.5999999999999943,-1.580303634600791
2026-07-20 00:00:00,2026-07-20 13:10:00,236,NIFTY,OK,24179.95,2.650000000001455,2081063,-8059,1822247,26362,1307013,-8059,483908,26362,34421,160,0.31530777724546605,0.04386939932268612,0.1953266230722885,-0.19735511049379692,24200,38808508.2,24000,763207,0,0,24300,1356154.5499999998,1784533252959,2026-07-21 00:00:00,24200,17,-8059,26362,2089122,1795885,-0.0038576014229901364,0.014679113640350022,18303,62982101,336630,1230744,62,98,0.10000000000000142,0.75,41470,31624,24200,24200,400116,288236,4843,17387,0.012252291454260726,0.06419444044467582,0.8499999999999943,-0.09999999999999432,-0.2095543301583816
2026-07-20 00:00:00,2026-07-20 13:11:00,237,NIFTY,OK,24179.95,0,2081063,0,1822247,0,1307013,0,483908,0,0,160,0.18191791069630647,0.06886951084522633,0.1953266230722885,-0.0026271281343036067,24200,38808508.2,24000,763207,0,0,24300,1356154.5499999998,1784533309847,2026-07-21 00:00:00,24200,17,0,0,2081063,1822247,0,0,0,62982101,0,710082,62,98,0,0,0,0,24200,24200,400116,288236,4853,13116,0.012277901043102947,0.04767374236696714,0,-0.15000000000000568,-0.009727092616994962
2026-07-20 00:00:00,2026-07-20 13:12:00,238,NIFTY,OK,24183.05,3.099999999998545,2085235,4172,1825413,3166,1311185,4172,487074,3166,-1006,158.85,0.20218644071263892,0.07112991349218395,0.19472323856198112,-0.26826572033024954,24200,38726308.4,24000,805793.25,0,0,24300,1240537,1784533369519,2026-07-21 00:00:00,24200,17,4172,3166,2081063,1822247,0.002004744690574,0.0017374153997784054,7338,63145876,163775,790680,62.65,96.2,0.6499999999999986,-1.7999999999999972,19160,16077,24200,24200,401178,289178,5915,14058,0.014964719692963925,0.05109770282058738,-1.1500000000000057,-1.5,-1.7280150980216626
2026-07-20 00:00:00,2026-07-20 13:13:00,239,NIFTY,OK,24194.2,11.150000000001455,2089717,4482,1825631,218,1315667,4482,487292,218,-4264,158.9,0.1909051251638424,0.040592138709763734,0.20208556866952873,2.417751282620828,24200,37564804.75,24000,896948.25,0,0,24300,1084266,1784533430154,2026-07-21 00:00:00,24200,17,4482,218,2085235,1825413,0.002149398029478692,0.0001194250287469192,4700,63392931,247055,747460,66.4,92.5,3.750000000000007,-3.700000000000003,35478,20201,24200,24200,401615,289699,183,7943,0.0004558679925865402,0.028191058930422067,0.05000000000001137,-0.25,-1.374382485439019
2026-07-20 00:00:00,2026-07-20 13:14:00,240,NIFTY,OK,24213.65,19.450000000000728,2070722,-18995,1792012,-33619,1296672,-18995,453673,-33619,-14624,157.35,0.4557256595975804,0.012652619057492641,0.2019482195562651,1.7338833174264843,24200,34367258.1,24100,1302375,0,0,24300,693020.25,1784533490875,2026-07-21 00:00:00,24200,17,-18995,-33619,2089717,1825631,-0.00908974755911925,-0.01841500281272612,-52614,64405818,1012887,1760347,74.3,83.05,7.8999999999999915,-9.450000000000003,132165,83355,24200,24200,395694,281019,-5738,-737,-0.014293828095418402,-0.0026157384403526457,-1.5500000000000114,-1.8000000000000114,-2.3585040520074574
2026-07-20 00:00:00,2026-07-20 13:15:00,241,NIFTY,OK,24213.15,-0.5,2070722,0,1792012,0,1296672,0,453673,0,0,162.25,0.8989728518712394,0.011684976758772444,0.19896003466551015,0.7145091379577344,24200,28297774.7,24100,2120266.5,0,0,24500,285134.89999999997,1784533549598,2026-07-21 00:00:00,24200,17,0,0,2070722,1792012,0,0,0,66454594,2048776,3472493,93.4,68.85,19.10000000000001,-14.200000000000003,301767,127270,24200,24200,395694,281019,-4422,-7217,-0.011051794979455958,-0.02503851010977116,4.900000000000006,2.25,2.1714472371789952
2026-07-20 00:00:00,2026-07-20 13:16:00,242,NIFTY,OK,24213.15,0,2070722,0,1792012,0,1296672,0,453673,0,0,162.25,0.8989728518712394,0.011684976758772444,0.19896003466551015,0.6500350192899308,24200,28297774.7,24100,2120266.5,0,0,24500,285134.89999999997,1784533609712,2026-07-21 00:00:00,24200,17,0,0,2070722,1792012,0,0,0,66454594,0,3472493,93.4,68.85,0,0,0,0,24200,24200,395694,281019,-4422,-7217,-0.011051794979455958,-0.02503851010977116,0,2.25,1.6757546847629785
2026-07-20 00:00:00,2026-07-20 13:17:00,243,NIFTY,OK,24217.45,4.299999999999272,1762209,-308513,1792805,793,988159,-308513,454466,793,309306,162.64999999999998,1.4193074907721883,0.07048317583157637,0.19586311144702168,-0.3214343598680228,24200,21035435.200000003,24150,1596182,0,0,24500,410017,1784533669416,2026-07-21 00:00:00,24200,17,-308513,793,2070722,1792012,-0.14898813070996492,0.00044251935812929824,-307720,68191534,1736940,5045658,88.05,74.6,-5.3500000000000085,5.75,190184,118496,24200,24200,300753,288659,-100425,-519,-0.2503252920150158,-0.001794742338628803,0.39999999999997726,3.799999999999983,1.5475722761896071
2026-07-20 00:00:00,2026-07-20 13:18:00,244,NIFTY,OK,24218.3,0.8499999999985448,1749064,-13145,1801676,8871,975014,-13145,463337,8871,22016,161.3,1.4355649808208992,0.07152938074493292,0.1934060054838496,-1.068069004120208,24200,20957804.2,24150,1669853.9000000001,0,0,24500,413433,1784533731378,2026-07-21 00:00:00,24200,17,-13145,8871,1762209,1792805,-0.007459387620878114,0.004948112036724574,-4274,68490249,298715,5097318,87.15,74.15,-0.8999999999999915,-0.44999999999998863,32298,27282,24200,24200,297834,294015,-103781,4316,-0.2584091729641572,0.01489822194760769,-1.349999999999966,2.4000000000000057,0.6113432557413644
2026-07-20 00:00:00,2026-07-20 13:19:00,245,NIFTY,OK,24218.3,0,1749064,0,1801676,0,975014,0,463337,0,0,161.3,1.1503041619493402,0.07638616003061381,0.1934060054838496,-1.160486836319862,24200,20957804.2,24150,1669853.9000000001,0,0,24500,413433,1784533790140,2026-07-21 00:00:00,24200,17,0,0,1749064,1801676,0,0,0,68490249,0,4084431,87.15,74.15,0,0,0,0,24200,24200,297834,294015,-97860,12996,-0.24731231709351165,0.04624598336767265,0,3.950000000000017,0.4894188771007631
2026-07-20 00:00:00,2026-07-20 13:21:00,246,NIFTY,OK,24219.85,1.5499999999992724,1748469,-595,1822749,21073,974419,-595,484410,21073,21668,160.4,0.7088340728569357,0.11515994502648928,0.19388176471244678,-0.9283010102321727,24200,21541189.1,24150,1565376.3,0,0,24500,427519.5,1784533860685,2026-07-21 00:00:00,24200,17,-595,21073,1749064,1801676,-0.0003401819487451574,0.011696331637874957,20478,68985995,495746,2531401,84.75,75.65,-2.4000000000000057,1.5,55117,38527,24200,24200,298403,304501,-97291,23482,-0.24587433724039282,0.08356018632192129,-0.9000000000000057,-1.8499999999999943,-0.07539668767309493
2026-07-20 00:00:00,2026-07-20 13:21:00,247,NIFTY,OK,24219.25,-0.5999999999985448,1766474,18005,1833226,10477,992424,18005,494887,10477,-7528,160.8,0.787379226046615,0.09280291737480018,0.19218920909882353,-1.2508446970763574,24200,21556237.1,24150,1768916.25,0,0,24500,403128.39999999997,1784533911205,2026-07-21 00:00:00,24200,17,18005,10477,1748469,1822749,0.010297580340286274,0.005747911533623116,28482,69288923,302928,2834329,87,73.8,2.25,-1.8500000000000085,33741,22907,24200,24200,303758,306849,-91936,25830,-0.232341152506735,0.09191549325846295,0.4000000000000057,-1.4499999999999886,0.11818778741274566
2026-07-20 00:00:00,2026-07-20 13:22:00,248,NIFTY,OK,24224.1,4.849999999998545,1766474,0,1833226,0,992424,0,494887,0,0,161.3,0.3374189515792983,0.03679050096039295,0.19360774386367913,-0.7943783395705295,24200,21228772,24150,1841861.25,0,0,24500,394649.60000000003,1784533969764,2026-07-21 00:00:00,24200,17,0,0,1766474,1833226,0,0,0,69406141,117218,1214607,88.45,72.85,1.4500000000000028,-0.9500000000000028,13893,11230,24200,24200,303758,306849,3005,18190,0.009991587781335515,0.06301553043556585,0.5,-1.349999999999966,0.2903225806451726
2026-07-20 00:00:00,2026-07-20 13:23:00,249,NIFTY,OK,24234.95,10.850000000002183,1831105,-1662,1706519,14917,1012394,19970,497788,2901,16579,163,0.4501004063744479,0.03907275451771855,0.1980100275090959,0.6441052285749167,24200,18731772,24150,2468576.0500000003,0,0,24500,260538,1784534029789,2026-07-21 00:00:00,24250,16,-1662,14917,1761713,1690748,-0.0009433999749107829,0.008822722250743457,13255,69663910,676394,1592286,73.15,89.85,9.800000000000004,-8.900000000000006,65596,22570,24300,24200,228421,314185,0,20170,0,0.06860194207778515,1.6999999999999886,1.6999999999999886,1.1432533171283012
2026-07-20 00:00:00,2026-07-20 13:24:00,250,NIFTY,OK,24233.15,-1.7999999999992724,1801223,-29882,1706452,-67,982512,-29882,497721,-67,29815,162.35,0.5615172443285082,0.016381840151907474,0.19513769123783065,-0.08626019312822263,24200,17961354,24150,2370743,0,0,24500,246217.05,1784534089942,2026-07-21 00:00:00,24250,17,-29882,-67,1831105,1706519,-0.016319107861100263,-0.00003926120951480763,-29949,70041244,377334,1969620,72.85,89.5,-0.30000000000001137,-0.3499999999999943,38992,10838,24300,24200,224615,322375,0,28360,0,0.0964576637246399,-0.6500000000000057,1.049999999999983,0.7282285904516965
2026-07-20 00:00:00,2026-07-20 13:25:00,251,NIFTY,OK,24230.8,-2.350000000002183,1777259,-23964,1722385,15933,958548,-23964,513654,15933,39897,161.1,0.5947673534793825,0.001804970900429215,0.1934077452303164,-0.6593151960699581,24200,17493389.900000002,24200,2449716.75,0,0,24500,251601.59999999998,1784534149938,2026-07-21 00:00:00,24250,17,-23964,15933,1801223,1706452,-0.013304293804820391,0.009336916596540658,-8031,70648844,607600,2081474,72,89.1,-0.8499999999999943,-0.4000000000000057,59239,20322,24300,24200,224753,331284,0,26783,0,0.0879570182035527,-1.25,0.6999999999999886,-0.6694680037537886
2026-07-20 00:00:00,2026-07-20 13:26:00,252,NIFTY,OK,24230.85,0.049999999999272404,1760419,-16840,1738078,15693,941708,-16840,529347,15693,32533,160.8,0.647967684408476,0.011412877335830709,0.1931985376075613,-0.6333085098557444,24200,16926050,24200,2447303,0,0,24500,259203.6,1784534210114,2026-07-21 00:00:00,24250,17,-16840,15693,1777259,1722385,-0.009475265000768037,0.009111203360456576,-1147,71137211,488367,2266913,71.05,89.75,-0.9500000000000028,0.6500000000000057,46424,20288,24300,24200,225732,335658,0,28809,0,0.09388656961567415,-0.29999999999998295,0,-0.8510677611520494
2026-07-20 00:00:00,2026-07-20 13:27:00,253,NIFTY,OK,24240.7,9.850000000002183,1760419,0,1738078,0,941708,0,529347,0,0,162.75,0.7123504750754396,0.010381372594652983,0.19758562043552222,1.7391554742567485,24200,15621748.5,24200,2965555.4000000004,0,0,24500,190762.19999999998,1784534270578,2026-07-21 00:00:00,24250,17,0,0,1760419,1738078,0,0,0,71479672,342461,2492156,77.2,85.55,6.150000000000006,-4.200000000000003,39991,10783,24300,24200,225732,335658,0,28809,0,0.09388656961567415,1.9499999999999886,1.4499999999999886,1.4816602045463405
2026-07-20 00:00:00,2026-07-20 13:28:00,254,NIFTY,OK,24244.2,3.5,1760664,245,1748536,10458,941953,245,539805,10458,10213,161,0.5840376724039668,0.013868714640852303,0.19569048203252232,0.583945397169421,24200,16080575.25,24200,2909479.5,0,0,24500,210871.8,1784534332752,2026-07-21 00:00:00,24250,17,245,10458,1760419,1738078,0.00013917141316925117,0.006016991182213917,10703,71713415,233743,2049505,74.85,86.15,-2.3500000000000085,0.6000000000000085,24505,10201,24300,24200,226060,337904,-2361,23719,-0.010336177496815091,0.07549373776596591,-1.75,-2,-0.565253798647389
2026-07-20 00:00:00,2026-07-20 13:29:00,255,NIFTY,OK,24240.25,-3.9500000000007276,1751124,-9540,1745606,-2930,932413,-9540,536875,-2930,6610,162.3,0.7079474251657978,0.004421327238405479,0.19600851338852932,0.616832872600108,24200,15571218,24200,3129068.8000000003,0,0,24500,193238.9,1784534389488,2026-07-21 00:00:00,24250,17,-9540,-2930,1760664,1748536,-0.005418410327012991,-0.0016756875466104216,-12470,72516745,803330,2475501,77.35,84.95,2.5,-1.2000000000000028,83253,26094,24300,24200,224007,342135,-608,19760,-0.00270685395009238,0.06129507561070182,1.3000000000000114,-0.04999999999998295,0.8178122809350584
2026-07-20 00:00:00,2026-07-20 13:30:00,256,NIFTY,OK,24243.65,3.400000000001455,1745995,-5129,1761310,15704,927284,-5129,552579,15704,20833,161.65,0.592473138207256,0.0036867463849577283,0.1956844159464737,0.3464617832643265,24200,15522470.4,24200,3163939.65,0,0,24500,199341,1784534449756,2026-07-21 00:00:00,24250,17,-5129,15704,1751124,1745606,-0.0029289759034768527,0.00899630271664969,10575,72726828,210083,2077984,76.65,85,-0.6999999999999886,0.04999999999999716,21579,8431,24300,24200,225188,345662,435,14378,0.001935458036155246,0.04340082829234131,-0.6500000000000057,0.5500000000000114,-0.06980926587379216
2026-07-20 00:00:00,2026-07-20 13:31:00,257,NIFTY,OK,24237.15,-6.5,1734492,-11503,1768805,7495,915781,-11503,560074,7495,18998,160.75,0.6078559711037916,0.0022540502465367455,0.19361426690177033,-0.9619192167856137,24200,15637049.4,24200,2972828.5,0,0,24500,220913,1784534509810,2026-07-21 00:00:00,24250,17,-11503,7495,1745995,1761310,-0.006588220470276261,0.004255355388886681,-4008,73266711,539883,2129500,74,86.75,-2.6500000000000057,1.75,60568,21235,24300,24200,224794,342604,-938,6946,-0.0041553700848794145,0.020693682259919324,-0.9000000000000057,-0.05000000000001137,-1.1968874978625401
2026-07-20 00:00:00,2026-07-20 13:32:00,258,NIFTY,OK,24236.8,-0.3500000000021828,1724312,-10180,1783612,14807,905601,-10180,574881,14807,24987,160.64999999999998,0.5294926571955378,0.005075319529239483,0.19403983850460604,-0.7459876417450692,24200,14808553.65,24200,3095765.4,0,0,24500,216870.5,1784534569895,2026-07-21 00:00:00,24250,17,-10180,14807,1734492,1768805,-0.005869153619618886,0.00837118845774407,4627,73337092,70381,1857420,74.35,86.3,0.3499999999999943,-0.45000000000000284,6458,3401,24300,24200,222355,345335,-3377,9677,-0.01496021831198058,0.028829939998450804,-0.10000000000002274,-2.1000000000000227,-1.160813479611066
2026-07-20 00:00:00,2026-07-20 13:33:00,259,NIFTY,OK,24237.35,0.5499999999992724,1721876,-2436,1788623,5011,903165,-2436,579892,5011,7447,160.2,0.5733592289871041,0.0006453770089781431,0.19353829304545095,-0.9087808480154509,24200,14729806.700000001,24200,3234920,0,0,24500,197554,1784534631018,2026-07-21 00:00:00,24250,17,-2436,5011,1724312,1783612,-0.0014127373700351213,0.0028094675299336403,2575,73726192,389100,2012777,75.2,85,0.8500000000000085,-1.2999999999999972,39079,16891,24300,24200,223578,347224,-2482,9320,-0.010979386003715827,0.027581798380605142,-0.44999999999998863,-0.8000000000000114,-1.4203891677027491
2026-07-20 00:00:00,2026-07-20 13:34:00,260,NIFTY,OK,24240.85,3.5,1732474,10598,1809492,20869,913763,10598,600761,20869,10271,159.65,0.391654239481689,0.03260896205809291,0.19337788306812057,-0.8626255732222267,24200,15007516.3,24200,3295245.25,0,0,24500,197144.5,1784534689886,2026-07-21 00:00:00,24250,17,10598,20869,1721876,1788623,0.006154914755766385,0.011667634822989529,31467,73903971,177779,1387226,74.45,85.2,-0.75,0.20000000000000284,20204,7566,24300,24200,225717,350506,1710,8371,0.00763369001861549,0.024466950180484313,-0.549999999999983,-2.6500000000000057,-1.6247915058807145
2026-07-20 00:00:00,2026-07-20 13:35:00,261,NIFTY,OK,24242.6,1.75,1739541,7067,1814798,5306,920830,7067,606067,5306,-1761,160,0.4072701000101566,0.03249155830160213,0.1938230495899163,-0.5934342473789908,24200,14746047.5,24200,3481569,0,0,24500,184905,1784534751831,2026-07-21 00:00:00,24250,17,7067,5306,1732474,1809492,0.0040791376955729205,0.002932314704900602,12373,74174404,270433,1447576,75.75,84.25,1.2999999999999972,-0.9500000000000028,27992,11010,24300,24200,227677,351404,2489,5742,0.011052986837664529,0.016611603242473863,0.3499999999999943,-1.6500000000000057,-1.0360475353056384
2026-07-20 00:00:00,2026-07-20 13:36:00,262,NIFTY,OK,24243.4,0.8000000000029104,1743805,4264,1816884,2086,925094,4264,608153,2086,-2178,160.2,0.3141414484668557,0.05130882563295666,0.1940228446252542,-0.5347113334390439,24200,14128286.25,24200,3726501.8,0,0,24500,150206.59999999998,1784534812836,2026-07-21 00:00:00,24250,17,4264,2086,1739541,1814798,0.00245122132792501,0.0011494392213348263,6350,74385271,210867,1118560,78.15,82.05,2.4000000000000057,-2.200000000000003,24064,9306,24300,24200,228740,352671,3946,10067,0.017553849302027635,0.029383778356353106,0.19999999999998863,-0.5500000000000114,-0.7378489513791385
2026-07-20 00:00:00,2026-07-20 13:37:00,263,NIFTY,OK,24240.45,-2.9500000000007276,1745175,1370,1816994,110,926464,1370,608263,110,-1260,158.95,0.3534882819989731,0.04307945218534211,0.19089309134933355,-2.239387275313141,24200,14906500.05,24200,3468946.6,0,0,24500,187690,1784534871871,2026-07-21 00:00:00,24250,17,1370,110,1743805,1816884,0.0007856383024478081,0.000060543215747400495,1480,74596277,211006,1259185,74.2,84.75,-3.950000000000003,2.700000000000003,23031,9736,24300,24200,228740,352671,6385,7336,0.028715342582806773,0.021243140718432828,-1.25,-1.6999999999999886,-1.7252483123553777
2026-07-20 00:00:00,2026-07-20 13:38:00,264,NIFTY,OK,24240.45,0,1745175,0,1816994,0,926464,0,608263,0,0,158.95,0.24425708044733419,0.05938500261468707,0.19089309134933355,-1.6960841808106502,24200,14906500.05,24200,3468946.6,0,0,24500,187690,1784534931177,2026-07-21 00:00:00,24250,17,0,0,1745175,1816994,0,0,0,74596277,0,870085,74.2,84.75,0,0,0,0,24300,24200,228740,352671,5162,5447,0.02308813926236034,0.015687279681128034,0,-1.25,-1.3586995127817318
2026-07-20 00:00:00,2026-07-20 13:39:00,265,NIFTY,OK,24240.7,0.25,1739765,-5410,1829342,12348,921054,-5410,620611,12348,17758,157.95,0.2936446007362626,0.025896689944840366,0.18906713399838246,-2.0446255302222798,24200,14848761.2,24200,3632098.0500000003,0,0,24500,186221.84999999998,1784534990384,2026-07-21 00:00:00,24250,17,-5410,12348,1745175,1816994,-0.0030999756471414043,0.006795839722090442,6938,74952020,355743,1048049,74.15,83.8,-0.04999999999999716,-0.9500000000000028,34403,17847,24300,24200,229022,356420,3305,5914,0.014642228985853968,0.01687274968188847,-1,-1.700000000000017,-1.9251529083789174
2026-07-20 00:00:00,2026-07-20 13:40:00,266,NIFTY,OK,24238.1,-2.600000000002183,1744836,5071,1836107,6765,926125,5071,627376,6765,1694,157.35,0.23907222203760295,0.031075663704409746,0.18720392478986395,-2.1142585553216025,24200,14770298.200000001,24200,3808762.8000000003,0,0,24500,175608.1,1784535050374,2026-07-21 00:00:00,24250,17,5071,6765,1739765,1829342,0.0029147614764062964,0.0036980509931986475,11836,75030508,78488,856104,74.85,82.5,0.6999999999999886,-1.2999999999999972,8550,3595,24300,24200,229995,358750,2318,7346,0.010181089877326212,0.020904713662906513,-0.5999999999999943,-2.6500000000000057,-1.9507177550024706
2026-07-20 00:00:00,2026-07-20 13:41:00,267,NIFTY,OK,24238.1,0,1744836,0,1836107,0,926125,0,627376,0,0,157.35,0.1801863363923972,0.03139001638157762,0.18720392478986395,-1.5955082080295442,24200,14770298.200000001,24200,3808762.8000000003,0,0,24500,175608.1,1784535109865,2026-07-21 00:00:00,24250,17,0,0,1744836,1836107,0,0,0,75030508,0,645237,74.85,82.5,0,0,0,0,24300,24200,229995,358750,1255,6079,0.005486578648246918,0.01723702827848051,0,-2.8499999999999943,-1.5321520772731265
2026-07-20 00:00:00,2026-07-20 13:42:00,268,NIFTY,OK,24235.3,-2.7999999999992724,1731407,-13429,1862356,26249,912696,-13429,653625,26249,39678,156.15,0.24284044329022253,0.03620213335227813,0.18583731625935612,-1.612538145522511,24200,14973069.950000001,24200,3790567.4499999997,0,0,24500,185192,1784535170155,2026-07-21 00:00:00,24250,17,-13429,26249,1744836,1836107,-0.007696425337395606,0.01429600780346679,12820,75468988,438480,872711,72.25,83.9,-2.5999999999999943,1.4000000000000057,41988,18595,24300,24200,227607,364390,-1133,11719,-0.004953221998775903,0.03322927033977843,-1.1999999999999886,-2.799999999999983,-1.886154366409292
2026-07-20 00:00:00,2026-07-20 13:43:00,269,NIFTY,OK,24235.3,0,1731407,0,1862356,0,912696,0,653625,0,0,156.15,0.24284044329022253,0.03620213335227813,0.18583731625935612,-1.2933780352412003,24200,14973069.950000001,24200,3790567.4499999997,0,0,24500,185192,1784535229490,2026-07-21 00:00:00,24250,17,0,0,1731407,1862356,0,0,0,75468988,0,872711,72.25,83.9,0,0,0,0,24300,24200,227607,364390,-1133,11719,-0.004953221998775903,0.03322927033977843,0,-2.799999999999983,-1.4868134828526092
2026-07-20 00:00:00,2026-07-20 13:44:00,270,NIFTY,OK,24231.35,-3.9500000000007276,1711064,-20343,1893462,31106,892353,-20343,684731,31106,51449,155.8,0.2842812064609882,0.034565272338511116,0.18496191463469625,-1.2789954166332447,24200,14830678.8,24200,3883564.9999999995,0,0,24500,205531.25,1784535289617,2026-07-21 00:00:00,24250,17,-20343,31106,1731407,1862356,-0.011749403808578803,0.016702499414719848,10763,75976719,507731,1024699,70.6,85.2,-1.6500000000000057,1.2999999999999972,41834,28449,24300,24200,223935,373174,-5087,16754,-0.022211839910576278,0.04700634083384771,-0.3499999999999943,-2.1499999999999773,-1.373457886344267
2026-07-20 00:00:00,2026-07-20 13:45:00,271,NIFTY,OK,24235.75,4.400000000001455,1695324,-15740,1879765,-13697,876613,-15740,671034,-13697,2043,155.8,0.41154667757921554,0.003978750995707245,0.1882966004195898,-0.0465261817221922,24200,13534613.85,24200,4374867.100000001,0,0,24500,159260.19999999998,1784535350790,2026-07-21 00:00:00,24250,17,-15740,-13697,1711064,1893462,-0.009198954568619291,-0.007233839390492125,-29437,76501824,525105,1471316,75,80.8,4.400000000000006,-4.400000000000006,41438,36707,24300,24200,220752,371365,-9243,12615,-0.040187830170221095,0.03516376306620209,0,-1.549999999999983,-1.1447355150600762
2026-07-20 00:00:00,2026-07-20 13:46:00,272,NIFTY,OK,24241.65,5.900000000001455,1695324,0,1879758,-7,876613,0,671027,-7,-7,156.05,0.500661803002001,0.0032744718021662576,0.1885811587992506,0.360915009759478,24200,12942844.35,24200,4824032.100000001,0,0,24500,121419.45,1784535409986,2026-07-21 00:00:00,24250,17,0,-7,1695324,1879765,0,-0.0000037238697390365284,-7,76820415,318591,1789907,77.65,78.4,2.6500000000000057,-2.3999999999999915,35750,17260,24300,24200,220752,371365,-9243,12615,-0.040187830170221095,0.03516376306620209,0.25,-1.299999999999983,-0.8465158215814496
2026-07-20 00:00:00,2026-07-20 13:47:00,273,NIFTY,OK,24241.65,0,1695324,0,1879758,0,876613,0,671027,0,0,156.05,0.3780128679565951,0.013823166179157291,0.1885811587992506,0.5501384381662827,24200,12942844.35,24200,4824032.100000001,0,0,24500,121419.45,1784535470281,2026-07-21 00:00:00,24250,17,0,0,1695324,1879758,0,0,0,76820415,0,1351427,77.65,78.4,0,0,0,0,24300,24200,220752,371365,-6855,6975,-0.03011770288260027,0.019141579077362168,0,-0.09999999999999432,-0.692757110622717
2026-07-20 00:00:00,2026-07-20 13:48:00,274,NIFTY,OK,24253.45,11.799999999999272,1732876,37552,1859639,-20119,914165,37552,650908,-20119,-57671,157.15,0.5865603901445088,0.0005922475366915857,0.19051743532058443,1.7847116652446697,24200,12189674.399999999,24200,5069136.6,0,0,24500,52488,1784535531072,2026-07-21 00:00:00,24250,17,37552,-20119,1695324,1879758,0.022150338224433797,-0.010702973467861289,17433,77576215,755800,2107227,82.95,74.2,5.299999999999997,-4.200000000000003,83479,40317,24300,24200,228885,362377,1278,-2013,0.005614941543977119,-0.0055243008864129094,1.0999999999999943,1,0.7660847460629572
2026-07-20 00:00:00,2026-07-20 13:49:00,275,NIFTY,OK,24249.8,-3.650000000001455,1721455,-11421,1860739,1100,902744,-11421,652008,1100,12521,155.4,0.6790106845134574,0.009181252024792506,0.1864874025533836,-0.5457828936521125,24200,13078728,24200,4380750.350000001,0,0,24500,125826.00000000001,1784535590116,2026-07-21 00:00:00,24250,17,-11421,1100,1732876,1859639,-0.006590777412809687,0.0005915126538000117,-10321,78409067,832852,2432348,76.4,79,-6.549999999999997,4.799999999999997,92407,42628,24300,24200,233790,359866,9855,-13308,0.04400830598164646,-0.03566164845353642,-1.75,-0.4000000000000057,-1.3942919299054433
2026-07-20 00:00:00,2026-07-20 13:50:00,276,NIFTY,OK,24246.8,-3,1735088,13633,1865859,5120,916377,13633,657128,5120,-8513,156.1,0.6353003807054088,0.01130313946468982,0.19138615648407237,1.819057585284995,24200,11982608.75,24200,4979992.8,0,0,24500,60420.75,1784535649757,2026-07-21 00:00:00,24250,17,13633,5120,1721455,1860739,0.007919463477116742,0.002751594930831245,18753,78789507,380440,2287683,81.6,74.5,5.199999999999989,-4.5,37641,17946,24300,24200,238272,359942,17520,-11423,0.07936507936507936,-0.03075949537516998,0.6999999999999886,0.29999999999998295,-0.17554669175501245
2026-07-20 00:00:00,2026-07-20 13:51:00,277,NIFTY,OK,24246.8,0,1735088,0,1865859,0,916377,0,657128,0,0,156.1,0.5468261543421772,0.013135495954480542,0.19138615648407237,1.4227192042411658,24200,11982608.75,24200,4979992.8,0,0,24500,60420.75,1784535709610,2026-07-21 00:00:00,24250,17,0,0,1735088,1865859,0,0,0,78789507,0,1969092,81.6,74.5,0,0,0,0,24300,24200,238272,359942,17520,-11423,0.07936507936507936,-0.03075949537516998,0,0.04999999999998295,0.05931819989554217
2026-07-20 00:00:00,2026-07-20 13:52:00,278,NIFTY,OK,24243,-3.7999999999992724,1748867,13779,1888497,22638,930156,13779,679766,22638,8859,154.3,0.6377945677144218,0.026846950998990902,0.18449458034441393,-1.4713706725560871,24200,13079430,24200,4567809.2,0,0,24500,111896.40000000001,1784535769760,2026-07-21 00:00:00,24250,17,13779,22638,1735088,1865859,0.007941383952860029,0.012132749580756103,36417,79140306,350799,2319891,75.9,78.4,-5.699999999999989,3.9000000000000057,36681,17420,24300,24200,244514,364395,23762,-6970,0.10764115387403059,-0.018768596932936598,-1.799999999999983,-1.75,-2.3496966762559466
2026-07-20 00:00:00,2026-07-20 13:53:00,279,NIFTY,OK,24236.85,-6.150000000001455,1746419,-2448,1884963,-3534,927708,-2448,676232,-3534,-1086,152.25,0.5433812801847892,0.019697196214319198,0.18012062561761027,-2.187418494018504,24200,13696323.500000002,24200,4312933.65,0,0,24500,154173.6,1784535830429,2026-07-21 00:00:00,24250,17,-2448,-3534,1748867,1888497,-0.001399763389668854,-0.001871329422286612,-5982,79549440,409134,1973225,71.75,80.5,-4.150000000000006,2.0999999999999943,43847,23409,24300,24200,245465,363872,16580,1495,0.07243812394870787,0.004125537768677372,-2.0500000000000114,-4.900000000000006,-2.5502945835832507
2026-07-20 00:00:00,2026-07-20 13:54:00,280,NIFTY,OK,24236.6,-0.25,1745468,-951,1889565,4602,926757,-951,680834,4602,5553,152.95,0.46924388306791165,0.030977588896634083,0.18035594777617717,-1.689939332307047,24200,13786064.8,24200,4188140.4,0,0,24500,178518.5,1784535890008,2026-07-21 00:00:00,24250,17,-951,4602,1746419,1884963,-0.0005445428617072993,0.00244142723225867,3651,80114784,565344,1705717,70.9,82.05,-0.8499999999999943,1.5499999999999972,55960,32219,24300,24200,244589,366935,10799,7069,0.04619102613456521,0.0196434228296088,0.6999999999999886,-2.450000000000017,-1.5326373453637023
2026-07-20 00:00:00,2026-07-20 13:55:00,281,NIFTY,OK,24245.4,8.80000000000291,1741449,-4019,1894439,4874,922738,-4019,685708,4874,8893,153.25,0.4088624292057401,0.02350431662516195,0.18288978555560628,-0.8758058931025942,24200,13363990.700000001,24200,4391766,0,0,24500,168886.55,1784535949516,2026-07-21 00:00:00,24250,17,-4019,4874,1745468,1889565,-0.0023025343346311706,0.0025794296570903884,855,80276085,161301,1486578,72.55,80.7,1.6499999999999915,-1.3499999999999943,15058,8438,24300,24200,245478,367019,7206,7077,0.030242747784045124,0.019661501019608715,0.30000000000001137,-2.8499999999999943,-1.0878487716673761
2026-07-20 00:00:00,2026-07-20 13:56:00,282,NIFTY,OK,24245.1,-0.3000000000029104,1755195,13746,1894810,371,936484,13746,686079,371,-13375,153.95,0.4955009650671711,0.027125132908064387,0.18382644338009668,-0.5307535371663757,24200,12808329.200000001,24200,4871282.8,0,0,24500,117281.45,1784536009968,2026-07-21 00:00:00,24250,17,13746,371,1741449,1894439,0.007893426680884712,0.0001958363399402145,14117,80598088,322003,1808581,76.75,77.2,4.200000000000003,-3.5,38580,15836,24300,24200,247530,366925,9258,6983,0.03885475423045931,0.01940034783381767,0.6999999999999886,-2.1500000000000057,-0.5153253011206895
2026-07-20 00:00:00,2026-07-20 13:57:00,283,NIFTY,OK,24252.15,7.05000000000291,1756510,1315,1893004,-1806,937799,1315,684273,-1806,-3121,154.95,0.5051272580403856,0.006590834996411657,0.18795956401423036,0.49574952587818527,24200,11633318.4,24200,5444212.8,0,0,24500,53250.75000000001,1784536070043,2026-07-21 00:00:00,24250,17,1315,-1806,1755195,1894810,0.0007492045043428223,-0.0009531298652635357,-491,80983775,385687,1843469,82.7,72.25,5.950000000000003,-4.950000000000003,40664,23030,24300,24200,248445,366193,3931,1798,0.01607678905911318,0.0049342060127059925,1,0.6499999999999773,0.2074565049403453
2026-07-20 00:00:00,2026-07-20 13:58:00,284,NIFTY,OK,24252.15,0,1756510,0,1893004,0,937799,0,684273,0,0,154.95,0.39302082414261186,0.012641398278644807,0.18795956401423036,0.5907369869506415,24200,11633318.4,24200,5444212.8,0,0,24500,53250.75000000001,1784536130428,2026-07-21 00:00:00,24250,17,0,0,1756510,1893004,0,0,0,80983775,0,1434335,82.7,72.25,0,0,0,0,24300,24200,248445,366193,2980,2321,0.01214022365714053,0.006378616656406649,0,2.6999999999999886,0.4237830785814189
2026-07-20 00:00:00,2026-07-20 13:59:00,285,NIFTY,OK,24255.1,2.9499999999970896,1725882,-30628,1902951,9947,907171,-30628,694220,9947,40575,155.85,0.3791510934782615,0.0045062200372708,0.18913188139359277,0.7987744269607747,24200,10871502.299999999,24200,5842362.5,0,0,24500,26360.999999999996,1784536190122,2026-07-21 00:00:00,24250,17,-30628,9947,1756510,1893004,-0.01743684920666549,0.005254611189411116,-20681,81490660,506885,1375876,84.8,71.05,2.0999999999999943,-1.2000000000000028,48774,25783,24300,24200,245248,371464,659,4529,0.002694315770537514,0.012342785506969899,0.9000000000000057,2.9000000000000057,1.0715767538297924
2026-07-20 00:00:00,2026-07-20 14:00:00,286,NIFTY,OK,24250.3,-4.799999999999272,1711124,-14758,1913397,10446,892413,-14758,704666,10446,25204,154.2,0.48370970950368336,0.00648351372563335,0.19204263842210761,1.4785751545391423,24200,10664803.35,24200,5846367.600000001,0,0,24500,32575.5,1784536250505,2026-07-21 00:00:00,24250,17,-14758,10446,1725882,1902951,-0.008550990160393353,0.005489368880228655,-4312,82029301,538641,1753216,83.7,70.5,-1.0999999999999943,-0.5499999999999972,56797,36230,24300,24200,245088,370487,-390,3468,-0.0015887370762349376,0.009449102090082529,-1.6500000000000057,0.9499999999999886,-0.06398057560228826
2026-07-20 00:00:00,2026-07-20 14:01:00,287,NIFTY,OK,24259.45,9.150000000001455,1690608,-20516,1922478,9081,871897,-20516,713747,9081,29597,152.9,0.5095823902337226,0.020051977959607097,0.18162339870762936,-0.8911267150098773,24200,10983808.200000001,24200,5725145.600000001,0,0,24500,57754.549999999996,1784536310248,2026-07-21 00:00:00,24250,17,-20516,9081,1711124,1913397,-0.011989779817242936,0.004746009322686301,-11435,82439253,409952,1841165,80.4,72.5,-3.299999999999997,2,42439,23324,24300,24200,239557,374611,-7973,7686,-0.03221023714297257,0.02094706002589085,-1.299999999999983,-1.049999999999983,-0.9934610748412541
2026-07-20 00:00:00,2026-07-20 14:02:00,288,NIFTY,OK,24259.45,0,1690608,0,1922478,0,871897,0,713747,0,0,152.9,0.40283513871521465,0.025028203792843314,0.18162339870762936,-0.7884435489453808,24200,10983808.200000001,24200,5725145.600000001,0,0,24500,57754.549999999996,1784536369763,2026-07-21 00:00:00,24250,17,0,0,1690608,1922478,0,0,0,82439253,0,1455478,80.4,72.5,0,0,0,0,24300,24200,239557,374611,-8888,8418,-0.0357745174988428,0.022987877976913814,0,-2.049999999999983,-0.8326702122738777
2026-07-20 00:00:00,2026-07-20 14:03:00,289,NIFTY,OK,24259.1,-0.3500000000021828,1703032,12424,1928611,6133,884321,12424,719880,6133,-6291,152.95,0.5477881498814724,0.00898324143661489,0.18188000861453427,-0.8033430446168544,24200,10414925.450000001,24200,6060027.25,0,0,24500,38433.6,1784536430042,2026-07-21 00:00:00,24250,17,12424,6133,1690608,1922478,0.0073488354485486875,0.0031901535414189395,18557,82973146,533893,1989371,82.3,70.65,1.8999999999999915,-1.8499999999999943,64379,28652,24300,24200,246328,376738,-2117,10545,-0.008521000623880537,0.0287962904807028,0.04999999999998295,-2,-0.920155704708472
2026-07-20 00:00:00,2026-07-20 14:04:00,290,NIFTY,OK,24260.6,1.5,1711225,8193,1939129,10518,892514,8193,730398,10518,2325,153.89999999999998,0.4577849162026477,0.012878520858105282,0.18303222517981638,-0.6097258361228756,24250,9979428.45,24200,6431078.499999999,0,0,24550,13296,1784536490316,2026-07-21 00:00:00,24250,17,8193,10518,1703032,1928611,0.004810831505221276,0.005453665876633494,18711,83161737,188591,1671077,85.3,68.6,3,-2.0500000000000114,18227,12085,24300,24200,249129,379194,3881,7730,0.015824797755741127,0.020809553550276742,0.9499999999999886,-1.950000000000017,-0.08268540622202226
2026-07-20 00:00:00,2026-07-20 14:05:00,291,NIFTY,OK,24261.1,0.5,1699437,-11788,1954464,15335,880726,-11788,745733,15335,27123,154,0.3735511717476746,0.021525086836654776,0.18623124448367298,0.20156914619319743,24200,9393427.799999999,24200,6861937.249999999,0,0,24550,9285.300000000001,1784536549759,2026-07-21 00:00:00,24250,17,-11788,15335,1711225,1939129,-0.006888632412453067,0.007908189707853371,3547,83394220,232483,1364919,87.55,66.45,2.25,-2.1499999999999915,21735,14807,24300,24200,246662,382044,1574,11557,0.006422183052617835,0.031194076985157373,0.10000000000002274,-0.19999999999998863,-0.058722858703757014
2026-07-20 00:00:00,2026-07-20 14:06:00,292,NIFTY,OK,24262,0.9000000000014552,1693831,-5606,1961586,7122,875120,-5606,752855,7122,12728,153.10000000000002,0.4453478221499763,0.02600292886926481,0.18176875679594057,-0.9807660896277821,24250,10162548.15,24200,6469976.699999999,0,0,24500,16606.8,1784536613550,2026-07-21 00:00:00,24250,17,-5606,7122,1699437,1954464,-0.0032987395237363904,0.003643965813645071,1516,84067185,672965,1627932,84.2,68.9,-3.3499999999999943,2.450000000000003,75337,35203,24300,24200,249004,381713,9447,7102,0.0394352909745906,0.01895833277720088,-0.8999999999999773,0.20000000000001705,-0.8878937884949233
2026-07-20 00:00:00,2026-07-20 14:07:00,293,NIFTY,OK,24262,0,1693831,0,1961586,0,875120,0,752855,0,0,153.10000000000002,0.4453478221499763,0.02600292886926481,0.18176875679594057,-0.8043253902271397,24250,10162548.15,24200,6469976.699999999,0,0,24500,16606.8,1784536669517,2026-07-21 00:00:00,24250,17,0,0,1693831,1961586,0,0,0,84067185,0,1627932,84.2,68.9,0,0,0,0,24300,24200,249004,381713,9447,7102,0.0394352909745906,0.01895833277720088,0,0.20000000000001705,-0.7198472485815164
2026-07-20 00:00:00,2026-07-20 14:08:00,294,NIFTY,OK,24258.4,-3.599999999998545,1697557,3726,1973116,11530,878846,3726,764385,11530,7804,153.95,0.35688741546849856,0.02979350649648058,0.18648002808638697,0.5420126282728586,24300,9870014.7,24200,6757881.6,0,0,24550,11819,1784536729677,2026-07-21 00:00:00,24250,17,3726,11530,1693831,1961586,0.002199747200281492,0.0058778967631294265,15256,84283163,215978,1310017,85.95,68,1.75,-0.9000000000000057,21361,11627,24300,24200,251861,385891,5533,9153,0.02246192069111104,0.024295398924451476,0.8499999999999659,1,0.30347214227399477
2026-07-20 00:00:00,2026-07-20 14:09:00,295,NIFTY,OK,24256.3,-2.100000000002183,1689525,-8032,1992319,19203,870814,-8032,783588,19203,27235,153.05,0.38916722164219886,0.021977132336673755,0.1851296895397021,0.30199574821488673,24300,9992995.25,24200,6856195.199999999,0,0,24500,16210.65,1784536789783,2026-07-21 00:00:00,24250,17,-8032,19203,1697557,1973116,-0.004731505333841515,0.009732321870584395,11171,84594590,311427,1432853,84.3,68.75,-1.6500000000000057,0.75,32744,17861,24300,24200,249600,391007,471,11813,0.0018905868044266224,0.031152919086272463,-0.8999999999999773,-0.8499999999999659,-0.7020075119801749
2026-07-20 00:00:00,2026-07-20 14:10:00,296,NIFTY,OK,24253,-3.2999999999992724,1696353,6828,1994462,2143,877642,6828,785731,2143,-4685,150.5,0.4266577978034662,0.023441702149277807,0.17997723392145698,-1.413453849829114,24250,10821639.15,24200,6410324.199999999,0,0,24500,49236.850000000006,1784536851449,2026-07-21 00:00:00,24250,17,6828,2143,1689525,1992319,0.004041372575132064,0.001075630960704586,8971,84968935,374345,1574715,78.9,71.6,-5.3999999999999915,2.8499999999999943,37889,23368,24300,24200,250689,391087,4027,9043,0.016325984545653566,0.02367004847609176,-2.5500000000000114,-3.5,-2.672830046082296
2026-07-20 00:00:00,2026-07-20 14:11:00,297,NIFTY,OK,24255.8,2.7999999999992724,1676694,-19659,1993503,-959,857983,-19659,784772,-959,18700,151,0.2899901558417709,0.013886787914548336,0.17864261227093098,-1.6347807342037295,24250,10623584.6,24200,6393738.149999999,0,0,24500,55170,1784536910517,2026-07-21 00:00:00,24250,17,-19659,-959,1696353,1994462,-0.011588979416430424,-0.0004808314222080942,-20618,85131506,162571,1064321,79,72,0.09999999999999432,0.4000000000000057,13365,14515,24300,24200,247841,391816,-1163,10103,-0.0046706077010811075,0.026467529269372538,0.5,-2.1000000000000227,-1.6334951047451258
2026-07-20 00:00:00,2026-07-20 14:12:00,298,NIFTY,OK,24255.8,0,1676694,0,1993503,0,857983,0,784772,0,0,151,0.2899901558417709,0.013886787914548336,0.17864261227093098,-1.3617929155075954,24250,10623584.6,24200,6393738.149999999,0,0,24500,55170,1784536971521,2026-07-21 00:00:00,24250,17,0,0,1676694,1993503,0,0,0,85131506,0,1064321,79,72,0,0,0,0,24300,24200,247841,391816,-1163,10103,-0.0046706077010811075,0.026467529269372538,0,-2.1000000000000227,-1.3167619019186674
2026-07-20 00:00:00,2026-07-20 14:13:00,299,NIFTY,OK,24259.45,3.650000000001455,1670272,-6422,2008738,15235,851561,-6422,800007,15235,21657,151.60000000000002,0.3001883658919111,0.007548922669042626,0.17947464735902868,-0.9229722255506329,24250,10242307.200000001,24200,6728444.800000001,0,0,24500,37697.2,1784537029904,2026-07-21 00:00:00,24250,17,-6422,15235,1676694,1993503,-0.0038301562479498346,0.0076423260963239086,8813,85387559,256053,1104396,81.45,70.15,2.450000000000003,-1.8499999999999943,22868,20457,24300,24200,246815,394363,-5046,8472,-0.02003486049844954,0.021954386083116735,0.6000000000000227,-2.349999999999966,-0.7131782945736133
2026-07-20 00:00:00,2026-07-20 14:14:00,300,NIFTY,OK,24251.75,-7.700000000000728,1697283,27011,1997843,-10895,878572,27011,789112,-10895,-37906,149.15,0.34173449024471697,0.010518296545956768,0.17762549254754156,-1.2599795480741676,24250,11543393.95,24200,6321410.600000001,0,0,24500,70070,1784537089646,2026-07-21 00:00:00,24250,17,27011,-10895,1670272,2008738,0.016171617556900914,-0.005423803402932588,16116,85857342,469783,1262752,76,73.15,-5.450000000000003,3,49658,35479,24300,24200,254952,393661,5352,2654,0.02144230769230769,0.006787602267990087,-2.450000000000017,-3.9000000000000057,-1.8750829827781177
2026-07-20 00:00:00,2026-07-20 14:15:00,301,NIFTY,OK,24245.65,-6.099999999998545,1677650,-19633,2000941,3098,858939,-19633,792210,3098,22731,149.10000000000002,0.3333417604729637,0.009968782314545092,0.17786678534342087,-0.9948761549289795,24250,11705738.1,24200,5993945.050000001,0,0,24500,97372.79999999999,1784537149930,2026-07-21 00:00:00,24250,17,-19633,3098,1697283,1997843,-0.011567310813812428,0.001550672400183598,-16535,86195163,337821,1226228,73.65,75.45,-2.3499999999999943,2.299999999999997,28964,34886,24300,24200,250671,395922,-18,4835,-0.00007180211337553701,0.012362978058590544,-0.04999999999998295,-1.3999999999999773,-1.5141849272381922
2026-07-20 00:00:00,2026-07-20 14:16:00,302,NIFTY,OK,24243.8,-1.8500000000021828,1659814,-17836,2010994,10053,841103,-17836,802263,10053,27889,149.5,0.38410017630995685,0.0004333462415192509,0.17813045114067813,-0.7576171525384519,24250,11576297.95,24200,5892368.3,0,0,24500,107133.6,1784537211920,2026-07-21 00:00:00,24250,17,-17836,10053,1677650,2000941,-0.010631538163502518,0.005024136143944274,-7783,86541464,346301,1409958,73.3,76.2,-0.3500000000000085,0.75,26855,31360,24300,24200,246328,397008,-1513,5192,-0.006104720365072768,0.013251117871654042,0.39999999999997726,-1.5,-1.034860056370868
2026-07-20 00:00:00,2026-07-20 14:17:00,303,NIFTY,OK,24243.8,0,1659814,0,2010994,0,841103,0,802263,0,0,149.5,0.38410017630995685,0.0004333462415192509,0.17813045114067813,-0.6284595651160211,24250,11576297.95,24200,5892368.3,0,0,24500,107133.6,1784537269986,2026-07-21 00:00:00,24250,17,0,0,1659814,2010994,0,0,0,86541464,0,1409958,73.3,76.2,0,0,0,0,24300,24200,246328,397008,-1513,5192,-0.006104720365072768,0.013251117871654042,0,-1.5,-0.8481491729679635
2026-07-20 00:00:00,2026-07-20 14:18:00,304,NIFTY,OK,24243.15,-0.6499999999978172,1645831,-13983,2023183,12189,827120,-13983,814452,12189,26172,149.75,0.36234121755872284,0.007518983628383486,0.1780153646248886,-0.5449181164630692,24250,11235808,24200,5943660.2,0,0,24500,101337.6,1784537329973,2026-07-21 00:00:00,24250,17,-13983,12189,1659814,2010994,-0.008424437918947545,0.006061181684281504,-1794,86716994,175530,1329435,73.6,76.15,0.29999999999999716,-0.04999999999999716,11356,17176,24300,24200,244055,400615,-2760,6252,-0.011182464598991148,0.015853414240179733,0.25,-1.8500000000000227,-0.5525335425240508
2026-07-20 00:00:00,2026-07-20 14:19:00,305,NIFTY,OK,24248.8,5.649999999997817,1647387,1556,2027690,4507,828676,1556,818959,4507,2951,149.85000000000002,0.30616392527285824,0.017818545720847227,0.18036256870711123,1.8774533574822923,24250,10803800.700000001,24200,6474899.2,0,0,24500,75519.59999999999,1784537389806,2026-07-21 00:00:00,24250,17,1556,4507,1645831,2023183,0.0009454190618599358,0.0022276778719473225,6063,86982518,265524,1125176,76.45,73.4,2.8500000000000085,-2.75,20060,24135,24300,24200,243615,401923,-11337,8262,-0.04446719382471995,0.020987601006957762,0.10000000000002274,0.700000000000017,-0.29629570381680403
2026-07-20 00:00:00,2026-07-20 14:20:00,306,NIFTY,OK,24253.45,4.650000000001455,1674901,27514,1989020,-38670,856190,27514,780289,-38670,-66184,150.25,0.2947751875654524,0.013582918299718619,0.17944893544347018,0.9843313215338061,24250,11243232,24200,6160309.05,0,0,24500,80808,1784537454622,2026-07-21 00:00:00,24250,17,27514,-38670,1647387,2027690,0.01670160077747366,-0.019070962523857198,-11156,87275196,292678,1080033,77.1,73.15,0.6499999999999915,-0.25,32313,25943,24300,24200,249333,394008,-1338,-1914,-0.005337673683832593,-0.004834285541091427,0.39999999999997726,1.1499999999999773,0.22005284619568083
2026-07-20 00:00:00,2026-07-20 14:21:00,307,NIFTY,OK,24250.55,-2.900000000001455,1693110,18209,1984173,-4847,874399,18209,775442,-4847,-23056,150.45,0.2807692527336079,0.006271380807928188,0.18154378851213646,2.1770566152944477,24250,11227055.95,24200,6431273.800000001,0,0,24500,54909.25,1784537509932,2026-07-21 00:00:00,24250,17,18209,-4847,1674901,1989020,0.010871687341520483,-0.0024368784627605555,13362,87573932,298736,1032468,79,71.45,1.9000000000000057,-1.7000000000000028,30361,17445,24300,24200,253714,391428,7386,-5580,0.029984411029196842,-0.01405513239027929,0.19999999999998863,0.9499999999999886,0.5643998575406945
2026-07-20 00:00:00,2026-07-20 14:22:00,308,NIFTY,OK,24250.55,0,1693110,0,1984173,0,874399,0,775442,0,0,150.45,0.2807692527336079,0.006271380807928188,0.18154378851213646,1.6301643856483399,24250,11227055.95,24200,6431273.800000001,0,0,24500,54909.25,1784537570131,2026-07-21 00:00:00,24250,17,0,0,1693110,1984173,0,0,0,87573932,0,1032468,79,71.45,0,0,0,0,24300,24200,253714,391428,7386,-5580,0.029984411029196842,-0.01405513239027929,0,0.9499999999999886,0.6841947391069336
2026-07-20 00:00:00,2026-07-20 14:23:00,309,NIFTY,OK,24254.5,3.9500000000007276,1691282,-1828,1990420,6247,872571,-1828,781689,6247,8075,150.65,0.3116995889401152,0.011056261627678995,0.1803728319752356,0.7269599848685545,24250,10983436.9,24200,6583667,0,0,24500,50266.50000000001,1784537630070,2026-07-21 00:00:00,24250,17,-1828,6247,1693110,1984173,-0.001079669956470637,0.0031484149819597383,4419,87864579,290647,1147585,79.9,70.75,0.9000000000000057,-0.7000000000000028,30478,22478,24300,24200,253421,392727,9366,-7888,0.03837659543955256,-0.01968972704466882,0.20000000000001705,0.9000000000000057,1.47686641673641
2026-07-20 00:00:00,2026-07-20 14:24:00,310,NIFTY,OK,24256.55,2.0499999999992724,1690201,-1081,1990687,267,871490,-1081,781956,267,1348,150.9,0.3082891954332759,0.00512082539492306,0.1804284478441019,0.6079737487879021,24250,10577639.799999999,24200,7006846,0,0,24500,19035.1,1784537689717,2026-07-21 00:00:00,24250,17,-1081,267,1691282,1990420,-0.0006391601164087361,0.00013414254277991578,-814,88117296,252717,1134778,82.75,68.15,2.8499999999999943,-2.5999999999999943,27364,16308,24300,24200,253447,394209,9832,-7714,0.040358762801962114,-0.019192730945977215,0.25,1.049999999999983,1.5498640575698954
2026-07-20 00:00:00,2026-07-20 14:25:00,311,NIFTY,OK,24254.2,-2.349999999998545,1682108,-8093,1992168,1481,863397,-8093,783437,1481,9574,150.4,0.2881974571316907,0.009778858966283476,0.17965619307832384,-0.08463137476029853,24250,10968468.600000001,24200,6596014.399999999,0,0,24500,49190.35,1784537749690,2026-07-21 00:00:00,24250,17,-8093,1481,1690201,1990687,-0.00478818791374517,0.0007439642696214925,-6612,88334113,216817,1058917,79.7,70.7,-3.049999999999997,2.549999999999997,25686,13710,24300,24200,253191,392797,3858,-1211,0.015473282718292404,-0.003073541653976569,-0.5,0.15000000000000568,0.4953400660920194
2026-07-20 00:00:00,2026-07-20 14:26:00,312,NIFTY,OK,24253.55,-0.6500000000014552,1673745,-8363,1995765,3597,855034,-8363,787034,3597,11960,149.3,0.28925660374273404,0.007323139538170204,0.17692079230540805,-1.8656948211443025,24250,11090886.75,24200,6557333.750000001,0,0,24500,56016.25,1784537809630,2026-07-21 00:00:00,24250,17,-8363,3597,1682108,1992168,-0.004971737843230043,0.0018055706145264857,-4766,88635362,301249,1061430,78,71.3,-1.7000000000000028,0.5999999999999943,26315,26718,24300,24200,253264,393774,-450,2346,-0.0017736506460029797,0.005993439406480885,-1.0999999999999943,-1.1499999999999773,-1.7137654069092687
2026-07-20 00:00:00,2026-07-20 14:27:00,313,NIFTY,OK,24255.2,1.6500000000014552,1668529,-5216,2000582,4817,849818,-5216,791851,4817,10033,149.6,0.32359773252975993,0.006882750674630848,0.17728942744346304,-1.4507119533223247,24250,10973686.25,24200,6691123.550000001,0,0,24500,52406.4,1784537870163,2026-07-21 00:00:00,24250,17,-5216,4817,1673745,1995765,-0.0031163647986999212,0.002413610820913284,-399,88761248,125886,1187316,79,70.6,1,-0.7000000000000028,11037,7534,24300,24200,250466,394768,-3248,3340,-0.012801816218261507,0.008532859172057185,0.29999999999998295,-0.8499999999999943,-1.1579049648623447
2026-07-20 00:00:00,2026-07-20 14:28:00,314,NIFTY,OK,24253.85,-1.3500000000021828,1672541,4012,2000224,-358,853830,4012,791493,-358,-4370,150.15,0.32033849157242567,0.007596079311329607,0.1815095027573961,1.0199827031736257,24250,10701877.4,24200,6940568.25,0,0,24500,31511.399999999998,1784537929448,2026-07-21 00:00:00,24250,17,4012,-358,1668529,2000582,0.0024045131969537238,-0.00017894792615348934,3654,89041107,279859,1176528,81.65,68.5,2.6500000000000057,-2.0999999999999943,29517,15988,24300,24200,251268,392004,-2153,-723,-0.00849574423587627,-0.0018409735006760422,0.5500000000000114,-0.5,-0.10770760453300486
2026-07-20 00:00:00,2026-07-20 14:29:00,315,NIFTY,OK,24254.9,1.0500000000029104,1668577,-3964,2005322,5098,849866,-3964,796591,5098,9062,149.75,0.2841705773620886,0.006694354673404763,0.17779806046776883,-1.1025358619474193,24250,10881040.65,24200,6808773.399999999,0,0,24500,40528.4,1784537990817,2026-07-21 00:00:00,24250,17,-3964,5098,1672541,2000224,-0.002370046533986312,0.0025487145439710753,1134,89161310,120203,1044014,80.2,69.55,-1.4500000000000028,1.0499999999999972,11785,7601,24300,24200,248319,393142,-5128,-1067,-0.020233027023401344,-0.0027066860472490482,-0.4000000000000057,-1.1500000000000057,-0.930917280422996
2026-07-20 00:00:00,2026-07-20 14:30:00,316,NIFTY,OK,24254.9,0,1668577,0,2005322,0,849866,0,796591,0,0,149.75,0.2251550736696899,0.0004557560049178128,0.17779806046776883,-0.9530546193935036,24250,10881040.65,24200,6808773.399999999,0,0,24500,40528.4,1784538049663,2026-07-21 00:00:00,24250,17,0,0,1668577,2005322,0,0,0,89161310,0,827197,80.2,69.55,0,0,0,0,24300,24200,248319,393142,-4872,345,-0.019242390132350677,0.000878316280419657,0,-0.6500000000000057,-0.7962500691189064
2026-07-20 00:00:00,2026-07-20 14:31:00,317,NIFTY,OK,24247.25,-7.650000000001455,1666170,-2407,2000261,-5061,847459,-2407,791530,-5061,-2654,149.05,0.24081402322858386,0.0034872605693782505,0.17790414297319254,-0.723830612450348,24250,11476608,24200,6214759.2,0,0,24500,75199.3,1784538109805,2026-07-21 00:00:00,24250,17,-2407,-5061,1668577,2005322,-0.00144254655314079,-0.0025237842102166135,-7468,89518290,356980,882928,75.35,73.7,-4.8500000000000085,4.150000000000006,33743,25986,24300,24200,247531,390890,-5733,-2884,-0.022636458399140816,-0.007323998029326467,-0.6999999999999886,-0.25,-1.654991988666189
2026-07-20 00:00:00,2026-07-20 14:32:00,318,NIFTY,OK,24243.8,-3.4500000000007276,1650145,-16025,2016212,15951,831434,-16025,807481,15951,31976,149.5,0.2842579159639937,0.0026425098662337327,0.18054081201703073,0.973187638004393,24250,11299293.200000001,24200,6257929.8,0,0,24500,76188.75,1784538172556,2026-07-21 00:00:00,24250,17,-16025,15951,1666170,2000261,-0.009617866124104982,0.007974459333057037,-74,89803439,285149,1042191,75.95,73.55,0.6000000000000085,-0.15000000000000568,27300,27650,24300,24200,245224,394221,-5242,-547,-0.020928988365686362,-0.0013856239614153123,0.44999999999998863,-0.09999999999999432,-0.710171209675557
2026-07-20 00:00:00,2026-07-20 14:33:00,319,NIFTY,OK,24241.05,-2.75,1649486,-659,2029090,12878,830775,-659,820359,12878,13537,149.2,0.22223925779975728,0.007108048204089421,0.17912614146770794,0.153022302421075,24250,11432848.75,24200,6283947.3,0,0,24500,85447.25,1784538230087,2026-07-21 00:00:00,24250,17,-659,12878,1650145,2016212,-0.00039935884422278044,0.006387225152910507,12219,89858631,55192,817524,75.1,74.1,-0.8500000000000085,0.5499999999999972,3909,5084,24300,24200,244120,399090,-7148,7086,-0.028447713198656414,0.018076346159733064,-0.30000000000001137,-0.950000000000017,-1.0251528363134996
2026-07-20 00:00:00,2026-07-20 14:34:00,320,NIFTY,OK,24244.1,3.0499999999992724,1644233,-5253,2025862,-3228,825522,-5253,817131,-3228,2025,148.8,0.23959652270581552,0.004325961912429976,0.17626944190301952,-1.3926885111742036,24250,11705606,24200,5992753.55,0,0,24500,104033.59999999999,1784538289850,2026-07-21 00:00:00,24250,17,-5253,-3228,1649486,2029090,-0.003184628423642274,-0.001590860927805075,-8481,90040652,182021,879342,72.85,75.95,-2.25,1.8500000000000085,15193,17766,24300,24200,242373,397990,-5946,4848,-0.023945006221835624,0.012331422234205452,-0.39999999999997726,-0.9499999999999886,-1.611878539140675
2026-07-20 00:00:00,2026-07-20 14:35:00,321,NIFTY,OK,24239.4,-4.69999999999709,1649944,5711,2025542,-320,831233,5711,816811,-320,-6031,148.5,0.34252068978088884,0.001260594314219218,0.17552029106552344,-1.4491779795179387,24250,12227513.9,24200,5875607.8,0,0,24500,114837,1784538349873,2026-07-21 00:00:00,24250,17,5711,-320,1644233,2025862,0.0034733520127621814,-0.0001579574521857856,5391,90420240,379588,1258930,71.9,76.6,-0.9499999999999886,0.6499999999999915,29075,34020,24300,24200,243180,398223,-5139,5081,-0.020695154216954805,0.012924083410065575,-0.30000000000001137,-1.25,-1.8402301177968985
2026-07-20 00:00:00,2026-07-20 14:36:00,322,NIFTY,OK,24234.75,-4.650000000001455,1643236,-6708,2022916,-2626,824525,-6708,814185,-2626,4082,147.5,0.35906885475561295,0.0002119414980693573,0.17359662594265013,-1.8798582094238019,24250,12380909.5,24200,5641481.8,0,0,24500,140962.80000000002,1784538410280,2026-07-21 00:00:00,24250,17,-6708,-2626,1649944,2025542,-0.004065592529200991,-0.0012964431248525085,-9334,90834691,414451,1316401,69.85,77.65,-2.0500000000000114,1.0500000000000114,35794,38273,24300,24200,242555,394630,-4976,3740,-0.02010253261207687,0.009567909130445905,-1,-1.5500000000000114,-2.3041820846033025
2026-07-20 00:00:00,2026-07-20 14:37:00,323,NIFTY,OK,24233.75,-1,1643236,0,2022916,0,824525,0,814185,0,0,147.7,0.3044764646964992,0.0001836494642362825,0.17678248322301365,-0.4068841665850968,24250,12289761.700000001,24200,5692214.55,0,0,24500,137677.65,1784538471515,2026-07-21 00:00:00,24250,17,0,0,1643236,2022916,0,0,0,90919696,85005,1116257,70.45,77.25,0.6000000000000085,-0.4000000000000057,4742,7957,24300,24200,242555,394630,-2669,409,-0.01088392653247643,0.0010374891241207343,0.19999999999998863,-1.8000000000000114,-1.5452703728419235
2026-07-20 00:00:00,2026-07-20 14:38:00,324,NIFTY,OK,24227.85,-5.900000000001455,1601672,-41564,2027083,4167,782961,-41564,818352,4167,45731,147.3,0.4946630455900164,0.027755261666920147,0.17452181092610533,-1.23753808542312,24250,12123827.75,24200,5364158.85,0,0,24500,190017.5,1784538530314,2026-07-21 00:00:00,24250,17,-41564,4167,1643236,2022916,-0.025293993072206304,0.002059897692242288,-37397,91653642,733946,1795011,67.1,80.2,-3.3500000000000085,2.950000000000003,57433,68400,24300,24200,235683,400828,-8437,1738,-0.034560871702441424,0.004354907414367687,-0.39999999999997726,-1.8999999999999773,-1.6045620344638474
2026-07-20 00:00:00,2026-07-20 14:39:00,325,NIFTY,OK,24228.9,1.0500000000029104,1607774,6102,2030602,3519,789063,6102,821871,3519,-2583,146.85,0.521223754774108,0.016725831150258805,0.17487966995186702,-0.8793688207261456,24250,12367746,24200,5531815.6,0,0,24500,176722,1784538590181,2026-07-21 00:00:00,24250,17,6102,3519,1601672,2027083,0.0038097687916127648,0.0017359920634724873,9621,91937060,283418,1896408,67.25,79.6,0.15000000000000568,-0.6000000000000085,21110,24575,24300,24200,238510,402837,-3863,4847,-0.015938243946314153,0.012178697957235106,-0.45000000000001705,-1.950000000000017,-1.6338244415050336
2026-07-20 00:00:00,2026-07-20 14:40:00,326,NIFTY,OK,24229.95,1.0499999999992724,1607774,0,2030602,0,789063,0,821871,0,0,146.95,0.42246320886021677,0.02414318057615739,0.17382138970040642,-1.1294234029339318,24250,12470688,24200,5426246.6,0,0,24500,188616.75,1784538653696,2026-07-21 00:00:00,24250,17,0,0,1607774,2030602,0,0,0,91957320,20260,1537080,66.55,80.4,-0.7000000000000028,0.8000000000000114,1754,2771,24300,24200,238510,402837,-4670,4614,-0.019203881898182416,0.011586472905884392,0.09999999999999432,-1.5500000000000114,-1.2664384121138947
2026-07-20 00:00:00,2026-07-20 14:41:00,327,NIFTY,OK,24237.2,7.25,1613188,5414,2016862,-13740,794477,5414,808131,-13740,-19154,146.2,0.43037699205245106,0.02310838576704709,0.17190472915663751,-1.533687791576698,24250,12355841.75,24200,5838758.5,0,0,24500,158943.19999999998,1784538711818,2026-07-21 00:00:00,24250,17,5414,-13740,1607774,2030602,0.003367388700153131,-0.0067664662991566045,-8326,92396981,439661,1562290,69.1,77.1,2.549999999999997,-3.3000000000000114,33532,44085,24300,24200,239787,399484,-2768,4854,-0.011411844736245388,0.012300129234979602,-0.75,-1.3000000000000114,-1.5840506904331555
2026-07-20 00:00:00,2026-07-20 14:42:00,328,NIFTY,OK,24240,2.7999999999992724,1629065,15877,1981002,-35860,810354,15877,772271,-35860,-51737,146.35000000000002,0.4991405976675779,0.031124943185948852,0.1717809004875251,-1.4279507061663235,24250,12571595.700000001,24200,5746016.25,0,0,24500,148660.05000000002,1784538770250,2026-07-21 00:00:00,24250,17,15877,-35860,1613188,2016862,0.009842002296074605,-0.01778009601053518,-19983,92721627,324646,1801931,70.2,76.15,1.1000000000000085,-0.9499999999999886,34288,22934,24300,24200,243945,388144,1390,-6486,0.0057306590257879654,-0.01643564858221625,0.1500000000000341,-1.349999999999966,-1.2231942405559018
2026-07-20 00:00:00,2026-07-20 14:43:00,329,NIFTY,OK,24235.15,-4.849999999998545,1643448,14383,1976415,-4587,824737,14383,767684,-4587,-18970,146.45,0.371017079928163,0.0066208449395434655,0.17080588518832993,-1.678220954939661,24250,13178613,24200,5354097,0,0,24500,174999.30000000002,1784538829826,2026-07-21 00:00:00,24250,17,14383,-4587,1629065,1981002,0.008828990862856914,-0.002315494885921367,9796,92996673,275046,1343031,68.45,78,-1.75,1.8499999999999943,25227,19290,24300,24200,246371,387104,10688,-13724,0.045349049358672455,-0.03423912501122676,0.0999999999999659,-0.8500000000000227,-0.9657925186507035
2026-07-20 00:00:00,2026-07-20 14:44:00,330,NIFTY,OK,24234.6,-0.5500000000029104,1643448,0,1976415,0,824737,0,767684,0,0,146.64999999999998,0.2997400730359132,0.017062389748372837,0.1707538184363635,-1.373135782416435,24250,13234252.5,24200,5334556.5,0,0,24500,178143,1784538889752,2026-07-21 00:00:00,24250,17,0,0,1643448,1976415,0,0,0,93022078,25405,1085018,68.1,78.55,-0.3500000000000085,0.5499999999999972,1888,2096,24300,24200,246371,387104,7861,-15733,0.03295878579514486,-0.03905549887423449,0.19999999999998863,-0.20000000000001705,-0.5841603977777937
2026-07-20 00:00:00,2026-07-20 14:45:00,331,NIFTY,OK,24235.2,0.6000000000021828,1646505,3057,1975202,-1213,827794,3057,766471,-1213,-4270,147.75,0.36765398194829124,0.012518634508293061,0.17277678612293487,-0.21063145439484396,24250,13470945.65,24200,4892238,0,0,24500,207259.2,1784538949850,2026-07-21 00:00:00,24250,17,3057,-1213,1643448,1976415,0.0018601136147903675,-0.0006137374994624105,1844,93288855,266777,1331535,67.3,80.45,-0.7999999999999972,1.9000000000000057,21144,21710,24300,24200,247421,385451,8911,-17386,0.03736111693430045,-0.04315889553342915,1.1000000000000227,0.8000000000000114,1.449423585182027
2026-07-20 00:00:00,2026-07-20 14:46:00,332,NIFTY,OK,24239.3,4.099999999998545,1630232,-16273,1980407,5205,811521,-16273,771676,5205,21478,149.8,0.2939859121889505,0.018286783415938358,0.17661680197026347,1.496887497485068,24250,12898074.2,24200,4957023.75,0,0,24500,185747.80000000002,1784539010896,2026-07-21 00:00:00,24250,17,-16273,5205,1646505,1975202,-0.009883358993747362,0.0026351735164302182,-11068,93458458,169603,1061477,69.25,80.55,1.9500000000000028,0.09999999999999432,15141,16181,24300,24200,244577,386474,4790,-13010,0.01997606208843682,-0.03256701144476375,2.0500000000000114,3.6000000000000227,2.587737302874372
2026-07-20 00:00:00,2026-07-20 14:47:00,333,NIFTY,OK,24240.95,1.6500000000014552,1603535,-26697,1960501,-19906,784824,-26697,751770,-19906,6791,149.7,0.22757009188459376,0.05675356443602756,0.17755571760630792,1.7947461245381136,24250,12462735.5,24200,4886328.75,0,0,24500,174924.15,1784539070258,2026-07-21 00:00:00,24250,17,-26697,-19906,1630232,1980407,-0.016376196762178635,-0.010051469218196057,-46603,93532695,74237,811068,69.85,79.85,0.5999999999999943,-0.7000000000000028,8623,5493,24300,24200,237271,379274,-6674,-8870,-0.027358625919777,-0.022852343460159116,-0.10000000000002274,3.349999999999966,1.8358921970764883
2026-07-20 00:00:00,2026-07-20 14:48:00,334,NIFTY,OK,24240.95,0,1603535,0,1960501,0,784824,0,751770,0,0,149.7,0.15039747073261886,0.10415057590919775,0.17755571760630792,1.4638696580816284,24250,12462735.5,24200,4886328.75,0,0,24500,174924.15,1784539130616,2026-07-21 00:00:00,24250,17,0,0,1603535,1960501,0,0,0,93532695,0,536022,69.85,79.85,0,0,0,0,24300,24200,237271,379274,-9100,-7830,-0.03693616537660682,-0.02022712242704803,0,3.25,1.4423238380565475
2026-07-20 00:00:00,2026-07-20 14:49:00,335,NIFTY,OK,24239.15,-1.7999999999992724,1608486,4951,1945184,-15317,789775,4951,736453,-15317,-20268,149.9,0.25007611849158756,0.07448395837459265,0.18007907300010187,1.8129245646121646,24250,11885138.399999999,24200,5244086.25,0,0,24500,133805.94999999998,1784539189952,2026-07-21 00:00:00,24250,17,4951,-15317,1603535,1960501,0.0030875534366259544,-0.007812798871308915,-10366,93910766,378071,888688,73.75,76.15,3.9000000000000057,-3.6999999999999886,38086,26932,24300,24200,236892,374102,-9479,-13002,-0.03847449578075342,-0.033587873026370174,0.20000000000001705,3.2500000000000284,1.2632043244371505
2026-07-20 00:00:00,2026-07-20 14:50:00,336,NIFTY,OK,24239.15,0,1597285,-11201,1942946,-2238,778574,-11201,734215,-2238,8963,148.8,0.3037527777142226,0.07576660730642439,0.17475117263470968,0.09310741576097498,24250,11821741.25,24200,5080824,0,0,24500,166112,1784539250513,2026-07-21 00:00:00,24250,17,-11201,-2238,1608486,1945184,-0.006963691322150146,-0.0011505338312468127,-13439,94364210,453444,1075355,71.6,77.2,-2.1500000000000057,1.0499999999999972,44211,25603,24300,24200,234567,373157,-12854,-12294,-0.05195193617356651,-0.031895104695538475,-1.0999999999999943,1.0500000000000114,0.4384520053790763
2026-07-20 00:00:00,2026-07-20 14:51:00,337,NIFTY,OK,24239.15,0,1597285,0,1942946,0,778574,0,734215,0,0,148.8,0.2558454518928285,0.0777343025463924,0.17475117263470968,0.002793932239324929,24250,11821741.25,24200,5080824,0,0,24500,166112,1784539309946,2026-07-21 00:00:00,24250,17,0,0,1597285,1942946,0,0,0,94364210,0,905752,71.6,77.2,0,0,0,0,24300,24200,234567,373157,-10010,-13317,-0.04092780596703697,-0.034457686674912155,0,-1,0.29437043199784546
2026-07-20 00:00:00,2026-07-20 14:52:00,338,NIFTY,OK,24246.85,7.69999999999709,1597086,-199,1920350,-22596,778375,-199,711619,-22596,-22397,148.95,0.4258965905847327,0.031106815196146494,0.17584692453736528,0.24265004450430197,24250,11242183.600000001,24200,5375761.3,0,0,24500,112864.5,1784539372303,2026-07-21 00:00:00,24250,17,-199,-22596,1597285,1942946,-0.00012458640756032893,-0.011629762227051086,-22795,95030759,666549,1498064,74.95,74,3.3500000000000085,-3.200000000000003,60286,51324,24300,24200,235094,367665,-2177,-11609,-0.009175162577811868,-0.030608478303284697,0.14999999999997726,-0.75,0.2459760185072213
2026-07-20 00:00:00,2026-07-20 14:53:00,339,NIFTY,OK,24246.85,0,1597086,0,1920350,0,778375,0,711619,0,0,148.95,0.4258965905847327,0.031106815196146494,0.17584692453736528,0.07788288001296449,24250,11242183.600000001,24200,5375761.3,0,0,24500,112864.5,1784539429432,2026-07-21 00:00:00,24250,17,0,0,1597086,1920350,0,0,0,95030759,0,1498064,74.95,74,0,0,0,0,24300,24200,235094,367665,-2177,-11609,-0.009175162577811868,-0.030608478303284697,0,-0.75,0.05129891760423997
2026-07-20 00:00:00,2026-07-20 14:54:00,340,NIFTY,OK,24243.85,-3,1594308,-2778,1892178,-28172,775597,-2778,683447,-28172,-25394,149.9,0.4517838304814647,0.04265277074135727,0.17828110172301498,0.9498036525891049,24250,11148548.6,24200,5082687.05,0,0,24500,108734.5,1784539490355,2026-07-21 00:00:00,24250,17,-2778,-28172,1597086,1920350,-0.0017394179148774705,-0.014670242403728486,-30950,95485904,455145,1575138,75.4,74.5,0.45000000000000284,0.5,47541,32026,24300,24200,235351,360840,-1541,-13262,-0.006505074042179559,-0.03545022480499971,0.950000000000017,0,1.0197759257106465
2026-07-20 00:00:00,2026-07-20 14:55:00,341,NIFTY,OK,24244.8,0.9500000000007276,1594308,0,1892183,5,775597,0,683452,5,5,149.35,0.36332461492084733,0.042424261562071734,0.17627626254543813,-0.3059940396722071,24250,11376070,24200,4947374.25,0,0,24500,119971.49999999999,1784539551134,2026-07-21 00:00:00,24250,17,0,5,1594308,1892178,0,0.000002642457527780156,5,95630938,145034,1266728,73.85,75.5,-1.5500000000000114,1,14029,9911,24300,24200,235351,360840,784,-12317,0.003342328631052109,-0.03300755446099095,-0.5500000000000114,0.549999999999983,-0.0789512739032367
2026-07-20 00:00:00,2026-07-20 14:56:00,342,NIFTY,OK,24242.45,-2.349999999998545,1580703,-13605,1888633,-3550,761992,-13605,679902,-3550,10055,149.75,0.43528156396497775,0.04694604069296978,0.17654113696330032,-0.13218226766530247,24250,11068909.100000001,24200,4945386.95,0,0,24500,121594.2,1784539611824,2026-07-21 00:00:00,24250,17,-13605,-3550,1594308,1892183,-0.008533482865293282,-0.001876139887103943,-17155,95874348,243410,1510138,74.45,75.3,0.6000000000000085,-0.20000000000000284,25497,17532,24300,24200,232115,360196,-2452,-12961,-0.010453303320586442,-0.034733369600463075,0.4000000000000057,0.9499999999999886,0.8430893099970971
2026-07-20 00:00:00,2026-07-20 14:57:00,343,NIFTY,OK,24240.55,-1.9000000000014552,1586016,5313,1888032,-601,767305,5313,679301,-601,-5914,149.5,0.3170457057588151,0.03939235468008919,0.17500171424653135,-0.918548145183007,24250,11655987,24200,4606631.55,0,0,24500,152839.1,1784539669279,2026-07-21 00:00:00,24250,17,5313,-601,1580703,1888633,0.003361162723168109,-0.00031821957998192345,4712,96132191,257843,1101432,71.55,77.95,-2.9000000000000057,2.6500000000000057,25117,16575,24300,24200,232033,359518,-3061,-8147,-0.013020323785379465,-0.022158758652577753,-0.25,0.5500000000000114,0.3269101237459814
2026-07-20 00:00:00,2026-07-20 14:58:00,344,NIFTY,OK,24236.5,-4.049999999999272,1570536,-15480,1893050,5018,751825,-15480,684319,5018,20498,149.39999999999998,0.334552397428561,0.04647245180370934,0.17553234092703413,-0.47266937805617704,24250,11437624.049999999,24200,4673157.5,0,0,24500,151245,1784539729797,2026-07-21 00:00:00,24250,17,-15480,5018,1586016,1888032,-0.009760305066279281,0.0026577939356960054,-10462,96189510,57319,1158751,71.3,78.1,-0.25,0.14999999999999147,3707,5044,24300,24200,228777,361632,-6317,-6033,-0.026870103022620738,-0.016408959242788953,-0.10000000000002274,0.44999999999998863,0.169228316960318
2026-07-20 00:00:00,2026-07-20 14:59:00,345,NIFTY,OK,24232.95,-3.5499999999992724,1557879,-12657,1882575,-10475,739168,-12657,673844,-10475,2182,147.9,0.3583024217152736,0.03734172234962761,0.17340987476080774,-1.7929634501277099,24250,11596627,24200,4306922.399999999,0,0,24500,186492.6,1784539789670,2026-07-21 00:00:00,24250,17,-12657,-10475,1570536,1893050,-0.008059032075673527,-0.005533398483928052,-23132,96718627,529117,1232723,68.75,79.15,-2.549999999999997,1.0500000000000114,39461,41635,24300,24200,227341,354840,-8010,-6000,-0.034034272214692095,-0.016627868307283005,-1.4999999999999716,-2,-2.234149048954974
2026-07-20 00:00:00,2026-07-20 15:00:00,346,NIFTY,OK,24232.95,0,1557879,0,1882575,0,739168,0,673844,0,0,147.9,0.3161469387470375,0.042325517680145704,0.17340987476080774,-1.5006932778045048,24250,11596627,24200,4306922.399999999,0,0,24500,186492.6,1784539850268,2026-07-21 00:00:00,24250,17,0,0,1557879,1882575,0,0,0,96718627,0,1087689,68.75,79.15,0,0,0,0,24300,24200,227341,354840,-8010,-6000,-0.034034272214692095,-0.016627868307283005,0,-1.4499999999999886,-1.7276693911262522
2026-07-20 00:00:00,2026-07-20 15:01:00,347,NIFTY,OK,24239.8,6.849999999998545,1535749,-22130,1846020,-36555,717038,-22130,637289,-36555,-14425,145.25,0.7889054515550885,0.03282249383034421,0.16836746446753112,-2.5370708476243142,24250,11385191.4,24200,4223195.1,0,0,24500,179017.3,1784539910533,2026-07-21 00:00:00,24250,17,-22130,-36555,1557879,1882575,-0.014205211059395498,-0.01941755308553444,-58685,98542244,1823617,2667896,67.8,77.45,-0.9500000000000028,-1.7000000000000028,126161,125051,24300,24200,223580,343068,-8535,-17128,-0.03677056631411154,-0.04755188841630668,-2.6500000000000057,-4.5,-2.6040480725188337
2026-07-20 00:00:00,2026-07-20 15:02:00,348,NIFTY,OK,24235.5,-4.299999999999272,1535050,-699,1843280,-2740,716339,-699,634549,-2740,-2041,144.8,0.8096713464936818,0.034993128817399834,0.16816432801087536,-1.8429950641489028,24250,11486693.25,24200,4223688,0,0,24500,192090,1784539970374,2026-07-21 00:00:00,24250,17,-699,-2740,1535749,1846020,-0.0004551525021341378,-0.0014842742765517167,-3439,98867528,325284,2735337,67.3,77.5,-0.5,0.04999999999999716,24132,19835,24300,24200,225358,342545,-6675,-16973,-0.028767459800976586,-0.04721043174472488,-0.44999999999998863,-4.699999999999989,-1.980401351176651
2026-07-20 00:00:00,2026-07-20 15:03:00,349,NIFTY,OK,24235.5,0,1535050,0,1843280,0,716339,0,634549,0,0,144.8,0.7927046795310109,0.031835484302196626,0.16816432801087536,-1.4331568801372832,24250,11486693.25,24200,4223688,0,0,24500,192090,1784540030134,2026-07-21 00:00:00,24250,17,0,0,1535050,1843280,0,0,0,98867528,0,2678018,67.3,77.5,0,0,0,0,24300,24200,225358,342545,-3419,-19087,-0.014944684124715333,-0.05278017432085656,0,-4.599999999999966,-1.5169699040144293
2026-07-20 00:00:00,2026-07-20 15:04:00,350,NIFTY,OK,24234.8,-0.7000000000007276,1536439,1389,1823846,-19434,717728,1389,615115,-19434,-20823,145.3,0.7980620691399688,0.029894664461113704,0.16990509059534115,-0.7787153398533962,24250,11534948.1,24200,3961455.6,0,0,24500,209554.8,1784540090857,2026-07-21 00:00:00,24250,17,1389,-19434,1535050,1843280,0.0009048565193316179,-0.010543162189141097,-18045,99400343,532815,2681716,67.65,77.65,0.3500000000000085,0.15000000000000568,37302,36161,24300,24200,225672,335230,-1669,-19610,-0.007341394645048628,-0.055264344493292754,0.5,-2.5999999999999943,-1.0373416485654845
2026-07-20 00:00:00,2026-07-20 15:05:00,351,NIFTY,OK,24234.8,0,1536439,0,1823846,0,717728,0,615115,0,0,145.3,0.7980620691399688,0.029894664461113704,0.16990509059534115,-0.6205764899008431,24250,11534948.1,24200,3961455.6,0,0,24500,209554.8,1784540149856,2026-07-21 00:00:00,24250,17,0,0,1536439,1823846,0,0,0,99400343,0,2681716,67.65,77.65,0,0,0,0,24300,24200,225672,335230,-1669,-19610,-0.007341394645048628,-0.055264344493292754,0,-2.5999999999999943,-0.8480371715716264
2026-07-20 00:00:00,2026-07-20 15:06:00,352,NIFTY,OK,24232.35,-2.4500000000007276,1537203,764,1818678,-5168,718492,764,609947,-5168,-5932,144.5,0.3696293164149742,0.02087014846440595,0.16638428823346352,-1.4437903720880427,24250,11919084,24200,3766852.6,0,0,24500,229107.9,1784540209816,2026-07-21 00:00:00,24250,17,764,-5168,1536439,1823846,0.0004972537145958935,-0.002833572571368416,-4404,99782676,382333,1240432,65.35,79.15,-2.3000000000000114,1.5,25618,24744,24300,24200,224941,335472,1361,-7596,0.006087306556937114,-0.022141383049424604,-0.8000000000000114,-0.75,-1.042322986658686
2026-07-20 00:00:00,2026-07-20 15:07:00,353,NIFTY,OK,24236.2,3.850000000002183,1531479,-5724,1809979,-8699,712768,-5724,601248,-8699,-2975,144.05,0.3404187633063172,0.032415087538846324,0.16560649265189747,-1.3842649844878392,24250,11706145.5,24200,3863113.8000000003,0,0,24500,224094.6,1784540269866,2026-07-21 00:00:00,24250,17,-5724,-8699,1537203,1818678,-0.0037236461287155956,-0.004783144679816878,-14423,100005023,222347,1137495,66.05,78,0.7000000000000028,-1.1500000000000057,10537,12341,24300,24200,222703,333205,-2655,-9340,-0.011781254714720578,-0.02726649053409041,-0.44999999999998863,-0.75,-1.0945034127540578
2026-07-20 00:00:00,2026-07-20 15:08:00,354,NIFTY,OK,24236.5,0.2999999999992724,1524693,-6786,1789902,-20077,705982,-6786,581171,-20077,-13291,143.75,0.5014301898120284,0.03834749867331553,0.16945739842854993,0.07339725687232847,24250,11139282.8,24200,4220414.7,0,0,24500,168154.35,1784540330789,2026-07-21 00:00:00,24250,17,-6786,-20077,1531479,1809979,-0.004431010807200098,-0.011092393889652863,-26863,100529566,524543,1662038,70.45,73.3,4.400000000000006,-4.700000000000003,31070,31315,24300,24200,221618,328282,-3740,-14263,-0.016595816434295654,-0.04163832489162008,-0.30000000000001137,-1.0500000000000114,-1.1769301055041432
2026-07-20 00:00:00,2026-07-20 15:09:00,355,NIFTY,OK,24236.6,0.09999999999854481,1516774,-7919,1778493,-11409,698063,-7919,569762,-11409,-3490,144.8,0.4301302443777697,0.04587150785173354,0.16998567666220132,0.5103813195910596,24250,10993147.05,24200,4004734.3,0,0,24500,175093.6,1784540393353,2026-07-21 00:00:00,24250,17,-7919,-11409,1524693,1789902,-0.005193832463322124,-0.006374091989393833,-19328,100817737,288171,1417394,70.2,74.6,-0.25,1.2999999999999972,21472,15200,24300,24200,220450,325413,-5222,-9817,-0.02313977808500833,-0.02928437192375384,1.0500000000000114,-0.5,-0.22878968690789445
2026-07-20 00:00:00,2026-07-20 15:10:00,356,NIFTY,OK,24236.6,0,1516774,0,1778493,0,698063,0,569762,0,0,144.8,0.4301302443777697,0.04587150785173354,0.16998567666220132,0.9331884549758225,24250,10993147.05,24200,4004734.3,0,0,24500,175093.6,1784540449954,2026-07-21 00:00:00,24250,17,0,0,1516774,1778493,0,0,0,100817737,0,1417394,70.2,74.6,0,0,0,0,24300,24200,220450,325413,-5222,-9817,-0.02313977808500833,-0.02928437192375384,0,-0.5,0.13226115508965985
2026-07-20 00:00:00,2026-07-20 15:11:00,357,NIFTY,OK,24237.65,1.0500000000029104,1495584,-21190,1759791,-18702,676873,-21190,551060,-18702,2488,145.15,0.469838344276773,0.0657116704805492,0.17191861403953848,1.6598538232223183,24250,10481899.4,24200,3942643.5,0,0,24500,154555.65,1784540511120,2026-07-21 00:00:00,24250,17,-21190,-18702,1516774,1778493,-0.013970439894143755,-0.010515644424802347,-39892,101312176,494439,1529500,71.15,74,0.9500000000000028,-0.5999999999999943,38671,33215,24300,24200,214972,320966,-9969,-14506,-0.04431828790660662,-0.043240568512424284,0.3499999999999943,0.6500000000000057,0.8821206151951799
2026-07-20 00:00:00,2026-07-20 15:12:00,358,NIFTY,OK,24237.75,0.09999999999854481,1488207,-7377,1738341,-21450,669496,-7377,529610,-21450,-14073,145,0.4748443227870777,0.07500124012145358,0.16946589558010408,0.2185609255419749,24250,10372082,24200,3622120.8000000003,0,0,24500,139585.25,1784540570074,2026-07-21 00:00:00,24250,17,-7377,-21450,1495584,1759791,-0.004932521342833301,-0.012188947437508204,-28827,101537131,224955,1532108,70.15,74.85,-1,0.8499999999999943,15709,10224,24300,24200,212916,314275,-9787,-18930,-0.043946421916184336,-0.05681187257093981,-0.15000000000000568,0.9499999999999886,0.521904725868678
2026-07-20 00:00:00,2026-07-20 15:13:00,359,NIFTY,OK,24238.5,0.75,1488207,0,1738339,-2,669496,0,529608,-2,-2,145.05,0.3270075802421537,0.08345046227626635,0.1693271204816498,0.07600565070975891,24250,10333761.5,24200,3652764.8000000003,0,0,24500,132858.25,1784540631094,2026-07-21 00:00:00,24250,17,0,-2,1488207,1738341,0,-0.0000011505222508127002,-2,101584671,47540,1055105,70.45,74.6,0.29999999999999716,-0.25,2247,2433,24300,24200,212916,314275,-8702,-14007,-0.03926576361125901,-0.04266758457667493,0.05000000000001137,1.3000000000000114,0.563276533558598
2026-07-20 00:00:00,2026-07-20 15:14:00,360,NIFTY,OK,24236.45,-2.0499999999992724,1479653,-8554,1719004,-19335,660942,-8554,510273,-19335,-10781,145,0.3108370169105346,0.09716764511531681,0.17163559165589756,1.1993958852235964,24250,10068186.15,24200,3572073.6,0,0,24500,143703.6,1784540689961,2026-07-21 00:00:00,24250,17,-8554,-19335,1488207,1738339,-0.005747856312999468,-0.011122686656630265,-27889,101811998,227327,994261,70.8,74.2,0.3499999999999943,-0.3999999999999915,14223,10222,24300,24200,210457,309395,-9993,-16018,-0.04533000680426401,-0.04922360200729534,-0.05000000000001137,0.19999999999998863,0.550087483886357
2026-07-20 00:00:00,2026-07-20 15:15:00,361,NIFTY,OK,24241.65,5.200000000000728,1461614,-18039,1703620,-15384,642903,-18039,494889,-15384,2655,147.7,0.4526284628561427,0.0907623850489469,0.1759528433051042,2.1810928540592567,24250,9117117.600000001,24200,3515606.2,0,0,24500,102219.3,1784540749688,2026-07-21 00:00:00,24250,17,-18039,-15384,1479653,1719004,-0.012191371895978314,-0.008949368355163804,-33423,102250412,438414,1432675,74.95,72.75,4.150000000000006,-1.4500000000000028,35778,28581,24300,24200,205080,304741,-15370,-20672,-0.06972102517577682,-0.0635254276872774,2.6999999999999886,2.8999999999999773,2.705697604137339
2026-07-20 00:00:00,2026-07-20 15:16:00,362,NIFTY,OK,24241.6,-0.05000000000291038,1461614,0,1703620,0,642903,0,494889,0,0,147.5,0.2964191588994684,0.09607497473983091,0.1748132165769577,1.425665430370557,24250,9290151.899999999,24200,3391260,0,0,24500,129919.94999999998,1784540809846,2026-07-21 00:00:00,24250,17,0,0,1461614,1703620,0,0,0,102202218,0,938236,73.5,74,-1.4500000000000028,1.25,0,0,24300,24200,205080,304741,-9892,-16225,-0.04601529501516476,-0.05055052560084246,-0.19999999999998863,2.3499999999999943,1.7932406035428992
2026-07-20 00:00:00,2026-07-20 15:17:00,363,NIFTY,OK,24240.95,-0.6499999999978172,1425518,-36096,1653884,-49736,606807,-36096,445153,-49736,-13640,146.65,0.3688482374175246,0.12954908824544475,0.1712986414920558,-0.038780936289553786,24250,8816697.450000001,24200,2891201.4000000004,0,0,24500,134504,1784540870137,2026-07-21 00:00:00,24250,17,-36096,-49736,1461614,1703620,-0.024695986765315602,-0.029194303894060882,-85832,102624769,422551,1135832,71.7,74.95,-1.7999999999999972,0.9500000000000028,29350,20731,24300,24200,197896,291053,-15020,-23222,-0.07054425219335325,-0.07389070081934611,-0.8499999999999943,1.6500000000000057,0.9058885554324239
2026-07-20 00:00:00,2026-07-20 15:18:00,364,NIFTY,OK,24237.9,-3.0499999999992724,1425518,0,1653884,0,606807,0,445153,0,0,146.85,0.42789931291854716,0.11166950247177981,0.17436634289326866,1.1000286125673935,24250,8811162.799999999,24200,2906104.5,0,0,24500,139251.2,1784540929748,2026-07-21 00:00:00,24250,17,0,0,1425518,1653884,0,0,0,102854151,229382,1317674,71.75,75.1,0.04999999999999716,0.14999999999999147,12171,9540,24300,24200,197896,291053,-15020,-23222,-0.07054425219335325,-0.07389070081934611,0.19999999999998863,1.799999999999983,0.8921107106718935
2026-07-20 00:00:00,2026-07-20 15:19:00,365,NIFTY,OK,24239.8,1.8999999999978172,1403398,-22120,1611357,-42527,584687,-22120,402626,-42527,-20407,146.64999999999998,0.473081228822906,0.12894327959703383,0.17337258374251158,0.5245104134054873,24250,8321235.5,24200,2673425.7,0,0,24500,124882.05,1784540989457,2026-07-21 00:00:00,24250,17,-22120,-42527,1425518,1653884,-0.015517166391445075,-0.025713411581465204,-64647,103190028,335877,1426224,72.85,73.8,1.0999999999999943,-1.2999999999999972,22621,14487,24500,24200,194721,281261,0,-28134,0,-0.09093230336624702,-0.20000000000001705,1.6499999999999773,0.5671093906353666
2026-07-20 00:00:00,2026-07-20 15:20:00,366,NIFTY,OK,24239.7,-0.09999999999854481,1390553,-12845,1594035,-17322,571842,-12845,385304,-17322,-4477,146.3,0.43299343158921766,0.13978567012327567,0.17476207990437173,0.9444898059544068,24250,8145922.2,24200,2573128.6,0,0,24500,120448.34999999999,1784541049869,2026-07-21 00:00:00,24250,17,-12845,-17322,1403398,1611357,-0.009152784883546934,-0.010749945542794055,-30167,103494525,304497,1292307,72.65,73.65,-0.19999999999998863,-0.14999999999999147,16575,12739,24500,24200,194574,277185,0,-27556,0,-0.09042432754371746,-0.3499999999999659,-1.3999999999999773,0.1145413213334056
2026-07-20 00:00:00,2026-07-20 15:21:00,367,NIFTY,OK,24235.55,-4.150000000001455,1372526,-18027,1559143,-34892,553815,-18027,350412,-34892,-16865,145.60000000000002,0.5034453070929904,0.15824883887163052,0.1771767962172767,1.555174054287411,24250,7805068.7,24200,2425652.25,0,0,24500,117870.5,1784541110247,2026-07-21 00:00:00,24250,17,-18027,-34892,1390553,1594035,-0.012963907164991195,-0.02188910532077401,-52919,103678153,183628,1475935,72.7,72.9,0.04999999999999716,-0.75,10072,10014,24500,24200,194659,270582,0,-34159,0,-0.1120919075542838,-0.6999999999999886,-1.8999999999999773,-0.6521934828597798
2026-07-20 00:00:00,2026-07-20 15:22:00,368,NIFTY,OK,24236.9,1.3500000000021828,1372526,0,1559076,-67,553815,0,350345,-67,-67,145.9,0.4063648476157405,0.12406614622681104,0.17573761429854523,0.8210486504310461,24250,7854687.7,24200,2370434.15,0,0,24500,120715.65,1784541169805,2026-07-21 00:00:00,24250,17,0,-67,1372526,1559143,0,-0.000042972325181205315,-67,103816069,137916,1191300,72.2,73.7,-0.5,0.7999999999999972,6478,4353,24500,24200,194659,270582,0,-20471,0,-0.070334269016296,0.29999999999998295,-0.75,-0.47416024485686514
2026-07-20 00:00:00,2026-07-20 15:23:00,369,NIFTY,OK,24240.15,3.25,1331832,-40694,1514261,-44815,513121,-40694,305530,-44815,-4121,143.9,0.5166250716332882,0.15867442257456152,0.17122867170938955,-1.4162042994530353,24250,7337730.4,24200,2148495,0,0,24500,104784,1784541229738,2026-07-21 00:00:00,24250,17,-40694,-44815,1372526,1559076,-0.02964898297008581,-0.02874458974418181,-85509,104324514,508445,1470363,72.7,71.2,0.5,-2.5,25238,22858,24500,24200,192649,258319,0,-32734,0,-0.11246748873916435,-2,-2.9499999999999886,-2.1079255842333526
2026-07-20 00:00:00,2026-07-20 15:24:00,370,NIFTY,OK,24240.15,0,1331832,0,1514261,0,513121,0,305530,0,0,143.9,0.39861171086117003,0.14866820745253798,0.17122867170938955,-1.3597427395557846,24250,7337730.4,24200,2148495,0,0,24500,104784,1784541289668,2026-07-21 00:00:00,24250,17,0,0,1331832,1514261,0,0,0,104324514,0,1134486,72.7,71.2,0,0,0,0,24500,24200,192649,258319,-2072,-22942,-0.010640865648800077,-0.08156836532615613,0,-2.7499999999999716,-1.75195415360119
2026-07-20 00:00:00,2026-07-20 15:25:00,371,NIFTY,OK,24244.85,4.69999999999709,1293492,-38340,1466641,-47620,474781,-38340,257910,-47620,-9280,145.4,0.5160417994350273,0.15758482501418197,0.17233366090525565,-0.6576870865795206,24250,6392951.4,24150,1861957.65,0,0,24500,87464.85,1784541350849,2026-07-21 00:00:00,24250,17,-38340,-47620,1331832,1514261,-0.02878741462887211,-0.03144768306124242,-85960,104918869,594355,1424344,75.15,70.25,2.450000000000003,-0.9500000000000028,40219,33463,24500,24200,190956,245881,-3618,-31304,-0.018594467914520952,-0.11293540415246135,1.5,-0.9000000000000057,-0.4066567188724371
2026-07-20 00:00:00,2026-07-20 15:26:00,372,NIFTY,OK,24243.5,-1.3499999999985448,1271498,-21994,1450887,-15754,452787,-21994,242156,-15754,6240,144.95,0.5507262933053186,0.13958883177292702,0.1700920511781393,-1.402151535837217,24250,6231298.9,24150,1814895.3499999999,0,0,24500,106449.40000000001,1784541410692,2026-07-21 00:00:00,24250,17,-21994,-15754,1293492,1466641,-0.017003584096384052,-0.010741551613516873,-37748,105177442,258573,1499289,73.45,71.5,-1.7000000000000028,1.25,17947,14331,24500,24200,186505,240127,-8154,-30455,-0.041888636025048935,-0.11255368058481348,-0.45000000000001705,-0.6500000000000341,-0.6413815478508396
2026-07-20 00:00:00,2026-07-20 15:27:00,373,NIFTY,OK,24243.5,0,1271498,0,1450887,0,452787,0,242156,0,0,144.95,0.5000663021578505,0.15368087952383366,0.1700920511781393,-1.2721147120462153,24250,6231298.9,24150,1814895.3499999999,0,0,24500,106449.40000000001,1784541469834,2026-07-21 00:00:00,24250,17,0,0,1271498,1450887,0,0,0,105177442,0,1361373,73.45,71.5,0,0,0,0,24500,24200,186505,240127,-8154,-30455,-0.041888636025048935,-0.11255368058481348,0,-0.950000000000017,-0.4987035190543008
2026-07-20 00:00:00,2026-07-20 15:28:00,374,NIFTY,OK,24241.75,-1.75,1235168,-36330,1407595,-43292,416457,-36330,198864,-43292,-6962,144.64999999999998,0.4821329040856104,0.1595792689004468,0.17375261081457413,0.3386051317121708,24250,5645547,24150,1709334,0,0,24500,71786.55,1784541530071,2026-07-21 00:00:00,24250,17,-36330,-43292,1271498,1450887,-0.028572597046947774,-0.029838298916455935,-79622,105598677,421235,1274163,74.85,69.8,1.3999999999999915,-1.7000000000000028,24571,20190,24500,24200,184365,226131,-8284,-32188,-0.04300048274322732,-0.12460562327974327,-0.30000000000001137,0.7499999999999716,-0.6451498226150902
2026-07-20 00:00:00,2026-07-20 15:29:00,375,NIFTY,OK,24241.75,0,1235168,0,1407595,0,416457,0,198864,0,0,144.64999999999998,0.4821329040856104,0.1595792689004468,0.17375261081457413,0.3206858409334041,24250,5645547,24150,1709334,0,0,24500,71786.55,1784541590387,2026-07-21 00:00:00,24250,17,0,0,1235168,1407595,0,0,0,105598677,0,1274163,74.85,69.8,0,0,0,0,24500,24200,184365,226131,-8284,-32188,-0.04300048274322732,-0.12460562327974327,0,0.7499999999999716,-0.4906799319704104
2026-07-20 00:00:00,2026-07-20 15:30:00,376,NIFTY,OK,24241.35,-0.4000000000014552,1150236,-84932,1323567,-84028,331525,-84932,114836,-84028,904,140.05,0.5751751453127028,0.20123412539444924,0.16945040261612707,-1.242331404177962,24250,4538280.15,24150,1316269.85,0,0,24600,43272.899999999994,1784541649661,2026-07-21 00:00:00,24250,17,-84932,-84028,1235168,1407595,-0.06876149641182414,-0.059696148394957356,-168960,106341739,743062,1422870,74.4,65.65,-0.44999999999998863,-4.1499999999999915,47664,39410,24500,24200,181916,208852,-9040,-37029,-0.04734074865414022,-0.15059724012835476,-4.599999999999966,-5.349999999999994,-2.7567305352663873
2026-07-20 00:00:00,2026-07-20 15:31:00,377,NIFTY,OK,24238.5,-2.849999999998545,1150236,0,1323567,0,331525,0,114836,0,0,140.05,0.47065065407390966,0.2135039427225184,0.1724744189317486,0.24449982121245858,24250,4538280.15,24150,1316269.85,0,0,24600,43272.899999999994,1784541710265,2026-07-21 00:00:00,24250,17,0,0,1150236,1323567,0,0,0,106341739,0,1164297,74.4,65.65,0,0,0,0,24500,24200,181916,208852,-4589,-31275,-0.02460523846545669,-0.1302435794392134,0,-4.899999999999977,-1.9145077079262849
2026-07-20 00:00:00,2026-07-20 15:32:00,378,NIFTY,OK,24238.5,0,1150236,0,1323567,0,331525,0,114836,0,0,140.05,0.47065065407390966,0.2135039427225184,0.1724744189317486,0.5466033615263656,24250,4538280.15,24150,1316269.85,0,0,24600,43272.899999999994,1784541769707,2026-07-21 00:00:00,24250,17,0,0,1150236,1323567,0,0,0,106341739,0,1164297,74.4,65.65,0,0,0,0,24500,24200,181916,208852,-4589,-31275,-0.02460523846545669,-0.1302435794392134,0,-4.899999999999977,-1.4961737061062408