timestamp_ist,minute_bucket_ist,symbol,alert_code,state,severity,value,threshold,message,dedupe_key
2026-07-21 00:00:00,2026-07-21 09:15:00,1,NIFTY,REGIME_RANGE_PIN,ON,LOW,1899-12-30 00:00:00,Range / pin (inside local walls),"{""dedupe_key"":""NIFTY|REGIME_RANGE_PIN|ON|2026-07-21 09:15"",""threshold"":0.0004,""value"":0,""since_minute_bucket_ist"":"""",""last_updated_ist"":""2026-07-21 09:15:00""}"
2026-07-21 00:00:00,2026-07-21 09:15:00,1,NIFTY,PIN_BASIC,ON,LOW,37.5,Spot near a local wall (pin zone),"{""dedupe_key"":""NIFTY|PIN_BASIC|ON|2026-07-21 09:15"",""threshold"":37.5,""value"":37.5,""since_minute_bucket_ist"":"""",""last_updated_ist"":""2026-07-21 09:15:00""}"
2026-07-21 00:00:00,2026-07-21 09:16:00,2,NIFTY,FLOW_BOTH_BUILDING,ON,MED,1899-12-30 02:52:04,Both sides building (straddle build) → higher chop risk,"{""dedupe_key"":""NIFTY|FLOW_BOTH_BUILDING|ON|2026-07-21 09:16"",""threshold"":0.005,""value"":0.1195,""since_minute_bucket_ist"":"""",""last_updated_ist"":""2026-07-21 09:16:00""}"
2026-07-21 00:00:00,2026-07-21 09:16:00,2,NIFTY,REGIME_TREND_UP,ON,MED,1899-12-30 00:00:34,Trend UP (slope + direction),"{""dedupe_key"":""NIFTY|REGIME_TREND_UP|ON|2026-07-21 09:16"",""threshold"":0.0004,""value"":0.0004,""since_minute_bucket_ist"":"""",""last_updated_ist"":""2026-07-21 09:16:00""}"
2026-07-21 00:00:00,2026-07-21 09:16:00,2,NIFTY,REGIME_RANGE_PIN,OFF,LOW,1899-12-30 00:00:00,Range / pin (inside local walls),"{""dedupe_key"":""NIFTY|REGIME_RANGE_PIN|OFF|2026-07-21 09:16"",""threshold"":0.0004,""value"":0,""since_minute_bucket_ist"":""2026-07-21 09:15"",""last_updated_ist"":""2026-07-21 09:16:00""}"
2026-07-21 00:00:00,2026-07-21 09:18:00,4,NIFTY,FLOW_BOTH_BUILDING,OFF,MED,1899-12-30 00:00:00,Both sides building (straddle build) → higher chop risk,"{""dedupe_key"":""NIFTY|FLOW_BOTH_BUILDING|OFF|2026-07-21 09:18"",""threshold"":0.005,""value"":0,""since_minute_bucket_ist"":""2026-07-21 09:16"",""last_updated_ist"":""2026-07-21 09:18:00""}"
2026-07-21 00:00:00,2026-07-21 09:18:00,4,NIFTY,REGIME_TREND_UP,OFF,MED,0.0006,Trend UP (slope + direction),"{""dedupe_key"":""NIFTY|REGIME_TREND_UP|OFF|2026-07-21 09:18"",""threshold"":0.0004,""value"":0.0006,""since_minute_bucket_ist"":""2026-07-21 09:16"",""last_updated_ist"":""2026-07-21 09:18:00""}"
2026-07-21 00:00:00,2026-07-21 09:18:00,4,NIFTY,REGIME_TRANSITION_UNCERTAIN,ON,LOW,1,Transition/uncertain regime,"{""dedupe_key"":""NIFTY|REGIME_TRANSITION_UNCERTAIN|ON|2026-07-21 09:18"",""threshold"":1,""value"":1,""since_minute_bucket_ist"":"""",""last_updated_ist"":""2026-07-21 09:18:00""}"
2026-07-21 00:00:00,2026-07-21 09:18:00,4,NIFTY,OPTION_MOMENTUM_PUT,ON,MED,1.9,ATM PUT momentum (ltp up + vol up),"{""dedupe_key"":""NIFTY|OPTION_MOMENTUM_PUT|ON|2026-07-21 09:18"",""threshold"":1.5,""value"":1.9,""since_minute_bucket_ist"":"""",""last_updated_ist"":""2026-07-21 09:18:00""}"
2026-07-21 00:00:00,2026-07-21 09:19:00,5,NIFTY,FLOW_BOTH_BUILDING,ON,MED,0.0713,Both sides building (straddle build) → higher chop risk,"{""dedupe_key"":""NIFTY|FLOW_BOTH_BUILDING|ON|2026-07-21 09:19"",""threshold"":0.005,""value"":0.0713,""since_minute_bucket_ist"":"""",""last_updated_ist"":""2026-07-21 09:19:00""}"
2026-07-21 00:00:00,2026-07-21 09:19:00,5,NIFTY,REGIME_TREND_UP,ON,MED,1899-12-30 00:02:09,Trend UP (slope + direction),"{""dedupe_key"":""NIFTY|REGIME_TREND_UP|ON|2026-07-21 09:19"",""threshold"":0.0004,""value"":0.0015,""since_minute_bucket_ist"":"""",""last_updated_ist"":""2026-07-21 09:19:00""}"
2026-07-21 00:00:00,2026-07-21 09:19:00,5,NIFTY,REGIME_TRANSITION_UNCERTAIN,OFF,LOW,1,Transition/uncertain regime,"{""dedupe_key"":""NIFTY|REGIME_TRANSITION_UNCERTAIN|OFF|2026-07-21 09:19"",""threshold"":1,""value"":1,""since_minute_bucket_ist"":""2026-07-21 09:18"",""last_updated_ist"":""2026-07-21 09:19:00""}"
2026-07-21 00:00:00,2026-07-21 09:19:00,5,NIFTY,OPTION_MOMENTUM_CALL,ON,MED,1900-01-09 20:24:00,ATM CALL momentum (ltp up + vol up),"{""dedupe_key"":""NIFTY|OPTION_MOMENTUM_CALL|ON|2026-07-21 09:19"",""threshold"":1.5,""value"":10.85,""since_minute_bucket_ist"":"""",""last_updated_ist"":""2026-07-21 09:19:00""}"
2026-07-21 00:00:00,2026-07-21 09:19:00,5,NIFTY,OPTION_MOMENTUM_PUT,OFF,MED,-12.75,ATM PUT momentum (ltp up + vol up),"{""dedupe_key"":""NIFTY|OPTION_MOMENTUM_PUT|OFF|2026-07-21 09:19"",""threshold"":1.5,""value"":-12.75,""since_minute_bucket_ist"":""2026-07-21 09:18"",""last_updated_ist"":""2026-07-21 09:19:00""}"
2026-07-21 00:00:00,2026-07-21 09:19:00,5,NIFTY,WALL_SHIFT_REGIME,ON,MED,1,Wall strike shifted materially (>= 1 step),"{""dedupe_key"":""NIFTY|WALL_SHIFT_REGIME|ON|2026-07-21 09:19"",""threshold"":1,""value"":1,""since_minute_bucket_ist"":"""",""last_updated_ist"":""2026-07-21 09:19:00""}"
2026-07-21 00:00:00,2026-07-21 09:20:00,6,NIFTY,REGIME_TREND_UP,OFF,MED,0.0013,Trend UP (slope + direction),"{""dedupe_key"":""NIFTY|REGIME_TREND_UP|OFF|2026-07-21 09:20"",""threshold"":0.0004,""value"":0.0013,""since_minute_bucket_ist"":""2026-07-21 09:19"",""last_updated_ist"":""2026-07-21 09:20:00""}"
2026-07-21 00:00:00,2026-07-21 09:20:00,6,NIFTY,REGIME_TRANSITION_UNCERTAIN,ON,LOW,1,Transition/uncertain regime,"{""dedupe_key"":""NIFTY|REGIME_TRANSITION_UNCERTAIN|ON|2026-07-21 09:20"",""threshold"":1,""value"":1,""since_minute_bucket_ist"":"""",""last_updated_ist"":""2026-07-21 09:20:00""}"
2026-07-21 00:00:00,2026-07-21 09:20:00,6,NIFTY,PIN_BASIC,OFF,LOW,37.5,Spot near a local wall (pin zone),"{""dedupe_key"":""NIFTY|PIN_BASIC|OFF|2026-07-21 09:20"",""threshold"":37.5,""value"":37.5,""since_minute_bucket_ist"":""2026-07-21 09:15"",""last_updated_ist"":""2026-07-21 09:20:00""}"
2026-07-21 00:00:00,2026-07-21 09:20:00,6,NIFTY,VOL_CONTRACTION,ON,LOW,-0.096,Volatility contracting (straddle down),"{""dedupe_key"":""NIFTY|VOL_CONTRACTION|ON|2026-07-21 09:20"",""threshold"":-0.03,""value"":-0.096,""since_minute_bucket_ist"":"""",""last_updated_ist"":""2026-07-21 09:20:00""}"
2026-07-21 00:00:00,2026-07-21 09:20:00,6,NIFTY,OPTION_MOMENTUM_CALL,OFF,MED,-4.75,ATM CALL momentum (ltp up + vol up),"{""dedupe_key"":""NIFTY|OPTION_MOMENTUM_CALL|OFF|2026-07-21 09:20"",""threshold"":1.5,""value"":-4.75,""since_minute_bucket_ist"":""2026-07-21 09:19"",""last_updated_ist"":""2026-07-21 09:20:00""}"
2026-07-21 00:00:00,2026-07-21 09:21:00,7,NIFTY,REGIME_TREND_UP,ON,MED,0.0009,Trend UP (slope + direction),"{""dedupe_key"":""NIFTY|REGIME_TREND_UP|ON|2026-07-21 09:21"",""threshold"":0.0004,""value"":0.0009,""since_minute_bucket_ist"":"""",""last_updated_ist"":""2026-07-21 09:21:00""}"
2026-07-21 00:00:00,2026-07-21 09:21:00,7,NIFTY,REGIME_TRANSITION_UNCERTAIN,OFF,LOW,1,Transition/uncertain regime,"{""dedupe_key"":""NIFTY|REGIME_TRANSITION_UNCERTAIN|OFF|2026-07-21 09:21"",""threshold"":1,""value"":1,""since_minute_bucket_ist"":""2026-07-21 09:20"",""last_updated_ist"":""2026-07-21 09:21:00""}"
2026-07-21 00:00:00,2026-07-21 09:21:00,7,NIFTY,OPTION_MOMENTUM_CALL,ON,MED,1.8,ATM CALL momentum (ltp up + vol up),"{""dedupe_key"":""NIFTY|OPTION_MOMENTUM_CALL|ON|2026-07-21 09:21"",""threshold"":1.5,""value"":1.8,""since_minute_bucket_ist"":"""",""last_updated_ist"":""2026-07-21 09:21:00""}"
2026-07-21 00:00:00,2026-07-21 09:21:00,7,NIFTY,WALL_SHIFT_REGIME,OFF,MED,1,Wall strike shifted materially (>= 1 step),"{""dedupe_key"":""NIFTY|WALL_SHIFT_REGIME|OFF|2026-07-21 09:21"",""threshold"":1,""value"":1,""since_minute_bucket_ist"":""2026-07-21 09:19"",""last_updated_ist"":""2026-07-21 09:21:00""}"
2026-07-21 00:00:00,2026-07-21 09:22:00,8,NIFTY,FLOW_BOTH_BUILDING,OFF,MED,1899-12-30 00:00:00,Both sides building (straddle build) → higher chop risk,"{""dedupe_key"":""NIFTY|FLOW_BOTH_BUILDING|OFF|2026-07-21 09:22"",""threshold"":0.005,""value"":0,""since_minute_bucket_ist"":""2026-07-21 09:19"",""last_updated_ist"":""2026-07-21 09:22:00""}"
2026-07-21 00:00:00,2026-07-21 09:22:00,8,NIFTY,OPTION_MOMENTUM_CALL,OFF,MED,1899-12-30 00:00:00,ATM CALL momentum (ltp up + vol up),"{""dedupe_key"":""NIFTY|OPTION_MOMENTUM_CALL|OFF|2026-07-21 09:22"",""threshold"":1.5,""value"":0,""since_minute_bucket_ist"":""2026-07-21 09:21"",""last_updated_ist"":""2026-07-21 09:22:00""}"
2026-07-21 00:00:00,2026-07-21 09:23:00,9,NIFTY,FLOW_BOTH_BUILDING,ON,MED,0.0409,Both sides building (straddle build) → higher chop risk,"{""dedupe_key"":""NIFTY|FLOW_BOTH_BUILDING|ON|2026-07-21 09:23"",""threshold"":0.005,""value"":0.0409,""since_minute_bucket_ist"":"""",""last_updated_ist"":""2026-07-21 09:23:00""}"
2026-07-21 00:00:00,2026-07-21 09:23:00,9,NIFTY,REGIME_TREND_UP,OFF,MED,0.0006,Trend UP (slope + direction),"{""dedupe_key"":""NIFTY|REGIME_TREND_UP|OFF|2026-07-21 09:23"",""threshold"":0.0004,""value"":0.0006,""since_minute_bucket_ist"":""2026-07-21 09:21"",""last_updated_ist"":""2026-07-21 09:23:00""}"
2026-07-21 00:00:00,2026-07-21 09:23:00,9,NIFTY,REGIME_TRANSITION_UNCERTAIN,ON,LOW,1,Transition/uncertain regime,"{""dedupe_key"":""NIFTY|REGIME_TRANSITION_UNCERTAIN|ON|2026-07-21 09:23"",""threshold"":1,""value"":1,""since_minute_bucket_ist"":"""",""last_updated_ist"":""2026-07-21 09:23:00""}"
2026-07-21 00:00:00,2026-07-21 09:24:00,10,NIFTY,REGIME_TREND_DOWN,ON,MED,-0.0007,Trend DOWN (slope + direction),"{""dedupe_key"":""NIFTY|REGIME_TREND_DOWN|ON|2026-07-21 09:24"",""threshold"":-0.0004,""value"":-0.0007,""since_minute_bucket_ist"":"""",""last_updated_ist"":""2026-07-21 09:24:00""}"
2026-07-21 00:00:00,2026-07-21 09:24:00,10,NIFTY,REGIME_TRANSITION_UNCERTAIN,OFF,LOW,1899-12-31 00:00:00,Transition/uncertain regime,"{""dedupe_key"":""NIFTY|REGIME_TRANSITION_UNCERTAIN|OFF|2026-07-21 09:24"",""threshold"":1,""value"":1,""since_minute_bucket_ist"":""2026-07-21 09:23"",""last_updated_ist"":""2026-07-21 09:24:00""}"
2026-07-21 00:00:00,2026-07-21 09:24:00,10,NIFTY,OPTION_MOMENTUM_PUT,ON,MED,3.25,ATM PUT momentum (ltp up + vol up),"{""dedupe_key"":""NIFTY|OPTION_MOMENTUM_PUT|ON|2026-07-21 09:24"",""threshold"":1.5,""value"":3.25,""since_minute_bucket_ist"":"""",""last_updated_ist"":""2026-07-21 09:24:00""}"
2026-07-21 00:00:00,2026-07-21 09:25:00,11,NIFTY,PIN_BASIC,ON,LOW,1900-02-05 12:00:00,Spot near a local wall (pin zone),"{""dedupe_key"":""NIFTY|PIN_BASIC|ON|2026-07-21 09:25"",""threshold"":37.5,""value"":37.5,""since_minute_bucket_ist"":"""",""last_updated_ist"":""2026-07-21 09:25:00""}"
2026-07-21 00:00:00,2026-07-21 09:25:00,11,NIFTY,VOL_CONTRACTION,OFF,LOW,0.0094,Volatility contracting (straddle down),"{""dedupe_key"":""NIFTY|VOL_CONTRACTION|OFF|2026-07-21 09:25"",""threshold"":-0.03,""value"":0.0094,""since_minute_bucket_ist"":""2026-07-21 09:20"",""last_updated_ist"":""2026-07-21 09:25:00""}"
2026-07-21 00:00:00,2026-07-21 09:26:00,12,NIFTY,FLOW_BOTH_BUILDING,OFF,MED,-0.0073,Both sides building (straddle build) → higher chop risk,"{""dedupe_key"":""NIFTY|FLOW_BOTH_BUILDING|OFF|2026-07-21 09:26"",""threshold"":0.005,""value"":-0.0073,""since_minute_bucket_ist"":""2026-07-21 09:23"",""last_updated_ist"":""2026-07-21 09:26:00""}"
2026-07-21 00:00:00,2026-07-21 09:26:00,12,NIFTY,REGIME_TREND_DOWN,OFF,MED,-0.0003,Trend DOWN (slope + direction),"{""dedupe_key"":""NIFTY|REGIME_TREND_DOWN|OFF|2026-07-21 09:26"",""threshold"":-0.0004,""value"":-0.0003,""since_minute_bucket_ist"":""2026-07-21 09:24"",""last_updated_ist"":""2026-07-21 09:26:00""}"
2026-07-21 00:00:00,2026-07-21 09:26:00,12,NIFTY,REGIME_TRANSITION_UNCERTAIN,ON,LOW,1,Transition/uncertain regime,"{""dedupe_key"":""NIFTY|REGIME_TRANSITION_UNCERTAIN|ON|2026-07-21 09:26"",""threshold"":1,""value"":1,""since_minute_bucket_ist"":"""",""last_updated_ist"":""2026-07-21 09:26:00""}"
2026-07-21 00:00:00,2026-07-21 09:26:00,12,NIFTY,OPTION_MOMENTUM_CALL,ON,MED,1.65,ATM CALL momentum (ltp up + vol up),"{""dedupe_key"":""NIFTY|OPTION_MOMENTUM_CALL|ON|2026-07-21 09:26"",""threshold"":1.5,""value"":1.65,""since_minute_bucket_ist"":"""",""last_updated_ist"":""2026-07-21 09:26:00""}"
2026-07-21 00:00:00,2026-07-21 09:26:00,12,NIFTY,OPTION_MOMENTUM_PUT,OFF,MED,-2.25,ATM PUT momentum (ltp up + vol up),"{""dedupe_key"":""NIFTY|OPTION_MOMENTUM_PUT|OFF|2026-07-21 09:26"",""threshold"":1.5,""value"":-2.25,""since_minute_bucket_ist"":""2026-07-21 09:24"",""last_updated_ist"":""2026-07-21 09:26:00""}"
2026-07-21 00:00:00,2026-07-21 09:26:00,12,NIFTY,WALL_SHIFT_REGIME,ON,MED,1,Wall strike shifted materially (>= 1 step),"{""dedupe_key"":""NIFTY|WALL_SHIFT_REGIME|ON|2026-07-21 09:26"",""threshold"":1,""value"":1,""since_minute_bucket_ist"":"""",""last_updated_ist"":""2026-07-21 09:26:00""}"
2026-07-21 00:00:00,2026-07-21 09:27:00,13,NIFTY,FLOW_BOTH_BUILDING,ON,MED,0.0083,Both sides building (straddle build) → higher chop risk,"{""dedupe_key"":""NIFTY|FLOW_BOTH_BUILDING|ON|2026-07-21 09:27"",""threshold"":0.005,""value"":0.0083,""since_minute_bucket_ist"":"""",""last_updated_ist"":""2026-07-21 09:27:00""}"
2026-07-21 00:00:00,2026-07-21 09:27:00,13,NIFTY,VOL_CONTRACTION,ON,LOW,-0.0054,Volatility contracting (straddle down),"{""dedupe_key"":""NIFTY|VOL_CONTRACTION|ON|2026-07-21 09:27"",""threshold"":-0.03,""value"":-0.0054,""since_minute_bucket_ist"":"""",""last_updated_ist"":""2026-07-21 09:27:00""}"
2026-07-21 00:00:00,2026-07-21 09:27:00,13,NIFTY,WALL_SHIFT_REGIME,OFF,MED,1,Wall strike shifted materially (>= 1 step),"{""dedupe_key"":""NIFTY|WALL_SHIFT_REGIME|OFF|2026-07-21 09:27"",""threshold"":1,""value"":1,""since_minute_bucket_ist"":""2026-07-21 09:26"",""last_updated_ist"":""2026-07-21 09:27:00""}"
2026-07-21 00:00:00,2026-07-21 09:28:00,14,NIFTY,FLOW_BOTH_BUILDING,OFF,MED,1899-12-30 00:00:00,Both sides building (straddle build) → higher chop risk,"{""dedupe_key"":""NIFTY|FLOW_BOTH_BUILDING|OFF|2026-07-21 09:28"",""threshold"":0.005,""value"":0,""since_minute_bucket_ist"":""2026-07-21 09:27"",""last_updated_ist"":""2026-07-21 09:28:00""}"
2026-07-21 00:00:00,2026-07-21 09:28:00,14,NIFTY,REGIME_RANGE_PIN,ON,LOW,0.0004,Range / pin (inside local walls),"{""dedupe_key"":""NIFTY|REGIME_RANGE_PIN|ON|2026-07-21 09:28"",""threshold"":0.0004,""value"":0.0004,""since_minute_bucket_ist"":"""",""last_updated_ist"":""2026-07-21 09:28:00""}"
2026-07-21 00:00:00,2026-07-21 09:28:00,14,NIFTY,REGIME_TRANSITION_UNCERTAIN,OFF,LOW,1,Transition/uncertain regime,"{""dedupe_key"":""NIFTY|REGIME_TRANSITION_UNCERTAIN|OFF|2026-07-21 09:28"",""threshold"":1,""value"":1,""since_minute_bucket_ist"":""2026-07-21 09:26"",""last_updated_ist"":""2026-07-21 09:28:00""}"
2026-07-21 00:00:00,2026-07-21 09:28:00,14,NIFTY,VOL_CONTRACTION,OFF,LOW,-0.0016,Volatility contracting (straddle down),"{""dedupe_key"":""NIFTY|VOL_CONTRACTION|OFF|2026-07-21 09:28"",""threshold"":-0.03,""value"":-0.0016,""since_minute_bucket_ist"":""2026-07-21 09:27"",""last_updated_ist"":""2026-07-21 09:28:00""}"
2026-07-21 00:00:00,2026-07-21 09:28:00,14,NIFTY,OPTION_MOMENTUM_CALL,OFF,MED,1899-12-30 19:12:00,ATM CALL momentum (ltp up + vol up),"{""dedupe_key"":""NIFTY|OPTION_MOMENTUM_CALL|OFF|2026-07-21 09:28"",""threshold"":1.5,""value"":0.8,""since_minute_bucket_ist"":""2026-07-21 09:26"",""last_updated_ist"":""2026-07-21 09:28:00""}"
2026-07-21 00:00:00,2026-07-21 09:29:00,15,NIFTY,REGIME_TREND_UP,ON,MED,0.0005,Trend UP (slope + direction),"{""dedupe_key"":""NIFTY|REGIME_TREND_UP|ON|2026-07-21 09:29"",""threshold"":0.0004,""value"":0.0005,""since_minute_bucket_ist"":"""",""last_updated_ist"":""2026-07-21 09:29:00""}"
2026-07-21 00:00:00,2026-07-21 09:29:00,15,NIFTY,REGIME_RANGE_PIN,OFF,LOW,0.0004,Range / pin (inside local walls),"{""dedupe_key"":""NIFTY|REGIME_RANGE_PIN|OFF|2026-07-21 09:29"",""threshold"":0.0004,""value"":0.0004,""since_minute_bucket_ist"":""2026-07-21 09:28"",""last_updated_ist"":""2026-07-21 09:29:00""}"
2026-07-21 00:00:00,2026-07-21 09:29:00,15,NIFTY,PIN_BASIC,OFF,LOW,37.5,Spot near a local wall (pin zone),"{""dedupe_key"":""NIFTY|PIN_BASIC|OFF|2026-07-21 09:29"",""threshold"":37.5,""value"":37.5,""since_minute_bucket_ist"":""2026-07-21 09:25"",""last_updated_ist"":""2026-07-21 09:29:00""}"
2026-07-21 00:00:00,2026-07-21 09:29:00,15,NIFTY,VOL_CONTRACTION,ON,LOW,-0.0392,Volatility contracting (straddle down),"{""dedupe_key"":""NIFTY|VOL_CONTRACTION|ON|2026-07-21 09:29"",""threshold"":-0.03,""value"":-0.0392,""since_minute_bucket_ist"":"""",""last_updated_ist"":""2026-07-21 09:29:00""}"
2026-07-21 00:00:00,2026-07-21 09:29:00,15,NIFTY,WALL_SHIFT_REGIME,ON,MED,1,Wall strike shifted materially (>= 1 step),"{""dedupe_key"":""NIFTY|WALL_SHIFT_REGIME|ON|2026-07-21 09:29"",""threshold"":1,""value"":1,""since_minute_bucket_ist"":"""",""last_updated_ist"":""2026-07-21 09:29:00""}"
2026-07-21 00:00:00,2026-07-21 09:30:00,16,NIFTY,FLOW_BOTH_BUILDING,ON,MED,0.028,Both sides building (straddle build) → higher chop risk,"{""dedupe_key"":""NIFTY|FLOW_BOTH_BUILDING|ON|2026-07-21 09:30"",""threshold"":0.005,""value"":0.028,""since_minute_bucket_ist"":"""",""last_updated_ist"":""2026-07-21 09:30:00""}"
2026-07-21 00:00:00,2026-07-21 09:30:00,16,NIFTY,REGIME_TREND_UP,OFF,MED,0.0008,Trend UP (slope + direction),"{""dedupe_key"":""NIFTY|REGIME_TREND_UP|OFF|2026-07-21 09:30"",""threshold"":0.0004,""value"":0.0008,""since_minute_bucket_ist"":""2026-07-21 09:29"",""last_updated_ist"":""2026-07-21 09:30:00""}"
2026-07-21 00:00:00,2026-07-21 09:30:00,16,NIFTY,REGIME_TRANSITION_UNCERTAIN,ON,LOW,1,Transition/uncertain regime,"{""dedupe_key"":""NIFTY|REGIME_TRANSITION_UNCERTAIN|ON|2026-07-21 09:30"",""threshold"":1,""value"":1,""since_minute_bucket_ist"":"""",""last_updated_ist"":""2026-07-21 09:30:00""}"
2026-07-21 00:00:00,2026-07-21 09:30:00,16,NIFTY,WALL_SHIFT_REGIME,OFF,MED,1899-12-31 00:00:00,Wall strike shifted materially (>= 1 step),"{""dedupe_key"":""NIFTY|WALL_SHIFT_REGIME|OFF|2026-07-21 09:30"",""threshold"":1,""value"":1,""since_minute_bucket_ist"":""2026-07-21 09:29"",""last_updated_ist"":""2026-07-21 09:30:00""}"
2026-07-21 00:00:00,2026-07-21 09:31:00,17,NIFTY,FLOW_BOTH_BUILDING,OFF,MED,0,Both sides building (straddle build) → higher chop risk,"{""dedupe_key"":""NIFTY|FLOW_BOTH_BUILDING|OFF|2026-07-21 09:31"",""threshold"":0.005,""value"":0,""since_minute_bucket_ist"":""2026-07-21 09:30"",""last_updated_ist"":""2026-07-21 09:31:00""}"
2026-07-21 00:00:00,2026-07-21 09:31:00,17,NIFTY,VOL_CONTRACTION,OFF,LOW,-0.0016,Volatility contracting (straddle down),"{""dedupe_key"":""NIFTY|VOL_CONTRACTION|OFF|2026-07-21 09:31"",""threshold"":-0.03,""value"":-0.0016,""since_minute_bucket_ist"":""2026-07-21 09:29"",""last_updated_ist"":""2026-07-21 09:31:00""}"
2026-07-21 00:00:00,2026-07-21 09:31:00,17,NIFTY,OPTION_MOMENTUM_PUT,ON,MED,3.35,ATM PUT momentum (ltp up + vol up),"{""dedupe_key"":""NIFTY|OPTION_MOMENTUM_PUT|ON|2026-07-21 09:31"",""threshold"":1.5,""value"":3.35,""since_minute_bucket_ist"":"""",""last_updated_ist"":""2026-07-21 09:31:00""}"
2026-07-21 00:00:00,2026-07-21 09:32:00,18,NIFTY,REGIME_TREND_DOWN,ON,MED,-0.0008,Trend DOWN (slope + direction),"{""dedupe_key"":""NIFTY|REGIME_TREND_DOWN|ON|2026-07-21 09:32"",""threshold"":-0.0004,""value"":-0.0008,""since_minute_bucket_ist"":"""",""last_updated_ist"":""2026-07-21 09:32:00""}"
2026-07-21 00:00:00,2026-07-21 09:32:00,18,NIFTY,REGIME_TRANSITION_UNCERTAIN,OFF,LOW,1,Transition/uncertain regime,"{""dedupe_key"":""NIFTY|REGIME_TRANSITION_UNCERTAIN|OFF|2026-07-21 09:32"",""threshold"":1,""value"":1,""since_minute_bucket_ist"":""2026-07-21 09:30"",""last_updated_ist"":""2026-07-21 09:32:00""}"
2026-07-21 00:00:00,2026-07-21 09:32:00,18,NIFTY,PIN_BASIC,ON,LOW,37.5,Spot near a local wall (pin zone),"{""dedupe_key"":""NIFTY|PIN_BASIC|ON|2026-07-21 09:32"",""threshold"":37.5,""value"":37.5,""since_minute_bucket_ist"":"""",""last_updated_ist"":""2026-07-21 09:32:00""}"
2026-07-21 00:00:00,2026-07-21 09:32:00,18,NIFTY,EXP_RANGE_BREAKOUT_WATCH_DOWN,ON,MED,24234.25,Expected-range watch DOWN,"{""dedupe_key"":""NIFTY|EXP_RANGE_BREAKOUT_WATCH_DOWN|ON|2026-07-21 09:32"",""threshold"":24234.54,""value"":24234.25,""since_minute_bucket_ist"":"""",""last_updated_ist"":""2026-07-21 09:32:00""}"
2026-07-21 00:00:00,2026-07-21 09:33:00,19,NIFTY,FLOW_BOTH_BUILDING,ON,MED,0.0124,Both sides building (straddle build) → higher chop risk,"{""dedupe_key"":""NIFTY|FLOW_BOTH_BUILDING|ON|2026-07-21 09:33"",""threshold"":0.005,""value"":0.0124,""since_minute_bucket_ist"":"""",""last_updated_ist"":""2026-07-21 09:33:00""}"
2026-07-21 00:00:00,2026-07-21 09:33:00,19,NIFTY,EXP_RANGE_BREAKOUT_CONFIRMED_DOWN,ON,HIGH,2,Expected-range breakout CONFIRMED DOWN,"{""dedupe_key"":""NIFTY|EXP_RANGE_BREAKOUT_CONFIRMED_DOWN|ON|2026-07-21 09:33"",""threshold"":2,""value"":2,""since_minute_bucket_ist"":"""",""last_updated_ist"":""2026-07-21 09:33:00""}"
2026-07-21 00:00:00,2026-07-21 09:34:00,20,NIFTY,FLOW_BOTH_BUILDING,OFF,MED,-0.0143,Both sides building (straddle build) → higher chop risk,"{""dedupe_key"":""NIFTY|FLOW_BOTH_BUILDING|OFF|2026-07-21 09:34"",""threshold"":0.005,""value"":-0.0143,""since_minute_bucket_ist"":""2026-07-21 09:33"",""last_updated_ist"":""2026-07-21 09:34:00""}"
2026-07-21 00:00:00,2026-07-21 09:34:00,20,NIFTY,FLOW_BEARISH_BUILD,ON,HIGH,0.0412,Bearish build (premium-confirmed writing / resistance),"{""dedupe_key"":""NIFTY|FLOW_BEARISH_BUILD|ON|2026-07-21 09:34"",""threshold"":0.005,""value"":0.0412,""since_minute_bucket_ist"":"""",""last_updated_ist"":""2026-07-21 09:34:00""}"
2026-07-21 00:00:00,2026-07-21 09:34:00,20,NIFTY,REGIME_TREND_DOWN,OFF,MED,-0.0009,Trend DOWN (slope + direction),"{""dedupe_key"":""NIFTY|REGIME_TREND_DOWN|OFF|2026-07-21 09:34"",""threshold"":-0.0004,""value"":-0.0009,""since_minute_bucket_ist"":""2026-07-21 09:32"",""last_updated_ist"":""2026-07-21 09:34:00""}"
2026-07-21 00:00:00,2026-07-21 09:34:00,20,NIFTY,REGIME_TRANSITION_UNCERTAIN,ON,LOW,1,Transition/uncertain regime,"{""dedupe_key"":""NIFTY|REGIME_TRANSITION_UNCERTAIN|ON|2026-07-21 09:34"",""threshold"":1,""value"":1,""since_minute_bucket_ist"":"""",""last_updated_ist"":""2026-07-21 09:34:00""}"
2026-07-21 00:00:00,2026-07-21 09:34:00,20,NIFTY,EXP_RANGE_BREAKOUT_WATCH_DOWN,OFF,MED,24229.25,Expected-range watch DOWN,"{""dedupe_key"":""NIFTY|EXP_RANGE_BREAKOUT_WATCH_DOWN|OFF|2026-07-21 09:34"",""threshold"":24228.77,""value"":24229.25,""since_minute_bucket_ist"":""2026-07-21 09:32"",""last_updated_ist"":""2026-07-21 09:34:00""}"
2026-07-21 00:00:00,2026-07-21 09:34:00,20,NIFTY,EXP_RANGE_BREAKOUT_CONFIRMED_DOWN,OFF,HIGH,0,Expected-range breakout CONFIRMED DOWN,"{""dedupe_key"":""NIFTY|EXP_RANGE_BREAKOUT_CONFIRMED_DOWN|OFF|2026-07-21 09:34"",""threshold"":2,""value"":0,""since_minute_bucket_ist"":""2026-07-21 09:33"",""last_updated_ist"":""2026-07-21 09:34:00""}"
2026-07-21 00:00:00,2026-07-21 09:34:00,20,NIFTY,VOL_EXPANSION,ON,MED,0.025,Volatility expanding (straddle up),"{""dedupe_key"":""NIFTY|VOL_EXPANSION|ON|2026-07-21 09:34"",""threshold"":0.02,""value"":0.025,""since_minute_bucket_ist"":"""",""last_updated_ist"":""2026-07-21 09:34:00""}"
2026-07-21 00:00:00,2026-07-21 09:34:00,20,NIFTY,CHURN_CHOP,ON,LOW,0.0555,High OI churn while price flat (chop),"{""dedupe_key"":""NIFTY|CHURN_CHOP|ON|2026-07-21 09:34"",""threshold"":0.04,""value"":0.0555,""since_minute_bucket_ist"":"""",""last_updated_ist"":""2026-07-21 09:34:00""}"
2026-07-21 00:00:00,2026-07-21 09:34:00,20,NIFTY,STEALTH_BUILD_BEAR,ON,MED,0.0412,"Stealth bearish build (calls build, spot flat)","{""dedupe_key"":""NIFTY|STEALTH_BUILD_BEAR|ON|2026-07-21 09:34"",""threshold"":0.008,""value"":0.0412,""since_minute_bucket_ist"":"""",""last_updated_ist"":""2026-07-21 09:34:00""}"
2026-07-21 00:00:00,2026-07-21 09:34:00,20,NIFTY,WALL_SHIFT_REGIME,ON,MED,1,Wall strike shifted materially (>= 1 step),"{""dedupe_key"":""NIFTY|WALL_SHIFT_REGIME|ON|2026-07-21 09:34"",""threshold"":1,""value"":1,""since_minute_bucket_ist"":"""",""last_updated_ist"":""2026-07-21 09:34:00""}"
2026-07-21 00:00:00,2026-07-21 09:35:00,21,NIFTY,FLOW_BEARISH_BUILD,OFF,HIGH,0,Bearish build (premium-confirmed writing / resistance),"{""dedupe_key"":""NIFTY|FLOW_BEARISH_BUILD|OFF|2026-07-21 09:35"",""threshold"":0.005,""value"":0,""since_minute_bucket_ist"":""2026-07-21 09:34"",""last_updated_ist"":""2026-07-21 09:35:00""}"
2026-07-21 00:00:00,2026-07-21 09:35:00,21,NIFTY,REGIME_TREND_DOWN,ON,MED,-0.0009,Trend DOWN (slope + direction),"{""dedupe_key"":""NIFTY|REGIME_TREND_DOWN|ON|2026-07-21 09:35"",""threshold"":-0.0004,""value"":-0.0009,""since_minute_bucket_ist"":"""",""last_updated_ist"":""2026-07-21 09:35:00""}"
2026-07-21 00:00:00,2026-07-21 09:35:00,21,NIFTY,REGIME_TRANSITION_UNCERTAIN,OFF,LOW,1,Transition/uncertain regime,"{""dedupe_key"":""NIFTY|REGIME_TRANSITION_UNCERTAIN|OFF|2026-07-21 09:35"",""threshold"":1,""value"":1,""since_minute_bucket_ist"":""2026-07-21 09:34"",""last_updated_ist"":""2026-07-21 09:35:00""}"
2026-07-21 00:00:00,2026-07-21 09:35:00,21,NIFTY,EXP_RANGE_BREAKOUT_WATCH_DOWN,ON,MED,24226,Expected-range watch DOWN,"{""dedupe_key"":""NIFTY|EXP_RANGE_BREAKOUT_WATCH_DOWN|ON|2026-07-21 09:35"",""threshold"":24226.08,""value"":24226,""since_minute_bucket_ist"":"""",""last_updated_ist"":""2026-07-21 09:35:00""}"
2026-07-21 00:00:00,2026-07-21 09:35:00,21,NIFTY,OPTION_MOMENTUM_PUT,OFF,MED,-0.65,ATM PUT momentum (ltp up + vol up),"{""dedupe_key"":""NIFTY|OPTION_MOMENTUM_PUT|OFF|2026-07-21 09:35"",""threshold"":1.5,""value"":-0.65,""since_minute_bucket_ist"":""2026-07-21 09:31"",""last_updated_ist"":""2026-07-21 09:35:00""}"
2026-07-21 00:00:00,2026-07-21 09:35:00,21,NIFTY,WALL_UNWIND_CONFIRM_DOWN,ON,MED,-0.0066,Put wall OI unwinding (5m),"{""dedupe_key"":""NIFTY|WALL_UNWIND_CONFIRM_DOWN|ON|2026-07-21 09:35"",""threshold"":-0.006,""value"":-0.0066,""since_minute_bucket_ist"":"""",""last_updated_ist"":""2026-07-21 09:35:00""}"
2026-07-21 00:00:00,2026-07-21 09:35:00,21,NIFTY,CHURN_CHOP,OFF,LOW,0,High OI churn while price flat (chop),"{""dedupe_key"":""NIFTY|CHURN_CHOP|OFF|2026-07-21 09:35"",""threshold"":0.04,""value"":0,""since_minute_bucket_ist"":""2026-07-21 09:34"",""last_updated_ist"":""2026-07-21 09:35:00""}"
2026-07-21 00:00:00,2026-07-21 09:35:00,21,NIFTY,STEALTH_BUILD_BEAR,OFF,MED,0,"Stealth bearish build (calls build, spot flat)","{""dedupe_key"":""NIFTY|STEALTH_BUILD_BEAR|OFF|2026-07-21 09:35"",""threshold"":0.008,""value"":0,""since_minute_bucket_ist"":""2026-07-21 09:34"",""last_updated_ist"":""2026-07-21 09:35:00""}"
2026-07-21 00:00:00,2026-07-21 09:35:00,21,NIFTY,WALL_SHIFT_REGIME,OFF,MED,1,Wall strike shifted materially (>= 1 step),"{""dedupe_key"":""NIFTY|WALL_SHIFT_REGIME|OFF|2026-07-21 09:35"",""threshold"":1,""value"":1,""since_minute_bucket_ist"":""2026-07-21 09:34"",""last_updated_ist"":""2026-07-21 09:35:00""}"
2026-07-21 00:00:00,2026-07-21 09:36:00,22,NIFTY,EXP_RANGE_BREAKOUT_CONFIRMED_DOWN,ON,HIGH,2,Expected-range breakout CONFIRMED DOWN,"{""dedupe_key"":""NIFTY|EXP_RANGE_BREAKOUT_CONFIRMED_DOWN|ON|2026-07-21 09:36"",""threshold"":2,""value"":2,""since_minute_bucket_ist"":"""",""last_updated_ist"":""2026-07-21 09:36:00""}"
2026-07-21 00:00:00,2026-07-21 09:36:00,22,NIFTY,OPTION_MOMENTUM_PUT,ON,MED,5.1,ATM PUT momentum (ltp up + vol up),"{""dedupe_key"":""NIFTY|OPTION_MOMENTUM_PUT|ON|2026-07-21 09:36"",""threshold"":1.5,""value"":5.1,""since_minute_bucket_ist"":"""",""last_updated_ist"":""2026-07-21 09:36:00""}"
2026-07-21 00:00:00,2026-07-21 09:36:00,22,NIFTY,STEALTH_BUILD_BEAR,ON,MED,0.016,"Stealth bearish build (calls build, spot flat)","{""dedupe_key"":""NIFTY|STEALTH_BUILD_BEAR|ON|2026-07-21 09:36"",""threshold"":0.008,""value"":0.016,""since_minute_bucket_ist"":"""",""last_updated_ist"":""2026-07-21 09:36:00""}"
2026-07-21 00:00:00,2026-07-21 09:37:00,23,NIFTY,REGIME_TREND_DOWN,OFF,MED,-0.0003,Trend DOWN (slope + direction),"{""dedupe_key"":""NIFTY|REGIME_TREND_DOWN|OFF|2026-07-21 09:37"",""threshold"":-0.0004,""value"":-0.0003,""since_minute_bucket_ist"":""2026-07-21 09:35"",""last_updated_ist"":""2026-07-21 09:37:00""}"
2026-07-21 00:00:00,2026-07-21 09:37:00,23,NIFTY,REGIME_TRANSITION_UNCERTAIN,ON,LOW,1,Transition/uncertain regime,"{""dedupe_key"":""NIFTY|REGIME_TRANSITION_UNCERTAIN|ON|2026-07-21 09:37"",""threshold"":1,""value"":1,""since_minute_bucket_ist"":"""",""last_updated_ist"":""2026-07-21 09:37:00""}"
2026-07-21 00:00:00,2026-07-21 09:37:00,23,NIFTY,EXP_RANGE_BREAKOUT_WATCH_DOWN,OFF,MED,24227.35,Expected-range watch DOWN,"{""dedupe_key"":""NIFTY|EXP_RANGE_BREAKOUT_WATCH_DOWN|OFF|2026-07-21 09:37"",""threshold"":24222.33,""value"":24227.35,""since_minute_bucket_ist"":""2026-07-21 09:35"",""last_updated_ist"":""2026-07-21 09:37:00""}"
2026-07-21 00:00:00,2026-07-21 09:37:00,23,NIFTY,EXP_RANGE_BREAKOUT_CONFIRMED_DOWN,OFF,HIGH,0,Expected-range breakout CONFIRMED DOWN,"{""dedupe_key"":""NIFTY|EXP_RANGE_BREAKOUT_CONFIRMED_DOWN|OFF|2026-07-21 09:37"",""threshold"":2,""value"":0,""since_minute_bucket_ist"":""2026-07-21 09:36"",""last_updated_ist"":""2026-07-21 09:37:00""}"
2026-07-21 00:00:00,2026-07-21 09:37:00,23,NIFTY,OPTION_MOMENTUM_PUT,OFF,MED,-3.35,ATM PUT momentum (ltp up + vol up),"{""dedupe_key"":""NIFTY|OPTION_MOMENTUM_PUT|OFF|2026-07-21 09:37"",""threshold"":1.5,""value"":-3.35,""since_minute_bucket_ist"":""2026-07-21 09:36"",""last_updated_ist"":""2026-07-21 09:37:00""}"
2026-07-21 00:00:00,2026-07-21 09:38:00,24,NIFTY,FLOW_BOTH_BUILDING,ON,MED,0.009,Both sides building (straddle build) → higher chop risk,"{""dedupe_key"":""NIFTY|FLOW_BOTH_BUILDING|ON|2026-07-21 09:38"",""threshold"":0.005,""value"":0.009,""since_minute_bucket_ist"":"""",""last_updated_ist"":""2026-07-21 09:38:00""}"
2026-07-21 00:00:00,2026-07-21 09:38:00,24,NIFTY,REGIME_RANGE_PIN,ON,LOW,0.0002,Range / pin (inside local walls),"{""dedupe_key"":""NIFTY|REGIME_RANGE_PIN|ON|2026-07-21 09:38"",""threshold"":0.0004,""value"":0.0002,""since_minute_bucket_ist"":"""",""last_updated_ist"":""2026-07-21 09:38:00""}"
2026-07-21 00:00:00,2026-07-21 09:38:00,24,NIFTY,REGIME_TRANSITION_UNCERTAIN,OFF,LOW,1,Transition/uncertain regime,"{""dedupe_key"":""NIFTY|REGIME_TRANSITION_UNCERTAIN|OFF|2026-07-21 09:38"",""threshold"":1,""value"":1,""since_minute_bucket_ist"":""2026-07-21 09:37"",""last_updated_ist"":""2026-07-21 09:38:00""}"
2026-07-21 00:00:00,2026-07-21 09:38:00,24,NIFTY,VOL_EXPANSION,OFF,MED,-0.0106,Volatility expanding (straddle up),"{""dedupe_key"":""NIFTY|VOL_EXPANSION|OFF|2026-07-21 09:38"",""threshold"":0.02,""value"":-0.0106,""since_minute_bucket_ist"":""2026-07-21 09:34"",""last_updated_ist"":""2026-07-21 09:38:00""}"
2026-07-21 00:00:00,2026-07-21 09:38:00,24,NIFTY,OPTION_MOMENTUM_CALL,ON,MED,1.6,ATM CALL momentum (ltp up + vol up),"{""dedupe_key"":""NIFTY|OPTION_MOMENTUM_CALL|ON|2026-07-21 09:38"",""threshold"":1.5,""value"":1.6,""since_minute_bucket_ist"":"""",""last_updated_ist"":""2026-07-21 09:38:00""}"
2026-07-21 00:00:00,2026-07-21 09:38:00,24,NIFTY,STEALTH_BUILD_BEAR,OFF,MED,0.0163,"Stealth bearish build (calls build, spot flat)","{""dedupe_key"":""NIFTY|STEALTH_BUILD_BEAR|OFF|2026-07-21 09:38"",""threshold"":0.008,""value"":0.0163,""since_minute_bucket_ist"":""2026-07-21 09:36"",""last_updated_ist"":""2026-07-21 09:38:00""}"
2026-07-21 00:00:00,2026-07-21 09:39:00,25,NIFTY,OPTION_MOMENTUM_CALL,OFF,MED,-1.45,ATM CALL momentum (ltp up + vol up),"{""dedupe_key"":""NIFTY|OPTION_MOMENTUM_CALL|OFF|2026-07-21 09:39"",""threshold"":1.5,""value"":-1.45,""since_minute_bucket_ist"":""2026-07-21 09:38"",""last_updated_ist"":""2026-07-21 09:39:00""}"
2026-07-21 00:00:00,2026-07-21 09:39:00,25,NIFTY,WALL_UNWIND_CONFIRM_DOWN,OFF,MED,0.006,Put wall OI unwinding (5m),"{""dedupe_key"":""NIFTY|WALL_UNWIND_CONFIRM_DOWN|OFF|2026-07-21 09:39"",""threshold"":-0.006,""value"":0.006,""since_minute_bucket_ist"":""2026-07-21 09:35"",""last_updated_ist"":""2026-07-21 09:39:00""}"
2026-07-21 00:00:00,2026-07-21 09:40:00,26,NIFTY,FLOW_BOTH_BUILDING,OFF,MED,0,Both sides building (straddle build) → higher chop risk,"{""dedupe_key"":""NIFTY|FLOW_BOTH_BUILDING|OFF|2026-07-21 09:40"",""threshold"":0.005,""value"":0,""since_minute_bucket_ist"":""2026-07-21 09:38"",""last_updated_ist"":""2026-07-21 09:40:00""}"
2026-07-21 00:00:00,2026-07-21 09:40:00,26,NIFTY,VOL_CONTRACTION,ON,LOW,-0.0453,Volatility contracting (straddle down),"{""dedupe_key"":""NIFTY|VOL_CONTRACTION|ON|2026-07-21 09:40"",""threshold"":-0.03,""value"":-0.0453,""since_minute_bucket_ist"":"""",""last_updated_ist"":""2026-07-21 09:40:00""}"
2026-07-21 00:00:00,2026-07-21 09:41:00,27,NIFTY,FLOW_BOTH_BUILDING,ON,MED,0.0071,Both sides building (straddle build) → higher chop risk,"{""dedupe_key"":""NIFTY|FLOW_BOTH_BUILDING|ON|2026-07-21 09:41"",""threshold"":0.005,""value"":0.0071,""since_minute_bucket_ist"":"""",""last_updated_ist"":""2026-07-21 09:41:00""}"
2026-07-21 00:00:00,2026-07-21 09:41:00,27,NIFTY,REGIME_RANGE_PIN,OFF,LOW,0.0002,Range / pin (inside local walls),"{""dedupe_key"":""NIFTY|REGIME_RANGE_PIN|OFF|2026-07-21 09:41"",""threshold"":0.0004,""value"":0.0002,""since_minute_bucket_ist"":""2026-07-21 09:38"",""last_updated_ist"":""2026-07-21 09:41:00""}"
2026-07-21 00:00:00,2026-07-21 09:41:00,27,NIFTY,REGIME_TRANSITION_UNCERTAIN,ON,LOW,1,Transition/uncertain regime,"{""dedupe_key"":""NIFTY|REGIME_TRANSITION_UNCERTAIN|ON|2026-07-21 09:41"",""threshold"":1,""value"":1,""since_minute_bucket_ist"":"""",""last_updated_ist"":""2026-07-21 09:41:00""}"
2026-07-21 00:00:00,2026-07-21 09:42:00,28,NIFTY,FLOW_BOTH_BUILDING,OFF,MED,0,Both sides building (straddle build) → higher chop risk,"{""dedupe_key"":""NIFTY|FLOW_BOTH_BUILDING|OFF|2026-07-21 09:42"",""threshold"":0.005,""value"":0,""since_minute_bucket_ist"":""2026-07-21 09:41"",""last_updated_ist"":""2026-07-21 09:42:00""}"
2026-07-21 00:00:00,2026-07-21 09:42:00,28,NIFTY,REGIME_RANGE_PIN,ON,LOW,0.0001,Range / pin (inside local walls),"{""dedupe_key"":""NIFTY|REGIME_RANGE_PIN|ON|2026-07-21 09:42"",""threshold"":0.0004,""value"":0.0001,""since_minute_bucket_ist"":"""",""last_updated_ist"":""2026-07-21 09:42:00""}"
2026-07-21 00:00:00,2026-07-21 09:42:00,28,NIFTY,REGIME_TRANSITION_UNCERTAIN,OFF,LOW,1,Transition/uncertain regime,"{""dedupe_key"":""NIFTY|REGIME_TRANSITION_UNCERTAIN|OFF|2026-07-21 09:42"",""threshold"":1,""value"":1,""since_minute_bucket_ist"":""2026-07-21 09:41"",""last_updated_ist"":""2026-07-21 09:42:00""}"
2026-07-21 00:00:00,2026-07-21 09:43:00,29,NIFTY,FLOW_BOTH_BUILDING,ON,MED,0.0159,Both sides building (straddle build) → higher chop risk,"{""dedupe_key"":""NIFTY|FLOW_BOTH_BUILDING|ON|2026-07-21 09:43"",""threshold"":0.005,""value"":0.0159,""since_minute_bucket_ist"":"""",""last_updated_ist"":""2026-07-21 09:43:00""}"
2026-07-21 00:00:00,2026-07-21 09:44:00,30,NIFTY,REGIME_RANGE_PIN,OFF,LOW,0.0001,Range / pin (inside local walls),"{""dedupe_key"":""NIFTY|REGIME_RANGE_PIN|OFF|2026-07-21 09:44"",""threshold"":0.0004,""value"":0.0001,""since_minute_bucket_ist"":""2026-07-21 09:42"",""last_updated_ist"":""2026-07-21 09:44:00""}"
2026-07-21 00:00:00,2026-07-21 09:44:00,30,NIFTY,REGIME_TRANSITION_UNCERTAIN,ON,LOW,1,Transition/uncertain regime,"{""dedupe_key"":""NIFTY|REGIME_TRANSITION_UNCERTAIN|ON|2026-07-21 09:44"",""threshold"":1,""value"":1,""since_minute_bucket_ist"":"""",""last_updated_ist"":""2026-07-21 09:44:00""}"
2026-07-21 00:00:00,2026-07-21 09:44:00,30,NIFTY,EXP_RANGE_BREAKOUT_WATCH_UP,ON,MED,24235.3,Expected-range watch UP,"{""dedupe_key"":""NIFTY|EXP_RANGE_BREAKOUT_WATCH_UP|ON|2026-07-21 09:44"",""threshold"":24233.13,""value"":24235.3,""since_minute_bucket_ist"":"""",""last_updated_ist"":""2026-07-21 09:44:00""}"
2026-07-21 00:00:00,2026-07-21 09:45:00,31,NIFTY,FLOW_BOTH_BUILDING,OFF,MED,0,Both sides building (straddle build) → higher chop risk,"{""dedupe_key"":""NIFTY|FLOW_BOTH_BUILDING|OFF|2026-07-21 09:45"",""threshold"":0.005,""value"":0,""since_minute_bucket_ist"":""2026-07-21 09:43"",""last_updated_ist"":""2026-07-21 09:45:00""}"
2026-07-21 00:00:00,2026-07-21 09:45:00,31,NIFTY,EXP_RANGE_BREAKOUT_CONFIRMED_UP,ON,HIGH,2,Expected-range breakout CONFIRMED UP,"{""dedupe_key"":""NIFTY|EXP_RANGE_BREAKOUT_CONFIRMED_UP|ON|2026-07-21 09:45"",""threshold"":2,""value"":2,""since_minute_bucket_ist"":"""",""last_updated_ist"":""2026-07-21 09:45:00""}"
2026-07-21 00:00:00,2026-07-21 09:46:00,32,NIFTY,FLOW_BOTH_BUILDING,ON,MED,1899-12-30 00:13:40,Both sides building (straddle build) → higher chop risk,"{""dedupe_key"":""NIFTY|FLOW_BOTH_BUILDING|ON|2026-07-21 09:46"",""threshold"":0.005,""value"":0.0095,""since_minute_bucket_ist"":"""",""last_updated_ist"":""2026-07-21 09:46:00""}"
2026-07-21 00:00:00,2026-07-21 09:46:00,32,NIFTY,REGIME_RANGE_PIN,ON,LOW,1899-12-30 00:00:08,Range / pin (inside local walls),"{""dedupe_key"":""NIFTY|REGIME_RANGE_PIN|ON|2026-07-21 09:46"",""threshold"":0.0004,""value"":0.0001,""since_minute_bucket_ist"":"""",""last_updated_ist"":""2026-07-21 09:46:00""}"
2026-07-21 00:00:00,2026-07-21 09:46:00,32,NIFTY,REGIME_TRANSITION_UNCERTAIN,OFF,LOW,1899-12-31 00:00:00,Transition/uncertain regime,"{""dedupe_key"":""NIFTY|REGIME_TRANSITION_UNCERTAIN|OFF|2026-07-21 09:46"",""threshold"":1,""value"":1,""since_minute_bucket_ist"":""2026-07-21 09:44"",""last_updated_ist"":""2026-07-21 09:46:00""}"
2026-07-21 00:00:00,2026-07-21 09:46:00,32,NIFTY,EXP_RANGE_BREAKOUT_WATCH_UP,OFF,MED,1966-05-03 06:00:00,Expected-range watch UP,"{""dedupe_key"":""NIFTY|EXP_RANGE_BREAKOUT_WATCH_UP|OFF|2026-07-21 09:46"",""threshold"":24234.53,""value"":24230.25,""since_minute_bucket_ist"":""2026-07-21 09:44"",""last_updated_ist"":""2026-07-21 09:46:00""}"
2026-07-21 00:00:00,2026-07-21 09:46:00,32,NIFTY,EXP_RANGE_BREAKOUT_CONFIRMED_UP,OFF,HIGH,1899-12-30 00:00:00,Expected-range breakout CONFIRMED UP,"{""dedupe_key"":""NIFTY|EXP_RANGE_BREAKOUT_CONFIRMED_UP|OFF|2026-07-21 09:46"",""threshold"":2,""value"":0,""since_minute_bucket_ist"":""2026-07-21 09:45"",""last_updated_ist"":""2026-07-21 09:46:00""}"
2026-07-21 00:00:00,2026-07-21 09:46:00,32,NIFTY,VOL_CONTRACTION,OFF,LOW,-0.0115,Volatility contracting (straddle down),"{""dedupe_key"":""NIFTY|VOL_CONTRACTION|OFF|2026-07-21 09:46"",""threshold"":-0.03,""value"":-0.0115,""since_minute_bucket_ist"":""2026-07-21 09:40"",""last_updated_ist"":""2026-07-21 09:46:00""}"
2026-07-21 00:00:00,2026-07-21 09:46:00,32,NIFTY,OPTION_MOMENTUM_PUT,ON,MED,1900-01-02 10:48:00,ATM PUT momentum (ltp up + vol up),"{""dedupe_key"":""NIFTY|OPTION_MOMENTUM_PUT|ON|2026-07-21 09:46"",""threshold"":1.5,""value"":3.45,""since_minute_bucket_ist"":"""",""last_updated_ist"":""2026-07-21 09:46:00""}"
2026-07-21 00:00:00,2026-07-21 09:47:00,33,NIFTY,FLOW_BULLISH_BUILD,ON,HIGH,1899-12-30 00:12:31,Bullish build (premium-confirmed writing / support),"{""dedupe_key"":""NIFTY|FLOW_BULLISH_BUILD|ON|2026-07-21 09:47"",""threshold"":0.005,""value"":0.0087,""since_minute_bucket_ist"":"""",""last_updated_ist"":""2026-07-21 09:47:00""}"
2026-07-21 00:00:00,2026-07-21 09:47:00,33,NIFTY,REGIME_RANGE_PIN,OFF,LOW,1899-12-30 00:00:17,Range / pin (inside local walls),"{""dedupe_key"":""NIFTY|REGIME_RANGE_PIN|OFF|2026-07-21 09:47"",""threshold"":0.0004,""value"":0.0002,""since_minute_bucket_ist"":""2026-07-21 09:46"",""last_updated_ist"":""2026-07-21 09:47:00""}"
2026-07-21 00:00:00,2026-07-21 09:47:00,33,NIFTY,REGIME_TRANSITION_UNCERTAIN,ON,LOW,1,Transition/uncertain regime,"{""dedupe_key"":""NIFTY|REGIME_TRANSITION_UNCERTAIN|ON|2026-07-21 09:47"",""threshold"":1,""value"":1,""since_minute_bucket_ist"":"""",""last_updated_ist"":""2026-07-21 09:47:00""}"
2026-07-21 00:00:00,2026-07-21 09:47:00,33,NIFTY,EXP_RANGE_BREAKOUT_WATCH_DOWN,ON,MED,24222.1,Expected-range watch DOWN,"{""dedupe_key"":""NIFTY|EXP_RANGE_BREAKOUT_WATCH_DOWN|ON|2026-07-21 09:47"",""threshold"":24223.08,""value"":24222.1,""since_minute_bucket_ist"":"""",""last_updated_ist"":""2026-07-21 09:47:00""}"
2026-07-21 00:00:00,2026-07-21 09:47:00,33,NIFTY,OPTION_MOMENTUM_PUT,OFF,MED,-0.9,ATM PUT momentum (ltp up + vol up),"{""dedupe_key"":""NIFTY|OPTION_MOMENTUM_PUT|OFF|2026-07-21 09:47"",""threshold"":1.5,""value"":-0.9,""since_minute_bucket_ist"":""2026-07-21 09:46"",""last_updated_ist"":""2026-07-21 09:47:00""}"
2026-07-21 00:00:00,2026-07-21 09:48:00,34,NIFTY,FLOW_BOTH_BUILDING,OFF,MED,0.0021,Both sides building (straddle build) → higher chop risk,"{""dedupe_key"":""NIFTY|FLOW_BOTH_BUILDING|OFF|2026-07-21 09:48"",""threshold"":0.005,""value"":0.0021,""since_minute_bucket_ist"":""2026-07-21 09:46"",""last_updated_ist"":""2026-07-21 09:48:00""}"
2026-07-21 00:00:00,2026-07-21 09:48:00,34,NIFTY,FLOW_BULLISH_BUILD,OFF,HIGH,1899-12-30 00:03:01,Bullish build (premium-confirmed writing / support),"{""dedupe_key"":""NIFTY|FLOW_BULLISH_BUILD|OFF|2026-07-21 09:48"",""threshold"":0.005,""value"":0.0021,""since_minute_bucket_ist"":""2026-07-21 09:47"",""last_updated_ist"":""2026-07-21 09:48:00""}"
2026-07-21 00:00:00,2026-07-21 09:48:00,34,NIFTY,REGIME_TREND_DOWN,ON,MED,1899-12-29 23:59:16,Trend DOWN (slope + direction),"{""dedupe_key"":""NIFTY|REGIME_TREND_DOWN|ON|2026-07-21 09:48"",""threshold"":-0.0004,""value"":-0.0005,""since_minute_bucket_ist"":"""",""last_updated_ist"":""2026-07-21 09:48:00""}"
2026-07-21 00:00:00,2026-07-21 09:48:00,34,NIFTY,REGIME_TRANSITION_UNCERTAIN,OFF,LOW,1,Transition/uncertain regime,"{""dedupe_key"":""NIFTY|REGIME_TRANSITION_UNCERTAIN|OFF|2026-07-21 09:48"",""threshold"":1,""value"":1,""since_minute_bucket_ist"":""2026-07-21 09:47"",""last_updated_ist"":""2026-07-21 09:48:00""}"
2026-07-21 00:00:00,2026-07-21 09:48:00,34,NIFTY,EXP_RANGE_BREAKOUT_CONFIRMED_DOWN,ON,HIGH,2,Expected-range breakout CONFIRMED DOWN,"{""dedupe_key"":""NIFTY|EXP_RANGE_BREAKOUT_CONFIRMED_DOWN|ON|2026-07-21 09:48"",""threshold"":2,""value"":2,""since_minute_bucket_ist"":"""",""last_updated_ist"":""2026-07-21 09:48:00""}"
2026-07-21 00:00:00,2026-07-21 09:48:00,34,NIFTY,VOL_EXPANSION,ON,MED,0.0288,Volatility expanding (straddle up),"{""dedupe_key"":""NIFTY|VOL_EXPANSION|ON|2026-07-21 09:48"",""threshold"":0.02,""value"":0.0288,""since_minute_bucket_ist"":"""",""last_updated_ist"":""2026-07-21 09:48:00""}"
2026-07-21 00:00:00,2026-07-21 09:48:00,34,NIFTY,OPTION_MOMENTUM_PUT,ON,MED,1900-01-02 20:24:00,ATM PUT momentum (ltp up + vol up),"{""dedupe_key"":""NIFTY|OPTION_MOMENTUM_PUT|ON|2026-07-21 09:48"",""threshold"":1.5,""value"":3.85,""since_minute_bucket_ist"":"""",""last_updated_ist"":""2026-07-21 09:48:00""}"
2026-07-21 00:00:00,2026-07-21 09:49:00,35,NIFTY,OPTION_MOMENTUM_PUT,OFF,MED,0,ATM PUT momentum (ltp up + vol up),"{""dedupe_key"":""NIFTY|OPTION_MOMENTUM_PUT|OFF|2026-07-21 09:49"",""threshold"":1.5,""value"":0,""since_minute_bucket_ist"":""2026-07-21 09:48"",""last_updated_ist"":""2026-07-21 09:49:00""}"
2026-07-21 00:00:00,2026-07-21 09:50:00,36,NIFTY,REGIME_TREND_DOWN,OFF,MED,1899-12-29 23:59:08,Trend DOWN (slope + direction),"{""dedupe_key"":""NIFTY|REGIME_TREND_DOWN|OFF|2026-07-21 09:50"",""threshold"":-0.0004,""value"":-0.0006,""since_minute_bucket_ist"":""2026-07-21 09:48"",""last_updated_ist"":""2026-07-21 09:50:00""}"
2026-07-21 00:00:00,2026-07-21 09:50:00,36,NIFTY,REGIME_TRANSITION_UNCERTAIN,ON,LOW,1899-12-31 00:00:00,Transition/uncertain regime,"{""dedupe_key"":""NIFTY|REGIME_TRANSITION_UNCERTAIN|ON|2026-07-21 09:50"",""threshold"":1,""value"":1,""since_minute_bucket_ist"":"""",""last_updated_ist"":""2026-07-21 09:50:00""}"
2026-07-21 00:00:00,2026-07-21 09:50:00,36,NIFTY,EXP_RANGE_BREAKOUT_WATCH_DOWN,OFF,MED,24221.75,Expected-range watch DOWN,"{""dedupe_key"":""NIFTY|EXP_RANGE_BREAKOUT_WATCH_DOWN|OFF|2026-07-21 09:50"",""threshold"":24219.93,""value"":24221.75,""since_minute_bucket_ist"":""2026-07-21 09:47"",""last_updated_ist"":""2026-07-21 09:50:00""}"
2026-07-21 00:00:00,2026-07-21 09:50:00,36,NIFTY,EXP_RANGE_BREAKOUT_CONFIRMED_DOWN,OFF,HIGH,0,Expected-range breakout CONFIRMED DOWN,"{""dedupe_key"":""NIFTY|EXP_RANGE_BREAKOUT_CONFIRMED_DOWN|OFF|2026-07-21 09:50"",""threshold"":2,""value"":0,""since_minute_bucket_ist"":""2026-07-21 09:48"",""last_updated_ist"":""2026-07-21 09:50:00""}"
2026-07-21 00:00:00,2026-07-21 09:50:00,36,NIFTY,VOL_EXPANSION,OFF,MED,0.0067,Volatility expanding (straddle up),"{""dedupe_key"":""NIFTY|VOL_EXPANSION|OFF|2026-07-21 09:50"",""threshold"":0.02,""value"":0.0067,""since_minute_bucket_ist"":""2026-07-21 09:48"",""last_updated_ist"":""2026-07-21 09:50:00""}"
2026-07-21 00:00:00,2026-07-21 09:50:00,36,NIFTY,OPTION_MOMENTUM_CALL,ON,MED,2.3,ATM CALL momentum (ltp up + vol up),"{""dedupe_key"":""NIFTY|OPTION_MOMENTUM_CALL|ON|2026-07-21 09:50"",""threshold"":1.5,""value"":2.3,""since_minute_bucket_ist"":"""",""last_updated_ist"":""2026-07-21 09:50:00""}"
2026-07-21 00:00:00,2026-07-21 09:50:00,36,NIFTY,STEALTH_BUILD_BEAR,ON,MED,0.0111,"Stealth bearish build (calls build, spot flat)","{""dedupe_key"":""NIFTY|STEALTH_BUILD_BEAR|ON|2026-07-21 09:50"",""threshold"":0.008,""value"":0.0111,""since_minute_bucket_ist"":"""",""last_updated_ist"":""2026-07-21 09:50:00""}"
2026-07-21 00:00:00,2026-07-21 09:51:00,37,NIFTY,OPTION_MOMENTUM_CALL,OFF,MED,0,ATM CALL momentum (ltp up + vol up),"{""dedupe_key"":""NIFTY|OPTION_MOMENTUM_CALL|OFF|2026-07-21 09:51"",""threshold"":1.5,""value"":0,""since_minute_bucket_ist"":""2026-07-21 09:50"",""last_updated_ist"":""2026-07-21 09:51:00""}"
2026-07-21 00:00:00,2026-07-21 09:51:00,37,NIFTY,STEALTH_BUILD_BEAR,OFF,MED,1899-12-30 00:00:00,"Stealth bearish build (calls build, spot flat)","{""dedupe_key"":""NIFTY|STEALTH_BUILD_BEAR|OFF|2026-07-21 09:51"",""threshold"":0.008,""value"":0,""since_minute_bucket_ist"":""2026-07-21 09:50"",""last_updated_ist"":""2026-07-21 09:51:00""}"
2026-07-21 00:00:00,2026-07-21 09:52:00,38,NIFTY,VOL_CONTRACTION,ON,LOW,-0.0395,Volatility contracting (straddle down),"{""dedupe_key"":""NIFTY|VOL_CONTRACTION|ON|2026-07-21 09:52"",""threshold"":-0.03,""value"":-0.0395,""since_minute_bucket_ist"":"""",""last_updated_ist"":""2026-07-21 09:52:00""}"
2026-07-21 00:00:00,2026-07-21 09:53:00,39,NIFTY,REGIME_TREND_UP,ON,MED,0.0006,Trend UP (slope + direction),"{""dedupe_key"":""NIFTY|REGIME_TREND_UP|ON|2026-07-21 09:53"",""threshold"":0.0004,""value"":0.0006,""since_minute_bucket_ist"":"""",""last_updated_ist"":""2026-07-21 09:53:00""}"
2026-07-21 00:00:00,2026-07-21 09:53:00,39,NIFTY,REGIME_TRANSITION_UNCERTAIN,OFF,LOW,1,Transition/uncertain regime,"{""dedupe_key"":""NIFTY|REGIME_TRANSITION_UNCERTAIN|OFF|2026-07-21 09:53"",""threshold"":1,""value"":1,""since_minute_bucket_ist"":""2026-07-21 09:50"",""last_updated_ist"":""2026-07-21 09:53:00""}"
2026-07-21 00:00:00,2026-07-21 09:53:00,39,NIFTY,OPTION_MOMENTUM_CALL,ON,MED,2.15,ATM CALL momentum (ltp up + vol up),"{""dedupe_key"":""NIFTY|OPTION_MOMENTUM_CALL|ON|2026-07-21 09:53"",""threshold"":1.5,""value"":2.15,""since_minute_bucket_ist"":"""",""last_updated_ist"":""2026-07-21 09:53:00""}"
2026-07-21 00:00:00,2026-07-21 09:53:00,39,NIFTY,STEALTH_BUILD_BULL,ON,MED,0.014,"Stealth bullish build (puts build, spot flat)","{""dedupe_key"":""NIFTY|STEALTH_BUILD_BULL|ON|2026-07-21 09:53"",""threshold"":0.008,""value"":0.014,""since_minute_bucket_ist"":"""",""last_updated_ist"":""2026-07-21 09:53:00""}"
2026-07-21 00:00:00,2026-07-21 09:54:00,40,NIFTY,FLOW_BULLISH_BUILD,ON,HIGH,0.0073,Bullish build (premium-confirmed writing / support),"{""dedupe_key"":""NIFTY|FLOW_BULLISH_BUILD|ON|2026-07-21 09:54"",""threshold"":0.005,""value"":0.0073,""since_minute_bucket_ist"":"""",""last_updated_ist"":""2026-07-21 09:54:00""}"
2026-07-21 00:00:00,2026-07-21 09:54:00,40,NIFTY,REGIME_TREND_UP,OFF,MED,1899-12-30 00:00:43,Trend UP (slope + direction),"{""dedupe_key"":""NIFTY|REGIME_TREND_UP|OFF|2026-07-21 09:54"",""threshold"":0.0004,""value"":0.0005,""since_minute_bucket_ist"":""2026-07-21 09:53"",""last_updated_ist"":""2026-07-21 09:54:00""}"
2026-07-21 00:00:00,2026-07-21 09:54:00,40,NIFTY,REGIME_TRANSITION_UNCERTAIN,ON,LOW,1,Transition/uncertain regime,"{""dedupe_key"":""NIFTY|REGIME_TRANSITION_UNCERTAIN|ON|2026-07-21 09:54"",""threshold"":1,""value"":1,""since_minute_bucket_ist"":"""",""last_updated_ist"":""2026-07-21 09:54:00""}"
2026-07-21 00:00:00,2026-07-21 09:54:00,40,NIFTY,STEALTH_BUILD_BULL,OFF,MED,0.0073,"Stealth bullish build (puts build, spot flat)","{""dedupe_key"":""NIFTY|STEALTH_BUILD_BULL|OFF|2026-07-21 09:54"",""threshold"":0.008,""value"":0.0073,""since_minute_bucket_ist"":""2026-07-21 09:53"",""last_updated_ist"":""2026-07-21 09:54:00""}"
2026-07-21 00:00:00,2026-07-21 09:55:00,41,NIFTY,FLOW_BULLISH_BUILD,OFF,HIGH,0.007,Bullish build (premium-confirmed writing / support),"{""dedupe_key"":""NIFTY|FLOW_BULLISH_BUILD|OFF|2026-07-21 09:55"",""threshold"":0.005,""value"":0.007,""since_minute_bucket_ist"":""2026-07-21 09:54"",""last_updated_ist"":""2026-07-21 09:55:00""}"
2026-07-21 00:00:00,2026-07-21 09:55:00,41,NIFTY,OPTION_MOMENTUM_CALL,OFF,MED,-3.95,ATM CALL momentum (ltp up + vol up),"{""dedupe_key"":""NIFTY|OPTION_MOMENTUM_CALL|OFF|2026-07-21 09:55"",""threshold"":1.5,""value"":-3.95,""since_minute_bucket_ist"":""2026-07-21 09:53"",""last_updated_ist"":""2026-07-21 09:55:00""}"
2026-07-21 00:00:00,2026-07-21 09:55:00,41,NIFTY,OPTION_MOMENTUM_PUT,ON,MED,4,ATM PUT momentum (ltp up + vol up),"{""dedupe_key"":""NIFTY|OPTION_MOMENTUM_PUT|ON|2026-07-21 09:55"",""threshold"":1.5,""value"":4,""since_minute_bucket_ist"":"""",""last_updated_ist"":""2026-07-21 09:55:00""}"
2026-07-21 00:00:00,2026-07-21 09:56:00,42,NIFTY,OPTION_MOMENTUM_PUT,OFF,MED,0.55,ATM PUT momentum (ltp up + vol up),"{""dedupe_key"":""NIFTY|OPTION_MOMENTUM_PUT|OFF|2026-07-21 09:56"",""threshold"":1.5,""value"":0.55,""since_minute_bucket_ist"":""2026-07-21 09:55"",""last_updated_ist"":""2026-07-21 09:56:00""}"
2026-07-21 00:00:00,2026-07-21 09:57:00,43,NIFTY,REGIME_RANGE_PIN,ON,LOW,0.0002,Range / pin (inside local walls),"{""dedupe_key"":""NIFTY|REGIME_RANGE_PIN|ON|2026-07-21 09:57"",""threshold"":0.0004,""value"":0.0002,""since_minute_bucket_ist"":"""",""last_updated_ist"":""2026-07-21 09:57:00""}"
2026-07-21 00:00:00,2026-07-21 09:57:00,43,NIFTY,REGIME_TRANSITION_UNCERTAIN,OFF,LOW,1899-12-31 00:00:00,Transition/uncertain regime,"{""dedupe_key"":""NIFTY|REGIME_TRANSITION_UNCERTAIN|OFF|2026-07-21 09:57"",""threshold"":1,""value"":1,""since_minute_bucket_ist"":""2026-07-21 09:54"",""last_updated_ist"":""2026-07-21 09:57:00""}"
2026-07-21 00:00:00,2026-07-21 09:57:00,43,NIFTY,VOL_CONTRACTION,OFF,LOW,-0.0075,Volatility contracting (straddle down),"{""dedupe_key"":""NIFTY|VOL_CONTRACTION|OFF|2026-07-21 09:57"",""threshold"":-0.03,""value"":-0.0075,""since_minute_bucket_ist"":""2026-07-21 09:52"",""last_updated_ist"":""2026-07-21 09:57:00""}"
2026-07-21 00:00:00,2026-07-21 09:57:00,43,NIFTY,OPTION_MOMENTUM_PUT,ON,MED,1.95,ATM PUT momentum (ltp up + vol up),"{""dedupe_key"":""NIFTY|OPTION_MOMENTUM_PUT|ON|2026-07-21 09:57"",""threshold"":1.5,""value"":1.95,""since_minute_bucket_ist"":"""",""last_updated_ist"":""2026-07-21 09:57:00""}"
2026-07-21 00:00:00,2026-07-21 09:58:00,44,NIFTY,VOL_CONTRACTION,ON,LOW,-0.0152,Volatility contracting (straddle down),"{""dedupe_key"":""NIFTY|VOL_CONTRACTION|ON|2026-07-21 09:58"",""threshold"":-0.03,""value"":-0.0152,""since_minute_bucket_ist"":"""",""last_updated_ist"":""2026-07-21 09:58:00""}"
2026-07-21 00:00:00,2026-07-21 09:58:00,44,NIFTY,OPTION_MOMENTUM_CALL,ON,MED,1.7,ATM CALL momentum (ltp up + vol up),"{""dedupe_key"":""NIFTY|OPTION_MOMENTUM_CALL|ON|2026-07-21 09:58"",""threshold"":1.5,""value"":1.7,""since_minute_bucket_ist"":"""",""last_updated_ist"":""2026-07-21 09:58:00""}"
2026-07-21 00:00:00,2026-07-21 09:58:00,44,NIFTY,OPTION_MOMENTUM_PUT,OFF,MED,-3.2,ATM PUT momentum (ltp up + vol up),"{""dedupe_key"":""NIFTY|OPTION_MOMENTUM_PUT|OFF|2026-07-21 09:58"",""threshold"":1.5,""value"":-3.2,""since_minute_bucket_ist"":""2026-07-21 09:57"",""last_updated_ist"":""2026-07-21 09:58:00""}"
2026-07-21 00:00:00,2026-07-21 09:58:00,44,NIFTY,STEALTH_BUILD_BEAR,ON,MED,0.008,"Stealth bearish build (calls build, spot flat)","{""dedupe_key"":""NIFTY|STEALTH_BUILD_BEAR|ON|2026-07-21 09:58"",""threshold"":0.008,""value"":0.008,""since_minute_bucket_ist"":"""",""last_updated_ist"":""2026-07-21 09:58:00""}"
2026-07-21 00:00:00,2026-07-21 09:59:00,45,NIFTY,OPTION_MOMENTUM_CALL,OFF,MED,1899-12-29 10:48:00,ATM CALL momentum (ltp up + vol up),"{""dedupe_key"":""NIFTY|OPTION_MOMENTUM_CALL|OFF|2026-07-21 09:59"",""threshold"":1.5,""value"":-0.55,""since_minute_bucket_ist"":""2026-07-21 09:58"",""last_updated_ist"":""2026-07-21 09:59:00""}"
2026-07-21 00:00:00,2026-07-21 09:59:00,45,NIFTY,STEALTH_BUILD_BEAR,OFF,MED,0.0073,"Stealth bearish build (calls build, spot flat)","{""dedupe_key"":""NIFTY|STEALTH_BUILD_BEAR|OFF|2026-07-21 09:59"",""threshold"":0.008,""value"":0.0073,""since_minute_bucket_ist"":""2026-07-21 09:58"",""last_updated_ist"":""2026-07-21 09:59:00""}"
2026-07-21 00:00:00,2026-07-21 10:01:00,47,NIFTY,FLOW_BOTH_BUILDING,ON,MED,0.0078,Both sides building (straddle build) → higher chop risk,"{""dedupe_key"":""NIFTY|FLOW_BOTH_BUILDING|ON|2026-07-21 10:01"",""threshold"":0.005,""value"":0.0078,""since_minute_bucket_ist"":"""",""last_updated_ist"":""2026-07-21 10:01:00""}"
2026-07-21 00:00:00,2026-07-21 10:01:00,47,NIFTY,VOL_CONTRACTION,OFF,LOW,-0.0035,Volatility contracting (straddle down),"{""dedupe_key"":""NIFTY|VOL_CONTRACTION|OFF|2026-07-21 10:01"",""threshold"":-0.03,""value"":-0.0035,""since_minute_bucket_ist"":""2026-07-21 09:58"",""last_updated_ist"":""2026-07-21 10:01:00""}"
2026-07-21 00:00:00,2026-07-21 10:02:00,48,NIFTY,REGIME_RANGE_PIN,OFF,LOW,0.0001,Range / pin (inside local walls),"{""dedupe_key"":""NIFTY|REGIME_RANGE_PIN|OFF|2026-07-21 10:02"",""threshold"":0.0004,""value"":0.0001,""since_minute_bucket_ist"":""2026-07-21 09:57"",""last_updated_ist"":""2026-07-21 10:02:00""}"
2026-07-21 00:00:00,2026-07-21 10:02:00,48,NIFTY,REGIME_TRANSITION_UNCERTAIN,ON,LOW,1,Transition/uncertain regime,"{""dedupe_key"":""NIFTY|REGIME_TRANSITION_UNCERTAIN|ON|2026-07-21 10:02"",""threshold"":1,""value"":1,""since_minute_bucket_ist"":"""",""last_updated_ist"":""2026-07-21 10:02:00""}"
2026-07-21 00:00:00,2026-07-21 10:02:00,48,NIFTY,EXP_RANGE_BREAKOUT_WATCH_DOWN,ON,MED,24223.4,Expected-range watch DOWN,"{""dedupe_key"":""NIFTY|EXP_RANGE_BREAKOUT_WATCH_DOWN|ON|2026-07-21 10:02"",""threshold"":24223.77,""value"":24223.4,""since_minute_bucket_ist"":"""",""last_updated_ist"":""2026-07-21 10:02:00""}"
2026-07-21 00:00:00,2026-07-21 10:02:00,48,NIFTY,VOL_EXPANSION,ON,MED,0.0208,Volatility expanding (straddle up),"{""dedupe_key"":""NIFTY|VOL_EXPANSION|ON|2026-07-21 10:02"",""threshold"":0.02,""value"":0.0208,""since_minute_bucket_ist"":"""",""last_updated_ist"":""2026-07-21 10:02:00""}"
2026-07-21 00:00:00,2026-07-21 10:02:00,48,NIFTY,OPTION_MOMENTUM_PUT,ON,MED,3.1,ATM PUT momentum (ltp up + vol up),"{""dedupe_key"":""NIFTY|OPTION_MOMENTUM_PUT|ON|2026-07-21 10:02"",""threshold"":1.5,""value"":3.1,""since_minute_bucket_ist"":"""",""last_updated_ist"":""2026-07-21 10:02:00""}"
2026-07-21 00:00:00,2026-07-21 10:03:00,49,NIFTY,FLOW_BOTH_BUILDING,OFF,MED,0,Both sides building (straddle build) → higher chop risk,"{""dedupe_key"":""NIFTY|FLOW_BOTH_BUILDING|OFF|2026-07-21 10:03"",""threshold"":0.005,""value"":0,""since_minute_bucket_ist"":""2026-07-21 10:01"",""last_updated_ist"":""2026-07-21 10:03:00""}"
2026-07-21 00:00:00,2026-07-21 10:03:00,49,NIFTY,EXP_RANGE_BREAKOUT_CONFIRMED_DOWN,ON,HIGH,2,Expected-range breakout CONFIRMED DOWN,"{""dedupe_key"":""NIFTY|EXP_RANGE_BREAKOUT_CONFIRMED_DOWN|ON|2026-07-21 10:03"",""threshold"":2,""value"":2,""since_minute_bucket_ist"":"""",""last_updated_ist"":""2026-07-21 10:03:00""}"
2026-07-21 00:00:00,2026-07-21 10:03:00,49,NIFTY,OPTION_MOMENTUM_PUT,OFF,MED,0,ATM PUT momentum (ltp up + vol up),"{""dedupe_key"":""NIFTY|OPTION_MOMENTUM_PUT|OFF|2026-07-21 10:03"",""threshold"":1.5,""value"":0,""since_minute_bucket_ist"":""2026-07-21 10:02"",""last_updated_ist"":""2026-07-21 10:03:00""}"
2026-07-21 00:00:00,2026-07-21 10:04:00,50,NIFTY,OPTION_MOMENTUM_PUT,ON,MED,1.7,ATM PUT momentum (ltp up + vol up),"{""dedupe_key"":""NIFTY|OPTION_MOMENTUM_PUT|ON|2026-07-21 10:04"",""threshold"":1.5,""value"":1.7,""since_minute_bucket_ist"":"""",""last_updated_ist"":""2026-07-21 10:04:00""}"
2026-07-21 00:00:00,2026-07-21 10:05:00,51,NIFTY,VOL_EXPANSION,OFF,MED,0.0006,Volatility expanding (straddle up),"{""dedupe_key"":""NIFTY|VOL_EXPANSION|OFF|2026-07-21 10:05"",""threshold"":0.02,""value"":0.0006,""since_minute_bucket_ist"":""2026-07-21 10:02"",""last_updated_ist"":""2026-07-21 10:05:00""}"
2026-07-21 00:00:00,2026-07-21 10:05:00,51,NIFTY,OPTION_MOMENTUM_CALL,ON,MED,2.6,ATM CALL momentum (ltp up + vol up),"{""dedupe_key"":""NIFTY|OPTION_MOMENTUM_CALL|ON|2026-07-21 10:05"",""threshold"":1.5,""value"":2.6,""since_minute_bucket_ist"":"""",""last_updated_ist"":""2026-07-21 10:05:00""}"
2026-07-21 00:00:00,2026-07-21 10:05:00,51,NIFTY,OPTION_MOMENTUM_PUT,OFF,MED,-2,ATM PUT momentum (ltp up + vol up),"{""dedupe_key"":""NIFTY|OPTION_MOMENTUM_PUT|OFF|2026-07-21 10:05"",""threshold"":1.5,""value"":-2,""since_minute_bucket_ist"":""2026-07-21 10:04"",""last_updated_ist"":""2026-07-21 10:05:00""}"
2026-07-21 00:00:00,2026-07-21 10:06:00,52,NIFTY,FLOW_BOTH_BUILDING,ON,MED,0.0069,Both sides building (straddle build) → higher chop risk,"{""dedupe_key"":""NIFTY|FLOW_BOTH_BUILDING|ON|2026-07-21 10:06"",""threshold"":0.005,""value"":0.0069,""since_minute_bucket_ist"":"""",""last_updated_ist"":""2026-07-21 10:06:00""}"
2026-07-21 00:00:00,2026-07-21 10:06:00,52,NIFTY,REGIME_RANGE_PIN,ON,LOW,0.0001,Range / pin (inside local walls),"{""dedupe_key"":""NIFTY|REGIME_RANGE_PIN|ON|2026-07-21 10:06"",""threshold"":0.0004,""value"":0.0001,""since_minute_bucket_ist"":"""",""last_updated_ist"":""2026-07-21 10:06:00""}"
2026-07-21 00:00:00,2026-07-21 10:06:00,52,NIFTY,REGIME_TRANSITION_UNCERTAIN,OFF,LOW,1,Transition/uncertain regime,"{""dedupe_key"":""NIFTY|REGIME_TRANSITION_UNCERTAIN|OFF|2026-07-21 10:06"",""threshold"":1,""value"":1,""since_minute_bucket_ist"":""2026-07-21 10:02"",""last_updated_ist"":""2026-07-21 10:06:00""}"
2026-07-21 00:00:00,2026-07-21 10:06:00,52,NIFTY,EXP_RANGE_BREAKOUT_WATCH_DOWN,OFF,MED,24224.35,Expected-range watch DOWN,"{""dedupe_key"":""NIFTY|EXP_RANGE_BREAKOUT_WATCH_DOWN|OFF|2026-07-21 10:06"",""threshold"":24220.61,""value"":24224.35,""since_minute_bucket_ist"":""2026-07-21 10:02"",""last_updated_ist"":""2026-07-21 10:06:00""}"
2026-07-21 00:00:00,2026-07-21 10:06:00,52,NIFTY,EXP_RANGE_BREAKOUT_CONFIRMED_DOWN,OFF,HIGH,0,Expected-range breakout CONFIRMED DOWN,"{""dedupe_key"":""NIFTY|EXP_RANGE_BREAKOUT_CONFIRMED_DOWN|OFF|2026-07-21 10:06"",""threshold"":2,""value"":0,""since_minute_bucket_ist"":""2026-07-21 10:03"",""last_updated_ist"":""2026-07-21 10:06:00""}"
2026-07-21 00:00:00,2026-07-21 10:06:00,52,NIFTY,OPTION_MOMENTUM_CALL,OFF,MED,-0.5,ATM CALL momentum (ltp up + vol up),"{""dedupe_key"":""NIFTY|OPTION_MOMENTUM_CALL|OFF|2026-07-21 10:06"",""threshold"":1.5,""value"":-0.5,""since_minute_bucket_ist"":""2026-07-21 10:05"",""last_updated_ist"":""2026-07-21 10:06:00""}"
2026-07-21 00:00:00,2026-07-21 10:07:00,53,NIFTY,FLOW_BOTH_BUILDING,OFF,MED,0,Both sides building (straddle build) → higher chop risk,"{""dedupe_key"":""NIFTY|FLOW_BOTH_BUILDING|OFF|2026-07-21 10:07"",""threshold"":0.005,""value"":0,""since_minute_bucket_ist"":""2026-07-21 10:06"",""last_updated_ist"":""2026-07-21 10:07:00""}"
2026-07-21 00:00:00,2026-07-21 10:08:00,54,NIFTY,FLOW_BOTH_BUILDING,ON,MED,0.007,Both sides building (straddle build) → higher chop risk,"{""dedupe_key"":""NIFTY|FLOW_BOTH_BUILDING|ON|2026-07-21 10:08"",""threshold"":0.005,""value"":0.007,""since_minute_bucket_ist"":"""",""last_updated_ist"":""2026-07-21 10:08:00""}"
2026-07-21 00:00:00,2026-07-21 10:08:00,54,NIFTY,VOL_CONTRACTION,ON,LOW,-0.0165,Volatility contracting (straddle down),"{""dedupe_key"":""NIFTY|VOL_CONTRACTION|ON|2026-07-21 10:08"",""threshold"":-0.03,""value"":-0.0165,""since_minute_bucket_ist"":"""",""last_updated_ist"":""2026-07-21 10:08:00""}"
2026-07-21 00:00:00,2026-07-21 10:09:00,55,NIFTY,FLOW_BOTH_BUILDING,OFF,MED,0.0013,Both sides building (straddle build) → higher chop risk,"{""dedupe_key"":""NIFTY|FLOW_BOTH_BUILDING|OFF|2026-07-21 10:09"",""threshold"":0.005,""value"":0.0013,""since_minute_bucket_ist"":""2026-07-21 10:08"",""last_updated_ist"":""2026-07-21 10:09:00""}"
2026-07-21 00:00:00,2026-07-21 10:09:00,55,NIFTY,REGIME_RANGE_PIN,OFF,LOW,0.0001,Range / pin (inside local walls),"{""dedupe_key"":""NIFTY|REGIME_RANGE_PIN|OFF|2026-07-21 10:09"",""threshold"":0.0004,""value"":0.0001,""since_minute_bucket_ist"":""2026-07-21 10:06"",""last_updated_ist"":""2026-07-21 10:09:00""}"
2026-07-21 00:00:00,2026-07-21 10:09:00,55,NIFTY,REGIME_TRANSITION_UNCERTAIN,ON,LOW,1,Transition/uncertain regime,"{""dedupe_key"":""NIFTY|REGIME_TRANSITION_UNCERTAIN|ON|2026-07-21 10:09"",""threshold"":1,""value"":1,""since_minute_bucket_ist"":"""",""last_updated_ist"":""2026-07-21 10:09:00""}"
2026-07-21 00:00:00,2026-07-21 10:11:00,57,NIFTY,FLOW_BULLISH_BUILD,ON,HIGH,0.0074,Bullish build (premium-confirmed writing / support),"{""dedupe_key"":""NIFTY|FLOW_BULLISH_BUILD|ON|2026-07-21 10:11"",""threshold"":0.005,""value"":0.0074,""since_minute_bucket_ist"":"""",""last_updated_ist"":""2026-07-21 10:11:00""}"
2026-07-21 00:00:00,2026-07-21 10:11:00,57,NIFTY,REGIME_RANGE_PIN,ON,LOW,0.0001,Range / pin (inside local walls),"{""dedupe_key"":""NIFTY|REGIME_RANGE_PIN|ON|2026-07-21 10:11"",""threshold"":0.0004,""value"":0.0001,""since_minute_bucket_ist"":"""",""last_updated_ist"":""2026-07-21 10:11:00""}"
2026-07-21 00:00:00,2026-07-21 10:11:00,57,NIFTY,REGIME_TRANSITION_UNCERTAIN,OFF,LOW,1,Transition/uncertain regime,"{""dedupe_key"":""NIFTY|REGIME_TRANSITION_UNCERTAIN|OFF|2026-07-21 10:11"",""threshold"":1,""value"":1,""since_minute_bucket_ist"":""2026-07-21 10:09"",""last_updated_ist"":""2026-07-21 10:11:00""}"
2026-07-21 00:00:00,2026-07-21 10:11:00,57,NIFTY,VOL_CONTRACTION,OFF,LOW,-0.0164,Volatility contracting (straddle down),"{""dedupe_key"":""NIFTY|VOL_CONTRACTION|OFF|2026-07-21 10:11"",""threshold"":-0.03,""value"":-0.0164,""since_minute_bucket_ist"":""2026-07-21 10:08"",""last_updated_ist"":""2026-07-21 10:11:00""}"
2026-07-21 00:00:00,2026-07-21 10:12:00,58,NIFTY,FLOW_BULLISH_BUILD,OFF,HIGH,0.0012,Bullish build (premium-confirmed writing / support),"{""dedupe_key"":""NIFTY|FLOW_BULLISH_BUILD|OFF|2026-07-21 10:12"",""threshold"":0.005,""value"":0.0012,""since_minute_bucket_ist"":""2026-07-21 10:11"",""last_updated_ist"":""2026-07-21 10:12:00""}"
2026-07-21 00:00:00,2026-07-21 10:12:00,58,NIFTY,FLOW_BEARISH_BUILD,ON,HIGH,0.0048,Bearish build (premium-confirmed writing / resistance),"{""dedupe_key"":""NIFTY|FLOW_BEARISH_BUILD|ON|2026-07-21 10:12"",""threshold"":0.005,""value"":0.0048,""since_minute_bucket_ist"":"""",""last_updated_ist"":""2026-07-21 10:12:00""}"
2026-07-21 00:00:00,2026-07-21 10:13:00,59,NIFTY,FLOW_BULLISH_BUILD,ON,HIGH,0.0003,Bullish build (premium-confirmed writing / support),"{""dedupe_key"":""NIFTY|FLOW_BULLISH_BUILD|ON|2026-07-21 10:13"",""threshold"":0.005,""value"":0.0003,""since_minute_bucket_ist"":"""",""last_updated_ist"":""2026-07-21 10:13:00""}"
2026-07-21 00:00:00,2026-07-21 10:13:00,59,NIFTY,FLOW_BEARISH_BUILD,OFF,HIGH,0.0061,Bearish build (premium-confirmed writing / resistance),"{""dedupe_key"":""NIFTY|FLOW_BEARISH_BUILD|OFF|2026-07-21 10:13"",""threshold"":0.005,""value"":0.0061,""since_minute_bucket_ist"":""2026-07-21 10:12"",""last_updated_ist"":""2026-07-21 10:13:00""}"
2026-07-21 00:00:00,2026-07-21 10:13:00,59,NIFTY,REGIME_RANGE_PIN,OFF,LOW,0.0001,Range / pin (inside local walls),"{""dedupe_key"":""NIFTY|REGIME_RANGE_PIN|OFF|2026-07-21 10:13"",""threshold"":0.0004,""value"":0.0001,""since_minute_bucket_ist"":""2026-07-21 10:11"",""last_updated_ist"":""2026-07-21 10:13:00""}"
2026-07-21 00:00:00,2026-07-21 10:13:00,59,NIFTY,REGIME_TRANSITION_UNCERTAIN,ON,LOW,1,Transition/uncertain regime,"{""dedupe_key"":""NIFTY|REGIME_TRANSITION_UNCERTAIN|ON|2026-07-21 10:13"",""threshold"":1,""value"":1,""since_minute_bucket_ist"":"""",""last_updated_ist"":""2026-07-21 10:13:00""}"
2026-07-21 00:00:00,2026-07-21 10:13:00,59,NIFTY,EXP_RANGE_BREAKOUT_WATCH_DOWN,ON,MED,24218.95,Expected-range watch DOWN,"{""dedupe_key"":""NIFTY|EXP_RANGE_BREAKOUT_WATCH_DOWN|ON|2026-07-21 10:13"",""threshold"":24219.61,""value"":24218.95,""since_minute_bucket_ist"":"""",""last_updated_ist"":""2026-07-21 10:13:00""}"
2026-07-21 00:00:00,2026-07-21 10:14:00,60,NIFTY,FLOW_BULLISH_BUILD,OFF,HIGH,-0.0035,Bullish build (premium-confirmed writing / support),"{""dedupe_key"":""NIFTY|FLOW_BULLISH_BUILD|OFF|2026-07-21 10:14"",""threshold"":0.005,""value"":-0.0035,""since_minute_bucket_ist"":""2026-07-21 10:13"",""last_updated_ist"":""2026-07-21 10:14:00""}"
2026-07-21 00:00:00,2026-07-21 10:14:00,60,NIFTY,FLOW_BEARISH_BUILD,ON,HIGH,0.0012,Bearish build (premium-confirmed writing / resistance),"{""dedupe_key"":""NIFTY|FLOW_BEARISH_BUILD|ON|2026-07-21 10:14"",""threshold"":0.005,""value"":0.0012,""since_minute_bucket_ist"":"""",""last_updated_ist"":""2026-07-21 10:14:00""}"
2026-07-21 00:00:00,2026-07-21 10:14:00,60,NIFTY,REGIME_TREND_DOWN,ON,MED,-0.0005,Trend DOWN (slope + direction),"{""dedupe_key"":""NIFTY|REGIME_TREND_DOWN|ON|2026-07-21 10:14"",""threshold"":-0.0004,""value"":-0.0005,""since_minute_bucket_ist"":"""",""last_updated_ist"":""2026-07-21 10:14:00""}"
2026-07-21 00:00:00,2026-07-21 10:14:00,60,NIFTY,REGIME_TRANSITION_UNCERTAIN,OFF,LOW,1,Transition/uncertain regime,"{""dedupe_key"":""NIFTY|REGIME_TRANSITION_UNCERTAIN|OFF|2026-07-21 10:14"",""threshold"":1,""value"":1,""since_minute_bucket_ist"":""2026-07-21 10:13"",""last_updated_ist"":""2026-07-21 10:14:00""}"
2026-07-21 00:00:00,2026-07-21 10:14:00,60,NIFTY,PIN_BREAKOUT_SETUP,ON,MED,-5.350000000002183,Pin breakout setup (wall touch + aligned flow),"{""dedupe_key"":""NIFTY|PIN_BREAKOUT_SETUP|ON|2026-07-21 10:14"",""threshold"":0,""value"":-5.350000000002183,""since_minute_bucket_ist"":"""",""last_updated_ist"":""2026-07-21 10:14:00""}"
2026-07-21 00:00:00,2026-07-21 10:14:00,60,NIFTY,EXP_RANGE_BREAKOUT_CONFIRMED_DOWN,ON,HIGH,2,Expected-range breakout CONFIRMED DOWN,"{""dedupe_key"":""NIFTY|EXP_RANGE_BREAKOUT_CONFIRMED_DOWN|ON|2026-07-21 10:14"",""threshold"":2,""value"":2,""since_minute_bucket_ist"":"""",""last_updated_ist"":""2026-07-21 10:14:00""}"
2026-07-21 00:00:00,2026-07-21 10:14:00,60,NIFTY,OPTION_MOMENTUM_PUT,ON,MED,4.9,ATM PUT momentum (ltp up + vol up),"{""dedupe_key"":""NIFTY|OPTION_MOMENTUM_PUT|ON|2026-07-21 10:14"",""threshold"":1.5,""value"":4.9,""since_minute_bucket_ist"":"""",""last_updated_ist"":""2026-07-21 10:14:00""}"
2026-07-21 00:00:00,2026-07-21 10:14:00,60,NIFTY,CHURN_COMMITTED,ON,MED,-0.0002,Price move + aligned flow (committed),"{""dedupe_key"":""NIFTY|CHURN_COMMITTED|ON|2026-07-21 10:14"",""threshold"":0.0001,""value"":-0.0002,""since_minute_bucket_ist"":"""",""last_updated_ist"":""2026-07-21 10:14:00""}"
2026-07-21 00:00:00,2026-07-21 10:14:00,60,NIFTY,WALL_PRESSURE_BREAK_SETUP,ON,MED,-5.350000000002183,Pressure building into a wall (break setup),"{""dedupe_key"":""NIFTY|WALL_PRESSURE_BREAK_SETUP|ON|2026-07-21 10:14"",""threshold"":0,""value"":-5.350000000002183,""since_minute_bucket_ist"":"""",""last_updated_ist"":""2026-07-21 10:14:00""}"
2026-07-21 00:00:00,2026-07-21 10:15:00,61,NIFTY,VOL_EXPANSION,ON,MED,0.0405,Volatility expanding (straddle up),"{""dedupe_key"":""NIFTY|VOL_EXPANSION|ON|2026-07-21 10:15"",""threshold"":0.02,""value"":0.0405,""since_minute_bucket_ist"":"""",""last_updated_ist"":""2026-07-21 10:15:00""}"
2026-07-21 00:00:00,2026-07-21 10:15:00,61,NIFTY,WALL_UNWIND_CONFIRM_DOWN,ON,MED,-0.0095,Put wall OI unwinding (5m),"{""dedupe_key"":""NIFTY|WALL_UNWIND_CONFIRM_DOWN|ON|2026-07-21 10:15"",""threshold"":-0.006,""value"":-0.0095,""since_minute_bucket_ist"":"""",""last_updated_ist"":""2026-07-21 10:15:00""}"
2026-07-21 00:00:00,2026-07-21 10:16:00,62,NIFTY,TRADE_LIMIT_REACHED,ON,MED,1,Cooldown active (2m),"{""dedupe_key"":""NIFTY|TRADE_LIMIT_REACHED|ON|2026-07-21 10:16"",""threshold"":500,""value"":1,""since_minute_bucket_ist"":"""",""last_updated_ist"":""2026-07-21 10:16:00""}"
2026-07-21 00:00:00,2026-07-21 10:16:00,62,NIFTY,FLOW_BEARISH_BUILD,OFF,HIGH,0.0048,Bearish build (premium-confirmed writing / resistance),"{""dedupe_key"":""NIFTY|FLOW_BEARISH_BUILD|OFF|2026-07-21 10:16"",""threshold"":0.005,""value"":0.0048,""since_minute_bucket_ist"":""2026-07-21 10:14"",""last_updated_ist"":""2026-07-21 10:16:00""}"
2026-07-21 00:00:00,2026-07-21 10:16:00,62,NIFTY,REGIME_TREND_DOWN,OFF,MED,-0.0005,Trend DOWN (slope + direction),"{""dedupe_key"":""NIFTY|REGIME_TREND_DOWN|OFF|2026-07-21 10:16"",""threshold"":-0.0004,""value"":-0.0005,""since_minute_bucket_ist"":""2026-07-21 10:14"",""last_updated_ist"":""2026-07-21 10:16:00""}"
2026-07-21 00:00:00,2026-07-21 10:16:00,62,NIFTY,REGIME_TRANSITION_UNCERTAIN,ON,LOW,1,Transition/uncertain regime,"{""dedupe_key"":""NIFTY|REGIME_TRANSITION_UNCERTAIN|ON|2026-07-21 10:16"",""threshold"":1,""value"":1,""since_minute_bucket_ist"":"""",""last_updated_ist"":""2026-07-21 10:16:00""}"
2026-07-21 00:00:00,2026-07-21 10:16:00,62,NIFTY,PIN_BREAKOUT_SETUP,OFF,MED,2.150000000001455,Pin breakout setup (wall touch + aligned flow),"{""dedupe_key"":""NIFTY|PIN_BREAKOUT_SETUP|OFF|2026-07-21 10:16"",""threshold"":0,""value"":2.150000000001455,""since_minute_bucket_ist"":""2026-07-21 10:14"",""last_updated_ist"":""2026-07-21 10:16:00""}"
2026-07-21 00:00:00,2026-07-21 10:16:00,62,NIFTY,VOL_EXPANSION,OFF,MED,-0.0089,Volatility expanding (straddle up),"{""dedupe_key"":""NIFTY|VOL_EXPANSION|OFF|2026-07-21 10:16"",""threshold"":0.02,""value"":-0.0089,""since_minute_bucket_ist"":""2026-07-21 10:15"",""last_updated_ist"":""2026-07-21 10:16:00""}"
2026-07-21 00:00:00,2026-07-21 10:16:00,62,NIFTY,OPTION_MOMENTUM_CALL,ON,MED,3.1,ATM CALL momentum (ltp up + vol up),"{""dedupe_key"":""NIFTY|OPTION_MOMENTUM_CALL|ON|2026-07-21 10:16"",""threshold"":1.5,""value"":3.1,""since_minute_bucket_ist"":"""",""last_updated_ist"":""2026-07-21 10:16:00""}"
2026-07-21 00:00:00,2026-07-21 10:16:00,62,NIFTY,OPTION_MOMENTUM_PUT,OFF,MED,-6.8,ATM PUT momentum (ltp up + vol up),"{""dedupe_key"":""NIFTY|OPTION_MOMENTUM_PUT|OFF|2026-07-21 10:16"",""threshold"":1.5,""value"":-6.8,""since_minute_bucket_ist"":""2026-07-21 10:14"",""last_updated_ist"":""2026-07-21 10:16:00""}"
2026-07-21 00:00:00,2026-07-21 10:16:00,62,NIFTY,CHURN_COMMITTED,OFF,MED,0.0001,Price move + aligned flow (committed),"{""dedupe_key"":""NIFTY|CHURN_COMMITTED|OFF|2026-07-21 10:16"",""threshold"":0.0001,""value"":0.0001,""since_minute_bucket_ist"":""2026-07-21 10:14"",""last_updated_ist"":""2026-07-21 10:16:00""}"
2026-07-21 00:00:00,2026-07-21 10:16:00,62,NIFTY,WALL_PRESSURE_BREAK_SETUP,OFF,MED,2.150000000001455,Pressure building into a wall (break setup),"{""dedupe_key"":""NIFTY|WALL_PRESSURE_BREAK_SETUP|OFF|2026-07-21 10:16"",""threshold"":0,""value"":2.150000000001455,""since_minute_bucket_ist"":""2026-07-21 10:14"",""last_updated_ist"":""2026-07-21 10:16:00""}"
2026-07-21 00:00:00,2026-07-21 10:17:00,63,NIFTY,TRADE_LIMIT_REACHED,OFF,MED,1,Cooldown active (2m),"{""dedupe_key"":""NIFTY|TRADE_LIMIT_REACHED|OFF|2026-07-21 10:17"",""threshold"":500,""value"":1,""since_minute_bucket_ist"":""2026-07-21 10:16"",""last_updated_ist"":""2026-07-21 10:17:00""}"
2026-07-21 00:00:00,2026-07-21 10:17:00,63,NIFTY,FLOW_BEARISH_BUILD,ON,HIGH,0.0154,Bearish build (premium-confirmed writing / resistance),"{""dedupe_key"":""NIFTY|FLOW_BEARISH_BUILD|ON|2026-07-21 10:17"",""threshold"":0.005,""value"":0.0154,""since_minute_bucket_ist"":"""",""last_updated_ist"":""2026-07-21 10:17:00""}"
2026-07-21 00:00:00,2026-07-21 10:17:00,63,NIFTY,REGIME_TREND_DOWN,ON,MED,-0.0007,Trend DOWN (slope + direction),"{""dedupe_key"":""NIFTY|REGIME_TREND_DOWN|ON|2026-07-21 10:17"",""threshold"":-0.0004,""value"":-0.0007,""since_minute_bucket_ist"":"""",""last_updated_ist"":""2026-07-21 10:17:00""}"
2026-07-21 00:00:00,2026-07-21 10:17:00,63,NIFTY,REGIME_TRANSITION_UNCERTAIN,OFF,LOW,1,Transition/uncertain regime,"{""dedupe_key"":""NIFTY|REGIME_TRANSITION_UNCERTAIN|OFF|2026-07-21 10:17"",""threshold"":1,""value"":1,""since_minute_bucket_ist"":""2026-07-21 10:16"",""last_updated_ist"":""2026-07-21 10:17:00""}"
2026-07-21 00:00:00,2026-07-21 10:17:00,63,NIFTY,PIN_BREAKOUT_SETUP,ON,MED,-1.25,Pin breakout setup (wall touch + aligned flow),"{""dedupe_key"":""NIFTY|PIN_BREAKOUT_SETUP|ON|2026-07-21 10:17"",""threshold"":0,""value"":-1.25,""since_minute_bucket_ist"":"""",""last_updated_ist"":""2026-07-21 10:17:00""}"
2026-07-21 00:00:00,2026-07-21 10:17:00,63,NIFTY,VOL_CONTRACTION,ON,LOW,-0.0143,Volatility contracting (straddle down),"{""dedupe_key"":""NIFTY|VOL_CONTRACTION|ON|2026-07-21 10:17"",""threshold"":-0.03,""value"":-0.0143,""since_minute_bucket_ist"":"""",""last_updated_ist"":""2026-07-21 10:17:00""}"
2026-07-21 00:00:00,2026-07-21 10:17:00,63,NIFTY,OPTION_MOMENTUM_CALL,OFF,MED,-2.9,ATM CALL momentum (ltp up + vol up),"{""dedupe_key"":""NIFTY|OPTION_MOMENTUM_CALL|OFF|2026-07-21 10:17"",""threshold"":1.5,""value"":-2.9,""since_minute_bucket_ist"":""2026-07-21 10:16"",""last_updated_ist"":""2026-07-21 10:17:00""}"
2026-07-21 00:00:00,2026-07-21 10:17:00,63,NIFTY,OPTION_MOMENTUM_PUT,ON,MED,2.1,ATM PUT momentum (ltp up + vol up),"{""dedupe_key"":""NIFTY|OPTION_MOMENTUM_PUT|ON|2026-07-21 10:17"",""threshold"":1.5,""value"":2.1,""since_minute_bucket_ist"":"""",""last_updated_ist"":""2026-07-21 10:17:00""}"
2026-07-21 00:00:00,2026-07-21 10:17:00,63,NIFTY,STEALTH_BUILD_BEAR,ON,MED,0.0154,"Stealth bearish build (calls build, spot flat)","{""dedupe_key"":""NIFTY|STEALTH_BUILD_BEAR|ON|2026-07-21 10:17"",""threshold"":0.008,""value"":0.0154,""since_minute_bucket_ist"":"""",""last_updated_ist"":""2026-07-21 10:17:00""}"
2026-07-21 00:00:00,2026-07-21 10:17:00,63,NIFTY,WALL_PRESSURE_BREAK_SETUP,ON,MED,-1.25,Pressure building into a wall (break setup),"{""dedupe_key"":""NIFTY|WALL_PRESSURE_BREAK_SETUP|ON|2026-07-21 10:17"",""threshold"":0,""value"":-1.25,""since_minute_bucket_ist"":"""",""last_updated_ist"":""2026-07-21 10:17:00""}"
2026-07-21 00:00:00,2026-07-21 10:18:00,64,NIFTY,TRADE_LIMIT_REACHED,ON,MED,2,Cooldown active (2m),"{""dedupe_key"":""NIFTY|TRADE_LIMIT_REACHED|ON|2026-07-21 10:18"",""threshold"":500,""value"":2,""since_minute_bucket_ist"":"""",""last_updated_ist"":""2026-07-21 10:18:00""}"
2026-07-21 00:00:00,2026-07-21 10:18:00,64,NIFTY,FLOW_BOTH_BUILDING,ON,MED,0.008,Both sides building (straddle build) → higher chop risk,"{""dedupe_key"":""NIFTY|FLOW_BOTH_BUILDING|ON|2026-07-21 10:18"",""threshold"":0.005,""value"":0.008,""since_minute_bucket_ist"":"""",""last_updated_ist"":""2026-07-21 10:18:00""}"
2026-07-21 00:00:00,2026-07-21 10:18:00,64,NIFTY,FLOW_BEARISH_BUILD,OFF,HIGH,0.008,Bearish build (premium-confirmed writing / resistance),"{""dedupe_key"":""NIFTY|FLOW_BEARISH_BUILD|OFF|2026-07-21 10:18"",""threshold"":0.005,""value"":0.008,""since_minute_bucket_ist"":""2026-07-21 10:17"",""last_updated_ist"":""2026-07-21 10:18:00""}"
2026-07-21 00:00:00,2026-07-21 10:18:00,64,NIFTY,PIN_BREAKOUT_SETUP,OFF,MED,-0.5,Pin breakout setup (wall touch + aligned flow),"{""dedupe_key"":""NIFTY|PIN_BREAKOUT_SETUP|OFF|2026-07-21 10:18"",""threshold"":0,""value"":-0.5,""since_minute_bucket_ist"":""2026-07-21 10:17"",""last_updated_ist"":""2026-07-21 10:18:00""}"
2026-07-21 00:00:00,2026-07-21 10:18:00,64,NIFTY,EXP_RANGE_BREAKOUT_WATCH_DOWN,OFF,MED,24207.15,Expected-range watch DOWN,"{""dedupe_key"":""NIFTY|EXP_RANGE_BREAKOUT_WATCH_DOWN|OFF|2026-07-21 10:18"",""threshold"":24206.75,""value"":24207.15,""since_minute_bucket_ist"":""2026-07-21 10:13"",""last_updated_ist"":""2026-07-21 10:18:00""}"
2026-07-21 00:00:00,2026-07-21 10:18:00,64,NIFTY,EXP_RANGE_BREAKOUT_CONFIRMED_DOWN,OFF,HIGH,0,Expected-range breakout CONFIRMED DOWN,"{""dedupe_key"":""NIFTY|EXP_RANGE_BREAKOUT_CONFIRMED_DOWN|OFF|2026-07-21 10:18"",""threshold"":2,""value"":0,""since_minute_bucket_ist"":""2026-07-21 10:14"",""last_updated_ist"":""2026-07-21 10:18:00""}"
2026-07-21 00:00:00,2026-07-21 10:18:00,64,NIFTY,OPTION_MOMENTUM_PUT,OFF,MED,-1.05,ATM PUT momentum (ltp up + vol up),"{""dedupe_key"":""NIFTY|OPTION_MOMENTUM_PUT|OFF|2026-07-21 10:18"",""threshold"":1.5,""value"":-1.05,""since_minute_bucket_ist"":""2026-07-21 10:17"",""last_updated_ist"":""2026-07-21 10:18:00""}"
2026-07-21 00:00:00,2026-07-21 10:18:00,64,NIFTY,STEALTH_BUILD_BEAR,OFF,MED,0.008,"Stealth bearish build (calls build, spot flat)","{""dedupe_key"":""NIFTY|STEALTH_BUILD_BEAR|OFF|2026-07-21 10:18"",""threshold"":0.008,""value"":0.008,""since_minute_bucket_ist"":""2026-07-21 10:17"",""last_updated_ist"":""2026-07-21 10:18:00""}"
2026-07-21 00:00:00,2026-07-21 10:18:00,64,NIFTY,WALL_PRESSURE_BREAK_SETUP,OFF,MED,-0.5,Pressure building into a wall (break setup),"{""dedupe_key"":""NIFTY|WALL_PRESSURE_BREAK_SETUP|OFF|2026-07-21 10:18"",""threshold"":0,""value"":-0.5,""since_minute_bucket_ist"":""2026-07-21 10:17"",""last_updated_ist"":""2026-07-21 10:18:00""}"
2026-07-21 00:00:00,2026-07-21 10:19:00,65,NIFTY,TRADE_LIMIT_REACHED,OFF,MED,2,Cooldown active (2m),"{""dedupe_key"":""NIFTY|TRADE_LIMIT_REACHED|OFF|2026-07-21 10:19"",""threshold"":500,""value"":2,""since_minute_bucket_ist"":""2026-07-21 10:18"",""last_updated_ist"":""2026-07-21 10:19:00""}"
2026-07-21 00:00:00,2026-07-21 10:19:00,65,NIFTY,FLOW_BOTH_BUILDING,OFF,MED,0.004,Both sides building (straddle build) → higher chop risk,"{""dedupe_key"":""NIFTY|FLOW_BOTH_BUILDING|OFF|2026-07-21 10:19"",""threshold"":0.005,""value"":0.004,""since_minute_bucket_ist"":""2026-07-21 10:18"",""last_updated_ist"":""2026-07-21 10:19:00""}"
2026-07-21 00:00:00,2026-07-21 10:19:00,65,NIFTY,REGIME_TREND_DOWN,OFF,MED,-0.0003,Trend DOWN (slope + direction),"{""dedupe_key"":""NIFTY|REGIME_TREND_DOWN|OFF|2026-07-21 10:19"",""threshold"":-0.0004,""value"":-0.0003,""since_minute_bucket_ist"":""2026-07-21 10:17"",""last_updated_ist"":""2026-07-21 10:19:00""}"
2026-07-21 00:00:00,2026-07-21 10:19:00,65,NIFTY,REGIME_TRANSITION_UNCERTAIN,ON,LOW,1,Transition/uncertain regime,"{""dedupe_key"":""NIFTY|REGIME_TRANSITION_UNCERTAIN|ON|2026-07-21 10:19"",""threshold"":1,""value"":1,""since_minute_bucket_ist"":"""",""last_updated_ist"":""2026-07-21 10:19:00""}"
2026-07-21 00:00:00,2026-07-21 10:20:00,66,NIFTY,REGIME_RANGE_PIN,ON,LOW,0.0001,Range / pin (inside local walls),"{""dedupe_key"":""NIFTY|REGIME_RANGE_PIN|ON|2026-07-21 10:20"",""threshold"":0.0004,""value"":0.0001,""since_minute_bucket_ist"":"""",""last_updated_ist"":""2026-07-21 10:20:00""}"
2026-07-21 00:00:00,2026-07-21 10:20:00,66,NIFTY,REGIME_TRANSITION_UNCERTAIN,OFF,LOW,1,Transition/uncertain regime,"{""dedupe_key"":""NIFTY|REGIME_TRANSITION_UNCERTAIN|OFF|2026-07-21 10:20"",""threshold"":1,""value"":1,""since_minute_bucket_ist"":""2026-07-21 10:19"",""last_updated_ist"":""2026-07-21 10:20:00""}"
2026-07-21 00:00:00,2026-07-21 10:20:00,66,NIFTY,VOL_CONTRACTION,OFF,LOW,-0.0102,Volatility contracting (straddle down),"{""dedupe_key"":""NIFTY|VOL_CONTRACTION|OFF|2026-07-21 10:20"",""threshold"":-0.03,""value"":-0.0102,""since_minute_bucket_ist"":""2026-07-21 10:17"",""last_updated_ist"":""2026-07-21 10:20:00""}"
2026-07-21 00:00:00,2026-07-21 10:21:00,67,NIFTY,OPTION_MOMENTUM_PUT,ON,MED,1.8,ATM PUT momentum (ltp up + vol up),"{""dedupe_key"":""NIFTY|OPTION_MOMENTUM_PUT|ON|2026-07-21 10:21"",""threshold"":1.5,""value"":1.8,""since_minute_bucket_ist"":"""",""last_updated_ist"":""2026-07-21 10:21:00""}"
2026-07-21 00:00:00,2026-07-21 10:21:00,67,NIFTY,WALL_UNWIND_CONFIRM_DOWN,OFF,MED,0.0244,Put wall OI unwinding (5m),"{""dedupe_key"":""NIFTY|WALL_UNWIND_CONFIRM_DOWN|OFF|2026-07-21 10:21"",""threshold"":-0.006,""value"":0.0244,""since_minute_bucket_ist"":""2026-07-21 10:15"",""last_updated_ist"":""2026-07-21 10:21:00""}"
2026-07-21 00:00:00,2026-07-21 10:21:00,67,NIFTY,STEALTH_BUILD_BEAR,ON,MED,0.0154,"Stealth bearish build (calls build, spot flat)","{""dedupe_key"":""NIFTY|STEALTH_BUILD_BEAR|ON|2026-07-21 10:21"",""threshold"":0.008,""value"":0.0154,""since_minute_bucket_ist"":"""",""last_updated_ist"":""2026-07-21 10:21:00""}"
2026-07-21 00:00:00,2026-07-21 10:22:00,68,NIFTY,VOL_EXPANSION,ON,MED,0.0207,Volatility expanding (straddle up),"{""dedupe_key"":""NIFTY|VOL_EXPANSION|ON|2026-07-21 10:22"",""threshold"":0.02,""value"":0.0207,""since_minute_bucket_ist"":"""",""last_updated_ist"":""2026-07-21 10:22:00""}"
2026-07-21 00:00:00,2026-07-21 10:22:00,68,NIFTY,OPTION_MOMENTUM_PUT,OFF,MED,0,ATM PUT momentum (ltp up + vol up),"{""dedupe_key"":""NIFTY|OPTION_MOMENTUM_PUT|OFF|2026-07-21 10:22"",""threshold"":1.5,""value"":0,""since_minute_bucket_ist"":""2026-07-21 10:21"",""last_updated_ist"":""2026-07-21 10:22:00""}"
2026-07-21 00:00:00,2026-07-21 10:22:00,68,NIFTY,STEALTH_BUILD_BEAR,OFF,MED,0,"Stealth bearish build (calls build, spot flat)","{""dedupe_key"":""NIFTY|STEALTH_BUILD_BEAR|OFF|2026-07-21 10:22"",""threshold"":0.008,""value"":0,""since_minute_bucket_ist"":""2026-07-21 10:21"",""last_updated_ist"":""2026-07-21 10:22:00""}"
2026-07-21 00:00:00,2026-07-21 10:23:00,69,NIFTY,FLOW_BEARISH_BUILD,ON,HIGH,0.0045,Bearish build (premium-confirmed writing / resistance),"{""dedupe_key"":""NIFTY|FLOW_BEARISH_BUILD|ON|2026-07-21 10:23"",""threshold"":0.005,""value"":0.0045,""since_minute_bucket_ist"":"""",""last_updated_ist"":""2026-07-21 10:23:00""}"
2026-07-21 00:00:00,2026-07-21 10:23:00,69,NIFTY,REGIME_TREND_DOWN,ON,MED,-0.0005,Trend DOWN (slope + direction),"{""dedupe_key"":""NIFTY|REGIME_TREND_DOWN|ON|2026-07-21 10:23"",""threshold"":-0.0004,""value"":-0.0005,""since_minute_bucket_ist"":"""",""last_updated_ist"":""2026-07-21 10:23:00""}"
2026-07-21 00:00:00,2026-07-21 10:23:00,69,NIFTY,REGIME_RANGE_PIN,OFF,LOW,0.0001,Range / pin (inside local walls),"{""dedupe_key"":""NIFTY|REGIME_RANGE_PIN|OFF|2026-07-21 10:23"",""threshold"":0.0004,""value"":0.0001,""since_minute_bucket_ist"":""2026-07-21 10:20"",""last_updated_ist"":""2026-07-21 10:23:00""}"
2026-07-21 00:00:00,2026-07-21 10:23:00,69,NIFTY,PIN_BREAKOUT_SETUP,ON,MED,-10.30000000000291,Pin breakout setup (wall touch + aligned flow),"{""dedupe_key"":""NIFTY|PIN_BREAKOUT_SETUP|ON|2026-07-21 10:23"",""threshold"":0,""value"":-10.30000000000291,""since_minute_bucket_ist"":"""",""last_updated_ist"":""2026-07-21 10:23:00""}"
2026-07-21 00:00:00,2026-07-21 10:23:00,69,NIFTY,EXP_RANGE_BREAKOUT_WATCH_DOWN,ON,MED,24195.85,Expected-range watch DOWN,"{""dedupe_key"":""NIFTY|EXP_RANGE_BREAKOUT_WATCH_DOWN|ON|2026-07-21 10:23"",""threshold"":24199.28,""value"":24195.85,""since_minute_bucket_ist"":"""",""last_updated_ist"":""2026-07-21 10:23:00""}"
2026-07-21 00:00:00,2026-07-21 10:23:00,69,NIFTY,OPTION_MOMENTUM_PUT,ON,MED,6.5,ATM PUT momentum (ltp up + vol up),"{""dedupe_key"":""NIFTY|OPTION_MOMENTUM_PUT|ON|2026-07-21 10:23"",""threshold"":1.5,""value"":6.5,""since_minute_bucket_ist"":"""",""last_updated_ist"":""2026-07-21 10:23:00""}"
2026-07-21 00:00:00,2026-07-21 10:23:00,69,NIFTY,WALL_UNWIND_CONFIRM_DOWN,ON,MED,-0.0149,Put wall OI unwinding (5m),"{""dedupe_key"":""NIFTY|WALL_UNWIND_CONFIRM_DOWN|ON|2026-07-21 10:23"",""threshold"":-0.006,""value"":-0.0149,""since_minute_bucket_ist"":"""",""last_updated_ist"":""2026-07-21 10:23:00""}"
2026-07-21 00:00:00,2026-07-21 10:23:00,69,NIFTY,CHURN_COMMITTED,ON,MED,-0.0004,Price move + aligned flow (committed),"{""dedupe_key"":""NIFTY|CHURN_COMMITTED|ON|2026-07-21 10:23"",""threshold"":0.0001,""value"":-0.0004,""since_minute_bucket_ist"":"""",""last_updated_ist"":""2026-07-21 10:23:00""}"
2026-07-21 00:00:00,2026-07-21 10:23:00,69,NIFTY,WALL_PRESSURE_BREAK_SETUP,ON,MED,-10.30000000000291,Pressure building into a wall (break setup),"{""dedupe_key"":""NIFTY|WALL_PRESSURE_BREAK_SETUP|ON|2026-07-21 10:23"",""threshold"":0,""value"":-10.30000000000291,""since_minute_bucket_ist"":"""",""last_updated_ist"":""2026-07-21 10:23:00""}"
2026-07-21 00:00:00,2026-07-21 10:24:00,70,NIFTY,TRADE_LIMIT_REACHED,ON,MED,3,Cooldown active (2m),"{""dedupe_key"":""NIFTY|TRADE_LIMIT_REACHED|ON|2026-07-21 10:24"",""threshold"":500,""value"":3,""since_minute_bucket_ist"":"""",""last_updated_ist"":""2026-07-21 10:24:00""}"
2026-07-21 00:00:00,2026-07-21 10:24:00,70,NIFTY,EXP_RANGE_BREAKOUT_CONFIRMED_DOWN,ON,HIGH,2,Expected-range breakout CONFIRMED DOWN,"{""dedupe_key"":""NIFTY|EXP_RANGE_BREAKOUT_CONFIRMED_DOWN|ON|2026-07-21 10:24"",""threshold"":2,""value"":2,""since_minute_bucket_ist"":"""",""last_updated_ist"":""2026-07-21 10:24:00""}"
2026-07-21 00:00:00,2026-07-21 10:25:00,71,NIFTY,FLOW_BEARISH_BUILD,OFF,HIGH,0.0093,Bearish build (premium-confirmed writing / resistance),"{""dedupe_key"":""NIFTY|FLOW_BEARISH_BUILD|OFF|2026-07-21 10:25"",""threshold"":0.005,""value"":0.0093,""since_minute_bucket_ist"":""2026-07-21 10:23"",""last_updated_ist"":""2026-07-21 10:25:00""}"
2026-07-21 00:00:00,2026-07-21 10:25:00,71,NIFTY,REGIME_TREND_DOWN,OFF,MED,-0.0004,Trend DOWN (slope + direction),"{""dedupe_key"":""NIFTY|REGIME_TREND_DOWN|OFF|2026-07-21 10:25"",""threshold"":-0.0004,""value"":-0.0004,""since_minute_bucket_ist"":""2026-07-21 10:23"",""last_updated_ist"":""2026-07-21 10:25:00""}"
2026-07-21 00:00:00,2026-07-21 10:25:00,71,NIFTY,REGIME_TRANSITION_UNCERTAIN,ON,LOW,1,Transition/uncertain regime,"{""dedupe_key"":""NIFTY|REGIME_TRANSITION_UNCERTAIN|ON|2026-07-21 10:25"",""threshold"":1,""value"":1,""since_minute_bucket_ist"":"""",""last_updated_ist"":""2026-07-21 10:25:00""}"
2026-07-21 00:00:00,2026-07-21 10:25:00,71,NIFTY,PIN_BREAKOUT_SETUP,OFF,MED,4.200000000000728,Pin breakout setup (wall touch + aligned flow),"{""dedupe_key"":""NIFTY|PIN_BREAKOUT_SETUP|OFF|2026-07-21 10:25"",""threshold"":0,""value"":4.200000000000728,""since_minute_bucket_ist"":""2026-07-21 10:23"",""last_updated_ist"":""2026-07-21 10:25:00""}"
2026-07-21 00:00:00,2026-07-21 10:25:00,71,NIFTY,EXP_RANGE_BREAKOUT_WATCH_DOWN,OFF,MED,24197,Expected-range watch DOWN,"{""dedupe_key"":""NIFTY|EXP_RANGE_BREAKOUT_WATCH_DOWN|OFF|2026-07-21 10:25"",""threshold"":24196.52,""value"":24197,""since_minute_bucket_ist"":""2026-07-21 10:23"",""last_updated_ist"":""2026-07-21 10:25:00""}"
2026-07-21 00:00:00,2026-07-21 10:25:00,71,NIFTY,EXP_RANGE_BREAKOUT_CONFIRMED_DOWN,OFF,HIGH,0,Expected-range breakout CONFIRMED DOWN,"{""dedupe_key"":""NIFTY|EXP_RANGE_BREAKOUT_CONFIRMED_DOWN|OFF|2026-07-21 10:25"",""threshold"":2,""value"":0,""since_minute_bucket_ist"":""2026-07-21 10:24"",""last_updated_ist"":""2026-07-21 10:25:00""}"
2026-07-21 00:00:00,2026-07-21 10:25:00,71,NIFTY,VOL_EXPANSION,OFF,MED,0.006,Volatility expanding (straddle up),"{""dedupe_key"":""NIFTY|VOL_EXPANSION|OFF|2026-07-21 10:25"",""threshold"":0.02,""value"":0.006,""since_minute_bucket_ist"":""2026-07-21 10:22"",""last_updated_ist"":""2026-07-21 10:25:00""}"
2026-07-21 00:00:00,2026-07-21 10:25:00,71,NIFTY,OPTION_MOMENTUM_PUT,OFF,MED,-1.9,ATM PUT momentum (ltp up + vol up),"{""dedupe_key"":""NIFTY|OPTION_MOMENTUM_PUT|OFF|2026-07-21 10:25"",""threshold"":1.5,""value"":-1.9,""since_minute_bucket_ist"":""2026-07-21 10:23"",""last_updated_ist"":""2026-07-21 10:25:00""}"
2026-07-21 00:00:00,2026-07-21 10:25:00,71,NIFTY,CHURN_COMMITTED,OFF,MED,0.0002,Price move + aligned flow (committed),"{""dedupe_key"":""NIFTY|CHURN_COMMITTED|OFF|2026-07-21 10:25"",""threshold"":0.0001,""value"":0.0002,""since_minute_bucket_ist"":""2026-07-21 10:23"",""last_updated_ist"":""2026-07-21 10:25:00""}"
2026-07-21 00:00:00,2026-07-21 10:25:00,71,NIFTY,STEALTH_BUILD_BEAR,ON,MED,0.0093,"Stealth bearish build (calls build, spot flat)","{""dedupe_key"":""NIFTY|STEALTH_BUILD_BEAR|ON|2026-07-21 10:25"",""threshold"":0.008,""value"":0.0093,""since_minute_bucket_ist"":"""",""last_updated_ist"":""2026-07-21 10:25:00""}"
2026-07-21 00:00:00,2026-07-21 10:25:00,71,NIFTY,WALL_PRESSURE_BREAK_SETUP,OFF,MED,4.200000000000728,Pressure building into a wall (break setup),"{""dedupe_key"":""NIFTY|WALL_PRESSURE_BREAK_SETUP|OFF|2026-07-21 10:25"",""threshold"":0,""value"":4.200000000000728,""since_minute_bucket_ist"":""2026-07-21 10:23"",""last_updated_ist"":""2026-07-21 10:25:00""}"
2026-07-21 00:00:00,2026-07-21 10:26:00,72,NIFTY,TRADE_LIMIT_REACHED,OFF,MED,3,Cooldown active (2m),"{""dedupe_key"":""NIFTY|TRADE_LIMIT_REACHED|OFF|2026-07-21 10:26"",""threshold"":500,""value"":3,""since_minute_bucket_ist"":""2026-07-21 10:24"",""last_updated_ist"":""2026-07-21 10:26:00""}"
2026-07-21 00:00:00,2026-07-21 10:26:00,72,NIFTY,FLOW_BOTH_BUILDING,ON,MED,0.0067,Both sides building (straddle build) → higher chop risk,"{""dedupe_key"":""NIFTY|FLOW_BOTH_BUILDING|ON|2026-07-21 10:26"",""threshold"":0.005,""value"":0.0067,""since_minute_bucket_ist"":"""",""last_updated_ist"":""2026-07-21 10:26:00""}"
2026-07-21 00:00:00,2026-07-21 10:26:00,72,NIFTY,REGIME_TREND_DOWN,ON,MED,-0.0005,Trend DOWN (slope + direction),"{""dedupe_key"":""NIFTY|REGIME_TREND_DOWN|ON|2026-07-21 10:26"",""threshold"":-0.0004,""value"":-0.0005,""since_minute_bucket_ist"":"""",""last_updated_ist"":""2026-07-21 10:26:00""}"
2026-07-21 00:00:00,2026-07-21 10:26:00,72,NIFTY,REGIME_TRANSITION_UNCERTAIN,OFF,LOW,1,Transition/uncertain regime,"{""dedupe_key"":""NIFTY|REGIME_TRANSITION_UNCERTAIN|OFF|2026-07-21 10:26"",""threshold"":1,""value"":1,""since_minute_bucket_ist"":""2026-07-21 10:25"",""last_updated_ist"":""2026-07-21 10:26:00""}"
2026-07-21 00:00:00,2026-07-21 10:26:00,72,NIFTY,EXP_RANGE_BREAKOUT_WATCH_DOWN,ON,MED,24193.2,Expected-range watch DOWN,"{""dedupe_key"":""NIFTY|EXP_RANGE_BREAKOUT_WATCH_DOWN|ON|2026-07-21 10:26"",""threshold"":24194.72,""value"":24193.2,""since_minute_bucket_ist"":"""",""last_updated_ist"":""2026-07-21 10:26:00""}"
2026-07-21 00:00:00,2026-07-21 10:26:00,72,NIFTY,STEALTH_BUILD_BEAR,OFF,MED,0.0087,"Stealth bearish build (calls build, spot flat)","{""dedupe_key"":""NIFTY|STEALTH_BUILD_BEAR|OFF|2026-07-21 10:26"",""threshold"":0.008,""value"":0.0087,""since_minute_bucket_ist"":""2026-07-21 10:25"",""last_updated_ist"":""2026-07-21 10:26:00""}"
2026-07-21 00:00:00,2026-07-21 10:27:00,73,NIFTY,FLOW_BOTH_BUILDING,OFF,MED,-0.0061,Both sides building (straddle build) → higher chop risk,"{""dedupe_key"":""NIFTY|FLOW_BOTH_BUILDING|OFF|2026-07-21 10:27"",""threshold"":0.005,""value"":-0.0061,""since_minute_bucket_ist"":""2026-07-21 10:26"",""last_updated_ist"":""2026-07-21 10:27:00""}"
2026-07-21 00:00:00,2026-07-21 10:27:00,73,NIFTY,FLOW_BEARISH_BUILD,ON,HIGH,0.0075,Bearish build (premium-confirmed writing / resistance),"{""dedupe_key"":""NIFTY|FLOW_BEARISH_BUILD|ON|2026-07-21 10:27"",""threshold"":0.005,""value"":0.0075,""since_minute_bucket_ist"":"""",""last_updated_ist"":""2026-07-21 10:27:00""}"
2026-07-21 00:00:00,2026-07-21 10:27:00,73,NIFTY,PIN_BREAKOUT_SETUP,ON,MED,-3,Pin breakout setup (wall touch + aligned flow),"{""dedupe_key"":""NIFTY|PIN_BREAKOUT_SETUP|ON|2026-07-21 10:27"",""threshold"":0,""value"":-3,""since_minute_bucket_ist"":"""",""last_updated_ist"":""2026-07-21 10:27:00""}"
2026-07-21 00:00:00,2026-07-21 10:27:00,73,NIFTY,EXP_RANGE_BREAKOUT_CONFIRMED_DOWN,ON,HIGH,2,Expected-range breakout CONFIRMED DOWN,"{""dedupe_key"":""NIFTY|EXP_RANGE_BREAKOUT_CONFIRMED_DOWN|ON|2026-07-21 10:27"",""threshold"":2,""value"":2,""since_minute_bucket_ist"":"""",""last_updated_ist"":""2026-07-21 10:27:00""}"
2026-07-21 00:00:00,2026-07-21 10:27:00,73,NIFTY,CHURN_COMMITTED,ON,MED,-0.0001,Price move + aligned flow (committed),"{""dedupe_key"":""NIFTY|CHURN_COMMITTED|ON|2026-07-21 10:27"",""threshold"":0.0001,""value"":-0.0001,""since_minute_bucket_ist"":"""",""last_updated_ist"":""2026-07-21 10:27:00""}"
2026-07-21 00:00:00,2026-07-21 10:27:00,73,NIFTY,TAIL_RISK_SKEW_LOW,ON,LOW,0.54,Tail-risk skew low (PCR_COI low),"{""dedupe_key"":""NIFTY|TAIL_RISK_SKEW_LOW|ON|2026-07-21 10:27"",""threshold"":0.55,""value"":0.54,""since_minute_bucket_ist"":"""",""last_updated_ist"":""2026-07-21 10:27:00""}"
2026-07-21 00:00:00,2026-07-21 10:27:00,73,NIFTY,WALL_PRESSURE_BREAK_SETUP,ON,MED,-3,Pressure building into a wall (break setup),"{""dedupe_key"":""NIFTY|WALL_PRESSURE_BREAK_SETUP|ON|2026-07-21 10:27"",""threshold"":0,""value"":-3,""since_minute_bucket_ist"":"""",""last_updated_ist"":""2026-07-21 10:27:00""}"
2026-07-21 00:00:00,2026-07-21 10:28:00,74,NIFTY,FLOW_BEARISH_BUILD,OFF,HIGH,0.0043,Bearish build (premium-confirmed writing / resistance),"{""dedupe_key"":""NIFTY|FLOW_BEARISH_BUILD|OFF|2026-07-21 10:28"",""threshold"":0.005,""value"":0.0043,""since_minute_bucket_ist"":""2026-07-21 10:27"",""last_updated_ist"":""2026-07-21 10:28:00""}"
2026-07-21 00:00:00,2026-07-21 10:28:00,74,NIFTY,REGIME_TREND_DOWN,OFF,MED,-0.0002,Trend DOWN (slope + direction),"{""dedupe_key"":""NIFTY|REGIME_TREND_DOWN|OFF|2026-07-21 10:28"",""threshold"":-0.0004,""value"":-0.0002,""since_minute_bucket_ist"":""2026-07-21 10:26"",""last_updated_ist"":""2026-07-21 10:28:00""}"
2026-07-21 00:00:00,2026-07-21 10:28:00,74,NIFTY,REGIME_TRANSITION_UNCERTAIN,ON,LOW,1,Transition/uncertain regime,"{""dedupe_key"":""NIFTY|REGIME_TRANSITION_UNCERTAIN|ON|2026-07-21 10:28"",""threshold"":1,""value"":1,""since_minute_bucket_ist"":"""",""last_updated_ist"":""2026-07-21 10:28:00""}"
2026-07-21 00:00:00,2026-07-21 10:28:00,74,NIFTY,PIN_BREAKOUT_SETUP,OFF,MED,2,Pin breakout setup (wall touch + aligned flow),"{""dedupe_key"":""NIFTY|PIN_BREAKOUT_SETUP|OFF|2026-07-21 10:28"",""threshold"":0,""value"":2,""since_minute_bucket_ist"":""2026-07-21 10:27"",""last_updated_ist"":""2026-07-21 10:28:00""}"
2026-07-21 00:00:00,2026-07-21 10:28:00,74,NIFTY,EXP_RANGE_BREAKOUT_WATCH_DOWN,OFF,MED,24192.2,Expected-range watch DOWN,"{""dedupe_key"":""NIFTY|EXP_RANGE_BREAKOUT_WATCH_DOWN|OFF|2026-07-21 10:28"",""threshold"":24190.8,""value"":24192.2,""since_minute_bucket_ist"":""2026-07-21 10:26"",""last_updated_ist"":""2026-07-21 10:28:00""}"
2026-07-21 00:00:00,2026-07-21 10:28:00,74,NIFTY,EXP_RANGE_BREAKOUT_CONFIRMED_DOWN,OFF,HIGH,0,Expected-range breakout CONFIRMED DOWN,"{""dedupe_key"":""NIFTY|EXP_RANGE_BREAKOUT_CONFIRMED_DOWN|OFF|2026-07-21 10:28"",""threshold"":2,""value"":0,""since_minute_bucket_ist"":""2026-07-21 10:27"",""last_updated_ist"":""2026-07-21 10:28:00""}"
2026-07-21 00:00:00,2026-07-21 10:28:00,74,NIFTY,CHURN_COMMITTED,OFF,MED,0.0001,Price move + aligned flow (committed),"{""dedupe_key"":""NIFTY|CHURN_COMMITTED|OFF|2026-07-21 10:28"",""threshold"":0.0001,""value"":0.0001,""since_minute_bucket_ist"":""2026-07-21 10:27"",""last_updated_ist"":""2026-07-21 10:28:00""}"
2026-07-21 00:00:00,2026-07-21 10:28:00,74,NIFTY,WALL_PRESSURE_BREAK_SETUP,OFF,MED,2,Pressure building into a wall (break setup),"{""dedupe_key"":""NIFTY|WALL_PRESSURE_BREAK_SETUP|OFF|2026-07-21 10:28"",""threshold"":0,""value"":2,""since_minute_bucket_ist"":""2026-07-21 10:27"",""last_updated_ist"":""2026-07-21 10:28:00""}"
2026-07-21 00:00:00,2026-07-21 10:29:00,75,NIFTY,VOL_CONTRACTION,ON,LOW,-0.0302,Volatility contracting (straddle down),"{""dedupe_key"":""NIFTY|VOL_CONTRACTION|ON|2026-07-21 10:29"",""threshold"":-0.03,""value"":-0.0302,""since_minute_bucket_ist"":"""",""last_updated_ist"":""2026-07-21 10:29:00""}"
2026-07-21 00:00:00,2026-07-21 10:29:00,75,NIFTY,OPTION_MOMENTUM_CALL,ON,MED,1.85,ATM CALL momentum (ltp up + vol up),"{""dedupe_key"":""NIFTY|OPTION_MOMENTUM_CALL|ON|2026-07-21 10:29"",""threshold"":1.5,""value"":1.85,""since_minute_bucket_ist"":"""",""last_updated_ist"":""2026-07-21 10:29:00""}"
2026-07-21 00:00:00,2026-07-21 10:29:00,75,NIFTY,STEALTH_BUILD_BEAR,ON,MED,0.0087,"Stealth bearish build (calls build, spot flat)","{""dedupe_key"":""NIFTY|STEALTH_BUILD_BEAR|ON|2026-07-21 10:29"",""threshold"":0.008,""value"":0.0087,""since_minute_bucket_ist"":"""",""last_updated_ist"":""2026-07-21 10:29:00""}"
2026-07-21 00:00:00,2026-07-21 10:30:00,76,NIFTY,VOL_CONTRACTION,OFF,LOW,-0.016,Volatility contracting (straddle down),"{""dedupe_key"":""NIFTY|VOL_CONTRACTION|OFF|2026-07-21 10:30"",""threshold"":-0.03,""value"":-0.016,""since_minute_bucket_ist"":""2026-07-21 10:29"",""last_updated_ist"":""2026-07-21 10:30:00""}"
2026-07-21 00:00:00,2026-07-21 10:30:00,76,NIFTY,OPTION_MOMENTUM_CALL,OFF,MED,0.3,ATM CALL momentum (ltp up + vol up),"{""dedupe_key"":""NIFTY|OPTION_MOMENTUM_CALL|OFF|2026-07-21 10:30"",""threshold"":1.5,""value"":0.3,""since_minute_bucket_ist"":""2026-07-21 10:29"",""last_updated_ist"":""2026-07-21 10:30:00""}"
2026-07-21 00:00:00,2026-07-21 10:30:00,76,NIFTY,STEALTH_BUILD_BEAR,OFF,MED,0.0046,"Stealth bearish build (calls build, spot flat)","{""dedupe_key"":""NIFTY|STEALTH_BUILD_BEAR|OFF|2026-07-21 10:30"",""threshold"":0.008,""value"":0.0046,""since_minute_bucket_ist"":""2026-07-21 10:29"",""last_updated_ist"":""2026-07-21 10:30:00""}"
2026-07-21 00:00:00,2026-07-21 10:32:00,78,NIFTY,VOL_CONTRACTION,ON,LOW,-0.0243,Volatility contracting (straddle down),"{""dedupe_key"":""NIFTY|VOL_CONTRACTION|ON|2026-07-21 10:32"",""threshold"":-0.03,""value"":-0.0243,""since_minute_bucket_ist"":"""",""last_updated_ist"":""2026-07-21 10:32:00""}"
2026-07-21 00:00:00,2026-07-21 10:32:00,78,NIFTY,WALL_UNWIND_CONFIRM_DOWN,OFF,MED,0.0013,Put wall OI unwinding (5m),"{""dedupe_key"":""NIFTY|WALL_UNWIND_CONFIRM_DOWN|OFF|2026-07-21 10:32"",""threshold"":-0.006,""value"":0.0013,""since_minute_bucket_ist"":""2026-07-21 10:23"",""last_updated_ist"":""2026-07-21 10:32:00""}"
2026-07-21 00:00:00,2026-07-21 10:33:00,79,NIFTY,FLOW_BOTH_BUILDING,ON,MED,0.0102,Both sides building (straddle build) → higher chop risk,"{""dedupe_key"":""NIFTY|FLOW_BOTH_BUILDING|ON|2026-07-21 10:33"",""threshold"":0.005,""value"":0.0102,""since_minute_bucket_ist"":"""",""last_updated_ist"":""2026-07-21 10:33:00""}"
2026-07-21 00:00:00,2026-07-21 10:33:00,79,NIFTY,VOL_CONTRACTION,OFF,LOW,0.0159,Volatility contracting (straddle down),"{""dedupe_key"":""NIFTY|VOL_CONTRACTION|OFF|2026-07-21 10:33"",""threshold"":-0.03,""value"":0.0159,""since_minute_bucket_ist"":""2026-07-21 10:32"",""last_updated_ist"":""2026-07-21 10:33:00""}"
2026-07-21 00:00:00,2026-07-21 10:33:00,79,NIFTY,OPTION_MOMENTUM_PUT,ON,MED,4.2,ATM PUT momentum (ltp up + vol up),"{""dedupe_key"":""NIFTY|OPTION_MOMENTUM_PUT|ON|2026-07-21 10:33"",""threshold"":1.5,""value"":4.2,""since_minute_bucket_ist"":"""",""last_updated_ist"":""2026-07-21 10:33:00""}"
2026-07-21 00:00:00,2026-07-21 10:34:00,80,NIFTY,FLOW_BOTH_BUILDING,OFF,MED,0,Both sides building (straddle build) → higher chop risk,"{""dedupe_key"":""NIFTY|FLOW_BOTH_BUILDING|OFF|2026-07-21 10:34"",""threshold"":0.005,""value"":0,""since_minute_bucket_ist"":""2026-07-21 10:33"",""last_updated_ist"":""2026-07-21 10:34:00""}"
2026-07-21 00:00:00,2026-07-21 10:34:00,80,NIFTY,OPTION_MOMENTUM_PUT,OFF,MED,0,ATM PUT momentum (ltp up + vol up),"{""dedupe_key"":""NIFTY|OPTION_MOMENTUM_PUT|OFF|2026-07-21 10:34"",""threshold"":1.5,""value"":0,""since_minute_bucket_ist"":""2026-07-21 10:33"",""last_updated_ist"":""2026-07-21 10:34:00""}"
2026-07-21 00:00:00,2026-07-21 10:35:00,81,NIFTY,FLOW_BEARISH_BUILD,ON,HIGH,0.0039,Bearish build (premium-confirmed writing / resistance),"{""dedupe_key"":""NIFTY|FLOW_BEARISH_BUILD|ON|2026-07-21 10:35"",""threshold"":0.005,""value"":0.0039,""since_minute_bucket_ist"":"""",""last_updated_ist"":""2026-07-21 10:35:00""}"
2026-07-21 00:00:00,2026-07-21 10:35:00,81,NIFTY,PIN_BREAKOUT_SETUP,ON,MED,-2.2000000000007276,Pin breakout setup (wall touch + aligned flow),"{""dedupe_key"":""NIFTY|PIN_BREAKOUT_SETUP|ON|2026-07-21 10:35"",""threshold"":0,""value"":-2.2000000000007276,""since_minute_bucket_ist"":"""",""last_updated_ist"":""2026-07-21 10:35:00""}"
2026-07-21 00:00:00,2026-07-21 10:35:00,81,NIFTY,WALL_PRESSURE_BREAK_SETUP,ON,MED,-2.2000000000007276,Pressure building into a wall (break setup),"{""dedupe_key"":""NIFTY|WALL_PRESSURE_BREAK_SETUP|ON|2026-07-21 10:35"",""threshold"":0,""value"":-2.2000000000007276,""since_minute_bucket_ist"":"""",""last_updated_ist"":""2026-07-21 10:35:00""}"
2026-07-21 00:00:00,2026-07-21 10:36:00,82,NIFTY,STEALTH_BUILD_BEAR,ON,MED,0.008,"Stealth bearish build (calls build, spot flat)","{""dedupe_key"":""NIFTY|STEALTH_BUILD_BEAR|ON|2026-07-21 10:36"",""threshold"":0.008,""value"":0.008,""since_minute_bucket_ist"":"""",""last_updated_ist"":""2026-07-21 10:36:00""}"
2026-07-21 00:00:00,2026-07-21 10:37:00,83,NIFTY,FLOW_BEARISH_BUILD,OFF,HIGH,0,Bearish build (premium-confirmed writing / resistance),"{""dedupe_key"":""NIFTY|FLOW_BEARISH_BUILD|OFF|2026-07-21 10:37"",""threshold"":0.005,""value"":0,""since_minute_bucket_ist"":""2026-07-21 10:35"",""last_updated_ist"":""2026-07-21 10:37:00""}"
2026-07-21 00:00:00,2026-07-21 10:37:00,83,NIFTY,PIN_BREAKOUT_SETUP,OFF,MED,0,Pin breakout setup (wall touch + aligned flow),"{""dedupe_key"":""NIFTY|PIN_BREAKOUT_SETUP|OFF|2026-07-21 10:37"",""threshold"":0,""value"":0,""since_minute_bucket_ist"":""2026-07-21 10:35"",""last_updated_ist"":""2026-07-21 10:37:00""}"
2026-07-21 00:00:00,2026-07-21 10:37:00,83,NIFTY,STEALTH_BUILD_BEAR,OFF,MED,0,"Stealth bearish build (calls build, spot flat)","{""dedupe_key"":""NIFTY|STEALTH_BUILD_BEAR|OFF|2026-07-21 10:37"",""threshold"":0.008,""value"":0,""since_minute_bucket_ist"":""2026-07-21 10:36"",""last_updated_ist"":""2026-07-21 10:37:00""}"
2026-07-21 00:00:00,2026-07-21 10:37:00,83,NIFTY,WALL_PRESSURE_BREAK_SETUP,OFF,MED,0,Pressure building into a wall (break setup),"{""dedupe_key"":""NIFTY|WALL_PRESSURE_BREAK_SETUP|OFF|2026-07-21 10:37"",""threshold"":0,""value"":0,""since_minute_bucket_ist"":""2026-07-21 10:35"",""last_updated_ist"":""2026-07-21 10:37:00""}"
2026-07-21 00:00:00,2026-07-21 10:38:00,84,NIFTY,FLOW_BOTH_BUILDING,ON,MED,0.01,Both sides building (straddle build) → higher chop risk,"{""dedupe_key"":""NIFTY|FLOW_BOTH_BUILDING|ON|2026-07-21 10:38"",""threshold"":0.005,""value"":0.01,""since_minute_bucket_ist"":"""",""last_updated_ist"":""2026-07-21 10:38:00""}"
2026-07-21 00:00:00,2026-07-21 10:38:00,84,NIFTY,EXP_RANGE_BREAKOUT_WATCH_DOWN,ON,MED,24183.75,Expected-range watch DOWN,"{""dedupe_key"":""NIFTY|EXP_RANGE_BREAKOUT_WATCH_DOWN|ON|2026-07-21 10:38"",""threshold"":24187.01,""value"":24183.75,""since_minute_bucket_ist"":"""",""last_updated_ist"":""2026-07-21 10:38:00""}"
2026-07-21 00:00:00,2026-07-21 10:38:00,84,NIFTY,VOL_EXPANSION,ON,MED,0.012,Volatility expanding (straddle up),"{""dedupe_key"":""NIFTY|VOL_EXPANSION|ON|2026-07-21 10:38"",""threshold"":0.02,""value"":0.012,""since_minute_bucket_ist"":"""",""last_updated_ist"":""2026-07-21 10:38:00""}"
2026-07-21 00:00:00,2026-07-21 10:38:00,84,NIFTY,OPTION_MOMENTUM_PUT,ON,MED,2.95,ATM PUT momentum (ltp up + vol up),"{""dedupe_key"":""NIFTY|OPTION_MOMENTUM_PUT|ON|2026-07-21 10:38"",""threshold"":1.5,""value"":2.95,""since_minute_bucket_ist"":"""",""last_updated_ist"":""2026-07-21 10:38:00""}"
2026-07-21 00:00:00,2026-07-21 10:38:00,84,NIFTY,WALL_UNWIND_CONFIRM_DOWN,ON,MED,-0.012,Put wall OI unwinding (5m),"{""dedupe_key"":""NIFTY|WALL_UNWIND_CONFIRM_DOWN|ON|2026-07-21 10:38"",""threshold"":-0.006,""value"":-0.012,""since_minute_bucket_ist"":"""",""last_updated_ist"":""2026-07-21 10:38:00""}"
2026-07-21 00:00:00,2026-07-21 10:39:00,85,NIFTY,FLOW_BOTH_BUILDING,OFF,MED,0,Both sides building (straddle build) → higher chop risk,"{""dedupe_key"":""NIFTY|FLOW_BOTH_BUILDING|OFF|2026-07-21 10:39"",""threshold"":0.005,""value"":0,""since_minute_bucket_ist"":""2026-07-21 10:38"",""last_updated_ist"":""2026-07-21 10:39:00""}"
2026-07-21 00:00:00,2026-07-21 10:39:00,85,NIFTY,REGIME_BREAKOUT_DOWN,ON,HIGH,2,Breakout DOWN (held below put wall),"{""dedupe_key"":""NIFTY|REGIME_BREAKOUT_DOWN|ON|2026-07-21 10:39"",""threshold"":2,""value"":2,""since_minute_bucket_ist"":"""",""last_updated_ist"":""2026-07-21 10:39:00""}"
2026-07-21 00:00:00,2026-07-21 10:39:00,85,NIFTY,REGIME_TRANSITION_UNCERTAIN,OFF,LOW,1,Transition/uncertain regime,"{""dedupe_key"":""NIFTY|REGIME_TRANSITION_UNCERTAIN|OFF|2026-07-21 10:39"",""threshold"":1,""value"":1,""since_minute_bucket_ist"":""2026-07-21 10:28"",""last_updated_ist"":""2026-07-21 10:39:00""}"
2026-07-21 00:00:00,2026-07-21 10:39:00,85,NIFTY,EXP_RANGE_BREAKOUT_CONFIRMED_DOWN,ON,HIGH,2,Expected-range breakout CONFIRMED DOWN,"{""dedupe_key"":""NIFTY|EXP_RANGE_BREAKOUT_CONFIRMED_DOWN|ON|2026-07-21 10:39"",""threshold"":2,""value"":2,""since_minute_bucket_ist"":"""",""last_updated_ist"":""2026-07-21 10:39:00""}"
2026-07-21 00:00:00,2026-07-21 10:40:00,86,NIFTY,REGIME_TREND_DOWN,ON,MED,-0.0006,Trend DOWN (slope + direction),"{""dedupe_key"":""NIFTY|REGIME_TREND_DOWN|ON|2026-07-21 10:40"",""threshold"":-0.0004,""value"":-0.0006,""since_minute_bucket_ist"":"""",""last_updated_ist"":""2026-07-21 10:40:00""}"
2026-07-21 00:00:00,2026-07-21 10:41:00,87,NIFTY,TRADE_LIMIT_REACHED,ON,MED,3,Cooldown active (2m),"{""dedupe_key"":""NIFTY|TRADE_LIMIT_REACHED|ON|2026-07-21 10:41"",""threshold"":500,""value"":3,""since_minute_bucket_ist"":"""",""last_updated_ist"":""2026-07-21 10:41:00""}"
2026-07-21 00:00:00,2026-07-21 10:41:00,87,NIFTY,REGIME_TREND_DOWN,OFF,MED,-0.0003,Trend DOWN (slope + direction),"{""dedupe_key"":""NIFTY|REGIME_TREND_DOWN|OFF|2026-07-21 10:41"",""threshold"":-0.0004,""value"":-0.0003,""since_minute_bucket_ist"":""2026-07-21 10:40"",""last_updated_ist"":""2026-07-21 10:41:00""}"
2026-07-21 00:00:00,2026-07-21 10:41:00,87,NIFTY,EXP_RANGE_BREAKOUT_WATCH_DOWN,OFF,MED,24182,Expected-range watch DOWN,"{""dedupe_key"":""NIFTY|EXP_RANGE_BREAKOUT_WATCH_DOWN|OFF|2026-07-21 10:41"",""threshold"":24180.57,""value"":24182,""since_minute_bucket_ist"":""2026-07-21 10:38"",""last_updated_ist"":""2026-07-21 10:41:00""}"
2026-07-21 00:00:00,2026-07-21 10:41:00,87,NIFTY,EXP_RANGE_BREAKOUT_CONFIRMED_DOWN,OFF,HIGH,0,Expected-range breakout CONFIRMED DOWN,"{""dedupe_key"":""NIFTY|EXP_RANGE_BREAKOUT_CONFIRMED_DOWN|OFF|2026-07-21 10:41"",""threshold"":2,""value"":0,""since_minute_bucket_ist"":""2026-07-21 10:39"",""last_updated_ist"":""2026-07-21 10:41:00""}"
2026-07-21 00:00:00,2026-07-21 10:41:00,87,NIFTY,OPTION_MOMENTUM_CALL,ON,MED,1.55,ATM CALL momentum (ltp up + vol up),"{""dedupe_key"":""NIFTY|OPTION_MOMENTUM_CALL|ON|2026-07-21 10:41"",""threshold"":1.5,""value"":1.55,""since_minute_bucket_ist"":"""",""last_updated_ist"":""2026-07-21 10:41:00""}"
2026-07-21 00:00:00,2026-07-21 10:41:00,87,NIFTY,OPTION_MOMENTUM_PUT,OFF,MED,-5.6,ATM PUT momentum (ltp up + vol up),"{""dedupe_key"":""NIFTY|OPTION_MOMENTUM_PUT|OFF|2026-07-21 10:41"",""threshold"":1.5,""value"":-5.6,""since_minute_bucket_ist"":""2026-07-21 10:38"",""last_updated_ist"":""2026-07-21 10:41:00""}"
2026-07-21 00:00:00,2026-07-21 10:41:00,87,NIFTY,STEALTH_BUILD_BEAR,ON,MED,0.0111,"Stealth bearish build (calls build, spot flat)","{""dedupe_key"":""NIFTY|STEALTH_BUILD_BEAR|ON|2026-07-21 10:41"",""threshold"":0.008,""value"":0.0111,""since_minute_bucket_ist"":"""",""last_updated_ist"":""2026-07-21 10:41:00""}"
2026-07-21 00:00:00,2026-07-21 10:42:00,88,NIFTY,TRADE_LIMIT_REACHED,OFF,MED,3,Cooldown active (2m),"{""dedupe_key"":""NIFTY|TRADE_LIMIT_REACHED|OFF|2026-07-21 10:42"",""threshold"":500,""value"":3,""since_minute_bucket_ist"":""2026-07-21 10:41"",""last_updated_ist"":""2026-07-21 10:42:00""}"
2026-07-21 00:00:00,2026-07-21 10:42:00,88,NIFTY,FLOW_BOTH_BUILDING,ON,MED,0.0096,Both sides building (straddle build) → higher chop risk,"{""dedupe_key"":""NIFTY|FLOW_BOTH_BUILDING|ON|2026-07-21 10:42"",""threshold"":0.005,""value"":0.0096,""since_minute_bucket_ist"":"""",""last_updated_ist"":""2026-07-21 10:42:00""}"
2026-07-21 00:00:00,2026-07-21 10:42:00,88,NIFTY,VOL_EXPANSION,OFF,MED,-0.0083,Volatility expanding (straddle up),"{""dedupe_key"":""NIFTY|VOL_EXPANSION|OFF|2026-07-21 10:42"",""threshold"":0.02,""value"":-0.0083,""since_minute_bucket_ist"":""2026-07-21 10:38"",""last_updated_ist"":""2026-07-21 10:42:00""}"
2026-07-21 00:00:00,2026-07-21 10:42:00,88,NIFTY,OPTION_MOMENTUM_CALL,OFF,MED,1.3,ATM CALL momentum (ltp up + vol up),"{""dedupe_key"":""NIFTY|OPTION_MOMENTUM_CALL|OFF|2026-07-21 10:42"",""threshold"":1.5,""value"":1.3,""since_minute_bucket_ist"":""2026-07-21 10:41"",""last_updated_ist"":""2026-07-21 10:42:00""}"
2026-07-21 00:00:00,2026-07-21 10:42:00,88,NIFTY,STEALTH_BUILD_BEAR,OFF,MED,0.0105,"Stealth bearish build (calls build, spot flat)","{""dedupe_key"":""NIFTY|STEALTH_BUILD_BEAR|OFF|2026-07-21 10:42"",""threshold"":0.008,""value"":0.0105,""since_minute_bucket_ist"":""2026-07-21 10:41"",""last_updated_ist"":""2026-07-21 10:42:00""}"
2026-07-21 00:00:00,2026-07-21 10:43:00,89,NIFTY,FLOW_BOTH_BUILDING,OFF,MED,0,Both sides building (straddle build) → higher chop risk,"{""dedupe_key"":""NIFTY|FLOW_BOTH_BUILDING|OFF|2026-07-21 10:43"",""threshold"":0.005,""value"":0,""since_minute_bucket_ist"":""2026-07-21 10:42"",""last_updated_ist"":""2026-07-21 10:43:00""}"
2026-07-21 00:00:00,2026-07-21 10:44:00,90,NIFTY,FLOW_BOTH_BUILDING,ON,MED,0.0077,Both sides building (straddle build) → higher chop risk,"{""dedupe_key"":""NIFTY|FLOW_BOTH_BUILDING|ON|2026-07-21 10:44"",""threshold"":0.005,""value"":0.0077,""since_minute_bucket_ist"":"""",""last_updated_ist"":""2026-07-21 10:44:00""}"
2026-07-21 00:00:00,2026-07-21 10:44:00,90,NIFTY,VOL_CONTRACTION,ON,LOW,-0.0799,Volatility contracting (straddle down),"{""dedupe_key"":""NIFTY|VOL_CONTRACTION|ON|2026-07-21 10:44"",""threshold"":-0.03,""value"":-0.0799,""since_minute_bucket_ist"":"""",""last_updated_ist"":""2026-07-21 10:44:00""}"
2026-07-21 00:00:00,2026-07-21 10:45:00,91,NIFTY,FLOW_BOTH_BUILDING,OFF,MED,-0.0001,Both sides building (straddle build) → higher chop risk,"{""dedupe_key"":""NIFTY|FLOW_BOTH_BUILDING|OFF|2026-07-21 10:45"",""threshold"":0.005,""value"":-0.0001,""since_minute_bucket_ist"":""2026-07-21 10:44"",""last_updated_ist"":""2026-07-21 10:45:00""}"
2026-07-21 00:00:00,2026-07-21 10:45:00,91,NIFTY,FLOW_BEARISH_BUILD,ON,HIGH,0.0022,Bearish build (premium-confirmed writing / resistance),"{""dedupe_key"":""NIFTY|FLOW_BEARISH_BUILD|ON|2026-07-21 10:45"",""threshold"":0.005,""value"":0.0022,""since_minute_bucket_ist"":"""",""last_updated_ist"":""2026-07-21 10:45:00""}"
2026-07-21 00:00:00,2026-07-21 10:45:00,91,NIFTY,PIN_BREAKOUT_SETUP,ON,MED,-6.899999999997817,Pin breakout setup (wall touch + aligned flow),"{""dedupe_key"":""NIFTY|PIN_BREAKOUT_SETUP|ON|2026-07-21 10:45"",""threshold"":0,""value"":-6.899999999997817,""since_minute_bucket_ist"":"""",""last_updated_ist"":""2026-07-21 10:45:00""}"
2026-07-21 00:00:00,2026-07-21 10:45:00,91,NIFTY,CHURN_COMMITTED,ON,MED,-0.0003,Price move + aligned flow (committed),"{""dedupe_key"":""NIFTY|CHURN_COMMITTED|ON|2026-07-21 10:45"",""threshold"":0.0001,""value"":-0.0003,""since_minute_bucket_ist"":"""",""last_updated_ist"":""2026-07-21 10:45:00""}"
2026-07-21 00:00:00,2026-07-21 10:45:00,91,NIFTY,WALL_PRESSURE_BREAK_SETUP,ON,MED,-6.899999999997817,Pressure building into a wall (break setup),"{""dedupe_key"":""NIFTY|WALL_PRESSURE_BREAK_SETUP|ON|2026-07-21 10:45"",""threshold"":0,""value"":-6.899999999997817,""since_minute_bucket_ist"":"""",""last_updated_ist"":""2026-07-21 10:45:00""}"
2026-07-21 00:00:00,2026-07-21 10:46:00,92,NIFTY,FLOW_BEARISH_BUILD,OFF,HIGH,0.004,Bearish build (premium-confirmed writing / resistance),"{""dedupe_key"":""NIFTY|FLOW_BEARISH_BUILD|OFF|2026-07-21 10:46"",""threshold"":0.005,""value"":0.004,""since_minute_bucket_ist"":""2026-07-21 10:45"",""last_updated_ist"":""2026-07-21 10:46:00""}"
2026-07-21 00:00:00,2026-07-21 10:46:00,92,NIFTY,PIN_BREAKOUT_SETUP,OFF,MED,-0.05000000000291038,Pin breakout setup (wall touch + aligned flow),"{""dedupe_key"":""NIFTY|PIN_BREAKOUT_SETUP|OFF|2026-07-21 10:46"",""threshold"":0,""value"":-0.05000000000291038,""since_minute_bucket_ist"":""2026-07-21 10:45"",""last_updated_ist"":""2026-07-21 10:46:00""}"
2026-07-21 00:00:00,2026-07-21 10:46:00,92,NIFTY,VOL_CONTRACTION,OFF,LOW,-0.0024,Volatility contracting (straddle down),"{""dedupe_key"":""NIFTY|VOL_CONTRACTION|OFF|2026-07-21 10:46"",""threshold"":-0.03,""value"":-0.0024,""since_minute_bucket_ist"":""2026-07-21 10:44"",""last_updated_ist"":""2026-07-21 10:46:00""}"
2026-07-21 00:00:00,2026-07-21 10:46:00,92,NIFTY,OPTION_MOMENTUM_PUT,ON,MED,1.75,ATM PUT momentum (ltp up + vol up),"{""dedupe_key"":""NIFTY|OPTION_MOMENTUM_PUT|ON|2026-07-21 10:46"",""threshold"":1.5,""value"":1.75,""since_minute_bucket_ist"":"""",""last_updated_ist"":""2026-07-21 10:46:00""}"
2026-07-21 00:00:00,2026-07-21 10:46:00,92,NIFTY,WALL_UNWIND_CONFIRM_DOWN,OFF,MED,0.0978,Put wall OI unwinding (5m),"{""dedupe_key"":""NIFTY|WALL_UNWIND_CONFIRM_DOWN|OFF|2026-07-21 10:46"",""threshold"":-0.006,""value"":0.0978,""since_minute_bucket_ist"":""2026-07-21 10:38"",""last_updated_ist"":""2026-07-21 10:46:00""}"
2026-07-21 00:00:00,2026-07-21 10:46:00,92,NIFTY,CHURN_COMMITTED,OFF,MED,0,Price move + aligned flow (committed),"{""dedupe_key"":""NIFTY|CHURN_COMMITTED|OFF|2026-07-21 10:46"",""threshold"":0.0001,""value"":0,""since_minute_bucket_ist"":""2026-07-21 10:45"",""last_updated_ist"":""2026-07-21 10:46:00""}"
2026-07-21 00:00:00,2026-07-21 10:46:00,92,NIFTY,WALL_PRESSURE_BREAK_SETUP,OFF,MED,-0.05000000000291038,Pressure building into a wall (break setup),"{""dedupe_key"":""NIFTY|WALL_PRESSURE_BREAK_SETUP|OFF|2026-07-21 10:46"",""threshold"":0,""value"":-0.05000000000291038,""since_minute_bucket_ist"":""2026-07-21 10:45"",""last_updated_ist"":""2026-07-21 10:46:00""}"
2026-07-21 00:00:00,2026-07-21 10:47:00,93,NIFTY,OPTION_MOMENTUM_PUT,OFF,MED,0,ATM PUT momentum (ltp up + vol up),"{""dedupe_key"":""NIFTY|OPTION_MOMENTUM_PUT|OFF|2026-07-21 10:47"",""threshold"":1.5,""value"":0,""since_minute_bucket_ist"":""2026-07-21 10:46"",""last_updated_ist"":""2026-07-21 10:47:00""}"
2026-07-21 00:00:00,2026-07-21 10:48:00,94,NIFTY,FLOW_BOTH_BUILDING,ON,MED,0.005,Both sides building (straddle build) → higher chop risk,"{""dedupe_key"":""NIFTY|FLOW_BOTH_BUILDING|ON|2026-07-21 10:48"",""threshold"":0.005,""value"":0.005,""since_minute_bucket_ist"":"""",""last_updated_ist"":""2026-07-21 10:48:00""}"
2026-07-21 00:00:00,2026-07-21 10:49:00,95,NIFTY,FLOW_BOTH_BUILDING,OFF,MED,0.0039,Both sides building (straddle build) → higher chop risk,"{""dedupe_key"":""NIFTY|FLOW_BOTH_BUILDING|OFF|2026-07-21 10:49"",""threshold"":0.005,""value"":0.0039,""since_minute_bucket_ist"":""2026-07-21 10:48"",""last_updated_ist"":""2026-07-21 10:49:00""}"
2026-07-21 00:00:00,2026-07-21 10:49:00,95,NIFTY,VOL_EXPANSION,ON,MED,0.0244,Volatility expanding (straddle up),"{""dedupe_key"":""NIFTY|VOL_EXPANSION|ON|2026-07-21 10:49"",""threshold"":0.02,""value"":0.0244,""since_minute_bucket_ist"":"""",""last_updated_ist"":""2026-07-21 10:49:00""}"
2026-07-21 00:00:00,2026-07-21 10:49:00,95,NIFTY,OPTION_MOMENTUM_PUT,ON,MED,3.45,ATM PUT momentum (ltp up + vol up),"{""dedupe_key"":""NIFTY|OPTION_MOMENTUM_PUT|ON|2026-07-21 10:49"",""threshold"":1.5,""value"":3.45,""since_minute_bucket_ist"":"""",""last_updated_ist"":""2026-07-21 10:49:00""}"
2026-07-21 00:00:00,2026-07-21 10:50:00,96,NIFTY,REGIME_TREND_DOWN,ON,MED,-0.0004,Trend DOWN (slope + direction),"{""dedupe_key"":""NIFTY|REGIME_TREND_DOWN|ON|2026-07-21 10:50"",""threshold"":-0.0004,""value"":-0.0004,""since_minute_bucket_ist"":"""",""last_updated_ist"":""2026-07-21 10:50:00""}"
2026-07-21 00:00:00,2026-07-21 10:50:00,96,NIFTY,REGIME_BREAKOUT_DOWN,OFF,HIGH,0,Breakout DOWN (held below put wall),"{""dedupe_key"":""NIFTY|REGIME_BREAKOUT_DOWN|OFF|2026-07-21 10:50"",""threshold"":2,""value"":0,""since_minute_bucket_ist"":""2026-07-21 10:39"",""last_updated_ist"":""2026-07-21 10:50:00""}"
2026-07-21 00:00:00,2026-07-21 10:50:00,96,NIFTY,PIN_BASIC,OFF,LOW,37.5,Spot near a local wall (pin zone),"{""dedupe_key"":""NIFTY|PIN_BASIC|OFF|2026-07-21 10:50"",""threshold"":37.5,""value"":37.5,""since_minute_bucket_ist"":""2026-07-21 09:32"",""last_updated_ist"":""2026-07-21 10:50:00""}"
2026-07-21 00:00:00,2026-07-21 10:50:00,96,NIFTY,EXP_RANGE_BREAKOUT_WATCH_DOWN,ON,MED,24172.3,Expected-range watch DOWN,"{""dedupe_key"":""NIFTY|EXP_RANGE_BREAKOUT_WATCH_DOWN|ON|2026-07-21 10:50"",""threshold"":24176.29,""value"":24172.3,""since_minute_bucket_ist"":"""",""last_updated_ist"":""2026-07-21 10:50:00""}"
2026-07-21 00:00:00,2026-07-21 10:50:00,96,NIFTY,VOL_EXPANSION,OFF,MED,-0.0042,Volatility expanding (straddle up),"{""dedupe_key"":""NIFTY|VOL_EXPANSION|OFF|2026-07-21 10:50"",""threshold"":0.02,""value"":-0.0042,""since_minute_bucket_ist"":""2026-07-21 10:49"",""last_updated_ist"":""2026-07-21 10:50:00""}"
2026-07-21 00:00:00,2026-07-21 10:50:00,96,NIFTY,WALL_SHIFT_REGIME,ON,MED,1,Wall strike shifted materially (>= 1 step),"{""dedupe_key"":""NIFTY|WALL_SHIFT_REGIME|ON|2026-07-21 10:50"",""threshold"":1,""value"":1,""since_minute_bucket_ist"":"""",""last_updated_ist"":""2026-07-21 10:50:00""}"
2026-07-21 00:00:00,2026-07-21 10:51:00,97,NIFTY,EXP_RANGE_BREAKOUT_CONFIRMED_DOWN,ON,HIGH,2,Expected-range breakout CONFIRMED DOWN,"{""dedupe_key"":""NIFTY|EXP_RANGE_BREAKOUT_CONFIRMED_DOWN|ON|2026-07-21 10:51"",""threshold"":2,""value"":2,""since_minute_bucket_ist"":"""",""last_updated_ist"":""2026-07-21 10:51:00""}"
2026-07-21 00:00:00,2026-07-21 10:51:00,97,NIFTY,OPTION_MOMENTUM_PUT,OFF,MED,0.4,ATM PUT momentum (ltp up + vol up),"{""dedupe_key"":""NIFTY|OPTION_MOMENTUM_PUT|OFF|2026-07-21 10:51"",""threshold"":1.5,""value"":0.4,""since_minute_bucket_ist"":""2026-07-21 10:49"",""last_updated_ist"":""2026-07-21 10:51:00""}"
2026-07-21 00:00:00,2026-07-21 10:51:00,97,NIFTY,WALL_SHIFT_REGIME,OFF,MED,1,Wall strike shifted materially (>= 1 step),"{""dedupe_key"":""NIFTY|WALL_SHIFT_REGIME|OFF|2026-07-21 10:51"",""threshold"":1,""value"":1,""since_minute_bucket_ist"":""2026-07-21 10:50"",""last_updated_ist"":""2026-07-21 10:51:00""}"
2026-07-21 00:00:00,2026-07-21 10:52:00,98,NIFTY,FLOW_BEARISH_BUILD,ON,HIGH,0.0031,Bearish build (premium-confirmed writing / resistance),"{""dedupe_key"":""NIFTY|FLOW_BEARISH_BUILD|ON|2026-07-21 10:52"",""threshold"":0.005,""value"":0.0031,""since_minute_bucket_ist"":"""",""last_updated_ist"":""2026-07-21 10:52:00""}"
2026-07-21 00:00:00,2026-07-21 10:52:00,98,NIFTY,VOL_CONTRACTION,ON,LOW,-0.0121,Volatility contracting (straddle down),"{""dedupe_key"":""NIFTY|VOL_CONTRACTION|ON|2026-07-21 10:52"",""threshold"":-0.03,""value"":-0.0121,""since_minute_bucket_ist"":"""",""last_updated_ist"":""2026-07-21 10:52:00""}"
2026-07-21 00:00:00,2026-07-21 10:52:00,98,NIFTY,CHURN_COMMITTED,ON,MED,-0.0001,Price move + aligned flow (committed),"{""dedupe_key"":""NIFTY|CHURN_COMMITTED|ON|2026-07-21 10:52"",""threshold"":0.0001,""value"":-0.0001,""since_minute_bucket_ist"":"""",""last_updated_ist"":""2026-07-21 10:52:00""}"
2026-07-21 00:00:00,2026-07-21 10:53:00,99,NIFTY,REGIME_TREND_DOWN,OFF,MED,-0.0006,Trend DOWN (slope + direction),"{""dedupe_key"":""NIFTY|REGIME_TREND_DOWN|OFF|2026-07-21 10:53"",""threshold"":-0.0004,""value"":-0.0006,""since_minute_bucket_ist"":""2026-07-21 10:50"",""last_updated_ist"":""2026-07-21 10:53:00""}"
2026-07-21 00:00:00,2026-07-21 10:53:00,99,NIFTY,REGIME_TRANSITION_UNCERTAIN,ON,LOW,1,Transition/uncertain regime,"{""dedupe_key"":""NIFTY|REGIME_TRANSITION_UNCERTAIN|ON|2026-07-21 10:53"",""threshold"":1,""value"":1,""since_minute_bucket_ist"":"""",""last_updated_ist"":""2026-07-21 10:53:00""}"
2026-07-21 00:00:00,2026-07-21 10:53:00,99,NIFTY,EXP_RANGE_BREAKOUT_WATCH_DOWN,OFF,MED,24168.25,Expected-range watch DOWN,"{""dedupe_key"":""NIFTY|EXP_RANGE_BREAKOUT_WATCH_DOWN|OFF|2026-07-21 10:53"",""threshold"":24168.24,""value"":24168.25,""since_minute_bucket_ist"":""2026-07-21 10:50"",""last_updated_ist"":""2026-07-21 10:53:00""}"
2026-07-21 00:00:00,2026-07-21 10:53:00,99,NIFTY,EXP_RANGE_BREAKOUT_CONFIRMED_DOWN,OFF,HIGH,0,Expected-range breakout CONFIRMED DOWN,"{""dedupe_key"":""NIFTY|EXP_RANGE_BREAKOUT_CONFIRMED_DOWN|OFF|2026-07-21 10:53"",""threshold"":2,""value"":0,""since_minute_bucket_ist"":""2026-07-21 10:51"",""last_updated_ist"":""2026-07-21 10:53:00""}"
2026-07-21 00:00:00,2026-07-21 10:53:00,99,NIFTY,CHURN_COMMITTED,OFF,MED,0.0001,Price move + aligned flow (committed),"{""dedupe_key"":""NIFTY|CHURN_COMMITTED|OFF|2026-07-21 10:53"",""threshold"":0.0001,""value"":0.0001,""since_minute_bucket_ist"":""2026-07-21 10:52"",""last_updated_ist"":""2026-07-21 10:53:00""}"
2026-07-21 00:00:00,2026-07-21 10:53:00,99,NIFTY,STEALTH_BUILD_BEAR,ON,MED,0.0095,"Stealth bearish build (calls build, spot flat)","{""dedupe_key"":""NIFTY|STEALTH_BUILD_BEAR|ON|2026-07-21 10:53"",""threshold"":0.008,""value"":0.0095,""since_minute_bucket_ist"":"""",""last_updated_ist"":""2026-07-21 10:53:00""}"
2026-07-21 00:00:00,2026-07-21 10:54:00,100,NIFTY,REGIME_TREND_DOWN,ON,MED,-0.0005,Trend DOWN (slope + direction),"{""dedupe_key"":""NIFTY|REGIME_TREND_DOWN|ON|2026-07-21 10:54"",""threshold"":-0.0004,""value"":-0.0005,""since_minute_bucket_ist"":"""",""last_updated_ist"":""2026-07-21 10:54:00""}"
2026-07-21 00:00:00,2026-07-21 10:54:00,100,NIFTY,REGIME_TRANSITION_UNCERTAIN,OFF,LOW,1,Transition/uncertain regime,"{""dedupe_key"":""NIFTY|REGIME_TRANSITION_UNCERTAIN|OFF|2026-07-21 10:54"",""threshold"":1,""value"":1,""since_minute_bucket_ist"":""2026-07-21 10:53"",""last_updated_ist"":""2026-07-21 10:54:00""}"
2026-07-21 00:00:00,2026-07-21 10:55:00,101,NIFTY,FLOW_BEARISH_BUILD,OFF,HIGH,0,Bearish build (premium-confirmed writing / resistance),"{""dedupe_key"":""NIFTY|FLOW_BEARISH_BUILD|OFF|2026-07-21 10:55"",""threshold"":0.005,""value"":0,""since_minute_bucket_ist"":""2026-07-21 10:52"",""last_updated_ist"":""2026-07-21 10:55:00""}"
2026-07-21 00:00:00,2026-07-21 10:55:00,101,NIFTY,REGIME_TREND_DOWN,OFF,MED,-0.0002,Trend DOWN (slope + direction),"{""dedupe_key"":""NIFTY|REGIME_TREND_DOWN|OFF|2026-07-21 10:55"",""threshold"":-0.0004,""value"":-0.0002,""since_minute_bucket_ist"":""2026-07-21 10:54"",""last_updated_ist"":""2026-07-21 10:55:00""}"
2026-07-21 00:00:00,2026-07-21 10:55:00,101,NIFTY,REGIME_TRANSITION_UNCERTAIN,ON,LOW,1,Transition/uncertain regime,"{""dedupe_key"":""NIFTY|REGIME_TRANSITION_UNCERTAIN|ON|2026-07-21 10:55"",""threshold"":1,""value"":1,""since_minute_bucket_ist"":"""",""last_updated_ist"":""2026-07-21 10:55:00""}"
2026-07-21 00:00:00,2026-07-21 10:55:00,101,NIFTY,STEALTH_BUILD_BEAR,OFF,MED,0,"Stealth bearish build (calls build, spot flat)","{""dedupe_key"":""NIFTY|STEALTH_BUILD_BEAR|OFF|2026-07-21 10:55"",""threshold"":0.008,""value"":0,""since_minute_bucket_ist"":""2026-07-21 10:53"",""last_updated_ist"":""2026-07-21 10:55:00""}"
2026-07-21 00:00:00,2026-07-21 10:56:00,102,NIFTY,REGIME_TREND_UP,ON,MED,0.0006,Trend UP (slope + direction),"{""dedupe_key"":""NIFTY|REGIME_TREND_UP|ON|2026-07-21 10:56"",""threshold"":0.0004,""value"":0.0006,""since_minute_bucket_ist"":"""",""last_updated_ist"":""2026-07-21 10:56:00""}"
2026-07-21 00:00:00,2026-07-21 10:56:00,102,NIFTY,REGIME_TRANSITION_UNCERTAIN,OFF,LOW,1,Transition/uncertain regime,"{""dedupe_key"":""NIFTY|REGIME_TRANSITION_UNCERTAIN|OFF|2026-07-21 10:56"",""threshold"":1,""value"":1,""since_minute_bucket_ist"":""2026-07-21 10:55"",""last_updated_ist"":""2026-07-21 10:56:00""}"
2026-07-21 00:00:00,2026-07-21 10:56:00,102,NIFTY,OPTION_MOMENTUM_CALL,ON,MED,3,ATM CALL momentum (ltp up + vol up),"{""dedupe_key"":""NIFTY|OPTION_MOMENTUM_CALL|ON|2026-07-21 10:56"",""threshold"":1.5,""value"":3,""since_minute_bucket_ist"":"""",""last_updated_ist"":""2026-07-21 10:56:00""}"
2026-07-21 00:00:00,2026-07-21 10:57:00,103,NIFTY,FLOW_BEARISH_BUILD,ON,HIGH,0.0006,Bearish build (premium-confirmed writing / resistance),"{""dedupe_key"":""NIFTY|FLOW_BEARISH_BUILD|ON|2026-07-21 10:57"",""threshold"":0.005,""value"":0.0006,""since_minute_bucket_ist"":"""",""last_updated_ist"":""2026-07-21 10:57:00""}"
2026-07-21 00:00:00,2026-07-21 10:57:00,103,NIFTY,REGIME_TREND_UP,OFF,MED,0.0007,Trend UP (slope + direction),"{""dedupe_key"":""NIFTY|REGIME_TREND_UP|OFF|2026-07-21 10:57"",""threshold"":0.0004,""value"":0.0007,""since_minute_bucket_ist"":""2026-07-21 10:56"",""last_updated_ist"":""2026-07-21 10:57:00""}"
2026-07-21 00:00:00,2026-07-21 10:57:00,103,NIFTY,REGIME_TRANSITION_UNCERTAIN,ON,LOW,1,Transition/uncertain regime,"{""dedupe_key"":""NIFTY|REGIME_TRANSITION_UNCERTAIN|ON|2026-07-21 10:57"",""threshold"":1,""value"":1,""since_minute_bucket_ist"":"""",""last_updated_ist"":""2026-07-21 10:57:00""}"
2026-07-21 00:00:00,2026-07-21 10:57:00,103,NIFTY,OPTION_MOMENTUM_CALL,OFF,MED,0.9,ATM CALL momentum (ltp up + vol up),"{""dedupe_key"":""NIFTY|OPTION_MOMENTUM_CALL|OFF|2026-07-21 10:57"",""threshold"":1.5,""value"":0.9,""since_minute_bucket_ist"":""2026-07-21 10:56"",""last_updated_ist"":""2026-07-21 10:57:00""}"
2026-07-21 00:00:00,2026-07-21 10:58:00,104,NIFTY,FLOW_BEARISH_BUILD,OFF,HIGH,0,Bearish build (premium-confirmed writing / resistance),"{""dedupe_key"":""NIFTY|FLOW_BEARISH_BUILD|OFF|2026-07-21 10:58"",""threshold"":0.005,""value"":0,""since_minute_bucket_ist"":""2026-07-21 10:57"",""last_updated_ist"":""2026-07-21 10:58:00""}"
2026-07-21 00:00:00,2026-07-21 10:58:00,104,NIFTY,REGIME_TREND_UP,ON,MED,0.0007,Trend UP (slope + direction),"{""dedupe_key"":""NIFTY|REGIME_TREND_UP|ON|2026-07-21 10:58"",""threshold"":0.0004,""value"":0.0007,""since_minute_bucket_ist"":"""",""last_updated_ist"":""2026-07-21 10:58:00""}"
2026-07-21 00:00:00,2026-07-21 10:58:00,104,NIFTY,REGIME_TRANSITION_UNCERTAIN,OFF,LOW,1,Transition/uncertain regime,"{""dedupe_key"":""NIFTY|REGIME_TRANSITION_UNCERTAIN|OFF|2026-07-21 10:58"",""threshold"":1,""value"":1,""since_minute_bucket_ist"":""2026-07-21 10:57"",""last_updated_ist"":""2026-07-21 10:58:00""}"
2026-07-21 00:00:00,2026-07-21 11:00:00,106,NIFTY,STEALTH_BUILD_BULL,ON,MED,0.0227,"Stealth bullish build (puts build, spot flat)","{""dedupe_key"":""NIFTY|STEALTH_BUILD_BULL|ON|2026-07-21 11:00"",""threshold"":0.008,""value"":0.0227,""since_minute_bucket_ist"":"""",""last_updated_ist"":""2026-07-21 11:00:00""}"
2026-07-21 00:00:00,2026-07-21 11:01:00,107,NIFTY,REGIME_TREND_UP,OFF,MED,0,Trend UP (slope + direction),"{""dedupe_key"":""NIFTY|REGIME_TREND_UP|OFF|2026-07-21 11:01"",""threshold"":0.0004,""value"":0,""since_minute_bucket_ist"":""2026-07-21 10:58"",""last_updated_ist"":""2026-07-21 11:01:00""}"
2026-07-21 00:00:00,2026-07-21 11:01:00,107,NIFTY,REGIME_RANGE_PIN,ON,LOW,0.0002,Range / pin (inside local walls),"{""dedupe_key"":""NIFTY|REGIME_RANGE_PIN|ON|2026-07-21 11:01"",""threshold"":0.0004,""value"":0.0002,""since_minute_bucket_ist"":"""",""last_updated_ist"":""2026-07-21 11:01:00""}"
2026-07-21 00:00:00,2026-07-21 11:01:00,107,NIFTY,STEALTH_BUILD_BULL,OFF,MED,0,"Stealth bullish build (puts build, spot flat)","{""dedupe_key"":""NIFTY|STEALTH_BUILD_BULL|OFF|2026-07-21 11:01"",""threshold"":0.008,""value"":0,""since_minute_bucket_ist"":""2026-07-21 11:00"",""last_updated_ist"":""2026-07-21 11:01:00""}"
2026-07-21 00:00:00,2026-07-21 11:02:00,108,NIFTY,REGIME_RANGE_PIN,OFF,LOW,0.0002,Range / pin (inside local walls),"{""dedupe_key"":""NIFTY|REGIME_RANGE_PIN|OFF|2026-07-21 11:02"",""threshold"":0.0004,""value"":0.0002,""since_minute_bucket_ist"":""2026-07-21 11:01"",""last_updated_ist"":""2026-07-21 11:02:00""}"
2026-07-21 00:00:00,2026-07-21 11:02:00,108,NIFTY,REGIME_TRANSITION_UNCERTAIN,ON,LOW,1,Transition/uncertain regime,"{""dedupe_key"":""NIFTY|REGIME_TRANSITION_UNCERTAIN|ON|2026-07-21 11:02"",""threshold"":1,""value"":1,""since_minute_bucket_ist"":"""",""last_updated_ist"":""2026-07-21 11:02:00""}"
2026-07-21 00:00:00,2026-07-21 11:02:00,108,NIFTY,VOL_CONTRACTION,OFF,LOW,-0.0063,Volatility contracting (straddle down),"{""dedupe_key"":""NIFTY|VOL_CONTRACTION|OFF|2026-07-21 11:02"",""threshold"":-0.03,""value"":-0.0063,""since_minute_bucket_ist"":""2026-07-21 10:52"",""last_updated_ist"":""2026-07-21 11:02:00""}"
2026-07-21 00:00:00,2026-07-21 11:03:00,109,NIFTY,FLOW_BOTH_BUILDING,ON,MED,0.0075,Both sides building (straddle build) → higher chop risk,"{""dedupe_key"":""NIFTY|FLOW_BOTH_BUILDING|ON|2026-07-21 11:03"",""threshold"":0.005,""value"":0.0075,""since_minute_bucket_ist"":"""",""last_updated_ist"":""2026-07-21 11:03:00""}"
2026-07-21 00:00:00,2026-07-21 11:03:00,109,NIFTY,VOL_CONTRACTION,ON,LOW,-0.012,Volatility contracting (straddle down),"{""dedupe_key"":""NIFTY|VOL_CONTRACTION|ON|2026-07-21 11:03"",""threshold"":-0.03,""value"":-0.012,""since_minute_bucket_ist"":"""",""last_updated_ist"":""2026-07-21 11:03:00""}"
2026-07-21 00:00:00,2026-07-21 11:04:00,110,NIFTY,FLOW_BOTH_BUILDING,OFF,MED,0,Both sides building (straddle build) → higher chop risk,"{""dedupe_key"":""NIFTY|FLOW_BOTH_BUILDING|OFF|2026-07-21 11:04"",""threshold"":0.005,""value"":0,""since_minute_bucket_ist"":""2026-07-21 11:03"",""last_updated_ist"":""2026-07-21 11:04:00""}"
2026-07-21 00:00:00,2026-07-21 11:04:00,110,NIFTY,VOL_CONTRACTION,OFF,LOW,-0.0026,Volatility contracting (straddle down),"{""dedupe_key"":""NIFTY|VOL_CONTRACTION|OFF|2026-07-21 11:04"",""threshold"":-0.03,""value"":-0.0026,""since_minute_bucket_ist"":""2026-07-21 11:03"",""last_updated_ist"":""2026-07-21 11:04:00""}"
2026-07-21 00:00:00,2026-07-21 11:05:00,111,NIFTY,FLOW_BEARISH_BUILD,ON,HIGH,0.0015,Bearish build (premium-confirmed writing / resistance),"{""dedupe_key"":""NIFTY|FLOW_BEARISH_BUILD|ON|2026-07-21 11:05"",""threshold"":0.005,""value"":0.0015,""since_minute_bucket_ist"":"""",""last_updated_ist"":""2026-07-21 11:05:00""}"
2026-07-21 00:00:00,2026-07-21 11:05:00,111,NIFTY,REGIME_RANGE_PIN,ON,LOW,0.0001,Range / pin (inside local walls),"{""dedupe_key"":""NIFTY|REGIME_RANGE_PIN|ON|2026-07-21 11:05"",""threshold"":0.0004,""value"":0.0001,""since_minute_bucket_ist"":"""",""last_updated_ist"":""2026-07-21 11:05:00""}"
2026-07-21 00:00:00,2026-07-21 11:05:00,111,NIFTY,REGIME_TRANSITION_UNCERTAIN,OFF,LOW,1,Transition/uncertain regime,"{""dedupe_key"":""NIFTY|REGIME_TRANSITION_UNCERTAIN|OFF|2026-07-21 11:05"",""threshold"":1,""value"":1,""since_minute_bucket_ist"":""2026-07-21 11:02"",""last_updated_ist"":""2026-07-21 11:05:00""}"
2026-07-21 00:00:00,2026-07-21 11:05:00,111,NIFTY,VOL_CONTRACTION,ON,LOW,-0.0268,Volatility contracting (straddle down),"{""dedupe_key"":""NIFTY|VOL_CONTRACTION|ON|2026-07-21 11:05"",""threshold"":-0.03,""value"":-0.0268,""since_minute_bucket_ist"":"""",""last_updated_ist"":""2026-07-21 11:05:00""}"
2026-07-21 00:00:00,2026-07-21 11:05:00,111,NIFTY,CHURN_COMMITTED,ON,MED,-0.0002,Price move + aligned flow (committed),"{""dedupe_key"":""NIFTY|CHURN_COMMITTED|ON|2026-07-21 11:05"",""threshold"":0.0001,""value"":-0.0002,""since_minute_bucket_ist"":"""",""last_updated_ist"":""2026-07-21 11:05:00""}"
2026-07-21 00:00:00,2026-07-21 11:06:00,112,NIFTY,FLOW_BEARISH_BUILD,OFF,HIGH,0.001,Bearish build (premium-confirmed writing / resistance),"{""dedupe_key"":""NIFTY|FLOW_BEARISH_BUILD|OFF|2026-07-21 11:06"",""threshold"":0.005,""value"":0.001,""since_minute_bucket_ist"":""2026-07-21 11:05"",""last_updated_ist"":""2026-07-21 11:06:00""}"
2026-07-21 00:00:00,2026-07-21 11:06:00,112,NIFTY,REGIME_RANGE_PIN,OFF,LOW,0.0001,Range / pin (inside local walls),"{""dedupe_key"":""NIFTY|REGIME_RANGE_PIN|OFF|2026-07-21 11:06"",""threshold"":0.0004,""value"":0.0001,""since_minute_bucket_ist"":""2026-07-21 11:05"",""last_updated_ist"":""2026-07-21 11:06:00""}"
2026-07-21 00:00:00,2026-07-21 11:06:00,112,NIFTY,REGIME_TRANSITION_UNCERTAIN,ON,LOW,1,Transition/uncertain regime,"{""dedupe_key"":""NIFTY|REGIME_TRANSITION_UNCERTAIN|ON|2026-07-21 11:06"",""threshold"":1,""value"":1,""since_minute_bucket_ist"":"""",""last_updated_ist"":""2026-07-21 11:06:00""}"
2026-07-21 00:00:00,2026-07-21 11:06:00,112,NIFTY,CHURN_COMMITTED,OFF,MED,0.0001,Price move + aligned flow (committed),"{""dedupe_key"":""NIFTY|CHURN_COMMITTED|OFF|2026-07-21 11:06"",""threshold"":0.0001,""value"":0.0001,""since_minute_bucket_ist"":""2026-07-21 11:05"",""last_updated_ist"":""2026-07-21 11:06:00""}"
2026-07-21 00:00:00,2026-07-21 11:07:00,113,NIFTY,FLOW_BULLISH_BUILD,ON,HIGH,0.0041,Bullish build (premium-confirmed writing / support),"{""dedupe_key"":""NIFTY|FLOW_BULLISH_BUILD|ON|2026-07-21 11:07"",""threshold"":0.005,""value"":0.0041,""since_minute_bucket_ist"":"""",""last_updated_ist"":""2026-07-21 11:07:00""}"
2026-07-21 00:00:00,2026-07-21 11:07:00,113,NIFTY,EXP_RANGE_BREAKOUT_WATCH_UP,ON,MED,24194.25,Expected-range watch UP,"{""dedupe_key"":""NIFTY|EXP_RANGE_BREAKOUT_WATCH_UP|ON|2026-07-21 11:07"",""threshold"":24192.44,""value"":24194.25,""since_minute_bucket_ist"":"""",""last_updated_ist"":""2026-07-21 11:07:00""}"
2026-07-21 00:00:00,2026-07-21 11:07:00,113,NIFTY,OPTION_MOMENTUM_CALL,ON,MED,2.5,ATM CALL momentum (ltp up + vol up),"{""dedupe_key"":""NIFTY|OPTION_MOMENTUM_CALL|ON|2026-07-21 11:07"",""threshold"":1.5,""value"":2.5,""since_minute_bucket_ist"":"""",""last_updated_ist"":""2026-07-21 11:07:00""}"
2026-07-21 00:00:00,2026-07-21 11:07:00,113,NIFTY,CHURN_COMMITTED,ON,MED,0.0001,Price move + aligned flow (committed),"{""dedupe_key"":""NIFTY|CHURN_COMMITTED|ON|2026-07-21 11:07"",""threshold"":0.0001,""value"":0.0001,""since_minute_bucket_ist"":"""",""last_updated_ist"":""2026-07-21 11:07:00""}"
2026-07-21 00:00:00,2026-07-21 11:08:00,114,NIFTY,FLOW_BULLISH_BUILD,OFF,HIGH,0,Bullish build (premium-confirmed writing / support),"{""dedupe_key"":""NIFTY|FLOW_BULLISH_BUILD|OFF|2026-07-21 11:08"",""threshold"":0.005,""value"":0,""since_minute_bucket_ist"":""2026-07-21 11:07"",""last_updated_ist"":""2026-07-21 11:08:00""}"
2026-07-21 00:00:00,2026-07-21 11:08:00,114,NIFTY,REGIME_RANGE_PIN,ON,LOW,0.0001,Range / pin (inside local walls),"{""dedupe_key"":""NIFTY|REGIME_RANGE_PIN|ON|2026-07-21 11:08"",""threshold"":0.0004,""value"":0.0001,""since_minute_bucket_ist"":"""",""last_updated_ist"":""2026-07-21 11:08:00""}"
2026-07-21 00:00:00,2026-07-21 11:08:00,114,NIFTY,REGIME_TRANSITION_UNCERTAIN,OFF,LOW,1,Transition/uncertain regime,"{""dedupe_key"":""NIFTY|REGIME_TRANSITION_UNCERTAIN|OFF|2026-07-21 11:08"",""threshold"":1,""value"":1,""since_minute_bucket_ist"":""2026-07-21 11:06"",""last_updated_ist"":""2026-07-21 11:08:00""}"
2026-07-21 00:00:00,2026-07-21 11:08:00,114,NIFTY,EXP_RANGE_BREAKOUT_CONFIRMED_UP,ON,HIGH,2,Expected-range breakout CONFIRMED UP,"{""dedupe_key"":""NIFTY|EXP_RANGE_BREAKOUT_CONFIRMED_UP|ON|2026-07-21 11:08"",""threshold"":2,""value"":2,""since_minute_bucket_ist"":"""",""last_updated_ist"":""2026-07-21 11:08:00""}"
2026-07-21 00:00:00,2026-07-21 11:08:00,114,NIFTY,OPTION_MOMENTUM_CALL,OFF,MED,0,ATM CALL momentum (ltp up + vol up),"{""dedupe_key"":""NIFTY|OPTION_MOMENTUM_CALL|OFF|2026-07-21 11:08"",""threshold"":1.5,""value"":0,""since_minute_bucket_ist"":""2026-07-21 11:07"",""last_updated_ist"":""2026-07-21 11:08:00""}"
2026-07-21 00:00:00,2026-07-21 11:08:00,114,NIFTY,CHURN_COMMITTED,OFF,MED,0,Price move + aligned flow (committed),"{""dedupe_key"":""NIFTY|CHURN_COMMITTED|OFF|2026-07-21 11:08"",""threshold"":0.0001,""value"":0,""since_minute_bucket_ist"":""2026-07-21 11:07"",""last_updated_ist"":""2026-07-21 11:08:00""}"
2026-07-21 00:00:00,2026-07-21 11:09:00,115,NIFTY,REGIME_RANGE_PIN,OFF,LOW,0.0002,Range / pin (inside local walls),"{""dedupe_key"":""NIFTY|REGIME_RANGE_PIN|OFF|2026-07-21 11:09"",""threshold"":0.0004,""value"":0.0002,""since_minute_bucket_ist"":""2026-07-21 11:08"",""last_updated_ist"":""2026-07-21 11:09:00""}"
2026-07-21 00:00:00,2026-07-21 11:09:00,115,NIFTY,REGIME_TRANSITION_UNCERTAIN,ON,LOW,1,Transition/uncertain regime,"{""dedupe_key"":""NIFTY|REGIME_TRANSITION_UNCERTAIN|ON|2026-07-21 11:09"",""threshold"":1,""value"":1,""since_minute_bucket_ist"":"""",""last_updated_ist"":""2026-07-21 11:09:00""}"
2026-07-21 00:00:00,2026-07-21 11:09:00,115,NIFTY,EXP_RANGE_BREAKOUT_WATCH_UP,OFF,MED,24182.85,Expected-range watch UP,"{""dedupe_key"":""NIFTY|EXP_RANGE_BREAKOUT_WATCH_UP|OFF|2026-07-21 11:09"",""threshold"":24193.61,""value"":24182.85,""since_minute_bucket_ist"":""2026-07-21 11:07"",""last_updated_ist"":""2026-07-21 11:09:00""}"
2026-07-21 00:00:00,2026-07-21 11:09:00,115,NIFTY,EXP_RANGE_BREAKOUT_WATCH_DOWN,ON,MED,24182.85,Expected-range watch DOWN,"{""dedupe_key"":""NIFTY|EXP_RANGE_BREAKOUT_WATCH_DOWN|ON|2026-07-21 11:09"",""threshold"":24183.15,""value"":24182.85,""since_minute_bucket_ist"":"""",""last_updated_ist"":""2026-07-21 11:09:00""}"
2026-07-21 00:00:00,2026-07-21 11:09:00,115,NIFTY,EXP_RANGE_BREAKOUT_CONFIRMED_UP,OFF,HIGH,0,Expected-range breakout CONFIRMED UP,"{""dedupe_key"":""NIFTY|EXP_RANGE_BREAKOUT_CONFIRMED_UP|OFF|2026-07-21 11:09"",""threshold"":2,""value"":0,""since_minute_bucket_ist"":""2026-07-21 11:08"",""last_updated_ist"":""2026-07-21 11:09:00""}"
2026-07-21 00:00:00,2026-07-21 11:09:00,115,NIFTY,VOL_CONTRACTION,OFF,LOW,-0.0026,Volatility contracting (straddle down),"{""dedupe_key"":""NIFTY|VOL_CONTRACTION|OFF|2026-07-21 11:09"",""threshold"":-0.03,""value"":-0.0026,""since_minute_bucket_ist"":""2026-07-21 11:05"",""last_updated_ist"":""2026-07-21 11:09:00""}"
2026-07-21 00:00:00,2026-07-21 11:09:00,115,NIFTY,OPTION_MOMENTUM_PUT,ON,MED,4.65,ATM PUT momentum (ltp up + vol up),"{""dedupe_key"":""NIFTY|OPTION_MOMENTUM_PUT|ON|2026-07-21 11:09"",""threshold"":1.5,""value"":4.65,""since_minute_bucket_ist"":"""",""last_updated_ist"":""2026-07-21 11:09:00""}"
2026-07-21 00:00:00,2026-07-21 11:10:00,116,NIFTY,FLOW_BULLISH_BUILD,ON,HIGH,0.0066,Bullish build (premium-confirmed writing / support),"{""dedupe_key"":""NIFTY|FLOW_BULLISH_BUILD|ON|2026-07-21 11:10"",""threshold"":0.005,""value"":0.0066,""since_minute_bucket_ist"":"""",""last_updated_ist"":""2026-07-21 11:10:00""}"
2026-07-21 00:00:00,2026-07-21 11:10:00,116,NIFTY,REGIME_RANGE_PIN,ON,LOW,0.0002,Range / pin (inside local walls),"{""dedupe_key"":""NIFTY|REGIME_RANGE_PIN|ON|2026-07-21 11:10"",""threshold"":0.0004,""value"":0.0002,""since_minute_bucket_ist"":"""",""last_updated_ist"":""2026-07-21 11:10:00""}"
2026-07-21 00:00:00,2026-07-21 11:10:00,116,NIFTY,REGIME_TRANSITION_UNCERTAIN,OFF,LOW,1,Transition/uncertain regime,"{""dedupe_key"":""NIFTY|REGIME_TRANSITION_UNCERTAIN|OFF|2026-07-21 11:10"",""threshold"":1,""value"":1,""since_minute_bucket_ist"":""2026-07-21 11:09"",""last_updated_ist"":""2026-07-21 11:10:00""}"
2026-07-21 00:00:00,2026-07-21 11:10:00,116,NIFTY,EXP_RANGE_BREAKOUT_WATCH_DOWN,OFF,MED,24190.1,Expected-range watch DOWN,"{""dedupe_key"":""NIFTY|EXP_RANGE_BREAKOUT_WATCH_DOWN|OFF|2026-07-21 11:10"",""threshold"":24183.75,""value"":24190.1,""since_minute_bucket_ist"":""2026-07-21 11:09"",""last_updated_ist"":""2026-07-21 11:10:00""}"
2026-07-21 00:00:00,2026-07-21 11:10:00,116,NIFTY,OPTION_MOMENTUM_PUT,OFF,MED,-2,ATM PUT momentum (ltp up + vol up),"{""dedupe_key"":""NIFTY|OPTION_MOMENTUM_PUT|OFF|2026-07-21 11:10"",""threshold"":1.5,""value"":-2,""since_minute_bucket_ist"":""2026-07-21 11:09"",""last_updated_ist"":""2026-07-21 11:10:00""}"
2026-07-21 00:00:00,2026-07-21 11:10:00,116,NIFTY,WALL_UNWIND_CONFIRM_UP,ON,MED,-0.007,Call wall OI unwinding (5m),"{""dedupe_key"":""NIFTY|WALL_UNWIND_CONFIRM_UP|ON|2026-07-21 11:10"",""threshold"":-0.006,""value"":-0.007,""since_minute_bucket_ist"":"""",""last_updated_ist"":""2026-07-21 11:10:00""}"
2026-07-21 00:00:00,2026-07-21 11:10:00,116,NIFTY,CHURN_COMMITTED,ON,MED,0.0003,Price move + aligned flow (committed),"{""dedupe_key"":""NIFTY|CHURN_COMMITTED|ON|2026-07-21 11:10"",""threshold"":0.0001,""value"":0.0003,""since_minute_bucket_ist"":"""",""last_updated_ist"":""2026-07-21 11:10:00""}"
2026-07-21 00:00:00,2026-07-21 11:11:00,117,NIFTY,FLOW_BULLISH_BUILD,OFF,HIGH,0,Bullish build (premium-confirmed writing / support),"{""dedupe_key"":""NIFTY|FLOW_BULLISH_BUILD|OFF|2026-07-21 11:11"",""threshold"":0.005,""value"":0,""since_minute_bucket_ist"":""2026-07-21 11:10"",""last_updated_ist"":""2026-07-21 11:11:00""}"
2026-07-21 00:00:00,2026-07-21 11:11:00,117,NIFTY,CHURN_COMMITTED,OFF,MED,0,Price move + aligned flow (committed),"{""dedupe_key"":""NIFTY|CHURN_COMMITTED|OFF|2026-07-21 11:11"",""threshold"":0.0001,""value"":0,""since_minute_bucket_ist"":""2026-07-21 11:10"",""last_updated_ist"":""2026-07-21 11:11:00""}"
2026-07-21 00:00:00,2026-07-21 11:12:00,118,NIFTY,FLOW_BULLISH_BUILD,ON,HIGH,0.0095,Bullish build (premium-confirmed writing / support),"{""dedupe_key"":""NIFTY|FLOW_BULLISH_BUILD|ON|2026-07-21 11:12"",""threshold"":0.005,""value"":0.0095,""since_minute_bucket_ist"":"""",""last_updated_ist"":""2026-07-21 11:12:00""}"
2026-07-21 00:00:00,2026-07-21 11:12:00,118,NIFTY,REGIME_RANGE_PIN,OFF,LOW,0.0002,Range / pin (inside local walls),"{""dedupe_key"":""NIFTY|REGIME_RANGE_PIN|OFF|2026-07-21 11:12"",""threshold"":0.0004,""value"":0.0002,""since_minute_bucket_ist"":""2026-07-21 11:10"",""last_updated_ist"":""2026-07-21 11:12:00""}"
2026-07-21 00:00:00,2026-07-21 11:12:00,118,NIFTY,REGIME_TRANSITION_UNCERTAIN,ON,LOW,1,Transition/uncertain regime,"{""dedupe_key"":""NIFTY|REGIME_TRANSITION_UNCERTAIN|ON|2026-07-21 11:12"",""threshold"":1,""value"":1,""since_minute_bucket_ist"":"""",""last_updated_ist"":""2026-07-21 11:12:00""}"
2026-07-21 00:00:00,2026-07-21 11:12:00,118,NIFTY,WALL_UNWIND_CONFIRM_UP,OFF,MED,-0.0023,Call wall OI unwinding (5m),"{""dedupe_key"":""NIFTY|WALL_UNWIND_CONFIRM_UP|OFF|2026-07-21 11:12"",""threshold"":-0.006,""value"":-0.0023,""since_minute_bucket_ist"":""2026-07-21 11:10"",""last_updated_ist"":""2026-07-21 11:12:00""}"
2026-07-21 00:00:00,2026-07-21 11:12:00,118,NIFTY,STEALTH_BUILD_BULL,ON,MED,0.0095,"Stealth bullish build (puts build, spot flat)","{""dedupe_key"":""NIFTY|STEALTH_BUILD_BULL|ON|2026-07-21 11:12"",""threshold"":0.008,""value"":0.0095,""since_minute_bucket_ist"":"""",""last_updated_ist"":""2026-07-21 11:12:00""}"
2026-07-21 00:00:00,2026-07-21 11:13:00,119,NIFTY,FLOW_BULLISH_BUILD,OFF,HIGH,0.0021,Bullish build (premium-confirmed writing / support),"{""dedupe_key"":""NIFTY|FLOW_BULLISH_BUILD|OFF|2026-07-21 11:13"",""threshold"":0.005,""value"":0.0021,""since_minute_bucket_ist"":""2026-07-21 11:12"",""last_updated_ist"":""2026-07-21 11:13:00""}"
2026-07-21 00:00:00,2026-07-21 11:13:00,119,NIFTY,REGIME_TREND_DOWN,ON,MED,-0.0004,Trend DOWN (slope + direction),"{""dedupe_key"":""NIFTY|REGIME_TREND_DOWN|ON|2026-07-21 11:13"",""threshold"":-0.0004,""value"":-0.0004,""since_minute_bucket_ist"":"""",""last_updated_ist"":""2026-07-21 11:13:00""}"
2026-07-21 00:00:00,2026-07-21 11:13:00,119,NIFTY,REGIME_TRANSITION_UNCERTAIN,OFF,LOW,1,Transition/uncertain regime,"{""dedupe_key"":""NIFTY|REGIME_TRANSITION_UNCERTAIN|OFF|2026-07-21 11:13"",""threshold"":1,""value"":1,""since_minute_bucket_ist"":""2026-07-21 11:12"",""last_updated_ist"":""2026-07-21 11:13:00""}"
2026-07-21 00:00:00,2026-07-21 11:13:00,119,NIFTY,EXP_RANGE_BREAKOUT_WATCH_DOWN,ON,MED,24184.3,Expected-range watch DOWN,"{""dedupe_key"":""NIFTY|EXP_RANGE_BREAKOUT_WATCH_DOWN|ON|2026-07-21 11:13"",""threshold"":24184.53,""value"":24184.3,""since_minute_bucket_ist"":"""",""last_updated_ist"":""2026-07-21 11:13:00""}"
2026-07-21 00:00:00,2026-07-21 11:13:00,119,NIFTY,OPTION_MOMENTUM_PUT,ON,MED,3.2,ATM PUT momentum (ltp up + vol up),"{""dedupe_key"":""NIFTY|OPTION_MOMENTUM_PUT|ON|2026-07-21 11:13"",""threshold"":1.5,""value"":3.2,""since_minute_bucket_ist"":"""",""last_updated_ist"":""2026-07-21 11:13:00""}"
2026-07-21 00:00:00,2026-07-21 11:13:00,119,NIFTY,STEALTH_BUILD_BULL,OFF,MED,0.0021,"Stealth bullish build (puts build, spot flat)","{""dedupe_key"":""NIFTY|STEALTH_BUILD_BULL|OFF|2026-07-21 11:13"",""threshold"":0.008,""value"":0.0021,""since_minute_bucket_ist"":""2026-07-21 11:12"",""last_updated_ist"":""2026-07-21 11:13:00""}"
2026-07-21 00:00:00,2026-07-21 11:14:00,120,NIFTY,FLOW_BEARISH_BUILD,ON,HIGH,0.0016,Bearish build (premium-confirmed writing / resistance),"{""dedupe_key"":""NIFTY|FLOW_BEARISH_BUILD|ON|2026-07-21 11:14"",""threshold"":0.005,""value"":0.0016,""since_minute_bucket_ist"":"""",""last_updated_ist"":""2026-07-21 11:14:00""}"
2026-07-21 00:00:00,2026-07-21 11:14:00,120,NIFTY,REGIME_TREND_DOWN,OFF,MED,0.0001,Trend DOWN (slope + direction),"{""dedupe_key"":""NIFTY|REGIME_TREND_DOWN|OFF|2026-07-21 11:14"",""threshold"":-0.0004,""value"":0.0001,""since_minute_bucket_ist"":""2026-07-21 11:13"",""last_updated_ist"":""2026-07-21 11:14:00""}"
2026-07-21 00:00:00,2026-07-21 11:14:00,120,NIFTY,REGIME_RANGE_PIN,ON,LOW,0.0002,Range / pin (inside local walls),"{""dedupe_key"":""NIFTY|REGIME_RANGE_PIN|ON|2026-07-21 11:14"",""threshold"":0.0004,""value"":0.0002,""since_minute_bucket_ist"":"""",""last_updated_ist"":""2026-07-21 11:14:00""}"
2026-07-21 00:00:00,2026-07-21 11:14:00,120,NIFTY,EXP_RANGE_BREAKOUT_WATCH_DOWN,OFF,MED,24185.7,Expected-range watch DOWN,"{""dedupe_key"":""NIFTY|EXP_RANGE_BREAKOUT_WATCH_DOWN|OFF|2026-07-21 11:14"",""threshold"":24184.15,""value"":24185.7,""since_minute_bucket_ist"":""2026-07-21 11:13"",""last_updated_ist"":""2026-07-21 11:14:00""}"
2026-07-21 00:00:00,2026-07-21 11:14:00,120,NIFTY,OPTION_MOMENTUM_PUT,OFF,MED,-1.3,ATM PUT momentum (ltp up + vol up),"{""dedupe_key"":""NIFTY|OPTION_MOMENTUM_PUT|OFF|2026-07-21 11:14"",""threshold"":1.5,""value"":-1.3,""since_minute_bucket_ist"":""2026-07-21 11:13"",""last_updated_ist"":""2026-07-21 11:14:00""}"
2026-07-21 00:00:00,2026-07-21 11:15:00,121,NIFTY,FLOW_BEARISH_BUILD,OFF,HIGH,0,Bearish build (premium-confirmed writing / resistance),"{""dedupe_key"":""NIFTY|FLOW_BEARISH_BUILD|OFF|2026-07-21 11:15"",""threshold"":0.005,""value"":0,""since_minute_bucket_ist"":""2026-07-21 11:14"",""last_updated_ist"":""2026-07-21 11:15:00""}"
2026-07-21 00:00:00,2026-07-21 11:16:00,122,NIFTY,REGIME_RANGE_PIN,OFF,LOW,0.0001,Range / pin (inside local walls),"{""dedupe_key"":""NIFTY|REGIME_RANGE_PIN|OFF|2026-07-21 11:16"",""threshold"":0.0004,""value"":0.0001,""since_minute_bucket_ist"":""2026-07-21 11:14"",""last_updated_ist"":""2026-07-21 11:16:00""}"
2026-07-21 00:00:00,2026-07-21 11:16:00,122,NIFTY,REGIME_TRANSITION_UNCERTAIN,ON,LOW,1,Transition/uncertain regime,"{""dedupe_key"":""NIFTY|REGIME_TRANSITION_UNCERTAIN|ON|2026-07-21 11:16"",""threshold"":1,""value"":1,""since_minute_bucket_ist"":"""",""last_updated_ist"":""2026-07-21 11:16:00""}"
2026-07-21 00:00:00,2026-07-21 11:16:00,122,NIFTY,EXP_RANGE_BREAKOUT_WATCH_DOWN,ON,MED,24181.55,Expected-range watch DOWN,"{""dedupe_key"":""NIFTY|EXP_RANGE_BREAKOUT_WATCH_DOWN|ON|2026-07-21 11:16"",""threshold"":24182.3,""value"":24181.55,""since_minute_bucket_ist"":"""",""last_updated_ist"":""2026-07-21 11:16:00""}"
2026-07-21 00:00:00,2026-07-21 11:17:00,123,NIFTY,PIN_BASIC,ON,LOW,37.5,Spot near a local wall (pin zone),"{""dedupe_key"":""NIFTY|PIN_BASIC|ON|2026-07-21 11:17"",""threshold"":37.5,""value"":37.5,""since_minute_bucket_ist"":"""",""last_updated_ist"":""2026-07-21 11:17:00""}"
2026-07-21 00:00:00,2026-07-21 11:17:00,123,NIFTY,EXP_RANGE_BREAKOUT_CONFIRMED_DOWN,ON,HIGH,2,Expected-range breakout CONFIRMED DOWN,"{""dedupe_key"":""NIFTY|EXP_RANGE_BREAKOUT_CONFIRMED_DOWN|ON|2026-07-21 11:17"",""threshold"":2,""value"":2,""since_minute_bucket_ist"":"""",""last_updated_ist"":""2026-07-21 11:17:00""}"
2026-07-21 00:00:00,2026-07-21 11:17:00,123,NIFTY,WALL_SHIFT_REGIME,ON,MED,1,Wall strike shifted materially (>= 1 step),"{""dedupe_key"":""NIFTY|WALL_SHIFT_REGIME|ON|2026-07-21 11:17"",""threshold"":1,""value"":1,""since_minute_bucket_ist"":"""",""last_updated_ist"":""2026-07-21 11:17:00""}"
2026-07-21 00:00:00,2026-07-21 11:18:00,124,NIFTY,REGIME_BREAKOUT_DOWN,ON,HIGH,2,Breakout DOWN (held below put wall),"{""dedupe_key"":""NIFTY|REGIME_BREAKOUT_DOWN|ON|2026-07-21 11:18"",""threshold"":2,""value"":2,""since_minute_bucket_ist"":"""",""last_updated_ist"":""2026-07-21 11:18:00""}"
2026-07-21 00:00:00,2026-07-21 11:18:00,124,NIFTY,REGIME_TRANSITION_UNCERTAIN,OFF,LOW,1,Transition/uncertain regime,"{""dedupe_key"":""NIFTY|REGIME_TRANSITION_UNCERTAIN|OFF|2026-07-21 11:18"",""threshold"":1,""value"":1,""since_minute_bucket_ist"":""2026-07-21 11:16"",""last_updated_ist"":""2026-07-21 11:18:00""}"
2026-07-21 00:00:00,2026-07-21 11:18:00,124,NIFTY,WALL_SHIFT_REGIME,OFF,MED,1,Wall strike shifted materially (>= 1 step),"{""dedupe_key"":""NIFTY|WALL_SHIFT_REGIME|OFF|2026-07-21 11:18"",""threshold"":1,""value"":1,""since_minute_bucket_ist"":""2026-07-21 11:17"",""last_updated_ist"":""2026-07-21 11:18:00""}"
2026-07-21 00:00:00,2026-07-21 11:19:00,125,NIFTY,EXP_RANGE_BREAKOUT_WATCH_DOWN,OFF,MED,24183.7,Expected-range watch DOWN,"{""dedupe_key"":""NIFTY|EXP_RANGE_BREAKOUT_WATCH_DOWN|OFF|2026-07-21 11:19"",""threshold"":24179.28,""value"":24183.7,""since_minute_bucket_ist"":""2026-07-21 11:16"",""last_updated_ist"":""2026-07-21 11:19:00""}"
2026-07-21 00:00:00,2026-07-21 11:19:00,125,NIFTY,EXP_RANGE_BREAKOUT_CONFIRMED_DOWN,OFF,HIGH,0,Expected-range breakout CONFIRMED DOWN,"{""dedupe_key"":""NIFTY|EXP_RANGE_BREAKOUT_CONFIRMED_DOWN|OFF|2026-07-21 11:19"",""threshold"":2,""value"":0,""since_minute_bucket_ist"":""2026-07-21 11:17"",""last_updated_ist"":""2026-07-21 11:19:00""}"
2026-07-21 00:00:00,2026-07-21 11:21:00,127,NIFTY,FLOW_BEARISH_BUILD,ON,HIGH,0.0064,Bearish build (premium-confirmed writing / resistance),"{""dedupe_key"":""NIFTY|FLOW_BEARISH_BUILD|ON|2026-07-21 11:21"",""threshold"":0.005,""value"":0.0064,""since_minute_bucket_ist"":"""",""last_updated_ist"":""2026-07-21 11:21:00""}"
2026-07-21 00:00:00,2026-07-21 11:21:00,127,NIFTY,REGIME_RANGE_PIN,ON,LOW,0.0001,Range / pin (inside local walls),"{""dedupe_key"":""NIFTY|REGIME_RANGE_PIN|ON|2026-07-21 11:21"",""threshold"":0.0004,""value"":0.0001,""since_minute_bucket_ist"":"""",""last_updated_ist"":""2026-07-21 11:21:00""}"
2026-07-21 00:00:00,2026-07-21 11:21:00,127,NIFTY,REGIME_BREAKOUT_DOWN,OFF,HIGH,0,Breakout DOWN (held below put wall),"{""dedupe_key"":""NIFTY|REGIME_BREAKOUT_DOWN|OFF|2026-07-21 11:21"",""threshold"":2,""value"":0,""since_minute_bucket_ist"":""2026-07-21 11:18"",""last_updated_ist"":""2026-07-21 11:21:00""}"
2026-07-21 00:00:00,2026-07-21 11:21:00,127,NIFTY,EXP_RANGE_BREAKOUT_WATCH_DOWN,ON,MED,24177.15,Expected-range watch DOWN,"{""dedupe_key"":""NIFTY|EXP_RANGE_BREAKOUT_WATCH_DOWN|ON|2026-07-21 11:21"",""threshold"":24178.53,""value"":24177.15,""since_minute_bucket_ist"":"""",""last_updated_ist"":""2026-07-21 11:21:00""}"
2026-07-21 00:00:00,2026-07-21 11:21:00,127,NIFTY,VOL_CONTRACTION,ON,LOW,-0.0093,Volatility contracting (straddle down),"{""dedupe_key"":""NIFTY|VOL_CONTRACTION|ON|2026-07-21 11:21"",""threshold"":-0.03,""value"":-0.0093,""since_minute_bucket_ist"":"""",""last_updated_ist"":""2026-07-21 11:21:00""}"
2026-07-21 00:00:00,2026-07-21 11:21:00,127,NIFTY,CHURN_COMMITTED,ON,MED,-0.0003,Price move + aligned flow (committed),"{""dedupe_key"":""NIFTY|CHURN_COMMITTED|ON|2026-07-21 11:21"",""threshold"":0.0001,""value"":-0.0003,""since_minute_bucket_ist"":"""",""last_updated_ist"":""2026-07-21 11:21:00""}"
2026-07-21 00:00:00,2026-07-21 11:21:00,127,NIFTY,WALL_SHIFT_REGIME,ON,MED,1,Wall strike shifted materially (>= 1 step),"{""dedupe_key"":""NIFTY|WALL_SHIFT_REGIME|ON|2026-07-21 11:21"",""threshold"":1,""value"":1,""since_minute_bucket_ist"":"""",""last_updated_ist"":""2026-07-21 11:21:00""}"
2026-07-21 00:00:00,2026-07-21 11:22:00,128,NIFTY,FLOW_BEARISH_BUILD,OFF,HIGH,0,Bearish build (premium-confirmed writing / resistance),"{""dedupe_key"":""NIFTY|FLOW_BEARISH_BUILD|OFF|2026-07-21 11:22"",""threshold"":0.005,""value"":0,""since_minute_bucket_ist"":""2026-07-21 11:21"",""last_updated_ist"":""2026-07-21 11:22:00""}"
2026-07-21 00:00:00,2026-07-21 11:22:00,128,NIFTY,EXP_RANGE_BREAKOUT_CONFIRMED_DOWN,ON,HIGH,2,Expected-range breakout CONFIRMED DOWN,"{""dedupe_key"":""NIFTY|EXP_RANGE_BREAKOUT_CONFIRMED_DOWN|ON|2026-07-21 11:22"",""threshold"":2,""value"":2,""since_minute_bucket_ist"":"""",""last_updated_ist"":""2026-07-21 11:22:00""}"
2026-07-21 00:00:00,2026-07-21 11:22:00,128,NIFTY,CHURN_COMMITTED,OFF,MED,0,Price move + aligned flow (committed),"{""dedupe_key"":""NIFTY|CHURN_COMMITTED|OFF|2026-07-21 11:22"",""threshold"":0.0001,""value"":0,""since_minute_bucket_ist"":""2026-07-21 11:21"",""last_updated_ist"":""2026-07-21 11:22:00""}"
2026-07-21 00:00:00,2026-07-21 11:22:00,128,NIFTY,WALL_SHIFT_REGIME,OFF,MED,1,Wall strike shifted materially (>= 1 step),"{""dedupe_key"":""NIFTY|WALL_SHIFT_REGIME|OFF|2026-07-21 11:22"",""threshold"":1,""value"":1,""since_minute_bucket_ist"":""2026-07-21 11:21"",""last_updated_ist"":""2026-07-21 11:22:00""}"
2026-07-21 00:00:00,2026-07-21 11:23:00,129,NIFTY,REGIME_RANGE_PIN,OFF,LOW,0.0002,Range / pin (inside local walls),"{""dedupe_key"":""NIFTY|REGIME_RANGE_PIN|OFF|2026-07-21 11:23"",""threshold"":0.0004,""value"":0.0002,""since_minute_bucket_ist"":""2026-07-21 11:21"",""last_updated_ist"":""2026-07-21 11:23:00""}"
2026-07-21 00:00:00,2026-07-21 11:23:00,129,NIFTY,REGIME_TRANSITION_UNCERTAIN,ON,LOW,1,Transition/uncertain regime,"{""dedupe_key"":""NIFTY|REGIME_TRANSITION_UNCERTAIN|ON|2026-07-21 11:23"",""threshold"":1,""value"":1,""since_minute_bucket_ist"":"""",""last_updated_ist"":""2026-07-21 11:23:00""}"
2026-07-21 00:00:00,2026-07-21 11:23:00,129,NIFTY,VOL_EXPANSION,ON,MED,0.0192,Volatility expanding (straddle up),"{""dedupe_key"":""NIFTY|VOL_EXPANSION|ON|2026-07-21 11:23"",""threshold"":0.02,""value"":0.0192,""since_minute_bucket_ist"":"""",""last_updated_ist"":""2026-07-21 11:23:00""}"
2026-07-21 00:00:00,2026-07-21 11:23:00,129,NIFTY,VOL_CONTRACTION,OFF,LOW,0.0192,Volatility contracting (straddle down),"{""dedupe_key"":""NIFTY|VOL_CONTRACTION|OFF|2026-07-21 11:23"",""threshold"":-0.03,""value"":0.0192,""since_minute_bucket_ist"":""2026-07-21 11:21"",""last_updated_ist"":""2026-07-21 11:23:00""}"
2026-07-21 00:00:00,2026-07-21 11:23:00,129,NIFTY,OPTION_MOMENTUM_PUT,ON,MED,6.9,ATM PUT momentum (ltp up + vol up),"{""dedupe_key"":""NIFTY|OPTION_MOMENTUM_PUT|ON|2026-07-21 11:23"",""threshold"":1.5,""value"":6.9,""since_minute_bucket_ist"":"""",""last_updated_ist"":""2026-07-21 11:23:00""}"
2026-07-21 00:00:00,2026-07-21 11:24:00,130,NIFTY,REGIME_TREND_DOWN,ON,MED,-0.0005,Trend DOWN (slope + direction),"{""dedupe_key"":""NIFTY|REGIME_TREND_DOWN|ON|2026-07-21 11:24"",""threshold"":-0.0004,""value"":-0.0005,""since_minute_bucket_ist"":"""",""last_updated_ist"":""2026-07-21 11:24:00""}"
2026-07-21 00:00:00,2026-07-21 11:24:00,130,NIFTY,REGIME_TRANSITION_UNCERTAIN,OFF,LOW,1,Transition/uncertain regime,"{""dedupe_key"":""NIFTY|REGIME_TRANSITION_UNCERTAIN|OFF|2026-07-21 11:24"",""threshold"":1,""value"":1,""since_minute_bucket_ist"":""2026-07-21 11:23"",""last_updated_ist"":""2026-07-21 11:24:00""}"
2026-07-21 00:00:00,2026-07-21 11:24:00,130,NIFTY,OPTION_MOMENTUM_PUT,OFF,MED,0,ATM PUT momentum (ltp up + vol up),"{""dedupe_key"":""NIFTY|OPTION_MOMENTUM_PUT|OFF|2026-07-21 11:24"",""threshold"":1.5,""value"":0,""since_minute_bucket_ist"":""2026-07-21 11:23"",""last_updated_ist"":""2026-07-21 11:24:00""}"
2026-07-21 00:00:00,2026-07-21 11:25:00,131,NIFTY,REGIME_TREND_DOWN,OFF,MED,-0.0002,Trend DOWN (slope + direction),"{""dedupe_key"":""NIFTY|REGIME_TREND_DOWN|OFF|2026-07-21 11:25"",""threshold"":-0.0004,""value"":-0.0002,""since_minute_bucket_ist"":""2026-07-21 11:24"",""last_updated_ist"":""2026-07-21 11:25:00""}"
2026-07-21 00:00:00,2026-07-21 11:25:00,131,NIFTY,REGIME_RANGE_PIN,ON,LOW,0.0002,Range / pin (inside local walls),"{""dedupe_key"":""NIFTY|REGIME_RANGE_PIN|ON|2026-07-21 11:25"",""threshold"":0.0004,""value"":0.0002,""since_minute_bucket_ist"":"""",""last_updated_ist"":""2026-07-21 11:25:00""}"
2026-07-21 00:00:00,2026-07-21 11:25:00,131,NIFTY,PIN_BASIC,OFF,LOW,37.5,Spot near a local wall (pin zone),"{""dedupe_key"":""NIFTY|PIN_BASIC|OFF|2026-07-21 11:25"",""threshold"":37.5,""value"":37.5,""since_minute_bucket_ist"":""2026-07-21 11:17"",""last_updated_ist"":""2026-07-21 11:25:00""}"
2026-07-21 00:00:00,2026-07-21 11:25:00,131,NIFTY,EXP_RANGE_BREAKOUT_WATCH_DOWN,OFF,MED,24179.25,Expected-range watch DOWN,"{""dedupe_key"":""NIFTY|EXP_RANGE_BREAKOUT_WATCH_DOWN|OFF|2026-07-21 11:25"",""threshold"":24172.99,""value"":24179.25,""since_minute_bucket_ist"":""2026-07-21 11:21"",""last_updated_ist"":""2026-07-21 11:25:00""}"
2026-07-21 00:00:00,2026-07-21 11:25:00,131,NIFTY,EXP_RANGE_BREAKOUT_CONFIRMED_DOWN,OFF,HIGH,0,Expected-range breakout CONFIRMED DOWN,"{""dedupe_key"":""NIFTY|EXP_RANGE_BREAKOUT_CONFIRMED_DOWN|OFF|2026-07-21 11:25"",""threshold"":2,""value"":0,""since_minute_bucket_ist"":""2026-07-21 11:22"",""last_updated_ist"":""2026-07-21 11:25:00""}"
2026-07-21 00:00:00,2026-07-21 11:25:00,131,NIFTY,VOL_EXPANSION,OFF,MED,0.0033,Volatility expanding (straddle up),"{""dedupe_key"":""NIFTY|VOL_EXPANSION|OFF|2026-07-21 11:25"",""threshold"":0.02,""value"":0.0033,""since_minute_bucket_ist"":""2026-07-21 11:23"",""last_updated_ist"":""2026-07-21 11:25:00""}"
2026-07-21 00:00:00,2026-07-21 11:25:00,131,NIFTY,OPTION_MOMENTUM_CALL,ON,MED,3.9,ATM CALL momentum (ltp up + vol up),"{""dedupe_key"":""NIFTY|OPTION_MOMENTUM_CALL|ON|2026-07-21 11:25"",""threshold"":1.5,""value"":3.9,""since_minute_bucket_ist"":"""",""last_updated_ist"":""2026-07-21 11:25:00""}"
2026-07-21 00:00:00,2026-07-21 11:25:00,131,NIFTY,WALL_SHIFT_REGIME,ON,MED,1,Wall strike shifted materially (>= 1 step),"{""dedupe_key"":""NIFTY|WALL_SHIFT_REGIME|ON|2026-07-21 11:25"",""threshold"":1,""value"":1,""since_minute_bucket_ist"":"""",""last_updated_ist"":""2026-07-21 11:25:00""}"
2026-07-21 00:00:00,2026-07-21 11:26:00,132,NIFTY,OPTION_MOMENTUM_CALL,OFF,MED,0,ATM CALL momentum (ltp up + vol up),"{""dedupe_key"":""NIFTY|OPTION_MOMENTUM_CALL|OFF|2026-07-21 11:26"",""threshold"":1.5,""value"":0,""since_minute_bucket_ist"":""2026-07-21 11:25"",""last_updated_ist"":""2026-07-21 11:26:00""}"
2026-07-21 00:00:00,2026-07-21 11:26:00,132,NIFTY,WALL_UNWIND_CONFIRM_DOWN,ON,MED,-0.0143,Put wall OI unwinding (5m),"{""dedupe_key"":""NIFTY|WALL_UNWIND_CONFIRM_DOWN|ON|2026-07-21 11:26"",""threshold"":-0.006,""value"":-0.0143,""since_minute_bucket_ist"":"""",""last_updated_ist"":""2026-07-21 11:26:00""}"
2026-07-21 00:00:00,2026-07-21 11:26:00,132,NIFTY,WALL_SHIFT_REGIME,OFF,MED,1,Wall strike shifted materially (>= 1 step),"{""dedupe_key"":""NIFTY|WALL_SHIFT_REGIME|OFF|2026-07-21 11:26"",""threshold"":1,""value"":1,""since_minute_bucket_ist"":""2026-07-21 11:25"",""last_updated_ist"":""2026-07-21 11:26:00""}"
2026-07-21 00:00:00,2026-07-21 11:27:00,133,NIFTY,PIN_BASIC,ON,LOW,37.5,Spot near a local wall (pin zone),"{""dedupe_key"":""NIFTY|PIN_BASIC|ON|2026-07-21 11:27"",""threshold"":37.5,""value"":37.5,""since_minute_bucket_ist"":"""",""last_updated_ist"":""2026-07-21 11:27:00""}"
2026-07-21 00:00:00,2026-07-21 11:27:00,133,NIFTY,VOL_EXPANSION,ON,MED,0.0065,Volatility expanding (straddle up),"{""dedupe_key"":""NIFTY|VOL_EXPANSION|ON|2026-07-21 11:27"",""threshold"":0.02,""value"":0.0065,""since_minute_bucket_ist"":"""",""last_updated_ist"":""2026-07-21 11:27:00""}"
2026-07-21 00:00:00,2026-07-21 11:27:00,133,NIFTY,OPTION_MOMENTUM_PUT,ON,MED,4.2,ATM PUT momentum (ltp up + vol up),"{""dedupe_key"":""NIFTY|OPTION_MOMENTUM_PUT|ON|2026-07-21 11:27"",""threshold"":1.5,""value"":4.2,""since_minute_bucket_ist"":"""",""last_updated_ist"":""2026-07-21 11:27:00""}"
2026-07-21 00:00:00,2026-07-21 11:27:00,133,NIFTY,WALL_SHIFT_REGIME,ON,MED,1,Wall strike shifted materially (>= 1 step),"{""dedupe_key"":""NIFTY|WALL_SHIFT_REGIME|ON|2026-07-21 11:27"",""threshold"":1,""value"":1,""since_minute_bucket_ist"":"""",""last_updated_ist"":""2026-07-21 11:27:00""}"
2026-07-21 00:00:00,2026-07-21 11:28:00,134,NIFTY,FLOW_BULLISH_BUILD,ON,HIGH,0.0063,Bullish build (premium-confirmed writing / support),"{""dedupe_key"":""NIFTY|FLOW_BULLISH_BUILD|ON|2026-07-21 11:28"",""threshold"":0.005,""value"":0.0063,""since_minute_bucket_ist"":"""",""last_updated_ist"":""2026-07-21 11:28:00""}"
2026-07-21 00:00:00,2026-07-21 11:28:00,134,NIFTY,OPTION_MOMENTUM_PUT,OFF,MED,0.85,ATM PUT momentum (ltp up + vol up),"{""dedupe_key"":""NIFTY|OPTION_MOMENTUM_PUT|OFF|2026-07-21 11:28"",""threshold"":1.5,""value"":0.85,""since_minute_bucket_ist"":""2026-07-21 11:27"",""last_updated_ist"":""2026-07-21 11:28:00""}"
2026-07-21 00:00:00,2026-07-21 11:28:00,134,NIFTY,WALL_UNWIND_CONFIRM_DOWN,OFF,MED,-0.0003,Put wall OI unwinding (5m),"{""dedupe_key"":""NIFTY|WALL_UNWIND_CONFIRM_DOWN|OFF|2026-07-21 11:28"",""threshold"":-0.006,""value"":-0.0003,""since_minute_bucket_ist"":""2026-07-21 11:26"",""last_updated_ist"":""2026-07-21 11:28:00""}"
2026-07-21 00:00:00,2026-07-21 11:28:00,134,NIFTY,WALL_SHIFT_REGIME,OFF,MED,1,Wall strike shifted materially (>= 1 step),"{""dedupe_key"":""NIFTY|WALL_SHIFT_REGIME|OFF|2026-07-21 11:28"",""threshold"":1,""value"":1,""since_minute_bucket_ist"":""2026-07-21 11:27"",""last_updated_ist"":""2026-07-21 11:28:00""}"
2026-07-21 00:00:00,2026-07-21 11:29:00,135,NIFTY,FLOW_BULLISH_BUILD,OFF,HIGH,-0.0034,Bullish build (premium-confirmed writing / support),"{""dedupe_key"":""NIFTY|FLOW_BULLISH_BUILD|OFF|2026-07-21 11:29"",""threshold"":0.005,""value"":-0.0034,""since_minute_bucket_ist"":""2026-07-21 11:28"",""last_updated_ist"":""2026-07-21 11:29:00""}"
2026-07-21 00:00:00,2026-07-21 11:29:00,135,NIFTY,FLOW_BEARISH_BUILD,ON,HIGH,0.0039,Bearish build (premium-confirmed writing / resistance),"{""dedupe_key"":""NIFTY|FLOW_BEARISH_BUILD|ON|2026-07-21 11:29"",""threshold"":0.005,""value"":0.0039,""since_minute_bucket_ist"":"""",""last_updated_ist"":""2026-07-21 11:29:00""}"
2026-07-21 00:00:00,2026-07-21 11:30:00,136,NIFTY,REGIME_RANGE_PIN,OFF,LOW,0.0001,Range / pin (inside local walls),"{""dedupe_key"":""NIFTY|REGIME_RANGE_PIN|OFF|2026-07-21 11:30"",""threshold"":0.0004,""value"":0.0001,""since_minute_bucket_ist"":""2026-07-21 11:25"",""last_updated_ist"":""2026-07-21 11:30:00""}"
2026-07-21 00:00:00,2026-07-21 11:30:00,136,NIFTY,REGIME_TRANSITION_UNCERTAIN,ON,LOW,1,Transition/uncertain regime,"{""dedupe_key"":""NIFTY|REGIME_TRANSITION_UNCERTAIN|ON|2026-07-21 11:30"",""threshold"":1,""value"":1,""since_minute_bucket_ist"":"""",""last_updated_ist"":""2026-07-21 11:30:00""}"
2026-07-21 00:00:00,2026-07-21 11:30:00,136,NIFTY,VOL_EXPANSION,OFF,MED,0.0166,Volatility expanding (straddle up),"{""dedupe_key"":""NIFTY|VOL_EXPANSION|OFF|2026-07-21 11:30"",""threshold"":0.02,""value"":0.0166,""since_minute_bucket_ist"":""2026-07-21 11:27"",""last_updated_ist"":""2026-07-21 11:30:00""}"
2026-07-21 00:00:00,2026-07-21 11:31:00,137,NIFTY,FLOW_BEARISH_BUILD,OFF,HIGH,0.0041,Bearish build (premium-confirmed writing / resistance),"{""dedupe_key"":""NIFTY|FLOW_BEARISH_BUILD|OFF|2026-07-21 11:31"",""threshold"":0.005,""value"":0.0041,""since_minute_bucket_ist"":""2026-07-21 11:29"",""last_updated_ist"":""2026-07-21 11:31:00""}"
2026-07-21 00:00:00,2026-07-21 11:31:00,137,NIFTY,REGIME_RANGE_PIN,ON,LOW,0.0002,Range / pin (inside local walls),"{""dedupe_key"":""NIFTY|REGIME_RANGE_PIN|ON|2026-07-21 11:31"",""threshold"":0.0004,""value"":0.0002,""since_minute_bucket_ist"":"""",""last_updated_ist"":""2026-07-21 11:31:00""}"
2026-07-21 00:00:00,2026-07-21 11:31:00,137,NIFTY,REGIME_TRANSITION_UNCERTAIN,OFF,LOW,1,Transition/uncertain regime,"{""dedupe_key"":""NIFTY|REGIME_TRANSITION_UNCERTAIN|OFF|2026-07-21 11:31"",""threshold"":1,""value"":1,""since_minute_bucket_ist"":""2026-07-21 11:30"",""last_updated_ist"":""2026-07-21 11:31:00""}"
2026-07-21 00:00:00,2026-07-21 11:31:00,137,NIFTY,OPTION_MOMENTUM_CALL,ON,MED,2.1,ATM CALL momentum (ltp up + vol up),"{""dedupe_key"":""NIFTY|OPTION_MOMENTUM_CALL|ON|2026-07-21 11:31"",""threshold"":1.5,""value"":2.1,""since_minute_bucket_ist"":"""",""last_updated_ist"":""2026-07-21 11:31:00""}"
2026-07-21 00:00:00,2026-07-21 11:32:00,138,NIFTY,VOL_CONTRACTION,ON,LOW,-0.0258,Volatility contracting (straddle down),"{""dedupe_key"":""NIFTY|VOL_CONTRACTION|ON|2026-07-21 11:32"",""threshold"":-0.03,""value"":-0.0258,""since_minute_bucket_ist"":"""",""last_updated_ist"":""2026-07-21 11:32:00""}"
2026-07-21 00:00:00,2026-07-21 11:32:00,138,NIFTY,OPTION_MOMENTUM_CALL,OFF,MED,0,ATM CALL momentum (ltp up + vol up),"{""dedupe_key"":""NIFTY|OPTION_MOMENTUM_CALL|OFF|2026-07-21 11:32"",""threshold"":1.5,""value"":0,""since_minute_bucket_ist"":""2026-07-21 11:31"",""last_updated_ist"":""2026-07-21 11:32:00""}"
2026-07-21 00:00:00,2026-07-21 11:33:00,139,NIFTY,FLOW_BEARISH_BUILD,ON,HIGH,0.0019,Bearish build (premium-confirmed writing / resistance),"{""dedupe_key"":""NIFTY|FLOW_BEARISH_BUILD|ON|2026-07-21 11:33"",""threshold"":0.005,""value"":0.0019,""since_minute_bucket_ist"":"""",""last_updated_ist"":""2026-07-21 11:33:00""}"
2026-07-21 00:00:00,2026-07-21 11:33:00,139,NIFTY,REGIME_RANGE_PIN,OFF,LOW,0.0001,Range / pin (inside local walls),"{""dedupe_key"":""NIFTY|REGIME_RANGE_PIN|OFF|2026-07-21 11:33"",""threshold"":0.0004,""value"":0.0001,""since_minute_bucket_ist"":""2026-07-21 11:31"",""last_updated_ist"":""2026-07-21 11:33:00""}"
2026-07-21 00:00:00,2026-07-21 11:33:00,139,NIFTY,REGIME_TRANSITION_UNCERTAIN,ON,LOW,1,Transition/uncertain regime,"{""dedupe_key"":""NIFTY|REGIME_TRANSITION_UNCERTAIN|ON|2026-07-21 11:33"",""threshold"":1,""value"":1,""since_minute_bucket_ist"":"""",""last_updated_ist"":""2026-07-21 11:33:00""}"
2026-07-21 00:00:00,2026-07-21 11:33:00,139,NIFTY,EXP_RANGE_BREAKOUT_WATCH_UP,ON,MED,24181,Expected-range watch UP,"{""dedupe_key"":""NIFTY|EXP_RANGE_BREAKOUT_WATCH_UP|ON|2026-07-21 11:33"",""threshold"":24180.09,""value"":24181,""since_minute_bucket_ist"":"""",""last_updated_ist"":""2026-07-21 11:33:00""}"
2026-07-21 00:00:00,2026-07-21 11:33:00,139,NIFTY,VOL_CONTRACTION,OFF,LOW,-0.0182,Volatility contracting (straddle down),"{""dedupe_key"":""NIFTY|VOL_CONTRACTION|OFF|2026-07-21 11:33"",""threshold"":-0.03,""value"":-0.0182,""since_minute_bucket_ist"":""2026-07-21 11:32"",""last_updated_ist"":""2026-07-21 11:33:00""}"
2026-07-21 00:00:00,2026-07-21 11:34:00,140,NIFTY,FLOW_BULLISH_BUILD,ON,HIGH,0.0049,Bullish build (premium-confirmed writing / support),"{""dedupe_key"":""NIFTY|FLOW_BULLISH_BUILD|ON|2026-07-21 11:34"",""threshold"":0.005,""value"":0.0049,""since_minute_bucket_ist"":"""",""last_updated_ist"":""2026-07-21 11:34:00""}"
2026-07-21 00:00:00,2026-07-21 11:34:00,140,NIFTY,FLOW_BEARISH_BUILD,OFF,HIGH,-0.0001,Bearish build (premium-confirmed writing / resistance),"{""dedupe_key"":""NIFTY|FLOW_BEARISH_BUILD|OFF|2026-07-21 11:34"",""threshold"":0.005,""value"":-0.0001,""since_minute_bucket_ist"":""2026-07-21 11:33"",""last_updated_ist"":""2026-07-21 11:34:00""}"
2026-07-21 00:00:00,2026-07-21 11:34:00,140,NIFTY,REGIME_TREND_UP,ON,MED,0.0005,Trend UP (slope + direction),"{""dedupe_key"":""NIFTY|REGIME_TREND_UP|ON|2026-07-21 11:34"",""threshold"":0.0004,""value"":0.0005,""since_minute_bucket_ist"":"""",""last_updated_ist"":""2026-07-21 11:34:00""}"
2026-07-21 00:00:00,2026-07-21 11:34:00,140,NIFTY,REGIME_TRANSITION_UNCERTAIN,OFF,LOW,1,Transition/uncertain regime,"{""dedupe_key"":""NIFTY|REGIME_TRANSITION_UNCERTAIN|OFF|2026-07-21 11:34"",""threshold"":1,""value"":1,""since_minute_bucket_ist"":""2026-07-21 11:33"",""last_updated_ist"":""2026-07-21 11:34:00""}"
2026-07-21 00:00:00,2026-07-21 11:34:00,140,NIFTY,PIN_BREAKOUT_SETUP,ON,MED,3.150000000001455,Pin breakout setup (wall touch + aligned flow),"{""dedupe_key"":""NIFTY|PIN_BREAKOUT_SETUP|ON|2026-07-21 11:34"",""threshold"":0,""value"":3.150000000001455,""since_minute_bucket_ist"":"""",""last_updated_ist"":""2026-07-21 11:34:00""}"
2026-07-21 00:00:00,2026-07-21 11:34:00,140,NIFTY,EXP_RANGE_BREAKOUT_CONFIRMED_UP,ON,HIGH,2,Expected-range breakout CONFIRMED UP,"{""dedupe_key"":""NIFTY|EXP_RANGE_BREAKOUT_CONFIRMED_UP|ON|2026-07-21 11:34"",""threshold"":2,""value"":2,""since_minute_bucket_ist"":"""",""last_updated_ist"":""2026-07-21 11:34:00""}"
2026-07-21 00:00:00,2026-07-21 11:34:00,140,NIFTY,VOL_CONTRACTION,ON,LOW,-0.0543,Volatility contracting (straddle down),"{""dedupe_key"":""NIFTY|VOL_CONTRACTION|ON|2026-07-21 11:34"",""threshold"":-0.03,""value"":-0.0543,""since_minute_bucket_ist"":"""",""last_updated_ist"":""2026-07-21 11:34:00""}"
2026-07-21 00:00:00,2026-07-21 11:34:00,140,NIFTY,OPTION_MOMENTUM_CALL,ON,MED,3.05,ATM CALL momentum (ltp up + vol up),"{""dedupe_key"":""NIFTY|OPTION_MOMENTUM_CALL|ON|2026-07-21 11:34"",""threshold"":1.5,""value"":3.05,""since_minute_bucket_ist"":"""",""last_updated_ist"":""2026-07-21 11:34:00""}"
2026-07-21 00:00:00,2026-07-21 11:34:00,140,NIFTY,CHURN_COMMITTED,ON,MED,0.0001,Price move + aligned flow (committed),"{""dedupe_key"":""NIFTY|CHURN_COMMITTED|ON|2026-07-21 11:34"",""threshold"":0.0001,""value"":0.0001,""since_minute_bucket_ist"":"""",""last_updated_ist"":""2026-07-21 11:34:00""}"
2026-07-21 00:00:00,2026-07-21 11:34:00,140,NIFTY,WALL_PRESSURE_BREAK_SETUP,ON,MED,3.150000000001455,Pressure building into a wall (break setup),"{""dedupe_key"":""NIFTY|WALL_PRESSURE_BREAK_SETUP|ON|2026-07-21 11:34"",""threshold"":0,""value"":3.150000000001455,""since_minute_bucket_ist"":"""",""last_updated_ist"":""2026-07-21 11:34:00""}"
2026-07-21 00:00:00,2026-07-21 11:35:00,141,NIFTY,FLOW_BULLISH_BUILD,OFF,HIGH,0.005,Bullish build (premium-confirmed writing / support),"{""dedupe_key"":""NIFTY|FLOW_BULLISH_BUILD|OFF|2026-07-21 11:35"",""threshold"":0.005,""value"":0.005,""since_minute_bucket_ist"":""2026-07-21 11:34"",""last_updated_ist"":""2026-07-21 11:35:00""}"
2026-07-21 00:00:00,2026-07-21 11:35:00,141,NIFTY,PIN_BREAKOUT_SETUP,OFF,MED,0.19999999999708962,Pin breakout setup (wall touch + aligned flow),"{""dedupe_key"":""NIFTY|PIN_BREAKOUT_SETUP|OFF|2026-07-21 11:35"",""threshold"":0,""value"":0.19999999999708962,""since_minute_bucket_ist"":""2026-07-21 11:34"",""last_updated_ist"":""2026-07-21 11:35:00""}"
2026-07-21 00:00:00,2026-07-21 11:35:00,141,NIFTY,OPTION_MOMENTUM_CALL,OFF,MED,0.6,ATM CALL momentum (ltp up + vol up),"{""dedupe_key"":""NIFTY|OPTION_MOMENTUM_CALL|OFF|2026-07-21 11:35"",""threshold"":1.5,""value"":0.6,""since_minute_bucket_ist"":""2026-07-21 11:34"",""last_updated_ist"":""2026-07-21 11:35:00""}"
2026-07-21 00:00:00,2026-07-21 11:35:00,141,NIFTY,CHURN_COMMITTED,OFF,MED,0,Price move + aligned flow (committed),"{""dedupe_key"":""NIFTY|CHURN_COMMITTED|OFF|2026-07-21 11:35"",""threshold"":0.0001,""value"":0,""since_minute_bucket_ist"":""2026-07-21 11:34"",""last_updated_ist"":""2026-07-21 11:35:00""}"
2026-07-21 00:00:00,2026-07-21 11:35:00,141,NIFTY,WALL_PRESSURE_BREAK_SETUP,OFF,MED,0.19999999999708962,Pressure building into a wall (break setup),"{""dedupe_key"":""NIFTY|WALL_PRESSURE_BREAK_SETUP|OFF|2026-07-21 11:35"",""threshold"":0,""value"":0.19999999999708962,""since_minute_bucket_ist"":""2026-07-21 11:34"",""last_updated_ist"":""2026-07-21 11:35:00""}"
2026-07-21 00:00:00,2026-07-21 11:36:00,142,NIFTY,REGIME_TREND_UP,OFF,MED,0.0004,Trend UP (slope + direction),"{""dedupe_key"":""NIFTY|REGIME_TREND_UP|OFF|2026-07-21 11:36"",""threshold"":0.0004,""value"":0.0004,""since_minute_bucket_ist"":""2026-07-21 11:34"",""last_updated_ist"":""2026-07-21 11:36:00""}"
2026-07-21 00:00:00,2026-07-21 11:36:00,142,NIFTY,REGIME_TRANSITION_UNCERTAIN,ON,LOW,1,Transition/uncertain regime,"{""dedupe_key"":""NIFTY|REGIME_TRANSITION_UNCERTAIN|ON|2026-07-21 11:36"",""threshold"":1,""value"":1,""since_minute_bucket_ist"":"""",""last_updated_ist"":""2026-07-21 11:36:00""}"
2026-07-21 00:00:00,2026-07-21 11:36:00,142,NIFTY,STEALTH_BUILD_BULL,ON,MED,0.0091,"Stealth bullish build (puts build, spot flat)","{""dedupe_key"":""NIFTY|STEALTH_BUILD_BULL|ON|2026-07-21 11:36"",""threshold"":0.008,""value"":0.0091,""since_minute_bucket_ist"":"""",""last_updated_ist"":""2026-07-21 11:36:00""}"
2026-07-21 00:00:00,2026-07-21 11:37:00,143,NIFTY,REGIME_RANGE_PIN,ON,LOW,0.0002,Range / pin (inside local walls),"{""dedupe_key"":""NIFTY|REGIME_RANGE_PIN|ON|2026-07-21 11:37"",""threshold"":0.0004,""value"":0.0002,""since_minute_bucket_ist"":"""",""last_updated_ist"":""2026-07-21 11:37:00""}"
2026-07-21 00:00:00,2026-07-21 11:37:00,143,NIFTY,REGIME_TRANSITION_UNCERTAIN,OFF,LOW,1,Transition/uncertain regime,"{""dedupe_key"":""NIFTY|REGIME_TRANSITION_UNCERTAIN|OFF|2026-07-21 11:37"",""threshold"":1,""value"":1,""since_minute_bucket_ist"":""2026-07-21 11:36"",""last_updated_ist"":""2026-07-21 11:37:00""}"
2026-07-21 00:00:00,2026-07-21 11:37:00,143,NIFTY,EXP_RANGE_BREAKOUT_WATCH_UP,OFF,MED,24176.2,Expected-range watch UP,"{""dedupe_key"":""NIFTY|EXP_RANGE_BREAKOUT_WATCH_UP|OFF|2026-07-21 11:37"",""threshold"":24184.65,""value"":24176.2,""since_minute_bucket_ist"":""2026-07-21 11:33"",""last_updated_ist"":""2026-07-21 11:37:00""}"
2026-07-21 00:00:00,2026-07-21 11:37:00,143,NIFTY,EXP_RANGE_BREAKOUT_CONFIRMED_UP,OFF,HIGH,0,Expected-range breakout CONFIRMED UP,"{""dedupe_key"":""NIFTY|EXP_RANGE_BREAKOUT_CONFIRMED_UP|OFF|2026-07-21 11:37"",""threshold"":2,""value"":0,""since_minute_bucket_ist"":""2026-07-21 11:34"",""last_updated_ist"":""2026-07-21 11:37:00""}"
2026-07-21 00:00:00,2026-07-21 11:37:00,143,NIFTY,VOL_CONTRACTION,OFF,LOW,-0.0278,Volatility contracting (straddle down),"{""dedupe_key"":""NIFTY|VOL_CONTRACTION|OFF|2026-07-21 11:37"",""threshold"":-0.03,""value"":-0.0278,""since_minute_bucket_ist"":""2026-07-21 11:34"",""last_updated_ist"":""2026-07-21 11:37:00""}"
2026-07-21 00:00:00,2026-07-21 11:37:00,143,NIFTY,STEALTH_BUILD_BULL,OFF,MED,0.0046,"Stealth bullish build (puts build, spot flat)","{""dedupe_key"":""NIFTY|STEALTH_BUILD_BULL|OFF|2026-07-21 11:37"",""threshold"":0.008,""value"":0.0046,""since_minute_bucket_ist"":""2026-07-21 11:36"",""last_updated_ist"":""2026-07-21 11:37:00""}"
2026-07-21 00:00:00,2026-07-21 11:38:00,144,NIFTY,REGIME_RANGE_PIN,OFF,LOW,0.0002,Range / pin (inside local walls),"{""dedupe_key"":""NIFTY|REGIME_RANGE_PIN|OFF|2026-07-21 11:38"",""threshold"":0.0004,""value"":0.0002,""since_minute_bucket_ist"":""2026-07-21 11:37"",""last_updated_ist"":""2026-07-21 11:38:00""}"
2026-07-21 00:00:00,2026-07-21 11:38:00,144,NIFTY,REGIME_TRANSITION_UNCERTAIN,ON,LOW,1,Transition/uncertain regime,"{""dedupe_key"":""NIFTY|REGIME_TRANSITION_UNCERTAIN|ON|2026-07-21 11:38"",""threshold"":1,""value"":1,""since_minute_bucket_ist"":"""",""last_updated_ist"":""2026-07-21 11:38:00""}"
2026-07-21 00:00:00,2026-07-21 11:38:00,144,NIFTY,VOL_EXPANSION,ON,MED,0.0436,Volatility expanding (straddle up),"{""dedupe_key"":""NIFTY|VOL_EXPANSION|ON|2026-07-21 11:38"",""threshold"":0.02,""value"":0.0436,""since_minute_bucket_ist"":"""",""last_updated_ist"":""2026-07-21 11:38:00""}"
2026-07-21 00:00:00,2026-07-21 11:38:00,144,NIFTY,OPTION_MOMENTUM_PUT,ON,MED,3.25,ATM PUT momentum (ltp up + vol up),"{""dedupe_key"":""NIFTY|OPTION_MOMENTUM_PUT|ON|2026-07-21 11:38"",""threshold"":1.5,""value"":3.25,""since_minute_bucket_ist"":"""",""last_updated_ist"":""2026-07-21 11:38:00""}"
2026-07-21 00:00:00,2026-07-21 11:38:00,144,NIFTY,WALL_UNWIND_CONFIRM_UP,ON,MED,-0.0109,Call wall OI unwinding (5m),"{""dedupe_key"":""NIFTY|WALL_UNWIND_CONFIRM_UP|ON|2026-07-21 11:38"",""threshold"":-0.006,""value"":-0.0109,""since_minute_bucket_ist"":"""",""last_updated_ist"":""2026-07-21 11:38:00""}"
2026-07-21 00:00:00,2026-07-21 11:39:00,145,NIFTY,REGIME_TREND_DOWN,ON,MED,-0.0005,Trend DOWN (slope + direction),"{""dedupe_key"":""NIFTY|REGIME_TREND_DOWN|ON|2026-07-21 11:39"",""threshold"":-0.0004,""value"":-0.0005,""since_minute_bucket_ist"":"""",""last_updated_ist"":""2026-07-21 11:39:00""}"
2026-07-21 00:00:00,2026-07-21 11:39:00,145,NIFTY,REGIME_TRANSITION_UNCERTAIN,OFF,LOW,1,Transition/uncertain regime,"{""dedupe_key"":""NIFTY|REGIME_TRANSITION_UNCERTAIN|OFF|2026-07-21 11:39"",""threshold"":1,""value"":1,""since_minute_bucket_ist"":""2026-07-21 11:38"",""last_updated_ist"":""2026-07-21 11:39:00""}"
2026-07-21 00:00:00,2026-07-21 11:39:00,145,NIFTY,OPTION_MOMENTUM_PUT,OFF,MED,0,ATM PUT momentum (ltp up + vol up),"{""dedupe_key"":""NIFTY|OPTION_MOMENTUM_PUT|OFF|2026-07-21 11:39"",""threshold"":1.5,""value"":0,""since_minute_bucket_ist"":""2026-07-21 11:38"",""last_updated_ist"":""2026-07-21 11:39:00""}"
2026-07-21 00:00:00,2026-07-21 11:39:00,145,NIFTY,WALL_UNWIND_CONFIRM_UP,OFF,MED,-0.0044,Call wall OI unwinding (5m),"{""dedupe_key"":""NIFTY|WALL_UNWIND_CONFIRM_UP|OFF|2026-07-21 11:39"",""threshold"":-0.006,""value"":-0.0044,""since_minute_bucket_ist"":""2026-07-21 11:38"",""last_updated_ist"":""2026-07-21 11:39:00""}"
2026-07-21 00:00:00,2026-07-21 11:40:00,146,NIFTY,FLOW_BEARISH_BUILD,ON,HIGH,0.0038,Bearish build (premium-confirmed writing / resistance),"{""dedupe_key"":""NIFTY|FLOW_BEARISH_BUILD|ON|2026-07-21 11:40"",""threshold"":0.005,""value"":0.0038,""since_minute_bucket_ist"":"""",""last_updated_ist"":""2026-07-21 11:40:00""}"
2026-07-21 00:00:00,2026-07-21 11:40:00,146,NIFTY,EXP_RANGE_BREAKOUT_WATCH_DOWN,ON,MED,24165,Expected-range watch DOWN,"{""dedupe_key"":""NIFTY|EXP_RANGE_BREAKOUT_WATCH_DOWN|ON|2026-07-21 11:40"",""threshold"":24168.46,""value"":24165,""since_minute_bucket_ist"":"""",""last_updated_ist"":""2026-07-21 11:40:00""}"
2026-07-21 00:00:00,2026-07-21 11:40:00,146,NIFTY,VOL_EXPANSION,OFF,MED,0.0143,Volatility expanding (straddle up),"{""dedupe_key"":""NIFTY|VOL_EXPANSION|OFF|2026-07-21 11:40"",""threshold"":0.02,""value"":0.0143,""since_minute_bucket_ist"":""2026-07-21 11:38"",""last_updated_ist"":""2026-07-21 11:40:00""}"
2026-07-21 00:00:00,2026-07-21 11:40:00,146,NIFTY,OPTION_MOMENTUM_PUT,ON,MED,3.8,ATM PUT momentum (ltp up + vol up),"{""dedupe_key"":""NIFTY|OPTION_MOMENTUM_PUT|ON|2026-07-21 11:40"",""threshold"":1.5,""value"":3.8,""since_minute_bucket_ist"":"""",""last_updated_ist"":""2026-07-21 11:40:00""}"
2026-07-21 00:00:00,2026-07-21 11:40:00,146,NIFTY,CHURN_COMMITTED,ON,MED,-0.0003,Price move + aligned flow (committed),"{""dedupe_key"":""NIFTY|CHURN_COMMITTED|ON|2026-07-21 11:40"",""threshold"":0.0001,""value"":-0.0003,""since_minute_bucket_ist"":"""",""last_updated_ist"":""2026-07-21 11:40:00""}"
2026-07-21 00:00:00,2026-07-21 11:41:00,147,NIFTY,FLOW_BEARISH_BUILD,OFF,HIGH,-0.0011,Bearish build (premium-confirmed writing / resistance),"{""dedupe_key"":""NIFTY|FLOW_BEARISH_BUILD|OFF|2026-07-21 11:41"",""threshold"":0.005,""value"":-0.0011,""since_minute_bucket_ist"":""2026-07-21 11:40"",""last_updated_ist"":""2026-07-21 11:41:00""}"
2026-07-21 00:00:00,2026-07-21 11:41:00,147,NIFTY,REGIME_TREND_DOWN,OFF,MED,-0.0009,Trend DOWN (slope + direction),"{""dedupe_key"":""NIFTY|REGIME_TREND_DOWN|OFF|2026-07-21 11:41"",""threshold"":-0.0004,""value"":-0.0009,""since_minute_bucket_ist"":""2026-07-21 11:39"",""last_updated_ist"":""2026-07-21 11:41:00""}"
2026-07-21 00:00:00,2026-07-21 11:41:00,147,NIFTY,REGIME_TRANSITION_UNCERTAIN,ON,LOW,1,Transition/uncertain regime,"{""dedupe_key"":""NIFTY|REGIME_TRANSITION_UNCERTAIN|ON|2026-07-21 11:41"",""threshold"":1,""value"":1,""since_minute_bucket_ist"":"""",""last_updated_ist"":""2026-07-21 11:41:00""}"
2026-07-21 00:00:00,2026-07-21 11:41:00,147,NIFTY,EXP_RANGE_BREAKOUT_CONFIRMED_DOWN,ON,HIGH,2,Expected-range breakout CONFIRMED DOWN,"{""dedupe_key"":""NIFTY|EXP_RANGE_BREAKOUT_CONFIRMED_DOWN|ON|2026-07-21 11:41"",""threshold"":2,""value"":2,""since_minute_bucket_ist"":"""",""last_updated_ist"":""2026-07-21 11:41:00""}"
2026-07-21 00:00:00,2026-07-21 11:41:00,147,NIFTY,OPTION_MOMENTUM_PUT,OFF,MED,-0.3,ATM PUT momentum (ltp up + vol up),"{""dedupe_key"":""NIFTY|OPTION_MOMENTUM_PUT|OFF|2026-07-21 11:41"",""threshold"":1.5,""value"":-0.3,""since_minute_bucket_ist"":""2026-07-21 11:40"",""last_updated_ist"":""2026-07-21 11:41:00""}"
2026-07-21 00:00:00,2026-07-21 11:41:00,147,NIFTY,WALL_UNWIND_CONFIRM_DOWN,ON,MED,-0.0133,Put wall OI unwinding (5m),"{""dedupe_key"":""NIFTY|WALL_UNWIND_CONFIRM_DOWN|ON|2026-07-21 11:41"",""threshold"":-0.006,""value"":-0.0133,""since_minute_bucket_ist"":"""",""last_updated_ist"":""2026-07-21 11:41:00""}"
2026-07-21 00:00:00,2026-07-21 11:41:00,147,NIFTY,CHURN_COMMITTED,OFF,MED,0,Price move + aligned flow (committed),"{""dedupe_key"":""NIFTY|CHURN_COMMITTED|OFF|2026-07-21 11:41"",""threshold"":0.0001,""value"":0,""since_minute_bucket_ist"":""2026-07-21 11:40"",""last_updated_ist"":""2026-07-21 11:41:00""}"
2026-07-21 00:00:00,2026-07-21 11:42:00,148,NIFTY,REGIME_TREND_DOWN,ON,MED,-0.0005,Trend DOWN (slope + direction),"{""dedupe_key"":""NIFTY|REGIME_TREND_DOWN|ON|2026-07-21 11:42"",""threshold"":-0.0004,""value"":-0.0005,""since_minute_bucket_ist"":"""",""last_updated_ist"":""2026-07-21 11:42:00""}"
2026-07-21 00:00:00,2026-07-21 11:42:00,148,NIFTY,REGIME_TRANSITION_UNCERTAIN,OFF,LOW,1,Transition/uncertain regime,"{""dedupe_key"":""NIFTY|REGIME_TRANSITION_UNCERTAIN|OFF|2026-07-21 11:42"",""threshold"":1,""value"":1,""since_minute_bucket_ist"":""2026-07-21 11:41"",""last_updated_ist"":""2026-07-21 11:42:00""}"
2026-07-21 00:00:00,2026-07-21 11:42:00,148,NIFTY,OPTION_MOMENTUM_CALL,ON,MED,1.8,ATM CALL momentum (ltp up + vol up),"{""dedupe_key"":""NIFTY|OPTION_MOMENTUM_CALL|ON|2026-07-21 11:42"",""threshold"":1.5,""value"":1.8,""since_minute_bucket_ist"":"""",""last_updated_ist"":""2026-07-21 11:42:00""}"
2026-07-21 00:00:00,2026-07-21 11:42:00,148,NIFTY,WALL_UNWIND_CONFIRM_DOWN,OFF,MED,0.0011,Put wall OI unwinding (5m),"{""dedupe_key"":""NIFTY|WALL_UNWIND_CONFIRM_DOWN|OFF|2026-07-21 11:42"",""threshold"":-0.006,""value"":0.0011,""since_minute_bucket_ist"":""2026-07-21 11:41"",""last_updated_ist"":""2026-07-21 11:42:00""}"
2026-07-21 00:00:00,2026-07-21 11:43:00,149,NIFTY,REGIME_TREND_DOWN,OFF,MED,-0.0003,Trend DOWN (slope + direction),"{""dedupe_key"":""NIFTY|REGIME_TREND_DOWN|OFF|2026-07-21 11:43"",""threshold"":-0.0004,""value"":-0.0003,""since_minute_bucket_ist"":""2026-07-21 11:42"",""last_updated_ist"":""2026-07-21 11:43:00""}"
2026-07-21 00:00:00,2026-07-21 11:43:00,149,NIFTY,REGIME_TRANSITION_UNCERTAIN,ON,LOW,1,Transition/uncertain regime,"{""dedupe_key"":""NIFTY|REGIME_TRANSITION_UNCERTAIN|ON|2026-07-21 11:43"",""threshold"":1,""value"":1,""since_minute_bucket_ist"":"""",""last_updated_ist"":""2026-07-21 11:43:00""}"
2026-07-21 00:00:00,2026-07-21 11:43:00,149,NIFTY,EXP_RANGE_BREAKOUT_WATCH_DOWN,OFF,MED,24164.85,Expected-range watch DOWN,"{""dedupe_key"":""NIFTY|EXP_RANGE_BREAKOUT_WATCH_DOWN|OFF|2026-07-21 11:43"",""threshold"":24163.75,""value"":24164.85,""since_minute_bucket_ist"":""2026-07-21 11:40"",""last_updated_ist"":""2026-07-21 11:43:00""}"
2026-07-21 00:00:00,2026-07-21 11:43:00,149,NIFTY,EXP_RANGE_BREAKOUT_CONFIRMED_DOWN,OFF,HIGH,0,Expected-range breakout CONFIRMED DOWN,"{""dedupe_key"":""NIFTY|EXP_RANGE_BREAKOUT_CONFIRMED_DOWN|OFF|2026-07-21 11:43"",""threshold"":2,""value"":0,""since_minute_bucket_ist"":""2026-07-21 11:41"",""last_updated_ist"":""2026-07-21 11:43:00""}"
2026-07-21 00:00:00,2026-07-21 11:43:00,149,NIFTY,OPTION_MOMENTUM_CALL,OFF,MED,-1.65,ATM CALL momentum (ltp up + vol up),"{""dedupe_key"":""NIFTY|OPTION_MOMENTUM_CALL|OFF|2026-07-21 11:43"",""threshold"":1.5,""value"":-1.65,""since_minute_bucket_ist"":""2026-07-21 11:42"",""last_updated_ist"":""2026-07-21 11:43:00""}"
2026-07-21 00:00:00,2026-07-21 11:43:00,149,NIFTY,OPTION_MOMENTUM_PUT,ON,MED,1.8,ATM PUT momentum (ltp up + vol up),"{""dedupe_key"":""NIFTY|OPTION_MOMENTUM_PUT|ON|2026-07-21 11:43"",""threshold"":1.5,""value"":1.8,""since_minute_bucket_ist"":"""",""last_updated_ist"":""2026-07-21 11:43:00""}"
2026-07-21 00:00:00,2026-07-21 11:44:00,150,NIFTY,OPTION_MOMENTUM_PUT,OFF,MED,0,ATM PUT momentum (ltp up + vol up),"{""dedupe_key"":""NIFTY|OPTION_MOMENTUM_PUT|OFF|2026-07-21 11:44"",""threshold"":1.5,""value"":0,""since_minute_bucket_ist"":""2026-07-21 11:43"",""last_updated_ist"":""2026-07-21 11:44:00""}"
2026-07-21 00:00:00,2026-07-21 11:45:00,151,NIFTY,FLOW_BEARISH_BUILD,ON,HIGH,0.0054,Bearish build (premium-confirmed writing / resistance),"{""dedupe_key"":""NIFTY|FLOW_BEARISH_BUILD|ON|2026-07-21 11:45"",""threshold"":0.005,""value"":0.0054,""since_minute_bucket_ist"":"""",""last_updated_ist"":""2026-07-21 11:45:00""}"
2026-07-21 00:00:00,2026-07-21 11:45:00,151,NIFTY,PIN_BASIC,OFF,LOW,37.5,Spot near a local wall (pin zone),"{""dedupe_key"":""NIFTY|PIN_BASIC|OFF|2026-07-21 11:45"",""threshold"":37.5,""value"":37.5,""since_minute_bucket_ist"":""2026-07-21 11:27"",""last_updated_ist"":""2026-07-21 11:45:00""}"
2026-07-21 00:00:00,2026-07-21 11:45:00,151,NIFTY,VOL_CONTRACTION,ON,LOW,-0.0181,Volatility contracting (straddle down),"{""dedupe_key"":""NIFTY|VOL_CONTRACTION|ON|2026-07-21 11:45"",""threshold"":-0.03,""value"":-0.0181,""since_minute_bucket_ist"":"""",""last_updated_ist"":""2026-07-21 11:45:00""}"
2026-07-21 00:00:00,2026-07-21 11:45:00,151,NIFTY,OPTION_MOMENTUM_PUT,ON,MED,3.3,ATM PUT momentum (ltp up + vol up),"{""dedupe_key"":""NIFTY|OPTION_MOMENTUM_PUT|ON|2026-07-21 11:45"",""threshold"":1.5,""value"":3.3,""since_minute_bucket_ist"":"""",""last_updated_ist"":""2026-07-21 11:45:00""}"
2026-07-21 00:00:00,2026-07-21 11:45:00,151,NIFTY,CHURN_COMMITTED,ON,MED,-0.0002,Price move + aligned flow (committed),"{""dedupe_key"":""NIFTY|CHURN_COMMITTED|ON|2026-07-21 11:45"",""threshold"":0.0001,""value"":-0.0002,""since_minute_bucket_ist"":"""",""last_updated_ist"":""2026-07-21 11:45:00""}"
2026-07-21 00:00:00,2026-07-21 11:46:00,152,NIFTY,FLOW_BEARISH_BUILD,OFF,HIGH,0.0062,Bearish build (premium-confirmed writing / resistance),"{""dedupe_key"":""NIFTY|FLOW_BEARISH_BUILD|OFF|2026-07-21 11:46"",""threshold"":0.005,""value"":0.0062,""since_minute_bucket_ist"":""2026-07-21 11:45"",""last_updated_ist"":""2026-07-21 11:46:00""}"
2026-07-21 00:00:00,2026-07-21 11:46:00,152,NIFTY,REGIME_RANGE_PIN,ON,LOW,0.0001,Range / pin (inside local walls),"{""dedupe_key"":""NIFTY|REGIME_RANGE_PIN|ON|2026-07-21 11:46"",""threshold"":0.0004,""value"":0.0001,""since_minute_bucket_ist"":"""",""last_updated_ist"":""2026-07-21 11:46:00""}"
2026-07-21 00:00:00,2026-07-21 11:46:00,152,NIFTY,REGIME_TRANSITION_UNCERTAIN,OFF,LOW,1,Transition/uncertain regime,"{""dedupe_key"":""NIFTY|REGIME_TRANSITION_UNCERTAIN|OFF|2026-07-21 11:46"",""threshold"":1,""value"":1,""since_minute_bucket_ist"":""2026-07-21 11:43"",""last_updated_ist"":""2026-07-21 11:46:00""}"
2026-07-21 00:00:00,2026-07-21 11:46:00,152,NIFTY,PIN_BASIC,ON,LOW,37.5,Spot near a local wall (pin zone),"{""dedupe_key"":""NIFTY|PIN_BASIC|ON|2026-07-21 11:46"",""threshold"":37.5,""value"":37.5,""since_minute_bucket_ist"":"""",""last_updated_ist"":""2026-07-21 11:46:00""}"
2026-07-21 00:00:00,2026-07-21 11:46:00,152,NIFTY,OPTION_MOMENTUM_CALL,ON,MED,2.45,ATM CALL momentum (ltp up + vol up),"{""dedupe_key"":""NIFTY|OPTION_MOMENTUM_CALL|ON|2026-07-21 11:46"",""threshold"":1.5,""value"":2.45,""since_minute_bucket_ist"":"""",""last_updated_ist"":""2026-07-21 11:46:00""}"
2026-07-21 00:00:00,2026-07-21 11:46:00,152,NIFTY,OPTION_MOMENTUM_PUT,OFF,MED,-3.35,ATM PUT momentum (ltp up + vol up),"{""dedupe_key"":""NIFTY|OPTION_MOMENTUM_PUT|OFF|2026-07-21 11:46"",""threshold"":1.5,""value"":-3.35,""since_minute_bucket_ist"":""2026-07-21 11:45"",""last_updated_ist"":""2026-07-21 11:46:00""}"
2026-07-21 00:00:00,2026-07-21 11:46:00,152,NIFTY,CHURN_COMMITTED,OFF,MED,0.0001,Price move + aligned flow (committed),"{""dedupe_key"":""NIFTY|CHURN_COMMITTED|OFF|2026-07-21 11:46"",""threshold"":0.0001,""value"":0.0001,""since_minute_bucket_ist"":""2026-07-21 11:45"",""last_updated_ist"":""2026-07-21 11:46:00""}"
2026-07-21 00:00:00,2026-07-21 11:47:00,153,NIFTY,OPTION_MOMENTUM_CALL,OFF,MED,0,ATM CALL momentum (ltp up + vol up),"{""dedupe_key"":""NIFTY|OPTION_MOMENTUM_CALL|OFF|2026-07-21 11:47"",""threshold"":1.5,""value"":0,""since_minute_bucket_ist"":""2026-07-21 11:46"",""last_updated_ist"":""2026-07-21 11:47:00""}"
2026-07-21 00:00:00,2026-07-21 11:48:00,154,NIFTY,FLOW_BEARISH_BUILD,ON,HIGH,0.0126,Bearish build (premium-confirmed writing / resistance),"{""dedupe_key"":""NIFTY|FLOW_BEARISH_BUILD|ON|2026-07-21 11:48"",""threshold"":0.005,""value"":0.0126,""since_minute_bucket_ist"":"""",""last_updated_ist"":""2026-07-21 11:48:00""}"
2026-07-21 00:00:00,2026-07-21 11:48:00,154,NIFTY,STEALTH_BUILD_BEAR,ON,MED,0.0126,"Stealth bearish build (calls build, spot flat)","{""dedupe_key"":""NIFTY|STEALTH_BUILD_BEAR|ON|2026-07-21 11:48"",""threshold"":0.008,""value"":0.0126,""since_minute_bucket_ist"":"""",""last_updated_ist"":""2026-07-21 11:48:00""}"
2026-07-21 00:00:00,2026-07-21 11:49:00,155,NIFTY,FLOW_BULLISH_BUILD,ON,HIGH,0.0058,Bullish build (premium-confirmed writing / support),"{""dedupe_key"":""NIFTY|FLOW_BULLISH_BUILD|ON|2026-07-21 11:49"",""threshold"":0.005,""value"":0.0058,""since_minute_bucket_ist"":"""",""last_updated_ist"":""2026-07-21 11:49:00""}"
2026-07-21 00:00:00,2026-07-21 11:49:00,155,NIFTY,FLOW_BEARISH_BUILD,OFF,HIGH,-0.0008,Bearish build (premium-confirmed writing / resistance),"{""dedupe_key"":""NIFTY|FLOW_BEARISH_BUILD|OFF|2026-07-21 11:49"",""threshold"":0.005,""value"":-0.0008,""since_minute_bucket_ist"":""2026-07-21 11:48"",""last_updated_ist"":""2026-07-21 11:49:00""}"
2026-07-21 00:00:00,2026-07-21 11:49:00,155,NIFTY,VOL_CONTRACTION,OFF,LOW,-0.0061,Volatility contracting (straddle down),"{""dedupe_key"":""NIFTY|VOL_CONTRACTION|OFF|2026-07-21 11:49"",""threshold"":-0.03,""value"":-0.0061,""since_minute_bucket_ist"":""2026-07-21 11:45"",""last_updated_ist"":""2026-07-21 11:49:00""}"
2026-07-21 00:00:00,2026-07-21 11:49:00,155,NIFTY,STEALTH_BUILD_BEAR,OFF,MED,-0.0008,"Stealth bearish build (calls build, spot flat)","{""dedupe_key"":""NIFTY|STEALTH_BUILD_BEAR|OFF|2026-07-21 11:49"",""threshold"":0.008,""value"":-0.0008,""since_minute_bucket_ist"":""2026-07-21 11:48"",""last_updated_ist"":""2026-07-21 11:49:00""}"
2026-07-21 00:00:00,2026-07-21 11:50:00,156,NIFTY,FLOW_BOTH_BUILDING,ON,MED,0.0052,Both sides building (straddle build) → higher chop risk,"{""dedupe_key"":""NIFTY|FLOW_BOTH_BUILDING|ON|2026-07-21 11:50"",""threshold"":0.005,""value"":0.0052,""since_minute_bucket_ist"":"""",""last_updated_ist"":""2026-07-21 11:50:00""}"
2026-07-21 00:00:00,2026-07-21 11:50:00,156,NIFTY,FLOW_BULLISH_BUILD,OFF,HIGH,0.0055,Bullish build (premium-confirmed writing / support),"{""dedupe_key"":""NIFTY|FLOW_BULLISH_BUILD|OFF|2026-07-21 11:50"",""threshold"":0.005,""value"":0.0055,""since_minute_bucket_ist"":""2026-07-21 11:49"",""last_updated_ist"":""2026-07-21 11:50:00""}"
2026-07-21 00:00:00,2026-07-21 11:50:00,156,NIFTY,REGIME_RANGE_PIN,OFF,LOW,0.0001,Range / pin (inside local walls),"{""dedupe_key"":""NIFTY|REGIME_RANGE_PIN|OFF|2026-07-21 11:50"",""threshold"":0.0004,""value"":0.0001,""since_minute_bucket_ist"":""2026-07-21 11:46"",""last_updated_ist"":""2026-07-21 11:50:00""}"
2026-07-21 00:00:00,2026-07-21 11:50:00,156,NIFTY,REGIME_TRANSITION_UNCERTAIN,ON,LOW,1,Transition/uncertain regime,"{""dedupe_key"":""NIFTY|REGIME_TRANSITION_UNCERTAIN|ON|2026-07-21 11:50"",""threshold"":1,""value"":1,""since_minute_bucket_ist"":"""",""last_updated_ist"":""2026-07-21 11:50:00""}"
2026-07-21 00:00:00,2026-07-21 11:51:00,157,NIFTY,FLOW_BOTH_BUILDING,OFF,MED,0,Both sides building (straddle build) → higher chop risk,"{""dedupe_key"":""NIFTY|FLOW_BOTH_BUILDING|OFF|2026-07-21 11:51"",""threshold"":0.005,""value"":0,""since_minute_bucket_ist"":""2026-07-21 11:50"",""last_updated_ist"":""2026-07-21 11:51:00""}"
2026-07-21 00:00:00,2026-07-21 11:51:00,157,NIFTY,REGIME_RANGE_PIN,ON,LOW,0.0001,Range / pin (inside local walls),"{""dedupe_key"":""NIFTY|REGIME_RANGE_PIN|ON|2026-07-21 11:51"",""threshold"":0.0004,""value"":0.0001,""since_minute_bucket_ist"":"""",""last_updated_ist"":""2026-07-21 11:51:00""}"
2026-07-21 00:00:00,2026-07-21 11:51:00,157,NIFTY,REGIME_TRANSITION_UNCERTAIN,OFF,LOW,1,Transition/uncertain regime,"{""dedupe_key"":""NIFTY|REGIME_TRANSITION_UNCERTAIN|OFF|2026-07-21 11:51"",""threshold"":1,""value"":1,""since_minute_bucket_ist"":""2026-07-21 11:50"",""last_updated_ist"":""2026-07-21 11:51:00""}"
2026-07-21 00:00:00,2026-07-21 11:51:00,157,NIFTY,EXP_RANGE_BREAKOUT_WATCH_UP,ON,MED,24167.6,Expected-range watch UP,"{""dedupe_key"":""NIFTY|EXP_RANGE_BREAKOUT_WATCH_UP|ON|2026-07-21 11:51"",""threshold"":24167.57,""value"":24167.6,""since_minute_bucket_ist"":"""",""last_updated_ist"":""2026-07-21 11:51:00""}"
2026-07-21 00:00:00,2026-07-21 11:52:00,158,NIFTY,PIN_BASIC,OFF,LOW,37.5,Spot near a local wall (pin zone),"{""dedupe_key"":""NIFTY|PIN_BASIC|OFF|2026-07-21 11:52"",""threshold"":37.5,""value"":37.5,""since_minute_bucket_ist"":""2026-07-21 11:46"",""last_updated_ist"":""2026-07-21 11:52:00""}"
2026-07-21 00:00:00,2026-07-21 11:52:00,158,NIFTY,EXP_RANGE_BREAKOUT_WATCH_UP,OFF,MED,24162.1,Expected-range watch UP,"{""dedupe_key"":""NIFTY|EXP_RANGE_BREAKOUT_WATCH_UP|OFF|2026-07-21 11:52"",""threshold"":24167.52,""value"":24162.1,""since_minute_bucket_ist"":""2026-07-21 11:51"",""last_updated_ist"":""2026-07-21 11:52:00""}"
2026-07-21 00:00:00,2026-07-21 11:53:00,159,NIFTY,PIN_BASIC,ON,LOW,37.5,Spot near a local wall (pin zone),"{""dedupe_key"":""NIFTY|PIN_BASIC|ON|2026-07-21 11:53"",""threshold"":37.5,""value"":37.5,""since_minute_bucket_ist"":"""",""last_updated_ist"":""2026-07-21 11:53:00""}"
2026-07-21 00:00:00,2026-07-21 11:56:00,162,NIFTY,EXP_RANGE_BREAKOUT_WATCH_UP,ON,MED,24171.45,Expected-range watch UP,"{""dedupe_key"":""NIFTY|EXP_RANGE_BREAKOUT_WATCH_UP|ON|2026-07-21 11:56"",""threshold"":24168.92,""value"":24171.45,""since_minute_bucket_ist"":"""",""last_updated_ist"":""2026-07-21 11:56:00""}"
2026-07-21 00:00:00,2026-07-21 11:56:00,162,NIFTY,VOL_CONTRACTION,ON,LOW,-0.011,Volatility contracting (straddle down),"{""dedupe_key"":""NIFTY|VOL_CONTRACTION|ON|2026-07-21 11:56"",""threshold"":-0.03,""value"":-0.011,""since_minute_bucket_ist"":"""",""last_updated_ist"":""2026-07-21 11:56:00""}"
2026-07-21 00:00:00,2026-07-21 11:56:00,162,NIFTY,OPTION_MOMENTUM_CALL,ON,MED,3.8,ATM CALL momentum (ltp up + vol up),"{""dedupe_key"":""NIFTY|OPTION_MOMENTUM_CALL|ON|2026-07-21 11:56"",""threshold"":1.5,""value"":3.8,""since_minute_bucket_ist"":"""",""last_updated_ist"":""2026-07-21 11:56:00""}"
2026-07-21 00:00:00,2026-07-21 11:57:00,163,NIFTY,REGIME_RANGE_PIN,OFF,LOW,0.0001,Range / pin (inside local walls),"{""dedupe_key"":""NIFTY|REGIME_RANGE_PIN|OFF|2026-07-21 11:57"",""threshold"":0.0004,""value"":0.0001,""since_minute_bucket_ist"":""2026-07-21 11:51"",""last_updated_ist"":""2026-07-21 11:57:00""}"
2026-07-21 00:00:00,2026-07-21 11:57:00,163,NIFTY,REGIME_TRANSITION_UNCERTAIN,ON,LOW,1,Transition/uncertain regime,"{""dedupe_key"":""NIFTY|REGIME_TRANSITION_UNCERTAIN|ON|2026-07-21 11:57"",""threshold"":1,""value"":1,""since_minute_bucket_ist"":"""",""last_updated_ist"":""2026-07-21 11:57:00""}"
2026-07-21 00:00:00,2026-07-21 11:57:00,163,NIFTY,EXP_RANGE_BREAKOUT_CONFIRMED_UP,ON,HIGH,2,Expected-range breakout CONFIRMED UP,"{""dedupe_key"":""NIFTY|EXP_RANGE_BREAKOUT_CONFIRMED_UP|ON|2026-07-21 11:57"",""threshold"":2,""value"":2,""since_minute_bucket_ist"":"""",""last_updated_ist"":""2026-07-21 11:57:00""}"
2026-07-21 00:00:00,2026-07-21 11:57:00,163,NIFTY,OPTION_MOMENTUM_CALL,OFF,MED,0,ATM CALL momentum (ltp up + vol up),"{""dedupe_key"":""NIFTY|OPTION_MOMENTUM_CALL|OFF|2026-07-21 11:57"",""threshold"":1.5,""value"":0,""since_minute_bucket_ist"":""2026-07-21 11:56"",""last_updated_ist"":""2026-07-21 11:57:00""}"
2026-07-21 00:00:00,2026-07-21 11:58:00,164,NIFTY,FLOW_BOTH_BUILDING,ON,MED,0.0068,Both sides building (straddle build) → higher chop risk,"{""dedupe_key"":""NIFTY|FLOW_BOTH_BUILDING|ON|2026-07-21 11:58"",""threshold"":0.005,""value"":0.0068,""since_minute_bucket_ist"":"""",""last_updated_ist"":""2026-07-21 11:58:00""}"
2026-07-21 00:00:00,2026-07-21 11:58:00,164,NIFTY,VOL_CONTRACTION,OFF,LOW,0.0041,Volatility contracting (straddle down),"{""dedupe_key"":""NIFTY|VOL_CONTRACTION|OFF|2026-07-21 11:58"",""threshold"":-0.03,""value"":0.0041,""since_minute_bucket_ist"":""2026-07-21 11:56"",""last_updated_ist"":""2026-07-21 11:58:00""}"
2026-07-21 00:00:00,2026-07-21 11:58:00,164,NIFTY,OPTION_MOMENTUM_CALL,ON,MED,2.1,ATM CALL momentum (ltp up + vol up),"{""dedupe_key"":""NIFTY|OPTION_MOMENTUM_CALL|ON|2026-07-21 11:58"",""threshold"":1.5,""value"":2.1,""since_minute_bucket_ist"":"""",""last_updated_ist"":""2026-07-21 11:58:00""}"
2026-07-21 00:00:00,2026-07-21 11:59:00,165,NIFTY,FLOW_BOTH_BUILDING,OFF,MED,-0.0002,Both sides building (straddle build) → higher chop risk,"{""dedupe_key"":""NIFTY|FLOW_BOTH_BUILDING|OFF|2026-07-21 11:59"",""threshold"":0.005,""value"":-0.0002,""since_minute_bucket_ist"":""2026-07-21 11:58"",""last_updated_ist"":""2026-07-21 11:59:00""}"
2026-07-21 00:00:00,2026-07-21 11:59:00,165,NIFTY,FLOW_BULLISH_BUILD,ON,HIGH,0.0021,Bullish build (premium-confirmed writing / support),"{""dedupe_key"":""NIFTY|FLOW_BULLISH_BUILD|ON|2026-07-21 11:59"",""threshold"":0.005,""value"":0.0021,""since_minute_bucket_ist"":"""",""last_updated_ist"":""2026-07-21 11:59:00""}"
2026-07-21 00:00:00,2026-07-21 11:59:00,165,NIFTY,PIN_BREAKOUT_SETUP,ON,MED,0.05000000000291038,Pin breakout setup (wall touch + aligned flow),"{""dedupe_key"":""NIFTY|PIN_BREAKOUT_SETUP|ON|2026-07-21 11:59"",""threshold"":0,""value"":0.05000000000291038,""since_minute_bucket_ist"":"""",""last_updated_ist"":""2026-07-21 11:59:00""}"
2026-07-21 00:00:00,2026-07-21 11:59:00,165,NIFTY,EXP_RANGE_BREAKOUT_WATCH_UP,OFF,MED,24171.65,Expected-range watch UP,"{""dedupe_key"":""NIFTY|EXP_RANGE_BREAKOUT_WATCH_UP|OFF|2026-07-21 11:59"",""threshold"":24171.9,""value"":24171.65,""since_minute_bucket_ist"":""2026-07-21 11:56"",""last_updated_ist"":""2026-07-21 11:59:00""}"
2026-07-21 00:00:00,2026-07-21 11:59:00,165,NIFTY,EXP_RANGE_BREAKOUT_CONFIRMED_UP,OFF,HIGH,0,Expected-range breakout CONFIRMED UP,"{""dedupe_key"":""NIFTY|EXP_RANGE_BREAKOUT_CONFIRMED_UP|OFF|2026-07-21 11:59"",""threshold"":2,""value"":0,""since_minute_bucket_ist"":""2026-07-21 11:57"",""last_updated_ist"":""2026-07-21 11:59:00""}"
2026-07-21 00:00:00,2026-07-21 11:59:00,165,NIFTY,OPTION_MOMENTUM_CALL,OFF,MED,-1.4,ATM CALL momentum (ltp up + vol up),"{""dedupe_key"":""NIFTY|OPTION_MOMENTUM_CALL|OFF|2026-07-21 11:59"",""threshold"":1.5,""value"":-1.4,""since_minute_bucket_ist"":""2026-07-21 11:58"",""last_updated_ist"":""2026-07-21 11:59:00""}"
2026-07-21 00:00:00,2026-07-21 11:59:00,165,NIFTY,WALL_PRESSURE_BREAK_SETUP,ON,MED,0.05000000000291038,Pressure building into a wall (break setup),"{""dedupe_key"":""NIFTY|WALL_PRESSURE_BREAK_SETUP|ON|2026-07-21 11:59"",""threshold"":0,""value"":0.05000000000291038,""since_minute_bucket_ist"":"""",""last_updated_ist"":""2026-07-21 11:59:00""}"
2026-07-21 00:00:00,2026-07-21 12:00:00,166,NIFTY,FLOW_BULLISH_BUILD,OFF,HIGH,0,Bullish build (premium-confirmed writing / support),"{""dedupe_key"":""NIFTY|FLOW_BULLISH_BUILD|OFF|2026-07-21 12:00"",""threshold"":0.005,""value"":0,""since_minute_bucket_ist"":""2026-07-21 11:59"",""last_updated_ist"":""2026-07-21 12:00:00""}"
2026-07-21 00:00:00,2026-07-21 12:00:00,166,NIFTY,PIN_BREAKOUT_SETUP,OFF,MED,0,Pin breakout setup (wall touch + aligned flow),"{""dedupe_key"":""NIFTY|PIN_BREAKOUT_SETUP|OFF|2026-07-21 12:00"",""threshold"":0,""value"":0,""since_minute_bucket_ist"":""2026-07-21 11:59"",""last_updated_ist"":""2026-07-21 12:00:00""}"
2026-07-21 00:00:00,2026-07-21 12:00:00,166,NIFTY,WALL_PRESSURE_BREAK_SETUP,OFF,MED,0,Pressure building into a wall (break setup),"{""dedupe_key"":""NIFTY|WALL_PRESSURE_BREAK_SETUP|OFF|2026-07-21 12:00"",""threshold"":0,""value"":0,""since_minute_bucket_ist"":""2026-07-21 11:59"",""last_updated_ist"":""2026-07-21 12:00:00""}"
2026-07-21 00:00:00,2026-07-21 12:01:00,167,NIFTY,REGIME_RANGE_PIN,ON,LOW,0.0001,Range / pin (inside local walls),"{""dedupe_key"":""NIFTY|REGIME_RANGE_PIN|ON|2026-07-21 12:01"",""threshold"":0.0004,""value"":0.0001,""since_minute_bucket_ist"":"""",""last_updated_ist"":""2026-07-21 12:01:00""}"
2026-07-21 00:00:00,2026-07-21 12:01:00,167,NIFTY,REGIME_TRANSITION_UNCERTAIN,OFF,LOW,1,Transition/uncertain regime,"{""dedupe_key"":""NIFTY|REGIME_TRANSITION_UNCERTAIN|OFF|2026-07-21 12:01"",""threshold"":1,""value"":1,""since_minute_bucket_ist"":""2026-07-21 11:57"",""last_updated_ist"":""2026-07-21 12:01:00""}"
2026-07-21 00:00:00,2026-07-21 12:01:00,167,NIFTY,VOL_CONTRACTION,ON,LOW,-0.0007,Volatility contracting (straddle down),"{""dedupe_key"":""NIFTY|VOL_CONTRACTION|ON|2026-07-21 12:01"",""threshold"":-0.03,""value"":-0.0007,""since_minute_bucket_ist"":"""",""last_updated_ist"":""2026-07-21 12:01:00""}"
2026-07-21 00:00:00,2026-07-21 12:02:00,168,NIFTY,FLOW_BEARISH_BUILD,ON,HIGH,0.0001,Bearish build (premium-confirmed writing / resistance),"{""dedupe_key"":""NIFTY|FLOW_BEARISH_BUILD|ON|2026-07-21 12:02"",""threshold"":0.005,""value"":0.0001,""since_minute_bucket_ist"":"""",""last_updated_ist"":""2026-07-21 12:02:00""}"
2026-07-21 00:00:00,2026-07-21 12:02:00,168,NIFTY,REGIME_RANGE_PIN,OFF,LOW,0.0001,Range / pin (inside local walls),"{""dedupe_key"":""NIFTY|REGIME_RANGE_PIN|OFF|2026-07-21 12:02"",""threshold"":0.0004,""value"":0.0001,""since_minute_bucket_ist"":""2026-07-21 12:01"",""last_updated_ist"":""2026-07-21 12:02:00""}"
2026-07-21 00:00:00,2026-07-21 12:02:00,168,NIFTY,REGIME_TRANSITION_UNCERTAIN,ON,LOW,1,Transition/uncertain regime,"{""dedupe_key"":""NIFTY|REGIME_TRANSITION_UNCERTAIN|ON|2026-07-21 12:02"",""threshold"":1,""value"":1,""since_minute_bucket_ist"":"""",""last_updated_ist"":""2026-07-21 12:02:00""}"
2026-07-21 00:00:00,2026-07-21 12:02:00,168,NIFTY,EXP_RANGE_BREAKOUT_WATCH_UP,ON,MED,24176.45,Expected-range watch UP,"{""dedupe_key"":""NIFTY|EXP_RANGE_BREAKOUT_WATCH_UP|ON|2026-07-21 12:02"",""threshold"":24174.96,""value"":24176.45,""since_minute_bucket_ist"":"""",""last_updated_ist"":""2026-07-21 12:02:00""}"
2026-07-21 00:00:00,2026-07-21 12:02:00,168,NIFTY,VOL_CONTRACTION,OFF,LOW,-0.0048,Volatility contracting (straddle down),"{""dedupe_key"":""NIFTY|VOL_CONTRACTION|OFF|2026-07-21 12:02"",""threshold"":-0.03,""value"":-0.0048,""since_minute_bucket_ist"":""2026-07-21 12:01"",""last_updated_ist"":""2026-07-21 12:02:00""}"
2026-07-21 00:00:00,2026-07-21 12:03:00,169,NIFTY,FLOW_BEARISH_BUILD,OFF,HIGH,0.0007,Bearish build (premium-confirmed writing / resistance),"{""dedupe_key"":""NIFTY|FLOW_BEARISH_BUILD|OFF|2026-07-21 12:03"",""threshold"":0.005,""value"":0.0007,""since_minute_bucket_ist"":""2026-07-21 12:02"",""last_updated_ist"":""2026-07-21 12:03:00""}"
2026-07-21 00:00:00,2026-07-21 12:03:00,169,NIFTY,EXP_RANGE_BREAKOUT_CONFIRMED_UP,ON,HIGH,2,Expected-range breakout CONFIRMED UP,"{""dedupe_key"":""NIFTY|EXP_RANGE_BREAKOUT_CONFIRMED_UP|ON|2026-07-21 12:03"",""threshold"":2,""value"":2,""since_minute_bucket_ist"":"""",""last_updated_ist"":""2026-07-21 12:03:00""}"
2026-07-21 00:00:00,2026-07-21 12:03:00,169,NIFTY,VOL_CONTRACTION,ON,LOW,-0.0152,Volatility contracting (straddle down),"{""dedupe_key"":""NIFTY|VOL_CONTRACTION|ON|2026-07-21 12:03"",""threshold"":-0.03,""value"":-0.0152,""since_minute_bucket_ist"":"""",""last_updated_ist"":""2026-07-21 12:03:00""}"
2026-07-21 00:00:00,2026-07-21 12:05:00,171,NIFTY,FLOW_BULLISH_BUILD,ON,HIGH,0.0081,Bullish build (premium-confirmed writing / support),"{""dedupe_key"":""NIFTY|FLOW_BULLISH_BUILD|ON|2026-07-21 12:05"",""threshold"":0.005,""value"":0.0081,""since_minute_bucket_ist"":"""",""last_updated_ist"":""2026-07-21 12:05:00""}"
2026-07-21 00:00:00,2026-07-21 12:05:00,171,NIFTY,REGIME_TREND_UP,ON,MED,0.0004,Trend UP (slope + direction),"{""dedupe_key"":""NIFTY|REGIME_TREND_UP|ON|2026-07-21 12:05"",""threshold"":0.0004,""value"":0.0004,""since_minute_bucket_ist"":"""",""last_updated_ist"":""2026-07-21 12:05:00""}"
2026-07-21 00:00:00,2026-07-21 12:05:00,171,NIFTY,REGIME_TRANSITION_UNCERTAIN,OFF,LOW,1,Transition/uncertain regime,"{""dedupe_key"":""NIFTY|REGIME_TRANSITION_UNCERTAIN|OFF|2026-07-21 12:05"",""threshold"":1,""value"":1,""since_minute_bucket_ist"":""2026-07-21 12:02"",""last_updated_ist"":""2026-07-21 12:05:00""}"
2026-07-21 00:00:00,2026-07-21 12:05:00,171,NIFTY,PIN_BREAKOUT_SETUP,ON,MED,2.9500000000007276,Pin breakout setup (wall touch + aligned flow),"{""dedupe_key"":""NIFTY|PIN_BREAKOUT_SETUP|ON|2026-07-21 12:05"",""threshold"":0,""value"":2.9500000000007276,""since_minute_bucket_ist"":"""",""last_updated_ist"":""2026-07-21 12:05:00""}"
2026-07-21 00:00:00,2026-07-21 12:05:00,171,NIFTY,OPTION_MOMENTUM_CALL,ON,MED,1.9,ATM CALL momentum (ltp up + vol up),"{""dedupe_key"":""NIFTY|OPTION_MOMENTUM_CALL|ON|2026-07-21 12:05"",""threshold"":1.5,""value"":1.9,""since_minute_bucket_ist"":"""",""last_updated_ist"":""2026-07-21 12:05:00""}"
2026-07-21 00:00:00,2026-07-21 12:05:00,171,NIFTY,WALL_UNWIND_CONFIRM_UP,ON,MED,-0.0061,Call wall OI unwinding (5m),"{""dedupe_key"":""NIFTY|WALL_UNWIND_CONFIRM_UP|ON|2026-07-21 12:05"",""threshold"":-0.006,""value"":-0.0061,""since_minute_bucket_ist"":"""",""last_updated_ist"":""2026-07-21 12:05:00""}"
2026-07-21 00:00:00,2026-07-21 12:05:00,171,NIFTY,CHURN_COMMITTED,ON,MED,0.0001,Price move + aligned flow (committed),"{""dedupe_key"":""NIFTY|CHURN_COMMITTED|ON|2026-07-21 12:05"",""threshold"":0.0001,""value"":0.0001,""since_minute_bucket_ist"":"""",""last_updated_ist"":""2026-07-21 12:05:00""}"
2026-07-21 00:00:00,2026-07-21 12:05:00,171,NIFTY,STEALTH_BUILD_BULL,ON,MED,0.0081,"Stealth bullish build (puts build, spot flat)","{""dedupe_key"":""NIFTY|STEALTH_BUILD_BULL|ON|2026-07-21 12:05"",""threshold"":0.008,""value"":0.0081,""since_minute_bucket_ist"":"""",""last_updated_ist"":""2026-07-21 12:05:00""}"
2026-07-21 00:00:00,2026-07-21 12:05:00,171,NIFTY,WALL_PRESSURE_BREAK_SETUP,ON,MED,2.9500000000007276,Pressure building into a wall (break setup),"{""dedupe_key"":""NIFTY|WALL_PRESSURE_BREAK_SETUP|ON|2026-07-21 12:05"",""threshold"":0,""value"":2.9500000000007276,""since_minute_bucket_ist"":"""",""last_updated_ist"":""2026-07-21 12:05:00""}"
2026-07-21 00:00:00,2026-07-21 12:06:00,172,NIFTY,TRADE_LIMIT_REACHED,ON,MED,4,Cooldown active (2m),"{""dedupe_key"":""NIFTY|TRADE_LIMIT_REACHED|ON|2026-07-21 12:06"",""threshold"":500,""value"":4,""since_minute_bucket_ist"":"""",""last_updated_ist"":""2026-07-21 12:06:00""}"
2026-07-21 00:00:00,2026-07-21 12:06:00,172,NIFTY,FLOW_BULLISH_BUILD,OFF,HIGH,0,Bullish build (premium-confirmed writing / support),"{""dedupe_key"":""NIFTY|FLOW_BULLISH_BUILD|OFF|2026-07-21 12:06"",""threshold"":0.005,""value"":0,""since_minute_bucket_ist"":""2026-07-21 12:05"",""last_updated_ist"":""2026-07-21 12:06:00""}"
2026-07-21 00:00:00,2026-07-21 12:06:00,172,NIFTY,REGIME_TREND_UP,OFF,MED,0.0004,Trend UP (slope + direction),"{""dedupe_key"":""NIFTY|REGIME_TREND_UP|OFF|2026-07-21 12:06"",""threshold"":0.0004,""value"":0.0004,""since_minute_bucket_ist"":""2026-07-21 12:05"",""last_updated_ist"":""2026-07-21 12:06:00""}"
2026-07-21 00:00:00,2026-07-21 12:06:00,172,NIFTY,REGIME_TRANSITION_UNCERTAIN,ON,LOW,1,Transition/uncertain regime,"{""dedupe_key"":""NIFTY|REGIME_TRANSITION_UNCERTAIN|ON|2026-07-21 12:06"",""threshold"":1,""value"":1,""since_minute_bucket_ist"":"""",""last_updated_ist"":""2026-07-21 12:06:00""}"
2026-07-21 00:00:00,2026-07-21 12:06:00,172,NIFTY,PIN_BREAKOUT_SETUP,OFF,MED,0,Pin breakout setup (wall touch + aligned flow),"{""dedupe_key"":""NIFTY|PIN_BREAKOUT_SETUP|OFF|2026-07-21 12:06"",""threshold"":0,""value"":0,""since_minute_bucket_ist"":""2026-07-21 12:05"",""last_updated_ist"":""2026-07-21 12:06:00""}"
2026-07-21 00:00:00,2026-07-21 12:06:00,172,NIFTY,OPTION_MOMENTUM_CALL,OFF,MED,0,ATM CALL momentum (ltp up + vol up),"{""dedupe_key"":""NIFTY|OPTION_MOMENTUM_CALL|OFF|2026-07-21 12:06"",""threshold"":1.5,""value"":0,""since_minute_bucket_ist"":""2026-07-21 12:05"",""last_updated_ist"":""2026-07-21 12:06:00""}"
2026-07-21 00:00:00,2026-07-21 12:06:00,172,NIFTY,CHURN_COMMITTED,OFF,MED,0,Price move + aligned flow (committed),"{""dedupe_key"":""NIFTY|CHURN_COMMITTED|OFF|2026-07-21 12:06"",""threshold"":0.0001,""value"":0,""since_minute_bucket_ist"":""2026-07-21 12:05"",""last_updated_ist"":""2026-07-21 12:06:00""}"
2026-07-21 00:00:00,2026-07-21 12:06:00,172,NIFTY,STEALTH_BUILD_BULL,OFF,MED,0,"Stealth bullish build (puts build, spot flat)","{""dedupe_key"":""NIFTY|STEALTH_BUILD_BULL|OFF|2026-07-21 12:06"",""threshold"":0.008,""value"":0,""since_minute_bucket_ist"":""2026-07-21 12:05"",""last_updated_ist"":""2026-07-21 12:06:00""}"
2026-07-21 00:00:00,2026-07-21 12:06:00,172,NIFTY,WALL_PRESSURE_BREAK_SETUP,OFF,MED,0,Pressure building into a wall (break setup),"{""dedupe_key"":""NIFTY|WALL_PRESSURE_BREAK_SETUP|OFF|2026-07-21 12:06"",""threshold"":0,""value"":0,""since_minute_bucket_ist"":""2026-07-21 12:05"",""last_updated_ist"":""2026-07-21 12:06:00""}"
2026-07-21 00:00:00,2026-07-21 12:07:00,173,NIFTY,TRADE_LIMIT_REACHED,OFF,MED,4,Cooldown active (2m),"{""dedupe_key"":""NIFTY|TRADE_LIMIT_REACHED|OFF|2026-07-21 12:07"",""threshold"":500,""value"":4,""since_minute_bucket_ist"":""2026-07-21 12:06"",""last_updated_ist"":""2026-07-21 12:07:00""}"
2026-07-21 00:00:00,2026-07-21 12:07:00,173,NIFTY,FLOW_BULLISH_BUILD,ON,HIGH,0.0038,Bullish build (premium-confirmed writing / support),"{""dedupe_key"":""NIFTY|FLOW_BULLISH_BUILD|ON|2026-07-21 12:07"",""threshold"":0.005,""value"":0.0038,""since_minute_bucket_ist"":"""",""last_updated_ist"":""2026-07-21 12:07:00""}"
2026-07-21 00:00:00,2026-07-21 12:07:00,173,NIFTY,REGIME_RANGE_PIN,ON,LOW,0.0001,Range / pin (inside local walls),"{""dedupe_key"":""NIFTY|REGIME_RANGE_PIN|ON|2026-07-21 12:07"",""threshold"":0.0004,""value"":0.0001,""since_minute_bucket_ist"":"""",""last_updated_ist"":""2026-07-21 12:07:00""}"
2026-07-21 00:00:00,2026-07-21 12:07:00,173,NIFTY,REGIME_TRANSITION_UNCERTAIN,OFF,LOW,1,Transition/uncertain regime,"{""dedupe_key"":""NIFTY|REGIME_TRANSITION_UNCERTAIN|OFF|2026-07-21 12:07"",""threshold"":1,""value"":1,""since_minute_bucket_ist"":""2026-07-21 12:06"",""last_updated_ist"":""2026-07-21 12:07:00""}"
2026-07-21 00:00:00,2026-07-21 12:07:00,173,NIFTY,EXP_RANGE_BREAKOUT_WATCH_UP,OFF,MED,24180,Expected-range watch UP,"{""dedupe_key"":""NIFTY|EXP_RANGE_BREAKOUT_WATCH_UP|OFF|2026-07-21 12:07"",""threshold"":24181.6,""value"":24180,""since_minute_bucket_ist"":""2026-07-21 12:02"",""last_updated_ist"":""2026-07-21 12:07:00""}"
2026-07-21 00:00:00,2026-07-21 12:07:00,173,NIFTY,EXP_RANGE_BREAKOUT_CONFIRMED_UP,OFF,HIGH,0,Expected-range breakout CONFIRMED UP,"{""dedupe_key"":""NIFTY|EXP_RANGE_BREAKOUT_CONFIRMED_UP|OFF|2026-07-21 12:07"",""threshold"":2,""value"":0,""since_minute_bucket_ist"":""2026-07-21 12:03"",""last_updated_ist"":""2026-07-21 12:07:00""}"
2026-07-21 00:00:00,2026-07-21 12:08:00,174,NIFTY,FLOW_BULLISH_BUILD,OFF,HIGH,0.013,Bullish build (premium-confirmed writing / support),"{""dedupe_key"":""NIFTY|FLOW_BULLISH_BUILD|OFF|2026-07-21 12:08"",""threshold"":0.005,""value"":0.013,""since_minute_bucket_ist"":""2026-07-21 12:07"",""last_updated_ist"":""2026-07-21 12:08:00""}"
2026-07-21 00:00:00,2026-07-21 12:08:00,174,NIFTY,OPTION_MOMENTUM_PUT,ON,MED,2.45,ATM PUT momentum (ltp up + vol up),"{""dedupe_key"":""NIFTY|OPTION_MOMENTUM_PUT|ON|2026-07-21 12:08"",""threshold"":1.5,""value"":2.45,""since_minute_bucket_ist"":"""",""last_updated_ist"":""2026-07-21 12:08:00""}"
2026-07-21 00:00:00,2026-07-21 12:08:00,174,NIFTY,STEALTH_BUILD_BULL,ON,MED,0.013,"Stealth bullish build (puts build, spot flat)","{""dedupe_key"":""NIFTY|STEALTH_BUILD_BULL|ON|2026-07-21 12:08"",""threshold"":0.008,""value"":0.013,""since_minute_bucket_ist"":"""",""last_updated_ist"":""2026-07-21 12:08:00""}"
2026-07-21 00:00:00,2026-07-21 12:09:00,175,NIFTY,VOL_CONTRACTION,OFF,LOW,0.0093,Volatility contracting (straddle down),"{""dedupe_key"":""NIFTY|VOL_CONTRACTION|OFF|2026-07-21 12:09"",""threshold"":-0.03,""value"":0.0093,""since_minute_bucket_ist"":""2026-07-21 12:03"",""last_updated_ist"":""2026-07-21 12:09:00""}"
2026-07-21 00:00:00,2026-07-21 12:09:00,175,NIFTY,STEALTH_BUILD_BULL,OFF,MED,0.002,"Stealth bullish build (puts build, spot flat)","{""dedupe_key"":""NIFTY|STEALTH_BUILD_BULL|OFF|2026-07-21 12:09"",""threshold"":0.008,""value"":0.002,""since_minute_bucket_ist"":""2026-07-21 12:08"",""last_updated_ist"":""2026-07-21 12:09:00""}"
2026-07-21 00:00:00,2026-07-21 12:10:00,176,NIFTY,REGIME_RANGE_PIN,OFF,LOW,0.0001,Range / pin (inside local walls),"{""dedupe_key"":""NIFTY|REGIME_RANGE_PIN|OFF|2026-07-21 12:10"",""threshold"":0.0004,""value"":0.0001,""since_minute_bucket_ist"":""2026-07-21 12:07"",""last_updated_ist"":""2026-07-21 12:10:00""}"
2026-07-21 00:00:00,2026-07-21 12:10:00,176,NIFTY,REGIME_TRANSITION_UNCERTAIN,ON,LOW,1,Transition/uncertain regime,"{""dedupe_key"":""NIFTY|REGIME_TRANSITION_UNCERTAIN|ON|2026-07-21 12:10"",""threshold"":1,""value"":1,""since_minute_bucket_ist"":"""",""last_updated_ist"":""2026-07-21 12:10:00""}"
2026-07-21 00:00:00,2026-07-21 12:10:00,176,NIFTY,OPTION_MOMENTUM_PUT,OFF,MED,0,ATM PUT momentum (ltp up + vol up),"{""dedupe_key"":""NIFTY|OPTION_MOMENTUM_PUT|OFF|2026-07-21 12:10"",""threshold"":1.5,""value"":0,""since_minute_bucket_ist"":""2026-07-21 12:08"",""last_updated_ist"":""2026-07-21 12:10:00""}"
2026-07-21 00:00:00,2026-07-21 12:11:00,177,NIFTY,REGIME_RANGE_PIN,ON,LOW,0.0001,Range / pin (inside local walls),"{""dedupe_key"":""NIFTY|REGIME_RANGE_PIN|ON|2026-07-21 12:11"",""threshold"":0.0004,""value"":0.0001,""since_minute_bucket_ist"":"""",""last_updated_ist"":""2026-07-21 12:11:00""}"
2026-07-21 00:00:00,2026-07-21 12:11:00,177,NIFTY,REGIME_TRANSITION_UNCERTAIN,OFF,LOW,1,Transition/uncertain regime,"{""dedupe_key"":""NIFTY|REGIME_TRANSITION_UNCERTAIN|OFF|2026-07-21 12:11"",""threshold"":1,""value"":1,""since_minute_bucket_ist"":""2026-07-21 12:10"",""last_updated_ist"":""2026-07-21 12:11:00""}"
2026-07-21 00:00:00,2026-07-21 12:11:00,177,NIFTY,VOL_CONTRACTION,ON,LOW,-0.0057,Volatility contracting (straddle down),"{""dedupe_key"":""NIFTY|VOL_CONTRACTION|ON|2026-07-21 12:11"",""threshold"":-0.03,""value"":-0.0057,""since_minute_bucket_ist"":"""",""last_updated_ist"":""2026-07-21 12:11:00""}"
2026-07-21 00:00:00,2026-07-21 12:11:00,177,NIFTY,OPTION_MOMENTUM_CALL,ON,MED,1.55,ATM CALL momentum (ltp up + vol up),"{""dedupe_key"":""NIFTY|OPTION_MOMENTUM_CALL|ON|2026-07-21 12:11"",""threshold"":1.5,""value"":1.55,""since_minute_bucket_ist"":"""",""last_updated_ist"":""2026-07-21 12:11:00""}"
2026-07-21 00:00:00,2026-07-21 12:12:00,178,NIFTY,VOL_CONTRACTION,OFF,LOW,0.0014,Volatility contracting (straddle down),"{""dedupe_key"":""NIFTY|VOL_CONTRACTION|OFF|2026-07-21 12:12"",""threshold"":-0.03,""value"":0.0014,""since_minute_bucket_ist"":""2026-07-21 12:11"",""last_updated_ist"":""2026-07-21 12:12:00""}"
2026-07-21 00:00:00,2026-07-21 12:12:00,178,NIFTY,OPTION_MOMENTUM_CALL,OFF,MED,0.05,ATM CALL momentum (ltp up + vol up),"{""dedupe_key"":""NIFTY|OPTION_MOMENTUM_CALL|OFF|2026-07-21 12:12"",""threshold"":1.5,""value"":0.05,""since_minute_bucket_ist"":""2026-07-21 12:11"",""last_updated_ist"":""2026-07-21 12:12:00""}"
2026-07-21 00:00:00,2026-07-21 12:13:00,179,NIFTY,VOL_EXPANSION,ON,MED,0.0014,Volatility expanding (straddle up),"{""dedupe_key"":""NIFTY|VOL_EXPANSION|ON|2026-07-21 12:13"",""threshold"":0.02,""value"":0.0014,""since_minute_bucket_ist"":"""",""last_updated_ist"":""2026-07-21 12:13:00""}"
2026-07-21 00:00:00,2026-07-21 12:13:00,179,NIFTY,OPTION_MOMENTUM_PUT,ON,MED,1.85,ATM PUT momentum (ltp up + vol up),"{""dedupe_key"":""NIFTY|OPTION_MOMENTUM_PUT|ON|2026-07-21 12:13"",""threshold"":1.5,""value"":1.85,""since_minute_bucket_ist"":"""",""last_updated_ist"":""2026-07-21 12:13:00""}"
2026-07-21 00:00:00,2026-07-21 12:13:00,179,NIFTY,WALL_UNWIND_CONFIRM_UP,OFF,MED,0.0074,Call wall OI unwinding (5m),"{""dedupe_key"":""NIFTY|WALL_UNWIND_CONFIRM_UP|OFF|2026-07-21 12:13"",""threshold"":-0.006,""value"":0.0074,""since_minute_bucket_ist"":""2026-07-21 12:05"",""last_updated_ist"":""2026-07-21 12:13:00""}"
2026-07-21 00:00:00,2026-07-21 12:14:00,180,NIFTY,EXP_RANGE_BREAKOUT_WATCH_DOWN,ON,MED,24173.2,Expected-range watch DOWN,"{""dedupe_key"":""NIFTY|EXP_RANGE_BREAKOUT_WATCH_DOWN|ON|2026-07-21 12:14"",""threshold"":24173.44,""value"":24173.2,""since_minute_bucket_ist"":"""",""last_updated_ist"":""2026-07-21 12:14:00""}"
2026-07-21 00:00:00,2026-07-21 12:14:00,180,NIFTY,VOL_EXPANSION,OFF,MED,-0.0021,Volatility expanding (straddle up),"{""dedupe_key"":""NIFTY|VOL_EXPANSION|OFF|2026-07-21 12:14"",""threshold"":0.02,""value"":-0.0021,""since_minute_bucket_ist"":""2026-07-21 12:13"",""last_updated_ist"":""2026-07-21 12:14:00""}"
2026-07-21 00:00:00,2026-07-21 12:14:00,180,NIFTY,OPTION_MOMENTUM_PUT,OFF,MED,0.1,ATM PUT momentum (ltp up + vol up),"{""dedupe_key"":""NIFTY|OPTION_MOMENTUM_PUT|OFF|2026-07-21 12:14"",""threshold"":1.5,""value"":0.1,""since_minute_bucket_ist"":""2026-07-21 12:13"",""last_updated_ist"":""2026-07-21 12:14:00""}"
2026-07-21 00:00:00,2026-07-21 12:15:00,181,NIFTY,FLOW_BEARISH_BUILD,ON,HIGH,0.0005,Bearish build (premium-confirmed writing / resistance),"{""dedupe_key"":""NIFTY|FLOW_BEARISH_BUILD|ON|2026-07-21 12:15"",""threshold"":0.005,""value"":0.0005,""since_minute_bucket_ist"":"""",""last_updated_ist"":""2026-07-21 12:15:00""}"
2026-07-21 00:00:00,2026-07-21 12:15:00,181,NIFTY,EXP_RANGE_BREAKOUT_WATCH_DOWN,OFF,MED,24175.5,Expected-range watch DOWN,"{""dedupe_key"":""NIFTY|EXP_RANGE_BREAKOUT_WATCH_DOWN|OFF|2026-07-21 12:15"",""threshold"":24173.13,""value"":24175.5,""since_minute_bucket_ist"":""2026-07-21 12:14"",""last_updated_ist"":""2026-07-21 12:15:00""}"
2026-07-21 00:00:00,2026-07-21 12:15:00,181,NIFTY,VOL_EXPANSION,ON,MED,0.0296,Volatility expanding (straddle up),"{""dedupe_key"":""NIFTY|VOL_EXPANSION|ON|2026-07-21 12:15"",""threshold"":0.02,""value"":0.0296,""since_minute_bucket_ist"":"""",""last_updated_ist"":""2026-07-21 12:15:00""}"
2026-07-21 00:00:00,2026-07-21 12:15:00,181,NIFTY,OPTION_MOMENTUM_PUT,ON,MED,2.05,ATM PUT momentum (ltp up + vol up),"{""dedupe_key"":""NIFTY|OPTION_MOMENTUM_PUT|ON|2026-07-21 12:15"",""threshold"":1.5,""value"":2.05,""since_minute_bucket_ist"":"""",""last_updated_ist"":""2026-07-21 12:15:00""}"
2026-07-21 00:00:00,2026-07-21 12:16:00,182,NIFTY,FLOW_BULLISH_BUILD,ON,HIGH,0.0038,Bullish build (premium-confirmed writing / support),"{""dedupe_key"":""NIFTY|FLOW_BULLISH_BUILD|ON|2026-07-21 12:16"",""threshold"":0.005,""value"":0.0038,""since_minute_bucket_ist"":"""",""last_updated_ist"":""2026-07-21 12:16:00""}"
2026-07-21 00:00:00,2026-07-21 12:16:00,182,NIFTY,FLOW_BEARISH_BUILD,OFF,HIGH,0.0006,Bearish build (premium-confirmed writing / resistance),"{""dedupe_key"":""NIFTY|FLOW_BEARISH_BUILD|OFF|2026-07-21 12:16"",""threshold"":0.005,""value"":0.0006,""since_minute_bucket_ist"":""2026-07-21 12:15"",""last_updated_ist"":""2026-07-21 12:16:00""}"
2026-07-21 00:00:00,2026-07-21 12:16:00,182,NIFTY,VOL_EXPANSION,OFF,MED,0.0072,Volatility expanding (straddle up),"{""dedupe_key"":""NIFTY|VOL_EXPANSION|OFF|2026-07-21 12:16"",""threshold"":0.02,""value"":0.0072,""since_minute_bucket_ist"":""2026-07-21 12:15"",""last_updated_ist"":""2026-07-21 12:16:00""}"
2026-07-21 00:00:00,2026-07-21 12:16:00,182,NIFTY,OPTION_MOMENTUM_PUT,OFF,MED,0.2,ATM PUT momentum (ltp up + vol up),"{""dedupe_key"":""NIFTY|OPTION_MOMENTUM_PUT|OFF|2026-07-21 12:16"",""threshold"":1.5,""value"":0.2,""since_minute_bucket_ist"":""2026-07-21 12:15"",""last_updated_ist"":""2026-07-21 12:16:00""}"
2026-07-21 00:00:00,2026-07-21 12:17:00,183,NIFTY,FLOW_BULLISH_BUILD,OFF,HIGH,-0.0034,Bullish build (premium-confirmed writing / support),"{""dedupe_key"":""NIFTY|FLOW_BULLISH_BUILD|OFF|2026-07-21 12:17"",""threshold"":0.005,""value"":-0.0034,""since_minute_bucket_ist"":""2026-07-21 12:16"",""last_updated_ist"":""2026-07-21 12:17:00""}"
2026-07-21 00:00:00,2026-07-21 12:17:00,183,NIFTY,FLOW_BEARISH_BUILD,ON,HIGH,0.0038,Bearish build (premium-confirmed writing / resistance),"{""dedupe_key"":""NIFTY|FLOW_BEARISH_BUILD|ON|2026-07-21 12:17"",""threshold"":0.005,""value"":0.0038,""since_minute_bucket_ist"":"""",""last_updated_ist"":""2026-07-21 12:17:00""}"
2026-07-21 00:00:00,2026-07-21 12:17:00,183,NIFTY,VOL_CONTRACTION,ON,LOW,-0.0212,Volatility contracting (straddle down),"{""dedupe_key"":""NIFTY|VOL_CONTRACTION|ON|2026-07-21 12:17"",""threshold"":-0.03,""value"":-0.0212,""since_minute_bucket_ist"":"""",""last_updated_ist"":""2026-07-21 12:17:00""}"
2026-07-21 00:00:00,2026-07-21 12:18:00,184,NIFTY,FLOW_BEARISH_BUILD,OFF,HIGH,0,Bearish build (premium-confirmed writing / resistance),"{""dedupe_key"":""NIFTY|FLOW_BEARISH_BUILD|OFF|2026-07-21 12:18"",""threshold"":0.005,""value"":0,""since_minute_bucket_ist"":""2026-07-21 12:17"",""last_updated_ist"":""2026-07-21 12:18:00""}"
2026-07-21 00:00:00,2026-07-21 12:18:00,184,NIFTY,WALL_UNWIND_CONFIRM_DOWN,ON,MED,-0.0077,Put wall OI unwinding (5m),"{""dedupe_key"":""NIFTY|WALL_UNWIND_CONFIRM_DOWN|ON|2026-07-21 12:18"",""threshold"":-0.006,""value"":-0.0077,""since_minute_bucket_ist"":"""",""last_updated_ist"":""2026-07-21 12:18:00""}"
2026-07-21 00:00:00,2026-07-21 12:19:00,185,NIFTY,FLOW_BULLISH_BUILD,ON,HIGH,0.0012,Bullish build (premium-confirmed writing / support),"{""dedupe_key"":""NIFTY|FLOW_BULLISH_BUILD|ON|2026-07-21 12:19"",""threshold"":0.005,""value"":0.0012,""since_minute_bucket_ist"":"""",""last_updated_ist"":""2026-07-21 12:19:00""}"
2026-07-21 00:00:00,2026-07-21 12:19:00,185,NIFTY,WALL_UNWIND_CONFIRM_DOWN,OFF,MED,-0.0012,Put wall OI unwinding (5m),"{""dedupe_key"":""NIFTY|WALL_UNWIND_CONFIRM_DOWN|OFF|2026-07-21 12:19"",""threshold"":-0.006,""value"":-0.0012,""since_minute_bucket_ist"":""2026-07-21 12:18"",""last_updated_ist"":""2026-07-21 12:19:00""}"
2026-07-21 00:00:00,2026-07-21 12:20:00,186,NIFTY,FLOW_BULLISH_BUILD,OFF,HIGH,0.0045,Bullish build (premium-confirmed writing / support),"{""dedupe_key"":""NIFTY|FLOW_BULLISH_BUILD|OFF|2026-07-21 12:20"",""threshold"":0.005,""value"":0.0045,""since_minute_bucket_ist"":""2026-07-21 12:19"",""last_updated_ist"":""2026-07-21 12:20:00""}"
2026-07-21 00:00:00,2026-07-21 12:20:00,186,NIFTY,FLOW_BEARISH_BUILD,ON,HIGH,0.0031,Bearish build (premium-confirmed writing / resistance),"{""dedupe_key"":""NIFTY|FLOW_BEARISH_BUILD|ON|2026-07-21 12:20"",""threshold"":0.005,""value"":0.0031,""since_minute_bucket_ist"":"""",""last_updated_ist"":""2026-07-21 12:20:00""}"
2026-07-21 00:00:00,2026-07-21 12:20:00,186,NIFTY,VOL_EXPANSION,ON,MED,0.0172,Volatility expanding (straddle up),"{""dedupe_key"":""NIFTY|VOL_EXPANSION|ON|2026-07-21 12:20"",""threshold"":0.02,""value"":0.0172,""since_minute_bucket_ist"":"""",""last_updated_ist"":""2026-07-21 12:20:00""}"
2026-07-21 00:00:00,2026-07-21 12:20:00,186,NIFTY,VOL_CONTRACTION,OFF,LOW,0.0172,Volatility contracting (straddle down),"{""dedupe_key"":""NIFTY|VOL_CONTRACTION|OFF|2026-07-21 12:20"",""threshold"":-0.03,""value"":0.0172,""since_minute_bucket_ist"":""2026-07-21 12:17"",""last_updated_ist"":""2026-07-21 12:20:00""}"
2026-07-21 00:00:00,2026-07-21 12:21:00,187,NIFTY,FLOW_BEARISH_BUILD,OFF,HIGH,0,Bearish build (premium-confirmed writing / resistance),"{""dedupe_key"":""NIFTY|FLOW_BEARISH_BUILD|OFF|2026-07-21 12:21"",""threshold"":0.005,""value"":0,""since_minute_bucket_ist"":""2026-07-21 12:20"",""last_updated_ist"":""2026-07-21 12:21:00""}"
2026-07-21 00:00:00,2026-07-21 12:22:00,188,NIFTY,REGIME_RANGE_PIN,OFF,LOW,0.0001,Range / pin (inside local walls),"{""dedupe_key"":""NIFTY|REGIME_RANGE_PIN|OFF|2026-07-21 12:22"",""threshold"":0.0004,""value"":0.0001,""since_minute_bucket_ist"":""2026-07-21 12:11"",""last_updated_ist"":""2026-07-21 12:22:00""}"
2026-07-21 00:00:00,2026-07-21 12:22:00,188,NIFTY,REGIME_TRANSITION_UNCERTAIN,ON,LOW,1,Transition/uncertain regime,"{""dedupe_key"":""NIFTY|REGIME_TRANSITION_UNCERTAIN|ON|2026-07-21 12:22"",""threshold"":1,""value"":1,""since_minute_bucket_ist"":"""",""last_updated_ist"":""2026-07-21 12:22:00""}"
2026-07-21 00:00:00,2026-07-21 12:22:00,188,NIFTY,EXP_RANGE_BREAKOUT_WATCH_UP,ON,MED,24178.85,Expected-range watch UP,"{""dedupe_key"":""NIFTY|EXP_RANGE_BREAKOUT_WATCH_UP|ON|2026-07-21 12:22"",""threshold"":24177.87,""value"":24178.85,""since_minute_bucket_ist"":"""",""last_updated_ist"":""2026-07-21 12:22:00""}"
2026-07-21 00:00:00,2026-07-21 12:22:00,188,NIFTY,VOL_EXPANSION,OFF,MED,0.0029,Volatility expanding (straddle up),"{""dedupe_key"":""NIFTY|VOL_EXPANSION|OFF|2026-07-21 12:22"",""threshold"":0.02,""value"":0.0029,""since_minute_bucket_ist"":""2026-07-21 12:20"",""last_updated_ist"":""2026-07-21 12:22:00""}"
2026-07-21 00:00:00,2026-07-21 12:22:00,188,NIFTY,OPTION_MOMENTUM_CALL,ON,MED,1.95,ATM CALL momentum (ltp up + vol up),"{""dedupe_key"":""NIFTY|OPTION_MOMENTUM_CALL|ON|2026-07-21 12:22"",""threshold"":1.5,""value"":1.95,""since_minute_bucket_ist"":"""",""last_updated_ist"":""2026-07-21 12:22:00""}"
2026-07-21 00:00:00,2026-07-21 12:23:00,189,NIFTY,EXP_RANGE_BREAKOUT_CONFIRMED_UP,ON,HIGH,2,Expected-range breakout CONFIRMED UP,"{""dedupe_key"":""NIFTY|EXP_RANGE_BREAKOUT_CONFIRMED_UP|ON|2026-07-21 12:23"",""threshold"":2,""value"":2,""since_minute_bucket_ist"":"""",""last_updated_ist"":""2026-07-21 12:23:00""}"
2026-07-21 00:00:00,2026-07-21 12:23:00,189,NIFTY,VOL_CONTRACTION,ON,LOW,-0.0072,Volatility contracting (straddle down),"{""dedupe_key"":""NIFTY|VOL_CONTRACTION|ON|2026-07-21 12:23"",""threshold"":-0.03,""value"":-0.0072,""since_minute_bucket_ist"":"""",""last_updated_ist"":""2026-07-21 12:23:00""}"
2026-07-21 00:00:00,2026-07-21 12:23:00,189,NIFTY,OPTION_MOMENTUM_CALL,OFF,MED,0.75,ATM CALL momentum (ltp up + vol up),"{""dedupe_key"":""NIFTY|OPTION_MOMENTUM_CALL|OFF|2026-07-21 12:23"",""threshold"":1.5,""value"":0.75,""since_minute_bucket_ist"":""2026-07-21 12:22"",""last_updated_ist"":""2026-07-21 12:23:00""}"
2026-07-21 00:00:00,2026-07-21 12:23:00,189,NIFTY,STEALTH_BUILD_BEAR,ON,MED,0.0093,"Stealth bearish build (calls build, spot flat)","{""dedupe_key"":""NIFTY|STEALTH_BUILD_BEAR|ON|2026-07-21 12:23"",""threshold"":0.008,""value"":0.0093,""since_minute_bucket_ist"":"""",""last_updated_ist"":""2026-07-21 12:23:00""}"
2026-07-21 00:00:00,2026-07-21 12:24:00,190,NIFTY,REGIME_RANGE_PIN,ON,LOW,0.0001,Range / pin (inside local walls),"{""dedupe_key"":""NIFTY|REGIME_RANGE_PIN|ON|2026-07-21 12:24"",""threshold"":0.0004,""value"":0.0001,""since_minute_bucket_ist"":"""",""last_updated_ist"":""2026-07-21 12:24:00""}"
2026-07-21 00:00:00,2026-07-21 12:24:00,190,NIFTY,REGIME_TRANSITION_UNCERTAIN,OFF,LOW,1,Transition/uncertain regime,"{""dedupe_key"":""NIFTY|REGIME_TRANSITION_UNCERTAIN|OFF|2026-07-21 12:24"",""threshold"":1,""value"":1,""since_minute_bucket_ist"":""2026-07-21 12:22"",""last_updated_ist"":""2026-07-21 12:24:00""}"
2026-07-21 00:00:00,2026-07-21 12:24:00,190,NIFTY,EXP_RANGE_BREAKOUT_WATCH_UP,OFF,MED,24172.75,Expected-range watch UP,"{""dedupe_key"":""NIFTY|EXP_RANGE_BREAKOUT_WATCH_UP|OFF|2026-07-21 12:24"",""threshold"":24177.52,""value"":24172.75,""since_minute_bucket_ist"":""2026-07-21 12:22"",""last_updated_ist"":""2026-07-21 12:24:00""}"
2026-07-21 00:00:00,2026-07-21 12:24:00,190,NIFTY,EXP_RANGE_BREAKOUT_CONFIRMED_UP,OFF,HIGH,0,Expected-range breakout CONFIRMED UP,"{""dedupe_key"":""NIFTY|EXP_RANGE_BREAKOUT_CONFIRMED_UP|OFF|2026-07-21 12:24"",""threshold"":2,""value"":0,""since_minute_bucket_ist"":""2026-07-21 12:23"",""last_updated_ist"":""2026-07-21 12:24:00""}"
2026-07-21 00:00:00,2026-07-21 12:24:00,190,NIFTY,OPTION_MOMENTUM_PUT,ON,MED,1.65,ATM PUT momentum (ltp up + vol up),"{""dedupe_key"":""NIFTY|OPTION_MOMENTUM_PUT|ON|2026-07-21 12:24"",""threshold"":1.5,""value"":1.65,""since_minute_bucket_ist"":"""",""last_updated_ist"":""2026-07-21 12:24:00""}"
2026-07-21 00:00:00,2026-07-21 12:24:00,190,NIFTY,STEALTH_BUILD_BEAR,OFF,MED,0.0041,"Stealth bearish build (calls build, spot flat)","{""dedupe_key"":""NIFTY|STEALTH_BUILD_BEAR|OFF|2026-07-21 12:24"",""threshold"":0.008,""value"":0.0041,""since_minute_bucket_ist"":""2026-07-21 12:23"",""last_updated_ist"":""2026-07-21 12:24:00""}"
2026-07-21 00:00:00,2026-07-21 12:25:00,191,NIFTY,OPTION_MOMENTUM_PUT,OFF,MED,0,ATM PUT momentum (ltp up + vol up),"{""dedupe_key"":""NIFTY|OPTION_MOMENTUM_PUT|OFF|2026-07-21 12:25"",""threshold"":1.5,""value"":0,""since_minute_bucket_ist"":""2026-07-21 12:24"",""last_updated_ist"":""2026-07-21 12:25:00""}"
2026-07-21 00:00:00,2026-07-21 12:25:00,191,NIFTY,WALL_UNWIND_CONFIRM_DOWN,ON,MED,-0.0109,Put wall OI unwinding (5m),"{""dedupe_key"":""NIFTY|WALL_UNWIND_CONFIRM_DOWN|ON|2026-07-21 12:25"",""threshold"":-0.006,""value"":-0.0109,""since_minute_bucket_ist"":"""",""last_updated_ist"":""2026-07-21 12:25:00""}"
2026-07-21 00:00:00,2026-07-21 12:26:00,192,NIFTY,FLOW_BEARISH_BUILD,ON,HIGH,-0.0024,Bearish build (premium-confirmed writing / resistance),"{""dedupe_key"":""NIFTY|FLOW_BEARISH_BUILD|ON|2026-07-21 12:26"",""threshold"":0.005,""value"":-0.0024,""since_minute_bucket_ist"":"""",""last_updated_ist"":""2026-07-21 12:26:00""}"
2026-07-21 00:00:00,2026-07-21 12:26:00,192,NIFTY,VOL_CONTRACTION,OFF,LOW,0.0007,Volatility contracting (straddle down),"{""dedupe_key"":""NIFTY|VOL_CONTRACTION|OFF|2026-07-21 12:26"",""threshold"":-0.03,""value"":0.0007,""since_minute_bucket_ist"":""2026-07-21 12:23"",""last_updated_ist"":""2026-07-21 12:26:00""}"
2026-07-21 00:00:00,2026-07-21 12:26:00,192,NIFTY,WALL_UNWIND_CONFIRM_DOWN,OFF,MED,0.0007,Put wall OI unwinding (5m),"{""dedupe_key"":""NIFTY|WALL_UNWIND_CONFIRM_DOWN|OFF|2026-07-21 12:26"",""threshold"":-0.006,""value"":0.0007,""since_minute_bucket_ist"":""2026-07-21 12:25"",""last_updated_ist"":""2026-07-21 12:26:00""}"
2026-07-21 00:00:00,2026-07-21 12:28:00,194,NIFTY,FLOW_BEARISH_BUILD,OFF,HIGH,0.0024,Bearish build (premium-confirmed writing / resistance),"{""dedupe_key"":""NIFTY|FLOW_BEARISH_BUILD|OFF|2026-07-21 12:28"",""threshold"":0.005,""value"":0.0024,""since_minute_bucket_ist"":""2026-07-21 12:26"",""last_updated_ist"":""2026-07-21 12:28:00""}"
2026-07-21 00:00:00,2026-07-21 12:28:00,194,NIFTY,REGIME_RANGE_PIN,OFF,LOW,0.0001,Range / pin (inside local walls),"{""dedupe_key"":""NIFTY|REGIME_RANGE_PIN|OFF|2026-07-21 12:28"",""threshold"":0.0004,""value"":0.0001,""since_minute_bucket_ist"":""2026-07-21 12:24"",""last_updated_ist"":""2026-07-21 12:28:00""}"
2026-07-21 00:00:00,2026-07-21 12:28:00,194,NIFTY,REGIME_TRANSITION_UNCERTAIN,ON,LOW,1,Transition/uncertain regime,"{""dedupe_key"":""NIFTY|REGIME_TRANSITION_UNCERTAIN|ON|2026-07-21 12:28"",""threshold"":1,""value"":1,""since_minute_bucket_ist"":"""",""last_updated_ist"":""2026-07-21 12:28:00""}"
2026-07-21 00:00:00,2026-07-21 12:28:00,194,NIFTY,VOL_CONTRACTION,ON,LOW,-0.0175,Volatility contracting (straddle down),"{""dedupe_key"":""NIFTY|VOL_CONTRACTION|ON|2026-07-21 12:28"",""threshold"":-0.03,""value"":-0.0175,""since_minute_bucket_ist"":"""",""last_updated_ist"":""2026-07-21 12:28:00""}"
2026-07-21 00:00:00,2026-07-21 12:28:00,194,NIFTY,OPTION_MOMENTUM_PUT,ON,MED,2.85,ATM PUT momentum (ltp up + vol up),"{""dedupe_key"":""NIFTY|OPTION_MOMENTUM_PUT|ON|2026-07-21 12:28"",""threshold"":1.5,""value"":2.85,""since_minute_bucket_ist"":"""",""last_updated_ist"":""2026-07-21 12:28:00""}"
2026-07-21 00:00:00,2026-07-21 12:29:00,195,NIFTY,REGIME_RANGE_PIN,ON,LOW,0.0001,Range / pin (inside local walls),"{""dedupe_key"":""NIFTY|REGIME_RANGE_PIN|ON|2026-07-21 12:29"",""threshold"":0.0004,""value"":0.0001,""since_minute_bucket_ist"":"""",""last_updated_ist"":""2026-07-21 12:29:00""}"
2026-07-21 00:00:00,2026-07-21 12:29:00,195,NIFTY,REGIME_TRANSITION_UNCERTAIN,OFF,LOW,1,Transition/uncertain regime,"{""dedupe_key"":""NIFTY|REGIME_TRANSITION_UNCERTAIN|OFF|2026-07-21 12:29"",""threshold"":1,""value"":1,""since_minute_bucket_ist"":""2026-07-21 12:28"",""last_updated_ist"":""2026-07-21 12:29:00""}"
2026-07-21 00:00:00,2026-07-21 12:29:00,195,NIFTY,OPTION_MOMENTUM_PUT,OFF,MED,-0.95,ATM PUT momentum (ltp up + vol up),"{""dedupe_key"":""NIFTY|OPTION_MOMENTUM_PUT|OFF|2026-07-21 12:29"",""threshold"":1.5,""value"":-0.95,""since_minute_bucket_ist"":""2026-07-21 12:28"",""last_updated_ist"":""2026-07-21 12:29:00""}"
2026-07-21 00:00:00,2026-07-21 12:30:00,196,NIFTY,VOL_CONTRACTION,OFF,LOW,-0.0043,Volatility contracting (straddle down),"{""dedupe_key"":""NIFTY|VOL_CONTRACTION|OFF|2026-07-21 12:30"",""threshold"":-0.03,""value"":-0.0043,""since_minute_bucket_ist"":""2026-07-21 12:28"",""last_updated_ist"":""2026-07-21 12:30:00""}"
2026-07-21 00:00:00,2026-07-21 12:30:00,196,NIFTY,OPTION_MOMENTUM_CALL,ON,MED,1.7,ATM CALL momentum (ltp up + vol up),"{""dedupe_key"":""NIFTY|OPTION_MOMENTUM_CALL|ON|2026-07-21 12:30"",""threshold"":1.5,""value"":1.7,""since_minute_bucket_ist"":"""",""last_updated_ist"":""2026-07-21 12:30:00""}"
2026-07-21 00:00:00,2026-07-21 12:31:00,197,NIFTY,OPTION_MOMENTUM_CALL,OFF,MED,0,ATM CALL momentum (ltp up + vol up),"{""dedupe_key"":""NIFTY|OPTION_MOMENTUM_CALL|OFF|2026-07-21 12:31"",""threshold"":1.5,""value"":0,""since_minute_bucket_ist"":""2026-07-21 12:30"",""last_updated_ist"":""2026-07-21 12:31:00""}"
2026-07-21 00:00:00,2026-07-21 12:32:00,198,NIFTY,FLOW_BULLISH_BUILD,ON,HIGH,-0.0016,Bullish build (premium-confirmed writing / support),"{""dedupe_key"":""NIFTY|FLOW_BULLISH_BUILD|ON|2026-07-21 12:32"",""threshold"":0.005,""value"":-0.0016,""since_minute_bucket_ist"":"""",""last_updated_ist"":""2026-07-21 12:32:00""}"
2026-07-21 00:00:00,2026-07-21 12:32:00,198,NIFTY,VOL_EXPANSION,ON,MED,0.0208,Volatility expanding (straddle up),"{""dedupe_key"":""NIFTY|VOL_EXPANSION|ON|2026-07-21 12:32"",""threshold"":0.02,""value"":0.0208,""since_minute_bucket_ist"":"""",""last_updated_ist"":""2026-07-21 12:32:00""}"
2026-07-21 00:00:00,2026-07-21 12:33:00,199,NIFTY,FLOW_BULLISH_BUILD,OFF,HIGH,0.0084,Bullish build (premium-confirmed writing / support),"{""dedupe_key"":""NIFTY|FLOW_BULLISH_BUILD|OFF|2026-07-21 12:33"",""threshold"":0.005,""value"":0.0084,""since_minute_bucket_ist"":""2026-07-21 12:32"",""last_updated_ist"":""2026-07-21 12:33:00""}"
2026-07-21 00:00:00,2026-07-21 12:33:00,199,NIFTY,FLOW_BEARISH_BUILD,ON,HIGH,0.0012,Bearish build (premium-confirmed writing / resistance),"{""dedupe_key"":""NIFTY|FLOW_BEARISH_BUILD|ON|2026-07-21 12:33"",""threshold"":0.005,""value"":0.0012,""since_minute_bucket_ist"":"""",""last_updated_ist"":""2026-07-21 12:33:00""}"
2026-07-21 00:00:00,2026-07-21 12:33:00,199,NIFTY,REGIME_RANGE_PIN,OFF,LOW,0.0001,Range / pin (inside local walls),"{""dedupe_key"":""NIFTY|REGIME_RANGE_PIN|OFF|2026-07-21 12:33"",""threshold"":0.0004,""value"":0.0001,""since_minute_bucket_ist"":""2026-07-21 12:29"",""last_updated_ist"":""2026-07-21 12:33:00""}"
2026-07-21 00:00:00,2026-07-21 12:33:00,199,NIFTY,REGIME_TRANSITION_UNCERTAIN,ON,LOW,1,Transition/uncertain regime,"{""dedupe_key"":""NIFTY|REGIME_TRANSITION_UNCERTAIN|ON|2026-07-21 12:33"",""threshold"":1,""value"":1,""since_minute_bucket_ist"":"""",""last_updated_ist"":""2026-07-21 12:33:00""}"
2026-07-21 00:00:00,2026-07-21 12:33:00,199,NIFTY,EXP_RANGE_BREAKOUT_WATCH_UP,ON,MED,24179.55,Expected-range watch UP,"{""dedupe_key"":""NIFTY|EXP_RANGE_BREAKOUT_WATCH_UP|ON|2026-07-21 12:33"",""threshold"":24179.15,""value"":24179.55,""since_minute_bucket_ist"":"""",""last_updated_ist"":""2026-07-21 12:33:00""}"
2026-07-21 00:00:00,2026-07-21 12:33:00,199,NIFTY,VOL_EXPANSION,OFF,MED,-0.0029,Volatility expanding (straddle up),"{""dedupe_key"":""NIFTY|VOL_EXPANSION|OFF|2026-07-21 12:33"",""threshold"":0.02,""value"":-0.0029,""since_minute_bucket_ist"":""2026-07-21 12:32"",""last_updated_ist"":""2026-07-21 12:33:00""}"
2026-07-21 00:00:00,2026-07-21 12:33:00,199,NIFTY,VOL_CONTRACTION,ON,LOW,-0.0029,Volatility contracting (straddle down),"{""dedupe_key"":""NIFTY|VOL_CONTRACTION|ON|2026-07-21 12:33"",""threshold"":-0.03,""value"":-0.0029,""since_minute_bucket_ist"":"""",""last_updated_ist"":""2026-07-21 12:33:00""}"
2026-07-21 00:00:00,2026-07-21 12:33:00,199,NIFTY,STEALTH_BUILD_BULL,ON,MED,0.0084,"Stealth bullish build (puts build, spot flat)","{""dedupe_key"":""NIFTY|STEALTH_BUILD_BULL|ON|2026-07-21 12:33"",""threshold"":0.008,""value"":0.0084,""since_minute_bucket_ist"":"""",""last_updated_ist"":""2026-07-21 12:33:00""}"
2026-07-21 00:00:00,2026-07-21 12:34:00,200,NIFTY,FLOW_BULLISH_BUILD,ON,HIGH,0.0018,Bullish build (premium-confirmed writing / support),"{""dedupe_key"":""NIFTY|FLOW_BULLISH_BUILD|ON|2026-07-21 12:34"",""threshold"":0.005,""value"":0.0018,""since_minute_bucket_ist"":"""",""last_updated_ist"":""2026-07-21 12:34:00""}"
2026-07-21 00:00:00,2026-07-21 12:34:00,200,NIFTY,FLOW_BEARISH_BUILD,OFF,HIGH,-0.0014,Bearish build (premium-confirmed writing / resistance),"{""dedupe_key"":""NIFTY|FLOW_BEARISH_BUILD|OFF|2026-07-21 12:34"",""threshold"":0.005,""value"":-0.0014,""since_minute_bucket_ist"":""2026-07-21 12:33"",""last_updated_ist"":""2026-07-21 12:34:00""}"
2026-07-21 00:00:00,2026-07-21 12:34:00,200,NIFTY,REGIME_TREND_UP,ON,MED,0.0005,Trend UP (slope + direction),"{""dedupe_key"":""NIFTY|REGIME_TREND_UP|ON|2026-07-21 12:34"",""threshold"":0.0004,""value"":0.0005,""since_minute_bucket_ist"":"""",""last_updated_ist"":""2026-07-21 12:34:00""}"
2026-07-21 00:00:00,2026-07-21 12:34:00,200,NIFTY,REGIME_TRANSITION_UNCERTAIN,OFF,LOW,1,Transition/uncertain regime,"{""dedupe_key"":""NIFTY|REGIME_TRANSITION_UNCERTAIN|OFF|2026-07-21 12:34"",""threshold"":1,""value"":1,""since_minute_bucket_ist"":""2026-07-21 12:33"",""last_updated_ist"":""2026-07-21 12:34:00""}"
2026-07-21 00:00:00,2026-07-21 12:34:00,200,NIFTY,PIN_BREAKOUT_SETUP,ON,MED,4.799999999999272,Pin breakout setup (wall touch + aligned flow),"{""dedupe_key"":""NIFTY|PIN_BREAKOUT_SETUP|ON|2026-07-21 12:34"",""threshold"":0,""value"":4.799999999999272,""since_minute_bucket_ist"":"""",""last_updated_ist"":""2026-07-21 12:34:00""}"
2026-07-21 00:00:00,2026-07-21 12:34:00,200,NIFTY,EXP_RANGE_BREAKOUT_CONFIRMED_UP,ON,HIGH,2,Expected-range breakout CONFIRMED UP,"{""dedupe_key"":""NIFTY|EXP_RANGE_BREAKOUT_CONFIRMED_UP|ON|2026-07-21 12:34"",""threshold"":2,""value"":2,""since_minute_bucket_ist"":"""",""last_updated_ist"":""2026-07-21 12:34:00""}"
2026-07-21 00:00:00,2026-07-21 12:34:00,200,NIFTY,OPTION_MOMENTUM_CALL,ON,MED,2.95,ATM CALL momentum (ltp up + vol up),"{""dedupe_key"":""NIFTY|OPTION_MOMENTUM_CALL|ON|2026-07-21 12:34"",""threshold"":1.5,""value"":2.95,""since_minute_bucket_ist"":"""",""last_updated_ist"":""2026-07-21 12:34:00""}"
2026-07-21 00:00:00,2026-07-21 12:34:00,200,NIFTY,CHURN_COMMITTED,ON,MED,0.0002,Price move + aligned flow (committed),"{""dedupe_key"":""NIFTY|CHURN_COMMITTED|ON|2026-07-21 12:34"",""threshold"":0.0001,""value"":0.0002,""since_minute_bucket_ist"":"""",""last_updated_ist"":""2026-07-21 12:34:00""}"
2026-07-21 00:00:00,2026-07-21 12:34:00,200,NIFTY,STEALTH_BUILD_BULL,OFF,MED,0.0018,"Stealth bullish build (puts build, spot flat)","{""dedupe_key"":""NIFTY|STEALTH_BUILD_BULL|OFF|2026-07-21 12:34"",""threshold"":0.008,""value"":0.0018,""since_minute_bucket_ist"":""2026-07-21 12:33"",""last_updated_ist"":""2026-07-21 12:34:00""}"
2026-07-21 00:00:00,2026-07-21 12:34:00,200,NIFTY,WALL_PRESSURE_BREAK_SETUP,ON,MED,4.799999999999272,Pressure building into a wall (break setup),"{""dedupe_key"":""NIFTY|WALL_PRESSURE_BREAK_SETUP|ON|2026-07-21 12:34"",""threshold"":0,""value"":4.799999999999272,""since_minute_bucket_ist"":"""",""last_updated_ist"":""2026-07-21 12:34:00""}"
2026-07-21 00:00:00,2026-07-21 12:35:00,201,NIFTY,FLOW_BULLISH_BUILD,OFF,HIGH,-0.0022,Bullish build (premium-confirmed writing / support),"{""dedupe_key"":""NIFTY|FLOW_BULLISH_BUILD|OFF|2026-07-21 12:35"",""threshold"":0.005,""value"":-0.0022,""since_minute_bucket_ist"":""2026-07-21 12:34"",""last_updated_ist"":""2026-07-21 12:35:00""}"
2026-07-21 00:00:00,2026-07-21 12:35:00,201,NIFTY,FLOW_BEARISH_BUILD,ON,HIGH,0.0079,Bearish build (premium-confirmed writing / resistance),"{""dedupe_key"":""NIFTY|FLOW_BEARISH_BUILD|ON|2026-07-21 12:35"",""threshold"":0.005,""value"":0.0079,""since_minute_bucket_ist"":"""",""last_updated_ist"":""2026-07-21 12:35:00""}"
2026-07-21 00:00:00,2026-07-21 12:35:00,201,NIFTY,REGIME_TREND_UP,OFF,MED,0.0002,Trend UP (slope + direction),"{""dedupe_key"":""NIFTY|REGIME_TREND_UP|OFF|2026-07-21 12:35"",""threshold"":0.0004,""value"":0.0002,""since_minute_bucket_ist"":""2026-07-21 12:34"",""last_updated_ist"":""2026-07-21 12:35:00""}"
2026-07-21 00:00:00,2026-07-21 12:35:00,201,NIFTY,REGIME_TRANSITION_UNCERTAIN,ON,LOW,1,Transition/uncertain regime,"{""dedupe_key"":""NIFTY|REGIME_TRANSITION_UNCERTAIN|ON|2026-07-21 12:35"",""threshold"":1,""value"":1,""since_minute_bucket_ist"":"""",""last_updated_ist"":""2026-07-21 12:35:00""}"
2026-07-21 00:00:00,2026-07-21 12:35:00,201,NIFTY,PIN_BREAKOUT_SETUP,OFF,MED,-1.6499999999978172,Pin breakout setup (wall touch + aligned flow),"{""dedupe_key"":""NIFTY|PIN_BREAKOUT_SETUP|OFF|2026-07-21 12:35"",""threshold"":0,""value"":-1.6499999999978172,""since_minute_bucket_ist"":""2026-07-21 12:34"",""last_updated_ist"":""2026-07-21 12:35:00""}"
2026-07-21 00:00:00,2026-07-21 12:35:00,201,NIFTY,OPTION_MOMENTUM_CALL,OFF,MED,-0.95,ATM CALL momentum (ltp up + vol up),"{""dedupe_key"":""NIFTY|OPTION_MOMENTUM_CALL|OFF|2026-07-21 12:35"",""threshold"":1.5,""value"":-0.95,""since_minute_bucket_ist"":""2026-07-21 12:34"",""last_updated_ist"":""2026-07-21 12:35:00""}"
2026-07-21 00:00:00,2026-07-21 12:35:00,201,NIFTY,OPTION_MOMENTUM_PUT,ON,MED,2,ATM PUT momentum (ltp up + vol up),"{""dedupe_key"":""NIFTY|OPTION_MOMENTUM_PUT|ON|2026-07-21 12:35"",""threshold"":1.5,""value"":2,""since_minute_bucket_ist"":"""",""last_updated_ist"":""2026-07-21 12:35:00""}"
2026-07-21 00:00:00,2026-07-21 12:35:00,201,NIFTY,CHURN_COMMITTED,OFF,MED,-0.0001,Price move + aligned flow (committed),"{""dedupe_key"":""NIFTY|CHURN_COMMITTED|OFF|2026-07-21 12:35"",""threshold"":0.0001,""value"":-0.0001,""since_minute_bucket_ist"":""2026-07-21 12:34"",""last_updated_ist"":""2026-07-21 12:35:00""}"
2026-07-21 00:00:00,2026-07-21 12:35:00,201,NIFTY,WALL_PRESSURE_BREAK_SETUP,OFF,MED,-1.6499999999978172,Pressure building into a wall (break setup),"{""dedupe_key"":""NIFTY|WALL_PRESSURE_BREAK_SETUP|OFF|2026-07-21 12:35"",""threshold"":0,""value"":-1.6499999999978172,""since_minute_bucket_ist"":""2026-07-21 12:34"",""last_updated_ist"":""2026-07-21 12:35:00""}"
2026-07-21 00:00:00,2026-07-21 12:35:00,201,NIFTY,BULL_TRAP,ON,HIGH,1,Bull trap: failed upside breakout + bearish flow,"{""dedupe_key"":""NIFTY|BULL_TRAP|ON|2026-07-21 12:35"",""threshold"":1,""value"":1,""since_minute_bucket_ist"":"""",""last_updated_ist"":""2026-07-21 12:35:00""}"
2026-07-21 00:00:00,2026-07-21 12:36:00,202,NIFTY,FLOW_BEARISH_BUILD,OFF,HIGH,0,Bearish build (premium-confirmed writing / resistance),"{""dedupe_key"":""NIFTY|FLOW_BEARISH_BUILD|OFF|2026-07-21 12:36"",""threshold"":0.005,""value"":0,""since_minute_bucket_ist"":""2026-07-21 12:35"",""last_updated_ist"":""2026-07-21 12:36:00""}"
2026-07-21 00:00:00,2026-07-21 12:36:00,202,NIFTY,EXP_RANGE_BREAKOUT_WATCH_UP,OFF,MED,24182.7,Expected-range watch UP,"{""dedupe_key"":""NIFTY|EXP_RANGE_BREAKOUT_WATCH_UP|OFF|2026-07-21 12:36"",""threshold"":24182.88,""value"":24182.7,""since_minute_bucket_ist"":""2026-07-21 12:33"",""last_updated_ist"":""2026-07-21 12:36:00""}"
2026-07-21 00:00:00,2026-07-21 12:36:00,202,NIFTY,EXP_RANGE_BREAKOUT_CONFIRMED_UP,OFF,HIGH,0,Expected-range breakout CONFIRMED UP,"{""dedupe_key"":""NIFTY|EXP_RANGE_BREAKOUT_CONFIRMED_UP|OFF|2026-07-21 12:36"",""threshold"":2,""value"":0,""since_minute_bucket_ist"":""2026-07-21 12:34"",""last_updated_ist"":""2026-07-21 12:36:00""}"
2026-07-21 00:00:00,2026-07-21 12:36:00,202,NIFTY,OPTION_MOMENTUM_PUT,OFF,MED,0,ATM PUT momentum (ltp up + vol up),"{""dedupe_key"":""NIFTY|OPTION_MOMENTUM_PUT|OFF|2026-07-21 12:36"",""threshold"":1.5,""value"":0,""since_minute_bucket_ist"":""2026-07-21 12:35"",""last_updated_ist"":""2026-07-21 12:36:00""}"
2026-07-21 00:00:00,2026-07-21 12:36:00,202,NIFTY,BULL_TRAP,OFF,HIGH,1,Bull trap: failed upside breakout + bearish flow,"{""dedupe_key"":""NIFTY|BULL_TRAP|OFF|2026-07-21 12:36"",""threshold"":1,""value"":1,""since_minute_bucket_ist"":""2026-07-21 12:35"",""last_updated_ist"":""2026-07-21 12:36:00""}"
2026-07-21 00:00:00,2026-07-21 12:37:00,203,NIFTY,FLOW_BULLISH_BUILD,ON,HIGH,0.0016,Bullish build (premium-confirmed writing / support),"{""dedupe_key"":""NIFTY|FLOW_BULLISH_BUILD|ON|2026-07-21 12:37"",""threshold"":0.005,""value"":0.0016,""since_minute_bucket_ist"":"""",""last_updated_ist"":""2026-07-21 12:37:00""}"
2026-07-21 00:00:00,2026-07-21 12:37:00,203,NIFTY,REGIME_TREND_UP,ON,MED,0.0006,Trend UP (slope + direction),"{""dedupe_key"":""NIFTY|REGIME_TREND_UP|ON|2026-07-21 12:37"",""threshold"":0.0004,""value"":0.0006,""since_minute_bucket_ist"":"""",""last_updated_ist"":""2026-07-21 12:37:00""}"
2026-07-21 00:00:00,2026-07-21 12:37:00,203,NIFTY,REGIME_TRANSITION_UNCERTAIN,OFF,LOW,1,Transition/uncertain regime,"{""dedupe_key"":""NIFTY|REGIME_TRANSITION_UNCERTAIN|OFF|2026-07-21 12:37"",""threshold"":1,""value"":1,""since_minute_bucket_ist"":""2026-07-21 12:35"",""last_updated_ist"":""2026-07-21 12:37:00""}"
2026-07-21 00:00:00,2026-07-21 12:37:00,203,NIFTY,PIN_BREAKOUT_SETUP,ON,MED,4.099999999998545,Pin breakout setup (wall touch + aligned flow),"{""dedupe_key"":""NIFTY|PIN_BREAKOUT_SETUP|ON|2026-07-21 12:37"",""threshold"":0,""value"":4.099999999998545,""since_minute_bucket_ist"":"""",""last_updated_ist"":""2026-07-21 12:37:00""}"
2026-07-21 00:00:00,2026-07-21 12:37:00,203,NIFTY,EXP_RANGE_BREAKOUT_WATCH_UP,ON,MED,24186.8,Expected-range watch UP,"{""dedupe_key"":""NIFTY|EXP_RANGE_BREAKOUT_WATCH_UP|ON|2026-07-21 12:37"",""threshold"":24184.75,""value"":24186.8,""since_minute_bucket_ist"":"""",""last_updated_ist"":""2026-07-21 12:37:00""}"
2026-07-21 00:00:00,2026-07-21 12:37:00,203,NIFTY,CHURN_COMMITTED,ON,MED,0.0002,Price move + aligned flow (committed),"{""dedupe_key"":""NIFTY|CHURN_COMMITTED|ON|2026-07-21 12:37"",""threshold"":0.0001,""value"":0.0002,""since_minute_bucket_ist"":"""",""last_updated_ist"":""2026-07-21 12:37:00""}"
2026-07-21 00:00:00,2026-07-21 12:37:00,203,NIFTY,WALL_SHIFT_REGIME,ON,MED,1,Wall strike shifted materially (>= 1 step),"{""dedupe_key"":""NIFTY|WALL_SHIFT_REGIME|ON|2026-07-21 12:37"",""threshold"":1,""value"":1,""since_minute_bucket_ist"":"""",""last_updated_ist"":""2026-07-21 12:37:00""}"
2026-07-21 00:00:00,2026-07-21 12:37:00,203,NIFTY,WALL_PRESSURE_BREAK_SETUP,ON,MED,4.099999999998545,Pressure building into a wall (break setup),"{""dedupe_key"":""NIFTY|WALL_PRESSURE_BREAK_SETUP|ON|2026-07-21 12:37"",""threshold"":0,""value"":4.099999999998545,""since_minute_bucket_ist"":"""",""last_updated_ist"":""2026-07-21 12:37:00""}"
2026-07-21 00:00:00,2026-07-21 12:38:00,204,NIFTY,REGIME_TREND_UP,OFF,MED,0.0004,Trend UP (slope + direction),"{""dedupe_key"":""NIFTY|REGIME_TREND_UP|OFF|2026-07-21 12:38"",""threshold"":0.0004,""value"":0.0004,""since_minute_bucket_ist"":""2026-07-21 12:37"",""last_updated_ist"":""2026-07-21 12:38:00""}"
2026-07-21 00:00:00,2026-07-21 12:38:00,204,NIFTY,REGIME_TRANSITION_UNCERTAIN,ON,LOW,1,Transition/uncertain regime,"{""dedupe_key"":""NIFTY|REGIME_TRANSITION_UNCERTAIN|ON|2026-07-21 12:38"",""threshold"":1,""value"":1,""since_minute_bucket_ist"":"""",""last_updated_ist"":""2026-07-21 12:38:00""}"
2026-07-21 00:00:00,2026-07-21 12:38:00,204,NIFTY,EXP_RANGE_BREAKOUT_CONFIRMED_UP,ON,HIGH,2,Expected-range breakout CONFIRMED UP,"{""dedupe_key"":""NIFTY|EXP_RANGE_BREAKOUT_CONFIRMED_UP|ON|2026-07-21 12:38"",""threshold"":2,""value"":2,""since_minute_bucket_ist"":"""",""last_updated_ist"":""2026-07-21 12:38:00""}"
2026-07-21 00:00:00,2026-07-21 12:38:00,204,NIFTY,VOL_CONTRACTION,OFF,LOW,0.0117,Volatility contracting (straddle down),"{""dedupe_key"":""NIFTY|VOL_CONTRACTION|OFF|2026-07-21 12:38"",""threshold"":-0.03,""value"":0.0117,""since_minute_bucket_ist"":""2026-07-21 12:33"",""last_updated_ist"":""2026-07-21 12:38:00""}"
2026-07-21 00:00:00,2026-07-21 12:38:00,204,NIFTY,CHURN_COMMITTED,OFF,MED,0.0001,Price move + aligned flow (committed),"{""dedupe_key"":""NIFTY|CHURN_COMMITTED|OFF|2026-07-21 12:38"",""threshold"":0.0001,""value"":0.0001,""since_minute_bucket_ist"":""2026-07-21 12:37"",""last_updated_ist"":""2026-07-21 12:38:00""}"
2026-07-21 00:00:00,2026-07-21 12:38:00,204,NIFTY,WALL_SHIFT_REGIME,OFF,MED,1,Wall strike shifted materially (>= 1 step),"{""dedupe_key"":""NIFTY|WALL_SHIFT_REGIME|OFF|2026-07-21 12:38"",""threshold"":1,""value"":1,""since_minute_bucket_ist"":""2026-07-21 12:37"",""last_updated_ist"":""2026-07-21 12:38:00""}"
2026-07-21 00:00:00,2026-07-21 12:39:00,205,NIFTY,FLOW_BULLISH_BUILD,OFF,HIGH,0,Bullish build (premium-confirmed writing / support),"{""dedupe_key"":""NIFTY|FLOW_BULLISH_BUILD|OFF|2026-07-21 12:39"",""threshold"":0.005,""value"":0,""since_minute_bucket_ist"":""2026-07-21 12:37"",""last_updated_ist"":""2026-07-21 12:39:00""}"
2026-07-21 00:00:00,2026-07-21 12:39:00,205,NIFTY,REGIME_RANGE_PIN,ON,LOW,0.0001,Range / pin (inside local walls),"{""dedupe_key"":""NIFTY|REGIME_RANGE_PIN|ON|2026-07-21 12:39"",""threshold"":0.0004,""value"":0.0001,""since_minute_bucket_ist"":"""",""last_updated_ist"":""2026-07-21 12:39:00""}"
2026-07-21 00:00:00,2026-07-21 12:39:00,205,NIFTY,REGIME_TRANSITION_UNCERTAIN,OFF,LOW,1,Transition/uncertain regime,"{""dedupe_key"":""NIFTY|REGIME_TRANSITION_UNCERTAIN|OFF|2026-07-21 12:39"",""threshold"":1,""value"":1,""since_minute_bucket_ist"":""2026-07-21 12:38"",""last_updated_ist"":""2026-07-21 12:39:00""}"
2026-07-21 00:00:00,2026-07-21 12:39:00,205,NIFTY,PIN_BREAKOUT_SETUP,OFF,MED,0,Pin breakout setup (wall touch + aligned flow),"{""dedupe_key"":""NIFTY|PIN_BREAKOUT_SETUP|OFF|2026-07-21 12:39"",""threshold"":0,""value"":0,""since_minute_bucket_ist"":""2026-07-21 12:37"",""last_updated_ist"":""2026-07-21 12:39:00""}"
2026-07-21 00:00:00,2026-07-21 12:39:00,205,NIFTY,WALL_PRESSURE_BREAK_SETUP,OFF,MED,0,Pressure building into a wall (break setup),"{""dedupe_key"":""NIFTY|WALL_PRESSURE_BREAK_SETUP|OFF|2026-07-21 12:39"",""threshold"":0,""value"":0,""since_minute_bucket_ist"":""2026-07-21 12:37"",""last_updated_ist"":""2026-07-21 12:39:00""}"
2026-07-21 00:00:00,2026-07-21 12:40:00,206,NIFTY,FLOW_BULLISH_BUILD,ON,HIGH,0.0011,Bullish build (premium-confirmed writing / support),"{""dedupe_key"":""NIFTY|FLOW_BULLISH_BUILD|ON|2026-07-21 12:40"",""threshold"":0.005,""value"":0.0011,""since_minute_bucket_ist"":"""",""last_updated_ist"":""2026-07-21 12:40:00""}"
2026-07-21 00:00:00,2026-07-21 12:40:00,206,NIFTY,EXP_RANGE_BREAKOUT_WATCH_UP,OFF,MED,24178.85,Expected-range watch UP,"{""dedupe_key"":""NIFTY|EXP_RANGE_BREAKOUT_WATCH_UP|OFF|2026-07-21 12:40"",""threshold"":24188.38,""value"":24178.85,""since_minute_bucket_ist"":""2026-07-21 12:37"",""last_updated_ist"":""2026-07-21 12:40:00""}"
2026-07-21 00:00:00,2026-07-21 12:40:00,206,NIFTY,EXP_RANGE_BREAKOUT_CONFIRMED_UP,OFF,HIGH,0,Expected-range breakout CONFIRMED UP,"{""dedupe_key"":""NIFTY|EXP_RANGE_BREAKOUT_CONFIRMED_UP|OFF|2026-07-21 12:40"",""threshold"":2,""value"":0,""since_minute_bucket_ist"":""2026-07-21 12:38"",""last_updated_ist"":""2026-07-21 12:40:00""}"
2026-07-21 00:00:00,2026-07-21 12:40:00,206,NIFTY,VOL_CONTRACTION,ON,LOW,-0.0161,Volatility contracting (straddle down),"{""dedupe_key"":""NIFTY|VOL_CONTRACTION|ON|2026-07-21 12:40"",""threshold"":-0.03,""value"":-0.0161,""since_minute_bucket_ist"":"""",""last_updated_ist"":""2026-07-21 12:40:00""}"
2026-07-21 00:00:00,2026-07-21 12:41:00,207,NIFTY,FLOW_BULLISH_BUILD,OFF,HIGH,0,Bullish build (premium-confirmed writing / support),"{""dedupe_key"":""NIFTY|FLOW_BULLISH_BUILD|OFF|2026-07-21 12:41"",""threshold"":0.005,""value"":0,""since_minute_bucket_ist"":""2026-07-21 12:40"",""last_updated_ist"":""2026-07-21 12:41:00""}"
2026-07-21 00:00:00,2026-07-21 12:41:00,207,NIFTY,VOL_CONTRACTION,OFF,LOW,-0.0161,Volatility contracting (straddle down),"{""dedupe_key"":""NIFTY|VOL_CONTRACTION|OFF|2026-07-21 12:41"",""threshold"":-0.03,""value"":-0.0161,""since_minute_bucket_ist"":""2026-07-21 12:40"",""last_updated_ist"":""2026-07-21 12:41:00""}"
2026-07-21 00:00:00,2026-07-21 12:42:00,208,NIFTY,REGIME_TREND_DOWN,ON,MED,-0.0006,Trend DOWN (slope + direction),"{""dedupe_key"":""NIFTY|REGIME_TREND_DOWN|ON|2026-07-21 12:42"",""threshold"":-0.0004,""value"":-0.0006,""since_minute_bucket_ist"":"""",""last_updated_ist"":""2026-07-21 12:42:00""}"
2026-07-21 00:00:00,2026-07-21 12:42:00,208,NIFTY,REGIME_RANGE_PIN,OFF,LOW,0.0002,Range / pin (inside local walls),"{""dedupe_key"":""NIFTY|REGIME_RANGE_PIN|OFF|2026-07-21 12:42"",""threshold"":0.0004,""value"":0.0002,""since_minute_bucket_ist"":""2026-07-21 12:39"",""last_updated_ist"":""2026-07-21 12:42:00""}"
2026-07-21 00:00:00,2026-07-21 12:42:00,208,NIFTY,EXP_RANGE_BREAKOUT_WATCH_DOWN,ON,MED,24171.2,Expected-range watch DOWN,"{""dedupe_key"":""NIFTY|EXP_RANGE_BREAKOUT_WATCH_DOWN|ON|2026-07-21 12:42"",""threshold"":24173.6,""value"":24171.2,""since_minute_bucket_ist"":"""",""last_updated_ist"":""2026-07-21 12:42:00""}"
2026-07-21 00:00:00,2026-07-21 12:42:00,208,NIFTY,VOL_CONTRACTION,ON,LOW,-0.0269,Volatility contracting (straddle down),"{""dedupe_key"":""NIFTY|VOL_CONTRACTION|ON|2026-07-21 12:42"",""threshold"":-0.03,""value"":-0.0269,""since_minute_bucket_ist"":"""",""last_updated_ist"":""2026-07-21 12:42:00""}"
2026-07-21 00:00:00,2026-07-21 12:42:00,208,NIFTY,OPTION_MOMENTUM_PUT,ON,MED,5.75,ATM PUT momentum (ltp up + vol up),"{""dedupe_key"":""NIFTY|OPTION_MOMENTUM_PUT|ON|2026-07-21 12:42"",""threshold"":1.5,""value"":5.75,""since_minute_bucket_ist"":"""",""last_updated_ist"":""2026-07-21 12:42:00""}"
2026-07-21 00:00:00,2026-07-21 12:42:00,208,NIFTY,WALL_UNWIND_CONFIRM_UP,ON,MED,-0.0201,Call wall OI unwinding (5m),"{""dedupe_key"":""NIFTY|WALL_UNWIND_CONFIRM_UP|ON|2026-07-21 12:42"",""threshold"":-0.006,""value"":-0.0201,""since_minute_bucket_ist"":"""",""last_updated_ist"":""2026-07-21 12:42:00""}"
2026-07-21 00:00:00,2026-07-21 12:43:00,209,NIFTY,TRADE_LIMIT_REACHED,ON,MED,4,Cooldown active (2m),"{""dedupe_key"":""NIFTY|TRADE_LIMIT_REACHED|ON|2026-07-21 12:43"",""threshold"":500,""value"":4,""since_minute_bucket_ist"":"""",""last_updated_ist"":""2026-07-21 12:43:00""}"
2026-07-21 00:00:00,2026-07-21 12:43:00,209,NIFTY,FLOW_BULLISH_BUILD,ON,HIGH,0.0059,Bullish build (premium-confirmed writing / support),"{""dedupe_key"":""NIFTY|FLOW_BULLISH_BUILD|ON|2026-07-21 12:43"",""threshold"":0.005,""value"":0.0059,""since_minute_bucket_ist"":"""",""last_updated_ist"":""2026-07-21 12:43:00""}"
2026-07-21 00:00:00,2026-07-21 12:43:00,209,NIFTY,REGIME_TREND_DOWN,OFF,MED,-0.0006,Trend DOWN (slope + direction),"{""dedupe_key"":""NIFTY|REGIME_TREND_DOWN|OFF|2026-07-21 12:43"",""threshold"":-0.0004,""value"":-0.0006,""since_minute_bucket_ist"":""2026-07-21 12:42"",""last_updated_ist"":""2026-07-21 12:43:00""}"
2026-07-21 00:00:00,2026-07-21 12:43:00,209,NIFTY,REGIME_TRANSITION_UNCERTAIN,ON,LOW,1,Transition/uncertain regime,"{""dedupe_key"":""NIFTY|REGIME_TRANSITION_UNCERTAIN|ON|2026-07-21 12:43"",""threshold"":1,""value"":1,""since_minute_bucket_ist"":"""",""last_updated_ist"":""2026-07-21 12:43:00""}"
2026-07-21 00:00:00,2026-07-21 12:43:00,209,NIFTY,PIN_BREAKOUT_SETUP,ON,MED,2.349999999998545,Pin breakout setup (wall touch + aligned flow),"{""dedupe_key"":""NIFTY|PIN_BREAKOUT_SETUP|ON|2026-07-21 12:43"",""threshold"":0,""value"":2.349999999998545,""since_minute_bucket_ist"":"""",""last_updated_ist"":""2026-07-21 12:43:00""}"
2026-07-21 00:00:00,2026-07-21 12:43:00,209,NIFTY,EXP_RANGE_BREAKOUT_WATCH_DOWN,OFF,MED,24173.55,Expected-range watch DOWN,"{""dedupe_key"":""NIFTY|EXP_RANGE_BREAKOUT_WATCH_DOWN|OFF|2026-07-21 12:43"",""threshold"":24172.88,""value"":24173.55,""since_minute_bucket_ist"":""2026-07-21 12:42"",""last_updated_ist"":""2026-07-21 12:43:00""}"
2026-07-21 00:00:00,2026-07-21 12:43:00,209,NIFTY,OPTION_MOMENTUM_PUT,OFF,MED,-0.45,ATM PUT momentum (ltp up + vol up),"{""dedupe_key"":""NIFTY|OPTION_MOMENTUM_PUT|OFF|2026-07-21 12:43"",""threshold"":1.5,""value"":-0.45,""since_minute_bucket_ist"":""2026-07-21 12:42"",""last_updated_ist"":""2026-07-21 12:43:00""}"
2026-07-21 00:00:00,2026-07-21 12:43:00,209,NIFTY,WALL_SHIFT_REGIME,ON,MED,1,Wall strike shifted materially (>= 1 step),"{""dedupe_key"":""NIFTY|WALL_SHIFT_REGIME|ON|2026-07-21 12:43"",""threshold"":1,""value"":1,""since_minute_bucket_ist"":"""",""last_updated_ist"":""2026-07-21 12:43:00""}"
2026-07-21 00:00:00,2026-07-21 12:43:00,209,NIFTY,WALL_PRESSURE_BREAK_SETUP,ON,MED,2.349999999998545,Pressure building into a wall (break setup),"{""dedupe_key"":""NIFTY|WALL_PRESSURE_BREAK_SETUP|ON|2026-07-21 12:43"",""threshold"":0,""value"":2.349999999998545,""since_minute_bucket_ist"":"""",""last_updated_ist"":""2026-07-21 12:43:00""}"
2026-07-21 00:00:00,2026-07-21 12:44:00,210,NIFTY,FLOW_BULLISH_BUILD,OFF,HIGH,0.0003,Bullish build (premium-confirmed writing / support),"{""dedupe_key"":""NIFTY|FLOW_BULLISH_BUILD|OFF|2026-07-21 12:44"",""threshold"":0.005,""value"":0.0003,""since_minute_bucket_ist"":""2026-07-21 12:43"",""last_updated_ist"":""2026-07-21 12:44:00""}"
2026-07-21 00:00:00,2026-07-21 12:44:00,210,NIFTY,REGIME_TREND_DOWN,ON,MED,-0.0008,Trend DOWN (slope + direction),"{""dedupe_key"":""NIFTY|REGIME_TREND_DOWN|ON|2026-07-21 12:44"",""threshold"":-0.0004,""value"":-0.0008,""since_minute_bucket_ist"":"""",""last_updated_ist"":""2026-07-21 12:44:00""}"
2026-07-21 00:00:00,2026-07-21 12:44:00,210,NIFTY,REGIME_TRANSITION_UNCERTAIN,OFF,LOW,1,Transition/uncertain regime,"{""dedupe_key"":""NIFTY|REGIME_TRANSITION_UNCERTAIN|OFF|2026-07-21 12:44"",""threshold"":1,""value"":1,""since_minute_bucket_ist"":""2026-07-21 12:43"",""last_updated_ist"":""2026-07-21 12:44:00""}"
2026-07-21 00:00:00,2026-07-21 12:44:00,210,NIFTY,PIN_BREAKOUT_SETUP,OFF,MED,-4.099999999998545,Pin breakout setup (wall touch + aligned flow),"{""dedupe_key"":""NIFTY|PIN_BREAKOUT_SETUP|OFF|2026-07-21 12:44"",""threshold"":0,""value"":-4.099999999998545,""since_minute_bucket_ist"":""2026-07-21 12:43"",""last_updated_ist"":""2026-07-21 12:44:00""}"
2026-07-21 00:00:00,2026-07-21 12:44:00,210,NIFTY,EXP_RANGE_BREAKOUT_WATCH_DOWN,ON,MED,24169.45,Expected-range watch DOWN,"{""dedupe_key"":""NIFTY|EXP_RANGE_BREAKOUT_WATCH_DOWN|ON|2026-07-21 12:44"",""threshold"":24171.89,""value"":24169.45,""since_minute_bucket_ist"":"""",""last_updated_ist"":""2026-07-21 12:44:00""}"
2026-07-21 00:00:00,2026-07-21 12:44:00,210,NIFTY,WALL_SHIFT_REGIME,OFF,MED,1,Wall strike shifted materially (>= 1 step),"{""dedupe_key"":""NIFTY|WALL_SHIFT_REGIME|OFF|2026-07-21 12:44"",""threshold"":1,""value"":1,""since_minute_bucket_ist"":""2026-07-21 12:43"",""last_updated_ist"":""2026-07-21 12:44:00""}"
2026-07-21 00:00:00,2026-07-21 12:44:00,210,NIFTY,WALL_PRESSURE_BREAK_SETUP,OFF,MED,-4.099999999998545,Pressure building into a wall (break setup),"{""dedupe_key"":""NIFTY|WALL_PRESSURE_BREAK_SETUP|OFF|2026-07-21 12:44"",""threshold"":0,""value"":-4.099999999998545,""since_minute_bucket_ist"":""2026-07-21 12:43"",""last_updated_ist"":""2026-07-21 12:44:00""}"
2026-07-21 00:00:00,2026-07-21 12:45:00,211,NIFTY,TRADE_LIMIT_REACHED,OFF,MED,4,Cooldown active (2m),"{""dedupe_key"":""NIFTY|TRADE_LIMIT_REACHED|OFF|2026-07-21 12:45"",""threshold"":500,""value"":4,""since_minute_bucket_ist"":""2026-07-21 12:43"",""last_updated_ist"":""2026-07-21 12:45:00""}"
2026-07-21 00:00:00,2026-07-21 12:45:00,211,NIFTY,REGIME_TREND_DOWN,OFF,MED,-0.0003,Trend DOWN (slope + direction),"{""dedupe_key"":""NIFTY|REGIME_TREND_DOWN|OFF|2026-07-21 12:45"",""threshold"":-0.0004,""value"":-0.0003,""since_minute_bucket_ist"":""2026-07-21 12:44"",""last_updated_ist"":""2026-07-21 12:45:00""}"
2026-07-21 00:00:00,2026-07-21 12:45:00,211,NIFTY,REGIME_TRANSITION_UNCERTAIN,ON,LOW,1,Transition/uncertain regime,"{""dedupe_key"":""NIFTY|REGIME_TRANSITION_UNCERTAIN|ON|2026-07-21 12:45"",""threshold"":1,""value"":1,""since_minute_bucket_ist"":"""",""last_updated_ist"":""2026-07-21 12:45:00""}"
2026-07-21 00:00:00,2026-07-21 12:45:00,211,NIFTY,EXP_RANGE_BREAKOUT_WATCH_DOWN,OFF,MED,24170.9,Expected-range watch DOWN,"{""dedupe_key"":""NIFTY|EXP_RANGE_BREAKOUT_WATCH_DOWN|OFF|2026-07-21 12:45"",""threshold"":24170.42,""value"":24170.9,""since_minute_bucket_ist"":""2026-07-21 12:44"",""last_updated_ist"":""2026-07-21 12:45:00""}"
2026-07-21 00:00:00,2026-07-21 12:45:00,211,NIFTY,VOL_CONTRACTION,OFF,LOW,-0.0132,Volatility contracting (straddle down),"{""dedupe_key"":""NIFTY|VOL_CONTRACTION|OFF|2026-07-21 12:45"",""threshold"":-0.03,""value"":-0.0132,""since_minute_bucket_ist"":""2026-07-21 12:42"",""last_updated_ist"":""2026-07-21 12:45:00""}"
2026-07-21 00:00:00,2026-07-21 12:45:00,211,NIFTY,WALL_UNWIND_CONFIRM_UP,OFF,MED,-0.0049,Call wall OI unwinding (5m),"{""dedupe_key"":""NIFTY|WALL_UNWIND_CONFIRM_UP|OFF|2026-07-21 12:45"",""threshold"":-0.006,""value"":-0.0049,""since_minute_bucket_ist"":""2026-07-21 12:42"",""last_updated_ist"":""2026-07-21 12:45:00""}"
2026-07-21 00:00:00,2026-07-21 12:46:00,212,NIFTY,REGIME_RANGE_PIN,ON,LOW,0.0002,Range / pin (inside local walls),"{""dedupe_key"":""NIFTY|REGIME_RANGE_PIN|ON|2026-07-21 12:46"",""threshold"":0.0004,""value"":0.0002,""since_minute_bucket_ist"":"""",""last_updated_ist"":""2026-07-21 12:46:00""}"
2026-07-21 00:00:00,2026-07-21 12:46:00,212,NIFTY,REGIME_TRANSITION_UNCERTAIN,OFF,LOW,1,Transition/uncertain regime,"{""dedupe_key"":""NIFTY|REGIME_TRANSITION_UNCERTAIN|OFF|2026-07-21 12:46"",""threshold"":1,""value"":1,""since_minute_bucket_ist"":""2026-07-21 12:45"",""last_updated_ist"":""2026-07-21 12:46:00""}"
2026-07-21 00:00:00,2026-07-21 12:46:00,212,NIFTY,STEALTH_BUILD_BULL,ON,MED,0.0083,"Stealth bullish build (puts build, spot flat)","{""dedupe_key"":""NIFTY|STEALTH_BUILD_BULL|ON|2026-07-21 12:46"",""threshold"":0.008,""value"":0.0083,""since_minute_bucket_ist"":"""",""last_updated_ist"":""2026-07-21 12:46:00""}"
2026-07-21 00:00:00,2026-07-21 12:47:00,213,NIFTY,STEALTH_BUILD_BULL,OFF,MED,-0.0001,"Stealth bullish build (puts build, spot flat)","{""dedupe_key"":""NIFTY|STEALTH_BUILD_BULL|OFF|2026-07-21 12:47"",""threshold"":0.008,""value"":-0.0001,""since_minute_bucket_ist"":""2026-07-21 12:46"",""last_updated_ist"":""2026-07-21 12:47:00""}"
2026-07-21 00:00:00,2026-07-21 12:48:00,214,NIFTY,VOL_CONTRACTION,ON,LOW,-0.0222,Volatility contracting (straddle down),"{""dedupe_key"":""NIFTY|VOL_CONTRACTION|ON|2026-07-21 12:48"",""threshold"":-0.03,""value"":-0.0222,""since_minute_bucket_ist"":"""",""last_updated_ist"":""2026-07-21 12:48:00""}"
2026-07-21 00:00:00,2026-07-21 12:49:00,215,NIFTY,FLOW_BULLISH_BUILD,ON,HIGH,0.0017,Bullish build (premium-confirmed writing / support),"{""dedupe_key"":""NIFTY|FLOW_BULLISH_BUILD|ON|2026-07-21 12:49"",""threshold"":0.005,""value"":0.0017,""since_minute_bucket_ist"":"""",""last_updated_ist"":""2026-07-21 12:49:00""}"
2026-07-21 00:00:00,2026-07-21 12:49:00,215,NIFTY,VOL_CONTRACTION,OFF,LOW,-0.0126,Volatility contracting (straddle down),"{""dedupe_key"":""NIFTY|VOL_CONTRACTION|OFF|2026-07-21 12:49"",""threshold"":-0.03,""value"":-0.0126,""since_minute_bucket_ist"":""2026-07-21 12:48"",""last_updated_ist"":""2026-07-21 12:49:00""}"
2026-07-21 00:00:00,2026-07-21 12:49:00,215,NIFTY,WALL_SHIFT_REGIME,ON,MED,1,Wall strike shifted materially (>= 1 step),"{""dedupe_key"":""NIFTY|WALL_SHIFT_REGIME|ON|2026-07-21 12:49"",""threshold"":1,""value"":1,""since_minute_bucket_ist"":"""",""last_updated_ist"":""2026-07-21 12:49:00""}"
2026-07-21 00:00:00,2026-07-21 12:50:00,216,NIFTY,FLOW_BULLISH_BUILD,OFF,HIGH,0.0025,Bullish build (premium-confirmed writing / support),"{""dedupe_key"":""NIFTY|FLOW_BULLISH_BUILD|OFF|2026-07-21 12:50"",""threshold"":0.005,""value"":0.0025,""since_minute_bucket_ist"":""2026-07-21 12:49"",""last_updated_ist"":""2026-07-21 12:50:00""}"
2026-07-21 00:00:00,2026-07-21 12:50:00,216,NIFTY,VOL_CONTRACTION,ON,LOW,-0.0297,Volatility contracting (straddle down),"{""dedupe_key"":""NIFTY|VOL_CONTRACTION|ON|2026-07-21 12:50"",""threshold"":-0.03,""value"":-0.0297,""since_minute_bucket_ist"":"""",""last_updated_ist"":""2026-07-21 12:50:00""}"
2026-07-21 00:00:00,2026-07-21 12:52:00,218,NIFTY,FLOW_BEARISH_BUILD,ON,HIGH,0.0028,Bearish build (premium-confirmed writing / resistance),"{""dedupe_key"":""NIFTY|FLOW_BEARISH_BUILD|ON|2026-07-21 12:52"",""threshold"":0.005,""value"":0.0028,""since_minute_bucket_ist"":"""",""last_updated_ist"":""2026-07-21 12:52:00""}"
2026-07-21 00:00:00,2026-07-21 12:52:00,218,NIFTY,REGIME_RANGE_PIN,OFF,LOW,0.0001,Range / pin (inside local walls),"{""dedupe_key"":""NIFTY|REGIME_RANGE_PIN|OFF|2026-07-21 12:52"",""threshold"":0.0004,""value"":0.0001,""since_minute_bucket_ist"":""2026-07-21 12:46"",""last_updated_ist"":""2026-07-21 12:52:00""}"
2026-07-21 00:00:00,2026-07-21 12:52:00,218,NIFTY,REGIME_TRANSITION_UNCERTAIN,ON,LOW,1,Transition/uncertain regime,"{""dedupe_key"":""NIFTY|REGIME_TRANSITION_UNCERTAIN|ON|2026-07-21 12:52"",""threshold"":1,""value"":1,""since_minute_bucket_ist"":"""",""last_updated_ist"":""2026-07-21 12:52:00""}"
2026-07-21 00:00:00,2026-07-21 12:52:00,218,NIFTY,PIN_BREAKOUT_SETUP,ON,MED,-6.100000000002183,Pin breakout setup (wall touch + aligned flow),"{""dedupe_key"":""NIFTY|PIN_BREAKOUT_SETUP|ON|2026-07-21 12:52"",""threshold"":0,""value"":-6.100000000002183,""since_minute_bucket_ist"":"""",""last_updated_ist"":""2026-07-21 12:52:00""}"
2026-07-21 00:00:00,2026-07-21 12:52:00,218,NIFTY,EXP_RANGE_BREAKOUT_WATCH_DOWN,ON,MED,24164.8,Expected-range watch DOWN,"{""dedupe_key"":""NIFTY|EXP_RANGE_BREAKOUT_WATCH_DOWN|ON|2026-07-21 12:52"",""threshold"":24167.13,""value"":24164.8,""since_minute_bucket_ist"":"""",""last_updated_ist"":""2026-07-21 12:52:00""}"
2026-07-21 00:00:00,2026-07-21 12:52:00,218,NIFTY,OPTION_MOMENTUM_PUT,ON,MED,2.25,ATM PUT momentum (ltp up + vol up),"{""dedupe_key"":""NIFTY|OPTION_MOMENTUM_PUT|ON|2026-07-21 12:52"",""threshold"":1.5,""value"":2.25,""since_minute_bucket_ist"":"""",""last_updated_ist"":""2026-07-21 12:52:00""}"
2026-07-21 00:00:00,2026-07-21 12:52:00,218,NIFTY,CHURN_COMMITTED,ON,MED,-0.0003,Price move + aligned flow (committed),"{""dedupe_key"":""NIFTY|CHURN_COMMITTED|ON|2026-07-21 12:52"",""threshold"":0.0001,""value"":-0.0003,""since_minute_bucket_ist"":"""",""last_updated_ist"":""2026-07-21 12:52:00""}"
2026-07-21 00:00:00,2026-07-21 12:52:00,218,NIFTY,WALL_SHIFT_REGIME,OFF,MED,1,Wall strike shifted materially (>= 1 step),"{""dedupe_key"":""NIFTY|WALL_SHIFT_REGIME|OFF|2026-07-21 12:52"",""threshold"":1,""value"":1,""since_minute_bucket_ist"":""2026-07-21 12:49"",""last_updated_ist"":""2026-07-21 12:52:00""}"
2026-07-21 00:00:00,2026-07-21 12:52:00,218,NIFTY,WALL_PRESSURE_BREAK_SETUP,ON,MED,-6.100000000002183,Pressure building into a wall (break setup),"{""dedupe_key"":""NIFTY|WALL_PRESSURE_BREAK_SETUP|ON|2026-07-21 12:52"",""threshold"":0,""value"":-6.100000000002183,""since_minute_bucket_ist"":"""",""last_updated_ist"":""2026-07-21 12:52:00""}"
2026-07-21 00:00:00,2026-07-21 12:53:00,219,NIFTY,FLOW_BOTH_UNWINDING,ON,MED,-0.0058,Both sides unwinding,"{""dedupe_key"":""NIFTY|FLOW_BOTH_UNWINDING|ON|2026-07-21 12:53"",""threshold"":-0.005,""value"":-0.0058,""since_minute_bucket_ist"":"""",""last_updated_ist"":""2026-07-21 12:53:00""}"
2026-07-21 00:00:00,2026-07-21 12:53:00,219,NIFTY,FLOW_BEARISH_BUILD,OFF,HIGH,-0.0069,Bearish build (premium-confirmed writing / resistance),"{""dedupe_key"":""NIFTY|FLOW_BEARISH_BUILD|OFF|2026-07-21 12:53"",""threshold"":0.005,""value"":-0.0069,""since_minute_bucket_ist"":""2026-07-21 12:52"",""last_updated_ist"":""2026-07-21 12:53:00""}"
2026-07-21 00:00:00,2026-07-21 12:53:00,219,NIFTY,PIN_BREAKOUT_SETUP,OFF,MED,1.0499999999992724,Pin breakout setup (wall touch + aligned flow),"{""dedupe_key"":""NIFTY|PIN_BREAKOUT_SETUP|OFF|2026-07-21 12:53"",""threshold"":0,""value"":1.0499999999992724,""since_minute_bucket_ist"":""2026-07-21 12:52"",""last_updated_ist"":""2026-07-21 12:53:00""}"
2026-07-21 00:00:00,2026-07-21 12:53:00,219,NIFTY,EXP_RANGE_BREAKOUT_CONFIRMED_DOWN,ON,HIGH,2,Expected-range breakout CONFIRMED DOWN,"{""dedupe_key"":""NIFTY|EXP_RANGE_BREAKOUT_CONFIRMED_DOWN|ON|2026-07-21 12:53"",""threshold"":2,""value"":2,""since_minute_bucket_ist"":"""",""last_updated_ist"":""2026-07-21 12:53:00""}"
2026-07-21 00:00:00,2026-07-21 12:53:00,219,NIFTY,CHURN_COMMITTED,OFF,MED,0,Price move + aligned flow (committed),"{""dedupe_key"":""NIFTY|CHURN_COMMITTED|OFF|2026-07-21 12:53"",""threshold"":0.0001,""value"":0,""since_minute_bucket_ist"":""2026-07-21 12:52"",""last_updated_ist"":""2026-07-21 12:53:00""}"
2026-07-21 00:00:00,2026-07-21 12:53:00,219,NIFTY,WALL_PRESSURE_BREAK_SETUP,OFF,MED,1.0499999999992724,Pressure building into a wall (break setup),"{""dedupe_key"":""NIFTY|WALL_PRESSURE_BREAK_SETUP|OFF|2026-07-21 12:53"",""threshold"":0,""value"":1.0499999999992724,""since_minute_bucket_ist"":""2026-07-21 12:52"",""last_updated_ist"":""2026-07-21 12:53:00""}"
2026-07-21 00:00:00,2026-07-21 12:54:00,220,NIFTY,FLOW_BOTH_UNWINDING,OFF,MED,-0.0002,Both sides unwinding,"{""dedupe_key"":""NIFTY|FLOW_BOTH_UNWINDING|OFF|2026-07-21 12:54"",""threshold"":-0.005,""value"":-0.0002,""since_minute_bucket_ist"":""2026-07-21 12:53"",""last_updated_ist"":""2026-07-21 12:54:00""}"
2026-07-21 00:00:00,2026-07-21 12:54:00,220,NIFTY,REGIME_RANGE_PIN,ON,LOW,0.0001,Range / pin (inside local walls),"{""dedupe_key"":""NIFTY|REGIME_RANGE_PIN|ON|2026-07-21 12:54"",""threshold"":0.0004,""value"":0.0001,""since_minute_bucket_ist"":"""",""last_updated_ist"":""2026-07-21 12:54:00""}"
2026-07-21 00:00:00,2026-07-21 12:54:00,220,NIFTY,REGIME_TRANSITION_UNCERTAIN,OFF,LOW,1,Transition/uncertain regime,"{""dedupe_key"":""NIFTY|REGIME_TRANSITION_UNCERTAIN|OFF|2026-07-21 12:54"",""threshold"":1,""value"":1,""since_minute_bucket_ist"":""2026-07-21 12:52"",""last_updated_ist"":""2026-07-21 12:54:00""}"
2026-07-21 00:00:00,2026-07-21 12:54:00,220,NIFTY,EXP_RANGE_BREAKOUT_WATCH_DOWN,OFF,MED,24169.4,Expected-range watch DOWN,"{""dedupe_key"":""NIFTY|EXP_RANGE_BREAKOUT_WATCH_DOWN|OFF|2026-07-21 12:54"",""threshold"":24166.53,""value"":24169.4,""since_minute_bucket_ist"":""2026-07-21 12:52"",""last_updated_ist"":""2026-07-21 12:54:00""}"
2026-07-21 00:00:00,2026-07-21 12:54:00,220,NIFTY,EXP_RANGE_BREAKOUT_CONFIRMED_DOWN,OFF,HIGH,0,Expected-range breakout CONFIRMED DOWN,"{""dedupe_key"":""NIFTY|EXP_RANGE_BREAKOUT_CONFIRMED_DOWN|OFF|2026-07-21 12:54"",""threshold"":2,""value"":0,""since_minute_bucket_ist"":""2026-07-21 12:53"",""last_updated_ist"":""2026-07-21 12:54:00""}"
2026-07-21 00:00:00,2026-07-21 12:54:00,220,NIFTY,OPTION_MOMENTUM_CALL,ON,MED,4.55,ATM CALL momentum (ltp up + vol up),"{""dedupe_key"":""NIFTY|OPTION_MOMENTUM_CALL|ON|2026-07-21 12:54"",""threshold"":1.5,""value"":4.55,""since_minute_bucket_ist"":"""",""last_updated_ist"":""2026-07-21 12:54:00""}"
2026-07-21 00:00:00,2026-07-21 12:54:00,220,NIFTY,OPTION_MOMENTUM_PUT,OFF,MED,-5,ATM PUT momentum (ltp up + vol up),"{""dedupe_key"":""NIFTY|OPTION_MOMENTUM_PUT|OFF|2026-07-21 12:54"",""threshold"":1.5,""value"":-5,""since_minute_bucket_ist"":""2026-07-21 12:52"",""last_updated_ist"":""2026-07-21 12:54:00""}"
2026-07-21 00:00:00,2026-07-21 12:54:00,220,NIFTY,SMA_CHOP,ON,LOW,1,SMA chop (frequent crossings),"{""dedupe_key"":""NIFTY|SMA_CHOP|ON|2026-07-21 12:54"",""threshold"":8,""value"":1,""since_minute_bucket_ist"":"""",""last_updated_ist"":""2026-07-21 12:54:00""}"
2026-07-21 00:00:00,2026-07-21 12:54:00,220,NIFTY,WALL_SHIFT_REGIME,ON,MED,1,Wall strike shifted materially (>= 1 step),"{""dedupe_key"":""NIFTY|WALL_SHIFT_REGIME|ON|2026-07-21 12:54"",""threshold"":1,""value"":1,""since_minute_bucket_ist"":"""",""last_updated_ist"":""2026-07-21 12:54:00""}"
2026-07-21 00:00:00,2026-07-21 12:55:00,221,NIFTY,FLOW_BULLISH_BUILD,ON,HIGH,0.0015,Bullish build (premium-confirmed writing / support),"{""dedupe_key"":""NIFTY|FLOW_BULLISH_BUILD|ON|2026-07-21 12:55"",""threshold"":0.005,""value"":0.0015,""since_minute_bucket_ist"":"""",""last_updated_ist"":""2026-07-21 12:55:00""}"
2026-07-21 00:00:00,2026-07-21 12:55:00,221,NIFTY,OPTION_MOMENTUM_CALL,OFF,MED,-0.65,ATM CALL momentum (ltp up + vol up),"{""dedupe_key"":""NIFTY|OPTION_MOMENTUM_CALL|OFF|2026-07-21 12:55"",""threshold"":1.5,""value"":-0.65,""since_minute_bucket_ist"":""2026-07-21 12:54"",""last_updated_ist"":""2026-07-21 12:55:00""}"
2026-07-21 00:00:00,2026-07-21 12:55:00,221,NIFTY,SMA_CHOP,OFF,LOW,1,SMA chop (frequent crossings),"{""dedupe_key"":""NIFTY|SMA_CHOP|OFF|2026-07-21 12:55"",""threshold"":8,""value"":1,""since_minute_bucket_ist"":""2026-07-21 12:54"",""last_updated_ist"":""2026-07-21 12:55:00""}"
2026-07-21 00:00:00,2026-07-21 12:55:00,221,NIFTY,WALL_SHIFT_REGIME,OFF,MED,1,Wall strike shifted materially (>= 1 step),"{""dedupe_key"":""NIFTY|WALL_SHIFT_REGIME|OFF|2026-07-21 12:55"",""threshold"":1,""value"":1,""since_minute_bucket_ist"":""2026-07-21 12:54"",""last_updated_ist"":""2026-07-21 12:55:00""}"
2026-07-21 00:00:00,2026-07-21 12:56:00,222,NIFTY,PIN_BREAKOUT_SETUP,ON,MED,0.2999999999992724,Pin breakout setup (wall touch + aligned flow),"{""dedupe_key"":""NIFTY|PIN_BREAKOUT_SETUP|ON|2026-07-21 12:56"",""threshold"":0,""value"":0.2999999999992724,""since_minute_bucket_ist"":"""",""last_updated_ist"":""2026-07-21 12:56:00""}"
2026-07-21 00:00:00,2026-07-21 12:56:00,222,NIFTY,WALL_PRESSURE_BREAK_SETUP,ON,MED,0.2999999999992724,Pressure building into a wall (break setup),"{""dedupe_key"":""NIFTY|WALL_PRESSURE_BREAK_SETUP|ON|2026-07-21 12:56"",""threshold"":0,""value"":0.2999999999992724,""since_minute_bucket_ist"":"""",""last_updated_ist"":""2026-07-21 12:56:00""}"
2026-07-21 00:00:00,2026-07-21 12:57:00,223,NIFTY,FLOW_BULLISH_BUILD,OFF,HIGH,0.0004,Bullish build (premium-confirmed writing / support),"{""dedupe_key"":""NIFTY|FLOW_BULLISH_BUILD|OFF|2026-07-21 12:57"",""threshold"":0.005,""value"":0.0004,""since_minute_bucket_ist"":""2026-07-21 12:55"",""last_updated_ist"":""2026-07-21 12:57:00""}"
2026-07-21 00:00:00,2026-07-21 12:57:00,223,NIFTY,PIN_BREAKOUT_SETUP,OFF,MED,-1.9500000000007276,Pin breakout setup (wall touch + aligned flow),"{""dedupe_key"":""NIFTY|PIN_BREAKOUT_SETUP|OFF|2026-07-21 12:57"",""threshold"":0,""value"":-1.9500000000007276,""since_minute_bucket_ist"":""2026-07-21 12:56"",""last_updated_ist"":""2026-07-21 12:57:00""}"
2026-07-21 00:00:00,2026-07-21 12:57:00,223,NIFTY,OPTION_MOMENTUM_PUT,ON,MED,2.5,ATM PUT momentum (ltp up + vol up),"{""dedupe_key"":""NIFTY|OPTION_MOMENTUM_PUT|ON|2026-07-21 12:57"",""threshold"":1.5,""value"":2.5,""since_minute_bucket_ist"":"""",""last_updated_ist"":""2026-07-21 12:57:00""}"
2026-07-21 00:00:00,2026-07-21 12:57:00,223,NIFTY,SMA_CHOP,ON,LOW,1,SMA chop (frequent crossings),"{""dedupe_key"":""NIFTY|SMA_CHOP|ON|2026-07-21 12:57"",""threshold"":8,""value"":1,""since_minute_bucket_ist"":"""",""last_updated_ist"":""2026-07-21 12:57:00""}"
2026-07-21 00:00:00,2026-07-21 12:57:00,223,NIFTY,WALL_PRESSURE_BREAK_SETUP,OFF,MED,-1.9500000000007276,Pressure building into a wall (break setup),"{""dedupe_key"":""NIFTY|WALL_PRESSURE_BREAK_SETUP|OFF|2026-07-21 12:57"",""threshold"":0,""value"":-1.9500000000007276,""since_minute_bucket_ist"":""2026-07-21 12:56"",""last_updated_ist"":""2026-07-21 12:57:00""}"
2026-07-21 00:00:00,2026-07-21 12:58:00,224,NIFTY,EXP_RANGE_BREAKOUT_WATCH_DOWN,ON,MED,24164.65,Expected-range watch DOWN,"{""dedupe_key"":""NIFTY|EXP_RANGE_BREAKOUT_WATCH_DOWN|ON|2026-07-21 12:58"",""threshold"":24165.41,""value"":24164.65,""since_minute_bucket_ist"":"""",""last_updated_ist"":""2026-07-21 12:58:00""}"
2026-07-21 00:00:00,2026-07-21 12:58:00,224,NIFTY,OPTION_MOMENTUM_PUT,OFF,MED,1,ATM PUT momentum (ltp up + vol up),"{""dedupe_key"":""NIFTY|OPTION_MOMENTUM_PUT|OFF|2026-07-21 12:58"",""threshold"":1.5,""value"":1,""since_minute_bucket_ist"":""2026-07-21 12:57"",""last_updated_ist"":""2026-07-21 12:58:00""}"
2026-07-21 00:00:00,2026-07-21 12:59:00,225,NIFTY,REGIME_TREND_DOWN,ON,MED,-0.0008,Trend DOWN (slope + direction),"{""dedupe_key"":""NIFTY|REGIME_TREND_DOWN|ON|2026-07-21 12:59"",""threshold"":-0.0004,""value"":-0.0008,""since_minute_bucket_ist"":"""",""last_updated_ist"":""2026-07-21 12:59:00""}"
2026-07-21 00:00:00,2026-07-21 12:59:00,225,NIFTY,REGIME_RANGE_PIN,OFF,LOW,0.0002,Range / pin (inside local walls),"{""dedupe_key"":""NIFTY|REGIME_RANGE_PIN|OFF|2026-07-21 12:59"",""threshold"":0.0004,""value"":0.0002,""since_minute_bucket_ist"":""2026-07-21 12:54"",""last_updated_ist"":""2026-07-21 12:59:00""}"
2026-07-21 00:00:00,2026-07-21 12:59:00,225,NIFTY,PIN_BASIC,OFF,LOW,37.5,Spot near a local wall (pin zone),"{""dedupe_key"":""NIFTY|PIN_BASIC|OFF|2026-07-21 12:59"",""threshold"":37.5,""value"":37.5,""since_minute_bucket_ist"":""2026-07-21 11:53"",""last_updated_ist"":""2026-07-21 12:59:00""}"
2026-07-21 00:00:00,2026-07-21 12:59:00,225,NIFTY,EXP_RANGE_BREAKOUT_CONFIRMED_DOWN,ON,HIGH,2,Expected-range breakout CONFIRMED DOWN,"{""dedupe_key"":""NIFTY|EXP_RANGE_BREAKOUT_CONFIRMED_DOWN|ON|2026-07-21 12:59"",""threshold"":2,""value"":2,""since_minute_bucket_ist"":"""",""last_updated_ist"":""2026-07-21 12:59:00""}"
2026-07-21 00:00:00,2026-07-21 12:59:00,225,NIFTY,OPTION_MOMENTUM_PUT,ON,MED,4.25,ATM PUT momentum (ltp up + vol up),"{""dedupe_key"":""NIFTY|OPTION_MOMENTUM_PUT|ON|2026-07-21 12:59"",""threshold"":1.5,""value"":4.25,""since_minute_bucket_ist"":"""",""last_updated_ist"":""2026-07-21 12:59:00""}"
2026-07-21 00:00:00,2026-07-21 13:00:00,226,NIFTY,OPTION_MOMENTUM_PUT,OFF,MED,0.85,ATM PUT momentum (ltp up + vol up),"{""dedupe_key"":""NIFTY|OPTION_MOMENTUM_PUT|OFF|2026-07-21 13:00"",""threshold"":1.5,""value"":0.85,""since_minute_bucket_ist"":""2026-07-21 12:59"",""last_updated_ist"":""2026-07-21 13:00:00""}"
2026-07-21 00:00:00,2026-07-21 13:00:00,226,NIFTY,WALL_UNWIND_CONFIRM_DOWN,ON,MED,-0.0241,Put wall OI unwinding (5m),"{""dedupe_key"":""NIFTY|WALL_UNWIND_CONFIRM_DOWN|ON|2026-07-21 13:00"",""threshold"":-0.006,""value"":-0.0241,""since_minute_bucket_ist"":"""",""last_updated_ist"":""2026-07-21 13:00:00""}"
2026-07-21 00:00:00,2026-07-21 13:01:00,227,NIFTY,FLOW_BEARISH_BUILD,ON,HIGH,0.0045,Bearish build (premium-confirmed writing / resistance),"{""dedupe_key"":""NIFTY|FLOW_BEARISH_BUILD|ON|2026-07-21 13:01"",""threshold"":0.005,""value"":0.0045,""since_minute_bucket_ist"":"""",""last_updated_ist"":""2026-07-21 13:01:00""}"
2026-07-21 00:00:00,2026-07-21 13:01:00,227,NIFTY,PIN_BASIC,ON,LOW,37.5,Spot near a local wall (pin zone),"{""dedupe_key"":""NIFTY|PIN_BASIC|ON|2026-07-21 13:01"",""threshold"":37.5,""value"":37.5,""since_minute_bucket_ist"":"""",""last_updated_ist"":""2026-07-21 13:01:00""}"
2026-07-21 00:00:00,2026-07-21 13:01:00,227,NIFTY,PIN_BREAKOUT_SETUP,ON,MED,-13.850000000002183,Pin breakout setup (wall touch + aligned flow),"{""dedupe_key"":""NIFTY|PIN_BREAKOUT_SETUP|ON|2026-07-21 13:01"",""threshold"":0,""value"":-13.850000000002183,""since_minute_bucket_ist"":"""",""last_updated_ist"":""2026-07-21 13:01:00""}"
2026-07-21 00:00:00,2026-07-21 13:01:00,227,NIFTY,VOL_EXPANSION,ON,MED,0.0859,Volatility expanding (straddle up),"{""dedupe_key"":""NIFTY|VOL_EXPANSION|ON|2026-07-21 13:01"",""threshold"":0.02,""value"":0.0859,""since_minute_bucket_ist"":"""",""last_updated_ist"":""2026-07-21 13:01:00""}"
2026-07-21 00:00:00,2026-07-21 13:01:00,227,NIFTY,VOL_CONTRACTION,OFF,LOW,0.0859,Volatility contracting (straddle down),"{""dedupe_key"":""NIFTY|VOL_CONTRACTION|OFF|2026-07-21 13:01"",""threshold"":-0.03,""value"":0.0859,""since_minute_bucket_ist"":""2026-07-21 12:50"",""last_updated_ist"":""2026-07-21 13:01:00""}"
2026-07-21 00:00:00,2026-07-21 13:01:00,227,NIFTY,OPTION_MOMENTUM_PUT,ON,MED,12,ATM PUT momentum (ltp up + vol up),"{""dedupe_key"":""NIFTY|OPTION_MOMENTUM_PUT|ON|2026-07-21 13:01"",""threshold"":1.5,""value"":12,""since_minute_bucket_ist"":"""",""last_updated_ist"":""2026-07-21 13:01:00""}"
2026-07-21 00:00:00,2026-07-21 13:01:00,227,NIFTY,CHURN_COMMITTED,ON,MED,-0.0006,Price move + aligned flow (committed),"{""dedupe_key"":""NIFTY|CHURN_COMMITTED|ON|2026-07-21 13:01"",""threshold"":0.0001,""value"":-0.0006,""since_minute_bucket_ist"":"""",""last_updated_ist"":""2026-07-21 13:01:00""}"
2026-07-21 00:00:00,2026-07-21 13:01:00,227,NIFTY,SMA_CHOP,OFF,LOW,1,SMA chop (frequent crossings),"{""dedupe_key"":""NIFTY|SMA_CHOP|OFF|2026-07-21 13:01"",""threshold"":8,""value"":1,""since_minute_bucket_ist"":""2026-07-21 12:57"",""last_updated_ist"":""2026-07-21 13:01:00""}"
2026-07-21 00:00:00,2026-07-21 13:01:00,227,NIFTY,WALL_PRESSURE_BREAK_SETUP,ON,MED,-13.850000000002183,Pressure building into a wall (break setup),"{""dedupe_key"":""NIFTY|WALL_PRESSURE_BREAK_SETUP|ON|2026-07-21 13:01"",""threshold"":0,""value"":-13.850000000002183,""since_minute_bucket_ist"":"""",""last_updated_ist"":""2026-07-21 13:01:00""}"
2026-07-21 00:00:00,2026-07-21 13:02:00,228,NIFTY,TRADE_LIMIT_REACHED,ON,MED,5,Cooldown active (2m),"{""dedupe_key"":""NIFTY|TRADE_LIMIT_REACHED|ON|2026-07-21 13:02"",""threshold"":500,""value"":5,""since_minute_bucket_ist"":"""",""last_updated_ist"":""2026-07-21 13:02:00""}"
2026-07-21 00:00:00,2026-07-21 13:02:00,228,NIFTY,FLOW_BEARISH_BUILD,OFF,HIGH,-0.004,Bearish build (premium-confirmed writing / resistance),"{""dedupe_key"":""NIFTY|FLOW_BEARISH_BUILD|OFF|2026-07-21 13:02"",""threshold"":0.005,""value"":-0.004,""since_minute_bucket_ist"":""2026-07-21 13:01"",""last_updated_ist"":""2026-07-21 13:02:00""}"
2026-07-21 00:00:00,2026-07-21 13:02:00,228,NIFTY,REGIME_TREND_DOWN,OFF,MED,-0.0008,Trend DOWN (slope + direction),"{""dedupe_key"":""NIFTY|REGIME_TREND_DOWN|OFF|2026-07-21 13:02"",""threshold"":-0.0004,""value"":-0.0008,""since_minute_bucket_ist"":""2026-07-21 12:59"",""last_updated_ist"":""2026-07-21 13:02:00""}"
2026-07-21 00:00:00,2026-07-21 13:02:00,228,NIFTY,REGIME_TRANSITION_UNCERTAIN,ON,LOW,1,Transition/uncertain regime,"{""dedupe_key"":""NIFTY|REGIME_TRANSITION_UNCERTAIN|ON|2026-07-21 13:02"",""threshold"":1,""value"":1,""since_minute_bucket_ist"":"""",""last_updated_ist"":""2026-07-21 13:02:00""}"
2026-07-21 00:00:00,2026-07-21 13:02:00,228,NIFTY,PIN_BASIC,OFF,LOW,37.5,Spot near a local wall (pin zone),"{""dedupe_key"":""NIFTY|PIN_BASIC|OFF|2026-07-21 13:02"",""threshold"":37.5,""value"":37.5,""since_minute_bucket_ist"":""2026-07-21 13:01"",""last_updated_ist"":""2026-07-21 13:02:00""}"
2026-07-21 00:00:00,2026-07-21 13:02:00,228,NIFTY,PIN_BREAKOUT_SETUP,OFF,MED,12.200000000000728,Pin breakout setup (wall touch + aligned flow),"{""dedupe_key"":""NIFTY|PIN_BREAKOUT_SETUP|OFF|2026-07-21 13:02"",""threshold"":0,""value"":12.200000000000728,""since_minute_bucket_ist"":""2026-07-21 13:01"",""last_updated_ist"":""2026-07-21 13:02:00""}"
2026-07-21 00:00:00,2026-07-21 13:02:00,228,NIFTY,EXP_RANGE_BREAKOUT_WATCH_DOWN,OFF,MED,24148.3,Expected-range watch DOWN,"{""dedupe_key"":""NIFTY|EXP_RANGE_BREAKOUT_WATCH_DOWN|OFF|2026-07-21 13:02"",""threshold"":24145.55,""value"":24148.3,""since_minute_bucket_ist"":""2026-07-21 12:58"",""last_updated_ist"":""2026-07-21 13:02:00""}"
2026-07-21 00:00:00,2026-07-21 13:02:00,228,NIFTY,EXP_RANGE_BREAKOUT_CONFIRMED_DOWN,OFF,HIGH,0,Expected-range breakout CONFIRMED DOWN,"{""dedupe_key"":""NIFTY|EXP_RANGE_BREAKOUT_CONFIRMED_DOWN|OFF|2026-07-21 13:02"",""threshold"":2,""value"":0,""since_minute_bucket_ist"":""2026-07-21 12:59"",""last_updated_ist"":""2026-07-21 13:02:00""}"
2026-07-21 00:00:00,2026-07-21 13:02:00,228,NIFTY,VOL_EXPANSION,OFF,MED,-0.028,Volatility expanding (straddle up),"{""dedupe_key"":""NIFTY|VOL_EXPANSION|OFF|2026-07-21 13:02"",""threshold"":0.02,""value"":-0.028,""since_minute_bucket_ist"":""2026-07-21 13:01"",""last_updated_ist"":""2026-07-21 13:02:00""}"
2026-07-21 00:00:00,2026-07-21 13:02:00,228,NIFTY,VOL_CONTRACTION,ON,LOW,-0.028,Volatility contracting (straddle down),"{""dedupe_key"":""NIFTY|VOL_CONTRACTION|ON|2026-07-21 13:02"",""threshold"":-0.03,""value"":-0.028,""since_minute_bucket_ist"":"""",""last_updated_ist"":""2026-07-21 13:02:00""}"
2026-07-21 00:00:00,2026-07-21 13:02:00,228,NIFTY,OPTION_MOMENTUM_CALL,ON,MED,3.75,ATM CALL momentum (ltp up + vol up),"{""dedupe_key"":""NIFTY|OPTION_MOMENTUM_CALL|ON|2026-07-21 13:02"",""threshold"":1.5,""value"":3.75,""since_minute_bucket_ist"":"""",""last_updated_ist"":""2026-07-21 13:02:00""}"
2026-07-21 00:00:00,2026-07-21 13:02:00,228,NIFTY,OPTION_MOMENTUM_PUT,OFF,MED,-10.25,ATM PUT momentum (ltp up + vol up),"{""dedupe_key"":""NIFTY|OPTION_MOMENTUM_PUT|OFF|2026-07-21 13:02"",""threshold"":1.5,""value"":-10.25,""since_minute_bucket_ist"":""2026-07-21 13:01"",""last_updated_ist"":""2026-07-21 13:02:00""}"
2026-07-21 00:00:00,2026-07-21 13:02:00,228,NIFTY,WALL_UNWIND_CONFIRM_UP,ON,MED,-0.0174,Call wall OI unwinding (5m),"{""dedupe_key"":""NIFTY|WALL_UNWIND_CONFIRM_UP|ON|2026-07-21 13:02"",""threshold"":-0.006,""value"":-0.0174,""since_minute_bucket_ist"":"""",""last_updated_ist"":""2026-07-21 13:02:00""}"
2026-07-21 00:00:00,2026-07-21 13:02:00,228,NIFTY,CHURN_COMMITTED,OFF,MED,0.0005,Price move + aligned flow (committed),"{""dedupe_key"":""NIFTY|CHURN_COMMITTED|OFF|2026-07-21 13:02"",""threshold"":0.0001,""value"":0.0005,""since_minute_bucket_ist"":""2026-07-21 13:01"",""last_updated_ist"":""2026-07-21 13:02:00""}"
2026-07-21 00:00:00,2026-07-21 13:02:00,228,NIFTY,WALL_PRESSURE_BREAK_SETUP,OFF,MED,12.200000000000728,Pressure building into a wall (break setup),"{""dedupe_key"":""NIFTY|WALL_PRESSURE_BREAK_SETUP|OFF|2026-07-21 13:02"",""threshold"":0,""value"":12.200000000000728,""since_minute_bucket_ist"":""2026-07-21 13:01"",""last_updated_ist"":""2026-07-21 13:02:00""}"
2026-07-21 00:00:00,2026-07-21 13:03:00,229,NIFTY,FLOW_BEARISH_BUILD,ON,HIGH,0.0107,Bearish build (premium-confirmed writing / resistance),"{""dedupe_key"":""NIFTY|FLOW_BEARISH_BUILD|ON|2026-07-21 13:03"",""threshold"":0.005,""value"":0.0107,""since_minute_bucket_ist"":"""",""last_updated_ist"":""2026-07-21 13:03:00""}"
2026-07-21 00:00:00,2026-07-21 13:03:00,229,NIFTY,REGIME_TREND_DOWN,ON,MED,-0.0008,Trend DOWN (slope + direction),"{""dedupe_key"":""NIFTY|REGIME_TREND_DOWN|ON|2026-07-21 13:03"",""threshold"":-0.0004,""value"":-0.0008,""since_minute_bucket_ist"":"""",""last_updated_ist"":""2026-07-21 13:03:00""}"
2026-07-21 00:00:00,2026-07-21 13:03:00,229,NIFTY,REGIME_TRANSITION_UNCERTAIN,OFF,LOW,1,Transition/uncertain regime,"{""dedupe_key"":""NIFTY|REGIME_TRANSITION_UNCERTAIN|OFF|2026-07-21 13:03"",""threshold"":1,""value"":1,""since_minute_bucket_ist"":""2026-07-21 13:02"",""last_updated_ist"":""2026-07-21 13:03:00""}"
2026-07-21 00:00:00,2026-07-21 13:03:00,229,NIFTY,OPTION_MOMENTUM_CALL,OFF,MED,0.05,ATM CALL momentum (ltp up + vol up),"{""dedupe_key"":""NIFTY|OPTION_MOMENTUM_CALL|OFF|2026-07-21 13:03"",""threshold"":1.5,""value"":0.05,""since_minute_bucket_ist"":""2026-07-21 13:02"",""last_updated_ist"":""2026-07-21 13:03:00""}"
2026-07-21 00:00:00,2026-07-21 13:03:00,229,NIFTY,WALL_UNWIND_CONFIRM_UP,OFF,MED,0.0087,Call wall OI unwinding (5m),"{""dedupe_key"":""NIFTY|WALL_UNWIND_CONFIRM_UP|OFF|2026-07-21 13:03"",""threshold"":-0.006,""value"":0.0087,""since_minute_bucket_ist"":""2026-07-21 13:02"",""last_updated_ist"":""2026-07-21 13:03:00""}"
2026-07-21 00:00:00,2026-07-21 13:03:00,229,NIFTY,CHURN_COMMITTED,ON,MED,-0.0001,Price move + aligned flow (committed),"{""dedupe_key"":""NIFTY|CHURN_COMMITTED|ON|2026-07-21 13:03"",""threshold"":0.0001,""value"":-0.0001,""since_minute_bucket_ist"":"""",""last_updated_ist"":""2026-07-21 13:03:00""}"
2026-07-21 00:00:00,2026-07-21 13:03:00,229,NIFTY,STEALTH_BUILD_BEAR,ON,MED,0.0107,"Stealth bearish build (calls build, spot flat)","{""dedupe_key"":""NIFTY|STEALTH_BUILD_BEAR|ON|2026-07-21 13:03"",""threshold"":0.008,""value"":0.0107,""since_minute_bucket_ist"":"""",""last_updated_ist"":""2026-07-21 13:03:00""}"
2026-07-21 00:00:00,2026-07-21 13:04:00,230,NIFTY,TRADE_LIMIT_REACHED,OFF,MED,5,Cooldown active (2m),"{""dedupe_key"":""NIFTY|TRADE_LIMIT_REACHED|OFF|2026-07-21 13:04"",""threshold"":500,""value"":5,""since_minute_bucket_ist"":""2026-07-21 13:02"",""last_updated_ist"":""2026-07-21 13:04:00""}"
2026-07-21 00:00:00,2026-07-21 13:04:00,230,NIFTY,FLOW_BULLISH_BUILD,ON,HIGH,0.0087,Bullish build (premium-confirmed writing / support),"{""dedupe_key"":""NIFTY|FLOW_BULLISH_BUILD|ON|2026-07-21 13:04"",""threshold"":0.005,""value"":0.0087,""since_minute_bucket_ist"":"""",""last_updated_ist"":""2026-07-21 13:04:00""}"
2026-07-21 00:00:00,2026-07-21 13:04:00,230,NIFTY,FLOW_BEARISH_BUILD,OFF,HIGH,-0.0001,Bearish build (premium-confirmed writing / resistance),"{""dedupe_key"":""NIFTY|FLOW_BEARISH_BUILD|OFF|2026-07-21 13:04"",""threshold"":0.005,""value"":-0.0001,""since_minute_bucket_ist"":""2026-07-21 13:03"",""last_updated_ist"":""2026-07-21 13:04:00""}"
2026-07-21 00:00:00,2026-07-21 13:04:00,230,NIFTY,REGIME_TREND_DOWN,OFF,MED,-0.0004,Trend DOWN (slope + direction),"{""dedupe_key"":""NIFTY|REGIME_TREND_DOWN|OFF|2026-07-21 13:04"",""threshold"":-0.0004,""value"":-0.0004,""since_minute_bucket_ist"":""2026-07-21 13:03"",""last_updated_ist"":""2026-07-21 13:04:00""}"
2026-07-21 00:00:00,2026-07-21 13:04:00,230,NIFTY,REGIME_TRANSITION_UNCERTAIN,ON,LOW,1,Transition/uncertain regime,"{""dedupe_key"":""NIFTY|REGIME_TRANSITION_UNCERTAIN|ON|2026-07-21 13:04"",""threshold"":1,""value"":1,""since_minute_bucket_ist"":"""",""last_updated_ist"":""2026-07-21 13:04:00""}"
2026-07-21 00:00:00,2026-07-21 13:04:00,230,NIFTY,CHURN_COMMITTED,OFF,MED,-0.0001,Price move + aligned flow (committed),"{""dedupe_key"":""NIFTY|CHURN_COMMITTED|OFF|2026-07-21 13:04"",""threshold"":0.0001,""value"":-0.0001,""since_minute_bucket_ist"":""2026-07-21 13:03"",""last_updated_ist"":""2026-07-21 13:04:00""}"
2026-07-21 00:00:00,2026-07-21 13:04:00,230,NIFTY,STEALTH_BUILD_BULL,ON,MED,0.0087,"Stealth bullish build (puts build, spot flat)","{""dedupe_key"":""NIFTY|STEALTH_BUILD_BULL|ON|2026-07-21 13:04"",""threshold"":0.008,""value"":0.0087,""since_minute_bucket_ist"":"""",""last_updated_ist"":""2026-07-21 13:04:00""}"
2026-07-21 00:00:00,2026-07-21 13:04:00,230,NIFTY,STEALTH_BUILD_BEAR,OFF,MED,-0.0001,"Stealth bearish build (calls build, spot flat)","{""dedupe_key"":""NIFTY|STEALTH_BUILD_BEAR|OFF|2026-07-21 13:04"",""threshold"":0.008,""value"":-0.0001,""since_minute_bucket_ist"":""2026-07-21 13:03"",""last_updated_ist"":""2026-07-21 13:04:00""}"
2026-07-21 00:00:00,2026-07-21 13:05:00,231,NIFTY,FLOW_BULLISH_BUILD,OFF,HIGH,0,Bullish build (premium-confirmed writing / support),"{""dedupe_key"":""NIFTY|FLOW_BULLISH_BUILD|OFF|2026-07-21 13:05"",""threshold"":0.005,""value"":0,""since_minute_bucket_ist"":""2026-07-21 13:04"",""last_updated_ist"":""2026-07-21 13:05:00""}"
2026-07-21 00:00:00,2026-07-21 13:05:00,231,NIFTY,STEALTH_BUILD_BULL,OFF,MED,0,"Stealth bullish build (puts build, spot flat)","{""dedupe_key"":""NIFTY|STEALTH_BUILD_BULL|OFF|2026-07-21 13:05"",""threshold"":0.008,""value"":0,""since_minute_bucket_ist"":""2026-07-21 13:04"",""last_updated_ist"":""2026-07-21 13:05:00""}"
2026-07-21 00:00:00,2026-07-21 13:06:00,232,NIFTY,FLOW_BOTH_BUILDING,ON,MED,0.0096,Both sides building (straddle build) → higher chop risk,"{""dedupe_key"":""NIFTY|FLOW_BOTH_BUILDING|ON|2026-07-21 13:06"",""threshold"":0.005,""value"":0.0096,""since_minute_bucket_ist"":"""",""last_updated_ist"":""2026-07-21 13:06:00""}"
2026-07-21 00:00:00,2026-07-21 13:06:00,232,NIFTY,REGIME_TREND_UP,ON,MED,0.0005,Trend UP (slope + direction),"{""dedupe_key"":""NIFTY|REGIME_TREND_UP|ON|2026-07-21 13:06"",""threshold"":0.0004,""value"":0.0005,""since_minute_bucket_ist"":"""",""last_updated_ist"":""2026-07-21 13:06:00""}"
2026-07-21 00:00:00,2026-07-21 13:06:00,232,NIFTY,REGIME_TRANSITION_UNCERTAIN,OFF,LOW,1,Transition/uncertain regime,"{""dedupe_key"":""NIFTY|REGIME_TRANSITION_UNCERTAIN|OFF|2026-07-21 13:06"",""threshold"":1,""value"":1,""since_minute_bucket_ist"":""2026-07-21 13:04"",""last_updated_ist"":""2026-07-21 13:06:00""}"
2026-07-21 00:00:00,2026-07-21 13:06:00,232,NIFTY,WALL_UNWIND_CONFIRM_DOWN,OFF,MED,-0.0033,Put wall OI unwinding (5m),"{""dedupe_key"":""NIFTY|WALL_UNWIND_CONFIRM_DOWN|OFF|2026-07-21 13:06"",""threshold"":-0.006,""value"":-0.0033,""since_minute_bucket_ist"":""2026-07-21 13:00"",""last_updated_ist"":""2026-07-21 13:06:00""}"
2026-07-21 00:00:00,2026-07-21 13:07:00,233,NIFTY,FLOW_BOTH_BUILDING,OFF,MED,-0.0037,Both sides building (straddle build) → higher chop risk,"{""dedupe_key"":""NIFTY|FLOW_BOTH_BUILDING|OFF|2026-07-21 13:07"",""threshold"":0.005,""value"":-0.0037,""since_minute_bucket_ist"":""2026-07-21 13:06"",""last_updated_ist"":""2026-07-21 13:07:00""}"
2026-07-21 00:00:00,2026-07-21 13:07:00,233,NIFTY,REGIME_TREND_UP,OFF,MED,0,Trend UP (slope + direction),"{""dedupe_key"":""NIFTY|REGIME_TREND_UP|OFF|2026-07-21 13:07"",""threshold"":0.0004,""value"":0,""since_minute_bucket_ist"":""2026-07-21 13:06"",""last_updated_ist"":""2026-07-21 13:07:00""}"
2026-07-21 00:00:00,2026-07-21 13:07:00,233,NIFTY,REGIME_RANGE_PIN,ON,LOW,0.0003,Range / pin (inside local walls),"{""dedupe_key"":""NIFTY|REGIME_RANGE_PIN|ON|2026-07-21 13:07"",""threshold"":0.0004,""value"":0.0003,""since_minute_bucket_ist"":"""",""last_updated_ist"":""2026-07-21 13:07:00""}"
2026-07-21 00:00:00,2026-07-21 13:07:00,233,NIFTY,VOL_CONTRACTION,OFF,LOW,-0.0116,Volatility contracting (straddle down),"{""dedupe_key"":""NIFTY|VOL_CONTRACTION|OFF|2026-07-21 13:07"",""threshold"":-0.03,""value"":-0.0116,""since_minute_bucket_ist"":""2026-07-21 13:02"",""last_updated_ist"":""2026-07-21 13:07:00""}"
2026-07-21 00:00:00,2026-07-21 13:07:00,233,NIFTY,OPTION_MOMENTUM_CALL,ON,MED,1.8,ATM CALL momentum (ltp up + vol up),"{""dedupe_key"":""NIFTY|OPTION_MOMENTUM_CALL|ON|2026-07-21 13:07"",""threshold"":1.5,""value"":1.8,""since_minute_bucket_ist"":"""",""last_updated_ist"":""2026-07-21 13:07:00""}"
2026-07-21 00:00:00,2026-07-21 13:08:00,234,NIFTY,FLOW_BEARISH_BUILD,ON,HIGH,0.0024,Bearish build (premium-confirmed writing / resistance),"{""dedupe_key"":""NIFTY|FLOW_BEARISH_BUILD|ON|2026-07-21 13:08"",""threshold"":0.005,""value"":0.0024,""since_minute_bucket_ist"":"""",""last_updated_ist"":""2026-07-21 13:08:00""}"
2026-07-21 00:00:00,2026-07-21 13:08:00,234,NIFTY,VOL_EXPANSION,ON,MED,0.0209,Volatility expanding (straddle up),"{""dedupe_key"":""NIFTY|VOL_EXPANSION|ON|2026-07-21 13:08"",""threshold"":0.02,""value"":0.0209,""since_minute_bucket_ist"":"""",""last_updated_ist"":""2026-07-21 13:08:00""}"
2026-07-21 00:00:00,2026-07-21 13:08:00,234,NIFTY,OPTION_MOMENTUM_CALL,OFF,MED,-2.05,ATM CALL momentum (ltp up + vol up),"{""dedupe_key"":""NIFTY|OPTION_MOMENTUM_CALL|OFF|2026-07-21 13:08"",""threshold"":1.5,""value"":-2.05,""since_minute_bucket_ist"":""2026-07-21 13:07"",""last_updated_ist"":""2026-07-21 13:08:00""}"
2026-07-21 00:00:00,2026-07-21 13:08:00,234,NIFTY,OPTION_MOMENTUM_PUT,ON,MED,3,ATM PUT momentum (ltp up + vol up),"{""dedupe_key"":""NIFTY|OPTION_MOMENTUM_PUT|ON|2026-07-21 13:08"",""threshold"":1.5,""value"":3,""since_minute_bucket_ist"":"""",""last_updated_ist"":""2026-07-21 13:08:00""}"
2026-07-21 00:00:00,2026-07-21 13:09:00,235,NIFTY,FLOW_BEARISH_BUILD,OFF,HIGH,0,Bearish build (premium-confirmed writing / resistance),"{""dedupe_key"":""NIFTY|FLOW_BEARISH_BUILD|OFF|2026-07-21 13:09"",""threshold"":0.005,""value"":0,""since_minute_bucket_ist"":""2026-07-21 13:08"",""last_updated_ist"":""2026-07-21 13:09:00""}"
2026-07-21 00:00:00,2026-07-21 13:09:00,235,NIFTY,REGIME_RANGE_PIN,OFF,LOW,0.0001,Range / pin (inside local walls),"{""dedupe_key"":""NIFTY|REGIME_RANGE_PIN|OFF|2026-07-21 13:09"",""threshold"":0.0004,""value"":0.0001,""since_minute_bucket_ist"":""2026-07-21 13:07"",""last_updated_ist"":""2026-07-21 13:09:00""}"
2026-07-21 00:00:00,2026-07-21 13:09:00,235,NIFTY,REGIME_TRANSITION_UNCERTAIN,ON,LOW,1,Transition/uncertain regime,"{""dedupe_key"":""NIFTY|REGIME_TRANSITION_UNCERTAIN|ON|2026-07-21 13:09"",""threshold"":1,""value"":1,""since_minute_bucket_ist"":"""",""last_updated_ist"":""2026-07-21 13:09:00""}"
2026-07-21 00:00:00,2026-07-21 13:09:00,235,NIFTY,OPTION_MOMENTUM_PUT,OFF,MED,0,ATM PUT momentum (ltp up + vol up),"{""dedupe_key"":""NIFTY|OPTION_MOMENTUM_PUT|OFF|2026-07-21 13:09"",""threshold"":1.5,""value"":0,""since_minute_bucket_ist"":""2026-07-21 13:08"",""last_updated_ist"":""2026-07-21 13:09:00""}"
2026-07-21 00:00:00,2026-07-21 13:10:00,236,NIFTY,FLOW_BULLISH_BUILD,ON,HIGH,0.0119,Bullish build (premium-confirmed writing / support),"{""dedupe_key"":""NIFTY|FLOW_BULLISH_BUILD|ON|2026-07-21 13:10"",""threshold"":0.005,""value"":0.0119,""since_minute_bucket_ist"":"""",""last_updated_ist"":""2026-07-21 13:10:00""}"
2026-07-21 00:00:00,2026-07-21 13:10:00,236,NIFTY,REGIME_TREND_UP,ON,MED,0.0007,Trend UP (slope + direction),"{""dedupe_key"":""NIFTY|REGIME_TREND_UP|ON|2026-07-21 13:10"",""threshold"":0.0004,""value"":0.0007,""since_minute_bucket_ist"":"""",""last_updated_ist"":""2026-07-21 13:10:00""}"
2026-07-21 00:00:00,2026-07-21 13:10:00,236,NIFTY,REGIME_TRANSITION_UNCERTAIN,OFF,LOW,1,Transition/uncertain regime,"{""dedupe_key"":""NIFTY|REGIME_TRANSITION_UNCERTAIN|OFF|2026-07-21 13:10"",""threshold"":1,""value"":1,""since_minute_bucket_ist"":""2026-07-21 13:09"",""last_updated_ist"":""2026-07-21 13:10:00""}"
2026-07-21 00:00:00,2026-07-21 13:10:00,236,NIFTY,EXP_RANGE_BREAKOUT_WATCH_UP,ON,MED,24157.4,Expected-range watch UP,"{""dedupe_key"":""NIFTY|EXP_RANGE_BREAKOUT_WATCH_UP|ON|2026-07-21 13:10"",""threshold"":24153.69,""value"":24157.4,""since_minute_bucket_ist"":"""",""last_updated_ist"":""2026-07-21 13:10:00""}"
2026-07-21 00:00:00,2026-07-21 13:10:00,236,NIFTY,VOL_EXPANSION,OFF,MED,0.0046,Volatility expanding (straddle up),"{""dedupe_key"":""NIFTY|VOL_EXPANSION|OFF|2026-07-21 13:10"",""threshold"":0.02,""value"":0.0046,""since_minute_bucket_ist"":""2026-07-21 13:08"",""last_updated_ist"":""2026-07-21 13:10:00""}"
2026-07-21 00:00:00,2026-07-21 13:10:00,236,NIFTY,OPTION_MOMENTUM_CALL,ON,MED,4.2,ATM CALL momentum (ltp up + vol up),"{""dedupe_key"":""NIFTY|OPTION_MOMENTUM_CALL|ON|2026-07-21 13:10"",""threshold"":1.5,""value"":4.2,""since_minute_bucket_ist"":"""",""last_updated_ist"":""2026-07-21 13:10:00""}"
2026-07-21 00:00:00,2026-07-21 13:10:00,236,NIFTY,CHURN_COMMITTED,ON,MED,0.0004,Price move + aligned flow (committed),"{""dedupe_key"":""NIFTY|CHURN_COMMITTED|ON|2026-07-21 13:10"",""threshold"":0.0001,""value"":0.0004,""since_minute_bucket_ist"":"""",""last_updated_ist"":""2026-07-21 13:10:00""}"
2026-07-21 00:00:00,2026-07-21 13:11:00,237,NIFTY,FLOW_BULLISH_BUILD,OFF,HIGH,0,Bullish build (premium-confirmed writing / support),"{""dedupe_key"":""NIFTY|FLOW_BULLISH_BUILD|OFF|2026-07-21 13:11"",""threshold"":0.005,""value"":0,""since_minute_bucket_ist"":""2026-07-21 13:10"",""last_updated_ist"":""2026-07-21 13:11:00""}"
2026-07-21 00:00:00,2026-07-21 13:11:00,237,NIFTY,REGIME_TREND_UP,OFF,MED,0.0004,Trend UP (slope + direction),"{""dedupe_key"":""NIFTY|REGIME_TREND_UP|OFF|2026-07-21 13:11"",""threshold"":0.0004,""value"":0.0004,""since_minute_bucket_ist"":""2026-07-21 13:10"",""last_updated_ist"":""2026-07-21 13:11:00""}"
2026-07-21 00:00:00,2026-07-21 13:11:00,237,NIFTY,REGIME_TRANSITION_UNCERTAIN,ON,LOW,1,Transition/uncertain regime,"{""dedupe_key"":""NIFTY|REGIME_TRANSITION_UNCERTAIN|ON|2026-07-21 13:11"",""threshold"":1,""value"":1,""since_minute_bucket_ist"":"""",""last_updated_ist"":""2026-07-21 13:11:00""}"
2026-07-21 00:00:00,2026-07-21 13:11:00,237,NIFTY,EXP_RANGE_BREAKOUT_CONFIRMED_UP,ON,HIGH,2,Expected-range breakout CONFIRMED UP,"{""dedupe_key"":""NIFTY|EXP_RANGE_BREAKOUT_CONFIRMED_UP|ON|2026-07-21 13:11"",""threshold"":2,""value"":2,""since_minute_bucket_ist"":"""",""last_updated_ist"":""2026-07-21 13:11:00""}"
2026-07-21 00:00:00,2026-07-21 13:11:00,237,NIFTY,VOL_CONTRACTION,ON,LOW,-0.0154,Volatility contracting (straddle down),"{""dedupe_key"":""NIFTY|VOL_CONTRACTION|ON|2026-07-21 13:11"",""threshold"":-0.03,""value"":-0.0154,""since_minute_bucket_ist"":"""",""last_updated_ist"":""2026-07-21 13:11:00""}"
2026-07-21 00:00:00,2026-07-21 13:11:00,237,NIFTY,OPTION_MOMENTUM_CALL,OFF,MED,0,ATM CALL momentum (ltp up + vol up),"{""dedupe_key"":""NIFTY|OPTION_MOMENTUM_CALL|OFF|2026-07-21 13:11"",""threshold"":1.5,""value"":0,""since_minute_bucket_ist"":""2026-07-21 13:10"",""last_updated_ist"":""2026-07-21 13:11:00""}"
2026-07-21 00:00:00,2026-07-21 13:11:00,237,NIFTY,CHURN_COMMITTED,OFF,MED,0,Price move + aligned flow (committed),"{""dedupe_key"":""NIFTY|CHURN_COMMITTED|OFF|2026-07-21 13:11"",""threshold"":0.0001,""value"":0,""since_minute_bucket_ist"":""2026-07-21 13:10"",""last_updated_ist"":""2026-07-21 13:11:00""}"
2026-07-21 00:00:00,2026-07-21 13:12:00,238,NIFTY,FLOW_BULLISH_BUILD,ON,HIGH,0.0005,Bullish build (premium-confirmed writing / support),"{""dedupe_key"":""NIFTY|FLOW_BULLISH_BUILD|ON|2026-07-21 13:12"",""threshold"":0.005,""value"":0.0005,""since_minute_bucket_ist"":"""",""last_updated_ist"":""2026-07-21 13:12:00""}"
2026-07-21 00:00:00,2026-07-21 13:12:00,238,NIFTY,EXP_RANGE_BREAKOUT_WATCH_UP,OFF,MED,24155.55,Expected-range watch UP,"{""dedupe_key"":""NIFTY|EXP_RANGE_BREAKOUT_WATCH_UP|OFF|2026-07-21 13:12"",""threshold"":24156.35,""value"":24155.55,""since_minute_bucket_ist"":""2026-07-21 13:10"",""last_updated_ist"":""2026-07-21 13:12:00""}"
2026-07-21 00:00:00,2026-07-21 13:12:00,238,NIFTY,EXP_RANGE_BREAKOUT_CONFIRMED_UP,OFF,HIGH,0,Expected-range breakout CONFIRMED UP,"{""dedupe_key"":""NIFTY|EXP_RANGE_BREAKOUT_CONFIRMED_UP|OFF|2026-07-21 13:12"",""threshold"":2,""value"":0,""since_minute_bucket_ist"":""2026-07-21 13:11"",""last_updated_ist"":""2026-07-21 13:12:00""}"
2026-07-21 00:00:00,2026-07-21 13:13:00,239,NIFTY,FLOW_BULLISH_BUILD,OFF,HIGH,0.0048,Bullish build (premium-confirmed writing / support),"{""dedupe_key"":""NIFTY|FLOW_BULLISH_BUILD|OFF|2026-07-21 13:13"",""threshold"":0.005,""value"":0.0048,""since_minute_bucket_ist"":""2026-07-21 13:12"",""last_updated_ist"":""2026-07-21 13:13:00""}"
2026-07-21 00:00:00,2026-07-21 13:13:00,239,NIFTY,REGIME_RANGE_PIN,ON,LOW,0.0002,Range / pin (inside local walls),"{""dedupe_key"":""NIFTY|REGIME_RANGE_PIN|ON|2026-07-21 13:13"",""threshold"":0.0004,""value"":0.0002,""since_minute_bucket_ist"":"""",""last_updated_ist"":""2026-07-21 13:13:00""}"
2026-07-21 00:00:00,2026-07-21 13:13:00,239,NIFTY,REGIME_TRANSITION_UNCERTAIN,OFF,LOW,1,Transition/uncertain regime,"{""dedupe_key"":""NIFTY|REGIME_TRANSITION_UNCERTAIN|OFF|2026-07-21 13:13"",""threshold"":1,""value"":1,""since_minute_bucket_ist"":""2026-07-21 13:11"",""last_updated_ist"":""2026-07-21 13:13:00""}"
2026-07-21 00:00:00,2026-07-21 13:13:00,239,NIFTY,OPTION_MOMENTUM_PUT,ON,MED,1.75,ATM PUT momentum (ltp up + vol up),"{""dedupe_key"":""NIFTY|OPTION_MOMENTUM_PUT|ON|2026-07-21 13:13"",""threshold"":1.5,""value"":1.75,""since_minute_bucket_ist"":"""",""last_updated_ist"":""2026-07-21 13:13:00""}"
2026-07-21 00:00:00,2026-07-21 13:14:00,240,NIFTY,OPTION_MOMENTUM_PUT,OFF,MED,1.05,ATM PUT momentum (ltp up + vol up),"{""dedupe_key"":""NIFTY|OPTION_MOMENTUM_PUT|OFF|2026-07-21 13:14"",""threshold"":1.5,""value"":1.05,""since_minute_bucket_ist"":""2026-07-21 13:13"",""last_updated_ist"":""2026-07-21 13:14:00""}"
2026-07-21 00:00:00,2026-07-21 13:14:00,240,NIFTY,STEALTH_BUILD_BULL,ON,MED,0.0113,"Stealth bullish build (puts build, spot flat)","{""dedupe_key"":""NIFTY|STEALTH_BUILD_BULL|ON|2026-07-21 13:14"",""threshold"":0.008,""value"":0.0113,""since_minute_bucket_ist"":"""",""last_updated_ist"":""2026-07-21 13:14:00""}"
2026-07-21 00:00:00,2026-07-21 13:15:00,241,NIFTY,REGIME_RANGE_PIN,OFF,LOW,0.0002,Range / pin (inside local walls),"{""dedupe_key"":""NIFTY|REGIME_RANGE_PIN|OFF|2026-07-21 13:15"",""threshold"":0.0004,""value"":0.0002,""since_minute_bucket_ist"":""2026-07-21 13:13"",""last_updated_ist"":""2026-07-21 13:15:00""}"
2026-07-21 00:00:00,2026-07-21 13:15:00,241,NIFTY,REGIME_TRANSITION_UNCERTAIN,ON,LOW,1,Transition/uncertain regime,"{""dedupe_key"":""NIFTY|REGIME_TRANSITION_UNCERTAIN|ON|2026-07-21 13:15"",""threshold"":1,""value"":1,""since_minute_bucket_ist"":"""",""last_updated_ist"":""2026-07-21 13:15:00""}"
2026-07-21 00:00:00,2026-07-21 13:15:00,241,NIFTY,VOL_CONTRACTION,OFF,LOW,-0.0156,Volatility contracting (straddle down),"{""dedupe_key"":""NIFTY|VOL_CONTRACTION|OFF|2026-07-21 13:15"",""threshold"":-0.03,""value"":-0.0156,""since_minute_bucket_ist"":""2026-07-21 13:11"",""last_updated_ist"":""2026-07-21 13:15:00""}"
2026-07-21 00:00:00,2026-07-21 13:15:00,241,NIFTY,OPTION_MOMENTUM_PUT,ON,MED,1.65,ATM PUT momentum (ltp up + vol up),"{""dedupe_key"":""NIFTY|OPTION_MOMENTUM_PUT|ON|2026-07-21 13:15"",""threshold"":1.5,""value"":1.65,""since_minute_bucket_ist"":"""",""last_updated_ist"":""2026-07-21 13:15:00""}"
2026-07-21 00:00:00,2026-07-21 13:15:00,241,NIFTY,STEALTH_BUILD_BULL,OFF,MED,0.0023,"Stealth bullish build (puts build, spot flat)","{""dedupe_key"":""NIFTY|STEALTH_BUILD_BULL|OFF|2026-07-21 13:15"",""threshold"":0.008,""value"":0.0023,""since_minute_bucket_ist"":""2026-07-21 13:14"",""last_updated_ist"":""2026-07-21 13:15:00""}"
2026-07-21 00:00:00,2026-07-21 13:16:00,242,NIFTY,OPTION_MOMENTUM_PUT,OFF,MED,0,ATM PUT momentum (ltp up + vol up),"{""dedupe_key"":""NIFTY|OPTION_MOMENTUM_PUT|OFF|2026-07-21 13:16"",""threshold"":1.5,""value"":0,""since_minute_bucket_ist"":""2026-07-21 13:15"",""last_updated_ist"":""2026-07-21 13:16:00""}"
2026-07-21 00:00:00,2026-07-21 13:17:00,243,NIFTY,FLOW_BULLISH_BUILD,ON,HIGH,0.0072,Bullish build (premium-confirmed writing / support),"{""dedupe_key"":""NIFTY|FLOW_BULLISH_BUILD|ON|2026-07-21 13:17"",""threshold"":0.005,""value"":0.0072,""since_minute_bucket_ist"":"""",""last_updated_ist"":""2026-07-21 13:17:00""}"
2026-07-21 00:00:00,2026-07-21 13:17:00,243,NIFTY,REGIME_RANGE_PIN,ON,LOW,0.0001,Range / pin (inside local walls),"{""dedupe_key"":""NIFTY|REGIME_RANGE_PIN|ON|2026-07-21 13:17"",""threshold"":0.0004,""value"":0.0001,""since_minute_bucket_ist"":"""",""last_updated_ist"":""2026-07-21 13:17:00""}"
2026-07-21 00:00:00,2026-07-21 13:17:00,243,NIFTY,REGIME_TRANSITION_UNCERTAIN,OFF,LOW,1,Transition/uncertain regime,"{""dedupe_key"":""NIFTY|REGIME_TRANSITION_UNCERTAIN|OFF|2026-07-21 13:17"",""threshold"":1,""value"":1,""since_minute_bucket_ist"":""2026-07-21 13:15"",""last_updated_ist"":""2026-07-21 13:17:00""}"
2026-07-21 00:00:00,2026-07-21 13:18:00,244,NIFTY,FLOW_BULLISH_BUILD,OFF,HIGH,0.0056,Bullish build (premium-confirmed writing / support),"{""dedupe_key"":""NIFTY|FLOW_BULLISH_BUILD|OFF|2026-07-21 13:18"",""threshold"":0.005,""value"":0.0056,""since_minute_bucket_ist"":""2026-07-21 13:17"",""last_updated_ist"":""2026-07-21 13:18:00""}"
2026-07-21 00:00:00,2026-07-21 13:19:00,245,NIFTY,VOL_CONTRACTION,ON,LOW,-0.0103,Volatility contracting (straddle down),"{""dedupe_key"":""NIFTY|VOL_CONTRACTION|ON|2026-07-21 13:19"",""threshold"":-0.03,""value"":-0.0103,""since_minute_bucket_ist"":"""",""last_updated_ist"":""2026-07-21 13:19:00""}"
2026-07-21 00:00:00,2026-07-21 13:20:00,246,NIFTY,REGIME_RANGE_PIN,OFF,LOW,0.0001,Range / pin (inside local walls),"{""dedupe_key"":""NIFTY|REGIME_RANGE_PIN|OFF|2026-07-21 13:20"",""threshold"":0.0004,""value"":0.0001,""since_minute_bucket_ist"":""2026-07-21 13:17"",""last_updated_ist"":""2026-07-21 13:20:00""}"
2026-07-21 00:00:00,2026-07-21 13:20:00,246,NIFTY,REGIME_TRANSITION_UNCERTAIN,ON,LOW,1,Transition/uncertain regime,"{""dedupe_key"":""NIFTY|REGIME_TRANSITION_UNCERTAIN|ON|2026-07-21 13:20"",""threshold"":1,""value"":1,""since_minute_bucket_ist"":"""",""last_updated_ist"":""2026-07-21 13:20:00""}"
2026-07-21 00:00:00,2026-07-21 13:22:00,248,NIFTY,FLOW_BEARISH_BUILD,ON,HIGH,0.0014,Bearish build (premium-confirmed writing / resistance),"{""dedupe_key"":""NIFTY|FLOW_BEARISH_BUILD|ON|2026-07-21 13:22"",""threshold"":0.005,""value"":0.0014,""since_minute_bucket_ist"":"""",""last_updated_ist"":""2026-07-21 13:22:00""}"
2026-07-21 00:00:00,2026-07-21 13:22:00,248,NIFTY,EXP_RANGE_BREAKOUT_WATCH_UP,ON,MED,24158.4,Expected-range watch UP,"{""dedupe_key"":""NIFTY|EXP_RANGE_BREAKOUT_WATCH_UP|ON|2026-07-21 13:22"",""threshold"":24157.53,""value"":24158.4,""since_minute_bucket_ist"":"""",""last_updated_ist"":""2026-07-21 13:22:00""}"
2026-07-21 00:00:00,2026-07-21 13:22:00,248,NIFTY,WALL_UNWIND_CONFIRM_DOWN,ON,MED,-0.0071,Put wall OI unwinding (5m),"{""dedupe_key"":""NIFTY|WALL_UNWIND_CONFIRM_DOWN|ON|2026-07-21 13:22"",""threshold"":-0.006,""value"":-0.0071,""since_minute_bucket_ist"":"""",""last_updated_ist"":""2026-07-21 13:22:00""}"
2026-07-21 00:00:00,2026-07-21 13:23:00,249,NIFTY,FLOW_BEARISH_BUILD,OFF,HIGH,-0.0004,Bearish build (premium-confirmed writing / resistance),"{""dedupe_key"":""NIFTY|FLOW_BEARISH_BUILD|OFF|2026-07-21 13:23"",""threshold"":0.005,""value"":-0.0004,""since_minute_bucket_ist"":""2026-07-21 13:22"",""last_updated_ist"":""2026-07-21 13:23:00""}"
2026-07-21 00:00:00,2026-07-21 13:23:00,249,NIFTY,REGIME_TREND_UP,ON,MED,0.0007,Trend UP (slope + direction),"{""dedupe_key"":""NIFTY|REGIME_TREND_UP|ON|2026-07-21 13:23"",""threshold"":0.0004,""value"":0.0007,""since_minute_bucket_ist"":"""",""last_updated_ist"":""2026-07-21 13:23:00""}"
2026-07-21 00:00:00,2026-07-21 13:23:00,249,NIFTY,REGIME_TRANSITION_UNCERTAIN,OFF,LOW,1,Transition/uncertain regime,"{""dedupe_key"":""NIFTY|REGIME_TRANSITION_UNCERTAIN|OFF|2026-07-21 13:23"",""threshold"":1,""value"":1,""since_minute_bucket_ist"":""2026-07-21 13:20"",""last_updated_ist"":""2026-07-21 13:23:00""}"
2026-07-21 00:00:00,2026-07-21 13:23:00,249,NIFTY,PIN_BASIC,ON,LOW,37.5,Spot near a local wall (pin zone),"{""dedupe_key"":""NIFTY|PIN_BASIC|ON|2026-07-21 13:23"",""threshold"":37.5,""value"":37.5,""since_minute_bucket_ist"":"""",""last_updated_ist"":""2026-07-21 13:23:00""}"
2026-07-21 00:00:00,2026-07-21 13:23:00,249,NIFTY,EXP_RANGE_BREAKOUT_CONFIRMED_UP,ON,HIGH,2,Expected-range breakout CONFIRMED UP,"{""dedupe_key"":""NIFTY|EXP_RANGE_BREAKOUT_CONFIRMED_UP|ON|2026-07-21 13:23"",""threshold"":2,""value"":2,""since_minute_bucket_ist"":"""",""last_updated_ist"":""2026-07-21 13:23:00""}"
2026-07-21 00:00:00,2026-07-21 13:23:00,249,NIFTY,OPTION_MOMENTUM_CALL,ON,MED,3,ATM CALL momentum (ltp up + vol up),"{""dedupe_key"":""NIFTY|OPTION_MOMENTUM_CALL|ON|2026-07-21 13:23"",""threshold"":1.5,""value"":3,""since_minute_bucket_ist"":"""",""last_updated_ist"":""2026-07-21 13:23:00""}"
2026-07-21 00:00:00,2026-07-21 13:24:00,250,NIFTY,FLOW_BOTH_UNWINDING,ON,MED,-0.0096,Both sides unwinding,"{""dedupe_key"":""NIFTY|FLOW_BOTH_UNWINDING|ON|2026-07-21 13:24"",""threshold"":-0.005,""value"":-0.0096,""since_minute_bucket_ist"":"""",""last_updated_ist"":""2026-07-21 13:24:00""}"
2026-07-21 00:00:00,2026-07-21 13:24:00,250,NIFTY,REGIME_TREND_UP,OFF,MED,0.0005,Trend UP (slope + direction),"{""dedupe_key"":""NIFTY|REGIME_TREND_UP|OFF|2026-07-21 13:24"",""threshold"":0.0004,""value"":0.0005,""since_minute_bucket_ist"":""2026-07-21 13:23"",""last_updated_ist"":""2026-07-21 13:24:00""}"
2026-07-21 00:00:00,2026-07-21 13:24:00,250,NIFTY,REGIME_TRANSITION_UNCERTAIN,ON,LOW,1,Transition/uncertain regime,"{""dedupe_key"":""NIFTY|REGIME_TRANSITION_UNCERTAIN|ON|2026-07-21 13:24"",""threshold"":1,""value"":1,""since_minute_bucket_ist"":"""",""last_updated_ist"":""2026-07-21 13:24:00""}"
2026-07-21 00:00:00,2026-07-21 13:25:00,251,NIFTY,TRADE_LIMIT_REACHED,ON,MED,5,Cooldown active (2m),"{""dedupe_key"":""NIFTY|TRADE_LIMIT_REACHED|ON|2026-07-21 13:25"",""threshold"":500,""value"":5,""since_minute_bucket_ist"":"""",""last_updated_ist"":""2026-07-21 13:25:00""}"
2026-07-21 00:00:00,2026-07-21 13:25:00,251,NIFTY,FLOW_BOTH_UNWINDING,OFF,MED,0.007,Both sides unwinding,"{""dedupe_key"":""NIFTY|FLOW_BOTH_UNWINDING|OFF|2026-07-21 13:25"",""threshold"":-0.005,""value"":0.007,""since_minute_bucket_ist"":""2026-07-21 13:24"",""last_updated_ist"":""2026-07-21 13:25:00""}"
2026-07-21 00:00:00,2026-07-21 13:25:00,251,NIFTY,FLOW_BULLISH_BUILD,ON,HIGH,0.007,Bullish build (premium-confirmed writing / support),"{""dedupe_key"":""NIFTY|FLOW_BULLISH_BUILD|ON|2026-07-21 13:25"",""threshold"":0.005,""value"":0.007,""since_minute_bucket_ist"":"""",""last_updated_ist"":""2026-07-21 13:25:00""}"
2026-07-21 00:00:00,2026-07-21 13:25:00,251,NIFTY,REGIME_TREND_UP,ON,MED,0.0005,Trend UP (slope + direction),"{""dedupe_key"":""NIFTY|REGIME_TREND_UP|ON|2026-07-21 13:25"",""threshold"":0.0004,""value"":0.0005,""since_minute_bucket_ist"":"""",""last_updated_ist"":""2026-07-21 13:25:00""}"
2026-07-21 00:00:00,2026-07-21 13:25:00,251,NIFTY,REGIME_TRANSITION_UNCERTAIN,OFF,LOW,1,Transition/uncertain regime,"{""dedupe_key"":""NIFTY|REGIME_TRANSITION_UNCERTAIN|OFF|2026-07-21 13:25"",""threshold"":1,""value"":1,""since_minute_bucket_ist"":""2026-07-21 13:24"",""last_updated_ist"":""2026-07-21 13:25:00""}"
2026-07-21 00:00:00,2026-07-21 13:25:00,251,NIFTY,PIN_BREAKOUT_SETUP,ON,MED,0.049999999999272404,Pin breakout setup (wall touch + aligned flow),"{""dedupe_key"":""NIFTY|PIN_BREAKOUT_SETUP|ON|2026-07-21 13:25"",""threshold"":0,""value"":0.049999999999272404,""since_minute_bucket_ist"":"""",""last_updated_ist"":""2026-07-21 13:25:00""}"
2026-07-21 00:00:00,2026-07-21 13:25:00,251,NIFTY,OPTION_MOMENTUM_CALL,OFF,MED,0.8,ATM CALL momentum (ltp up + vol up),"{""dedupe_key"":""NIFTY|OPTION_MOMENTUM_CALL|OFF|2026-07-21 13:25"",""threshold"":1.5,""value"":0.8,""since_minute_bucket_ist"":""2026-07-21 13:23"",""last_updated_ist"":""2026-07-21 13:25:00""}"
2026-07-21 00:00:00,2026-07-21 13:25:00,251,NIFTY,WALL_PRESSURE_BREAK_SETUP,ON,MED,0.049999999999272404,Pressure building into a wall (break setup),"{""dedupe_key"":""NIFTY|WALL_PRESSURE_BREAK_SETUP|ON|2026-07-21 13:25"",""threshold"":0,""value"":0.049999999999272404,""since_minute_bucket_ist"":"""",""last_updated_ist"":""2026-07-21 13:25:00""}"
2026-07-21 00:00:00,2026-07-21 13:26:00,252,NIFTY,FLOW_BULLISH_BUILD,OFF,HIGH,0.014,Bullish build (premium-confirmed writing / support),"{""dedupe_key"":""NIFTY|FLOW_BULLISH_BUILD|OFF|2026-07-21 13:26"",""threshold"":0.005,""value"":0.014,""since_minute_bucket_ist"":""2026-07-21 13:25"",""last_updated_ist"":""2026-07-21 13:26:00""}"
2026-07-21 00:00:00,2026-07-21 13:26:00,252,NIFTY,PIN_BREAKOUT_SETUP,OFF,MED,3.599999999998545,Pin breakout setup (wall touch + aligned flow),"{""dedupe_key"":""NIFTY|PIN_BREAKOUT_SETUP|OFF|2026-07-21 13:26"",""threshold"":0,""value"":3.599999999998545,""since_minute_bucket_ist"":""2026-07-21 13:25"",""last_updated_ist"":""2026-07-21 13:26:00""}"
2026-07-21 00:00:00,2026-07-21 13:26:00,252,NIFTY,VOL_CONTRACTION,OFF,LOW,0.0019,Volatility contracting (straddle down),"{""dedupe_key"":""NIFTY|VOL_CONTRACTION|OFF|2026-07-21 13:26"",""threshold"":-0.03,""value"":0.0019,""since_minute_bucket_ist"":""2026-07-21 13:19"",""last_updated_ist"":""2026-07-21 13:26:00""}"
2026-07-21 00:00:00,2026-07-21 13:26:00,252,NIFTY,OPTION_MOMENTUM_CALL,ON,MED,3.3,ATM CALL momentum (ltp up + vol up),"{""dedupe_key"":""NIFTY|OPTION_MOMENTUM_CALL|ON|2026-07-21 13:26"",""threshold"":1.5,""value"":3.3,""since_minute_bucket_ist"":"""",""last_updated_ist"":""2026-07-21 13:26:00""}"
2026-07-21 00:00:00,2026-07-21 13:26:00,252,NIFTY,WALL_UNWIND_CONFIRM_DOWN,OFF,MED,-0.0043,Put wall OI unwinding (5m),"{""dedupe_key"":""NIFTY|WALL_UNWIND_CONFIRM_DOWN|OFF|2026-07-21 13:26"",""threshold"":-0.006,""value"":-0.0043,""since_minute_bucket_ist"":""2026-07-21 13:22"",""last_updated_ist"":""2026-07-21 13:26:00""}"
2026-07-21 00:00:00,2026-07-21 13:26:00,252,NIFTY,STEALTH_BUILD_BULL,ON,MED,0.014,"Stealth bullish build (puts build, spot flat)","{""dedupe_key"":""NIFTY|STEALTH_BUILD_BULL|ON|2026-07-21 13:26"",""threshold"":0.008,""value"":0.014,""since_minute_bucket_ist"":"""",""last_updated_ist"":""2026-07-21 13:26:00""}"
2026-07-21 00:00:00,2026-07-21 13:26:00,252,NIFTY,WALL_PRESSURE_BREAK_SETUP,OFF,MED,3.599999999998545,Pressure building into a wall (break setup),"{""dedupe_key"":""NIFTY|WALL_PRESSURE_BREAK_SETUP|OFF|2026-07-21 13:26"",""threshold"":0,""value"":3.599999999998545,""since_minute_bucket_ist"":""2026-07-21 13:25"",""last_updated_ist"":""2026-07-21 13:26:00""}"
2026-07-21 00:00:00,2026-07-21 13:27:00,253,NIFTY,TRADE_LIMIT_REACHED,OFF,MED,5,Cooldown active (2m),"{""dedupe_key"":""NIFTY|TRADE_LIMIT_REACHED|OFF|2026-07-21 13:27"",""threshold"":500,""value"":5,""since_minute_bucket_ist"":""2026-07-21 13:25"",""last_updated_ist"":""2026-07-21 13:27:00""}"
2026-07-21 00:00:00,2026-07-21 13:27:00,253,NIFTY,REGIME_TREND_UP,OFF,MED,0.0004,Trend UP (slope + direction),"{""dedupe_key"":""NIFTY|REGIME_TREND_UP|OFF|2026-07-21 13:27"",""threshold"":0.0004,""value"":0.0004,""since_minute_bucket_ist"":""2026-07-21 13:25"",""last_updated_ist"":""2026-07-21 13:27:00""}"
2026-07-21 00:00:00,2026-07-21 13:27:00,253,NIFTY,REGIME_TRANSITION_UNCERTAIN,ON,LOW,1,Transition/uncertain regime,"{""dedupe_key"":""NIFTY|REGIME_TRANSITION_UNCERTAIN|ON|2026-07-21 13:27"",""threshold"":1,""value"":1,""since_minute_bucket_ist"":"""",""last_updated_ist"":""2026-07-21 13:27:00""}"
2026-07-21 00:00:00,2026-07-21 13:27:00,253,NIFTY,EXP_RANGE_BREAKOUT_WATCH_UP,OFF,MED,24169.15,Expected-range watch UP,"{""dedupe_key"":""NIFTY|EXP_RANGE_BREAKOUT_WATCH_UP|OFF|2026-07-21 13:27"",""threshold"":24169.21,""value"":24169.15,""since_minute_bucket_ist"":""2026-07-21 13:22"",""last_updated_ist"":""2026-07-21 13:27:00""}"
2026-07-21 00:00:00,2026-07-21 13:27:00,253,NIFTY,EXP_RANGE_BREAKOUT_CONFIRMED_UP,OFF,HIGH,0,Expected-range breakout CONFIRMED UP,"{""dedupe_key"":""NIFTY|EXP_RANGE_BREAKOUT_CONFIRMED_UP|OFF|2026-07-21 13:27"",""threshold"":2,""value"":0,""since_minute_bucket_ist"":""2026-07-21 13:23"",""last_updated_ist"":""2026-07-21 13:27:00""}"
2026-07-21 00:00:00,2026-07-21 13:27:00,253,NIFTY,VOL_CONTRACTION,ON,LOW,-0.0134,Volatility contracting (straddle down),"{""dedupe_key"":""NIFTY|VOL_CONTRACTION|ON|2026-07-21 13:27"",""threshold"":-0.03,""value"":-0.0134,""since_minute_bucket_ist"":"""",""last_updated_ist"":""2026-07-21 13:27:00""}"
2026-07-21 00:00:00,2026-07-21 13:27:00,253,NIFTY,OPTION_MOMENTUM_CALL,OFF,MED,-2.75,ATM CALL momentum (ltp up + vol up),"{""dedupe_key"":""NIFTY|OPTION_MOMENTUM_CALL|OFF|2026-07-21 13:27"",""threshold"":1.5,""value"":-2.75,""since_minute_bucket_ist"":""2026-07-21 13:26"",""last_updated_ist"":""2026-07-21 13:27:00""}"
2026-07-21 00:00:00,2026-07-21 13:27:00,253,NIFTY,OPTION_MOMENTUM_PUT,ON,MED,1.9,ATM PUT momentum (ltp up + vol up),"{""dedupe_key"":""NIFTY|OPTION_MOMENTUM_PUT|ON|2026-07-21 13:27"",""threshold"":1.5,""value"":1.9,""since_minute_bucket_ist"":"""",""last_updated_ist"":""2026-07-21 13:27:00""}"
2026-07-21 00:00:00,2026-07-21 13:27:00,253,NIFTY,WALL_UNWIND_CONFIRM_DOWN,ON,MED,-0.016,Put wall OI unwinding (5m),"{""dedupe_key"":""NIFTY|WALL_UNWIND_CONFIRM_DOWN|ON|2026-07-21 13:27"",""threshold"":-0.006,""value"":-0.016,""since_minute_bucket_ist"":"""",""last_updated_ist"":""2026-07-21 13:27:00""}"
2026-07-21 00:00:00,2026-07-21 13:27:00,253,NIFTY,STEALTH_BUILD_BULL,OFF,MED,-0.0063,"Stealth bullish build (puts build, spot flat)","{""dedupe_key"":""NIFTY|STEALTH_BUILD_BULL|OFF|2026-07-21 13:27"",""threshold"":0.008,""value"":-0.0063,""since_minute_bucket_ist"":""2026-07-21 13:26"",""last_updated_ist"":""2026-07-21 13:27:00""}"
2026-07-21 00:00:00,2026-07-21 13:28:00,254,NIFTY,REGIME_RANGE_PIN,ON,LOW,0.0001,Range / pin (inside local walls),"{""dedupe_key"":""NIFTY|REGIME_RANGE_PIN|ON|2026-07-21 13:28"",""threshold"":0.0004,""value"":0.0001,""since_minute_bucket_ist"":"""",""last_updated_ist"":""2026-07-21 13:28:00""}"
2026-07-21 00:00:00,2026-07-21 13:28:00,254,NIFTY,REGIME_TRANSITION_UNCERTAIN,OFF,LOW,1,Transition/uncertain regime,"{""dedupe_key"":""NIFTY|REGIME_TRANSITION_UNCERTAIN|OFF|2026-07-21 13:28"",""threshold"":1,""value"":1,""since_minute_bucket_ist"":""2026-07-21 13:27"",""last_updated_ist"":""2026-07-21 13:28:00""}"
2026-07-21 00:00:00,2026-07-21 13:28:00,254,NIFTY,VOL_EXPANSION,ON,MED,0.0257,Volatility expanding (straddle up),"{""dedupe_key"":""NIFTY|VOL_EXPANSION|ON|2026-07-21 13:28"",""threshold"":0.02,""value"":0.0257,""since_minute_bucket_ist"":"""",""last_updated_ist"":""2026-07-21 13:28:00""}"
2026-07-21 00:00:00,2026-07-21 13:28:00,254,NIFTY,VOL_CONTRACTION,OFF,LOW,0.0257,Volatility contracting (straddle down),"{""dedupe_key"":""NIFTY|VOL_CONTRACTION|OFF|2026-07-21 13:28"",""threshold"":-0.03,""value"":0.0257,""since_minute_bucket_ist"":""2026-07-21 13:27"",""last_updated_ist"":""2026-07-21 13:28:00""}"
2026-07-21 00:00:00,2026-07-21 13:28:00,254,NIFTY,OPTION_MOMENTUM_CALL,ON,MED,4.6,ATM CALL momentum (ltp up + vol up),"{""dedupe_key"":""NIFTY|OPTION_MOMENTUM_CALL|ON|2026-07-21 13:28"",""threshold"":1.5,""value"":4.6,""since_minute_bucket_ist"":"""",""last_updated_ist"":""2026-07-21 13:28:00""}"
2026-07-21 00:00:00,2026-07-21 13:28:00,254,NIFTY,OPTION_MOMENTUM_PUT,OFF,MED,-2.45,ATM PUT momentum (ltp up + vol up),"{""dedupe_key"":""NIFTY|OPTION_MOMENTUM_PUT|OFF|2026-07-21 13:28"",""threshold"":1.5,""value"":-2.45,""since_minute_bucket_ist"":""2026-07-21 13:27"",""last_updated_ist"":""2026-07-21 13:28:00""}"
2026-07-21 00:00:00,2026-07-21 13:28:00,254,NIFTY,WALL_UNWIND_CONFIRM_UP,ON,MED,-0.0102,Call wall OI unwinding (5m),"{""dedupe_key"":""NIFTY|WALL_UNWIND_CONFIRM_UP|ON|2026-07-21 13:28"",""threshold"":-0.006,""value"":-0.0102,""since_minute_bucket_ist"":"""",""last_updated_ist"":""2026-07-21 13:28:00""}"
2026-07-21 00:00:00,2026-07-21 13:29:00,255,NIFTY,VOL_EXPANSION,OFF,MED,0.0019,Volatility expanding (straddle up),"{""dedupe_key"":""NIFTY|VOL_EXPANSION|OFF|2026-07-21 13:29"",""threshold"":0.02,""value"":0.0019,""since_minute_bucket_ist"":""2026-07-21 13:28"",""last_updated_ist"":""2026-07-21 13:29:00""}"
2026-07-21 00:00:00,2026-07-21 13:29:00,255,NIFTY,OPTION_MOMENTUM_CALL,OFF,MED,-3.6,ATM CALL momentum (ltp up + vol up),"{""dedupe_key"":""NIFTY|OPTION_MOMENTUM_CALL|OFF|2026-07-21 13:29"",""threshold"":1.5,""value"":-3.6,""since_minute_bucket_ist"":""2026-07-21 13:28"",""last_updated_ist"":""2026-07-21 13:29:00""}"
2026-07-21 00:00:00,2026-07-21 13:29:00,255,NIFTY,OPTION_MOMENTUM_PUT,ON,MED,1.8,ATM PUT momentum (ltp up + vol up),"{""dedupe_key"":""NIFTY|OPTION_MOMENTUM_PUT|ON|2026-07-21 13:29"",""threshold"":1.5,""value"":1.8,""since_minute_bucket_ist"":"""",""last_updated_ist"":""2026-07-21 13:29:00""}"
2026-07-21 00:00:00,2026-07-21 13:29:00,255,NIFTY,WALL_UNWIND_CONFIRM_DOWN,OFF,MED,0,Put wall OI unwinding (5m),"{""dedupe_key"":""NIFTY|WALL_UNWIND_CONFIRM_DOWN|OFF|2026-07-21 13:29"",""threshold"":-0.006,""value"":0,""since_minute_bucket_ist"":""2026-07-21 13:27"",""last_updated_ist"":""2026-07-21 13:29:00""}"
2026-07-21 00:00:00,2026-07-21 13:29:00,255,NIFTY,WALL_SHIFT_REGIME,ON,MED,1,Wall strike shifted materially (>= 1 step),"{""dedupe_key"":""NIFTY|WALL_SHIFT_REGIME|ON|2026-07-21 13:29"",""threshold"":1,""value"":1,""since_minute_bucket_ist"":"""",""last_updated_ist"":""2026-07-21 13:29:00""}"
2026-07-21 00:00:00,2026-07-21 13:30:00,256,NIFTY,FLOW_BULLISH_BUILD,ON,HIGH,0.0035,Bullish build (premium-confirmed writing / support),"{""dedupe_key"":""NIFTY|FLOW_BULLISH_BUILD|ON|2026-07-21 13:30"",""threshold"":0.005,""value"":0.0035,""since_minute_bucket_ist"":"""",""last_updated_ist"":""2026-07-21 13:30:00""}"
2026-07-21 00:00:00,2026-07-21 13:30:00,256,NIFTY,REGIME_RANGE_PIN,OFF,LOW,0.0001,Range / pin (inside local walls),"{""dedupe_key"":""NIFTY|REGIME_RANGE_PIN|OFF|2026-07-21 13:30"",""threshold"":0.0004,""value"":0.0001,""since_minute_bucket_ist"":""2026-07-21 13:28"",""last_updated_ist"":""2026-07-21 13:30:00""}"
2026-07-21 00:00:00,2026-07-21 13:30:00,256,NIFTY,REGIME_TRANSITION_UNCERTAIN,ON,LOW,1,Transition/uncertain regime,"{""dedupe_key"":""NIFTY|REGIME_TRANSITION_UNCERTAIN|ON|2026-07-21 13:30"",""threshold"":1,""value"":1,""since_minute_bucket_ist"":"""",""last_updated_ist"":""2026-07-21 13:30:00""}"
2026-07-21 00:00:00,2026-07-21 13:30:00,256,NIFTY,PIN_BREAKOUT_SETUP,ON,MED,1,Pin breakout setup (wall touch + aligned flow),"{""dedupe_key"":""NIFTY|PIN_BREAKOUT_SETUP|ON|2026-07-21 13:30"",""threshold"":0,""value"":1,""since_minute_bucket_ist"":"""",""last_updated_ist"":""2026-07-21 13:30:00""}"
2026-07-21 00:00:00,2026-07-21 13:30:00,256,NIFTY,VOL_EXPANSION,ON,MED,0.0343,Volatility expanding (straddle up),"{""dedupe_key"":""NIFTY|VOL_EXPANSION|ON|2026-07-21 13:30"",""threshold"":0.02,""value"":0.0343,""since_minute_bucket_ist"":"""",""last_updated_ist"":""2026-07-21 13:30:00""}"
2026-07-21 00:00:00,2026-07-21 13:30:00,256,NIFTY,OPTION_MOMENTUM_CALL,ON,MED,2.95,ATM CALL momentum (ltp up + vol up),"{""dedupe_key"":""NIFTY|OPTION_MOMENTUM_CALL|ON|2026-07-21 13:30"",""threshold"":1.5,""value"":2.95,""since_minute_bucket_ist"":"""",""last_updated_ist"":""2026-07-21 13:30:00""}"
2026-07-21 00:00:00,2026-07-21 13:30:00,256,NIFTY,OPTION_MOMENTUM_PUT,OFF,MED,-0.65,ATM PUT momentum (ltp up + vol up),"{""dedupe_key"":""NIFTY|OPTION_MOMENTUM_PUT|OFF|2026-07-21 13:30"",""threshold"":1.5,""value"":-0.65,""since_minute_bucket_ist"":""2026-07-21 13:29"",""last_updated_ist"":""2026-07-21 13:30:00""}"
2026-07-21 00:00:00,2026-07-21 13:30:00,256,NIFTY,WALL_SHIFT_REGIME,OFF,MED,1,Wall strike shifted materially (>= 1 step),"{""dedupe_key"":""NIFTY|WALL_SHIFT_REGIME|OFF|2026-07-21 13:30"",""threshold"":1,""value"":1,""since_minute_bucket_ist"":""2026-07-21 13:29"",""last_updated_ist"":""2026-07-21 13:30:00""}"
2026-07-21 00:00:00,2026-07-21 13:30:00,256,NIFTY,WALL_PRESSURE_BREAK_SETUP,ON,MED,1,Pressure building into a wall (break setup),"{""dedupe_key"":""NIFTY|WALL_PRESSURE_BREAK_SETUP|ON|2026-07-21 13:30"",""threshold"":0,""value"":1,""since_minute_bucket_ist"":"""",""last_updated_ist"":""2026-07-21 13:30:00""}"
2026-07-21 00:00:00,2026-07-21 13:31:00,257,NIFTY,TRADE_LIMIT_REACHED,ON,MED,6,Cooldown active (2m),"{""dedupe_key"":""NIFTY|TRADE_LIMIT_REACHED|ON|2026-07-21 13:31"",""threshold"":500,""value"":6,""since_minute_bucket_ist"":"""",""last_updated_ist"":""2026-07-21 13:31:00""}"
2026-07-21 00:00:00,2026-07-21 13:31:00,257,NIFTY,REGIME_RANGE_PIN,ON,LOW,0.0001,Range / pin (inside local walls),"{""dedupe_key"":""NIFTY|REGIME_RANGE_PIN|ON|2026-07-21 13:31"",""threshold"":0.0004,""value"":0.0001,""since_minute_bucket_ist"":"""",""last_updated_ist"":""2026-07-21 13:31:00""}"
2026-07-21 00:00:00,2026-07-21 13:31:00,257,NIFTY,REGIME_TRANSITION_UNCERTAIN,OFF,LOW,1,Transition/uncertain regime,"{""dedupe_key"":""NIFTY|REGIME_TRANSITION_UNCERTAIN|OFF|2026-07-21 13:31"",""threshold"":1,""value"":1,""since_minute_bucket_ist"":""2026-07-21 13:30"",""last_updated_ist"":""2026-07-21 13:31:00""}"
2026-07-21 00:00:00,2026-07-21 13:31:00,257,NIFTY,CHURN_COMMITTED,ON,MED,0.0001,Price move + aligned flow (committed),"{""dedupe_key"":""NIFTY|CHURN_COMMITTED|ON|2026-07-21 13:31"",""threshold"":0.0001,""value"":0.0001,""since_minute_bucket_ist"":"""",""last_updated_ist"":""2026-07-21 13:31:00""}"
2026-07-21 00:00:00,2026-07-21 13:32:00,258,NIFTY,FLOW_BULLISH_BUILD,OFF,HIGH,0,Bullish build (premium-confirmed writing / support),"{""dedupe_key"":""NIFTY|FLOW_BULLISH_BUILD|OFF|2026-07-21 13:32"",""threshold"":0.005,""value"":0,""since_minute_bucket_ist"":""2026-07-21 13:30"",""last_updated_ist"":""2026-07-21 13:32:00""}"
2026-07-21 00:00:00,2026-07-21 13:32:00,258,NIFTY,PIN_BREAKOUT_SETUP,OFF,MED,0,Pin breakout setup (wall touch + aligned flow),"{""dedupe_key"":""NIFTY|PIN_BREAKOUT_SETUP|OFF|2026-07-21 13:32"",""threshold"":0,""value"":0,""since_minute_bucket_ist"":""2026-07-21 13:30"",""last_updated_ist"":""2026-07-21 13:32:00""}"
2026-07-21 00:00:00,2026-07-21 13:32:00,258,NIFTY,OPTION_MOMENTUM_CALL,OFF,MED,1899-12-30 00:00:00,ATM CALL momentum (ltp up + vol up),"{""dedupe_key"":""NIFTY|OPTION_MOMENTUM_CALL|OFF|2026-07-21 13:32"",""threshold"":1.5,""value"":0,""since_minute_bucket_ist"":""2026-07-21 13:30"",""last_updated_ist"":""2026-07-21 13:32:00""}"
2026-07-21 00:00:00,2026-07-21 13:32:00,258,NIFTY,CHURN_COMMITTED,OFF,MED,0,Price move + aligned flow (committed),"{""dedupe_key"":""NIFTY|CHURN_COMMITTED|OFF|2026-07-21 13:32"",""threshold"":0.0001,""value"":0,""since_minute_bucket_ist"":""2026-07-21 13:31"",""last_updated_ist"":""2026-07-21 13:32:00""}"
2026-07-21 00:00:00,2026-07-21 13:32:00,258,NIFTY,WALL_PRESSURE_BREAK_SETUP,OFF,MED,0,Pressure building into a wall (break setup),"{""dedupe_key"":""NIFTY|WALL_PRESSURE_BREAK_SETUP|OFF|2026-07-21 13:32"",""threshold"":0,""value"":0,""since_minute_bucket_ist"":""2026-07-21 13:30"",""last_updated_ist"":""2026-07-21 13:32:00""}"
2026-07-21 00:00:00,2026-07-21 13:33:00,259,NIFTY,TRADE_LIMIT_REACHED,OFF,MED,6,Cooldown active (2m),"{""dedupe_key"":""NIFTY|TRADE_LIMIT_REACHED|OFF|2026-07-21 13:33"",""threshold"":500,""value"":6,""since_minute_bucket_ist"":""2026-07-21 13:31"",""last_updated_ist"":""2026-07-21 13:33:00""}"
2026-07-21 00:00:00,2026-07-21 13:33:00,259,NIFTY,FLOW_BOTH_BUILDING,ON,MED,0.0052,Both sides building (straddle build) → higher chop risk,"{""dedupe_key"":""NIFTY|FLOW_BOTH_BUILDING|ON|2026-07-21 13:33"",""threshold"":0.005,""value"":0.0052,""since_minute_bucket_ist"":"""",""last_updated_ist"":""2026-07-21 13:33:00""}"
2026-07-21 00:00:00,2026-07-21 13:34:00,260,NIFTY,FLOW_BOTH_BUILDING,OFF,MED,0.0049,Both sides building (straddle build) → higher chop risk,"{""dedupe_key"":""NIFTY|FLOW_BOTH_BUILDING|OFF|2026-07-21 13:34"",""threshold"":0.005,""value"":0.0049,""since_minute_bucket_ist"":""2026-07-21 13:33"",""last_updated_ist"":""2026-07-21 13:34:00""}"
2026-07-21 00:00:00,2026-07-21 13:34:00,260,NIFTY,REGIME_RANGE_PIN,OFF,LOW,0,Range / pin (inside local walls),"{""dedupe_key"":""NIFTY|REGIME_RANGE_PIN|OFF|2026-07-21 13:34"",""threshold"":0.0004,""value"":0,""since_minute_bucket_ist"":""2026-07-21 13:31"",""last_updated_ist"":""2026-07-21 13:34:00""}"
2026-07-21 00:00:00,2026-07-21 13:34:00,260,NIFTY,REGIME_TRANSITION_UNCERTAIN,ON,LOW,1,Transition/uncertain regime,"{""dedupe_key"":""NIFTY|REGIME_TRANSITION_UNCERTAIN|ON|2026-07-21 13:34"",""threshold"":1,""value"":1,""since_minute_bucket_ist"":"""",""last_updated_ist"":""2026-07-21 13:34:00""}"
2026-07-21 00:00:00,2026-07-21 13:34:00,260,NIFTY,EXP_RANGE_BREAKOUT_WATCH_UP,ON,MED,24175.85,Expected-range watch UP,"{""dedupe_key"":""NIFTY|EXP_RANGE_BREAKOUT_WATCH_UP|ON|2026-07-21 13:34"",""threshold"":24174.74,""value"":24175.85,""since_minute_bucket_ist"":"""",""last_updated_ist"":""2026-07-21 13:34:00""}"
2026-07-21 00:00:00,2026-07-21 13:34:00,260,NIFTY,VOL_EXPANSION,OFF,MED,-0.0018,Volatility expanding (straddle up),"{""dedupe_key"":""NIFTY|VOL_EXPANSION|OFF|2026-07-21 13:34"",""threshold"":0.02,""value"":-0.0018,""since_minute_bucket_ist"":""2026-07-21 13:30"",""last_updated_ist"":""2026-07-21 13:34:00""}"
2026-07-21 00:00:00,2026-07-21 13:34:00,260,NIFTY,OPTION_MOMENTUM_CALL,ON,MED,1.65,ATM CALL momentum (ltp up + vol up),"{""dedupe_key"":""NIFTY|OPTION_MOMENTUM_CALL|ON|2026-07-21 13:34"",""threshold"":1.5,""value"":1.65,""since_minute_bucket_ist"":"""",""last_updated_ist"":""2026-07-21 13:34:00""}"
2026-07-21 00:00:00,2026-07-21 13:35:00,261,NIFTY,FLOW_BULLISH_BUILD,ON,HIGH,0.0037,Bullish build (premium-confirmed writing / support),"{""dedupe_key"":""NIFTY|FLOW_BULLISH_BUILD|ON|2026-07-21 13:35"",""threshold"":0.005,""value"":0.0037,""since_minute_bucket_ist"":"""",""last_updated_ist"":""2026-07-21 13:35:00""}"
2026-07-21 00:00:00,2026-07-21 13:35:00,261,NIFTY,PIN_BREAKOUT_SETUP,ON,MED,4.150000000001455,Pin breakout setup (wall touch + aligned flow),"{""dedupe_key"":""NIFTY|PIN_BREAKOUT_SETUP|ON|2026-07-21 13:35"",""threshold"":0,""value"":4.150000000001455,""since_minute_bucket_ist"":"""",""last_updated_ist"":""2026-07-21 13:35:00""}"
2026-07-21 00:00:00,2026-07-21 13:35:00,261,NIFTY,EXP_RANGE_BREAKOUT_CONFIRMED_UP,ON,HIGH,2,Expected-range breakout CONFIRMED UP,"{""dedupe_key"":""NIFTY|EXP_RANGE_BREAKOUT_CONFIRMED_UP|ON|2026-07-21 13:35"",""threshold"":2,""value"":2,""since_minute_bucket_ist"":"""",""last_updated_ist"":""2026-07-21 13:35:00""}"
2026-07-21 00:00:00,2026-07-21 13:35:00,261,NIFTY,VOL_CONTRACTION,ON,LOW,-0.0344,Volatility contracting (straddle down),"{""dedupe_key"":""NIFTY|VOL_CONTRACTION|ON|2026-07-21 13:35"",""threshold"":-0.03,""value"":-0.0344,""since_minute_bucket_ist"":"""",""last_updated_ist"":""2026-07-21 13:35:00""}"
2026-07-21 00:00:00,2026-07-21 13:35:00,261,NIFTY,OPTION_MOMENTUM_CALL,OFF,MED,-0.25,ATM CALL momentum (ltp up + vol up),"{""dedupe_key"":""NIFTY|OPTION_MOMENTUM_CALL|OFF|2026-07-21 13:35"",""threshold"":1.5,""value"":-0.25,""since_minute_bucket_ist"":""2026-07-21 13:34"",""last_updated_ist"":""2026-07-21 13:35:00""}"
2026-07-21 00:00:00,2026-07-21 13:35:00,261,NIFTY,CHURN_COMMITTED,ON,MED,0.0002,Price move + aligned flow (committed),"{""dedupe_key"":""NIFTY|CHURN_COMMITTED|ON|2026-07-21 13:35"",""threshold"":0.0001,""value"":0.0002,""since_minute_bucket_ist"":"""",""last_updated_ist"":""2026-07-21 13:35:00""}"
2026-07-21 00:00:00,2026-07-21 13:35:00,261,NIFTY,WALL_PRESSURE_BREAK_SETUP,ON,MED,4.150000000001455,Pressure building into a wall (break setup),"{""dedupe_key"":""NIFTY|WALL_PRESSURE_BREAK_SETUP|ON|2026-07-21 13:35"",""threshold"":0,""value"":4.150000000001455,""since_minute_bucket_ist"":"""",""last_updated_ist"":""2026-07-21 13:35:00""}"
2026-07-21 00:00:00,2026-07-21 13:36:00,262,NIFTY,FLOW_BULLISH_BUILD,OFF,HIGH,0.0075,Bullish build (premium-confirmed writing / support),"{""dedupe_key"":""NIFTY|FLOW_BULLISH_BUILD|OFF|2026-07-21 13:36"",""threshold"":0.005,""value"":0.0075,""since_minute_bucket_ist"":""2026-07-21 13:35"",""last_updated_ist"":""2026-07-21 13:36:00""}"
2026-07-21 00:00:00,2026-07-21 13:36:00,262,NIFTY,REGIME_TREND_UP,ON,MED,0.0004,Trend UP (slope + direction),"{""dedupe_key"":""NIFTY|REGIME_TREND_UP|ON|2026-07-21 13:36"",""threshold"":0.0004,""value"":0.0004,""since_minute_bucket_ist"":"""",""last_updated_ist"":""2026-07-21 13:36:00""}"
2026-07-21 00:00:00,2026-07-21 13:36:00,262,NIFTY,REGIME_TRANSITION_UNCERTAIN,OFF,LOW,1,Transition/uncertain regime,"{""dedupe_key"":""NIFTY|REGIME_TRANSITION_UNCERTAIN|OFF|2026-07-21 13:36"",""threshold"":1,""value"":1,""since_minute_bucket_ist"":""2026-07-21 13:34"",""last_updated_ist"":""2026-07-21 13:36:00""}"
2026-07-21 00:00:00,2026-07-21 13:36:00,262,NIFTY,PIN_BREAKOUT_SETUP,OFF,MED,3.25,Pin breakout setup (wall touch + aligned flow),"{""dedupe_key"":""NIFTY|PIN_BREAKOUT_SETUP|OFF|2026-07-21 13:36"",""threshold"":0,""value"":3.25,""since_minute_bucket_ist"":""2026-07-21 13:35"",""last_updated_ist"":""2026-07-21 13:36:00""}"
2026-07-21 00:00:00,2026-07-21 13:36:00,262,NIFTY,WALL_UNWIND_CONFIRM_UP,OFF,MED,0.034,Call wall OI unwinding (5m),"{""dedupe_key"":""NIFTY|WALL_UNWIND_CONFIRM_UP|OFF|2026-07-21 13:36"",""threshold"":-0.006,""value"":0.034,""since_minute_bucket_ist"":""2026-07-21 13:28"",""last_updated_ist"":""2026-07-21 13:36:00""}"
2026-07-21 00:00:00,2026-07-21 13:36:00,262,NIFTY,CHURN_COMMITTED,OFF,MED,0.0001,Price move + aligned flow (committed),"{""dedupe_key"":""NIFTY|CHURN_COMMITTED|OFF|2026-07-21 13:36"",""threshold"":0.0001,""value"":0.0001,""since_minute_bucket_ist"":""2026-07-21 13:35"",""last_updated_ist"":""2026-07-21 13:36:00""}"
2026-07-21 00:00:00,2026-07-21 13:36:00,262,NIFTY,WALL_PRESSURE_BREAK_SETUP,OFF,MED,3.25,Pressure building into a wall (break setup),"{""dedupe_key"":""NIFTY|WALL_PRESSURE_BREAK_SETUP|OFF|2026-07-21 13:36"",""threshold"":0,""value"":3.25,""since_minute_bucket_ist"":""2026-07-21 13:35"",""last_updated_ist"":""2026-07-21 13:36:00""}"
2026-07-21 00:00:00,2026-07-21 13:37:00,263,NIFTY,FLOW_BULLISH_BUILD,ON,HIGH,0.0049,Bullish build (premium-confirmed writing / support),"{""dedupe_key"":""NIFTY|FLOW_BULLISH_BUILD|ON|2026-07-21 13:37"",""threshold"":0.005,""value"":0.0049,""since_minute_bucket_ist"":"""",""last_updated_ist"":""2026-07-21 13:37:00""}"
2026-07-21 00:00:00,2026-07-21 13:37:00,263,NIFTY,PIN_BREAKOUT_SETUP,ON,MED,3.099999999998545,Pin breakout setup (wall touch + aligned flow),"{""dedupe_key"":""NIFTY|PIN_BREAKOUT_SETUP|ON|2026-07-21 13:37"",""threshold"":0,""value"":3.099999999998545,""since_minute_bucket_ist"":"""",""last_updated_ist"":""2026-07-21 13:37:00""}"
2026-07-21 00:00:00,2026-07-21 13:37:00,263,NIFTY,CHURN_COMMITTED,ON,MED,0.0001,Price move + aligned flow (committed),"{""dedupe_key"":""NIFTY|CHURN_COMMITTED|ON|2026-07-21 13:37"",""threshold"":0.0001,""value"":0.0001,""since_minute_bucket_ist"":"""",""last_updated_ist"":""2026-07-21 13:37:00""}"
2026-07-21 00:00:00,2026-07-21 13:37:00,263,NIFTY,WALL_PRESSURE_BREAK_SETUP,ON,MED,3.099999999998545,Pressure building into a wall (break setup),"{""dedupe_key"":""NIFTY|WALL_PRESSURE_BREAK_SETUP|ON|2026-07-21 13:37"",""threshold"":0,""value"":3.099999999998545,""since_minute_bucket_ist"":"""",""last_updated_ist"":""2026-07-21 13:37:00""}"
2026-07-21 00:00:00,2026-07-21 13:38:00,264,NIFTY,WALL_UNWIND_CONFIRM_UP,ON,MED,-0.0208,Call wall OI unwinding (5m),"{""dedupe_key"":""NIFTY|WALL_UNWIND_CONFIRM_UP|ON|2026-07-21 13:38"",""threshold"":-0.006,""value"":-0.0208,""since_minute_bucket_ist"":"""",""last_updated_ist"":""2026-07-21 13:38:00""}"
2026-07-21 00:00:00,2026-07-21 13:38:00,264,NIFTY,CHURN_COMMITTED,OFF,MED,0.0001,Price move + aligned flow (committed),"{""dedupe_key"":""NIFTY|CHURN_COMMITTED|OFF|2026-07-21 13:38"",""threshold"":0.0001,""value"":0.0001,""since_minute_bucket_ist"":""2026-07-21 13:37"",""last_updated_ist"":""2026-07-21 13:38:00""}"
2026-07-21 00:00:00,2026-07-21 13:38:00,264,NIFTY,STEALTH_BUILD_BULL,ON,MED,0.0116,"Stealth bullish build (puts build, spot flat)","{""dedupe_key"":""NIFTY|STEALTH_BUILD_BULL|ON|2026-07-21 13:38"",""threshold"":0.008,""value"":0.0116,""since_minute_bucket_ist"":"""",""last_updated_ist"":""2026-07-21 13:38:00""}"
2026-07-21 00:00:00,2026-07-21 13:40:00,266,NIFTY,FLOW_BULLISH_BUILD,OFF,HIGH,0,Bullish build (premium-confirmed writing / support),"{""dedupe_key"":""NIFTY|FLOW_BULLISH_BUILD|OFF|2026-07-21 13:40"",""threshold"":0.005,""value"":0,""since_minute_bucket_ist"":""2026-07-21 13:37"",""last_updated_ist"":""2026-07-21 13:40:00""}"
2026-07-21 00:00:00,2026-07-21 13:40:00,266,NIFTY,REGIME_TREND_UP,OFF,MED,0.0004,Trend UP (slope + direction),"{""dedupe_key"":""NIFTY|REGIME_TREND_UP|OFF|2026-07-21 13:40"",""threshold"":0.0004,""value"":0.0004,""since_minute_bucket_ist"":""2026-07-21 13:36"",""last_updated_ist"":""2026-07-21 13:40:00""}"
2026-07-21 00:00:00,2026-07-21 13:40:00,266,NIFTY,REGIME_TRANSITION_UNCERTAIN,ON,LOW,1,Transition/uncertain regime,"{""dedupe_key"":""NIFTY|REGIME_TRANSITION_UNCERTAIN|ON|2026-07-21 13:40"",""threshold"":1,""value"":1,""since_minute_bucket_ist"":"""",""last_updated_ist"":""2026-07-21 13:40:00""}"
2026-07-21 00:00:00,2026-07-21 13:40:00,266,NIFTY,PIN_BREAKOUT_SETUP,OFF,MED,0,Pin breakout setup (wall touch + aligned flow),"{""dedupe_key"":""NIFTY|PIN_BREAKOUT_SETUP|OFF|2026-07-21 13:40"",""threshold"":0,""value"":0,""since_minute_bucket_ist"":""2026-07-21 13:37"",""last_updated_ist"":""2026-07-21 13:40:00""}"
2026-07-21 00:00:00,2026-07-21 13:40:00,266,NIFTY,EXP_RANGE_BREAKOUT_WATCH_UP,OFF,MED,24189.15,Expected-range watch UP,"{""dedupe_key"":""NIFTY|EXP_RANGE_BREAKOUT_WATCH_UP|OFF|2026-07-21 13:40"",""threshold"":24189.29,""value"":24189.15,""since_minute_bucket_ist"":""2026-07-21 13:34"",""last_updated_ist"":""2026-07-21 13:40:00""}"
2026-07-21 00:00:00,2026-07-21 13:40:00,266,NIFTY,EXP_RANGE_BREAKOUT_CONFIRMED_UP,OFF,HIGH,0,Expected-range breakout CONFIRMED UP,"{""dedupe_key"":""NIFTY|EXP_RANGE_BREAKOUT_CONFIRMED_UP|OFF|2026-07-21 13:40"",""threshold"":2,""value"":0,""since_minute_bucket_ist"":""2026-07-21 13:35"",""last_updated_ist"":""2026-07-21 13:40:00""}"
2026-07-21 00:00:00,2026-07-21 13:40:00,266,NIFTY,STEALTH_BUILD_BULL,OFF,MED,0,"Stealth bullish build (puts build, spot flat)","{""dedupe_key"":""NIFTY|STEALTH_BUILD_BULL|OFF|2026-07-21 13:40"",""threshold"":0.008,""value"":0,""since_minute_bucket_ist"":""2026-07-21 13:38"",""last_updated_ist"":""2026-07-21 13:40:00""}"
2026-07-21 00:00:00,2026-07-21 13:40:00,266,NIFTY,WALL_PRESSURE_BREAK_SETUP,OFF,MED,0,Pressure building into a wall (break setup),"{""dedupe_key"":""NIFTY|WALL_PRESSURE_BREAK_SETUP|OFF|2026-07-21 13:40"",""threshold"":0,""value"":0,""since_minute_bucket_ist"":""2026-07-21 13:37"",""last_updated_ist"":""2026-07-21 13:40:00""}"
2026-07-21 00:00:00,2026-07-21 13:41:00,267,NIFTY,FLOW_BULLISH_BUILD,ON,HIGH,0.008,Bullish build (premium-confirmed writing / support),"{""dedupe_key"":""NIFTY|FLOW_BULLISH_BUILD|ON|2026-07-21 13:41"",""threshold"":0.005,""value"":0.008,""since_minute_bucket_ist"":"""",""last_updated_ist"":""2026-07-21 13:41:00""}"
2026-07-21 00:00:00,2026-07-21 13:41:00,267,NIFTY,REGIME_TREND_UP,ON,MED,0.0004,Trend UP (slope + direction),"{""dedupe_key"":""NIFTY|REGIME_TREND_UP|ON|2026-07-21 13:41"",""threshold"":0.0004,""value"":0.0004,""since_minute_bucket_ist"":"""",""last_updated_ist"":""2026-07-21 13:41:00""}"
2026-07-21 00:00:00,2026-07-21 13:41:00,267,NIFTY,REGIME_TRANSITION_UNCERTAIN,OFF,LOW,1,Transition/uncertain regime,"{""dedupe_key"":""NIFTY|REGIME_TRANSITION_UNCERTAIN|OFF|2026-07-21 13:41"",""threshold"":1,""value"":1,""since_minute_bucket_ist"":""2026-07-21 13:40"",""last_updated_ist"":""2026-07-21 13:41:00""}"
2026-07-21 00:00:00,2026-07-21 13:41:00,267,NIFTY,PIN_BREAKOUT_SETUP,ON,MED,3.899999999997817,Pin breakout setup (wall touch + aligned flow),"{""dedupe_key"":""NIFTY|PIN_BREAKOUT_SETUP|ON|2026-07-21 13:41"",""threshold"":0,""value"":3.899999999997817,""since_minute_bucket_ist"":"""",""last_updated_ist"":""2026-07-21 13:41:00""}"
2026-07-21 00:00:00,2026-07-21 13:41:00,267,NIFTY,EXP_RANGE_BREAKOUT_WATCH_UP,ON,MED,24193.05,Expected-range watch UP,"{""dedupe_key"":""NIFTY|EXP_RANGE_BREAKOUT_WATCH_UP|ON|2026-07-21 13:41"",""threshold"":24191.6,""value"":24193.05,""since_minute_bucket_ist"":"""",""last_updated_ist"":""2026-07-21 13:41:00""}"
2026-07-21 00:00:00,2026-07-21 13:41:00,267,NIFTY,CHURN_COMMITTED,ON,MED,0.0002,Price move + aligned flow (committed),"{""dedupe_key"":""NIFTY|CHURN_COMMITTED|ON|2026-07-21 13:41"",""threshold"":0.0001,""value"":0.0002,""since_minute_bucket_ist"":"""",""last_updated_ist"":""2026-07-21 13:41:00""}"
2026-07-21 00:00:00,2026-07-21 13:41:00,267,NIFTY,TAIL_RISK_SKEW_LOW,OFF,LOW,0.55,Tail-risk skew low (PCR_COI low),"{""dedupe_key"":""NIFTY|TAIL_RISK_SKEW_LOW|OFF|2026-07-21 13:41"",""threshold"":0.55,""value"":0.55,""since_minute_bucket_ist"":""2026-07-21 10:27"",""last_updated_ist"":""2026-07-21 13:41:00""}"
2026-07-21 00:00:00,2026-07-21 13:41:00,267,NIFTY,STEALTH_BUILD_BULL,ON,MED,0.008,"Stealth bullish build (puts build, spot flat)","{""dedupe_key"":""NIFTY|STEALTH_BUILD_BULL|ON|2026-07-21 13:41"",""threshold"":0.008,""value"":0.008,""since_minute_bucket_ist"":"""",""last_updated_ist"":""2026-07-21 13:41:00""}"
2026-07-21 00:00:00,2026-07-21 13:41:00,267,NIFTY,WALL_PRESSURE_BREAK_SETUP,ON,MED,3.899999999997817,Pressure building into a wall (break setup),"{""dedupe_key"":""NIFTY|WALL_PRESSURE_BREAK_SETUP|ON|2026-07-21 13:41"",""threshold"":0,""value"":3.899999999997817,""since_minute_bucket_ist"":"""",""last_updated_ist"":""2026-07-21 13:41:00""}"
2026-07-21 00:00:00,2026-07-21 13:42:00,268,NIFTY,FLOW_BOTH_BUILDING,ON,MED,0.0051,Both sides building (straddle build) → higher chop risk,"{""dedupe_key"":""NIFTY|FLOW_BOTH_BUILDING|ON|2026-07-21 13:42"",""threshold"":0.005,""value"":0.0051,""since_minute_bucket_ist"":"""",""last_updated_ist"":""2026-07-21 13:42:00""}"
2026-07-21 00:00:00,2026-07-21 13:42:00,268,NIFTY,FLOW_BULLISH_BUILD,OFF,HIGH,0.0127,Bullish build (premium-confirmed writing / support),"{""dedupe_key"":""NIFTY|FLOW_BULLISH_BUILD|OFF|2026-07-21 13:42"",""threshold"":0.005,""value"":0.0127,""since_minute_bucket_ist"":""2026-07-21 13:41"",""last_updated_ist"":""2026-07-21 13:42:00""}"
2026-07-21 00:00:00,2026-07-21 13:42:00,268,NIFTY,REGIME_TREND_UP,OFF,MED,0.0002,Trend UP (slope + direction),"{""dedupe_key"":""NIFTY|REGIME_TREND_UP|OFF|2026-07-21 13:42"",""threshold"":0.0004,""value"":0.0002,""since_minute_bucket_ist"":""2026-07-21 13:41"",""last_updated_ist"":""2026-07-21 13:42:00""}"
2026-07-21 00:00:00,2026-07-21 13:42:00,268,NIFTY,REGIME_RANGE_PIN,ON,LOW,0.0001,Range / pin (inside local walls),"{""dedupe_key"":""NIFTY|REGIME_RANGE_PIN|ON|2026-07-21 13:42"",""threshold"":0.0004,""value"":0.0001,""since_minute_bucket_ist"":"""",""last_updated_ist"":""2026-07-21 13:42:00""}"
2026-07-21 00:00:00,2026-07-21 13:42:00,268,NIFTY,PIN_BREAKOUT_SETUP,OFF,MED,-2.099999999998545,Pin breakout setup (wall touch + aligned flow),"{""dedupe_key"":""NIFTY|PIN_BREAKOUT_SETUP|OFF|2026-07-21 13:42"",""threshold"":0,""value"":-2.099999999998545,""since_minute_bucket_ist"":""2026-07-21 13:41"",""last_updated_ist"":""2026-07-21 13:42:00""}"
2026-07-21 00:00:00,2026-07-21 13:42:00,268,NIFTY,EXP_RANGE_BREAKOUT_WATCH_UP,OFF,MED,24190.95,Expected-range watch UP,"{""dedupe_key"":""NIFTY|EXP_RANGE_BREAKOUT_WATCH_UP|OFF|2026-07-21 13:42"",""threshold"":24192.83,""value"":24190.95,""since_minute_bucket_ist"":""2026-07-21 13:41"",""last_updated_ist"":""2026-07-21 13:42:00""}"
2026-07-21 00:00:00,2026-07-21 13:42:00,268,NIFTY,CHURN_COMMITTED,OFF,MED,-0.0001,Price move + aligned flow (committed),"{""dedupe_key"":""NIFTY|CHURN_COMMITTED|OFF|2026-07-21 13:42"",""threshold"":0.0001,""value"":-0.0001,""since_minute_bucket_ist"":""2026-07-21 13:41"",""last_updated_ist"":""2026-07-21 13:42:00""}"
2026-07-21 00:00:00,2026-07-21 13:42:00,268,NIFTY,STEALTH_BUILD_BULL,OFF,MED,0.0127,"Stealth bullish build (puts build, spot flat)","{""dedupe_key"":""NIFTY|STEALTH_BUILD_BULL|OFF|2026-07-21 13:42"",""threshold"":0.008,""value"":0.0127,""since_minute_bucket_ist"":""2026-07-21 13:41"",""last_updated_ist"":""2026-07-21 13:42:00""}"
2026-07-21 00:00:00,2026-07-21 13:42:00,268,NIFTY,WALL_PRESSURE_BREAK_SETUP,OFF,MED,-2.099999999998545,Pressure building into a wall (break setup),"{""dedupe_key"":""NIFTY|WALL_PRESSURE_BREAK_SETUP|OFF|2026-07-21 13:42"",""threshold"":0,""value"":-2.099999999998545,""since_minute_bucket_ist"":""2026-07-21 13:41"",""last_updated_ist"":""2026-07-21 13:42:00""}"
2026-07-21 00:00:00,2026-07-21 13:43:00,269,NIFTY,FLOW_BOTH_BUILDING,OFF,MED,-0.0029,Both sides building (straddle build) → higher chop risk,"{""dedupe_key"":""NIFTY|FLOW_BOTH_BUILDING|OFF|2026-07-21 13:43"",""threshold"":0.005,""value"":-0.0029,""since_minute_bucket_ist"":""2026-07-21 13:42"",""last_updated_ist"":""2026-07-21 13:43:00""}"
2026-07-21 00:00:00,2026-07-21 13:43:00,269,NIFTY,OPTION_MOMENTUM_PUT,ON,MED,3.3,ATM PUT momentum (ltp up + vol up),"{""dedupe_key"":""NIFTY|OPTION_MOMENTUM_PUT|ON|2026-07-21 13:43"",""threshold"":1.5,""value"":3.3,""since_minute_bucket_ist"":"""",""last_updated_ist"":""2026-07-21 13:43:00""}"
2026-07-21 00:00:00,2026-07-21 13:44:00,270,NIFTY,FLOW_BULLISH_BUILD,ON,HIGH,0.0123,Bullish build (premium-confirmed writing / support),"{""dedupe_key"":""NIFTY|FLOW_BULLISH_BUILD|ON|2026-07-21 13:44"",""threshold"":0.005,""value"":0.0123,""since_minute_bucket_ist"":"""",""last_updated_ist"":""2026-07-21 13:44:00""}"
2026-07-21 00:00:00,2026-07-21 13:44:00,270,NIFTY,PIN_BREAKOUT_SETUP,ON,MED,2.75,Pin breakout setup (wall touch + aligned flow),"{""dedupe_key"":""NIFTY|PIN_BREAKOUT_SETUP|ON|2026-07-21 13:44"",""threshold"":0,""value"":2.75,""since_minute_bucket_ist"":"""",""last_updated_ist"":""2026-07-21 13:44:00""}"
2026-07-21 00:00:00,2026-07-21 13:44:00,270,NIFTY,VOL_CONTRACTION,OFF,LOW,-0.0206,Volatility contracting (straddle down),"{""dedupe_key"":""NIFTY|VOL_CONTRACTION|OFF|2026-07-21 13:44"",""threshold"":-0.03,""value"":-0.0206,""since_minute_bucket_ist"":""2026-07-21 13:35"",""last_updated_ist"":""2026-07-21 13:44:00""}"
2026-07-21 00:00:00,2026-07-21 13:44:00,270,NIFTY,OPTION_MOMENTUM_PUT,OFF,MED,-0.2,ATM PUT momentum (ltp up + vol up),"{""dedupe_key"":""NIFTY|OPTION_MOMENTUM_PUT|OFF|2026-07-21 13:44"",""threshold"":1.5,""value"":-0.2,""since_minute_bucket_ist"":""2026-07-21 13:43"",""last_updated_ist"":""2026-07-21 13:44:00""}"
2026-07-21 00:00:00,2026-07-21 13:44:00,270,NIFTY,CHURN_COMMITTED,ON,MED,0.0001,Price move + aligned flow (committed),"{""dedupe_key"":""NIFTY|CHURN_COMMITTED|ON|2026-07-21 13:44"",""threshold"":0.0001,""value"":0.0001,""since_minute_bucket_ist"":"""",""last_updated_ist"":""2026-07-21 13:44:00""}"
2026-07-21 00:00:00,2026-07-21 13:44:00,270,NIFTY,STEALTH_BUILD_BULL,ON,MED,0.0123,"Stealth bullish build (puts build, spot flat)","{""dedupe_key"":""NIFTY|STEALTH_BUILD_BULL|ON|2026-07-21 13:44"",""threshold"":0.008,""value"":0.0123,""since_minute_bucket_ist"":"""",""last_updated_ist"":""2026-07-21 13:44:00""}"
2026-07-21 00:00:00,2026-07-21 13:44:00,270,NIFTY,WALL_PRESSURE_BREAK_SETUP,ON,MED,2.75,Pressure building into a wall (break setup),"{""dedupe_key"":""NIFTY|WALL_PRESSURE_BREAK_SETUP|ON|2026-07-21 13:44"",""threshold"":0,""value"":2.75,""since_minute_bucket_ist"":"""",""last_updated_ist"":""2026-07-21 13:44:00""}"
2026-07-21 00:00:00,2026-07-21 13:45:00,271,NIFTY,FLOW_BULLISH_BUILD,OFF,HIGH,0.0038,Bullish build (premium-confirmed writing / support),"{""dedupe_key"":""NIFTY|FLOW_BULLISH_BUILD|OFF|2026-07-21 13:45"",""threshold"":0.005,""value"":0.0038,""since_minute_bucket_ist"":""2026-07-21 13:44"",""last_updated_ist"":""2026-07-21 13:45:00""}"
2026-07-21 00:00:00,2026-07-21 13:45:00,271,NIFTY,PIN_BREAKOUT_SETUP,OFF,MED,0.8000000000029104,Pin breakout setup (wall touch + aligned flow),"{""dedupe_key"":""NIFTY|PIN_BREAKOUT_SETUP|OFF|2026-07-21 13:45"",""threshold"":0,""value"":0.8000000000029104,""since_minute_bucket_ist"":""2026-07-21 13:44"",""last_updated_ist"":""2026-07-21 13:45:00""}"
2026-07-21 00:00:00,2026-07-21 13:45:00,271,NIFTY,VOL_CONTRACTION,ON,LOW,-0.002,Volatility contracting (straddle down),"{""dedupe_key"":""NIFTY|VOL_CONTRACTION|ON|2026-07-21 13:45"",""threshold"":-0.03,""value"":-0.002,""since_minute_bucket_ist"":"""",""last_updated_ist"":""2026-07-21 13:45:00""}"
2026-07-21 00:00:00,2026-07-21 13:45:00,271,NIFTY,WALL_UNWIND_CONFIRM_UP,OFF,MED,-0.0045,Call wall OI unwinding (5m),"{""dedupe_key"":""NIFTY|WALL_UNWIND_CONFIRM_UP|OFF|2026-07-21 13:45"",""threshold"":-0.006,""value"":-0.0045,""since_minute_bucket_ist"":""2026-07-21 13:38"",""last_updated_ist"":""2026-07-21 13:45:00""}"
2026-07-21 00:00:00,2026-07-21 13:45:00,271,NIFTY,CHURN_COMMITTED,OFF,MED,0,Price move + aligned flow (committed),"{""dedupe_key"":""NIFTY|CHURN_COMMITTED|OFF|2026-07-21 13:45"",""threshold"":0.0001,""value"":0,""since_minute_bucket_ist"":""2026-07-21 13:44"",""last_updated_ist"":""2026-07-21 13:45:00""}"
2026-07-21 00:00:00,2026-07-21 13:45:00,271,NIFTY,STEALTH_BUILD_BULL,OFF,MED,0.0038,"Stealth bullish build (puts build, spot flat)","{""dedupe_key"":""NIFTY|STEALTH_BUILD_BULL|OFF|2026-07-21 13:45"",""threshold"":0.008,""value"":0.0038,""since_minute_bucket_ist"":""2026-07-21 13:44"",""last_updated_ist"":""2026-07-21 13:45:00""}"
2026-07-21 00:00:00,2026-07-21 13:45:00,271,NIFTY,WALL_PRESSURE_BREAK_SETUP,OFF,MED,0.8000000000029104,Pressure building into a wall (break setup),"{""dedupe_key"":""NIFTY|WALL_PRESSURE_BREAK_SETUP|OFF|2026-07-21 13:45"",""threshold"":0,""value"":0.8000000000029104,""since_minute_bucket_ist"":""2026-07-21 13:44"",""last_updated_ist"":""2026-07-21 13:45:00""}"
2026-07-21 00:00:00,2026-07-21 13:46:00,272,NIFTY,VOL_CONTRACTION,OFF,LOW,0.001,Volatility contracting (straddle down),"{""dedupe_key"":""NIFTY|VOL_CONTRACTION|OFF|2026-07-21 13:46"",""threshold"":-0.03,""value"":0.001,""since_minute_bucket_ist"":""2026-07-21 13:45"",""last_updated_ist"":""2026-07-21 13:46:00""}"
2026-07-21 00:00:00,2026-07-21 13:46:00,272,NIFTY,STEALTH_BUILD_BULL,ON,MED,0.0106,"Stealth bullish build (puts build, spot flat)","{""dedupe_key"":""NIFTY|STEALTH_BUILD_BULL|ON|2026-07-21 13:46"",""threshold"":0.008,""value"":0.0106,""since_minute_bucket_ist"":"""",""last_updated_ist"":""2026-07-21 13:46:00""}"
2026-07-21 00:00:00,2026-07-21 13:47:00,273,NIFTY,REGIME_RANGE_PIN,OFF,LOW,0.0001,Range / pin (inside local walls),"{""dedupe_key"":""NIFTY|REGIME_RANGE_PIN|OFF|2026-07-21 13:47"",""threshold"":0.0004,""value"":0.0001,""since_minute_bucket_ist"":""2026-07-21 13:42"",""last_updated_ist"":""2026-07-21 13:47:00""}"
2026-07-21 00:00:00,2026-07-21 13:47:00,273,NIFTY,REGIME_TRANSITION_UNCERTAIN,ON,LOW,1,Transition/uncertain regime,"{""dedupe_key"":""NIFTY|REGIME_TRANSITION_UNCERTAIN|ON|2026-07-21 13:47"",""threshold"":1,""value"":1,""since_minute_bucket_ist"":"""",""last_updated_ist"":""2026-07-21 13:47:00""}"
2026-07-21 00:00:00,2026-07-21 13:47:00,273,NIFTY,EXP_RANGE_BREAKOUT_WATCH_DOWN,ON,MED,24184.4,Expected-range watch DOWN,"{""dedupe_key"":""NIFTY|EXP_RANGE_BREAKOUT_WATCH_DOWN|ON|2026-07-21 13:47"",""threshold"":24184.43,""value"":24184.4,""since_minute_bucket_ist"":"""",""last_updated_ist"":""2026-07-21 13:47:00""}"
2026-07-21 00:00:00,2026-07-21 13:47:00,273,NIFTY,STEALTH_BUILD_BULL,OFF,MED,0.0033,"Stealth bullish build (puts build, spot flat)","{""dedupe_key"":""NIFTY|STEALTH_BUILD_BULL|OFF|2026-07-21 13:47"",""threshold"":0.008,""value"":0.0033,""since_minute_bucket_ist"":""2026-07-21 13:46"",""last_updated_ist"":""2026-07-21 13:47:00""}"
2026-07-21 00:00:00,2026-07-21 13:48:00,274,NIFTY,REGIME_RANGE_PIN,ON,LOW,0.0001,Range / pin (inside local walls),"{""dedupe_key"":""NIFTY|REGIME_RANGE_PIN|ON|2026-07-21 13:48"",""threshold"":0.0004,""value"":0.0001,""since_minute_bucket_ist"":"""",""last_updated_ist"":""2026-07-21 13:48:00""}"
2026-07-21 00:00:00,2026-07-21 13:48:00,274,NIFTY,REGIME_TRANSITION_UNCERTAIN,OFF,LOW,1,Transition/uncertain regime,"{""dedupe_key"":""NIFTY|REGIME_TRANSITION_UNCERTAIN|OFF|2026-07-21 13:48"",""threshold"":1,""value"":1,""since_minute_bucket_ist"":""2026-07-21 13:47"",""last_updated_ist"":""2026-07-21 13:48:00""}"
2026-07-21 00:00:00,2026-07-21 13:48:00,274,NIFTY,EXP_RANGE_BREAKOUT_WATCH_DOWN,OFF,MED,24187.6,Expected-range watch DOWN,"{""dedupe_key"":""NIFTY|EXP_RANGE_BREAKOUT_WATCH_DOWN|OFF|2026-07-21 13:48"",""threshold"":24185.38,""value"":24187.6,""since_minute_bucket_ist"":""2026-07-21 13:47"",""last_updated_ist"":""2026-07-21 13:48:00""}"
2026-07-21 00:00:00,2026-07-21 13:49:00,275,NIFTY,EXP_RANGE_BREAKOUT_WATCH_DOWN,ON,MED,24183.95,Expected-range watch DOWN,"{""dedupe_key"":""NIFTY|EXP_RANGE_BREAKOUT_WATCH_DOWN|ON|2026-07-21 13:49"",""threshold"":24184.81,""value"":24183.95,""since_minute_bucket_ist"":"""",""last_updated_ist"":""2026-07-21 13:49:00""}"
2026-07-21 00:00:00,2026-07-21 13:50:00,276,NIFTY,FLOW_BULLISH_BUILD,ON,HIGH,0.0046,Bullish build (premium-confirmed writing / support),"{""dedupe_key"":""NIFTY|FLOW_BULLISH_BUILD|ON|2026-07-21 13:50"",""threshold"":0.005,""value"":0.0046,""since_minute_bucket_ist"":"""",""last_updated_ist"":""2026-07-21 13:50:00""}"
2026-07-21 00:00:00,2026-07-21 13:50:00,276,NIFTY,PIN_BREAKOUT_SETUP,ON,MED,3.5,Pin breakout setup (wall touch + aligned flow),"{""dedupe_key"":""NIFTY|PIN_BREAKOUT_SETUP|ON|2026-07-21 13:50"",""threshold"":0,""value"":3.5,""since_minute_bucket_ist"":"""",""last_updated_ist"":""2026-07-21 13:50:00""}"
2026-07-21 00:00:00,2026-07-21 13:50:00,276,NIFTY,EXP_RANGE_BREAKOUT_WATCH_DOWN,OFF,MED,24187.45,Expected-range watch DOWN,"{""dedupe_key"":""NIFTY|EXP_RANGE_BREAKOUT_WATCH_DOWN|OFF|2026-07-21 13:50"",""threshold"":24184.74,""value"":24187.45,""since_minute_bucket_ist"":""2026-07-21 13:49"",""last_updated_ist"":""2026-07-21 13:50:00""}"
2026-07-21 00:00:00,2026-07-21 13:50:00,276,NIFTY,VOL_CONTRACTION,ON,LOW,-0.0112,Volatility contracting (straddle down),"{""dedupe_key"":""NIFTY|VOL_CONTRACTION|ON|2026-07-21 13:50"",""threshold"":-0.03,""value"":-0.0112,""since_minute_bucket_ist"":"""",""last_updated_ist"":""2026-07-21 13:50:00""}"
2026-07-21 00:00:00,2026-07-21 13:50:00,276,NIFTY,CHURN_COMMITTED,ON,MED,0.0001,Price move + aligned flow (committed),"{""dedupe_key"":""NIFTY|CHURN_COMMITTED|ON|2026-07-21 13:50"",""threshold"":0.0001,""value"":0.0001,""since_minute_bucket_ist"":"""",""last_updated_ist"":""2026-07-21 13:50:00""}"
2026-07-21 00:00:00,2026-07-21 13:50:00,276,NIFTY,WALL_PRESSURE_BREAK_SETUP,ON,MED,3.5,Pressure building into a wall (break setup),"{""dedupe_key"":""NIFTY|WALL_PRESSURE_BREAK_SETUP|ON|2026-07-21 13:50"",""threshold"":0,""value"":3.5,""since_minute_bucket_ist"":"""",""last_updated_ist"":""2026-07-21 13:50:00""}"
2026-07-21 00:00:00,2026-07-21 13:52:00,277,NIFTY,FLOW_BULLISH_BUILD,OFF,HIGH,-0.0096,Bullish build (premium-confirmed writing / support),"{""dedupe_key"":""NIFTY|FLOW_BULLISH_BUILD|OFF|2026-07-21 13:52"",""threshold"":0.005,""value"":-0.0096,""since_minute_bucket_ist"":""2026-07-21 13:50"",""last_updated_ist"":""2026-07-21 13:52:00""}"
2026-07-21 00:00:00,2026-07-21 13:52:00,277,NIFTY,FLOW_BEARISH_BUILD,ON,HIGH,0.0079,Bearish build (premium-confirmed writing / resistance),"{""dedupe_key"":""NIFTY|FLOW_BEARISH_BUILD|ON|2026-07-21 13:52"",""threshold"":0.005,""value"":0.0079,""since_minute_bucket_ist"":"""",""last_updated_ist"":""2026-07-21 13:52:00""}"
2026-07-21 00:00:00,2026-07-21 13:52:00,277,NIFTY,REGIME_TREND_DOWN,ON,MED,-0.0004,Trend DOWN (slope + direction),"{""dedupe_key"":""NIFTY|REGIME_TREND_DOWN|ON|2026-07-21 13:52"",""threshold"":-0.0004,""value"":-0.0004,""since_minute_bucket_ist"":"""",""last_updated_ist"":""2026-07-21 13:52:00""}"
2026-07-21 00:00:00,2026-07-21 13:52:00,277,NIFTY,REGIME_RANGE_PIN,OFF,LOW,0.0002,Range / pin (inside local walls),"{""dedupe_key"":""NIFTY|REGIME_RANGE_PIN|OFF|2026-07-21 13:52"",""threshold"":0.0004,""value"":0.0002,""since_minute_bucket_ist"":""2026-07-21 13:48"",""last_updated_ist"":""2026-07-21 13:52:00""}"
2026-07-21 00:00:00,2026-07-21 13:52:00,277,NIFTY,EXP_RANGE_BREAKOUT_WATCH_DOWN,ON,MED,24179.85,Expected-range watch DOWN,"{""dedupe_key"":""NIFTY|EXP_RANGE_BREAKOUT_WATCH_DOWN|ON|2026-07-21 13:52"",""threshold"":24182.76,""value"":24179.85,""since_minute_bucket_ist"":"""",""last_updated_ist"":""2026-07-21 13:52:00""}"
2026-07-21 00:00:00,2026-07-21 13:52:00,277,NIFTY,OPTION_MOMENTUM_PUT,ON,MED,2.75,ATM PUT momentum (ltp up + vol up),"{""dedupe_key"":""NIFTY|OPTION_MOMENTUM_PUT|ON|2026-07-21 13:52"",""threshold"":1.5,""value"":2.75,""since_minute_bucket_ist"":"""",""last_updated_ist"":""2026-07-21 13:52:00""}"
2026-07-21 00:00:00,2026-07-21 13:52:00,278,NIFTY,TRADE_LIMIT_REACHED,ON,MED,6,Cooldown active (2m),"{""dedupe_key"":""NIFTY|TRADE_LIMIT_REACHED|ON|2026-07-21 13:52"",""threshold"":500,""value"":6,""since_minute_bucket_ist"":"""",""last_updated_ist"":""2026-07-21 13:52:00""}"
2026-07-21 00:00:00,2026-07-21 13:52:00,278,NIFTY,FLOW_BEARISH_BUILD,OFF,HIGH,-0.0116,Bearish build (premium-confirmed writing / resistance),"{""dedupe_key"":""NIFTY|FLOW_BEARISH_BUILD|OFF|2026-07-21 13:52"",""threshold"":0.005,""value"":-0.0116,""since_minute_bucket_ist"":""2026-07-21 13:52"",""last_updated_ist"":""2026-07-21 13:52:00""}"
2026-07-21 00:00:00,2026-07-21 13:52:00,278,NIFTY,REGIME_TREND_DOWN,OFF,MED,-0.0001,Trend DOWN (slope + direction),"{""dedupe_key"":""NIFTY|REGIME_TREND_DOWN|OFF|2026-07-21 13:52"",""threshold"":-0.0004,""value"":-0.0001,""since_minute_bucket_ist"":""2026-07-21 13:52"",""last_updated_ist"":""2026-07-21 13:52:00""}"
2026-07-21 00:00:00,2026-07-21 13:52:00,278,NIFTY,REGIME_RANGE_PIN,ON,LOW,0.0002,Range / pin (inside local walls),"{""dedupe_key"":""NIFTY|REGIME_RANGE_PIN|ON|2026-07-21 13:52"",""threshold"":0.0004,""value"":0.0002,""since_minute_bucket_ist"":"""",""last_updated_ist"":""2026-07-21 13:52:00""}"
2026-07-21 00:00:00,2026-07-21 13:52:00,278,NIFTY,PIN_BREAKOUT_SETUP,OFF,MED,2.0500000000029104,Pin breakout setup (wall touch + aligned flow),"{""dedupe_key"":""NIFTY|PIN_BREAKOUT_SETUP|OFF|2026-07-21 13:52"",""threshold"":0,""value"":2.0500000000029104,""since_minute_bucket_ist"":""2026-07-21 13:50"",""last_updated_ist"":""2026-07-21 13:52:00""}"
2026-07-21 00:00:00,2026-07-21 13:52:00,278,NIFTY,EXP_RANGE_BREAKOUT_WATCH_DOWN,OFF,MED,24181.9,Expected-range watch DOWN,"{""dedupe_key"":""NIFTY|EXP_RANGE_BREAKOUT_WATCH_DOWN|OFF|2026-07-21 13:52"",""threshold"":24181.78,""value"":24181.9,""since_minute_bucket_ist"":""2026-07-21 13:52"",""last_updated_ist"":""2026-07-21 13:52:00""}"
2026-07-21 00:00:00,2026-07-21 13:52:00,278,NIFTY,OPTION_MOMENTUM_PUT,OFF,MED,-0.95,ATM PUT momentum (ltp up + vol up),"{""dedupe_key"":""NIFTY|OPTION_MOMENTUM_PUT|OFF|2026-07-21 13:52"",""threshold"":1.5,""value"":-0.95,""since_minute_bucket_ist"":""2026-07-21 13:52"",""last_updated_ist"":""2026-07-21 13:52:00""}"
2026-07-21 00:00:00,2026-07-21 13:52:00,278,NIFTY,CHURN_COMMITTED,OFF,MED,0.0001,Price move + aligned flow (committed),"{""dedupe_key"":""NIFTY|CHURN_COMMITTED|OFF|2026-07-21 13:52"",""threshold"":0.0001,""value"":0.0001,""since_minute_bucket_ist"":""2026-07-21 13:50"",""last_updated_ist"":""2026-07-21 13:52:00""}"
2026-07-21 00:00:00,2026-07-21 13:52:00,278,NIFTY,WALL_PRESSURE_BREAK_SETUP,OFF,MED,2.0500000000029104,Pressure building into a wall (break setup),"{""dedupe_key"":""NIFTY|WALL_PRESSURE_BREAK_SETUP|OFF|2026-07-21 13:52"",""threshold"":0,""value"":2.0500000000029104,""since_minute_bucket_ist"":""2026-07-21 13:50"",""last_updated_ist"":""2026-07-21 13:52:00""}"
2026-07-21 00:00:00,2026-07-21 13:53:00,279,NIFTY,REGIME_RANGE_PIN,OFF,LOW,0.0002,Range / pin (inside local walls),"{""dedupe_key"":""NIFTY|REGIME_RANGE_PIN|OFF|2026-07-21 13:53"",""threshold"":0.0004,""value"":0.0002,""since_minute_bucket_ist"":""2026-07-21 13:52"",""last_updated_ist"":""2026-07-21 13:53:00""}"
2026-07-21 00:00:00,2026-07-21 13:53:00,279,NIFTY,REGIME_TRANSITION_UNCERTAIN,ON,LOW,1,Transition/uncertain regime,"{""dedupe_key"":""NIFTY|REGIME_TRANSITION_UNCERTAIN|ON|2026-07-21 13:53"",""threshold"":1,""value"":1,""since_minute_bucket_ist"":"""",""last_updated_ist"":""2026-07-21 13:53:00""}"
2026-07-21 00:00:00,2026-07-21 13:54:00,280,NIFTY,TRADE_LIMIT_REACHED,OFF,MED,6,Cooldown active (2m),"{""dedupe_key"":""NIFTY|TRADE_LIMIT_REACHED|OFF|2026-07-21 13:54"",""threshold"":500,""value"":6,""since_minute_bucket_ist"":""2026-07-21 13:52"",""last_updated_ist"":""2026-07-21 13:54:00""}"
2026-07-21 00:00:00,2026-07-21 13:54:00,280,NIFTY,FLOW_BULLISH_BUILD,ON,HIGH,0.0052,Bullish build (premium-confirmed writing / support),"{""dedupe_key"":""NIFTY|FLOW_BULLISH_BUILD|ON|2026-07-21 13:54"",""threshold"":0.005,""value"":0.0052,""since_minute_bucket_ist"":"""",""last_updated_ist"":""2026-07-21 13:54:00""}"
2026-07-21 00:00:00,2026-07-21 13:54:00,280,NIFTY,REGIME_RANGE_PIN,ON,LOW,0.0002,Range / pin (inside local walls),"{""dedupe_key"":""NIFTY|REGIME_RANGE_PIN|ON|2026-07-21 13:54"",""threshold"":0.0004,""value"":0.0002,""since_minute_bucket_ist"":"""",""last_updated_ist"":""2026-07-21 13:54:00""}"
2026-07-21 00:00:00,2026-07-21 13:54:00,280,NIFTY,REGIME_TRANSITION_UNCERTAIN,OFF,LOW,1,Transition/uncertain regime,"{""dedupe_key"":""NIFTY|REGIME_TRANSITION_UNCERTAIN|OFF|2026-07-21 13:54"",""threshold"":1,""value"":1,""since_minute_bucket_ist"":""2026-07-21 13:53"",""last_updated_ist"":""2026-07-21 13:54:00""}"
2026-07-21 00:00:00,2026-07-21 13:54:00,280,NIFTY,PIN_BREAKOUT_SETUP,ON,MED,1.1499999999978172,Pin breakout setup (wall touch + aligned flow),"{""dedupe_key"":""NIFTY|PIN_BREAKOUT_SETUP|ON|2026-07-21 13:54"",""threshold"":0,""value"":1.1499999999978172,""since_minute_bucket_ist"":"""",""last_updated_ist"":""2026-07-21 13:54:00""}"
2026-07-21 00:00:00,2026-07-21 13:54:00,280,NIFTY,WALL_PRESSURE_BREAK_SETUP,ON,MED,1.1499999999978172,Pressure building into a wall (break setup),"{""dedupe_key"":""NIFTY|WALL_PRESSURE_BREAK_SETUP|ON|2026-07-21 13:54"",""threshold"":0,""value"":1.1499999999978172,""since_minute_bucket_ist"":"""",""last_updated_ist"":""2026-07-21 13:54:00""}"
2026-07-21 00:00:00,2026-07-21 13:55:00,281,NIFTY,FLOW_BULLISH_BUILD,OFF,HIGH,0.0019,Bullish build (premium-confirmed writing / support),"{""dedupe_key"":""NIFTY|FLOW_BULLISH_BUILD|OFF|2026-07-21 13:55"",""threshold"":0.005,""value"":0.0019,""since_minute_bucket_ist"":""2026-07-21 13:54"",""last_updated_ist"":""2026-07-21 13:55:00""}"
2026-07-21 00:00:00,2026-07-21 13:55:00,281,NIFTY,REGIME_TREND_DOWN,ON,MED,-0.0007,Trend DOWN (slope + direction),"{""dedupe_key"":""NIFTY|REGIME_TREND_DOWN|ON|2026-07-21 13:55"",""threshold"":-0.0004,""value"":-0.0007,""since_minute_bucket_ist"":"""",""last_updated_ist"":""2026-07-21 13:55:00""}"
2026-07-21 00:00:00,2026-07-21 13:55:00,281,NIFTY,REGIME_RANGE_PIN,OFF,LOW,0.0002,Range / pin (inside local walls),"{""dedupe_key"":""NIFTY|REGIME_RANGE_PIN|OFF|2026-07-21 13:55"",""threshold"":0.0004,""value"":0.0002,""since_minute_bucket_ist"":""2026-07-21 13:54"",""last_updated_ist"":""2026-07-21 13:55:00""}"
2026-07-21 00:00:00,2026-07-21 13:55:00,281,NIFTY,PIN_BREAKOUT_SETUP,OFF,MED,-13.149999999997817,Pin breakout setup (wall touch + aligned flow),"{""dedupe_key"":""NIFTY|PIN_BREAKOUT_SETUP|OFF|2026-07-21 13:55"",""threshold"":0,""value"":-13.149999999997817,""since_minute_bucket_ist"":""2026-07-21 13:54"",""last_updated_ist"":""2026-07-21 13:55:00""}"
2026-07-21 00:00:00,2026-07-21 13:55:00,281,NIFTY,EXP_RANGE_BREAKOUT_WATCH_DOWN,ON,MED,24169.9,Expected-range watch DOWN,"{""dedupe_key"":""NIFTY|EXP_RANGE_BREAKOUT_WATCH_DOWN|ON|2026-07-21 13:55"",""threshold"":24176.71,""value"":24169.9,""since_minute_bucket_ist"":"""",""last_updated_ist"":""2026-07-21 13:55:00""}"
2026-07-21 00:00:00,2026-07-21 13:55:00,281,NIFTY,OPTION_MOMENTUM_PUT,ON,MED,2.95,ATM PUT momentum (ltp up + vol up),"{""dedupe_key"":""NIFTY|OPTION_MOMENTUM_PUT|ON|2026-07-21 13:55"",""threshold"":1.5,""value"":2.95,""since_minute_bucket_ist"":"""",""last_updated_ist"":""2026-07-21 13:55:00""}"
2026-07-21 00:00:00,2026-07-21 13:55:00,281,NIFTY,WALL_PRESSURE_BREAK_SETUP,OFF,MED,-13.149999999997817,Pressure building into a wall (break setup),"{""dedupe_key"":""NIFTY|WALL_PRESSURE_BREAK_SETUP|OFF|2026-07-21 13:55"",""threshold"":0,""value"":-13.149999999997817,""since_minute_bucket_ist"":""2026-07-21 13:54"",""last_updated_ist"":""2026-07-21 13:55:00""}"
2026-07-21 00:00:00,2026-07-21 13:56:00,282,NIFTY,EXP_RANGE_BREAKOUT_CONFIRMED_DOWN,ON,HIGH,2,Expected-range breakout CONFIRMED DOWN,"{""dedupe_key"":""NIFTY|EXP_RANGE_BREAKOUT_CONFIRMED_DOWN|ON|2026-07-21 13:56"",""threshold"":2,""value"":2,""since_minute_bucket_ist"":"""",""last_updated_ist"":""2026-07-21 13:56:00""}"
2026-07-21 00:00:00,2026-07-21 13:56:00,282,NIFTY,OPTION_MOMENTUM_PUT,OFF,MED,0,ATM PUT momentum (ltp up + vol up),"{""dedupe_key"":""NIFTY|OPTION_MOMENTUM_PUT|OFF|2026-07-21 13:56"",""threshold"":1.5,""value"":0,""since_minute_bucket_ist"":""2026-07-21 13:55"",""last_updated_ist"":""2026-07-21 13:56:00""}"
2026-07-21 00:00:00,2026-07-21 13:57:00,283,NIFTY,FLOW_BOTH_UNWINDING,ON,MED,-0.0136,Both sides unwinding,"{""dedupe_key"":""NIFTY|FLOW_BOTH_UNWINDING|ON|2026-07-21 13:57"",""threshold"":-0.005,""value"":-0.0136,""since_minute_bucket_ist"":"""",""last_updated_ist"":""2026-07-21 13:57:00""}"
2026-07-21 00:00:00,2026-07-21 13:57:00,283,NIFTY,WALL_UNWIND_CONFIRM_UP,ON,MED,-0.0232,Call wall OI unwinding (5m),"{""dedupe_key"":""NIFTY|WALL_UNWIND_CONFIRM_UP|ON|2026-07-21 13:57"",""threshold"":-0.006,""value"":-0.0232,""since_minute_bucket_ist"":"""",""last_updated_ist"":""2026-07-21 13:57:00""}"
2026-07-21 00:00:00,2026-07-21 13:58:00,284,NIFTY,FLOW_BOTH_UNWINDING,OFF,MED,0.0027,Both sides unwinding,"{""dedupe_key"":""NIFTY|FLOW_BOTH_UNWINDING|OFF|2026-07-21 13:58"",""threshold"":-0.005,""value"":0.0027,""since_minute_bucket_ist"":""2026-07-21 13:57"",""last_updated_ist"":""2026-07-21 13:58:00""}"
2026-07-21 00:00:00,2026-07-21 13:58:00,284,NIFTY,REGIME_TREND_DOWN,OFF,MED,-0.0007,Trend DOWN (slope + direction),"{""dedupe_key"":""NIFTY|REGIME_TREND_DOWN|OFF|2026-07-21 13:58"",""threshold"":-0.0004,""value"":-0.0007,""since_minute_bucket_ist"":""2026-07-21 13:55"",""last_updated_ist"":""2026-07-21 13:58:00""}"
2026-07-21 00:00:00,2026-07-21 13:58:00,284,NIFTY,REGIME_TRANSITION_UNCERTAIN,ON,LOW,1,Transition/uncertain regime,"{""dedupe_key"":""NIFTY|REGIME_TRANSITION_UNCERTAIN|ON|2026-07-21 13:58"",""threshold"":1,""value"":1,""since_minute_bucket_ist"":"""",""last_updated_ist"":""2026-07-21 13:58:00""}"
2026-07-21 00:00:00,2026-07-21 13:58:00,284,NIFTY,OPTION_MOMENTUM_CALL,ON,MED,1.6,ATM CALL momentum (ltp up + vol up),"{""dedupe_key"":""NIFTY|OPTION_MOMENTUM_CALL|ON|2026-07-21 13:58"",""threshold"":1.5,""value"":1.6,""since_minute_bucket_ist"":"""",""last_updated_ist"":""2026-07-21 13:58:00""}"
2026-07-21 00:00:00,2026-07-21 13:58:00,284,NIFTY,WALL_UNWIND_CONFIRM_DOWN,ON,MED,-0.0062,Put wall OI unwinding (5m),"{""dedupe_key"":""NIFTY|WALL_UNWIND_CONFIRM_DOWN|ON|2026-07-21 13:58"",""threshold"":-0.006,""value"":-0.0062,""since_minute_bucket_ist"":"""",""last_updated_ist"":""2026-07-21 13:58:00""}"
2026-07-21 00:00:00,2026-07-21 13:59:00,285,NIFTY,REGIME_TREND_DOWN,ON,MED,-0.001,Trend DOWN (slope + direction),"{""dedupe_key"":""NIFTY|REGIME_TREND_DOWN|ON|2026-07-21 13:59"",""threshold"":-0.0004,""value"":-0.001,""since_minute_bucket_ist"":"""",""last_updated_ist"":""2026-07-21 13:59:00""}"
2026-07-21 00:00:00,2026-07-21 13:59:00,285,NIFTY,REGIME_TRANSITION_UNCERTAIN,OFF,LOW,1,Transition/uncertain regime,"{""dedupe_key"":""NIFTY|REGIME_TRANSITION_UNCERTAIN|OFF|2026-07-21 13:59"",""threshold"":1,""value"":1,""since_minute_bucket_ist"":""2026-07-21 13:58"",""last_updated_ist"":""2026-07-21 13:59:00""}"
2026-07-21 00:00:00,2026-07-21 13:59:00,285,NIFTY,OPTION_MOMENTUM_CALL,OFF,MED,-5.4,ATM CALL momentum (ltp up + vol up),"{""dedupe_key"":""NIFTY|OPTION_MOMENTUM_CALL|OFF|2026-07-21 13:59"",""threshold"":1.5,""value"":-5.4,""since_minute_bucket_ist"":""2026-07-21 13:58"",""last_updated_ist"":""2026-07-21 13:59:00""}"
2026-07-21 00:00:00,2026-07-21 13:59:00,285,NIFTY,OPTION_MOMENTUM_PUT,ON,MED,3.35,ATM PUT momentum (ltp up + vol up),"{""dedupe_key"":""NIFTY|OPTION_MOMENTUM_PUT|ON|2026-07-21 13:59"",""threshold"":1.5,""value"":3.35,""since_minute_bucket_ist"":"""",""last_updated_ist"":""2026-07-21 13:59:00""}"
2026-07-21 00:00:00,2026-07-21 14:00:00,286,NIFTY,OPTION_MOMENTUM_PUT,OFF,MED,0,ATM PUT momentum (ltp up + vol up),"{""dedupe_key"":""NIFTY|OPTION_MOMENTUM_PUT|OFF|2026-07-21 14:00"",""threshold"":1.5,""value"":0,""since_minute_bucket_ist"":""2026-07-21 13:59"",""last_updated_ist"":""2026-07-21 14:00:00""}"
2026-07-21 00:00:00,2026-07-21 14:01:00,287,NIFTY,REGIME_TREND_DOWN,OFF,MED,0.0001,Trend DOWN (slope + direction),"{""dedupe_key"":""NIFTY|REGIME_TREND_DOWN|OFF|2026-07-21 14:01"",""threshold"":-0.0004,""value"":0.0001,""since_minute_bucket_ist"":""2026-07-21 13:59"",""last_updated_ist"":""2026-07-21 14:01:00""}"
2026-07-21 00:00:00,2026-07-21 14:01:00,287,NIFTY,REGIME_RANGE_PIN,ON,LOW,0.0003,Range / pin (inside local walls),"{""dedupe_key"":""NIFTY|REGIME_RANGE_PIN|ON|2026-07-21 14:01"",""threshold"":0.0004,""value"":0.0003,""since_minute_bucket_ist"":"""",""last_updated_ist"":""2026-07-21 14:01:00""}"
2026-07-21 00:00:00,2026-07-21 14:01:00,287,NIFTY,EXP_RANGE_BREAKOUT_WATCH_DOWN,OFF,MED,24173,Expected-range watch DOWN,"{""dedupe_key"":""NIFTY|EXP_RANGE_BREAKOUT_WATCH_DOWN|OFF|2026-07-21 14:01"",""threshold"":24159.74,""value"":24173,""since_minute_bucket_ist"":""2026-07-21 13:55"",""last_updated_ist"":""2026-07-21 14:01:00""}"
2026-07-21 00:00:00,2026-07-21 14:01:00,287,NIFTY,EXP_RANGE_BREAKOUT_CONFIRMED_DOWN,OFF,HIGH,0,Expected-range breakout CONFIRMED DOWN,"{""dedupe_key"":""NIFTY|EXP_RANGE_BREAKOUT_CONFIRMED_DOWN|OFF|2026-07-21 14:01"",""threshold"":2,""value"":0,""since_minute_bucket_ist"":""2026-07-21 13:56"",""last_updated_ist"":""2026-07-21 14:01:00""}"
2026-07-21 00:00:00,2026-07-21 14:01:00,287,NIFTY,OPTION_MOMENTUM_CALL,ON,MED,7.65,ATM CALL momentum (ltp up + vol up),"{""dedupe_key"":""NIFTY|OPTION_MOMENTUM_CALL|ON|2026-07-21 14:01"",""threshold"":1.5,""value"":7.65,""since_minute_bucket_ist"":"""",""last_updated_ist"":""2026-07-21 14:01:00""}"
2026-07-21 00:00:00,2026-07-21 14:01:00,287,NIFTY,WALL_UNWIND_CONFIRM_UP,OFF,MED,0.0177,Call wall OI unwinding (5m),"{""dedupe_key"":""NIFTY|WALL_UNWIND_CONFIRM_UP|OFF|2026-07-21 14:01"",""threshold"":-0.006,""value"":0.0177,""since_minute_bucket_ist"":""2026-07-21 13:57"",""last_updated_ist"":""2026-07-21 14:01:00""}"
2026-07-21 00:00:00,2026-07-21 14:02:00,288,NIFTY,FLOW_BEARISH_BUILD,ON,HIGH,0.0072,Bearish build (premium-confirmed writing / resistance),"{""dedupe_key"":""NIFTY|FLOW_BEARISH_BUILD|ON|2026-07-21 14:02"",""threshold"":0.005,""value"":0.0072,""since_minute_bucket_ist"":"""",""last_updated_ist"":""2026-07-21 14:02:00""}"
2026-07-21 00:00:00,2026-07-21 14:02:00,288,NIFTY,REGIME_TREND_UP,ON,MED,0.0004,Trend UP (slope + direction),"{""dedupe_key"":""NIFTY|REGIME_TREND_UP|ON|2026-07-21 14:02"",""threshold"":0.0004,""value"":0.0004,""since_minute_bucket_ist"":"""",""last_updated_ist"":""2026-07-21 14:02:00""}"
2026-07-21 00:00:00,2026-07-21 14:02:00,288,NIFTY,REGIME_RANGE_PIN,OFF,LOW,0.0003,Range / pin (inside local walls),"{""dedupe_key"":""NIFTY|REGIME_RANGE_PIN|OFF|2026-07-21 14:02"",""threshold"":0.0004,""value"":0.0003,""since_minute_bucket_ist"":""2026-07-21 14:01"",""last_updated_ist"":""2026-07-21 14:02:00""}"
2026-07-21 00:00:00,2026-07-21 14:02:00,288,NIFTY,OPTION_MOMENTUM_CALL,OFF,MED,-3.15,ATM CALL momentum (ltp up + vol up),"{""dedupe_key"":""NIFTY|OPTION_MOMENTUM_CALL|OFF|2026-07-21 14:02"",""threshold"":1.5,""value"":-3.15,""since_minute_bucket_ist"":""2026-07-21 14:01"",""last_updated_ist"":""2026-07-21 14:02:00""}"
2026-07-21 00:00:00,2026-07-21 14:03:00,289,NIFTY,FLOW_BEARISH_BUILD,OFF,HIGH,0.0026,Bearish build (premium-confirmed writing / resistance),"{""dedupe_key"":""NIFTY|FLOW_BEARISH_BUILD|OFF|2026-07-21 14:03"",""threshold"":0.005,""value"":0.0026,""since_minute_bucket_ist"":""2026-07-21 14:02"",""last_updated_ist"":""2026-07-21 14:03:00""}"
2026-07-21 00:00:00,2026-07-21 14:03:00,289,NIFTY,VOL_EXPANSION,ON,MED,0.0404,Volatility expanding (straddle up),"{""dedupe_key"":""NIFTY|VOL_EXPANSION|ON|2026-07-21 14:03"",""threshold"":0.02,""value"":0.0404,""since_minute_bucket_ist"":"""",""last_updated_ist"":""2026-07-21 14:03:00""}"
2026-07-21 00:00:00,2026-07-21 14:03:00,289,NIFTY,VOL_CONTRACTION,OFF,LOW,0.0404,Volatility contracting (straddle down),"{""dedupe_key"":""NIFTY|VOL_CONTRACTION|OFF|2026-07-21 14:03"",""threshold"":-0.03,""value"":0.0404,""since_minute_bucket_ist"":""2026-07-21 13:50"",""last_updated_ist"":""2026-07-21 14:03:00""}"
2026-07-21 00:00:00,2026-07-21 14:03:00,289,NIFTY,OPTION_MOMENTUM_CALL,ON,MED,1.9,ATM CALL momentum (ltp up + vol up),"{""dedupe_key"":""NIFTY|OPTION_MOMENTUM_CALL|ON|2026-07-21 14:03"",""threshold"":1.5,""value"":1.9,""since_minute_bucket_ist"":"""",""last_updated_ist"":""2026-07-21 14:03:00""}"
2026-07-21 00:00:00,2026-07-21 14:03:00,289,NIFTY,WALL_UNWIND_CONFIRM_DOWN,OFF,MED,0.0214,Put wall OI unwinding (5m),"{""dedupe_key"":""NIFTY|WALL_UNWIND_CONFIRM_DOWN|OFF|2026-07-21 14:03"",""threshold"":-0.006,""value"":0.0214,""since_minute_bucket_ist"":""2026-07-21 13:58"",""last_updated_ist"":""2026-07-21 14:03:00""}"
2026-07-21 00:00:00,2026-07-21 14:03:00,289,NIFTY,STEALTH_BUILD_BULL,ON,MED,0.0122,"Stealth bullish build (puts build, spot flat)","{""dedupe_key"":""NIFTY|STEALTH_BUILD_BULL|ON|2026-07-21 14:03"",""threshold"":0.008,""value"":0.0122,""since_minute_bucket_ist"":"""",""last_updated_ist"":""2026-07-21 14:03:00""}"
2026-07-21 00:00:00,2026-07-21 14:04:00,290,NIFTY,REGIME_TREND_UP,OFF,MED,0.0007,Trend UP (slope + direction),"{""dedupe_key"":""NIFTY|REGIME_TREND_UP|OFF|2026-07-21 14:04"",""threshold"":0.0004,""value"":0.0007,""since_minute_bucket_ist"":""2026-07-21 14:02"",""last_updated_ist"":""2026-07-21 14:04:00""}"
2026-07-21 00:00:00,2026-07-21 14:04:00,290,NIFTY,REGIME_TRANSITION_UNCERTAIN,ON,LOW,1,Transition/uncertain regime,"{""dedupe_key"":""NIFTY|REGIME_TRANSITION_UNCERTAIN|ON|2026-07-21 14:04"",""threshold"":1,""value"":1,""since_minute_bucket_ist"":"""",""last_updated_ist"":""2026-07-21 14:04:00""}"
2026-07-21 00:00:00,2026-07-21 14:04:00,290,NIFTY,OPTION_MOMENTUM_CALL,OFF,MED,-1.1,ATM CALL momentum (ltp up + vol up),"{""dedupe_key"":""NIFTY|OPTION_MOMENTUM_CALL|OFF|2026-07-21 14:04"",""threshold"":1.5,""value"":-1.1,""since_minute_bucket_ist"":""2026-07-21 14:03"",""last_updated_ist"":""2026-07-21 14:04:00""}"
2026-07-21 00:00:00,2026-07-21 14:04:00,290,NIFTY,OPTION_MOMENTUM_PUT,ON,MED,1.7,ATM PUT momentum (ltp up + vol up),"{""dedupe_key"":""NIFTY|OPTION_MOMENTUM_PUT|ON|2026-07-21 14:04"",""threshold"":1.5,""value"":1.7,""since_minute_bucket_ist"":"""",""last_updated_ist"":""2026-07-21 14:04:00""}"
2026-07-21 00:00:00,2026-07-21 14:04:00,290,NIFTY,STEALTH_BUILD_BULL,OFF,MED,-0.0016,"Stealth bullish build (puts build, spot flat)","{""dedupe_key"":""NIFTY|STEALTH_BUILD_BULL|OFF|2026-07-21 14:04"",""threshold"":0.008,""value"":-0.0016,""since_minute_bucket_ist"":""2026-07-21 14:03"",""last_updated_ist"":""2026-07-21 14:04:00""}"
2026-07-21 00:00:00,2026-07-21 14:05:00,291,NIFTY,REGIME_TREND_UP,ON,MED,0.0008,Trend UP (slope + direction),"{""dedupe_key"":""NIFTY|REGIME_TREND_UP|ON|2026-07-21 14:05"",""threshold"":0.0004,""value"":0.0008,""since_minute_bucket_ist"":"""",""last_updated_ist"":""2026-07-21 14:05:00""}"
2026-07-21 00:00:00,2026-07-21 14:05:00,291,NIFTY,REGIME_TRANSITION_UNCERTAIN,OFF,LOW,1,Transition/uncertain regime,"{""dedupe_key"":""NIFTY|REGIME_TRANSITION_UNCERTAIN|OFF|2026-07-21 14:05"",""threshold"":1,""value"":1,""since_minute_bucket_ist"":""2026-07-21 14:04"",""last_updated_ist"":""2026-07-21 14:05:00""}"
2026-07-21 00:00:00,2026-07-21 14:05:00,291,NIFTY,OPTION_MOMENTUM_PUT,OFF,MED,-0.9,ATM PUT momentum (ltp up + vol up),"{""dedupe_key"":""NIFTY|OPTION_MOMENTUM_PUT|OFF|2026-07-21 14:05"",""threshold"":1.5,""value"":-0.9,""since_minute_bucket_ist"":""2026-07-21 14:04"",""last_updated_ist"":""2026-07-21 14:05:00""}"
2026-07-21 00:00:00,2026-07-21 14:06:00,292,NIFTY,REGIME_TREND_UP,OFF,MED,0.0002,Trend UP (slope + direction),"{""dedupe_key"":""NIFTY|REGIME_TREND_UP|OFF|2026-07-21 14:06"",""threshold"":0.0004,""value"":0.0002,""since_minute_bucket_ist"":""2026-07-21 14:05"",""last_updated_ist"":""2026-07-21 14:06:00""}"
2026-07-21 00:00:00,2026-07-21 14:06:00,292,NIFTY,REGIME_TRANSITION_UNCERTAIN,ON,LOW,1,Transition/uncertain regime,"{""dedupe_key"":""NIFTY|REGIME_TRANSITION_UNCERTAIN|ON|2026-07-21 14:06"",""threshold"":1,""value"":1,""since_minute_bucket_ist"":"""",""last_updated_ist"":""2026-07-21 14:06:00""}"
2026-07-21 00:00:00,2026-07-21 14:07:00,293,NIFTY,REGIME_RANGE_PIN,ON,LOW,0.0002,Range / pin (inside local walls),"{""dedupe_key"":""NIFTY|REGIME_RANGE_PIN|ON|2026-07-21 14:07"",""threshold"":0.0004,""value"":0.0002,""since_minute_bucket_ist"":"""",""last_updated_ist"":""2026-07-21 14:07:00""}"
2026-07-21 00:00:00,2026-07-21 14:07:00,293,NIFTY,REGIME_TRANSITION_UNCERTAIN,OFF,LOW,1,Transition/uncertain regime,"{""dedupe_key"":""NIFTY|REGIME_TRANSITION_UNCERTAIN|OFF|2026-07-21 14:07"",""threshold"":1,""value"":1,""since_minute_bucket_ist"":""2026-07-21 14:06"",""last_updated_ist"":""2026-07-21 14:07:00""}"
2026-07-21 00:00:00,2026-07-21 14:07:00,293,NIFTY,VOL_EXPANSION,OFF,MED,-0.0068,Volatility expanding (straddle up),"{""dedupe_key"":""NIFTY|VOL_EXPANSION|OFF|2026-07-21 14:07"",""threshold"":0.02,""value"":-0.0068,""since_minute_bucket_ist"":""2026-07-21 14:03"",""last_updated_ist"":""2026-07-21 14:07:00""}"
2026-07-21 00:00:00,2026-07-21 14:07:00,293,NIFTY,OPTION_MOMENTUM_PUT,ON,MED,2.15,ATM PUT momentum (ltp up + vol up),"{""dedupe_key"":""NIFTY|OPTION_MOMENTUM_PUT|ON|2026-07-21 14:07"",""threshold"":1.5,""value"":2.15,""since_minute_bucket_ist"":"""",""last_updated_ist"":""2026-07-21 14:07:00""}"
2026-07-21 00:00:00,2026-07-21 14:08:00,294,NIFTY,FLOW_BULLISH_BUILD,ON,HIGH,1899-12-29 23:57:15,Bullish build (premium-confirmed writing / support),"{""dedupe_key"":""NIFTY|FLOW_BULLISH_BUILD|ON|2026-07-21 14:08"",""threshold"":0.005,""value"":-0.0019,""since_minute_bucket_ist"":"""",""last_updated_ist"":""2026-07-21 14:08:00""}"
2026-07-21 00:00:00,2026-07-21 14:08:00,294,NIFTY,REGIME_RANGE_PIN,OFF,LOW,0.0001,Range / pin (inside local walls),"{""dedupe_key"":""NIFTY|REGIME_RANGE_PIN|OFF|2026-07-21 14:08"",""threshold"":0.0004,""value"":0.0001,""since_minute_bucket_ist"":""2026-07-21 14:07"",""last_updated_ist"":""2026-07-21 14:08:00""}"
2026-07-21 00:00:00,2026-07-21 14:08:00,294,NIFTY,REGIME_TRANSITION_UNCERTAIN,ON,LOW,1,Transition/uncertain regime,"{""dedupe_key"":""NIFTY|REGIME_TRANSITION_UNCERTAIN|ON|2026-07-21 14:08"",""threshold"":1,""value"":1,""since_minute_bucket_ist"":"""",""last_updated_ist"":""2026-07-21 14:08:00""}"
2026-07-21 00:00:00,2026-07-21 14:08:00,294,NIFTY,VOL_CONTRACTION,ON,LOW,-0.0529,Volatility contracting (straddle down),"{""dedupe_key"":""NIFTY|VOL_CONTRACTION|ON|2026-07-21 14:08"",""threshold"":-0.03,""value"":-0.0529,""since_minute_bucket_ist"":"""",""last_updated_ist"":""2026-07-21 14:08:00""}"
2026-07-21 00:00:00,2026-07-21 14:08:00,294,NIFTY,OPTION_MOMENTUM_PUT,OFF,MED,0.4,ATM PUT momentum (ltp up + vol up),"{""dedupe_key"":""NIFTY|OPTION_MOMENTUM_PUT|OFF|2026-07-21 14:08"",""threshold"":1.5,""value"":0.4,""since_minute_bucket_ist"":""2026-07-21 14:07"",""last_updated_ist"":""2026-07-21 14:08:00""}"
2026-07-21 00:00:00,2026-07-21 14:09:00,295,NIFTY,FLOW_BULLISH_BUILD,OFF,HIGH,-0.0022,Bullish build (premium-confirmed writing / support),"{""dedupe_key"":""NIFTY|FLOW_BULLISH_BUILD|OFF|2026-07-21 14:09"",""threshold"":0.005,""value"":-0.0022,""since_minute_bucket_ist"":""2026-07-21 14:08"",""last_updated_ist"":""2026-07-21 14:09:00""}"
2026-07-21 00:00:00,2026-07-21 14:09:00,295,NIFTY,FLOW_BEARISH_BUILD,ON,HIGH,1899-12-30 00:02:44,Bearish build (premium-confirmed writing / resistance),"{""dedupe_key"":""NIFTY|FLOW_BEARISH_BUILD|ON|2026-07-21 14:09"",""threshold"":0.005,""value"":0.0019,""since_minute_bucket_ist"":"""",""last_updated_ist"":""2026-07-21 14:09:00""}"
2026-07-21 00:00:00,2026-07-21 14:09:00,295,NIFTY,PIN_BREAKOUT_SETUP,ON,MED,-4.900000000001455,Pin breakout setup (wall touch + aligned flow),"{""dedupe_key"":""NIFTY|PIN_BREAKOUT_SETUP|ON|2026-07-21 14:09"",""threshold"":0,""value"":-4.900000000001455,""since_minute_bucket_ist"":"""",""last_updated_ist"":""2026-07-21 14:09:00""}"
2026-07-21 00:00:00,2026-07-21 14:09:00,295,NIFTY,OPTION_MOMENTUM_PUT,ON,MED,2.9,ATM PUT momentum (ltp up + vol up),"{""dedupe_key"":""NIFTY|OPTION_MOMENTUM_PUT|ON|2026-07-21 14:09"",""threshold"":1.5,""value"":2.9,""since_minute_bucket_ist"":"""",""last_updated_ist"":""2026-07-21 14:09:00""}"
2026-07-21 00:00:00,2026-07-21 14:09:00,295,NIFTY,CHURN_COMMITTED,ON,MED,1899-12-29 23:59:42,Price move + aligned flow (committed),"{""dedupe_key"":""NIFTY|CHURN_COMMITTED|ON|2026-07-21 14:09"",""threshold"":0.0001,""value"":-0.0002,""since_minute_bucket_ist"":"""",""last_updated_ist"":""2026-07-21 14:09:00""}"
2026-07-21 00:00:00,2026-07-21 14:09:00,295,NIFTY,WALL_PRESSURE_BREAK_SETUP,ON,MED,-4.900000000001455,Pressure building into a wall (break setup),"{""dedupe_key"":""NIFTY|WALL_PRESSURE_BREAK_SETUP|ON|2026-07-21 14:09"",""threshold"":0,""value"":-4.900000000001455,""since_minute_bucket_ist"":"""",""last_updated_ist"":""2026-07-21 14:09:00""}"
2026-07-21 00:00:00,2026-07-21 14:10:00,296,NIFTY,FLOW_BEARISH_BUILD,OFF,HIGH,-0.0194,Bearish build (premium-confirmed writing / resistance),"{""dedupe_key"":""NIFTY|FLOW_BEARISH_BUILD|OFF|2026-07-21 14:10"",""threshold"":0.005,""value"":-0.0194,""since_minute_bucket_ist"":""2026-07-21 14:09"",""last_updated_ist"":""2026-07-21 14:10:00""}"
2026-07-21 00:00:00,2026-07-21 14:10:00,296,NIFTY,REGIME_TREND_DOWN,ON,MED,-0.0005,Trend DOWN (slope + direction),"{""dedupe_key"":""NIFTY|REGIME_TREND_DOWN|ON|2026-07-21 14:10"",""threshold"":-0.0004,""value"":-0.0005,""since_minute_bucket_ist"":"""",""last_updated_ist"":""2026-07-21 14:10:00""}"
2026-07-21 00:00:00,2026-07-21 14:10:00,296,NIFTY,REGIME_TRANSITION_UNCERTAIN,OFF,LOW,1,Transition/uncertain regime,"{""dedupe_key"":""NIFTY|REGIME_TRANSITION_UNCERTAIN|OFF|2026-07-21 14:10"",""threshold"":1,""value"":1,""since_minute_bucket_ist"":""2026-07-21 14:08"",""last_updated_ist"":""2026-07-21 14:10:00""}"
2026-07-21 00:00:00,2026-07-21 14:10:00,296,NIFTY,PIN_BREAKOUT_SETUP,OFF,MED,-0.1499999999978172,Pin breakout setup (wall touch + aligned flow),"{""dedupe_key"":""NIFTY|PIN_BREAKOUT_SETUP|OFF|2026-07-21 14:10"",""threshold"":0,""value"":-0.1499999999978172,""since_minute_bucket_ist"":""2026-07-21 14:09"",""last_updated_ist"":""2026-07-21 14:10:00""}"
2026-07-21 00:00:00,2026-07-21 14:10:00,296,NIFTY,OPTION_MOMENTUM_PUT,OFF,MED,0.75,ATM PUT momentum (ltp up + vol up),"{""dedupe_key"":""NIFTY|OPTION_MOMENTUM_PUT|OFF|2026-07-21 14:10"",""threshold"":1.5,""value"":0.75,""since_minute_bucket_ist"":""2026-07-21 14:09"",""last_updated_ist"":""2026-07-21 14:10:00""}"
2026-07-21 00:00:00,2026-07-21 14:10:00,296,NIFTY,WALL_UNWIND_CONFIRM_UP,ON,MED,-0.0099,Call wall OI unwinding (5m),"{""dedupe_key"":""NIFTY|WALL_UNWIND_CONFIRM_UP|ON|2026-07-21 14:10"",""threshold"":-0.006,""value"":-0.0099,""since_minute_bucket_ist"":"""",""last_updated_ist"":""2026-07-21 14:10:00""}"
2026-07-21 00:00:00,2026-07-21 14:10:00,296,NIFTY,WALL_UNWIND_CONFIRM_DOWN,ON,MED,-0.0078,Put wall OI unwinding (5m),"{""dedupe_key"":""NIFTY|WALL_UNWIND_CONFIRM_DOWN|ON|2026-07-21 14:10"",""threshold"":-0.006,""value"":-0.0078,""since_minute_bucket_ist"":"""",""last_updated_ist"":""2026-07-21 14:10:00""}"
2026-07-21 00:00:00,2026-07-21 14:10:00,296,NIFTY,CHURN_COMMITTED,OFF,MED,0,Price move + aligned flow (committed),"{""dedupe_key"":""NIFTY|CHURN_COMMITTED|OFF|2026-07-21 14:10"",""threshold"":0.0001,""value"":0,""since_minute_bucket_ist"":""2026-07-21 14:09"",""last_updated_ist"":""2026-07-21 14:10:00""}"
2026-07-21 00:00:00,2026-07-21 14:10:00,296,NIFTY,WALL_PRESSURE_BREAK_SETUP,OFF,MED,-0.1499999999978172,Pressure building into a wall (break setup),"{""dedupe_key"":""NIFTY|WALL_PRESSURE_BREAK_SETUP|OFF|2026-07-21 14:10"",""threshold"":0,""value"":-0.1499999999978172,""since_minute_bucket_ist"":""2026-07-21 14:09"",""last_updated_ist"":""2026-07-21 14:10:00""}"
2026-07-21 00:00:00,2026-07-21 14:11:00,297,NIFTY,EXP_RANGE_BREAKOUT_WATCH_DOWN,ON,MED,24163.35,Expected-range watch DOWN,"{""dedupe_key"":""NIFTY|EXP_RANGE_BREAKOUT_WATCH_DOWN|ON|2026-07-21 14:11"",""threshold"":24163.52,""value"":24163.35,""since_minute_bucket_ist"":"""",""last_updated_ist"":""2026-07-21 14:11:00""}"
2026-07-21 00:00:00,2026-07-21 14:12:00,298,NIFTY,FLOW_BEARISH_BUILD,ON,HIGH,0.0033,Bearish build (premium-confirmed writing / resistance),"{""dedupe_key"":""NIFTY|FLOW_BEARISH_BUILD|ON|2026-07-21 14:12"",""threshold"":0.005,""value"":0.0033,""since_minute_bucket_ist"":"""",""last_updated_ist"":""2026-07-21 14:12:00""}"
2026-07-21 00:00:00,2026-07-21 14:12:00,298,NIFTY,REGIME_TREND_DOWN,OFF,MED,-0.0004,Trend DOWN (slope + direction),"{""dedupe_key"":""NIFTY|REGIME_TREND_DOWN|OFF|2026-07-21 14:12"",""threshold"":-0.0004,""value"":-0.0004,""since_minute_bucket_ist"":""2026-07-21 14:10"",""last_updated_ist"":""2026-07-21 14:12:00""}"
2026-07-21 00:00:00,2026-07-21 14:12:00,298,NIFTY,REGIME_TRANSITION_UNCERTAIN,ON,LOW,1,Transition/uncertain regime,"{""dedupe_key"":""NIFTY|REGIME_TRANSITION_UNCERTAIN|ON|2026-07-21 14:12"",""threshold"":1,""value"":1,""since_minute_bucket_ist"":"""",""last_updated_ist"":""2026-07-21 14:12:00""}"
2026-07-21 00:00:00,2026-07-21 14:12:00,298,NIFTY,EXP_RANGE_BREAKOUT_WATCH_DOWN,OFF,MED,24168.9,Expected-range watch DOWN,"{""dedupe_key"":""NIFTY|EXP_RANGE_BREAKOUT_WATCH_DOWN|OFF|2026-07-21 14:12"",""threshold"":24165.95,""value"":24168.9,""since_minute_bucket_ist"":""2026-07-21 14:11"",""last_updated_ist"":""2026-07-21 14:12:00""}"
2026-07-21 00:00:00,2026-07-21 14:13:00,299,NIFTY,FLOW_BEARISH_BUILD,OFF,HIGH,0,Bearish build (premium-confirmed writing / resistance),"{""dedupe_key"":""NIFTY|FLOW_BEARISH_BUILD|OFF|2026-07-21 14:13"",""threshold"":0.005,""value"":0,""since_minute_bucket_ist"":""2026-07-21 14:12"",""last_updated_ist"":""2026-07-21 14:13:00""}"
2026-07-21 00:00:00,2026-07-21 14:13:00,299,NIFTY,REGIME_RANGE_PIN,ON,LOW,0.0001,Range / pin (inside local walls),"{""dedupe_key"":""NIFTY|REGIME_RANGE_PIN|ON|2026-07-21 14:13"",""threshold"":0.0004,""value"":0.0001,""since_minute_bucket_ist"":"""",""last_updated_ist"":""2026-07-21 14:13:00""}"
2026-07-21 00:00:00,2026-07-21 14:13:00,299,NIFTY,REGIME_TRANSITION_UNCERTAIN,OFF,LOW,1,Transition/uncertain regime,"{""dedupe_key"":""NIFTY|REGIME_TRANSITION_UNCERTAIN|OFF|2026-07-21 14:13"",""threshold"":1,""value"":1,""since_minute_bucket_ist"":""2026-07-21 14:12"",""last_updated_ist"":""2026-07-21 14:13:00""}"
2026-07-21 00:00:00,2026-07-21 14:14:00,300,NIFTY,FLOW_BOTH_UNWINDING,ON,MED,-0.0054,Both sides unwinding,"{""dedupe_key"":""NIFTY|FLOW_BOTH_UNWINDING|ON|2026-07-21 14:14"",""threshold"":-0.005,""value"":-0.0054,""since_minute_bucket_ist"":"""",""last_updated_ist"":""2026-07-21 14:14:00""}"
2026-07-21 00:00:00,2026-07-21 14:15:00,301,NIFTY,FLOW_BOTH_UNWINDING,OFF,MED,0.0085,Both sides unwinding,"{""dedupe_key"":""NIFTY|FLOW_BOTH_UNWINDING|OFF|2026-07-21 14:15"",""threshold"":-0.005,""value"":0.0085,""since_minute_bucket_ist"":""2026-07-21 14:14"",""last_updated_ist"":""2026-07-21 14:15:00""}"
2026-07-21 00:00:00,2026-07-21 14:15:00,301,NIFTY,VOL_CONTRACTION,OFF,LOW,-0.0176,Volatility contracting (straddle down),"{""dedupe_key"":""NIFTY|VOL_CONTRACTION|OFF|2026-07-21 14:15"",""threshold"":-0.03,""value"":-0.0176,""since_minute_bucket_ist"":""2026-07-21 14:08"",""last_updated_ist"":""2026-07-21 14:15:00""}"
2026-07-21 00:00:00,2026-07-21 14:15:00,301,NIFTY,WALL_UNWIND_CONFIRM_UP,OFF,MED,0.0104,Call wall OI unwinding (5m),"{""dedupe_key"":""NIFTY|WALL_UNWIND_CONFIRM_UP|OFF|2026-07-21 14:15"",""threshold"":-0.006,""value"":0.0104,""since_minute_bucket_ist"":""2026-07-21 14:10"",""last_updated_ist"":""2026-07-21 14:15:00""}"
2026-07-21 00:00:00,2026-07-21 14:15:00,301,NIFTY,WALL_UNWIND_CONFIRM_DOWN,OFF,MED,0.0043,Put wall OI unwinding (5m),"{""dedupe_key"":""NIFTY|WALL_UNWIND_CONFIRM_DOWN|OFF|2026-07-21 14:15"",""threshold"":-0.006,""value"":0.0043,""since_minute_bucket_ist"":""2026-07-21 14:10"",""last_updated_ist"":""2026-07-21 14:15:00""}"
2026-07-21 00:00:00,2026-07-21 14:15:00,301,NIFTY,STEALTH_BUILD_BULL,ON,MED,0.0085,"Stealth bullish build (puts build, spot flat)","{""dedupe_key"":""NIFTY|STEALTH_BUILD_BULL|ON|2026-07-21 14:15"",""threshold"":0.008,""value"":0.0085,""since_minute_bucket_ist"":"""",""last_updated_ist"":""2026-07-21 14:15:00""}"
2026-07-21 00:00:00,2026-07-21 14:16:00,302,NIFTY,OPTION_MOMENTUM_CALL,ON,MED,2.65,ATM CALL momentum (ltp up + vol up),"{""dedupe_key"":""NIFTY|OPTION_MOMENTUM_CALL|ON|2026-07-21 14:16"",""threshold"":1.5,""value"":2.65,""since_minute_bucket_ist"":"""",""last_updated_ist"":""2026-07-21 14:16:00""}"
2026-07-21 00:00:00,2026-07-21 14:16:00,302,NIFTY,STEALTH_BUILD_BULL,OFF,MED,0.0033,"Stealth bullish build (puts build, spot flat)","{""dedupe_key"":""NIFTY|STEALTH_BUILD_BULL|OFF|2026-07-21 14:16"",""threshold"":0.008,""value"":0.0033,""since_minute_bucket_ist"":""2026-07-21 14:15"",""last_updated_ist"":""2026-07-21 14:16:00""}"
2026-07-21 00:00:00,2026-07-21 14:17:00,303,NIFTY,FLOW_BEARISH_BUILD,ON,HIGH,0.006,Bearish build (premium-confirmed writing / resistance),"{""dedupe_key"":""NIFTY|FLOW_BEARISH_BUILD|ON|2026-07-21 14:17"",""threshold"":0.005,""value"":0.006,""since_minute_bucket_ist"":"""",""last_updated_ist"":""2026-07-21 14:17:00""}"
2026-07-21 00:00:00,2026-07-21 14:17:00,303,NIFTY,REGIME_TREND_DOWN,ON,MED,-0.0004,Trend DOWN (slope + direction),"{""dedupe_key"":""NIFTY|REGIME_TREND_DOWN|ON|2026-07-21 14:17"",""threshold"":-0.0004,""value"":-0.0004,""since_minute_bucket_ist"":"""",""last_updated_ist"":""2026-07-21 14:17:00""}"
2026-07-21 00:00:00,2026-07-21 14:17:00,303,NIFTY,REGIME_RANGE_PIN,OFF,LOW,0.0002,Range / pin (inside local walls),"{""dedupe_key"":""NIFTY|REGIME_RANGE_PIN|OFF|2026-07-21 14:17"",""threshold"":0.0004,""value"":0.0002,""since_minute_bucket_ist"":""2026-07-21 14:13"",""last_updated_ist"":""2026-07-21 14:17:00""}"
2026-07-21 00:00:00,2026-07-21 14:17:00,303,NIFTY,PIN_BREAKOUT_SETUP,ON,MED,-8.049999999999272,Pin breakout setup (wall touch + aligned flow),"{""dedupe_key"":""NIFTY|PIN_BREAKOUT_SETUP|ON|2026-07-21 14:17"",""threshold"":0,""value"":-8.049999999999272,""since_minute_bucket_ist"":"""",""last_updated_ist"":""2026-07-21 14:17:00""}"
2026-07-21 00:00:00,2026-07-21 14:17:00,303,NIFTY,EXP_RANGE_BREAKOUT_WATCH_DOWN,ON,MED,24158.3,Expected-range watch DOWN,"{""dedupe_key"":""NIFTY|EXP_RANGE_BREAKOUT_WATCH_DOWN|ON|2026-07-21 14:17"",""threshold"":24160.54,""value"":24158.3,""since_minute_bucket_ist"":"""",""last_updated_ist"":""2026-07-21 14:17:00""}"
2026-07-21 00:00:00,2026-07-21 14:17:00,303,NIFTY,VOL_CONTRACTION,ON,LOW,-0.033,Volatility contracting (straddle down),"{""dedupe_key"":""NIFTY|VOL_CONTRACTION|ON|2026-07-21 14:17"",""threshold"":-0.03,""value"":-0.033,""since_minute_bucket_ist"":"""",""last_updated_ist"":""2026-07-21 14:17:00""}"
2026-07-21 00:00:00,2026-07-21 14:17:00,303,NIFTY,OPTION_MOMENTUM_CALL,OFF,MED,-4.2,ATM CALL momentum (ltp up + vol up),"{""dedupe_key"":""NIFTY|OPTION_MOMENTUM_CALL|OFF|2026-07-21 14:17"",""threshold"":1.5,""value"":-4.2,""since_minute_bucket_ist"":""2026-07-21 14:16"",""last_updated_ist"":""2026-07-21 14:17:00""}"
2026-07-21 00:00:00,2026-07-21 14:17:00,303,NIFTY,OPTION_MOMENTUM_PUT,ON,MED,2.8,ATM PUT momentum (ltp up + vol up),"{""dedupe_key"":""NIFTY|OPTION_MOMENTUM_PUT|ON|2026-07-21 14:17"",""threshold"":1.5,""value"":2.8,""since_minute_bucket_ist"":"""",""last_updated_ist"":""2026-07-21 14:17:00""}"
2026-07-21 00:00:00,2026-07-21 14:17:00,303,NIFTY,CHURN_COMMITTED,ON,MED,-0.0003,Price move + aligned flow (committed),"{""dedupe_key"":""NIFTY|CHURN_COMMITTED|ON|2026-07-21 14:17"",""threshold"":0.0001,""value"":-0.0003,""since_minute_bucket_ist"":"""",""last_updated_ist"":""2026-07-21 14:17:00""}"
2026-07-21 00:00:00,2026-07-21 14:17:00,303,NIFTY,WALL_PRESSURE_BREAK_SETUP,ON,MED,-8.049999999999272,Pressure building into a wall (break setup),"{""dedupe_key"":""NIFTY|WALL_PRESSURE_BREAK_SETUP|ON|2026-07-21 14:17"",""threshold"":0,""value"":-8.049999999999272,""since_minute_bucket_ist"":"""",""last_updated_ist"":""2026-07-21 14:17:00""}"
2026-07-21 00:00:00,2026-07-21 14:18:00,304,NIFTY,FLOW_BEARISH_BUILD,OFF,HIGH,0.0005,Bearish build (premium-confirmed writing / resistance),"{""dedupe_key"":""NIFTY|FLOW_BEARISH_BUILD|OFF|2026-07-21 14:18"",""threshold"":0.005,""value"":0.0005,""since_minute_bucket_ist"":""2026-07-21 14:17"",""last_updated_ist"":""2026-07-21 14:18:00""}"
2026-07-21 00:00:00,2026-07-21 14:18:00,304,NIFTY,REGIME_TREND_DOWN,OFF,MED,-0.0004,Trend DOWN (slope + direction),"{""dedupe_key"":""NIFTY|REGIME_TREND_DOWN|OFF|2026-07-21 14:18"",""threshold"":-0.0004,""value"":-0.0004,""since_minute_bucket_ist"":""2026-07-21 14:17"",""last_updated_ist"":""2026-07-21 14:18:00""}"
2026-07-21 00:00:00,2026-07-21 14:18:00,304,NIFTY,REGIME_TRANSITION_UNCERTAIN,ON,LOW,1,Transition/uncertain regime,"{""dedupe_key"":""NIFTY|REGIME_TRANSITION_UNCERTAIN|ON|2026-07-21 14:18"",""threshold"":1,""value"":1,""since_minute_bucket_ist"":"""",""last_updated_ist"":""2026-07-21 14:18:00""}"
2026-07-21 00:00:00,2026-07-21 14:18:00,304,NIFTY,PIN_BREAKOUT_SETUP,OFF,MED,2,Pin breakout setup (wall touch + aligned flow),"{""dedupe_key"":""NIFTY|PIN_BREAKOUT_SETUP|OFF|2026-07-21 14:18"",""threshold"":0,""value"":2,""since_minute_bucket_ist"":""2026-07-21 14:17"",""last_updated_ist"":""2026-07-21 14:18:00""}"
2026-07-21 00:00:00,2026-07-21 14:18:00,304,NIFTY,EXP_RANGE_BREAKOUT_WATCH_DOWN,OFF,MED,24160.3,Expected-range watch DOWN,"{""dedupe_key"":""NIFTY|EXP_RANGE_BREAKOUT_WATCH_DOWN|OFF|2026-07-21 14:18"",""threshold"":24159.8,""value"":24160.3,""since_minute_bucket_ist"":""2026-07-21 14:17"",""last_updated_ist"":""2026-07-21 14:18:00""}"
2026-07-21 00:00:00,2026-07-21 14:18:00,304,NIFTY,OPTION_MOMENTUM_PUT,OFF,MED,-2.45,ATM PUT momentum (ltp up + vol up),"{""dedupe_key"":""NIFTY|OPTION_MOMENTUM_PUT|OFF|2026-07-21 14:18"",""threshold"":1.5,""value"":-2.45,""since_minute_bucket_ist"":""2026-07-21 14:17"",""last_updated_ist"":""2026-07-21 14:18:00""}"
2026-07-21 00:00:00,2026-07-21 14:18:00,304,NIFTY,CHURN_COMMITTED,OFF,MED,0.0001,Price move + aligned flow (committed),"{""dedupe_key"":""NIFTY|CHURN_COMMITTED|OFF|2026-07-21 14:18"",""threshold"":0.0001,""value"":0.0001,""since_minute_bucket_ist"":""2026-07-21 14:17"",""last_updated_ist"":""2026-07-21 14:18:00""}"
2026-07-21 00:00:00,2026-07-21 14:18:00,304,NIFTY,WALL_PRESSURE_BREAK_SETUP,OFF,MED,2,Pressure building into a wall (break setup),"{""dedupe_key"":""NIFTY|WALL_PRESSURE_BREAK_SETUP|OFF|2026-07-21 14:18"",""threshold"":0,""value"":2,""since_minute_bucket_ist"":""2026-07-21 14:17"",""last_updated_ist"":""2026-07-21 14:18:00""}"
2026-07-21 00:00:00,2026-07-21 14:19:00,305,NIFTY,REGIME_RANGE_PIN,ON,LOW,0.0002,Range / pin (inside local walls),"{""dedupe_key"":""NIFTY|REGIME_RANGE_PIN|ON|2026-07-21 14:19"",""threshold"":0.0004,""value"":0.0002,""since_minute_bucket_ist"":"""",""last_updated_ist"":""2026-07-21 14:19:00""}"
2026-07-21 00:00:00,2026-07-21 14:19:00,305,NIFTY,REGIME_TRANSITION_UNCERTAIN,OFF,LOW,1,Transition/uncertain regime,"{""dedupe_key"":""NIFTY|REGIME_TRANSITION_UNCERTAIN|OFF|2026-07-21 14:19"",""threshold"":1,""value"":1,""since_minute_bucket_ist"":""2026-07-21 14:18"",""last_updated_ist"":""2026-07-21 14:19:00""}"
2026-07-21 00:00:00,2026-07-21 14:19:00,305,NIFTY,VOL_CONTRACTION,OFF,LOW,-0.0217,Volatility contracting (straddle down),"{""dedupe_key"":""NIFTY|VOL_CONTRACTION|OFF|2026-07-21 14:19"",""threshold"":-0.03,""value"":-0.0217,""since_minute_bucket_ist"":""2026-07-21 14:17"",""last_updated_ist"":""2026-07-21 14:19:00""}"
2026-07-21 00:00:00,2026-07-21 14:20:00,306,NIFTY,REGIME_TREND_UP,ON,MED,0.0005,Trend UP (slope + direction),"{""dedupe_key"":""NIFTY|REGIME_TREND_UP|ON|2026-07-21 14:20"",""threshold"":0.0004,""value"":0.0005,""since_minute_bucket_ist"":"""",""last_updated_ist"":""2026-07-21 14:20:00""}"
2026-07-21 00:00:00,2026-07-21 14:20:00,306,NIFTY,REGIME_RANGE_PIN,OFF,LOW,0.0002,Range / pin (inside local walls),"{""dedupe_key"":""NIFTY|REGIME_RANGE_PIN|OFF|2026-07-21 14:20"",""threshold"":0.0004,""value"":0.0002,""since_minute_bucket_ist"":""2026-07-21 14:19"",""last_updated_ist"":""2026-07-21 14:20:00""}"
2026-07-21 00:00:00,2026-07-21 14:20:00,306,NIFTY,EXP_RANGE_BREAKOUT_WATCH_UP,ON,MED,1966-03-10 21:36:00,Expected-range watch UP,"{""dedupe_key"":""NIFTY|EXP_RANGE_BREAKOUT_WATCH_UP|ON|2026-07-21 14:20"",""threshold"":24172.25,""value"":24176.9,""since_minute_bucket_ist"":"""",""last_updated_ist"":""2026-07-21 14:20:00""}"
2026-07-21 00:00:00,2026-07-21 14:20:00,306,NIFTY,VOL_EXPANSION,ON,MED,0.1965,Volatility expanding (straddle up),"{""dedupe_key"":""NIFTY|VOL_EXPANSION|ON|2026-07-21 14:20"",""threshold"":0.02,""value"":0.1965,""since_minute_bucket_ist"":"""",""last_updated_ist"":""2026-07-21 14:20:00""}"
2026-07-21 00:00:00,2026-07-21 14:21:00,307,NIFTY,FLOW_BULLISH_BUILD,ON,HIGH,-0.0056,Bullish build (premium-confirmed writing / support),"{""dedupe_key"":""NIFTY|FLOW_BULLISH_BUILD|ON|2026-07-21 14:21"",""threshold"":0.005,""value"":-0.0056,""since_minute_bucket_ist"":"""",""last_updated_ist"":""2026-07-21 14:21:00""}"
2026-07-21 00:00:00,2026-07-21 14:21:00,307,NIFTY,REGIME_TREND_UP,OFF,MED,0.0001,Trend UP (slope + direction),"{""dedupe_key"":""NIFTY|REGIME_TREND_UP|OFF|2026-07-21 14:21"",""threshold"":0.0004,""value"":0.0001,""since_minute_bucket_ist"":""2026-07-21 14:20"",""last_updated_ist"":""2026-07-21 14:21:00""}"
2026-07-21 00:00:00,2026-07-21 14:21:00,307,NIFTY,REGIME_RANGE_PIN,ON,LOW,0.0003,Range / pin (inside local walls),"{""dedupe_key"":""NIFTY|REGIME_RANGE_PIN|ON|2026-07-21 14:21"",""threshold"":0.0004,""value"":0.0003,""since_minute_bucket_ist"":"""",""last_updated_ist"":""2026-07-21 14:21:00""}"
2026-07-21 00:00:00,2026-07-21 14:21:00,307,NIFTY,EXP_RANGE_BREAKOUT_WATCH_UP,OFF,MED,24167.95,Expected-range watch UP,"{""dedupe_key"":""NIFTY|EXP_RANGE_BREAKOUT_WATCH_UP|OFF|2026-07-21 14:21"",""threshold"":24172.33,""value"":24167.95,""since_minute_bucket_ist"":""2026-07-21 14:20"",""last_updated_ist"":""2026-07-21 14:21:00""}"
2026-07-21 00:00:00,2026-07-21 14:22:00,308,NIFTY,FLOW_BULLISH_BUILD,OFF,HIGH,-0.0045,Bullish build (premium-confirmed writing / support),"{""dedupe_key"":""NIFTY|FLOW_BULLISH_BUILD|OFF|2026-07-21 14:22"",""threshold"":0.005,""value"":-0.0045,""since_minute_bucket_ist"":""2026-07-21 14:21"",""last_updated_ist"":""2026-07-21 14:22:00""}"
2026-07-21 00:00:00,2026-07-21 14:22:00,308,NIFTY,REGIME_TREND_UP,ON,MED,0.0006,Trend UP (slope + direction),"{""dedupe_key"":""NIFTY|REGIME_TREND_UP|ON|2026-07-21 14:22"",""threshold"":0.0004,""value"":0.0006,""since_minute_bucket_ist"":"""",""last_updated_ist"":""2026-07-21 14:22:00""}"
2026-07-21 00:00:00,2026-07-21 14:22:00,308,NIFTY,REGIME_RANGE_PIN,OFF,LOW,0.0003,Range / pin (inside local walls),"{""dedupe_key"":""NIFTY|REGIME_RANGE_PIN|OFF|2026-07-21 14:22"",""threshold"":0.0004,""value"":0.0003,""since_minute_bucket_ist"":""2026-07-21 14:21"",""last_updated_ist"":""2026-07-21 14:22:00""}"
2026-07-21 00:00:00,2026-07-21 14:22:00,308,NIFTY,EXP_RANGE_BREAKOUT_WATCH_UP,ON,MED,24173.9,Expected-range watch UP,"{""dedupe_key"":""NIFTY|EXP_RANGE_BREAKOUT_WATCH_UP|ON|2026-07-21 14:22"",""threshold"":24173.56,""value"":24173.9,""since_minute_bucket_ist"":"""",""last_updated_ist"":""2026-07-21 14:22:00""}"
2026-07-21 00:00:00,2026-07-21 14:23:00,309,NIFTY,FLOW_BULLISH_BUILD,ON,HIGH,0.0067,Bullish build (premium-confirmed writing / support),"{""dedupe_key"":""NIFTY|FLOW_BULLISH_BUILD|ON|2026-07-21 14:23"",""threshold"":0.005,""value"":0.0067,""since_minute_bucket_ist"":"""",""last_updated_ist"":""2026-07-21 14:23:00""}"
2026-07-21 00:00:00,2026-07-21 14:23:00,309,NIFTY,PIN_BREAKOUT_SETUP,ON,MED,0.4499999999970896,Pin breakout setup (wall touch + aligned flow),"{""dedupe_key"":""NIFTY|PIN_BREAKOUT_SETUP|ON|2026-07-21 14:23"",""threshold"":0,""value"":0.4499999999970896,""since_minute_bucket_ist"":"""",""last_updated_ist"":""2026-07-21 14:23:00""}"
2026-07-21 00:00:00,2026-07-21 14:23:00,309,NIFTY,EXP_RANGE_BREAKOUT_WATCH_UP,OFF,MED,24174.35,Expected-range watch UP,"{""dedupe_key"":""NIFTY|EXP_RANGE_BREAKOUT_WATCH_UP|OFF|2026-07-21 14:23"",""threshold"":24174.9,""value"":24174.35,""since_minute_bucket_ist"":""2026-07-21 14:22"",""last_updated_ist"":""2026-07-21 14:23:00""}"
2026-07-21 00:00:00,2026-07-21 14:23:00,309,NIFTY,WALL_UNWIND_CONFIRM_UP,ON,MED,-0.01,Call wall OI unwinding (5m),"{""dedupe_key"":""NIFTY|WALL_UNWIND_CONFIRM_UP|ON|2026-07-21 14:23"",""threshold"":-0.006,""value"":-0.01,""since_minute_bucket_ist"":"""",""last_updated_ist"":""2026-07-21 14:23:00""}"
2026-07-21 00:00:00,2026-07-21 14:23:00,309,NIFTY,WALL_PRESSURE_BREAK_SETUP,ON,MED,0.4499999999970896,Pressure building into a wall (break setup),"{""dedupe_key"":""NIFTY|WALL_PRESSURE_BREAK_SETUP|ON|2026-07-21 14:23"",""threshold"":0,""value"":0.4499999999970896,""since_minute_bucket_ist"":"""",""last_updated_ist"":""2026-07-21 14:23:00""}"
2026-07-21 00:00:00,2026-07-21 14:24:00,310,NIFTY,FLOW_BULLISH_BUILD,OFF,HIGH,0.0075,Bullish build (premium-confirmed writing / support),"{""dedupe_key"":""NIFTY|FLOW_BULLISH_BUILD|OFF|2026-07-21 14:24"",""threshold"":0.005,""value"":0.0075,""since_minute_bucket_ist"":""2026-07-21 14:23"",""last_updated_ist"":""2026-07-21 14:24:00""}"
2026-07-21 00:00:00,2026-07-21 14:24:00,310,NIFTY,REGIME_TREND_UP,OFF,MED,0.0003,Trend UP (slope + direction),"{""dedupe_key"":""NIFTY|REGIME_TREND_UP|OFF|2026-07-21 14:24"",""threshold"":0.0004,""value"":0.0003,""since_minute_bucket_ist"":""2026-07-21 14:22"",""last_updated_ist"":""2026-07-21 14:24:00""}"
2026-07-21 00:00:00,2026-07-21 14:24:00,310,NIFTY,REGIME_TRANSITION_UNCERTAIN,ON,LOW,1,Transition/uncertain regime,"{""dedupe_key"":""NIFTY|REGIME_TRANSITION_UNCERTAIN|ON|2026-07-21 14:24"",""threshold"":1,""value"":1,""since_minute_bucket_ist"":"""",""last_updated_ist"":""2026-07-21 14:24:00""}"
2026-07-21 00:00:00,2026-07-21 14:24:00,310,NIFTY,PIN_BREAKOUT_SETUP,OFF,MED,-1.2999999999992724,Pin breakout setup (wall touch + aligned flow),"{""dedupe_key"":""NIFTY|PIN_BREAKOUT_SETUP|OFF|2026-07-21 14:24"",""threshold"":0,""value"":-1.2999999999992724,""since_minute_bucket_ist"":""2026-07-21 14:23"",""last_updated_ist"":""2026-07-21 14:24:00""}"
2026-07-21 00:00:00,2026-07-21 14:24:00,310,NIFTY,VOL_EXPANSION,OFF,MED,-0.1176,Volatility expanding (straddle up),"{""dedupe_key"":""NIFTY|VOL_EXPANSION|OFF|2026-07-21 14:24"",""threshold"":0.02,""value"":-0.1176,""since_minute_bucket_ist"":""2026-07-21 14:20"",""last_updated_ist"":""2026-07-21 14:24:00""}"
2026-07-21 00:00:00,2026-07-21 14:24:00,310,NIFTY,VOL_CONTRACTION,ON,LOW,-0.1176,Volatility contracting (straddle down),"{""dedupe_key"":""NIFTY|VOL_CONTRACTION|ON|2026-07-21 14:24"",""threshold"":-0.03,""value"":-0.1176,""since_minute_bucket_ist"":"""",""last_updated_ist"":""2026-07-21 14:24:00""}"
2026-07-21 00:00:00,2026-07-21 14:24:00,310,NIFTY,OPTION_MOMENTUM_CALL,ON,MED,2.2,ATM CALL momentum (ltp up + vol up),"{""dedupe_key"":""NIFTY|OPTION_MOMENTUM_CALL|ON|2026-07-21 14:24"",""threshold"":1.5,""value"":2.2,""since_minute_bucket_ist"":"""",""last_updated_ist"":""2026-07-21 14:24:00""}"
2026-07-21 00:00:00,2026-07-21 14:24:00,310,NIFTY,WALL_UNWIND_CONFIRM_UP,OFF,MED,0.0083,Call wall OI unwinding (5m),"{""dedupe_key"":""NIFTY|WALL_UNWIND_CONFIRM_UP|OFF|2026-07-21 14:24"",""threshold"":-0.006,""value"":0.0083,""since_minute_bucket_ist"":""2026-07-21 14:23"",""last_updated_ist"":""2026-07-21 14:24:00""}"
2026-07-21 00:00:00,2026-07-21 14:24:00,310,NIFTY,WALL_PRESSURE_BREAK_SETUP,OFF,MED,-1.2999999999992724,Pressure building into a wall (break setup),"{""dedupe_key"":""NIFTY|WALL_PRESSURE_BREAK_SETUP|OFF|2026-07-21 14:24"",""threshold"":0,""value"":-1.2999999999992724,""since_minute_bucket_ist"":""2026-07-21 14:23"",""last_updated_ist"":""2026-07-21 14:24:00""}"
2026-07-21 00:00:00,2026-07-21 14:25:00,311,NIFTY,REGIME_RANGE_PIN,ON,LOW,0.0002,Range / pin (inside local walls),"{""dedupe_key"":""NIFTY|REGIME_RANGE_PIN|ON|2026-07-21 14:25"",""threshold"":0.0004,""value"":0.0002,""since_minute_bucket_ist"":"""",""last_updated_ist"":""2026-07-21 14:25:00""}"
2026-07-21 00:00:00,2026-07-21 14:25:00,311,NIFTY,REGIME_TRANSITION_UNCERTAIN,OFF,LOW,1,Transition/uncertain regime,"{""dedupe_key"":""NIFTY|REGIME_TRANSITION_UNCERTAIN|OFF|2026-07-21 14:25"",""threshold"":1,""value"":1,""since_minute_bucket_ist"":""2026-07-21 14:24"",""last_updated_ist"":""2026-07-21 14:25:00""}"
2026-07-21 00:00:00,2026-07-21 14:25:00,311,NIFTY,VOL_CONTRACTION,OFF,LOW,0.0116,Volatility contracting (straddle down),"{""dedupe_key"":""NIFTY|VOL_CONTRACTION|OFF|2026-07-21 14:25"",""threshold"":-0.03,""value"":0.0116,""since_minute_bucket_ist"":""2026-07-21 14:24"",""last_updated_ist"":""2026-07-21 14:25:00""}"
2026-07-21 00:00:00,2026-07-21 14:25:00,311,NIFTY,OPTION_MOMENTUM_CALL,OFF,MED,-3,ATM CALL momentum (ltp up + vol up),"{""dedupe_key"":""NIFTY|OPTION_MOMENTUM_CALL|OFF|2026-07-21 14:25"",""threshold"":1.5,""value"":-3,""since_minute_bucket_ist"":""2026-07-21 14:24"",""last_updated_ist"":""2026-07-21 14:25:00""}"
2026-07-21 00:00:00,2026-07-21 14:26:00,312,NIFTY,FLOW_BEARISH_BUILD,ON,HIGH,0.0031,Bearish build (premium-confirmed writing / resistance),"{""dedupe_key"":""NIFTY|FLOW_BEARISH_BUILD|ON|2026-07-21 14:26"",""threshold"":0.005,""value"":0.0031,""since_minute_bucket_ist"":"""",""last_updated_ist"":""2026-07-21 14:26:00""}"
2026-07-21 00:00:00,2026-07-21 14:26:00,312,NIFTY,PIN_BREAKOUT_SETUP,ON,MED,-0.4000000000014552,Pin breakout setup (wall touch + aligned flow),"{""dedupe_key"":""NIFTY|PIN_BREAKOUT_SETUP|ON|2026-07-21 14:26"",""threshold"":0,""value"":-0.4000000000014552,""since_minute_bucket_ist"":"""",""last_updated_ist"":""2026-07-21 14:26:00""}"
2026-07-21 00:00:00,2026-07-21 14:26:00,312,NIFTY,WALL_PRESSURE_BREAK_SETUP,ON,MED,-0.4000000000014552,Pressure building into a wall (break setup),"{""dedupe_key"":""NIFTY|WALL_PRESSURE_BREAK_SETUP|ON|2026-07-21 14:26"",""threshold"":0,""value"":-0.4000000000014552,""since_minute_bucket_ist"":"""",""last_updated_ist"":""2026-07-21 14:26:00""}"
2026-07-21 00:00:00,2026-07-21 14:27:00,313,NIFTY,FLOW_BEARISH_BUILD,OFF,HIGH,0.0012,Bearish build (premium-confirmed writing / resistance),"{""dedupe_key"":""NIFTY|FLOW_BEARISH_BUILD|OFF|2026-07-21 14:27"",""threshold"":0.005,""value"":0.0012,""since_minute_bucket_ist"":""2026-07-21 14:26"",""last_updated_ist"":""2026-07-21 14:27:00""}"
2026-07-21 00:00:00,2026-07-21 14:27:00,313,NIFTY,PIN_BREAKOUT_SETUP,OFF,MED,0.6500000000014552,Pin breakout setup (wall touch + aligned flow),"{""dedupe_key"":""NIFTY|PIN_BREAKOUT_SETUP|OFF|2026-07-21 14:27"",""threshold"":0,""value"":0.6500000000014552,""since_minute_bucket_ist"":""2026-07-21 14:26"",""last_updated_ist"":""2026-07-21 14:27:00""}"
2026-07-21 00:00:00,2026-07-21 14:27:00,313,NIFTY,WALL_PRESSURE_BREAK_SETUP,OFF,MED,0.6500000000014552,Pressure building into a wall (break setup),"{""dedupe_key"":""NIFTY|WALL_PRESSURE_BREAK_SETUP|OFF|2026-07-21 14:27"",""threshold"":0,""value"":0.6500000000014552,""since_minute_bucket_ist"":""2026-07-21 14:26"",""last_updated_ist"":""2026-07-21 14:27:00""}"
2026-07-21 00:00:00,2026-07-21 14:28:00,314,NIFTY,VOL_EXPANSION,ON,MED,0.0372,Volatility expanding (straddle up),"{""dedupe_key"":""NIFTY|VOL_EXPANSION|ON|2026-07-21 14:28"",""threshold"":0.02,""value"":0.0372,""since_minute_bucket_ist"":"""",""last_updated_ist"":""2026-07-21 14:28:00""}"
2026-07-21 00:00:00,2026-07-21 14:29:00,315,NIFTY,FLOW_BULLISH_BUILD,ON,HIGH,-0.0014,Bullish build (premium-confirmed writing / support),"{""dedupe_key"":""NIFTY|FLOW_BULLISH_BUILD|ON|2026-07-21 14:29"",""threshold"":0.005,""value"":-0.0014,""since_minute_bucket_ist"":"""",""last_updated_ist"":""2026-07-21 14:29:00""}"
2026-07-21 00:00:00,2026-07-21 14:29:00,315,NIFTY,VOL_EXPANSION,OFF,MED,-0.014,Volatility expanding (straddle up),"{""dedupe_key"":""NIFTY|VOL_EXPANSION|OFF|2026-07-21 14:29"",""threshold"":0.02,""value"":-0.014,""since_minute_bucket_ist"":""2026-07-21 14:28"",""last_updated_ist"":""2026-07-21 14:29:00""}"
2026-07-21 00:00:00,2026-07-21 14:30:00,316,NIFTY,FLOW_BULLISH_BUILD,OFF,HIGH,0.001,Bullish build (premium-confirmed writing / support),"{""dedupe_key"":""NIFTY|FLOW_BULLISH_BUILD|OFF|2026-07-21 14:30"",""threshold"":0.005,""value"":0.001,""since_minute_bucket_ist"":""2026-07-21 14:29"",""last_updated_ist"":""2026-07-21 14:30:00""}"
2026-07-21 00:00:00,2026-07-21 14:30:00,316,NIFTY,REGIME_RANGE_PIN,OFF,LOW,0.0002,Range / pin (inside local walls),"{""dedupe_key"":""NIFTY|REGIME_RANGE_PIN|OFF|2026-07-21 14:30"",""threshold"":0.0004,""value"":0.0002,""since_minute_bucket_ist"":""2026-07-21 14:25"",""last_updated_ist"":""2026-07-21 14:30:00""}"
2026-07-21 00:00:00,2026-07-21 14:30:00,316,NIFTY,REGIME_TRANSITION_UNCERTAIN,ON,LOW,1,Transition/uncertain regime,"{""dedupe_key"":""NIFTY|REGIME_TRANSITION_UNCERTAIN|ON|2026-07-21 14:30"",""threshold"":1,""value"":1,""since_minute_bucket_ist"":"""",""last_updated_ist"":""2026-07-21 14:30:00""}"
2026-07-21 00:00:00,2026-07-21 14:30:00,316,NIFTY,EXP_RANGE_BREAKOUT_WATCH_DOWN,ON,MED,24163.9,Expected-range watch DOWN,"{""dedupe_key"":""NIFTY|EXP_RANGE_BREAKOUT_WATCH_DOWN|ON|2026-07-21 14:30"",""threshold"":24166.4,""value"":24163.9,""since_minute_bucket_ist"":"""",""last_updated_ist"":""2026-07-21 14:30:00""}"
2026-07-21 00:00:00,2026-07-21 14:30:00,316,NIFTY,VOL_CONTRACTION,ON,LOW,-0.0907,Volatility contracting (straddle down),"{""dedupe_key"":""NIFTY|VOL_CONTRACTION|ON|2026-07-21 14:30"",""threshold"":-0.03,""value"":-0.0907,""since_minute_bucket_ist"":"""",""last_updated_ist"":""2026-07-21 14:30:00""}"
2026-07-21 00:00:00,2026-07-21 14:30:00,316,NIFTY,OPTION_MOMENTUM_PUT,ON,MED,1.9,ATM PUT momentum (ltp up + vol up),"{""dedupe_key"":""NIFTY|OPTION_MOMENTUM_PUT|ON|2026-07-21 14:30"",""threshold"":1.5,""value"":1.9,""since_minute_bucket_ist"":"""",""last_updated_ist"":""2026-07-21 14:30:00""}"
2026-07-21 00:00:00,2026-07-21 14:31:00,317,NIFTY,FLOW_BULLISH_BUILD,ON,HIGH,1899-12-30 00:02:18,Bullish build (premium-confirmed writing / support),"{""dedupe_key"":""NIFTY|FLOW_BULLISH_BUILD|ON|2026-07-21 14:31"",""threshold"":0.005,""value"":0.0016,""since_minute_bucket_ist"":"""",""last_updated_ist"":""2026-07-21 14:31:00""}"
2026-07-21 00:00:00,2026-07-21 14:31:00,317,NIFTY,PIN_BREAKOUT_SETUP,ON,MED,2,Pin breakout setup (wall touch + aligned flow),"{""dedupe_key"":""NIFTY|PIN_BREAKOUT_SETUP|ON|2026-07-21 14:31"",""threshold"":0,""value"":2,""since_minute_bucket_ist"":"""",""last_updated_ist"":""2026-07-21 14:31:00""}"
2026-07-21 00:00:00,2026-07-21 14:31:00,317,NIFTY,EXP_RANGE_BREAKOUT_CONFIRMED_DOWN,ON,HIGH,2,Expected-range breakout CONFIRMED DOWN,"{""dedupe_key"":""NIFTY|EXP_RANGE_BREAKOUT_CONFIRMED_DOWN|ON|2026-07-21 14:31"",""threshold"":2,""value"":2,""since_minute_bucket_ist"":"""",""last_updated_ist"":""2026-07-21 14:31:00""}"
2026-07-21 00:00:00,2026-07-21 14:31:00,317,NIFTY,OPTION_MOMENTUM_PUT,OFF,MED,0,ATM PUT momentum (ltp up + vol up),"{""dedupe_key"":""NIFTY|OPTION_MOMENTUM_PUT|OFF|2026-07-21 14:31"",""threshold"":1.5,""value"":0,""since_minute_bucket_ist"":""2026-07-21 14:30"",""last_updated_ist"":""2026-07-21 14:31:00""}"
2026-07-21 00:00:00,2026-07-21 14:31:00,317,NIFTY,WALL_PRESSURE_BREAK_SETUP,ON,MED,2,Pressure building into a wall (break setup),"{""dedupe_key"":""NIFTY|WALL_PRESSURE_BREAK_SETUP|ON|2026-07-21 14:31"",""threshold"":0,""value"":2,""since_minute_bucket_ist"":"""",""last_updated_ist"":""2026-07-21 14:31:00""}"
2026-07-21 00:00:00,2026-07-21 14:32:00,318,NIFTY,FLOW_BULLISH_BUILD,OFF,HIGH,-0.0008,Bullish build (premium-confirmed writing / support),"{""dedupe_key"":""NIFTY|FLOW_BULLISH_BUILD|OFF|2026-07-21 14:32"",""threshold"":0.005,""value"":-0.0008,""since_minute_bucket_ist"":""2026-07-21 14:31"",""last_updated_ist"":""2026-07-21 14:32:00""}"
2026-07-21 00:00:00,2026-07-21 14:32:00,318,NIFTY,REGIME_RANGE_PIN,ON,LOW,0.0002,Range / pin (inside local walls),"{""dedupe_key"":""NIFTY|REGIME_RANGE_PIN|ON|2026-07-21 14:32"",""threshold"":0.0004,""value"":0.0002,""since_minute_bucket_ist"":"""",""last_updated_ist"":""2026-07-21 14:32:00""}"
2026-07-21 00:00:00,2026-07-21 14:32:00,318,NIFTY,REGIME_TRANSITION_UNCERTAIN,OFF,LOW,1,Transition/uncertain regime,"{""dedupe_key"":""NIFTY|REGIME_TRANSITION_UNCERTAIN|OFF|2026-07-21 14:32"",""threshold"":1,""value"":1,""since_minute_bucket_ist"":""2026-07-21 14:30"",""last_updated_ist"":""2026-07-21 14:32:00""}"
2026-07-21 00:00:00,2026-07-21 14:32:00,318,NIFTY,PIN_BREAKOUT_SETUP,OFF,MED,5.25,Pin breakout setup (wall touch + aligned flow),"{""dedupe_key"":""NIFTY|PIN_BREAKOUT_SETUP|OFF|2026-07-21 14:32"",""threshold"":0,""value"":5.25,""since_minute_bucket_ist"":""2026-07-21 14:31"",""last_updated_ist"":""2026-07-21 14:32:00""}"
2026-07-21 00:00:00,2026-07-21 14:32:00,318,NIFTY,EXP_RANGE_BREAKOUT_WATCH_DOWN,OFF,MED,24171.15,Expected-range watch DOWN,"{""dedupe_key"":""NIFTY|EXP_RANGE_BREAKOUT_WATCH_DOWN|OFF|2026-07-21 14:32"",""threshold"":24166.28,""value"":24171.15,""since_minute_bucket_ist"":""2026-07-21 14:30"",""last_updated_ist"":""2026-07-21 14:32:00""}"
2026-07-21 00:00:00,2026-07-21 14:32:00,318,NIFTY,EXP_RANGE_BREAKOUT_CONFIRMED_DOWN,OFF,HIGH,0,Expected-range breakout CONFIRMED DOWN,"{""dedupe_key"":""NIFTY|EXP_RANGE_BREAKOUT_CONFIRMED_DOWN|OFF|2026-07-21 14:32"",""threshold"":2,""value"":0,""since_minute_bucket_ist"":""2026-07-21 14:31"",""last_updated_ist"":""2026-07-21 14:32:00""}"
2026-07-21 00:00:00,2026-07-21 14:32:00,318,NIFTY,OPTION_MOMENTUM_CALL,ON,MED,1.9,ATM CALL momentum (ltp up + vol up),"{""dedupe_key"":""NIFTY|OPTION_MOMENTUM_CALL|ON|2026-07-21 14:32"",""threshold"":1.5,""value"":1.9,""since_minute_bucket_ist"":"""",""last_updated_ist"":""2026-07-21 14:32:00""}"
2026-07-21 00:00:00,2026-07-21 14:32:00,318,NIFTY,WALL_PRESSURE_BREAK_SETUP,OFF,MED,5.25,Pressure building into a wall (break setup),"{""dedupe_key"":""NIFTY|WALL_PRESSURE_BREAK_SETUP|OFF|2026-07-21 14:32"",""threshold"":0,""value"":5.25,""since_minute_bucket_ist"":""2026-07-21 14:31"",""last_updated_ist"":""2026-07-21 14:32:00""}"
2026-07-21 00:00:00,2026-07-21 14:33:00,319,NIFTY,FLOW_BEARISH_BUILD,ON,HIGH,0.0053,Bearish build (premium-confirmed writing / resistance),"{""dedupe_key"":""NIFTY|FLOW_BEARISH_BUILD|ON|2026-07-21 14:33"",""threshold"":0.005,""value"":0.0053,""since_minute_bucket_ist"":"""",""last_updated_ist"":""2026-07-21 14:33:00""}"
2026-07-21 00:00:00,2026-07-21 14:33:00,319,NIFTY,REGIME_TREND_DOWN,ON,MED,-0.0004,Trend DOWN (slope + direction),"{""dedupe_key"":""NIFTY|REGIME_TREND_DOWN|ON|2026-07-21 14:33"",""threshold"":-0.0004,""value"":-0.0004,""since_minute_bucket_ist"":"""",""last_updated_ist"":""2026-07-21 14:33:00""}"
2026-07-21 00:00:00,2026-07-21 14:33:00,319,NIFTY,REGIME_RANGE_PIN,OFF,LOW,0.0002,Range / pin (inside local walls),"{""dedupe_key"":""NIFTY|REGIME_RANGE_PIN|OFF|2026-07-21 14:33"",""threshold"":0.0004,""value"":0.0002,""since_minute_bucket_ist"":""2026-07-21 14:32"",""last_updated_ist"":""2026-07-21 14:33:00""}"
2026-07-21 00:00:00,2026-07-21 14:33:00,319,NIFTY,PIN_BREAKOUT_SETUP,ON,MED,-2.9500000000007276,Pin breakout setup (wall touch + aligned flow),"{""dedupe_key"":""NIFTY|PIN_BREAKOUT_SETUP|ON|2026-07-21 14:33"",""threshold"":0,""value"":-2.9500000000007276,""since_minute_bucket_ist"":"""",""last_updated_ist"":""2026-07-21 14:33:00""}"
2026-07-21 00:00:00,2026-07-21 14:33:00,319,NIFTY,OPTION_MOMENTUM_CALL,OFF,MED,-1.35,ATM CALL momentum (ltp up + vol up),"{""dedupe_key"":""NIFTY|OPTION_MOMENTUM_CALL|OFF|2026-07-21 14:33"",""threshold"":1.5,""value"":-1.35,""since_minute_bucket_ist"":""2026-07-21 14:32"",""last_updated_ist"":""2026-07-21 14:33:00""}"
2026-07-21 00:00:00,2026-07-21 14:33:00,319,NIFTY,CHURN_COMMITTED,ON,MED,-0.0001,Price move + aligned flow (committed),"{""dedupe_key"":""NIFTY|CHURN_COMMITTED|ON|2026-07-21 14:33"",""threshold"":0.0001,""value"":-0.0001,""since_minute_bucket_ist"":"""",""last_updated_ist"":""2026-07-21 14:33:00""}"
2026-07-21 00:00:00,2026-07-21 14:33:00,319,NIFTY,WALL_PRESSURE_BREAK_SETUP,ON,MED,-2.9500000000007276,Pressure building into a wall (break setup),"{""dedupe_key"":""NIFTY|WALL_PRESSURE_BREAK_SETUP|ON|2026-07-21 14:33"",""threshold"":0,""value"":-2.9500000000007276,""since_minute_bucket_ist"":"""",""last_updated_ist"":""2026-07-21 14:33:00""}"
2026-07-21 00:00:00,2026-07-21 14:34:00,320,NIFTY,FLOW_BEARISH_BUILD,OFF,HIGH,0,Bearish build (premium-confirmed writing / resistance),"{""dedupe_key"":""NIFTY|FLOW_BEARISH_BUILD|OFF|2026-07-21 14:34"",""threshold"":0.005,""value"":0,""since_minute_bucket_ist"":""2026-07-21 14:33"",""last_updated_ist"":""2026-07-21 14:34:00""}"
2026-07-21 00:00:00,2026-07-21 14:34:00,320,NIFTY,REGIME_TREND_DOWN,OFF,MED,-0.0002,Trend DOWN (slope + direction),"{""dedupe_key"":""NIFTY|REGIME_TREND_DOWN|OFF|2026-07-21 14:34"",""threshold"":-0.0004,""value"":-0.0002,""since_minute_bucket_ist"":""2026-07-21 14:33"",""last_updated_ist"":""2026-07-21 14:34:00""}"
2026-07-21 00:00:00,2026-07-21 14:34:00,320,NIFTY,REGIME_TRANSITION_UNCERTAIN,ON,LOW,1,Transition/uncertain regime,"{""dedupe_key"":""NIFTY|REGIME_TRANSITION_UNCERTAIN|ON|2026-07-21 14:34"",""threshold"":1,""value"":1,""since_minute_bucket_ist"":"""",""last_updated_ist"":""2026-07-21 14:34:00""}"
2026-07-21 00:00:00,2026-07-21 14:34:00,320,NIFTY,PIN_BREAKOUT_SETUP,OFF,MED,-1.7000000000007276,Pin breakout setup (wall touch + aligned flow),"{""dedupe_key"":""NIFTY|PIN_BREAKOUT_SETUP|OFF|2026-07-21 14:34"",""threshold"":0,""value"":-1.7000000000007276,""since_minute_bucket_ist"":""2026-07-21 14:33"",""last_updated_ist"":""2026-07-21 14:34:00""}"
2026-07-21 00:00:00,2026-07-21 14:34:00,320,NIFTY,CHURN_COMMITTED,OFF,MED,-0.0001,Price move + aligned flow (committed),"{""dedupe_key"":""NIFTY|CHURN_COMMITTED|OFF|2026-07-21 14:34"",""threshold"":0.0001,""value"":-0.0001,""since_minute_bucket_ist"":""2026-07-21 14:33"",""last_updated_ist"":""2026-07-21 14:34:00""}"
2026-07-21 00:00:00,2026-07-21 14:34:00,320,NIFTY,WALL_PRESSURE_BREAK_SETUP,OFF,MED,-1.7000000000007276,Pressure building into a wall (break setup),"{""dedupe_key"":""NIFTY|WALL_PRESSURE_BREAK_SETUP|OFF|2026-07-21 14:34"",""threshold"":0,""value"":-1.7000000000007276,""since_minute_bucket_ist"":""2026-07-21 14:33"",""last_updated_ist"":""2026-07-21 14:34:00""}"
2026-07-21 00:00:00,2026-07-21 14:35:00,321,NIFTY,FLOW_BEARISH_BUILD,ON,HIGH,0.0033,Bearish build (premium-confirmed writing / resistance),"{""dedupe_key"":""NIFTY|FLOW_BEARISH_BUILD|ON|2026-07-21 14:35"",""threshold"":0.005,""value"":0.0033,""since_minute_bucket_ist"":"""",""last_updated_ist"":""2026-07-21 14:35:00""}"
2026-07-21 00:00:00,2026-07-21 14:35:00,321,NIFTY,WALL_UNWIND_CONFIRM_DOWN,ON,MED,-0.0167,Put wall OI unwinding (5m),"{""dedupe_key"":""NIFTY|WALL_UNWIND_CONFIRM_DOWN|ON|2026-07-21 14:35"",""threshold"":-0.006,""value"":-0.0167,""since_minute_bucket_ist"":"""",""last_updated_ist"":""2026-07-21 14:35:00""}"
2026-07-21 00:00:00,2026-07-21 14:36:00,322,NIFTY,FLOW_BEARISH_BUILD,OFF,HIGH,0.0052,Bearish build (premium-confirmed writing / resistance),"{""dedupe_key"":""NIFTY|FLOW_BEARISH_BUILD|OFF|2026-07-21 14:36"",""threshold"":0.005,""value"":0.0052,""since_minute_bucket_ist"":""2026-07-21 14:35"",""last_updated_ist"":""2026-07-21 14:36:00""}"
2026-07-21 00:00:00,2026-07-21 14:36:00,322,NIFTY,REGIME_RANGE_PIN,ON,LOW,0.0002,Range / pin (inside local walls),"{""dedupe_key"":""NIFTY|REGIME_RANGE_PIN|ON|2026-07-21 14:36"",""threshold"":0.0004,""value"":0.0002,""since_minute_bucket_ist"":"""",""last_updated_ist"":""2026-07-21 14:36:00""}"
2026-07-21 00:00:00,2026-07-21 14:36:00,322,NIFTY,REGIME_TRANSITION_UNCERTAIN,OFF,LOW,1,Transition/uncertain regime,"{""dedupe_key"":""NIFTY|REGIME_TRANSITION_UNCERTAIN|OFF|2026-07-21 14:36"",""threshold"":1,""value"":1,""since_minute_bucket_ist"":""2026-07-21 14:34"",""last_updated_ist"":""2026-07-21 14:36:00""}"
2026-07-21 00:00:00,2026-07-21 14:36:00,322,NIFTY,EXP_RANGE_BREAKOUT_WATCH_DOWN,ON,MED,24162.3,Expected-range watch DOWN,"{""dedupe_key"":""NIFTY|EXP_RANGE_BREAKOUT_WATCH_DOWN|ON|2026-07-21 14:36"",""threshold"":24163.81,""value"":24162.3,""since_minute_bucket_ist"":"""",""last_updated_ist"":""2026-07-21 14:36:00""}"
2026-07-21 00:00:00,2026-07-21 14:37:00,323,NIFTY,REGIME_RANGE_PIN,OFF,LOW,0.0002,Range / pin (inside local walls),"{""dedupe_key"":""NIFTY|REGIME_RANGE_PIN|OFF|2026-07-21 14:37"",""threshold"":0.0004,""value"":0.0002,""since_minute_bucket_ist"":""2026-07-21 14:36"",""last_updated_ist"":""2026-07-21 14:37:00""}"
2026-07-21 00:00:00,2026-07-21 14:37:00,323,NIFTY,REGIME_TRANSITION_UNCERTAIN,ON,LOW,1,Transition/uncertain regime,"{""dedupe_key"":""NIFTY|REGIME_TRANSITION_UNCERTAIN|ON|2026-07-21 14:37"",""threshold"":1,""value"":1,""since_minute_bucket_ist"":"""",""last_updated_ist"":""2026-07-21 14:37:00""}"
2026-07-21 00:00:00,2026-07-21 14:37:00,323,NIFTY,EXP_RANGE_BREAKOUT_WATCH_DOWN,OFF,MED,24162.7,Expected-range watch DOWN,"{""dedupe_key"":""NIFTY|EXP_RANGE_BREAKOUT_WATCH_DOWN|OFF|2026-07-21 14:37"",""threshold"":24162.57,""value"":24162.7,""since_minute_bucket_ist"":""2026-07-21 14:36"",""last_updated_ist"":""2026-07-21 14:37:00""}"
2026-07-21 00:00:00,2026-07-21 14:37:00,323,NIFTY,OPTION_MOMENTUM_PUT,ON,MED,4.8,ATM PUT momentum (ltp up + vol up),"{""dedupe_key"":""NIFTY|OPTION_MOMENTUM_PUT|ON|2026-07-21 14:37"",""threshold"":1.5,""value"":4.8,""since_minute_bucket_ist"":"""",""last_updated_ist"":""2026-07-21 14:37:00""}"
2026-07-21 00:00:00,2026-07-21 14:38:00,324,NIFTY,FLOW_BULLISH_BUILD,ON,HIGH,0.0032,Bullish build (premium-confirmed writing / support),"{""dedupe_key"":""NIFTY|FLOW_BULLISH_BUILD|ON|2026-07-21 14:38"",""threshold"":0.005,""value"":0.0032,""since_minute_bucket_ist"":"""",""last_updated_ist"":""2026-07-21 14:38:00""}"
2026-07-21 00:00:00,2026-07-21 14:38:00,324,NIFTY,EXP_RANGE_BREAKOUT_WATCH_DOWN,ON,MED,24159.75,Expected-range watch DOWN,"{""dedupe_key"":""NIFTY|EXP_RANGE_BREAKOUT_WATCH_DOWN|ON|2026-07-21 14:38"",""threshold"":24160.82,""value"":24159.75,""since_minute_bucket_ist"":"""",""last_updated_ist"":""2026-07-21 14:38:00""}"
2026-07-21 00:00:00,2026-07-21 14:38:00,324,NIFTY,OPTION_MOMENTUM_PUT,OFF,MED,0.4,ATM PUT momentum (ltp up + vol up),"{""dedupe_key"":""NIFTY|OPTION_MOMENTUM_PUT|OFF|2026-07-21 14:38"",""threshold"":1.5,""value"":0.4,""since_minute_bucket_ist"":""2026-07-21 14:37"",""last_updated_ist"":""2026-07-21 14:38:00""}"
2026-07-21 00:00:00,2026-07-21 14:39:00,325,NIFTY,FLOW_BULLISH_BUILD,OFF,HIGH,-0.0007,Bullish build (premium-confirmed writing / support),"{""dedupe_key"":""NIFTY|FLOW_BULLISH_BUILD|OFF|2026-07-21 14:39"",""threshold"":0.005,""value"":-0.0007,""since_minute_bucket_ist"":""2026-07-21 14:38"",""last_updated_ist"":""2026-07-21 14:39:00""}"
2026-07-21 00:00:00,2026-07-21 14:39:00,325,NIFTY,EXP_RANGE_BREAKOUT_CONFIRMED_DOWN,ON,HIGH,2,Expected-range breakout CONFIRMED DOWN,"{""dedupe_key"":""NIFTY|EXP_RANGE_BREAKOUT_CONFIRMED_DOWN|ON|2026-07-21 14:39"",""threshold"":2,""value"":2,""since_minute_bucket_ist"":"""",""last_updated_ist"":""2026-07-21 14:39:00""}"
2026-07-21 00:00:00,2026-07-21 14:40:00,326,NIFTY,EXP_RANGE_BREAKOUT_WATCH_DOWN,OFF,MED,24162.15,Expected-range watch DOWN,"{""dedupe_key"":""NIFTY|EXP_RANGE_BREAKOUT_WATCH_DOWN|OFF|2026-07-21 14:40"",""threshold"":24159.3,""value"":24162.15,""since_minute_bucket_ist"":""2026-07-21 14:38"",""last_updated_ist"":""2026-07-21 14:40:00""}"
2026-07-21 00:00:00,2026-07-21 14:40:00,326,NIFTY,EXP_RANGE_BREAKOUT_CONFIRMED_DOWN,OFF,HIGH,0,Expected-range breakout CONFIRMED DOWN,"{""dedupe_key"":""NIFTY|EXP_RANGE_BREAKOUT_CONFIRMED_DOWN|OFF|2026-07-21 14:40"",""threshold"":2,""value"":0,""since_minute_bucket_ist"":""2026-07-21 14:39"",""last_updated_ist"":""2026-07-21 14:40:00""}"
2026-07-21 00:00:00,2026-07-21 14:41:00,327,NIFTY,REGIME_RANGE_PIN,ON,LOW,0.0002,Range / pin (inside local walls),"{""dedupe_key"":""NIFTY|REGIME_RANGE_PIN|ON|2026-07-21 14:41"",""threshold"":0.0004,""value"":0.0002,""since_minute_bucket_ist"":"""",""last_updated_ist"":""2026-07-21 14:41:00""}"
2026-07-21 00:00:00,2026-07-21 14:41:00,327,NIFTY,REGIME_TRANSITION_UNCERTAIN,OFF,LOW,1,Transition/uncertain regime,"{""dedupe_key"":""NIFTY|REGIME_TRANSITION_UNCERTAIN|OFF|2026-07-21 14:41"",""threshold"":1,""value"":1,""since_minute_bucket_ist"":""2026-07-21 14:37"",""last_updated_ist"":""2026-07-21 14:41:00""}"
2026-07-21 00:00:00,2026-07-21 14:41:00,327,NIFTY,VOL_CONTRACTION,OFF,LOW,-0.0091,Volatility contracting (straddle down),"{""dedupe_key"":""NIFTY|VOL_CONTRACTION|OFF|2026-07-21 14:41"",""threshold"":-0.03,""value"":-0.0091,""since_minute_bucket_ist"":""2026-07-21 14:30"",""last_updated_ist"":""2026-07-21 14:41:00""}"
2026-07-21 00:00:00,2026-07-21 14:42:00,328,NIFTY,OPTION_MOMENTUM_CALL,ON,MED,2.2,ATM CALL momentum (ltp up + vol up),"{""dedupe_key"":""NIFTY|OPTION_MOMENTUM_CALL|ON|2026-07-21 14:42"",""threshold"":1.5,""value"":2.2,""since_minute_bucket_ist"":"""",""last_updated_ist"":""2026-07-21 14:42:00""}"
2026-07-21 00:00:00,2026-07-21 14:44:00,329,NIFTY,FLOW_BULLISH_BUILD,ON,HIGH,0.0079,Bullish build (premium-confirmed writing / support),"{""dedupe_key"":""NIFTY|FLOW_BULLISH_BUILD|ON|2026-07-21 14:44"",""threshold"":0.005,""value"":0.0079,""since_minute_bucket_ist"":"""",""last_updated_ist"":""2026-07-21 14:44:00""}"
2026-07-21 00:00:00,2026-07-21 14:44:00,329,NIFTY,REGIME_TREND_UP,ON,MED,0.0005,Trend UP (slope + direction),"{""dedupe_key"":""NIFTY|REGIME_TREND_UP|ON|2026-07-21 14:44"",""threshold"":0.0004,""value"":0.0005,""since_minute_bucket_ist"":"""",""last_updated_ist"":""2026-07-21 14:44:00""}"
2026-07-21 00:00:00,2026-07-21 14:44:00,329,NIFTY,REGIME_RANGE_PIN,OFF,LOW,0.0001,Range / pin (inside local walls),"{""dedupe_key"":""NIFTY|REGIME_RANGE_PIN|OFF|2026-07-21 14:44"",""threshold"":0.0004,""value"":0.0001,""since_minute_bucket_ist"":""2026-07-21 14:41"",""last_updated_ist"":""2026-07-21 14:44:00""}"
2026-07-21 00:00:00,2026-07-21 14:44:00,329,NIFTY,PIN_BREAKOUT_SETUP,ON,MED,4.44999999999709,Pin breakout setup (wall touch + aligned flow),"{""dedupe_key"":""NIFTY|PIN_BREAKOUT_SETUP|ON|2026-07-21 14:44"",""threshold"":0,""value"":4.44999999999709,""since_minute_bucket_ist"":"""",""last_updated_ist"":""2026-07-21 14:44:00""}"
2026-07-21 00:00:00,2026-07-21 14:44:00,329,NIFTY,EXP_RANGE_BREAKOUT_WATCH_UP,ON,MED,24171.6,Expected-range watch UP,"{""dedupe_key"":""NIFTY|EXP_RANGE_BREAKOUT_WATCH_UP|ON|2026-07-21 14:44"",""threshold"":24171.58,""value"":24171.6,""since_minute_bucket_ist"":"""",""last_updated_ist"":""2026-07-21 14:44:00""}"
2026-07-21 00:00:00,2026-07-21 14:44:00,329,NIFTY,VOL_EXPANSION,ON,MED,0.0308,Volatility expanding (straddle up),"{""dedupe_key"":""NIFTY|VOL_EXPANSION|ON|2026-07-21 14:44"",""threshold"":0.02,""value"":0.0308,""since_minute_bucket_ist"":"""",""last_updated_ist"":""2026-07-21 14:44:00""}"
2026-07-21 00:00:00,2026-07-21 14:44:00,329,NIFTY,WALL_UNWIND_CONFIRM_DOWN,OFF,MED,0.0235,Put wall OI unwinding (5m),"{""dedupe_key"":""NIFTY|WALL_UNWIND_CONFIRM_DOWN|OFF|2026-07-21 14:44"",""threshold"":-0.006,""value"":0.0235,""since_minute_bucket_ist"":""2026-07-21 14:35"",""last_updated_ist"":""2026-07-21 14:44:00""}"
2026-07-21 00:00:00,2026-07-21 14:44:00,329,NIFTY,CHURN_COMMITTED,ON,MED,0.0002,Price move + aligned flow (committed),"{""dedupe_key"":""NIFTY|CHURN_COMMITTED|ON|2026-07-21 14:44"",""threshold"":0.0001,""value"":0.0002,""since_minute_bucket_ist"":"""",""last_updated_ist"":""2026-07-21 14:44:00""}"
2026-07-21 00:00:00,2026-07-21 14:44:00,329,NIFTY,WALL_PRESSURE_BREAK_SETUP,ON,MED,4.44999999999709,Pressure building into a wall (break setup),"{""dedupe_key"":""NIFTY|WALL_PRESSURE_BREAK_SETUP|ON|2026-07-21 14:44"",""threshold"":0,""value"":4.44999999999709,""since_minute_bucket_ist"":"""",""last_updated_ist"":""2026-07-21 14:44:00""}"
2026-07-21 00:00:00,2026-07-21 14:48:00,330,NIFTY,EXP_RANGE_BREAKOUT_CONFIRMED_UP,ON,HIGH,2,Expected-range breakout CONFIRMED UP,"{""dedupe_key"":""NIFTY|EXP_RANGE_BREAKOUT_CONFIRMED_UP|ON|2026-07-21 14:48"",""threshold"":2,""value"":2,""since_minute_bucket_ist"":"""",""last_updated_ist"":""2026-07-21 14:48:00""}"
2026-07-21 00:00:00,2026-07-21 14:48:00,330,NIFTY,OPTION_MOMENTUM_CALL,OFF,MED,0.65,ATM CALL momentum (ltp up + vol up),"{""dedupe_key"":""NIFTY|OPTION_MOMENTUM_CALL|OFF|2026-07-21 14:48"",""threshold"":1.5,""value"":0.65,""since_minute_bucket_ist"":""2026-07-21 14:42"",""last_updated_ist"":""2026-07-21 14:48:00""}"
2026-07-21 00:00:00,2026-07-21 14:48:00,330,NIFTY,WALL_UNWIND_CONFIRM_UP,ON,MED,-0.0412,Call wall OI unwinding (5m),"{""dedupe_key"":""NIFTY|WALL_UNWIND_CONFIRM_UP|ON|2026-07-21 14:48"",""threshold"":-0.006,""value"":-0.0412,""since_minute_bucket_ist"":"""",""last_updated_ist"":""2026-07-21 14:48:00""}"
2026-07-21 00:00:00,2026-07-21 14:48:00,330,NIFTY,STEALTH_BUILD_BULL,ON,MED,0.0162,"Stealth bullish build (puts build, spot flat)","{""dedupe_key"":""NIFTY|STEALTH_BUILD_BULL|ON|2026-07-21 14:48"",""threshold"":0.008,""value"":0.0162,""since_minute_bucket_ist"":"""",""last_updated_ist"":""2026-07-21 14:48:00""}"
2026-07-21 00:00:00,2026-07-21 14:48:00,330,NIFTY,FOMO_BREAKOUT,ON,HIGH,1,FOMO breakout: breakout UP + bullish flow + vol expansion,"{""dedupe_key"":""NIFTY|FOMO_BREAKOUT|ON|2026-07-21 14:48"",""threshold"":1,""value"":1,""since_minute_bucket_ist"":"""",""last_updated_ist"":""2026-07-21 14:48:00""}"
2026-07-21 00:00:00,2026-07-21 14:49:00,331,NIFTY,FLOW_BULLISH_BUILD,OFF,HIGH,0,Bullish build (premium-confirmed writing / support),"{""dedupe_key"":""NIFTY|FLOW_BULLISH_BUILD|OFF|2026-07-21 14:49"",""threshold"":0.005,""value"":0,""since_minute_bucket_ist"":""2026-07-21 14:44"",""last_updated_ist"":""2026-07-21 14:49:00""}"
2026-07-21 00:00:00,2026-07-21 14:49:00,331,NIFTY,PIN_BREAKOUT_SETUP,OFF,MED,0,Pin breakout setup (wall touch + aligned flow),"{""dedupe_key"":""NIFTY|PIN_BREAKOUT_SETUP|OFF|2026-07-21 14:49"",""threshold"":0,""value"":0,""since_minute_bucket_ist"":""2026-07-21 14:44"",""last_updated_ist"":""2026-07-21 14:49:00""}"
2026-07-21 00:00:00,2026-07-21 14:49:00,331,NIFTY,CHURN_COMMITTED,OFF,MED,0,Price move + aligned flow (committed),"{""dedupe_key"":""NIFTY|CHURN_COMMITTED|OFF|2026-07-21 14:49"",""threshold"":0.0001,""value"":0,""since_minute_bucket_ist"":""2026-07-21 14:44"",""last_updated_ist"":""2026-07-21 14:49:00""}"
2026-07-21 00:00:00,2026-07-21 14:49:00,331,NIFTY,STEALTH_BUILD_BULL,OFF,MED,0,"Stealth bullish build (puts build, spot flat)","{""dedupe_key"":""NIFTY|STEALTH_BUILD_BULL|OFF|2026-07-21 14:49"",""threshold"":0.008,""value"":0,""since_minute_bucket_ist"":""2026-07-21 14:48"",""last_updated_ist"":""2026-07-21 14:49:00""}"
2026-07-21 00:00:00,2026-07-21 14:49:00,331,NIFTY,WALL_PRESSURE_BREAK_SETUP,OFF,MED,0,Pressure building into a wall (break setup),"{""dedupe_key"":""NIFTY|WALL_PRESSURE_BREAK_SETUP|OFF|2026-07-21 14:49"",""threshold"":0,""value"":0,""since_minute_bucket_ist"":""2026-07-21 14:44"",""last_updated_ist"":""2026-07-21 14:49:00""}"
2026-07-21 00:00:00,2026-07-21 14:49:00,331,NIFTY,FOMO_BREAKOUT,OFF,HIGH,1,FOMO breakout: breakout UP + bullish flow + vol expansion,"{""dedupe_key"":""NIFTY|FOMO_BREAKOUT|OFF|2026-07-21 14:49"",""threshold"":1,""value"":1,""since_minute_bucket_ist"":""2026-07-21 14:48"",""last_updated_ist"":""2026-07-21 14:49:00""}"
2026-07-21 00:00:00,2026-07-21 14:50:00,332,NIFTY,OPTION_MOMENTUM_CALL,ON,MED,1.7,ATM CALL momentum (ltp up + vol up),"{""dedupe_key"":""NIFTY|OPTION_MOMENTUM_CALL|ON|2026-07-21 14:50"",""threshold"":1.5,""value"":1.7,""since_minute_bucket_ist"":"""",""last_updated_ist"":""2026-07-21 14:50:00""}"
2026-07-21 00:00:00,2026-07-21 14:51:00,333,NIFTY,FLOW_BULLISH_BUILD,ON,HIGH,-0.0045,Bullish build (premium-confirmed writing / support),"{""dedupe_key"":""NIFTY|FLOW_BULLISH_BUILD|ON|2026-07-21 14:51"",""threshold"":0.005,""value"":-0.0045,""since_minute_bucket_ist"":"""",""last_updated_ist"":""2026-07-21 14:51:00""}"
2026-07-21 00:00:00,2026-07-21 14:51:00,333,NIFTY,REGIME_TREND_UP,OFF,MED,0.0002,Trend UP (slope + direction),"{""dedupe_key"":""NIFTY|REGIME_TREND_UP|OFF|2026-07-21 14:51"",""threshold"":0.0004,""value"":0.0002,""since_minute_bucket_ist"":""2026-07-21 14:44"",""last_updated_ist"":""2026-07-21 14:51:00""}"
2026-07-21 00:00:00,2026-07-21 14:51:00,333,NIFTY,REGIME_TRANSITION_UNCERTAIN,ON,LOW,1,Transition/uncertain regime,"{""dedupe_key"":""NIFTY|REGIME_TRANSITION_UNCERTAIN|ON|2026-07-21 14:51"",""threshold"":1,""value"":1,""since_minute_bucket_ist"":"""",""last_updated_ist"":""2026-07-21 14:51:00""}"
2026-07-21 00:00:00,2026-07-21 14:51:00,333,NIFTY,EXP_RANGE_BREAKOUT_WATCH_UP,OFF,MED,24172.35,Expected-range watch UP,"{""dedupe_key"":""NIFTY|EXP_RANGE_BREAKOUT_WATCH_UP|OFF|2026-07-21 14:51"",""threshold"":24179,""value"":24172.35,""since_minute_bucket_ist"":""2026-07-21 14:44"",""last_updated_ist"":""2026-07-21 14:51:00""}"
2026-07-21 00:00:00,2026-07-21 14:51:00,333,NIFTY,EXP_RANGE_BREAKOUT_CONFIRMED_UP,OFF,HIGH,0,Expected-range breakout CONFIRMED UP,"{""dedupe_key"":""NIFTY|EXP_RANGE_BREAKOUT_CONFIRMED_UP|OFF|2026-07-21 14:51"",""threshold"":2,""value"":0,""since_minute_bucket_ist"":""2026-07-21 14:48"",""last_updated_ist"":""2026-07-21 14:51:00""}"
2026-07-21 00:00:00,2026-07-21 14:51:00,333,NIFTY,OPTION_MOMENTUM_CALL,OFF,MED,-0.85,ATM CALL momentum (ltp up + vol up),"{""dedupe_key"":""NIFTY|OPTION_MOMENTUM_CALL|OFF|2026-07-21 14:51"",""threshold"":1.5,""value"":-0.85,""since_minute_bucket_ist"":""2026-07-21 14:50"",""last_updated_ist"":""2026-07-21 14:51:00""}"
2026-07-21 00:00:00,2026-07-21 14:52:00,334,NIFTY,FLOW_BULLISH_BUILD,OFF,HIGH,0.0066,Bullish build (premium-confirmed writing / support),"{""dedupe_key"":""NIFTY|FLOW_BULLISH_BUILD|OFF|2026-07-21 14:52"",""threshold"":0.005,""value"":0.0066,""since_minute_bucket_ist"":""2026-07-21 14:51"",""last_updated_ist"":""2026-07-21 14:52:00""}"
2026-07-21 00:00:00,2026-07-21 14:52:00,334,NIFTY,VOL_EXPANSION,OFF,MED,-0.2326,Volatility expanding (straddle up),"{""dedupe_key"":""NIFTY|VOL_EXPANSION|OFF|2026-07-21 14:52"",""threshold"":0.02,""value"":-0.2326,""since_minute_bucket_ist"":""2026-07-21 14:44"",""last_updated_ist"":""2026-07-21 14:52:00""}"
2026-07-21 00:00:00,2026-07-21 14:52:00,334,NIFTY,VOL_CONTRACTION,ON,LOW,-0.2326,Volatility contracting (straddle down),"{""dedupe_key"":""NIFTY|VOL_CONTRACTION|ON|2026-07-21 14:52"",""threshold"":-0.03,""value"":-0.2326,""since_minute_bucket_ist"":"""",""last_updated_ist"":""2026-07-21 14:52:00""}"
2026-07-21 00:00:00,2026-07-21 14:53:00,335,NIFTY,FLOW_BEARISH_BUILD,ON,HIGH,0.0056,Bearish build (premium-confirmed writing / resistance),"{""dedupe_key"":""NIFTY|FLOW_BEARISH_BUILD|ON|2026-07-21 14:53"",""threshold"":0.005,""value"":0.0056,""since_minute_bucket_ist"":"""",""last_updated_ist"":""2026-07-21 14:53:00""}"
2026-07-21 00:00:00,2026-07-21 14:53:00,335,NIFTY,REGIME_RANGE_PIN,ON,LOW,0.0003,Range / pin (inside local walls),"{""dedupe_key"":""NIFTY|REGIME_RANGE_PIN|ON|2026-07-21 14:53"",""threshold"":0.0004,""value"":0.0003,""since_minute_bucket_ist"":"""",""last_updated_ist"":""2026-07-21 14:53:00""}"
2026-07-21 00:00:00,2026-07-21 14:53:00,335,NIFTY,REGIME_TRANSITION_UNCERTAIN,OFF,LOW,1,Transition/uncertain regime,"{""dedupe_key"":""NIFTY|REGIME_TRANSITION_UNCERTAIN|OFF|2026-07-21 14:53"",""threshold"":1,""value"":1,""since_minute_bucket_ist"":""2026-07-21 14:51"",""last_updated_ist"":""2026-07-21 14:53:00""}"
2026-07-21 00:00:00,2026-07-21 14:54:00,336,NIFTY,FLOW_BEARISH_BUILD,OFF,HIGH,-0.0028,Bearish build (premium-confirmed writing / resistance),"{""dedupe_key"":""NIFTY|FLOW_BEARISH_BUILD|OFF|2026-07-21 14:54"",""threshold"":0.005,""value"":-0.0028,""since_minute_bucket_ist"":""2026-07-21 14:53"",""last_updated_ist"":""2026-07-21 14:54:00""}"
2026-07-21 00:00:00,2026-07-21 14:54:00,336,NIFTY,OPTION_MOMENTUM_CALL,ON,MED,1.75,ATM CALL momentum (ltp up + vol up),"{""dedupe_key"":""NIFTY|OPTION_MOMENTUM_CALL|ON|2026-07-21 14:54"",""threshold"":1.5,""value"":1.75,""since_minute_bucket_ist"":"""",""last_updated_ist"":""2026-07-21 14:54:00""}"
2026-07-21 00:00:00,2026-07-21 14:54:00,336,NIFTY,WALL_UNWIND_CONFIRM_DOWN,ON,MED,-0.0185,Put wall OI unwinding (5m),"{""dedupe_key"":""NIFTY|WALL_UNWIND_CONFIRM_DOWN|ON|2026-07-21 14:54"",""threshold"":-0.006,""value"":-0.0185,""since_minute_bucket_ist"":"""",""last_updated_ist"":""2026-07-21 14:54:00""}"
2026-07-21 00:00:00,2026-07-21 14:55:00,337,NIFTY,REGIME_RANGE_PIN,OFF,LOW,0.0003,Range / pin (inside local walls),"{""dedupe_key"":""NIFTY|REGIME_RANGE_PIN|OFF|2026-07-21 14:55"",""threshold"":0.0004,""value"":0.0003,""since_minute_bucket_ist"":""2026-07-21 14:53"",""last_updated_ist"":""2026-07-21 14:55:00""}"
2026-07-21 00:00:00,2026-07-21 14:55:00,337,NIFTY,REGIME_TRANSITION_UNCERTAIN,ON,LOW,1,Transition/uncertain regime,"{""dedupe_key"":""NIFTY|REGIME_TRANSITION_UNCERTAIN|ON|2026-07-21 14:55"",""threshold"":1,""value"":1,""since_minute_bucket_ist"":"""",""last_updated_ist"":""2026-07-21 14:55:00""}"
2026-07-21 00:00:00,2026-07-21 14:55:00,337,NIFTY,VOL_EXPANSION,ON,MED,0.0319,Volatility expanding (straddle up),"{""dedupe_key"":""NIFTY|VOL_EXPANSION|ON|2026-07-21 14:55"",""threshold"":0.02,""value"":0.0319,""since_minute_bucket_ist"":"""",""last_updated_ist"":""2026-07-21 14:55:00""}"
2026-07-21 00:00:00,2026-07-21 14:55:00,337,NIFTY,VOL_CONTRACTION,OFF,LOW,0.0319,Volatility contracting (straddle down),"{""dedupe_key"":""NIFTY|VOL_CONTRACTION|OFF|2026-07-21 14:55"",""threshold"":-0.03,""value"":0.0319,""since_minute_bucket_ist"":""2026-07-21 14:52"",""last_updated_ist"":""2026-07-21 14:55:00""}"
2026-07-21 00:00:00,2026-07-21 14:55:00,337,NIFTY,OPTION_MOMENTUM_CALL,OFF,MED,-1.05,ATM CALL momentum (ltp up + vol up),"{""dedupe_key"":""NIFTY|OPTION_MOMENTUM_CALL|OFF|2026-07-21 14:55"",""threshold"":1.5,""value"":-1.05,""since_minute_bucket_ist"":""2026-07-21 14:54"",""last_updated_ist"":""2026-07-21 14:55:00""}"
2026-07-21 00:00:00,2026-07-21 14:55:00,337,NIFTY,OPTION_MOMENTUM_PUT,ON,MED,1900-01-01 18:00:00,ATM PUT momentum (ltp up + vol up),"{""dedupe_key"":""NIFTY|OPTION_MOMENTUM_PUT|ON|2026-07-21 14:55"",""threshold"":1.5,""value"":2.75,""since_minute_bucket_ist"":"""",""last_updated_ist"":""2026-07-21 14:55:00""}"
2026-07-21 00:00:00,2026-07-21 14:55:00,337,NIFTY,WALL_UNWIND_CONFIRM_DOWN,OFF,MED,0.0382,Put wall OI unwinding (5m),"{""dedupe_key"":""NIFTY|WALL_UNWIND_CONFIRM_DOWN|OFF|2026-07-21 14:55"",""threshold"":-0.006,""value"":0.0382,""since_minute_bucket_ist"":""2026-07-21 14:54"",""last_updated_ist"":""2026-07-21 14:55:00""}"
2026-07-21 00:00:00,2026-07-21 14:55:00,337,NIFTY,STEALTH_BUILD_BULL,ON,MED,0.0137,"Stealth bullish build (puts build, spot flat)","{""dedupe_key"":""NIFTY|STEALTH_BUILD_BULL|ON|2026-07-21 14:55"",""threshold"":0.008,""value"":0.0137,""since_minute_bucket_ist"":"""",""last_updated_ist"":""2026-07-21 14:55:00""}"
2026-07-21 00:00:00,2026-07-21 14:56:00,338,NIFTY,REGIME_RANGE_PIN,ON,LOW,0.0003,Range / pin (inside local walls),"{""dedupe_key"":""NIFTY|REGIME_RANGE_PIN|ON|2026-07-21 14:56"",""threshold"":0.0004,""value"":0.0003,""since_minute_bucket_ist"":"""",""last_updated_ist"":""2026-07-21 14:56:00""}"
2026-07-21 00:00:00,2026-07-21 14:56:00,338,NIFTY,REGIME_TRANSITION_UNCERTAIN,OFF,LOW,1,Transition/uncertain regime,"{""dedupe_key"":""NIFTY|REGIME_TRANSITION_UNCERTAIN|OFF|2026-07-21 14:56"",""threshold"":1,""value"":1,""since_minute_bucket_ist"":""2026-07-21 14:55"",""last_updated_ist"":""2026-07-21 14:56:00""}"
2026-07-21 00:00:00,2026-07-21 14:56:00,338,NIFTY,OPTION_MOMENTUM_PUT,OFF,MED,1899-12-30 00:00:00,ATM PUT momentum (ltp up + vol up),"{""dedupe_key"":""NIFTY|OPTION_MOMENTUM_PUT|OFF|2026-07-21 14:56"",""threshold"":1.5,""value"":0,""since_minute_bucket_ist"":""2026-07-21 14:55"",""last_updated_ist"":""2026-07-21 14:56:00""}"
2026-07-21 00:00:00,2026-07-21 14:56:00,338,NIFTY,WALL_UNWIND_CONFIRM_UP,OFF,MED,0.0267,Call wall OI unwinding (5m),"{""dedupe_key"":""NIFTY|WALL_UNWIND_CONFIRM_UP|OFF|2026-07-21 14:56"",""threshold"":-0.006,""value"":0.0267,""since_minute_bucket_ist"":""2026-07-21 14:48"",""last_updated_ist"":""2026-07-21 14:56:00""}"
2026-07-21 00:00:00,2026-07-21 14:56:00,338,NIFTY,STEALTH_BUILD_BULL,OFF,MED,0,"Stealth bullish build (puts build, spot flat)","{""dedupe_key"":""NIFTY|STEALTH_BUILD_BULL|OFF|2026-07-21 14:56"",""threshold"":0.008,""value"":0,""since_minute_bucket_ist"":""2026-07-21 14:55"",""last_updated_ist"":""2026-07-21 14:56:00""}"
2026-07-21 00:00:00,2026-07-21 14:57:00,339,NIFTY,FLOW_BULLISH_BUILD,ON,HIGH,0.0053,Bullish build (premium-confirmed writing / support),"{""dedupe_key"":""NIFTY|FLOW_BULLISH_BUILD|ON|2026-07-21 14:57"",""threshold"":0.005,""value"":0.0053,""since_minute_bucket_ist"":"""",""last_updated_ist"":""2026-07-21 14:57:00""}"
2026-07-21 00:00:00,2026-07-21 14:57:00,339,NIFTY,REGIME_TREND_UP,ON,MED,0.001,Trend UP (slope + direction),"{""dedupe_key"":""NIFTY|REGIME_TREND_UP|ON|2026-07-21 14:57"",""threshold"":0.0004,""value"":0.001,""since_minute_bucket_ist"":"""",""last_updated_ist"":""2026-07-21 14:57:00""}"
2026-07-21 00:00:00,2026-07-21 14:57:00,339,NIFTY,REGIME_RANGE_PIN,OFF,LOW,0.0003,Range / pin (inside local walls),"{""dedupe_key"":""NIFTY|REGIME_RANGE_PIN|OFF|2026-07-21 14:57"",""threshold"":0.0004,""value"":0.0003,""since_minute_bucket_ist"":""2026-07-21 14:56"",""last_updated_ist"":""2026-07-21 14:57:00""}"
2026-07-21 00:00:00,2026-07-21 14:57:00,339,NIFTY,PIN_BREAKOUT_SETUP,ON,MED,12.799999999999272,Pin breakout setup (wall touch + aligned flow),"{""dedupe_key"":""NIFTY|PIN_BREAKOUT_SETUP|ON|2026-07-21 14:57"",""threshold"":0,""value"":12.799999999999272,""since_minute_bucket_ist"":"""",""last_updated_ist"":""2026-07-21 14:57:00""}"
2026-07-21 00:00:00,2026-07-21 14:57:00,339,NIFTY,EXP_RANGE_BREAKOUT_WATCH_UP,ON,MED,24189.3,Expected-range watch UP,"{""dedupe_key"":""NIFTY|EXP_RANGE_BREAKOUT_WATCH_UP|ON|2026-07-21 14:57"",""threshold"":24185.14,""value"":24189.3,""since_minute_bucket_ist"":"""",""last_updated_ist"":""2026-07-21 14:57:00""}"
2026-07-21 00:00:00,2026-07-21 14:57:00,339,NIFTY,VOL_EXPANSION,OFF,MED,-0.1152,Volatility expanding (straddle up),"{""dedupe_key"":""NIFTY|VOL_EXPANSION|OFF|2026-07-21 14:57"",""threshold"":0.02,""value"":-0.1152,""since_minute_bucket_ist"":""2026-07-21 14:55"",""last_updated_ist"":""2026-07-21 14:57:00""}"
2026-07-21 00:00:00,2026-07-21 14:57:00,339,NIFTY,VOL_CONTRACTION,ON,LOW,-0.1152,Volatility contracting (straddle down),"{""dedupe_key"":""NIFTY|VOL_CONTRACTION|ON|2026-07-21 14:57"",""threshold"":-0.03,""value"":-0.1152,""since_minute_bucket_ist"":"""",""last_updated_ist"":""2026-07-21 14:57:00""}"
2026-07-21 00:00:00,2026-07-21 14:57:00,339,NIFTY,OPTION_MOMENTUM_CALL,ON,MED,3.1,ATM CALL momentum (ltp up + vol up),"{""dedupe_key"":""NIFTY|OPTION_MOMENTUM_CALL|ON|2026-07-21 14:57"",""threshold"":1.5,""value"":3.1,""since_minute_bucket_ist"":"""",""last_updated_ist"":""2026-07-21 14:57:00""}"
2026-07-21 00:00:00,2026-07-21 14:57:00,339,NIFTY,CHURN_COMMITTED,ON,MED,0.0005,Price move + aligned flow (committed),"{""dedupe_key"":""NIFTY|CHURN_COMMITTED|ON|2026-07-21 14:57"",""threshold"":0.0001,""value"":0.0005,""since_minute_bucket_ist"":"""",""last_updated_ist"":""2026-07-21 14:57:00""}"
2026-07-21 00:00:00,2026-07-21 14:57:00,339,NIFTY,WALL_PRESSURE_BREAK_SETUP,ON,MED,12.799999999999272,Pressure building into a wall (break setup),"{""dedupe_key"":""NIFTY|WALL_PRESSURE_BREAK_SETUP|ON|2026-07-21 14:57"",""threshold"":0,""value"":12.799999999999272,""since_minute_bucket_ist"":"""",""last_updated_ist"":""2026-07-21 14:57:00""}"
2026-07-21 00:00:00,2026-07-21 14:58:00,340,NIFTY,TRADE_LIMIT_REACHED,ON,MED,7,Cooldown active (2m),"{""dedupe_key"":""NIFTY|TRADE_LIMIT_REACHED|ON|2026-07-21 14:58"",""threshold"":500,""value"":7,""since_minute_bucket_ist"":"""",""last_updated_ist"":""2026-07-21 14:58:00""}"
2026-07-21 00:00:00,2026-07-21 14:58:00,340,NIFTY,FLOW_BOTH_UNWINDING,ON,MED,-0.0074,Both sides unwinding,"{""dedupe_key"":""NIFTY|FLOW_BOTH_UNWINDING|ON|2026-07-21 14:58"",""threshold"":-0.005,""value"":-0.0074,""since_minute_bucket_ist"":"""",""last_updated_ist"":""2026-07-21 14:58:00""}"
2026-07-21 00:00:00,2026-07-21 14:58:00,340,NIFTY,FLOW_BULLISH_BUILD,OFF,HIGH,-0.0074,Bullish build (premium-confirmed writing / support),"{""dedupe_key"":""NIFTY|FLOW_BULLISH_BUILD|OFF|2026-07-21 14:58"",""threshold"":0.005,""value"":-0.0074,""since_minute_bucket_ist"":""2026-07-21 14:57"",""last_updated_ist"":""2026-07-21 14:58:00""}"
2026-07-21 00:00:00,2026-07-21 14:58:00,340,NIFTY,PIN_BREAKOUT_SETUP,OFF,MED,1.1000000000021828,Pin breakout setup (wall touch + aligned flow),"{""dedupe_key"":""NIFTY|PIN_BREAKOUT_SETUP|OFF|2026-07-21 14:58"",""threshold"":0,""value"":1.1000000000021828,""since_minute_bucket_ist"":""2026-07-21 14:57"",""last_updated_ist"":""2026-07-21 14:58:00""}"
2026-07-21 00:00:00,2026-07-21 14:58:00,340,NIFTY,EXP_RANGE_BREAKOUT_CONFIRMED_UP,ON,HIGH,2,Expected-range breakout CONFIRMED UP,"{""dedupe_key"":""NIFTY|EXP_RANGE_BREAKOUT_CONFIRMED_UP|ON|2026-07-21 14:58"",""threshold"":2,""value"":2,""since_minute_bucket_ist"":"""",""last_updated_ist"":""2026-07-21 14:58:00""}"
2026-07-21 00:00:00,2026-07-21 14:58:00,340,NIFTY,OPTION_MOMENTUM_CALL,OFF,MED,-1.1,ATM CALL momentum (ltp up + vol up),"{""dedupe_key"":""NIFTY|OPTION_MOMENTUM_CALL|OFF|2026-07-21 14:58"",""threshold"":1.5,""value"":-1.1,""since_minute_bucket_ist"":""2026-07-21 14:57"",""last_updated_ist"":""2026-07-21 14:58:00""}"
2026-07-21 00:00:00,2026-07-21 14:58:00,340,NIFTY,WALL_UNWIND_CONFIRM_UP,ON,MED,-0.0155,Call wall OI unwinding (5m),"{""dedupe_key"":""NIFTY|WALL_UNWIND_CONFIRM_UP|ON|2026-07-21 14:58"",""threshold"":-0.006,""value"":-0.0155,""since_minute_bucket_ist"":"""",""last_updated_ist"":""2026-07-21 14:58:00""}"
2026-07-21 00:00:00,2026-07-21 14:58:00,340,NIFTY,CHURN_COMMITTED,OFF,MED,0,Price move + aligned flow (committed),"{""dedupe_key"":""NIFTY|CHURN_COMMITTED|OFF|2026-07-21 14:58"",""threshold"":0.0001,""value"":0,""since_minute_bucket_ist"":""2026-07-21 14:57"",""last_updated_ist"":""2026-07-21 14:58:00""}"
2026-07-21 00:00:00,2026-07-21 14:58:00,340,NIFTY,WALL_PRESSURE_BREAK_SETUP,OFF,MED,1.1000000000021828,Pressure building into a wall (break setup),"{""dedupe_key"":""NIFTY|WALL_PRESSURE_BREAK_SETUP|OFF|2026-07-21 14:58"",""threshold"":0,""value"":1.1000000000021828,""since_minute_bucket_ist"":""2026-07-21 14:57"",""last_updated_ist"":""2026-07-21 14:58:00""}"
2026-07-21 00:00:00,2026-07-21 14:59:00,341,NIFTY,FLOW_BOTH_UNWINDING,OFF,MED,0.0079,Both sides unwinding,"{""dedupe_key"":""NIFTY|FLOW_BOTH_UNWINDING|OFF|2026-07-21 14:59"",""threshold"":-0.005,""value"":0.0079,""since_minute_bucket_ist"":""2026-07-21 14:58"",""last_updated_ist"":""2026-07-21 14:59:00""}"
2026-07-21 00:00:00,2026-07-21 14:59:00,341,NIFTY,FLOW_BULLISH_BUILD,ON,HIGH,0.0079,Bullish build (premium-confirmed writing / support),"{""dedupe_key"":""NIFTY|FLOW_BULLISH_BUILD|ON|2026-07-21 14:59"",""threshold"":0.005,""value"":0.0079,""since_minute_bucket_ist"":"""",""last_updated_ist"":""2026-07-21 14:59:00""}"
2026-07-21 00:00:00,2026-07-21 14:59:00,341,NIFTY,REGIME_TREND_UP,OFF,MED,0.0004,Trend UP (slope + direction),"{""dedupe_key"":""NIFTY|REGIME_TREND_UP|OFF|2026-07-21 14:59"",""threshold"":0.0004,""value"":0.0004,""since_minute_bucket_ist"":""2026-07-21 14:57"",""last_updated_ist"":""2026-07-21 14:59:00""}"
2026-07-21 00:00:00,2026-07-21 14:59:00,341,NIFTY,REGIME_TRANSITION_UNCERTAIN,ON,LOW,1,Transition/uncertain regime,"{""dedupe_key"":""NIFTY|REGIME_TRANSITION_UNCERTAIN|ON|2026-07-21 14:59"",""threshold"":1,""value"":1,""since_minute_bucket_ist"":"""",""last_updated_ist"":""2026-07-21 14:59:00""}"
2026-07-21 00:00:00,2026-07-21 14:59:00,341,NIFTY,PIN_BREAKOUT_SETUP,ON,MED,0.09999999999854481,Pin breakout setup (wall touch + aligned flow),"{""dedupe_key"":""NIFTY|PIN_BREAKOUT_SETUP|ON|2026-07-21 14:59"",""threshold"":0,""value"":0.09999999999854481,""since_minute_bucket_ist"":"""",""last_updated_ist"":""2026-07-21 14:59:00""}"
2026-07-21 00:00:00,2026-07-21 14:59:00,341,NIFTY,OPTION_MOMENTUM_CALL,ON,MED,3.25,ATM CALL momentum (ltp up + vol up),"{""dedupe_key"":""NIFTY|OPTION_MOMENTUM_CALL|ON|2026-07-21 14:59"",""threshold"":1.5,""value"":3.25,""since_minute_bucket_ist"":"""",""last_updated_ist"":""2026-07-21 14:59:00""}"
2026-07-21 00:00:00,2026-07-21 14:59:00,341,NIFTY,WALL_PRESSURE_BREAK_SETUP,ON,MED,0.09999999999854481,Pressure building into a wall (break setup),"{""dedupe_key"":""NIFTY|WALL_PRESSURE_BREAK_SETUP|ON|2026-07-21 14:59"",""threshold"":0,""value"":0.09999999999854481,""since_minute_bucket_ist"":"""",""last_updated_ist"":""2026-07-21 14:59:00""}"
2026-07-21 00:00:00,2026-07-21 15:00:00,342,NIFTY,TRADE_LIMIT_REACHED,OFF,MED,7,Cooldown active (2m),"{""dedupe_key"":""NIFTY|TRADE_LIMIT_REACHED|OFF|2026-07-21 15:00"",""threshold"":500,""value"":7,""since_minute_bucket_ist"":""2026-07-21 14:58"",""last_updated_ist"":""2026-07-21 15:00:00""}"
2026-07-21 00:00:00,2026-07-21 15:00:00,342,NIFTY,REGIME_TREND_UP,ON,MED,0.0008,Trend UP (slope + direction),"{""dedupe_key"":""NIFTY|REGIME_TREND_UP|ON|2026-07-21 15:00"",""threshold"":0.0004,""value"":0.0008,""since_minute_bucket_ist"":"""",""last_updated_ist"":""2026-07-21 15:00:00""}"
2026-07-21 00:00:00,2026-07-21 15:00:00,342,NIFTY,REGIME_TRANSITION_UNCERTAIN,OFF,LOW,1,Transition/uncertain regime,"{""dedupe_key"":""NIFTY|REGIME_TRANSITION_UNCERTAIN|OFF|2026-07-21 15:00"",""threshold"":1,""value"":1,""since_minute_bucket_ist"":""2026-07-21 14:59"",""last_updated_ist"":""2026-07-21 15:00:00""}"
2026-07-21 00:00:00,2026-07-21 15:00:00,342,NIFTY,OPTION_MOMENTUM_CALL,OFF,MED,-0.95,ATM CALL momentum (ltp up + vol up),"{""dedupe_key"":""NIFTY|OPTION_MOMENTUM_CALL|OFF|2026-07-21 15:00"",""threshold"":1.5,""value"":-0.95,""since_minute_bucket_ist"":""2026-07-21 14:59"",""last_updated_ist"":""2026-07-21 15:00:00""}"
2026-07-21 00:00:00,2026-07-21 15:00:00,342,NIFTY,CHURN_COMMITTED,ON,MED,0.0002,Price move + aligned flow (committed),"{""dedupe_key"":""NIFTY|CHURN_COMMITTED|ON|2026-07-21 15:00"",""threshold"":0.0001,""value"":0.0002,""since_minute_bucket_ist"":"""",""last_updated_ist"":""2026-07-21 15:00:00""}"
2026-07-21 00:00:00,2026-07-21 15:01:00,343,NIFTY,FLOW_BULLISH_BUILD,OFF,HIGH,0,Bullish build (premium-confirmed writing / support),"{""dedupe_key"":""NIFTY|FLOW_BULLISH_BUILD|OFF|2026-07-21 15:01"",""threshold"":0.005,""value"":0,""since_minute_bucket_ist"":""2026-07-21 14:59"",""last_updated_ist"":""2026-07-21 15:01:00""}"
2026-07-21 00:00:00,2026-07-21 15:01:00,343,NIFTY,REGIME_TREND_UP,OFF,MED,0.0008,Trend UP (slope + direction),"{""dedupe_key"":""NIFTY|REGIME_TREND_UP|OFF|2026-07-21 15:01"",""threshold"":0.0004,""value"":0.0008,""since_minute_bucket_ist"":""2026-07-21 15:00"",""last_updated_ist"":""2026-07-21 15:01:00""}"
2026-07-21 00:00:00,2026-07-21 15:01:00,343,NIFTY,REGIME_TRANSITION_UNCERTAIN,ON,LOW,1,Transition/uncertain regime,"{""dedupe_key"":""NIFTY|REGIME_TRANSITION_UNCERTAIN|ON|2026-07-21 15:01"",""threshold"":1,""value"":1,""since_minute_bucket_ist"":"""",""last_updated_ist"":""2026-07-21 15:01:00""}"
2026-07-21 00:00:00,2026-07-21 15:01:00,343,NIFTY,PIN_BREAKOUT_SETUP,OFF,MED,-0.25,Pin breakout setup (wall touch + aligned flow),"{""dedupe_key"":""NIFTY|PIN_BREAKOUT_SETUP|OFF|2026-07-21 15:01"",""threshold"":0,""value"":-0.25,""since_minute_bucket_ist"":""2026-07-21 14:59"",""last_updated_ist"":""2026-07-21 15:01:00""}"
2026-07-21 00:00:00,2026-07-21 15:01:00,343,NIFTY,OPTION_MOMENTUM_CALL,ON,MED,2.05,ATM CALL momentum (ltp up + vol up),"{""dedupe_key"":""NIFTY|OPTION_MOMENTUM_CALL|ON|2026-07-21 15:01"",""threshold"":1.5,""value"":2.05,""since_minute_bucket_ist"":"""",""last_updated_ist"":""2026-07-21 15:01:00""}"
2026-07-21 00:00:00,2026-07-21 15:01:00,343,NIFTY,CHURN_COMMITTED,OFF,MED,0,Price move + aligned flow (committed),"{""dedupe_key"":""NIFTY|CHURN_COMMITTED|OFF|2026-07-21 15:01"",""threshold"":0.0001,""value"":0,""since_minute_bucket_ist"":""2026-07-21 15:00"",""last_updated_ist"":""2026-07-21 15:01:00""}"
2026-07-21 00:00:00,2026-07-21 15:01:00,343,NIFTY,WALL_PRESSURE_BREAK_SETUP,OFF,MED,-0.25,Pressure building into a wall (break setup),"{""dedupe_key"":""NIFTY|WALL_PRESSURE_BREAK_SETUP|OFF|2026-07-21 15:01"",""threshold"":0,""value"":-0.25,""since_minute_bucket_ist"":""2026-07-21 14:59"",""last_updated_ist"":""2026-07-21 15:01:00""}"
2026-07-21 00:00:00,2026-07-21 15:02:00,344,NIFTY,FLOW_BOTH_UNWINDING,ON,MED,-0.0116,Both sides unwinding,"{""dedupe_key"":""NIFTY|FLOW_BOTH_UNWINDING|ON|2026-07-21 15:02"",""threshold"":-0.005,""value"":-0.0116,""since_minute_bucket_ist"":"""",""last_updated_ist"":""2026-07-21 15:02:00""}"
2026-07-21 00:00:00,2026-07-21 15:02:00,344,NIFTY,REGIME_RANGE_PIN,ON,LOW,0.0002,Range / pin (inside local walls),"{""dedupe_key"":""NIFTY|REGIME_RANGE_PIN|ON|2026-07-21 15:02"",""threshold"":0.0004,""value"":0.0002,""since_minute_bucket_ist"":"""",""last_updated_ist"":""2026-07-21 15:02:00""}"
2026-07-21 00:00:00,2026-07-21 15:02:00,344,NIFTY,REGIME_TRANSITION_UNCERTAIN,OFF,LOW,1,Transition/uncertain regime,"{""dedupe_key"":""NIFTY|REGIME_TRANSITION_UNCERTAIN|OFF|2026-07-21 15:02"",""threshold"":1,""value"":1,""since_minute_bucket_ist"":""2026-07-21 15:01"",""last_updated_ist"":""2026-07-21 15:02:00""}"
2026-07-21 00:00:00,2026-07-21 15:02:00,344,NIFTY,EXP_RANGE_BREAKOUT_WATCH_UP,OFF,MED,24189.45,Expected-range watch UP,"{""dedupe_key"":""NIFTY|EXP_RANGE_BREAKOUT_WATCH_UP|OFF|2026-07-21 15:02"",""threshold"":24196.29,""value"":24189.45,""since_minute_bucket_ist"":""2026-07-21 14:57"",""last_updated_ist"":""2026-07-21 15:02:00""}"
2026-07-21 00:00:00,2026-07-21 15:02:00,344,NIFTY,EXP_RANGE_BREAKOUT_CONFIRMED_UP,OFF,HIGH,0,Expected-range breakout CONFIRMED UP,"{""dedupe_key"":""NIFTY|EXP_RANGE_BREAKOUT_CONFIRMED_UP|OFF|2026-07-21 15:02"",""threshold"":2,""value"":0,""since_minute_bucket_ist"":""2026-07-21 14:58"",""last_updated_ist"":""2026-07-21 15:02:00""}"
2026-07-21 00:00:00,2026-07-21 15:02:00,344,NIFTY,OPTION_MOMENTUM_CALL,OFF,MED,-6.8,ATM CALL momentum (ltp up + vol up),"{""dedupe_key"":""NIFTY|OPTION_MOMENTUM_CALL|OFF|2026-07-21 15:02"",""threshold"":1.5,""value"":-6.8,""since_minute_bucket_ist"":""2026-07-21 15:01"",""last_updated_ist"":""2026-07-21 15:02:00""}"
2026-07-21 00:00:00,2026-07-21 15:02:00,344,NIFTY,OPTION_MOMENTUM_PUT,ON,MED,3.3,ATM PUT momentum (ltp up + vol up),"{""dedupe_key"":""NIFTY|OPTION_MOMENTUM_PUT|ON|2026-07-21 15:02"",""threshold"":1.5,""value"":3.3,""since_minute_bucket_ist"":"""",""last_updated_ist"":""2026-07-21 15:02:00""}"
2026-07-21 00:00:00,2026-07-21 15:02:00,344,NIFTY,WALL_UNWIND_CONFIRM_DOWN,ON,MED,-0.0113,Put wall OI unwinding (5m),"{""dedupe_key"":""NIFTY|WALL_UNWIND_CONFIRM_DOWN|ON|2026-07-21 15:02"",""threshold"":-0.006,""value"":-0.0113,""since_minute_bucket_ist"":"""",""last_updated_ist"":""2026-07-21 15:02:00""}"
2026-07-21 00:00:00,2026-07-21 15:03:00,345,NIFTY,OPTION_MOMENTUM_PUT,OFF,MED,-5.65,ATM PUT momentum (ltp up + vol up),"{""dedupe_key"":""NIFTY|OPTION_MOMENTUM_PUT|OFF|2026-07-21 15:03"",""threshold"":1.5,""value"":-5.65,""since_minute_bucket_ist"":""2026-07-21 15:02"",""last_updated_ist"":""2026-07-21 15:03:00""}"
2026-07-21 00:00:00,2026-07-21 15:04:00,346,NIFTY,FLOW_BOTH_UNWINDING,OFF,MED,0.001,Both sides unwinding,"{""dedupe_key"":""NIFTY|FLOW_BOTH_UNWINDING|OFF|2026-07-21 15:04"",""threshold"":-0.005,""value"":0.001,""since_minute_bucket_ist"":""2026-07-21 15:02"",""last_updated_ist"":""2026-07-21 15:04:00""}"
2026-07-21 00:00:00,2026-07-21 15:04:00,346,NIFTY,FLOW_BULLISH_BUILD,ON,HIGH,0.001,Bullish build (premium-confirmed writing / support),"{""dedupe_key"":""NIFTY|FLOW_BULLISH_BUILD|ON|2026-07-21 15:04"",""threshold"":0.005,""value"":0.001,""since_minute_bucket_ist"":"""",""last_updated_ist"":""2026-07-21 15:04:00""}"
2026-07-21 00:00:00,2026-07-21 15:05:00,347,NIFTY,FLOW_BOTH_UNWINDING,ON,MED,-0.0201,Both sides unwinding,"{""dedupe_key"":""NIFTY|FLOW_BOTH_UNWINDING|ON|2026-07-21 15:05"",""threshold"":-0.005,""value"":-0.0201,""since_minute_bucket_ist"":"""",""last_updated_ist"":""2026-07-21 15:05:00""}"
2026-07-21 00:00:00,2026-07-21 15:05:00,347,NIFTY,FLOW_BULLISH_BUILD,OFF,HIGH,-0.0252,Bullish build (premium-confirmed writing / support),"{""dedupe_key"":""NIFTY|FLOW_BULLISH_BUILD|OFF|2026-07-21 15:05"",""threshold"":0.005,""value"":-0.0252,""since_minute_bucket_ist"":""2026-07-21 15:04"",""last_updated_ist"":""2026-07-21 15:05:00""}"
2026-07-21 00:00:00,2026-07-21 15:05:00,347,NIFTY,REGIME_TREND_DOWN,ON,MED,-0.0004,Trend DOWN (slope + direction),"{""dedupe_key"":""NIFTY|REGIME_TREND_DOWN|ON|2026-07-21 15:05"",""threshold"":-0.0004,""value"":-0.0004,""since_minute_bucket_ist"":"""",""last_updated_ist"":""2026-07-21 15:05:00""}"
2026-07-21 00:00:00,2026-07-21 15:05:00,347,NIFTY,REGIME_RANGE_PIN,OFF,LOW,0.0002,Range / pin (inside local walls),"{""dedupe_key"":""NIFTY|REGIME_RANGE_PIN|OFF|2026-07-21 15:05"",""threshold"":0.0004,""value"":0.0002,""since_minute_bucket_ist"":""2026-07-21 15:02"",""last_updated_ist"":""2026-07-21 15:05:00""}"
2026-07-21 00:00:00,2026-07-21 15:05:00,347,NIFTY,OPTION_MOMENTUM_PUT,ON,MED,11.35,ATM PUT momentum (ltp up + vol up),"{""dedupe_key"":""NIFTY|OPTION_MOMENTUM_PUT|ON|2026-07-21 15:05"",""threshold"":1.5,""value"":11.35,""since_minute_bucket_ist"":"""",""last_updated_ist"":""2026-07-21 15:05:00""}"
2026-07-21 00:00:00,2026-07-21 15:05:00,347,NIFTY,WALL_UNWIND_CONFIRM_UP,OFF,MED,0.0127,Call wall OI unwinding (5m),"{""dedupe_key"":""NIFTY|WALL_UNWIND_CONFIRM_UP|OFF|2026-07-21 15:05"",""threshold"":-0.006,""value"":0.0127,""since_minute_bucket_ist"":""2026-07-21 14:58"",""last_updated_ist"":""2026-07-21 15:05:00""}"
2026-07-21 00:00:00,2026-07-21 15:06:00,348,NIFTY,FLOW_BOTH_UNWINDING,OFF,MED,0,Both sides unwinding,"{""dedupe_key"":""NIFTY|FLOW_BOTH_UNWINDING|OFF|2026-07-21 15:06"",""threshold"":-0.005,""value"":0,""since_minute_bucket_ist"":""2026-07-21 15:05"",""last_updated_ist"":""2026-07-21 15:06:00""}"
2026-07-21 00:00:00,2026-07-21 15:06:00,348,NIFTY,REGIME_TREND_DOWN,OFF,MED,-0.0003,Trend DOWN (slope + direction),"{""dedupe_key"":""NIFTY|REGIME_TREND_DOWN|OFF|2026-07-21 15:06"",""threshold"":-0.0004,""value"":-0.0003,""since_minute_bucket_ist"":""2026-07-21 15:05"",""last_updated_ist"":""2026-07-21 15:06:00""}"
2026-07-21 00:00:00,2026-07-21 15:06:00,348,NIFTY,REGIME_TRANSITION_UNCERTAIN,ON,LOW,1,Transition/uncertain regime,"{""dedupe_key"":""NIFTY|REGIME_TRANSITION_UNCERTAIN|ON|2026-07-21 15:06"",""threshold"":1,""value"":1,""since_minute_bucket_ist"":"""",""last_updated_ist"":""2026-07-21 15:06:00""}"
2026-07-21 00:00:00,2026-07-21 15:06:00,348,NIFTY,OPTION_MOMENTUM_PUT,OFF,MED,-5.1,ATM PUT momentum (ltp up + vol up),"{""dedupe_key"":""NIFTY|OPTION_MOMENTUM_PUT|OFF|2026-07-21 15:06"",""threshold"":1.5,""value"":-5.1,""since_minute_bucket_ist"":""2026-07-21 15:05"",""last_updated_ist"":""2026-07-21 15:06:00""}"
2026-07-21 00:00:00,2026-07-21 15:07:00,349,NIFTY,REGIME_RANGE_PIN,ON,LOW,0.0001,Range / pin (inside local walls),"{""dedupe_key"":""NIFTY|REGIME_RANGE_PIN|ON|2026-07-21 15:07"",""threshold"":0.0004,""value"":0.0001,""since_minute_bucket_ist"":"""",""last_updated_ist"":""2026-07-21 15:07:00""}"
2026-07-21 00:00:00,2026-07-21 15:07:00,349,NIFTY,REGIME_TRANSITION_UNCERTAIN,OFF,LOW,1,Transition/uncertain regime,"{""dedupe_key"":""NIFTY|REGIME_TRANSITION_UNCERTAIN|OFF|2026-07-21 15:07"",""threshold"":1,""value"":1,""since_minute_bucket_ist"":""2026-07-21 15:06"",""last_updated_ist"":""2026-07-21 15:07:00""}"
2026-07-21 00:00:00,2026-07-21 15:07:00,349,NIFTY,CHURN_CHOP,ON,LOW,0.0529,High OI churn while price flat (chop),"{""dedupe_key"":""NIFTY|CHURN_CHOP|ON|2026-07-21 15:07"",""threshold"":0.04,""value"":0.0529,""since_minute_bucket_ist"":"""",""last_updated_ist"":""2026-07-21 15:07:00""}"
2026-07-21 00:00:00,2026-07-21 15:08:00,350,NIFTY,VOL_EXPANSION,ON,MED,0.1228,Volatility expanding (straddle up),"{""dedupe_key"":""NIFTY|VOL_EXPANSION|ON|2026-07-21 15:08"",""threshold"":0.02,""value"":0.1228,""since_minute_bucket_ist"":"""",""last_updated_ist"":""2026-07-21 15:08:00""}"
2026-07-21 00:00:00,2026-07-21 15:08:00,350,NIFTY,VOL_CONTRACTION,OFF,LOW,0.1228,Volatility contracting (straddle down),"{""dedupe_key"":""NIFTY|VOL_CONTRACTION|OFF|2026-07-21 15:08"",""threshold"":-0.03,""value"":0.1228,""since_minute_bucket_ist"":""2026-07-21 14:57"",""last_updated_ist"":""2026-07-21 15:08:00""}"
2026-07-21 00:00:00,2026-07-21 15:08:00,350,NIFTY,CHURN_CHOP,OFF,LOW,0,High OI churn while price flat (chop),"{""dedupe_key"":""NIFTY|CHURN_CHOP|OFF|2026-07-21 15:08"",""threshold"":0.04,""value"":0,""since_minute_bucket_ist"":""2026-07-21 15:07"",""last_updated_ist"":""2026-07-21 15:08:00""}"
2026-07-21 00:00:00,2026-07-21 15:09:00,351,NIFTY,VOL_EXPANSION,OFF,MED,-0.3055,Volatility expanding (straddle up),"{""dedupe_key"":""NIFTY|VOL_EXPANSION|OFF|2026-07-21 15:09"",""threshold"":0.02,""value"":-0.3055,""since_minute_bucket_ist"":""2026-07-21 15:08"",""last_updated_ist"":""2026-07-21 15:09:00""}"
2026-07-21 00:00:00,2026-07-21 15:09:00,351,NIFTY,VOL_CONTRACTION,ON,LOW,-0.3055,Volatility contracting (straddle down),"{""dedupe_key"":""NIFTY|VOL_CONTRACTION|ON|2026-07-21 15:09"",""threshold"":-0.03,""value"":-0.3055,""since_minute_bucket_ist"":"""",""last_updated_ist"":""2026-07-21 15:09:00""}"
2026-07-21 00:00:00,2026-07-21 15:10:00,352,NIFTY,FLOW_BOTH_UNWINDING,ON,MED,-0.0123,Both sides unwinding,"{""dedupe_key"":""NIFTY|FLOW_BOTH_UNWINDING|ON|2026-07-21 15:10"",""threshold"":-0.005,""value"":-0.0123,""since_minute_bucket_ist"":"""",""last_updated_ist"":""2026-07-21 15:10:00""}"
2026-07-21 00:00:00,2026-07-21 15:10:00,352,NIFTY,EXP_RANGE_BREAKOUT_WATCH_DOWN,ON,MED,24184.05,Expected-range watch DOWN,"{""dedupe_key"":""NIFTY|EXP_RANGE_BREAKOUT_WATCH_DOWN|ON|2026-07-21 15:10"",""threshold"":24185.75,""value"":24184.05,""since_minute_bucket_ist"":"""",""last_updated_ist"":""2026-07-21 15:10:00""}"
2026-07-21 00:00:00,2026-07-21 15:11:00,353,NIFTY,REGIME_RANGE_PIN,OFF,LOW,0.0001,Range / pin (inside local walls),"{""dedupe_key"":""NIFTY|REGIME_RANGE_PIN|OFF|2026-07-21 15:11"",""threshold"":0.0004,""value"":0.0001,""since_minute_bucket_ist"":""2026-07-21 15:07"",""last_updated_ist"":""2026-07-21 15:11:00""}"
2026-07-21 00:00:00,2026-07-21 15:11:00,353,NIFTY,REGIME_TRANSITION_UNCERTAIN,ON,LOW,1,Transition/uncertain regime,"{""dedupe_key"":""NIFTY|REGIME_TRANSITION_UNCERTAIN|ON|2026-07-21 15:11"",""threshold"":1,""value"":1,""since_minute_bucket_ist"":"""",""last_updated_ist"":""2026-07-21 15:11:00""}"
2026-07-21 00:00:00,2026-07-21 15:11:00,353,NIFTY,EXP_RANGE_BREAKOUT_CONFIRMED_DOWN,ON,HIGH,2,Expected-range breakout CONFIRMED DOWN,"{""dedupe_key"":""NIFTY|EXP_RANGE_BREAKOUT_CONFIRMED_DOWN|ON|2026-07-21 15:11"",""threshold"":2,""value"":2,""since_minute_bucket_ist"":"""",""last_updated_ist"":""2026-07-21 15:11:00""}"
2026-07-21 00:00:00,2026-07-21 15:11:00,353,NIFTY,VOL_EXPANSION,ON,MED,0.0547,Volatility expanding (straddle up),"{""dedupe_key"":""NIFTY|VOL_EXPANSION|ON|2026-07-21 15:11"",""threshold"":0.02,""value"":0.0547,""since_minute_bucket_ist"":"""",""last_updated_ist"":""2026-07-21 15:11:00""}"
2026-07-21 00:00:00,2026-07-21 15:11:00,353,NIFTY,VOL_CONTRACTION,OFF,LOW,0.0547,Volatility contracting (straddle down),"{""dedupe_key"":""NIFTY|VOL_CONTRACTION|OFF|2026-07-21 15:11"",""threshold"":-0.03,""value"":0.0547,""since_minute_bucket_ist"":""2026-07-21 15:09"",""last_updated_ist"":""2026-07-21 15:11:00""}"
2026-07-21 00:00:00,2026-07-21 15:11:00,353,NIFTY,CHURN_CHOP,ON,LOW,0.0729,High OI churn while price flat (chop),"{""dedupe_key"":""NIFTY|CHURN_CHOP|ON|2026-07-21 15:11"",""threshold"":0.04,""value"":0.0729,""since_minute_bucket_ist"":"""",""last_updated_ist"":""2026-07-21 15:11:00""}"
2026-07-21 00:00:00,2026-07-21 15:12:00,354,NIFTY,REGIME_RANGE_PIN,ON,LOW,0.0001,Range / pin (inside local walls),"{""dedupe_key"":""NIFTY|REGIME_RANGE_PIN|ON|2026-07-21 15:12"",""threshold"":0.0004,""value"":0.0001,""since_minute_bucket_ist"":"""",""last_updated_ist"":""2026-07-21 15:12:00""}"
2026-07-21 00:00:00,2026-07-21 15:12:00,354,NIFTY,REGIME_TRANSITION_UNCERTAIN,OFF,LOW,1,Transition/uncertain regime,"{""dedupe_key"":""NIFTY|REGIME_TRANSITION_UNCERTAIN|OFF|2026-07-21 15:12"",""threshold"":1,""value"":1,""since_minute_bucket_ist"":""2026-07-21 15:11"",""last_updated_ist"":""2026-07-21 15:12:00""}"
2026-07-21 00:00:00,2026-07-21 15:12:00,354,NIFTY,EXP_RANGE_BREAKOUT_WATCH_DOWN,OFF,MED,1966-03-20 02:24:00,Expected-range watch DOWN,"{""dedupe_key"":""NIFTY|EXP_RANGE_BREAKOUT_WATCH_DOWN|OFF|2026-07-21 15:12"",""threshold"":24184.28,""value"":24186.1,""since_minute_bucket_ist"":""2026-07-21 15:10"",""last_updated_ist"":""2026-07-21 15:12:00""}"
2026-07-21 00:00:00,2026-07-21 15:12:00,354,NIFTY,EXP_RANGE_BREAKOUT_CONFIRMED_DOWN,OFF,HIGH,0,Expected-range breakout CONFIRMED DOWN,"{""dedupe_key"":""NIFTY|EXP_RANGE_BREAKOUT_CONFIRMED_DOWN|OFF|2026-07-21 15:12"",""threshold"":2,""value"":0,""since_minute_bucket_ist"":""2026-07-21 15:11"",""last_updated_ist"":""2026-07-21 15:12:00""}"
2026-07-21 00:00:00,2026-07-21 15:12:00,354,NIFTY,VOL_EXPANSION,OFF,MED,-0.1125,Volatility expanding (straddle up),"{""dedupe_key"":""NIFTY|VOL_EXPANSION|OFF|2026-07-21 15:12"",""threshold"":0.02,""value"":-0.1125,""since_minute_bucket_ist"":""2026-07-21 15:11"",""last_updated_ist"":""2026-07-21 15:12:00""}"
2026-07-21 00:00:00,2026-07-21 15:12:00,354,NIFTY,VOL_CONTRACTION,ON,LOW,-0.1125,Volatility contracting (straddle down),"{""dedupe_key"":""NIFTY|VOL_CONTRACTION|ON|2026-07-21 15:12"",""threshold"":-0.03,""value"":-0.1125,""since_minute_bucket_ist"":"""",""last_updated_ist"":""2026-07-21 15:12:00""}"
2026-07-21 00:00:00,2026-07-21 15:12:00,354,NIFTY,WALL_UNWIND_CONFIRM_UP,ON,MED,-0.0854,Call wall OI unwinding (5m),"{""dedupe_key"":""NIFTY|WALL_UNWIND_CONFIRM_UP|ON|2026-07-21 15:12"",""threshold"":-0.006,""value"":-0.0854,""since_minute_bucket_ist"":"""",""last_updated_ist"":""2026-07-21 15:12:00""}"
2026-07-21 00:00:00,2026-07-21 15:13:00,355,NIFTY,FLOW_BOTH_UNWINDING,OFF,MED,0,Both sides unwinding,"{""dedupe_key"":""NIFTY|FLOW_BOTH_UNWINDING|OFF|2026-07-21 15:13"",""threshold"":-0.005,""value"":0,""since_minute_bucket_ist"":""2026-07-21 15:10"",""last_updated_ist"":""2026-07-21 15:13:00""}"
2026-07-21 00:00:00,2026-07-21 15:13:00,355,NIFTY,REGIME_RANGE_PIN,OFF,LOW,0.0001,Range / pin (inside local walls),"{""dedupe_key"":""NIFTY|REGIME_RANGE_PIN|OFF|2026-07-21 15:13"",""threshold"":0.0004,""value"":0.0001,""since_minute_bucket_ist"":""2026-07-21 15:12"",""last_updated_ist"":""2026-07-21 15:13:00""}"
2026-07-21 00:00:00,2026-07-21 15:13:00,355,NIFTY,REGIME_TRANSITION_UNCERTAIN,ON,LOW,1,Transition/uncertain regime,"{""dedupe_key"":""NIFTY|REGIME_TRANSITION_UNCERTAIN|ON|2026-07-21 15:13"",""threshold"":1,""value"":1,""since_minute_bucket_ist"":"""",""last_updated_ist"":""2026-07-21 15:13:00""}"
2026-07-21 00:00:00,2026-07-21 15:13:00,355,NIFTY,CHURN_CHOP,OFF,LOW,0,High OI churn while price flat (chop),"{""dedupe_key"":""NIFTY|CHURN_CHOP|OFF|2026-07-21 15:13"",""threshold"":0.04,""value"":0,""since_minute_bucket_ist"":""2026-07-21 15:11"",""last_updated_ist"":""2026-07-21 15:13:00""}"
2026-07-21 00:00:00,2026-07-21 15:14:00,356,NIFTY,FLOW_BOTH_UNWINDING,ON,MED,-0.0192,Both sides unwinding,"{""dedupe_key"":""NIFTY|FLOW_BOTH_UNWINDING|ON|2026-07-21 15:14"",""threshold"":-0.005,""value"":-0.0192,""since_minute_bucket_ist"":"""",""last_updated_ist"":""2026-07-21 15:14:00""}"
2026-07-21 00:00:00,2026-07-21 15:14:00,356,NIFTY,EXP_RANGE_BREAKOUT_WATCH_DOWN,ON,MED,24181.7,Expected-range watch DOWN,"{""dedupe_key"":""NIFTY|EXP_RANGE_BREAKOUT_WATCH_DOWN|ON|2026-07-21 15:14"",""threshold"":24183.04,""value"":24181.7,""since_minute_bucket_ist"":"""",""last_updated_ist"":""2026-07-21 15:14:00""}"
2026-07-21 00:00:00,2026-07-21 15:15:00,357,NIFTY,FLOW_BOTH_UNWINDING,OFF,MED,0,Both sides unwinding,"{""dedupe_key"":""NIFTY|FLOW_BOTH_UNWINDING|OFF|2026-07-21 15:15"",""threshold"":-0.005,""value"":0,""since_minute_bucket_ist"":""2026-07-21 15:14"",""last_updated_ist"":""2026-07-21 15:15:00""}"
2026-07-21 00:00:00,2026-07-21 15:15:00,357,NIFTY,REGIME_RANGE_PIN,ON,LOW,0.0001,Range / pin (inside local walls),"{""dedupe_key"":""NIFTY|REGIME_RANGE_PIN|ON|2026-07-21 15:15"",""threshold"":0.0004,""value"":0.0001,""since_minute_bucket_ist"":"""",""last_updated_ist"":""2026-07-21 15:15:00""}"
2026-07-21 00:00:00,2026-07-21 15:15:00,357,NIFTY,REGIME_TRANSITION_UNCERTAIN,OFF,LOW,1,Transition/uncertain regime,"{""dedupe_key"":""NIFTY|REGIME_TRANSITION_UNCERTAIN|OFF|2026-07-21 15:15"",""threshold"":1,""value"":1,""since_minute_bucket_ist"":""2026-07-21 15:13"",""last_updated_ist"":""2026-07-21 15:15:00""}"
2026-07-21 00:00:00,2026-07-21 15:15:00,357,NIFTY,EXP_RANGE_BREAKOUT_WATCH_DOWN,OFF,MED,24184.4,Expected-range watch DOWN,"{""dedupe_key"":""NIFTY|EXP_RANGE_BREAKOUT_WATCH_DOWN|OFF|2026-07-21 15:15"",""threshold"":24182.73,""value"":24184.4,""since_minute_bucket_ist"":""2026-07-21 15:14"",""last_updated_ist"":""2026-07-21 15:15:00""}"
2026-07-21 00:00:00,2026-07-21 15:16:00,358,NIFTY,FLOW_BOTH_UNWINDING,ON,MED,-0.0541,Both sides unwinding,"{""dedupe_key"":""NIFTY|FLOW_BOTH_UNWINDING|ON|2026-07-21 15:16"",""threshold"":-0.005,""value"":-0.0541,""since_minute_bucket_ist"":"""",""last_updated_ist"":""2026-07-21 15:16:00""}"
2026-07-21 00:00:00,2026-07-21 15:16:00,358,NIFTY,VOL_EXPANSION,ON,MED,0.0211,Volatility expanding (straddle up),"{""dedupe_key"":""NIFTY|VOL_EXPANSION|ON|2026-07-21 15:16"",""threshold"":0.02,""value"":0.0211,""since_minute_bucket_ist"":"""",""last_updated_ist"":""2026-07-21 15:16:00""}"
2026-07-21 00:00:00,2026-07-21 15:16:00,358,NIFTY,CHURN_CHOP,ON,LOW,0.1139,High OI churn while price flat (chop),"{""dedupe_key"":""NIFTY|CHURN_CHOP|ON|2026-07-21 15:16"",""threshold"":0.04,""value"":0.1139,""since_minute_bucket_ist"":"""",""last_updated_ist"":""2026-07-21 15:16:00""}"
2026-07-21 00:00:00,2026-07-21 15:17:00,359,NIFTY,VOL_EXPANSION,OFF,MED,-0.1484,Volatility expanding (straddle up),"{""dedupe_key"":""NIFTY|VOL_EXPANSION|OFF|2026-07-21 15:17"",""threshold"":0.02,""value"":-0.1484,""since_minute_bucket_ist"":""2026-07-21 15:16"",""last_updated_ist"":""2026-07-21 15:17:00""}"
2026-07-21 00:00:00,2026-07-21 15:17:00,359,NIFTY,CHURN_CHOP,OFF,LOW,0.0389,High OI churn while price flat (chop),"{""dedupe_key"":""NIFTY|CHURN_CHOP|OFF|2026-07-21 15:17"",""threshold"":0.04,""value"":0.0389,""since_minute_bucket_ist"":""2026-07-21 15:16"",""last_updated_ist"":""2026-07-21 15:17:00""}"
2026-07-21 00:00:00,2026-07-21 15:17:00,359,NIFTY,TAIL_RISK_SKEW_LOW,ON,LOW,0.54,Tail-risk skew low (PCR_COI low),"{""dedupe_key"":""NIFTY|TAIL_RISK_SKEW_LOW|ON|2026-07-21 15:17"",""threshold"":0.55,""value"":0.54,""since_minute_bucket_ist"":"""",""last_updated_ist"":""2026-07-21 15:17:00""}"
2026-07-21 00:00:00,2026-07-21 15:19:00,361,NIFTY,FLOW_BOTH_UNWINDING,OFF,MED,0,Both sides unwinding,"{""dedupe_key"":""NIFTY|FLOW_BOTH_UNWINDING|OFF|2026-07-21 15:19"",""threshold"":-0.005,""value"":0,""since_minute_bucket_ist"":""2026-07-21 15:16"",""last_updated_ist"":""2026-07-21 15:19:00""}"
2026-07-21 00:00:00,2026-07-21 15:19:00,361,NIFTY,REGIME_RANGE_PIN,OFF,LOW,0.0001,Range / pin (inside local walls),"{""dedupe_key"":""NIFTY|REGIME_RANGE_PIN|OFF|2026-07-21 15:19"",""threshold"":0.0004,""value"":0.0001,""since_minute_bucket_ist"":""2026-07-21 15:15"",""last_updated_ist"":""2026-07-21 15:19:00""}"
2026-07-21 00:00:00,2026-07-21 15:19:00,361,NIFTY,REGIME_TRANSITION_UNCERTAIN,ON,LOW,1,Transition/uncertain regime,"{""dedupe_key"":""NIFTY|REGIME_TRANSITION_UNCERTAIN|ON|2026-07-21 15:19"",""threshold"":1,""value"":1,""since_minute_bucket_ist"":"""",""last_updated_ist"":""2026-07-21 15:19:00""}"
2026-07-21 00:00:00,2026-07-21 15:20:00,362,NIFTY,FLOW_BOTH_UNWINDING,ON,MED,-0.0212,Both sides unwinding,"{""dedupe_key"":""NIFTY|FLOW_BOTH_UNWINDING|ON|2026-07-21 15:20"",""threshold"":-0.005,""value"":-0.0212,""since_minute_bucket_ist"":"""",""last_updated_ist"":""2026-07-21 15:20:00""}"
2026-07-21 00:00:00,2026-07-21 15:20:00,362,NIFTY,REGIME_RANGE_PIN,ON,LOW,0.0001,Range / pin (inside local walls),"{""dedupe_key"":""NIFTY|REGIME_RANGE_PIN|ON|2026-07-21 15:20"",""threshold"":0.0004,""value"":0.0001,""since_minute_bucket_ist"":"""",""last_updated_ist"":""2026-07-21 15:20:00""}"
2026-07-21 00:00:00,2026-07-21 15:20:00,362,NIFTY,REGIME_TRANSITION_UNCERTAIN,OFF,LOW,1,Transition/uncertain regime,"{""dedupe_key"":""NIFTY|REGIME_TRANSITION_UNCERTAIN|OFF|2026-07-21 15:20"",""threshold"":1,""value"":1,""since_minute_bucket_ist"":""2026-07-21 15:19"",""last_updated_ist"":""2026-07-21 15:20:00""}"
2026-07-21 00:00:00,2026-07-21 15:21:00,363,NIFTY,VOL_EXPANSION,ON,MED,0.083,Volatility expanding (straddle up),"{""dedupe_key"":""NIFTY|VOL_EXPANSION|ON|2026-07-21 15:21"",""threshold"":0.02,""value"":0.083,""since_minute_bucket_ist"":"""",""last_updated_ist"":""2026-07-21 15:21:00""}"
2026-07-21 00:00:00,2026-07-21 15:21:00,363,NIFTY,VOL_CONTRACTION,OFF,LOW,0.083,Volatility contracting (straddle down),"{""dedupe_key"":""NIFTY|VOL_CONTRACTION|OFF|2026-07-21 15:21"",""threshold"":-0.03,""value"":0.083,""since_minute_bucket_ist"":""2026-07-21 15:12"",""last_updated_ist"":""2026-07-21 15:21:00""}"
2026-07-21 00:00:00,2026-07-21 15:21:00,363,NIFTY,CHURN_CHOP,ON,LOW,0.0739,High OI churn while price flat (chop),"{""dedupe_key"":""NIFTY|CHURN_CHOP|ON|2026-07-21 15:21"",""threshold"":0.04,""value"":0.0739,""since_minute_bucket_ist"":"""",""last_updated_ist"":""2026-07-21 15:21:00""}"
2026-07-21 00:00:00,2026-07-21 15:22:00,364,NIFTY,FLOW_BOTH_UNWINDING,OFF,MED,0,Both sides unwinding,"{""dedupe_key"":""NIFTY|FLOW_BOTH_UNWINDING|OFF|2026-07-21 15:22"",""threshold"":-0.005,""value"":0,""since_minute_bucket_ist"":""2026-07-21 15:20"",""last_updated_ist"":""2026-07-21 15:22:00""}"
2026-07-21 00:00:00,2026-07-21 15:22:00,364,NIFTY,VOL_EXPANSION,OFF,MED,-0.0114,Volatility expanding (straddle up),"{""dedupe_key"":""NIFTY|VOL_EXPANSION|OFF|2026-07-21 15:22"",""threshold"":0.02,""value"":-0.0114,""since_minute_bucket_ist"":""2026-07-21 15:21"",""last_updated_ist"":""2026-07-21 15:22:00""}"
2026-07-21 00:00:00,2026-07-21 15:22:00,364,NIFTY,CHURN_CHOP,OFF,LOW,0,High OI churn while price flat (chop),"{""dedupe_key"":""NIFTY|CHURN_CHOP|OFF|2026-07-21 15:22"",""threshold"":0.04,""value"":0,""since_minute_bucket_ist"":""2026-07-21 15:21"",""last_updated_ist"":""2026-07-21 15:22:00""}"
2026-07-21 00:00:00,2026-07-21 15:22:00,364,NIFTY,SMA_CHOP,ON,LOW,1,SMA chop (frequent crossings),"{""dedupe_key"":""NIFTY|SMA_CHOP|ON|2026-07-21 15:22"",""threshold"":8,""value"":1,""since_minute_bucket_ist"":"""",""last_updated_ist"":""2026-07-21 15:22:00""}"
2026-07-21 00:00:00,2026-07-21 15:23:00,365,NIFTY,FLOW_BOTH_UNWINDING,ON,MED,-0.0388,Both sides unwinding,"{""dedupe_key"":""NIFTY|FLOW_BOTH_UNWINDING|ON|2026-07-21 15:23"",""threshold"":-0.005,""value"":-0.0388,""since_minute_bucket_ist"":"""",""last_updated_ist"":""2026-07-21 15:23:00""}"
2026-07-21 00:00:00,2026-07-21 15:23:00,365,NIFTY,VOL_CONTRACTION,ON,LOW,-0.1098,Volatility contracting (straddle down),"{""dedupe_key"":""NIFTY|VOL_CONTRACTION|ON|2026-07-21 15:23"",""threshold"":-0.03,""value"":-0.1098,""since_minute_bucket_ist"":"""",""last_updated_ist"":""2026-07-21 15:23:00""}"
2026-07-21 00:00:00,2026-07-21 15:23:00,365,NIFTY,CHURN_CHOP,ON,LOW,0.1017,High OI churn while price flat (chop),"{""dedupe_key"":""NIFTY|CHURN_CHOP|ON|2026-07-21 15:23"",""threshold"":0.04,""value"":0.1017,""since_minute_bucket_ist"":"""",""last_updated_ist"":""2026-07-21 15:23:00""}"
2026-07-21 00:00:00,2026-07-21 15:26:00,368,NIFTY,TIME_ENTRY_BLOCK,ON,MED,1899-12-30 15:26:00,Entry window closed (time gate),"{""dedupe_key"":""NIFTY|TIME_ENTRY_BLOCK|ON|2026-07-21 15:26"",""threshold"":""09:15-15:25"",""value"":""15:26"",""since_minute_bucket_ist"":"""",""last_updated_ist"":""2026-07-21 15:26:00""}"
2026-07-21 00:00:00,2026-07-21 15:26:00,368,NIFTY,FLOW_BOTH_UNWINDING,OFF,MED,0,Both sides unwinding,"{""dedupe_key"":""NIFTY|FLOW_BOTH_UNWINDING|OFF|2026-07-21 15:26"",""threshold"":-0.005,""value"":0,""since_minute_bucket_ist"":""2026-07-21 15:23"",""last_updated_ist"":""2026-07-21 15:26:00""}"
2026-07-21 00:00:00,2026-07-21 15:26:00,368,NIFTY,CHURN_CHOP,OFF,LOW,0,High OI churn while price flat (chop),"{""dedupe_key"":""NIFTY|CHURN_CHOP|OFF|2026-07-21 15:26"",""threshold"":0.04,""value"":0,""since_minute_bucket_ist"":""2026-07-21 15:23"",""last_updated_ist"":""2026-07-21 15:26:00""}"
2026-07-21 00:00:00,2026-07-21 15:27:00,369,NIFTY,FLOW_BOTH_UNWINDING,ON,MED,-0.0446,Both sides unwinding,"{""dedupe_key"":""NIFTY|FLOW_BOTH_UNWINDING|ON|2026-07-21 15:27"",""threshold"":-0.005,""value"":-0.0446,""since_minute_bucket_ist"":"""",""last_updated_ist"":""2026-07-21 15:27:00""}"
2026-07-21 00:00:00,2026-07-21 15:27:00,369,NIFTY,VOL_EXPANSION,ON,MED,0.0979,Volatility expanding (straddle up),"{""dedupe_key"":""NIFTY|VOL_EXPANSION|ON|2026-07-21 15:27"",""threshold"":0.02,""value"":0.0979,""since_minute_bucket_ist"":"""",""last_updated_ist"":""2026-07-21 15:27:00""}"
2026-07-21 00:00:00,2026-07-21 15:27:00,369,NIFTY,VOL_CONTRACTION,OFF,LOW,0.0979,Volatility contracting (straddle down),"{""dedupe_key"":""NIFTY|VOL_CONTRACTION|OFF|2026-07-21 15:27"",""threshold"":-0.03,""value"":0.0979,""since_minute_bucket_ist"":""2026-07-21 15:23"",""last_updated_ist"":""2026-07-21 15:27:00""}"
2026-07-21 00:00:00,2026-07-21 15:28:00,370,NIFTY,EXP_RANGE_BREAKOUT_WATCH_UP,ON,MED,24191.65,Expected-range watch UP,"{""dedupe_key"":""NIFTY|EXP_RANGE_BREAKOUT_WATCH_UP|ON|2026-07-21 15:28"",""threshold"":24190.41,""value"":24191.65,""since_minute_bucket_ist"":"""",""last_updated_ist"":""2026-07-21 15:28:00""}"
2026-07-21 00:00:00,2026-07-21 15:28:00,370,NIFTY,VOL_EXPANSION,OFF,MED,0.0123,Volatility expanding (straddle up),"{""dedupe_key"":""NIFTY|VOL_EXPANSION|OFF|2026-07-21 15:28"",""threshold"":0.02,""value"":0.0123,""since_minute_bucket_ist"":""2026-07-21 15:27"",""last_updated_ist"":""2026-07-21 15:28:00""}"
2026-07-21 00:00:00,2026-07-21 15:29:00,371,NIFTY,REGIME_RANGE_PIN,OFF,LOW,0.0001,Range / pin (inside local walls),"{""dedupe_key"":""NIFTY|REGIME_RANGE_PIN|OFF|2026-07-21 15:29"",""threshold"":0.0004,""value"":0.0001,""since_minute_bucket_ist"":""2026-07-21 15:20"",""last_updated_ist"":""2026-07-21 15:29:00""}"
2026-07-21 00:00:00,2026-07-21 15:29:00,371,NIFTY,REGIME_TRANSITION_UNCERTAIN,ON,LOW,1,Transition/uncertain regime,"{""dedupe_key"":""NIFTY|REGIME_TRANSITION_UNCERTAIN|ON|2026-07-21 15:29"",""threshold"":1,""value"":1,""since_minute_bucket_ist"":"""",""last_updated_ist"":""2026-07-21 15:29:00""}"
2026-07-21 00:00:00,2026-07-21 15:29:00,371,NIFTY,EXP_RANGE_BREAKOUT_CONFIRMED_UP,ON,HIGH,2,Expected-range breakout CONFIRMED UP,"{""dedupe_key"":""NIFTY|EXP_RANGE_BREAKOUT_CONFIRMED_UP|ON|2026-07-21 15:29"",""threshold"":2,""value"":2,""since_minute_bucket_ist"":"""",""last_updated_ist"":""2026-07-21 15:29:00""}"
2026-07-21 00:00:00,2026-07-21 15:29:00,371,NIFTY,SMA_CHOP,OFF,LOW,1,SMA chop (frequent crossings),"{""dedupe_key"":""NIFTY|SMA_CHOP|OFF|2026-07-21 15:29"",""threshold"":8,""value"":1,""since_minute_bucket_ist"":""2026-07-21 15:22"",""last_updated_ist"":""2026-07-21 15:29:00""}"
2026-07-21 00:00:00,2026-07-21 15:30:00,372,NIFTY,FLOW_BOTH_UNWINDING,OFF,MED,0,Both sides unwinding,"{""dedupe_key"":""NIFTY|FLOW_BOTH_UNWINDING|OFF|2026-07-21 15:30"",""threshold"":-0.005,""value"":0,""since_minute_bucket_ist"":""2026-07-21 15:27"",""last_updated_ist"":""2026-07-21 15:30:00""}"
2026-07-21 00:00:00,2026-07-21 15:31:00,373,NIFTY,FLOW_BOTH_UNWINDING,ON,MED,-0.013,Both sides unwinding,"{""dedupe_key"":""NIFTY|FLOW_BOTH_UNWINDING|ON|2026-07-21 15:31"",""threshold"":-0.005,""value"":-0.013,""since_minute_bucket_ist"":"""",""last_updated_ist"":""2026-07-21 15:31:00""}"
2026-07-21 00:00:00,2026-07-21 15:31:00,373,NIFTY,EXP_RANGE_BREAKOUT_WATCH_UP,OFF,MED,24192.85,Expected-range watch UP,"{""dedupe_key"":""NIFTY|EXP_RANGE_BREAKOUT_WATCH_UP|OFF|2026-07-21 15:31"",""threshold"":24193.06,""value"":24192.85,""since_minute_bucket_ist"":""2026-07-21 15:28"",""last_updated_ist"":""2026-07-21 15:31:00""}"
2026-07-21 00:00:00,2026-07-21 15:31:00,373,NIFTY,EXP_RANGE_BREAKOUT_CONFIRMED_UP,OFF,HIGH,0,Expected-range breakout CONFIRMED UP,"{""dedupe_key"":""NIFTY|EXP_RANGE_BREAKOUT_CONFIRMED_UP|OFF|2026-07-21 15:31"",""threshold"":2,""value"":0,""since_minute_bucket_ist"":""2026-07-21 15:29"",""last_updated_ist"":""2026-07-21 15:31:00""}"
2026-07-21 00:00:00,2026-07-21 15:31:00,373,NIFTY,VOL_CONTRACTION,ON,LOW,-0.0504,Volatility contracting (straddle down),"{""dedupe_key"":""NIFTY|VOL_CONTRACTION|ON|2026-07-21 15:31"",""threshold"":-0.03,""value"":-0.0504,""since_minute_bucket_ist"":"""",""last_updated_ist"":""2026-07-21 15:31:00""}"
2026-07-21 00:00:00,2026-07-21 15:32:00,374,NIFTY,FLOW_BOTH_UNWINDING,OFF,MED,0,Both sides unwinding,"{""dedupe_key"":""NIFTY|FLOW_BOTH_UNWINDING|OFF|2026-07-21 15:32"",""threshold"":-0.005,""value"":0,""since_minute_bucket_ist"":""2026-07-21 15:31"",""last_updated_ist"":""2026-07-21 15:32:00""}"
2026-07-21 00:00:00,2026-07-21 15:32:00,374,NIFTY,REGIME_RANGE_PIN,ON,LOW,0.0001,Range / pin (inside local walls),"{""dedupe_key"":""NIFTY|REGIME_RANGE_PIN|ON|2026-07-21 15:32"",""threshold"":0.0004,""value"":0.0001,""since_minute_bucket_ist"":"""",""last_updated_ist"":""2026-07-21 15:32:00""}"
2026-07-21 00:00:00,2026-07-21 15:32:00,374,NIFTY,REGIME_TRANSITION_UNCERTAIN,OFF,LOW,1,Transition/uncertain regime,"{""dedupe_key"":""NIFTY|REGIME_TRANSITION_UNCERTAIN|OFF|2026-07-21 15:32"",""threshold"":1,""value"":1,""since_minute_bucket_ist"":""2026-07-21 15:29"",""last_updated_ist"":""2026-07-21 15:32:00""}"
2026-07-21 00:00:00,2026-07-21 15:32:00,374,NIFTY,VOL_CONTRACTION,OFF,LOW,-0.0041,Volatility contracting (straddle down),"{""dedupe_key"":""NIFTY|VOL_CONTRACTION|OFF|2026-07-21 15:32"",""threshold"":-0.03,""value"":-0.0041,""since_minute_bucket_ist"":""2026-07-21 15:31"",""last_updated_ist"":""2026-07-21 15:32:00""}"