date_ist,minute_bucket_ist,run_id,symbol,alert_code,state,severity,value,message,meta
2026-07-31 00:00:00,2026-07-31 09:15:00,1,NIFTY,REGIME_RANGE_PIN,ON,LOW,0,Range / pin (inside local walls),"{""dedupe_key"":""NIFTY|REGIME_RANGE_PIN|ON|2026-07-31 09:15"",""threshold"":0.001,""value"":0,""since_minute_bucket_ist"":"""",""last_updated_ist"":""2026-07-31 09:15:00""}"
2026-07-31 00:00:00,2026-07-31 09:16:00,2,NIFTY,REGIME_RANGE_PIN,OFF,LOW,0,Range / pin (inside local walls),"{""dedupe_key"":""NIFTY|REGIME_RANGE_PIN|OFF|2026-07-31 09:16"",""threshold"":0.001,""value"":0,""since_minute_bucket_ist"":""2026-07-31 09:15"",""last_updated_ist"":""2026-07-31 09:16:00""}"
2026-07-31 00:00:00,2026-07-31 09:16:00,2,NIFTY,REGIME_TRANSITION_UNCERTAIN,ON,LOW,1,Transition/uncertain regime,"{""dedupe_key"":""NIFTY|REGIME_TRANSITION_UNCERTAIN|ON|2026-07-31 09:16"",""threshold"":1,""value"":1,""since_minute_bucket_ist"":"""",""last_updated_ist"":""2026-07-31 09:16:00""}"
2026-07-31 00:00:00,2026-07-31 09:17:00,3,NIFTY,FLOW_BOTH_BUILDING,ON,MED,0.0856,Both sides building (straddle build) → higher chop risk,"{""dedupe_key"":""NIFTY|FLOW_BOTH_BUILDING|ON|2026-07-31 09:17"",""threshold"":0.005,""value"":0.0856,""since_minute_bucket_ist"":"""",""last_updated_ist"":""2026-07-31 09:17:00""}"
2026-07-31 00:00:00,2026-07-31 09:17:00,3,NIFTY,OPTION_MOMENTUM_PUT,ON,MED,1.75,ATM PUT momentum (ltp up + vol up),"{""dedupe_key"":""NIFTY|OPTION_MOMENTUM_PUT|ON|2026-07-31 09:17"",""threshold"":1.5,""value"":1.75,""since_minute_bucket_ist"":"""",""last_updated_ist"":""2026-07-31 09:17:00""}"
2026-07-31 00:00:00,2026-07-31 09:17:00,3,NIFTY,WALL_SHIFT_REGIME,ON,MED,1,Wall strike shifted materially (>= 1 step),"{""dedupe_key"":""NIFTY|WALL_SHIFT_REGIME|ON|2026-07-31 09:17"",""threshold"":1,""value"":1,""since_minute_bucket_ist"":"""",""last_updated_ist"":""2026-07-31 09:17:00""}"
2026-07-31 00:00:00,2026-07-31 09:18:00,4,NIFTY,REGIME_RANGE_PIN,ON,LOW,0,Range / pin (inside local walls),"{""dedupe_key"":""NIFTY|REGIME_RANGE_PIN|ON|2026-07-31 09:18"",""threshold"":0.001,""value"":0,""since_minute_bucket_ist"":"""",""last_updated_ist"":""2026-07-31 09:18:00""}"
2026-07-31 00:00:00,2026-07-31 09:18:00,4,NIFTY,REGIME_TRANSITION_UNCERTAIN,OFF,LOW,1,Transition/uncertain regime,"{""dedupe_key"":""NIFTY|REGIME_TRANSITION_UNCERTAIN|OFF|2026-07-31 09:18"",""threshold"":1,""value"":1,""since_minute_bucket_ist"":""2026-07-31 09:16"",""last_updated_ist"":""2026-07-31 09:18:00""}"
2026-07-31 00:00:00,2026-07-31 09:18:00,4,NIFTY,WALL_SHIFT_REGIME,OFF,MED,1,Wall strike shifted materially (>= 1 step),"{""dedupe_key"":""NIFTY|WALL_SHIFT_REGIME|OFF|2026-07-31 09:18"",""threshold"":1,""value"":1,""since_minute_bucket_ist"":""2026-07-31 09:17"",""last_updated_ist"":""2026-07-31 09:18:00""}"
2026-07-31 00:00:00,2026-07-31 09:19:00,5,NIFTY,REGIME_RANGE_PIN,OFF,LOW,0,Range / pin (inside local walls),"{""dedupe_key"":""NIFTY|REGIME_RANGE_PIN|OFF|2026-07-31 09:19"",""threshold"":0.001,""value"":0,""since_minute_bucket_ist"":""2026-07-31 09:18"",""last_updated_ist"":""2026-07-31 09:19:00""}"
2026-07-31 00:00:00,2026-07-31 09:19:00,5,NIFTY,REGIME_TRANSITION_UNCERTAIN,ON,LOW,1,Transition/uncertain regime,"{""dedupe_key"":""NIFTY|REGIME_TRANSITION_UNCERTAIN|ON|2026-07-31 09:19"",""threshold"":1,""value"":1,""since_minute_bucket_ist"":"""",""last_updated_ist"":""2026-07-31 09:19:00""}"
2026-07-31 00:00:00,2026-07-31 09:19:00,5,NIFTY,OPTION_MOMENTUM_CALL,ON,MED,1.85,ATM CALL momentum (ltp up + vol up),"{""dedupe_key"":""NIFTY|OPTION_MOMENTUM_CALL|ON|2026-07-31 09:19"",""threshold"":1.5,""value"":1.85,""since_minute_bucket_ist"":"""",""last_updated_ist"":""2026-07-31 09:19:00""}"
2026-07-31 00:00:00,2026-07-31 09:19:00,5,NIFTY,OPTION_MOMENTUM_PUT,OFF,MED,-2.6,ATM PUT momentum (ltp up + vol up),"{""dedupe_key"":""NIFTY|OPTION_MOMENTUM_PUT|OFF|2026-07-31 09:19"",""threshold"":1.5,""value"":-2.6,""since_minute_bucket_ist"":""2026-07-31 09:17"",""last_updated_ist"":""2026-07-31 09:19:00""}"
2026-07-31 00:00:00,2026-07-31 09:19:00,5,NIFTY,WALL_SHIFT_REGIME,ON,MED,1,Wall strike shifted materially (>= 1 step),"{""dedupe_key"":""NIFTY|WALL_SHIFT_REGIME|ON|2026-07-31 09:19"",""threshold"":1,""value"":1,""since_minute_bucket_ist"":"""",""last_updated_ist"":""2026-07-31 09:19:00""}"
2026-07-31 00:00:00,2026-07-31 09:20:00,6,NIFTY,FLOW_BOTH_BUILDING,OFF,MED,0,Both sides building (straddle build) → higher chop risk,"{""dedupe_key"":""NIFTY|FLOW_BOTH_BUILDING|OFF|2026-07-31 09:20"",""threshold"":0.005,""value"":0,""since_minute_bucket_ist"":""2026-07-31 09:17"",""last_updated_ist"":""2026-07-31 09:20:00""}"
2026-07-31 00:00:00,2026-07-31 09:20:00,6,NIFTY,OPTION_MOMENTUM_CALL,OFF,MED,0,ATM CALL momentum (ltp up + vol up),"{""dedupe_key"":""NIFTY|OPTION_MOMENTUM_CALL|OFF|2026-07-31 09:20"",""threshold"":1.5,""value"":0,""since_minute_bucket_ist"":""2026-07-31 09:19"",""last_updated_ist"":""2026-07-31 09:20:00""}"
2026-07-31 00:00:00,2026-07-31 09:20:00,6,NIFTY,WALL_SHIFT_REGIME,OFF,MED,1,Wall strike shifted materially (>= 1 step),"{""dedupe_key"":""NIFTY|WALL_SHIFT_REGIME|OFF|2026-07-31 09:20"",""threshold"":1,""value"":1,""since_minute_bucket_ist"":""2026-07-31 09:19"",""last_updated_ist"":""2026-07-31 09:20:00""}"
2026-07-31 00:00:00,2026-07-31 09:21:00,7,NIFTY,FLOW_BOTH_BUILDING,ON,MED,0.0449,Both sides building (straddle build) → higher chop risk,"{""dedupe_key"":""NIFTY|FLOW_BOTH_BUILDING|ON|2026-07-31 09:21"",""threshold"":0.005,""value"":0.0449,""since_minute_bucket_ist"":"""",""last_updated_ist"":""2026-07-31 09:21:00""}"
2026-07-31 00:00:00,2026-07-31 09:21:00,7,NIFTY,REGIME_RANGE_PIN,ON,LOW,0,Range / pin (inside local walls),"{""dedupe_key"":""NIFTY|REGIME_RANGE_PIN|ON|2026-07-31 09:21"",""threshold"":0.001,""value"":0,""since_minute_bucket_ist"":"""",""last_updated_ist"":""2026-07-31 09:21:00""}"
2026-07-31 00:00:00,2026-07-31 09:21:00,7,NIFTY,REGIME_TRANSITION_UNCERTAIN,OFF,LOW,1,Transition/uncertain regime,"{""dedupe_key"":""NIFTY|REGIME_TRANSITION_UNCERTAIN|OFF|2026-07-31 09:21"",""threshold"":1,""value"":1,""since_minute_bucket_ist"":""2026-07-31 09:19"",""last_updated_ist"":""2026-07-31 09:21:00""}"
2026-07-31 00:00:00,2026-07-31 09:21:00,7,NIFTY,OPTION_MOMENTUM_PUT,ON,MED,6.05,ATM PUT momentum (ltp up + vol up),"{""dedupe_key"":""NIFTY|OPTION_MOMENTUM_PUT|ON|2026-07-31 09:21"",""threshold"":1.5,""value"":6.05,""since_minute_bucket_ist"":"""",""last_updated_ist"":""2026-07-31 09:21:00""}"
2026-07-31 00:00:00,2026-07-31 09:22:00,8,NIFTY,VOL_CONTRACTION,ON,LOW,-0.0064,Volatility contracting (straddle down),"{""dedupe_key"":""NIFTY|VOL_CONTRACTION|ON|2026-07-31 09:22"",""threshold"":-0.03,""value"":-0.0064,""since_minute_bucket_ist"":"""",""last_updated_ist"":""2026-07-31 09:22:00""}"
2026-07-31 00:00:00,2026-07-31 09:22:00,8,NIFTY,OPTION_MOMENTUM_CALL,ON,MED,6,ATM CALL momentum (ltp up + vol up),"{""dedupe_key"":""NIFTY|OPTION_MOMENTUM_CALL|ON|2026-07-31 09:22"",""threshold"":1.5,""value"":6,""since_minute_bucket_ist"":"""",""last_updated_ist"":""2026-07-31 09:22:00""}"
2026-07-31 00:00:00,2026-07-31 09:22:00,8,NIFTY,OPTION_MOMENTUM_PUT,OFF,MED,-7.5,ATM PUT momentum (ltp up + vol up),"{""dedupe_key"":""NIFTY|OPTION_MOMENTUM_PUT|OFF|2026-07-31 09:22"",""threshold"":1.5,""value"":-7.5,""since_minute_bucket_ist"":""2026-07-31 09:21"",""last_updated_ist"":""2026-07-31 09:22:00""}"
2026-07-31 00:00:00,2026-07-31 09:22:00,8,NIFTY,WALL_SHIFT_REGIME,ON,MED,1,Wall strike shifted materially (>= 1 step),"{""dedupe_key"":""NIFTY|WALL_SHIFT_REGIME|ON|2026-07-31 09:22"",""threshold"":1,""value"":1,""since_minute_bucket_ist"":"""",""last_updated_ist"":""2026-07-31 09:22:00""}"
2026-07-31 00:00:00,2026-07-31 09:23:00,9,NIFTY,FLOW_BOTH_BUILDING,OFF,MED,0,Both sides building (straddle build) → higher chop risk,"{""dedupe_key"":""NIFTY|FLOW_BOTH_BUILDING|OFF|2026-07-31 09:23"",""threshold"":0.005,""value"":0,""since_minute_bucket_ist"":""2026-07-31 09:21"",""last_updated_ist"":""2026-07-31 09:23:00""}"
2026-07-31 00:00:00,2026-07-31 09:23:00,9,NIFTY,VOL_CONTRACTION,OFF,LOW,-0.0026,Volatility contracting (straddle down),"{""dedupe_key"":""NIFTY|VOL_CONTRACTION|OFF|2026-07-31 09:23"",""threshold"":-0.03,""value"":-0.0026,""since_minute_bucket_ist"":""2026-07-31 09:22"",""last_updated_ist"":""2026-07-31 09:23:00""}"
2026-07-31 00:00:00,2026-07-31 09:23:00,9,NIFTY,OPTION_MOMENTUM_CALL,OFF,MED,0,ATM CALL momentum (ltp up + vol up),"{""dedupe_key"":""NIFTY|OPTION_MOMENTUM_CALL|OFF|2026-07-31 09:23"",""threshold"":1.5,""value"":0,""since_minute_bucket_ist"":""2026-07-31 09:22"",""last_updated_ist"":""2026-07-31 09:23:00""}"
2026-07-31 00:00:00,2026-07-31 09:23:00,9,NIFTY,WALL_SHIFT_REGIME,OFF,MED,1,Wall strike shifted materially (>= 1 step),"{""dedupe_key"":""NIFTY|WALL_SHIFT_REGIME|OFF|2026-07-31 09:23"",""threshold"":1,""value"":1,""since_minute_bucket_ist"":""2026-07-31 09:22"",""last_updated_ist"":""2026-07-31 09:23:00""}"
2026-07-31 00:00:00,2026-07-31 09:24:00,10,NIFTY,FLOW_BOTH_BUILDING,ON,MED,0.0174,Both sides building (straddle build) → higher chop risk,"{""dedupe_key"":""NIFTY|FLOW_BOTH_BUILDING|ON|2026-07-31 09:24"",""threshold"":0.005,""value"":0.0174,""since_minute_bucket_ist"":"""",""last_updated_ist"":""2026-07-31 09:24:00""}"
2026-07-31 00:00:00,2026-07-31 09:24:00,10,NIFTY,CHURN_CHOP,ON,LOW,0.0495,High OI churn while price flat (chop),"{""dedupe_key"":""NIFTY|CHURN_CHOP|ON|2026-07-31 09:24"",""threshold"":0.04,""value"":0.0495,""since_minute_bucket_ist"":"""",""last_updated_ist"":""2026-07-31 09:24:00""}"
2026-07-31 00:00:00,2026-07-31 09:24:00,10,NIFTY,WALL_SHIFT_REGIME,ON,MED,1,Wall strike shifted materially (>= 1 step),"{""dedupe_key"":""NIFTY|WALL_SHIFT_REGIME|ON|2026-07-31 09:24"",""threshold"":1,""value"":1,""since_minute_bucket_ist"":"""",""last_updated_ist"":""2026-07-31 09:24:00""}"
2026-07-31 00:00:00,2026-07-31 09:25:00,11,NIFTY,OPTION_MOMENTUM_PUT,ON,MED,2.3,ATM PUT momentum (ltp up + vol up),"{""dedupe_key"":""NIFTY|OPTION_MOMENTUM_PUT|ON|2026-07-31 09:25"",""threshold"":1.5,""value"":2.3,""since_minute_bucket_ist"":"""",""last_updated_ist"":""2026-07-31 09:25:00""}"
2026-07-31 00:00:00,2026-07-31 09:25:00,11,NIFTY,CHURN_CHOP,OFF,LOW,0.0216,High OI churn while price flat (chop),"{""dedupe_key"":""NIFTY|CHURN_CHOP|OFF|2026-07-31 09:25"",""threshold"":0.04,""value"":0.0216,""since_minute_bucket_ist"":""2026-07-31 09:24"",""last_updated_ist"":""2026-07-31 09:25:00""}"
2026-07-31 00:00:00,2026-07-31 09:25:00,11,NIFTY,WALL_SHIFT_REGIME,OFF,MED,1,Wall strike shifted materially (>= 1 step),"{""dedupe_key"":""NIFTY|WALL_SHIFT_REGIME|OFF|2026-07-31 09:25"",""threshold"":1,""value"":1,""since_minute_bucket_ist"":""2026-07-31 09:24"",""last_updated_ist"":""2026-07-31 09:25:00""}"
2026-07-31 00:00:00,2026-07-31 09:26:00,12,NIFTY,FLOW_BOTH_BUILDING,OFF,MED,0,Both sides building (straddle build) → higher chop risk,"{""dedupe_key"":""NIFTY|FLOW_BOTH_BUILDING|OFF|2026-07-31 09:26"",""threshold"":0.005,""value"":0,""since_minute_bucket_ist"":""2026-07-31 09:24"",""last_updated_ist"":""2026-07-31 09:26:00""}"
2026-07-31 00:00:00,2026-07-31 09:26:00,12,NIFTY,OPTION_MOMENTUM_PUT,OFF,MED,0,ATM PUT momentum (ltp up + vol up),"{""dedupe_key"":""NIFTY|OPTION_MOMENTUM_PUT|OFF|2026-07-31 09:26"",""threshold"":1.5,""value"":0,""since_minute_bucket_ist"":""2026-07-31 09:25"",""last_updated_ist"":""2026-07-31 09:26:00""}"
2026-07-31 00:00:00,2026-07-31 09:27:00,13,NIFTY,FLOW_BOTH_BUILDING,ON,MED,0.0224,Both sides building (straddle build) → higher chop risk,"{""dedupe_key"":""NIFTY|FLOW_BOTH_BUILDING|ON|2026-07-31 09:27"",""threshold"":0.005,""value"":0.0224,""since_minute_bucket_ist"":"""",""last_updated_ist"":""2026-07-31 09:27:00""}"
2026-07-31 00:00:00,2026-07-31 09:28:00,14,NIFTY,FLOW_BOTH_BUILDING,OFF,MED,0,Both sides building (straddle build) → higher chop risk,"{""dedupe_key"":""NIFTY|FLOW_BOTH_BUILDING|OFF|2026-07-31 09:28"",""threshold"":0.005,""value"":0,""since_minute_bucket_ist"":""2026-07-31 09:27"",""last_updated_ist"":""2026-07-31 09:28:00""}"
2026-07-31 00:00:00,2026-07-31 09:28:00,14,NIFTY,VOL_EXPANSION,ON,MED,0.001,Volatility expanding (straddle up),"{""dedupe_key"":""NIFTY|VOL_EXPANSION|ON|2026-07-31 09:28"",""threshold"":0.02,""value"":0.001,""since_minute_bucket_ist"":"""",""last_updated_ist"":""2026-07-31 09:28:00""}"
2026-07-31 00:00:00,2026-07-31 09:28:00,14,NIFTY,OPTION_MOMENTUM_PUT,ON,MED,1.7,ATM PUT momentum (ltp up + vol up),"{""dedupe_key"":""NIFTY|OPTION_MOMENTUM_PUT|ON|2026-07-31 09:28"",""threshold"":1.5,""value"":1.7,""since_minute_bucket_ist"":"""",""last_updated_ist"":""2026-07-31 09:28:00""}"
2026-07-31 00:00:00,2026-07-31 09:29:00,15,NIFTY,FLOW_BOTH_BUILDING,ON,MED,0.0063,Both sides building (straddle build) → higher chop risk,"{""dedupe_key"":""NIFTY|FLOW_BOTH_BUILDING|ON|2026-07-31 09:29"",""threshold"":0.005,""value"":0.0063,""since_minute_bucket_ist"":"""",""last_updated_ist"":""2026-07-31 09:29:00""}"
2026-07-31 00:00:00,2026-07-31 09:30:00,16,NIFTY,FLOW_BOTH_BUILDING,OFF,MED,-0.0007,Both sides building (straddle build) → higher chop risk,"{""dedupe_key"":""NIFTY|FLOW_BOTH_BUILDING|OFF|2026-07-31 09:30"",""threshold"":0.005,""value"":-0.0007,""since_minute_bucket_ist"":""2026-07-31 09:29"",""last_updated_ist"":""2026-07-31 09:30:00""}"
2026-07-31 00:00:00,2026-07-31 09:30:00,16,NIFTY,FLOW_BEARISH_BUILD,ON,HIGH,0.0072,Bearish build (premium-confirmed writing / resistance),"{""dedupe_key"":""NIFTY|FLOW_BEARISH_BUILD|ON|2026-07-31 09:30"",""threshold"":0.005,""value"":0.0072,""since_minute_bucket_ist"":"""",""last_updated_ist"":""2026-07-31 09:30:00""}"
2026-07-31 00:00:00,2026-07-31 09:30:00,16,NIFTY,EXP_RANGE_BREAKOUT_WATCH_DOWN,ON,MED,24340.3,Expected-range watch DOWN,"{""dedupe_key"":""NIFTY|EXP_RANGE_BREAKOUT_WATCH_DOWN|ON|2026-07-31 09:30"",""threshold"":24343.51,""value"":24340.3,""since_minute_bucket_ist"":"""",""last_updated_ist"":""2026-07-31 09:30:00""}"
2026-07-31 00:00:00,2026-07-31 09:30:00,16,NIFTY,CHURN_COMMITTED,ON,MED,-0.0002,Price move + aligned flow (committed),"{""dedupe_key"":""NIFTY|CHURN_COMMITTED|ON|2026-07-31 09:30"",""threshold"":0.0001,""value"":-0.0002,""since_minute_bucket_ist"":"""",""last_updated_ist"":""2026-07-31 09:30:00""}"
2026-07-31 00:00:00,2026-07-31 09:30:00,16,NIFTY,WALL_SHIFT_REGIME,ON,MED,1,Wall strike shifted materially (>= 1 step),"{""dedupe_key"":""NIFTY|WALL_SHIFT_REGIME|ON|2026-07-31 09:30"",""threshold"":1,""value"":1,""since_minute_bucket_ist"":"""",""last_updated_ist"":""2026-07-31 09:30:00""}"
2026-07-31 00:00:00,2026-07-31 09:31:00,17,NIFTY,FLOW_BOTH_BUILDING,ON,MED,0.0075,Both sides building (straddle build) → higher chop risk,"{""dedupe_key"":""NIFTY|FLOW_BOTH_BUILDING|ON|2026-07-31 09:31"",""threshold"":0.005,""value"":0.0075,""since_minute_bucket_ist"":"""",""last_updated_ist"":""2026-07-31 09:31:00""}"
2026-07-31 00:00:00,2026-07-31 09:31:00,17,NIFTY,FLOW_BEARISH_BUILD,OFF,HIGH,0.0254,Bearish build (premium-confirmed writing / resistance),"{""dedupe_key"":""NIFTY|FLOW_BEARISH_BUILD|OFF|2026-07-31 09:31"",""threshold"":0.005,""value"":0.0254,""since_minute_bucket_ist"":""2026-07-31 09:30"",""last_updated_ist"":""2026-07-31 09:31:00""}"
2026-07-31 00:00:00,2026-07-31 09:31:00,17,NIFTY,REGIME_RANGE_PIN,OFF,LOW,0.0001,Range / pin (inside local walls),"{""dedupe_key"":""NIFTY|REGIME_RANGE_PIN|OFF|2026-07-31 09:31"",""threshold"":0.001,""value"":0.0001,""since_minute_bucket_ist"":""2026-07-31 09:21"",""last_updated_ist"":""2026-07-31 09:31:00""}"
2026-07-31 00:00:00,2026-07-31 09:31:00,17,NIFTY,REGIME_TRANSITION_UNCERTAIN,ON,LOW,1,Transition/uncertain regime,"{""dedupe_key"":""NIFTY|REGIME_TRANSITION_UNCERTAIN|ON|2026-07-31 09:31"",""threshold"":1,""value"":1,""since_minute_bucket_ist"":"""",""last_updated_ist"":""2026-07-31 09:31:00""}"
2026-07-31 00:00:00,2026-07-31 09:31:00,17,NIFTY,EXP_RANGE_BREAKOUT_CONFIRMED_DOWN,ON,HIGH,2,Expected-range breakout CONFIRMED DOWN,"{""dedupe_key"":""NIFTY|EXP_RANGE_BREAKOUT_CONFIRMED_DOWN|ON|2026-07-31 09:31"",""threshold"":2,""value"":2,""since_minute_bucket_ist"":"""",""last_updated_ist"":""2026-07-31 09:31:00""}"
2026-07-31 00:00:00,2026-07-31 09:31:00,17,NIFTY,CHURN_COMMITTED,OFF,MED,-0.0002,Price move + aligned flow (committed),"{""dedupe_key"":""NIFTY|CHURN_COMMITTED|OFF|2026-07-31 09:31"",""threshold"":0.0001,""value"":-0.0002,""since_minute_bucket_ist"":""2026-07-31 09:30"",""last_updated_ist"":""2026-07-31 09:31:00""}"
2026-07-31 00:00:00,2026-07-31 09:32:00,18,NIFTY,REGIME_TREND_DOWN,ON,MED,-0.0012,Trend DOWN (slope + direction),"{""dedupe_key"":""NIFTY|REGIME_TREND_DOWN|ON|2026-07-31 09:32"",""threshold"":-0.001,""value"":-0.0012,""since_minute_bucket_ist"":"""",""last_updated_ist"":""2026-07-31 09:32:00""}"
2026-07-31 00:00:00,2026-07-31 09:32:00,18,NIFTY,REGIME_TRANSITION_UNCERTAIN,OFF,LOW,1,Transition/uncertain regime,"{""dedupe_key"":""NIFTY|REGIME_TRANSITION_UNCERTAIN|OFF|2026-07-31 09:32"",""threshold"":1,""value"":1,""since_minute_bucket_ist"":""2026-07-31 09:31"",""last_updated_ist"":""2026-07-31 09:32:00""}"
2026-07-31 00:00:00,2026-07-31 09:32:00,18,NIFTY,WALL_SHIFT_REGIME,OFF,MED,1,Wall strike shifted materially (>= 1 step),"{""dedupe_key"":""NIFTY|WALL_SHIFT_REGIME|OFF|2026-07-31 09:32"",""threshold"":1,""value"":1,""since_minute_bucket_ist"":""2026-07-31 09:30"",""last_updated_ist"":""2026-07-31 09:32:00""}"
2026-07-31 00:00:00,2026-07-31 09:33:00,19,NIFTY,FLOW_BOTH_BUILDING,OFF,MED,0,Both sides building (straddle build) → higher chop risk,"{""dedupe_key"":""NIFTY|FLOW_BOTH_BUILDING|OFF|2026-07-31 09:33"",""threshold"":0.005,""value"":0,""since_minute_bucket_ist"":""2026-07-31 09:31"",""last_updated_ist"":""2026-07-31 09:33:00""}"
2026-07-31 00:00:00,2026-07-31 09:33:00,19,NIFTY,OPTION_MOMENTUM_PUT,OFF,MED,0,ATM PUT momentum (ltp up + vol up),"{""dedupe_key"":""NIFTY|OPTION_MOMENTUM_PUT|OFF|2026-07-31 09:33"",""threshold"":1.5,""value"":0,""since_minute_bucket_ist"":""2026-07-31 09:28"",""last_updated_ist"":""2026-07-31 09:33:00""}"
2026-07-31 00:00:00,2026-07-31 09:34:00,20,NIFTY,FLOW_BEARISH_BUILD,ON,HIGH,0.0375,Bearish build (premium-confirmed writing / resistance),"{""dedupe_key"":""NIFTY|FLOW_BEARISH_BUILD|ON|2026-07-31 09:34"",""threshold"":0.005,""value"":0.0375,""since_minute_bucket_ist"":"""",""last_updated_ist"":""2026-07-31 09:34:00""}"
2026-07-31 00:00:00,2026-07-31 09:34:00,20,NIFTY,OPTION_MOMENTUM_PUT,ON,MED,3.05,ATM PUT momentum (ltp up + vol up),"{""dedupe_key"":""NIFTY|OPTION_MOMENTUM_PUT|ON|2026-07-31 09:34"",""threshold"":1.5,""value"":3.05,""since_minute_bucket_ist"":"""",""last_updated_ist"":""2026-07-31 09:34:00""}"
2026-07-31 00:00:00,2026-07-31 09:34:00,20,NIFTY,CHURN_COMMITTED,ON,MED,-0.0003,Price move + aligned flow (committed),"{""dedupe_key"":""NIFTY|CHURN_COMMITTED|ON|2026-07-31 09:34"",""threshold"":0.0001,""value"":-0.0003,""since_minute_bucket_ist"":"""",""last_updated_ist"":""2026-07-31 09:34:00""}"
2026-07-31 00:00:00,2026-07-31 09:34:00,20,NIFTY,STEALTH_BUILD_BEAR,ON,MED,0.0375,"Stealth bearish build (calls build, spot flat)","{""dedupe_key"":""NIFTY|STEALTH_BUILD_BEAR|ON|2026-07-31 09:34"",""threshold"":0.008,""value"":0.0375,""since_minute_bucket_ist"":"""",""last_updated_ist"":""2026-07-31 09:34:00""}"
2026-07-31 00:00:00,2026-07-31 09:34:00,20,NIFTY,WALL_SHIFT_REGIME,ON,MED,1,Wall strike shifted materially (>= 1 step),"{""dedupe_key"":""NIFTY|WALL_SHIFT_REGIME|ON|2026-07-31 09:34"",""threshold"":1,""value"":1,""since_minute_bucket_ist"":"""",""last_updated_ist"":""2026-07-31 09:34:00""}"
2026-07-31 00:00:00,2026-07-31 09:35:00,21,NIFTY,TRADE_LIMIT_REACHED,ON,MED,1,Cooldown active (2m),"{""dedupe_key"":""NIFTY|TRADE_LIMIT_REACHED|ON|2026-07-31 09:35"",""threshold"":500,""value"":1,""since_minute_bucket_ist"":"""",""last_updated_ist"":""2026-07-31 09:35:00""}"
2026-07-31 00:00:00,2026-07-31 09:35:00,21,NIFTY,OPTION_MOMENTUM_PUT,OFF,MED,1.2,ATM PUT momentum (ltp up + vol up),"{""dedupe_key"":""NIFTY|OPTION_MOMENTUM_PUT|OFF|2026-07-31 09:35"",""threshold"":1.5,""value"":1.2,""since_minute_bucket_ist"":""2026-07-31 09:34"",""last_updated_ist"":""2026-07-31 09:35:00""}"
2026-07-31 00:00:00,2026-07-31 09:35:00,21,NIFTY,CHURN_COMMITTED,OFF,MED,-0.0001,Price move + aligned flow (committed),"{""dedupe_key"":""NIFTY|CHURN_COMMITTED|OFF|2026-07-31 09:35"",""threshold"":0.0001,""value"":-0.0001,""since_minute_bucket_ist"":""2026-07-31 09:34"",""last_updated_ist"":""2026-07-31 09:35:00""}"
2026-07-31 00:00:00,2026-07-31 09:35:00,21,NIFTY,WALL_SHIFT_REGIME,OFF,MED,1,Wall strike shifted materially (>= 1 step),"{""dedupe_key"":""NIFTY|WALL_SHIFT_REGIME|OFF|2026-07-31 09:35"",""threshold"":1,""value"":1,""since_minute_bucket_ist"":""2026-07-31 09:34"",""last_updated_ist"":""2026-07-31 09:35:00""}"
2026-07-31 00:00:00,2026-07-31 09:36:00,22,NIFTY,TRADE_LIMIT_REACHED,OFF,MED,1,Cooldown active (2m),"{""dedupe_key"":""NIFTY|TRADE_LIMIT_REACHED|OFF|2026-07-31 09:36"",""threshold"":500,""value"":1,""since_minute_bucket_ist"":""2026-07-31 09:35"",""last_updated_ist"":""2026-07-31 09:36:00""}"
2026-07-31 00:00:00,2026-07-31 09:36:00,22,NIFTY,REGIME_TREND_DOWN,OFF,MED,-0.0009,Trend DOWN (slope + direction),"{""dedupe_key"":""NIFTY|REGIME_TREND_DOWN|OFF|2026-07-31 09:36"",""threshold"":-0.001,""value"":-0.0009,""since_minute_bucket_ist"":""2026-07-31 09:32"",""last_updated_ist"":""2026-07-31 09:36:00""}"
2026-07-31 00:00:00,2026-07-31 09:36:00,22,NIFTY,REGIME_TRANSITION_UNCERTAIN,ON,LOW,1,Transition/uncertain regime,"{""dedupe_key"":""NIFTY|REGIME_TRANSITION_UNCERTAIN|ON|2026-07-31 09:36"",""threshold"":1,""value"":1,""since_minute_bucket_ist"":"""",""last_updated_ist"":""2026-07-31 09:36:00""}"
2026-07-31 00:00:00,2026-07-31 09:36:00,22,NIFTY,EXP_RANGE_BREAKOUT_WATCH_DOWN,OFF,MED,24312.5,Expected-range watch DOWN,"{""dedupe_key"":""NIFTY|EXP_RANGE_BREAKOUT_WATCH_DOWN|OFF|2026-07-31 09:36"",""threshold"":24310.8,""value"":24312.5,""since_minute_bucket_ist"":""2026-07-31 09:30"",""last_updated_ist"":""2026-07-31 09:36:00""}"
2026-07-31 00:00:00,2026-07-31 09:36:00,22,NIFTY,EXP_RANGE_BREAKOUT_CONFIRMED_DOWN,OFF,HIGH,0,Expected-range breakout CONFIRMED DOWN,"{""dedupe_key"":""NIFTY|EXP_RANGE_BREAKOUT_CONFIRMED_DOWN|OFF|2026-07-31 09:36"",""threshold"":2,""value"":0,""since_minute_bucket_ist"":""2026-07-31 09:31"",""last_updated_ist"":""2026-07-31 09:36:00""}"
2026-07-31 00:00:00,2026-07-31 09:36:00,22,NIFTY,OPTION_MOMENTUM_PUT,ON,MED,5.05,ATM PUT momentum (ltp up + vol up),"{""dedupe_key"":""NIFTY|OPTION_MOMENTUM_PUT|ON|2026-07-31 09:36"",""threshold"":1.5,""value"":5.05,""since_minute_bucket_ist"":"""",""last_updated_ist"":""2026-07-31 09:36:00""}"
2026-07-31 00:00:00,2026-07-31 09:37:00,23,NIFTY,FLOW_BOTH_BUILDING,ON,MED,0.0071,Both sides building (straddle build) → higher chop risk,"{""dedupe_key"":""NIFTY|FLOW_BOTH_BUILDING|ON|2026-07-31 09:37"",""threshold"":0.005,""value"":0.0071,""since_minute_bucket_ist"":"""",""last_updated_ist"":""2026-07-31 09:37:00""}"
2026-07-31 00:00:00,2026-07-31 09:37:00,23,NIFTY,FLOW_BEARISH_BUILD,OFF,HIGH,0.0162,Bearish build (premium-confirmed writing / resistance),"{""dedupe_key"":""NIFTY|FLOW_BEARISH_BUILD|OFF|2026-07-31 09:37"",""threshold"":0.005,""value"":0.0162,""since_minute_bucket_ist"":""2026-07-31 09:34"",""last_updated_ist"":""2026-07-31 09:37:00""}"
2026-07-31 00:00:00,2026-07-31 09:37:00,23,NIFTY,EXP_RANGE_BREAKOUT_WATCH_DOWN,ON,MED,24301.2,Expected-range watch DOWN,"{""dedupe_key"":""NIFTY|EXP_RANGE_BREAKOUT_WATCH_DOWN|ON|2026-07-31 09:37"",""threshold"":24304.95,""value"":24301.2,""since_minute_bucket_ist"":"""",""last_updated_ist"":""2026-07-31 09:37:00""}"
2026-07-31 00:00:00,2026-07-31 09:37:00,23,NIFTY,OPTION_MOMENTUM_PUT,OFF,MED,-1.1,ATM PUT momentum (ltp up + vol up),"{""dedupe_key"":""NIFTY|OPTION_MOMENTUM_PUT|OFF|2026-07-31 09:37"",""threshold"":1.5,""value"":-1.1,""since_minute_bucket_ist"":""2026-07-31 09:36"",""last_updated_ist"":""2026-07-31 09:37:00""}"
2026-07-31 00:00:00,2026-07-31 09:37:00,23,NIFTY,STEALTH_BUILD_BEAR,OFF,MED,0.0162,"Stealth bearish build (calls build, spot flat)","{""dedupe_key"":""NIFTY|STEALTH_BUILD_BEAR|OFF|2026-07-31 09:37"",""threshold"":0.008,""value"":0.0162,""since_minute_bucket_ist"":""2026-07-31 09:34"",""last_updated_ist"":""2026-07-31 09:37:00""}"
2026-07-31 00:00:00,2026-07-31 09:38:00,24,NIFTY,EXP_RANGE_BREAKOUT_WATCH_DOWN,OFF,MED,24303.75,Expected-range watch DOWN,"{""dedupe_key"":""NIFTY|EXP_RANGE_BREAKOUT_WATCH_DOWN|OFF|2026-07-31 09:38"",""threshold"":24301.01,""value"":24303.75,""since_minute_bucket_ist"":""2026-07-31 09:37"",""last_updated_ist"":""2026-07-31 09:38:00""}"
2026-07-31 00:00:00,2026-07-31 09:38:00,24,NIFTY,VOL_EXPANSION,OFF,MED,0.008,Volatility expanding (straddle up),"{""dedupe_key"":""NIFTY|VOL_EXPANSION|OFF|2026-07-31 09:38"",""threshold"":0.02,""value"":0.008,""since_minute_bucket_ist"":""2026-07-31 09:28"",""last_updated_ist"":""2026-07-31 09:38:00""}"
2026-07-31 00:00:00,2026-07-31 09:39:00,25,NIFTY,FLOW_BOTH_BUILDING,OFF,MED,0,Both sides building (straddle build) → higher chop risk,"{""dedupe_key"":""NIFTY|FLOW_BOTH_BUILDING|OFF|2026-07-31 09:39"",""threshold"":0.005,""value"":0,""since_minute_bucket_ist"":""2026-07-31 09:37"",""last_updated_ist"":""2026-07-31 09:39:00""}"
2026-07-31 00:00:00,2026-07-31 09:39:00,25,NIFTY,REGIME_RANGE_PIN,ON,LOW,0.0002,Range / pin (inside local walls),"{""dedupe_key"":""NIFTY|REGIME_RANGE_PIN|ON|2026-07-31 09:39"",""threshold"":0.001,""value"":0.0002,""since_minute_bucket_ist"":"""",""last_updated_ist"":""2026-07-31 09:39:00""}"
2026-07-31 00:00:00,2026-07-31 09:39:00,25,NIFTY,REGIME_TRANSITION_UNCERTAIN,OFF,LOW,1,Transition/uncertain regime,"{""dedupe_key"":""NIFTY|REGIME_TRANSITION_UNCERTAIN|OFF|2026-07-31 09:39"",""threshold"":1,""value"":1,""since_minute_bucket_ist"":""2026-07-31 09:36"",""last_updated_ist"":""2026-07-31 09:39:00""}"
2026-07-31 00:00:00,2026-07-31 09:40:00,26,NIFTY,FLOW_BOTH_BUILDING,ON,MED,0.0075,Both sides building (straddle build) → higher chop risk,"{""dedupe_key"":""NIFTY|FLOW_BOTH_BUILDING|ON|2026-07-31 09:40"",""threshold"":0.005,""value"":0.0075,""since_minute_bucket_ist"":"""",""last_updated_ist"":""2026-07-31 09:40:00""}"
2026-07-31 00:00:00,2026-07-31 09:40:00,26,NIFTY,OPTION_MOMENTUM_CALL,ON,MED,2.45,ATM CALL momentum (ltp up + vol up),"{""dedupe_key"":""NIFTY|OPTION_MOMENTUM_CALL|ON|2026-07-31 09:40"",""threshold"":1.5,""value"":2.45,""since_minute_bucket_ist"":"""",""last_updated_ist"":""2026-07-31 09:40:00""}"
2026-07-31 00:00:00,2026-07-31 09:40:00,26,NIFTY,CHURN_CHOP,ON,LOW,0.0424,High OI churn while price flat (chop),"{""dedupe_key"":""NIFTY|CHURN_CHOP|ON|2026-07-31 09:40"",""threshold"":0.04,""value"":0.0424,""since_minute_bucket_ist"":"""",""last_updated_ist"":""2026-07-31 09:40:00""}"
2026-07-31 00:00:00,2026-07-31 09:40:00,26,NIFTY,TAIL_RISK_SKEW_LOW,ON,LOW,0.53,Tail-risk skew low (PCR_COI low),"{""dedupe_key"":""NIFTY|TAIL_RISK_SKEW_LOW|ON|2026-07-31 09:40"",""threshold"":0.55,""value"":0.53,""since_minute_bucket_ist"":"""",""last_updated_ist"":""2026-07-31 09:40:00""}"
2026-07-31 00:00:00,2026-07-31 09:41:00,27,NIFTY,FLOW_BOTH_BUILDING,OFF,MED,0.0032,Both sides building (straddle build) → higher chop risk,"{""dedupe_key"":""NIFTY|FLOW_BOTH_BUILDING|OFF|2026-07-31 09:41"",""threshold"":0.005,""value"":0.0032,""since_minute_bucket_ist"":""2026-07-31 09:40"",""last_updated_ist"":""2026-07-31 09:41:00""}"
2026-07-31 00:00:00,2026-07-31 09:41:00,27,NIFTY,REGIME_RANGE_PIN,OFF,LOW,0.0003,Range / pin (inside local walls),"{""dedupe_key"":""NIFTY|REGIME_RANGE_PIN|OFF|2026-07-31 09:41"",""threshold"":0.001,""value"":0.0003,""since_minute_bucket_ist"":""2026-07-31 09:39"",""last_updated_ist"":""2026-07-31 09:41:00""}"
2026-07-31 00:00:00,2026-07-31 09:41:00,27,NIFTY,REGIME_TRANSITION_UNCERTAIN,ON,LOW,1,Transition/uncertain regime,"{""dedupe_key"":""NIFTY|REGIME_TRANSITION_UNCERTAIN|ON|2026-07-31 09:41"",""threshold"":1,""value"":1,""since_minute_bucket_ist"":"""",""last_updated_ist"":""2026-07-31 09:41:00""}"
2026-07-31 00:00:00,2026-07-31 09:41:00,27,NIFTY,VOL_CONTRACTION,ON,LOW,-0.029,Volatility contracting (straddle down),"{""dedupe_key"":""NIFTY|VOL_CONTRACTION|ON|2026-07-31 09:41"",""threshold"":-0.03,""value"":-0.029,""since_minute_bucket_ist"":"""",""last_updated_ist"":""2026-07-31 09:41:00""}"
2026-07-31 00:00:00,2026-07-31 09:41:00,27,NIFTY,CHURN_CHOP,OFF,LOW,0.0082,High OI churn while price flat (chop),"{""dedupe_key"":""NIFTY|CHURN_CHOP|OFF|2026-07-31 09:41"",""threshold"":0.04,""value"":0.0082,""since_minute_bucket_ist"":""2026-07-31 09:40"",""last_updated_ist"":""2026-07-31 09:41:00""}"
2026-07-31 00:00:00,2026-07-31 09:42:00,28,NIFTY,FLOW_BOTH_BUILDING,ON,MED,0.0091,Both sides building (straddle build) → higher chop risk,"{""dedupe_key"":""NIFTY|FLOW_BOTH_BUILDING|ON|2026-07-31 09:42"",""threshold"":0.005,""value"":0.0091,""since_minute_bucket_ist"":"""",""last_updated_ist"":""2026-07-31 09:42:00""}"
2026-07-31 00:00:00,2026-07-31 09:42:00,28,NIFTY,REGIME_TREND_UP,ON,MED,0.0012,Trend UP (slope + direction),"{""dedupe_key"":""NIFTY|REGIME_TREND_UP|ON|2026-07-31 09:42"",""threshold"":0.001,""value"":0.0012,""since_minute_bucket_ist"":"""",""last_updated_ist"":""2026-07-31 09:42:00""}"
2026-07-31 00:00:00,2026-07-31 09:42:00,28,NIFTY,REGIME_TRANSITION_UNCERTAIN,OFF,LOW,1,Transition/uncertain regime,"{""dedupe_key"":""NIFTY|REGIME_TRANSITION_UNCERTAIN|OFF|2026-07-31 09:42"",""threshold"":1,""value"":1,""since_minute_bucket_ist"":""2026-07-31 09:41"",""last_updated_ist"":""2026-07-31 09:42:00""}"
2026-07-31 00:00:00,2026-07-31 09:43:00,29,NIFTY,FLOW_BOTH_BUILDING,OFF,MED,-0.0037,Both sides building (straddle build) → higher chop risk,"{""dedupe_key"":""NIFTY|FLOW_BOTH_BUILDING|OFF|2026-07-31 09:43"",""threshold"":0.005,""value"":-0.0037,""since_minute_bucket_ist"":""2026-07-31 09:42"",""last_updated_ist"":""2026-07-31 09:43:00""}"
2026-07-31 00:00:00,2026-07-31 09:43:00,29,NIFTY,FLOW_BULLISH_BUILD,ON,HIGH,0.0117,Bullish build (premium-confirmed writing / support),"{""dedupe_key"":""NIFTY|FLOW_BULLISH_BUILD|ON|2026-07-31 09:43"",""threshold"":0.005,""value"":0.0117,""since_minute_bucket_ist"":"""",""last_updated_ist"":""2026-07-31 09:43:00""}"
2026-07-31 00:00:00,2026-07-31 09:43:00,29,NIFTY,EXP_RANGE_BREAKOUT_WATCH_UP,ON,MED,24345.8,Expected-range watch UP,"{""dedupe_key"":""NIFTY|EXP_RANGE_BREAKOUT_WATCH_UP|ON|2026-07-31 09:43"",""threshold"":24333.66,""value"":24345.8,""since_minute_bucket_ist"":"""",""last_updated_ist"":""2026-07-31 09:43:00""}"
2026-07-31 00:00:00,2026-07-31 09:43:00,29,NIFTY,CHURN_COMMITTED,ON,MED,0.0006,Price move + aligned flow (committed),"{""dedupe_key"":""NIFTY|CHURN_COMMITTED|ON|2026-07-31 09:43"",""threshold"":0.0001,""value"":0.0006,""since_minute_bucket_ist"":"""",""last_updated_ist"":""2026-07-31 09:43:00""}"
2026-07-31 00:00:00,2026-07-31 09:44:00,30,NIFTY,TRADE_LIMIT_REACHED,ON,MED,2,Cooldown active (2m),"{""dedupe_key"":""NIFTY|TRADE_LIMIT_REACHED|ON|2026-07-31 09:44"",""threshold"":500,""value"":2,""since_minute_bucket_ist"":"""",""last_updated_ist"":""2026-07-31 09:44:00""}"
2026-07-31 00:00:00,2026-07-31 09:44:00,30,NIFTY,FLOW_BULLISH_BUILD,OFF,HIGH,0,Bullish build (premium-confirmed writing / support),"{""dedupe_key"":""NIFTY|FLOW_BULLISH_BUILD|OFF|2026-07-31 09:44"",""threshold"":0.005,""value"":0,""since_minute_bucket_ist"":""2026-07-31 09:43"",""last_updated_ist"":""2026-07-31 09:44:00""}"
2026-07-31 00:00:00,2026-07-31 09:44:00,30,NIFTY,EXP_RANGE_BREAKOUT_CONFIRMED_UP,ON,HIGH,2,Expected-range breakout CONFIRMED UP,"{""dedupe_key"":""NIFTY|EXP_RANGE_BREAKOUT_CONFIRMED_UP|ON|2026-07-31 09:44"",""threshold"":2,""value"":2,""since_minute_bucket_ist"":"""",""last_updated_ist"":""2026-07-31 09:44:00""}"
2026-07-31 00:00:00,2026-07-31 09:44:00,30,NIFTY,OPTION_MOMENTUM_CALL,OFF,MED,0,ATM CALL momentum (ltp up + vol up),"{""dedupe_key"":""NIFTY|OPTION_MOMENTUM_CALL|OFF|2026-07-31 09:44"",""threshold"":1.5,""value"":0,""since_minute_bucket_ist"":""2026-07-31 09:40"",""last_updated_ist"":""2026-07-31 09:44:00""}"
2026-07-31 00:00:00,2026-07-31 09:44:00,30,NIFTY,CHURN_COMMITTED,OFF,MED,0,Price move + aligned flow (committed),"{""dedupe_key"":""NIFTY|CHURN_COMMITTED|OFF|2026-07-31 09:44"",""threshold"":0.0001,""value"":0,""since_minute_bucket_ist"":""2026-07-31 09:43"",""last_updated_ist"":""2026-07-31 09:44:00""}"
2026-07-31 00:00:00,2026-07-31 09:45:00,31,NIFTY,FLOW_BULLISH_BUILD,ON,HIGH,0.0073,Bullish build (premium-confirmed writing / support),"{""dedupe_key"":""NIFTY|FLOW_BULLISH_BUILD|ON|2026-07-31 09:45"",""threshold"":0.005,""value"":0.0073,""since_minute_bucket_ist"":"""",""last_updated_ist"":""2026-07-31 09:45:00""}"
2026-07-31 00:00:00,2026-07-31 09:45:00,31,NIFTY,OPTION_MOMENTUM_CALL,ON,MED,3.3,ATM CALL momentum (ltp up + vol up),"{""dedupe_key"":""NIFTY|OPTION_MOMENTUM_CALL|ON|2026-07-31 09:45"",""threshold"":1.5,""value"":3.3,""since_minute_bucket_ist"":"""",""last_updated_ist"":""2026-07-31 09:45:00""}"
2026-07-31 00:00:00,2026-07-31 09:45:00,31,NIFTY,WALL_UNWIND_CONFIRM_UP,ON,MED,-0.024,Call wall OI unwinding (5m),"{""dedupe_key"":""NIFTY|WALL_UNWIND_CONFIRM_UP|ON|2026-07-31 09:45"",""threshold"":-0.006,""value"":-0.024,""since_minute_bucket_ist"":"""",""last_updated_ist"":""2026-07-31 09:45:00""}"
2026-07-31 00:00:00,2026-07-31 09:45:00,31,NIFTY,CHURN_COMMITTED,ON,MED,0.0002,Price move + aligned flow (committed),"{""dedupe_key"":""NIFTY|CHURN_COMMITTED|ON|2026-07-31 09:45"",""threshold"":0.0001,""value"":0.0002,""since_minute_bucket_ist"":"""",""last_updated_ist"":""2026-07-31 09:45:00""}"
2026-07-31 00:00:00,2026-07-31 09:45:00,31,NIFTY,TAIL_RISK_SKEW_LOW,OFF,LOW,0.57,Tail-risk skew low (PCR_COI low),"{""dedupe_key"":""NIFTY|TAIL_RISK_SKEW_LOW|OFF|2026-07-31 09:45"",""threshold"":0.55,""value"":0.57,""since_minute_bucket_ist"":""2026-07-31 09:40"",""last_updated_ist"":""2026-07-31 09:45:00""}"
2026-07-31 00:00:00,2026-07-31 09:46:00,32,NIFTY,TRADE_LIMIT_REACHED,OFF,MED,2,Cooldown active (2m),"{""dedupe_key"":""NIFTY|TRADE_LIMIT_REACHED|OFF|2026-07-31 09:46"",""threshold"":500,""value"":2,""since_minute_bucket_ist"":""2026-07-31 09:44"",""last_updated_ist"":""2026-07-31 09:46:00""}"
2026-07-31 00:00:00,2026-07-31 09:46:00,32,NIFTY,FLOW_BULLISH_BUILD,OFF,HIGH,0.0317,Bullish build (premium-confirmed writing / support),"{""dedupe_key"":""NIFTY|FLOW_BULLISH_BUILD|OFF|2026-07-31 09:46"",""threshold"":0.005,""value"":0.0317,""since_minute_bucket_ist"":""2026-07-31 09:45"",""last_updated_ist"":""2026-07-31 09:46:00""}"
2026-07-31 00:00:00,2026-07-31 09:46:00,32,NIFTY,REGIME_TREND_UP,OFF,MED,0.0006,Trend UP (slope + direction),"{""dedupe_key"":""NIFTY|REGIME_TREND_UP|OFF|2026-07-31 09:46"",""threshold"":0.001,""value"":0.0006,""since_minute_bucket_ist"":""2026-07-31 09:42"",""last_updated_ist"":""2026-07-31 09:46:00""}"
2026-07-31 00:00:00,2026-07-31 09:46:00,32,NIFTY,REGIME_TRANSITION_UNCERTAIN,ON,LOW,1,Transition/uncertain regime,"{""dedupe_key"":""NIFTY|REGIME_TRANSITION_UNCERTAIN|ON|2026-07-31 09:46"",""threshold"":1,""value"":1,""since_minute_bucket_ist"":"""",""last_updated_ist"":""2026-07-31 09:46:00""}"
2026-07-31 00:00:00,2026-07-31 09:46:00,32,NIFTY,EXP_RANGE_BREAKOUT_WATCH_UP,OFF,MED,24341.15,Expected-range watch UP,"{""dedupe_key"":""NIFTY|EXP_RANGE_BREAKOUT_WATCH_UP|OFF|2026-07-31 09:46"",""threshold"":24348.23,""value"":24341.15,""since_minute_bucket_ist"":""2026-07-31 09:43"",""last_updated_ist"":""2026-07-31 09:46:00""}"
2026-07-31 00:00:00,2026-07-31 09:46:00,32,NIFTY,EXP_RANGE_BREAKOUT_CONFIRMED_UP,OFF,HIGH,0,Expected-range breakout CONFIRMED UP,"{""dedupe_key"":""NIFTY|EXP_RANGE_BREAKOUT_CONFIRMED_UP|OFF|2026-07-31 09:46"",""threshold"":2,""value"":0,""since_minute_bucket_ist"":""2026-07-31 09:44"",""last_updated_ist"":""2026-07-31 09:46:00""}"
2026-07-31 00:00:00,2026-07-31 09:46:00,32,NIFTY,VOL_CONTRACTION,OFF,LOW,-0.0068,Volatility contracting (straddle down),"{""dedupe_key"":""NIFTY|VOL_CONTRACTION|OFF|2026-07-31 09:46"",""threshold"":-0.03,""value"":-0.0068,""since_minute_bucket_ist"":""2026-07-31 09:41"",""last_updated_ist"":""2026-07-31 09:46:00""}"
2026-07-31 00:00:00,2026-07-31 09:46:00,32,NIFTY,OPTION_MOMENTUM_CALL,OFF,MED,-5.6,ATM CALL momentum (ltp up + vol up),"{""dedupe_key"":""NIFTY|OPTION_MOMENTUM_CALL|OFF|2026-07-31 09:46"",""threshold"":1.5,""value"":-5.6,""since_minute_bucket_ist"":""2026-07-31 09:45"",""last_updated_ist"":""2026-07-31 09:46:00""}"
2026-07-31 00:00:00,2026-07-31 09:46:00,32,NIFTY,OPTION_MOMENTUM_PUT,ON,MED,8,ATM PUT momentum (ltp up + vol up),"{""dedupe_key"":""NIFTY|OPTION_MOMENTUM_PUT|ON|2026-07-31 09:46"",""threshold"":1.5,""value"":8,""since_minute_bucket_ist"":"""",""last_updated_ist"":""2026-07-31 09:46:00""}"
2026-07-31 00:00:00,2026-07-31 09:46:00,32,NIFTY,CHURN_COMMITTED,OFF,MED,-0.0004,Price move + aligned flow (committed),"{""dedupe_key"":""NIFTY|CHURN_COMMITTED|OFF|2026-07-31 09:46"",""threshold"":0.0001,""value"":-0.0004,""since_minute_bucket_ist"":""2026-07-31 09:45"",""last_updated_ist"":""2026-07-31 09:46:00""}"
2026-07-31 00:00:00,2026-07-31 09:47:00,33,NIFTY,FLOW_BULLISH_BUILD,ON,HIGH,0.0057,Bullish build (premium-confirmed writing / support),"{""dedupe_key"":""NIFTY|FLOW_BULLISH_BUILD|ON|2026-07-31 09:47"",""threshold"":0.005,""value"":0.0057,""since_minute_bucket_ist"":"""",""last_updated_ist"":""2026-07-31 09:47:00""}"
2026-07-31 00:00:00,2026-07-31 09:47:00,33,NIFTY,OPTION_MOMENTUM_CALL,ON,MED,3.05,ATM CALL momentum (ltp up + vol up),"{""dedupe_key"":""NIFTY|OPTION_MOMENTUM_CALL|ON|2026-07-31 09:47"",""threshold"":1.5,""value"":3.05,""since_minute_bucket_ist"":"""",""last_updated_ist"":""2026-07-31 09:47:00""}"
2026-07-31 00:00:00,2026-07-31 09:47:00,33,NIFTY,OPTION_MOMENTUM_PUT,OFF,MED,-4.75,ATM PUT momentum (ltp up + vol up),"{""dedupe_key"":""NIFTY|OPTION_MOMENTUM_PUT|OFF|2026-07-31 09:47"",""threshold"":1.5,""value"":-4.75,""since_minute_bucket_ist"":""2026-07-31 09:46"",""last_updated_ist"":""2026-07-31 09:47:00""}"
2026-07-31 00:00:00,2026-07-31 09:47:00,33,NIFTY,CHURN_COMMITTED,ON,MED,0.0003,Price move + aligned flow (committed),"{""dedupe_key"":""NIFTY|CHURN_COMMITTED|ON|2026-07-31 09:47"",""threshold"":0.0001,""value"":0.0003,""since_minute_bucket_ist"":"""",""last_updated_ist"":""2026-07-31 09:47:00""}"
2026-07-31 00:00:00,2026-07-31 09:48:00,34,NIFTY,REGIME_RANGE_PIN,ON,LOW,0.0003,Range / pin (inside local walls),"{""dedupe_key"":""NIFTY|REGIME_RANGE_PIN|ON|2026-07-31 09:48"",""threshold"":0.001,""value"":0.0003,""since_minute_bucket_ist"":"""",""last_updated_ist"":""2026-07-31 09:48:00""}"
2026-07-31 00:00:00,2026-07-31 09:48:00,34,NIFTY,REGIME_TRANSITION_UNCERTAIN,OFF,LOW,1,Transition/uncertain regime,"{""dedupe_key"":""NIFTY|REGIME_TRANSITION_UNCERTAIN|OFF|2026-07-31 09:48"",""threshold"":1,""value"":1,""since_minute_bucket_ist"":""2026-07-31 09:46"",""last_updated_ist"":""2026-07-31 09:48:00""}"
2026-07-31 00:00:00,2026-07-31 09:48:00,34,NIFTY,VOL_CONTRACTION,ON,LOW,-0.012,Volatility contracting (straddle down),"{""dedupe_key"":""NIFTY|VOL_CONTRACTION|ON|2026-07-31 09:48"",""threshold"":-0.03,""value"":-0.012,""since_minute_bucket_ist"":"""",""last_updated_ist"":""2026-07-31 09:48:00""}"
2026-07-31 00:00:00,2026-07-31 09:48:00,34,NIFTY,WALL_UNWIND_CONFIRM_DOWN,ON,MED,-0.0112,Put wall OI unwinding (5m),"{""dedupe_key"":""NIFTY|WALL_UNWIND_CONFIRM_DOWN|ON|2026-07-31 09:48"",""threshold"":-0.006,""value"":-0.0112,""since_minute_bucket_ist"":"""",""last_updated_ist"":""2026-07-31 09:48:00""}"
2026-07-31 00:00:00,2026-07-31 09:49:00,35,NIFTY,FLOW_BULLISH_BUILD,OFF,HIGH,0,Bullish build (premium-confirmed writing / support),"{""dedupe_key"":""NIFTY|FLOW_BULLISH_BUILD|OFF|2026-07-31 09:49"",""threshold"":0.005,""value"":0,""since_minute_bucket_ist"":""2026-07-31 09:47"",""last_updated_ist"":""2026-07-31 09:49:00""}"
2026-07-31 00:00:00,2026-07-31 09:49:00,35,NIFTY,VOL_CONTRACTION,OFF,LOW,-0.0056,Volatility contracting (straddle down),"{""dedupe_key"":""NIFTY|VOL_CONTRACTION|OFF|2026-07-31 09:49"",""threshold"":-0.03,""value"":-0.0056,""since_minute_bucket_ist"":""2026-07-31 09:48"",""last_updated_ist"":""2026-07-31 09:49:00""}"
2026-07-31 00:00:00,2026-07-31 09:49:00,35,NIFTY,OPTION_MOMENTUM_CALL,OFF,MED,0,ATM CALL momentum (ltp up + vol up),"{""dedupe_key"":""NIFTY|OPTION_MOMENTUM_CALL|OFF|2026-07-31 09:49"",""threshold"":1.5,""value"":0,""since_minute_bucket_ist"":""2026-07-31 09:47"",""last_updated_ist"":""2026-07-31 09:49:00""}"
2026-07-31 00:00:00,2026-07-31 09:49:00,35,NIFTY,CHURN_COMMITTED,OFF,MED,0,Price move + aligned flow (committed),"{""dedupe_key"":""NIFTY|CHURN_COMMITTED|OFF|2026-07-31 09:49"",""threshold"":0.0001,""value"":0,""since_minute_bucket_ist"":""2026-07-31 09:47"",""last_updated_ist"":""2026-07-31 09:49:00""}"
2026-07-31 00:00:00,2026-07-31 09:50:00,36,NIFTY,OPTION_MOMENTUM_PUT,ON,MED,3.5,ATM PUT momentum (ltp up + vol up),"{""dedupe_key"":""NIFTY|OPTION_MOMENTUM_PUT|ON|2026-07-31 09:50"",""threshold"":1.5,""value"":3.5,""since_minute_bucket_ist"":"""",""last_updated_ist"":""2026-07-31 09:50:00""}"
2026-07-31 00:00:00,2026-07-31 09:50:00,36,NIFTY,WALL_UNWIND_CONFIRM_DOWN,OFF,MED,0.0053,Put wall OI unwinding (5m),"{""dedupe_key"":""NIFTY|WALL_UNWIND_CONFIRM_DOWN|OFF|2026-07-31 09:50"",""threshold"":-0.006,""value"":0.0053,""since_minute_bucket_ist"":""2026-07-31 09:48"",""last_updated_ist"":""2026-07-31 09:50:00""}"
2026-07-31 00:00:00,2026-07-31 09:50:00,36,NIFTY,STEALTH_BUILD_BULL,ON,MED,0.0207,"Stealth bullish build (puts build, spot flat)","{""dedupe_key"":""NIFTY|STEALTH_BUILD_BULL|ON|2026-07-31 09:50"",""threshold"":0.008,""value"":0.0207,""since_minute_bucket_ist"":"""",""last_updated_ist"":""2026-07-31 09:50:00""}"
2026-07-31 00:00:00,2026-07-31 09:51:00,37,NIFTY,STEALTH_BUILD_BULL,OFF,MED,0.011,"Stealth bullish build (puts build, spot flat)","{""dedupe_key"":""NIFTY|STEALTH_BUILD_BULL|OFF|2026-07-31 09:51"",""threshold"":0.008,""value"":0.011,""since_minute_bucket_ist"":""2026-07-31 09:50"",""last_updated_ist"":""2026-07-31 09:51:00""}"
2026-07-31 00:00:00,2026-07-31 09:53:00,38,NIFTY,FLOW_BULLISH_BUILD,ON,HIGH,0.0193,Bullish build (premium-confirmed writing / support),"{""dedupe_key"":""NIFTY|FLOW_BULLISH_BUILD|ON|2026-07-31 09:53"",""threshold"":0.005,""value"":0.0193,""since_minute_bucket_ist"":"""",""last_updated_ist"":""2026-07-31 09:53:00""}"
2026-07-31 00:00:00,2026-07-31 09:53:00,38,NIFTY,OPTION_MOMENTUM_PUT,OFF,MED,-1.3,ATM PUT momentum (ltp up + vol up),"{""dedupe_key"":""NIFTY|OPTION_MOMENTUM_PUT|OFF|2026-07-31 09:53"",""threshold"":1.5,""value"":-1.3,""since_minute_bucket_ist"":""2026-07-31 09:50"",""last_updated_ist"":""2026-07-31 09:53:00""}"
2026-07-31 00:00:00,2026-07-31 09:53:00,38,NIFTY,CHURN_COMMITTED,ON,MED,0.0001,Price move + aligned flow (committed),"{""dedupe_key"":""NIFTY|CHURN_COMMITTED|ON|2026-07-31 09:53"",""threshold"":0.0001,""value"":0.0001,""since_minute_bucket_ist"":"""",""last_updated_ist"":""2026-07-31 09:53:00""}"
2026-07-31 00:00:00,2026-07-31 09:53:00,38,NIFTY,STEALTH_BUILD_BULL,ON,MED,0.0193,"Stealth bullish build (puts build, spot flat)","{""dedupe_key"":""NIFTY|STEALTH_BUILD_BULL|ON|2026-07-31 09:53"",""threshold"":0.008,""value"":0.0193,""since_minute_bucket_ist"":"""",""last_updated_ist"":""2026-07-31 09:53:00""}"
2026-07-31 00:00:00,2026-07-31 09:53:00,39,NIFTY,FLOW_BULLISH_BUILD,OFF,HIGH,0,Bullish build (premium-confirmed writing / support),"{""dedupe_key"":""NIFTY|FLOW_BULLISH_BUILD|OFF|2026-07-31 09:53"",""threshold"":0.005,""value"":0,""since_minute_bucket_ist"":""2026-07-31 09:53"",""last_updated_ist"":""2026-07-31 09:53:00""}"
2026-07-31 00:00:00,2026-07-31 09:53:00,39,NIFTY,WALL_UNWIND_CONFIRM_UP,OFF,MED,-0.0015,Call wall OI unwinding (5m),"{""dedupe_key"":""NIFTY|WALL_UNWIND_CONFIRM_UP|OFF|2026-07-31 09:53"",""threshold"":-0.006,""value"":-0.0015,""since_minute_bucket_ist"":""2026-07-31 09:45"",""last_updated_ist"":""2026-07-31 09:53:00""}"
2026-07-31 00:00:00,2026-07-31 09:53:00,39,NIFTY,CHURN_COMMITTED,OFF,MED,0,Price move + aligned flow (committed),"{""dedupe_key"":""NIFTY|CHURN_COMMITTED|OFF|2026-07-31 09:53"",""threshold"":0.0001,""value"":0,""since_minute_bucket_ist"":""2026-07-31 09:53"",""last_updated_ist"":""2026-07-31 09:53:00""}"
2026-07-31 00:00:00,2026-07-31 09:53:00,39,NIFTY,STEALTH_BUILD_BULL,OFF,MED,0,"Stealth bullish build (puts build, spot flat)","{""dedupe_key"":""NIFTY|STEALTH_BUILD_BULL|OFF|2026-07-31 09:53"",""threshold"":0.008,""value"":0,""since_minute_bucket_ist"":""2026-07-31 09:53"",""last_updated_ist"":""2026-07-31 09:53:00""}"
2026-07-31 00:00:00,2026-07-31 09:54:00,40,NIFTY,VOL_CONTRACTION,ON,LOW,-0.0046,Volatility contracting (straddle down),"{""dedupe_key"":""NIFTY|VOL_CONTRACTION|ON|2026-07-31 09:54"",""threshold"":-0.03,""value"":-0.0046,""since_minute_bucket_ist"":"""",""last_updated_ist"":""2026-07-31 09:54:00""}"
2026-07-31 00:00:00,2026-07-31 09:55:00,41,NIFTY,VOL_CONTRACTION,OFF,LOW,-0.0046,Volatility contracting (straddle down),"{""dedupe_key"":""NIFTY|VOL_CONTRACTION|OFF|2026-07-31 09:55"",""threshold"":-0.03,""value"":-0.0046,""since_minute_bucket_ist"":""2026-07-31 09:54"",""last_updated_ist"":""2026-07-31 09:55:00""}"
2026-07-31 00:00:00,2026-07-31 09:55:00,41,NIFTY,OPTION_MOMENTUM_PUT,ON,MED,2.25,ATM PUT momentum (ltp up + vol up),"{""dedupe_key"":""NIFTY|OPTION_MOMENTUM_PUT|ON|2026-07-31 09:55"",""threshold"":1.5,""value"":2.25,""since_minute_bucket_ist"":"""",""last_updated_ist"":""2026-07-31 09:55:00""}"
2026-07-31 00:00:00,2026-07-31 09:55:00,41,NIFTY,STEALTH_BUILD_BEAR,ON,MED,0.0091,"Stealth bearish build (calls build, spot flat)","{""dedupe_key"":""NIFTY|STEALTH_BUILD_BEAR|ON|2026-07-31 09:55"",""threshold"":0.008,""value"":0.0091,""since_minute_bucket_ist"":"""",""last_updated_ist"":""2026-07-31 09:55:00""}"
2026-07-31 00:00:00,2026-07-31 09:56:00,42,NIFTY,REGIME_RANGE_PIN,OFF,LOW,0.0002,Range / pin (inside local walls),"{""dedupe_key"":""NIFTY|REGIME_RANGE_PIN|OFF|2026-07-31 09:56"",""threshold"":0.001,""value"":0.0002,""since_minute_bucket_ist"":""2026-07-31 09:48"",""last_updated_ist"":""2026-07-31 09:56:00""}"
2026-07-31 00:00:00,2026-07-31 09:56:00,42,NIFTY,REGIME_TRANSITION_UNCERTAIN,ON,LOW,1,Transition/uncertain regime,"{""dedupe_key"":""NIFTY|REGIME_TRANSITION_UNCERTAIN|ON|2026-07-31 09:56"",""threshold"":1,""value"":1,""since_minute_bucket_ist"":"""",""last_updated_ist"":""2026-07-31 09:56:00""}"
2026-07-31 00:00:00,2026-07-31 09:56:00,42,NIFTY,VOL_CONTRACTION,ON,LOW,-0.0062,Volatility contracting (straddle down),"{""dedupe_key"":""NIFTY|VOL_CONTRACTION|ON|2026-07-31 09:56"",""threshold"":-0.03,""value"":-0.0062,""since_minute_bucket_ist"":"""",""last_updated_ist"":""2026-07-31 09:56:00""}"
2026-07-31 00:00:00,2026-07-31 09:56:00,42,NIFTY,OPTION_MOMENTUM_CALL,ON,MED,2.85,ATM CALL momentum (ltp up + vol up),"{""dedupe_key"":""NIFTY|OPTION_MOMENTUM_CALL|ON|2026-07-31 09:56"",""threshold"":1.5,""value"":2.85,""since_minute_bucket_ist"":"""",""last_updated_ist"":""2026-07-31 09:56:00""}"
2026-07-31 00:00:00,2026-07-31 09:56:00,42,NIFTY,OPTION_MOMENTUM_PUT,OFF,MED,-3.1,ATM PUT momentum (ltp up + vol up),"{""dedupe_key"":""NIFTY|OPTION_MOMENTUM_PUT|OFF|2026-07-31 09:56"",""threshold"":1.5,""value"":-3.1,""since_minute_bucket_ist"":""2026-07-31 09:55"",""last_updated_ist"":""2026-07-31 09:56:00""}"
2026-07-31 00:00:00,2026-07-31 09:56:00,42,NIFTY,STEALTH_BUILD_BEAR,OFF,MED,0.0041,"Stealth bearish build (calls build, spot flat)","{""dedupe_key"":""NIFTY|STEALTH_BUILD_BEAR|OFF|2026-07-31 09:56"",""threshold"":0.008,""value"":0.0041,""since_minute_bucket_ist"":""2026-07-31 09:55"",""last_updated_ist"":""2026-07-31 09:56:00""}"
2026-07-31 00:00:00,2026-07-31 09:57:00,43,NIFTY,REGIME_RANGE_PIN,ON,LOW,0.0002,Range / pin (inside local walls),"{""dedupe_key"":""NIFTY|REGIME_RANGE_PIN|ON|2026-07-31 09:57"",""threshold"":0.001,""value"":0.0002,""since_minute_bucket_ist"":"""",""last_updated_ist"":""2026-07-31 09:57:00""}"
2026-07-31 00:00:00,2026-07-31 09:57:00,43,NIFTY,REGIME_TRANSITION_UNCERTAIN,OFF,LOW,1,Transition/uncertain regime,"{""dedupe_key"":""NIFTY|REGIME_TRANSITION_UNCERTAIN|OFF|2026-07-31 09:57"",""threshold"":1,""value"":1,""since_minute_bucket_ist"":""2026-07-31 09:56"",""last_updated_ist"":""2026-07-31 09:57:00""}"
2026-07-31 00:00:00,2026-07-31 09:57:00,43,NIFTY,VOL_CONTRACTION,OFF,LOW,-0.0062,Volatility contracting (straddle down),"{""dedupe_key"":""NIFTY|VOL_CONTRACTION|OFF|2026-07-31 09:57"",""threshold"":-0.03,""value"":-0.0062,""since_minute_bucket_ist"":""2026-07-31 09:56"",""last_updated_ist"":""2026-07-31 09:57:00""}"
2026-07-31 00:00:00,2026-07-31 09:57:00,43,NIFTY,OPTION_MOMENTUM_CALL,OFF,MED,0,ATM CALL momentum (ltp up + vol up),"{""dedupe_key"":""NIFTY|OPTION_MOMENTUM_CALL|OFF|2026-07-31 09:57"",""threshold"":1.5,""value"":0,""since_minute_bucket_ist"":""2026-07-31 09:56"",""last_updated_ist"":""2026-07-31 09:57:00""}"
2026-07-31 00:00:00,2026-07-31 09:58:00,44,NIFTY,FLOW_BULLISH_BUILD,ON,HIGH,0.0048,Bullish build (premium-confirmed writing / support),"{""dedupe_key"":""NIFTY|FLOW_BULLISH_BUILD|ON|2026-07-31 09:58"",""threshold"":0.005,""value"":0.0048,""since_minute_bucket_ist"":"""",""last_updated_ist"":""2026-07-31 09:58:00""}"
2026-07-31 00:00:00,2026-07-31 09:58:00,44,NIFTY,REGIME_RANGE_PIN,OFF,LOW,0.0001,Range / pin (inside local walls),"{""dedupe_key"":""NIFTY|REGIME_RANGE_PIN|OFF|2026-07-31 09:58"",""threshold"":0.001,""value"":0.0001,""since_minute_bucket_ist"":""2026-07-31 09:57"",""last_updated_ist"":""2026-07-31 09:58:00""}"
2026-07-31 00:00:00,2026-07-31 09:58:00,44,NIFTY,REGIME_TRANSITION_UNCERTAIN,ON,LOW,1,Transition/uncertain regime,"{""dedupe_key"":""NIFTY|REGIME_TRANSITION_UNCERTAIN|ON|2026-07-31 09:58"",""threshold"":1,""value"":1,""since_minute_bucket_ist"":"""",""last_updated_ist"":""2026-07-31 09:58:00""}"
2026-07-31 00:00:00,2026-07-31 09:58:00,44,NIFTY,EXP_RANGE_BREAKOUT_WATCH_UP,ON,MED,24360.5,Expected-range watch UP,"{""dedupe_key"":""NIFTY|EXP_RANGE_BREAKOUT_WATCH_UP|ON|2026-07-31 09:58"",""threshold"":24359.12,""value"":24360.5,""since_minute_bucket_ist"":"""",""last_updated_ist"":""2026-07-31 09:58:00""}"
2026-07-31 00:00:00,2026-07-31 09:58:00,44,NIFTY,VOL_CONTRACTION,ON,LOW,-0.0062,Volatility contracting (straddle down),"{""dedupe_key"":""NIFTY|VOL_CONTRACTION|ON|2026-07-31 09:58"",""threshold"":-0.03,""value"":-0.0062,""since_minute_bucket_ist"":"""",""last_updated_ist"":""2026-07-31 09:58:00""}"
2026-07-31 00:00:00,2026-07-31 09:58:00,44,NIFTY,CHURN_COMMITTED,ON,MED,0.0002,Price move + aligned flow (committed),"{""dedupe_key"":""NIFTY|CHURN_COMMITTED|ON|2026-07-31 09:58"",""threshold"":0.0001,""value"":0.0002,""since_minute_bucket_ist"":"""",""last_updated_ist"":""2026-07-31 09:58:00""}"
2026-07-31 00:00:00,2026-07-31 09:59:00,45,NIFTY,FLOW_BULLISH_BUILD,OFF,HIGH,0.0117,Bullish build (premium-confirmed writing / support),"{""dedupe_key"":""NIFTY|FLOW_BULLISH_BUILD|OFF|2026-07-31 09:59"",""threshold"":0.005,""value"":0.0117,""since_minute_bucket_ist"":""2026-07-31 09:58"",""last_updated_ist"":""2026-07-31 09:59:00""}"
2026-07-31 00:00:00,2026-07-31 09:59:00,45,NIFTY,REGIME_RANGE_PIN,ON,LOW,0.0001,Range / pin (inside local walls),"{""dedupe_key"":""NIFTY|REGIME_RANGE_PIN|ON|2026-07-31 09:59"",""threshold"":0.001,""value"":0.0001,""since_minute_bucket_ist"":"""",""last_updated_ist"":""2026-07-31 09:59:00""}"
2026-07-31 00:00:00,2026-07-31 09:59:00,45,NIFTY,REGIME_TRANSITION_UNCERTAIN,OFF,LOW,1,Transition/uncertain regime,"{""dedupe_key"":""NIFTY|REGIME_TRANSITION_UNCERTAIN|OFF|2026-07-31 09:59"",""threshold"":1,""value"":1,""since_minute_bucket_ist"":""2026-07-31 09:58"",""last_updated_ist"":""2026-07-31 09:59:00""}"
2026-07-31 00:00:00,2026-07-31 09:59:00,45,NIFTY,EXP_RANGE_BREAKOUT_WATCH_UP,OFF,MED,24356.95,Expected-range watch UP,"{""dedupe_key"":""NIFTY|EXP_RANGE_BREAKOUT_WATCH_UP|OFF|2026-07-31 09:59"",""threshold"":24359.84,""value"":24356.95,""since_minute_bucket_ist"":""2026-07-31 09:58"",""last_updated_ist"":""2026-07-31 09:59:00""}"
2026-07-31 00:00:00,2026-07-31 09:59:00,45,NIFTY,OPTION_MOMENTUM_PUT,ON,MED,2.8,ATM PUT momentum (ltp up + vol up),"{""dedupe_key"":""NIFTY|OPTION_MOMENTUM_PUT|ON|2026-07-31 09:59"",""threshold"":1.5,""value"":2.8,""since_minute_bucket_ist"":"""",""last_updated_ist"":""2026-07-31 09:59:00""}"
2026-07-31 00:00:00,2026-07-31 09:59:00,45,NIFTY,CHURN_COMMITTED,OFF,MED,-0.0001,Price move + aligned flow (committed),"{""dedupe_key"":""NIFTY|CHURN_COMMITTED|OFF|2026-07-31 09:59"",""threshold"":0.0001,""value"":-0.0001,""since_minute_bucket_ist"":""2026-07-31 09:58"",""last_updated_ist"":""2026-07-31 09:59:00""}"
2026-07-31 00:00:00,2026-07-31 09:59:00,45,NIFTY,STEALTH_BUILD_BULL,ON,MED,0.0117,"Stealth bullish build (puts build, spot flat)","{""dedupe_key"":""NIFTY|STEALTH_BUILD_BULL|ON|2026-07-31 09:59"",""threshold"":0.008,""value"":0.0117,""since_minute_bucket_ist"":"""",""last_updated_ist"":""2026-07-31 09:59:00""}"
2026-07-31 00:00:00,2026-07-31 10:00:00,46,NIFTY,OPTION_MOMENTUM_PUT,OFF,MED,0,ATM PUT momentum (ltp up + vol up),"{""dedupe_key"":""NIFTY|OPTION_MOMENTUM_PUT|OFF|2026-07-31 10:00"",""threshold"":1.5,""value"":0,""since_minute_bucket_ist"":""2026-07-31 09:59"",""last_updated_ist"":""2026-07-31 10:00:00""}"
2026-07-31 00:00:00,2026-07-31 10:00:00,46,NIFTY,STEALTH_BUILD_BULL,OFF,MED,0,"Stealth bullish build (puts build, spot flat)","{""dedupe_key"":""NIFTY|STEALTH_BUILD_BULL|OFF|2026-07-31 10:00"",""threshold"":0.008,""value"":0,""since_minute_bucket_ist"":""2026-07-31 09:59"",""last_updated_ist"":""2026-07-31 10:00:00""}"
2026-07-31 00:00:00,2026-07-31 10:01:00,47,NIFTY,VOL_CONTRACTION,OFF,LOW,-0.0047,Volatility contracting (straddle down),"{""dedupe_key"":""NIFTY|VOL_CONTRACTION|OFF|2026-07-31 10:01"",""threshold"":-0.03,""value"":-0.0047,""since_minute_bucket_ist"":""2026-07-31 09:58"",""last_updated_ist"":""2026-07-31 10:01:00""}"
2026-07-31 00:00:00,2026-07-31 10:01:00,47,NIFTY,WALL_UNWIND_CONFIRM_UP,ON,MED,-0.011,Call wall OI unwinding (5m),"{""dedupe_key"":""NIFTY|WALL_UNWIND_CONFIRM_UP|ON|2026-07-31 10:01"",""threshold"":-0.006,""value"":-0.011,""since_minute_bucket_ist"":"""",""last_updated_ist"":""2026-07-31 10:01:00""}"
2026-07-31 00:00:00,2026-07-31 10:01:00,47,NIFTY,STEALTH_BUILD_BULL,ON,MED,0.0108,"Stealth bullish build (puts build, spot flat)","{""dedupe_key"":""NIFTY|STEALTH_BUILD_BULL|ON|2026-07-31 10:01"",""threshold"":0.008,""value"":0.0108,""since_minute_bucket_ist"":"""",""last_updated_ist"":""2026-07-31 10:01:00""}"
2026-07-31 00:00:00,2026-07-31 10:02:00,48,NIFTY,OPTION_MOMENTUM_PUT,ON,MED,2.3,ATM PUT momentum (ltp up + vol up),"{""dedupe_key"":""NIFTY|OPTION_MOMENTUM_PUT|ON|2026-07-31 10:02"",""threshold"":1.5,""value"":2.3,""since_minute_bucket_ist"":"""",""last_updated_ist"":""2026-07-31 10:02:00""}"
2026-07-31 00:00:00,2026-07-31 10:02:00,48,NIFTY,STEALTH_BUILD_BULL,OFF,MED,0.003,"Stealth bullish build (puts build, spot flat)","{""dedupe_key"":""NIFTY|STEALTH_BUILD_BULL|OFF|2026-07-31 10:02"",""threshold"":0.008,""value"":0.003,""since_minute_bucket_ist"":""2026-07-31 10:01"",""last_updated_ist"":""2026-07-31 10:02:00""}"
2026-07-31 00:00:00,2026-07-31 10:03:00,49,NIFTY,OPTION_MOMENTUM_CALL,ON,MED,4.1,ATM CALL momentum (ltp up + vol up),"{""dedupe_key"":""NIFTY|OPTION_MOMENTUM_CALL|ON|2026-07-31 10:03"",""threshold"":1.5,""value"":4.1,""since_minute_bucket_ist"":"""",""last_updated_ist"":""2026-07-31 10:03:00""}"
2026-07-31 00:00:00,2026-07-31 10:03:00,49,NIFTY,OPTION_MOMENTUM_PUT,OFF,MED,-4.6,ATM PUT momentum (ltp up + vol up),"{""dedupe_key"":""NIFTY|OPTION_MOMENTUM_PUT|OFF|2026-07-31 10:03"",""threshold"":1.5,""value"":-4.6,""since_minute_bucket_ist"":""2026-07-31 10:02"",""last_updated_ist"":""2026-07-31 10:03:00""}"
2026-07-31 00:00:00,2026-07-31 10:03:00,49,NIFTY,WALL_UNWIND_CONFIRM_UP,OFF,MED,-0.0048,Call wall OI unwinding (5m),"{""dedupe_key"":""NIFTY|WALL_UNWIND_CONFIRM_UP|OFF|2026-07-31 10:03"",""threshold"":-0.006,""value"":-0.0048,""since_minute_bucket_ist"":""2026-07-31 10:01"",""last_updated_ist"":""2026-07-31 10:03:00""}"
2026-07-31 00:00:00,2026-07-31 10:04:00,50,NIFTY,OPTION_MOMENTUM_CALL,OFF,MED,-3.2,ATM CALL momentum (ltp up + vol up),"{""dedupe_key"":""NIFTY|OPTION_MOMENTUM_CALL|OFF|2026-07-31 10:04"",""threshold"":1.5,""value"":-3.2,""since_minute_bucket_ist"":""2026-07-31 10:03"",""last_updated_ist"":""2026-07-31 10:04:00""}"
2026-07-31 00:00:00,2026-07-31 10:04:00,50,NIFTY,OPTION_MOMENTUM_PUT,ON,MED,3.5,ATM PUT momentum (ltp up + vol up),"{""dedupe_key"":""NIFTY|OPTION_MOMENTUM_PUT|ON|2026-07-31 10:04"",""threshold"":1.5,""value"":3.5,""since_minute_bucket_ist"":"""",""last_updated_ist"":""2026-07-31 10:04:00""}"
2026-07-31 00:00:00,2026-07-31 10:05:00,51,NIFTY,FLOW_BULLISH_BUILD,ON,HIGH,0.004,Bullish build (premium-confirmed writing / support),"{""dedupe_key"":""NIFTY|FLOW_BULLISH_BUILD|ON|2026-07-31 10:05"",""threshold"":0.005,""value"":0.004,""since_minute_bucket_ist"":"""",""last_updated_ist"":""2026-07-31 10:05:00""}"
2026-07-31 00:00:00,2026-07-31 10:05:00,51,NIFTY,OPTION_MOMENTUM_PUT,OFF,MED,0.65,ATM PUT momentum (ltp up + vol up),"{""dedupe_key"":""NIFTY|OPTION_MOMENTUM_PUT|OFF|2026-07-31 10:05"",""threshold"":1.5,""value"":0.65,""since_minute_bucket_ist"":""2026-07-31 10:04"",""last_updated_ist"":""2026-07-31 10:05:00""}"
2026-07-31 00:00:00,2026-07-31 10:06:00,52,NIFTY,FLOW_BULLISH_BUILD,OFF,HIGH,0.0031,Bullish build (premium-confirmed writing / support),"{""dedupe_key"":""NIFTY|FLOW_BULLISH_BUILD|OFF|2026-07-31 10:06"",""threshold"":0.005,""value"":0.0031,""since_minute_bucket_ist"":""2026-07-31 10:05"",""last_updated_ist"":""2026-07-31 10:06:00""}"
2026-07-31 00:00:00,2026-07-31 10:06:00,52,NIFTY,EXP_RANGE_BREAKOUT_WATCH_DOWN,ON,MED,24345,Expected-range watch DOWN,"{""dedupe_key"":""NIFTY|EXP_RANGE_BREAKOUT_WATCH_DOWN|ON|2026-07-31 10:06"",""threshold"":24348.37,""value"":24345,""since_minute_bucket_ist"":"""",""last_updated_ist"":""2026-07-31 10:06:00""}"
2026-07-31 00:00:00,2026-07-31 10:06:00,52,NIFTY,VOL_EXPANSION,ON,MED,0.0021,Volatility expanding (straddle up),"{""dedupe_key"":""NIFTY|VOL_EXPANSION|ON|2026-07-31 10:06"",""threshold"":0.02,""value"":0.0021,""since_minute_bucket_ist"":"""",""last_updated_ist"":""2026-07-31 10:06:00""}"
2026-07-31 00:00:00,2026-07-31 10:06:00,52,NIFTY,OPTION_MOMENTUM_PUT,ON,MED,4.4,ATM PUT momentum (ltp up + vol up),"{""dedupe_key"":""NIFTY|OPTION_MOMENTUM_PUT|ON|2026-07-31 10:06"",""threshold"":1.5,""value"":4.4,""since_minute_bucket_ist"":"""",""last_updated_ist"":""2026-07-31 10:06:00""}"
2026-07-31 00:00:00,2026-07-31 10:07:00,53,NIFTY,EXP_RANGE_BREAKOUT_CONFIRMED_DOWN,ON,HIGH,2,Expected-range breakout CONFIRMED DOWN,"{""dedupe_key"":""NIFTY|EXP_RANGE_BREAKOUT_CONFIRMED_DOWN|ON|2026-07-31 10:07"",""threshold"":2,""value"":2,""since_minute_bucket_ist"":"""",""last_updated_ist"":""2026-07-31 10:07:00""}"
2026-07-31 00:00:00,2026-07-31 10:07:00,53,NIFTY,OPTION_MOMENTUM_CALL,ON,MED,2.05,ATM CALL momentum (ltp up + vol up),"{""dedupe_key"":""NIFTY|OPTION_MOMENTUM_CALL|ON|2026-07-31 10:07"",""threshold"":1.5,""value"":2.05,""since_minute_bucket_ist"":"""",""last_updated_ist"":""2026-07-31 10:07:00""}"
2026-07-31 00:00:00,2026-07-31 10:07:00,53,NIFTY,OPTION_MOMENTUM_PUT,OFF,MED,-2.3,ATM PUT momentum (ltp up + vol up),"{""dedupe_key"":""NIFTY|OPTION_MOMENTUM_PUT|OFF|2026-07-31 10:07"",""threshold"":1.5,""value"":-2.3,""since_minute_bucket_ist"":""2026-07-31 10:06"",""last_updated_ist"":""2026-07-31 10:07:00""}"
2026-07-31 00:00:00,2026-07-31 10:08:00,54,NIFTY,REGIME_RANGE_PIN,OFF,LOW,0.0002,Range / pin (inside local walls),"{""dedupe_key"":""NIFTY|REGIME_RANGE_PIN|OFF|2026-07-31 10:08"",""threshold"":0.001,""value"":0.0002,""since_minute_bucket_ist"":""2026-07-31 09:59"",""last_updated_ist"":""2026-07-31 10:08:00""}"
2026-07-31 00:00:00,2026-07-31 10:08:00,54,NIFTY,REGIME_TRANSITION_UNCERTAIN,ON,LOW,1,Transition/uncertain regime,"{""dedupe_key"":""NIFTY|REGIME_TRANSITION_UNCERTAIN|ON|2026-07-31 10:08"",""threshold"":1,""value"":1,""since_minute_bucket_ist"":"""",""last_updated_ist"":""2026-07-31 10:08:00""}"
2026-07-31 00:00:00,2026-07-31 10:08:00,54,NIFTY,OPTION_MOMENTUM_CALL,OFF,MED,-2.75,ATM CALL momentum (ltp up + vol up),"{""dedupe_key"":""NIFTY|OPTION_MOMENTUM_CALL|OFF|2026-07-31 10:08"",""threshold"":1.5,""value"":-2.75,""since_minute_bucket_ist"":""2026-07-31 10:07"",""last_updated_ist"":""2026-07-31 10:08:00""}"
2026-07-31 00:00:00,2026-07-31 10:08:00,54,NIFTY,OPTION_MOMENTUM_PUT,ON,MED,3.85,ATM PUT momentum (ltp up + vol up),"{""dedupe_key"":""NIFTY|OPTION_MOMENTUM_PUT|ON|2026-07-31 10:08"",""threshold"":1.5,""value"":3.85,""since_minute_bucket_ist"":"""",""last_updated_ist"":""2026-07-31 10:08:00""}"
2026-07-31 00:00:00,2026-07-31 10:09:00,55,NIFTY,REGIME_RANGE_PIN,ON,LOW,0.0002,Range / pin (inside local walls),"{""dedupe_key"":""NIFTY|REGIME_RANGE_PIN|ON|2026-07-31 10:09"",""threshold"":0.001,""value"":0.0002,""since_minute_bucket_ist"":"""",""last_updated_ist"":""2026-07-31 10:09:00""}"
2026-07-31 00:00:00,2026-07-31 10:09:00,55,NIFTY,REGIME_TRANSITION_UNCERTAIN,OFF,LOW,1,Transition/uncertain regime,"{""dedupe_key"":""NIFTY|REGIME_TRANSITION_UNCERTAIN|OFF|2026-07-31 10:09"",""threshold"":1,""value"":1,""since_minute_bucket_ist"":""2026-07-31 10:08"",""last_updated_ist"":""2026-07-31 10:09:00""}"
2026-07-31 00:00:00,2026-07-31 10:09:00,55,NIFTY,OPTION_MOMENTUM_PUT,OFF,MED,-0.45,ATM PUT momentum (ltp up + vol up),"{""dedupe_key"":""NIFTY|OPTION_MOMENTUM_PUT|OFF|2026-07-31 10:09"",""threshold"":1.5,""value"":-0.45,""since_minute_bucket_ist"":""2026-07-31 10:08"",""last_updated_ist"":""2026-07-31 10:09:00""}"
2026-07-31 00:00:00,2026-07-31 10:10:00,56,NIFTY,EXP_RANGE_BREAKOUT_WATCH_DOWN,OFF,MED,24340.3,Expected-range watch DOWN,"{""dedupe_key"":""NIFTY|EXP_RANGE_BREAKOUT_WATCH_DOWN|OFF|2026-07-31 10:10"",""threshold"":24338.8,""value"":24340.3,""since_minute_bucket_ist"":""2026-07-31 10:06"",""last_updated_ist"":""2026-07-31 10:10:00""}"
2026-07-31 00:00:00,2026-07-31 10:10:00,56,NIFTY,EXP_RANGE_BREAKOUT_CONFIRMED_DOWN,OFF,HIGH,0,Expected-range breakout CONFIRMED DOWN,"{""dedupe_key"":""NIFTY|EXP_RANGE_BREAKOUT_CONFIRMED_DOWN|OFF|2026-07-31 10:10"",""threshold"":2,""value"":0,""since_minute_bucket_ist"":""2026-07-31 10:07"",""last_updated_ist"":""2026-07-31 10:10:00""}"
2026-07-31 00:00:00,2026-07-31 10:10:00,56,NIFTY,VOL_EXPANSION,OFF,MED,-0.0023,Volatility expanding (straddle up),"{""dedupe_key"":""NIFTY|VOL_EXPANSION|OFF|2026-07-31 10:10"",""threshold"":0.02,""value"":-0.0023,""since_minute_bucket_ist"":""2026-07-31 10:06"",""last_updated_ist"":""2026-07-31 10:10:00""}"
2026-07-31 00:00:00,2026-07-31 10:10:00,56,NIFTY,OPTION_MOMENTUM_CALL,ON,MED,2.7,ATM CALL momentum (ltp up + vol up),"{""dedupe_key"":""NIFTY|OPTION_MOMENTUM_CALL|ON|2026-07-31 10:10"",""threshold"":1.5,""value"":2.7,""since_minute_bucket_ist"":"""",""last_updated_ist"":""2026-07-31 10:10:00""}"
2026-07-31 00:00:00,2026-07-31 10:11:00,57,NIFTY,OPTION_MOMENTUM_CALL,OFF,MED,-1.4,ATM CALL momentum (ltp up + vol up),"{""dedupe_key"":""NIFTY|OPTION_MOMENTUM_CALL|OFF|2026-07-31 10:11"",""threshold"":1.5,""value"":-1.4,""since_minute_bucket_ist"":""2026-07-31 10:10"",""last_updated_ist"":""2026-07-31 10:11:00""}"
2026-07-31 00:00:00,2026-07-31 10:12:00,58,NIFTY,FLOW_BEARISH_BUILD,ON,HIGH,0.0002,Bearish build (premium-confirmed writing / resistance),"{""dedupe_key"":""NIFTY|FLOW_BEARISH_BUILD|ON|2026-07-31 10:12"",""threshold"":0.005,""value"":0.0002,""since_minute_bucket_ist"":"""",""last_updated_ist"":""2026-07-31 10:12:00""}"
2026-07-31 00:00:00,2026-07-31 10:13:00,59,NIFTY,FLOW_BEARISH_BUILD,OFF,HIGH,0.0051,Bearish build (premium-confirmed writing / resistance),"{""dedupe_key"":""NIFTY|FLOW_BEARISH_BUILD|OFF|2026-07-31 10:13"",""threshold"":0.005,""value"":0.0051,""since_minute_bucket_ist"":""2026-07-31 10:12"",""last_updated_ist"":""2026-07-31 10:13:00""}"
2026-07-31 00:00:00,2026-07-31 10:13:00,59,NIFTY,REGIME_RANGE_PIN,OFF,LOW,0.0002,Range / pin (inside local walls),"{""dedupe_key"":""NIFTY|REGIME_RANGE_PIN|OFF|2026-07-31 10:13"",""threshold"":0.001,""value"":0.0002,""since_minute_bucket_ist"":""2026-07-31 10:09"",""last_updated_ist"":""2026-07-31 10:13:00""}"
2026-07-31 00:00:00,2026-07-31 10:13:00,59,NIFTY,REGIME_TRANSITION_UNCERTAIN,ON,LOW,1,Transition/uncertain regime,"{""dedupe_key"":""NIFTY|REGIME_TRANSITION_UNCERTAIN|ON|2026-07-31 10:13"",""threshold"":1,""value"":1,""since_minute_bucket_ist"":"""",""last_updated_ist"":""2026-07-31 10:13:00""}"
2026-07-31 00:00:00,2026-07-31 10:13:00,59,NIFTY,VOL_CONTRACTION,ON,LOW,-0.0139,Volatility contracting (straddle down),"{""dedupe_key"":""NIFTY|VOL_CONTRACTION|ON|2026-07-31 10:13"",""threshold"":-0.03,""value"":-0.0139,""since_minute_bucket_ist"":"""",""last_updated_ist"":""2026-07-31 10:13:00""}"
2026-07-31 00:00:00,2026-07-31 10:13:00,59,NIFTY,OPTION_MOMENTUM_CALL,ON,MED,2.65,ATM CALL momentum (ltp up + vol up),"{""dedupe_key"":""NIFTY|OPTION_MOMENTUM_CALL|ON|2026-07-31 10:13"",""threshold"":1.5,""value"":2.65,""since_minute_bucket_ist"":"""",""last_updated_ist"":""2026-07-31 10:13:00""}"
2026-07-31 00:00:00,2026-07-31 10:14:00,60,NIFTY,REGIME_RANGE_PIN,ON,LOW,0.0002,Range / pin (inside local walls),"{""dedupe_key"":""NIFTY|REGIME_RANGE_PIN|ON|2026-07-31 10:14"",""threshold"":0.001,""value"":0.0002,""since_minute_bucket_ist"":"""",""last_updated_ist"":""2026-07-31 10:14:00""}"
2026-07-31 00:00:00,2026-07-31 10:14:00,60,NIFTY,REGIME_TRANSITION_UNCERTAIN,OFF,LOW,1,Transition/uncertain regime,"{""dedupe_key"":""NIFTY|REGIME_TRANSITION_UNCERTAIN|OFF|2026-07-31 10:14"",""threshold"":1,""value"":1,""since_minute_bucket_ist"":""2026-07-31 10:13"",""last_updated_ist"":""2026-07-31 10:14:00""}"
2026-07-31 00:00:00,2026-07-31 10:14:00,60,NIFTY,VOL_CONTRACTION,OFF,LOW,-0.0016,Volatility contracting (straddle down),"{""dedupe_key"":""NIFTY|VOL_CONTRACTION|OFF|2026-07-31 10:14"",""threshold"":-0.03,""value"":-0.0016,""since_minute_bucket_ist"":""2026-07-31 10:13"",""last_updated_ist"":""2026-07-31 10:14:00""}"
2026-07-31 00:00:00,2026-07-31 10:14:00,60,NIFTY,OPTION_MOMENTUM_CALL,OFF,MED,-1.65,ATM CALL momentum (ltp up + vol up),"{""dedupe_key"":""NIFTY|OPTION_MOMENTUM_CALL|OFF|2026-07-31 10:14"",""threshold"":1.5,""value"":-1.65,""since_minute_bucket_ist"":""2026-07-31 10:13"",""last_updated_ist"":""2026-07-31 10:14:00""}"
2026-07-31 00:00:00,2026-07-31 10:14:00,60,NIFTY,OPTION_MOMENTUM_PUT,ON,MED,2.9,ATM PUT momentum (ltp up + vol up),"{""dedupe_key"":""NIFTY|OPTION_MOMENTUM_PUT|ON|2026-07-31 10:14"",""threshold"":1.5,""value"":2.9,""since_minute_bucket_ist"":"""",""last_updated_ist"":""2026-07-31 10:14:00""}"
2026-07-31 00:00:00,2026-07-31 10:15:00,61,NIFTY,OPTION_MOMENTUM_PUT,OFF,MED,0,ATM PUT momentum (ltp up + vol up),"{""dedupe_key"":""NIFTY|OPTION_MOMENTUM_PUT|OFF|2026-07-31 10:15"",""threshold"":1.5,""value"":0,""since_minute_bucket_ist"":""2026-07-31 10:14"",""last_updated_ist"":""2026-07-31 10:15:00""}"
2026-07-31 00:00:00,2026-07-31 10:16:00,62,NIFTY,EXP_RANGE_BREAKOUT_WATCH_DOWN,ON,MED,24334.6,Expected-range watch DOWN,"{""dedupe_key"":""NIFTY|EXP_RANGE_BREAKOUT_WATCH_DOWN|ON|2026-07-31 10:16"",""threshold"":24336.96,""value"":24334.6,""since_minute_bucket_ist"":"""",""last_updated_ist"":""2026-07-31 10:16:00""}"
2026-07-31 00:00:00,2026-07-31 10:16:00,62,NIFTY,OPTION_MOMENTUM_PUT,ON,MED,5.2,ATM PUT momentum (ltp up + vol up),"{""dedupe_key"":""NIFTY|OPTION_MOMENTUM_PUT|ON|2026-07-31 10:16"",""threshold"":1.5,""value"":5.2,""since_minute_bucket_ist"":"""",""last_updated_ist"":""2026-07-31 10:16:00""}"
2026-07-31 00:00:00,2026-07-31 10:17:00,63,NIFTY,EXP_RANGE_BREAKOUT_WATCH_DOWN,OFF,MED,24341.45,Expected-range watch DOWN,"{""dedupe_key"":""NIFTY|EXP_RANGE_BREAKOUT_WATCH_DOWN|OFF|2026-07-31 10:17"",""threshold"":24336.72,""value"":24341.45,""since_minute_bucket_ist"":""2026-07-31 10:16"",""last_updated_ist"":""2026-07-31 10:17:00""}"
2026-07-31 00:00:00,2026-07-31 10:17:00,63,NIFTY,OPTION_MOMENTUM_PUT,OFF,MED,-1.6,ATM PUT momentum (ltp up + vol up),"{""dedupe_key"":""NIFTY|OPTION_MOMENTUM_PUT|OFF|2026-07-31 10:17"",""threshold"":1.5,""value"":-1.6,""since_minute_bucket_ist"":""2026-07-31 10:16"",""last_updated_ist"":""2026-07-31 10:17:00""}"
2026-07-31 00:00:00,2026-07-31 10:19:00,65,NIFTY,FLOW_BEARISH_BUILD,ON,HIGH,0.0051,Bearish build (premium-confirmed writing / resistance),"{""dedupe_key"":""NIFTY|FLOW_BEARISH_BUILD|ON|2026-07-31 10:19"",""threshold"":0.005,""value"":0.0051,""since_minute_bucket_ist"":"""",""last_updated_ist"":""2026-07-31 10:19:00""}"
2026-07-31 00:00:00,2026-07-31 10:20:00,66,NIFTY,FLOW_BEARISH_BUILD,OFF,HIGH,0,Bearish build (premium-confirmed writing / resistance),"{""dedupe_key"":""NIFTY|FLOW_BEARISH_BUILD|OFF|2026-07-31 10:20"",""threshold"":0.005,""value"":0,""since_minute_bucket_ist"":""2026-07-31 10:19"",""last_updated_ist"":""2026-07-31 10:20:00""}"
2026-07-31 00:00:00,2026-07-31 10:20:00,66,NIFTY,VOL_CONTRACTION,ON,LOW,-0.0106,Volatility contracting (straddle down),"{""dedupe_key"":""NIFTY|VOL_CONTRACTION|ON|2026-07-31 10:20"",""threshold"":-0.03,""value"":-0.0106,""since_minute_bucket_ist"":"""",""last_updated_ist"":""2026-07-31 10:20:00""}"
2026-07-31 00:00:00,2026-07-31 10:20:00,66,NIFTY,OPTION_MOMENTUM_CALL,ON,MED,3.1,ATM CALL momentum (ltp up + vol up),"{""dedupe_key"":""NIFTY|OPTION_MOMENTUM_CALL|ON|2026-07-31 10:20"",""threshold"":1.5,""value"":3.1,""since_minute_bucket_ist"":"""",""last_updated_ist"":""2026-07-31 10:20:00""}"
2026-07-31 00:00:00,2026-07-31 10:21:00,67,NIFTY,REGIME_RANGE_PIN,OFF,LOW,0.0002,Range / pin (inside local walls),"{""dedupe_key"":""NIFTY|REGIME_RANGE_PIN|OFF|2026-07-31 10:21"",""threshold"":0.001,""value"":0.0002,""since_minute_bucket_ist"":""2026-07-31 10:14"",""last_updated_ist"":""2026-07-31 10:21:00""}"
2026-07-31 00:00:00,2026-07-31 10:21:00,67,NIFTY,REGIME_TRANSITION_UNCERTAIN,ON,LOW,1,Transition/uncertain regime,"{""dedupe_key"":""NIFTY|REGIME_TRANSITION_UNCERTAIN|ON|2026-07-31 10:21"",""threshold"":1,""value"":1,""since_minute_bucket_ist"":"""",""last_updated_ist"":""2026-07-31 10:21:00""}"
2026-07-31 00:00:00,2026-07-31 10:21:00,67,NIFTY,EXP_RANGE_BREAKOUT_WATCH_UP,ON,MED,24353.15,Expected-range watch UP,"{""dedupe_key"":""NIFTY|EXP_RANGE_BREAKOUT_WATCH_UP|ON|2026-07-31 10:21"",""threshold"":24351.49,""value"":24353.15,""since_minute_bucket_ist"":"""",""last_updated_ist"":""2026-07-31 10:21:00""}"
2026-07-31 00:00:00,2026-07-31 10:22:00,68,NIFTY,REGIME_RANGE_PIN,ON,LOW,0.0003,Range / pin (inside local walls),"{""dedupe_key"":""NIFTY|REGIME_RANGE_PIN|ON|2026-07-31 10:22"",""threshold"":0.001,""value"":0.0003,""since_minute_bucket_ist"":"""",""last_updated_ist"":""2026-07-31 10:22:00""}"
2026-07-31 00:00:00,2026-07-31 10:22:00,68,NIFTY,REGIME_TRANSITION_UNCERTAIN,OFF,LOW,1,Transition/uncertain regime,"{""dedupe_key"":""NIFTY|REGIME_TRANSITION_UNCERTAIN|OFF|2026-07-31 10:22"",""threshold"":1,""value"":1,""since_minute_bucket_ist"":""2026-07-31 10:21"",""last_updated_ist"":""2026-07-31 10:22:00""}"
2026-07-31 00:00:00,2026-07-31 10:22:00,68,NIFTY,EXP_RANGE_BREAKOUT_WATCH_UP,OFF,MED,24347.75,Expected-range watch UP,"{""dedupe_key"":""NIFTY|EXP_RANGE_BREAKOUT_WATCH_UP|OFF|2026-07-31 10:22"",""threshold"":24351.87,""value"":24347.75,""since_minute_bucket_ist"":""2026-07-31 10:21"",""last_updated_ist"":""2026-07-31 10:22:00""}"
2026-07-31 00:00:00,2026-07-31 10:22:00,68,NIFTY,VOL_CONTRACTION,OFF,LOW,-0.0065,Volatility contracting (straddle down),"{""dedupe_key"":""NIFTY|VOL_CONTRACTION|OFF|2026-07-31 10:22"",""threshold"":-0.03,""value"":-0.0065,""since_minute_bucket_ist"":""2026-07-31 10:20"",""last_updated_ist"":""2026-07-31 10:22:00""}"
2026-07-31 00:00:00,2026-07-31 10:22:00,68,NIFTY,OPTION_MOMENTUM_CALL,OFF,MED,-2.8,ATM CALL momentum (ltp up + vol up),"{""dedupe_key"":""NIFTY|OPTION_MOMENTUM_CALL|OFF|2026-07-31 10:22"",""threshold"":1.5,""value"":-2.8,""since_minute_bucket_ist"":""2026-07-31 10:20"",""last_updated_ist"":""2026-07-31 10:22:00""}"
2026-07-31 00:00:00,2026-07-31 10:22:00,68,NIFTY,OPTION_MOMENTUM_PUT,ON,MED,4,ATM PUT momentum (ltp up + vol up),"{""dedupe_key"":""NIFTY|OPTION_MOMENTUM_PUT|ON|2026-07-31 10:22"",""threshold"":1.5,""value"":4,""since_minute_bucket_ist"":"""",""last_updated_ist"":""2026-07-31 10:22:00""}"
2026-07-31 00:00:00,2026-07-31 10:23:00,69,NIFTY,VOL_CONTRACTION,ON,LOW,-0.0103,Volatility contracting (straddle down),"{""dedupe_key"":""NIFTY|VOL_CONTRACTION|ON|2026-07-31 10:23"",""threshold"":-0.03,""value"":-0.0103,""since_minute_bucket_ist"":"""",""last_updated_ist"":""2026-07-31 10:23:00""}"
2026-07-31 00:00:00,2026-07-31 10:23:00,69,NIFTY,OPTION_MOMENTUM_PUT,OFF,MED,-1.95,ATM PUT momentum (ltp up + vol up),"{""dedupe_key"":""NIFTY|OPTION_MOMENTUM_PUT|OFF|2026-07-31 10:23"",""threshold"":1.5,""value"":-1.95,""since_minute_bucket_ist"":""2026-07-31 10:22"",""last_updated_ist"":""2026-07-31 10:23:00""}"
2026-07-31 00:00:00,2026-07-31 10:24:00,70,NIFTY,EXP_RANGE_BREAKOUT_WATCH_UP,ON,MED,24353.75,Expected-range watch UP,"{""dedupe_key"":""NIFTY|EXP_RANGE_BREAKOUT_WATCH_UP|ON|2026-07-31 10:24"",""threshold"":24353.29,""value"":24353.75,""since_minute_bucket_ist"":"""",""last_updated_ist"":""2026-07-31 10:24:00""}"
2026-07-31 00:00:00,2026-07-31 10:24:00,70,NIFTY,OPTION_MOMENTUM_CALL,ON,MED,3.2,ATM CALL momentum (ltp up + vol up),"{""dedupe_key"":""NIFTY|OPTION_MOMENTUM_CALL|ON|2026-07-31 10:24"",""threshold"":1.5,""value"":3.2,""since_minute_bucket_ist"":"""",""last_updated_ist"":""2026-07-31 10:24:00""}"
2026-07-31 00:00:00,2026-07-31 10:24:00,70,NIFTY,STEALTH_BUILD_BULL,ON,MED,0.0126,"Stealth bullish build (puts build, spot flat)","{""dedupe_key"":""NIFTY|STEALTH_BUILD_BULL|ON|2026-07-31 10:24"",""threshold"":0.008,""value"":0.0126,""since_minute_bucket_ist"":"""",""last_updated_ist"":""2026-07-31 10:24:00""}"
2026-07-31 00:00:00,2026-07-31 10:25:00,71,NIFTY,EXP_RANGE_BREAKOUT_WATCH_UP,OFF,MED,24353.05,Expected-range watch UP,"{""dedupe_key"":""NIFTY|EXP_RANGE_BREAKOUT_WATCH_UP|OFF|2026-07-31 10:25"",""threshold"":24353.9,""value"":24353.05,""since_minute_bucket_ist"":""2026-07-31 10:24"",""last_updated_ist"":""2026-07-31 10:25:00""}"
2026-07-31 00:00:00,2026-07-31 10:25:00,71,NIFTY,OPTION_MOMENTUM_CALL,OFF,MED,-0.95,ATM CALL momentum (ltp up + vol up),"{""dedupe_key"":""NIFTY|OPTION_MOMENTUM_CALL|OFF|2026-07-31 10:25"",""threshold"":1.5,""value"":-0.95,""since_minute_bucket_ist"":""2026-07-31 10:24"",""last_updated_ist"":""2026-07-31 10:25:00""}"
2026-07-31 00:00:00,2026-07-31 10:26:00,72,NIFTY,VOL_CONTRACTION,OFF,LOW,-0.0036,Volatility contracting (straddle down),"{""dedupe_key"":""NIFTY|VOL_CONTRACTION|OFF|2026-07-31 10:26"",""threshold"":-0.03,""value"":-0.0036,""since_minute_bucket_ist"":""2026-07-31 10:23"",""last_updated_ist"":""2026-07-31 10:26:00""}"
2026-07-31 00:00:00,2026-07-31 10:26:00,72,NIFTY,OPTION_MOMENTUM_PUT,ON,MED,2,ATM PUT momentum (ltp up + vol up),"{""dedupe_key"":""NIFTY|OPTION_MOMENTUM_PUT|ON|2026-07-31 10:26"",""threshold"":1.5,""value"":2,""since_minute_bucket_ist"":"""",""last_updated_ist"":""2026-07-31 10:26:00""}"
2026-07-31 00:00:00,2026-07-31 10:26:00,72,NIFTY,WALL_UNWIND_CONFIRM_UP,ON,MED,-0.0125,Call wall OI unwinding (5m),"{""dedupe_key"":""NIFTY|WALL_UNWIND_CONFIRM_UP|ON|2026-07-31 10:26"",""threshold"":-0.006,""value"":-0.0125,""since_minute_bucket_ist"":"""",""last_updated_ist"":""2026-07-31 10:26:00""}"
2026-07-31 00:00:00,2026-07-31 10:26:00,72,NIFTY,STEALTH_BUILD_BULL,OFF,MED,0.0009,"Stealth bullish build (puts build, spot flat)","{""dedupe_key"":""NIFTY|STEALTH_BUILD_BULL|OFF|2026-07-31 10:26"",""threshold"":0.008,""value"":0.0009,""since_minute_bucket_ist"":""2026-07-31 10:24"",""last_updated_ist"":""2026-07-31 10:26:00""}"
2026-07-31 00:00:00,2026-07-31 10:27:00,73,NIFTY,OPTION_MOMENTUM_PUT,OFF,MED,0,ATM PUT momentum (ltp up + vol up),"{""dedupe_key"":""NIFTY|OPTION_MOMENTUM_PUT|OFF|2026-07-31 10:27"",""threshold"":1.5,""value"":0,""since_minute_bucket_ist"":""2026-07-31 10:26"",""last_updated_ist"":""2026-07-31 10:27:00""}"
2026-07-31 00:00:00,2026-07-31 10:28:00,74,NIFTY,FLOW_BULLISH_BUILD,ON,HIGH,0.004,Bullish build (premium-confirmed writing / support),"{""dedupe_key"":""NIFTY|FLOW_BULLISH_BUILD|ON|2026-07-31 10:28"",""threshold"":0.005,""value"":0.004,""since_minute_bucket_ist"":"""",""last_updated_ist"":""2026-07-31 10:28:00""}"
2026-07-31 00:00:00,2026-07-31 10:28:00,74,NIFTY,VOL_CONTRACTION,ON,LOW,0.0003,Volatility contracting (straddle down),"{""dedupe_key"":""NIFTY|VOL_CONTRACTION|ON|2026-07-31 10:28"",""threshold"":-0.03,""value"":0.0003,""since_minute_bucket_ist"":"""",""last_updated_ist"":""2026-07-31 10:28:00""}"
2026-07-31 00:00:00,2026-07-31 10:28:00,74,NIFTY,CHURN_COMMITTED,ON,MED,0.0002,Price move + aligned flow (committed),"{""dedupe_key"":""NIFTY|CHURN_COMMITTED|ON|2026-07-31 10:28"",""threshold"":0.0001,""value"":0.0002,""since_minute_bucket_ist"":"""",""last_updated_ist"":""2026-07-31 10:28:00""}"
2026-07-31 00:00:00,2026-07-31 10:29:00,75,NIFTY,FLOW_BULLISH_BUILD,OFF,HIGH,0.0035,Bullish build (premium-confirmed writing / support),"{""dedupe_key"":""NIFTY|FLOW_BULLISH_BUILD|OFF|2026-07-31 10:29"",""threshold"":0.005,""value"":0.0035,""since_minute_bucket_ist"":""2026-07-31 10:28"",""last_updated_ist"":""2026-07-31 10:29:00""}"
2026-07-31 00:00:00,2026-07-31 10:29:00,75,NIFTY,CHURN_COMMITTED,OFF,MED,0,Price move + aligned flow (committed),"{""dedupe_key"":""NIFTY|CHURN_COMMITTED|OFF|2026-07-31 10:29"",""threshold"":0.0001,""value"":0,""since_minute_bucket_ist"":""2026-07-31 10:28"",""last_updated_ist"":""2026-07-31 10:29:00""}"
2026-07-31 00:00:00,2026-07-31 10:30:00,76,NIFTY,WALL_UNWIND_CONFIRM_UP,OFF,MED,-0.0003,Call wall OI unwinding (5m),"{""dedupe_key"":""NIFTY|WALL_UNWIND_CONFIRM_UP|OFF|2026-07-31 10:30"",""threshold"":-0.006,""value"":-0.0003,""since_minute_bucket_ist"":""2026-07-31 10:26"",""last_updated_ist"":""2026-07-31 10:30:00""}"
2026-07-31 00:00:00,2026-07-31 10:32:00,78,NIFTY,EXP_RANGE_BREAKOUT_WATCH_DOWN,ON,MED,24340.25,Expected-range watch DOWN,"{""dedupe_key"":""NIFTY|EXP_RANGE_BREAKOUT_WATCH_DOWN|ON|2026-07-31 10:32"",""threshold"":24344.63,""value"":24340.25,""since_minute_bucket_ist"":"""",""last_updated_ist"":""2026-07-31 10:32:00""}"
2026-07-31 00:00:00,2026-07-31 10:32:00,78,NIFTY,VOL_EXPANSION,ON,MED,0.0055,Volatility expanding (straddle up),"{""dedupe_key"":""NIFTY|VOL_EXPANSION|ON|2026-07-31 10:32"",""threshold"":0.02,""value"":0.0055,""since_minute_bucket_ist"":"""",""last_updated_ist"":""2026-07-31 10:32:00""}"
2026-07-31 00:00:00,2026-07-31 10:32:00,78,NIFTY,VOL_CONTRACTION,OFF,LOW,0.0055,Volatility contracting (straddle down),"{""dedupe_key"":""NIFTY|VOL_CONTRACTION|OFF|2026-07-31 10:32"",""threshold"":-0.03,""value"":0.0055,""since_minute_bucket_ist"":""2026-07-31 10:28"",""last_updated_ist"":""2026-07-31 10:32:00""}"
2026-07-31 00:00:00,2026-07-31 10:32:00,78,NIFTY,OPTION_MOMENTUM_PUT,ON,MED,6.5,ATM PUT momentum (ltp up + vol up),"{""dedupe_key"":""NIFTY|OPTION_MOMENTUM_PUT|ON|2026-07-31 10:32"",""threshold"":1.5,""value"":6.5,""since_minute_bucket_ist"":"""",""last_updated_ist"":""2026-07-31 10:32:00""}"
2026-07-31 00:00:00,2026-07-31 10:33:00,79,NIFTY,REGIME_RANGE_PIN,OFF,LOW,0.0002,Range / pin (inside local walls),"{""dedupe_key"":""NIFTY|REGIME_RANGE_PIN|OFF|2026-07-31 10:33"",""threshold"":0.001,""value"":0.0002,""since_minute_bucket_ist"":""2026-07-31 10:22"",""last_updated_ist"":""2026-07-31 10:33:00""}"
2026-07-31 00:00:00,2026-07-31 10:33:00,79,NIFTY,REGIME_TRANSITION_UNCERTAIN,ON,LOW,1,Transition/uncertain regime,"{""dedupe_key"":""NIFTY|REGIME_TRANSITION_UNCERTAIN|ON|2026-07-31 10:33"",""threshold"":1,""value"":1,""since_minute_bucket_ist"":"""",""last_updated_ist"":""2026-07-31 10:33:00""}"
2026-07-31 00:00:00,2026-07-31 10:33:00,79,NIFTY,EXP_RANGE_BREAKOUT_CONFIRMED_DOWN,ON,HIGH,2,Expected-range breakout CONFIRMED DOWN,"{""dedupe_key"":""NIFTY|EXP_RANGE_BREAKOUT_CONFIRMED_DOWN|ON|2026-07-31 10:33"",""threshold"":2,""value"":2,""since_minute_bucket_ist"":"""",""last_updated_ist"":""2026-07-31 10:33:00""}"
2026-07-31 00:00:00,2026-07-31 10:33:00,79,NIFTY,OPTION_MOMENTUM_PUT,OFF,MED,0,ATM PUT momentum (ltp up + vol up),"{""dedupe_key"":""NIFTY|OPTION_MOMENTUM_PUT|OFF|2026-07-31 10:33"",""threshold"":1.5,""value"":0,""since_minute_bucket_ist"":""2026-07-31 10:32"",""last_updated_ist"":""2026-07-31 10:33:00""}"
2026-07-31 00:00:00,2026-07-31 10:34:00,80,NIFTY,REGIME_RANGE_PIN,ON,LOW,0.0002,Range / pin (inside local walls),"{""dedupe_key"":""NIFTY|REGIME_RANGE_PIN|ON|2026-07-31 10:34"",""threshold"":0.001,""value"":0.0002,""since_minute_bucket_ist"":"""",""last_updated_ist"":""2026-07-31 10:34:00""}"
2026-07-31 00:00:00,2026-07-31 10:34:00,80,NIFTY,REGIME_TRANSITION_UNCERTAIN,OFF,LOW,1,Transition/uncertain regime,"{""dedupe_key"":""NIFTY|REGIME_TRANSITION_UNCERTAIN|OFF|2026-07-31 10:34"",""threshold"":1,""value"":1,""since_minute_bucket_ist"":""2026-07-31 10:33"",""last_updated_ist"":""2026-07-31 10:34:00""}"
2026-07-31 00:00:00,2026-07-31 10:34:00,80,NIFTY,WALL_UNWIND_CONFIRM_UP,ON,MED,-0.0061,Call wall OI unwinding (5m),"{""dedupe_key"":""NIFTY|WALL_UNWIND_CONFIRM_UP|ON|2026-07-31 10:34"",""threshold"":-0.006,""value"":-0.0061,""since_minute_bucket_ist"":"""",""last_updated_ist"":""2026-07-31 10:34:00""}"
2026-07-31 00:00:00,2026-07-31 10:35:00,81,NIFTY,EXP_RANGE_BREAKOUT_WATCH_DOWN,OFF,MED,24340.7,Expected-range watch DOWN,"{""dedupe_key"":""NIFTY|EXP_RANGE_BREAKOUT_WATCH_DOWN|OFF|2026-07-31 10:35"",""threshold"":24340.16,""value"":24340.7,""since_minute_bucket_ist"":""2026-07-31 10:32"",""last_updated_ist"":""2026-07-31 10:35:00""}"
2026-07-31 00:00:00,2026-07-31 10:35:00,81,NIFTY,EXP_RANGE_BREAKOUT_CONFIRMED_DOWN,OFF,HIGH,0,Expected-range breakout CONFIRMED DOWN,"{""dedupe_key"":""NIFTY|EXP_RANGE_BREAKOUT_CONFIRMED_DOWN|OFF|2026-07-31 10:35"",""threshold"":2,""value"":0,""since_minute_bucket_ist"":""2026-07-31 10:33"",""last_updated_ist"":""2026-07-31 10:35:00""}"
2026-07-31 00:00:00,2026-07-31 10:36:00,82,NIFTY,VOL_EXPANSION,OFF,MED,-0.0073,Volatility expanding (straddle up),"{""dedupe_key"":""NIFTY|VOL_EXPANSION|OFF|2026-07-31 10:36"",""threshold"":0.02,""value"":-0.0073,""since_minute_bucket_ist"":""2026-07-31 10:32"",""last_updated_ist"":""2026-07-31 10:36:00""}"
2026-07-31 00:00:00,2026-07-31 10:36:00,82,NIFTY,VOL_CONTRACTION,ON,LOW,-0.0073,Volatility contracting (straddle down),"{""dedupe_key"":""NIFTY|VOL_CONTRACTION|ON|2026-07-31 10:36"",""threshold"":-0.03,""value"":-0.0073,""since_minute_bucket_ist"":"""",""last_updated_ist"":""2026-07-31 10:36:00""}"
2026-07-31 00:00:00,2026-07-31 10:36:00,82,NIFTY,WALL_UNWIND_CONFIRM_UP,OFF,MED,-0.0037,Call wall OI unwinding (5m),"{""dedupe_key"":""NIFTY|WALL_UNWIND_CONFIRM_UP|OFF|2026-07-31 10:36"",""threshold"":-0.006,""value"":-0.0037,""since_minute_bucket_ist"":""2026-07-31 10:34"",""last_updated_ist"":""2026-07-31 10:36:00""}"
2026-07-31 00:00:00,2026-07-31 10:36:00,82,NIFTY,STEALTH_BUILD_BEAR,ON,MED,0.0088,"Stealth bearish build (calls build, spot flat)","{""dedupe_key"":""NIFTY|STEALTH_BUILD_BEAR|ON|2026-07-31 10:36"",""threshold"":0.008,""value"":0.0088,""since_minute_bucket_ist"":"""",""last_updated_ist"":""2026-07-31 10:36:00""}"
2026-07-31 00:00:00,2026-07-31 10:37:00,83,NIFTY,FLOW_BEARISH_BUILD,ON,HIGH,0.009,Bearish build (premium-confirmed writing / resistance),"{""dedupe_key"":""NIFTY|FLOW_BEARISH_BUILD|ON|2026-07-31 10:37"",""threshold"":0.005,""value"":0.009,""since_minute_bucket_ist"":"""",""last_updated_ist"":""2026-07-31 10:37:00""}"
2026-07-31 00:00:00,2026-07-31 10:38:00,84,NIFTY,FLOW_BULLISH_BUILD,ON,HIGH,0.0002,Bullish build (premium-confirmed writing / support),"{""dedupe_key"":""NIFTY|FLOW_BULLISH_BUILD|ON|2026-07-31 10:38"",""threshold"":0.005,""value"":0.0002,""since_minute_bucket_ist"":"""",""last_updated_ist"":""2026-07-31 10:38:00""}"
2026-07-31 00:00:00,2026-07-31 10:38:00,84,NIFTY,FLOW_BEARISH_BUILD,OFF,HIGH,-0.0009,Bearish build (premium-confirmed writing / resistance),"{""dedupe_key"":""NIFTY|FLOW_BEARISH_BUILD|OFF|2026-07-31 10:38"",""threshold"":0.005,""value"":-0.0009,""since_minute_bucket_ist"":""2026-07-31 10:37"",""last_updated_ist"":""2026-07-31 10:38:00""}"
2026-07-31 00:00:00,2026-07-31 10:38:00,84,NIFTY,REGIME_RANGE_PIN,OFF,LOW,0.0002,Range / pin (inside local walls),"{""dedupe_key"":""NIFTY|REGIME_RANGE_PIN|OFF|2026-07-31 10:38"",""threshold"":0.001,""value"":0.0002,""since_minute_bucket_ist"":""2026-07-31 10:34"",""last_updated_ist"":""2026-07-31 10:38:00""}"
2026-07-31 00:00:00,2026-07-31 10:38:00,84,NIFTY,REGIME_TRANSITION_UNCERTAIN,ON,LOW,1,Transition/uncertain regime,"{""dedupe_key"":""NIFTY|REGIME_TRANSITION_UNCERTAIN|ON|2026-07-31 10:38"",""threshold"":1,""value"":1,""since_minute_bucket_ist"":"""",""last_updated_ist"":""2026-07-31 10:38:00""}"
2026-07-31 00:00:00,2026-07-31 10:38:00,84,NIFTY,EXP_RANGE_BREAKOUT_WATCH_UP,ON,MED,24357.25,Expected-range watch UP,"{""dedupe_key"":""NIFTY|EXP_RANGE_BREAKOUT_WATCH_UP|ON|2026-07-31 10:38"",""threshold"":24355.6,""value"":24357.25,""since_minute_bucket_ist"":"""",""last_updated_ist"":""2026-07-31 10:38:00""}"
2026-07-31 00:00:00,2026-07-31 10:38:00,84,NIFTY,OPTION_MOMENTUM_CALL,ON,MED,3.8,ATM CALL momentum (ltp up + vol up),"{""dedupe_key"":""NIFTY|OPTION_MOMENTUM_CALL|ON|2026-07-31 10:38"",""threshold"":1.5,""value"":3.8,""since_minute_bucket_ist"":"""",""last_updated_ist"":""2026-07-31 10:38:00""}"
2026-07-31 00:00:00,2026-07-31 10:38:00,84,NIFTY,CHURN_COMMITTED,ON,MED,0.0003,Price move + aligned flow (committed),"{""dedupe_key"":""NIFTY|CHURN_COMMITTED|ON|2026-07-31 10:38"",""threshold"":0.0001,""value"":0.0003,""since_minute_bucket_ist"":"""",""last_updated_ist"":""2026-07-31 10:38:00""}"
2026-07-31 00:00:00,2026-07-31 10:38:00,84,NIFTY,STEALTH_BUILD_BEAR,OFF,MED,-0.0009,"Stealth bearish build (calls build, spot flat)","{""dedupe_key"":""NIFTY|STEALTH_BUILD_BEAR|OFF|2026-07-31 10:38"",""threshold"":0.008,""value"":-0.0009,""since_minute_bucket_ist"":""2026-07-31 10:36"",""last_updated_ist"":""2026-07-31 10:38:00""}"
2026-07-31 00:00:00,2026-07-31 10:39:00,85,NIFTY,FLOW_BULLISH_BUILD,OFF,HIGH,0.0017,Bullish build (premium-confirmed writing / support),"{""dedupe_key"":""NIFTY|FLOW_BULLISH_BUILD|OFF|2026-07-31 10:39"",""threshold"":0.005,""value"":0.0017,""since_minute_bucket_ist"":""2026-07-31 10:38"",""last_updated_ist"":""2026-07-31 10:39:00""}"
2026-07-31 00:00:00,2026-07-31 10:39:00,85,NIFTY,EXP_RANGE_BREAKOUT_WATCH_UP,OFF,MED,24356.75,Expected-range watch UP,"{""dedupe_key"":""NIFTY|EXP_RANGE_BREAKOUT_WATCH_UP|OFF|2026-07-31 10:39"",""threshold"":24357.1,""value"":24356.75,""since_minute_bucket_ist"":""2026-07-31 10:38"",""last_updated_ist"":""2026-07-31 10:39:00""}"
2026-07-31 00:00:00,2026-07-31 10:39:00,85,NIFTY,OPTION_MOMENTUM_CALL,OFF,MED,-0.25,ATM CALL momentum (ltp up + vol up),"{""dedupe_key"":""NIFTY|OPTION_MOMENTUM_CALL|OFF|2026-07-31 10:39"",""threshold"":1.5,""value"":-0.25,""since_minute_bucket_ist"":""2026-07-31 10:38"",""last_updated_ist"":""2026-07-31 10:39:00""}"
2026-07-31 00:00:00,2026-07-31 10:39:00,85,NIFTY,CHURN_COMMITTED,OFF,MED,0,Price move + aligned flow (committed),"{""dedupe_key"":""NIFTY|CHURN_COMMITTED|OFF|2026-07-31 10:39"",""threshold"":0.0001,""value"":0,""since_minute_bucket_ist"":""2026-07-31 10:38"",""last_updated_ist"":""2026-07-31 10:39:00""}"
2026-07-31 00:00:00,2026-07-31 10:40:00,86,NIFTY,VOL_CONTRACTION,OFF,LOW,-0.0055,Volatility contracting (straddle down),"{""dedupe_key"":""NIFTY|VOL_CONTRACTION|OFF|2026-07-31 10:40"",""threshold"":-0.03,""value"":-0.0055,""since_minute_bucket_ist"":""2026-07-31 10:36"",""last_updated_ist"":""2026-07-31 10:40:00""}"
2026-07-31 00:00:00,2026-07-31 10:41:00,87,NIFTY,FLOW_BULLISH_BUILD,ON,HIGH,0.0007,Bullish build (premium-confirmed writing / support),"{""dedupe_key"":""NIFTY|FLOW_BULLISH_BUILD|ON|2026-07-31 10:41"",""threshold"":0.005,""value"":0.0007,""since_minute_bucket_ist"":"""",""last_updated_ist"":""2026-07-31 10:41:00""}"
2026-07-31 00:00:00,2026-07-31 10:42:00,88,NIFTY,FLOW_BULLISH_BUILD,OFF,HIGH,0.0165,Bullish build (premium-confirmed writing / support),"{""dedupe_key"":""NIFTY|FLOW_BULLISH_BUILD|OFF|2026-07-31 10:42"",""threshold"":0.005,""value"":0.0165,""since_minute_bucket_ist"":""2026-07-31 10:41"",""last_updated_ist"":""2026-07-31 10:42:00""}"
2026-07-31 00:00:00,2026-07-31 10:42:00,88,NIFTY,REGIME_RANGE_PIN,ON,LOW,0.0002,Range / pin (inside local walls),"{""dedupe_key"":""NIFTY|REGIME_RANGE_PIN|ON|2026-07-31 10:42"",""threshold"":0.001,""value"":0.0002,""since_minute_bucket_ist"":"""",""last_updated_ist"":""2026-07-31 10:42:00""}"
2026-07-31 00:00:00,2026-07-31 10:42:00,88,NIFTY,REGIME_TRANSITION_UNCERTAIN,OFF,LOW,1,Transition/uncertain regime,"{""dedupe_key"":""NIFTY|REGIME_TRANSITION_UNCERTAIN|OFF|2026-07-31 10:42"",""threshold"":1,""value"":1,""since_minute_bucket_ist"":""2026-07-31 10:38"",""last_updated_ist"":""2026-07-31 10:42:00""}"
2026-07-31 00:00:00,2026-07-31 10:42:00,88,NIFTY,VOL_CONTRACTION,ON,LOW,0.0005,Volatility contracting (straddle down),"{""dedupe_key"":""NIFTY|VOL_CONTRACTION|ON|2026-07-31 10:42"",""threshold"":-0.03,""value"":0.0005,""since_minute_bucket_ist"":"""",""last_updated_ist"":""2026-07-31 10:42:00""}"
2026-07-31 00:00:00,2026-07-31 10:42:00,88,NIFTY,WALL_UNWIND_CONFIRM_UP,ON,MED,-0.0072,Call wall OI unwinding (5m),"{""dedupe_key"":""NIFTY|WALL_UNWIND_CONFIRM_UP|ON|2026-07-31 10:42"",""threshold"":-0.006,""value"":-0.0072,""since_minute_bucket_ist"":"""",""last_updated_ist"":""2026-07-31 10:42:00""}"
2026-07-31 00:00:00,2026-07-31 10:42:00,88,NIFTY,STEALTH_BUILD_BULL,ON,MED,0.0165,"Stealth bullish build (puts build, spot flat)","{""dedupe_key"":""NIFTY|STEALTH_BUILD_BULL|ON|2026-07-31 10:42"",""threshold"":0.008,""value"":0.0165,""since_minute_bucket_ist"":"""",""last_updated_ist"":""2026-07-31 10:42:00""}"
2026-07-31 00:00:00,2026-07-31 10:43:00,89,NIFTY,VOL_CONTRACTION,OFF,LOW,-0.0048,Volatility contracting (straddle down),"{""dedupe_key"":""NIFTY|VOL_CONTRACTION|OFF|2026-07-31 10:43"",""threshold"":-0.03,""value"":-0.0048,""since_minute_bucket_ist"":""2026-07-31 10:42"",""last_updated_ist"":""2026-07-31 10:43:00""}"
2026-07-31 00:00:00,2026-07-31 10:43:00,89,NIFTY,WALL_UNWIND_CONFIRM_UP,OFF,MED,-0.0055,Call wall OI unwinding (5m),"{""dedupe_key"":""NIFTY|WALL_UNWIND_CONFIRM_UP|OFF|2026-07-31 10:43"",""threshold"":-0.006,""value"":-0.0055,""since_minute_bucket_ist"":""2026-07-31 10:42"",""last_updated_ist"":""2026-07-31 10:43:00""}"
2026-07-31 00:00:00,2026-07-31 10:43:00,89,NIFTY,STEALTH_BUILD_BULL,OFF,MED,0.0044,"Stealth bullish build (puts build, spot flat)","{""dedupe_key"":""NIFTY|STEALTH_BUILD_BULL|OFF|2026-07-31 10:43"",""threshold"":0.008,""value"":0.0044,""since_minute_bucket_ist"":""2026-07-31 10:42"",""last_updated_ist"":""2026-07-31 10:43:00""}"
2026-07-31 00:00:00,2026-07-31 10:44:00,90,NIFTY,OPTION_MOMENTUM_PUT,ON,MED,1.8,ATM PUT momentum (ltp up + vol up),"{""dedupe_key"":""NIFTY|OPTION_MOMENTUM_PUT|ON|2026-07-31 10:44"",""threshold"":1.5,""value"":1.8,""since_minute_bucket_ist"":"""",""last_updated_ist"":""2026-07-31 10:44:00""}"
2026-07-31 00:00:00,2026-07-31 10:45:00,91,NIFTY,OPTION_MOMENTUM_CALL,ON,MED,1.95,ATM CALL momentum (ltp up + vol up),"{""dedupe_key"":""NIFTY|OPTION_MOMENTUM_CALL|ON|2026-07-31 10:45"",""threshold"":1.5,""value"":1.95,""since_minute_bucket_ist"":"""",""last_updated_ist"":""2026-07-31 10:45:00""}"
2026-07-31 00:00:00,2026-07-31 10:45:00,91,NIFTY,OPTION_MOMENTUM_PUT,OFF,MED,-1.85,ATM PUT momentum (ltp up + vol up),"{""dedupe_key"":""NIFTY|OPTION_MOMENTUM_PUT|OFF|2026-07-31 10:45"",""threshold"":1.5,""value"":-1.85,""since_minute_bucket_ist"":""2026-07-31 10:44"",""last_updated_ist"":""2026-07-31 10:45:00""}"
2026-07-31 00:00:00,2026-07-31 10:47:00,92,NIFTY,OPTION_MOMENTUM_CALL,OFF,MED,0.8,ATM CALL momentum (ltp up + vol up),"{""dedupe_key"":""NIFTY|OPTION_MOMENTUM_CALL|OFF|2026-07-31 10:47"",""threshold"":1.5,""value"":0.8,""since_minute_bucket_ist"":""2026-07-31 10:45"",""last_updated_ist"":""2026-07-31 10:47:00""}"
2026-07-31 00:00:00,2026-07-31 10:48:00,94,NIFTY,EXP_RANGE_BREAKOUT_WATCH_UP,ON,MED,24358.85,Expected-range watch UP,"{""dedupe_key"":""NIFTY|EXP_RANGE_BREAKOUT_WATCH_UP|ON|2026-07-31 10:48"",""threshold"":24358.65,""value"":24358.85,""since_minute_bucket_ist"":"""",""last_updated_ist"":""2026-07-31 10:48:00""}"
2026-07-31 00:00:00,2026-07-31 10:49:00,95,NIFTY,EXP_RANGE_BREAKOUT_WATCH_UP,OFF,MED,24356.7,Expected-range watch UP,"{""dedupe_key"":""NIFTY|EXP_RANGE_BREAKOUT_WATCH_UP|OFF|2026-07-31 10:49"",""threshold"":24358.42,""value"":24356.7,""since_minute_bucket_ist"":""2026-07-31 10:48"",""last_updated_ist"":""2026-07-31 10:49:00""}"
2026-07-31 00:00:00,2026-07-31 10:50:00,96,NIFTY,FLOW_BULLISH_BUILD,ON,HIGH,0.0046,Bullish build (premium-confirmed writing / support),"{""dedupe_key"":""NIFTY|FLOW_BULLISH_BUILD|ON|2026-07-31 10:50"",""threshold"":0.005,""value"":0.0046,""since_minute_bucket_ist"":"""",""last_updated_ist"":""2026-07-31 10:50:00""}"
2026-07-31 00:00:00,2026-07-31 10:50:00,96,NIFTY,EXP_RANGE_BREAKOUT_WATCH_DOWN,ON,MED,24350.85,Expected-range watch DOWN,"{""dedupe_key"":""NIFTY|EXP_RANGE_BREAKOUT_WATCH_DOWN|ON|2026-07-31 10:50"",""threshold"":24352.5,""value"":24350.85,""since_minute_bucket_ist"":"""",""last_updated_ist"":""2026-07-31 10:50:00""}"
2026-07-31 00:00:00,2026-07-31 10:51:00,97,NIFTY,DATA_INCOMPLETE,ON,HIGH,17,"Data incomplete: nse_status=BLOCKED, strikes=17, spot=24350.85","{""dedupe_key"":""NIFTY|DATA_INCOMPLETE|ON|2026-07-31 10:51"",""threshold"":17,""value"":17,""since_minute_bucket_ist"":"""",""last_updated_ist"":""2026-07-31 10:51:00""}"
2026-07-31 00:00:00,2026-07-31 10:51:00,97,NIFTY,FLOW_BULLISH_BUILD,OFF,HIGH,0.0046,Bullish build (premium-confirmed writing / support),"{""dedupe_key"":""NIFTY|FLOW_BULLISH_BUILD|OFF|2026-07-31 10:51"",""threshold"":0.005,""value"":0.0046,""since_minute_bucket_ist"":""2026-07-31 10:50"",""last_updated_ist"":""2026-07-31 10:51:00""}"
2026-07-31 00:00:00,2026-07-31 10:51:00,97,NIFTY,REGIME_RANGE_PIN,OFF,LOW,0.0001,Range / pin (inside local walls),"{""dedupe_key"":""NIFTY|REGIME_RANGE_PIN|OFF|2026-07-31 10:51"",""threshold"":0.001,""value"":0.0001,""since_minute_bucket_ist"":""2026-07-31 10:42"",""last_updated_ist"":""2026-07-31 10:51:00""}"
2026-07-31 00:00:00,2026-07-31 10:51:00,97,NIFTY,EXP_RANGE_BREAKOUT_WATCH_DOWN,OFF,MED,24350.85,Expected-range watch DOWN,"{""dedupe_key"":""NIFTY|EXP_RANGE_BREAKOUT_WATCH_DOWN|OFF|2026-07-31 10:51"",""threshold"":24352.5,""value"":24350.85,""since_minute_bucket_ist"":""2026-07-31 10:50"",""last_updated_ist"":""2026-07-31 10:51:00""}"
2026-07-31 00:00:00,2026-07-31 10:52:00,98,NIFTY,DATA_INCOMPLETE,OFF,HIGH,17,"Data incomplete: nse_status=BLOCKED, strikes=17, spot=24350.85","{""dedupe_key"":""NIFTY|DATA_INCOMPLETE|OFF|2026-07-31 10:52"",""threshold"":17,""value"":17,""since_minute_bucket_ist"":""2026-07-31 10:51"",""last_updated_ist"":""2026-07-31 10:52:00""}"
2026-07-31 00:00:00,2026-07-31 10:52:00,98,NIFTY,DATA_GAP_LOCK,ON,HIGH,1785475369740,Cooldown after data gap / window shift (signals locked),"{""dedupe_key"":""NIFTY|DATA_GAP_LOCK|ON|2026-07-31 10:52"",""threshold"":1785475489740,""value"":1785475369740,""since_minute_bucket_ist"":"""",""last_updated_ist"":""2026-07-31 10:52:00""}"
2026-07-31 00:00:00,2026-07-31 10:52:00,98,NIFTY,REGIME_RANGE_PIN,ON,LOW,0.0001,Range / pin (inside local walls),"{""dedupe_key"":""NIFTY|REGIME_RANGE_PIN|ON|2026-07-31 10:52"",""threshold"":0.001,""value"":0.0001,""since_minute_bucket_ist"":"""",""last_updated_ist"":""2026-07-31 10:52:00""}"
2026-07-31 00:00:00,2026-07-31 10:52:00,98,NIFTY,VOL_CONTRACTION,ON,LOW,-0.0042,Volatility contracting (straddle down),"{""dedupe_key"":""NIFTY|VOL_CONTRACTION|ON|2026-07-31 10:52"",""threshold"":-0.03,""value"":-0.0042,""since_minute_bucket_ist"":"""",""last_updated_ist"":""2026-07-31 10:52:00""}"
2026-07-31 00:00:00,2026-07-31 10:52:00,98,NIFTY,OPTION_MOMENTUM_PUT,ON,MED,2.9,ATM PUT momentum (ltp up + vol up),"{""dedupe_key"":""NIFTY|OPTION_MOMENTUM_PUT|ON|2026-07-31 10:52"",""threshold"":1.5,""value"":2.9,""since_minute_bucket_ist"":"""",""last_updated_ist"":""2026-07-31 10:52:00""}"
2026-07-31 00:00:00,2026-07-31 10:53:00,99,NIFTY,FLOW_BULLISH_BUILD,ON,HIGH,0.0022,Bullish build (premium-confirmed writing / support),"{""dedupe_key"":""NIFTY|FLOW_BULLISH_BUILD|ON|2026-07-31 10:53"",""threshold"":0.005,""value"":0.0022,""since_minute_bucket_ist"":"""",""last_updated_ist"":""2026-07-31 10:53:00""}"
2026-07-31 00:00:00,2026-07-31 10:53:00,99,NIFTY,VOL_CONTRACTION,OFF,LOW,0,Volatility contracting (straddle down),"{""dedupe_key"":""NIFTY|VOL_CONTRACTION|OFF|2026-07-31 10:53"",""threshold"":-0.03,""value"":0,""since_minute_bucket_ist"":""2026-07-31 10:52"",""last_updated_ist"":""2026-07-31 10:53:00""}"
2026-07-31 00:00:00,2026-07-31 10:53:00,99,NIFTY,OPTION_MOMENTUM_CALL,ON,MED,1.6,ATM CALL momentum (ltp up + vol up),"{""dedupe_key"":""NIFTY|OPTION_MOMENTUM_CALL|ON|2026-07-31 10:53"",""threshold"":1.5,""value"":1.6,""since_minute_bucket_ist"":"""",""last_updated_ist"":""2026-07-31 10:53:00""}"
2026-07-31 00:00:00,2026-07-31 10:53:00,99,NIFTY,OPTION_MOMENTUM_PUT,OFF,MED,-0.85,ATM PUT momentum (ltp up + vol up),"{""dedupe_key"":""NIFTY|OPTION_MOMENTUM_PUT|OFF|2026-07-31 10:53"",""threshold"":1.5,""value"":-0.85,""since_minute_bucket_ist"":""2026-07-31 10:52"",""last_updated_ist"":""2026-07-31 10:53:00""}"
2026-07-31 00:00:00,2026-07-31 10:54:00,100,NIFTY,DATA_GAP_LOCK,OFF,HIGH,1785475489925,Cooldown after data gap / window shift (signals locked),"{""dedupe_key"":""NIFTY|DATA_GAP_LOCK|OFF|2026-07-31 10:54"",""threshold"":1785475489740,""value"":1785475489925,""since_minute_bucket_ist"":""2026-07-31 10:52"",""last_updated_ist"":""2026-07-31 10:54:00""}"
2026-07-31 00:00:00,2026-07-31 10:54:00,100,NIFTY,FLOW_BULLISH_BUILD,OFF,HIGH,0.0038,Bullish build (premium-confirmed writing / support),"{""dedupe_key"":""NIFTY|FLOW_BULLISH_BUILD|OFF|2026-07-31 10:54"",""threshold"":0.005,""value"":0.0038,""since_minute_bucket_ist"":""2026-07-31 10:53"",""last_updated_ist"":""2026-07-31 10:54:00""}"
2026-07-31 00:00:00,2026-07-31 10:54:00,100,NIFTY,OPTION_MOMENTUM_CALL,OFF,MED,-1.25,ATM CALL momentum (ltp up + vol up),"{""dedupe_key"":""NIFTY|OPTION_MOMENTUM_CALL|OFF|2026-07-31 10:54"",""threshold"":1.5,""value"":-1.25,""since_minute_bucket_ist"":""2026-07-31 10:53"",""last_updated_ist"":""2026-07-31 10:54:00""}"
2026-07-31 00:00:00,2026-07-31 10:54:00,100,NIFTY,WALL_UNWIND_CONFIRM_UP,ON,MED,-0.0064,Call wall OI unwinding (5m),"{""dedupe_key"":""NIFTY|WALL_UNWIND_CONFIRM_UP|ON|2026-07-31 10:54"",""threshold"":-0.006,""value"":-0.0064,""since_minute_bucket_ist"":"""",""last_updated_ist"":""2026-07-31 10:54:00""}"
2026-07-31 00:00:00,2026-07-31 10:54:00,100,NIFTY,WALL_SHIFT_REGIME,ON,MED,1,Wall strike shifted materially (>= 1 step),"{""dedupe_key"":""NIFTY|WALL_SHIFT_REGIME|ON|2026-07-31 10:54"",""threshold"":1,""value"":1,""since_minute_bucket_ist"":"""",""last_updated_ist"":""2026-07-31 10:54:00""}"
2026-07-31 00:00:00,2026-07-31 10:55:00,101,NIFTY,WALL_SHIFT_REGIME,OFF,MED,1,Wall strike shifted materially (>= 1 step),"{""dedupe_key"":""NIFTY|WALL_SHIFT_REGIME|OFF|2026-07-31 10:55"",""threshold"":1,""value"":1,""since_minute_bucket_ist"":""2026-07-31 10:54"",""last_updated_ist"":""2026-07-31 10:55:00""}"
2026-07-31 00:00:00,2026-07-31 10:56:00,102,NIFTY,WALL_UNWIND_CONFIRM_UP,OFF,MED,-0.0052,Call wall OI unwinding (5m),"{""dedupe_key"":""NIFTY|WALL_UNWIND_CONFIRM_UP|OFF|2026-07-31 10:56"",""threshold"":-0.006,""value"":-0.0052,""since_minute_bucket_ist"":""2026-07-31 10:54"",""last_updated_ist"":""2026-07-31 10:56:00""}"
2026-07-31 00:00:00,2026-07-31 10:57:00,103,NIFTY,FLOW_BEARISH_BUILD,ON,HIGH,0.0027,Bearish build (premium-confirmed writing / resistance),"{""dedupe_key"":""NIFTY|FLOW_BEARISH_BUILD|ON|2026-07-31 10:57"",""threshold"":0.005,""value"":0.0027,""since_minute_bucket_ist"":"""",""last_updated_ist"":""2026-07-31 10:57:00""}"
2026-07-31 00:00:00,2026-07-31 10:57:00,103,NIFTY,VOL_CONTRACTION,ON,LOW,-0.0021,Volatility contracting (straddle down),"{""dedupe_key"":""NIFTY|VOL_CONTRACTION|ON|2026-07-31 10:57"",""threshold"":-0.03,""value"":-0.0021,""since_minute_bucket_ist"":"""",""last_updated_ist"":""2026-07-31 10:57:00""}"
2026-07-31 00:00:00,2026-07-31 10:58:00,104,NIFTY,FLOW_BULLISH_BUILD,ON,HIGH,0.0003,Bullish build (premium-confirmed writing / support),"{""dedupe_key"":""NIFTY|FLOW_BULLISH_BUILD|ON|2026-07-31 10:58"",""threshold"":0.005,""value"":0.0003,""since_minute_bucket_ist"":"""",""last_updated_ist"":""2026-07-31 10:58:00""}"
2026-07-31 00:00:00,2026-07-31 10:58:00,104,NIFTY,FLOW_BEARISH_BUILD,OFF,HIGH,-0.0007,Bearish build (premium-confirmed writing / resistance),"{""dedupe_key"":""NIFTY|FLOW_BEARISH_BUILD|OFF|2026-07-31 10:58"",""threshold"":0.005,""value"":-0.0007,""since_minute_bucket_ist"":""2026-07-31 10:57"",""last_updated_ist"":""2026-07-31 10:58:00""}"
2026-07-31 00:00:00,2026-07-31 10:58:00,104,NIFTY,VOL_CONTRACTION,OFF,LOW,-0.0008,Volatility contracting (straddle down),"{""dedupe_key"":""NIFTY|VOL_CONTRACTION|OFF|2026-07-31 10:58"",""threshold"":-0.03,""value"":-0.0008,""since_minute_bucket_ist"":""2026-07-31 10:57"",""last_updated_ist"":""2026-07-31 10:58:00""}"
2026-07-31 00:00:00,2026-07-31 10:58:00,104,NIFTY,OPTION_MOMENTUM_CALL,ON,MED,2.1,ATM CALL momentum (ltp up + vol up),"{""dedupe_key"":""NIFTY|OPTION_MOMENTUM_CALL|ON|2026-07-31 10:58"",""threshold"":1.5,""value"":2.1,""since_minute_bucket_ist"":"""",""last_updated_ist"":""2026-07-31 10:58:00""}"
2026-07-31 00:00:00,2026-07-31 10:59:00,105,NIFTY,FLOW_BULLISH_BUILD,OFF,HIGH,-0.0014,Bullish build (premium-confirmed writing / support),"{""dedupe_key"":""NIFTY|FLOW_BULLISH_BUILD|OFF|2026-07-31 10:59"",""threshold"":0.005,""value"":-0.0014,""since_minute_bucket_ist"":""2026-07-31 10:58"",""last_updated_ist"":""2026-07-31 10:59:00""}"
2026-07-31 00:00:00,2026-07-31 10:59:00,105,NIFTY,OPTION_MOMENTUM_CALL,OFF,MED,0,ATM CALL momentum (ltp up + vol up),"{""dedupe_key"":""NIFTY|OPTION_MOMENTUM_CALL|OFF|2026-07-31 10:59"",""threshold"":1.5,""value"":0,""since_minute_bucket_ist"":""2026-07-31 10:58"",""last_updated_ist"":""2026-07-31 10:59:00""}"
2026-07-31 00:00:00,2026-07-31 10:59:00,105,NIFTY,WALL_UNWIND_CONFIRM_DOWN,ON,MED,-0.0107,Put wall OI unwinding (5m),"{""dedupe_key"":""NIFTY|WALL_UNWIND_CONFIRM_DOWN|ON|2026-07-31 10:59"",""threshold"":-0.006,""value"":-0.0107,""since_minute_bucket_ist"":"""",""last_updated_ist"":""2026-07-31 10:59:00""}"
2026-07-31 00:00:00,2026-07-31 11:01:00,107,NIFTY,FLOW_BULLISH_BUILD,ON,HIGH,0.0046,Bullish build (premium-confirmed writing / support),"{""dedupe_key"":""NIFTY|FLOW_BULLISH_BUILD|ON|2026-07-31 11:01"",""threshold"":0.005,""value"":0.0046,""since_minute_bucket_ist"":"""",""last_updated_ist"":""2026-07-31 11:01:00""}"
2026-07-31 00:00:00,2026-07-31 11:02:00,108,NIFTY,FLOW_BULLISH_BUILD,OFF,HIGH,0.0003,Bullish build (premium-confirmed writing / support),"{""dedupe_key"":""NIFTY|FLOW_BULLISH_BUILD|OFF|2026-07-31 11:02"",""threshold"":0.005,""value"":0.0003,""since_minute_bucket_ist"":""2026-07-31 11:01"",""last_updated_ist"":""2026-07-31 11:02:00""}"
2026-07-31 00:00:00,2026-07-31 11:02:00,108,NIFTY,OPTION_MOMENTUM_PUT,ON,MED,1.8,ATM PUT momentum (ltp up + vol up),"{""dedupe_key"":""NIFTY|OPTION_MOMENTUM_PUT|ON|2026-07-31 11:02"",""threshold"":1.5,""value"":1.8,""since_minute_bucket_ist"":"""",""last_updated_ist"":""2026-07-31 11:02:00""}"
2026-07-31 00:00:00,2026-07-31 11:02:00,108,NIFTY,WALL_UNWIND_CONFIRM_DOWN,OFF,MED,-0.0013,Put wall OI unwinding (5m),"{""dedupe_key"":""NIFTY|WALL_UNWIND_CONFIRM_DOWN|OFF|2026-07-31 11:02"",""threshold"":-0.006,""value"":-0.0013,""since_minute_bucket_ist"":""2026-07-31 10:59"",""last_updated_ist"":""2026-07-31 11:02:00""}"
2026-07-31 00:00:00,2026-07-31 11:03:00,109,NIFTY,OPTION_MOMENTUM_PUT,OFF,MED,-0.55,ATM PUT momentum (ltp up + vol up),"{""dedupe_key"":""NIFTY|OPTION_MOMENTUM_PUT|OFF|2026-07-31 11:03"",""threshold"":1.5,""value"":-0.55,""since_minute_bucket_ist"":""2026-07-31 11:02"",""last_updated_ist"":""2026-07-31 11:03:00""}"
2026-07-31 00:00:00,2026-07-31 11:04:00,110,NIFTY,FLOW_BULLISH_BUILD,ON,HIGH,0.0039,Bullish build (premium-confirmed writing / support),"{""dedupe_key"":""NIFTY|FLOW_BULLISH_BUILD|ON|2026-07-31 11:04"",""threshold"":0.005,""value"":0.0039,""since_minute_bucket_ist"":"""",""last_updated_ist"":""2026-07-31 11:04:00""}"
2026-07-31 00:00:00,2026-07-31 11:04:00,110,NIFTY,WALL_UNWIND_CONFIRM_UP,ON,MED,-0.0098,Call wall OI unwinding (5m),"{""dedupe_key"":""NIFTY|WALL_UNWIND_CONFIRM_UP|ON|2026-07-31 11:04"",""threshold"":-0.006,""value"":-0.0098,""since_minute_bucket_ist"":"""",""last_updated_ist"":""2026-07-31 11:04:00""}"
2026-07-31 00:00:00,2026-07-31 11:05:00,111,NIFTY,FLOW_BULLISH_BUILD,OFF,HIGH,0.002,Bullish build (premium-confirmed writing / support),"{""dedupe_key"":""NIFTY|FLOW_BULLISH_BUILD|OFF|2026-07-31 11:05"",""threshold"":0.005,""value"":0.002,""since_minute_bucket_ist"":""2026-07-31 11:04"",""last_updated_ist"":""2026-07-31 11:05:00""}"
2026-07-31 00:00:00,2026-07-31 11:05:00,111,NIFTY,EXP_RANGE_BREAKOUT_WATCH_UP,ON,MED,24354.85,Expected-range watch UP,"{""dedupe_key"":""NIFTY|EXP_RANGE_BREAKOUT_WATCH_UP|ON|2026-07-31 11:05"",""threshold"":24353.95,""value"":24354.85,""since_minute_bucket_ist"":"""",""last_updated_ist"":""2026-07-31 11:05:00""}"
2026-07-31 00:00:00,2026-07-31 11:06:00,112,NIFTY,EXP_RANGE_BREAKOUT_WATCH_UP,OFF,MED,24352.95,Expected-range watch UP,"{""dedupe_key"":""NIFTY|EXP_RANGE_BREAKOUT_WATCH_UP|OFF|2026-07-31 11:06"",""threshold"":24354.05,""value"":24352.95,""since_minute_bucket_ist"":""2026-07-31 11:05"",""last_updated_ist"":""2026-07-31 11:06:00""}"
2026-07-31 00:00:00,2026-07-31 11:06:00,112,NIFTY,VOL_EXPANSION,ON,MED,0.0019,Volatility expanding (straddle up),"{""dedupe_key"":""NIFTY|VOL_EXPANSION|ON|2026-07-31 11:06"",""threshold"":0.02,""value"":0.0019,""since_minute_bucket_ist"":"""",""last_updated_ist"":""2026-07-31 11:06:00""}"
2026-07-31 00:00:00,2026-07-31 11:06:00,112,NIFTY,WALL_UNWIND_CONFIRM_UP,OFF,MED,0.0017,Call wall OI unwinding (5m),"{""dedupe_key"":""NIFTY|WALL_UNWIND_CONFIRM_UP|OFF|2026-07-31 11:06"",""threshold"":-0.006,""value"":0.0017,""since_minute_bucket_ist"":""2026-07-31 11:04"",""last_updated_ist"":""2026-07-31 11:06:00""}"
2026-07-31 00:00:00,2026-07-31 11:07:00,113,NIFTY,EXP_RANGE_BREAKOUT_WATCH_DOWN,ON,MED,24346.35,Expected-range watch DOWN,"{""dedupe_key"":""NIFTY|EXP_RANGE_BREAKOUT_WATCH_DOWN|ON|2026-07-31 11:07"",""threshold"":24349.18,""value"":24346.35,""since_minute_bucket_ist"":"""",""last_updated_ist"":""2026-07-31 11:07:00""}"
2026-07-31 00:00:00,2026-07-31 11:07:00,113,NIFTY,OPTION_MOMENTUM_PUT,ON,MED,3,ATM PUT momentum (ltp up + vol up),"{""dedupe_key"":""NIFTY|OPTION_MOMENTUM_PUT|ON|2026-07-31 11:07"",""threshold"":1.5,""value"":3,""since_minute_bucket_ist"":"""",""last_updated_ist"":""2026-07-31 11:07:00""}"
2026-07-31 00:00:00,2026-07-31 11:08:00,114,NIFTY,FLOW_BULLISH_BUILD,ON,HIGH,0.0001,Bullish build (premium-confirmed writing / support),"{""dedupe_key"":""NIFTY|FLOW_BULLISH_BUILD|ON|2026-07-31 11:08"",""threshold"":0.005,""value"":0.0001,""since_minute_bucket_ist"":"""",""last_updated_ist"":""2026-07-31 11:08:00""}"
2026-07-31 00:00:00,2026-07-31 11:08:00,114,NIFTY,EXP_RANGE_BREAKOUT_CONFIRMED_DOWN,ON,HIGH,2,Expected-range breakout CONFIRMED DOWN,"{""dedupe_key"":""NIFTY|EXP_RANGE_BREAKOUT_CONFIRMED_DOWN|ON|2026-07-31 11:08"",""threshold"":2,""value"":2,""since_minute_bucket_ist"":"""",""last_updated_ist"":""2026-07-31 11:08:00""}"
2026-07-31 00:00:00,2026-07-31 11:08:00,114,NIFTY,VOL_EXPANSION,OFF,MED,0.0016,Volatility expanding (straddle up),"{""dedupe_key"":""NIFTY|VOL_EXPANSION|OFF|2026-07-31 11:08"",""threshold"":0.02,""value"":0.0016,""since_minute_bucket_ist"":""2026-07-31 11:06"",""last_updated_ist"":""2026-07-31 11:08:00""}"
2026-07-31 00:00:00,2026-07-31 11:08:00,114,NIFTY,OPTION_MOMENTUM_PUT,OFF,MED,0,ATM PUT momentum (ltp up + vol up),"{""dedupe_key"":""NIFTY|OPTION_MOMENTUM_PUT|OFF|2026-07-31 11:08"",""threshold"":1.5,""value"":0,""since_minute_bucket_ist"":""2026-07-31 11:07"",""last_updated_ist"":""2026-07-31 11:08:00""}"
2026-07-31 00:00:00,2026-07-31 11:09:00,115,NIFTY,FLOW_BULLISH_BUILD,OFF,HIGH,-0.0019,Bullish build (premium-confirmed writing / support),"{""dedupe_key"":""NIFTY|FLOW_BULLISH_BUILD|OFF|2026-07-31 11:09"",""threshold"":0.005,""value"":-0.0019,""since_minute_bucket_ist"":""2026-07-31 11:08"",""last_updated_ist"":""2026-07-31 11:09:00""}"
2026-07-31 00:00:00,2026-07-31 11:09:00,115,NIFTY,FLOW_BEARISH_BUILD,ON,HIGH,0.0026,Bearish build (premium-confirmed writing / resistance),"{""dedupe_key"":""NIFTY|FLOW_BEARISH_BUILD|ON|2026-07-31 11:09"",""threshold"":0.005,""value"":0.0026,""since_minute_bucket_ist"":"""",""last_updated_ist"":""2026-07-31 11:09:00""}"
2026-07-31 00:00:00,2026-07-31 11:09:00,115,NIFTY,REGIME_RANGE_PIN,OFF,LOW,0.0002,Range / pin (inside local walls),"{""dedupe_key"":""NIFTY|REGIME_RANGE_PIN|OFF|2026-07-31 11:09"",""threshold"":0.001,""value"":0.0002,""since_minute_bucket_ist"":""2026-07-31 10:52"",""last_updated_ist"":""2026-07-31 11:09:00""}"
2026-07-31 00:00:00,2026-07-31 11:09:00,115,NIFTY,REGIME_TRANSITION_UNCERTAIN,ON,LOW,1,Transition/uncertain regime,"{""dedupe_key"":""NIFTY|REGIME_TRANSITION_UNCERTAIN|ON|2026-07-31 11:09"",""threshold"":1,""value"":1,""since_minute_bucket_ist"":"""",""last_updated_ist"":""2026-07-31 11:09:00""}"
2026-07-31 00:00:00,2026-07-31 11:09:00,115,NIFTY,PIN_BASIC,ON,LOW,37.5,Spot near a local wall (pin zone),"{""dedupe_key"":""NIFTY|PIN_BASIC|ON|2026-07-31 11:09"",""threshold"":37.5,""value"":37.5,""since_minute_bucket_ist"":"""",""last_updated_ist"":""2026-07-31 11:09:00""}"
2026-07-31 00:00:00,2026-07-31 11:09:00,115,NIFTY,PIN_BREAKOUT_SETUP,ON,MED,-8.400000000001455,Pin breakout setup (wall touch + aligned flow),"{""dedupe_key"":""NIFTY|PIN_BREAKOUT_SETUP|ON|2026-07-31 11:09"",""threshold"":0,""value"":-8.400000000001455,""since_minute_bucket_ist"":"""",""last_updated_ist"":""2026-07-31 11:09:00""}"
2026-07-31 00:00:00,2026-07-31 11:09:00,115,NIFTY,VOL_EXPANSION,ON,MED,0.0104,Volatility expanding (straddle up),"{""dedupe_key"":""NIFTY|VOL_EXPANSION|ON|2026-07-31 11:09"",""threshold"":0.02,""value"":0.0104,""since_minute_bucket_ist"":"""",""last_updated_ist"":""2026-07-31 11:09:00""}"
2026-07-31 00:00:00,2026-07-31 11:09:00,115,NIFTY,OPTION_MOMENTUM_PUT,ON,MED,3.95,ATM PUT momentum (ltp up + vol up),"{""dedupe_key"":""NIFTY|OPTION_MOMENTUM_PUT|ON|2026-07-31 11:09"",""threshold"":1.5,""value"":3.95,""since_minute_bucket_ist"":"""",""last_updated_ist"":""2026-07-31 11:09:00""}"
2026-07-31 00:00:00,2026-07-31 11:09:00,115,NIFTY,CHURN_COMMITTED,ON,MED,-0.0003,Price move + aligned flow (committed),"{""dedupe_key"":""NIFTY|CHURN_COMMITTED|ON|2026-07-31 11:09"",""threshold"":0.0001,""value"":-0.0003,""since_minute_bucket_ist"":"""",""last_updated_ist"":""2026-07-31 11:09:00""}"
2026-07-31 00:00:00,2026-07-31 11:09:00,115,NIFTY,WALL_PRESSURE_BREAK_SETUP,ON,MED,-8.400000000001455,Pressure building into a wall (break setup),"{""dedupe_key"":""NIFTY|WALL_PRESSURE_BREAK_SETUP|ON|2026-07-31 11:09"",""threshold"":0,""value"":-8.400000000001455,""since_minute_bucket_ist"":"""",""last_updated_ist"":""2026-07-31 11:09:00""}"
2026-07-31 00:00:00,2026-07-31 11:10:00,116,NIFTY,TRADE_LIMIT_REACHED,ON,MED,3,Cooldown active (2m),"{""dedupe_key"":""NIFTY|TRADE_LIMIT_REACHED|ON|2026-07-31 11:10"",""threshold"":500,""value"":3,""since_minute_bucket_ist"":"""",""last_updated_ist"":""2026-07-31 11:10:00""}"
2026-07-31 00:00:00,2026-07-31 11:10:00,116,NIFTY,FLOW_BEARISH_BUILD,OFF,HIGH,0,Bearish build (premium-confirmed writing / resistance),"{""dedupe_key"":""NIFTY|FLOW_BEARISH_BUILD|OFF|2026-07-31 11:10"",""threshold"":0.005,""value"":0,""since_minute_bucket_ist"":""2026-07-31 11:09"",""last_updated_ist"":""2026-07-31 11:10:00""}"
2026-07-31 00:00:00,2026-07-31 11:10:00,116,NIFTY,PIN_BASIC,OFF,LOW,37.5,Spot near a local wall (pin zone),"{""dedupe_key"":""NIFTY|PIN_BASIC|OFF|2026-07-31 11:10"",""threshold"":37.5,""value"":37.5,""since_minute_bucket_ist"":""2026-07-31 11:09"",""last_updated_ist"":""2026-07-31 11:10:00""}"
2026-07-31 00:00:00,2026-07-31 11:10:00,116,NIFTY,PIN_BREAKOUT_SETUP,OFF,MED,3,Pin breakout setup (wall touch + aligned flow),"{""dedupe_key"":""NIFTY|PIN_BREAKOUT_SETUP|OFF|2026-07-31 11:10"",""threshold"":0,""value"":3,""since_minute_bucket_ist"":""2026-07-31 11:09"",""last_updated_ist"":""2026-07-31 11:10:00""}"
2026-07-31 00:00:00,2026-07-31 11:10:00,116,NIFTY,OPTION_MOMENTUM_PUT,OFF,MED,-0.1,ATM PUT momentum (ltp up + vol up),"{""dedupe_key"":""NIFTY|OPTION_MOMENTUM_PUT|OFF|2026-07-31 11:10"",""threshold"":1.5,""value"":-0.1,""since_minute_bucket_ist"":""2026-07-31 11:09"",""last_updated_ist"":""2026-07-31 11:10:00""}"
2026-07-31 00:00:00,2026-07-31 11:10:00,116,NIFTY,CHURN_COMMITTED,OFF,MED,0.0001,Price move + aligned flow (committed),"{""dedupe_key"":""NIFTY|CHURN_COMMITTED|OFF|2026-07-31 11:10"",""threshold"":0.0001,""value"":0.0001,""since_minute_bucket_ist"":""2026-07-31 11:09"",""last_updated_ist"":""2026-07-31 11:10:00""}"
2026-07-31 00:00:00,2026-07-31 11:10:00,116,NIFTY,WALL_PRESSURE_BREAK_SETUP,OFF,MED,3,Pressure building into a wall (break setup),"{""dedupe_key"":""NIFTY|WALL_PRESSURE_BREAK_SETUP|OFF|2026-07-31 11:10"",""threshold"":0,""value"":3,""since_minute_bucket_ist"":""2026-07-31 11:09"",""last_updated_ist"":""2026-07-31 11:10:00""}"
2026-07-31 00:00:00,2026-07-31 11:11:00,117,NIFTY,REGIME_RANGE_PIN,ON,LOW,0.0002,Range / pin (inside local walls),"{""dedupe_key"":""NIFTY|REGIME_RANGE_PIN|ON|2026-07-31 11:11"",""threshold"":0.001,""value"":0.0002,""since_minute_bucket_ist"":"""",""last_updated_ist"":""2026-07-31 11:11:00""}"
2026-07-31 00:00:00,2026-07-31 11:11:00,117,NIFTY,REGIME_TRANSITION_UNCERTAIN,OFF,LOW,1,Transition/uncertain regime,"{""dedupe_key"":""NIFTY|REGIME_TRANSITION_UNCERTAIN|OFF|2026-07-31 11:11"",""threshold"":1,""value"":1,""since_minute_bucket_ist"":""2026-07-31 11:09"",""last_updated_ist"":""2026-07-31 11:11:00""}"
2026-07-31 00:00:00,2026-07-31 11:11:00,117,NIFTY,EXP_RANGE_BREAKOUT_WATCH_DOWN,OFF,MED,24344.05,Expected-range watch DOWN,"{""dedupe_key"":""NIFTY|EXP_RANGE_BREAKOUT_WATCH_DOWN|OFF|2026-07-31 11:11"",""threshold"":24340.64,""value"":24344.05,""since_minute_bucket_ist"":""2026-07-31 11:07"",""last_updated_ist"":""2026-07-31 11:11:00""}"
2026-07-31 00:00:00,2026-07-31 11:11:00,117,NIFTY,EXP_RANGE_BREAKOUT_CONFIRMED_DOWN,OFF,HIGH,0,Expected-range breakout CONFIRMED DOWN,"{""dedupe_key"":""NIFTY|EXP_RANGE_BREAKOUT_CONFIRMED_DOWN|OFF|2026-07-31 11:11"",""threshold"":2,""value"":0,""since_minute_bucket_ist"":""2026-07-31 11:08"",""last_updated_ist"":""2026-07-31 11:11:00""}"
2026-07-31 00:00:00,2026-07-31 11:11:00,117,NIFTY,WALL_UNWIND_CONFIRM_DOWN,ON,MED,-0.0067,Put wall OI unwinding (5m),"{""dedupe_key"":""NIFTY|WALL_UNWIND_CONFIRM_DOWN|ON|2026-07-31 11:11"",""threshold"":-0.006,""value"":-0.0067,""since_minute_bucket_ist"":"""",""last_updated_ist"":""2026-07-31 11:11:00""}"
2026-07-31 00:00:00,2026-07-31 11:12:00,118,NIFTY,TRADE_LIMIT_REACHED,OFF,MED,3,Cooldown active (2m),"{""dedupe_key"":""NIFTY|TRADE_LIMIT_REACHED|OFF|2026-07-31 11:12"",""threshold"":500,""value"":3,""since_minute_bucket_ist"":""2026-07-31 11:10"",""last_updated_ist"":""2026-07-31 11:12:00""}"
2026-07-31 00:00:00,2026-07-31 11:12:00,118,NIFTY,VOL_EXPANSION,OFF,MED,0.0064,Volatility expanding (straddle up),"{""dedupe_key"":""NIFTY|VOL_EXPANSION|OFF|2026-07-31 11:12"",""threshold"":0.02,""value"":0.0064,""since_minute_bucket_ist"":""2026-07-31 11:09"",""last_updated_ist"":""2026-07-31 11:12:00""}"
2026-07-31 00:00:00,2026-07-31 11:12:00,118,NIFTY,WALL_UNWIND_CONFIRM_DOWN,OFF,MED,-0.0043,Put wall OI unwinding (5m),"{""dedupe_key"":""NIFTY|WALL_UNWIND_CONFIRM_DOWN|OFF|2026-07-31 11:12"",""threshold"":-0.006,""value"":-0.0043,""since_minute_bucket_ist"":""2026-07-31 11:11"",""last_updated_ist"":""2026-07-31 11:12:00""}"
2026-07-31 00:00:00,2026-07-31 11:13:00,119,NIFTY,FLOW_BEARISH_BUILD,ON,HIGH,0.0144,Bearish build (premium-confirmed writing / resistance),"{""dedupe_key"":""NIFTY|FLOW_BEARISH_BUILD|ON|2026-07-31 11:13"",""threshold"":0.005,""value"":0.0144,""since_minute_bucket_ist"":"""",""last_updated_ist"":""2026-07-31 11:13:00""}"
2026-07-31 00:00:00,2026-07-31 11:13:00,119,NIFTY,WALL_UNWIND_CONFIRM_DOWN,ON,MED,-0.0168,Put wall OI unwinding (5m),"{""dedupe_key"":""NIFTY|WALL_UNWIND_CONFIRM_DOWN|ON|2026-07-31 11:13"",""threshold"":-0.006,""value"":-0.0168,""since_minute_bucket_ist"":"""",""last_updated_ist"":""2026-07-31 11:13:00""}"
2026-07-31 00:00:00,2026-07-31 11:13:00,119,NIFTY,STEALTH_BUILD_BEAR,ON,MED,0.0144,"Stealth bearish build (calls build, spot flat)","{""dedupe_key"":""NIFTY|STEALTH_BUILD_BEAR|ON|2026-07-31 11:13"",""threshold"":0.008,""value"":0.0144,""since_minute_bucket_ist"":"""",""last_updated_ist"":""2026-07-31 11:13:00""}"
2026-07-31 00:00:00,2026-07-31 11:14:00,120,NIFTY,FLOW_BEARISH_BUILD,OFF,HIGH,-0.0033,Bearish build (premium-confirmed writing / resistance),"{""dedupe_key"":""NIFTY|FLOW_BEARISH_BUILD|OFF|2026-07-31 11:14"",""threshold"":0.005,""value"":-0.0033,""since_minute_bucket_ist"":""2026-07-31 11:13"",""last_updated_ist"":""2026-07-31 11:14:00""}"
2026-07-31 00:00:00,2026-07-31 11:14:00,120,NIFTY,REGIME_RANGE_PIN,OFF,LOW,0.0002,Range / pin (inside local walls),"{""dedupe_key"":""NIFTY|REGIME_RANGE_PIN|OFF|2026-07-31 11:14"",""threshold"":0.001,""value"":0.0002,""since_minute_bucket_ist"":""2026-07-31 11:11"",""last_updated_ist"":""2026-07-31 11:14:00""}"
2026-07-31 00:00:00,2026-07-31 11:14:00,120,NIFTY,REGIME_TRANSITION_UNCERTAIN,ON,LOW,1,Transition/uncertain regime,"{""dedupe_key"":""NIFTY|REGIME_TRANSITION_UNCERTAIN|ON|2026-07-31 11:14"",""threshold"":1,""value"":1,""since_minute_bucket_ist"":"""",""last_updated_ist"":""2026-07-31 11:14:00""}"
2026-07-31 00:00:00,2026-07-31 11:14:00,120,NIFTY,EXP_RANGE_BREAKOUT_WATCH_UP,ON,MED,24356.4,Expected-range watch UP,"{""dedupe_key"":""NIFTY|EXP_RANGE_BREAKOUT_WATCH_UP|ON|2026-07-31 11:14"",""threshold"":24355.79,""value"":24356.4,""since_minute_bucket_ist"":"""",""last_updated_ist"":""2026-07-31 11:14:00""}"
2026-07-31 00:00:00,2026-07-31 11:14:00,120,NIFTY,VOL_CONTRACTION,ON,LOW,-0.0158,Volatility contracting (straddle down),"{""dedupe_key"":""NIFTY|VOL_CONTRACTION|ON|2026-07-31 11:14"",""threshold"":-0.03,""value"":-0.0158,""since_minute_bucket_ist"":"""",""last_updated_ist"":""2026-07-31 11:14:00""}"
2026-07-31 00:00:00,2026-07-31 11:14:00,120,NIFTY,OPTION_MOMENTUM_CALL,ON,MED,2.4,ATM CALL momentum (ltp up + vol up),"{""dedupe_key"":""NIFTY|OPTION_MOMENTUM_CALL|ON|2026-07-31 11:14"",""threshold"":1.5,""value"":2.4,""since_minute_bucket_ist"":"""",""last_updated_ist"":""2026-07-31 11:14:00""}"
2026-07-31 00:00:00,2026-07-31 11:14:00,120,NIFTY,STEALTH_BUILD_BEAR,OFF,MED,-0.0033,"Stealth bearish build (calls build, spot flat)","{""dedupe_key"":""NIFTY|STEALTH_BUILD_BEAR|OFF|2026-07-31 11:14"",""threshold"":0.008,""value"":-0.0033,""since_minute_bucket_ist"":""2026-07-31 11:13"",""last_updated_ist"":""2026-07-31 11:14:00""}"
2026-07-31 00:00:00,2026-07-31 11:15:00,121,NIFTY,EXP_RANGE_BREAKOUT_WATCH_UP,OFF,MED,24356.4,Expected-range watch UP,"{""dedupe_key"":""NIFTY|EXP_RANGE_BREAKOUT_WATCH_UP|OFF|2026-07-31 11:15"",""threshold"":24356.69,""value"":24356.4,""since_minute_bucket_ist"":""2026-07-31 11:14"",""last_updated_ist"":""2026-07-31 11:15:00""}"
2026-07-31 00:00:00,2026-07-31 11:15:00,121,NIFTY,OPTION_MOMENTUM_CALL,OFF,MED,0,ATM CALL momentum (ltp up + vol up),"{""dedupe_key"":""NIFTY|OPTION_MOMENTUM_CALL|OFF|2026-07-31 11:15"",""threshold"":1.5,""value"":0,""since_minute_bucket_ist"":""2026-07-31 11:14"",""last_updated_ist"":""2026-07-31 11:15:00""}"
2026-07-31 00:00:00,2026-07-31 11:16:00,122,NIFTY,PIN_BASIC,ON,LOW,37.5,Spot near a local wall (pin zone),"{""dedupe_key"":""NIFTY|PIN_BASIC|ON|2026-07-31 11:16"",""threshold"":37.5,""value"":37.5,""since_minute_bucket_ist"":"""",""last_updated_ist"":""2026-07-31 11:16:00""}"
2026-07-31 00:00:00,2026-07-31 11:16:00,122,NIFTY,EXP_RANGE_BREAKOUT_WATCH_UP,ON,MED,24363.7,Expected-range watch UP,"{""dedupe_key"":""NIFTY|EXP_RANGE_BREAKOUT_WATCH_UP|ON|2026-07-31 11:16"",""threshold"":24359.5,""value"":24363.7,""since_minute_bucket_ist"":"""",""last_updated_ist"":""2026-07-31 11:16:00""}"
2026-07-31 00:00:00,2026-07-31 11:16:00,122,NIFTY,VOL_CONTRACTION,OFF,LOW,-0.01,Volatility contracting (straddle down),"{""dedupe_key"":""NIFTY|VOL_CONTRACTION|OFF|2026-07-31 11:16"",""threshold"":-0.03,""value"":-0.01,""since_minute_bucket_ist"":""2026-07-31 11:14"",""last_updated_ist"":""2026-07-31 11:16:00""}"
2026-07-31 00:00:00,2026-07-31 11:16:00,122,NIFTY,OPTION_MOMENTUM_CALL,ON,MED,2.65,ATM CALL momentum (ltp up + vol up),"{""dedupe_key"":""NIFTY|OPTION_MOMENTUM_CALL|ON|2026-07-31 11:16"",""threshold"":1.5,""value"":2.65,""since_minute_bucket_ist"":"""",""last_updated_ist"":""2026-07-31 11:16:00""}"
2026-07-31 00:00:00,2026-07-31 11:16:00,122,NIFTY,WALL_UNWIND_CONFIRM_DOWN,OFF,MED,0,Put wall OI unwinding (5m),"{""dedupe_key"":""NIFTY|WALL_UNWIND_CONFIRM_DOWN|OFF|2026-07-31 11:16"",""threshold"":-0.006,""value"":0,""since_minute_bucket_ist"":""2026-07-31 11:13"",""last_updated_ist"":""2026-07-31 11:16:00""}"
2026-07-31 00:00:00,2026-07-31 11:16:00,122,NIFTY,WALL_SHIFT_REGIME,ON,MED,1,Wall strike shifted materially (>= 1 step),"{""dedupe_key"":""NIFTY|WALL_SHIFT_REGIME|ON|2026-07-31 11:16"",""threshold"":1,""value"":1,""since_minute_bucket_ist"":"""",""last_updated_ist"":""2026-07-31 11:16:00""}"
2026-07-31 00:00:00,2026-07-31 11:17:00,123,NIFTY,FLOW_BULLISH_BUILD,ON,HIGH,0.0175,Bullish build (premium-confirmed writing / support),"{""dedupe_key"":""NIFTY|FLOW_BULLISH_BUILD|ON|2026-07-31 11:17"",""threshold"":0.005,""value"":0.0175,""since_minute_bucket_ist"":"""",""last_updated_ist"":""2026-07-31 11:17:00""}"
2026-07-31 00:00:00,2026-07-31 11:17:00,123,NIFTY,PIN_BASIC,OFF,LOW,37.5,Spot near a local wall (pin zone),"{""dedupe_key"":""NIFTY|PIN_BASIC|OFF|2026-07-31 11:17"",""threshold"":37.5,""value"":37.5,""since_minute_bucket_ist"":""2026-07-31 11:16"",""last_updated_ist"":""2026-07-31 11:17:00""}"
2026-07-31 00:00:00,2026-07-31 11:17:00,123,NIFTY,EXP_RANGE_BREAKOUT_WATCH_UP,OFF,MED,24358.25,Expected-range watch UP,"{""dedupe_key"":""NIFTY|EXP_RANGE_BREAKOUT_WATCH_UP|OFF|2026-07-31 11:17"",""threshold"":24360.15,""value"":24358.25,""since_minute_bucket_ist"":""2026-07-31 11:16"",""last_updated_ist"":""2026-07-31 11:17:00""}"
2026-07-31 00:00:00,2026-07-31 11:17:00,123,NIFTY,VOL_CONTRACTION,ON,LOW,-0.0117,Volatility contracting (straddle down),"{""dedupe_key"":""NIFTY|VOL_CONTRACTION|ON|2026-07-31 11:17"",""threshold"":-0.03,""value"":-0.0117,""since_minute_bucket_ist"":"""",""last_updated_ist"":""2026-07-31 11:17:00""}"
2026-07-31 00:00:00,2026-07-31 11:17:00,123,NIFTY,OPTION_MOMENTUM_CALL,OFF,MED,-0.75,ATM CALL momentum (ltp up + vol up),"{""dedupe_key"":""NIFTY|OPTION_MOMENTUM_CALL|OFF|2026-07-31 11:17"",""threshold"":1.5,""value"":-0.75,""since_minute_bucket_ist"":""2026-07-31 11:16"",""last_updated_ist"":""2026-07-31 11:17:00""}"
2026-07-31 00:00:00,2026-07-31 11:17:00,123,NIFTY,WALL_UNWIND_CONFIRM_UP,ON,MED,-0.007,Call wall OI unwinding (5m),"{""dedupe_key"":""NIFTY|WALL_UNWIND_CONFIRM_UP|ON|2026-07-31 11:17"",""threshold"":-0.006,""value"":-0.007,""since_minute_bucket_ist"":"""",""last_updated_ist"":""2026-07-31 11:17:00""}"
2026-07-31 00:00:00,2026-07-31 11:17:00,123,NIFTY,STEALTH_BUILD_BULL,ON,MED,0.0175,"Stealth bullish build (puts build, spot flat)","{""dedupe_key"":""NIFTY|STEALTH_BUILD_BULL|ON|2026-07-31 11:17"",""threshold"":0.008,""value"":0.0175,""since_minute_bucket_ist"":"""",""last_updated_ist"":""2026-07-31 11:17:00""}"
2026-07-31 00:00:00,2026-07-31 11:18:00,124,NIFTY,REGIME_RANGE_PIN,ON,LOW,0.0002,Range / pin (inside local walls),"{""dedupe_key"":""NIFTY|REGIME_RANGE_PIN|ON|2026-07-31 11:18"",""threshold"":0.001,""value"":0.0002,""since_minute_bucket_ist"":"""",""last_updated_ist"":""2026-07-31 11:18:00""}"
2026-07-31 00:00:00,2026-07-31 11:18:00,124,NIFTY,REGIME_TRANSITION_UNCERTAIN,OFF,LOW,1,Transition/uncertain regime,"{""dedupe_key"":""NIFTY|REGIME_TRANSITION_UNCERTAIN|OFF|2026-07-31 11:18"",""threshold"":1,""value"":1,""since_minute_bucket_ist"":""2026-07-31 11:14"",""last_updated_ist"":""2026-07-31 11:18:00""}"
2026-07-31 00:00:00,2026-07-31 11:18:00,124,NIFTY,OPTION_MOMENTUM_CALL,ON,MED,2.9,ATM CALL momentum (ltp up + vol up),"{""dedupe_key"":""NIFTY|OPTION_MOMENTUM_CALL|ON|2026-07-31 11:18"",""threshold"":1.5,""value"":2.9,""since_minute_bucket_ist"":"""",""last_updated_ist"":""2026-07-31 11:18:00""}"
2026-07-31 00:00:00,2026-07-31 11:18:00,124,NIFTY,STEALTH_BUILD_BULL,OFF,MED,0.0071,"Stealth bullish build (puts build, spot flat)","{""dedupe_key"":""NIFTY|STEALTH_BUILD_BULL|OFF|2026-07-31 11:18"",""threshold"":0.008,""value"":0.0071,""since_minute_bucket_ist"":""2026-07-31 11:17"",""last_updated_ist"":""2026-07-31 11:18:00""}"
2026-07-31 00:00:00,2026-07-31 11:18:00,124,NIFTY,WALL_SHIFT_REGIME,OFF,MED,1,Wall strike shifted materially (>= 1 step),"{""dedupe_key"":""NIFTY|WALL_SHIFT_REGIME|OFF|2026-07-31 11:18"",""threshold"":1,""value"":1,""since_minute_bucket_ist"":""2026-07-31 11:16"",""last_updated_ist"":""2026-07-31 11:18:00""}"
2026-07-31 00:00:00,2026-07-31 11:19:00,125,NIFTY,VOL_CONTRACTION,OFF,LOW,-0.0013,Volatility contracting (straddle down),"{""dedupe_key"":""NIFTY|VOL_CONTRACTION|OFF|2026-07-31 11:19"",""threshold"":-0.03,""value"":-0.0013,""since_minute_bucket_ist"":""2026-07-31 11:17"",""last_updated_ist"":""2026-07-31 11:19:00""}"
2026-07-31 00:00:00,2026-07-31 11:19:00,125,NIFTY,OPTION_MOMENTUM_CALL,OFF,MED,-0.7,ATM CALL momentum (ltp up + vol up),"{""dedupe_key"":""NIFTY|OPTION_MOMENTUM_CALL|OFF|2026-07-31 11:19"",""threshold"":1.5,""value"":-0.7,""since_minute_bucket_ist"":""2026-07-31 11:18"",""last_updated_ist"":""2026-07-31 11:19:00""}"
2026-07-31 00:00:00,2026-07-31 11:20:00,126,NIFTY,FLOW_BULLISH_BUILD,OFF,HIGH,0.005,Bullish build (premium-confirmed writing / support),"{""dedupe_key"":""NIFTY|FLOW_BULLISH_BUILD|OFF|2026-07-31 11:20"",""threshold"":0.005,""value"":0.005,""since_minute_bucket_ist"":""2026-07-31 11:17"",""last_updated_ist"":""2026-07-31 11:20:00""}"
2026-07-31 00:00:00,2026-07-31 11:20:00,126,NIFTY,PIN_BASIC,ON,LOW,37.5,Spot near a local wall (pin zone),"{""dedupe_key"":""NIFTY|PIN_BASIC|ON|2026-07-31 11:20"",""threshold"":37.5,""value"":37.5,""since_minute_bucket_ist"":"""",""last_updated_ist"":""2026-07-31 11:20:00""}"
2026-07-31 00:00:00,2026-07-31 11:21:00,127,NIFTY,EXP_RANGE_BREAKOUT_WATCH_UP,ON,MED,24369.7,Expected-range watch UP,"{""dedupe_key"":""NIFTY|EXP_RANGE_BREAKOUT_WATCH_UP|ON|2026-07-31 11:21"",""threshold"":24368.23,""value"":24369.7,""since_minute_bucket_ist"":"""",""last_updated_ist"":""2026-07-31 11:21:00""}"
2026-07-31 00:00:00,2026-07-31 11:21:00,127,NIFTY,OPTION_MOMENTUM_CALL,ON,MED,4.8,ATM CALL momentum (ltp up + vol up),"{""dedupe_key"":""NIFTY|OPTION_MOMENTUM_CALL|ON|2026-07-31 11:21"",""threshold"":1.5,""value"":4.8,""since_minute_bucket_ist"":"""",""last_updated_ist"":""2026-07-31 11:21:00""}"
2026-07-31 00:00:00,2026-07-31 11:22:00,128,NIFTY,EXP_RANGE_BREAKOUT_WATCH_UP,OFF,MED,24368.05,Expected-range watch UP,"{""dedupe_key"":""NIFTY|EXP_RANGE_BREAKOUT_WATCH_UP|OFF|2026-07-31 11:22"",""threshold"":24369.47,""value"":24368.05,""since_minute_bucket_ist"":""2026-07-31 11:21"",""last_updated_ist"":""2026-07-31 11:22:00""}"
2026-07-31 00:00:00,2026-07-31 11:22:00,128,NIFTY,OPTION_MOMENTUM_CALL,OFF,MED,-2.15,ATM CALL momentum (ltp up + vol up),"{""dedupe_key"":""NIFTY|OPTION_MOMENTUM_CALL|OFF|2026-07-31 11:22"",""threshold"":1.5,""value"":-2.15,""since_minute_bucket_ist"":""2026-07-31 11:21"",""last_updated_ist"":""2026-07-31 11:22:00""}"
2026-07-31 00:00:00,2026-07-31 11:23:00,129,NIFTY,FLOW_BULLISH_BUILD,ON,HIGH,0.004,Bullish build (premium-confirmed writing / support),"{""dedupe_key"":""NIFTY|FLOW_BULLISH_BUILD|ON|2026-07-31 11:23"",""threshold"":0.005,""value"":0.004,""since_minute_bucket_ist"":"""",""last_updated_ist"":""2026-07-31 11:23:00""}"
2026-07-31 00:00:00,2026-07-31 11:23:00,129,NIFTY,WALL_UNWIND_CONFIRM_UP,OFF,MED,-0.0046,Call wall OI unwinding (5m),"{""dedupe_key"":""NIFTY|WALL_UNWIND_CONFIRM_UP|OFF|2026-07-31 11:23"",""threshold"":-0.006,""value"":-0.0046,""since_minute_bucket_ist"":""2026-07-31 11:17"",""last_updated_ist"":""2026-07-31 11:23:00""}"
2026-07-31 00:00:00,2026-07-31 11:24:00,130,NIFTY,FLOW_BULLISH_BUILD,OFF,HIGH,0.007,Bullish build (premium-confirmed writing / support),"{""dedupe_key"":""NIFTY|FLOW_BULLISH_BUILD|OFF|2026-07-31 11:24"",""threshold"":0.005,""value"":0.007,""since_minute_bucket_ist"":""2026-07-31 11:23"",""last_updated_ist"":""2026-07-31 11:24:00""}"
2026-07-31 00:00:00,2026-07-31 11:24:00,130,NIFTY,OPTION_MOMENTUM_PUT,ON,MED,3.5,ATM PUT momentum (ltp up + vol up),"{""dedupe_key"":""NIFTY|OPTION_MOMENTUM_PUT|ON|2026-07-31 11:24"",""threshold"":1.5,""value"":3.5,""since_minute_bucket_ist"":"""",""last_updated_ist"":""2026-07-31 11:24:00""}"
2026-07-31 00:00:00,2026-07-31 11:25:00,131,NIFTY,FLOW_BULLISH_BUILD,ON,HIGH,0.0019,Bullish build (premium-confirmed writing / support),"{""dedupe_key"":""NIFTY|FLOW_BULLISH_BUILD|ON|2026-07-31 11:25"",""threshold"":0.005,""value"":0.0019,""since_minute_bucket_ist"":"""",""last_updated_ist"":""2026-07-31 11:25:00""}"
2026-07-31 00:00:00,2026-07-31 11:25:00,131,NIFTY,PIN_BREAKOUT_SETUP,ON,MED,6.049999999999272,Pin breakout setup (wall touch + aligned flow),"{""dedupe_key"":""NIFTY|PIN_BREAKOUT_SETUP|ON|2026-07-31 11:25"",""threshold"":0,""value"":6.049999999999272,""since_minute_bucket_ist"":"""",""last_updated_ist"":""2026-07-31 11:25:00""}"
2026-07-31 00:00:00,2026-07-31 11:25:00,131,NIFTY,EXP_RANGE_BREAKOUT_WATCH_UP,ON,MED,24371.35,Expected-range watch UP,"{""dedupe_key"":""NIFTY|EXP_RANGE_BREAKOUT_WATCH_UP|ON|2026-07-31 11:25"",""threshold"":24370.21,""value"":24371.35,""since_minute_bucket_ist"":"""",""last_updated_ist"":""2026-07-31 11:25:00""}"
2026-07-31 00:00:00,2026-07-31 11:25:00,131,NIFTY,VOL_EXPANSION,ON,MED,-0.0019,Volatility expanding (straddle up),"{""dedupe_key"":""NIFTY|VOL_EXPANSION|ON|2026-07-31 11:25"",""threshold"":0.02,""value"":-0.0019,""since_minute_bucket_ist"":"""",""last_updated_ist"":""2026-07-31 11:25:00""}"
2026-07-31 00:00:00,2026-07-31 11:25:00,131,NIFTY,OPTION_MOMENTUM_CALL,ON,MED,2.6,ATM CALL momentum (ltp up + vol up),"{""dedupe_key"":""NIFTY|OPTION_MOMENTUM_CALL|ON|2026-07-31 11:25"",""threshold"":1.5,""value"":2.6,""since_minute_bucket_ist"":"""",""last_updated_ist"":""2026-07-31 11:25:00""}"
2026-07-31 00:00:00,2026-07-31 11:25:00,131,NIFTY,OPTION_MOMENTUM_PUT,OFF,MED,-1.85,ATM PUT momentum (ltp up + vol up),"{""dedupe_key"":""NIFTY|OPTION_MOMENTUM_PUT|OFF|2026-07-31 11:25"",""threshold"":1.5,""value"":-1.85,""since_minute_bucket_ist"":""2026-07-31 11:24"",""last_updated_ist"":""2026-07-31 11:25:00""}"
2026-07-31 00:00:00,2026-07-31 11:25:00,131,NIFTY,WALL_UNWIND_CONFIRM_UP,ON,MED,-0.0067,Call wall OI unwinding (5m),"{""dedupe_key"":""NIFTY|WALL_UNWIND_CONFIRM_UP|ON|2026-07-31 11:25"",""threshold"":-0.006,""value"":-0.0067,""since_minute_bucket_ist"":"""",""last_updated_ist"":""2026-07-31 11:25:00""}"
2026-07-31 00:00:00,2026-07-31 11:25:00,131,NIFTY,CHURN_COMMITTED,ON,MED,0.0002,Price move + aligned flow (committed),"{""dedupe_key"":""NIFTY|CHURN_COMMITTED|ON|2026-07-31 11:25"",""threshold"":0.0001,""value"":0.0002,""since_minute_bucket_ist"":"""",""last_updated_ist"":""2026-07-31 11:25:00""}"
2026-07-31 00:00:00,2026-07-31 11:25:00,131,NIFTY,WALL_PRESSURE_BREAK_SETUP,ON,MED,6.049999999999272,Pressure building into a wall (break setup),"{""dedupe_key"":""NIFTY|WALL_PRESSURE_BREAK_SETUP|ON|2026-07-31 11:25"",""threshold"":0,""value"":6.049999999999272,""since_minute_bucket_ist"":"""",""last_updated_ist"":""2026-07-31 11:25:00""}"
2026-07-31 00:00:00,2026-07-31 11:26:00,132,NIFTY,TRADE_LIMIT_REACHED,ON,MED,4,Cooldown active (2m),"{""dedupe_key"":""NIFTY|TRADE_LIMIT_REACHED|ON|2026-07-31 11:26"",""threshold"":500,""value"":4,""since_minute_bucket_ist"":"""",""last_updated_ist"":""2026-07-31 11:26:00""}"
2026-07-31 00:00:00,2026-07-31 11:26:00,132,NIFTY,FLOW_BULLISH_BUILD,OFF,HIGH,0,Bullish build (premium-confirmed writing / support),"{""dedupe_key"":""NIFTY|FLOW_BULLISH_BUILD|OFF|2026-07-31 11:26"",""threshold"":0.005,""value"":0,""since_minute_bucket_ist"":""2026-07-31 11:25"",""last_updated_ist"":""2026-07-31 11:26:00""}"
2026-07-31 00:00:00,2026-07-31 11:26:00,132,NIFTY,PIN_BREAKOUT_SETUP,OFF,MED,0,Pin breakout setup (wall touch + aligned flow),"{""dedupe_key"":""NIFTY|PIN_BREAKOUT_SETUP|OFF|2026-07-31 11:26"",""threshold"":0,""value"":0,""since_minute_bucket_ist"":""2026-07-31 11:25"",""last_updated_ist"":""2026-07-31 11:26:00""}"
2026-07-31 00:00:00,2026-07-31 11:26:00,132,NIFTY,EXP_RANGE_BREAKOUT_CONFIRMED_UP,ON,HIGH,2,Expected-range breakout CONFIRMED UP,"{""dedupe_key"":""NIFTY|EXP_RANGE_BREAKOUT_CONFIRMED_UP|ON|2026-07-31 11:26"",""threshold"":2,""value"":2,""since_minute_bucket_ist"":"""",""last_updated_ist"":""2026-07-31 11:26:00""}"
2026-07-31 00:00:00,2026-07-31 11:26:00,132,NIFTY,OPTION_MOMENTUM_CALL,OFF,MED,0,ATM CALL momentum (ltp up + vol up),"{""dedupe_key"":""NIFTY|OPTION_MOMENTUM_CALL|OFF|2026-07-31 11:26"",""threshold"":1.5,""value"":0,""since_minute_bucket_ist"":""2026-07-31 11:25"",""last_updated_ist"":""2026-07-31 11:26:00""}"
2026-07-31 00:00:00,2026-07-31 11:26:00,132,NIFTY,CHURN_COMMITTED,OFF,MED,0,Price move + aligned flow (committed),"{""dedupe_key"":""NIFTY|CHURN_COMMITTED|OFF|2026-07-31 11:26"",""threshold"":0.0001,""value"":0,""since_minute_bucket_ist"":""2026-07-31 11:25"",""last_updated_ist"":""2026-07-31 11:26:00""}"
2026-07-31 00:00:00,2026-07-31 11:26:00,132,NIFTY,WALL_PRESSURE_BREAK_SETUP,OFF,MED,0,Pressure building into a wall (break setup),"{""dedupe_key"":""NIFTY|WALL_PRESSURE_BREAK_SETUP|OFF|2026-07-31 11:26"",""threshold"":0,""value"":0,""since_minute_bucket_ist"":""2026-07-31 11:25"",""last_updated_ist"":""2026-07-31 11:26:00""}"
2026-07-31 00:00:00,2026-07-31 11:27:00,133,NIFTY,TRADE_LIMIT_REACHED,OFF,MED,4,Cooldown active (2m),"{""dedupe_key"":""NIFTY|TRADE_LIMIT_REACHED|OFF|2026-07-31 11:27"",""threshold"":500,""value"":4,""since_minute_bucket_ist"":""2026-07-31 11:26"",""last_updated_ist"":""2026-07-31 11:27:00""}"
2026-07-31 00:00:00,2026-07-31 11:27:00,133,NIFTY,EXP_RANGE_BREAKOUT_WATCH_UP,OFF,MED,24365.95,Expected-range watch UP,"{""dedupe_key"":""NIFTY|EXP_RANGE_BREAKOUT_WATCH_UP|OFF|2026-07-31 11:27"",""threshold"":24371.11,""value"":24365.95,""since_minute_bucket_ist"":""2026-07-31 11:25"",""last_updated_ist"":""2026-07-31 11:27:00""}"
2026-07-31 00:00:00,2026-07-31 11:27:00,133,NIFTY,EXP_RANGE_BREAKOUT_CONFIRMED_UP,OFF,HIGH,0,Expected-range breakout CONFIRMED UP,"{""dedupe_key"":""NIFTY|EXP_RANGE_BREAKOUT_CONFIRMED_UP|OFF|2026-07-31 11:27"",""threshold"":2,""value"":0,""since_minute_bucket_ist"":""2026-07-31 11:26"",""last_updated_ist"":""2026-07-31 11:27:00""}"
2026-07-31 00:00:00,2026-07-31 11:27:00,133,NIFTY,VOL_EXPANSION,OFF,MED,-0.0005,Volatility expanding (straddle up),"{""dedupe_key"":""NIFTY|VOL_EXPANSION|OFF|2026-07-31 11:27"",""threshold"":0.02,""value"":-0.0005,""since_minute_bucket_ist"":""2026-07-31 11:25"",""last_updated_ist"":""2026-07-31 11:27:00""}"
2026-07-31 00:00:00,2026-07-31 11:27:00,133,NIFTY,WALL_UNWIND_CONFIRM_UP,OFF,MED,0.0075,Call wall OI unwinding (5m),"{""dedupe_key"":""NIFTY|WALL_UNWIND_CONFIRM_UP|OFF|2026-07-31 11:27"",""threshold"":-0.006,""value"":0.0075,""since_minute_bucket_ist"":""2026-07-31 11:25"",""last_updated_ist"":""2026-07-31 11:27:00""}"
2026-07-31 00:00:00,2026-07-31 11:28:00,134,NIFTY,FLOW_BULLISH_BUILD,ON,HIGH,0.0012,Bullish build (premium-confirmed writing / support),"{""dedupe_key"":""NIFTY|FLOW_BULLISH_BUILD|ON|2026-07-31 11:28"",""threshold"":0.005,""value"":0.0012,""since_minute_bucket_ist"":"""",""last_updated_ist"":""2026-07-31 11:28:00""}"
2026-07-31 00:00:00,2026-07-31 11:28:00,134,NIFTY,PIN_BREAKOUT_SETUP,ON,MED,1.2000000000007276,Pin breakout setup (wall touch + aligned flow),"{""dedupe_key"":""NIFTY|PIN_BREAKOUT_SETUP|ON|2026-07-31 11:28"",""threshold"":0,""value"":1.2000000000007276,""since_minute_bucket_ist"":"""",""last_updated_ist"":""2026-07-31 11:28:00""}"
2026-07-31 00:00:00,2026-07-31 11:28:00,134,NIFTY,VOL_CONTRACTION,ON,LOW,-0.0013,Volatility contracting (straddle down),"{""dedupe_key"":""NIFTY|VOL_CONTRACTION|ON|2026-07-31 11:28"",""threshold"":-0.03,""value"":-0.0013,""since_minute_bucket_ist"":"""",""last_updated_ist"":""2026-07-31 11:28:00""}"
2026-07-31 00:00:00,2026-07-31 11:28:00,134,NIFTY,WALL_PRESSURE_BREAK_SETUP,ON,MED,1.2000000000007276,Pressure building into a wall (break setup),"{""dedupe_key"":""NIFTY|WALL_PRESSURE_BREAK_SETUP|ON|2026-07-31 11:28"",""threshold"":0,""value"":1.2000000000007276,""since_minute_bucket_ist"":"""",""last_updated_ist"":""2026-07-31 11:28:00""}"
2026-07-31 00:00:00,2026-07-31 11:29:00,135,NIFTY,FLOW_BULLISH_BUILD,OFF,HIGH,0,Bullish build (premium-confirmed writing / support),"{""dedupe_key"":""NIFTY|FLOW_BULLISH_BUILD|OFF|2026-07-31 11:29"",""threshold"":0.005,""value"":0,""since_minute_bucket_ist"":""2026-07-31 11:28"",""last_updated_ist"":""2026-07-31 11:29:00""}"
2026-07-31 00:00:00,2026-07-31 11:29:00,135,NIFTY,PIN_BREAKOUT_SETUP,OFF,MED,0,Pin breakout setup (wall touch + aligned flow),"{""dedupe_key"":""NIFTY|PIN_BREAKOUT_SETUP|OFF|2026-07-31 11:29"",""threshold"":0,""value"":0,""since_minute_bucket_ist"":""2026-07-31 11:28"",""last_updated_ist"":""2026-07-31 11:29:00""}"
2026-07-31 00:00:00,2026-07-31 11:29:00,135,NIFTY,WALL_PRESSURE_BREAK_SETUP,OFF,MED,0,Pressure building into a wall (break setup),"{""dedupe_key"":""NIFTY|WALL_PRESSURE_BREAK_SETUP|OFF|2026-07-31 11:29"",""threshold"":0,""value"":0,""since_minute_bucket_ist"":""2026-07-31 11:28"",""last_updated_ist"":""2026-07-31 11:29:00""}"
2026-07-31 00:00:00,2026-07-31 11:30:00,136,NIFTY,FLOW_BULLISH_BUILD,ON,HIGH,0.0081,Bullish build (premium-confirmed writing / support),"{""dedupe_key"":""NIFTY|FLOW_BULLISH_BUILD|ON|2026-07-31 11:30"",""threshold"":0.005,""value"":0.0081,""since_minute_bucket_ist"":"""",""last_updated_ist"":""2026-07-31 11:30:00""}"
2026-07-31 00:00:00,2026-07-31 11:30:00,136,NIFTY,VOL_CONTRACTION,OFF,LOW,-0.0032,Volatility contracting (straddle down),"{""dedupe_key"":""NIFTY|VOL_CONTRACTION|OFF|2026-07-31 11:30"",""threshold"":-0.03,""value"":-0.0032,""since_minute_bucket_ist"":""2026-07-31 11:28"",""last_updated_ist"":""2026-07-31 11:30:00""}"
2026-07-31 00:00:00,2026-07-31 11:30:00,136,NIFTY,OPTION_MOMENTUM_CALL,ON,MED,1.85,ATM CALL momentum (ltp up + vol up),"{""dedupe_key"":""NIFTY|OPTION_MOMENTUM_CALL|ON|2026-07-31 11:30"",""threshold"":1.5,""value"":1.85,""since_minute_bucket_ist"":"""",""last_updated_ist"":""2026-07-31 11:30:00""}"
2026-07-31 00:00:00,2026-07-31 11:30:00,136,NIFTY,STEALTH_BUILD_BULL,ON,MED,0.0081,"Stealth bullish build (puts build, spot flat)","{""dedupe_key"":""NIFTY|STEALTH_BUILD_BULL|ON|2026-07-31 11:30"",""threshold"":0.008,""value"":0.0081,""since_minute_bucket_ist"":"""",""last_updated_ist"":""2026-07-31 11:30:00""}"
2026-07-31 00:00:00,2026-07-31 11:31:00,137,NIFTY,FLOW_BULLISH_BUILD,OFF,HIGH,0.0041,Bullish build (premium-confirmed writing / support),"{""dedupe_key"":""NIFTY|FLOW_BULLISH_BUILD|OFF|2026-07-31 11:31"",""threshold"":0.005,""value"":0.0041,""since_minute_bucket_ist"":""2026-07-31 11:30"",""last_updated_ist"":""2026-07-31 11:31:00""}"
2026-07-31 00:00:00,2026-07-31 11:31:00,137,NIFTY,OPTION_MOMENTUM_CALL,OFF,MED,-1.25,ATM CALL momentum (ltp up + vol up),"{""dedupe_key"":""NIFTY|OPTION_MOMENTUM_CALL|OFF|2026-07-31 11:31"",""threshold"":1.5,""value"":-1.25,""since_minute_bucket_ist"":""2026-07-31 11:30"",""last_updated_ist"":""2026-07-31 11:31:00""}"
2026-07-31 00:00:00,2026-07-31 11:31:00,137,NIFTY,STEALTH_BUILD_BULL,OFF,MED,0.0041,"Stealth bullish build (puts build, spot flat)","{""dedupe_key"":""NIFTY|STEALTH_BUILD_BULL|OFF|2026-07-31 11:31"",""threshold"":0.008,""value"":0.0041,""since_minute_bucket_ist"":""2026-07-31 11:30"",""last_updated_ist"":""2026-07-31 11:31:00""}"
2026-07-31 00:00:00,2026-07-31 11:32:00,138,NIFTY,EXP_RANGE_BREAKOUT_WATCH_DOWN,ON,MED,24362.7,Expected-range watch DOWN,"{""dedupe_key"":""NIFTY|EXP_RANGE_BREAKOUT_WATCH_DOWN|ON|2026-07-31 11:32"",""threshold"":24364.1,""value"":24362.7,""since_minute_bucket_ist"":"""",""last_updated_ist"":""2026-07-31 11:32:00""}"
2026-07-31 00:00:00,2026-07-31 11:32:00,138,NIFTY,VOL_CONTRACTION,ON,LOW,-0.0005,Volatility contracting (straddle down),"{""dedupe_key"":""NIFTY|VOL_CONTRACTION|ON|2026-07-31 11:32"",""threshold"":-0.03,""value"":-0.0005,""since_minute_bucket_ist"":"""",""last_updated_ist"":""2026-07-31 11:32:00""}"
2026-07-31 00:00:00,2026-07-31 11:32:00,138,NIFTY,OPTION_MOMENTUM_PUT,ON,MED,2,ATM PUT momentum (ltp up + vol up),"{""dedupe_key"":""NIFTY|OPTION_MOMENTUM_PUT|ON|2026-07-31 11:32"",""threshold"":1.5,""value"":2,""since_minute_bucket_ist"":"""",""last_updated_ist"":""2026-07-31 11:32:00""}"
2026-07-31 00:00:00,2026-07-31 11:33:00,139,NIFTY,FLOW_BULLISH_BUILD,ON,HIGH,0.0006,Bullish build (premium-confirmed writing / support),"{""dedupe_key"":""NIFTY|FLOW_BULLISH_BUILD|ON|2026-07-31 11:33"",""threshold"":0.005,""value"":0.0006,""since_minute_bucket_ist"":"""",""last_updated_ist"":""2026-07-31 11:33:00""}"
2026-07-31 00:00:00,2026-07-31 11:33:00,139,NIFTY,PIN_BASIC,OFF,LOW,37.5,Spot near a local wall (pin zone),"{""dedupe_key"":""NIFTY|PIN_BASIC|OFF|2026-07-31 11:33"",""threshold"":37.5,""value"":37.5,""since_minute_bucket_ist"":""2026-07-31 11:20"",""last_updated_ist"":""2026-07-31 11:33:00""}"
2026-07-31 00:00:00,2026-07-31 11:33:00,139,NIFTY,EXP_RANGE_BREAKOUT_CONFIRMED_DOWN,ON,HIGH,2,Expected-range breakout CONFIRMED DOWN,"{""dedupe_key"":""NIFTY|EXP_RANGE_BREAKOUT_CONFIRMED_DOWN|ON|2026-07-31 11:33"",""threshold"":2,""value"":2,""since_minute_bucket_ist"":"""",""last_updated_ist"":""2026-07-31 11:33:00""}"
2026-07-31 00:00:00,2026-07-31 11:33:00,139,NIFTY,OPTION_MOMENTUM_PUT,OFF,MED,-0.55,ATM PUT momentum (ltp up + vol up),"{""dedupe_key"":""NIFTY|OPTION_MOMENTUM_PUT|OFF|2026-07-31 11:33"",""threshold"":1.5,""value"":-0.55,""since_minute_bucket_ist"":""2026-07-31 11:32"",""last_updated_ist"":""2026-07-31 11:33:00""}"
2026-07-31 00:00:00,2026-07-31 11:33:00,139,NIFTY,WALL_UNWIND_CONFIRM_UP,ON,MED,-0.0074,Call wall OI unwinding (5m),"{""dedupe_key"":""NIFTY|WALL_UNWIND_CONFIRM_UP|ON|2026-07-31 11:33"",""threshold"":-0.006,""value"":-0.0074,""since_minute_bucket_ist"":"""",""last_updated_ist"":""2026-07-31 11:33:00""}"
2026-07-31 00:00:00,2026-07-31 11:34:00,140,NIFTY,PIN_BASIC,ON,LOW,37.5,Spot near a local wall (pin zone),"{""dedupe_key"":""NIFTY|PIN_BASIC|ON|2026-07-31 11:34"",""threshold"":37.5,""value"":37.5,""since_minute_bucket_ist"":"""",""last_updated_ist"":""2026-07-31 11:34:00""}"
2026-07-31 00:00:00,2026-07-31 11:34:00,140,NIFTY,PIN_BREAKOUT_SETUP,ON,MED,2.349999999998545,Pin breakout setup (wall touch + aligned flow),"{""dedupe_key"":""NIFTY|PIN_BREAKOUT_SETUP|ON|2026-07-31 11:34"",""threshold"":0,""value"":2.349999999998545,""since_minute_bucket_ist"":"""",""last_updated_ist"":""2026-07-31 11:34:00""}"
2026-07-31 00:00:00,2026-07-31 11:34:00,140,NIFTY,EXP_RANGE_BREAKOUT_WATCH_DOWN,OFF,MED,24363.85,Expected-range watch DOWN,"{""dedupe_key"":""NIFTY|EXP_RANGE_BREAKOUT_WATCH_DOWN|OFF|2026-07-31 11:34"",""threshold"":24362.44,""value"":24363.85,""since_minute_bucket_ist"":""2026-07-31 11:32"",""last_updated_ist"":""2026-07-31 11:34:00""}"
2026-07-31 00:00:00,2026-07-31 11:34:00,140,NIFTY,EXP_RANGE_BREAKOUT_CONFIRMED_DOWN,OFF,HIGH,0,Expected-range breakout CONFIRMED DOWN,"{""dedupe_key"":""NIFTY|EXP_RANGE_BREAKOUT_CONFIRMED_DOWN|OFF|2026-07-31 11:34"",""threshold"":2,""value"":0,""since_minute_bucket_ist"":""2026-07-31 11:33"",""last_updated_ist"":""2026-07-31 11:34:00""}"
2026-07-31 00:00:00,2026-07-31 11:34:00,140,NIFTY,WALL_PRESSURE_BREAK_SETUP,ON,MED,2.349999999998545,Pressure building into a wall (break setup),"{""dedupe_key"":""NIFTY|WALL_PRESSURE_BREAK_SETUP|ON|2026-07-31 11:34"",""threshold"":0,""value"":2.349999999998545,""since_minute_bucket_ist"":"""",""last_updated_ist"":""2026-07-31 11:34:00""}"
2026-07-31 00:00:00,2026-07-31 11:35:00,141,NIFTY,FLOW_BULLISH_BUILD,OFF,HIGH,0.0008,Bullish build (premium-confirmed writing / support),"{""dedupe_key"":""NIFTY|FLOW_BULLISH_BUILD|OFF|2026-07-31 11:35"",""threshold"":0.005,""value"":0.0008,""since_minute_bucket_ist"":""2026-07-31 11:33"",""last_updated_ist"":""2026-07-31 11:35:00""}"
2026-07-31 00:00:00,2026-07-31 11:35:00,141,NIFTY,PIN_BREAKOUT_SETUP,OFF,MED,5.400000000001455,Pin breakout setup (wall touch + aligned flow),"{""dedupe_key"":""NIFTY|PIN_BREAKOUT_SETUP|OFF|2026-07-31 11:35"",""threshold"":0,""value"":5.400000000001455,""since_minute_bucket_ist"":""2026-07-31 11:34"",""last_updated_ist"":""2026-07-31 11:35:00""}"
2026-07-31 00:00:00,2026-07-31 11:35:00,141,NIFTY,VOL_CONTRACTION,OFF,LOW,-0.0008,Volatility contracting (straddle down),"{""dedupe_key"":""NIFTY|VOL_CONTRACTION|OFF|2026-07-31 11:35"",""threshold"":-0.03,""value"":-0.0008,""since_minute_bucket_ist"":""2026-07-31 11:32"",""last_updated_ist"":""2026-07-31 11:35:00""}"
2026-07-31 00:00:00,2026-07-31 11:35:00,141,NIFTY,OPTION_MOMENTUM_CALL,ON,MED,3.25,ATM CALL momentum (ltp up + vol up),"{""dedupe_key"":""NIFTY|OPTION_MOMENTUM_CALL|ON|2026-07-31 11:35"",""threshold"":1.5,""value"":3.25,""since_minute_bucket_ist"":"""",""last_updated_ist"":""2026-07-31 11:35:00""}"
2026-07-31 00:00:00,2026-07-31 11:35:00,141,NIFTY,WALL_PRESSURE_BREAK_SETUP,OFF,MED,5.400000000001455,Pressure building into a wall (break setup),"{""dedupe_key"":""NIFTY|WALL_PRESSURE_BREAK_SETUP|OFF|2026-07-31 11:35"",""threshold"":0,""value"":5.400000000001455,""since_minute_bucket_ist"":""2026-07-31 11:34"",""last_updated_ist"":""2026-07-31 11:35:00""}"
2026-07-31 00:00:00,2026-07-31 11:36:00,142,NIFTY,OPTION_MOMENTUM_CALL,OFF,MED,0,ATM CALL momentum (ltp up + vol up),"{""dedupe_key"":""NIFTY|OPTION_MOMENTUM_CALL|OFF|2026-07-31 11:36"",""threshold"":1.5,""value"":0,""since_minute_bucket_ist"":""2026-07-31 11:35"",""last_updated_ist"":""2026-07-31 11:36:00""}"
2026-07-31 00:00:00,2026-07-31 11:37:00,143,NIFTY,VOL_CONTRACTION,ON,LOW,0.0008,Volatility contracting (straddle down),"{""dedupe_key"":""NIFTY|VOL_CONTRACTION|ON|2026-07-31 11:37"",""threshold"":-0.03,""value"":0.0008,""since_minute_bucket_ist"":"""",""last_updated_ist"":""2026-07-31 11:37:00""}"
2026-07-31 00:00:00,2026-07-31 11:37:00,143,NIFTY,OPTION_MOMENTUM_PUT,ON,MED,2.25,ATM PUT momentum (ltp up + vol up),"{""dedupe_key"":""NIFTY|OPTION_MOMENTUM_PUT|ON|2026-07-31 11:37"",""threshold"":1.5,""value"":2.25,""since_minute_bucket_ist"":"""",""last_updated_ist"":""2026-07-31 11:37:00""}"
2026-07-31 00:00:00,2026-07-31 11:37:00,143,NIFTY,WALL_UNWIND_CONFIRM_UP,OFF,MED,-0.004,Call wall OI unwinding (5m),"{""dedupe_key"":""NIFTY|WALL_UNWIND_CONFIRM_UP|OFF|2026-07-31 11:37"",""threshold"":-0.006,""value"":-0.004,""since_minute_bucket_ist"":""2026-07-31 11:33"",""last_updated_ist"":""2026-07-31 11:37:00""}"
2026-07-31 00:00:00,2026-07-31 11:38:00,144,NIFTY,OPTION_MOMENTUM_PUT,OFF,MED,0.7,ATM PUT momentum (ltp up + vol up),"{""dedupe_key"":""NIFTY|OPTION_MOMENTUM_PUT|OFF|2026-07-31 11:38"",""threshold"":1.5,""value"":0.7,""since_minute_bucket_ist"":""2026-07-31 11:37"",""last_updated_ist"":""2026-07-31 11:38:00""}"
2026-07-31 00:00:00,2026-07-31 11:39:00,145,NIFTY,PIN_BASIC,OFF,LOW,37.5,Spot near a local wall (pin zone),"{""dedupe_key"":""NIFTY|PIN_BASIC|OFF|2026-07-31 11:39"",""threshold"":37.5,""value"":37.5,""since_minute_bucket_ist"":""2026-07-31 11:34"",""last_updated_ist"":""2026-07-31 11:39:00""}"
2026-07-31 00:00:00,2026-07-31 11:39:00,145,NIFTY,VOL_CONTRACTION,OFF,LOW,-0.0029,Volatility contracting (straddle down),"{""dedupe_key"":""NIFTY|VOL_CONTRACTION|OFF|2026-07-31 11:39"",""threshold"":-0.03,""value"":-0.0029,""since_minute_bucket_ist"":""2026-07-31 11:37"",""last_updated_ist"":""2026-07-31 11:39:00""}"
2026-07-31 00:00:00,2026-07-31 11:40:00,146,NIFTY,EXP_RANGE_BREAKOUT_WATCH_DOWN,ON,MED,24360.55,Expected-range watch DOWN,"{""dedupe_key"":""NIFTY|EXP_RANGE_BREAKOUT_WATCH_DOWN|ON|2026-07-31 11:40"",""threshold"":24360.58,""value"":24360.55,""since_minute_bucket_ist"":"""",""last_updated_ist"":""2026-07-31 11:40:00""}"
2026-07-31 00:00:00,2026-07-31 11:41:00,147,NIFTY,EXP_RANGE_BREAKOUT_CONFIRMED_DOWN,ON,HIGH,2,Expected-range breakout CONFIRMED DOWN,"{""dedupe_key"":""NIFTY|EXP_RANGE_BREAKOUT_CONFIRMED_DOWN|ON|2026-07-31 11:41"",""threshold"":2,""value"":2,""since_minute_bucket_ist"":"""",""last_updated_ist"":""2026-07-31 11:41:00""}"
2026-07-31 00:00:00,2026-07-31 11:41:00,147,NIFTY,VOL_CONTRACTION,ON,LOW,-0.0032,Volatility contracting (straddle down),"{""dedupe_key"":""NIFTY|VOL_CONTRACTION|ON|2026-07-31 11:41"",""threshold"":-0.03,""value"":-0.0032,""since_minute_bucket_ist"":"""",""last_updated_ist"":""2026-07-31 11:41:00""}"
2026-07-31 00:00:00,2026-07-31 11:42:00,148,NIFTY,FLOW_BULLISH_BUILD,ON,HIGH,0.0003,Bullish build (premium-confirmed writing / support),"{""dedupe_key"":""NIFTY|FLOW_BULLISH_BUILD|ON|2026-07-31 11:42"",""threshold"":0.005,""value"":0.0003,""since_minute_bucket_ist"":"""",""last_updated_ist"":""2026-07-31 11:42:00""}"
2026-07-31 00:00:00,2026-07-31 11:42:00,148,NIFTY,EXP_RANGE_BREAKOUT_WATCH_DOWN,OFF,MED,24359.7,Expected-range watch DOWN,"{""dedupe_key"":""NIFTY|EXP_RANGE_BREAKOUT_WATCH_DOWN|OFF|2026-07-31 11:42"",""threshold"":24358.72,""value"":24359.7,""since_minute_bucket_ist"":""2026-07-31 11:40"",""last_updated_ist"":""2026-07-31 11:42:00""}"
2026-07-31 00:00:00,2026-07-31 11:42:00,148,NIFTY,EXP_RANGE_BREAKOUT_CONFIRMED_DOWN,OFF,HIGH,0,Expected-range breakout CONFIRMED DOWN,"{""dedupe_key"":""NIFTY|EXP_RANGE_BREAKOUT_CONFIRMED_DOWN|OFF|2026-07-31 11:42"",""threshold"":2,""value"":0,""since_minute_bucket_ist"":""2026-07-31 11:41"",""last_updated_ist"":""2026-07-31 11:42:00""}"
2026-07-31 00:00:00,2026-07-31 11:42:00,148,NIFTY,VOL_CONTRACTION,OFF,LOW,0.0008,Volatility contracting (straddle down),"{""dedupe_key"":""NIFTY|VOL_CONTRACTION|OFF|2026-07-31 11:42"",""threshold"":-0.03,""value"":0.0008,""since_minute_bucket_ist"":""2026-07-31 11:41"",""last_updated_ist"":""2026-07-31 11:42:00""}"
2026-07-31 00:00:00,2026-07-31 11:43:00,149,NIFTY,FLOW_BULLISH_BUILD,OFF,HIGH,-0.0016,Bullish build (premium-confirmed writing / support),"{""dedupe_key"":""NIFTY|FLOW_BULLISH_BUILD|OFF|2026-07-31 11:43"",""threshold"":0.005,""value"":-0.0016,""since_minute_bucket_ist"":""2026-07-31 11:42"",""last_updated_ist"":""2026-07-31 11:43:00""}"
2026-07-31 00:00:00,2026-07-31 11:43:00,149,NIFTY,VOL_CONTRACTION,ON,LOW,-0.0051,Volatility contracting (straddle down),"{""dedupe_key"":""NIFTY|VOL_CONTRACTION|ON|2026-07-31 11:43"",""threshold"":-0.03,""value"":-0.0051,""since_minute_bucket_ist"":"""",""last_updated_ist"":""2026-07-31 11:43:00""}"
2026-07-31 00:00:00,2026-07-31 11:45:00,151,NIFTY,FLOW_BULLISH_BUILD,ON,HIGH,0.0023,Bullish build (premium-confirmed writing / support),"{""dedupe_key"":""NIFTY|FLOW_BULLISH_BUILD|ON|2026-07-31 11:45"",""threshold"":0.005,""value"":0.0023,""since_minute_bucket_ist"":"""",""last_updated_ist"":""2026-07-31 11:45:00""}"
2026-07-31 00:00:00,2026-07-31 11:45:00,151,NIFTY,PIN_BASIC,ON,LOW,37.5,Spot near a local wall (pin zone),"{""dedupe_key"":""NIFTY|PIN_BASIC|ON|2026-07-31 11:45"",""threshold"":37.5,""value"":37.5,""since_minute_bucket_ist"":"""",""last_updated_ist"":""2026-07-31 11:45:00""}"
2026-07-31 00:00:00,2026-07-31 11:45:00,151,NIFTY,PIN_BREAKOUT_SETUP,ON,MED,4.75,Pin breakout setup (wall touch + aligned flow),"{""dedupe_key"":""NIFTY|PIN_BREAKOUT_SETUP|ON|2026-07-31 11:45"",""threshold"":0,""value"":4.75,""since_minute_bucket_ist"":"""",""last_updated_ist"":""2026-07-31 11:45:00""}"
2026-07-31 00:00:00,2026-07-31 11:45:00,151,NIFTY,VOL_CONTRACTION,OFF,LOW,0.0027,Volatility contracting (straddle down),"{""dedupe_key"":""NIFTY|VOL_CONTRACTION|OFF|2026-07-31 11:45"",""threshold"":-0.03,""value"":0.0027,""since_minute_bucket_ist"":""2026-07-31 11:43"",""last_updated_ist"":""2026-07-31 11:45:00""}"
2026-07-31 00:00:00,2026-07-31 11:45:00,151,NIFTY,OPTION_MOMENTUM_CALL,ON,MED,4.1,ATM CALL momentum (ltp up + vol up),"{""dedupe_key"":""NIFTY|OPTION_MOMENTUM_CALL|ON|2026-07-31 11:45"",""threshold"":1.5,""value"":4.1,""since_minute_bucket_ist"":"""",""last_updated_ist"":""2026-07-31 11:45:00""}"
2026-07-31 00:00:00,2026-07-31 11:45:00,151,NIFTY,CHURN_COMMITTED,ON,MED,0.0002,Price move + aligned flow (committed),"{""dedupe_key"":""NIFTY|CHURN_COMMITTED|ON|2026-07-31 11:45"",""threshold"":0.0001,""value"":0.0002,""since_minute_bucket_ist"":"""",""last_updated_ist"":""2026-07-31 11:45:00""}"
2026-07-31 00:00:00,2026-07-31 11:45:00,151,NIFTY,WALL_PRESSURE_BREAK_SETUP,ON,MED,4.75,Pressure building into a wall (break setup),"{""dedupe_key"":""NIFTY|WALL_PRESSURE_BREAK_SETUP|ON|2026-07-31 11:45"",""threshold"":0,""value"":4.75,""since_minute_bucket_ist"":"""",""last_updated_ist"":""2026-07-31 11:45:00""}"
2026-07-31 00:00:00,2026-07-31 11:46:00,152,NIFTY,FLOW_BULLISH_BUILD,OFF,HIGH,0,Bullish build (premium-confirmed writing / support),"{""dedupe_key"":""NIFTY|FLOW_BULLISH_BUILD|OFF|2026-07-31 11:46"",""threshold"":0.005,""value"":0,""since_minute_bucket_ist"":""2026-07-31 11:45"",""last_updated_ist"":""2026-07-31 11:46:00""}"
2026-07-31 00:00:00,2026-07-31 11:46:00,152,NIFTY,PIN_BREAKOUT_SETUP,OFF,MED,0,Pin breakout setup (wall touch + aligned flow),"{""dedupe_key"":""NIFTY|PIN_BREAKOUT_SETUP|OFF|2026-07-31 11:46"",""threshold"":0,""value"":0,""since_minute_bucket_ist"":""2026-07-31 11:45"",""last_updated_ist"":""2026-07-31 11:46:00""}"
2026-07-31 00:00:00,2026-07-31 11:46:00,152,NIFTY,OPTION_MOMENTUM_CALL,OFF,MED,0,ATM CALL momentum (ltp up + vol up),"{""dedupe_key"":""NIFTY|OPTION_MOMENTUM_CALL|OFF|2026-07-31 11:46"",""threshold"":1.5,""value"":0,""since_minute_bucket_ist"":""2026-07-31 11:45"",""last_updated_ist"":""2026-07-31 11:46:00""}"
2026-07-31 00:00:00,2026-07-31 11:46:00,152,NIFTY,CHURN_COMMITTED,OFF,MED,0,Price move + aligned flow (committed),"{""dedupe_key"":""NIFTY|CHURN_COMMITTED|OFF|2026-07-31 11:46"",""threshold"":0.0001,""value"":0,""since_minute_bucket_ist"":""2026-07-31 11:45"",""last_updated_ist"":""2026-07-31 11:46:00""}"
2026-07-31 00:00:00,2026-07-31 11:46:00,152,NIFTY,WALL_PRESSURE_BREAK_SETUP,OFF,MED,0,Pressure building into a wall (break setup),"{""dedupe_key"":""NIFTY|WALL_PRESSURE_BREAK_SETUP|OFF|2026-07-31 11:46"",""threshold"":0,""value"":0,""since_minute_bucket_ist"":""2026-07-31 11:45"",""last_updated_ist"":""2026-07-31 11:46:00""}"
2026-07-31 00:00:00,2026-07-31 11:47:00,153,NIFTY,PIN_BASIC,OFF,LOW,37.5,Spot near a local wall (pin zone),"{""dedupe_key"":""NIFTY|PIN_BASIC|OFF|2026-07-31 11:47"",""threshold"":37.5,""value"":37.5,""since_minute_bucket_ist"":""2026-07-31 11:45"",""last_updated_ist"":""2026-07-31 11:47:00""}"
2026-07-31 00:00:00,2026-07-31 11:47:00,153,NIFTY,OPTION_MOMENTUM_PUT,ON,MED,2.45,ATM PUT momentum (ltp up + vol up),"{""dedupe_key"":""NIFTY|OPTION_MOMENTUM_PUT|ON|2026-07-31 11:47"",""threshold"":1.5,""value"":2.45,""since_minute_bucket_ist"":"""",""last_updated_ist"":""2026-07-31 11:47:00""}"
2026-07-31 00:00:00,2026-07-31 11:47:00,153,NIFTY,WALL_UNWIND_CONFIRM_UP,ON,MED,-0.006,Call wall OI unwinding (5m),"{""dedupe_key"":""NIFTY|WALL_UNWIND_CONFIRM_UP|ON|2026-07-31 11:47"",""threshold"":-0.006,""value"":-0.006,""since_minute_bucket_ist"":"""",""last_updated_ist"":""2026-07-31 11:47:00""}"
2026-07-31 00:00:00,2026-07-31 11:48:00,154,NIFTY,OPTION_MOMENTUM_PUT,OFF,MED,0,ATM PUT momentum (ltp up + vol up),"{""dedupe_key"":""NIFTY|OPTION_MOMENTUM_PUT|OFF|2026-07-31 11:48"",""threshold"":1.5,""value"":0,""since_minute_bucket_ist"":""2026-07-31 11:47"",""last_updated_ist"":""2026-07-31 11:48:00""}"
2026-07-31 00:00:00,2026-07-31 11:49:00,155,NIFTY,FLOW_BULLISH_BUILD,ON,HIGH,0.0022,Bullish build (premium-confirmed writing / support),"{""dedupe_key"":""NIFTY|FLOW_BULLISH_BUILD|ON|2026-07-31 11:49"",""threshold"":0.005,""value"":0.0022,""since_minute_bucket_ist"":"""",""last_updated_ist"":""2026-07-31 11:49:00""}"
2026-07-31 00:00:00,2026-07-31 11:49:00,155,NIFTY,CHURN_COMMITTED,ON,MED,0.0001,Price move + aligned flow (committed),"{""dedupe_key"":""NIFTY|CHURN_COMMITTED|ON|2026-07-31 11:49"",""threshold"":0.0001,""value"":0.0001,""since_minute_bucket_ist"":"""",""last_updated_ist"":""2026-07-31 11:49:00""}"
2026-07-31 00:00:00,2026-07-31 11:50:00,156,NIFTY,PIN_BASIC,ON,LOW,37.5,Spot near a local wall (pin zone),"{""dedupe_key"":""NIFTY|PIN_BASIC|ON|2026-07-31 11:50"",""threshold"":37.5,""value"":37.5,""since_minute_bucket_ist"":"""",""last_updated_ist"":""2026-07-31 11:50:00""}"
2026-07-31 00:00:00,2026-07-31 11:50:00,156,NIFTY,PIN_BREAKOUT_SETUP,ON,MED,3.75,Pin breakout setup (wall touch + aligned flow),"{""dedupe_key"":""NIFTY|PIN_BREAKOUT_SETUP|ON|2026-07-31 11:50"",""threshold"":0,""value"":3.75,""since_minute_bucket_ist"":"""",""last_updated_ist"":""2026-07-31 11:50:00""}"
2026-07-31 00:00:00,2026-07-31 11:50:00,156,NIFTY,EXP_RANGE_BREAKOUT_WATCH_UP,ON,MED,24366.2,Expected-range watch UP,"{""dedupe_key"":""NIFTY|EXP_RANGE_BREAKOUT_WATCH_UP|ON|2026-07-31 11:50"",""threshold"":24364.53,""value"":24366.2,""since_minute_bucket_ist"":"""",""last_updated_ist"":""2026-07-31 11:50:00""}"
2026-07-31 00:00:00,2026-07-31 11:50:00,156,NIFTY,WALL_UNWIND_CONFIRM_UP,OFF,MED,-0.0053,Call wall OI unwinding (5m),"{""dedupe_key"":""NIFTY|WALL_UNWIND_CONFIRM_UP|OFF|2026-07-31 11:50"",""threshold"":-0.006,""value"":-0.0053,""since_minute_bucket_ist"":""2026-07-31 11:47"",""last_updated_ist"":""2026-07-31 11:50:00""}"
2026-07-31 00:00:00,2026-07-31 11:50:00,156,NIFTY,WALL_PRESSURE_BREAK_SETUP,ON,MED,3.75,Pressure building into a wall (break setup),"{""dedupe_key"":""NIFTY|WALL_PRESSURE_BREAK_SETUP|ON|2026-07-31 11:50"",""threshold"":0,""value"":3.75,""since_minute_bucket_ist"":"""",""last_updated_ist"":""2026-07-31 11:50:00""}"
2026-07-31 00:00:00,2026-07-31 11:51:00,157,NIFTY,FLOW_BULLISH_BUILD,OFF,HIGH,0,Bullish build (premium-confirmed writing / support),"{""dedupe_key"":""NIFTY|FLOW_BULLISH_BUILD|OFF|2026-07-31 11:51"",""threshold"":0.005,""value"":0,""since_minute_bucket_ist"":""2026-07-31 11:49"",""last_updated_ist"":""2026-07-31 11:51:00""}"
2026-07-31 00:00:00,2026-07-31 11:51:00,157,NIFTY,PIN_BREAKOUT_SETUP,OFF,MED,0,Pin breakout setup (wall touch + aligned flow),"{""dedupe_key"":""NIFTY|PIN_BREAKOUT_SETUP|OFF|2026-07-31 11:51"",""threshold"":0,""value"":0,""since_minute_bucket_ist"":""2026-07-31 11:50"",""last_updated_ist"":""2026-07-31 11:51:00""}"
2026-07-31 00:00:00,2026-07-31 11:51:00,157,NIFTY,EXP_RANGE_BREAKOUT_CONFIRMED_UP,ON,HIGH,2,Expected-range breakout CONFIRMED UP,"{""dedupe_key"":""NIFTY|EXP_RANGE_BREAKOUT_CONFIRMED_UP|ON|2026-07-31 11:51"",""threshold"":2,""value"":2,""since_minute_bucket_ist"":"""",""last_updated_ist"":""2026-07-31 11:51:00""}"
2026-07-31 00:00:00,2026-07-31 11:51:00,157,NIFTY,CHURN_COMMITTED,OFF,MED,0,Price move + aligned flow (committed),"{""dedupe_key"":""NIFTY|CHURN_COMMITTED|OFF|2026-07-31 11:51"",""threshold"":0.0001,""value"":0,""since_minute_bucket_ist"":""2026-07-31 11:49"",""last_updated_ist"":""2026-07-31 11:51:00""}"
2026-07-31 00:00:00,2026-07-31 11:51:00,157,NIFTY,WALL_PRESSURE_BREAK_SETUP,OFF,MED,0,Pressure building into a wall (break setup),"{""dedupe_key"":""NIFTY|WALL_PRESSURE_BREAK_SETUP|OFF|2026-07-31 11:51"",""threshold"":0,""value"":0,""since_minute_bucket_ist"":""2026-07-31 11:50"",""last_updated_ist"":""2026-07-31 11:51:00""}"
2026-07-31 00:00:00,2026-07-31 11:52:00,158,NIFTY,EXP_RANGE_BREAKOUT_WATCH_UP,OFF,MED,24363.4,Expected-range watch UP,"{""dedupe_key"":""NIFTY|EXP_RANGE_BREAKOUT_WATCH_UP|OFF|2026-07-31 11:52"",""threshold"":24365.66,""value"":24363.4,""since_minute_bucket_ist"":""2026-07-31 11:50"",""last_updated_ist"":""2026-07-31 11:52:00""}"
2026-07-31 00:00:00,2026-07-31 11:52:00,158,NIFTY,EXP_RANGE_BREAKOUT_CONFIRMED_UP,OFF,HIGH,0,Expected-range breakout CONFIRMED UP,"{""dedupe_key"":""NIFTY|EXP_RANGE_BREAKOUT_CONFIRMED_UP|OFF|2026-07-31 11:52"",""threshold"":2,""value"":0,""since_minute_bucket_ist"":""2026-07-31 11:51"",""last_updated_ist"":""2026-07-31 11:52:00""}"
2026-07-31 00:00:00,2026-07-31 11:54:00,160,NIFTY,FLOW_BEARISH_BUILD,ON,HIGH,0.0011,Bearish build (premium-confirmed writing / resistance),"{""dedupe_key"":""NIFTY|FLOW_BEARISH_BUILD|ON|2026-07-31 11:54"",""threshold"":0.005,""value"":0.0011,""since_minute_bucket_ist"":"""",""last_updated_ist"":""2026-07-31 11:54:00""}"
2026-07-31 00:00:00,2026-07-31 11:54:00,160,NIFTY,PIN_BASIC,OFF,LOW,37.5,Spot near a local wall (pin zone),"{""dedupe_key"":""NIFTY|PIN_BASIC|OFF|2026-07-31 11:54"",""threshold"":37.5,""value"":37.5,""since_minute_bucket_ist"":""2026-07-31 11:50"",""last_updated_ist"":""2026-07-31 11:54:00""}"
2026-07-31 00:00:00,2026-07-31 11:54:00,160,NIFTY,CHURN_COMMITTED,ON,MED,-0.0001,Price move + aligned flow (committed),"{""dedupe_key"":""NIFTY|CHURN_COMMITTED|ON|2026-07-31 11:54"",""threshold"":0.0001,""value"":-0.0001,""since_minute_bucket_ist"":"""",""last_updated_ist"":""2026-07-31 11:54:00""}"
2026-07-31 00:00:00,2026-07-31 11:55:00,161,NIFTY,FLOW_BEARISH_BUILD,OFF,HIGH,0.0016,Bearish build (premium-confirmed writing / resistance),"{""dedupe_key"":""NIFTY|FLOW_BEARISH_BUILD|OFF|2026-07-31 11:55"",""threshold"":0.005,""value"":0.0016,""since_minute_bucket_ist"":""2026-07-31 11:54"",""last_updated_ist"":""2026-07-31 11:55:00""}"
2026-07-31 00:00:00,2026-07-31 11:55:00,161,NIFTY,PIN_BASIC,ON,LOW,37.5,Spot near a local wall (pin zone),"{""dedupe_key"":""NIFTY|PIN_BASIC|ON|2026-07-31 11:55"",""threshold"":37.5,""value"":37.5,""since_minute_bucket_ist"":"""",""last_updated_ist"":""2026-07-31 11:55:00""}"
2026-07-31 00:00:00,2026-07-31 11:55:00,161,NIFTY,VOL_CONTRACTION,ON,LOW,-0.0013,Volatility contracting (straddle down),"{""dedupe_key"":""NIFTY|VOL_CONTRACTION|ON|2026-07-31 11:55"",""threshold"":-0.03,""value"":-0.0013,""since_minute_bucket_ist"":"""",""last_updated_ist"":""2026-07-31 11:55:00""}"
2026-07-31 00:00:00,2026-07-31 11:55:00,161,NIFTY,CHURN_COMMITTED,OFF,MED,0.0001,Price move + aligned flow (committed),"{""dedupe_key"":""NIFTY|CHURN_COMMITTED|OFF|2026-07-31 11:55"",""threshold"":0.0001,""value"":0.0001,""since_minute_bucket_ist"":""2026-07-31 11:54"",""last_updated_ist"":""2026-07-31 11:55:00""}"
2026-07-31 00:00:00,2026-07-31 11:57:00,163,NIFTY,FLOW_BULLISH_BUILD,ON,HIGH,0.0024,Bullish build (premium-confirmed writing / support),"{""dedupe_key"":""NIFTY|FLOW_BULLISH_BUILD|ON|2026-07-31 11:57"",""threshold"":0.005,""value"":0.0024,""since_minute_bucket_ist"":"""",""last_updated_ist"":""2026-07-31 11:57:00""}"
2026-07-31 00:00:00,2026-07-31 11:57:00,163,NIFTY,PIN_BREAKOUT_SETUP,ON,MED,0.5500000000029104,Pin breakout setup (wall touch + aligned flow),"{""dedupe_key"":""NIFTY|PIN_BREAKOUT_SETUP|ON|2026-07-31 11:57"",""threshold"":0,""value"":0.5500000000029104,""since_minute_bucket_ist"":"""",""last_updated_ist"":""2026-07-31 11:57:00""}"
2026-07-31 00:00:00,2026-07-31 11:57:00,163,NIFTY,VOL_CONTRACTION,OFF,LOW,-0.0008,Volatility contracting (straddle down),"{""dedupe_key"":""NIFTY|VOL_CONTRACTION|OFF|2026-07-31 11:57"",""threshold"":-0.03,""value"":-0.0008,""since_minute_bucket_ist"":""2026-07-31 11:55"",""last_updated_ist"":""2026-07-31 11:57:00""}"
2026-07-31 00:00:00,2026-07-31 11:57:00,163,NIFTY,WALL_PRESSURE_BREAK_SETUP,ON,MED,0.5500000000029104,Pressure building into a wall (break setup),"{""dedupe_key"":""NIFTY|WALL_PRESSURE_BREAK_SETUP|ON|2026-07-31 11:57"",""threshold"":0,""value"":0.5500000000029104,""since_minute_bucket_ist"":"""",""last_updated_ist"":""2026-07-31 11:57:00""}"
2026-07-31 00:00:00,2026-07-31 11:58:00,164,NIFTY,FLOW_BULLISH_BUILD,OFF,HIGH,0,Bullish build (premium-confirmed writing / support),"{""dedupe_key"":""NIFTY|FLOW_BULLISH_BUILD|OFF|2026-07-31 11:58"",""threshold"":0.005,""value"":0,""since_minute_bucket_ist"":""2026-07-31 11:57"",""last_updated_ist"":""2026-07-31 11:58:00""}"
2026-07-31 00:00:00,2026-07-31 11:58:00,164,NIFTY,PIN_BREAKOUT_SETUP,OFF,MED,0,Pin breakout setup (wall touch + aligned flow),"{""dedupe_key"":""NIFTY|PIN_BREAKOUT_SETUP|OFF|2026-07-31 11:58"",""threshold"":0,""value"":0,""since_minute_bucket_ist"":""2026-07-31 11:57"",""last_updated_ist"":""2026-07-31 11:58:00""}"
2026-07-31 00:00:00,2026-07-31 11:58:00,164,NIFTY,WALL_PRESSURE_BREAK_SETUP,OFF,MED,0,Pressure building into a wall (break setup),"{""dedupe_key"":""NIFTY|WALL_PRESSURE_BREAK_SETUP|OFF|2026-07-31 11:58"",""threshold"":0,""value"":0,""since_minute_bucket_ist"":""2026-07-31 11:57"",""last_updated_ist"":""2026-07-31 11:58:00""}"
2026-07-31 00:00:00,2026-07-31 11:59:00,165,NIFTY,FLOW_BULLISH_BUILD,ON,HIGH,0.0013,Bullish build (premium-confirmed writing / support),"{""dedupe_key"":""NIFTY|FLOW_BULLISH_BUILD|ON|2026-07-31 11:59"",""threshold"":0.005,""value"":0.0013,""since_minute_bucket_ist"":"""",""last_updated_ist"":""2026-07-31 11:59:00""}"
2026-07-31 00:00:00,2026-07-31 11:59:00,165,NIFTY,PIN_BREAKOUT_SETUP,ON,MED,2.2999999999992724,Pin breakout setup (wall touch + aligned flow),"{""dedupe_key"":""NIFTY|PIN_BREAKOUT_SETUP|ON|2026-07-31 11:59"",""threshold"":0,""value"":2.2999999999992724,""since_minute_bucket_ist"":"""",""last_updated_ist"":""2026-07-31 11:59:00""}"
2026-07-31 00:00:00,2026-07-31 11:59:00,165,NIFTY,VOL_CONTRACTION,ON,LOW,0,Volatility contracting (straddle down),"{""dedupe_key"":""NIFTY|VOL_CONTRACTION|ON|2026-07-31 11:59"",""threshold"":-0.03,""value"":0,""since_minute_bucket_ist"":"""",""last_updated_ist"":""2026-07-31 11:59:00""}"
2026-07-31 00:00:00,2026-07-31 11:59:00,165,NIFTY,WALL_PRESSURE_BREAK_SETUP,ON,MED,2.2999999999992724,Pressure building into a wall (break setup),"{""dedupe_key"":""NIFTY|WALL_PRESSURE_BREAK_SETUP|ON|2026-07-31 11:59"",""threshold"":0,""value"":2.2999999999992724,""since_minute_bucket_ist"":"""",""last_updated_ist"":""2026-07-31 11:59:00""}"
2026-07-31 00:00:00,2026-07-31 12:00:00,166,NIFTY,PIN_BREAKOUT_SETUP,OFF,MED,-1,Pin breakout setup (wall touch + aligned flow),"{""dedupe_key"":""NIFTY|PIN_BREAKOUT_SETUP|OFF|2026-07-31 12:00"",""threshold"":0,""value"":-1,""since_minute_bucket_ist"":""2026-07-31 11:59"",""last_updated_ist"":""2026-07-31 12:00:00""}"
2026-07-31 00:00:00,2026-07-31 12:00:00,166,NIFTY,WALL_UNWIND_CONFIRM_UP,ON,MED,-0.0149,Call wall OI unwinding (5m),"{""dedupe_key"":""NIFTY|WALL_UNWIND_CONFIRM_UP|ON|2026-07-31 12:00"",""threshold"":-0.006,""value"":-0.0149,""since_minute_bucket_ist"":"""",""last_updated_ist"":""2026-07-31 12:00:00""}"
2026-07-31 00:00:00,2026-07-31 12:00:00,166,NIFTY,WALL_PRESSURE_BREAK_SETUP,OFF,MED,-1,Pressure building into a wall (break setup),"{""dedupe_key"":""NIFTY|WALL_PRESSURE_BREAK_SETUP|OFF|2026-07-31 12:00"",""threshold"":0,""value"":-1,""since_minute_bucket_ist"":""2026-07-31 11:59"",""last_updated_ist"":""2026-07-31 12:00:00""}"
2026-07-31 00:00:00,2026-07-31 12:01:00,167,NIFTY,FLOW_BULLISH_BUILD,OFF,HIGH,0.0027,Bullish build (premium-confirmed writing / support),"{""dedupe_key"":""NIFTY|FLOW_BULLISH_BUILD|OFF|2026-07-31 12:01"",""threshold"":0.005,""value"":0.0027,""since_minute_bucket_ist"":""2026-07-31 11:59"",""last_updated_ist"":""2026-07-31 12:01:00""}"
2026-07-31 00:00:00,2026-07-31 12:03:00,169,NIFTY,EXP_RANGE_BREAKOUT_WATCH_UP,ON,MED,24366.7,Expected-range watch UP,"{""dedupe_key"":""NIFTY|EXP_RANGE_BREAKOUT_WATCH_UP|ON|2026-07-31 12:03"",""threshold"":24365.43,""value"":24366.7,""since_minute_bucket_ist"":"""",""last_updated_ist"":""2026-07-31 12:03:00""}"
2026-07-31 00:00:00,2026-07-31 12:03:00,169,NIFTY,VOL_CONTRACTION,OFF,LOW,0.0005,Volatility contracting (straddle down),"{""dedupe_key"":""NIFTY|VOL_CONTRACTION|OFF|2026-07-31 12:03"",""threshold"":-0.03,""value"":0.0005,""since_minute_bucket_ist"":""2026-07-31 11:59"",""last_updated_ist"":""2026-07-31 12:03:00""}"
2026-07-31 00:00:00,2026-07-31 12:04:00,170,NIFTY,EXP_RANGE_BREAKOUT_WATCH_UP,OFF,MED,24363.9,Expected-range watch UP,"{""dedupe_key"":""NIFTY|EXP_RANGE_BREAKOUT_WATCH_UP|OFF|2026-07-31 12:04"",""threshold"":24365.48,""value"":24363.9,""since_minute_bucket_ist"":""2026-07-31 12:03"",""last_updated_ist"":""2026-07-31 12:04:00""}"
2026-07-31 00:00:00,2026-07-31 12:05:00,171,NIFTY,WALL_UNWIND_CONFIRM_UP,OFF,MED,0.0047,Call wall OI unwinding (5m),"{""dedupe_key"":""NIFTY|WALL_UNWIND_CONFIRM_UP|OFF|2026-07-31 12:05"",""threshold"":-0.006,""value"":0.0047,""since_minute_bucket_ist"":""2026-07-31 12:00"",""last_updated_ist"":""2026-07-31 12:05:00""}"
2026-07-31 00:00:00,2026-07-31 12:05:00,171,NIFTY,WALL_UNWIND_CONFIRM_DOWN,ON,MED,-0.0082,Put wall OI unwinding (5m),"{""dedupe_key"":""NIFTY|WALL_UNWIND_CONFIRM_DOWN|ON|2026-07-31 12:05"",""threshold"":-0.006,""value"":-0.0082,""since_minute_bucket_ist"":"""",""last_updated_ist"":""2026-07-31 12:05:00""}"
2026-07-31 00:00:00,2026-07-31 12:06:00,172,NIFTY,FLOW_BEARISH_BUILD,ON,HIGH,0.0053,Bearish build (premium-confirmed writing / resistance),"{""dedupe_key"":""NIFTY|FLOW_BEARISH_BUILD|ON|2026-07-31 12:06"",""threshold"":0.005,""value"":0.0053,""since_minute_bucket_ist"":"""",""last_updated_ist"":""2026-07-31 12:06:00""}"
2026-07-31 00:00:00,2026-07-31 12:06:00,172,NIFTY,EXP_RANGE_BREAKOUT_WATCH_UP,ON,MED,24367.25,Expected-range watch UP,"{""dedupe_key"":""NIFTY|EXP_RANGE_BREAKOUT_WATCH_UP|ON|2026-07-31 12:06"",""threshold"":24366.18,""value"":24367.25,""since_minute_bucket_ist"":"""",""last_updated_ist"":""2026-07-31 12:06:00""}"
2026-07-31 00:00:00,2026-07-31 12:07:00,173,NIFTY,FLOW_BEARISH_BUILD,OFF,HIGH,0,Bearish build (premium-confirmed writing / resistance),"{""dedupe_key"":""NIFTY|FLOW_BEARISH_BUILD|OFF|2026-07-31 12:07"",""threshold"":0.005,""value"":0,""since_minute_bucket_ist"":""2026-07-31 12:06"",""last_updated_ist"":""2026-07-31 12:07:00""}"
2026-07-31 00:00:00,2026-07-31 12:07:00,173,NIFTY,EXP_RANGE_BREAKOUT_CONFIRMED_UP,ON,HIGH,2,Expected-range breakout CONFIRMED UP,"{""dedupe_key"":""NIFTY|EXP_RANGE_BREAKOUT_CONFIRMED_UP|ON|2026-07-31 12:07"",""threshold"":2,""value"":2,""since_minute_bucket_ist"":"""",""last_updated_ist"":""2026-07-31 12:07:00""}"
2026-07-31 00:00:00,2026-07-31 12:08:00,174,NIFTY,OPTION_MOMENTUM_CALL,ON,MED,2.75,ATM CALL momentum (ltp up + vol up),"{""dedupe_key"":""NIFTY|OPTION_MOMENTUM_CALL|ON|2026-07-31 12:08"",""threshold"":1.5,""value"":2.75,""since_minute_bucket_ist"":"""",""last_updated_ist"":""2026-07-31 12:08:00""}"
2026-07-31 00:00:00,2026-07-31 12:09:00,175,NIFTY,FLOW_BULLISH_BUILD,ON,HIGH,0.001,Bullish build (premium-confirmed writing / support),"{""dedupe_key"":""NIFTY|FLOW_BULLISH_BUILD|ON|2026-07-31 12:09"",""threshold"":0.005,""value"":0.001,""since_minute_bucket_ist"":"""",""last_updated_ist"":""2026-07-31 12:09:00""}"
2026-07-31 00:00:00,2026-07-31 12:09:00,175,NIFTY,EXP_RANGE_BREAKOUT_WATCH_UP,OFF,MED,24370.1,Expected-range watch UP,"{""dedupe_key"":""NIFTY|EXP_RANGE_BREAKOUT_WATCH_UP|OFF|2026-07-31 12:09"",""threshold"":24370.4,""value"":24370.1,""since_minute_bucket_ist"":""2026-07-31 12:06"",""last_updated_ist"":""2026-07-31 12:09:00""}"
2026-07-31 00:00:00,2026-07-31 12:09:00,175,NIFTY,EXP_RANGE_BREAKOUT_CONFIRMED_UP,OFF,HIGH,0,Expected-range breakout CONFIRMED UP,"{""dedupe_key"":""NIFTY|EXP_RANGE_BREAKOUT_CONFIRMED_UP|OFF|2026-07-31 12:09"",""threshold"":2,""value"":0,""since_minute_bucket_ist"":""2026-07-31 12:07"",""last_updated_ist"":""2026-07-31 12:09:00""}"
2026-07-31 00:00:00,2026-07-31 12:09:00,175,NIFTY,OPTION_MOMENTUM_CALL,OFF,MED,-0.95,ATM CALL momentum (ltp up + vol up),"{""dedupe_key"":""NIFTY|OPTION_MOMENTUM_CALL|OFF|2026-07-31 12:09"",""threshold"":1.5,""value"":-0.95,""since_minute_bucket_ist"":""2026-07-31 12:08"",""last_updated_ist"":""2026-07-31 12:09:00""}"
2026-07-31 00:00:00,2026-07-31 12:10:00,176,NIFTY,FLOW_BULLISH_BUILD,OFF,HIGH,0.0025,Bullish build (premium-confirmed writing / support),"{""dedupe_key"":""NIFTY|FLOW_BULLISH_BUILD|OFF|2026-07-31 12:10"",""threshold"":0.005,""value"":0.0025,""since_minute_bucket_ist"":""2026-07-31 12:09"",""last_updated_ist"":""2026-07-31 12:10:00""}"
2026-07-31 00:00:00,2026-07-31 12:10:00,176,NIFTY,EXP_RANGE_BREAKOUT_WATCH_UP,ON,MED,24372.65,Expected-range watch UP,"{""dedupe_key"":""NIFTY|EXP_RANGE_BREAKOUT_WATCH_UP|ON|2026-07-31 12:10"",""threshold"":24371.66,""value"":24372.65,""since_minute_bucket_ist"":"""",""last_updated_ist"":""2026-07-31 12:10:00""}"
2026-07-31 00:00:00,2026-07-31 12:10:00,176,NIFTY,OPTION_MOMENTUM_CALL,ON,MED,1.8,ATM CALL momentum (ltp up + vol up),"{""dedupe_key"":""NIFTY|OPTION_MOMENTUM_CALL|ON|2026-07-31 12:10"",""threshold"":1.5,""value"":1.8,""since_minute_bucket_ist"":"""",""last_updated_ist"":""2026-07-31 12:10:00""}"
2026-07-31 00:00:00,2026-07-31 12:11:00,177,NIFTY,EXP_RANGE_BREAKOUT_WATCH_UP,OFF,MED,24367.65,Expected-range watch UP,"{""dedupe_key"":""NIFTY|EXP_RANGE_BREAKOUT_WATCH_UP|OFF|2026-07-31 12:11"",""threshold"":24371.81,""value"":24367.65,""since_minute_bucket_ist"":""2026-07-31 12:10"",""last_updated_ist"":""2026-07-31 12:11:00""}"
2026-07-31 00:00:00,2026-07-31 12:11:00,177,NIFTY,VOL_CONTRACTION,ON,LOW,-0.0024,Volatility contracting (straddle down),"{""dedupe_key"":""NIFTY|VOL_CONTRACTION|ON|2026-07-31 12:11"",""threshold"":-0.03,""value"":-0.0024,""since_minute_bucket_ist"":"""",""last_updated_ist"":""2026-07-31 12:11:00""}"
2026-07-31 00:00:00,2026-07-31 12:11:00,177,NIFTY,OPTION_MOMENTUM_CALL,OFF,MED,-2.2,ATM CALL momentum (ltp up + vol up),"{""dedupe_key"":""NIFTY|OPTION_MOMENTUM_CALL|OFF|2026-07-31 12:11"",""threshold"":1.5,""value"":-2.2,""since_minute_bucket_ist"":""2026-07-31 12:10"",""last_updated_ist"":""2026-07-31 12:11:00""}"
2026-07-31 00:00:00,2026-07-31 12:11:00,177,NIFTY,OPTION_MOMENTUM_PUT,ON,MED,1.7,ATM PUT momentum (ltp up + vol up),"{""dedupe_key"":""NIFTY|OPTION_MOMENTUM_PUT|ON|2026-07-31 12:11"",""threshold"":1.5,""value"":1.7,""since_minute_bucket_ist"":"""",""last_updated_ist"":""2026-07-31 12:11:00""}"
2026-07-31 00:00:00,2026-07-31 12:11:00,177,NIFTY,WALL_UNWIND_CONFIRM_UP,ON,MED,-0.0121,Call wall OI unwinding (5m),"{""dedupe_key"":""NIFTY|WALL_UNWIND_CONFIRM_UP|ON|2026-07-31 12:11"",""threshold"":-0.006,""value"":-0.0121,""since_minute_bucket_ist"":"""",""last_updated_ist"":""2026-07-31 12:11:00""}"
2026-07-31 00:00:00,2026-07-31 12:12:00,178,NIFTY,FLOW_BULLISH_BUILD,ON,HIGH,0.0016,Bullish build (premium-confirmed writing / support),"{""dedupe_key"":""NIFTY|FLOW_BULLISH_BUILD|ON|2026-07-31 12:12"",""threshold"":0.005,""value"":0.0016,""since_minute_bucket_ist"":"""",""last_updated_ist"":""2026-07-31 12:12:00""}"
2026-07-31 00:00:00,2026-07-31 12:12:00,178,NIFTY,PIN_BREAKOUT_SETUP,ON,MED,2.099999999998545,Pin breakout setup (wall touch + aligned flow),"{""dedupe_key"":""NIFTY|PIN_BREAKOUT_SETUP|ON|2026-07-31 12:12"",""threshold"":0,""value"":2.099999999998545,""since_minute_bucket_ist"":"""",""last_updated_ist"":""2026-07-31 12:12:00""}"
2026-07-31 00:00:00,2026-07-31 12:12:00,178,NIFTY,VOL_CONTRACTION,OFF,LOW,-0.0024,Volatility contracting (straddle down),"{""dedupe_key"":""NIFTY|VOL_CONTRACTION|OFF|2026-07-31 12:12"",""threshold"":-0.03,""value"":-0.0024,""since_minute_bucket_ist"":""2026-07-31 12:11"",""last_updated_ist"":""2026-07-31 12:12:00""}"
2026-07-31 00:00:00,2026-07-31 12:12:00,178,NIFTY,OPTION_MOMENTUM_CALL,ON,MED,1.8,ATM CALL momentum (ltp up + vol up),"{""dedupe_key"":""NIFTY|OPTION_MOMENTUM_CALL|ON|2026-07-31 12:12"",""threshold"":1.5,""value"":1.8,""since_minute_bucket_ist"":"""",""last_updated_ist"":""2026-07-31 12:12:00""}"
2026-07-31 00:00:00,2026-07-31 12:12:00,178,NIFTY,OPTION_MOMENTUM_PUT,OFF,MED,-1.4,ATM PUT momentum (ltp up + vol up),"{""dedupe_key"":""NIFTY|OPTION_MOMENTUM_PUT|OFF|2026-07-31 12:12"",""threshold"":1.5,""value"":-1.4,""since_minute_bucket_ist"":""2026-07-31 12:11"",""last_updated_ist"":""2026-07-31 12:12:00""}"
2026-07-31 00:00:00,2026-07-31 12:12:00,178,NIFTY,WALL_PRESSURE_BREAK_SETUP,ON,MED,2.099999999998545,Pressure building into a wall (break setup),"{""dedupe_key"":""NIFTY|WALL_PRESSURE_BREAK_SETUP|ON|2026-07-31 12:12"",""threshold"":0,""value"":2.099999999998545,""since_minute_bucket_ist"":"""",""last_updated_ist"":""2026-07-31 12:12:00""}"
2026-07-31 00:00:00,2026-07-31 12:13:00,179,NIFTY,TRADE_LIMIT_REACHED,ON,MED,5,Cooldown active (2m),"{""dedupe_key"":""NIFTY|TRADE_LIMIT_REACHED|ON|2026-07-31 12:13"",""threshold"":500,""value"":5,""since_minute_bucket_ist"":"""",""last_updated_ist"":""2026-07-31 12:13:00""}"
2026-07-31 00:00:00,2026-07-31 12:13:00,179,NIFTY,FLOW_BULLISH_BUILD,OFF,HIGH,0,Bullish build (premium-confirmed writing / support),"{""dedupe_key"":""NIFTY|FLOW_BULLISH_BUILD|OFF|2026-07-31 12:13"",""threshold"":0.005,""value"":0,""since_minute_bucket_ist"":""2026-07-31 12:12"",""last_updated_ist"":""2026-07-31 12:13:00""}"
2026-07-31 00:00:00,2026-07-31 12:13:00,179,NIFTY,PIN_BREAKOUT_SETUP,OFF,MED,3.150000000001455,Pin breakout setup (wall touch + aligned flow),"{""dedupe_key"":""NIFTY|PIN_BREAKOUT_SETUP|OFF|2026-07-31 12:13"",""threshold"":0,""value"":3.150000000001455,""since_minute_bucket_ist"":""2026-07-31 12:12"",""last_updated_ist"":""2026-07-31 12:13:00""}"
2026-07-31 00:00:00,2026-07-31 12:13:00,179,NIFTY,OPTION_MOMENTUM_CALL,OFF,MED,0,ATM CALL momentum (ltp up + vol up),"{""dedupe_key"":""NIFTY|OPTION_MOMENTUM_CALL|OFF|2026-07-31 12:13"",""threshold"":1.5,""value"":0,""since_minute_bucket_ist"":""2026-07-31 12:12"",""last_updated_ist"":""2026-07-31 12:13:00""}"
2026-07-31 00:00:00,2026-07-31 12:13:00,179,NIFTY,WALL_PRESSURE_BREAK_SETUP,OFF,MED,3.150000000001455,Pressure building into a wall (break setup),"{""dedupe_key"":""NIFTY|WALL_PRESSURE_BREAK_SETUP|OFF|2026-07-31 12:13"",""threshold"":0,""value"":3.150000000001455,""since_minute_bucket_ist"":""2026-07-31 12:12"",""last_updated_ist"":""2026-07-31 12:13:00""}"
2026-07-31 00:00:00,2026-07-31 12:14:00,180,NIFTY,FLOW_BEARISH_BUILD,ON,HIGH,0.003,Bearish build (premium-confirmed writing / resistance),"{""dedupe_key"":""NIFTY|FLOW_BEARISH_BUILD|ON|2026-07-31 12:14"",""threshold"":0.005,""value"":0.003,""since_minute_bucket_ist"":"""",""last_updated_ist"":""2026-07-31 12:14:00""}"
2026-07-31 00:00:00,2026-07-31 12:14:00,180,NIFTY,EXP_RANGE_BREAKOUT_WATCH_UP,ON,MED,24376.65,Expected-range watch UP,"{""dedupe_key"":""NIFTY|EXP_RANGE_BREAKOUT_WATCH_UP|ON|2026-07-31 12:14"",""threshold"":24374.54,""value"":24376.65,""since_minute_bucket_ist"":"""",""last_updated_ist"":""2026-07-31 12:14:00""}"
2026-07-31 00:00:00,2026-07-31 12:14:00,180,NIFTY,VOL_CONTRACTION,ON,LOW,-0.0111,Volatility contracting (straddle down),"{""dedupe_key"":""NIFTY|VOL_CONTRACTION|ON|2026-07-31 12:14"",""threshold"":-0.03,""value"":-0.0111,""since_minute_bucket_ist"":"""",""last_updated_ist"":""2026-07-31 12:14:00""}"
2026-07-31 00:00:00,2026-07-31 12:14:00,180,NIFTY,WALL_UNWIND_CONFIRM_UP,OFF,MED,0.02,Call wall OI unwinding (5m),"{""dedupe_key"":""NIFTY|WALL_UNWIND_CONFIRM_UP|OFF|2026-07-31 12:14"",""threshold"":-0.006,""value"":0.02,""since_minute_bucket_ist"":""2026-07-31 12:11"",""last_updated_ist"":""2026-07-31 12:14:00""}"
2026-07-31 00:00:00,2026-07-31 12:15:00,181,NIFTY,TRADE_LIMIT_REACHED,OFF,MED,5,Cooldown active (2m),"{""dedupe_key"":""NIFTY|TRADE_LIMIT_REACHED|OFF|2026-07-31 12:15"",""threshold"":500,""value"":5,""since_minute_bucket_ist"":""2026-07-31 12:13"",""last_updated_ist"":""2026-07-31 12:15:00""}"
2026-07-31 00:00:00,2026-07-31 12:15:00,181,NIFTY,FLOW_BEARISH_BUILD,OFF,HIGH,-0.0063,Bearish build (premium-confirmed writing / resistance),"{""dedupe_key"":""NIFTY|FLOW_BEARISH_BUILD|OFF|2026-07-31 12:15"",""threshold"":0.005,""value"":-0.0063,""since_minute_bucket_ist"":""2026-07-31 12:14"",""last_updated_ist"":""2026-07-31 12:15:00""}"
2026-07-31 00:00:00,2026-07-31 12:15:00,181,NIFTY,EXP_RANGE_BREAKOUT_CONFIRMED_UP,ON,HIGH,2,Expected-range breakout CONFIRMED UP,"{""dedupe_key"":""NIFTY|EXP_RANGE_BREAKOUT_CONFIRMED_UP|ON|2026-07-31 12:15"",""threshold"":2,""value"":2,""since_minute_bucket_ist"":"""",""last_updated_ist"":""2026-07-31 12:15:00""}"
2026-07-31 00:00:00,2026-07-31 12:15:00,181,NIFTY,OPTION_MOMENTUM_CALL,ON,MED,3.75,ATM CALL momentum (ltp up + vol up),"{""dedupe_key"":""NIFTY|OPTION_MOMENTUM_CALL|ON|2026-07-31 12:15"",""threshold"":1.5,""value"":3.75,""since_minute_bucket_ist"":"""",""last_updated_ist"":""2026-07-31 12:15:00""}"
2026-07-31 00:00:00,2026-07-31 12:16:00,182,NIFTY,REGIME_RANGE_PIN,OFF,LOW,0.0001,Range / pin (inside local walls),"{""dedupe_key"":""NIFTY|REGIME_RANGE_PIN|OFF|2026-07-31 12:16"",""threshold"":0.001,""value"":0.0001,""since_minute_bucket_ist"":""2026-07-31 11:18"",""last_updated_ist"":""2026-07-31 12:16:00""}"
2026-07-31 00:00:00,2026-07-31 12:16:00,182,NIFTY,REGIME_TRANSITION_UNCERTAIN,ON,LOW,1,Transition/uncertain regime,"{""dedupe_key"":""NIFTY|REGIME_TRANSITION_UNCERTAIN|ON|2026-07-31 12:16"",""threshold"":1,""value"":1,""since_minute_bucket_ist"":"""",""last_updated_ist"":""2026-07-31 12:16:00""}"
2026-07-31 00:00:00,2026-07-31 12:16:00,182,NIFTY,OPTION_MOMENTUM_CALL,OFF,MED,0,ATM CALL momentum (ltp up + vol up),"{""dedupe_key"":""NIFTY|OPTION_MOMENTUM_CALL|OFF|2026-07-31 12:16"",""threshold"":1.5,""value"":0,""since_minute_bucket_ist"":""2026-07-31 12:15"",""last_updated_ist"":""2026-07-31 12:16:00""}"
2026-07-31 00:00:00,2026-07-31 12:16:00,182,NIFTY,WALL_UNWIND_CONFIRM_DOWN,OFF,MED,-0.0055,Put wall OI unwinding (5m),"{""dedupe_key"":""NIFTY|WALL_UNWIND_CONFIRM_DOWN|OFF|2026-07-31 12:16"",""threshold"":-0.006,""value"":-0.0055,""since_minute_bucket_ist"":""2026-07-31 12:05"",""last_updated_ist"":""2026-07-31 12:16:00""}"
2026-07-31 00:00:00,2026-07-31 12:17:00,183,NIFTY,FLOW_BULLISH_BUILD,ON,HIGH,0.0101,Bullish build (premium-confirmed writing / support),"{""dedupe_key"":""NIFTY|FLOW_BULLISH_BUILD|ON|2026-07-31 12:17"",""threshold"":0.005,""value"":0.0101,""since_minute_bucket_ist"":"""",""last_updated_ist"":""2026-07-31 12:17:00""}"
2026-07-31 00:00:00,2026-07-31 12:17:00,183,NIFTY,REGIME_RANGE_PIN,ON,LOW,0.0001,Range / pin (inside local walls),"{""dedupe_key"":""NIFTY|REGIME_RANGE_PIN|ON|2026-07-31 12:17"",""threshold"":0.001,""value"":0.0001,""since_minute_bucket_ist"":"""",""last_updated_ist"":""2026-07-31 12:17:00""}"
2026-07-31 00:00:00,2026-07-31 12:17:00,183,NIFTY,REGIME_TRANSITION_UNCERTAIN,OFF,LOW,1,Transition/uncertain regime,"{""dedupe_key"":""NIFTY|REGIME_TRANSITION_UNCERTAIN|OFF|2026-07-31 12:17"",""threshold"":1,""value"":1,""since_minute_bucket_ist"":""2026-07-31 12:16"",""last_updated_ist"":""2026-07-31 12:17:00""}"
2026-07-31 00:00:00,2026-07-31 12:17:00,183,NIFTY,VOL_CONTRACTION,OFF,LOW,-0.0024,Volatility contracting (straddle down),"{""dedupe_key"":""NIFTY|VOL_CONTRACTION|OFF|2026-07-31 12:17"",""threshold"":-0.03,""value"":-0.0024,""since_minute_bucket_ist"":""2026-07-31 12:14"",""last_updated_ist"":""2026-07-31 12:17:00""}"
2026-07-31 00:00:00,2026-07-31 12:17:00,183,NIFTY,OPTION_MOMENTUM_CALL,ON,MED,2.05,ATM CALL momentum (ltp up + vol up),"{""dedupe_key"":""NIFTY|OPTION_MOMENTUM_CALL|ON|2026-07-31 12:17"",""threshold"":1.5,""value"":2.05,""since_minute_bucket_ist"":"""",""last_updated_ist"":""2026-07-31 12:17:00""}"
2026-07-31 00:00:00,2026-07-31 12:17:00,183,NIFTY,STEALTH_BUILD_BULL,ON,MED,0.0101,"Stealth bullish build (puts build, spot flat)","{""dedupe_key"":""NIFTY|STEALTH_BUILD_BULL|ON|2026-07-31 12:17"",""threshold"":0.008,""value"":0.0101,""since_minute_bucket_ist"":"""",""last_updated_ist"":""2026-07-31 12:17:00""}"
2026-07-31 00:00:00,2026-07-31 12:18:00,184,NIFTY,FLOW_BULLISH_BUILD,OFF,HIGH,0.0043,Bullish build (premium-confirmed writing / support),"{""dedupe_key"":""NIFTY|FLOW_BULLISH_BUILD|OFF|2026-07-31 12:18"",""threshold"":0.005,""value"":0.0043,""since_minute_bucket_ist"":""2026-07-31 12:17"",""last_updated_ist"":""2026-07-31 12:18:00""}"
2026-07-31 00:00:00,2026-07-31 12:18:00,184,NIFTY,EXP_RANGE_BREAKOUT_WATCH_UP,OFF,MED,24378.05,Expected-range watch UP,"{""dedupe_key"":""NIFTY|EXP_RANGE_BREAKOUT_WATCH_UP|OFF|2026-07-31 12:18"",""threshold"":24380.1,""value"":24378.05,""since_minute_bucket_ist"":""2026-07-31 12:14"",""last_updated_ist"":""2026-07-31 12:18:00""}"
2026-07-31 00:00:00,2026-07-31 12:18:00,184,NIFTY,EXP_RANGE_BREAKOUT_CONFIRMED_UP,OFF,HIGH,0,Expected-range breakout CONFIRMED UP,"{""dedupe_key"":""NIFTY|EXP_RANGE_BREAKOUT_CONFIRMED_UP|OFF|2026-07-31 12:18"",""threshold"":2,""value"":0,""since_minute_bucket_ist"":""2026-07-31 12:15"",""last_updated_ist"":""2026-07-31 12:18:00""}"
2026-07-31 00:00:00,2026-07-31 12:18:00,184,NIFTY,OPTION_MOMENTUM_CALL,OFF,MED,-2.7,ATM CALL momentum (ltp up + vol up),"{""dedupe_key"":""NIFTY|OPTION_MOMENTUM_CALL|OFF|2026-07-31 12:18"",""threshold"":1.5,""value"":-2.7,""since_minute_bucket_ist"":""2026-07-31 12:17"",""last_updated_ist"":""2026-07-31 12:18:00""}"
2026-07-31 00:00:00,2026-07-31 12:18:00,184,NIFTY,OPTION_MOMENTUM_PUT,ON,MED,2.4,ATM PUT momentum (ltp up + vol up),"{""dedupe_key"":""NIFTY|OPTION_MOMENTUM_PUT|ON|2026-07-31 12:18"",""threshold"":1.5,""value"":2.4,""since_minute_bucket_ist"":"""",""last_updated_ist"":""2026-07-31 12:18:00""}"
2026-07-31 00:00:00,2026-07-31 12:18:00,184,NIFTY,WALL_UNWIND_CONFIRM_UP,ON,MED,-0.0123,Call wall OI unwinding (5m),"{""dedupe_key"":""NIFTY|WALL_UNWIND_CONFIRM_UP|ON|2026-07-31 12:18"",""threshold"":-0.006,""value"":-0.0123,""since_minute_bucket_ist"":"""",""last_updated_ist"":""2026-07-31 12:18:00""}"
2026-07-31 00:00:00,2026-07-31 12:18:00,184,NIFTY,STEALTH_BUILD_BULL,OFF,MED,0.0043,"Stealth bullish build (puts build, spot flat)","{""dedupe_key"":""NIFTY|STEALTH_BUILD_BULL|OFF|2026-07-31 12:18"",""threshold"":0.008,""value"":0.0043,""since_minute_bucket_ist"":""2026-07-31 12:17"",""last_updated_ist"":""2026-07-31 12:18:00""}"
2026-07-31 00:00:00,2026-07-31 12:19:00,185,NIFTY,OPTION_MOMENTUM_PUT,OFF,MED,-0.05,ATM PUT momentum (ltp up + vol up),"{""dedupe_key"":""NIFTY|OPTION_MOMENTUM_PUT|OFF|2026-07-31 12:19"",""threshold"":1.5,""value"":-0.05,""since_minute_bucket_ist"":""2026-07-31 12:18"",""last_updated_ist"":""2026-07-31 12:19:00""}"
2026-07-31 00:00:00,2026-07-31 12:20:00,186,NIFTY,FLOW_BULLISH_BUILD,ON,HIGH,0.0058,Bullish build (premium-confirmed writing / support),"{""dedupe_key"":""NIFTY|FLOW_BULLISH_BUILD|ON|2026-07-31 12:20"",""threshold"":0.005,""value"":0.0058,""since_minute_bucket_ist"":"""",""last_updated_ist"":""2026-07-31 12:20:00""}"
2026-07-31 00:00:00,2026-07-31 12:21:00,187,NIFTY,FLOW_BULLISH_BUILD,OFF,HIGH,-0.0007,Bullish build (premium-confirmed writing / support),"{""dedupe_key"":""NIFTY|FLOW_BULLISH_BUILD|OFF|2026-07-31 12:21"",""threshold"":0.005,""value"":-0.0007,""since_minute_bucket_ist"":""2026-07-31 12:20"",""last_updated_ist"":""2026-07-31 12:21:00""}"
2026-07-31 00:00:00,2026-07-31 12:21:00,187,NIFTY,VOL_CONTRACTION,ON,LOW,-0.006,Volatility contracting (straddle down),"{""dedupe_key"":""NIFTY|VOL_CONTRACTION|ON|2026-07-31 12:21"",""threshold"":-0.03,""value"":-0.006,""since_minute_bucket_ist"":"""",""last_updated_ist"":""2026-07-31 12:21:00""}"
2026-07-31 00:00:00,2026-07-31 12:22:00,188,NIFTY,VOL_CONTRACTION,OFF,LOW,-0.003,Volatility contracting (straddle down),"{""dedupe_key"":""NIFTY|VOL_CONTRACTION|OFF|2026-07-31 12:22"",""threshold"":-0.03,""value"":-0.003,""since_minute_bucket_ist"":""2026-07-31 12:21"",""last_updated_ist"":""2026-07-31 12:22:00""}"
2026-07-31 00:00:00,2026-07-31 12:23:00,189,NIFTY,WALL_UNWIND_CONFIRM_UP,OFF,MED,-0.0008,Call wall OI unwinding (5m),"{""dedupe_key"":""NIFTY|WALL_UNWIND_CONFIRM_UP|OFF|2026-07-31 12:23"",""threshold"":-0.006,""value"":-0.0008,""since_minute_bucket_ist"":""2026-07-31 12:18"",""last_updated_ist"":""2026-07-31 12:23:00""}"
2026-07-31 00:00:00,2026-07-31 12:25:00,191,NIFTY,EXP_RANGE_BREAKOUT_WATCH_UP,ON,MED,24381.85,Expected-range watch UP,"{""dedupe_key"":""NIFTY|EXP_RANGE_BREAKOUT_WATCH_UP|ON|2026-07-31 12:25"",""threshold"":24380.65,""value"":24381.85,""since_minute_bucket_ist"":"""",""last_updated_ist"":""2026-07-31 12:25:00""}"
2026-07-31 00:00:00,2026-07-31 12:25:00,191,NIFTY,VOL_CONTRACTION,ON,LOW,-0.0008,Volatility contracting (straddle down),"{""dedupe_key"":""NIFTY|VOL_CONTRACTION|ON|2026-07-31 12:25"",""threshold"":-0.03,""value"":-0.0008,""since_minute_bucket_ist"":"""",""last_updated_ist"":""2026-07-31 12:25:00""}"
2026-07-31 00:00:00,2026-07-31 12:25:00,191,NIFTY,WALL_UNWIND_CONFIRM_UP,ON,MED,-0.0083,Call wall OI unwinding (5m),"{""dedupe_key"":""NIFTY|WALL_UNWIND_CONFIRM_UP|ON|2026-07-31 12:25"",""threshold"":-0.006,""value"":-0.0083,""since_minute_bucket_ist"":"""",""last_updated_ist"":""2026-07-31 12:25:00""}"
2026-07-31 00:00:00,2026-07-31 12:26:00,192,NIFTY,FLOW_BULLISH_BUILD,ON,HIGH,0.0039,Bullish build (premium-confirmed writing / support),"{""dedupe_key"":""NIFTY|FLOW_BULLISH_BUILD|ON|2026-07-31 12:26"",""threshold"":0.005,""value"":0.0039,""since_minute_bucket_ist"":"""",""last_updated_ist"":""2026-07-31 12:26:00""}"
2026-07-31 00:00:00,2026-07-31 12:26:00,192,NIFTY,EXP_RANGE_BREAKOUT_CONFIRMED_UP,ON,HIGH,2,Expected-range breakout CONFIRMED UP,"{""dedupe_key"":""NIFTY|EXP_RANGE_BREAKOUT_CONFIRMED_UP|ON|2026-07-31 12:26"",""threshold"":2,""value"":2,""since_minute_bucket_ist"":"""",""last_updated_ist"":""2026-07-31 12:26:00""}"
2026-07-31 00:00:00,2026-07-31 12:26:00,192,NIFTY,VOL_CONTRACTION,OFF,LOW,0.0019,Volatility contracting (straddle down),"{""dedupe_key"":""NIFTY|VOL_CONTRACTION|OFF|2026-07-31 12:26"",""threshold"":-0.03,""value"":0.0019,""since_minute_bucket_ist"":""2026-07-31 12:25"",""last_updated_ist"":""2026-07-31 12:26:00""}"
2026-07-31 00:00:00,2026-07-31 12:26:00,192,NIFTY,OPTION_MOMENTUM_CALL,ON,MED,2.55,ATM CALL momentum (ltp up + vol up),"{""dedupe_key"":""NIFTY|OPTION_MOMENTUM_CALL|ON|2026-07-31 12:26"",""threshold"":1.5,""value"":2.55,""since_minute_bucket_ist"":"""",""last_updated_ist"":""2026-07-31 12:26:00""}"
2026-07-31 00:00:00,2026-07-31 12:26:00,192,NIFTY,WALL_UNWIND_CONFIRM_UP,OFF,MED,0.0088,Call wall OI unwinding (5m),"{""dedupe_key"":""NIFTY|WALL_UNWIND_CONFIRM_UP|OFF|2026-07-31 12:26"",""threshold"":-0.006,""value"":0.0088,""since_minute_bucket_ist"":""2026-07-31 12:25"",""last_updated_ist"":""2026-07-31 12:26:00""}"
2026-07-31 00:00:00,2026-07-31 12:27:00,193,NIFTY,FLOW_BULLISH_BUILD,OFF,HIGH,0,Bullish build (premium-confirmed writing / support),"{""dedupe_key"":""NIFTY|FLOW_BULLISH_BUILD|OFF|2026-07-31 12:27"",""threshold"":0.005,""value"":0,""since_minute_bucket_ist"":""2026-07-31 12:26"",""last_updated_ist"":""2026-07-31 12:27:00""}"
2026-07-31 00:00:00,2026-07-31 12:27:00,193,NIFTY,OPTION_MOMENTUM_CALL,OFF,MED,0,ATM CALL momentum (ltp up + vol up),"{""dedupe_key"":""NIFTY|OPTION_MOMENTUM_CALL|OFF|2026-07-31 12:27"",""threshold"":1.5,""value"":0,""since_minute_bucket_ist"":""2026-07-31 12:26"",""last_updated_ist"":""2026-07-31 12:27:00""}"
2026-07-31 00:00:00,2026-07-31 12:28:00,194,NIFTY,REGIME_RANGE_PIN,OFF,LOW,0.0001,Range / pin (inside local walls),"{""dedupe_key"":""NIFTY|REGIME_RANGE_PIN|OFF|2026-07-31 12:28"",""threshold"":0.001,""value"":0.0001,""since_minute_bucket_ist"":""2026-07-31 12:17"",""last_updated_ist"":""2026-07-31 12:28:00""}"
2026-07-31 00:00:00,2026-07-31 12:28:00,194,NIFTY,REGIME_TRANSITION_UNCERTAIN,ON,LOW,1,Transition/uncertain regime,"{""dedupe_key"":""NIFTY|REGIME_TRANSITION_UNCERTAIN|ON|2026-07-31 12:28"",""threshold"":1,""value"":1,""since_minute_bucket_ist"":"""",""last_updated_ist"":""2026-07-31 12:28:00""}"
2026-07-31 00:00:00,2026-07-31 12:28:00,194,NIFTY,WALL_UNWIND_CONFIRM_DOWN,ON,MED,-0.0072,Put wall OI unwinding (5m),"{""dedupe_key"":""NIFTY|WALL_UNWIND_CONFIRM_DOWN|ON|2026-07-31 12:28"",""threshold"":-0.006,""value"":-0.0072,""since_minute_bucket_ist"":"""",""last_updated_ist"":""2026-07-31 12:28:00""}"
2026-07-31 00:00:00,2026-07-31 12:30:00,196,NIFTY,REGIME_RANGE_PIN,ON,LOW,0.0002,Range / pin (inside local walls),"{""dedupe_key"":""NIFTY|REGIME_RANGE_PIN|ON|2026-07-31 12:30"",""threshold"":0.001,""value"":0.0002,""since_minute_bucket_ist"":"""",""last_updated_ist"":""2026-07-31 12:30:00""}"
2026-07-31 00:00:00,2026-07-31 12:30:00,196,NIFTY,REGIME_TRANSITION_UNCERTAIN,OFF,LOW,1,Transition/uncertain regime,"{""dedupe_key"":""NIFTY|REGIME_TRANSITION_UNCERTAIN|OFF|2026-07-31 12:30"",""threshold"":1,""value"":1,""since_minute_bucket_ist"":""2026-07-31 12:28"",""last_updated_ist"":""2026-07-31 12:30:00""}"
2026-07-31 00:00:00,2026-07-31 12:30:00,196,NIFTY,EXP_RANGE_BREAKOUT_WATCH_UP,OFF,MED,24382.6,Expected-range watch UP,"{""dedupe_key"":""NIFTY|EXP_RANGE_BREAKOUT_WATCH_UP|OFF|2026-07-31 12:30"",""threshold"":24387.78,""value"":24382.6,""since_minute_bucket_ist"":""2026-07-31 12:25"",""last_updated_ist"":""2026-07-31 12:30:00""}"
2026-07-31 00:00:00,2026-07-31 12:30:00,196,NIFTY,EXP_RANGE_BREAKOUT_CONFIRMED_UP,OFF,HIGH,0,Expected-range breakout CONFIRMED UP,"{""dedupe_key"":""NIFTY|EXP_RANGE_BREAKOUT_CONFIRMED_UP|OFF|2026-07-31 12:30"",""threshold"":2,""value"":0,""since_minute_bucket_ist"":""2026-07-31 12:26"",""last_updated_ist"":""2026-07-31 12:30:00""}"
2026-07-31 00:00:00,2026-07-31 12:30:00,196,NIFTY,WALL_UNWIND_CONFIRM_UP,ON,MED,-0.0306,Call wall OI unwinding (5m),"{""dedupe_key"":""NIFTY|WALL_UNWIND_CONFIRM_UP|ON|2026-07-31 12:30"",""threshold"":-0.006,""value"":-0.0306,""since_minute_bucket_ist"":"""",""last_updated_ist"":""2026-07-31 12:30:00""}"
2026-07-31 00:00:00,2026-07-31 12:31:00,197,NIFTY,VOL_CONTRACTION,ON,LOW,-0.0046,Volatility contracting (straddle down),"{""dedupe_key"":""NIFTY|VOL_CONTRACTION|ON|2026-07-31 12:31"",""threshold"":-0.03,""value"":-0.0046,""since_minute_bucket_ist"":"""",""last_updated_ist"":""2026-07-31 12:31:00""}"
2026-07-31 00:00:00,2026-07-31 12:31:00,197,NIFTY,WALL_UNWIND_CONFIRM_DOWN,OFF,MED,-0.004,Put wall OI unwinding (5m),"{""dedupe_key"":""NIFTY|WALL_UNWIND_CONFIRM_DOWN|OFF|2026-07-31 12:31"",""threshold"":-0.006,""value"":-0.004,""since_minute_bucket_ist"":""2026-07-31 12:28"",""last_updated_ist"":""2026-07-31 12:31:00""}"
2026-07-31 00:00:00,2026-07-31 12:33:00,199,NIFTY,FLOW_BULLISH_BUILD,ON,HIGH,0.0056,Bullish build (premium-confirmed writing / support),"{""dedupe_key"":""NIFTY|FLOW_BULLISH_BUILD|ON|2026-07-31 12:33"",""threshold"":0.005,""value"":0.0056,""since_minute_bucket_ist"":"""",""last_updated_ist"":""2026-07-31 12:33:00""}"
2026-07-31 00:00:00,2026-07-31 12:33:00,199,NIFTY,PIN_BREAKOUT_SETUP,ON,MED,2.0499999999992724,Pin breakout setup (wall touch + aligned flow),"{""dedupe_key"":""NIFTY|PIN_BREAKOUT_SETUP|ON|2026-07-31 12:33"",""threshold"":0,""value"":2.0499999999992724,""since_minute_bucket_ist"":"""",""last_updated_ist"":""2026-07-31 12:33:00""}"
2026-07-31 00:00:00,2026-07-31 12:33:00,199,NIFTY,OPTION_MOMENTUM_CALL,ON,MED,1.9,ATM CALL momentum (ltp up + vol up),"{""dedupe_key"":""NIFTY|OPTION_MOMENTUM_CALL|ON|2026-07-31 12:33"",""threshold"":1.5,""value"":1.9,""since_minute_bucket_ist"":"""",""last_updated_ist"":""2026-07-31 12:33:00""}"
2026-07-31 00:00:00,2026-07-31 12:33:00,199,NIFTY,WALL_PRESSURE_BREAK_SETUP,ON,MED,2.0499999999992724,Pressure building into a wall (break setup),"{""dedupe_key"":""NIFTY|WALL_PRESSURE_BREAK_SETUP|ON|2026-07-31 12:33"",""threshold"":0,""value"":2.0499999999992724,""since_minute_bucket_ist"":"""",""last_updated_ist"":""2026-07-31 12:33:00""}"
2026-07-31 00:00:00,2026-07-31 12:34:00,200,NIFTY,TRADE_LIMIT_REACHED,ON,MED,6,Cooldown active (2m),"{""dedupe_key"":""NIFTY|TRADE_LIMIT_REACHED|ON|2026-07-31 12:34"",""threshold"":500,""value"":6,""since_minute_bucket_ist"":"""",""last_updated_ist"":""2026-07-31 12:34:00""}"
2026-07-31 00:00:00,2026-07-31 12:34:00,200,NIFTY,FLOW_BULLISH_BUILD,OFF,HIGH,0.001,Bullish build (premium-confirmed writing / support),"{""dedupe_key"":""NIFTY|FLOW_BULLISH_BUILD|OFF|2026-07-31 12:34"",""threshold"":0.005,""value"":0.001,""since_minute_bucket_ist"":""2026-07-31 12:33"",""last_updated_ist"":""2026-07-31 12:34:00""}"
2026-07-31 00:00:00,2026-07-31 12:34:00,200,NIFTY,PIN_BREAKOUT_SETUP,OFF,MED,9.150000000001455,Pin breakout setup (wall touch + aligned flow),"{""dedupe_key"":""NIFTY|PIN_BREAKOUT_SETUP|OFF|2026-07-31 12:34"",""threshold"":0,""value"":9.150000000001455,""since_minute_bucket_ist"":""2026-07-31 12:33"",""last_updated_ist"":""2026-07-31 12:34:00""}"
2026-07-31 00:00:00,2026-07-31 12:34:00,200,NIFTY,EXP_RANGE_BREAKOUT_WATCH_UP,ON,MED,24391.5,Expected-range watch UP,"{""dedupe_key"":""NIFTY|EXP_RANGE_BREAKOUT_WATCH_UP|ON|2026-07-31 12:34"",""threshold"":24389.75,""value"":24391.5,""since_minute_bucket_ist"":"""",""last_updated_ist"":""2026-07-31 12:34:00""}"
2026-07-31 00:00:00,2026-07-31 12:34:00,200,NIFTY,VOL_CONTRACTION,OFF,LOW,0.0005,Volatility contracting (straddle down),"{""dedupe_key"":""NIFTY|VOL_CONTRACTION|OFF|2026-07-31 12:34"",""threshold"":-0.03,""value"":0.0005,""since_minute_bucket_ist"":""2026-07-31 12:31"",""last_updated_ist"":""2026-07-31 12:34:00""}"
2026-07-31 00:00:00,2026-07-31 12:34:00,200,NIFTY,OPTION_MOMENTUM_CALL,OFF,MED,1.4,ATM CALL momentum (ltp up + vol up),"{""dedupe_key"":""NIFTY|OPTION_MOMENTUM_CALL|OFF|2026-07-31 12:34"",""threshold"":1.5,""value"":1.4,""since_minute_bucket_ist"":""2026-07-31 12:33"",""last_updated_ist"":""2026-07-31 12:34:00""}"
2026-07-31 00:00:00,2026-07-31 12:34:00,200,NIFTY,WALL_PRESSURE_BREAK_SETUP,OFF,MED,9.150000000001455,Pressure building into a wall (break setup),"{""dedupe_key"":""NIFTY|WALL_PRESSURE_BREAK_SETUP|OFF|2026-07-31 12:34"",""threshold"":0,""value"":9.150000000001455,""since_minute_bucket_ist"":""2026-07-31 12:33"",""last_updated_ist"":""2026-07-31 12:34:00""}"
2026-07-31 00:00:00,2026-07-31 12:35:00,201,NIFTY,TRADE_LIMIT_REACHED,OFF,MED,6,Cooldown active (2m),"{""dedupe_key"":""NIFTY|TRADE_LIMIT_REACHED|OFF|2026-07-31 12:35"",""threshold"":500,""value"":6,""since_minute_bucket_ist"":""2026-07-31 12:34"",""last_updated_ist"":""2026-07-31 12:35:00""}"
2026-07-31 00:00:00,2026-07-31 12:35:00,201,NIFTY,EXP_RANGE_BREAKOUT_CONFIRMED_UP,ON,HIGH,2,Expected-range breakout CONFIRMED UP,"{""dedupe_key"":""NIFTY|EXP_RANGE_BREAKOUT_CONFIRMED_UP|ON|2026-07-31 12:35"",""threshold"":2,""value"":2,""since_minute_bucket_ist"":"""",""last_updated_ist"":""2026-07-31 12:35:00""}"
2026-07-31 00:00:00,2026-07-31 12:35:00,201,NIFTY,WALL_UNWIND_CONFIRM_UP,OFF,MED,0.0163,Call wall OI unwinding (5m),"{""dedupe_key"":""NIFTY|WALL_UNWIND_CONFIRM_UP|OFF|2026-07-31 12:35"",""threshold"":-0.006,""value"":0.0163,""since_minute_bucket_ist"":""2026-07-31 12:30"",""last_updated_ist"":""2026-07-31 12:35:00""}"
2026-07-31 00:00:00,2026-07-31 12:36:00,202,NIFTY,REGIME_RANGE_PIN,OFF,LOW,0.0002,Range / pin (inside local walls),"{""dedupe_key"":""NIFTY|REGIME_RANGE_PIN|OFF|2026-07-31 12:36"",""threshold"":0.001,""value"":0.0002,""since_minute_bucket_ist"":""2026-07-31 12:30"",""last_updated_ist"":""2026-07-31 12:36:00""}"
2026-07-31 00:00:00,2026-07-31 12:36:00,202,NIFTY,REGIME_TRANSITION_UNCERTAIN,ON,LOW,1,Transition/uncertain regime,"{""dedupe_key"":""NIFTY|REGIME_TRANSITION_UNCERTAIN|ON|2026-07-31 12:36"",""threshold"":1,""value"":1,""since_minute_bucket_ist"":"""",""last_updated_ist"":""2026-07-31 12:36:00""}"
2026-07-31 00:00:00,2026-07-31 12:36:00,202,NIFTY,OPTION_MOMENTUM_CALL,ON,MED,2.35,ATM CALL momentum (ltp up + vol up),"{""dedupe_key"":""NIFTY|OPTION_MOMENTUM_CALL|ON|2026-07-31 12:36"",""threshold"":1.5,""value"":2.35,""since_minute_bucket_ist"":"""",""last_updated_ist"":""2026-07-31 12:36:00""}"
2026-07-31 00:00:00,2026-07-31 12:37:00,203,NIFTY,FLOW_BOTH_BUILDING,ON,MED,0.007,Both sides building (straddle build) → higher chop risk,"{""dedupe_key"":""NIFTY|FLOW_BOTH_BUILDING|ON|2026-07-31 12:37"",""threshold"":0.005,""value"":0.007,""since_minute_bucket_ist"":"""",""last_updated_ist"":""2026-07-31 12:37:00""}"
2026-07-31 00:00:00,2026-07-31 12:37:00,203,NIFTY,EXP_RANGE_BREAKOUT_WATCH_UP,OFF,MED,24394.2,Expected-range watch UP,"{""dedupe_key"":""NIFTY|EXP_RANGE_BREAKOUT_WATCH_UP|OFF|2026-07-31 12:37"",""threshold"":24394.53,""value"":24394.2,""since_minute_bucket_ist"":""2026-07-31 12:34"",""last_updated_ist"":""2026-07-31 12:37:00""}"
2026-07-31 00:00:00,2026-07-31 12:37:00,203,NIFTY,EXP_RANGE_BREAKOUT_CONFIRMED_UP,OFF,HIGH,0,Expected-range breakout CONFIRMED UP,"{""dedupe_key"":""NIFTY|EXP_RANGE_BREAKOUT_CONFIRMED_UP|OFF|2026-07-31 12:37"",""threshold"":2,""value"":0,""since_minute_bucket_ist"":""2026-07-31 12:35"",""last_updated_ist"":""2026-07-31 12:37:00""}"
2026-07-31 00:00:00,2026-07-31 12:37:00,203,NIFTY,OPTION_MOMENTUM_CALL,OFF,MED,-0.8,ATM CALL momentum (ltp up + vol up),"{""dedupe_key"":""NIFTY|OPTION_MOMENTUM_CALL|OFF|2026-07-31 12:37"",""threshold"":1.5,""value"":-0.8,""since_minute_bucket_ist"":""2026-07-31 12:36"",""last_updated_ist"":""2026-07-31 12:37:00""}"
2026-07-31 00:00:00,2026-07-31 12:38:00,204,NIFTY,FLOW_BOTH_BUILDING,OFF,MED,0.0022,Both sides building (straddle build) → higher chop risk,"{""dedupe_key"":""NIFTY|FLOW_BOTH_BUILDING|OFF|2026-07-31 12:38"",""threshold"":0.005,""value"":0.0022,""since_minute_bucket_ist"":""2026-07-31 12:37"",""last_updated_ist"":""2026-07-31 12:38:00""}"
2026-07-31 00:00:00,2026-07-31 12:38:00,204,NIFTY,REGIME_RANGE_PIN,ON,LOW,0.0001,Range / pin (inside local walls),"{""dedupe_key"":""NIFTY|REGIME_RANGE_PIN|ON|2026-07-31 12:38"",""threshold"":0.001,""value"":0.0001,""since_minute_bucket_ist"":"""",""last_updated_ist"":""2026-07-31 12:38:00""}"
2026-07-31 00:00:00,2026-07-31 12:38:00,204,NIFTY,REGIME_TRANSITION_UNCERTAIN,OFF,LOW,1,Transition/uncertain regime,"{""dedupe_key"":""NIFTY|REGIME_TRANSITION_UNCERTAIN|OFF|2026-07-31 12:38"",""threshold"":1,""value"":1,""since_minute_bucket_ist"":""2026-07-31 12:36"",""last_updated_ist"":""2026-07-31 12:38:00""}"
2026-07-31 00:00:00,2026-07-31 12:38:00,204,NIFTY,VOL_CONTRACTION,ON,LOW,-0.0046,Volatility contracting (straddle down),"{""dedupe_key"":""NIFTY|VOL_CONTRACTION|ON|2026-07-31 12:38"",""threshold"":-0.03,""value"":-0.0046,""since_minute_bucket_ist"":"""",""last_updated_ist"":""2026-07-31 12:38:00""}"
2026-07-31 00:00:00,2026-07-31 12:39:00,205,NIFTY,FLOW_BULLISH_BUILD,ON,HIGH,0.0059,Bullish build (premium-confirmed writing / support),"{""dedupe_key"":""NIFTY|FLOW_BULLISH_BUILD|ON|2026-07-31 12:39"",""threshold"":0.005,""value"":0.0059,""since_minute_bucket_ist"":"""",""last_updated_ist"":""2026-07-31 12:39:00""}"
2026-07-31 00:00:00,2026-07-31 12:39:00,205,NIFTY,PIN_BREAKOUT_SETUP,ON,MED,2.7999999999992724,Pin breakout setup (wall touch + aligned flow),"{""dedupe_key"":""NIFTY|PIN_BREAKOUT_SETUP|ON|2026-07-31 12:39"",""threshold"":0,""value"":2.7999999999992724,""since_minute_bucket_ist"":"""",""last_updated_ist"":""2026-07-31 12:39:00""}"
2026-07-31 00:00:00,2026-07-31 12:39:00,205,NIFTY,CHURN_COMMITTED,ON,MED,0.0001,Price move + aligned flow (committed),"{""dedupe_key"":""NIFTY|CHURN_COMMITTED|ON|2026-07-31 12:39"",""threshold"":0.0001,""value"":0.0001,""since_minute_bucket_ist"":"""",""last_updated_ist"":""2026-07-31 12:39:00""}"
2026-07-31 00:00:00,2026-07-31 12:39:00,205,NIFTY,WALL_PRESSURE_BREAK_SETUP,ON,MED,2.7999999999992724,Pressure building into a wall (break setup),"{""dedupe_key"":""NIFTY|WALL_PRESSURE_BREAK_SETUP|ON|2026-07-31 12:39"",""threshold"":0,""value"":2.7999999999992724,""since_minute_bucket_ist"":"""",""last_updated_ist"":""2026-07-31 12:39:00""}"
2026-07-31 00:00:00,2026-07-31 12:40:00,206,NIFTY,EXP_RANGE_BREAKOUT_WATCH_UP,ON,MED,24397.7,Expected-range watch UP,"{""dedupe_key"":""NIFTY|EXP_RANGE_BREAKOUT_WATCH_UP|ON|2026-07-31 12:40"",""threshold"":24397.67,""value"":24397.7,""since_minute_bucket_ist"":"""",""last_updated_ist"":""2026-07-31 12:40:00""}"
2026-07-31 00:00:00,2026-07-31 12:40:00,206,NIFTY,VOL_EXPANSION,ON,MED,0.0025,Volatility expanding (straddle up),"{""dedupe_key"":""NIFTY|VOL_EXPANSION|ON|2026-07-31 12:40"",""threshold"":0.02,""value"":0.0025,""since_minute_bucket_ist"":"""",""last_updated_ist"":""2026-07-31 12:40:00""}"
2026-07-31 00:00:00,2026-07-31 12:40:00,206,NIFTY,VOL_CONTRACTION,OFF,LOW,0.0025,Volatility contracting (straddle down),"{""dedupe_key"":""NIFTY|VOL_CONTRACTION|OFF|2026-07-31 12:40"",""threshold"":-0.03,""value"":0.0025,""since_minute_bucket_ist"":""2026-07-31 12:38"",""last_updated_ist"":""2026-07-31 12:40:00""}"
2026-07-31 00:00:00,2026-07-31 12:40:00,206,NIFTY,OPTION_MOMENTUM_CALL,ON,MED,1.9,ATM CALL momentum (ltp up + vol up),"{""dedupe_key"":""NIFTY|OPTION_MOMENTUM_CALL|ON|2026-07-31 12:40"",""threshold"":1.5,""value"":1.9,""since_minute_bucket_ist"":"""",""last_updated_ist"":""2026-07-31 12:40:00""}"
2026-07-31 00:00:00,2026-07-31 12:41:00,207,NIFTY,TRADE_LIMIT_REACHED,ON,MED,7,Cooldown active (2m),"{""dedupe_key"":""NIFTY|TRADE_LIMIT_REACHED|ON|2026-07-31 12:41"",""threshold"":500,""value"":7,""since_minute_bucket_ist"":"""",""last_updated_ist"":""2026-07-31 12:41:00""}"
2026-07-31 00:00:00,2026-07-31 12:41:00,207,NIFTY,EXP_RANGE_BREAKOUT_WATCH_UP,OFF,MED,24398.4,Expected-range watch UP,"{""dedupe_key"":""NIFTY|EXP_RANGE_BREAKOUT_WATCH_UP|OFF|2026-07-31 12:41"",""threshold"":24399,""value"":24398.4,""since_minute_bucket_ist"":""2026-07-31 12:40"",""last_updated_ist"":""2026-07-31 12:41:00""}"
2026-07-31 00:00:00,2026-07-31 12:41:00,207,NIFTY,WALL_UNWIND_CONFIRM_UP,ON,MED,-0.0364,Call wall OI unwinding (5m),"{""dedupe_key"":""NIFTY|WALL_UNWIND_CONFIRM_UP|ON|2026-07-31 12:41"",""threshold"":-0.006,""value"":-0.0364,""since_minute_bucket_ist"":"""",""last_updated_ist"":""2026-07-31 12:41:00""}"
2026-07-31 00:00:00,2026-07-31 12:41:00,207,NIFTY,CHURN_COMMITTED,OFF,MED,0,Price move + aligned flow (committed),"{""dedupe_key"":""NIFTY|CHURN_COMMITTED|OFF|2026-07-31 12:41"",""threshold"":0.0001,""value"":0,""since_minute_bucket_ist"":""2026-07-31 12:39"",""last_updated_ist"":""2026-07-31 12:41:00""}"
2026-07-31 00:00:00,2026-07-31 12:42:00,208,NIFTY,TRADE_LIMIT_REACHED,OFF,MED,7,Cooldown active (2m),"{""dedupe_key"":""NIFTY|TRADE_LIMIT_REACHED|OFF|2026-07-31 12:42"",""threshold"":500,""value"":7,""since_minute_bucket_ist"":""2026-07-31 12:41"",""last_updated_ist"":""2026-07-31 12:42:00""}"
2026-07-31 00:00:00,2026-07-31 12:43:00,209,NIFTY,TRADE_LIMIT_REACHED,ON,MED,8,Cooldown active (2m),"{""dedupe_key"":""NIFTY|TRADE_LIMIT_REACHED|ON|2026-07-31 12:43"",""threshold"":500,""value"":8,""since_minute_bucket_ist"":"""",""last_updated_ist"":""2026-07-31 12:43:00""}"
2026-07-31 00:00:00,2026-07-31 12:43:00,209,NIFTY,FLOW_BULLISH_BUILD,OFF,HIGH,0.004,Bullish build (premium-confirmed writing / support),"{""dedupe_key"":""NIFTY|FLOW_BULLISH_BUILD|OFF|2026-07-31 12:43"",""threshold"":0.005,""value"":0.004,""since_minute_bucket_ist"":""2026-07-31 12:39"",""last_updated_ist"":""2026-07-31 12:43:00""}"
2026-07-31 00:00:00,2026-07-31 12:43:00,209,NIFTY,PIN_BREAKOUT_SETUP,OFF,MED,-0.9000000000014552,Pin breakout setup (wall touch + aligned flow),"{""dedupe_key"":""NIFTY|PIN_BREAKOUT_SETUP|OFF|2026-07-31 12:43"",""threshold"":0,""value"":-0.9000000000014552,""since_minute_bucket_ist"":""2026-07-31 12:39"",""last_updated_ist"":""2026-07-31 12:43:00""}"
2026-07-31 00:00:00,2026-07-31 12:43:00,209,NIFTY,OPTION_MOMENTUM_CALL,OFF,MED,-0.6,ATM CALL momentum (ltp up + vol up),"{""dedupe_key"":""NIFTY|OPTION_MOMENTUM_CALL|OFF|2026-07-31 12:43"",""threshold"":1.5,""value"":-0.6,""since_minute_bucket_ist"":""2026-07-31 12:40"",""last_updated_ist"":""2026-07-31 12:43:00""}"
2026-07-31 00:00:00,2026-07-31 12:43:00,209,NIFTY,WALL_PRESSURE_BREAK_SETUP,OFF,MED,-0.9000000000014552,Pressure building into a wall (break setup),"{""dedupe_key"":""NIFTY|WALL_PRESSURE_BREAK_SETUP|OFF|2026-07-31 12:43"",""threshold"":0,""value"":-0.9000000000014552,""since_minute_bucket_ist"":""2026-07-31 12:39"",""last_updated_ist"":""2026-07-31 12:43:00""}"
2026-07-31 00:00:00,2026-07-31 12:44:00,210,NIFTY,TRADE_LIMIT_REACHED,OFF,MED,8,Cooldown active (2m),"{""dedupe_key"":""NIFTY|TRADE_LIMIT_REACHED|OFF|2026-07-31 12:44"",""threshold"":500,""value"":8,""since_minute_bucket_ist"":""2026-07-31 12:43"",""last_updated_ist"":""2026-07-31 12:44:00""}"
2026-07-31 00:00:00,2026-07-31 12:45:00,211,NIFTY,PIN_BASIC,OFF,LOW,37.5,Spot near a local wall (pin zone),"{""dedupe_key"":""NIFTY|PIN_BASIC|OFF|2026-07-31 12:45"",""threshold"":37.5,""value"":37.5,""since_minute_bucket_ist"":""2026-07-31 11:55"",""last_updated_ist"":""2026-07-31 12:45:00""}"
2026-07-31 00:00:00,2026-07-31 12:45:00,211,NIFTY,EXP_RANGE_BREAKOUT_WATCH_UP,ON,MED,24405.9,Expected-range watch UP,"{""dedupe_key"":""NIFTY|EXP_RANGE_BREAKOUT_WATCH_UP|ON|2026-07-31 12:45"",""threshold"":24401.54,""value"":24405.9,""since_minute_bucket_ist"":"""",""last_updated_ist"":""2026-07-31 12:45:00""}"
2026-07-31 00:00:00,2026-07-31 12:45:00,211,NIFTY,OPTION_MOMENTUM_CALL,ON,MED,2.75,ATM CALL momentum (ltp up + vol up),"{""dedupe_key"":""NIFTY|OPTION_MOMENTUM_CALL|ON|2026-07-31 12:45"",""threshold"":1.5,""value"":2.75,""since_minute_bucket_ist"":"""",""last_updated_ist"":""2026-07-31 12:45:00""}"
2026-07-31 00:00:00,2026-07-31 12:45:00,211,NIFTY,WALL_UNWIND_CONFIRM_UP,OFF,MED,0,Call wall OI unwinding (5m),"{""dedupe_key"":""NIFTY|WALL_UNWIND_CONFIRM_UP|OFF|2026-07-31 12:45"",""threshold"":-0.006,""value"":0,""since_minute_bucket_ist"":""2026-07-31 12:41"",""last_updated_ist"":""2026-07-31 12:45:00""}"
2026-07-31 00:00:00,2026-07-31 12:45:00,211,NIFTY,WALL_SHIFT_REGIME,ON,MED,1,Wall strike shifted materially (>= 1 step),"{""dedupe_key"":""NIFTY|WALL_SHIFT_REGIME|ON|2026-07-31 12:45"",""threshold"":1,""value"":1,""since_minute_bucket_ist"":"""",""last_updated_ist"":""2026-07-31 12:45:00""}"
2026-07-31 00:00:00,2026-07-31 12:46:00,212,NIFTY,EXP_RANGE_BREAKOUT_CONFIRMED_UP,ON,HIGH,2,Expected-range breakout CONFIRMED UP,"{""dedupe_key"":""NIFTY|EXP_RANGE_BREAKOUT_CONFIRMED_UP|ON|2026-07-31 12:46"",""threshold"":2,""value"":2,""since_minute_bucket_ist"":"""",""last_updated_ist"":""2026-07-31 12:46:00""}"
2026-07-31 00:00:00,2026-07-31 12:46:00,212,NIFTY,OPTION_MOMENTUM_CALL,OFF,MED,0,ATM CALL momentum (ltp up + vol up),"{""dedupe_key"":""NIFTY|OPTION_MOMENTUM_CALL|OFF|2026-07-31 12:46"",""threshold"":1.5,""value"":0,""since_minute_bucket_ist"":""2026-07-31 12:45"",""last_updated_ist"":""2026-07-31 12:46:00""}"
2026-07-31 00:00:00,2026-07-31 12:46:00,212,NIFTY,WALL_SHIFT_REGIME,OFF,MED,1,Wall strike shifted materially (>= 1 step),"{""dedupe_key"":""NIFTY|WALL_SHIFT_REGIME|OFF|2026-07-31 12:46"",""threshold"":1,""value"":1,""since_minute_bucket_ist"":""2026-07-31 12:45"",""last_updated_ist"":""2026-07-31 12:46:00""}"
2026-07-31 00:00:00,2026-07-31 12:47:00,213,NIFTY,VOL_EXPANSION,OFF,MED,0.0011,Volatility expanding (straddle up),"{""dedupe_key"":""NIFTY|VOL_EXPANSION|OFF|2026-07-31 12:47"",""threshold"":0.02,""value"":0.0011,""since_minute_bucket_ist"":""2026-07-31 12:40"",""last_updated_ist"":""2026-07-31 12:47:00""}"
2026-07-31 00:00:00,2026-07-31 12:48:00,214,NIFTY,REGIME_RANGE_PIN,OFF,LOW,0.0001,Range / pin (inside local walls),"{""dedupe_key"":""NIFTY|REGIME_RANGE_PIN|OFF|2026-07-31 12:48"",""threshold"":0.001,""value"":0.0001,""since_minute_bucket_ist"":""2026-07-31 12:38"",""last_updated_ist"":""2026-07-31 12:48:00""}"
2026-07-31 00:00:00,2026-07-31 12:48:00,214,NIFTY,REGIME_TRANSITION_UNCERTAIN,ON,LOW,1,Transition/uncertain regime,"{""dedupe_key"":""NIFTY|REGIME_TRANSITION_UNCERTAIN|ON|2026-07-31 12:48"",""threshold"":1,""value"":1,""since_minute_bucket_ist"":"""",""last_updated_ist"":""2026-07-31 12:48:00""}"
2026-07-31 00:00:00,2026-07-31 12:50:00,216,NIFTY,FLOW_BULLISH_BUILD,ON,HIGH,0.0023,Bullish build (premium-confirmed writing / support),"{""dedupe_key"":""NIFTY|FLOW_BULLISH_BUILD|ON|2026-07-31 12:50"",""threshold"":0.005,""value"":0.0023,""since_minute_bucket_ist"":"""",""last_updated_ist"":""2026-07-31 12:50:00""}"
2026-07-31 00:00:00,2026-07-31 12:50:00,216,NIFTY,REGIME_RANGE_PIN,ON,LOW,0.0001,Range / pin (inside local walls),"{""dedupe_key"":""NIFTY|REGIME_RANGE_PIN|ON|2026-07-31 12:50"",""threshold"":0.001,""value"":0.0001,""since_minute_bucket_ist"":"""",""last_updated_ist"":""2026-07-31 12:50:00""}"
2026-07-31 00:00:00,2026-07-31 12:50:00,216,NIFTY,REGIME_TRANSITION_UNCERTAIN,OFF,LOW,1,Transition/uncertain regime,"{""dedupe_key"":""NIFTY|REGIME_TRANSITION_UNCERTAIN|OFF|2026-07-31 12:50"",""threshold"":1,""value"":1,""since_minute_bucket_ist"":""2026-07-31 12:48"",""last_updated_ist"":""2026-07-31 12:50:00""}"
2026-07-31 00:00:00,2026-07-31 12:50:00,216,NIFTY,VOL_EXPANSION,ON,MED,0.0064,Volatility expanding (straddle up),"{""dedupe_key"":""NIFTY|VOL_EXPANSION|ON|2026-07-31 12:50"",""threshold"":0.02,""value"":0.0064,""since_minute_bucket_ist"":"""",""last_updated_ist"":""2026-07-31 12:50:00""}"
2026-07-31 00:00:00,2026-07-31 12:50:00,216,NIFTY,OPTION_MOMENTUM_CALL,ON,MED,4.3,ATM CALL momentum (ltp up + vol up),"{""dedupe_key"":""NIFTY|OPTION_MOMENTUM_CALL|ON|2026-07-31 12:50"",""threshold"":1.5,""value"":4.3,""since_minute_bucket_ist"":"""",""last_updated_ist"":""2026-07-31 12:50:00""}"
2026-07-31 00:00:00,2026-07-31 12:50:00,216,NIFTY,TAIL_RISK_SKEW_HIGH,ON,MED,1.93,Downside tail-risk skew elevated (PCR_COI high),"{""dedupe_key"":""NIFTY|TAIL_RISK_SKEW_HIGH|ON|2026-07-31 12:50"",""threshold"":1.9,""value"":1.93,""since_minute_bucket_ist"":"""",""last_updated_ist"":""2026-07-31 12:50:00""}"
2026-07-31 00:00:00,2026-07-31 12:50:00,216,NIFTY,FOMO_BREAKOUT,ON,HIGH,1,FOMO breakout: breakout UP + bullish flow + vol expansion,"{""dedupe_key"":""NIFTY|FOMO_BREAKOUT|ON|2026-07-31 12:50"",""threshold"":1,""value"":1,""since_minute_bucket_ist"":"""",""last_updated_ist"":""2026-07-31 12:50:00""}"
2026-07-31 00:00:00,2026-07-31 12:51:00,217,NIFTY,TRADE_LIMIT_REACHED,ON,MED,9,Cooldown active (2m),"{""dedupe_key"":""NIFTY|TRADE_LIMIT_REACHED|ON|2026-07-31 12:51"",""threshold"":500,""value"":9,""since_minute_bucket_ist"":"""",""last_updated_ist"":""2026-07-31 12:51:00""}"
2026-07-31 00:00:00,2026-07-31 12:51:00,217,NIFTY,FLOW_BULLISH_BUILD,OFF,HIGH,0.0133,Bullish build (premium-confirmed writing / support),"{""dedupe_key"":""NIFTY|FLOW_BULLISH_BUILD|OFF|2026-07-31 12:51"",""threshold"":0.005,""value"":0.0133,""since_minute_bucket_ist"":""2026-07-31 12:50"",""last_updated_ist"":""2026-07-31 12:51:00""}"
2026-07-31 00:00:00,2026-07-31 12:51:00,217,NIFTY,EXP_RANGE_BREAKOUT_WATCH_UP,OFF,MED,24404.8,Expected-range watch UP,"{""dedupe_key"":""NIFTY|EXP_RANGE_BREAKOUT_WATCH_UP|OFF|2026-07-31 12:51"",""threshold"":24411.35,""value"":24404.8,""since_minute_bucket_ist"":""2026-07-31 12:45"",""last_updated_ist"":""2026-07-31 12:51:00""}"
2026-07-31 00:00:00,2026-07-31 12:51:00,217,NIFTY,EXP_RANGE_BREAKOUT_CONFIRMED_UP,OFF,HIGH,0,Expected-range breakout CONFIRMED UP,"{""dedupe_key"":""NIFTY|EXP_RANGE_BREAKOUT_CONFIRMED_UP|OFF|2026-07-31 12:51"",""threshold"":2,""value"":0,""since_minute_bucket_ist"":""2026-07-31 12:46"",""last_updated_ist"":""2026-07-31 12:51:00""}"
2026-07-31 00:00:00,2026-07-31 12:51:00,217,NIFTY,VOL_EXPANSION,OFF,MED,-0.0043,Volatility expanding (straddle up),"{""dedupe_key"":""NIFTY|VOL_EXPANSION|OFF|2026-07-31 12:51"",""threshold"":0.02,""value"":-0.0043,""since_minute_bucket_ist"":""2026-07-31 12:50"",""last_updated_ist"":""2026-07-31 12:51:00""}"
2026-07-31 00:00:00,2026-07-31 12:51:00,217,NIFTY,VOL_CONTRACTION,ON,LOW,-0.0043,Volatility contracting (straddle down),"{""dedupe_key"":""NIFTY|VOL_CONTRACTION|ON|2026-07-31 12:51"",""threshold"":-0.03,""value"":-0.0043,""since_minute_bucket_ist"":"""",""last_updated_ist"":""2026-07-31 12:51:00""}"
2026-07-31 00:00:00,2026-07-31 12:51:00,217,NIFTY,OPTION_MOMENTUM_CALL,OFF,MED,-6.4,ATM CALL momentum (ltp up + vol up),"{""dedupe_key"":""NIFTY|OPTION_MOMENTUM_CALL|OFF|2026-07-31 12:51"",""threshold"":1.5,""value"":-6.4,""since_minute_bucket_ist"":""2026-07-31 12:50"",""last_updated_ist"":""2026-07-31 12:51:00""}"
2026-07-31 00:00:00,2026-07-31 12:51:00,217,NIFTY,OPTION_MOMENTUM_PUT,ON,MED,4.2,ATM PUT momentum (ltp up + vol up),"{""dedupe_key"":""NIFTY|OPTION_MOMENTUM_PUT|ON|2026-07-31 12:51"",""threshold"":1.5,""value"":4.2,""since_minute_bucket_ist"":"""",""last_updated_ist"":""2026-07-31 12:51:00""}"
2026-07-31 00:00:00,2026-07-31 12:51:00,217,NIFTY,WALL_UNWIND_CONFIRM_UP,ON,MED,-0.0433,Call wall OI unwinding (5m),"{""dedupe_key"":""NIFTY|WALL_UNWIND_CONFIRM_UP|ON|2026-07-31 12:51"",""threshold"":-0.006,""value"":-0.0433,""since_minute_bucket_ist"":"""",""last_updated_ist"":""2026-07-31 12:51:00""}"
2026-07-31 00:00:00,2026-07-31 12:51:00,217,NIFTY,STEALTH_BUILD_BULL,ON,MED,0.0133,"Stealth bullish build (puts build, spot flat)","{""dedupe_key"":""NIFTY|STEALTH_BUILD_BULL|ON|2026-07-31 12:51"",""threshold"":0.008,""value"":0.0133,""since_minute_bucket_ist"":"""",""last_updated_ist"":""2026-07-31 12:51:00""}"
2026-07-31 00:00:00,2026-07-31 12:51:00,217,NIFTY,FOMO_BREAKOUT,OFF,HIGH,1,FOMO breakout: breakout UP + bullish flow + vol expansion,"{""dedupe_key"":""NIFTY|FOMO_BREAKOUT|OFF|2026-07-31 12:51"",""threshold"":1,""value"":1,""since_minute_bucket_ist"":""2026-07-31 12:50"",""last_updated_ist"":""2026-07-31 12:51:00""}"
2026-07-31 00:00:00,2026-07-31 12:52:00,218,NIFTY,TRADE_LIMIT_REACHED,OFF,MED,9,Cooldown active (2m),"{""dedupe_key"":""NIFTY|TRADE_LIMIT_REACHED|OFF|2026-07-31 12:52"",""threshold"":500,""value"":9,""since_minute_bucket_ist"":""2026-07-31 12:51"",""last_updated_ist"":""2026-07-31 12:52:00""}"
2026-07-31 00:00:00,2026-07-31 12:52:00,218,NIFTY,VOL_CONTRACTION,OFF,LOW,0.0008,Volatility contracting (straddle down),"{""dedupe_key"":""NIFTY|VOL_CONTRACTION|OFF|2026-07-31 12:52"",""threshold"":-0.03,""value"":0.0008,""since_minute_bucket_ist"":""2026-07-31 12:51"",""last_updated_ist"":""2026-07-31 12:52:00""}"
2026-07-31 00:00:00,2026-07-31 12:52:00,218,NIFTY,OPTION_MOMENTUM_CALL,ON,MED,1.65,ATM CALL momentum (ltp up + vol up),"{""dedupe_key"":""NIFTY|OPTION_MOMENTUM_CALL|ON|2026-07-31 12:52"",""threshold"":1.5,""value"":1.65,""since_minute_bucket_ist"":"""",""last_updated_ist"":""2026-07-31 12:52:00""}"
2026-07-31 00:00:00,2026-07-31 12:52:00,218,NIFTY,OPTION_MOMENTUM_PUT,OFF,MED,-0.55,ATM PUT momentum (ltp up + vol up),"{""dedupe_key"":""NIFTY|OPTION_MOMENTUM_PUT|OFF|2026-07-31 12:52"",""threshold"":1.5,""value"":-0.55,""since_minute_bucket_ist"":""2026-07-31 12:51"",""last_updated_ist"":""2026-07-31 12:52:00""}"
2026-07-31 00:00:00,2026-07-31 12:52:00,218,NIFTY,STEALTH_BUILD_BULL,OFF,MED,0.0045,"Stealth bullish build (puts build, spot flat)","{""dedupe_key"":""NIFTY|STEALTH_BUILD_BULL|OFF|2026-07-31 12:52"",""threshold"":0.008,""value"":0.0045,""since_minute_bucket_ist"":""2026-07-31 12:51"",""last_updated_ist"":""2026-07-31 12:52:00""}"
2026-07-31 00:00:00,2026-07-31 12:53:00,219,NIFTY,VOL_CONTRACTION,ON,LOW,-0.004,Volatility contracting (straddle down),"{""dedupe_key"":""NIFTY|VOL_CONTRACTION|ON|2026-07-31 12:53"",""threshold"":-0.03,""value"":-0.004,""since_minute_bucket_ist"":"""",""last_updated_ist"":""2026-07-31 12:53:00""}"
2026-07-31 00:00:00,2026-07-31 12:53:00,219,NIFTY,OPTION_MOMENTUM_CALL,OFF,MED,-0.4,ATM CALL momentum (ltp up + vol up),"{""dedupe_key"":""NIFTY|OPTION_MOMENTUM_CALL|OFF|2026-07-31 12:53"",""threshold"":1.5,""value"":-0.4,""since_minute_bucket_ist"":""2026-07-31 12:52"",""last_updated_ist"":""2026-07-31 12:53:00""}"
2026-07-31 00:00:00,2026-07-31 12:55:00,221,NIFTY,VOL_CONTRACTION,OFF,LOW,0.0065,Volatility contracting (straddle down),"{""dedupe_key"":""NIFTY|VOL_CONTRACTION|OFF|2026-07-31 12:55"",""threshold"":-0.03,""value"":0.0065,""since_minute_bucket_ist"":""2026-07-31 12:53"",""last_updated_ist"":""2026-07-31 12:55:00""}"
2026-07-31 00:00:00,2026-07-31 12:55:00,221,NIFTY,OPTION_MOMENTUM_CALL,ON,MED,2.05,ATM CALL momentum (ltp up + vol up),"{""dedupe_key"":""NIFTY|OPTION_MOMENTUM_CALL|ON|2026-07-31 12:55"",""threshold"":1.5,""value"":2.05,""since_minute_bucket_ist"":"""",""last_updated_ist"":""2026-07-31 12:55:00""}"
2026-07-31 00:00:00,2026-07-31 12:56:00,222,NIFTY,FLOW_BULLISH_BUILD,ON,HIGH,0.0022,Bullish build (premium-confirmed writing / support),"{""dedupe_key"":""NIFTY|FLOW_BULLISH_BUILD|ON|2026-07-31 12:56"",""threshold"":0.005,""value"":0.0022,""since_minute_bucket_ist"":"""",""last_updated_ist"":""2026-07-31 12:56:00""}"
2026-07-31 00:00:00,2026-07-31 12:56:00,222,NIFTY,EXP_RANGE_BREAKOUT_WATCH_UP,ON,MED,24414.75,Expected-range watch UP,"{""dedupe_key"":""NIFTY|EXP_RANGE_BREAKOUT_WATCH_UP|ON|2026-07-31 12:56"",""threshold"":24412.94,""value"":24414.75,""since_minute_bucket_ist"":"""",""last_updated_ist"":""2026-07-31 12:56:00""}"
2026-07-31 00:00:00,2026-07-31 12:56:00,222,NIFTY,VOL_EXPANSION,ON,MED,0.0032,Volatility expanding (straddle up),"{""dedupe_key"":""NIFTY|VOL_EXPANSION|ON|2026-07-31 12:56"",""threshold"":0.02,""value"":0.0032,""since_minute_bucket_ist"":"""",""last_updated_ist"":""2026-07-31 12:56:00""}"
2026-07-31 00:00:00,2026-07-31 12:56:00,222,NIFTY,WALL_UNWIND_CONFIRM_UP,OFF,MED,0.0282,Call wall OI unwinding (5m),"{""dedupe_key"":""NIFTY|WALL_UNWIND_CONFIRM_UP|OFF|2026-07-31 12:56"",""threshold"":-0.006,""value"":0.0282,""since_minute_bucket_ist"":""2026-07-31 12:51"",""last_updated_ist"":""2026-07-31 12:56:00""}"
2026-07-31 00:00:00,2026-07-31 12:56:00,222,NIFTY,CHURN_COMMITTED,ON,MED,0.0001,Price move + aligned flow (committed),"{""dedupe_key"":""NIFTY|CHURN_COMMITTED|ON|2026-07-31 12:56"",""threshold"":0.0001,""value"":0.0001,""since_minute_bucket_ist"":"""",""last_updated_ist"":""2026-07-31 12:56:00""}"
2026-07-31 00:00:00,2026-07-31 12:57:00,223,NIFTY,FLOW_BULLISH_BUILD,OFF,HIGH,0,Bullish build (premium-confirmed writing / support),"{""dedupe_key"":""NIFTY|FLOW_BULLISH_BUILD|OFF|2026-07-31 12:57"",""threshold"":0.005,""value"":0,""since_minute_bucket_ist"":""2026-07-31 12:56"",""last_updated_ist"":""2026-07-31 12:57:00""}"
2026-07-31 00:00:00,2026-07-31 12:57:00,223,NIFTY,REGIME_RANGE_PIN,OFF,LOW,0.0002,Range / pin (inside local walls),"{""dedupe_key"":""NIFTY|REGIME_RANGE_PIN|OFF|2026-07-31 12:57"",""threshold"":0.001,""value"":0.0002,""since_minute_bucket_ist"":""2026-07-31 12:50"",""last_updated_ist"":""2026-07-31 12:57:00""}"
2026-07-31 00:00:00,2026-07-31 12:57:00,223,NIFTY,REGIME_TRANSITION_UNCERTAIN,ON,LOW,1,Transition/uncertain regime,"{""dedupe_key"":""NIFTY|REGIME_TRANSITION_UNCERTAIN|ON|2026-07-31 12:57"",""threshold"":1,""value"":1,""since_minute_bucket_ist"":"""",""last_updated_ist"":""2026-07-31 12:57:00""}"
2026-07-31 00:00:00,2026-07-31 12:57:00,223,NIFTY,EXP_RANGE_BREAKOUT_CONFIRMED_UP,ON,HIGH,2,Expected-range breakout CONFIRMED UP,"{""dedupe_key"":""NIFTY|EXP_RANGE_BREAKOUT_CONFIRMED_UP|ON|2026-07-31 12:57"",""threshold"":2,""value"":2,""since_minute_bucket_ist"":"""",""last_updated_ist"":""2026-07-31 12:57:00""}"
2026-07-31 00:00:00,2026-07-31 12:57:00,223,NIFTY,CHURN_COMMITTED,OFF,MED,0.0003,Price move + aligned flow (committed),"{""dedupe_key"":""NIFTY|CHURN_COMMITTED|OFF|2026-07-31 12:57"",""threshold"":0.0001,""value"":0.0003,""since_minute_bucket_ist"":""2026-07-31 12:56"",""last_updated_ist"":""2026-07-31 12:57:00""}"
2026-07-31 00:00:00,2026-07-31 12:58:00,224,NIFTY,OPTION_MOMENTUM_CALL,OFF,MED,0,ATM CALL momentum (ltp up + vol up),"{""dedupe_key"":""NIFTY|OPTION_MOMENTUM_CALL|OFF|2026-07-31 12:58"",""threshold"":1.5,""value"":0,""since_minute_bucket_ist"":""2026-07-31 12:55"",""last_updated_ist"":""2026-07-31 12:58:00""}"
2026-07-31 00:00:00,2026-07-31 12:59:00,225,NIFTY,REGIME_RANGE_PIN,ON,LOW,0.0002,Range / pin (inside local walls),"{""dedupe_key"":""NIFTY|REGIME_RANGE_PIN|ON|2026-07-31 12:59"",""threshold"":0.001,""value"":0.0002,""since_minute_bucket_ist"":"""",""last_updated_ist"":""2026-07-31 12:59:00""}"
2026-07-31 00:00:00,2026-07-31 12:59:00,225,NIFTY,REGIME_TRANSITION_UNCERTAIN,OFF,LOW,1,Transition/uncertain regime,"{""dedupe_key"":""NIFTY|REGIME_TRANSITION_UNCERTAIN|OFF|2026-07-31 12:59"",""threshold"":1,""value"":1,""since_minute_bucket_ist"":""2026-07-31 12:57"",""last_updated_ist"":""2026-07-31 12:59:00""}"
2026-07-31 00:00:00,2026-07-31 12:59:00,225,NIFTY,EXP_RANGE_BREAKOUT_WATCH_UP,OFF,MED,24413.45,Expected-range watch UP,"{""dedupe_key"":""NIFTY|EXP_RANGE_BREAKOUT_WATCH_UP|OFF|2026-07-31 12:59"",""threshold"":24419.32,""value"":24413.45,""since_minute_bucket_ist"":""2026-07-31 12:56"",""last_updated_ist"":""2026-07-31 12:59:00""}"
2026-07-31 00:00:00,2026-07-31 12:59:00,225,NIFTY,EXP_RANGE_BREAKOUT_CONFIRMED_UP,OFF,HIGH,0,Expected-range breakout CONFIRMED UP,"{""dedupe_key"":""NIFTY|EXP_RANGE_BREAKOUT_CONFIRMED_UP|OFF|2026-07-31 12:59"",""threshold"":2,""value"":0,""since_minute_bucket_ist"":""2026-07-31 12:57"",""last_updated_ist"":""2026-07-31 12:59:00""}"
2026-07-31 00:00:00,2026-07-31 12:59:00,225,NIFTY,VOL_EXPANSION,OFF,MED,0.0043,Volatility expanding (straddle up),"{""dedupe_key"":""NIFTY|VOL_EXPANSION|OFF|2026-07-31 12:59"",""threshold"":0.02,""value"":0.0043,""since_minute_bucket_ist"":""2026-07-31 12:56"",""last_updated_ist"":""2026-07-31 12:59:00""}"
2026-07-31 00:00:00,2026-07-31 12:59:00,225,NIFTY,STEALTH_BUILD_BULL,ON,MED,0.0091,"Stealth bullish build (puts build, spot flat)","{""dedupe_key"":""NIFTY|STEALTH_BUILD_BULL|ON|2026-07-31 12:59"",""threshold"":0.008,""value"":0.0091,""since_minute_bucket_ist"":"""",""last_updated_ist"":""2026-07-31 12:59:00""}"
2026-07-31 00:00:00,2026-07-31 13:00:00,226,NIFTY,STEALTH_BUILD_BULL,OFF,MED,0,"Stealth bullish build (puts build, spot flat)","{""dedupe_key"":""NIFTY|STEALTH_BUILD_BULL|OFF|2026-07-31 13:00"",""threshold"":0.008,""value"":0,""since_minute_bucket_ist"":""2026-07-31 12:59"",""last_updated_ist"":""2026-07-31 13:00:00""}"
2026-07-31 00:00:00,2026-07-31 13:02:00,228,NIFTY,REGIME_RANGE_PIN,OFF,LOW,0.0002,Range / pin (inside local walls),"{""dedupe_key"":""NIFTY|REGIME_RANGE_PIN|OFF|2026-07-31 13:02"",""threshold"":0.001,""value"":0.0002,""since_minute_bucket_ist"":""2026-07-31 12:59"",""last_updated_ist"":""2026-07-31 13:02:00""}"
2026-07-31 00:00:00,2026-07-31 13:02:00,228,NIFTY,REGIME_TRANSITION_UNCERTAIN,ON,LOW,1,Transition/uncertain regime,"{""dedupe_key"":""NIFTY|REGIME_TRANSITION_UNCERTAIN|ON|2026-07-31 13:02"",""threshold"":1,""value"":1,""since_minute_bucket_ist"":"""",""last_updated_ist"":""2026-07-31 13:02:00""}"
2026-07-31 00:00:00,2026-07-31 13:03:00,229,NIFTY,REGIME_RANGE_PIN,ON,LOW,0.0002,Range / pin (inside local walls),"{""dedupe_key"":""NIFTY|REGIME_RANGE_PIN|ON|2026-07-31 13:03"",""threshold"":0.001,""value"":0.0002,""since_minute_bucket_ist"":"""",""last_updated_ist"":""2026-07-31 13:03:00""}"
2026-07-31 00:00:00,2026-07-31 13:03:00,229,NIFTY,REGIME_TRANSITION_UNCERTAIN,OFF,LOW,1,Transition/uncertain regime,"{""dedupe_key"":""NIFTY|REGIME_TRANSITION_UNCERTAIN|OFF|2026-07-31 13:03"",""threshold"":1,""value"":1,""since_minute_bucket_ist"":""2026-07-31 13:02"",""last_updated_ist"":""2026-07-31 13:03:00""}"
2026-07-31 00:00:00,2026-07-31 13:04:00,230,NIFTY,OPTION_MOMENTUM_CALL,ON,MED,2.4,ATM CALL momentum (ltp up + vol up),"{""dedupe_key"":""NIFTY|OPTION_MOMENTUM_CALL|ON|2026-07-31 13:04"",""threshold"":1.5,""value"":2.4,""since_minute_bucket_ist"":"""",""last_updated_ist"":""2026-07-31 13:04:00""}"
2026-07-31 00:00:00,2026-07-31 13:05:00,231,NIFTY,VOL_CONTRACTION,ON,LOW,-0.0011,Volatility contracting (straddle down),"{""dedupe_key"":""NIFTY|VOL_CONTRACTION|ON|2026-07-31 13:05"",""threshold"":-0.03,""value"":-0.0011,""since_minute_bucket_ist"":"""",""last_updated_ist"":""2026-07-31 13:05:00""}"
2026-07-31 00:00:00,2026-07-31 13:05:00,231,NIFTY,OPTION_MOMENTUM_CALL,OFF,MED,-0.4,ATM CALL momentum (ltp up + vol up),"{""dedupe_key"":""NIFTY|OPTION_MOMENTUM_CALL|OFF|2026-07-31 13:05"",""threshold"":1.5,""value"":-0.4,""since_minute_bucket_ist"":""2026-07-31 13:04"",""last_updated_ist"":""2026-07-31 13:05:00""}"
2026-07-31 00:00:00,2026-07-31 13:06:00,232,NIFTY,FLOW_BULLISH_BUILD,ON,HIGH,0.0017,Bullish build (premium-confirmed writing / support),"{""dedupe_key"":""NIFTY|FLOW_BULLISH_BUILD|ON|2026-07-31 13:06"",""threshold"":0.005,""value"":0.0017,""since_minute_bucket_ist"":"""",""last_updated_ist"":""2026-07-31 13:06:00""}"
2026-07-31 00:00:00,2026-07-31 13:06:00,232,NIFTY,VOL_CONTRACTION,OFF,LOW,0.004,Volatility contracting (straddle down),"{""dedupe_key"":""NIFTY|VOL_CONTRACTION|OFF|2026-07-31 13:06"",""threshold"":-0.03,""value"":0.004,""since_minute_bucket_ist"":""2026-07-31 13:05"",""last_updated_ist"":""2026-07-31 13:06:00""}"
2026-07-31 00:00:00,2026-07-31 13:07:00,233,NIFTY,FLOW_BULLISH_BUILD,OFF,HIGH,0.0024,Bullish build (premium-confirmed writing / support),"{""dedupe_key"":""NIFTY|FLOW_BULLISH_BUILD|OFF|2026-07-31 13:07"",""threshold"":0.005,""value"":0.0024,""since_minute_bucket_ist"":""2026-07-31 13:06"",""last_updated_ist"":""2026-07-31 13:07:00""}"
2026-07-31 00:00:00,2026-07-31 13:09:00,235,NIFTY,FLOW_BULLISH_BUILD,ON,HIGH,0.0046,Bullish build (premium-confirmed writing / support),"{""dedupe_key"":""NIFTY|FLOW_BULLISH_BUILD|ON|2026-07-31 13:09"",""threshold"":0.005,""value"":0.0046,""since_minute_bucket_ist"":"""",""last_updated_ist"":""2026-07-31 13:09:00""}"
2026-07-31 00:00:00,2026-07-31 13:09:00,235,NIFTY,VOL_EXPANSION,ON,MED,0.0091,Volatility expanding (straddle up),"{""dedupe_key"":""NIFTY|VOL_EXPANSION|ON|2026-07-31 13:09"",""threshold"":0.02,""value"":0.0091,""since_minute_bucket_ist"":"""",""last_updated_ist"":""2026-07-31 13:09:00""}"
2026-07-31 00:00:00,2026-07-31 13:09:00,235,NIFTY,OPTION_MOMENTUM_CALL,ON,MED,2.1,ATM CALL momentum (ltp up + vol up),"{""dedupe_key"":""NIFTY|OPTION_MOMENTUM_CALL|ON|2026-07-31 13:09"",""threshold"":1.5,""value"":2.1,""since_minute_bucket_ist"":"""",""last_updated_ist"":""2026-07-31 13:09:00""}"
2026-07-31 00:00:00,2026-07-31 13:10:00,236,NIFTY,OPTION_MOMENTUM_CALL,OFF,MED,-0.35,ATM CALL momentum (ltp up + vol up),"{""dedupe_key"":""NIFTY|OPTION_MOMENTUM_CALL|OFF|2026-07-31 13:10"",""threshold"":1.5,""value"":-0.35,""since_minute_bucket_ist"":""2026-07-31 13:09"",""last_updated_ist"":""2026-07-31 13:10:00""}"
2026-07-31 00:00:00,2026-07-31 13:11:00,237,NIFTY,FLOW_BULLISH_BUILD,OFF,HIGH,0,Bullish build (premium-confirmed writing / support),"{""dedupe_key"":""NIFTY|FLOW_BULLISH_BUILD|OFF|2026-07-31 13:11"",""threshold"":0.005,""value"":0,""since_minute_bucket_ist"":""2026-07-31 13:09"",""last_updated_ist"":""2026-07-31 13:11:00""}"
2026-07-31 00:00:00,2026-07-31 13:12:00,238,NIFTY,VOL_EXPANSION,OFF,MED,-0.0016,Volatility expanding (straddle up),"{""dedupe_key"":""NIFTY|VOL_EXPANSION|OFF|2026-07-31 13:12"",""threshold"":0.02,""value"":-0.0016,""since_minute_bucket_ist"":""2026-07-31 13:09"",""last_updated_ist"":""2026-07-31 13:12:00""}"
2026-07-31 00:00:00,2026-07-31 13:15:00,241,NIFTY,PIN_BASIC,ON,LOW,37.5,Spot near a local wall (pin zone),"{""dedupe_key"":""NIFTY|PIN_BASIC|ON|2026-07-31 13:15"",""threshold"":37.5,""value"":37.5,""since_minute_bucket_ist"":"""",""last_updated_ist"":""2026-07-31 13:15:00""}"
2026-07-31 00:00:00,2026-07-31 13:15:00,241,NIFTY,EXP_RANGE_BREAKOUT_WATCH_DOWN,ON,MED,24413.4,Expected-range watch DOWN,"{""dedupe_key"":""NIFTY|EXP_RANGE_BREAKOUT_WATCH_DOWN|ON|2026-07-31 13:15"",""threshold"":24414,""value"":24413.4,""since_minute_bucket_ist"":"""",""last_updated_ist"":""2026-07-31 13:15:00""}"
2026-07-31 00:00:00,2026-07-31 13:15:00,241,NIFTY,VOL_CONTRACTION,ON,LOW,-0.0085,Volatility contracting (straddle down),"{""dedupe_key"":""NIFTY|VOL_CONTRACTION|ON|2026-07-31 13:15"",""threshold"":-0.03,""value"":-0.0085,""since_minute_bucket_ist"":"""",""last_updated_ist"":""2026-07-31 13:15:00""}"
2026-07-31 00:00:00,2026-07-31 13:15:00,241,NIFTY,WALL_SHIFT_REGIME,ON,MED,1,Wall strike shifted materially (>= 1 step),"{""dedupe_key"":""NIFTY|WALL_SHIFT_REGIME|ON|2026-07-31 13:15"",""threshold"":1,""value"":1,""since_minute_bucket_ist"":"""",""last_updated_ist"":""2026-07-31 13:15:00""}"
2026-07-31 00:00:00,2026-07-31 13:16:00,242,NIFTY,FLOW_BULLISH_BUILD,ON,HIGH,0.0033,Bullish build (premium-confirmed writing / support),"{""dedupe_key"":""NIFTY|FLOW_BULLISH_BUILD|ON|2026-07-31 13:16"",""threshold"":0.005,""value"":0.0033,""since_minute_bucket_ist"":"""",""last_updated_ist"":""2026-07-31 13:16:00""}"
2026-07-31 00:00:00,2026-07-31 13:16:00,242,NIFTY,EXP_RANGE_BREAKOUT_WATCH_DOWN,OFF,MED,24416.85,Expected-range watch DOWN,"{""dedupe_key"":""NIFTY|EXP_RANGE_BREAKOUT_WATCH_DOWN|OFF|2026-07-31 13:16"",""threshold"":24414.47,""value"":24416.85,""since_minute_bucket_ist"":""2026-07-31 13:15"",""last_updated_ist"":""2026-07-31 13:16:00""}"
2026-07-31 00:00:00,2026-07-31 13:16:00,242,NIFTY,CHURN_COMMITTED,ON,MED,0.0001,Price move + aligned flow (committed),"{""dedupe_key"":""NIFTY|CHURN_COMMITTED|ON|2026-07-31 13:16"",""threshold"":0.0001,""value"":0.0001,""since_minute_bucket_ist"":"""",""last_updated_ist"":""2026-07-31 13:16:00""}"
2026-07-31 00:00:00,2026-07-31 13:16:00,242,NIFTY,WALL_SHIFT_REGIME,OFF,MED,1,Wall strike shifted materially (>= 1 step),"{""dedupe_key"":""NIFTY|WALL_SHIFT_REGIME|OFF|2026-07-31 13:16"",""threshold"":1,""value"":1,""since_minute_bucket_ist"":""2026-07-31 13:15"",""last_updated_ist"":""2026-07-31 13:16:00""}"
2026-07-31 00:00:00,2026-07-31 13:17:00,243,NIFTY,FLOW_BULLISH_BUILD,OFF,HIGH,0.0011,Bullish build (premium-confirmed writing / support),"{""dedupe_key"":""NIFTY|FLOW_BULLISH_BUILD|OFF|2026-07-31 13:17"",""threshold"":0.005,""value"":0.0011,""since_minute_bucket_ist"":""2026-07-31 13:16"",""last_updated_ist"":""2026-07-31 13:17:00""}"
2026-07-31 00:00:00,2026-07-31 13:17:00,243,NIFTY,VOL_CONTRACTION,OFF,LOW,-0.0008,Volatility contracting (straddle down),"{""dedupe_key"":""NIFTY|VOL_CONTRACTION|OFF|2026-07-31 13:17"",""threshold"":-0.03,""value"":-0.0008,""since_minute_bucket_ist"":""2026-07-31 13:15"",""last_updated_ist"":""2026-07-31 13:17:00""}"
2026-07-31 00:00:00,2026-07-31 13:17:00,243,NIFTY,CHURN_COMMITTED,OFF,MED,0,Price move + aligned flow (committed),"{""dedupe_key"":""NIFTY|CHURN_COMMITTED|OFF|2026-07-31 13:17"",""threshold"":0.0001,""value"":0,""since_minute_bucket_ist"":""2026-07-31 13:16"",""last_updated_ist"":""2026-07-31 13:17:00""}"
2026-07-31 00:00:00,2026-07-31 13:19:00,245,NIFTY,FLOW_BEARISH_BUILD,ON,HIGH,0.0003,Bearish build (premium-confirmed writing / resistance),"{""dedupe_key"":""NIFTY|FLOW_BEARISH_BUILD|ON|2026-07-31 13:19"",""threshold"":0.005,""value"":0.0003,""since_minute_bucket_ist"":"""",""last_updated_ist"":""2026-07-31 13:19:00""}"
2026-07-31 00:00:00,2026-07-31 13:20:00,246,NIFTY,FLOW_BEARISH_BUILD,OFF,HIGH,-0.0054,Bearish build (premium-confirmed writing / resistance),"{""dedupe_key"":""NIFTY|FLOW_BEARISH_BUILD|OFF|2026-07-31 13:20"",""threshold"":0.005,""value"":-0.0054,""since_minute_bucket_ist"":""2026-07-31 13:19"",""last_updated_ist"":""2026-07-31 13:20:00""}"
2026-07-31 00:00:00,2026-07-31 13:24:00,249,NIFTY,FLOW_BULLISH_BUILD,ON,HIGH,0.0037,Bullish build (premium-confirmed writing / support),"{""dedupe_key"":""NIFTY|FLOW_BULLISH_BUILD|ON|2026-07-31 13:24"",""threshold"":0.005,""value"":0.0037,""since_minute_bucket_ist"":"""",""last_updated_ist"":""2026-07-31 13:24:00""}"
2026-07-31 00:00:00,2026-07-31 13:24:00,249,NIFTY,EXP_RANGE_BREAKOUT_WATCH_UP,ON,MED,24424.45,Expected-range watch UP,"{""dedupe_key"":""NIFTY|EXP_RANGE_BREAKOUT_WATCH_UP|ON|2026-07-31 13:24"",""threshold"":24420.95,""value"":24424.45,""since_minute_bucket_ist"":"""",""last_updated_ist"":""2026-07-31 13:24:00""}"
2026-07-31 00:00:00,2026-07-31 13:24:00,249,NIFTY,VOL_EXPANSION,ON,MED,0.0021,Volatility expanding (straddle up),"{""dedupe_key"":""NIFTY|VOL_EXPANSION|ON|2026-07-31 13:24"",""threshold"":0.02,""value"":0.0021,""since_minute_bucket_ist"":"""",""last_updated_ist"":""2026-07-31 13:24:00""}"
2026-07-31 00:00:00,2026-07-31 13:24:00,249,NIFTY,OPTION_MOMENTUM_CALL,ON,MED,2.9,ATM CALL momentum (ltp up + vol up),"{""dedupe_key"":""NIFTY|OPTION_MOMENTUM_CALL|ON|2026-07-31 13:24"",""threshold"":1.5,""value"":2.9,""since_minute_bucket_ist"":"""",""last_updated_ist"":""2026-07-31 13:24:00""}"
2026-07-31 00:00:00,2026-07-31 13:24:00,249,NIFTY,CHURN_COMMITTED,ON,MED,0.0004,Price move + aligned flow (committed),"{""dedupe_key"":""NIFTY|CHURN_COMMITTED|ON|2026-07-31 13:24"",""threshold"":0.0001,""value"":0.0004,""since_minute_bucket_ist"":"""",""last_updated_ist"":""2026-07-31 13:24:00""}"
2026-07-31 00:00:00,2026-07-31 13:26:00,250,NIFTY,DATA_GAP_LOCK,ON,HIGH,1785484612127,Cooldown after data gap / window shift (signals locked),"{""dedupe_key"":""NIFTY|DATA_GAP_LOCK|ON|2026-07-31 13:26"",""threshold"":1785484732127,""value"":1785484612127,""since_minute_bucket_ist"":"""",""last_updated_ist"":""2026-07-31 13:26:00""}"
2026-07-31 00:00:00,2026-07-31 13:26:00,250,NIFTY,FLOW_BULLISH_BUILD,OFF,HIGH,0.0014,Bullish build (premium-confirmed writing / support),"{""dedupe_key"":""NIFTY|FLOW_BULLISH_BUILD|OFF|2026-07-31 13:26"",""threshold"":0.005,""value"":0.0014,""since_minute_bucket_ist"":""2026-07-31 13:24"",""last_updated_ist"":""2026-07-31 13:26:00""}"
2026-07-31 00:00:00,2026-07-31 13:26:00,250,NIFTY,FLOW_BEARISH_BUILD,ON,HIGH,0.0022,Bearish build (premium-confirmed writing / resistance),"{""dedupe_key"":""NIFTY|FLOW_BEARISH_BUILD|ON|2026-07-31 13:26"",""threshold"":0.005,""value"":0.0022,""since_minute_bucket_ist"":"""",""last_updated_ist"":""2026-07-31 13:26:00""}"
2026-07-31 00:00:00,2026-07-31 13:26:00,250,NIFTY,EXP_RANGE_BREAKOUT_WATCH_UP,OFF,MED,24427.7,Expected-range watch UP,"{""dedupe_key"":""NIFTY|EXP_RANGE_BREAKOUT_WATCH_UP|OFF|2026-07-31 13:26"",""threshold"":24423.61,""value"":24427.7,""since_minute_bucket_ist"":""2026-07-31 13:24"",""last_updated_ist"":""2026-07-31 13:26:00""}"
2026-07-31 00:00:00,2026-07-31 13:26:00,250,NIFTY,VOL_EXPANSION,OFF,MED,-0.0013,Volatility expanding (straddle up),"{""dedupe_key"":""NIFTY|VOL_EXPANSION|OFF|2026-07-31 13:26"",""threshold"":0.02,""value"":-0.0013,""since_minute_bucket_ist"":""2026-07-31 13:24"",""last_updated_ist"":""2026-07-31 13:26:00""}"
2026-07-31 00:00:00,2026-07-31 13:26:00,250,NIFTY,OPTION_MOMENTUM_CALL,OFF,MED,1,ATM CALL momentum (ltp up + vol up),"{""dedupe_key"":""NIFTY|OPTION_MOMENTUM_CALL|OFF|2026-07-31 13:26"",""threshold"":1.5,""value"":1,""since_minute_bucket_ist"":""2026-07-31 13:24"",""last_updated_ist"":""2026-07-31 13:26:00""}"
2026-07-31 00:00:00,2026-07-31 13:26:00,250,NIFTY,CHURN_COMMITTED,OFF,MED,0.0001,Price move + aligned flow (committed),"{""dedupe_key"":""NIFTY|CHURN_COMMITTED|OFF|2026-07-31 13:26"",""threshold"":0.0001,""value"":0.0001,""since_minute_bucket_ist"":""2026-07-31 13:24"",""last_updated_ist"":""2026-07-31 13:26:00""}"
2026-07-31 00:00:00,2026-07-31 13:26:00,250,NIFTY,BULL_TRAP,ON,HIGH,1,Bull trap: failed upside breakout + bearish flow,"{""dedupe_key"":""NIFTY|BULL_TRAP|ON|2026-07-31 13:26"",""threshold"":1,""value"":1,""since_minute_bucket_ist"":"""",""last_updated_ist"":""2026-07-31 13:26:00""}"
2026-07-31 00:00:00,2026-07-31 13:27:00,251,NIFTY,FLOW_BEARISH_BUILD,OFF,HIGH,-0.0089,Bearish build (premium-confirmed writing / resistance),"{""dedupe_key"":""NIFTY|FLOW_BEARISH_BUILD|OFF|2026-07-31 13:27"",""threshold"":0.005,""value"":-0.0089,""since_minute_bucket_ist"":""2026-07-31 13:26"",""last_updated_ist"":""2026-07-31 13:27:00""}"
2026-07-31 00:00:00,2026-07-31 13:27:00,251,NIFTY,BULL_TRAP,OFF,HIGH,1,Bull trap: failed upside breakout + bearish flow,"{""dedupe_key"":""NIFTY|BULL_TRAP|OFF|2026-07-31 13:27"",""threshold"":1,""value"":1,""since_minute_bucket_ist"":""2026-07-31 13:26"",""last_updated_ist"":""2026-07-31 13:27:00""}"
2026-07-31 00:00:00,2026-07-31 13:28:00,252,NIFTY,FLOW_BULLISH_BUILD,ON,HIGH,0.0048,Bullish build (premium-confirmed writing / support),"{""dedupe_key"":""NIFTY|FLOW_BULLISH_BUILD|ON|2026-07-31 13:28"",""threshold"":0.005,""value"":0.0048,""since_minute_bucket_ist"":"""",""last_updated_ist"":""2026-07-31 13:28:00""}"
2026-07-31 00:00:00,2026-07-31 13:29:00,253,NIFTY,DATA_GAP_LOCK,OFF,HIGH,1785484792062,Cooldown after data gap / window shift (signals locked),"{""dedupe_key"":""NIFTY|DATA_GAP_LOCK|OFF|2026-07-31 13:29"",""threshold"":1785484732127,""value"":1785484792062,""since_minute_bucket_ist"":""2026-07-31 13:26"",""last_updated_ist"":""2026-07-31 13:29:00""}"
2026-07-31 00:00:00,2026-07-31 13:29:00,253,NIFTY,FLOW_BULLISH_BUILD,OFF,HIGH,0.0078,Bullish build (premium-confirmed writing / support),"{""dedupe_key"":""NIFTY|FLOW_BULLISH_BUILD|OFF|2026-07-31 13:29"",""threshold"":0.005,""value"":0.0078,""since_minute_bucket_ist"":""2026-07-31 13:28"",""last_updated_ist"":""2026-07-31 13:29:00""}"
2026-07-31 00:00:00,2026-07-31 13:29:00,253,NIFTY,VOL_CONTRACTION,ON,LOW,-0.0069,Volatility contracting (straddle down),"{""dedupe_key"":""NIFTY|VOL_CONTRACTION|ON|2026-07-31 13:29"",""threshold"":-0.03,""value"":-0.0069,""since_minute_bucket_ist"":"""",""last_updated_ist"":""2026-07-31 13:29:00""}"
2026-07-31 00:00:00,2026-07-31 13:29:00,253,NIFTY,OPTION_MOMENTUM_PUT,ON,MED,2.4,ATM PUT momentum (ltp up + vol up),"{""dedupe_key"":""NIFTY|OPTION_MOMENTUM_PUT|ON|2026-07-31 13:29"",""threshold"":1.5,""value"":2.4,""since_minute_bucket_ist"":"""",""last_updated_ist"":""2026-07-31 13:29:00""}"
2026-07-31 00:00:00,2026-07-31 13:30:00,254,NIFTY,OPTION_MOMENTUM_PUT,OFF,MED,1,ATM PUT momentum (ltp up + vol up),"{""dedupe_key"":""NIFTY|OPTION_MOMENTUM_PUT|OFF|2026-07-31 13:30"",""threshold"":1.5,""value"":1,""since_minute_bucket_ist"":""2026-07-31 13:29"",""last_updated_ist"":""2026-07-31 13:30:00""}"
2026-07-31 00:00:00,2026-07-31 13:31:00,255,NIFTY,REGIME_RANGE_PIN,OFF,LOW,0.0002,Range / pin (inside local walls),"{""dedupe_key"":""NIFTY|REGIME_RANGE_PIN|OFF|2026-07-31 13:31"",""threshold"":0.001,""value"":0.0002,""since_minute_bucket_ist"":""2026-07-31 13:03"",""last_updated_ist"":""2026-07-31 13:31:00""}"
2026-07-31 00:00:00,2026-07-31 13:31:00,255,NIFTY,REGIME_TRANSITION_UNCERTAIN,ON,LOW,1,Transition/uncertain regime,"{""dedupe_key"":""NIFTY|REGIME_TRANSITION_UNCERTAIN|ON|2026-07-31 13:31"",""threshold"":1,""value"":1,""since_minute_bucket_ist"":"""",""last_updated_ist"":""2026-07-31 13:31:00""}"
2026-07-31 00:00:00,2026-07-31 13:32:00,256,NIFTY,EXP_RANGE_BREAKOUT_WATCH_DOWN,ON,MED,24408.25,Expected-range watch DOWN,"{""dedupe_key"":""NIFTY|EXP_RANGE_BREAKOUT_WATCH_DOWN|ON|2026-07-31 13:32"",""threshold"":24411.52,""value"":24408.25,""since_minute_bucket_ist"":"""",""last_updated_ist"":""2026-07-31 13:32:00""}"
2026-07-31 00:00:00,2026-07-31 13:32:00,256,NIFTY,OPTION_MOMENTUM_PUT,ON,MED,2.6,ATM PUT momentum (ltp up + vol up),"{""dedupe_key"":""NIFTY|OPTION_MOMENTUM_PUT|ON|2026-07-31 13:32"",""threshold"":1.5,""value"":2.6,""since_minute_bucket_ist"":"""",""last_updated_ist"":""2026-07-31 13:32:00""}"
2026-07-31 00:00:00,2026-07-31 13:33:00,257,NIFTY,EXP_RANGE_BREAKOUT_CONFIRMED_DOWN,ON,HIGH,2,Expected-range breakout CONFIRMED DOWN,"{""dedupe_key"":""NIFTY|EXP_RANGE_BREAKOUT_CONFIRMED_DOWN|ON|2026-07-31 13:33"",""threshold"":2,""value"":2,""since_minute_bucket_ist"":"""",""last_updated_ist"":""2026-07-31 13:33:00""}"
2026-07-31 00:00:00,2026-07-31 13:33:00,257,NIFTY,OPTION_MOMENTUM_PUT,OFF,MED,-0.3,ATM PUT momentum (ltp up + vol up),"{""dedupe_key"":""NIFTY|OPTION_MOMENTUM_PUT|OFF|2026-07-31 13:33"",""threshold"":1.5,""value"":-0.3,""since_minute_bucket_ist"":""2026-07-31 13:32"",""last_updated_ist"":""2026-07-31 13:33:00""}"
2026-07-31 00:00:00,2026-07-31 13:35:00,259,NIFTY,FLOW_BEARISH_BUILD,ON,HIGH,0.0044,Bearish build (premium-confirmed writing / resistance),"{""dedupe_key"":""NIFTY|FLOW_BEARISH_BUILD|ON|2026-07-31 13:35"",""threshold"":0.005,""value"":0.0044,""since_minute_bucket_ist"":"""",""last_updated_ist"":""2026-07-31 13:35:00""}"
2026-07-31 00:00:00,2026-07-31 13:35:00,259,NIFTY,PIN_BREAKOUT_SETUP,ON,MED,-1.6999999999970896,Pin breakout setup (wall touch + aligned flow),"{""dedupe_key"":""NIFTY|PIN_BREAKOUT_SETUP|ON|2026-07-31 13:35"",""threshold"":0,""value"":-1.6999999999970896,""since_minute_bucket_ist"":"""",""last_updated_ist"":""2026-07-31 13:35:00""}"
2026-07-31 00:00:00,2026-07-31 13:35:00,259,NIFTY,VOL_CONTRACTION,OFF,LOW,-0.004,Volatility contracting (straddle down),"{""dedupe_key"":""NIFTY|VOL_CONTRACTION|OFF|2026-07-31 13:35"",""threshold"":-0.03,""value"":-0.004,""since_minute_bucket_ist"":""2026-07-31 13:29"",""last_updated_ist"":""2026-07-31 13:35:00""}"
2026-07-31 00:00:00,2026-07-31 13:35:00,259,NIFTY,WALL_PRESSURE_BREAK_SETUP,ON,MED,-1.6999999999970896,Pressure building into a wall (break setup),"{""dedupe_key"":""NIFTY|WALL_PRESSURE_BREAK_SETUP|ON|2026-07-31 13:35"",""threshold"":0,""value"":-1.6999999999970896,""since_minute_bucket_ist"":"""",""last_updated_ist"":""2026-07-31 13:35:00""}"
2026-07-31 00:00:00,2026-07-31 13:36:00,260,NIFTY,FLOW_BEARISH_BUILD,OFF,HIGH,0,Bearish build (premium-confirmed writing / resistance),"{""dedupe_key"":""NIFTY|FLOW_BEARISH_BUILD|OFF|2026-07-31 13:36"",""threshold"":0.005,""value"":0,""since_minute_bucket_ist"":""2026-07-31 13:35"",""last_updated_ist"":""2026-07-31 13:36:00""}"
2026-07-31 00:00:00,2026-07-31 13:36:00,260,NIFTY,PIN_BREAKOUT_SETUP,OFF,MED,0,Pin breakout setup (wall touch + aligned flow),"{""dedupe_key"":""NIFTY|PIN_BREAKOUT_SETUP|OFF|2026-07-31 13:36"",""threshold"":0,""value"":0,""since_minute_bucket_ist"":""2026-07-31 13:35"",""last_updated_ist"":""2026-07-31 13:36:00""}"
2026-07-31 00:00:00,2026-07-31 13:36:00,260,NIFTY,EXP_RANGE_BREAKOUT_WATCH_DOWN,OFF,MED,24402.4,Expected-range watch DOWN,"{""dedupe_key"":""NIFTY|EXP_RANGE_BREAKOUT_WATCH_DOWN|OFF|2026-07-31 13:36"",""threshold"":24401.36,""value"":24402.4,""since_minute_bucket_ist"":""2026-07-31 13:32"",""last_updated_ist"":""2026-07-31 13:36:00""}"
2026-07-31 00:00:00,2026-07-31 13:36:00,260,NIFTY,EXP_RANGE_BREAKOUT_CONFIRMED_DOWN,OFF,HIGH,0,Expected-range breakout CONFIRMED DOWN,"{""dedupe_key"":""NIFTY|EXP_RANGE_BREAKOUT_CONFIRMED_DOWN|OFF|2026-07-31 13:36"",""threshold"":2,""value"":0,""since_minute_bucket_ist"":""2026-07-31 13:33"",""last_updated_ist"":""2026-07-31 13:36:00""}"
2026-07-31 00:00:00,2026-07-31 13:36:00,260,NIFTY,WALL_PRESSURE_BREAK_SETUP,OFF,MED,0,Pressure building into a wall (break setup),"{""dedupe_key"":""NIFTY|WALL_PRESSURE_BREAK_SETUP|OFF|2026-07-31 13:36"",""threshold"":0,""value"":0,""since_minute_bucket_ist"":""2026-07-31 13:35"",""last_updated_ist"":""2026-07-31 13:36:00""}"
2026-07-31 00:00:00,2026-07-31 13:37:00,261,NIFTY,FLOW_BEARISH_BUILD,ON,HIGH,0.0152,Bearish build (premium-confirmed writing / resistance),"{""dedupe_key"":""NIFTY|FLOW_BEARISH_BUILD|ON|2026-07-31 13:37"",""threshold"":0.005,""value"":0.0152,""since_minute_bucket_ist"":"""",""last_updated_ist"":""2026-07-31 13:37:00""}"
2026-07-31 00:00:00,2026-07-31 13:37:00,261,NIFTY,REGIME_RANGE_PIN,ON,LOW,0.0001,Range / pin (inside local walls),"{""dedupe_key"":""NIFTY|REGIME_RANGE_PIN|ON|2026-07-31 13:37"",""threshold"":0.001,""value"":0.0001,""since_minute_bucket_ist"":"""",""last_updated_ist"":""2026-07-31 13:37:00""}"
2026-07-31 00:00:00,2026-07-31 13:37:00,261,NIFTY,REGIME_TRANSITION_UNCERTAIN,OFF,LOW,1,Transition/uncertain regime,"{""dedupe_key"":""NIFTY|REGIME_TRANSITION_UNCERTAIN|OFF|2026-07-31 13:37"",""threshold"":1,""value"":1,""since_minute_bucket_ist"":""2026-07-31 13:31"",""last_updated_ist"":""2026-07-31 13:37:00""}"
2026-07-31 00:00:00,2026-07-31 13:37:00,261,NIFTY,VOL_CONTRACTION,ON,LOW,-0.0013,Volatility contracting (straddle down),"{""dedupe_key"":""NIFTY|VOL_CONTRACTION|ON|2026-07-31 13:37"",""threshold"":-0.03,""value"":-0.0013,""since_minute_bucket_ist"":"""",""last_updated_ist"":""2026-07-31 13:37:00""}"
2026-07-31 00:00:00,2026-07-31 13:37:00,261,NIFTY,WALL_UNWIND_CONFIRM_DOWN,ON,MED,-0.037,Put wall OI unwinding (5m),"{""dedupe_key"":""NIFTY|WALL_UNWIND_CONFIRM_DOWN|ON|2026-07-31 13:37"",""threshold"":-0.006,""value"":-0.037,""since_minute_bucket_ist"":"""",""last_updated_ist"":""2026-07-31 13:37:00""}"
2026-07-31 00:00:00,2026-07-31 13:37:00,261,NIFTY,STEALTH_BUILD_BEAR,ON,MED,0.0152,"Stealth bearish build (calls build, spot flat)","{""dedupe_key"":""NIFTY|STEALTH_BUILD_BEAR|ON|2026-07-31 13:37"",""threshold"":0.008,""value"":0.0152,""since_minute_bucket_ist"":"""",""last_updated_ist"":""2026-07-31 13:37:00""}"
2026-07-31 00:00:00,2026-07-31 13:38:00,262,NIFTY,FLOW_BEARISH_BUILD,OFF,HIGH,0,Bearish build (premium-confirmed writing / resistance),"{""dedupe_key"":""NIFTY|FLOW_BEARISH_BUILD|OFF|2026-07-31 13:38"",""threshold"":0.005,""value"":0,""since_minute_bucket_ist"":""2026-07-31 13:37"",""last_updated_ist"":""2026-07-31 13:38:00""}"
2026-07-31 00:00:00,2026-07-31 13:38:00,262,NIFTY,VOL_CONTRACTION,OFF,LOW,-0.0013,Volatility contracting (straddle down),"{""dedupe_key"":""NIFTY|VOL_CONTRACTION|OFF|2026-07-31 13:38"",""threshold"":-0.03,""value"":-0.0013,""since_minute_bucket_ist"":""2026-07-31 13:37"",""last_updated_ist"":""2026-07-31 13:38:00""}"
2026-07-31 00:00:00,2026-07-31 13:38:00,262,NIFTY,STEALTH_BUILD_BEAR,OFF,MED,0,"Stealth bearish build (calls build, spot flat)","{""dedupe_key"":""NIFTY|STEALTH_BUILD_BEAR|OFF|2026-07-31 13:38"",""threshold"":0.008,""value"":0,""since_minute_bucket_ist"":""2026-07-31 13:37"",""last_updated_ist"":""2026-07-31 13:38:00""}"
2026-07-31 00:00:00,2026-07-31 13:39:00,263,NIFTY,VOL_CONTRACTION,ON,LOW,-0.0089,Volatility contracting (straddle down),"{""dedupe_key"":""NIFTY|VOL_CONTRACTION|ON|2026-07-31 13:39"",""threshold"":-0.03,""value"":-0.0089,""since_minute_bucket_ist"":"""",""last_updated_ist"":""2026-07-31 13:39:00""}"
2026-07-31 00:00:00,2026-07-31 13:39:00,263,NIFTY,OPTION_MOMENTUM_PUT,ON,MED,1.8,ATM PUT momentum (ltp up + vol up),"{""dedupe_key"":""NIFTY|OPTION_MOMENTUM_PUT|ON|2026-07-31 13:39"",""threshold"":1.5,""value"":1.8,""since_minute_bucket_ist"":"""",""last_updated_ist"":""2026-07-31 13:39:00""}"
2026-07-31 00:00:00,2026-07-31 13:39:00,263,NIFTY,STEALTH_BUILD_BEAR,ON,MED,0.0093,"Stealth bearish build (calls build, spot flat)","{""dedupe_key"":""NIFTY|STEALTH_BUILD_BEAR|ON|2026-07-31 13:39"",""threshold"":0.008,""value"":0.0093,""since_minute_bucket_ist"":"""",""last_updated_ist"":""2026-07-31 13:39:00""}"
2026-07-31 00:00:00,2026-07-31 13:40:00,264,NIFTY,OPTION_MOMENTUM_PUT,OFF,MED,0,ATM PUT momentum (ltp up + vol up),"{""dedupe_key"":""NIFTY|OPTION_MOMENTUM_PUT|OFF|2026-07-31 13:40"",""threshold"":1.5,""value"":0,""since_minute_bucket_ist"":""2026-07-31 13:39"",""last_updated_ist"":""2026-07-31 13:40:00""}"
2026-07-31 00:00:00,2026-07-31 13:40:00,264,NIFTY,STEALTH_BUILD_BEAR,OFF,MED,0,"Stealth bearish build (calls build, spot flat)","{""dedupe_key"":""NIFTY|STEALTH_BUILD_BEAR|OFF|2026-07-31 13:40"",""threshold"":0.008,""value"":0,""since_minute_bucket_ist"":""2026-07-31 13:39"",""last_updated_ist"":""2026-07-31 13:40:00""}"
2026-07-31 00:00:00,2026-07-31 13:41:00,265,NIFTY,REGIME_RANGE_PIN,OFF,LOW,0.0001,Range / pin (inside local walls),"{""dedupe_key"":""NIFTY|REGIME_RANGE_PIN|OFF|2026-07-31 13:41"",""threshold"":0.001,""value"":0.0001,""since_minute_bucket_ist"":""2026-07-31 13:37"",""last_updated_ist"":""2026-07-31 13:41:00""}"
2026-07-31 00:00:00,2026-07-31 13:41:00,265,NIFTY,REGIME_TRANSITION_UNCERTAIN,ON,LOW,1,Transition/uncertain regime,"{""dedupe_key"":""NIFTY|REGIME_TRANSITION_UNCERTAIN|ON|2026-07-31 13:41"",""threshold"":1,""value"":1,""since_minute_bucket_ist"":"""",""last_updated_ist"":""2026-07-31 13:41:00""}"
2026-07-31 00:00:00,2026-07-31 13:41:00,265,NIFTY,EXP_RANGE_BREAKOUT_WATCH_DOWN,ON,MED,24394.95,Expected-range watch DOWN,"{""dedupe_key"":""NIFTY|EXP_RANGE_BREAKOUT_WATCH_DOWN|ON|2026-07-31 13:41"",""threshold"":24397.2,""value"":24394.95,""since_minute_bucket_ist"":"""",""last_updated_ist"":""2026-07-31 13:41:00""}"
2026-07-31 00:00:00,2026-07-31 13:41:00,265,NIFTY,WALL_UNWIND_CONFIRM_DOWN,OFF,MED,-0.0025,Put wall OI unwinding (5m),"{""dedupe_key"":""NIFTY|WALL_UNWIND_CONFIRM_DOWN|OFF|2026-07-31 13:41"",""threshold"":-0.006,""value"":-0.0025,""since_minute_bucket_ist"":""2026-07-31 13:37"",""last_updated_ist"":""2026-07-31 13:41:00""}"
2026-07-31 00:00:00,2026-07-31 13:41:00,265,NIFTY,STEALTH_BUILD_BULL,ON,MED,0.0138,"Stealth bullish build (puts build, spot flat)","{""dedupe_key"":""NIFTY|STEALTH_BUILD_BULL|ON|2026-07-31 13:41"",""threshold"":0.008,""value"":0.0138,""since_minute_bucket_ist"":"""",""last_updated_ist"":""2026-07-31 13:41:00""}"
2026-07-31 00:00:00,2026-07-31 13:41:00,265,NIFTY,WALL_SHIFT_REGIME,ON,MED,1,Wall strike shifted materially (>= 1 step),"{""dedupe_key"":""NIFTY|WALL_SHIFT_REGIME|ON|2026-07-31 13:41"",""threshold"":1,""value"":1,""since_minute_bucket_ist"":"""",""last_updated_ist"":""2026-07-31 13:41:00""}"
2026-07-31 00:00:00,2026-07-31 13:42:00,266,NIFTY,EXP_RANGE_BREAKOUT_CONFIRMED_DOWN,ON,HIGH,2,Expected-range breakout CONFIRMED DOWN,"{""dedupe_key"":""NIFTY|EXP_RANGE_BREAKOUT_CONFIRMED_DOWN|ON|2026-07-31 13:42"",""threshold"":2,""value"":2,""since_minute_bucket_ist"":"""",""last_updated_ist"":""2026-07-31 13:42:00""}"
2026-07-31 00:00:00,2026-07-31 13:42:00,266,NIFTY,STEALTH_BUILD_BULL,OFF,MED,0,"Stealth bullish build (puts build, spot flat)","{""dedupe_key"":""NIFTY|STEALTH_BUILD_BULL|OFF|2026-07-31 13:42"",""threshold"":0.008,""value"":0,""since_minute_bucket_ist"":""2026-07-31 13:41"",""last_updated_ist"":""2026-07-31 13:42:00""}"
2026-07-31 00:00:00,2026-07-31 13:42:00,266,NIFTY,WALL_SHIFT_REGIME,OFF,MED,1,Wall strike shifted materially (>= 1 step),"{""dedupe_key"":""NIFTY|WALL_SHIFT_REGIME|OFF|2026-07-31 13:42"",""threshold"":1,""value"":1,""since_minute_bucket_ist"":""2026-07-31 13:41"",""last_updated_ist"":""2026-07-31 13:42:00""}"
2026-07-31 00:00:00,2026-07-31 13:43:00,267,NIFTY,FLOW_BOTH_BUILDING,ON,MED,0.0051,Both sides building (straddle build) → higher chop risk,"{""dedupe_key"":""NIFTY|FLOW_BOTH_BUILDING|ON|2026-07-31 13:43"",""threshold"":0.005,""value"":0.0051,""since_minute_bucket_ist"":"""",""last_updated_ist"":""2026-07-31 13:43:00""}"
2026-07-31 00:00:00,2026-07-31 13:43:00,267,NIFTY,EXP_RANGE_BREAKOUT_WATCH_DOWN,OFF,MED,24397.65,Expected-range watch DOWN,"{""dedupe_key"":""NIFTY|EXP_RANGE_BREAKOUT_WATCH_DOWN|OFF|2026-07-31 13:43"",""threshold"":24395.97,""value"":24397.65,""since_minute_bucket_ist"":""2026-07-31 13:41"",""last_updated_ist"":""2026-07-31 13:43:00""}"
2026-07-31 00:00:00,2026-07-31 13:43:00,267,NIFTY,EXP_RANGE_BREAKOUT_CONFIRMED_DOWN,OFF,HIGH,0,Expected-range breakout CONFIRMED DOWN,"{""dedupe_key"":""NIFTY|EXP_RANGE_BREAKOUT_CONFIRMED_DOWN|OFF|2026-07-31 13:43"",""threshold"":2,""value"":0,""since_minute_bucket_ist"":""2026-07-31 13:42"",""last_updated_ist"":""2026-07-31 13:43:00""}"
2026-07-31 00:00:00,2026-07-31 13:43:00,267,NIFTY,OPTION_MOMENTUM_CALL,ON,MED,2.95,ATM CALL momentum (ltp up + vol up),"{""dedupe_key"":""NIFTY|OPTION_MOMENTUM_CALL|ON|2026-07-31 13:43"",""threshold"":1.5,""value"":2.95,""since_minute_bucket_ist"":"""",""last_updated_ist"":""2026-07-31 13:43:00""}"
2026-07-31 00:00:00,2026-07-31 13:44:00,268,NIFTY,FLOW_BOTH_BUILDING,OFF,MED,0,Both sides building (straddle build) → higher chop risk,"{""dedupe_key"":""NIFTY|FLOW_BOTH_BUILDING|OFF|2026-07-31 13:44"",""threshold"":0.005,""value"":0,""since_minute_bucket_ist"":""2026-07-31 13:43"",""last_updated_ist"":""2026-07-31 13:44:00""}"
2026-07-31 00:00:00,2026-07-31 13:44:00,268,NIFTY,OPTION_MOMENTUM_CALL,OFF,MED,-0.45,ATM CALL momentum (ltp up + vol up),"{""dedupe_key"":""NIFTY|OPTION_MOMENTUM_CALL|OFF|2026-07-31 13:44"",""threshold"":1.5,""value"":-0.45,""since_minute_bucket_ist"":""2026-07-31 13:43"",""last_updated_ist"":""2026-07-31 13:44:00""}"
2026-07-31 00:00:00,2026-07-31 13:45:00,269,NIFTY,EXP_RANGE_BREAKOUT_WATCH_DOWN,ON,MED,24393.7,Expected-range watch DOWN,"{""dedupe_key"":""NIFTY|EXP_RANGE_BREAKOUT_WATCH_DOWN|ON|2026-07-31 13:45"",""threshold"":24394.21,""value"":24393.7,""since_minute_bucket_ist"":"""",""last_updated_ist"":""2026-07-31 13:45:00""}"
2026-07-31 00:00:00,2026-07-31 13:45:00,269,NIFTY,VOL_CONTRACTION,OFF,LOW,0.0008,Volatility contracting (straddle down),"{""dedupe_key"":""NIFTY|VOL_CONTRACTION|OFF|2026-07-31 13:45"",""threshold"":-0.03,""value"":0.0008,""since_minute_bucket_ist"":""2026-07-31 13:39"",""last_updated_ist"":""2026-07-31 13:45:00""}"
2026-07-31 00:00:00,2026-07-31 13:45:00,269,NIFTY,STEALTH_BUILD_BEAR,ON,MED,0.0083,"Stealth bearish build (calls build, spot flat)","{""dedupe_key"":""NIFTY|STEALTH_BUILD_BEAR|ON|2026-07-31 13:45"",""threshold"":0.008,""value"":0.0083,""since_minute_bucket_ist"":"""",""last_updated_ist"":""2026-07-31 13:45:00""}"
2026-07-31 00:00:00,2026-07-31 13:46:00,270,NIFTY,EXP_RANGE_BREAKOUT_WATCH_DOWN,OFF,MED,24393.7,Expected-range watch DOWN,"{""dedupe_key"":""NIFTY|EXP_RANGE_BREAKOUT_WATCH_DOWN|OFF|2026-07-31 13:46"",""threshold"":24393.11,""value"":24393.7,""since_minute_bucket_ist"":""2026-07-31 13:45"",""last_updated_ist"":""2026-07-31 13:46:00""}"
2026-07-31 00:00:00,2026-07-31 13:46:00,270,NIFTY,STEALTH_BUILD_BEAR,OFF,MED,0,"Stealth bearish build (calls build, spot flat)","{""dedupe_key"":""NIFTY|STEALTH_BUILD_BEAR|OFF|2026-07-31 13:46"",""threshold"":0.008,""value"":0,""since_minute_bucket_ist"":""2026-07-31 13:45"",""last_updated_ist"":""2026-07-31 13:46:00""}"
2026-07-31 00:00:00,2026-07-31 13:48:00,272,NIFTY,OPTION_MOMENTUM_CALL,ON,MED,2.35,ATM CALL momentum (ltp up + vol up),"{""dedupe_key"":""NIFTY|OPTION_MOMENTUM_CALL|ON|2026-07-31 13:48"",""threshold"":1.5,""value"":2.35,""since_minute_bucket_ist"":"""",""last_updated_ist"":""2026-07-31 13:48:00""}"
2026-07-31 00:00:00,2026-07-31 13:50:00,274,NIFTY,OPTION_MOMENTUM_CALL,OFF,MED,0,ATM CALL momentum (ltp up + vol up),"{""dedupe_key"":""NIFTY|OPTION_MOMENTUM_CALL|OFF|2026-07-31 13:50"",""threshold"":1.5,""value"":0,""since_minute_bucket_ist"":""2026-07-31 13:48"",""last_updated_ist"":""2026-07-31 13:50:00""}"
2026-07-31 00:00:00,2026-07-31 13:50:00,274,NIFTY,WALL_UNWIND_CONFIRM_DOWN,ON,MED,-0.0064,Put wall OI unwinding (5m),"{""dedupe_key"":""NIFTY|WALL_UNWIND_CONFIRM_DOWN|ON|2026-07-31 13:50"",""threshold"":-0.006,""value"":-0.0064,""since_minute_bucket_ist"":"""",""last_updated_ist"":""2026-07-31 13:50:00""}"
2026-07-31 00:00:00,2026-07-31 13:51:00,275,NIFTY,FLOW_BEARISH_BUILD,ON,HIGH,0.008,Bearish build (premium-confirmed writing / resistance),"{""dedupe_key"":""NIFTY|FLOW_BEARISH_BUILD|ON|2026-07-31 13:51"",""threshold"":0.005,""value"":0.008,""since_minute_bucket_ist"":"""",""last_updated_ist"":""2026-07-31 13:51:00""}"
2026-07-31 00:00:00,2026-07-31 13:51:00,275,NIFTY,EXP_RANGE_BREAKOUT_WATCH_UP,ON,MED,24402.05,Expected-range watch UP,"{""dedupe_key"":""NIFTY|EXP_RANGE_BREAKOUT_WATCH_UP|ON|2026-07-31 13:51"",""threshold"":24401.43,""value"":24402.05,""since_minute_bucket_ist"":"""",""last_updated_ist"":""2026-07-31 13:51:00""}"
2026-07-31 00:00:00,2026-07-31 13:51:00,275,NIFTY,VOL_EXPANSION,ON,MED,0.0014,Volatility expanding (straddle up),"{""dedupe_key"":""NIFTY|VOL_EXPANSION|ON|2026-07-31 13:51"",""threshold"":0.02,""value"":0.0014,""since_minute_bucket_ist"":"""",""last_updated_ist"":""2026-07-31 13:51:00""}"
2026-07-31 00:00:00,2026-07-31 13:51:00,275,NIFTY,STEALTH_BUILD_BEAR,ON,MED,0.008,"Stealth bearish build (calls build, spot flat)","{""dedupe_key"":""NIFTY|STEALTH_BUILD_BEAR|ON|2026-07-31 13:51"",""threshold"":0.008,""value"":0.008,""since_minute_bucket_ist"":"""",""last_updated_ist"":""2026-07-31 13:51:00""}"
2026-07-31 00:00:00,2026-07-31 13:52:00,276,NIFTY,FLOW_BEARISH_BUILD,OFF,HIGH,0,Bearish build (premium-confirmed writing / resistance),"{""dedupe_key"":""NIFTY|FLOW_BEARISH_BUILD|OFF|2026-07-31 13:52"",""threshold"":0.005,""value"":0,""since_minute_bucket_ist"":""2026-07-31 13:51"",""last_updated_ist"":""2026-07-31 13:52:00""}"
2026-07-31 00:00:00,2026-07-31 13:52:00,276,NIFTY,EXP_RANGE_BREAKOUT_CONFIRMED_UP,ON,HIGH,2,Expected-range breakout CONFIRMED UP,"{""dedupe_key"":""NIFTY|EXP_RANGE_BREAKOUT_CONFIRMED_UP|ON|2026-07-31 13:52"",""threshold"":2,""value"":2,""since_minute_bucket_ist"":"""",""last_updated_ist"":""2026-07-31 13:52:00""}"
2026-07-31 00:00:00,2026-07-31 13:52:00,276,NIFTY,STEALTH_BUILD_BEAR,OFF,MED,0,"Stealth bearish build (calls build, spot flat)","{""dedupe_key"":""NIFTY|STEALTH_BUILD_BEAR|OFF|2026-07-31 13:52"",""threshold"":0.008,""value"":0,""since_minute_bucket_ist"":""2026-07-31 13:51"",""last_updated_ist"":""2026-07-31 13:52:00""}"
2026-07-31 00:00:00,2026-07-31 13:55:00,279,NIFTY,VOL_EXPANSION,OFF,MED,0.0022,Volatility expanding (straddle up),"{""dedupe_key"":""NIFTY|VOL_EXPANSION|OFF|2026-07-31 13:55"",""threshold"":0.02,""value"":0.0022,""since_minute_bucket_ist"":""2026-07-31 13:51"",""last_updated_ist"":""2026-07-31 13:55:00""}"
2026-07-31 00:00:00,2026-07-31 13:56:00,280,NIFTY,FLOW_BULLISH_BUILD,ON,HIGH,0.0006,Bullish build (premium-confirmed writing / support),"{""dedupe_key"":""NIFTY|FLOW_BULLISH_BUILD|ON|2026-07-31 13:56"",""threshold"":0.005,""value"":0.0006,""since_minute_bucket_ist"":"""",""last_updated_ist"":""2026-07-31 13:56:00""}"
2026-07-31 00:00:00,2026-07-31 13:56:00,280,NIFTY,PIN_BREAKOUT_SETUP,ON,MED,1.5499999999992724,Pin breakout setup (wall touch + aligned flow),"{""dedupe_key"":""NIFTY|PIN_BREAKOUT_SETUP|ON|2026-07-31 13:56"",""threshold"":0,""value"":1.5499999999992724,""since_minute_bucket_ist"":"""",""last_updated_ist"":""2026-07-31 13:56:00""}"
2026-07-31 00:00:00,2026-07-31 13:56:00,280,NIFTY,VOL_EXPANSION,ON,MED,0.0044,Volatility expanding (straddle up),"{""dedupe_key"":""NIFTY|VOL_EXPANSION|ON|2026-07-31 13:56"",""threshold"":0.02,""value"":0.0044,""since_minute_bucket_ist"":"""",""last_updated_ist"":""2026-07-31 13:56:00""}"
2026-07-31 00:00:00,2026-07-31 13:56:00,280,NIFTY,WALL_UNWIND_CONFIRM_UP,ON,MED,-0.0266,Call wall OI unwinding (5m),"{""dedupe_key"":""NIFTY|WALL_UNWIND_CONFIRM_UP|ON|2026-07-31 13:56"",""threshold"":-0.006,""value"":-0.0266,""since_minute_bucket_ist"":"""",""last_updated_ist"":""2026-07-31 13:56:00""}"
2026-07-31 00:00:00,2026-07-31 13:56:00,280,NIFTY,WALL_PRESSURE_BREAK_SETUP,ON,MED,1.5499999999992724,Pressure building into a wall (break setup),"{""dedupe_key"":""NIFTY|WALL_PRESSURE_BREAK_SETUP|ON|2026-07-31 13:56"",""threshold"":0,""value"":1.5499999999992724,""since_minute_bucket_ist"":"""",""last_updated_ist"":""2026-07-31 13:56:00""}"
2026-07-31 00:00:00,2026-07-31 13:56:00,280,NIFTY,FOMO_BREAKOUT,ON,HIGH,1,FOMO breakout: breakout UP + bullish flow + vol expansion,"{""dedupe_key"":""NIFTY|FOMO_BREAKOUT|ON|2026-07-31 13:56"",""threshold"":1,""value"":1,""since_minute_bucket_ist"":"""",""last_updated_ist"":""2026-07-31 13:56:00""}"
2026-07-31 00:00:00,2026-07-31 13:57:00,281,NIFTY,FLOW_BULLISH_BUILD,OFF,HIGH,0,Bullish build (premium-confirmed writing / support),"{""dedupe_key"":""NIFTY|FLOW_BULLISH_BUILD|OFF|2026-07-31 13:57"",""threshold"":0.005,""value"":0,""since_minute_bucket_ist"":""2026-07-31 13:56"",""last_updated_ist"":""2026-07-31 13:57:00""}"
2026-07-31 00:00:00,2026-07-31 13:57:00,281,NIFTY,PIN_BREAKOUT_SETUP,OFF,MED,0,Pin breakout setup (wall touch + aligned flow),"{""dedupe_key"":""NIFTY|PIN_BREAKOUT_SETUP|OFF|2026-07-31 13:57"",""threshold"":0,""value"":0,""since_minute_bucket_ist"":""2026-07-31 13:56"",""last_updated_ist"":""2026-07-31 13:57:00""}"
2026-07-31 00:00:00,2026-07-31 13:57:00,281,NIFTY,WALL_PRESSURE_BREAK_SETUP,OFF,MED,0,Pressure building into a wall (break setup),"{""dedupe_key"":""NIFTY|WALL_PRESSURE_BREAK_SETUP|OFF|2026-07-31 13:57"",""threshold"":0,""value"":0,""since_minute_bucket_ist"":""2026-07-31 13:56"",""last_updated_ist"":""2026-07-31 13:57:00""}"
2026-07-31 00:00:00,2026-07-31 13:57:00,281,NIFTY,FOMO_BREAKOUT,OFF,HIGH,1,FOMO breakout: breakout UP + bullish flow + vol expansion,"{""dedupe_key"":""NIFTY|FOMO_BREAKOUT|OFF|2026-07-31 13:57"",""threshold"":1,""value"":1,""since_minute_bucket_ist"":""2026-07-31 13:56"",""last_updated_ist"":""2026-07-31 13:57:00""}"
2026-07-31 00:00:00,2026-07-31 13:58:00,282,NIFTY,FLOW_BEARISH_BUILD,ON,HIGH,0.0031,Bearish build (premium-confirmed writing / resistance),"{""dedupe_key"":""NIFTY|FLOW_BEARISH_BUILD|ON|2026-07-31 13:58"",""threshold"":0.005,""value"":0.0031,""since_minute_bucket_ist"":"""",""last_updated_ist"":""2026-07-31 13:58:00""}"
2026-07-31 00:00:00,2026-07-31 13:58:00,282,NIFTY,PIN_BREAKOUT_SETUP,ON,MED,-0.75,Pin breakout setup (wall touch + aligned flow),"{""dedupe_key"":""NIFTY|PIN_BREAKOUT_SETUP|ON|2026-07-31 13:58"",""threshold"":0,""value"":-0.75,""since_minute_bucket_ist"":"""",""last_updated_ist"":""2026-07-31 13:58:00""}"
2026-07-31 00:00:00,2026-07-31 13:58:00,282,NIFTY,EXP_RANGE_BREAKOUT_WATCH_UP,OFF,MED,24408.3,Expected-range watch UP,"{""dedupe_key"":""NIFTY|EXP_RANGE_BREAKOUT_WATCH_UP|OFF|2026-07-31 13:58"",""threshold"":24409.1,""value"":24408.3,""since_minute_bucket_ist"":""2026-07-31 13:51"",""last_updated_ist"":""2026-07-31 13:58:00""}"
2026-07-31 00:00:00,2026-07-31 13:58:00,282,NIFTY,EXP_RANGE_BREAKOUT_CONFIRMED_UP,OFF,HIGH,0,Expected-range breakout CONFIRMED UP,"{""dedupe_key"":""NIFTY|EXP_RANGE_BREAKOUT_CONFIRMED_UP|OFF|2026-07-31 13:58"",""threshold"":2,""value"":0,""since_minute_bucket_ist"":""2026-07-31 13:52"",""last_updated_ist"":""2026-07-31 13:58:00""}"
2026-07-31 00:00:00,2026-07-31 13:58:00,282,NIFTY,WALL_UNWIND_CONFIRM_UP,OFF,MED,-0.005,Call wall OI unwinding (5m),"{""dedupe_key"":""NIFTY|WALL_UNWIND_CONFIRM_UP|OFF|2026-07-31 13:58"",""threshold"":-0.006,""value"":-0.005,""since_minute_bucket_ist"":""2026-07-31 13:56"",""last_updated_ist"":""2026-07-31 13:58:00""}"
2026-07-31 00:00:00,2026-07-31 13:58:00,282,NIFTY,WALL_UNWIND_CONFIRM_DOWN,OFF,MED,0.0109,Put wall OI unwinding (5m),"{""dedupe_key"":""NIFTY|WALL_UNWIND_CONFIRM_DOWN|OFF|2026-07-31 13:58"",""threshold"":-0.006,""value"":0.0109,""since_minute_bucket_ist"":""2026-07-31 13:50"",""last_updated_ist"":""2026-07-31 13:58:00""}"
2026-07-31 00:00:00,2026-07-31 13:58:00,282,NIFTY,WALL_PRESSURE_BREAK_SETUP,ON,MED,-0.75,Pressure building into a wall (break setup),"{""dedupe_key"":""NIFTY|WALL_PRESSURE_BREAK_SETUP|ON|2026-07-31 13:58"",""threshold"":0,""value"":-0.75,""since_minute_bucket_ist"":"""",""last_updated_ist"":""2026-07-31 13:58:00""}"
2026-07-31 00:00:00,2026-07-31 13:59:00,283,NIFTY,FLOW_BEARISH_BUILD,OFF,HIGH,0,Bearish build (premium-confirmed writing / resistance),"{""dedupe_key"":""NIFTY|FLOW_BEARISH_BUILD|OFF|2026-07-31 13:59"",""threshold"":0.005,""value"":0,""since_minute_bucket_ist"":""2026-07-31 13:58"",""last_updated_ist"":""2026-07-31 13:59:00""}"
2026-07-31 00:00:00,2026-07-31 13:59:00,283,NIFTY,PIN_BREAKOUT_SETUP,OFF,MED,0,Pin breakout setup (wall touch + aligned flow),"{""dedupe_key"":""NIFTY|PIN_BREAKOUT_SETUP|OFF|2026-07-31 13:59"",""threshold"":0,""value"":0,""since_minute_bucket_ist"":""2026-07-31 13:58"",""last_updated_ist"":""2026-07-31 13:59:00""}"
2026-07-31 00:00:00,2026-07-31 13:59:00,283,NIFTY,WALL_PRESSURE_BREAK_SETUP,OFF,MED,0,Pressure building into a wall (break setup),"{""dedupe_key"":""NIFTY|WALL_PRESSURE_BREAK_SETUP|OFF|2026-07-31 13:59"",""threshold"":0,""value"":0,""since_minute_bucket_ist"":""2026-07-31 13:58"",""last_updated_ist"":""2026-07-31 13:59:00""}"
2026-07-31 00:00:00,2026-07-31 14:00:00,284,NIFTY,FLOW_BULLISH_BUILD,ON,HIGH,0.0015,Bullish build (premium-confirmed writing / support),"{""dedupe_key"":""NIFTY|FLOW_BULLISH_BUILD|ON|2026-07-31 14:00"",""threshold"":0.005,""value"":0.0015,""since_minute_bucket_ist"":"""",""last_updated_ist"":""2026-07-31 14:00:00""}"
2026-07-31 00:00:00,2026-07-31 14:00:00,284,NIFTY,PIN_BREAKOUT_SETUP,ON,MED,3.5499999999992724,Pin breakout setup (wall touch + aligned flow),"{""dedupe_key"":""NIFTY|PIN_BREAKOUT_SETUP|ON|2026-07-31 14:00"",""threshold"":0,""value"":3.5499999999992724,""since_minute_bucket_ist"":"""",""last_updated_ist"":""2026-07-31 14:00:00""}"
2026-07-31 00:00:00,2026-07-31 14:00:00,284,NIFTY,EXP_RANGE_BREAKOUT_WATCH_UP,ON,MED,24411.85,Expected-range watch UP,"{""dedupe_key"":""NIFTY|EXP_RANGE_BREAKOUT_WATCH_UP|ON|2026-07-31 14:00"",""threshold"":24410.69,""value"":24411.85,""since_minute_bucket_ist"":"""",""last_updated_ist"":""2026-07-31 14:00:00""}"
2026-07-31 00:00:00,2026-07-31 14:00:00,284,NIFTY,OPTION_MOMENTUM_CALL,ON,MED,2.65,ATM CALL momentum (ltp up + vol up),"{""dedupe_key"":""NIFTY|OPTION_MOMENTUM_CALL|ON|2026-07-31 14:00"",""threshold"":1.5,""value"":2.65,""since_minute_bucket_ist"":"""",""last_updated_ist"":""2026-07-31 14:00:00""}"
2026-07-31 00:00:00,2026-07-31 14:00:00,284,NIFTY,WALL_UNWIND_CONFIRM_UP,ON,MED,-0.0081,Call wall OI unwinding (5m),"{""dedupe_key"":""NIFTY|WALL_UNWIND_CONFIRM_UP|ON|2026-07-31 14:00"",""threshold"":-0.006,""value"":-0.0081,""since_minute_bucket_ist"":"""",""last_updated_ist"":""2026-07-31 14:00:00""}"
2026-07-31 00:00:00,2026-07-31 14:00:00,284,NIFTY,CHURN_COMMITTED,ON,MED,0.0001,Price move + aligned flow (committed),"{""dedupe_key"":""NIFTY|CHURN_COMMITTED|ON|2026-07-31 14:00"",""threshold"":0.0001,""value"":0.0001,""since_minute_bucket_ist"":"""",""last_updated_ist"":""2026-07-31 14:00:00""}"
2026-07-31 00:00:00,2026-07-31 14:00:00,284,NIFTY,WALL_PRESSURE_BREAK_SETUP,ON,MED,3.5499999999992724,Pressure building into a wall (break setup),"{""dedupe_key"":""NIFTY|WALL_PRESSURE_BREAK_SETUP|ON|2026-07-31 14:00"",""threshold"":0,""value"":3.5499999999992724,""since_minute_bucket_ist"":"""",""last_updated_ist"":""2026-07-31 14:00:00""}"
2026-07-31 00:00:00,2026-07-31 14:01:00,285,NIFTY,TRADE_LIMIT_REACHED,ON,MED,10,Cooldown active (2m),"{""dedupe_key"":""NIFTY|TRADE_LIMIT_REACHED|ON|2026-07-31 14:01"",""threshold"":500,""value"":10,""since_minute_bucket_ist"":"""",""last_updated_ist"":""2026-07-31 14:01:00""}"
2026-07-31 00:00:00,2026-07-31 14:01:00,285,NIFTY,REGIME_BREAKOUT_UP,ON,HIGH,2,Breakout UP (held above call wall),"{""dedupe_key"":""NIFTY|REGIME_BREAKOUT_UP|ON|2026-07-31 14:01"",""threshold"":2,""value"":2,""since_minute_bucket_ist"":"""",""last_updated_ist"":""2026-07-31 14:01:00""}"
2026-07-31 00:00:00,2026-07-31 14:01:00,285,NIFTY,REGIME_TRANSITION_UNCERTAIN,OFF,LOW,1,Transition/uncertain regime,"{""dedupe_key"":""NIFTY|REGIME_TRANSITION_UNCERTAIN|OFF|2026-07-31 14:01"",""threshold"":1,""value"":1,""since_minute_bucket_ist"":""2026-07-31 13:41"",""last_updated_ist"":""2026-07-31 14:01:00""}"
2026-07-31 00:00:00,2026-07-31 14:01:00,285,NIFTY,PIN_BREAKOUT_SETUP,OFF,MED,-1.5,Pin breakout setup (wall touch + aligned flow),"{""dedupe_key"":""NIFTY|PIN_BREAKOUT_SETUP|OFF|2026-07-31 14:01"",""threshold"":0,""value"":-1.5,""since_minute_bucket_ist"":""2026-07-31 14:00"",""last_updated_ist"":""2026-07-31 14:01:00""}"
2026-07-31 00:00:00,2026-07-31 14:01:00,285,NIFTY,EXP_RANGE_BREAKOUT_WATCH_UP,OFF,MED,24410.35,Expected-range watch UP,"{""dedupe_key"":""NIFTY|EXP_RANGE_BREAKOUT_WATCH_UP|OFF|2026-07-31 14:01"",""threshold"":24411.31,""value"":24410.35,""since_minute_bucket_ist"":""2026-07-31 14:00"",""last_updated_ist"":""2026-07-31 14:01:00""}"
2026-07-31 00:00:00,2026-07-31 14:01:00,285,NIFTY,OPTION_MOMENTUM_CALL,OFF,MED,0.75,ATM CALL momentum (ltp up + vol up),"{""dedupe_key"":""NIFTY|OPTION_MOMENTUM_CALL|OFF|2026-07-31 14:01"",""threshold"":1.5,""value"":0.75,""since_minute_bucket_ist"":""2026-07-31 14:00"",""last_updated_ist"":""2026-07-31 14:01:00""}"
2026-07-31 00:00:00,2026-07-31 14:01:00,285,NIFTY,CHURN_COMMITTED,OFF,MED,-0.0001,Price move + aligned flow (committed),"{""dedupe_key"":""NIFTY|CHURN_COMMITTED|OFF|2026-07-31 14:01"",""threshold"":0.0001,""value"":-0.0001,""since_minute_bucket_ist"":""2026-07-31 14:00"",""last_updated_ist"":""2026-07-31 14:01:00""}"
2026-07-31 00:00:00,2026-07-31 14:01:00,285,NIFTY,WALL_PRESSURE_BREAK_SETUP,OFF,MED,-1.5,Pressure building into a wall (break setup),"{""dedupe_key"":""NIFTY|WALL_PRESSURE_BREAK_SETUP|OFF|2026-07-31 14:01"",""threshold"":0,""value"":-1.5,""since_minute_bucket_ist"":""2026-07-31 14:00"",""last_updated_ist"":""2026-07-31 14:01:00""}"
2026-07-31 00:00:00,2026-07-31 14:01:00,285,NIFTY,FOMO_BREAKOUT,ON,HIGH,1,FOMO breakout: breakout UP + bullish flow + vol expansion,"{""dedupe_key"":""NIFTY|FOMO_BREAKOUT|ON|2026-07-31 14:01"",""threshold"":1,""value"":1,""since_minute_bucket_ist"":"""",""last_updated_ist"":""2026-07-31 14:01:00""}"
2026-07-31 00:00:00,2026-07-31 14:02:00,286,NIFTY,TRADE_LIMIT_REACHED,OFF,MED,10,Cooldown active (2m),"{""dedupe_key"":""NIFTY|TRADE_LIMIT_REACHED|OFF|2026-07-31 14:02"",""threshold"":500,""value"":10,""since_minute_bucket_ist"":""2026-07-31 14:01"",""last_updated_ist"":""2026-07-31 14:02:00""}"
2026-07-31 00:00:00,2026-07-31 14:02:00,286,NIFTY,FLOW_BULLISH_BUILD,OFF,HIGH,0,Bullish build (premium-confirmed writing / support),"{""dedupe_key"":""NIFTY|FLOW_BULLISH_BUILD|OFF|2026-07-31 14:02"",""threshold"":0.005,""value"":0,""since_minute_bucket_ist"":""2026-07-31 14:00"",""last_updated_ist"":""2026-07-31 14:02:00""}"
2026-07-31 00:00:00,2026-07-31 14:02:00,286,NIFTY,REGIME_BREAKOUT_UP,OFF,HIGH,0,Breakout UP (held above call wall),"{""dedupe_key"":""NIFTY|REGIME_BREAKOUT_UP|OFF|2026-07-31 14:02"",""threshold"":2,""value"":0,""since_minute_bucket_ist"":""2026-07-31 14:01"",""last_updated_ist"":""2026-07-31 14:02:00""}"
2026-07-31 00:00:00,2026-07-31 14:02:00,286,NIFTY,REGIME_TRANSITION_UNCERTAIN,ON,LOW,1,Transition/uncertain regime,"{""dedupe_key"":""NIFTY|REGIME_TRANSITION_UNCERTAIN|ON|2026-07-31 14:02"",""threshold"":1,""value"":1,""since_minute_bucket_ist"":"""",""last_updated_ist"":""2026-07-31 14:02:00""}"
2026-07-31 00:00:00,2026-07-31 14:02:00,286,NIFTY,FOMO_BREAKOUT,OFF,HIGH,1,FOMO breakout: breakout UP + bullish flow + vol expansion,"{""dedupe_key"":""NIFTY|FOMO_BREAKOUT|OFF|2026-07-31 14:02"",""threshold"":1,""value"":1,""since_minute_bucket_ist"":""2026-07-31 14:01"",""last_updated_ist"":""2026-07-31 14:02:00""}"
2026-07-31 00:00:00,2026-07-31 14:03:00,287,NIFTY,EXP_RANGE_BREAKOUT_WATCH_DOWN,ON,MED,24401.45,Expected-range watch DOWN,"{""dedupe_key"":""NIFTY|EXP_RANGE_BREAKOUT_WATCH_DOWN|ON|2026-07-31 14:03"",""threshold"":24401.99,""value"":24401.45,""since_minute_bucket_ist"":"""",""last_updated_ist"":""2026-07-31 14:03:00""}"
2026-07-31 00:00:00,2026-07-31 14:03:00,287,NIFTY,VOL_EXPANSION,OFF,MED,-0.0049,Volatility expanding (straddle up),"{""dedupe_key"":""NIFTY|VOL_EXPANSION|OFF|2026-07-31 14:03"",""threshold"":0.02,""value"":-0.0049,""since_minute_bucket_ist"":""2026-07-31 13:56"",""last_updated_ist"":""2026-07-31 14:03:00""}"
2026-07-31 00:00:00,2026-07-31 14:03:00,287,NIFTY,VOL_CONTRACTION,ON,LOW,-0.0049,Volatility contracting (straddle down),"{""dedupe_key"":""NIFTY|VOL_CONTRACTION|ON|2026-07-31 14:03"",""threshold"":-0.03,""value"":-0.0049,""since_minute_bucket_ist"":"""",""last_updated_ist"":""2026-07-31 14:03:00""}"
2026-07-31 00:00:00,2026-07-31 14:03:00,287,NIFTY,OPTION_MOMENTUM_PUT,ON,MED,2.1,ATM PUT momentum (ltp up + vol up),"{""dedupe_key"":""NIFTY|OPTION_MOMENTUM_PUT|ON|2026-07-31 14:03"",""threshold"":1.5,""value"":2.1,""since_minute_bucket_ist"":"""",""last_updated_ist"":""2026-07-31 14:03:00""}"
2026-07-31 00:00:00,2026-07-31 14:04:00,288,NIFTY,FLOW_BULLISH_BUILD,ON,HIGH,0.0016,Bullish build (premium-confirmed writing / support),"{""dedupe_key"":""NIFTY|FLOW_BULLISH_BUILD|ON|2026-07-31 14:04"",""threshold"":0.005,""value"":0.0016,""since_minute_bucket_ist"":"""",""last_updated_ist"":""2026-07-31 14:04:00""}"
2026-07-31 00:00:00,2026-07-31 14:04:00,288,NIFTY,EXP_RANGE_BREAKOUT_CONFIRMED_DOWN,ON,HIGH,2,Expected-range breakout CONFIRMED DOWN,"{""dedupe_key"":""NIFTY|EXP_RANGE_BREAKOUT_CONFIRMED_DOWN|ON|2026-07-31 14:04"",""threshold"":2,""value"":2,""since_minute_bucket_ist"":"""",""last_updated_ist"":""2026-07-31 14:04:00""}"
2026-07-31 00:00:00,2026-07-31 14:04:00,288,NIFTY,OPTION_MOMENTUM_PUT,OFF,MED,-0.8,ATM PUT momentum (ltp up + vol up),"{""dedupe_key"":""NIFTY|OPTION_MOMENTUM_PUT|OFF|2026-07-31 14:04"",""threshold"":1.5,""value"":-0.8,""since_minute_bucket_ist"":""2026-07-31 14:03"",""last_updated_ist"":""2026-07-31 14:04:00""}"
2026-07-31 00:00:00,2026-07-31 14:05:00,289,NIFTY,FLOW_BULLISH_BUILD,OFF,HIGH,-0.0021,Bullish build (premium-confirmed writing / support),"{""dedupe_key"":""NIFTY|FLOW_BULLISH_BUILD|OFF|2026-07-31 14:05"",""threshold"":0.005,""value"":-0.0021,""since_minute_bucket_ist"":""2026-07-31 14:04"",""last_updated_ist"":""2026-07-31 14:05:00""}"
2026-07-31 00:00:00,2026-07-31 14:05:00,289,NIFTY,FLOW_BEARISH_BUILD,ON,HIGH,0.0017,Bearish build (premium-confirmed writing / resistance),"{""dedupe_key"":""NIFTY|FLOW_BEARISH_BUILD|ON|2026-07-31 14:05"",""threshold"":0.005,""value"":0.0017,""since_minute_bucket_ist"":"""",""last_updated_ist"":""2026-07-31 14:05:00""}"
2026-07-31 00:00:00,2026-07-31 14:05:00,289,NIFTY,PIN_BREAKOUT_SETUP,ON,MED,-4.599999999998545,Pin breakout setup (wall touch + aligned flow),"{""dedupe_key"":""NIFTY|PIN_BREAKOUT_SETUP|ON|2026-07-31 14:05"",""threshold"":0,""value"":-4.599999999998545,""since_minute_bucket_ist"":"""",""last_updated_ist"":""2026-07-31 14:05:00""}"
2026-07-31 00:00:00,2026-07-31 14:05:00,289,NIFTY,VOL_CONTRACTION,OFF,LOW,-0.0049,Volatility contracting (straddle down),"{""dedupe_key"":""NIFTY|VOL_CONTRACTION|OFF|2026-07-31 14:05"",""threshold"":-0.03,""value"":-0.0049,""since_minute_bucket_ist"":""2026-07-31 14:03"",""last_updated_ist"":""2026-07-31 14:05:00""}"
2026-07-31 00:00:00,2026-07-31 14:05:00,289,NIFTY,OPTION_MOMENTUM_PUT,ON,MED,5.15,ATM PUT momentum (ltp up + vol up),"{""dedupe_key"":""NIFTY|OPTION_MOMENTUM_PUT|ON|2026-07-31 14:05"",""threshold"":1.5,""value"":5.15,""since_minute_bucket_ist"":"""",""last_updated_ist"":""2026-07-31 14:05:00""}"
2026-07-31 00:00:00,2026-07-31 14:05:00,289,NIFTY,CHURN_COMMITTED,ON,MED,-0.0002,Price move + aligned flow (committed),"{""dedupe_key"":""NIFTY|CHURN_COMMITTED|ON|2026-07-31 14:05"",""threshold"":0.0001,""value"":-0.0002,""since_minute_bucket_ist"":"""",""last_updated_ist"":""2026-07-31 14:05:00""}"
2026-07-31 00:00:00,2026-07-31 14:05:00,289,NIFTY,WALL_PRESSURE_BREAK_SETUP,ON,MED,-4.599999999998545,Pressure building into a wall (break setup),"{""dedupe_key"":""NIFTY|WALL_PRESSURE_BREAK_SETUP|ON|2026-07-31 14:05"",""threshold"":0,""value"":-4.599999999998545,""since_minute_bucket_ist"":"""",""last_updated_ist"":""2026-07-31 14:05:00""}"
2026-07-31 00:00:00,2026-07-31 14:06:00,290,NIFTY,FLOW_BEARISH_BUILD,OFF,HIGH,-0.003,Bearish build (premium-confirmed writing / resistance),"{""dedupe_key"":""NIFTY|FLOW_BEARISH_BUILD|OFF|2026-07-31 14:06"",""threshold"":0.005,""value"":-0.003,""since_minute_bucket_ist"":""2026-07-31 14:05"",""last_updated_ist"":""2026-07-31 14:06:00""}"
2026-07-31 00:00:00,2026-07-31 14:06:00,290,NIFTY,PIN_BREAKOUT_SETUP,OFF,MED,-4.299999999999272,Pin breakout setup (wall touch + aligned flow),"{""dedupe_key"":""NIFTY|PIN_BREAKOUT_SETUP|OFF|2026-07-31 14:06"",""threshold"":0,""value"":-4.299999999999272,""since_minute_bucket_ist"":""2026-07-31 14:05"",""last_updated_ist"":""2026-07-31 14:06:00""}"
2026-07-31 00:00:00,2026-07-31 14:06:00,290,NIFTY,VOL_CONTRACTION,ON,LOW,-0.0098,Volatility contracting (straddle down),"{""dedupe_key"":""NIFTY|VOL_CONTRACTION|ON|2026-07-31 14:06"",""threshold"":-0.03,""value"":-0.0098,""since_minute_bucket_ist"":"""",""last_updated_ist"":""2026-07-31 14:06:00""}"
2026-07-31 00:00:00,2026-07-31 14:06:00,290,NIFTY,OPTION_MOMENTUM_PUT,OFF,MED,1.4,ATM PUT momentum (ltp up + vol up),"{""dedupe_key"":""NIFTY|OPTION_MOMENTUM_PUT|OFF|2026-07-31 14:06"",""threshold"":1.5,""value"":1.4,""since_minute_bucket_ist"":""2026-07-31 14:05"",""last_updated_ist"":""2026-07-31 14:06:00""}"
2026-07-31 00:00:00,2026-07-31 14:06:00,290,NIFTY,CHURN_COMMITTED,OFF,MED,-0.0002,Price move + aligned flow (committed),"{""dedupe_key"":""NIFTY|CHURN_COMMITTED|OFF|2026-07-31 14:06"",""threshold"":0.0001,""value"":-0.0002,""since_minute_bucket_ist"":""2026-07-31 14:05"",""last_updated_ist"":""2026-07-31 14:06:00""}"
2026-07-31 00:00:00,2026-07-31 14:06:00,290,NIFTY,WALL_PRESSURE_BREAK_SETUP,OFF,MED,-4.299999999999272,Pressure building into a wall (break setup),"{""dedupe_key"":""NIFTY|WALL_PRESSURE_BREAK_SETUP|OFF|2026-07-31 14:06"",""threshold"":0,""value"":-4.299999999999272,""since_minute_bucket_ist"":""2026-07-31 14:05"",""last_updated_ist"":""2026-07-31 14:06:00""}"
2026-07-31 00:00:00,2026-07-31 14:07:00,291,NIFTY,REGIME_BREAKOUT_DOWN,ON,HIGH,2,Breakout DOWN (held below put wall),"{""dedupe_key"":""NIFTY|REGIME_BREAKOUT_DOWN|ON|2026-07-31 14:07"",""threshold"":2,""value"":2,""since_minute_bucket_ist"":"""",""last_updated_ist"":""2026-07-31 14:07:00""}"
2026-07-31 00:00:00,2026-07-31 14:07:00,291,NIFTY,REGIME_TRANSITION_UNCERTAIN,OFF,LOW,1,Transition/uncertain regime,"{""dedupe_key"":""NIFTY|REGIME_TRANSITION_UNCERTAIN|OFF|2026-07-31 14:07"",""threshold"":1,""value"":1,""since_minute_bucket_ist"":""2026-07-31 14:02"",""last_updated_ist"":""2026-07-31 14:07:00""}"
2026-07-31 00:00:00,2026-07-31 14:08:00,292,NIFTY,REGIME_BREAKOUT_DOWN,OFF,HIGH,0,Breakout DOWN (held below put wall),"{""dedupe_key"":""NIFTY|REGIME_BREAKOUT_DOWN|OFF|2026-07-31 14:08"",""threshold"":2,""value"":0,""since_minute_bucket_ist"":""2026-07-31 14:07"",""last_updated_ist"":""2026-07-31 14:08:00""}"
2026-07-31 00:00:00,2026-07-31 14:08:00,292,NIFTY,REGIME_TRANSITION_UNCERTAIN,ON,LOW,1,Transition/uncertain regime,"{""dedupe_key"":""NIFTY|REGIME_TRANSITION_UNCERTAIN|ON|2026-07-31 14:08"",""threshold"":1,""value"":1,""since_minute_bucket_ist"":"""",""last_updated_ist"":""2026-07-31 14:08:00""}"
2026-07-31 00:00:00,2026-07-31 14:08:00,292,NIFTY,EXP_RANGE_BREAKOUT_WATCH_DOWN,OFF,MED,24396.9,Expected-range watch DOWN,"{""dedupe_key"":""NIFTY|EXP_RANGE_BREAKOUT_WATCH_DOWN|OFF|2026-07-31 14:08"",""threshold"":24389.9,""value"":24396.9,""since_minute_bucket_ist"":""2026-07-31 14:03"",""last_updated_ist"":""2026-07-31 14:08:00""}"
2026-07-31 00:00:00,2026-07-31 14:08:00,292,NIFTY,EXP_RANGE_BREAKOUT_CONFIRMED_DOWN,OFF,HIGH,0,Expected-range breakout CONFIRMED DOWN,"{""dedupe_key"":""NIFTY|EXP_RANGE_BREAKOUT_CONFIRMED_DOWN|OFF|2026-07-31 14:08"",""threshold"":2,""value"":0,""since_minute_bucket_ist"":""2026-07-31 14:04"",""last_updated_ist"":""2026-07-31 14:08:00""}"
2026-07-31 00:00:00,2026-07-31 14:08:00,292,NIFTY,VOL_CONTRACTION,OFF,LOW,0.0049,Volatility contracting (straddle down),"{""dedupe_key"":""NIFTY|VOL_CONTRACTION|OFF|2026-07-31 14:08"",""threshold"":-0.03,""value"":0.0049,""since_minute_bucket_ist"":""2026-07-31 14:06"",""last_updated_ist"":""2026-07-31 14:08:00""}"
2026-07-31 00:00:00,2026-07-31 14:08:00,292,NIFTY,OPTION_MOMENTUM_CALL,ON,MED,2,ATM CALL momentum (ltp up + vol up),"{""dedupe_key"":""NIFTY|OPTION_MOMENTUM_CALL|ON|2026-07-31 14:08"",""threshold"":1.5,""value"":2,""since_minute_bucket_ist"":"""",""last_updated_ist"":""2026-07-31 14:08:00""}"
2026-07-31 00:00:00,2026-07-31 14:08:00,292,NIFTY,WALL_UNWIND_CONFIRM_UP,OFF,MED,0,Call wall OI unwinding (5m),"{""dedupe_key"":""NIFTY|WALL_UNWIND_CONFIRM_UP|OFF|2026-07-31 14:08"",""threshold"":-0.006,""value"":0,""since_minute_bucket_ist"":""2026-07-31 14:00"",""last_updated_ist"":""2026-07-31 14:08:00""}"
2026-07-31 00:00:00,2026-07-31 14:08:00,292,NIFTY,WALL_UNWIND_CONFIRM_DOWN,ON,MED,-0.0062,Put wall OI unwinding (5m),"{""dedupe_key"":""NIFTY|WALL_UNWIND_CONFIRM_DOWN|ON|2026-07-31 14:08"",""threshold"":-0.006,""value"":-0.0062,""since_minute_bucket_ist"":"""",""last_updated_ist"":""2026-07-31 14:08:00""}"
2026-07-31 00:00:00,2026-07-31 14:08:00,292,NIFTY,WALL_SHIFT_REGIME,ON,MED,1,Wall strike shifted materially (>= 1 step),"{""dedupe_key"":""NIFTY|WALL_SHIFT_REGIME|ON|2026-07-31 14:08"",""threshold"":1,""value"":1,""since_minute_bucket_ist"":"""",""last_updated_ist"":""2026-07-31 14:08:00""}"
2026-07-31 00:00:00,2026-07-31 14:09:00,293,NIFTY,FLOW_BEARISH_BUILD,ON,HIGH,0.0097,Bearish build (premium-confirmed writing / resistance),"{""dedupe_key"":""NIFTY|FLOW_BEARISH_BUILD|ON|2026-07-31 14:09"",""threshold"":0.005,""value"":0.0097,""since_minute_bucket_ist"":"""",""last_updated_ist"":""2026-07-31 14:09:00""}"
2026-07-31 00:00:00,2026-07-31 14:09:00,293,NIFTY,PIN_BREAKOUT_SETUP,ON,MED,-3,Pin breakout setup (wall touch + aligned flow),"{""dedupe_key"":""NIFTY|PIN_BREAKOUT_SETUP|ON|2026-07-31 14:09"",""threshold"":0,""value"":-3,""since_minute_bucket_ist"":"""",""last_updated_ist"":""2026-07-31 14:09:00""}"
2026-07-31 00:00:00,2026-07-31 14:09:00,293,NIFTY,OPTION_MOMENTUM_CALL,OFF,MED,-0.5,ATM CALL momentum (ltp up + vol up),"{""dedupe_key"":""NIFTY|OPTION_MOMENTUM_CALL|OFF|2026-07-31 14:09"",""threshold"":1.5,""value"":-0.5,""since_minute_bucket_ist"":""2026-07-31 14:08"",""last_updated_ist"":""2026-07-31 14:09:00""}"
2026-07-31 00:00:00,2026-07-31 14:09:00,293,NIFTY,CHURN_COMMITTED,ON,MED,-0.0001,Price move + aligned flow (committed),"{""dedupe_key"":""NIFTY|CHURN_COMMITTED|ON|2026-07-31 14:09"",""threshold"":0.0001,""value"":-0.0001,""since_minute_bucket_ist"":"""",""last_updated_ist"":""2026-07-31 14:09:00""}"
2026-07-31 00:00:00,2026-07-31 14:09:00,293,NIFTY,STEALTH_BUILD_BEAR,ON,MED,0.0097,"Stealth bearish build (calls build, spot flat)","{""dedupe_key"":""NIFTY|STEALTH_BUILD_BEAR|ON|2026-07-31 14:09"",""threshold"":0.008,""value"":0.0097,""since_minute_bucket_ist"":"""",""last_updated_ist"":""2026-07-31 14:09:00""}"
2026-07-31 00:00:00,2026-07-31 14:09:00,293,NIFTY,WALL_PRESSURE_BREAK_SETUP,ON,MED,-3,Pressure building into a wall (break setup),"{""dedupe_key"":""NIFTY|WALL_PRESSURE_BREAK_SETUP|ON|2026-07-31 14:09"",""threshold"":0,""value"":-3,""since_minute_bucket_ist"":"""",""last_updated_ist"":""2026-07-31 14:09:00""}"
2026-07-31 00:00:00,2026-07-31 14:10:00,294,NIFTY,VOL_CONTRACTION,ON,LOW,-0.0011,Volatility contracting (straddle down),"{""dedupe_key"":""NIFTY|VOL_CONTRACTION|ON|2026-07-31 14:10"",""threshold"":-0.03,""value"":-0.0011,""since_minute_bucket_ist"":"""",""last_updated_ist"":""2026-07-31 14:10:00""}"
2026-07-31 00:00:00,2026-07-31 14:10:00,294,NIFTY,WALL_UNWIND_CONFIRM_DOWN,OFF,MED,-0.0051,Put wall OI unwinding (5m),"{""dedupe_key"":""NIFTY|WALL_UNWIND_CONFIRM_DOWN|OFF|2026-07-31 14:10"",""threshold"":-0.006,""value"":-0.0051,""since_minute_bucket_ist"":""2026-07-31 14:08"",""last_updated_ist"":""2026-07-31 14:10:00""}"
2026-07-31 00:00:00,2026-07-31 14:10:00,294,NIFTY,CHURN_COMMITTED,OFF,MED,0,Price move + aligned flow (committed),"{""dedupe_key"":""NIFTY|CHURN_COMMITTED|OFF|2026-07-31 14:10"",""threshold"":0.0001,""value"":0,""since_minute_bucket_ist"":""2026-07-31 14:09"",""last_updated_ist"":""2026-07-31 14:10:00""}"
2026-07-31 00:00:00,2026-07-31 14:10:00,294,NIFTY,WALL_SHIFT_REGIME,OFF,MED,1,Wall strike shifted materially (>= 1 step),"{""dedupe_key"":""NIFTY|WALL_SHIFT_REGIME|OFF|2026-07-31 14:10"",""threshold"":1,""value"":1,""since_minute_bucket_ist"":""2026-07-31 14:08"",""last_updated_ist"":""2026-07-31 14:10:00""}"
2026-07-31 00:00:00,2026-07-31 14:11:00,295,NIFTY,FLOW_BEARISH_BUILD,OFF,HIGH,0.0014,Bearish build (premium-confirmed writing / resistance),"{""dedupe_key"":""NIFTY|FLOW_BEARISH_BUILD|OFF|2026-07-31 14:11"",""threshold"":0.005,""value"":0.0014,""since_minute_bucket_ist"":""2026-07-31 14:09"",""last_updated_ist"":""2026-07-31 14:11:00""}"
2026-07-31 00:00:00,2026-07-31 14:11:00,295,NIFTY,PIN_BREAKOUT_SETUP,OFF,MED,2.150000000001455,Pin breakout setup (wall touch + aligned flow),"{""dedupe_key"":""NIFTY|PIN_BREAKOUT_SETUP|OFF|2026-07-31 14:11"",""threshold"":0,""value"":2.150000000001455,""since_minute_bucket_ist"":""2026-07-31 14:09"",""last_updated_ist"":""2026-07-31 14:11:00""}"
2026-07-31 00:00:00,2026-07-31 14:11:00,295,NIFTY,VOL_CONTRACTION,OFF,LOW,0.0033,Volatility contracting (straddle down),"{""dedupe_key"":""NIFTY|VOL_CONTRACTION|OFF|2026-07-31 14:11"",""threshold"":-0.03,""value"":0.0033,""since_minute_bucket_ist"":""2026-07-31 14:10"",""last_updated_ist"":""2026-07-31 14:11:00""}"
2026-07-31 00:00:00,2026-07-31 14:11:00,295,NIFTY,OPTION_MOMENTUM_CALL,ON,MED,2.6,ATM CALL momentum (ltp up + vol up),"{""dedupe_key"":""NIFTY|OPTION_MOMENTUM_CALL|ON|2026-07-31 14:11"",""threshold"":1.5,""value"":2.6,""since_minute_bucket_ist"":"""",""last_updated_ist"":""2026-07-31 14:11:00""}"
2026-07-31 00:00:00,2026-07-31 14:11:00,295,NIFTY,WALL_UNWIND_CONFIRM_DOWN,ON,MED,-0.017,Put wall OI unwinding (5m),"{""dedupe_key"":""NIFTY|WALL_UNWIND_CONFIRM_DOWN|ON|2026-07-31 14:11"",""threshold"":-0.006,""value"":-0.017,""since_minute_bucket_ist"":"""",""last_updated_ist"":""2026-07-31 14:11:00""}"
2026-07-31 00:00:00,2026-07-31 14:11:00,295,NIFTY,STEALTH_BUILD_BEAR,OFF,MED,0.0014,"Stealth bearish build (calls build, spot flat)","{""dedupe_key"":""NIFTY|STEALTH_BUILD_BEAR|OFF|2026-07-31 14:11"",""threshold"":0.008,""value"":0.0014,""since_minute_bucket_ist"":""2026-07-31 14:09"",""last_updated_ist"":""2026-07-31 14:11:00""}"
2026-07-31 00:00:00,2026-07-31 14:11:00,295,NIFTY,WALL_PRESSURE_BREAK_SETUP,OFF,MED,2.150000000001455,Pressure building into a wall (break setup),"{""dedupe_key"":""NIFTY|WALL_PRESSURE_BREAK_SETUP|OFF|2026-07-31 14:11"",""threshold"":0,""value"":2.150000000001455,""since_minute_bucket_ist"":""2026-07-31 14:09"",""last_updated_ist"":""2026-07-31 14:11:00""}"
2026-07-31 00:00:00,2026-07-31 14:13:00,297,NIFTY,EXP_RANGE_BREAKOUT_WATCH_UP,ON,MED,24404.65,Expected-range watch UP,"{""dedupe_key"":""NIFTY|EXP_RANGE_BREAKOUT_WATCH_UP|ON|2026-07-31 14:13"",""threshold"":24403.62,""value"":24404.65,""since_minute_bucket_ist"":"""",""last_updated_ist"":""2026-07-31 14:13:00""}"
2026-07-31 00:00:00,2026-07-31 14:13:00,297,NIFTY,OPTION_MOMENTUM_CALL,OFF,MED,0.45,ATM CALL momentum (ltp up + vol up),"{""dedupe_key"":""NIFTY|OPTION_MOMENTUM_CALL|OFF|2026-07-31 14:13"",""threshold"":1.5,""value"":0.45,""since_minute_bucket_ist"":""2026-07-31 14:11"",""last_updated_ist"":""2026-07-31 14:13:00""}"
2026-07-31 00:00:00,2026-07-31 14:14:00,298,NIFTY,EXP_RANGE_BREAKOUT_WATCH_UP,OFF,MED,24403.05,Expected-range watch UP,"{""dedupe_key"":""NIFTY|EXP_RANGE_BREAKOUT_WATCH_UP|OFF|2026-07-31 14:14"",""threshold"":24403.75,""value"":24403.05,""since_minute_bucket_ist"":""2026-07-31 14:13"",""last_updated_ist"":""2026-07-31 14:14:00""}"
2026-07-31 00:00:00,2026-07-31 14:16:00,300,NIFTY,FLOW_BULLISH_BUILD,ON,HIGH,0.0035,Bullish build (premium-confirmed writing / support),"{""dedupe_key"":""NIFTY|FLOW_BULLISH_BUILD|ON|2026-07-31 14:16"",""threshold"":0.005,""value"":0.0035,""since_minute_bucket_ist"":"""",""last_updated_ist"":""2026-07-31 14:16:00""}"
2026-07-31 00:00:00,2026-07-31 14:16:00,300,NIFTY,WALL_UNWIND_CONFIRM_UP,ON,MED,-0.0115,Call wall OI unwinding (5m),"{""dedupe_key"":""NIFTY|WALL_UNWIND_CONFIRM_UP|ON|2026-07-31 14:16"",""threshold"":-0.006,""value"":-0.0115,""since_minute_bucket_ist"":"""",""last_updated_ist"":""2026-07-31 14:16:00""}"
2026-07-31 00:00:00,2026-07-31 14:17:00,301,NIFTY,FLOW_BULLISH_BUILD,OFF,HIGH,0,Bullish build (premium-confirmed writing / support),"{""dedupe_key"":""NIFTY|FLOW_BULLISH_BUILD|OFF|2026-07-31 14:17"",""threshold"":0.005,""value"":0,""since_minute_bucket_ist"":""2026-07-31 14:16"",""last_updated_ist"":""2026-07-31 14:17:00""}"
2026-07-31 00:00:00,2026-07-31 14:17:00,301,NIFTY,VOL_EXPANSION,ON,MED,0.0063,Volatility expanding (straddle up),"{""dedupe_key"":""NIFTY|VOL_EXPANSION|ON|2026-07-31 14:17"",""threshold"":0.02,""value"":0.0063,""since_minute_bucket_ist"":"""",""last_updated_ist"":""2026-07-31 14:17:00""}"
2026-07-31 00:00:00,2026-07-31 14:17:00,301,NIFTY,OPTION_MOMENTUM_CALL,ON,MED,2.4,ATM CALL momentum (ltp up + vol up),"{""dedupe_key"":""NIFTY|OPTION_MOMENTUM_CALL|ON|2026-07-31 14:17"",""threshold"":1.5,""value"":2.4,""since_minute_bucket_ist"":"""",""last_updated_ist"":""2026-07-31 14:17:00""}"
2026-07-31 00:00:00,2026-07-31 14:18:00,302,NIFTY,VOL_EXPANSION,OFF,MED,-0.0041,Volatility expanding (straddle up),"{""dedupe_key"":""NIFTY|VOL_EXPANSION|OFF|2026-07-31 14:18"",""threshold"":0.02,""value"":-0.0041,""since_minute_bucket_ist"":""2026-07-31 14:17"",""last_updated_ist"":""2026-07-31 14:18:00""}"
2026-07-31 00:00:00,2026-07-31 14:18:00,302,NIFTY,VOL_CONTRACTION,ON,LOW,-0.0041,Volatility contracting (straddle down),"{""dedupe_key"":""NIFTY|VOL_CONTRACTION|ON|2026-07-31 14:18"",""threshold"":-0.03,""value"":-0.0041,""since_minute_bucket_ist"":"""",""last_updated_ist"":""2026-07-31 14:18:00""}"
2026-07-31 00:00:00,2026-07-31 14:18:00,302,NIFTY,OPTION_MOMENTUM_CALL,OFF,MED,-4.45,ATM CALL momentum (ltp up + vol up),"{""dedupe_key"":""NIFTY|OPTION_MOMENTUM_CALL|OFF|2026-07-31 14:18"",""threshold"":1.5,""value"":-4.45,""since_minute_bucket_ist"":""2026-07-31 14:17"",""last_updated_ist"":""2026-07-31 14:18:00""}"
2026-07-31 00:00:00,2026-07-31 14:18:00,302,NIFTY,OPTION_MOMENTUM_PUT,ON,MED,2.8,ATM PUT momentum (ltp up + vol up),"{""dedupe_key"":""NIFTY|OPTION_MOMENTUM_PUT|ON|2026-07-31 14:18"",""threshold"":1.5,""value"":2.8,""since_minute_bucket_ist"":"""",""last_updated_ist"":""2026-07-31 14:18:00""}"
2026-07-31 00:00:00,2026-07-31 14:18:00,302,NIFTY,WALL_UNWIND_CONFIRM_DOWN,OFF,MED,0.0211,Put wall OI unwinding (5m),"{""dedupe_key"":""NIFTY|WALL_UNWIND_CONFIRM_DOWN|OFF|2026-07-31 14:18"",""threshold"":-0.006,""value"":0.0211,""since_minute_bucket_ist"":""2026-07-31 14:11"",""last_updated_ist"":""2026-07-31 14:18:00""}"
2026-07-31 00:00:00,2026-07-31 14:19:00,303,NIFTY,EXP_RANGE_BREAKOUT_WATCH_DOWN,ON,MED,24391.85,Expected-range watch DOWN,"{""dedupe_key"":""NIFTY|EXP_RANGE_BREAKOUT_WATCH_DOWN|ON|2026-07-31 14:19"",""threshold"":24392.12,""value"":24391.85,""since_minute_bucket_ist"":"""",""last_updated_ist"":""2026-07-31 14:19:00""}"
2026-07-31 00:00:00,2026-07-31 14:19:00,303,NIFTY,OPTION_MOMENTUM_PUT,OFF,MED,1.45,ATM PUT momentum (ltp up + vol up),"{""dedupe_key"":""NIFTY|OPTION_MOMENTUM_PUT|OFF|2026-07-31 14:19"",""threshold"":1.5,""value"":1.45,""since_minute_bucket_ist"":""2026-07-31 14:18"",""last_updated_ist"":""2026-07-31 14:19:00""}"
2026-07-31 00:00:00,2026-07-31 14:20:00,304,NIFTY,EXP_RANGE_BREAKOUT_WATCH_DOWN,OFF,MED,24393.95,Expected-range watch DOWN,"{""dedupe_key"":""NIFTY|EXP_RANGE_BREAKOUT_WATCH_DOWN|OFF|2026-07-31 14:20"",""threshold"":24391.67,""value"":24393.95,""since_minute_bucket_ist"":""2026-07-31 14:19"",""last_updated_ist"":""2026-07-31 14:20:00""}"
2026-07-31 00:00:00,2026-07-31 14:22:00,306,NIFTY,VOL_CONTRACTION,OFF,LOW,-0.0008,Volatility contracting (straddle down),"{""dedupe_key"":""NIFTY|VOL_CONTRACTION|OFF|2026-07-31 14:22"",""threshold"":-0.03,""value"":-0.0008,""since_minute_bucket_ist"":""2026-07-31 14:18"",""last_updated_ist"":""2026-07-31 14:22:00""}"
2026-07-31 00:00:00,2026-07-31 14:23:00,307,NIFTY,VOL_CONTRACTION,ON,LOW,-0.0019,Volatility contracting (straddle down),"{""dedupe_key"":""NIFTY|VOL_CONTRACTION|ON|2026-07-31 14:23"",""threshold"":-0.03,""value"":-0.0019,""since_minute_bucket_ist"":"""",""last_updated_ist"":""2026-07-31 14:23:00""}"
2026-07-31 00:00:00,2026-07-31 14:23:00,307,NIFTY,OPTION_MOMENTUM_PUT,ON,MED,2.1,ATM PUT momentum (ltp up + vol up),"{""dedupe_key"":""NIFTY|OPTION_MOMENTUM_PUT|ON|2026-07-31 14:23"",""threshold"":1.5,""value"":2.1,""since_minute_bucket_ist"":"""",""last_updated_ist"":""2026-07-31 14:23:00""}"
2026-07-31 00:00:00,2026-07-31 14:23:00,307,NIFTY,WALL_UNWIND_CONFIRM_UP,OFF,MED,0.0146,Call wall OI unwinding (5m),"{""dedupe_key"":""NIFTY|WALL_UNWIND_CONFIRM_UP|OFF|2026-07-31 14:23"",""threshold"":-0.006,""value"":0.0146,""since_minute_bucket_ist"":""2026-07-31 14:16"",""last_updated_ist"":""2026-07-31 14:23:00""}"
2026-07-31 00:00:00,2026-07-31 14:24:00,308,NIFTY,VOL_CONTRACTION,OFF,LOW,0,Volatility contracting (straddle down),"{""dedupe_key"":""NIFTY|VOL_CONTRACTION|OFF|2026-07-31 14:24"",""threshold"":-0.03,""value"":0,""since_minute_bucket_ist"":""2026-07-31 14:23"",""last_updated_ist"":""2026-07-31 14:24:00""}"
2026-07-31 00:00:00,2026-07-31 14:24:00,308,NIFTY,OPTION_MOMENTUM_CALL,ON,MED,2.35,ATM CALL momentum (ltp up + vol up),"{""dedupe_key"":""NIFTY|OPTION_MOMENTUM_CALL|ON|2026-07-31 14:24"",""threshold"":1.5,""value"":2.35,""since_minute_bucket_ist"":"""",""last_updated_ist"":""2026-07-31 14:24:00""}"
2026-07-31 00:00:00,2026-07-31 14:24:00,308,NIFTY,OPTION_MOMENTUM_PUT,OFF,MED,-1.95,ATM PUT momentum (ltp up + vol up),"{""dedupe_key"":""NIFTY|OPTION_MOMENTUM_PUT|OFF|2026-07-31 14:24"",""threshold"":1.5,""value"":-1.95,""since_minute_bucket_ist"":""2026-07-31 14:23"",""last_updated_ist"":""2026-07-31 14:24:00""}"
2026-07-31 00:00:00,2026-07-31 14:26:00,310,NIFTY,EXP_RANGE_BREAKOUT_WATCH_UP,ON,MED,24403.6,Expected-range watch UP,"{""dedupe_key"":""NIFTY|EXP_RANGE_BREAKOUT_WATCH_UP|ON|2026-07-31 14:26"",""threshold"":24402.65,""value"":24403.6,""since_minute_bucket_ist"":"""",""last_updated_ist"":""2026-07-31 14:26:00""}"
2026-07-31 00:00:00,2026-07-31 14:27:00,311,NIFTY,EXP_RANGE_BREAKOUT_CONFIRMED_UP,ON,HIGH,2,Expected-range breakout CONFIRMED UP,"{""dedupe_key"":""NIFTY|EXP_RANGE_BREAKOUT_CONFIRMED_UP|ON|2026-07-31 14:27"",""threshold"":2,""value"":2,""since_minute_bucket_ist"":"""",""last_updated_ist"":""2026-07-31 14:27:00""}"
2026-07-31 00:00:00,2026-07-31 14:27:00,311,NIFTY,VOL_EXPANSION,ON,MED,0.0047,Volatility expanding (straddle up),"{""dedupe_key"":""NIFTY|VOL_EXPANSION|ON|2026-07-31 14:27"",""threshold"":0.02,""value"":0.0047,""since_minute_bucket_ist"":"""",""last_updated_ist"":""2026-07-31 14:27:00""}"
2026-07-31 00:00:00,2026-07-31 14:27:00,311,NIFTY,OPTION_MOMENTUM_CALL,OFF,MED,0,ATM CALL momentum (ltp up + vol up),"{""dedupe_key"":""NIFTY|OPTION_MOMENTUM_CALL|OFF|2026-07-31 14:27"",""threshold"":1.5,""value"":0,""since_minute_bucket_ist"":""2026-07-31 14:24"",""last_updated_ist"":""2026-07-31 14:27:00""}"
2026-07-31 00:00:00,2026-07-31 14:28:00,312,NIFTY,VOL_EXPANSION,OFF,MED,0.0003,Volatility expanding (straddle up),"{""dedupe_key"":""NIFTY|VOL_EXPANSION|OFF|2026-07-31 14:28"",""threshold"":0.02,""value"":0.0003,""since_minute_bucket_ist"":""2026-07-31 14:27"",""last_updated_ist"":""2026-07-31 14:28:00""}"
2026-07-31 00:00:00,2026-07-31 14:30:00,314,NIFTY,EXP_RANGE_BREAKOUT_WATCH_UP,OFF,MED,24398.6,Expected-range watch UP,"{""dedupe_key"":""NIFTY|EXP_RANGE_BREAKOUT_WATCH_UP|OFF|2026-07-31 14:30"",""threshold"":24404.88,""value"":24398.6,""since_minute_bucket_ist"":""2026-07-31 14:26"",""last_updated_ist"":""2026-07-31 14:30:00""}"
2026-07-31 00:00:00,2026-07-31 14:30:00,314,NIFTY,EXP_RANGE_BREAKOUT_CONFIRMED_UP,OFF,HIGH,0,Expected-range breakout CONFIRMED UP,"{""dedupe_key"":""NIFTY|EXP_RANGE_BREAKOUT_CONFIRMED_UP|OFF|2026-07-31 14:30"",""threshold"":2,""value"":0,""since_minute_bucket_ist"":""2026-07-31 14:27"",""last_updated_ist"":""2026-07-31 14:30:00""}"
2026-07-31 00:00:00,2026-07-31 14:30:00,314,NIFTY,VOL_CONTRACTION,ON,LOW,-0.0096,Volatility contracting (straddle down),"{""dedupe_key"":""NIFTY|VOL_CONTRACTION|ON|2026-07-31 14:30"",""threshold"":-0.03,""value"":-0.0096,""since_minute_bucket_ist"":"""",""last_updated_ist"":""2026-07-31 14:30:00""}"
2026-07-31 00:00:00,2026-07-31 14:30:00,314,NIFTY,OPTION_MOMENTUM_PUT,ON,MED,2.75,ATM PUT momentum (ltp up + vol up),"{""dedupe_key"":""NIFTY|OPTION_MOMENTUM_PUT|ON|2026-07-31 14:30"",""threshold"":1.5,""value"":2.75,""since_minute_bucket_ist"":"""",""last_updated_ist"":""2026-07-31 14:30:00""}"
2026-07-31 00:00:00,2026-07-31 14:30:00,314,NIFTY,WALL_SHIFT_REGIME,ON,MED,1,Wall strike shifted materially (>= 1 step),"{""dedupe_key"":""NIFTY|WALL_SHIFT_REGIME|ON|2026-07-31 14:30"",""threshold"":1,""value"":1,""since_minute_bucket_ist"":"""",""last_updated_ist"":""2026-07-31 14:30:00""}"
2026-07-31 00:00:00,2026-07-31 14:31:00,315,NIFTY,FLOW_BULLISH_BUILD,ON,HIGH,0.0024,Bullish build (premium-confirmed writing / support),"{""dedupe_key"":""NIFTY|FLOW_BULLISH_BUILD|ON|2026-07-31 14:31"",""threshold"":0.005,""value"":0.0024,""since_minute_bucket_ist"":"""",""last_updated_ist"":""2026-07-31 14:31:00""}"
2026-07-31 00:00:00,2026-07-31 14:31:00,315,NIFTY,OPTION_MOMENTUM_PUT,OFF,MED,0.65,ATM PUT momentum (ltp up + vol up),"{""dedupe_key"":""NIFTY|OPTION_MOMENTUM_PUT|OFF|2026-07-31 14:31"",""threshold"":1.5,""value"":0.65,""since_minute_bucket_ist"":""2026-07-31 14:30"",""last_updated_ist"":""2026-07-31 14:31:00""}"
2026-07-31 00:00:00,2026-07-31 14:31:00,315,NIFTY,WALL_UNWIND_CONFIRM_UP,ON,MED,-0.0331,Call wall OI unwinding (5m),"{""dedupe_key"":""NIFTY|WALL_UNWIND_CONFIRM_UP|ON|2026-07-31 14:31"",""threshold"":-0.006,""value"":-0.0331,""since_minute_bucket_ist"":"""",""last_updated_ist"":""2026-07-31 14:31:00""}"
2026-07-31 00:00:00,2026-07-31 14:32:00,316,NIFTY,FLOW_BULLISH_BUILD,OFF,HIGH,0,Bullish build (premium-confirmed writing / support),"{""dedupe_key"":""NIFTY|FLOW_BULLISH_BUILD|OFF|2026-07-31 14:32"",""threshold"":0.005,""value"":0,""since_minute_bucket_ist"":""2026-07-31 14:31"",""last_updated_ist"":""2026-07-31 14:32:00""}"
2026-07-31 00:00:00,2026-07-31 14:32:00,316,NIFTY,WALL_SHIFT_REGIME,OFF,MED,1,Wall strike shifted materially (>= 1 step),"{""dedupe_key"":""NIFTY|WALL_SHIFT_REGIME|OFF|2026-07-31 14:32"",""threshold"":1,""value"":1,""since_minute_bucket_ist"":""2026-07-31 14:30"",""last_updated_ist"":""2026-07-31 14:32:00""}"
2026-07-31 00:00:00,2026-07-31 14:33:00,317,NIFTY,FLOW_BEARISH_BUILD,ON,HIGH,0.0041,Bearish build (premium-confirmed writing / resistance),"{""dedupe_key"":""NIFTY|FLOW_BEARISH_BUILD|ON|2026-07-31 14:33"",""threshold"":0.005,""value"":0.0041,""since_minute_bucket_ist"":"""",""last_updated_ist"":""2026-07-31 14:33:00""}"
2026-07-31 00:00:00,2026-07-31 14:33:00,317,NIFTY,REGIME_TREND_DOWN,ON,MED,-0.0012,Trend DOWN (slope + direction),"{""dedupe_key"":""NIFTY|REGIME_TREND_DOWN|ON|2026-07-31 14:33"",""threshold"":-0.001,""value"":-0.0012,""since_minute_bucket_ist"":"""",""last_updated_ist"":""2026-07-31 14:33:00""}"
2026-07-31 00:00:00,2026-07-31 14:33:00,317,NIFTY,REGIME_TRANSITION_UNCERTAIN,OFF,LOW,1,Transition/uncertain regime,"{""dedupe_key"":""NIFTY|REGIME_TRANSITION_UNCERTAIN|OFF|2026-07-31 14:33"",""threshold"":1,""value"":1,""since_minute_bucket_ist"":""2026-07-31 14:08"",""last_updated_ist"":""2026-07-31 14:33:00""}"
2026-07-31 00:00:00,2026-07-31 14:33:00,317,NIFTY,PIN_BREAKOUT_SETUP,ON,MED,-18.44999999999709,Pin breakout setup (wall touch + aligned flow),"{""dedupe_key"":""NIFTY|PIN_BREAKOUT_SETUP|ON|2026-07-31 14:33"",""threshold"":0,""value"":-18.44999999999709,""since_minute_bucket_ist"":"""",""last_updated_ist"":""2026-07-31 14:33:00""}"
2026-07-31 00:00:00,2026-07-31 14:33:00,317,NIFTY,EXP_RANGE_BREAKOUT_WATCH_DOWN,ON,MED,24376.4,Expected-range watch DOWN,"{""dedupe_key"":""NIFTY|EXP_RANGE_BREAKOUT_WATCH_DOWN|ON|2026-07-31 14:33"",""threshold"":24386.81,""value"":24376.4,""since_minute_bucket_ist"":"""",""last_updated_ist"":""2026-07-31 14:33:00""}"
2026-07-31 00:00:00,2026-07-31 14:33:00,317,NIFTY,OPTION_MOMENTUM_PUT,ON,MED,3.7,ATM PUT momentum (ltp up + vol up),"{""dedupe_key"":""NIFTY|OPTION_MOMENTUM_PUT|ON|2026-07-31 14:33"",""threshold"":1.5,""value"":3.7,""since_minute_bucket_ist"":"""",""last_updated_ist"":""2026-07-31 14:33:00""}"
2026-07-31 00:00:00,2026-07-31 14:33:00,317,NIFTY,WALL_UNWIND_CONFIRM_DOWN,ON,MED,-0.0095,Put wall OI unwinding (5m),"{""dedupe_key"":""NIFTY|WALL_UNWIND_CONFIRM_DOWN|ON|2026-07-31 14:33"",""threshold"":-0.006,""value"":-0.0095,""since_minute_bucket_ist"":"""",""last_updated_ist"":""2026-07-31 14:33:00""}"
2026-07-31 00:00:00,2026-07-31 14:33:00,317,NIFTY,CHURN_COMMITTED,ON,MED,-0.0008,Price move + aligned flow (committed),"{""dedupe_key"":""NIFTY|CHURN_COMMITTED|ON|2026-07-31 14:33"",""threshold"":0.0001,""value"":-0.0008,""since_minute_bucket_ist"":"""",""last_updated_ist"":""2026-07-31 14:33:00""}"
2026-07-31 00:00:00,2026-07-31 14:33:00,317,NIFTY,WALL_PRESSURE_BREAK_SETUP,ON,MED,-18.44999999999709,Pressure building into a wall (break setup),"{""dedupe_key"":""NIFTY|WALL_PRESSURE_BREAK_SETUP|ON|2026-07-31 14:33"",""threshold"":0,""value"":-18.44999999999709,""since_minute_bucket_ist"":"""",""last_updated_ist"":""2026-07-31 14:33:00""}"
2026-07-31 00:00:00,2026-07-31 14:34:00,318,NIFTY,TRADE_LIMIT_REACHED,ON,MED,11,Cooldown active (2m),"{""dedupe_key"":""NIFTY|TRADE_LIMIT_REACHED|ON|2026-07-31 14:34"",""threshold"":500,""value"":11,""since_minute_bucket_ist"":"""",""last_updated_ist"":""2026-07-31 14:34:00""}"
2026-07-31 00:00:00,2026-07-31 14:34:00,318,NIFTY,FLOW_BEARISH_BUILD,OFF,HIGH,0,Bearish build (premium-confirmed writing / resistance),"{""dedupe_key"":""NIFTY|FLOW_BEARISH_BUILD|OFF|2026-07-31 14:34"",""threshold"":0.005,""value"":0,""since_minute_bucket_ist"":""2026-07-31 14:33"",""last_updated_ist"":""2026-07-31 14:34:00""}"
2026-07-31 00:00:00,2026-07-31 14:34:00,318,NIFTY,REGIME_BREAKOUT_DOWN,ON,HIGH,2,Breakout DOWN (held below put wall),"{""dedupe_key"":""NIFTY|REGIME_BREAKOUT_DOWN|ON|2026-07-31 14:34"",""threshold"":2,""value"":2,""since_minute_bucket_ist"":"""",""last_updated_ist"":""2026-07-31 14:34:00""}"
2026-07-31 00:00:00,2026-07-31 14:34:00,318,NIFTY,PIN_BREAKOUT_SETUP,OFF,MED,0,Pin breakout setup (wall touch + aligned flow),"{""dedupe_key"":""NIFTY|PIN_BREAKOUT_SETUP|OFF|2026-07-31 14:34"",""threshold"":0,""value"":0,""since_minute_bucket_ist"":""2026-07-31 14:33"",""last_updated_ist"":""2026-07-31 14:34:00""}"
2026-07-31 00:00:00,2026-07-31 14:34:00,318,NIFTY,EXP_RANGE_BREAKOUT_CONFIRMED_DOWN,ON,HIGH,2,Expected-range breakout CONFIRMED DOWN,"{""dedupe_key"":""NIFTY|EXP_RANGE_BREAKOUT_CONFIRMED_DOWN|ON|2026-07-31 14:34"",""threshold"":2,""value"":2,""since_minute_bucket_ist"":"""",""last_updated_ist"":""2026-07-31 14:34:00""}"
2026-07-31 00:00:00,2026-07-31 14:34:00,318,NIFTY,OPTION_MOMENTUM_PUT,OFF,MED,0,ATM PUT momentum (ltp up + vol up),"{""dedupe_key"":""NIFTY|OPTION_MOMENTUM_PUT|OFF|2026-07-31 14:34"",""threshold"":1.5,""value"":0,""since_minute_bucket_ist"":""2026-07-31 14:33"",""last_updated_ist"":""2026-07-31 14:34:00""}"
2026-07-31 00:00:00,2026-07-31 14:34:00,318,NIFTY,CHURN_COMMITTED,OFF,MED,0,Price move + aligned flow (committed),"{""dedupe_key"":""NIFTY|CHURN_COMMITTED|OFF|2026-07-31 14:34"",""threshold"":0.0001,""value"":0,""since_minute_bucket_ist"":""2026-07-31 14:33"",""last_updated_ist"":""2026-07-31 14:34:00""}"
2026-07-31 00:00:00,2026-07-31 14:34:00,318,NIFTY,WALL_PRESSURE_BREAK_SETUP,OFF,MED,0,Pressure building into a wall (break setup),"{""dedupe_key"":""NIFTY|WALL_PRESSURE_BREAK_SETUP|OFF|2026-07-31 14:34"",""threshold"":0,""value"":0,""since_minute_bucket_ist"":""2026-07-31 14:33"",""last_updated_ist"":""2026-07-31 14:34:00""}"
2026-07-31 00:00:00,2026-07-31 14:35:00,319,NIFTY,TRADE_LIMIT_REACHED,OFF,MED,11,Cooldown active (2m),"{""dedupe_key"":""NIFTY|TRADE_LIMIT_REACHED|OFF|2026-07-31 14:35"",""threshold"":500,""value"":11,""since_minute_bucket_ist"":""2026-07-31 14:34"",""last_updated_ist"":""2026-07-31 14:35:00""}"
2026-07-31 00:00:00,2026-07-31 14:35:00,319,NIFTY,REGIME_BREAKOUT_DOWN,OFF,HIGH,0,Breakout DOWN (held below put wall),"{""dedupe_key"":""NIFTY|REGIME_BREAKOUT_DOWN|OFF|2026-07-31 14:35"",""threshold"":2,""value"":0,""since_minute_bucket_ist"":""2026-07-31 14:34"",""last_updated_ist"":""2026-07-31 14:35:00""}"
2026-07-31 00:00:00,2026-07-31 14:35:00,319,NIFTY,VOL_EXPANSION,ON,MED,0.0083,Volatility expanding (straddle up),"{""dedupe_key"":""NIFTY|VOL_EXPANSION|ON|2026-07-31 14:35"",""threshold"":0.02,""value"":0.0083,""since_minute_bucket_ist"":"""",""last_updated_ist"":""2026-07-31 14:35:00""}"
2026-07-31 00:00:00,2026-07-31 14:35:00,319,NIFTY,VOL_CONTRACTION,OFF,LOW,0.0083,Volatility contracting (straddle down),"{""dedupe_key"":""NIFTY|VOL_CONTRACTION|OFF|2026-07-31 14:35"",""threshold"":-0.03,""value"":0.0083,""since_minute_bucket_ist"":""2026-07-31 14:30"",""last_updated_ist"":""2026-07-31 14:35:00""}"
2026-07-31 00:00:00,2026-07-31 14:35:00,319,NIFTY,OPTION_MOMENTUM_PUT,ON,MED,1.7,ATM PUT momentum (ltp up + vol up),"{""dedupe_key"":""NIFTY|OPTION_MOMENTUM_PUT|ON|2026-07-31 14:35"",""threshold"":1.5,""value"":1.7,""since_minute_bucket_ist"":"""",""last_updated_ist"":""2026-07-31 14:35:00""}"
2026-07-31 00:00:00,2026-07-31 14:35:00,319,NIFTY,WALL_UNWIND_CONFIRM_UP,OFF,MED,0,Call wall OI unwinding (5m),"{""dedupe_key"":""NIFTY|WALL_UNWIND_CONFIRM_UP|OFF|2026-07-31 14:35"",""threshold"":-0.006,""value"":0,""since_minute_bucket_ist"":""2026-07-31 14:31"",""last_updated_ist"":""2026-07-31 14:35:00""}"
2026-07-31 00:00:00,2026-07-31 14:35:00,319,NIFTY,WALL_UNWIND_CONFIRM_DOWN,OFF,MED,0,Put wall OI unwinding (5m),"{""dedupe_key"":""NIFTY|WALL_UNWIND_CONFIRM_DOWN|OFF|2026-07-31 14:35"",""threshold"":-0.006,""value"":0,""since_minute_bucket_ist"":""2026-07-31 14:33"",""last_updated_ist"":""2026-07-31 14:35:00""}"
2026-07-31 00:00:00,2026-07-31 14:35:00,319,NIFTY,WALL_SHIFT_REGIME,ON,MED,1,Wall strike shifted materially (>= 1 step),"{""dedupe_key"":""NIFTY|WALL_SHIFT_REGIME|ON|2026-07-31 14:35"",""threshold"":1,""value"":1,""since_minute_bucket_ist"":"""",""last_updated_ist"":""2026-07-31 14:35:00""}"
2026-07-31 00:00:00,2026-07-31 14:36:00,320,NIFTY,REGIME_TREND_DOWN,OFF,MED,-0.001,Trend DOWN (slope + direction),"{""dedupe_key"":""NIFTY|REGIME_TREND_DOWN|OFF|2026-07-31 14:36"",""threshold"":-0.001,""value"":-0.001,""since_minute_bucket_ist"":""2026-07-31 14:33"",""last_updated_ist"":""2026-07-31 14:36:00""}"
2026-07-31 00:00:00,2026-07-31 14:36:00,320,NIFTY,REGIME_TRANSITION_UNCERTAIN,ON,LOW,1,Transition/uncertain regime,"{""dedupe_key"":""NIFTY|REGIME_TRANSITION_UNCERTAIN|ON|2026-07-31 14:36"",""threshold"":1,""value"":1,""since_minute_bucket_ist"":"""",""last_updated_ist"":""2026-07-31 14:36:00""}"
2026-07-31 00:00:00,2026-07-31 14:36:00,320,NIFTY,OPTION_MOMENTUM_PUT,OFF,MED,0,ATM PUT momentum (ltp up + vol up),"{""dedupe_key"":""NIFTY|OPTION_MOMENTUM_PUT|OFF|2026-07-31 14:36"",""threshold"":1.5,""value"":0,""since_minute_bucket_ist"":""2026-07-31 14:35"",""last_updated_ist"":""2026-07-31 14:36:00""}"
2026-07-31 00:00:00,2026-07-31 14:36:00,320,NIFTY,WALL_SHIFT_REGIME,OFF,MED,1,Wall strike shifted materially (>= 1 step),"{""dedupe_key"":""NIFTY|WALL_SHIFT_REGIME|OFF|2026-07-31 14:36"",""threshold"":1,""value"":1,""since_minute_bucket_ist"":""2026-07-31 14:35"",""last_updated_ist"":""2026-07-31 14:36:00""}"
2026-07-31 00:00:00,2026-07-31 14:37:00,321,NIFTY,EXP_RANGE_BREAKOUT_WATCH_DOWN,OFF,MED,24374.95,Expected-range watch DOWN,"{""dedupe_key"":""NIFTY|EXP_RANGE_BREAKOUT_WATCH_DOWN|OFF|2026-07-31 14:37"",""threshold"":24370.51,""value"":24374.95,""since_minute_bucket_ist"":""2026-07-31 14:33"",""last_updated_ist"":""2026-07-31 14:37:00""}"
2026-07-31 00:00:00,2026-07-31 14:37:00,321,NIFTY,EXP_RANGE_BREAKOUT_CONFIRMED_DOWN,OFF,HIGH,0,Expected-range breakout CONFIRMED DOWN,"{""dedupe_key"":""NIFTY|EXP_RANGE_BREAKOUT_CONFIRMED_DOWN|OFF|2026-07-31 14:37"",""threshold"":2,""value"":0,""since_minute_bucket_ist"":""2026-07-31 14:34"",""last_updated_ist"":""2026-07-31 14:37:00""}"
2026-07-31 00:00:00,2026-07-31 14:37:00,321,NIFTY,VOL_EXPANSION,OFF,MED,0.0139,Volatility expanding (straddle up),"{""dedupe_key"":""NIFTY|VOL_EXPANSION|OFF|2026-07-31 14:37"",""threshold"":0.02,""value"":0.0139,""since_minute_bucket_ist"":""2026-07-31 14:35"",""last_updated_ist"":""2026-07-31 14:37:00""}"
2026-07-31 00:00:00,2026-07-31 14:37:00,321,NIFTY,OPTION_MOMENTUM_CALL,ON,MED,2.35,ATM CALL momentum (ltp up + vol up),"{""dedupe_key"":""NIFTY|OPTION_MOMENTUM_CALL|ON|2026-07-31 14:37"",""threshold"":1.5,""value"":2.35,""since_minute_bucket_ist"":"""",""last_updated_ist"":""2026-07-31 14:37:00""}"
2026-07-31 00:00:00,2026-07-31 14:38:00,322,NIFTY,REGIME_RANGE_PIN,ON,LOW,0.0003,Range / pin (inside local walls),"{""dedupe_key"":""NIFTY|REGIME_RANGE_PIN|ON|2026-07-31 14:38"",""threshold"":0.001,""value"":0.0003,""since_minute_bucket_ist"":"""",""last_updated_ist"":""2026-07-31 14:38:00""}"
2026-07-31 00:00:00,2026-07-31 14:38:00,322,NIFTY,REGIME_TRANSITION_UNCERTAIN,OFF,LOW,1,Transition/uncertain regime,"{""dedupe_key"":""NIFTY|REGIME_TRANSITION_UNCERTAIN|OFF|2026-07-31 14:38"",""threshold"":1,""value"":1,""since_minute_bucket_ist"":""2026-07-31 14:36"",""last_updated_ist"":""2026-07-31 14:38:00""}"
2026-07-31 00:00:00,2026-07-31 14:38:00,322,NIFTY,OPTION_MOMENTUM_CALL,OFF,MED,0,ATM CALL momentum (ltp up + vol up),"{""dedupe_key"":""NIFTY|OPTION_MOMENTUM_CALL|OFF|2026-07-31 14:38"",""threshold"":1.5,""value"":0,""since_minute_bucket_ist"":""2026-07-31 14:37"",""last_updated_ist"":""2026-07-31 14:38:00""}"
2026-07-31 00:00:00,2026-07-31 14:39:00,323,NIFTY,VOL_CONTRACTION,ON,LOW,-0.0301,Volatility contracting (straddle down),"{""dedupe_key"":""NIFTY|VOL_CONTRACTION|ON|2026-07-31 14:39"",""threshold"":-0.03,""value"":-0.0301,""since_minute_bucket_ist"":"""",""last_updated_ist"":""2026-07-31 14:39:00""}"
2026-07-31 00:00:00,2026-07-31 14:39:00,323,NIFTY,OPTION_MOMENTUM_CALL,ON,MED,1.7,ATM CALL momentum (ltp up + vol up),"{""dedupe_key"":""NIFTY|OPTION_MOMENTUM_CALL|ON|2026-07-31 14:39"",""threshold"":1.5,""value"":1.7,""since_minute_bucket_ist"":"""",""last_updated_ist"":""2026-07-31 14:39:00""}"
2026-07-31 00:00:00,2026-07-31 14:40:00,324,NIFTY,FLOW_BEARISH_BUILD,ON,HIGH,0.0162,Bearish build (premium-confirmed writing / resistance),"{""dedupe_key"":""NIFTY|FLOW_BEARISH_BUILD|ON|2026-07-31 14:40"",""threshold"":0.005,""value"":0.0162,""since_minute_bucket_ist"":"""",""last_updated_ist"":""2026-07-31 14:40:00""}"
2026-07-31 00:00:00,2026-07-31 14:40:00,324,NIFTY,VOL_CONTRACTION,OFF,LOW,0.0008,Volatility contracting (straddle down),"{""dedupe_key"":""NIFTY|VOL_CONTRACTION|OFF|2026-07-31 14:40"",""threshold"":-0.03,""value"":0.0008,""since_minute_bucket_ist"":""2026-07-31 14:39"",""last_updated_ist"":""2026-07-31 14:40:00""}"
2026-07-31 00:00:00,2026-07-31 14:40:00,324,NIFTY,OPTION_MOMENTUM_CALL,OFF,MED,-2.25,ATM CALL momentum (ltp up + vol up),"{""dedupe_key"":""NIFTY|OPTION_MOMENTUM_CALL|OFF|2026-07-31 14:40"",""threshold"":1.5,""value"":-2.25,""since_minute_bucket_ist"":""2026-07-31 14:39"",""last_updated_ist"":""2026-07-31 14:40:00""}"
2026-07-31 00:00:00,2026-07-31 14:40:00,324,NIFTY,OPTION_MOMENTUM_PUT,ON,MED,2.55,ATM PUT momentum (ltp up + vol up),"{""dedupe_key"":""NIFTY|OPTION_MOMENTUM_PUT|ON|2026-07-31 14:40"",""threshold"":1.5,""value"":2.55,""since_minute_bucket_ist"":"""",""last_updated_ist"":""2026-07-31 14:40:00""}"
2026-07-31 00:00:00,2026-07-31 14:40:00,324,NIFTY,WALL_UNWIND_CONFIRM_DOWN,ON,MED,-0.048,Put wall OI unwinding (5m),"{""dedupe_key"":""NIFTY|WALL_UNWIND_CONFIRM_DOWN|ON|2026-07-31 14:40"",""threshold"":-0.006,""value"":-0.048,""since_minute_bucket_ist"":"""",""last_updated_ist"":""2026-07-31 14:40:00""}"
2026-07-31 00:00:00,2026-07-31 14:40:00,324,NIFTY,CHURN_COMMITTED,ON,MED,-0.0002,Price move + aligned flow (committed),"{""dedupe_key"":""NIFTY|CHURN_COMMITTED|ON|2026-07-31 14:40"",""threshold"":0.0001,""value"":-0.0002,""since_minute_bucket_ist"":"""",""last_updated_ist"":""2026-07-31 14:40:00""}"
2026-07-31 00:00:00,2026-07-31 14:40:00,324,NIFTY,STEALTH_BUILD_BEAR,ON,MED,0.0162,"Stealth bearish build (calls build, spot flat)","{""dedupe_key"":""NIFTY|STEALTH_BUILD_BEAR|ON|2026-07-31 14:40"",""threshold"":0.008,""value"":0.0162,""since_minute_bucket_ist"":"""",""last_updated_ist"":""2026-07-31 14:40:00""}"
2026-07-31 00:00:00,2026-07-31 14:41:00,325,NIFTY,FLOW_BEARISH_BUILD,OFF,HIGH,-0.0012,Bearish build (premium-confirmed writing / resistance),"{""dedupe_key"":""NIFTY|FLOW_BEARISH_BUILD|OFF|2026-07-31 14:41"",""threshold"":0.005,""value"":-0.0012,""since_minute_bucket_ist"":""2026-07-31 14:40"",""last_updated_ist"":""2026-07-31 14:41:00""}"
2026-07-31 00:00:00,2026-07-31 14:41:00,325,NIFTY,OPTION_MOMENTUM_PUT,OFF,MED,1.35,ATM PUT momentum (ltp up + vol up),"{""dedupe_key"":""NIFTY|OPTION_MOMENTUM_PUT|OFF|2026-07-31 14:41"",""threshold"":1.5,""value"":1.35,""since_minute_bucket_ist"":""2026-07-31 14:40"",""last_updated_ist"":""2026-07-31 14:41:00""}"
2026-07-31 00:00:00,2026-07-31 14:41:00,325,NIFTY,CHURN_COMMITTED,OFF,MED,-0.0003,Price move + aligned flow (committed),"{""dedupe_key"":""NIFTY|CHURN_COMMITTED|OFF|2026-07-31 14:41"",""threshold"":0.0001,""value"":-0.0003,""since_minute_bucket_ist"":""2026-07-31 14:40"",""last_updated_ist"":""2026-07-31 14:41:00""}"
2026-07-31 00:00:00,2026-07-31 14:41:00,325,NIFTY,STEALTH_BUILD_BEAR,OFF,MED,-0.0012,"Stealth bearish build (calls build, spot flat)","{""dedupe_key"":""NIFTY|STEALTH_BUILD_BEAR|OFF|2026-07-31 14:41"",""threshold"":0.008,""value"":-0.0012,""since_minute_bucket_ist"":""2026-07-31 14:40"",""last_updated_ist"":""2026-07-31 14:41:00""}"
2026-07-31 00:00:00,2026-07-31 14:42:00,326,NIFTY,FLOW_BULLISH_BUILD,ON,HIGH,0.0027,Bullish build (premium-confirmed writing / support),"{""dedupe_key"":""NIFTY|FLOW_BULLISH_BUILD|ON|2026-07-31 14:42"",""threshold"":0.005,""value"":0.0027,""since_minute_bucket_ist"":"""",""last_updated_ist"":""2026-07-31 14:42:00""}"
2026-07-31 00:00:00,2026-07-31 14:42:00,326,NIFTY,REGIME_RANGE_PIN,OFF,LOW,0.0001,Range / pin (inside local walls),"{""dedupe_key"":""NIFTY|REGIME_RANGE_PIN|OFF|2026-07-31 14:42"",""threshold"":0.001,""value"":0.0001,""since_minute_bucket_ist"":""2026-07-31 14:38"",""last_updated_ist"":""2026-07-31 14:42:00""}"
2026-07-31 00:00:00,2026-07-31 14:42:00,326,NIFTY,REGIME_TRANSITION_UNCERTAIN,ON,LOW,1,Transition/uncertain regime,"{""dedupe_key"":""NIFTY|REGIME_TRANSITION_UNCERTAIN|ON|2026-07-31 14:42"",""threshold"":1,""value"":1,""since_minute_bucket_ist"":"""",""last_updated_ist"":""2026-07-31 14:42:00""}"
2026-07-31 00:00:00,2026-07-31 14:42:00,326,NIFTY,EXP_RANGE_BREAKOUT_WATCH_DOWN,ON,MED,24362.55,Expected-range watch DOWN,"{""dedupe_key"":""NIFTY|EXP_RANGE_BREAKOUT_WATCH_DOWN|ON|2026-07-31 14:42"",""threshold"":24362.65,""value"":24362.55,""since_minute_bucket_ist"":"""",""last_updated_ist"":""2026-07-31 14:42:00""}"
2026-07-31 00:00:00,2026-07-31 14:43:00,327,NIFTY,FLOW_BULLISH_BUILD,OFF,HIGH,0,Bullish build (premium-confirmed writing / support),"{""dedupe_key"":""NIFTY|FLOW_BULLISH_BUILD|OFF|2026-07-31 14:43"",""threshold"":0.005,""value"":0,""since_minute_bucket_ist"":""2026-07-31 14:42"",""last_updated_ist"":""2026-07-31 14:43:00""}"
2026-07-31 00:00:00,2026-07-31 14:43:00,327,NIFTY,EXP_RANGE_BREAKOUT_WATCH_DOWN,OFF,MED,24362.55,Expected-range watch DOWN,"{""dedupe_key"":""NIFTY|EXP_RANGE_BREAKOUT_WATCH_DOWN|OFF|2026-07-31 14:43"",""threshold"":24361.75,""value"":24362.55,""since_minute_bucket_ist"":""2026-07-31 14:42"",""last_updated_ist"":""2026-07-31 14:43:00""}"
2026-07-31 00:00:00,2026-07-31 14:43:00,327,NIFTY,VOL_EXPANSION,ON,MED,0.022,Volatility expanding (straddle up),"{""dedupe_key"":""NIFTY|VOL_EXPANSION|ON|2026-07-31 14:43"",""threshold"":0.02,""value"":0.022,""since_minute_bucket_ist"":"""",""last_updated_ist"":""2026-07-31 14:43:00""}"
2026-07-31 00:00:00,2026-07-31 14:44:00,328,NIFTY,FLOW_BEARISH_BUILD,ON,HIGH,0.0017,Bearish build (premium-confirmed writing / resistance),"{""dedupe_key"":""NIFTY|FLOW_BEARISH_BUILD|ON|2026-07-31 14:44"",""threshold"":0.005,""value"":0.0017,""since_minute_bucket_ist"":"""",""last_updated_ist"":""2026-07-31 14:44:00""}"
2026-07-31 00:00:00,2026-07-31 14:44:00,328,NIFTY,PIN_BASIC,OFF,LOW,37.5,Spot near a local wall (pin zone),"{""dedupe_key"":""NIFTY|PIN_BASIC|OFF|2026-07-31 14:44"",""threshold"":37.5,""value"":37.5,""since_minute_bucket_ist"":""2026-07-31 13:15"",""last_updated_ist"":""2026-07-31 14:44:00""}"
2026-07-31 00:00:00,2026-07-31 14:44:00,328,NIFTY,EXP_RANGE_BREAKOUT_WATCH_DOWN,ON,MED,24361.7,Expected-range watch DOWN,"{""dedupe_key"":""NIFTY|EXP_RANGE_BREAKOUT_WATCH_DOWN|ON|2026-07-31 14:44"",""threshold"":24362.63,""value"":24361.7,""since_minute_bucket_ist"":"""",""last_updated_ist"":""2026-07-31 14:44:00""}"
2026-07-31 00:00:00,2026-07-31 14:44:00,328,NIFTY,VOL_EXPANSION,OFF,MED,-0.0186,Volatility expanding (straddle up),"{""dedupe_key"":""NIFTY|VOL_EXPANSION|OFF|2026-07-31 14:44"",""threshold"":0.02,""value"":-0.0186,""since_minute_bucket_ist"":""2026-07-31 14:43"",""last_updated_ist"":""2026-07-31 14:44:00""}"
2026-07-31 00:00:00,2026-07-31 14:44:00,328,NIFTY,VOL_CONTRACTION,ON,LOW,-0.0186,Volatility contracting (straddle down),"{""dedupe_key"":""NIFTY|VOL_CONTRACTION|ON|2026-07-31 14:44"",""threshold"":-0.03,""value"":-0.0186,""since_minute_bucket_ist"":"""",""last_updated_ist"":""2026-07-31 14:44:00""}"
2026-07-31 00:00:00,2026-07-31 14:44:00,328,NIFTY,OPTION_MOMENTUM_PUT,ON,MED,5.05,ATM PUT momentum (ltp up + vol up),"{""dedupe_key"":""NIFTY|OPTION_MOMENTUM_PUT|ON|2026-07-31 14:44"",""threshold"":1.5,""value"":5.05,""since_minute_bucket_ist"":"""",""last_updated_ist"":""2026-07-31 14:44:00""}"
2026-07-31 00:00:00,2026-07-31 14:45:00,329,NIFTY,FLOW_BEARISH_BUILD,OFF,HIGH,0,Bearish build (premium-confirmed writing / resistance),"{""dedupe_key"":""NIFTY|FLOW_BEARISH_BUILD|OFF|2026-07-31 14:45"",""threshold"":0.005,""value"":0,""since_minute_bucket_ist"":""2026-07-31 14:44"",""last_updated_ist"":""2026-07-31 14:45:00""}"
2026-07-31 00:00:00,2026-07-31 14:45:00,329,NIFTY,REGIME_RANGE_PIN,ON,LOW,0.0001,Range / pin (inside local walls),"{""dedupe_key"":""NIFTY|REGIME_RANGE_PIN|ON|2026-07-31 14:45"",""threshold"":0.001,""value"":0.0001,""since_minute_bucket_ist"":"""",""last_updated_ist"":""2026-07-31 14:45:00""}"
2026-07-31 00:00:00,2026-07-31 14:45:00,329,NIFTY,REGIME_TRANSITION_UNCERTAIN,OFF,LOW,1,Transition/uncertain regime,"{""dedupe_key"":""NIFTY|REGIME_TRANSITION_UNCERTAIN|OFF|2026-07-31 14:45"",""threshold"":1,""value"":1,""since_minute_bucket_ist"":""2026-07-31 14:42"",""last_updated_ist"":""2026-07-31 14:45:00""}"
2026-07-31 00:00:00,2026-07-31 14:45:00,329,NIFTY,EXP_RANGE_BREAKOUT_WATCH_DOWN,OFF,MED,24361.7,Expected-range watch DOWN,"{""dedupe_key"":""NIFTY|EXP_RANGE_BREAKOUT_WATCH_DOWN|OFF|2026-07-31 14:45"",""threshold"":24361.21,""value"":24361.7,""since_minute_bucket_ist"":""2026-07-31 14:44"",""last_updated_ist"":""2026-07-31 14:45:00""}"
2026-07-31 00:00:00,2026-07-31 14:45:00,329,NIFTY,VOL_CONTRACTION,OFF,LOW,-0.0102,Volatility contracting (straddle down),"{""dedupe_key"":""NIFTY|VOL_CONTRACTION|OFF|2026-07-31 14:45"",""threshold"":-0.03,""value"":-0.0102,""since_minute_bucket_ist"":""2026-07-31 14:44"",""last_updated_ist"":""2026-07-31 14:45:00""}"
2026-07-31 00:00:00,2026-07-31 14:45:00,329,NIFTY,OPTION_MOMENTUM_PUT,OFF,MED,0,ATM PUT momentum (ltp up + vol up),"{""dedupe_key"":""NIFTY|OPTION_MOMENTUM_PUT|OFF|2026-07-31 14:45"",""threshold"":1.5,""value"":0,""since_minute_bucket_ist"":""2026-07-31 14:44"",""last_updated_ist"":""2026-07-31 14:45:00""}"
2026-07-31 00:00:00,2026-07-31 14:45:00,329,NIFTY,WALL_UNWIND_CONFIRM_UP,ON,MED,-0.0169,Call wall OI unwinding (5m),"{""dedupe_key"":""NIFTY|WALL_UNWIND_CONFIRM_UP|ON|2026-07-31 14:45"",""threshold"":-0.006,""value"":-0.0169,""since_minute_bucket_ist"":"""",""last_updated_ist"":""2026-07-31 14:45:00""}"
2026-07-31 00:00:00,2026-07-31 14:45:00,329,NIFTY,WALL_UNWIND_CONFIRM_DOWN,OFF,MED,0.0106,Put wall OI unwinding (5m),"{""dedupe_key"":""NIFTY|WALL_UNWIND_CONFIRM_DOWN|OFF|2026-07-31 14:45"",""threshold"":-0.006,""value"":0.0106,""since_minute_bucket_ist"":""2026-07-31 14:40"",""last_updated_ist"":""2026-07-31 14:45:00""}"
2026-07-31 00:00:00,2026-07-31 14:46:00,330,NIFTY,PIN_BASIC,ON,LOW,37.5,Spot near a local wall (pin zone),"{""dedupe_key"":""NIFTY|PIN_BASIC|ON|2026-07-31 14:46"",""threshold"":37.5,""value"":37.5,""since_minute_bucket_ist"":"""",""last_updated_ist"":""2026-07-31 14:46:00""}"
2026-07-31 00:00:00,2026-07-31 14:46:00,330,NIFTY,VOL_CONTRACTION,ON,LOW,-0.0182,Volatility contracting (straddle down),"{""dedupe_key"":""NIFTY|VOL_CONTRACTION|ON|2026-07-31 14:46"",""threshold"":-0.03,""value"":-0.0182,""since_minute_bucket_ist"":"""",""last_updated_ist"":""2026-07-31 14:46:00""}"
2026-07-31 00:00:00,2026-07-31 14:46:00,330,NIFTY,OPTION_MOMENTUM_CALL,ON,MED,2.9,ATM CALL momentum (ltp up + vol up),"{""dedupe_key"":""NIFTY|OPTION_MOMENTUM_CALL|ON|2026-07-31 14:46"",""threshold"":1.5,""value"":2.9,""since_minute_bucket_ist"":"""",""last_updated_ist"":""2026-07-31 14:46:00""}"
2026-07-31 00:00:00,2026-07-31 14:46:00,330,NIFTY,WALL_UNWIND_CONFIRM_DOWN,ON,MED,-0.0284,Put wall OI unwinding (5m),"{""dedupe_key"":""NIFTY|WALL_UNWIND_CONFIRM_DOWN|ON|2026-07-31 14:46"",""threshold"":-0.006,""value"":-0.0284,""since_minute_bucket_ist"":"""",""last_updated_ist"":""2026-07-31 14:46:00""}"
2026-07-31 00:00:00,2026-07-31 14:47:00,331,NIFTY,FLOW_BEARISH_BUILD,ON,HIGH,0.0084,Bearish build (premium-confirmed writing / resistance),"{""dedupe_key"":""NIFTY|FLOW_BEARISH_BUILD|ON|2026-07-31 14:47"",""threshold"":0.005,""value"":0.0084,""since_minute_bucket_ist"":"""",""last_updated_ist"":""2026-07-31 14:47:00""}"
2026-07-31 00:00:00,2026-07-31 14:47:00,331,NIFTY,OPTION_MOMENTUM_CALL,OFF,MED,-0.35,ATM CALL momentum (ltp up + vol up),"{""dedupe_key"":""NIFTY|OPTION_MOMENTUM_CALL|OFF|2026-07-31 14:47"",""threshold"":1.5,""value"":-0.35,""since_minute_bucket_ist"":""2026-07-31 14:46"",""last_updated_ist"":""2026-07-31 14:47:00""}"
2026-07-31 00:00:00,2026-07-31 14:47:00,331,NIFTY,WALL_UNWIND_CONFIRM_UP,OFF,MED,0.0246,Call wall OI unwinding (5m),"{""dedupe_key"":""NIFTY|WALL_UNWIND_CONFIRM_UP|OFF|2026-07-31 14:47"",""threshold"":-0.006,""value"":0.0246,""since_minute_bucket_ist"":""2026-07-31 14:45"",""last_updated_ist"":""2026-07-31 14:47:00""}"
2026-07-31 00:00:00,2026-07-31 14:47:00,331,NIFTY,STEALTH_BUILD_BEAR,ON,MED,0.0084,"Stealth bearish build (calls build, spot flat)","{""dedupe_key"":""NIFTY|STEALTH_BUILD_BEAR|ON|2026-07-31 14:47"",""threshold"":0.008,""value"":0.0084,""since_minute_bucket_ist"":"""",""last_updated_ist"":""2026-07-31 14:47:00""}"
2026-07-31 00:00:00,2026-07-31 14:48:00,332,NIFTY,FLOW_BEARISH_BUILD,OFF,HIGH,0.0062,Bearish build (premium-confirmed writing / resistance),"{""dedupe_key"":""NIFTY|FLOW_BEARISH_BUILD|OFF|2026-07-31 14:48"",""threshold"":0.005,""value"":0.0062,""since_minute_bucket_ist"":""2026-07-31 14:47"",""last_updated_ist"":""2026-07-31 14:48:00""}"
2026-07-31 00:00:00,2026-07-31 14:48:00,332,NIFTY,VOL_CONTRACTION,OFF,LOW,-0.0073,Volatility contracting (straddle down),"{""dedupe_key"":""NIFTY|VOL_CONTRACTION|OFF|2026-07-31 14:48"",""threshold"":-0.03,""value"":-0.0073,""since_minute_bucket_ist"":""2026-07-31 14:46"",""last_updated_ist"":""2026-07-31 14:48:00""}"
2026-07-31 00:00:00,2026-07-31 14:48:00,332,NIFTY,OPTION_MOMENTUM_CALL,ON,MED,2.95,ATM CALL momentum (ltp up + vol up),"{""dedupe_key"":""NIFTY|OPTION_MOMENTUM_CALL|ON|2026-07-31 14:48"",""threshold"":1.5,""value"":2.95,""since_minute_bucket_ist"":"""",""last_updated_ist"":""2026-07-31 14:48:00""}"
2026-07-31 00:00:00,2026-07-31 14:48:00,332,NIFTY,TAIL_RISK_SKEW_HIGH,OFF,MED,1.89,Downside tail-risk skew elevated (PCR_COI high),"{""dedupe_key"":""NIFTY|TAIL_RISK_SKEW_HIGH|OFF|2026-07-31 14:48"",""threshold"":1.9,""value"":1.89,""since_minute_bucket_ist"":""2026-07-31 12:50"",""last_updated_ist"":""2026-07-31 14:48:00""}"
2026-07-31 00:00:00,2026-07-31 14:48:00,332,NIFTY,STEALTH_BUILD_BEAR,OFF,MED,0.0062,"Stealth bearish build (calls build, spot flat)","{""dedupe_key"":""NIFTY|STEALTH_BUILD_BEAR|OFF|2026-07-31 14:48"",""threshold"":0.008,""value"":0.0062,""since_minute_bucket_ist"":""2026-07-31 14:47"",""last_updated_ist"":""2026-07-31 14:48:00""}"
2026-07-31 00:00:00,2026-07-31 14:50:00,334,NIFTY,FLOW_BEARISH_BUILD,ON,HIGH,0.0029,Bearish build (premium-confirmed writing / resistance),"{""dedupe_key"":""NIFTY|FLOW_BEARISH_BUILD|ON|2026-07-31 14:50"",""threshold"":0.005,""value"":0.0029,""since_minute_bucket_ist"":"""",""last_updated_ist"":""2026-07-31 14:50:00""}"
2026-07-31 00:00:00,2026-07-31 14:50:00,334,NIFTY,OPTION_MOMENTUM_CALL,OFF,MED,-0.45,ATM CALL momentum (ltp up + vol up),"{""dedupe_key"":""NIFTY|OPTION_MOMENTUM_CALL|OFF|2026-07-31 14:50"",""threshold"":1.5,""value"":-0.45,""since_minute_bucket_ist"":""2026-07-31 14:48"",""last_updated_ist"":""2026-07-31 14:50:00""}"
2026-07-31 00:00:00,2026-07-31 14:51:00,335,NIFTY,FLOW_BEARISH_BUILD,OFF,HIGH,0.0056,Bearish build (premium-confirmed writing / resistance),"{""dedupe_key"":""NIFTY|FLOW_BEARISH_BUILD|OFF|2026-07-31 14:51"",""threshold"":0.005,""value"":0.0056,""since_minute_bucket_ist"":""2026-07-31 14:50"",""last_updated_ist"":""2026-07-31 14:51:00""}"
2026-07-31 00:00:00,2026-07-31 14:52:00,336,NIFTY,FLOW_BEARISH_BUILD,ON,HIGH,0.0051,Bearish build (premium-confirmed writing / resistance),"{""dedupe_key"":""NIFTY|FLOW_BEARISH_BUILD|ON|2026-07-31 14:52"",""threshold"":0.005,""value"":0.0051,""since_minute_bucket_ist"":"""",""last_updated_ist"":""2026-07-31 14:52:00""}"
2026-07-31 00:00:00,2026-07-31 14:52:00,336,NIFTY,OPTION_MOMENTUM_PUT,ON,MED,3.25,ATM PUT momentum (ltp up + vol up),"{""dedupe_key"":""NIFTY|OPTION_MOMENTUM_PUT|ON|2026-07-31 14:52"",""threshold"":1.5,""value"":3.25,""since_minute_bucket_ist"":"""",""last_updated_ist"":""2026-07-31 14:52:00""}"
2026-07-31 00:00:00,2026-07-31 14:53:00,337,NIFTY,FLOW_BEARISH_BUILD,OFF,HIGH,-0.0065,Bearish build (premium-confirmed writing / resistance),"{""dedupe_key"":""NIFTY|FLOW_BEARISH_BUILD|OFF|2026-07-31 14:53"",""threshold"":0.005,""value"":-0.0065,""since_minute_bucket_ist"":""2026-07-31 14:52"",""last_updated_ist"":""2026-07-31 14:53:00""}"
2026-07-31 00:00:00,2026-07-31 14:53:00,337,NIFTY,VOL_CONTRACTION,ON,LOW,-0.0031,Volatility contracting (straddle down),"{""dedupe_key"":""NIFTY|VOL_CONTRACTION|ON|2026-07-31 14:53"",""threshold"":-0.03,""value"":-0.0031,""since_minute_bucket_ist"":"""",""last_updated_ist"":""2026-07-31 14:53:00""}"
2026-07-31 00:00:00,2026-07-31 14:53:00,337,NIFTY,OPTION_MOMENTUM_PUT,OFF,MED,0.65,ATM PUT momentum (ltp up + vol up),"{""dedupe_key"":""NIFTY|OPTION_MOMENTUM_PUT|OFF|2026-07-31 14:53"",""threshold"":1.5,""value"":0.65,""since_minute_bucket_ist"":""2026-07-31 14:52"",""last_updated_ist"":""2026-07-31 14:53:00""}"
2026-07-31 00:00:00,2026-07-31 14:54:00,338,NIFTY,VOL_CONTRACTION,OFF,LOW,-0.005,Volatility contracting (straddle down),"{""dedupe_key"":""NIFTY|VOL_CONTRACTION|OFF|2026-07-31 14:54"",""threshold"":-0.03,""value"":-0.005,""since_minute_bucket_ist"":""2026-07-31 14:53"",""last_updated_ist"":""2026-07-31 14:54:00""}"
2026-07-31 00:00:00,2026-07-31 14:55:00,339,NIFTY,VOL_CONTRACTION,ON,LOW,-0.0092,Volatility contracting (straddle down),"{""dedupe_key"":""NIFTY|VOL_CONTRACTION|ON|2026-07-31 14:55"",""threshold"":-0.03,""value"":-0.0092,""since_minute_bucket_ist"":"""",""last_updated_ist"":""2026-07-31 14:55:00""}"
2026-07-31 00:00:00,2026-07-31 14:55:00,339,NIFTY,WALL_UNWIND_CONFIRM_DOWN,OFF,MED,-0.0005,Put wall OI unwinding (5m),"{""dedupe_key"":""NIFTY|WALL_UNWIND_CONFIRM_DOWN|OFF|2026-07-31 14:55"",""threshold"":-0.006,""value"":-0.0005,""since_minute_bucket_ist"":""2026-07-31 14:46"",""last_updated_ist"":""2026-07-31 14:55:00""}"
2026-07-31 00:00:00,2026-07-31 14:56:00,340,NIFTY,FLOW_BEARISH_BUILD,ON,HIGH,0.0001,Bearish build (premium-confirmed writing / resistance),"{""dedupe_key"":""NIFTY|FLOW_BEARISH_BUILD|ON|2026-07-31 14:56"",""threshold"":0.005,""value"":0.0001,""since_minute_bucket_ist"":"""",""last_updated_ist"":""2026-07-31 14:56:00""}"
2026-07-31 00:00:00,2026-07-31 14:56:00,340,NIFTY,VOL_CONTRACTION,OFF,LOW,-0.0036,Volatility contracting (straddle down),"{""dedupe_key"":""NIFTY|VOL_CONTRACTION|OFF|2026-07-31 14:56"",""threshold"":-0.03,""value"":-0.0036,""since_minute_bucket_ist"":""2026-07-31 14:55"",""last_updated_ist"":""2026-07-31 14:56:00""}"
2026-07-31 00:00:00,2026-07-31 14:56:00,340,NIFTY,WALL_UNWIND_CONFIRM_UP,ON,MED,-0.0164,Call wall OI unwinding (5m),"{""dedupe_key"":""NIFTY|WALL_UNWIND_CONFIRM_UP|ON|2026-07-31 14:56"",""threshold"":-0.006,""value"":-0.0164,""since_minute_bucket_ist"":"""",""last_updated_ist"":""2026-07-31 14:56:00""}"
2026-07-31 00:00:00,2026-07-31 14:56:00,340,NIFTY,WALL_UNWIND_CONFIRM_DOWN,ON,MED,-0.0096,Put wall OI unwinding (5m),"{""dedupe_key"":""NIFTY|WALL_UNWIND_CONFIRM_DOWN|ON|2026-07-31 14:56"",""threshold"":-0.006,""value"":-0.0096,""since_minute_bucket_ist"":"""",""last_updated_ist"":""2026-07-31 14:56:00""}"
2026-07-31 00:00:00,2026-07-31 14:57:00,341,NIFTY,FLOW_BEARISH_BUILD,OFF,HIGH,0.0007,Bearish build (premium-confirmed writing / resistance),"{""dedupe_key"":""NIFTY|FLOW_BEARISH_BUILD|OFF|2026-07-31 14:57"",""threshold"":0.005,""value"":0.0007,""since_minute_bucket_ist"":""2026-07-31 14:56"",""last_updated_ist"":""2026-07-31 14:57:00""}"
2026-07-31 00:00:00,2026-07-31 14:57:00,341,NIFTY,EXP_RANGE_BREAKOUT_WATCH_DOWN,ON,MED,24363.65,Expected-range watch DOWN,"{""dedupe_key"":""NIFTY|EXP_RANGE_BREAKOUT_WATCH_DOWN|ON|2026-07-31 14:57"",""threshold"":24364.48,""value"":24363.65,""since_minute_bucket_ist"":"""",""last_updated_ist"":""2026-07-31 14:57:00""}"
2026-07-31 00:00:00,2026-07-31 14:57:00,341,NIFTY,VOL_CONTRACTION,ON,LOW,-0.0039,Volatility contracting (straddle down),"{""dedupe_key"":""NIFTY|VOL_CONTRACTION|ON|2026-07-31 14:57"",""threshold"":-0.03,""value"":-0.0039,""since_minute_bucket_ist"":"""",""last_updated_ist"":""2026-07-31 14:57:00""}"
2026-07-31 00:00:00,2026-07-31 14:57:00,341,NIFTY,WALL_UNWIND_CONFIRM_DOWN,OFF,MED,-0.0059,Put wall OI unwinding (5m),"{""dedupe_key"":""NIFTY|WALL_UNWIND_CONFIRM_DOWN|OFF|2026-07-31 14:57"",""threshold"":-0.006,""value"":-0.0059,""since_minute_bucket_ist"":""2026-07-31 14:56"",""last_updated_ist"":""2026-07-31 14:57:00""}"
2026-07-31 00:00:00,2026-07-31 14:58:00,342,NIFTY,PIN_BASIC,OFF,LOW,37.5,Spot near a local wall (pin zone),"{""dedupe_key"":""NIFTY|PIN_BASIC|OFF|2026-07-31 14:58"",""threshold"":37.5,""value"":37.5,""since_minute_bucket_ist"":""2026-07-31 14:46"",""last_updated_ist"":""2026-07-31 14:58:00""}"
2026-07-31 00:00:00,2026-07-31 14:58:00,342,NIFTY,EXP_RANGE_BREAKOUT_CONFIRMED_DOWN,ON,HIGH,2,Expected-range breakout CONFIRMED DOWN,"{""dedupe_key"":""NIFTY|EXP_RANGE_BREAKOUT_CONFIRMED_DOWN|ON|2026-07-31 14:58"",""threshold"":2,""value"":2,""since_minute_bucket_ist"":"""",""last_updated_ist"":""2026-07-31 14:58:00""}"
2026-07-31 00:00:00,2026-07-31 14:58:00,342,NIFTY,OPTION_MOMENTUM_PUT,ON,MED,1.85,ATM PUT momentum (ltp up + vol up),"{""dedupe_key"":""NIFTY|OPTION_MOMENTUM_PUT|ON|2026-07-31 14:58"",""threshold"":1.5,""value"":1.85,""since_minute_bucket_ist"":"""",""last_updated_ist"":""2026-07-31 14:58:00""}"
2026-07-31 00:00:00,2026-07-31 14:58:00,342,NIFTY,WALL_UNWIND_CONFIRM_UP,OFF,MED,0.0127,Call wall OI unwinding (5m),"{""dedupe_key"":""NIFTY|WALL_UNWIND_CONFIRM_UP|OFF|2026-07-31 14:58"",""threshold"":-0.006,""value"":0.0127,""since_minute_bucket_ist"":""2026-07-31 14:56"",""last_updated_ist"":""2026-07-31 14:58:00""}"
2026-07-31 00:00:00,2026-07-31 15:00:00,344,NIFTY,PIN_BASIC,ON,LOW,37.5,Spot near a local wall (pin zone),"{""dedupe_key"":""NIFTY|PIN_BASIC|ON|2026-07-31 15:00"",""threshold"":37.5,""value"":37.5,""since_minute_bucket_ist"":"""",""last_updated_ist"":""2026-07-31 15:00:00""}"
2026-07-31 00:00:00,2026-07-31 15:00:00,344,NIFTY,EXP_RANGE_BREAKOUT_WATCH_DOWN,OFF,MED,24368.15,Expected-range watch DOWN,"{""dedupe_key"":""NIFTY|EXP_RANGE_BREAKOUT_WATCH_DOWN|OFF|2026-07-31 15:00"",""threshold"":24361.12,""value"":24368.15,""since_minute_bucket_ist"":""2026-07-31 14:57"",""last_updated_ist"":""2026-07-31 15:00:00""}"
2026-07-31 00:00:00,2026-07-31 15:00:00,344,NIFTY,EXP_RANGE_BREAKOUT_CONFIRMED_DOWN,OFF,HIGH,0,Expected-range breakout CONFIRMED DOWN,"{""dedupe_key"":""NIFTY|EXP_RANGE_BREAKOUT_CONFIRMED_DOWN|OFF|2026-07-31 15:00"",""threshold"":2,""value"":0,""since_minute_bucket_ist"":""2026-07-31 14:58"",""last_updated_ist"":""2026-07-31 15:00:00""}"
2026-07-31 00:00:00,2026-07-31 15:00:00,344,NIFTY,OPTION_MOMENTUM_CALL,ON,MED,5.2,ATM CALL momentum (ltp up + vol up),"{""dedupe_key"":""NIFTY|OPTION_MOMENTUM_CALL|ON|2026-07-31 15:00"",""threshold"":1.5,""value"":5.2,""since_minute_bucket_ist"":"""",""last_updated_ist"":""2026-07-31 15:00:00""}"
2026-07-31 00:00:00,2026-07-31 15:00:00,344,NIFTY,OPTION_MOMENTUM_PUT,OFF,MED,-4.35,ATM PUT momentum (ltp up + vol up),"{""dedupe_key"":""NIFTY|OPTION_MOMENTUM_PUT|OFF|2026-07-31 15:00"",""threshold"":1.5,""value"":-4.35,""since_minute_bucket_ist"":""2026-07-31 14:58"",""last_updated_ist"":""2026-07-31 15:00:00""}"
2026-07-31 00:00:00,2026-07-31 15:01:00,345,NIFTY,EXP_RANGE_BREAKOUT_WATCH_UP,ON,MED,24377.55,Expected-range watch UP,"{""dedupe_key"":""NIFTY|EXP_RANGE_BREAKOUT_WATCH_UP|ON|2026-07-31 15:01"",""threshold"":24373.78,""value"":24377.55,""since_minute_bucket_ist"":"""",""last_updated_ist"":""2026-07-31 15:01:00""}"
2026-07-31 00:00:00,2026-07-31 15:01:00,345,NIFTY,WALL_UNWIND_CONFIRM_DOWN,ON,MED,-0.0189,Put wall OI unwinding (5m),"{""dedupe_key"":""NIFTY|WALL_UNWIND_CONFIRM_DOWN|ON|2026-07-31 15:01"",""threshold"":-0.006,""value"":-0.0189,""since_minute_bucket_ist"":"""",""last_updated_ist"":""2026-07-31 15:01:00""}"
2026-07-31 00:00:00,2026-07-31 15:02:00,346,NIFTY,EXP_RANGE_BREAKOUT_CONFIRMED_UP,ON,HIGH,2,Expected-range breakout CONFIRMED UP,"{""dedupe_key"":""NIFTY|EXP_RANGE_BREAKOUT_CONFIRMED_UP|ON|2026-07-31 15:02"",""threshold"":2,""value"":2,""since_minute_bucket_ist"":"""",""last_updated_ist"":""2026-07-31 15:02:00""}"
2026-07-31 00:00:00,2026-07-31 15:02:00,346,NIFTY,OPTION_MOMENTUM_CALL,OFF,MED,-1.7,ATM CALL momentum (ltp up + vol up),"{""dedupe_key"":""NIFTY|OPTION_MOMENTUM_CALL|OFF|2026-07-31 15:02"",""threshold"":1.5,""value"":-1.7,""since_minute_bucket_ist"":""2026-07-31 15:00"",""last_updated_ist"":""2026-07-31 15:02:00""}"
2026-07-31 00:00:00,2026-07-31 15:02:00,346,NIFTY,OPTION_MOMENTUM_PUT,ON,MED,1.65,ATM PUT momentum (ltp up + vol up),"{""dedupe_key"":""NIFTY|OPTION_MOMENTUM_PUT|ON|2026-07-31 15:02"",""threshold"":1.5,""value"":1.65,""since_minute_bucket_ist"":"""",""last_updated_ist"":""2026-07-31 15:02:00""}"
2026-07-31 00:00:00,2026-07-31 15:03:00,347,NIFTY,FLOW_BULLISH_BUILD,ON,HIGH,0.0013,Bullish build (premium-confirmed writing / support),"{""dedupe_key"":""NIFTY|FLOW_BULLISH_BUILD|ON|2026-07-31 15:03"",""threshold"":0.005,""value"":0.0013,""since_minute_bucket_ist"":"""",""last_updated_ist"":""2026-07-31 15:03:00""}"
2026-07-31 00:00:00,2026-07-31 15:03:00,347,NIFTY,REGIME_RANGE_PIN,OFF,LOW,0.0002,Range / pin (inside local walls),"{""dedupe_key"":""NIFTY|REGIME_RANGE_PIN|OFF|2026-07-31 15:03"",""threshold"":0.001,""value"":0.0002,""since_minute_bucket_ist"":""2026-07-31 14:45"",""last_updated_ist"":""2026-07-31 15:03:00""}"
2026-07-31 00:00:00,2026-07-31 15:03:00,347,NIFTY,REGIME_TRANSITION_UNCERTAIN,ON,LOW,1,Transition/uncertain regime,"{""dedupe_key"":""NIFTY|REGIME_TRANSITION_UNCERTAIN|ON|2026-07-31 15:03"",""threshold"":1,""value"":1,""since_minute_bucket_ist"":"""",""last_updated_ist"":""2026-07-31 15:03:00""}"
2026-07-31 00:00:00,2026-07-31 15:03:00,347,NIFTY,PIN_BREAKOUT_SETUP,ON,MED,0.7000000000007276,Pin breakout setup (wall touch + aligned flow),"{""dedupe_key"":""NIFTY|PIN_BREAKOUT_SETUP|ON|2026-07-31 15:03"",""threshold"":0,""value"":0.7000000000007276,""since_minute_bucket_ist"":"""",""last_updated_ist"":""2026-07-31 15:03:00""}"
2026-07-31 00:00:00,2026-07-31 15:03:00,347,NIFTY,OPTION_MOMENTUM_PUT,OFF,MED,-0.3,ATM PUT momentum (ltp up + vol up),"{""dedupe_key"":""NIFTY|OPTION_MOMENTUM_PUT|OFF|2026-07-31 15:03"",""threshold"":1.5,""value"":-0.3,""since_minute_bucket_ist"":""2026-07-31 15:02"",""last_updated_ist"":""2026-07-31 15:03:00""}"
2026-07-31 00:00:00,2026-07-31 15:03:00,347,NIFTY,WALL_UNWIND_CONFIRM_UP,ON,MED,-0.0121,Call wall OI unwinding (5m),"{""dedupe_key"":""NIFTY|WALL_UNWIND_CONFIRM_UP|ON|2026-07-31 15:03"",""threshold"":-0.006,""value"":-0.0121,""since_minute_bucket_ist"":"""",""last_updated_ist"":""2026-07-31 15:03:00""}"
2026-07-31 00:00:00,2026-07-31 15:03:00,347,NIFTY,WALL_PRESSURE_BREAK_SETUP,ON,MED,0.7000000000007276,Pressure building into a wall (break setup),"{""dedupe_key"":""NIFTY|WALL_PRESSURE_BREAK_SETUP|ON|2026-07-31 15:03"",""threshold"":0,""value"":0.7000000000007276,""since_minute_bucket_ist"":"""",""last_updated_ist"":""2026-07-31 15:03:00""}"
2026-07-31 00:00:00,2026-07-31 15:04:00,348,NIFTY,FLOW_BULLISH_BUILD,OFF,HIGH,0,Bullish build (premium-confirmed writing / support),"{""dedupe_key"":""NIFTY|FLOW_BULLISH_BUILD|OFF|2026-07-31 15:04"",""threshold"":0.005,""value"":0,""since_minute_bucket_ist"":""2026-07-31 15:03"",""last_updated_ist"":""2026-07-31 15:04:00""}"
2026-07-31 00:00:00,2026-07-31 15:04:00,348,NIFTY,REGIME_TREND_UP,ON,MED,0.001,Trend UP (slope + direction),"{""dedupe_key"":""NIFTY|REGIME_TREND_UP|ON|2026-07-31 15:04"",""threshold"":0.001,""value"":0.001,""since_minute_bucket_ist"":"""",""last_updated_ist"":""2026-07-31 15:04:00""}"
2026-07-31 00:00:00,2026-07-31 15:04:00,348,NIFTY,REGIME_TRANSITION_UNCERTAIN,OFF,LOW,1,Transition/uncertain regime,"{""dedupe_key"":""NIFTY|REGIME_TRANSITION_UNCERTAIN|OFF|2026-07-31 15:04"",""threshold"":1,""value"":1,""since_minute_bucket_ist"":""2026-07-31 15:03"",""last_updated_ist"":""2026-07-31 15:04:00""}"
2026-07-31 00:00:00,2026-07-31 15:04:00,348,NIFTY,PIN_BREAKOUT_SETUP,OFF,MED,7.44999999999709,Pin breakout setup (wall touch + aligned flow),"{""dedupe_key"":""NIFTY|PIN_BREAKOUT_SETUP|OFF|2026-07-31 15:04"",""threshold"":0,""value"":7.44999999999709,""since_minute_bucket_ist"":""2026-07-31 15:03"",""last_updated_ist"":""2026-07-31 15:04:00""}"
2026-07-31 00:00:00,2026-07-31 15:04:00,348,NIFTY,WALL_PRESSURE_BREAK_SETUP,OFF,MED,7.44999999999709,Pressure building into a wall (break setup),"{""dedupe_key"":""NIFTY|WALL_PRESSURE_BREAK_SETUP|OFF|2026-07-31 15:04"",""threshold"":0,""value"":7.44999999999709,""since_minute_bucket_ist"":""2026-07-31 15:03"",""last_updated_ist"":""2026-07-31 15:04:00""}"
2026-07-31 00:00:00,2026-07-31 15:05:00,349,NIFTY,FLOW_BOTH_UNWINDING,ON,MED,-0.0069,Both sides unwinding,"{""dedupe_key"":""NIFTY|FLOW_BOTH_UNWINDING|ON|2026-07-31 15:05"",""threshold"":-0.005,""value"":-0.0069,""since_minute_bucket_ist"":"""",""last_updated_ist"":""2026-07-31 15:05:00""}"
2026-07-31 00:00:00,2026-07-31 15:05:00,349,NIFTY,REGIME_TREND_UP,OFF,MED,0.0008,Trend UP (slope + direction),"{""dedupe_key"":""NIFTY|REGIME_TREND_UP|OFF|2026-07-31 15:05"",""threshold"":0.001,""value"":0.0008,""since_minute_bucket_ist"":""2026-07-31 15:04"",""last_updated_ist"":""2026-07-31 15:05:00""}"
2026-07-31 00:00:00,2026-07-31 15:05:00,349,NIFTY,REGIME_TRANSITION_UNCERTAIN,ON,LOW,1,Transition/uncertain regime,"{""dedupe_key"":""NIFTY|REGIME_TRANSITION_UNCERTAIN|ON|2026-07-31 15:05"",""threshold"":1,""value"":1,""since_minute_bucket_ist"":"""",""last_updated_ist"":""2026-07-31 15:05:00""}"
2026-07-31 00:00:00,2026-07-31 15:06:00,350,NIFTY,FLOW_BOTH_UNWINDING,OFF,MED,0.0028,Both sides unwinding,"{""dedupe_key"":""NIFTY|FLOW_BOTH_UNWINDING|OFF|2026-07-31 15:06"",""threshold"":-0.005,""value"":0.0028,""since_minute_bucket_ist"":""2026-07-31 15:05"",""last_updated_ist"":""2026-07-31 15:06:00""}"
2026-07-31 00:00:00,2026-07-31 15:06:00,350,NIFTY,REGIME_RANGE_PIN,ON,LOW,0.0002,Range / pin (inside local walls),"{""dedupe_key"":""NIFTY|REGIME_RANGE_PIN|ON|2026-07-31 15:06"",""threshold"":0.001,""value"":0.0002,""since_minute_bucket_ist"":"""",""last_updated_ist"":""2026-07-31 15:06:00""}"
2026-07-31 00:00:00,2026-07-31 15:06:00,350,NIFTY,REGIME_TRANSITION_UNCERTAIN,OFF,LOW,1,Transition/uncertain regime,"{""dedupe_key"":""NIFTY|REGIME_TRANSITION_UNCERTAIN|OFF|2026-07-31 15:06"",""threshold"":1,""value"":1,""since_minute_bucket_ist"":""2026-07-31 15:05"",""last_updated_ist"":""2026-07-31 15:06:00""}"
2026-07-31 00:00:00,2026-07-31 15:06:00,350,NIFTY,EXP_RANGE_BREAKOUT_WATCH_UP,OFF,MED,24383.95,Expected-range watch UP,"{""dedupe_key"":""NIFTY|EXP_RANGE_BREAKOUT_WATCH_UP|OFF|2026-07-31 15:06"",""threshold"":24384.92,""value"":24383.95,""since_minute_bucket_ist"":""2026-07-31 15:01"",""last_updated_ist"":""2026-07-31 15:06:00""}"
2026-07-31 00:00:00,2026-07-31 15:06:00,350,NIFTY,EXP_RANGE_BREAKOUT_CONFIRMED_UP,OFF,HIGH,0,Expected-range breakout CONFIRMED UP,"{""dedupe_key"":""NIFTY|EXP_RANGE_BREAKOUT_CONFIRMED_UP|OFF|2026-07-31 15:06"",""threshold"":2,""value"":0,""since_minute_bucket_ist"":""2026-07-31 15:02"",""last_updated_ist"":""2026-07-31 15:06:00""}"
2026-07-31 00:00:00,2026-07-31 15:06:00,350,NIFTY,OPTION_MOMENTUM_PUT,ON,MED,1.95,ATM PUT momentum (ltp up + vol up),"{""dedupe_key"":""NIFTY|OPTION_MOMENTUM_PUT|ON|2026-07-31 15:06"",""threshold"":1.5,""value"":1.95,""since_minute_bucket_ist"":"""",""last_updated_ist"":""2026-07-31 15:06:00""}"
2026-07-31 00:00:00,2026-07-31 15:06:00,350,NIFTY,WALL_UNWIND_CONFIRM_UP,OFF,MED,-0.0032,Call wall OI unwinding (5m),"{""dedupe_key"":""NIFTY|WALL_UNWIND_CONFIRM_UP|OFF|2026-07-31 15:06"",""threshold"":-0.006,""value"":-0.0032,""since_minute_bucket_ist"":""2026-07-31 15:03"",""last_updated_ist"":""2026-07-31 15:06:00""}"
2026-07-31 00:00:00,2026-07-31 15:07:00,351,NIFTY,REGIME_RANGE_PIN,OFF,LOW,0.0002,Range / pin (inside local walls),"{""dedupe_key"":""NIFTY|REGIME_RANGE_PIN|OFF|2026-07-31 15:07"",""threshold"":0.001,""value"":0.0002,""since_minute_bucket_ist"":""2026-07-31 15:06"",""last_updated_ist"":""2026-07-31 15:07:00""}"
2026-07-31 00:00:00,2026-07-31 15:07:00,351,NIFTY,REGIME_TRANSITION_UNCERTAIN,ON,LOW,1,Transition/uncertain regime,"{""dedupe_key"":""NIFTY|REGIME_TRANSITION_UNCERTAIN|ON|2026-07-31 15:07"",""threshold"":1,""value"":1,""since_minute_bucket_ist"":"""",""last_updated_ist"":""2026-07-31 15:07:00""}"
2026-07-31 00:00:00,2026-07-31 15:07:00,351,NIFTY,EXP_RANGE_BREAKOUT_WATCH_UP,ON,MED,24392.3,Expected-range watch UP,"{""dedupe_key"":""NIFTY|EXP_RANGE_BREAKOUT_WATCH_UP|ON|2026-07-31 15:07"",""threshold"":24388.92,""value"":24392.3,""since_minute_bucket_ist"":"""",""last_updated_ist"":""2026-07-31 15:07:00""}"
2026-07-31 00:00:00,2026-07-31 15:07:00,351,NIFTY,OPTION_MOMENTUM_CALL,ON,MED,1.65,ATM CALL momentum (ltp up + vol up),"{""dedupe_key"":""NIFTY|OPTION_MOMENTUM_CALL|ON|2026-07-31 15:07"",""threshold"":1.5,""value"":1.65,""since_minute_bucket_ist"":"""",""last_updated_ist"":""2026-07-31 15:07:00""}"
2026-07-31 00:00:00,2026-07-31 15:07:00,351,NIFTY,OPTION_MOMENTUM_PUT,OFF,MED,-2.65,ATM PUT momentum (ltp up + vol up),"{""dedupe_key"":""NIFTY|OPTION_MOMENTUM_PUT|OFF|2026-07-31 15:07"",""threshold"":1.5,""value"":-2.65,""since_minute_bucket_ist"":""2026-07-31 15:06"",""last_updated_ist"":""2026-07-31 15:07:00""}"
2026-07-31 00:00:00,2026-07-31 15:07:00,351,NIFTY,WALL_UNWIND_CONFIRM_UP,ON,MED,-0.0392,Call wall OI unwinding (5m),"{""dedupe_key"":""NIFTY|WALL_UNWIND_CONFIRM_UP|ON|2026-07-31 15:07"",""threshold"":-0.006,""value"":-0.0392,""since_minute_bucket_ist"":"""",""last_updated_ist"":""2026-07-31 15:07:00""}"
2026-07-31 00:00:00,2026-07-31 15:08:00,352,NIFTY,EXP_RANGE_BREAKOUT_CONFIRMED_UP,ON,HIGH,2,Expected-range breakout CONFIRMED UP,"{""dedupe_key"":""NIFTY|EXP_RANGE_BREAKOUT_CONFIRMED_UP|ON|2026-07-31 15:08"",""threshold"":2,""value"":2,""since_minute_bucket_ist"":"""",""last_updated_ist"":""2026-07-31 15:08:00""}"
2026-07-31 00:00:00,2026-07-31 15:08:00,352,NIFTY,OPTION_MOMENTUM_CALL,OFF,MED,0,ATM CALL momentum (ltp up + vol up),"{""dedupe_key"":""NIFTY|OPTION_MOMENTUM_CALL|OFF|2026-07-31 15:08"",""threshold"":1.5,""value"":0,""since_minute_bucket_ist"":""2026-07-31 15:07"",""last_updated_ist"":""2026-07-31 15:08:00""}"
2026-07-31 00:00:00,2026-07-31 15:09:00,353,NIFTY,FLOW_BOTH_UNWINDING,ON,MED,-0.0113,Both sides unwinding,"{""dedupe_key"":""NIFTY|FLOW_BOTH_UNWINDING|ON|2026-07-31 15:09"",""threshold"":-0.005,""value"":-0.0113,""since_minute_bucket_ist"":"""",""last_updated_ist"":""2026-07-31 15:09:00""}"
2026-07-31 00:00:00,2026-07-31 15:09:00,353,NIFTY,WALL_UNWIND_CONFIRM_DOWN,OFF,MED,0,Put wall OI unwinding (5m),"{""dedupe_key"":""NIFTY|WALL_UNWIND_CONFIRM_DOWN|OFF|2026-07-31 15:09"",""threshold"":-0.006,""value"":0,""since_minute_bucket_ist"":""2026-07-31 15:01"",""last_updated_ist"":""2026-07-31 15:09:00""}"
2026-07-31 00:00:00,2026-07-31 15:09:00,353,NIFTY,WALL_SHIFT_REGIME,ON,MED,1,Wall strike shifted materially (>= 1 step),"{""dedupe_key"":""NIFTY|WALL_SHIFT_REGIME|ON|2026-07-31 15:09"",""threshold"":1,""value"":1,""since_minute_bucket_ist"":"""",""last_updated_ist"":""2026-07-31 15:09:00""}"
2026-07-31 00:00:00,2026-07-31 15:10:00,354,NIFTY,FLOW_BOTH_UNWINDING,OFF,MED,-0.0045,Both sides unwinding,"{""dedupe_key"":""NIFTY|FLOW_BOTH_UNWINDING|OFF|2026-07-31 15:10"",""threshold"":-0.005,""value"":-0.0045,""since_minute_bucket_ist"":""2026-07-31 15:09"",""last_updated_ist"":""2026-07-31 15:10:00""}"
2026-07-31 00:00:00,2026-07-31 15:10:00,354,NIFTY,REGIME_RANGE_PIN,ON,LOW,0.0002,Range / pin (inside local walls),"{""dedupe_key"":""NIFTY|REGIME_RANGE_PIN|ON|2026-07-31 15:10"",""threshold"":0.001,""value"":0.0002,""since_minute_bucket_ist"":"""",""last_updated_ist"":""2026-07-31 15:10:00""}"
2026-07-31 00:00:00,2026-07-31 15:10:00,354,NIFTY,REGIME_TRANSITION_UNCERTAIN,OFF,LOW,1,Transition/uncertain regime,"{""dedupe_key"":""NIFTY|REGIME_TRANSITION_UNCERTAIN|OFF|2026-07-31 15:10"",""threshold"":1,""value"":1,""since_minute_bucket_ist"":""2026-07-31 15:07"",""last_updated_ist"":""2026-07-31 15:10:00""}"
2026-07-31 00:00:00,2026-07-31 15:10:00,354,NIFTY,EXP_RANGE_BREAKOUT_WATCH_UP,OFF,MED,24395.3,Expected-range watch UP,"{""dedupe_key"":""NIFTY|EXP_RANGE_BREAKOUT_WATCH_UP|OFF|2026-07-31 15:10"",""threshold"":24397.44,""value"":24395.3,""since_minute_bucket_ist"":""2026-07-31 15:07"",""last_updated_ist"":""2026-07-31 15:10:00""}"
2026-07-31 00:00:00,2026-07-31 15:10:00,354,NIFTY,EXP_RANGE_BREAKOUT_CONFIRMED_UP,OFF,HIGH,0,Expected-range breakout CONFIRMED UP,"{""dedupe_key"":""NIFTY|EXP_RANGE_BREAKOUT_CONFIRMED_UP|OFF|2026-07-31 15:10"",""threshold"":2,""value"":0,""since_minute_bucket_ist"":""2026-07-31 15:08"",""last_updated_ist"":""2026-07-31 15:10:00""}"
2026-07-31 00:00:00,2026-07-31 15:10:00,354,NIFTY,VOL_CONTRACTION,OFF,LOW,0.002,Volatility contracting (straddle down),"{""dedupe_key"":""NIFTY|VOL_CONTRACTION|OFF|2026-07-31 15:10"",""threshold"":-0.03,""value"":0.002,""since_minute_bucket_ist"":""2026-07-31 14:57"",""last_updated_ist"":""2026-07-31 15:10:00""}"
2026-07-31 00:00:00,2026-07-31 15:10:00,354,NIFTY,OPTION_MOMENTUM_PUT,ON,MED,2.3,ATM PUT momentum (ltp up + vol up),"{""dedupe_key"":""NIFTY|OPTION_MOMENTUM_PUT|ON|2026-07-31 15:10"",""threshold"":1.5,""value"":2.3,""since_minute_bucket_ist"":"""",""last_updated_ist"":""2026-07-31 15:10:00""}"
2026-07-31 00:00:00,2026-07-31 15:10:00,354,NIFTY,WALL_SHIFT_REGIME,OFF,MED,1,Wall strike shifted materially (>= 1 step),"{""dedupe_key"":""NIFTY|WALL_SHIFT_REGIME|OFF|2026-07-31 15:10"",""threshold"":1,""value"":1,""since_minute_bucket_ist"":""2026-07-31 15:09"",""last_updated_ist"":""2026-07-31 15:10:00""}"
2026-07-31 00:00:00,2026-07-31 15:11:00,355,NIFTY,OPTION_MOMENTUM_PUT,OFF,MED,0,ATM PUT momentum (ltp up + vol up),"{""dedupe_key"":""NIFTY|OPTION_MOMENTUM_PUT|OFF|2026-07-31 15:11"",""threshold"":1.5,""value"":0,""since_minute_bucket_ist"":""2026-07-31 15:10"",""last_updated_ist"":""2026-07-31 15:11:00""}"
2026-07-31 00:00:00,2026-07-31 15:12:00,356,NIFTY,FLOW_BOTH_UNWINDING,ON,MED,-0.0106,Both sides unwinding,"{""dedupe_key"":""NIFTY|FLOW_BOTH_UNWINDING|ON|2026-07-31 15:12"",""threshold"":-0.005,""value"":-0.0106,""since_minute_bucket_ist"":"""",""last_updated_ist"":""2026-07-31 15:12:00""}"
2026-07-31 00:00:00,2026-07-31 15:12:00,356,NIFTY,OPTION_MOMENTUM_CALL,ON,MED,1.8,ATM CALL momentum (ltp up + vol up),"{""dedupe_key"":""NIFTY|OPTION_MOMENTUM_CALL|ON|2026-07-31 15:12"",""threshold"":1.5,""value"":1.8,""since_minute_bucket_ist"":"""",""last_updated_ist"":""2026-07-31 15:12:00""}"
2026-07-31 00:00:00,2026-07-31 15:13:00,357,NIFTY,FLOW_BOTH_UNWINDING,OFF,MED,-0.004,Both sides unwinding,"{""dedupe_key"":""NIFTY|FLOW_BOTH_UNWINDING|OFF|2026-07-31 15:13"",""threshold"":-0.005,""value"":-0.004,""since_minute_bucket_ist"":""2026-07-31 15:12"",""last_updated_ist"":""2026-07-31 15:13:00""}"
2026-07-31 00:00:00,2026-07-31 15:13:00,357,NIFTY,OPTION_MOMENTUM_CALL,OFF,MED,-2.05,ATM CALL momentum (ltp up + vol up),"{""dedupe_key"":""NIFTY|OPTION_MOMENTUM_CALL|OFF|2026-07-31 15:13"",""threshold"":1.5,""value"":-2.05,""since_minute_bucket_ist"":""2026-07-31 15:12"",""last_updated_ist"":""2026-07-31 15:13:00""}"
2026-07-31 00:00:00,2026-07-31 15:14:00,358,NIFTY,FLOW_BOTH_UNWINDING,ON,MED,-0.0058,Both sides unwinding,"{""dedupe_key"":""NIFTY|FLOW_BOTH_UNWINDING|ON|2026-07-31 15:14"",""threshold"":-0.005,""value"":-0.0058,""since_minute_bucket_ist"":"""",""last_updated_ist"":""2026-07-31 15:14:00""}"
2026-07-31 00:00:00,2026-07-31 15:15:00,359,NIFTY,FLOW_BOTH_UNWINDING,OFF,MED,0,Both sides unwinding,"{""dedupe_key"":""NIFTY|FLOW_BOTH_UNWINDING|OFF|2026-07-31 15:15"",""threshold"":-0.005,""value"":0,""since_minute_bucket_ist"":""2026-07-31 15:14"",""last_updated_ist"":""2026-07-31 15:15:00""}"
2026-07-31 00:00:00,2026-07-31 15:16:00,360,NIFTY,FLOW_BOTH_UNWINDING,ON,MED,-0.011,Both sides unwinding,"{""dedupe_key"":""NIFTY|FLOW_BOTH_UNWINDING|ON|2026-07-31 15:16"",""threshold"":-0.005,""value"":-0.011,""since_minute_bucket_ist"":"""",""last_updated_ist"":""2026-07-31 15:16:00""}"
2026-07-31 00:00:00,2026-07-31 15:16:00,360,NIFTY,EXP_RANGE_BREAKOUT_WATCH_DOWN,ON,MED,24386,Expected-range watch DOWN,"{""dedupe_key"":""NIFTY|EXP_RANGE_BREAKOUT_WATCH_DOWN|ON|2026-07-31 15:16"",""threshold"":24386.14,""value"":24386,""since_minute_bucket_ist"":"""",""last_updated_ist"":""2026-07-31 15:16:00""}"
2026-07-31 00:00:00,2026-07-31 15:16:00,360,NIFTY,VOL_EXPANSION,ON,MED,0.0012,Volatility expanding (straddle up),"{""dedupe_key"":""NIFTY|VOL_EXPANSION|ON|2026-07-31 15:16"",""threshold"":0.02,""value"":0.0012,""since_minute_bucket_ist"":"""",""last_updated_ist"":""2026-07-31 15:16:00""}"
2026-07-31 00:00:00,2026-07-31 15:16:00,360,NIFTY,OPTION_MOMENTUM_PUT,ON,MED,5.7,ATM PUT momentum (ltp up + vol up),"{""dedupe_key"":""NIFTY|OPTION_MOMENTUM_PUT|ON|2026-07-31 15:16"",""threshold"":1.5,""value"":5.7,""since_minute_bucket_ist"":"""",""last_updated_ist"":""2026-07-31 15:16:00""}"
2026-07-31 00:00:00,2026-07-31 15:17:00,361,NIFTY,FLOW_BOTH_UNWINDING,OFF,MED,0,Both sides unwinding,"{""dedupe_key"":""NIFTY|FLOW_BOTH_UNWINDING|OFF|2026-07-31 15:17"",""threshold"":-0.005,""value"":0,""since_minute_bucket_ist"":""2026-07-31 15:16"",""last_updated_ist"":""2026-07-31 15:17:00""}"
2026-07-31 00:00:00,2026-07-31 15:17:00,361,NIFTY,EXP_RANGE_BREAKOUT_CONFIRMED_DOWN,ON,HIGH,2,Expected-range breakout CONFIRMED DOWN,"{""dedupe_key"":""NIFTY|EXP_RANGE_BREAKOUT_CONFIRMED_DOWN|ON|2026-07-31 15:17"",""threshold"":2,""value"":2,""since_minute_bucket_ist"":"""",""last_updated_ist"":""2026-07-31 15:17:00""}"
2026-07-31 00:00:00,2026-07-31 15:17:00,361,NIFTY,OPTION_MOMENTUM_PUT,OFF,MED,0,ATM PUT momentum (ltp up + vol up),"{""dedupe_key"":""NIFTY|OPTION_MOMENTUM_PUT|OFF|2026-07-31 15:17"",""threshold"":1.5,""value"":0,""since_minute_bucket_ist"":""2026-07-31 15:16"",""last_updated_ist"":""2026-07-31 15:17:00""}"
2026-07-31 00:00:00,2026-07-31 15:18:00,362,NIFTY,FLOW_BOTH_UNWINDING,ON,MED,-0.0243,Both sides unwinding,"{""dedupe_key"":""NIFTY|FLOW_BOTH_UNWINDING|ON|2026-07-31 15:18"",""threshold"":-0.005,""value"":-0.0243,""since_minute_bucket_ist"":"""",""last_updated_ist"":""2026-07-31 15:18:00""}"
2026-07-31 00:00:00,2026-07-31 15:18:00,362,NIFTY,PIN_BASIC,OFF,LOW,37.5,Spot near a local wall (pin zone),"{""dedupe_key"":""NIFTY|PIN_BASIC|OFF|2026-07-31 15:18"",""threshold"":37.5,""value"":37.5,""since_minute_bucket_ist"":""2026-07-31 15:00"",""last_updated_ist"":""2026-07-31 15:18:00""}"
2026-07-31 00:00:00,2026-07-31 15:18:00,362,NIFTY,WALL_UNWIND_CONFIRM_UP,OFF,MED,0,Call wall OI unwinding (5m),"{""dedupe_key"":""NIFTY|WALL_UNWIND_CONFIRM_UP|OFF|2026-07-31 15:18"",""threshold"":-0.006,""value"":0,""since_minute_bucket_ist"":""2026-07-31 15:07"",""last_updated_ist"":""2026-07-31 15:18:00""}"
2026-07-31 00:00:00,2026-07-31 15:18:00,362,NIFTY,WALL_UNWIND_CONFIRM_DOWN,ON,MED,-0.0063,Put wall OI unwinding (5m),"{""dedupe_key"":""NIFTY|WALL_UNWIND_CONFIRM_DOWN|ON|2026-07-31 15:18"",""threshold"":-0.006,""value"":-0.0063,""since_minute_bucket_ist"":"""",""last_updated_ist"":""2026-07-31 15:18:00""}"
2026-07-31 00:00:00,2026-07-31 15:18:00,362,NIFTY,CHURN_CHOP,ON,LOW,0.0518,High OI churn while price flat (chop),"{""dedupe_key"":""NIFTY|CHURN_CHOP|ON|2026-07-31 15:18"",""threshold"":0.04,""value"":0.0518,""since_minute_bucket_ist"":"""",""last_updated_ist"":""2026-07-31 15:18:00""}"
2026-07-31 00:00:00,2026-07-31 15:18:00,362,NIFTY,WALL_SHIFT_REGIME,ON,MED,1,Wall strike shifted materially (>= 1 step),"{""dedupe_key"":""NIFTY|WALL_SHIFT_REGIME|ON|2026-07-31 15:18"",""threshold"":1,""value"":1,""since_minute_bucket_ist"":"""",""last_updated_ist"":""2026-07-31 15:18:00""}"
2026-07-31 00:00:00,2026-07-31 15:19:00,363,NIFTY,OPTION_MOMENTUM_CALL,ON,MED,2.05,ATM CALL momentum (ltp up + vol up),"{""dedupe_key"":""NIFTY|OPTION_MOMENTUM_CALL|ON|2026-07-31 15:19"",""threshold"":1.5,""value"":2.05,""since_minute_bucket_ist"":"""",""last_updated_ist"":""2026-07-31 15:19:00""}"
2026-07-31 00:00:00,2026-07-31 15:19:00,363,NIFTY,WALL_UNWIND_CONFIRM_DOWN,OFF,MED,-0.0024,Put wall OI unwinding (5m),"{""dedupe_key"":""NIFTY|WALL_UNWIND_CONFIRM_DOWN|OFF|2026-07-31 15:19"",""threshold"":-0.006,""value"":-0.0024,""since_minute_bucket_ist"":""2026-07-31 15:18"",""last_updated_ist"":""2026-07-31 15:19:00""}"
2026-07-31 00:00:00,2026-07-31 15:19:00,363,NIFTY,CHURN_CHOP,OFF,LOW,0.0168,High OI churn while price flat (chop),"{""dedupe_key"":""NIFTY|CHURN_CHOP|OFF|2026-07-31 15:19"",""threshold"":0.04,""value"":0.0168,""since_minute_bucket_ist"":""2026-07-31 15:18"",""last_updated_ist"":""2026-07-31 15:19:00""}"
2026-07-31 00:00:00,2026-07-31 15:19:00,363,NIFTY,WALL_SHIFT_REGIME,OFF,MED,1,Wall strike shifted materially (>= 1 step),"{""dedupe_key"":""NIFTY|WALL_SHIFT_REGIME|OFF|2026-07-31 15:19"",""threshold"":1,""value"":1,""since_minute_bucket_ist"":""2026-07-31 15:18"",""last_updated_ist"":""2026-07-31 15:19:00""}"
2026-07-31 00:00:00,2026-07-31 15:20:00,364,NIFTY,REGIME_RANGE_PIN,OFF,LOW,0.0001,Range / pin (inside local walls),"{""dedupe_key"":""NIFTY|REGIME_RANGE_PIN|OFF|2026-07-31 15:20"",""threshold"":0.001,""value"":0.0001,""since_minute_bucket_ist"":""2026-07-31 15:10"",""last_updated_ist"":""2026-07-31 15:20:00""}"
2026-07-31 00:00:00,2026-07-31 15:20:00,364,NIFTY,REGIME_TRANSITION_UNCERTAIN,ON,LOW,1,Transition/uncertain regime,"{""dedupe_key"":""NIFTY|REGIME_TRANSITION_UNCERTAIN|ON|2026-07-31 15:20"",""threshold"":1,""value"":1,""since_minute_bucket_ist"":"""",""last_updated_ist"":""2026-07-31 15:20:00""}"
2026-07-31 00:00:00,2026-07-31 15:20:00,364,NIFTY,OPTION_MOMENTUM_CALL,OFF,MED,-0.45,ATM CALL momentum (ltp up + vol up),"{""dedupe_key"":""NIFTY|OPTION_MOMENTUM_CALL|OFF|2026-07-31 15:20"",""threshold"":1.5,""value"":-0.45,""since_minute_bucket_ist"":""2026-07-31 15:19"",""last_updated_ist"":""2026-07-31 15:20:00""}"
2026-07-31 00:00:00,2026-07-31 15:21:00,365,NIFTY,REGIME_RANGE_PIN,ON,LOW,0.0001,Range / pin (inside local walls),"{""dedupe_key"":""NIFTY|REGIME_RANGE_PIN|ON|2026-07-31 15:21"",""threshold"":0.001,""value"":0.0001,""since_minute_bucket_ist"":"""",""last_updated_ist"":""2026-07-31 15:21:00""}"
2026-07-31 00:00:00,2026-07-31 15:21:00,365,NIFTY,REGIME_TRANSITION_UNCERTAIN,OFF,LOW,1,Transition/uncertain regime,"{""dedupe_key"":""NIFTY|REGIME_TRANSITION_UNCERTAIN|OFF|2026-07-31 15:21"",""threshold"":1,""value"":1,""since_minute_bucket_ist"":""2026-07-31 15:20"",""last_updated_ist"":""2026-07-31 15:21:00""}"
2026-07-31 00:00:00,2026-07-31 15:21:00,365,NIFTY,VOL_EXPANSION,OFF,MED,0.0003,Volatility expanding (straddle up),"{""dedupe_key"":""NIFTY|VOL_EXPANSION|OFF|2026-07-31 15:21"",""threshold"":0.02,""value"":0.0003,""since_minute_bucket_ist"":""2026-07-31 15:16"",""last_updated_ist"":""2026-07-31 15:21:00""}"
2026-07-31 00:00:00,2026-07-31 15:23:00,367,NIFTY,FLOW_BOTH_UNWINDING,OFF,MED,0,Both sides unwinding,"{""dedupe_key"":""NIFTY|FLOW_BOTH_UNWINDING|OFF|2026-07-31 15:23"",""threshold"":-0.005,""value"":0,""since_minute_bucket_ist"":""2026-07-31 15:18"",""last_updated_ist"":""2026-07-31 15:23:00""}"
2026-07-31 00:00:00,2026-07-31 15:23:00,367,NIFTY,EXP_RANGE_BREAKOUT_WATCH_DOWN,OFF,MED,24377.7,Expected-range watch DOWN,"{""dedupe_key"":""NIFTY|EXP_RANGE_BREAKOUT_WATCH_DOWN|OFF|2026-07-31 15:23"",""threshold"":24377.35,""value"":24377.7,""since_minute_bucket_ist"":""2026-07-31 15:16"",""last_updated_ist"":""2026-07-31 15:23:00""}"
2026-07-31 00:00:00,2026-07-31 15:23:00,367,NIFTY,EXP_RANGE_BREAKOUT_CONFIRMED_DOWN,OFF,HIGH,0,Expected-range breakout CONFIRMED DOWN,"{""dedupe_key"":""NIFTY|EXP_RANGE_BREAKOUT_CONFIRMED_DOWN|OFF|2026-07-31 15:23"",""threshold"":2,""value"":0,""since_minute_bucket_ist"":""2026-07-31 15:17"",""last_updated_ist"":""2026-07-31 15:23:00""}"
2026-07-31 00:00:00,2026-07-31 15:23:00,367,NIFTY,WALL_UNWIND_CONFIRM_UP,ON,MED,-0.0229,Call wall OI unwinding (5m),"{""dedupe_key"":""NIFTY|WALL_UNWIND_CONFIRM_UP|ON|2026-07-31 15:23"",""threshold"":-0.006,""value"":-0.0229,""since_minute_bucket_ist"":"""",""last_updated_ist"":""2026-07-31 15:23:00""}"
2026-07-31 00:00:00,2026-07-31 15:24:00,368,NIFTY,FLOW_BOTH_UNWINDING,ON,MED,-0.0199,Both sides unwinding,"{""dedupe_key"":""NIFTY|FLOW_BOTH_UNWINDING|ON|2026-07-31 15:24"",""threshold"":-0.005,""value"":-0.0199,""since_minute_bucket_ist"":"""",""last_updated_ist"":""2026-07-31 15:24:00""}"
2026-07-31 00:00:00,2026-07-31 15:24:00,368,NIFTY,VOL_CONTRACTION,ON,LOW,-0.0225,Volatility contracting (straddle down),"{""dedupe_key"":""NIFTY|VOL_CONTRACTION|ON|2026-07-31 15:24"",""threshold"":-0.03,""value"":-0.0225,""since_minute_bucket_ist"":"""",""last_updated_ist"":""2026-07-31 15:24:00""}"
2026-07-31 00:00:00,2026-07-31 15:24:00,368,NIFTY,TAIL_RISK_SKEW_HIGH,ON,MED,1.92,Downside tail-risk skew elevated (PCR_COI high),"{""dedupe_key"":""NIFTY|TAIL_RISK_SKEW_HIGH|ON|2026-07-31 15:24"",""threshold"":1.9,""value"":1.92,""since_minute_bucket_ist"":"""",""last_updated_ist"":""2026-07-31 15:24:00""}"
2026-07-31 00:00:00,2026-07-31 15:25:00,369,NIFTY,VOL_CONTRACTION,OFF,LOW,-0.0075,Volatility contracting (straddle down),"{""dedupe_key"":""NIFTY|VOL_CONTRACTION|OFF|2026-07-31 15:25"",""threshold"":-0.03,""value"":-0.0075,""since_minute_bucket_ist"":""2026-07-31 15:24"",""last_updated_ist"":""2026-07-31 15:25:00""}"
2026-07-31 00:00:00,2026-07-31 15:25:00,369,NIFTY,OPTION_MOMENTUM_PUT,ON,MED,1.6,ATM PUT momentum (ltp up + vol up),"{""dedupe_key"":""NIFTY|OPTION_MOMENTUM_PUT|ON|2026-07-31 15:25"",""threshold"":1.5,""value"":1.6,""since_minute_bucket_ist"":"""",""last_updated_ist"":""2026-07-31 15:25:00""}"
2026-07-31 00:00:00,2026-07-31 15:26:00,370,NIFTY,TIME_ENTRY_BLOCK,ON,MED,1899-12-30 15:26:00,Entry window closed (time gate),"{""dedupe_key"":""NIFTY|TIME_ENTRY_BLOCK|ON|2026-07-31 15:26"",""threshold"":""09:15-15:25"",""value"":""15:26"",""since_minute_bucket_ist"":"""",""last_updated_ist"":""2026-07-31 15:26:00""}"
2026-07-31 00:00:00,2026-07-31 15:26:00,370,NIFTY,EXP_RANGE_BREAKOUT_WATCH_DOWN,ON,MED,24375.1,Expected-range watch DOWN,"{""dedupe_key"":""NIFTY|EXP_RANGE_BREAKOUT_WATCH_DOWN|ON|2026-07-31 15:26"",""threshold"":24375.64,""value"":24375.1,""since_minute_bucket_ist"":"""",""last_updated_ist"":""2026-07-31 15:26:00""}"
2026-07-31 00:00:00,2026-07-31 15:26:00,370,NIFTY,VOL_CONTRACTION,ON,LOW,-0.0084,Volatility contracting (straddle down),"{""dedupe_key"":""NIFTY|VOL_CONTRACTION|ON|2026-07-31 15:26"",""threshold"":-0.03,""value"":-0.0084,""since_minute_bucket_ist"":"""",""last_updated_ist"":""2026-07-31 15:26:00""}"
2026-07-31 00:00:00,2026-07-31 15:27:00,371,NIFTY,FLOW_BOTH_UNWINDING,OFF,MED,0,Both sides unwinding,"{""dedupe_key"":""NIFTY|FLOW_BOTH_UNWINDING|OFF|2026-07-31 15:27"",""threshold"":-0.005,""value"":0,""since_minute_bucket_ist"":""2026-07-31 15:24"",""last_updated_ist"":""2026-07-31 15:27:00""}"
2026-07-31 00:00:00,2026-07-31 15:27:00,371,NIFTY,EXP_RANGE_BREAKOUT_CONFIRMED_DOWN,ON,HIGH,2,Expected-range breakout CONFIRMED DOWN,"{""dedupe_key"":""NIFTY|EXP_RANGE_BREAKOUT_CONFIRMED_DOWN|ON|2026-07-31 15:27"",""threshold"":2,""value"":2,""since_minute_bucket_ist"":"""",""last_updated_ist"":""2026-07-31 15:27:00""}"
2026-07-31 00:00:00,2026-07-31 15:27:00,371,NIFTY,VOL_CONTRACTION,OFF,LOW,-0.0084,Volatility contracting (straddle down),"{""dedupe_key"":""NIFTY|VOL_CONTRACTION|OFF|2026-07-31 15:27"",""threshold"":-0.03,""value"":-0.0084,""since_minute_bucket_ist"":""2026-07-31 15:26"",""last_updated_ist"":""2026-07-31 15:27:00""}"
2026-07-31 00:00:00,2026-07-31 15:27:00,371,NIFTY,OPTION_MOMENTUM_PUT,OFF,MED,0,ATM PUT momentum (ltp up + vol up),"{""dedupe_key"":""NIFTY|OPTION_MOMENTUM_PUT|OFF|2026-07-31 15:27"",""threshold"":1.5,""value"":0,""since_minute_bucket_ist"":""2026-07-31 15:25"",""last_updated_ist"":""2026-07-31 15:27:00""}"
2026-07-31 00:00:00,2026-07-31 15:28:00,372,NIFTY,FLOW_BOTH_UNWINDING,ON,MED,-0.0236,Both sides unwinding,"{""dedupe_key"":""NIFTY|FLOW_BOTH_UNWINDING|ON|2026-07-31 15:28"",""threshold"":-0.005,""value"":-0.0236,""since_minute_bucket_ist"":"""",""last_updated_ist"":""2026-07-31 15:28:00""}"
2026-07-31 00:00:00,2026-07-31 15:28:00,372,NIFTY,FLOW_BULLISH_BUILD,ON,HIGH,-0.0236,Bullish build (premium-confirmed writing / support),"{""dedupe_key"":""NIFTY|FLOW_BULLISH_BUILD|ON|2026-07-31 15:28"",""threshold"":0.005,""value"":-0.0236,""since_minute_bucket_ist"":"""",""last_updated_ist"":""2026-07-31 15:28:00""}"
2026-07-31 00:00:00,2026-07-31 15:28:00,372,NIFTY,VOL_EXPANSION,ON,MED,0.0283,Volatility expanding (straddle up),"{""dedupe_key"":""NIFTY|VOL_EXPANSION|ON|2026-07-31 15:28"",""threshold"":0.02,""value"":0.0283,""since_minute_bucket_ist"":"""",""last_updated_ist"":""2026-07-31 15:28:00""}"
2026-07-31 00:00:00,2026-07-31 15:29:00,373,NIFTY,TRADE_LIMIT_REACHED,ON,MED,11,Cooldown active (2m),"{""dedupe_key"":""NIFTY|TRADE_LIMIT_REACHED|ON|2026-07-31 15:29"",""threshold"":500,""value"":11,""since_minute_bucket_ist"":"""",""last_updated_ist"":""2026-07-31 15:29:00""}"
2026-07-31 00:00:00,2026-07-31 15:29:00,373,NIFTY,FLOW_BULLISH_BUILD,OFF,HIGH,-0.0315,Bullish build (premium-confirmed writing / support),"{""dedupe_key"":""NIFTY|FLOW_BULLISH_BUILD|OFF|2026-07-31 15:29"",""threshold"":0.005,""value"":-0.0315,""since_minute_bucket_ist"":""2026-07-31 15:28"",""last_updated_ist"":""2026-07-31 15:29:00""}"
2026-07-31 00:00:00,2026-07-31 15:29:00,373,NIFTY,REGIME_RANGE_PIN,OFF,LOW,0.0001,Range / pin (inside local walls),"{""dedupe_key"":""NIFTY|REGIME_RANGE_PIN|OFF|2026-07-31 15:29"",""threshold"":0.001,""value"":0.0001,""since_minute_bucket_ist"":""2026-07-31 15:21"",""last_updated_ist"":""2026-07-31 15:29:00""}"
2026-07-31 00:00:00,2026-07-31 15:29:00,373,NIFTY,REGIME_TRANSITION_UNCERTAIN,ON,LOW,1,Transition/uncertain regime,"{""dedupe_key"":""NIFTY|REGIME_TRANSITION_UNCERTAIN|ON|2026-07-31 15:29"",""threshold"":1,""value"":1,""since_minute_bucket_ist"":"""",""last_updated_ist"":""2026-07-31 15:29:00""}"
2026-07-31 00:00:00,2026-07-31 15:29:00,373,NIFTY,VOL_EXPANSION,OFF,MED,-0.0172,Volatility expanding (straddle up),"{""dedupe_key"":""NIFTY|VOL_EXPANSION|OFF|2026-07-31 15:29"",""threshold"":0.02,""value"":-0.0172,""since_minute_bucket_ist"":""2026-07-31 15:28"",""last_updated_ist"":""2026-07-31 15:29:00""}"
2026-07-31 00:00:00,2026-07-31 15:29:00,373,NIFTY,VOL_CONTRACTION,ON,LOW,-0.0172,Volatility contracting (straddle down),"{""dedupe_key"":""NIFTY|VOL_CONTRACTION|ON|2026-07-31 15:29"",""threshold"":-0.03,""value"":-0.0172,""since_minute_bucket_ist"":"""",""last_updated_ist"":""2026-07-31 15:29:00""}"
2026-07-31 00:00:00,2026-07-31 15:30:00,374,NIFTY,TRADE_LIMIT_REACHED,OFF,MED,11,Cooldown active (2m),"{""dedupe_key"":""NIFTY|TRADE_LIMIT_REACHED|OFF|2026-07-31 15:30"",""threshold"":500,""value"":11,""since_minute_bucket_ist"":""2026-07-31 15:29"",""last_updated_ist"":""2026-07-31 15:30:00""}"
2026-07-31 00:00:00,2026-07-31 15:30:00,374,NIFTY,FLOW_BOTH_UNWINDING,OFF,MED,0,Both sides unwinding,"{""dedupe_key"":""NIFTY|FLOW_BOTH_UNWINDING|OFF|2026-07-31 15:30"",""threshold"":-0.005,""value"":0,""since_minute_bucket_ist"":""2026-07-31 15:28"",""last_updated_ist"":""2026-07-31 15:30:00""}"
2026-07-31 00:00:00,2026-07-31 15:31:00,375,NIFTY,FLOW_BOTH_UNWINDING,ON,MED,-0.0292,Both sides unwinding,"{""dedupe_key"":""NIFTY|FLOW_BOTH_UNWINDING|ON|2026-07-31 15:31"",""threshold"":-0.005,""value"":-0.0292,""since_minute_bucket_ist"":"""",""last_updated_ist"":""2026-07-31 15:31:00""}"
2026-07-31 00:00:00,2026-07-31 15:31:00,375,NIFTY,REGIME_RANGE_PIN,ON,LOW,0.0001,Range / pin (inside local walls),"{""dedupe_key"":""NIFTY|REGIME_RANGE_PIN|ON|2026-07-31 15:31"",""threshold"":0.001,""value"":0.0001,""since_minute_bucket_ist"":"""",""last_updated_ist"":""2026-07-31 15:31:00""}"
2026-07-31 00:00:00,2026-07-31 15:31:00,375,NIFTY,REGIME_TRANSITION_UNCERTAIN,OFF,LOW,1,Transition/uncertain regime,"{""dedupe_key"":""NIFTY|REGIME_TRANSITION_UNCERTAIN|OFF|2026-07-31 15:31"",""threshold"":1,""value"":1,""since_minute_bucket_ist"":""2026-07-31 15:29"",""last_updated_ist"":""2026-07-31 15:31:00""}"
2026-07-31 00:00:00,2026-07-31 15:31:00,375,NIFTY,EXP_RANGE_BREAKOUT_WATCH_DOWN,OFF,MED,24366.8,Expected-range watch DOWN,"{""dedupe_key"":""NIFTY|EXP_RANGE_BREAKOUT_WATCH_DOWN|OFF|2026-07-31 15:31"",""threshold"":24365.19,""value"":24366.8,""since_minute_bucket_ist"":""2026-07-31 15:26"",""last_updated_ist"":""2026-07-31 15:31:00""}"
2026-07-31 00:00:00,2026-07-31 15:31:00,375,NIFTY,EXP_RANGE_BREAKOUT_CONFIRMED_DOWN,OFF,HIGH,0,Expected-range breakout CONFIRMED DOWN,"{""dedupe_key"":""NIFTY|EXP_RANGE_BREAKOUT_CONFIRMED_DOWN|OFF|2026-07-31 15:31"",""threshold"":2,""value"":0,""since_minute_bucket_ist"":""2026-07-31 15:27"",""last_updated_ist"":""2026-07-31 15:31:00""}"
2026-07-31 00:00:00,2026-07-31 15:32:00,376,NIFTY,FLOW_BOTH_UNWINDING,OFF,MED,0,Both sides unwinding,"{""dedupe_key"":""NIFTY|FLOW_BOTH_UNWINDING|OFF|2026-07-31 15:32"",""threshold"":-0.005,""value"":0,""since_minute_bucket_ist"":""2026-07-31 15:31"",""last_updated_ist"":""2026-07-31 15:32:00""}"
2026-07-31 00:00:00,2026-07-31 15:32:00,376,NIFTY,FLOW_BEARISH_BUILD,ON,HIGH,1899-12-30 00:00:00,Bearish build (premium-confirmed writing / resistance),"{""dedupe_key"":""NIFTY|FLOW_BEARISH_BUILD|ON|2026-07-31 15:32"",""threshold"":0.005,""value"":0,""since_minute_bucket_ist"":"""",""last_updated_ist"":""2026-07-31 15:32:00""}"
2026-07-31 00:00:00,2026-07-31 15:32:00,376,NIFTY,EXP_RANGE_BREAKOUT_WATCH_UP,ON,MED,24383.6,Expected-range watch UP,"{""dedupe_key"":""NIFTY|EXP_RANGE_BREAKOUT_WATCH_UP|ON|2026-07-31 15:32"",""threshold"":24383.51,""value"":24383.6,""since_minute_bucket_ist"":"""",""last_updated_ist"":""2026-07-31 15:32:00""}"