date_ist,minute_bucket_ist,run_id,symbol,nse_status,spot,Δspot,call_oi_sum,Δcall_oi,put_oi_sum,Δput_oi,call_coi_sum,Δcall_coi,put_coi_sum,Δput_coi,net_diff,expected_move,churn,commitment,tv_ratio,tv_ratio_z,top_call_write_strike,top_call_write_score,top_put_write_strike,top_put_write_score,top_call_unwind_strike,top_call_unwind_score,top_put_unwind_strike,top_put_unwind_score,bucket_epoch_ms,expiry_used,atm_strike,overlap_strikes,d_call_oi_aligned,d_put_oi_aligned,call_oi_prev_aligned,put_oi_prev_aligned,call_oi_pct_aligned,put_oi_pct_aligned,d_net_oi_1m,total_vol_cum,d_total_vol_1m,d_total_vol_5m,atm_call_ltp,atm_put_ltp,d_atm_call_ltp_1m,d_atm_put_ltp_1m,d_atm_call_vol_1m,d_atm_put_vol_1m,call_wall_above,put_wall_below,call_wall_above_oi,put_wall_below_oi,d_call_wall_oi_5m,d_put_wall_oi_5m,call_wall_oi_pct_5m,put_wall_oi_pct_5m,d_expected_move_1m,d_expected_move_5m,expected_move_z,strict_call_wall,strict_call_wall_oi,strict_put_wall,strict_put_wall_oi,strict_call_wall_dist,strict_put_wall_dist
2026-07-31 00:00:00,2026-07-31 09:15:00,1,NIFTY,OK,24369.35,0,1039842,0,809045,0,0,0,0,0,0,0,0,0,0,0,0,0,0,0,0,0,0,0,1785469550948,2026-08-04 00:00:00,24350,0,0,0,0,0,0,0,0,31845151,0,0,0,0,0,0,0,0,24600,24000,156591,168158,0,0,0,0,0,0,0,24600,156591,24000,168158,230.65,369.35
2026-07-31 00:00:00,2026-07-31 09:16:00,2,NIFTY,OK,24354,-15.349999999998545,1039842,0,809045,0,0,0,0,0,0,198.55,0,0,0.2586542241718224,0,0,0,0,0,0,0,0,0,1785469610482,2026-08-04 00:00:00,24350,17,0,0,1039842,809045,0,0,0,772187,0,0,109.2,89.35,109.2,89.35,0,0,24600,24000,156591,168158,0,0,0,0,198.55,0,0,24600,156591,24000,168158,246,354
2026-07-31 00:00:00,2026-07-31 09:17:00,3,NIFTY,OK,24356.6,2.599999999998545,1128855,89013,883324,74279,89013,89013,74279,74279,-14734,195.5,0.4487408923361192,0.18084339390905557,0.2514723142598966,0,0,0,24350,965324.8,24250,65953.2,0,0,1785469670886,2026-08-04 00:00:00,24350,17,89013,74279,1039842,809045,0.08560242806118622,0.09181071510237379,163292,1675134,902947,902947,104.4,91.1,-4.799999999999997,1.75,64732,41976,24600,24200,169575,176549,0,0,0,0,-3.0500000000000114,0,0,24600,169575,24200,176549,243.4,156.6
2026-07-31 00:00:00,2026-07-31 09:18:00,4,NIFTY,OK,24362.2,5.600000000002183,1209242,80387,933897,50573,169400,80387,124852,50573,-29814,196.05,0.5529076742105855,0.2483227253624179,0.2514505968169759,0,0,0,24350,1330370.8,24200,109157.99999999999,0,0,1785469729412,2026-08-04 00:00:00,24350,17,80387,50573,1128855,883324,0.07121109442753941,0.05725305776815755,130960,1957145,282011,1184958,102.15,93.9,-2.25,2.8000000000000114,19945,17396,24600,24200,176416,181062,0,0,0,0,0.5500000000000114,0,0,24600,176416,24200,181062,237.8,162.2
2026-07-31 00:00:00,2026-07-31 09:19:00,5,NIFTY,OK,24350.35,-11.850000000002183,1302137,92895,1007470,73573,262295,92895,198425,73573,-19322,195.3,0.7722876662566402,0.2582973076463785,0.2552114137483797,0.5097984859080359,0,0,24350,2234922,24200,139648.05,0,0,1785469796660,2026-08-04 00:00:00,24350,17,92895,73573,1209242,933897,0.0768208514093953,0.07878063640851186,166468,2555868,598723,1783681,104,91.3,1.8499999999999943,-2.6000000000000085,42408,43286,24600,24000,185139,189153,0,0,0,0,-0.75,0,0,24600,185139,24000,189153,249.65,350.35
2026-07-31 00:00:00,2026-07-31 09:20:00,6,NIFTY,OK,24350.35,0,1302137,0,1007470,0,262295,0,198425,0,0,195.3,0.7722876662566402,0.2582973076463785,0.2552114137483797,0.4556171221991484,0,0,24350,2234922,24200,139648.05,0,0,1785469849736,2026-08-04 00:00:00,24350,17,0,0,1302137,1007470,0,0,0,2555868,0,1783681,104,91.3,0,0,0,0,24600,24000,185139,189153,28548,20995,0.18230932812230588,0.12485281699354178,0,0,-0.6796774994128236,24600,185139,24000,189153,249.65,350.35
2026-07-31 00:00:00,2026-07-31 09:21:00,7,NIFTY,OK,24346.6,-3.75,1360581,58444,1061965,54495,320739,58444,252920,54495,-3949,196.3,0.9503423258010374,0.24917341659108835,0.25475454254009955,0.411430131493683,0,0,24350,2550283.2,24200,123374.30000000002,0,0,1785469909731,2026-08-04 00:00:00,24350,17,58444,54495,1302137,1007470,0.044883142096415356,0.05409094067317141,112939,3074435,518567,2302248,98.95,97.35,-5.049999999999997,6.049999999999997,42811,42353,24600,24000,191081,193155,34490,24997,0.22025531480097835,0.14865186312872417,1,-2.25,0.11801772242931852,24600,191081,24000,193155,253.4,346.6
2026-07-31 00:00:00,2026-07-31 09:22:00,8,NIFTY,OK,24355.9,9.30000000000291,1387994,27413,1102038,40073,348152,27413,292993,40073,12660,194.8,0.648809734172091,0.2957821977188053,0.25198919704996275,0.3526417525069826,0,0,24350,3354439.75,24200,193634.7,0,0,1785469970526,2026-08-04 00:00:00,24350,17,27413,40073,1360581,1061965,0.020148010298541578,0.03773476527004185,67486,3290691,216256,1615557,104.95,89.85,6,-7.5,21528,22159,24600,24200,194539,197376,24964,20827,0.14721509656494178,0.11796724988530097,-1.5,-0.6999999999999886,-1.0185353105398909,24600,194539,24200,197376,244.1,155.9
2026-07-31 00:00:00,2026-07-31 09:23:00,9,NIFTY,OK,24355.9,0,1387994,0,1102038,0,348152,0,292993,0,0,194.8,0.5355537599516793,0.26012825954260294,0.25198919704996275,0.33020041059020255,0,0,24350,3354439.75,24200,193634.7,0,0,1785470030295,2026-08-04 00:00:00,24350,17,0,0,1387994,1102038,0,0,0,3290691,0,1333546,104.95,89.85,0,0,0,0,24600,24200,194539,197376,18123,16314,0.10272877743515327,0.09010173310799616,0,-1.25,-0.8964024123655632,24600,194539,24200,197376,244.1,155.9
2026-07-31 00:00:00,2026-07-31 09:24:00,10,NIFTY,OK,24355.05,-0.8500000000021828,1412129,24135,1137476,35438,372287,24135,328431,35438,11303,195.6,0.5119141984738812,0.18388129137842396,0.2531947803880456,0.3256509755071755,0,0,24350,3455115.05,24200,167465.69999999998,0,0,1785470090715,2026-08-04 00:00:00,24350,17,24135,35438,1387994,1102038,0.01738840369626958,0.032156785882156515,59573,3861047,570356,1305179,104.35,91.25,-0.6000000000000085,1.4000000000000057,65440,36362,24600,24000,200350,202018,15211,12865,0.08215989067673478,0.06801372433955581,0.799999999999983,0.29999999999998295,-0.18511994902207618,24600,200350,24000,202018,244.95,355.05
2026-07-31 00:00:00,2026-07-31 09:25:00,11,NIFTY,OK,24348.2,-6.849999999998545,1430685,18556,1147056,9580,390843,18556,338011,9580,-8976,195.14999999999998,0.6110734166077972,0.17022338271788337,0.2546097892519532,0.34893009926639235,0,0,24350,3381836.25,24200,114440.4,0,0,1785470149455,2026-08-04 00:00:00,24350,17,18556,9580,1412129,1137476,0.013140442551636572,0.008422155720208602,28136,4131057,270010,1575189,101.6,93.55,-2.75,2.299999999999997,25790,23424,24600,24000,202314,202662,17175,13509,0.09276813637321148,0.07141837560070419,-0.45000000000001705,-0.1500000000000341,-0.5607078833262513,24600,202314,24000,202662,251.8,348.2
2026-07-31 00:00:00,2026-07-31 09:26:00,12,NIFTY,OK,24348.2,0,1430685,0,1147056,0,390843,0,338011,0,0,195.14999999999998,0.40990231369249275,0.1468784484896207,0.2546097892519532,0.7678925911014655,0,0,24350,3381836.25,24200,114440.4,0,0,1785470210583,2026-08-04 00:00:00,24350,17,0,0,1430685,1147056,0,0,0,4131057,0,1056622,101.6,93.55,0,0,0,0,24600,24000,202314,202662,11233,9507,0.058786587886812396,0.04921953871243302,0,-1.150000000000034,-0.5287188310264689,24600,202314,24000,202662,251.8,348.2
2026-07-31 00:00:00,2026-07-31 09:27:00,13,NIFTY,OK,24351.15,2.9500000000007276,1485793,55108,1172763,25707,445951,55108,363718,25707,-29401,195.14999999999998,0.44551929694164805,0.14228182479792104,0.25322204365182205,-0.29432988681710587,0,0,24350,3614214.5,24000,14249.4,0,0,1785470272476,2026-08-04 00:00:00,24350,17,55108,25707,1430685,1147056,0.038518611713969184,0.022411285935473074,80815,4475129,344072,1184438,101.1,94.05,-0.5,0.5,40503,30805,24600,24000,206341,203260,11802,0,0.06066649874832296,0,0,0.3499999999999659,-0.44935851713647196,24600,206341,24000,203260,248.85,351.15
2026-07-31 00:00:00,2026-07-31 09:28:00,14,NIFTY,OK,24347.8,-3.350000000002183,1485793,0,1172763,0,445951,0,363718,0,0,195.8,0.4866442534970112,0.1302579822858914,0.25497336160968287,0.826942393140611,0,0,24350,3486874.3,24000,13766.800000000001,0,0,1785470329779,2026-08-04 00:00:00,24350,17,0,0,1485793,1172763,0,0,0,4584462,109333,1293771,100.05,95.75,-1.0499999999999972,1.7000000000000028,9374,8064,24600,24000,206341,203260,11802,0,0.06066649874832296,0,0.6500000000000341,1,1.0681191469445939,24600,206341,24000,203260,252.2,347.8
2026-07-31 00:00:00,2026-07-31 09:29:00,15,NIFTY,OK,24345.3,-2.5,1505962,20169,1180164,7401,466120,20169,371119,7401,-12768,196,0.36618758762619474,0.1387936065130446,0.2546112489660875,0.6007639857267183,0,0,24350,3386613.1999999997,24050,10867.5,0,0,1785470389921,2026-08-04 00:00:00,24350,17,20169,7401,1485793,1172763,0.013574569270416538,0.006310737975191919,27570,4844673,260211,983626,98.35,97.65,-1.7000000000000028,1.9000000000000057,24266,25099,24600,24000,208391,203288,8041,1270,0.04013476416271525,0.006286568523596907,0.19999999999998863,0.4000000000000057,1.2441139151291076,24600,208391,24000,203288,254.7,345.3
2026-07-31 00:00:00,2026-07-31 09:30:00,16,NIFTY,OK,24340.3,-5,1516775,10813,1179374,-790,476933,10813,370329,-790,-11603,197.3,0.33790343189489896,0.12997042933445146,0.2557765473723283,1.4665400045277928,0,0,24350,3365481,24050,8972.6,0,0,1785470449710,2026-08-04 00:00:00,24350,17,10813,-790,1505962,1180164,0.007180128051039801,-0.0006693984903793032,10023,5042095,197422,911038,98,99.3,-0.3499999999999943,1.6499999999999915,11681,27269,24600,24200,207953,201433,5639,0,0.027872515001433416,0,1.3000000000000114,2.150000000000034,2.292372742931929,24600,207953,24200,201433,259.7,140.3
2026-07-31 00:00:00,2026-07-31 09:31:00,17,NIFTY,OK,24335.4,-4.899999999997817,1555372,38597,1188254,8880,515530,38597,379209,8880,-29717,197.9,0.5351778996116817,0.11297543873031093,0.2565511846682719,1.6615852300751595,0,0,24350,3109253.85,24050,6494.400000000001,0,0,1785470509805,2026-08-04 00:00:00,24350,17,38597,8880,1516775,1179374,0.025446753803299766,0.007529418148950206,47477,5599385,557290,1468328,94.75,103.15,-3.25,3.8500000000000085,48355,64430,24600,24000,208932,203560,6618,898,0.032711527625374416,0.004431023082768353,0.5999999999999943,2.7500000000000284,2.1355072432125293,24600,208932,24000,203560,264.6,335.4
2026-07-31 00:00:00,2026-07-31 09:32:00,18,NIFTY,OK,24322.45,-12.950000000000728,1554533,29882,1278079,9262,534257,18727,397972,18763,-20620,204.6,0.515727886487807,0.08502817181969213,0.2631477184841451,2.7086765131698893,0,0,24350,2626787.65,24050,4507.25,0,0,1785470569583,2026-08-04 00:00:00,24300,16,29882,9262,1513997,1187576,0.019737159320659156,0.007799079806260821,39144,5977213,336601,1460857,117.55,87.05,-5,5.700000000000003,18095,38480,24600,24000,206840,205204,499,1944,0.00241832694423309,0.009564105087080586,6.699999999999989,9.450000000000017,2.82128533055573,24600,206840,24000,205204,277.55,322.45
2026-07-31 00:00:00,2026-07-31 09:33:00,19,NIFTY,OK,24318.5,-3.9500000000007276,1554533,0,1278079,0,534257,0,397972,0,0,203.25,0.5485502426735466,0.07994053403525482,0.2633655090870172,1.9568505659779407,0,0,24350,2590248.1,24050,4380.599999999999,0,0,1785470630831,2026-08-04 00:00:00,24300,17,0,0,1554533,1278079,0,0,0,6179519,202306,1553830,116.2,87.05,-1.3499999999999943,0,13168,22846,24600,24000,206840,205204,499,1944,0.00241832694423309,0.009564105087080586,-1.3499999999999943,7.449999999999989,1.715080645514685,24600,206840,24000,205204,281.5,318.5
2026-07-31 00:00:00,2026-07-31 09:34:00,20,NIFTY,OK,24311.35,-7.150000000001455,1612754,58221,1277611,-468,592478,58221,397504,-468,-58689,205.6,0.5726512049516238,0.09328160051136711,0.26960978332572266,2.25216717575887,0,0,24350,2284437.3000000003,24050,2286.65,0,0,1785470689384,2026-08-04 00:00:00,24300,17,58221,-468,1554533,1278079,0.037452405320440287,-0.0003661745478957091,57753,6541071,361552,1655171,115.5,90.1,-0.7000000000000028,3.049999999999997,25912,44246,24400,24000,211334,206076,0,2788,0,0.013714533076226831,2.3499999999999943,9.599999999999994,1.75740009225288,24400,211334,24000,206076,88.65,311.35
2026-07-31 00:00:00,2026-07-31 09:35:00,21,NIFTY,OK,24309.35,-2,1640083,27329,1267801,-9810,619807,27329,387694,-9810,-37139,206,0.6357334061468752,0.08757415590604764,0.27041442318417436,1.750470117553971,0,0,24350,1986922.8,24050,2024.4,0,0,1785470749812,2026-08-04 00:00:00,24300,17,27329,-9810,1612754,1277611,0.01694554780208265,-0.007678393501621385,17519,6931961,390890,1848639,114.7,91.3,-0.7999999999999972,1.2000000000000028,30024,51513,24400,24000,214347,206097,0,0,0,0,0.4000000000000057,8.699999999999989,1.449486676776058,0,0,24000,206097,,309.35
2026-07-31 00:00:00,2026-07-31 09:36:00,22,NIFTY,OK,24312.5,3.150000000001455,1676834,36751,1256176,-11625,656558,36751,376069,-11625,-48376,207.95,0.5723758186981974,0.08312087796881552,0.27207697345221893,1.5463716843131035,0,0,24350,1429041.4,24050,1061.4,0,0,1785470809555,2026-08-04 00:00:00,24300,17,36751,-11625,1640083,1267801,0.022408012277427423,-0.009169420121927653,25126,7319396,387435,1678784,111.6,96.35,-3.1000000000000085,5.049999999999997,28647,55095,24400,24000,219318,205667,0,2107,0,0.010350756533700137,1.9499999999999886,10.049999999999983,1.4845149613848123,0,0,24000,205667,,312.5
2026-07-31 00:00:00,2026-07-31 09:37:00,23,NIFTY,OK,24301.2,-11.299999999999272,1704029,27195,1265103,8927,683753,27195,384996,8927,-18268,207.05,0.5453998003456902,0.08430470233993098,0.27574435421969,1.607424567102259,0,0,24350,1564125.6,23950,400.35,0,0,1785470876239,2026-08-04 00:00:00,24300,17,27195,8927,1676834,1256176,0.016218063326483123,0.007106488262791201,36122,7596577,277181,1619364,111.8,95.25,0.20000000000000284,-1.0999999999999943,24618,37208,24400,24000,224149,206127,0,923,0,0.004497963002670513,-0.8999999999999773,2.450000000000017,1.0670174859351467,0,0,24000,206127,,301.2
2026-07-31 00:00:00,2026-07-31 09:38:00,24,NIFTY,OK,24303.75,2.5499999999992724,1730521,26492,1279337,14234,710245,26492,399230,14234,-12258,207.25,0.5644518777962283,0.10432863230758364,0.2733817307983563,1.062623667121904,0,0,24350,1549260,23950,242.39999999999998,0,0,1785470929780,2026-08-04 00:00:00,24300,17,26492,14234,1704029,1265103,0.015546683771226899,0.011251257802724363,40726,7878439,281862,1698920,110.85,96.4,-0.9500000000000028,1.1500000000000057,25841,38346,24400,24000,235476,207922,0,2718,0,0.013245355841016744,0.19999999999998863,4,0.9231571832202597,24400,235476,24000,207922,96.25,303.75
2026-07-31 00:00:00,2026-07-31 09:39:00,25,NIFTY,OK,24311.5,7.75,1730521,0,1279337,0,710245,0,399230,0,0,206.9,0.5012621857908247,0.07920115488013744,0.26902330664993485,0.32291660422904445,0,0,24350,1487289.6,23950,234.60000000000002,0,0,1785470990311,2026-08-04 00:00:00,24300,17,0,0,1730521,1279337,0,0,0,8049799,171360,1508728,110.25,96.65,-0.5999999999999943,0.25,16320,23798,24400,24000,235476,207922,24142,1846,0.11423623269327227,0.008957860206913955,-0.3499999999999943,1.3000000000000114,0.6935651390524392,24400,235476,24000,207922,88.5,311.5
2026-07-31 00:00:00,2026-07-31 09:40:00,26,NIFTY,OK,24310.9,-0.5999999999985448,1791029,60508,1288905,9568,770753,60508,408798,9568,-50940,206.10000000000002,0.4490226089260354,0.12440706889570197,0.26795728584611883,-0.031504833997962924,0,0,24350,1776930.25,23950,223,0,0,1785471049412,2026-08-04 00:00:00,24300,17,60508,9568,1730521,1279337,0.03496519256339565,0.007478873822925469,70076,8314921,265122,1382960,112.7,93.4,2.450000000000003,-3.25,30619,30889,24400,24000,244734,209726,30387,3629,0.14176545507984717,0.017608213608155385,-0.799999999999983,0.10000000000002274,0.30251076341813204,0,0,24000,209726,,310.9
2026-07-31 00:00:00,2026-07-31 09:41:00,27,NIFTY,OK,24327.4,16.5,1834312,8969,1212087,3877,794470,23717,403042,-5756,-5092,201.05,0.4336378786889045,0.12094313999488279,0.25994627225462485,-1.8053740594565109,0,0,24300,2256436,23950,1075.2,0,0,1785471109765,2026-08-04 00:00:00,24350,16,8969,3877,1780596,1207640,0.005037077472936028,0.0032103938259746283,12846,8586181,325509,1321034,89.95,111.1,3,-5.450000000000003,37547,19083,24400,24000,241466,209275,22148,3608,0.10098578320064928,0.017542921324276622,-5.050000000000011,-6.899999999999977,-2.2719983475675742,24500,215112,24000,209275,172.6,327.4
2026-07-31 00:00:00,2026-07-31 09:42:00,28,NIFTY,OK,24330,2.599999999998545,1851954,17642,1223165,11078,812112,17642,414120,11078,-6564,198.45,0.421414585907082,0.11757697353190832,0.25504564494715065,-2.0788250377223108,0,0,24300,2667249.9,23950,1080,0,0,1785471169966,2026-08-04 00:00:00,24350,17,17642,11078,1834312,1212087,0.009617774947773335,0.009139607965434825,28720,8838228,252047,1295900,91.8,106.65,1.8499999999999943,-4.449999999999989,30490,16051,24400,24000,243870,208903,19721,2776,0.08798165505980397,0.013467425422191174,-2.6000000000000227,-8.600000000000023,-2.2237866126939725,24500,215059,24000,208903,170,330
2026-07-31 00:00:00,2026-07-31 09:43:00,29,NIFTY,OK,24345.8,15.799999999999272,1845131,-6823,1237459,14294,805289,-6823,428414,14294,21117,195.95,0.44990121942911643,0.0858867615427934,0.25428287676901423,-1.7283085057834575,0,0,24350,3198261.85,23950,2342.6,0,0,1785471230400,2026-08-04 00:00:00,24350,17,-6823,14294,1851954,1223165,-0.003684216778602492,0.011686076694477033,7471,9211051,372823,1386861,95.3,100.65,3.5,-6,46542,27276,24400,24000,244353,210077,8877,2155,0.03769810936146359,0.01036446359692577,-2.5,-11.300000000000011,-2.07894571993693,24500,214989,24000,210077,154.2,345.8
2026-07-31 00:00:00,2026-07-31 09:44:00,30,NIFTY,OK,24345.8,0,1845131,0,1237459,0,805289,0,428414,0,0,195.95,0.3943116016077389,0.09799498313863995,0.25428287676901423,-1.3624373431780956,0,0,24350,3198261.85,23950,2342.6,0,0,1785471289781,2026-08-04 00:00:00,24350,17,0,0,1845131,1237459,0,0,0,9211051,0,1215501,95.3,100.65,0,0,0,0,24400,24000,244353,210077,8877,2155,0.03769810936146359,0.01036446359692577,0,-10.950000000000017,-1.5739547050604803,24500,214989,24000,210077,154.2,345.8
2026-07-31 00:00:00,2026-07-31 09:45:00,31,NIFTY,OK,24351.3,5.5,1808220,-36911,1246433,8974,768378,-36911,437388,8974,45885,194.7,0.45118676327556684,0.015309613348821922,0.25207422560513404,-1.3005219223381013,0,0,24350,3751671,24000,13465.6,0,0,1785471349598,2026-08-04 00:00:00,24350,17,-36911,8974,1845131,1237459,-0.020004541682948258,0.007251957438589885,-27937,9638891,427840,1378219,98.6,96.1,3.299999999999997,-4.550000000000011,52731,34657,24400,24000,238857,208689,-5877,-1037,-0.024013827257348797,-0.004944546694258222,-1.25,-11.400000000000034,-1.4332431922126727,24500,212448,24000,208689,148.7,351.3
2026-07-31 00:00:00,2026-07-31 09:46:00,32,NIFTY,OK,24341.15,-10.149999999997817,1777564,-30656,1285981,39548,737722,-30656,476936,39548,70204,197.1,0.5606880264530144,0.009981993289837008,0.25570771547012633,-0.7152330961521832,0,0,24350,3605583.4000000004,24000,22227.75,0,0,1785471409482,2026-08-04 00:00:00,24350,17,-30656,39548,1808220,1246433,-0.016953689263474576,0.031728941708058116,8892,10303874,664983,1717693,93,104.1,-5.599999999999994,8,70137,60772,24400,24000,235724,209915,-5742,640,-0.02377974538858473,0.0030581770397801935,2.4000000000000057,-3.950000000000017,-0.7917914753943082,24500,209742,24000,209915,158.85,341.15
2026-07-31 00:00:00,2026-07-31 09:47:00,33,NIFTY,OK,24347.85,6.69999999999709,1768723,-8841,1293335,7354,728881,-8841,484290,7354,16195,195.39999999999998,0.6107327163626555,0.006984122230962104,0.25410514981467264,-0.7535764311132512,0,0,24350,3946374.85,24000,37560.75,0,0,1785471470082,2026-08-04 00:00:00,24350,17,-8841,7354,1777564,1285981,-0.004973660582685068,0.005718591487743598,-1487,10708327,404453,1870099,96.05,99.35,3.049999999999997,-4.75,41950,37123,24400,24000,233191,208566,-10679,-337,-0.04378972403329643,-0.0016131888962820065,-1.700000000000017,-3.0500000000000114,-0.9327161876368983,24500,208824,24000,208566,152.15,347.85
2026-07-31 00:00:00,2026-07-31 09:48:00,34,NIFTY,OK,24356.55,8.700000000000728,1768237,-486,1301598,8263,728395,-486,492553,8263,8749,193.6,0.574358230979841,0.007234067894180134,0.24985440326136718,-1.2013142561545314,0,0,24350,4537765.6,24000,47618.25,0,0,1785471530028,2026-08-04 00:00:00,24350,17,-486,8263,1768723,1293335,-0.0002747745124589888,0.006388909292642664,7777,10974236,265909,1763185,100.1,93.5,4.049999999999997,-5.849999999999994,31519,21351,24400,24000,230868,207724,-13485,-2353,-0.05518655387901929,-0.01120065499792933,-1.799999999999983,-2.3499999999999943,-1.1061180151197747,24500,208824,24000,207724,143.45,356.55
2026-07-31 00:00:00,2026-07-31 09:49:00,35,NIFTY,OK,24356.55,0,1768237,0,1301598,0,728395,0,492553,0,0,193.6,0.574358230979841,0.007234067894180134,0.24985440326136718,-1.0800847226204846,0,0,24350,4537765.6,24000,47618.25,0,0,1785471591033,2026-08-04 00:00:00,24350,17,0,0,1768237,1301598,0,0,0,10974236,0,1763185,100.1,93.5,0,0,0,0,24400,24000,230868,207724,-13485,-2353,-0.05518655387901929,-0.01120065499792933,0,-2.3499999999999943,-0.9802050065126162,24500,208824,24000,207724,143.45,356.55
2026-07-31 00:00:00,2026-07-31 09:50:00,36,NIFTY,OK,24353.85,-2.7000000000007276,1764505,-3732,1328562,26964,724663,-3732,519517,26964,30696,194.15,0.5839217191221528,0.021268926736979884,0.2515446360889298,-0.7396338546831036,0,0,24350,4622638.5,24000,41217.6,0,0,1785471651024,2026-08-04 00:00:00,24350,17,-3732,26964,1768237,1301598,-0.002110576806163427,0.020716073626419217,23232,11445000,470764,1806109,97.15,97,-2.9499999999999886,3.5,57792,38504,24400,24000,231227,209785,-7630,1096,-0.031943799009449166,0.005251834068877612,0.5500000000000114,-0.549999999999983,-0.8274936323441178,24500,208447,24000,209785,146.15,353.85
2026-07-31 00:00:00,2026-07-31 09:51:00,37,NIFTY,OK,24344,-9.849999999998545,1761113,-3392,1343228,14666,721271,-3392,534183,14666,18058,194.55,0.4423228633710021,0.029710418819608758,0.25237907656583664,-0.270053811464732,0,0,24350,4496075,24000,36834.850000000006,0,0,1785471710447,2026-08-04 00:00:00,24350,17,-3392,14666,1764505,1328562,-0.0019223521610876705,0.011039003072494924,11274,11676995,231995,1373121,94.75,99.8,-2.4000000000000057,2.799999999999997,22155,21670,24400,24000,231171,211181,-4553,1266,-0.01931496156522034,0.006031012552699902,0.4000000000000057,-2.549999999999983,-0.5357180562382553,24500,208292,24000,211181,156,344
2026-07-31 00:00:00,2026-07-31 09:53:00,38,NIFTY,OK,24346.45,2.4500000000007276,1756410,-4703,1369128,25900,716568,-4703,560083,25900,30603,194.6,0.3970631616060979,0.05115081270809227,0.2527398467552129,0.03106429363267886,0,0,24350,4842966,24000,31970.4,0,0,1785471786524,2026-08-04 00:00:00,24350,17,-4703,25900,1761113,1343228,-0.0026704703218930303,0.019281908953654926,21197,11949363,272368,1241036,96.1,98.5,1.3499999999999943,-1.2999999999999972,24186,31436,24400,24000,230530,220235,-2661,11669,-0.011411246574696278,0.05594871647344246,0.04999999999998295,-0.799999999999983,-0.3363751553764376,24500,207880,24000,220235,153.55,346.45
2026-07-31 00:00:00,2026-07-31 09:53:00,39,NIFTY,OK,24346.45,0,1756410,0,1369128,0,716568,0,560083,0,0,194.6,0.31198692833041863,0.05712384130477363,0.2527398467552129,0.11969866945500442,0,0,24350,4842966,24000,31970.4,0,0,1785471830054,2026-08-04 00:00:00,24350,17,0,0,1756410,1369128,0,0,0,11949363,0,975127,96.1,98.5,0,0,0,0,24400,24000,230530,220235,-338,12511,-0.0014640400575220472,0.06022895765535037,0,1,-0.2204055929526737,24500,207880,24000,220235,153.55,346.45
2026-07-31 00:00:00,2026-07-31 09:54:00,40,NIFTY,OK,24349.45,3,1765997,9587,1375421,6293,726155,9587,566376,6293,-3294,193.25,0.3558845082061668,0.06402875896034105,0.2508452711629892,-0.7753738265712117,0,0,24350,5147430.399999999,24000,34895,0,0,1785471889676,2026-08-04 00:00:00,24350,17,9587,6293,1756410,1369128,0.005458292767633981,0.004596356220893882,15880,12092218,142855,1117982,97.35,95.9,1.25,-2.5999999999999943,15787,14542,24400,24000,232225,220846,1357,13122,0.005877817627388811,0.06317036067089021,-1.3499999999999943,-0.3499999999999943,-1.2495478106667575,24500,207664,24000,220846,150.55,349.45
2026-07-31 00:00:00,2026-07-31 09:55:00,41,NIFTY,OK,24351.85,2.399999999997817,1782126,16129,1376728,1307,742284,16129,567683,1307,-14822,193.65,0.27784664944945225,0.07495582087715641,0.25146253519955963,-0.3795799808106513,0,0,24350,4893276.95,24000,34560.95,0,0,1785471949738,2026-08-04 00:00:00,24350,17,16129,1307,1765997,1375421,0.009133084597538954,0.0009502545038937169,17436,12322677,230459,877677,95.5,98.15,-1.8499999999999943,2.25,25243,20400,24400,24000,235324,221606,4097,11821,0.01771851903108201,0.056348165979455155,0.4000000000000057,-0.5,-0.7429414866655805,24500,207880,24000,221606,148.15,351.85
2026-07-31 00:00:00,2026-07-31 09:56:00,42,NIFTY,OK,24356.35,4.5,1789465,7339,1385737,9009,749623,7339,576692,9009,1670,193.39999999999998,0.24116953819001122,0.09253658447402718,0.24872403808095364,-1.7386497899398676,0,0,24350,5347093.5,24000,37712.85,0,0,1785472011248,2026-08-04 00:00:00,24350,17,7339,9009,1782126,1376728,0.004118115105217027,0.006543776257910059,16348,12442757,120080,765762,98.35,95.05,2.8499999999999943,-3.1000000000000085,11905,10101,24400,24000,237405,222181,6234,11000,0.026967050365313987,0.052088019282037684,-0.2500000000000284,-1.150000000000034,-1.0362675529248235,24500,208731,24000,222181,143.65,356.35
2026-07-31 00:00:00,2026-07-31 09:57:00,43,NIFTY,OK,24356.35,0,1789465,0,1385737,0,749623,0,576692,0,0,193.39999999999998,0.15538979882224815,0.10065789207002923,0.24872403808095364,-1.48026868340781,0,0,24350,5347093.5,24000,37712.85,0,0,1785472070586,2026-08-04 00:00:00,24350,17,0,0,1789465,1385737,0,0,0,12442757,0,493394,98.35,95.05,0,0,0,0,24400,24000,237405,222181,6875,1946,0.029822582744111394,0.008836016073739414,0,-1.200000000000017,-0.9366856707012396,24500,208731,24000,222181,143.65,356.35
2026-07-31 00:00:00,2026-07-31 09:58:00,44,NIFTY,OK,24360.5,4.150000000001455,1785932,-3533,1392375,6638,746090,-3533,583330,6638,10171,192.05,0.19338188538740908,0.08585532363531052,0.2470124507288994,-1.9333194140931855,0,0,24350,5711847.25,24000,42889,0,0,1785472129568,2026-08-04 00:00:00,24350,17,-3533,6638,1789465,1385737,-0.001974333110734214,0.004790230758073141,3105,12563990,121233,614627,99.5,92.55,1.1500000000000057,-2.5,13975,9995,24400,24000,236113,222520,5583,2285,0.024218106103327117,0.010375280949894431,-1.349999999999966,-2.549999999999983,-2.2271553593037035,24500,208942,24000,222520,139.5,360.5
2026-07-31 00:00:00,2026-07-31 09:59:00,45,NIFTY,OK,24356.95,-3.5499999999992724,1775409,-10523,1408699,16324,735567,-10523,599654,16324,26847,192.6,0.25862564963248735,0.051840212169638564,0.24810564606068175,-1.1631782463703264,0,0,24350,5619163.800000001,24000,41666.25,0,0,1785472194154,2026-08-04 00:00:00,24350,17,-10523,16324,1785932,1392375,-0.005892161627654356,0.011723853128647096,5801,12915710,351720,823492,97.25,95.35,-2.25,2.799999999999997,38466,31538,24400,24000,234278,222647,2053,1801,0.008840564108084831,0.008155003939396683,0.549999999999983,-0.6500000000000057,-1.2424242424242835,24500,209895,24000,222647,143.05,356.95
2026-07-31 00:00:00,2026-07-31 10:00:00,46,NIFTY,OK,24356.95,0,1775409,0,1408699,0,735567,0,599654,0,0,192.6,0.18624776546524174,0.042584476749185966,0.24810564606068175,-0.956022931774268,0,0,24350,5619163.800000001,24000,41666.25,0,0,1785472249517,2026-08-04 00:00:00,24350,17,0,0,1775409,1408699,0,0,0,12915710,0,593033,97.25,95.35,0,0,0,0,24400,24000,234278,222647,-1046,1041,-0.004444935493192364,0.0046975262402642525,0,-1.0500000000000114,-1.015410478035718,24500,209895,24000,222647,143.05,356.95
2026-07-31 00:00:00,2026-07-31 10:01:00,47,NIFTY,OK,24352.1,-4.850000000002183,1775731,322,1423862,15163,735889,322,614817,15163,14841,192.5,0.17951939512306722,0.042464253319614405,0.2490618745830557,-0.35648171309631405,0,0,24350,5809455.3,24000,42900.549999999996,0,0,1785472311062,2026-08-04 00:00:00,24350,17,322,15163,1775409,1408699,0.00018136665973868556,0.01076383244397845,15485,13017146,101436,574389,97.3,95.2,0.04999999999999716,-0.14999999999999147,11343,11458,24400,24000,234787,224527,-2618,2346,-0.011027568922305764,0.010558958686836407,-0.09999999999999432,-0.8999999999999773,-0.9349277190306117,24500,209969,24000,224527,147.9,352.1
2026-07-31 00:00:00,2026-07-31 10:02:00,48,NIFTY,OK,24356.4,4.30000000000291,1776550,819,1428156,4294,736708,819,619111,4294,3475,193,0.1914328490663418,0.04809237700615825,0.2493703819336036,-0.026973051630107426,0,0,24350,5642425.6,24000,38373.600000000006,0,0,1785472370174,2026-08-04 00:00:00,24350,17,819,4294,1775731,1423862,0.00046121850663191665,0.003015741694068667,5113,13056243,39097,613486,95.5,97.5,-1.7999999999999972,2.299999999999997,4128,4316,24400,24000,234707,224418,-2698,2237,-0.011364545818327331,0.01006836768220505,0.5,-0.39999999999997726,-0.15271616650077444,24500,210987,24000,224418,143.6,356.4
2026-07-31 00:00:00,2026-07-31 10:03:00,49,NIFTY,OK,24353.55,-2.850000000002183,1779132,2582,1436514,8358,739290,2582,627469,8358,5776,192.5,0.21934628376382226,0.05293759038194346,0.24822672841824184,-0.5846318937071797,0,0,24350,6301612.2,24000,43228,0,0,1785472429858,2026-08-04 00:00:00,24350,17,2582,8358,1776550,1428156,0.0014533787396920999,0.005852301849377799,10940,13269330,213087,705340,99.6,92.9,4.099999999999994,-4.599999999999994,22515,22901,24400,24000,234989,225075,-1124,2555,-0.004760432504775256,0.01148211396728384,-0.5,0.44999999999998863,-0.803408294571111,24500,210925,24000,225075,146.45,353.55
2026-07-31 00:00:00,2026-07-31 10:04:00,50,NIFTY,OK,24350.25,-3.2999999999992724,1779629,497,1442020,5506,739787,497,632975,5506,5009,192.8,0.14769517101335372,0.078897150615146,0.24978380687442037,0.8148312694507427,0,0,24350,5926653.899999999,24000,40643,0,0,1785472489857,2026-08-04 00:00:00,24350,17,497,5506,1779132,1436514,0.00027934970536194054,0.00383288989874098,6003,13391532,122202,475822,96.4,96.4,-3.1999999999999886,3.5,12951,11622,24400,24000,235438,224717,1160,2070,0.00495138254552284,0.009297228348012774,0.30000000000001137,0.20000000000001705,-0.10471347707288942,24500,211005,24000,224717,149.75,350.25
2026-07-31 00:00:00,2026-07-31 10:05:00,51,NIFTY,OK,24350.45,0.2000000000007276,1779447,-182,1447818,5798,739605,-182,638773,5798,5980,192.45,0.1913657539743405,0.06987991994663109,0.2502030446281678,1.6676568351162546,0,0,24350,5895486.75,24000,38375.549999999996,0,0,1785472550313,2026-08-04 00:00:00,24350,17,-182,5798,1779629,1442020,-0.00010226850652579836,0.004020748672001776,5616,13533298,141766,617588,95.4,97.05,-1,0.6499999999999915,14369,15986,24400,24000,236086,225465,1808,2818,0.007717327277849392,0.012656806514347824,-0.35000000000002274,-0.15000000000000568,-0.6880624620562029,24500,211346,24000,225465,149.55,350.45
2026-07-31 00:00:00,2026-07-31 10:06:00,52,NIFTY,OK,24345,-5.450000000000728,1785864,6417,1452257,4439,746022,6417,643212,4439,-1978,193.4,0.2118657703032098,0.05615941764922811,0.25073783098474456,1.690077763220435,0,0,24350,5368792.95,24000,31046,0,0,1785472610300,2026-08-04 00:00:00,24350,17,6417,4439,1779447,1447818,0.003606176525628468,0.0030659931013428485,10856,13703193,169895,686047,91.95,101.45,-3.450000000000003,4.400000000000006,17468,15245,24400,24000,238288,225477,3501,950,0.014911387768488034,0.004231116970342097,0.950000000000017,0.9000000000000057,1.646435177063001,24500,211528,24000,225477,155,345
2026-07-31 00:00:00,2026-07-31 10:07:00,53,NIFTY,OK,24345.1,0.09999999999854481,1785439,-425,1449936,-2321,745597,-425,640891,-2321,-1896,193.15,0.24125024147123594,0.039292280294925916,0.2503846953628611,1.1193064050096946,0,0,24350,5715390.1,24000,27562.5,0,0,1785472669957,2026-08-04 00:00:00,24350,17,-425,-2321,1785864,1452257,-0.0002379800477527964,-0.0015982019711387172,-2746,13836778,133585,780535,94,99.15,2.049999999999997,-2.299999999999997,10476,18406,24400,24000,236829,225479,2122,1061,0.009041059704226972,0.004727784758798314,-0.25,0.15000000000000568,1.199095078415082,24500,212792,24000,225479,154.9,345.1
2026-07-31 00:00:00,2026-07-31 10:08:00,54,NIFTY,OK,24335.55,-9.549999999999272,1785783,344,1453685,3749,745941,344,644640,3749,3405,194.25,0.2382542442154082,0.0308648293572181,0.25003893878822503,0.6790406045235905,0,0,24350,5222970,24000,21567,0,0,1785472729910,2026-08-04 00:00:00,24350,17,344,3749,1785439,1449936,0.00019266970196125434,0.0025856313657982143,4093,14041147,204369,771817,91.25,103,-2.75,3.8499999999999943,22459,24507,24400,24000,238889,226207,3900,1132,0.016596521539306096,0.005029434632900145,1.0999999999999943,1.75,2.481408291860916,24500,211570,24000,226207,164.45,335.55
2026-07-31 00:00:00,2026-07-31 10:09:00,55,NIFTY,OK,24339.3,3.75,1781073,-4710,1445834,-7851,741231,-4710,636789,-7851,-3141,194.1,0.27105212514646376,0.006011478746027027,0.2518389589938045,1.9105843516676304,0,0,24350,5150248.5,24000,20188.85,0,0,1785472790200,2026-08-04 00:00:00,24350,17,-4710,-7851,1785783,1453685,-0.0026374985090573716,-0.005400757385540884,-12561,14266192,225045,874660,91.55,102.55,0.29999999999999716,-0.45000000000000284,19688,30019,24400,24000,237517,226197,2079,1480,0.008830350240827733,0.00658606157967577,-0.15000000000000568,1.299999999999983,1.6410506086919578,24500,212068,24000,226197,160.7,339.3
2026-07-31 00:00:00,2026-07-31 10:10:00,56,NIFTY,OK,24340.3,1,1781101,28,1441205,-4629,741259,28,632160,-4629,-4657,192.95,0.2660048424947848,0.005785458537547148,0.2494802062541582,-0.4615470038627607,0,0,24350,5537636,24000,16133.000000000002,0,0,1785472850757,2026-08-04 00:00:00,24350,17,28,-4629,1781073,1445834,0.00001572086040268984,-0.0032016123566052535,-4601,14390447,124255,857149,94.25,98.7,2.700000000000003,-3.8499999999999943,16048,13049,24400,24000,237676,226753,1590,1288,0.006734833916454174,0.00571263832523895,-1.1500000000000057,0.5,-0.26378803255881467,24500,211678,24000,226753,159.7,340.3
2026-07-31 00:00:00,2026-07-31 10:11:00,57,NIFTY,OK,24345.4,5.100000000002183,1788156,7055,1444769,3564,748314,7055,635724,3564,-3491,193.85,0.2125796299017144,0.00756052347458145,0.2513733268258241,1.2513742623678121,0,0,24350,5247908.399999999,24000,15272,0,0,1785472912070,2026-08-04 00:00:00,24350,17,7055,3564,1781101,1441205,0.003961033091329464,0.0024729306379036985,10619,14316943,0,687254,92.85,101,-1.4000000000000057,2.299999999999997,0,0,24400,24000,239180,227210,892,1733,0.003743369368159538,0.007685928054746161,0.9000000000000057,0.44999999999998863,0.9983647873505344,24500,212427,24000,227210,154.6,345.4
2026-07-31 00:00:00,2026-07-31 10:12:00,58,NIFTY,OK,24347.3,1.8999999999978172,1788520,364,1440258,-4511,748678,364,631213,-4511,-4875,192.95,0.21877905511001375,0.009339046899088179,0.2502419279314901,0.011582191387804397,0,0,24350,5348912.25,24000,15065.400000000001,0,0,1785472969689,2026-08-04 00:00:00,24350,17,364,-4511,1788156,1444769,0.0002035616579314109,-0.003122298443557413,-4147,14469663,152720,706389,93.1,99.85,0.25,-1.1500000000000057,18117,15355,24400,24000,238813,227887,1984,2408,0.008377352435723665,0.010679486781474106,-0.9000000000000057,-0.20000000000001705,-0.476821502878077,24500,212407,24000,227887,152.7,347.3
2026-07-31 00:00:00,2026-07-31 10:13:00,59,NIFTY,OK,24349.95,2.650000000001455,1797612,9092,1441058,800,757770,9092,632013,800,-8292,191.4,0.21934003773153796,0.0011233582499260949,0.24766989885480242,-2.3362059617582127,0,0,24350,5872721.85,24000,24557.5,0,0,1785473030674,2026-08-04 00:00:00,24350,17,9092,800,1788520,1440258,0.005083532753337955,0.000555456036349043,9892,14678013,208350,710370,95.75,95.65,2.6500000000000057,-4.199999999999989,21413,22309,24400,24000,240930,229021,2041,2814,0.008543716956410718,0.012439933335396341,-1.549999999999983,-2.8499999999999943,-2.1598019328233296,24500,213060,24000,229021,150.05,349.95
2026-07-31 00:00:00,2026-07-31 10:14:00,60,NIFTY,OK,24347.2,-2.75,1807033,9421,1444964,3906,767191,9421,635919,3906,-5515,192.64999999999998,0.24965613436912765,0.030903543745943063,0.2488767968644131,-1.0612789616116425,0,0,24350,5512893.75,24000,29890.3,0,0,1785473089801,2026-08-04 00:00:00,24350,17,9421,3906,1797612,1441058,0.005240841738929201,0.0027105085291501104,13327,15004569,326556,811881,94.1,98.55,-1.6500000000000057,2.8999999999999915,37972,30657,24400,24000,241360,229995,3843,3798,0.016179894491762693,0.01679067361636096,1.2499999999999716,-1.450000000000017,-0.5752039371032358,24500,214114,24000,229995,152.8,347.2
2026-07-31 00:00:00,2026-07-31 10:15:00,61,NIFTY,OK,24347.2,0,1807033,0,1444964,0,767191,0,635919,0,0,192.64999999999998,0.21144730453318378,0.043178995558632166,0.2488767968644131,-0.9016081000708749,0,0,24350,5512893.75,24000,29890.3,0,0,1785473150335,2026-08-04 00:00:00,24350,17,0,0,1807033,1444964,0,0,0,15004569,0,687626,94.1,98.55,0,0,0,0,24400,24000,241360,229995,3684,3242,0.015500092562984904,0.01429749551273853,0,-0.30000000000001137,-0.6107881226448872,24500,214114,24000,229995,152.8,347.2
2026-07-31 00:00:00,2026-07-31 10:16:00,62,NIFTY,OK,24334.6,-12.600000000002183,1804902,-2131,1449716,4752,765060,-2131,640671,4752,6883,194,0.3139923026296788,0.021227585194608215,0.24976136127827334,-0.07985334545571035,0,0,24350,4983821.1,24000,23150.6,0,0,1785473210394,2026-08-04 00:00:00,24350,17,-2131,4752,1807033,1444964,-0.0011792811752746077,0.003288663246973627,2621,15338868,334299,1021925,90.25,103.75,-3.8499999999999943,5.200000000000003,32840,41042,24400,24000,240296,229025,1116,1815,0.004665941968392006,0.007988204744509484,1.3500000000000227,0.15000000000000568,0.9658049271050702,24500,215059,24000,229025,165.4,334.6
2026-07-31 00:00:00,2026-07-31 10:17:00,63,NIFTY,OK,24341.45,6.850000000002183,1811275,6373,1453942,4226,771433,6373,644897,4226,-2147,193.7,0.32825475305316615,0.03399721782421165,0.2501792189172062,0.2988559839227534,0,0,24350,5145262.649999999,24000,24633,0,0,1785473269926,2026-08-04 00:00:00,24350,17,6373,4226,1804902,1449716,0.003530939629963289,0.002915053707070902,10599,15541486,202618,1071823,91.55,102.15,1.2999999999999972,-1.5999999999999943,15842,23669,24400,24000,239690,228963,877,1076,0.003672329395803411,0.004721638355851804,-0.30000000000001137,0.75,0.5314384049376061,24500,217351,24000,228963,158.55,341.45
2026-07-31 00:00:00,2026-07-31 10:18:00,64,NIFTY,OK,24341.45,0,1811275,0,1453942,0,771433,0,644897,0,0,193.7,0.2644458239682079,0.030744447133842053,0.2501792189172062,0.28591675207004663,0,0,24350,5145262.649999999,24000,24633,0,0,1785473330368,2026-08-04 00:00:00,24350,17,0,0,1811275,1453942,0,0,0,15541486,0,863473,91.55,102.15,0,0,0,0,24400,24000,239690,228963,-1240,-58,-0.005146723114597601,-0.0002532518851983006,0,2.299999999999983,0.634117442762187,24500,217351,24000,228963,158.55,341.45
2026-07-31 00:00:00,2026-07-31 10:19:00,65,NIFTY,OK,24345.2,3.75,1820570,9295,1443697,-10245,780728,9295,634652,-10245,-19540,193.3,0.2317650486311322,0.016218509721192317,0.2500780128565189,0.4232533487294453,0,0,24350,5136842.399999999,24000,18894,0,0,1785473390043,2026-08-04 00:00:00,24350,17,9295,-10245,1811275,1453942,0.005131744213330389,-0.007046360858961362,-950,15761112,219626,756543,91.8,101.5,0.25,-0.6500000000000057,25545,21052,24400,24000,241276,229062,-84,-933,-0.00034802784222737816,-0.0040566099263027455,-0.39999999999997726,0.6500000000000341,0.25013135802251535,24500,217941,24000,229062,154.8,345.2
2026-07-31 00:00:00,2026-07-31 10:20:00,66,NIFTY,OK,24346.95,1.75,1820578,8,1443709,12,780736,8,634664,12,4,191.95,0.2533453706735958,0.014861086927080311,0.2474990079572275,-1.6989235467699213,0,0,24350,5697110.75,24000,21526,0,0,1785473449548,2026-08-04 00:00:00,24350,17,8,12,1820570,1443697,0.000004394228181283884,0.000008311993444607836,20,15831561,70449,826992,94.9,97.05,3.1000000000000085,-4.450000000000003,8647,7028,24400,24000,241276,229062,-84,-933,-0.00034802784222737816,-0.0040566099263027455,-1.3500000000000227,-0.6999999999999886,-1.3010803087347562,24500,217941,24000,229062,153.05,346.95
2026-07-31 00:00:00,2026-07-31 10:21:00,67,NIFTY,OK,24353.15,6.200000000000728,1818729,-1849,1438550,-5159,778887,-1849,629505,-5159,-3310,191.25,0.19301232716018493,0.00423257700474793,0.24786298024235184,-1.1869544951249502,0,0,24350,5960243.850000001,24000,28965.149999999998,0,0,1785473509364,2026-08-04 00:00:00,24350,17,-1849,-5159,1820578,1443709,-0.0010156115255704507,-0.0035734348126942477,-7008,15967563,136002,628695,96.8,94.45,1.8999999999999915,-2.5999999999999943,17611,13049,24400,24000,241448,228279,1152,-746,0.004794087292339448,-0.0032572863224538807,-0.6999999999999886,-2.75,-1.6379754775025634,24500,216756,24000,228279,146.85,353.15
2026-07-31 00:00:00,2026-07-31 10:22:00,68,NIFTY,OK,24347.75,-5.400000000001455,1817129,-1600,1440034,1484,777287,-1600,630989,1484,3084,192.45,0.1756654487356021,0.014076211482231711,0.24966412197839966,0.5915251913920047,0,0,24350,5464148.5,24000,25301.100000000002,0,0,1785473569781,2026-08-04 00:00:00,24350,17,-1600,1484,1818729,1438550,-0.000879735243678415,0.001031594313718675,-116,16113657,146094,572171,94,98.45,-2.799999999999997,4,20449,12068,24400,24000,240713,229161,1023,198,0.004268012849931161,0.0008647685433891065,1.1999999999999886,-1.25,-0.2770389287282961,24500,216208,24000,229161,152.25,347.75
2026-07-31 00:00:00,2026-07-31 10:23:00,69,NIFTY,OK,24347.35,-0.4000000000014552,1824979,7850,1440336,302,785137,7850,631291,302,-7548,191.3,0.21082284557538858,0.0001423584731617962,0.2489315571121809,-0.28674845054675224,0,0,24350,5745381,24000,26142.600000000002,0,0,1785473630088,2026-08-04 00:00:00,24350,17,7850,302,1817129,1440034,0.004320001496866761,0.000209717270564445,8152,16229889,116232,688403,94.8,96.5,0.7999999999999972,-1.9500000000000028,10070,19410,24400,24000,242550,228872,2860,-91,0.011932078935291418,-0.00039744412852731666,-1.1499999999999773,-2.3999999999999773,-1.4919786096256522,24500,216640,24000,228872,152.65,347.35
2026-07-31 00:00:00,2026-07-31 10:24:00,70,NIFTY,OK,24353.75,6.400000000001455,1826126,1147,1458523,18187,786284,1147,649478,18187,17040,190.8,0.18344608510681049,0.03382590165893295,0.24683372345761587,-1.8723802761265051,0,0,24350,6540979.5,24000,28939.5,0,0,1785473692014,2026-08-04 00:00:00,24350,17,1147,18187,1824979,1440336,0.0006285003827441302,0.012626914830983882,19334,16363668,133779,602556,98,92.8,3.200000000000003,-3.700000000000003,14726,14483,24400,24000,242409,229328,1133,266,0.004695866973921981,0.0011612576507670413,-0.5,-2.5,-1.5617252437370268,24500,216791,24000,229328,146.25,353.75
2026-07-31 00:00:00,2026-07-31 10:25:00,71,NIFTY,OK,24353.05,-0.7000000000007276,1813711,-12415,1479178,20655,773869,-12415,670133,20655,33070,191.05,0.20203808874213494,0.04299184264282139,0.24705083328979696,-1.3598114178770766,0,0,24350,6611207.399999999,24000,33309.9,0,0,1785473749938,2026-08-04 00:00:00,24350,17,-12415,20655,1826126,1458523,-0.006798545116821074,0.014161586755916774,8240,16496850,133182,665289,97.05,94,-0.9500000000000028,1.2000000000000028,15891,12029,24400,24000,240282,229744,-994,682,-0.004119763258674713,0.0029773598414403087,0.25,-0.8999999999999773,-1.1048335969707312,24500,216292,24000,229744,146.95,353.05
2026-07-31 00:00:00,2026-07-31 10:26:00,72,NIFTY,OK,24347.4,-5.649999999997817,1809344,-4367,1480465,1287,769502,-4367,671420,1287,5654,191.75,0.18888512980540817,0.05234987029205209,0.2479856385421452,-0.5056414905266742,0,0,24350,6402039.899999999,24000,30392.3,0,0,1785473810078,2026-08-04 00:00:00,24350,17,-4367,1287,1813711,1479178,-0.002407770587486099,0.0008700778405303486,-3080,16588959,92109,621396,95.75,96,-1.2999999999999972,2,11559,9933,24400,24000,238438,229153,-3010,874,-0.012466452403830224,0.003828648276889245,0.6999999999999886,0.5,-0.35793508696078336,24500,216345,24000,229153,152.6,347.4
2026-07-31 00:00:00,2026-07-31 10:27:00,73,NIFTY,OK,24347.4,0,1809344,0,1480465,0,769502,0,671420,0,0,191.75,0.14447708058431355,0.06868475201030082,0.2479856385421452,-0.36166403547803155,0,0,24350,6402039.899999999,24000,30392.3,0,0,1785473869903,2026-08-04 00:00:00,24350,17,0,0,1809344,1480465,0,0,0,16588959,0,475302,95.75,96,0,0,0,0,24400,24000,238438,229153,-2275,-8,-0.009451089056262022,-0.00003490995413704775,0,-0.6999999999999886,-0.19810145392327383,24500,216345,24000,229153,152.6,347.4
2026-07-31 00:00:00,2026-07-31 10:28:00,74,NIFTY,OK,24353,5.599999999998545,1808778,-566,1486398,5933,768936,-566,677353,5933,6499,190.85,0.15144441450168367,0.05983736644250114,0.24643925292284527,-1.4026570279016959,0,0,24350,6716043.399999999,24000,35677.25,0,0,1785473930360,2026-08-04 00:00:00,24350,17,-566,5933,1809344,1480465,-0.0003128205581691486,0.004007524662859304,5367,16728925,139966,499036,96.35,94.5,0.5999999999999943,-1.5,14548,15640,24400,24000,238514,230196,-4036,1324,-0.016639868068439496,0.005784892865881366,-0.9000000000000057,-0.45000000000001705,-1.0742017279454228,24500,216252,24000,230196,147,353
2026-07-31 00:00:00,2026-07-31 10:29:00,75,NIFTY,OK,24352.65,-0.3499999999985448,1813752,4974,1491603,5205,773910,4974,682558,5205,231,190.7,0.1431800820184216,0.04375175643038408,0.24622079946437317,-1.3904355642615776,0,0,24350,6892344.2,24000,36000.049999999996,0,0,1785473989668,2026-08-04 00:00:00,24350,17,4974,5205,1808778,1486398,0.0027499228761075157,0.003501753904405146,10179,16836929,108004,473261,97.25,93.45,0.9000000000000057,-1.0499999999999972,12835,9375,24400,24000,240206,231324,-2203,1996,-0.009087946404630192,0.008703690783506593,-0.15000000000000568,-0.10000000000002274,-1.2600664793405545,24500,217110,24000,231324,147.35,352.65
2026-07-31 00:00:00,2026-07-31 10:30:00,76,NIFTY,OK,24352.65,0,1813752,0,1491603,0,773910,0,682558,0,0,190.7,0.10288728442179433,0.03665618870909406,0.24622079946437317,-1.167429964429516,0,0,24350,6892344.2,24000,36000.049999999996,0,0,1785474049931,2026-08-04 00:00:00,24350,17,0,0,1813752,1491603,0,0,0,16836929,0,340079,97.25,93.45,0,0,0,0,24400,24000,240206,231324,-76,1580,-0.00031629502001814536,0.006877219862107389,0,-0.35000000000002274,-1.0312183696352533,24500,217110,24000,231324,147.35,352.65
2026-07-31 00:00:00,2026-07-31 10:31:00,77,NIFTY,OK,24350.75,-1.9000000000014552,1815882,2130,1499639,8036,776040,2130,690594,8036,5906,190.60000000000002,0.09479415150741015,0.08180927290545098,0.24628716757198038,-0.9240557230379917,0,0,24350,6978861.3,24000,35965.200000000004,0,0,1785474109753,2026-08-04 00:00:00,24350,17,2130,8036,1813752,1491603,0.0011743612136609636,0.005387492516440367,10166,16903251,66322,314292,97.2,93.4,-0.04999999999999716,-0.04999999999999716,7706,6251,24400,24000,241448,233279,3010,4126,0.012623826739026497,0.01800543741517676,-0.0999999999999659,-1.1499999999999773,-1.0291946020603064,24500,217170,24000,233279,149.25,350.75
2026-07-31 00:00:00,2026-07-31 10:32:00,78,NIFTY,OK,24340.25,-10.5,1809631,-6251,1504835,5196,769789,-6251,695790,5196,11447,191.9,0.16903356377769452,0.04401023817683345,0.24668969187265874,-0.42451629733838975,0,0,24350,6112596,24000,26271,0,0,1785474171502,2026-08-04 00:00:00,24350,17,-6251,5196,1815882,1499639,-0.0034424042971955226,0.003464833870018051,-1055,17149215,245964,560256,92,99.9,-5.200000000000003,6.5,28374,26479,24400,24000,241317,233407,2879,4254,0.012074417668324679,0.018564016181328632,1.299999999999983,0.15000000000000568,1.6079480298215236,24500,217376,24000,233407,159.75,340.25
2026-07-31 00:00:00,2026-07-31 10:33:00,79,NIFTY,OK,24340.25,0,1809631,0,1504835,0,769789,0,695790,0,0,191.9,0.12680474019042584,0.04589688072521354,0.24668969187265874,-0.23974260881772613,0,0,24350,6112596,24000,26271,0,0,1785474229829,2026-08-04 00:00:00,24350,17,0,0,1809631,1504835,0,0,0,17149215,0,420290,92,99.9,0,0,0,0,24400,24000,241317,233407,2803,3211,0.011751930704277318,0.013948982606126953,0,1.0500000000000114,1.3348476249437526,24500,217376,24000,233407,159.75,340.25
2026-07-31 00:00:00,2026-07-31 10:34:00,80,NIFTY,OK,24340.7,0.4500000000007276,1810465,834,1507485,2650,770623,834,698440,2650,1816,192,0.1602483461173315,0.023688348229063225,0.24775690124112928,1.2019823182967029,0,0,24350,6170815.25,24000,26636.3,0,0,1785474290345,2026-08-04 00:00:00,24350,17,834,2650,1809631,1504835,0.00046086743651053725,0.0017609904075862137,3484,17368625,219410,531696,92.35,99.65,0.3499999999999943,-0.25,20147,24891,24400,24000,238738,232600,-1468,1276,-0.0061114210302823406,0.005516072694575574,0.09999999999999432,1.3000000000000114,1.2240832404905857,24500,217614,24000,232600,159.3,340.7
2026-07-31 00:00:00,2026-07-31 10:35:00,81,NIFTY,OK,24340.7,0,1810465,0,1507485,0,770623,0,698440,0,0,192,0.1602483461173315,0.023688348229063225,0.24775690124112928,1.0334571674556305,0,0,24350,6170815.25,24000,26636.3,0,0,1785474349525,2026-08-04 00:00:00,24350,17,0,0,1810465,1507485,0,0,0,17368625,0,531696,92.35,99.65,0,0,0,0,24400,24000,238738,232600,-1468,1276,-0.0061114210302823406,0.005516072694575574,0,1.3000000000000114,1.0054500329952178,24500,217614,24000,232600,159.3,340.7
2026-07-31 00:00:00,2026-07-31 10:36:00,82,NIFTY,OK,24344.85,4.149999999997817,1826392,15927,1505801,-1684,786550,15927,696756,-1684,-17611,190.5,0.22331659660769948,0.022404566919398926,0.24654113024577798,-0.4812079676692833,0,0,24350,6557039.1,24000,27250.600000000002,0,0,1785474409949,2026-08-04 00:00:00,24350,17,15927,-1684,1810465,1507485,0.008797187462889369,-0.0011170923757118645,14243,17647385,278760,744134,93.5,97,1.1500000000000057,-2.6500000000000057,31915,31582,24400,24000,240559,231990,-889,-1289,-0.0036819522215963685,-0.005525572383283536,-1.5,-0.10000000000002274,-1.2563445461393692,24500,219762,24000,231990,155.15,344.85
2026-07-31 00:00:00,2026-07-31 10:37:00,83,NIFTY,OK,24350.75,5.900000000001455,1842825,16433,1497640,-8161,802983,16433,688595,-8161,-24594,189.85000000000002,0.18914432571513248,0.04114872671446433,0.24557654231748322,-1.6161017662567385,0,0,24350,6602242.55,24000,30444.000000000004,0,0,1785474469963,2026-08-04 00:00:00,24350,17,16433,-8161,1826392,1505801,0.008997520795097656,-0.005419706853694479,8272,17781045,133660,631830,94.4,95.45,0.9000000000000057,-1.5499999999999972,15862,12311,24400,24000,244398,232387,3081,-1020,0.01276743868024217,-0.004370048884566444,-0.6499999999999773,-2.049999999999983,-1.6924374842063525,24500,218780,24000,232387,149.25,350.75
2026-07-31 00:00:00,2026-07-31 10:38:00,84,NIFTY,OK,24357.25,6.5,1841110,-1715,1497974,334,801268,-1715,688929,334,2049,188.3,0.2701180922672206,0.027294286693120548,0.2419593792357076,-2.728426377564524,0,0,24350,7356180.600000001,24000,35958.75,0,0,1785474531424,2026-08-04 00:00:00,24350,17,-1715,334,1842825,1497640,-0.0009306363870687667,0.00022301754760823696,-1381,18051162,270117,901947,98.2,90.1,3.799999999999997,-5.3500000000000085,26305,36473,24400,24000,244398,232387,3081,-1020,0.01276743868024217,-0.004370048884566444,-1.5500000000000114,-3.5999999999999943,-2.2688648746341573,24500,218537,24000,232387,142.75,357.25
2026-07-31 00:00:00,2026-07-31 10:39:00,85,NIFTY,OK,24356.75,-0.5,1834370,-6740,1500494,2520,794528,-6740,691449,2520,9260,189.45,0.26618836630219406,0.01905369144149726,0.24316185959647893,-1.5123234701092207,0,0,24350,7109510.8,24000,40453.5,0,0,1785474590134,2026-08-04 00:00:00,24350,17,-6740,2520,1841110,1497974,-0.0036608350397314663,0.001682272188969902,-4220,18256327,205165,887702,97.95,91.5,-0.25,1.4000000000000057,26421,19118,24400,24000,244252,234262,5514,1662,0.02309644882674731,0.007145313843508168,1.1499999999999773,-2.5500000000000114,-1.0601385783517672,24500,217197,24000,234262,143.25,356.75
2026-07-31 00:00:00,2026-07-31 10:40:00,86,NIFTY,OK,24356.75,0,1834370,0,1500494,0,794528,0,691449,0,0,189.45,0.26618836630219406,0.01905369144149726,0.24316185959647893,-1.2266172404718871,0,0,24350,7109510.8,24000,40453.5,0,0,1785474649768,2026-08-04 00:00:00,24350,17,0,0,1834370,1500494,0,0,0,18256327,0,887702,97.95,91.5,0,0,0,0,24400,24000,244252,234262,5514,1662,0.02309644882674731,0.007145313843508168,0,-2.5500000000000114,-0.9107041711408589,24500,217197,24000,234262,143.25,356.75
2026-07-31 00:00:00,2026-07-31 10:41:00,87,NIFTY,OK,24357.85,1.0999999999985448,1824625,-9745,1501497,1003,784783,-9745,692452,1003,10748,189.5,0.1883641069088867,0.009690002904925924,0.24364524480875485,-0.8182946540160673,0,0,24350,6991705.600000001,24000,44444,0,0,1785474709857,2026-08-04 00:00:00,24350,17,-9745,1003,1834370,1500494,-0.005312450596117468,0.0006684465249444517,-8742,18273907,17580,626522,97.8,91.7,-0.15000000000000568,0.20000000000000284,2690,1618,24400,24000,243948,234447,3389,2457,0.01408801998678079,0.010590973748868486,0.05000000000001137,-1,-0.7580231740381473,24500,217254,24000,234447,142.15,357.85
2026-07-31 00:00:00,2026-07-31 10:42:00,88,NIFTY,OK,24353.25,-4.599999999998545,1809531,-15094,1526346,24849,769689,-15094,717301,24849,39943,188.4,0.2680512500910555,0.005130923543871186,0.24320549441317316,-0.8511426048723775,0,0,24350,7218031.6,24000,39909,0,0,1785474769688,2026-08-04 00:00:00,24350,17,-15094,24849,1824625,1501497,-0.00827238473658971,0.016549483615351877,9755,18675231,401324,894186,95.5,92.9,-2.299999999999997,1.2000000000000028,46462,40058,24400,24000,242640,234874,-1758,2487,-0.007193184886946702,0.010701975583832141,-1.0999999999999943,-1.450000000000017,-1.293004097637205,24500,217701,24000,234874,146.75,353.25
2026-07-31 00:00:00,2026-07-31 10:43:00,89,NIFTY,OK,24353.5,0.25,1812847,3316,1533006,6660,773005,3316,723961,6660,3344,188.55,0.19601548543824251,0.010321130643343869,0.24292242239613426,-0.8089052919086115,0,0,24350,7299616.5,24000,41095.25,0,0,1785474829711,2026-08-04 00:00:00,24350,17,3316,6660,1809531,1526346,0.001832519033937523,0.004363361911388375,9976,18707001,31770,655839,95.75,92.8,0.25,-0.10000000000000853,3347,3360,24400,24000,243059,234528,-1339,2141,-0.005478768238692624,0.009213079905502458,0.15000000000000568,0.25,-0.979676775659497,24500,217701,24000,234528,146.5,353.5
2026-07-31 00:00:00,2026-07-31 10:44:00,90,NIFTY,OK,24353.45,-0.049999999999272404,1818989,6142,1537598,4592,779147,6142,728553,4592,-1550,188.35,0.1718698189559812,0.03765496727313068,0.24333830292085748,-0.4491976524664719,0,0,24350,7060697.100000001,24000,38415.799999999996,0,0,1785474890258,2026-08-04 00:00:00,24350,17,6142,4592,1812847,1533006,0.0033880410205604774,0.0029954220661889126,10734,18833223,126222,576896,93.75,94.6,-2,1.7999999999999972,18467,11015,24400,24000,243147,235340,-1105,1078,-0.004524016180010809,0.004601685292535708,-0.20000000000001705,-1.0999999999999943,-0.981900452488696,24500,218370,24000,235340,146.55,353.45
2026-07-31 00:00:00,2026-07-31 10:45:00,91,NIFTY,OK,24355.65,2.2000000000007276,1822408,3419,1537260,-338,782566,3419,728215,-338,-3757,188.45,0.2092117435413261,0.03528899587697508,0.24352760993621989,-0.13850917842901941,0,0,24350,7375616.6,24000,40891,0,0,1785474950459,2026-08-04 00:00:00,24350,17,3419,-338,1818989,1537598,0.0018796155446789398,-0.00021982338686704847,3081,18959209,125986,702882,95.7,92.75,1.9500000000000028,-1.8499999999999943,13696,15309,24400,24000,243147,234928,-1105,666,-0.004524016180010809,0.0028429706909357897,0.09999999999999432,-1,-0.8620436566990687,24500,219530,24000,234928,144.35,355.65
2026-07-31 00:00:00,2026-07-31 10:47:00,92,NIFTY,OK,24356.35,0.6999999999970896,1823621,1213,1540492,3232,783779,1213,731447,3232,2019,188.45,0.21299938497904203,0.053019032759568714,0.24249871346503288,-0.8964695504351219,0,0,24350,7525260.65,24000,39110.850000000006,0,0,1785475024212,2026-08-04 00:00:00,24350,17,1213,3232,1822408,1537260,0.0006656028726827362,0.002102442007207629,4445,18990461,31252,716554,96.5,91.95,0.7999999999999972,-0.7999999999999972,3431,3100,24400,24000,242955,235654,-993,1207,-0.004070539623198387,0.005148285113479805,0,-1.0500000000000114,-0.7396899582804559,24500,219834,24000,235654,143.65,356.35
2026-07-31 00:00:00,2026-07-31 10:47:00,93,NIFTY,OK,24356.35,0,1823621,0,1540492,0,783779,0,731447,0,0,188.45,0.09370374895254707,0.08957269295435079,0.24249871346503288,-0.9875548720700816,0,0,24350,7525260.65,24000,39110.850000000006,0,0,1785475070017,2026-08-04 00:00:00,24350,17,0,0,1823621,1540492,0,0,0,18990461,0,315230,96.5,91.95,0,0,0,0,24400,24000,242955,235654,315,780,0.0012982195845697329,0.003320929519657348,0,0.04999999999998295,-0.5897638785097674,24500,219834,24000,235654,143.65,356.35
2026-07-31 00:00:00,2026-07-31 10:48:00,94,NIFTY,OK,24358.85,2.5,1827468,3847,1544137,3645,787626,3847,735092,3645,-202,188.39999999999998,0.11059213638608319,0.06906372947357411,0.2416151809355695,-2.33248323025997,0,0,24350,7611844.5,24000,41598.6,0,0,1785475129605,2026-08-04 00:00:00,24350,17,3847,3645,1823621,1540492,0.00210953920798236,0.0023661271853407874,7492,19079874,89413,372873,96.8,91.6,0.29999999999999716,-0.3500000000000085,9504,8369,24400,24000,244189,236053,1130,1525,0.00464907697308061,0.006502421885659708,-0.05000000000001137,-0.1500000000000341,-0.7261548865498036,24500,220090,24000,236053,141.15,358.85
2026-07-31 00:00:00,2026-07-31 10:49:00,95,NIFTY,OK,24356.7,-2.149999999997817,1831731,4263,1549693,5556,791889,4263,740648,5556,1293,188.95,0.10387724225060212,0.07070971635829446,0.243219992236432,0.44414251174230895,0,0,24350,7819372.600000001,24000,46908.799999999996,0,0,1785475189902,2026-08-04 00:00:00,24350,17,4263,5556,1827468,1544137,0.002332735785250412,0.0035981263320547336,9819,19184476,104602,351253,98,90.95,1.2000000000000028,-0.6499999999999915,12482,11034,24400,24000,245066,235815,1919,475,0.007892344960044746,0.002018356420498003,0.5500000000000114,0.5999999999999943,0.6048753953634985,24500,219544,24000,235815,143.3,356.7
2026-07-31 00:00:00,2026-07-31 10:50:00,96,NIFTY,OK,24350.85,-5.850000000002183,1828739,-2992,1556874,7181,788897,-2992,747829,7181,10173,188.3,0.11335583836664143,0.06760401168380761,0.24343943691564265,0.7558226064575148,0,0,24350,7763649.600000001,24000,46190.9,0,0,1785475249585,2026-08-04 00:00:00,24350,17,-2992,7181,1831731,1549693,-0.0016334276157361535,0.004633821021324869,4189,19342988,158512,383779,96.45,91.85,-1.5499999999999972,0.8999999999999915,18985,16647,24400,24000,244362,236666,1215,1738,0.00499697713728732,0.0073980113055915,-0.6499999999999773,-0.14999999999997726,-0.7980479840776098,24500,219832,24000,236666,149.15,350.85
2026-07-31 00:00:00,2026-07-31 10:51:00,97,NIFTY,BLOCKED,0,0,0,0,0,0,0,0,0,0,0,0,0,0,0,0,0,0,0,0,0,0,0,0,1785475309530,,0,0,0,0,0,0,0,0,0,0,0,0,0,0,0,0,0,0,0,0,0,0,0,0,0,0,0,0,0,0,0,0,0,0,0
2026-07-31 00:00:00,2026-07-31 10:52:00,98,NIFTY,OK,24349.45,-1.3999999999978172,1820746,-7993,1563299,6425,780904,-7993,754254,6425,14418,187.65,0.16070442325678294,0.03665109197526437,0.2431128535541986,0.3154481879113619,0,0,24350,7428403.649999999,24000,43050.75,0,0,1785475369740,2026-08-04 00:00:00,24350,17,-7993,6425,1828739,1556874,-0.004370771334783148,0.004126859334795237,-1568,19534292,191304,543831,92.9,94.75,-3.549999999999997,2.9000000000000057,19381,25535,24400,24000,241526,236816,-1429,1162,-0.005881747648741537,0.004930958099586682,-0.6500000000000057,-0.799999999999983,-2.473391046340759,24500,220181,24000,236816,150.55,349.45
2026-07-31 00:00:00,2026-07-31 10:53:00,99,NIFTY,OK,24347.05,-2.400000000001455,1815837,-4909,1566665,3366,775995,-4909,757620,3366,8275,188.4,0.17558215782281872,0.03096276016278643,0.24273568943955753,-0.2822233811894331,0,0,24350,7643812,24000,44703.75,0,0,1785475429580,2026-08-04 00:00:00,24350,17,-4909,3366,1820746,1563299,-0.002696147623007273,0.0021531389708558633,-1543,19584368,50076,593907,94.5,93.9,1.5999999999999943,-0.8499999999999943,4996,6231,24400,24000,241606,236290,-1349,636,-0.005552468564137392,0.002698872075161041,0.75,-0.04999999999998295,0.01659993990821705,24500,220449,24000,236290,152.95,347.05
2026-07-31 00:00:00,2026-07-31 10:54:00,100,NIFTY,OK,24351.6,4.549999999999272,1822958,7121,1572540,5875,783116,7121,763495,5875,-1246,188.25,0.18906063263768672,0.037219119720229614,0.24403631211628304,1.5934393969353193,0,0,24350,7408362.5,24000,41789.049999999996,0,0,1785475489925,2026-08-04 00:00:00,24350,17,7121,5875,1815837,1566665,0.003921607501113812,0.003750003989365946,12996,19721829,137461,641955,93.25,95,-1.25,1.0999999999999943,11883,18106,24400,24300,242625,241511,-1564,0,-0.006404874912465344,0,-0.15000000000000568,-0.14999999999997726,-0.3843489292473701,24500,221222,24000,235503,148.4,351.6
2026-07-31 00:00:00,2026-07-31 10:55:00,101,NIFTY,OK,24351.3,-0.2999999999992724,1827062,4104,1570643,-1897,787220,4104,761598,-1897,-6001,188.4,0.17395683262672892,0.027545706483671543,0.24324949042846056,0.3971230505429902,0,0,24350,7576740,24000,42613,0,0,1785475551184,2026-08-04 00:00:00,24350,17,4104,-1897,1822958,1572540,0.002251286096552965,-0.0012063286148524045,2207,19775530,53701,591054,94.7,93.7,1.4500000000000028,-1.2999999999999972,5966,6110,24400,24300,243088,241277,-1978,0,-0.008071295079692817,0,0.15000000000000568,-0.549999999999983,0.10022296571716457,24500,221806,24000,235619,148.7,351.3
2026-07-31 00:00:00,2026-07-31 10:56:00,102,NIFTY,OK,24351.3,0,1827062,0,1570643,0,787220,0,761598,0,0,188.4,0.12730416560590163,0.02795566673294154,0.24324949042846056,0.4528133949179285,0,0,24350,7576740,24000,42613,0,0,1785475609861,2026-08-04 00:00:00,24350,17,0,0,1827062,1570643,0,0,0,19775530,0,432542,94.7,93.7,0,0,0,0,24400,24300,243088,241277,-1274,0,-0.00521357657900983,0,0,0.09999999999999432,0.11730379245690138,24500,221806,24000,235619,148.7,351.3
2026-07-31 00:00:00,2026-07-31 10:57:00,103,NIFTY,OK,24351.8,0.5,1832002,4940,1566457,-4186,792160,4940,757412,-4186,-9126,188,0.1010964086958236,0.04195336057653126,0.24253162427314126,-0.7000562346382354,0,0,24350,7650860.2,24000,42646.450000000004,0,0,1785475669727,2026-08-04 00:00:00,24350,17,4940,-4186,1827062,1570643,0.002703794397781794,-0.002665150514789166,754,19877864,102334,343572,94.8,93.2,0.09999999999999432,-0.5,9400,12354,24400,24300,245425,239249,3899,0,0.016143189553091592,0,-0.4000000000000057,0.3499999999999943,-1.0139588008391565,24500,221386,24000,235126,148.2,351.8
2026-07-31 00:00:00,2026-07-31 10:58:00,104,NIFTY,OK,24353.35,1.5499999999992724,1830704,-1298,1566932,475,790862,-1298,757887,475,1773,188.10000000000002,0.11654338487112804,0.03821987413251442,0.24250036788664922,-0.7505128937893611,0,0,24350,7954123.8,24000,44657.1,0,0,1785475730753,2026-08-04 00:00:00,24350,17,-1298,475,1832002,1566457,-0.000708514510355338,0.00030323207084522586,-823,19980340,102476,395972,96.9,91.2,2.1000000000000085,-2,11874,10208,24400,24300,245683,238919,4077,0,0.016874580929281558,0,0.10000000000002274,-0.29999999999998295,-0.5806109596208364,24500,221220,24000,235214,146.65,353.35
2026-07-31 00:00:00,2026-07-31 10:59:00,105,NIFTY,OK,24353.35,0,1828068,-2636,1564785,-2147,788226,-2636,755740,-2147,489,187.9,0.11573092026091317,0.006736141884286071,0.24273915601883012,-0.766667706271893,0,0,24350,7896096,24000,46157.799999999996,0,0,1785475789637,2026-08-04 00:00:00,24350,17,-2636,-2147,1830704,1566932,-0.00143988323617581,-0.0013701934736159579,-4783,20114487,134147,392658,96.9,91,0,-0.20000000000000284,15304,14114,24400,24300,246417,238937,3792,-2574,0.015629057187017,-0.01065789964018202,-0.20000000000001705,-0.3499999999999943,-0.9986660732169225,24500,220177,24000,235727,146.65,353.35
2026-07-31 00:00:00,2026-07-31 11:00:00,106,NIFTY,OK,24353.35,0,1828068,0,1564785,0,788226,0,755740,0,0,187.9,0.09990323777658508,0.014314500069330329,0.24273915601883012,-0.6469340064509805,0,0,24350,7896096,24000,46157.799999999996,0,0,1785475849713,2026-08-04 00:00:00,24350,17,0,0,1828068,1564785,0,0,0,20114487,0,338957,96.9,91,0,0,0,0,24400,24300,246417,238937,3329,-2340,0.013694629105509117,-0.00969839644889484,0,-0.5,-0.9266964086292598,24500,220177,24000,235727,146.65,353.35
2026-07-31 00:00:00,2026-07-31 11:01:00,107,NIFTY,OK,24352.7,-0.6499999999978172,1825226,-2842,1571953,7168,785384,-2842,762908,7168,10010,187.89999999999998,0.12582469160441648,0.0012305561599161537,0.24241404689307108,-1.1063983063533689,0,0,24350,8001662.5,24000,50107.2,0,0,1785475910492,2026-08-04 00:00:00,24350,17,-2842,7168,1828068,1564785,-0.0015546467636871277,0.004580821007358838,4326,20202979,88492,427449,96.85,91.05,-0.05000000000001137,0.04999999999999716,10464,7835,24400,24300,245317,238781,2229,-2496,0.009169518857368525,-0.010344956212154494,-2.842170943040401e-14,-0.5000000000000284,-0.7606087305742621,24500,220237,24000,235999,147.3,352.7
2026-07-31 00:00:00,2026-07-31 11:02:00,108,NIFTY,OK,24350.3,-2.400000000001455,1821246,-3980,1572434,481,781404,-3980,763389,481,4461,187.95,0.14106250441998067,0.009982850136091794,0.24384096780291115,1.5485510422994584,0,0,24350,7786199.2,24000,46836.600000000006,0,0,1785475970343,2026-08-04 00:00:00,24350,17,-3980,481,1825226,1571953,-0.0021805518878210152,0.00030598879228577446,-3499,20356585,153606,478721,95.1,92.85,-1.75,1.7999999999999972,16398,18326,24400,24300,244811,238945,-614,-304,-0.0025017826219822757,-0.0012706427195097994,0.05000000000001137,-0.05000000000001137,-0.8095238095238693,24500,219849,24000,236010,149.7,350.3
2026-07-31 00:00:00,2026-07-31 11:03:00,109,NIFTY,OK,24351.95,1.6500000000014552,1821246,0,1572434,0,781404,0,763389,0,0,188.14999999999998,0.11491478277268334,0.010144005907934685,0.24267527306750186,-0.5924797495737072,0,0,24350,7872800,24000,46836.600000000006,0,0,1785476029956,2026-08-04 00:00:00,24350,17,0,0,1821246,1572434,0,0,0,20370324,13739,389984,95.85,92.3,0.75,-0.5499999999999972,980,1320,24400,24300,244811,238945,-872,26,-0.003549289124603656,0.00010882349248071522,0.19999999999998863,0.049999999999954525,0.2909889991404002,24500,219849,24000,236010,148.05,351.95
2026-07-31 00:00:00,2026-07-31 11:04:00,110,NIFTY,OK,24351.75,-0.2000000000007276,1818841,-2405,1578505,6071,778999,-2405,769460,6071,8476,188,0.09026398841919546,0.014651501020681018,0.2434410905959207,1.1132242755482076,0,0,24350,8176634.399999999,24000,52655.200000000004,0,0,1785476093386,2026-08-04 00:00:00,24350,17,-2405,6071,1821246,1572434,-0.0013205245200263995,0.0038608933665896313,3666,20421145,50821,306658,96.85,91.15,1,-1.1499999999999915,4865,5532,24400,24300,244000,240761,-2417,1824,-0.009808576518665514,0.007633811423094791,-0.14999999999997726,0.09999999999999432,-0.38188130791294267,24500,220152,24000,235279,148.25,351.75
2026-07-31 00:00:00,2026-07-31 11:05:00,111,NIFTY,OK,24354.85,3.099999999998545,1819256,415,1581617,3112,779414,415,772572,3112,2697,188,0.0971938675745904,0.024263033060651532,0.242662660980273,-0.48628382555454935,0,0,24350,8189081.600000001,24000,54742.8,0,0,1785476149626,2026-08-04 00:00:00,24350,17,415,3112,1818841,1578505,0.000228167277953378,0.001971485677904093,3527,20445031,23886,330544,96.9,91.1,0.05000000000001137,-0.05000000000001137,2317,1438,24400,24300,244903,240379,-1514,1442,-0.006144056619470248,0.006035063636021211,0,0.09999999999999432,-0.20412414523174266,24500,220239,24000,236528,145.15,354.85
2026-07-31 00:00:00,2026-07-31 11:06:00,112,NIFTY,OK,24352.95,-1.8999999999978172,1823180,3924,1584471,2854,783338,3924,775426,2854,-1070,188.3,0.10088298361539959,0.030461873207397884,0.24322876736785706,0.7915862505645361,0,0,24350,8137923.5,24000,52752.700000000004,0,0,1785476209615,2026-08-04 00:00:00,24350,17,3924,2854,1819256,1581617,0.0021569256883033506,0.0018044823746836307,6778,20546753,101722,343774,96.5,91.8,-0.4000000000000057,0.7000000000000028,9961,10934,24400,24300,245743,241623,426,2842,0.0017365286547609828,0.011902119515371826,0.30000000000001137,0.4000000000000341,2.278607684559192,24500,220564,24000,236559,147.05,352.95
2026-07-31 00:00:00,2026-07-31 11:07:00,113,NIFTY,OK,24346.35,-6.600000000002183,1821869,-1311,1582483,-1988,782027,-1311,773438,-1988,-677,188.64999999999998,0.08355833944315981,0.037516434532556195,0.24462075398530567,2.2990876478250377,0,0,24350,7664410,24000,49438.350000000006,0,0,1785476270048,2026-08-04 00:00:00,24350,17,-1311,-1988,1823180,1584471,-0.0007190732675874022,-0.001254677428618132,-3299,20641047,94294,284462,93.85,94.8,-2.6500000000000057,3,8966,9598,24400,24300,245299,241024,488,2079,0.001993374480721863,0.008700747033836238,0.3499999999999659,0.6999999999999886,2.5135949011457583,24500,220274,24000,236487,153.65,346.35
2026-07-31 00:00:00,2026-07-31 11:08:00,114,NIFTY,OK,24345.2,-1.1499999999978172,1820294,-1575,1582643,160,780452,-1575,773598,160,1735,188.3,0.10411682614165352,0.026127354270215043,0.2439518031858557,1.0564695206282244,0,0,24350,7671392.5,24000,50752.8,0,0,1785476330033,2026-08-04 00:00:00,24350,17,-1575,160,1821869,1582483,-0.0008644968436259687,0.00010110693132248498,-1415,20724627,83580,354303,93.5,94.8,-0.3499999999999943,0,6985,11845,24400,24300,244751,242185,-60,3240,-0.00024508702631826187,0.013559605767017514,-0.3499999999999659,0.1500000000000341,0.8335693285451775,24500,220483,24000,236049,154.8,345.2
2026-07-31 00:00:00,2026-07-31 11:09:00,115,NIFTY,OK,24336.8,-8.400000000001455,1825018,4724,1579645,-2998,785176,4724,770600,-2998,-7722,189.95,0.15616729174076846,0.013761597300718267,0.24522369506857616,1.9796236150167936,0,0,24350,6987902.35,24000,39414.8,0,0,1785476390000,2026-08-04 00:00:00,24350,17,4724,-2998,1820294,1582643,0.0025951851733840795,-0.0018942995988356186,1726,20952842,228215,531697,91.2,98.75,-2.299999999999997,3.950000000000003,23414,26035,24400,24300,244152,240169,152,-592,0.0006229508196721311,-0.0024588699997092553,1.6499999999999773,1.9499999999999886,2.7764724170846145,24500,221113,24000,236249,163.2,336.8
2026-07-31 00:00:00,2026-07-31 11:10:00,116,NIFTY,OK,24339.8,3,1825018,0,1579645,0,785176,0,770600,0,0,189.85000000000002,0.14915161941137786,0.007463406661139676,0.24445932653872698,0.909935877076243,0,0,24350,7003948.05,24000,39414.8,0,0,1785476450863,2026-08-04 00:00:00,24350,17,0,0,1825018,1579645,0,0,0,20933116,0,507811,91.2,98.65,0,-0.09999999999999432,0,0,24400,24300,244152,240169,-751,-210,-0.003066520214125593,-0.0008736204077727256,-0.0999999999999659,1.8500000000000227,1.8453681970724667,24500,221113,24000,236249,160.2,339.8
2026-07-31 00:00:00,2026-07-31 11:11:00,117,NIFTY,OK,24344.05,4.25,1837174,12156,1566802,-12843,797332,12156,757757,-12843,-24999,189.5,0.21809466341713338,0.004950234984623964,0.24516709753723437,1.3967419643404393,0,0,24350,7130751,24000,42081.200000000004,0,0,1785476509626,2026-08-04 00:00:00,24350,17,12156,-12843,1825018,1579645,0.006660756222678352,-0.008130307759021805,-687,21269416,336300,742389,92.6,96.9,1.3999999999999915,-1.75,36331,42212,24400,24300,244982,239997,-761,-1626,-0.003096731137814709,-0.006729491811623894,-0.35000000000002274,1.1999999999999886,1.1079055814999272,24500,223718,24000,234816,155.95,344.05
2026-07-31 00:00:00,2026-07-31 11:12:00,118,NIFTY,OK,24344.05,0,1837174,0,1566802,0,797332,0,757757,0,0,189.5,0.1903935280389756,0.0005801618589867226,0.24516709753723437,1.1522835865831518,0,0,24350,7130751,24000,42081.200000000004,0,0,1785476570123,2026-08-04 00:00:00,24350,17,0,0,1837174,1566802,0,0,0,21269416,0,648095,92.6,96.9,0,0,0,0,24400,24300,244982,239997,-317,-1027,-0.0012923004170420588,-0.004260986457780138,0,0.8500000000000227,0.9065860848181296,24500,223718,24000,234816,155.95,344.05
2026-07-31 00:00:00,2026-07-31 11:13:00,119,NIFTY,OK,24349.05,5,1863678,26504,1557962,-8840,823836,26504,748917,-8840,-35344,188.55,0.2209390818437942,0.024740268845224837,0.24522626758054025,1.0171885778556453,0,0,24350,7283166.2,24000,41349,0,0,1785476629648,2026-08-04 00:00:00,24350,17,26504,-8840,1837174,1566802,0.014426505056135129,-0.005642065813038278,17664,21460875,191459,755974,93.4,95.15,0.8000000000000114,-1.75,22846,22810,24400,24300,255461,238105,10710,-4080,0.043758758901904386,-0.01684662551355369,-0.9499999999999886,0.25,-0.42849408840524866,24500,223606,24000,236034,150.95,349.05
2026-07-31 00:00:00,2026-07-31 11:14:00,120,NIFTY,OK,24356.4,7.350000000002183,1857472,-6206,1554571,-3391,817630,-6206,745526,-3391,2815,186.85,0.19973869028028077,0.010828783434602512,0.24149244941740597,-2.156104796672908,0,0,24350,7866362.5,24000,49547.1,0,0,1785476690998,2026-08-04 00:00:00,24350,17,-6206,-3391,1863678,1557962,-0.0033299743839869333,-0.002176561430894977,-9597,21614633,153758,681517,95.8,91.05,2.3999999999999915,-4.1000000000000085,17222,15142,24400,24300,251314,237162,7162,-3007,0.029334185261640288,-0.012520350253363257,-1.700000000000017,-3.0999999999999943,-2.067337652945809,24500,223333,24000,235638,143.6,356.4
2026-07-31 00:00:00,2026-07-31 11:15:00,121,NIFTY,OK,24356.4,0,1857472,0,1554571,0,817630,0,745526,0,0,186.85,0.19973869028028077,0.010828783434602512,0.24149244941740597,-1.798081459113915,0,0,24350,7866362.5,24000,49547.1,0,0,1785476750278,2026-08-04 00:00:00,24350,17,0,0,1857472,1554571,0,0,0,21614633,0,681517,95.8,91.05,0,0,0,0,24400,24300,251314,237162,7162,-3007,0.029334185261640288,-0.012520350253363257,0,-3.0000000000000284,-1.6740387696313657,24500,223333,24000,235638,143.6,356.4
2026-07-31 00:00:00,2026-07-31 11:16:00,122,NIFTY,OK,24363.7,7.299999999999272,1850348,-7124,1550400,-4171,810506,-7124,741355,-4171,2953,187.60000000000002,0.1856629776743234,0.0051125052067412845,0.23890058972198805,-2.250399649418807,0,0,24350,8154538.75,24000,61261.200000000004,0,0,1785476809790,2026-08-04 00:00:00,24350,17,-7124,-4171,1857472,1554571,-0.0038353202632394998,-0.0026830553252312054,-11295,21900809,286176,631393,98.45,89.15,2.6500000000000057,-1.8999999999999915,30762,34780,24400,24000,249453,236377,4471,0,0.018250320431705186,0,0.7500000000000284,-1.8999999999999773,-0.8688227536798205,24500,222758,24000,236377,136.3,363.7
2026-07-31 00:00:00,2026-07-31 11:17:00,123,NIFTY,OK,24358.25,-5.450000000000728,1824224,-26124,1577475,27075,784382,-26124,768430,27075,53199,186.35000000000002,0.3441932987016194,0.0019447542879397904,0.23834000021108848,-1.8000790284488655,0,0,24350,8483513.549999999,24000,70405.5,0,0,1785476869677,2026-08-04 00:00:00,24350,17,-26124,27075,1850348,1550400,-0.014118425290810161,0.017463235294117647,951,22440258,539449,1170842,97.7,88.65,-0.75,-0.5,60591,55324,24400,24300,243261,242598,-1721,2601,-0.0070250059188021975,0.01083763547044338,-1.25,-3.1499999999999773,-1.5388187925007852,24500,221973,24000,238352,141.75,358.25
2026-07-31 00:00:00,2026-07-31 11:18:00,124,NIFTY,OK,24360.1,1.8499999999985448,1819927,-4297,1588651,11176,780085,-4297,779606,11176,15473,186.5,0.3269257737390783,0.011721610406765547,0.23810327905185125,-1.4648258236499585,0,0,24350,9112378.799999999,24000,79605.75,0,0,1785476929615,2026-08-04 00:00:00,24350,17,-4297,11176,1824224,1577475,-0.002355522128861368,0.007084739853246486,6879,22575227,134969,1114352,100.6,85.9,2.8999999999999915,-2.75,15104,14271,24400,24300,243280,242247,-12181,4142,-0.04768242510598487,0.01739568677684215,0.14999999999997726,-2.0500000000000114,-1.179173201104131,24500,220847,24000,238580,139.9,360.1
2026-07-31 00:00:00,2026-07-31 11:19:00,125,NIFTY,OK,24362.25,2.150000000001455,1816733,-3194,1600806,12155,776891,-3194,791761,12155,15349,186.60000000000002,0.3051619893730547,0.005269905254851122,0.2381148232514975,-1.1833442001036982,0,0,24350,9084873.200000001,24000,77117.25,0,0,1785476989917,2026-08-04 00:00:00,24350,17,-3194,12155,1819927,1588651,-0.0017550154484218324,0.007651145531649179,8961,22657536,82309,1042903,99.9,86.7,-0.6999999999999886,0.7999999999999972,9353,7097,24400,24300,241541,244260,-9773,7098,-0.038887606738979924,0.029928909353100414,0.10000000000002274,-0.24999999999997158,-0.915314294778349,24500,221771,24000,239539,137.75,362.25
2026-07-31 00:00:00,2026-07-31 11:20:00,126,NIFTY,OK,24365.1,2.849999999998545,1819339,2606,1608811,8005,779497,2606,799766,8005,5399,186.75,0.3042174350597261,0.015444389363152662,0.23739307449714728,-1.1552648737979474,0,0,24350,8992512.95,24000,75066.6,0,0,1785477049286,2026-08-04 00:00:00,24350,17,2606,8005,1816733,1600806,0.0014344430359331834,0.0050006059447553295,10611,22636072,0,1042903,99,87.75,-0.9000000000000057,1.0499999999999972,0,0,24400,24300,242332,245790,-8982,8628,-0.035740149772794196,0.036380195815518504,0.14999999999997726,-0.09999999999999432,-0.6461670903564417,24500,222035,24000,239699,134.9,365.1
2026-07-31 00:00:00,2026-07-31 11:21:00,127,NIFTY,OK,24369.7,4.600000000002183,1820865,1526,1614773,5962,781023,1526,805728,5962,4436,187.8,0.3336830015269362,0.030434031684888705,0.2377974310381131,-0.8460841163252792,0,0,24350,9701003.4,24000,86393.4,0,0,1785477110224,2026-08-04 00:00:00,24350,17,1526,5962,1819339,1608811,0.0008387661672728393,0.003705842389193013,7488,23025759,389687,1146414,103.8,84,4.799999999999997,-3.75,48712,28122,24400,24300,242803,245736,-6650,0,-0.026658328422588622,0,1.0500000000000114,0.19999999999998863,0.4778286995320224,24500,222017,24000,239558,130.3,369.7
2026-07-31 00:00:00,2026-07-31 11:22:00,128,NIFTY,OK,24368.05,-1.6500000000014552,1808014,-12851,1618564,3791,768172,-12851,809519,3791,16642,187,0.17713444725320712,0.04098918389033964,0.23685126398717574,-1.0245525181568709,0,0,24350,9535138.5,24000,90535.2,0,0,1785477170424,2026-08-04 00:00:00,24350,17,-12851,3791,1820865,1614773,-0.007057634695597972,0.0023476984071445334,-9060,22884408,0,606965,101.65,85.35,-2.1499999999999915,1.3499999999999943,0,0,24400,24300,241389,245280,-1872,2682,-0.00769543823300899,0.011055326095021394,-0.8000000000000114,0.6499999999999773,-0.13007453290711296,24500,218213,24000,239446,131.95,368.05
2026-07-31 00:00:00,2026-07-31 11:23:00,129,NIFTY,OK,24366.5,-1.5499999999992724,1807710,-304,1625048,6484,767868,-304,816003,6484,6788,186.9,0.2585070080675655,0.027248386282499728,0.23774093941341973,-0.5780572633609325,0,0,24350,9777852.6,24000,98625.59999999999,0,0,1785477229873,2026-08-04 00:00:00,24350,17,-304,6484,1808014,1618564,-0.0001681402909490745,0.004006020151195751,6180,23299804,415396,887392,102.4,84.5,0.75,-0.8499999999999943,53995,28853,24400,24300,242158,248194,-1122,5947,-0.004611969746793818,0.02454932362423477,-0.09999999999999432,0.4000000000000057,-0.04605312990587382,24500,218646,24000,238462,133.5,366.5
2026-07-31 00:00:00,2026-07-31 11:24:00,130,NIFTY,OK,24365.3,-1.2000000000007276,1805994,-1716,1636394,11346,766152,-1716,827349,11346,13062,186.7,0.26981153780457057,0.026753991188592542,0.23780912023274953,-0.3718392474315036,0,0,24350,9327654,24000,90447,0,0,1785477289686,2026-08-04 00:00:00,24350,17,-1716,11346,1807710,1625048,-0.0009492673050433975,0.0069819476101629,9630,23423517,123713,928796,98.7,88,-3.700000000000003,3.5,15361,12792,24400,24300,242113,249630,572,5370,0.0023681279782728397,0.021984770326701056,-0.20000000000001705,0.0999999999999659,-0.4669655412424232,24500,218394,24000,238963,134.7,365.3
2026-07-31 00:00:00,2026-07-31 11:25:00,131,NIFTY,OK,24371.35,6.049999999999272,1800830,-5164,1639427,3033,760988,-5164,830382,3033,8197,187.45,0.29899306941312814,0.011770218731437382,0.23732151130954912,-0.9449335644020583,0,0,24350,9778971.7,24000,97030,0,0,1785477350476,2026-08-04 00:00:00,24350,17,-5164,3033,1805994,1636394,-0.00285936719612579,0.001853465607915942,-2131,23523334,99817,1028613,101.3,86.15,2.5999999999999943,-1.8499999999999943,10357,9481,24400,24300,240715,248972,-1617,3182,-0.006672663948632454,0.012946010822246633,0.75,0.6999999999999886,1.0375073310946226,24500,218384,24000,239050,128.65,371.35
2026-07-31 00:00:00,2026-07-31 11:26:00,132,NIFTY,OK,24371.35,0,1800830,0,1639427,0,760988,0,830382,0,0,187.45,0.18572042728203156,0.007229319201284656,0.23732151130954912,-0.8286647177126941,0,0,24350,9778971.7,24000,97030,0,0,1785477409539,2026-08-04 00:00:00,24350,17,0,0,1800830,1639427,0,0,0,23523334,0,638926,101.3,86.15,0,0,0,0,24400,24300,240715,248972,-2088,3236,-0.00859956425579585,0.01316860370478888,0,-0.35000000000002274,1.1138647983852306,24500,218384,24000,239050,128.65,371.35
2026-07-31 00:00:00,2026-07-31 11:27:00,133,NIFTY,OK,24365.95,-5.399999999997817,1801865,1035,1651272,11845,762023,1035,842227,11845,10810,186.8,0.2638267754798029,0.029152717254097012,0.2378889907580116,0.6688359456020205,0,0,24350,9729117.3,24000,91724.40000000001,0,0,1785477470664,2026-08-04 00:00:00,24350,17,1035,11845,1800830,1639427,0.00057473498331325,0.0072250853499423884,12880,23795438,272104,911030,99.45,87.35,-1.8499999999999943,1.1999999999999886,33096,21965,24400,24300,243204,250478,1815,5198,0.007518983880789928,0.021192106979778212,-0.6499999999999773,-0.19999999999998863,-0.4790056074847806,24500,217242,24000,240293,134.05,365.95
2026-07-31 00:00:00,2026-07-31 11:28:00,134,NIFTY,OK,24367.15,1.2000000000007276,1791550,-10315,1653292,2020,751708,-10315,844247,2020,12335,186.45,0.183798850571376,0.019085283610094164,0.2365580050443755,-1.987420055473162,0,0,24350,9820618.25,24000,70948.5,0,0,1785477529479,2026-08-04 00:00:00,24350,17,-10315,2020,1801865,1651272,-0.0057246242088058764,0.0012232993716359266,-8295,23932962,137524,633158,99,87.45,-0.45000000000000284,0.10000000000000853,14166,13613,24400,24300,241203,250280,-955,2086,-0.003943706175307031,0.008404715665970975,-0.35000000000002274,-0.45000000000001705,-1.3062392473541737,24500,217445,24000,239455,132.85,367.15
2026-07-31 00:00:00,2026-07-31 11:29:00,135,NIFTY,OK,24367.15,0,1791550,0,1653292,0,751708,0,844247,0,0,186.45,0.14788631815334347,0.0048170067426316875,0.2365580050443755,-1.5786558646461384,0,0,24350,9820618.25,24000,70948.5,0,0,1785477590409,2026-08-04 00:00:00,24350,17,0,0,1791550,1653292,0,0,0,23932962,0,509445,99,87.45,0,0,0,0,24400,24300,241203,250280,-910,650,-0.0037585755411729234,0.002603853703481152,0,-0.25,-1.2218391855152941,24500,217445,24000,239455,132.85,367.15
2026-07-31 00:00:00,2026-07-31 11:30:00,136,NIFTY,OK,24367.1,-0.05000000000291038,1790559,-991,1666677,13385,750717,-991,857632,13385,14376,186.85,0.1653806682563759,0.02969602630474325,0.2376546462368541,0.6149380571498607,0,0,24350,10249302.4,24000,76320.90000000001,0,0,1785477649778,2026-08-04 00:00:00,24350,17,-991,13385,1791550,1653292,-0.0005531522982891909,0.008095968528245465,12394,24095094,162132,571760,100.85,86,1.8499999999999943,-1.4500000000000028,17236,16432,24400,24300,242007,253027,1292,4055,0.005367343123610909,0.016286972028983177,0.4000000000000057,-0.5999999999999943,-0.3172959219923812,24500,217319,24000,239163,132.9,367.1
2026-07-31 00:00:00,2026-07-31 11:31:00,137,NIFTY,OK,24366.25,-0.8499999999985448,1791660,1101,1673430,6753,751818,1101,864385,6753,5652,186.6,0.18859250409080283,0.038000581493213365,0.23764901814042227,0.648659046991949,0,0,24350,10184601,24000,72288.3,0,0,1785477712764,2026-08-04 00:00:00,24350,17,1101,6753,1790559,1666677,0.0006148917740214089,0.0040517748789957505,7854,24176824,81730,653490,99.6,87,-1.25,1,10637,7056,24400,24300,242317,253746,1602,4774,0.00665517313005006,0.0191748469707437,-0.25,-0.8499999999999943,-0.781357442079435,24500,217505,24000,239246,133.75,366.25
2026-07-31 00:00:00,2026-07-31 11:32:00,138,NIFTY,OK,24362.7,-3.5499999999992724,1793325,1665,1680215,6785,753483,1665,871170,6785,5120,186.35,0.1525023463095286,0.038516356661878,0.23776268039496984,0.7161512786744894,0,0,24350,9922594.5,24000,67865,0,0,1785477772329,2026-08-04 00:00:00,24350,17,1665,6785,1791660,1673430,0.0009293057834633803,0.004054546649695535,8450,24325161,148337,529723,97.35,89,-2.25,2,15748,13745,24400,24300,241957,254108,-1247,3630,-0.00512738277330965,0.01449229074010492,-0.25,-0.45000000000001705,-1.2224831060793335,24500,217737,24000,239440,137.3,362.7
2026-07-31 00:00:00,2026-07-31 11:33:00,139,NIFTY,OK,24361.5,-1.2000000000007276,1779347,-13978,1681183,968,739505,-13978,872138,968,14946,185.60000000000002,0.1527159134583431,0.02968524706799526,0.23708225949554262,-0.5960133465100873,0,0,24350,10035001.35,24000,72358,0,0,1785477830486,2026-08-04 00:00:00,24350,17,-13978,968,1793325,1680215,-0.00779446001143128,0.0005761167469639302,-13010,24461440,136279,528478,97.15,88.45,-0.19999999999998863,-0.5499999999999972,11502,15044,24400,24300,239428,254219,-1775,3939,-0.007358946613433498,0.01573837302221512,-0.7499999999999716,-0.8499999999999659,-2.092015547740407,24500,217431,24000,238731,138.5,361.5
2026-07-31 00:00:00,2026-07-31 11:34:00,140,NIFTY,OK,24363.85,2.349999999998545,1775877,-3470,1686052,4869,736035,-3470,877007,4869,8339,185.7,0.1697374498437143,0.029078365403433178,0.23736718263640508,0.11475349497704528,0,0,24350,10316920.5,24000,73517.25,0,0,1785477889631,2026-08-04 00:00:00,24350,17,-3470,4869,1779347,1681183,-0.0019501536237732156,0.002896174895891762,1399,24520581,59141,587619,98.45,87.25,1.2999999999999972,-1.2000000000000028,5864,5660,24400,24300,239643,255757,-1560,5477,-0.00646758124898944,0.02188349049065047,0.0999999999999659,-0.75,-1.479900052931523,24500,217458,24000,239281,136.15,363.85
2026-07-31 00:00:00,2026-07-31 11:35:00,141,NIFTY,OK,24369.25,5.400000000001455,1777356,1479,1687404,1352,737514,1479,878359,1352,-127,186.45,0.15366894099447004,0.014131541284610444,0.23671889828542503,-1.1249642832128803,0,0,24350,10796495.1,24000,78416.8,0,0,1785477954339,2026-08-04 00:00:00,24350,17,1479,1352,1775877,1686052,0.0008328279492329705,0.0008018732518332768,2831,24627520,106939,532426,101.7,84.75,3.25,-2.5,12003,11518,24400,24300,240009,255108,-1998,2081,-0.00825595953836046,0.008224418737921249,0.75,-0.4000000000000057,-0.039253433599019144,24500,217260,24000,239222,130.75,369.25
2026-07-31 00:00:00,2026-07-31 11:36:00,142,NIFTY,OK,24369.25,0,1777356,0,1687404,0,737514,0,878359,0,0,186.45,0.13008000554150936,0.0007322008626657437,0.23671889828542503,-0.9485267335388499,0,0,24350,10796495.1,24000,78416.8,0,0,1785478010045,2026-08-04 00:00:00,24350,17,0,0,1777356,1687404,0,0,0,24627520,0,450696,101.7,84.75,0,0,0,0,24400,24300,240009,255108,-2308,1362,-0.00952471349513241,0.005367572296706155,0,-0.15000000000000568,0.20412414523189254,24500,217260,24000,239222,130.75,369.25
2026-07-31 00:00:00,2026-07-31 11:37:00,143,NIFTY,OK,24363.45,-5.799999999999272,1786582,9226,1687731,327,746740,9226,878686,327,-8899,185.75,0.11436045054086952,0.0019455154986862107,0.23797422973913393,1.4945774715482134,0,0,24350,10362390.5,24000,75657.6,0,0,1785478069690,2026-08-04 00:00:00,24350,17,9226,327,1777356,1687404,0.005190856530711912,0.00019378880220741448,9553,24722485,94965,397324,98.75,87,-2.950000000000003,2.25,14456,6533,24400,24300,240982,254804,-975,696,-0.004029641630537657,0.0027389928691737373,-0.6999999999999886,-0.5999999999999943,-1.2774595039324605,24500,217675,24000,239116,136.55,363.45
2026-07-31 00:00:00,2026-07-31 11:38:00,144,NIFTY,OK,24362.7,-0.75,1787425,843,1688132,401,747583,843,879087,401,-442,185.25,0.09377432164110673,0.04610668941267435,0.23731210944097272,0.06905414763689192,0,0,24350,10270478.4,24000,72633.6,0,0,1785478132221,2026-08-04 00:00:00,24350,17,843,401,1786582,1687731,0.00047185071829896415,0.00023759710522589203,1244,24787358,64873,325918,97.55,87.7,-1.2000000000000028,0.7000000000000028,8427,6464,24400,24300,240498,255130,1070,911,0.0044689844128506274,0.003583524441524827,-0.5,-0.35000000000002274,-1.7982005111254602,24500,218039,24000,238896,137.3,362.7
2026-07-31 00:00:00,2026-07-31 11:39:00,145,NIFTY,OK,24361.6,-1.1000000000021828,1782057,-5368,1689820,1688,742215,-5368,880775,1688,7056,185.9,0.10729873206913725,0.02670403298544002,0.23811532903688581,1.4747825994497694,0,0,24350,10147457.25,24000,70924.40000000001,0,0,1785478190415,2026-08-04 00:00:00,24350,17,-5368,1688,1787425,1688132,-0.003003202931591535,0.0009999218070624808,-3680,24893109,105751,372528,97.15,88.75,-0.3999999999999915,1.0499999999999972,10799,11630,24400,24300,239951,255758,308,1,0.0012852451354723484,0.000003909961408680896,0.6500000000000057,0.20000000000001705,-0.38670961298131945,24500,218411,24000,238700,138.4,361.6
2026-07-31 00:00:00,2026-07-31 11:40:00,146,NIFTY,OK,24360.55,-1.0499999999992724,1782057,0,1689820,0,742215,0,880775,0,0,185.9,0.07649723766135724,0.026797043552255553,0.23833683166854788,1.5625552994206964,0,0,24350,10147457.25,24000,70924.40000000001,0,0,1785478250529,2026-08-04 00:00:00,24350,17,0,0,1782057,1689820,0,0,0,24893109,0,265589,97.15,88.75,0,0,0,0,24400,24300,239951,255758,-58,650,-0.00024165760450649767,0.0025479404801103844,0,-0.549999999999983,-0.22502941625952724,24500,218411,24000,238700,139.45,360.55
2026-07-31 00:00:00,2026-07-31 11:41:00,147,NIFTY,OK,24358.45,-2.099999999998545,1785937,3880,1692188,2368,746095,3880,883143,2368,-1512,185.14999999999998,0.10782274932614555,0.03563800427176078,0.23808870261082526,0.9647772033098937,0,0,24350,10275552,24000,73328.8,0,0,1785478310069,2026-08-04 00:00:00,24350,17,3880,2368,1782057,1689820,0.002177259201024434,0.0014013326863216201,6248,25002541,109432,375021,96.85,88.3,-0.30000000000001137,-0.45000000000000284,11217,12674,24400,24300,240960,256696,951,1588,0.003962351411822057,0.006224814588331217,-0.7500000000000284,-1.3000000000000114,-1.5975241260569064,24500,219631,24000,238739,141.55,358.45
2026-07-31 00:00:00,2026-07-31 11:42:00,148,NIFTY,OK,24359.7,1.25,1785472,-465,1692711,523,745630,-465,883666,523,988,185.4,0.1115266218022456,0.009976540950220412,0.23751082571132834,-0.021038957828893354,0,0,24350,10515779.9,24000,76923.4,0,0,1785478370246,2026-08-04 00:00:00,24350,17,-465,523,1785937,1692188,-0.0002603675269620373,0.0003090673140336653,58,25110395,107854,387910,98.2,87.2,1.3500000000000085,-1.0999999999999943,10912,13216,24400,24300,240794,256544,-188,1740,-0.0007801412553634712,0.006828778198144456,0.2500000000000284,-0.3499999999999943,-0.8408993976011848,24500,219388,24000,238961,140.3,359.7
2026-07-31 00:00:00,2026-07-31 11:43:00,149,NIFTY,OK,24359.45,-0.25,1782485,-2987,1689939,-2772,742643,-2987,880894,-2772,215,184.95,0.10810603774193474,0.0083459868403527,0.23636190536637988,-1.6808394110720004,0,0,24350,10326942.8,24200,77701,0,0,1785478430847,2026-08-04 00:00:00,24350,17,-2987,-2772,1785472,1692711,-0.0016729469854469855,-0.0016376097278271364,-5759,25162748,52353,375390,96.85,88.1,-1.3500000000000085,0.8999999999999915,5127,6453,24400,24300,241162,255447,664,317,0.0027609377208958077,0.0012425038215811547,-0.45000000000001705,-0.30000000000001137,-1.5219766291110697,24500,218519,24000,239000,140.55,359.45
2026-07-31 00:00:00,2026-07-31 11:44:00,150,NIFTY,OK,24359.45,0,1782485,0,1689939,0,742643,0,880894,0,0,184.95,0.07765151951489795,0.0020286382904550157,0.23636190536637988,-1.360872492017997,0,0,24350,10326942.8,24200,77701,0,0,1785478490285,2026-08-04 00:00:00,24350,17,0,0,1782485,1689939,0,0,0,25162748,0,269639,96.85,88.1,0,0,0,0,24400,24300,241162,255447,1211,-311,0.005046863734679163,-0.001215993243613103,0,-0.950000000000017,-1.2445133944650015,24500,218519,24000,239000,140.55,359.45
2026-07-31 00:00:00,2026-07-31 11:45:00,151,NIFTY,OK,24364.2,4.75,1776641,-5844,1693748,3809,736799,-5844,884703,3809,9653,185.65,0.13743300823048943,0.0031198500459171477,0.23665702156419607,-0.9386486222653802,0,0,24350,11065766.4,24200,90050.1,0,0,1785478550017,2026-08-04 00:00:00,24350,17,-5844,3809,1782485,1689939,-0.003278568964114705,0.002253927508626051,-2035,25370055,207307,476946,100.95,84.7,4.1000000000000085,-3.3999999999999915,21933,19346,24400,24300,239923,256342,-28,584,-0.00011669049097524078,0.0022834085346303927,0.700000000000017,-0.25,0.2512348692983202,24500,217226,24000,239721,135.8,364.2
2026-07-31 00:00:00,2026-07-31 11:46:00,152,NIFTY,OK,24364.2,0,1776641,0,1693748,0,736799,0,884703,0,0,185.65,0.10589994378151844,0.021049538248883035,0.23665702156419607,-0.9232515315211524,0,0,24350,11065766.4,24200,90050.1,0,0,1785478609638,2026-08-04 00:00:00,24350,17,0,0,1776641,1693748,0,0,0,25370055,0,367514,100.95,84.7,0,0,0,0,24400,24300,239923,256342,-1037,-354,-0.004303618857901727,-0.001379063172001122,0,0.5000000000000284,0.5612237021913754,24500,217226,24000,239721,135.8,364.2
2026-07-31 00:00:00,2026-07-31 11:47:00,153,NIFTY,OK,24360,-4.200000000000728,1767800,-8841,1704027,10279,727958,-8841,894982,10279,19120,185.4,0.12624736197973,0.014501185236899083,0.2366815735777644,-0.724111490842248,0,0,24350,10727391.95,24200,107969.4,0,0,1785478671713,2026-08-04 00:00:00,24350,17,-8841,10279,1776641,1693748,-0.004976244497340769,0.006068789453921126,1438,25548704,178649,438309,98.25,87.15,-2.700000000000003,2.450000000000003,17423,18279,24400,24300,239343,258223,-1451,1679,-0.006025897655257191,0.006544686291630286,-0.25,0,-0.06000300022504811,24500,213900,24000,240121,140,360
2026-07-31 00:00:00,2026-07-31 11:48:00,154,NIFTY,OK,24360,0,1767800,0,1704027,0,727958,0,894982,0,0,185.4,0.11116798158433586,0.0015468084444859,0.2366815735777644,-0.6241892876663749,0,0,24350,10727391.95,24200,107969.4,0,0,1785478730104,2026-08-04 00:00:00,24350,17,0,0,1767800,1704027,0,0,0,25548704,0,385956,98.25,87.15,0,0,0,0,24400,24300,239343,258223,-1819,2776,-0.007542647680812069,0.01086722490379609,0,0.45000000000001705,-0.1064892839684269,24500,213900,24000,240121,140,360
2026-07-31 00:00:00,2026-07-31 11:49:00,155,NIFTY,OK,24362.45,2.4500000000007276,1762990,-4810,1707854,3827,723148,-4810,898809,3827,8637,185.7,0.12626755912971024,0.0036052070141812417,0.23744538027990617,0.5399309363015152,0,0,24350,10938504.75,24200,113752.65,0,0,1785478790077,2026-08-04 00:00:00,24350,17,-4810,3827,1767800,1704027,-0.0027208960289625524,0.0022458564330260027,-983,25601003,52299,438255,99.35,86.35,1.0999999999999943,-0.8000000000000114,5352,5775,24400,24300,238292,258925,-2870,3478,-0.011900714042842571,0.013615348780764699,0.29999999999998295,0.75,0.9344262295080736,24500,213010,24000,240224,137.55,362.45
2026-07-31 00:00:00,2026-07-31 11:50:00,156,NIFTY,OK,24366.2,3.75,1761191,-1799,1713953,6099,721349,-1799,904908,6099,7898,185.65,0.09639801976551188,0.014194156962599664,0.23675045906414213,-0.3144451015604641,0,0,24350,11185394.15,24200,119884,0,0,1785478851878,2026-08-04 00:00:00,24350,17,-1799,6099,1762990,1707854,-0.0010204255270875047,0.00357114835343068,4300,25705052,104049,334997,100.4,85.25,1.0500000000000114,-1.0999999999999943,12131,10285,24400,24300,238650,260752,-1273,4410,-0.005305868966293353,0.017203579592887628,-0.04999999999998295,0,0.9532062476386378,24500,213329,24000,240481,133.8,366.2
2026-07-31 00:00:00,2026-07-31 11:51:00,157,NIFTY,OK,24366.2,0,1761191,0,1713953,0,721349,0,904908,0,0,185.65,0.09639801976551188,0.014194156962599664,0.23675045906414213,-0.09525551405214433,0,0,24350,11185394.15,24200,119884,0,0,1785478909252,2026-08-04 00:00:00,24350,17,0,0,1761191,1713953,0,0,0,25705052,0,334997,100.4,85.25,0,0,0,0,24400,24300,238650,260752,-1273,4410,-0.005305868966293353,0.017203579592887628,0,0,0.777777777777689,24500,213329,24000,240481,133.8,366.2
2026-07-31 00:00:00,2026-07-31 11:52:00,158,NIFTY,OK,24363.4,-2.7999999999992724,1760648,-543,1712234,-1719,720806,-543,903189,-1719,-1176,185.64999999999998,0.07034820071629269,0.004318266471833032,0.2376391159871298,2.1155742608290216,0,0,24350,10942868.85,24200,124859.25000000001,0,0,1785478970227,2026-08-04 00:00:00,24350,17,-543,-1719,1761191,1713953,-0.00030831408972678147,-0.0010029446548417604,-2262,25793015,87963,244311,99.3,86.35,-1.1000000000000085,1.0999999999999943,10768,6921,24400,24300,238015,260138,-1328,1915,-0.005548522413440126,0.007416070605639312,-2.842170943040401e-14,0.24999999999997158,0.6687596460816402,24500,214459,24000,239874,136.6,363.4
2026-07-31 00:00:00,2026-07-31 11:53:00,159,NIFTY,OK,24363.4,0,1760648,0,1712234,0,720806,0,903189,0,0,185.64999999999998,0.07034820071629269,0.004318266471833032,0.2376391159871298,1.6220559762480766,0,0,24350,10942868.85,24200,124859.25000000001,0,0,1785479029853,2026-08-04 00:00:00,24350,17,0,0,1760648,1712234,0,0,0,25793015,0,244311,99.3,86.35,0,0,0,0,24400,24300,238015,260138,-1328,1915,-0.005548522413440126,0.007416070605639312,0,0.24999999999997158,0.5220535680100308,24500,214459,24000,239874,136.6,363.4
2026-07-31 00:00:00,2026-07-31 11:54:00,160,NIFTY,OK,24360.85,-2.5500000000029104,1762509,1861,1711309,-925,722667,1861,902264,-925,-2786,185.5,0.09256616207296986,0.0092487202930731,0.23869110996320878,2.368162716663554,0,0,24350,10946405.25,24200,121449.29999999999,0,0,1785479089496,2026-08-04 00:00:00,24350,17,1861,-925,1760648,1712234,0.0010569971964867482,-0.0005402298984835017,936,25922561,129546,321558,98.75,86.75,-0.5499999999999972,0.4000000000000057,8931,8768,24400,24300,238960,260325,668,1400,0.0028032833666258206,0.005406971130636285,-0.14999999999997726,-0.19999999999998863,-0.842927230423592,24500,215023,24000,237700,139.15,360.85
2026-07-31 00:00:00,2026-07-31 11:55:00,161,NIFTY,OK,24362.6,1.75,1765394,2885,1708412,-2897,725552,2885,899367,-2897,-5782,185.4,0.10093194611328324,0.003816118967080983,0.23850677683859983,1.5812027005206442,0,0,24350,11216128,24200,134351.85,0,0,1785479151894,2026-08-04 00:00:00,24350,17,2885,-2897,1762509,1711309,0.001636871074133522,-0.001692856170335106,-12,26055670,133109,350618,100,85.4,1.25,-1.3499999999999943,12252,15395,24400,24300,240596,259656,1946,-1096,0.008154200712340248,-0.004203227587899613,-0.09999999999999432,-0.25,-1.3932610920384718,24500,215997,24000,236286,137.4,362.6
2026-07-31 00:00:00,2026-07-31 11:56:00,162,NIFTY,OK,24362.6,0,1765394,0,1708412,0,725552,0,899367,0,0,185.4,0.10093194611328324,0.003816118967080983,0.23850677683859983,1.268108872661985,0,0,24350,11216128,24200,134351.85,0,0,1785479209390,2026-08-04 00:00:00,24350,17,0,0,1765394,1708412,0,0,0,26055670,0,350618,100,85.4,0,0,0,0,24400,24300,240596,259656,1946,-1096,0.008154200712340248,-0.004203227587899613,0,-0.25,-1.1281521496357156,24500,215997,24000,236286,137.4,362.6
2026-07-31 00:00:00,2026-07-31 11:57:00,163,NIFTY,OK,24363.15,0.5500000000029104,1764252,-1142,1712539,4127,724410,-1142,903494,4127,5269,185.5,0.10652207739838258,0.010554738021627898,0.23786069861626694,0.29629553073545,0,0,24350,11210388.799999999,24200,133690.5,0,0,1785479271243,2026-08-04 00:00:00,24350,17,-1142,4127,1765394,1708412,-0.0006468810928325348,0.0024156936383027045,2985,26163370,107700,370355,100,85.5,0,0.09999999999999432,12372,9628,24400,24300,240106,259333,2091,-805,0.008785160599121903,-0.003094511374731873,0.09999999999999432,-0.14999999999997726,-0.4303314829120575,24500,215606,24000,238594,136.85,363.15
2026-07-31 00:00:00,2026-07-31 11:58:00,164,NIFTY,OK,24363.15,0,1764252,0,1712539,0,724410,0,903494,0,0,185.5,0.10652207739838258,0.010554738021627898,0.23786069861626694,0.14812439138229713,0,0,24350,11210388.799999999,24200,133690.5,0,0,1785479330486,2026-08-04 00:00:00,24350,17,0,0,1764252,1712539,0,0,0,26163370,0,370355,100,85.5,0,0,0,0,24400,24300,240106,259333,2091,-805,0.008785160599121903,-0.003094511374731873,0,-0.14999999999997726,-0.5619514869490696,24500,215606,24000,238594,136.85,363.15
2026-07-31 00:00:00,2026-07-31 11:59:00,165,NIFTY,OK,24365.45,2.2999999999992724,1763869,-383,1714802,2263,724027,-383,905757,2263,2646,185.4,0.07381727102103074,0.018899005397490516,0.23722269692078854,-0.788029859714407,0,0,24350,11229270.200000001,24200,131235.75,0,0,1785479389539,2026-08-04 00:00:00,24350,17,-383,2263,1764252,1712539,-0.00021708916866751461,0.001321429760139769,1880,26179347,15977,256786,99.7,85.7,-0.29999999999999716,0.20000000000000284,2197,1634,24400,24300,240101,259184,1141,-1141,0.0047748577167726815,-0.004382982809949102,-0.09999999999999432,-0.09999999999999432,-1.2339053944785454,24500,216181,24000,238523,134.55,365.45
2026-07-31 00:00:00,2026-07-31 12:00:00,166,NIFTY,OK,24364.45,-1,1752808,-11061,1718874,4072,712966,-11061,909829,4072,15133,185,0.09453025939587785,0.0064720777380636784,0.23707956476312084,-1.1292503399956597,0,0,24350,11399605,24200,167850.85,0,0,1785479449913,2026-08-04 00:00:00,24350,17,-11061,4072,1763869,1714802,-0.006270873857412314,0.002374618177492212,-6989,26383849,204502,328179,100.2,84.8,0.5,-0.9000000000000057,20133,25364,24400,24300,237013,263950,-3583,4294,-0.01489218440871835,0.016537264688665003,-0.4000000000000057,-0.4000000000000057,-2.5396189536091085,24500,215383,24000,238975,135.55,364.45
2026-07-31 00:00:00,2026-07-31 12:01:00,167,NIFTY,OK,24362.8,-1.6500000000014552,1757154,4346,1723520,4646,717312,4346,914475,4646,300,184.85,0.11676531614279304,0.016898691507841603,0.23725879322720955,-1.038203379916959,0,0,24350,11301800.25,24200,151344.05,0,0,1785479510391,2026-08-04 00:00:00,24350,17,4346,4646,1752808,1718874,0.0024794501166128862,0.00270293226845016,8992,26462092,78243,406422,99.1,85.75,-1.1000000000000085,0.9500000000000028,6945,7351,24400,24300,238043,265107,-2553,5451,-0.010611148980032918,0.02099316018116277,-0.15000000000000568,-0.5500000000000114,-2.156889870402184,24500,215729,24000,238740,137.2,362.8
2026-07-31 00:00:00,2026-07-31 12:02:00,168,NIFTY,OK,24362.8,0,1757154,0,1723520,0,717312,0,914475,0,0,184.85,0.08582303312519357,0.012998707828683525,0.23725879322720955,-0.9272917944963425,0,0,24350,11301800.25,24200,151344.05,0,0,1785479569627,2026-08-04 00:00:00,24350,17,0,0,1757154,1723520,0,0,0,26462092,0,298722,99.1,85.75,0,0,0,0,24400,24300,238043,265107,-2063,5774,-0.008592038516321957,0.02226481010901042,0,-0.6500000000000057,-1.642642095257388,24500,215729,24000,238740,137.2,362.8
2026-07-31 00:00:00,2026-07-31 12:03:00,169,NIFTY,OK,24366.7,3.900000000001455,1756306,-848,1721915,-1605,716464,-848,912870,-1605,-757,185.5,0.10424811994407486,0.003943761410708278,0.23672547695424595,-1.4839418774519093,0,0,24350,11501485.2,24200,163763.6,0,0,1785479629718,2026-08-04 00:00:00,24350,17,-848,-1605,1757154,1723520,-0.00048259856563511225,-0.0009312337541774972,-2453,26525968,63876,362598,100.5,85,1.4000000000000057,-0.75,6367,7628,24400,24300,236545,261984,-3561,2651,-0.014830949663898444,0.010222378177863981,0.6500000000000057,0,0.8029550685469885,24500,215904,24000,239114,133.3,366.7
2026-07-31 00:00:00,2026-07-31 12:04:00,170,NIFTY,OK,24363.9,-2.7999999999992724,1763476,7170,1722135,220,723634,7170,913090,220,-6950,185.5,0.11823809369433365,0.01683926508982559,0.23680903859352712,-1.1453745614130975,0,0,24350,11567472.5,24200,167592.30000000002,0,0,1785479689520,2026-08-04 00:00:00,24350,17,7170,220,1756306,1721915,0.004082432104656022,0.00012776472706260182,7390,26591479,65511,412132,100.85,84.65,0.3499999999999943,-0.3499999999999943,5915,4963,24400,24300,238117,261798,-1984,2614,-0.00826318924119433,0.010085499104883017,0,0.09999999999999432,0.8029550685470972,24500,216400,24000,238377,136.1,363.9
2026-07-31 00:00:00,2026-07-31 12:05:00,171,NIFTY,OK,24363.9,0,1763476,0,1722135,0,723634,0,913090,0,0,185.5,0.059567748667306825,0.06708568125993354,0.23680903859352712,-0.977708486791971,0,0,24350,11567472.5,24200,167592.30000000002,0,0,1785479749411,2026-08-04 00:00:00,24350,17,0,0,1763476,1722135,0,0,0,26591479,0,207630,100.85,84.65,0,0,0,0,24400,24300,238117,261798,1104,-2152,0.004657972347508365,-0.008153059291532486,0,0.5,0.7479575920068229,24500,216400,24000,238377,136.1,363.9
2026-07-31 00:00:00,2026-07-31 12:06:00,172,NIFTY,OK,24367.25,3.349999999998545,1772735,9259,1720796,-1339,732893,9259,911751,-1339,-10598,185.05,0.08613863738435411,0.04272450552956189,0.23566576158730482,-2.3253126893107297,0,0,24350,11378196,24200,152640,0,0,1785479809773,2026-08-04 00:00:00,24350,17,9259,-1339,1763476,1722135,0.005250425863465111,-0.0007775232487580823,7920,26763020,171541,300928,99.25,85.8,-1.5999999999999943,1.1499999999999915,17417,18150,24400,24300,241368,259532,3325,-5575,0.013968064593371786,-0.021029244795497667,-0.44999999999998863,0.20000000000001705,-0.7823355995992911,24500,217538,24000,238627,132.75,367.25
2026-07-31 00:00:00,2026-07-31 12:07:00,173,NIFTY,OK,24372.15,4.900000000001455,1772735,0,1720796,0,732893,0,911751,0,0,185.05,0.08613863738435411,0.04272450552956189,0.23463037897116734,-2.386361030624639,0,0,24350,11378196,24200,152640,0,0,1785479870852,2026-08-04 00:00:00,24350,17,0,0,1772735,1720796,0,0,0,26763020,0,300928,99.25,85.8,0,0,0,0,24400,24300,241368,259532,3325,-5575,0.013968064593371786,-0.021029244795497667,0,0.20000000000001705,-0.6309291761712716,24500,217538,24000,238627,127.85,372.15
2026-07-31 00:00:00,2026-07-31 12:08:00,174,NIFTY,OK,24370.5,-1.6500000000014552,1768986,-3749,1714146,-6650,729144,-3749,905101,-6650,-2901,185.45,0.13880668318053982,0.010157565328181814,0.2351002471848394,-1.4807294454811433,0,0,24350,11727981.1,24200,171236.30000000002,0,0,1785479929950,2026-08-04 00:00:00,24350,17,-3749,-6650,1772735,1720796,-0.0021148112944123065,-0.003864490619457507,-10399,27009450,246430,483482,102,83.45,2.75,-2.3499999999999943,27350,24515,24400,24300,240938,256990,4393,-4994,0.018571519161258956,-0.019062232808110417,0.39999999999997726,-0.05000000000001137,0.8880579439525905,24500,217050,24000,237551,129.5,370.5
2026-07-31 00:00:00,2026-07-31 12:09:00,175,NIFTY,OK,24370.1,-0.4000000000014552,1768182,-804,1715910,1764,728340,-804,906865,1764,2568,185.35,0.14209469784379977,0.0030682467767249545,0.23574987333220768,-0.621808074269799,0,0,24350,11517060,24200,168396.1,0,0,1785479990151,2026-08-04 00:00:00,24350,17,-804,1764,1768986,1714146,-0.00045449766137210806,0.0010290838703354323,960,27086550,77100,495071,101.05,84.3,-0.9500000000000028,0.8499999999999943,7994,6441,24400,24300,239564,256988,1447,-4810,0.006076844576405716,-0.018372944025546414,-0.09999999999999432,-0.15000000000000568,0.5353033790313697,24500,217757,24000,237961,129.9,370.1
2026-07-31 00:00:00,2026-07-31 12:10:00,176,NIFTY,OK,24372.65,2.5500000000029104,1769460,1278,1720125,4215,729618,1278,911080,4215,2937,185.1,0.17136364352781205,0.006645618306721874,0.23401488560916792,-1.8291218088135974,0,0,24350,11992285.25,24200,192111.75,0,0,1785480049413,2026-08-04 00:00:00,24350,17,1278,4215,1768182,1715910,0.000722776275292928,0.0024564225396436876,5493,27189467,102917,597988,102.85,82.25,1.7999999999999972,-2.049999999999997,9658,9680,24400,24300,240174,257442,2057,-4356,0.008638610431006607,-0.01663878257282332,-0.25,-0.4000000000000057,-0.47031708100168046,24500,218236,24000,238031,127.35,372.65
2026-07-31 00:00:00,2026-07-31 12:11:00,177,NIFTY,OK,24367.65,-5,1762433,-7027,1720599,474,722591,-7027,911554,474,7501,184.60000000000002,0.154099933621052,0.01956086336832888,0.23460277160689702,-1.0582951213617442,0,0,24350,11842015.8,24200,204187.19999999998,0,0,1785480109536,2026-08-04 00:00:00,24350,17,-7027,474,1769460,1720125,-0.00397126807048478,0.00027556136908654893,-6553,27299755,110288,536735,100.65,83.95,-2.1999999999999886,1.7000000000000028,11145,11617,24400,24300,238453,252060,-2915,-7472,-0.012076994464883497,-0.02879028404975109,-0.4999999999999716,-0.44999999999998863,-1.9919282339231892,24500,217162,24000,238024,132.35,367.65
2026-07-31 00:00:00,2026-07-31 12:12:00,178,NIFTY,OK,24369.75,2.099999999998545,1758962,-3471,1723430,2831,719120,-3471,914385,2831,6302,185,0.18624181309858281,0.017174786876298052,0.2344662042128415,-0.9913589377612753,0,0,24350,12248152.5,24200,265977.6,0,0,1785480173202,2026-08-04 00:00:00,24350,17,-3471,2831,1762433,1720599,-0.001969436568652539,0.0016453572273376889,-640,27411587,111832,648567,102.45,82.55,1.7999999999999972,-1.4000000000000057,10879,10310,24400,24300,238235,250552,-3133,-8980,-0.012980179642703258,-0.034600742875637684,0.39999999999997726,-0.05000000000001137,-0.7383206816313083,24500,217316,24000,237853,130.25,369.75
2026-07-31 00:00:00,2026-07-31 12:13:00,179,NIFTY,OK,24372.9,3.150000000001455,1758962,0,1723430,0,719120,0,914385,0,0,185,0.1154772351877675,0.0018401688976642289,0.233800016919042,-1.3461593039911433,0,0,24350,12248152.5,24200,265977.6,0,0,1785480229680,2026-08-04 00:00:00,24350,17,0,0,1758962,1723430,0,0,0,27411587,0,402137,102.45,82.55,0,0,0,0,24400,24300,238235,250552,-2703,-6438,-0.011218653761548614,-0.025051558426397915,0,-0.44999999999998863,-0.5865884600854158,24500,217316,24000,237853,127.1,372.9
2026-07-31 00:00:00,2026-07-31 12:14:00,180,NIFTY,OK,24376.65,3.75,1870233,5344,1672200,2616,758821,39701,900393,-13992,-2728,183.05,0.13611181919319293,0.012983053589316564,0.23223537139648495,-2.084434774441903,0,0,24350,12215962.1,24200,271195.2,0,0,1785480291194,2026-08-04 00:00:00,24400,16,5344,2616,1754975,1668133,0.0030450576219034457,0.001568220279797834,7960,27609277,157130,482167,76.35,106.7,-0.15000000000000568,0.6000000000000085,19524,14494,24400,24300,244349,248973,4785,-8015,0.019973785710707785,-0.031188226687627437,-1.9499999999999886,-2.299999999999983,-2.786298953879001,24500,217659,0,0,123.35,
2026-07-31 00:00:00,2026-07-31 12:15:00,181,NIFTY,OK,24380,3.349999999998545,1858530,-11703,1671259,-941,747118,-11703,899452,-941,10762,183.75,0.23730200303757534,0.014179359284453921,0.23501193973077497,0.4989200173925356,0,0,24350,12597233.4,24200,334429.8,0,0,1785480350924,2026-08-04 00:00:00,24400,17,-11703,-941,1870233,1672200,-0.006257509091113246,-0.000562731730654228,-12644,28067653,458376,837626,80.1,103.65,3.75,-3.049999999999997,63845,23400,24400,24300,240981,250671,807,-6771,0.0033600639536336156,-0.02630106975551775,0.6999999999999886,-1.3499999999999943,-1.3743373812925215,24500,217484,0,0,120,
2026-07-31 00:00:00,2026-07-31 12:16:00,182,NIFTY,OK,24380,0,1858530,0,1671259,0,747118,0,899452,0,0,183.75,0.20605707593286737,0.007319843044086794,0.23501193973077497,0.6026932798437344,0,0,24350,12597233.4,24200,334429.8,0,0,1785480409675,2026-08-04 00:00:00,24400,17,0,0,1858530,1671259,0,0,0,28067653,0,727338,80.1,103.65,0,0,0,0,24400,24300,240981,250671,2528,-1389,0.010601669930762036,-0.005510592716019995,0,-0.8500000000000227,-1.1192452935350334,24500,217484,0,0,120,
2026-07-31 00:00:00,2026-07-31 12:17:00,183,NIFTY,OK,24379.8,-0.2000000000007276,1829935,-28595,1688189,16930,718523,-28595,916382,16930,45525,184.55,0.29142264456852573,0.015946183459626378,0.23617221044191938,1.4851144509317318,0,0,24350,12854086.5,24200,449774.5,0,0,1785480469547,2026-08-04 00:00:00,24400,17,-28595,16930,1858530,1671259,-0.015385815671525345,0.010130087556746142,-11665,28477408,409755,1025261,82.15,102.4,2.0500000000000114,-1.25,58097,24430,24400,24300,236917,249999,-1318,-553,-0.005532352509077172,-0.00220712666432517,0.8000000000000114,-0.44999999999998863,-0.013258122674013738,24500,214543,0,0,120.2,
2026-07-31 00:00:00,2026-07-31 12:18:00,184,NIFTY,OK,24378.05,-1.75,1822690,-7245,1695480,7291,711278,-7245,923673,7291,14536,184.25,0.3265777378580341,0.01418940324955873,0.23541580908352047,0.7200486367013155,0,0,24350,12599071.649999999,24200,438721.39999999997,0,0,1785480529576,2026-08-04 00:00:00,24400,17,-7245,7291,1829935,1688189,-0.003959157019238388,0.004318829230613397,46,28601103,123695,1148956,79.45,104.8,-2.700000000000003,2.3999999999999915,18669,7072,24400,24300,235300,250894,-2935,342,-0.012319768296010242,0.001364986110667646,-0.30000000000001137,-0.75,-0.2728522308208021,24500,213910,0,0,121.95,
2026-07-31 00:00:00,2026-07-31 12:19:00,185,NIFTY,OK,24376.3,-1.75,1822693,3,1695495,15,711281,3,923688,15,12,184.35,0.28698210556115816,0.024013105440758593,0.23536114452111145,0.7287116282311076,0,0,24350,12630027.600000001,24200,437389.25,0,0,1785480590203,2026-08-04 00:00:00,24400,17,3,15,1822690,1695480,0.0000016459189439784056,0.000008847052162219548,18,28618934,17831,1009657,79.6,104.75,0.14999999999999147,-0.04999999999999716,1790,1360,24400,24300,235300,250894,-9049,1921,-0.03703309610434256,0.007715696079494564,0.09999999999999432,1.299999999999983,0.015953610531173477,24500,213910,0,0,123.7,
2026-07-31 00:00:00,2026-07-31 12:20:00,186,NIFTY,OK,24375.95,-0.3499999999985448,1822439,-254,1705391,9896,711027,-254,933584,9896,10150,184,0.18539583823483557,0.0029952067518290025,0.23412371351888273,-0.48378450708517284,0,0,24350,12672422.399999999,24200,460699.2,0,0,1785480650209,2026-08-04 00:00:00,24400,17,-254,9896,1822693,1695495,-0.00013935424122438612,0.005836643576064807,9642,28721698,102764,654045,78.9,105.1,-0.6999999999999886,0.3499999999999943,13660,6885,24400,24300,237670,251357,-3311,686,-0.013739672422307152,0.002736654818467234,-0.3499999999999943,0.25,-0.3976169299121524,24500,212982,0,0,124.05,
2026-07-31 00:00:00,2026-07-31 12:21:00,187,NIFTY,OK,24376.75,0.7999999999992724,1815562,-6877,1704257,-1134,704150,-6877,932450,-1134,5743,183.45,0.24935373097309832,0.011359493209370158,0.23402568574599653,-0.5153127443982957,0,0,24350,12524611.5,24200,455070.65,0,0,1785480709849,2026-08-04 00:00:00,24400,17,-6877,-1134,1822439,1705391,-0.003773514504463524,-0.0006649501492619581,-8011,28945333,223635,877680,77.65,105.8,-1.25,0.7000000000000028,33531,15880,24400,24300,233289,250588,-7692,-83,-0.03191952892551695,-0.00033111129727810554,-0.5500000000000114,-0.30000000000001137,-1.0954389222587457,24500,212472,0,0,123.25,
2026-07-31 00:00:00,2026-07-31 12:22:00,188,NIFTY,OK,24375.45,-1.2999999999992724,1815562,0,1704257,0,704150,0,932450,0,0,183.7,0.14071547429001321,0.0034222167484700976,0.23455994931629814,-0.01136228330940801,0,0,24350,12618078.75,24200,468786.45,0,0,1785480770202,2026-08-04 00:00:00,24400,17,0,0,1815562,1704257,0,0,0,28972701,27368,495293,78.6,105.1,0.9499999999999886,-0.7000000000000028,3776,1603,24400,24300,233289,250588,-3628,589,-0.015313379791234904,0.002356009424037696,0.25,-0.8500000000000227,-0.5287533173058175,24500,212472,0,0,124.55,
2026-07-31 00:00:00,2026-07-31 12:23:00,189,NIFTY,OK,24378.2,2.75,1819833,4271,1711626,7369,708421,4271,939819,7369,3098,183.5,0.14062261518539504,0.026759806122798293,0.23367610342346926,-0.8405374883491492,0,0,24350,12705873,24200,464533.3,0,0,1785480830850,2026-08-04 00:00:00,24400,17,4271,7369,1815562,1704257,0.002352439630263246,0.004323878382192357,11640,29097706,125005,496603,78.6,104.9,0,-0.19999999999998863,15088,9266,24400,24300,235122,255084,-178,4190,-0.0007564810879728006,0.016700279799437213,-0.19999999999998863,-0.75,-0.771543349849797,24500,212587,0,0,121.8,
2026-07-31 00:00:00,2026-07-31 12:24:00,190,NIFTY,OK,24377.4,-0.7999999999992724,1820975,1142,1717053,5427,709563,1142,945246,5427,4285,183.60000000000002,0.15767399240480856,0.035564797303958916,0.2343168752113633,-0.6209403461398678,0,0,24350,12735834.299999999,24200,472533.5,0,0,1785480889675,2026-08-04 00:00:00,24400,17,1142,5427,1819833,1711626,0.0006275301085319368,0.0031706692934087236,6569,29176789,79083,557855,78.65,104.95,0.05000000000001137,0.04999999999999716,9675,4714,24400,24300,235687,255696,387,4802,0.0016447088822779431,0.019139556944366944,0.10000000000002274,-0.7499999999999716,-0.8061778465371361,24500,213297,0,0,122.6,
2026-07-31 00:00:00,2026-07-31 12:25:00,191,NIFTY,OK,24381.85,4.44999999999709,1820975,0,1717053,0,709563,0,945246,0,0,183.3,0.1295083023650463,0.022256462187148083,0.23515236071915505,0.5067396966882812,0,0,24350,12788116.049999999,24200,475493,0,0,1785480950388,2026-08-04 00:00:00,24400,17,0,0,1820975,1717053,0,0,0,29179902,3113,458204,78.6,104.7,-0.05000000000001137,-0.25,499,176,24400,24300,235687,255696,-1983,4339,-0.00834350149366769,0.01726230023432807,-0.30000000000001137,-0.6999999999999886,-1.3615430014037277,24500,213297,0,0,118.15,
2026-07-31 00:00:00,2026-07-31 12:26:00,192,NIFTY,OK,24381.75,-0.09999999999854481,1812158,-8817,1723753,6700,700746,-8817,951946,6700,15517,184.05,0.1189331405683005,0.03826536071736851,0.2348238926543517,0.08395989254959556,0,0,24350,13248288.4,24200,547267,0,0,1785481009864,2026-08-04 00:00:00,24400,17,-8817,6700,1820975,1717053,-0.004841911613284093,0.0039020344741833826,-2117,29365870,185968,420537,81.15,102.9,2.5500000000000114,-1.7999999999999972,24051,11722,24400,24300,235333,253670,2044,3082,0.008761664716296096,0.012299072581288808,0.75,0.6000000000000227,0.43395469749427695,24500,215824,0,0,118.25,
2026-07-31 00:00:00,2026-07-31 12:27:00,193,NIFTY,OK,24381.75,0,1812158,0,1723753,0,700746,0,951946,0,0,184.05,0.1111931267500794,0.040928964389359286,0.2348238926543517,0.3499960502152205,0,0,24350,13248288.4,24200,547267,0,0,1785481069688,2026-08-04 00:00:00,24400,17,0,0,1812158,1723753,0,0,0,29365870,0,393169,81.15,102.9,0,0,0,0,24400,24300,235333,253670,2044,3082,0.008761664716296096,0.012299072581288808,0,0.35000000000002274,0.6560435951404832,24500,215824,0,0,118.25,
2026-07-31 00:00:00,2026-07-31 12:28:00,194,NIFTY,OK,24390.7,8.950000000000728,1815204,3046,1727142,3389,703792,3046,955335,3389,343,183.95,0.1454750608777347,0.02112655557776385,0.23625629523043737,2.1635980820998806,0,0,24350,13541632,24200,585792,0,0,1785481130274,2026-08-04 00:00:00,24400,17,3046,3389,1812158,1723753,0.001680868886708554,0.001966058942319462,6435,29613029,247159,515323,82.4,101.55,1.25,-1.3500000000000085,31566,16356,24400,24300,238102,253241,2980,-1843,0.012674271229404309,-0.00722507095701808,-0.10000000000002274,0.44999999999998863,0.4896025439427132,24500,216587,0,0,109.3,
2026-07-31 00:00:00,2026-07-31 12:29:00,195,NIFTY,OK,24390.7,0,1815204,0,1727142,0,703792,0,955335,0,0,183.95,0.12315002543512124,0.009898221162662755,0.23625629523043737,1.7415476166175896,0,0,24350,13541632,24200,585792,0,0,1785481189428,2026-08-04 00:00:00,24400,17,0,0,1815204,1727142,0,0,0,29613029,0,436240,82.4,101.55,0,0,0,0,24400,24300,238102,253241,2415,-2455,0.010246640671738364,-0.009601245228709093,0,0.3499999999999659,0.7358490566037503,24500,216587,0,0,109.3,
2026-07-31 00:00:00,2026-07-31 12:30:00,196,NIFTY,OK,24382.6,-8.100000000002183,1756797,-58407,1723782,-3360,645385,-58407,951975,-3360,55047,183.45,0.427767046804569,0.038585457361487885,0.23348801729069962,-1.3800180903471855,0,0,24350,12935107.350000001,24200,744677.7000000001,0,0,1785481251770,2026-08-04 00:00:00,24400,17,-58407,-3360,1815204,1727142,-0.032176548751545284,-0.0019454103947446127,-61767,30668779,1055750,1488877,80.95,102.5,-1.4500000000000028,0.9500000000000028,148132,61401,24400,24300,228486,252596,-7201,-3100,-0.03055323373796603,-0.01212377197922533,-0.5,0.14999999999997726,-0.9415544714433852,24600,209717,0,0,217.4,
2026-07-31 00:00:00,2026-07-31 12:31:00,197,NIFTY,OK,24380.3,-2.2999999999992724,1756867,70,1725127,1345,645455,70,953320,1345,1275,183.2,0.44276871241018795,0.034972024715285155,0.2325127748446873,-1.8609983234743177,0,0,24350,12782875,24200,727508.4,0,0,1785481312552,2026-08-04 00:00:00,24400,17,70,1345,1756797,1723782,0.000039845241083631176,0.0007802610770967558,1415,30907588,238809,1541718,79.4,103.8,-1.5499999999999972,1.2999999999999972,30896,17912,24400,24300,230784,252647,-4549,-1023,-0.019330055708294203,-0.0040327985177592935,-0.25,-0.8500000000000227,-1.595568616561309,24600,212491,0,0,219.7,
2026-07-31 00:00:00,2026-07-31 12:32:00,198,NIFTY,OK,24380.3,0,1756867,0,1725127,0,645455,0,953320,0,0,183.2,0.44276871241018795,0.034972024715285155,0.2325127748446873,-1.4640473474989317,0,0,24350,12782875,24200,727508.4,0,0,1785481369816,2026-08-04 00:00:00,24400,17,0,0,1756867,1725127,0,0,0,30907588,0,1541718,79.4,103.8,0,0,0,0,24400,24300,230784,252647,-4549,-1023,-0.019330055708294203,-0.0040327985177592935,0,-0.8500000000000227,-1.2895079837078605,24600,212491,0,0,219.7,
2026-07-31 00:00:00,2026-07-31 12:33:00,199,NIFTY,OK,24382.35,2.0499999999992724,1752782,-4085,1734772,9645,641370,-4085,962965,9645,13730,182.95,0.4209293963620348,0.037323894731249155,0.23373542463171024,-0.5122995548198661,0,0,24350,13040802.95,24200,784555.2,0,0,1785481429806,2026-08-04 00:00:00,24400,17,-4085,9645,1756867,1725127,-0.002325161779463101,0.005590892728477382,5560,31081043,173455,1468014,81.3,101.65,1.8999999999999915,-2.1499999999999915,21756,13548,24400,24300,230103,254080,-7999,839,-0.03359484590637626,0.0033130496246658323,-0.25,-1,-1.6029718389846266,24600,212531,0,0,217.65,
2026-07-31 00:00:00,2026-07-31 12:34:00,200,NIFTY,OK,24391.5,9.150000000001455,1758821,6039,1736429,1657,647409,6039,964622,1657,-4382,183.55,0.4513685716329304,0.029852070743373354,0.23667593895099792,1.419759291877408,0,0,24350,13267602.3,24200,798545.7999999999,0,0,1785481493384,2026-08-04 00:00:00,24400,17,6039,1657,1752782,1734772,0.0034453799730942013,0.0009551687484003661,7696,31190675,109632,1577646,82.7,100.85,1.4000000000000057,-0.8000000000000114,16282,6171,24400,24300,232203,255345,-5899,2104,-0.0247750963872626,0.008308291311438511,0.6000000000000227,-0.39999999999997726,-0.03879130172413473,24600,212955,0,0,208.5,
2026-07-31 00:00:00,2026-07-31 12:35:00,201,NIFTY,OK,24391.5,0,1758821,0,1736429,0,647409,0,964622,0,0,183.55,0.14931578570917675,0.028110964636632586,0.23667593895099792,1.2114561134850192,0,0,24350,13267602.3,24200,798545.7999999999,0,0,1785481550282,2026-08-04 00:00:00,24400,17,0,0,1758821,1736429,0,0,0,31190675,0,521896,82.7,100.85,0,0,0,0,24400,24300,232203,255345,3717,2749,0.016267955148236653,0.01088299102123549,0,0.10000000000002274,-0.10618637464035723,24600,212955,0,0,208.5,
2026-07-31 00:00:00,2026-07-31 12:36:00,202,NIFTY,OK,24395,3.5,1763925,5104,1735503,-926,652513,5104,963696,-926,-6030,183.25,0.20578048755396597,0.024210055630080794,0.23591314208200426,0.6405017601590648,0,0,24350,13635296.399999999,24200,875042.7,0,0,1785481609672,2026-08-04 00:00:00,24400,17,5104,-926,1758821,1736429,0.0029019439726953454,-0.0005332783546001593,4178,31627702,437027,720114,85.05,98.2,2.3499999999999943,-2.6499999999999915,57251,28367,24400,24300,230962,253992,178,1345,0.0007712839711591791,0.005323633369879714,-0.30000000000001137,0.05000000000001137,-0.732757855408252,24600,215497,0,0,205,
2026-07-31 00:00:00,2026-07-31 12:37:00,203,NIFTY,OK,24394.2,-0.7999999999992724,1776202,12277,1748359,12856,664790,12277,976552,12856,579,183.35,0.23804212779974585,0.05073576211510452,0.2352978601573602,0.2270184651393853,0,0,24350,13605860.799999999,24200,839784.05,0,0,1785481670425,2026-08-04 00:00:00,24400,17,12277,12856,1763925,1735503,0.006960046487237269,0.0074076506926234065,25133,31746582,118880,838994,84.25,99.1,-0.7999999999999972,0.8999999999999915,16004,7283,24400,24300,235876,254577,5092,1930,0.022063921242373823,0.007639117028898028,0.09999999999999432,0.15000000000000568,-0.29292504970686406,24600,217622,0,0,205.8,
2026-07-31 00:00:00,2026-07-31 12:38:00,204,NIFTY,OK,24392,-2.2000000000007276,1780070,3868,1761772,13413,668658,3868,989965,13413,9545,182.7,0.2352417188570241,0.06515688517251188,0.2349448685326547,0.09270087769770463,0,0,24350,13753791.3,24200,846462.6,0,0,1785481730242,2026-08-04 00:00:00,24400,17,3868,13413,1776202,1748359,0.0021776802413239035,0.007671765352539152,17281,31914232,167650,833189,83.6,99.1,-0.6500000000000057,0,17506,9711,24400,24300,234001,256628,3898,2548,0.016940239805652253,0.010028337531486147,-0.6500000000000057,-0.25,-1.8755143447054832,24600,221636,0,0,208,
2026-07-31 00:00:00,2026-07-31 12:39:00,205,NIFTY,OK,24394.8,2.7999999999992724,1778299,-1771,1772192,10420,666887,-1771,1000385,10420,12191,182.85,0.23155529756306945,0.0671921278135586,0.23562773637510456,0.5927154747048073,0,0,24350,13970708.399999999,24200,902024.1000000001,0,0,1785481789524,2026-08-04 00:00:00,24400,17,-1771,10420,1780070,1761772,-0.0009949046947591949,0.005914499719600493,8649,32012810,98578,822135,84.8,98.05,1.2000000000000028,-1.0499999999999972,13478,6571,24400,24300,233361,257980,1158,2635,0.004987015671632149,0.010319371830268853,0.15000000000000568,-0.700000000000017,-1.2816218545414595,24600,222498,0,0,205.2,
2026-07-31 00:00:00,2026-07-31 12:40:00,206,NIFTY,OK,24397.7,2.900000000001455,1776776,-1523,1780073,7881,665364,-1523,1008266,7881,9404,183.7,0.28296534376353905,0.061203320532755734,0.2384948736919989,1.8045387510194753,0,0,24350,14241359.549999999,24200,960456.4,0,0,1785481849430,2026-08-04 00:00:00,24400,17,-1523,7881,1778299,1772192,-0.0008564364035519336,0.0044470350842346655,6358,32197140,184330,1006465,86.7,97,1.9000000000000057,-1.0499999999999972,22670,6394,24400,24300,233857,258937,1654,3592,0.007123077651882189,0.01406724235837788,0.8499999999999943,0.14999999999997726,1.5281018085916018,24600,222724,0,0,202.3,
2026-07-31 00:00:00,2026-07-31 12:41:00,207,NIFTY,OK,24398.4,0.7000000000007276,1726299,-50477,1780841,768,614887,-50477,1009034,768,51245,185.1,0.2769495942562886,0.00793986622066692,0.24015274583852014,1.9913091418106739,0,0,24350,14290522.200000001,24200,1058500,0,0,1785481910026,2026-08-04 00:00:00,24400,17,-50477,768,1776776,1780073,-0.028409321152469417,0.0004314429801474434,-49709,32599003,401863,971301,88.35,96.75,1.6499999999999915,-0.25,57962,24589,24400,24300,222551,258504,-8411,4512,-0.03641724612706852,0.017764339034300292,1.4000000000000057,1.8499999999999943,2.629819760469483,24600,220852,0,0,201.6,
2026-07-31 00:00:00,2026-07-31 12:42:00,208,NIFTY,OK,24398.45,0.049999999999272404,1723887,-2412,1790799,9958,612475,-2412,1018992,9958,12370,186.35000000000002,0.31077427684862885,0.009040771820989972,0.2421459082970353,2.1198800871162105,0,0,24350,14410880.45,24200,1110489.75,0,0,1785481970421,2026-08-04 00:00:00,24400,17,-2412,9958,1726299,1780841,-0.0013972087106578872,0.005591740082354349,7546,32838856,239853,1092274,90.2,96.15,1.8500000000000085,-0.5999999999999943,30461,14836,24400,24300,222817,260017,-13059,5440,-0.0553638352354627,0.02136878036900427,1.2500000000000284,3.0000000000000284,2.425328346166485,24600,220063,0,0,201.55,
2026-07-31 00:00:00,2026-07-31 12:43:00,209,NIFTY,OK,24397.55,-0.9000000000014552,1726590,2703,1797994,7195,615178,2703,1026187,7195,4492,186.2,0.29080538298987907,0.016837598832353792,0.2408543010072912,1.3041663351662975,0,0,24350,14381104.8,24200,1093845.5,0,0,1785482030819,2026-08-04 00:00:00,24400,17,2703,7195,1723887,1790799,0.0015679682020921324,0.004017759670404105,9898,32939200,100344,1024968,89.6,96.6,-0.6000000000000085,0.44999999999998863,14440,5968,24400,24300,223821,260767,-10180,4139,-0.04350408758936928,0.01612840375952741,-0.1500000000000341,3.5,1.6902874186958363,24600,221204,0,0,202.45,
2026-07-31 00:00:00,2026-07-31 12:44:00,210,NIFTY,OK,24397.55,0,1726590,0,1797994,0,615178,0,1026187,0,0,186.2,0.26283669221672684,0.02796554366951284,0.2408543010072912,1.0684302337986407,0,0,24350,14381104.8,24200,1093845.5,0,0,1785482090434,2026-08-04 00:00:00,24400,17,0,0,1726590,1797994,0,0,0,32939200,0,926390,89.6,96.6,0,0,0,0,24400,24300,223821,260767,-9540,2787,-0.04088086698291488,0.010803163035894256,0,3.3499999999999943,1.3377083531543297,24600,221204,0,0,202.45,
2026-07-31 00:00:00,2026-07-31 12:45:00,211,NIFTY,OK,24405.9,8.350000000002183,1688888,-37702,1797853,-141,577476,-37702,1026046,-141,37561,186.6,0.3947901493113483,0.05093092709136227,0.2412624934245131,1.0052887231936318,0,0,24350,14632178.75,24200,1270746,0,0,1785482149666,2026-08-04 00:00:00,24400,17,-37702,-141,1726590,1797994,-0.02183610469190717,-0.00007842072887896178,-37843,33573671,634471,1376531,92.35,94.25,2.75,-2.3499999999999943,86720,46039,24600,24300,219865,260423,0,1486,0,0.005738847673372288,0.4000000000000057,2.9000000000000057,1.2908392384930725,24600,219865,0,0,194.1,
2026-07-31 00:00:00,2026-07-31 12:46:00,212,NIFTY,OK,24405.9,0,1688888,0,1797853,0,577476,0,1026046,0,0,186.6,0.2795355318906681,0.0209291779354611,0.2412624934245131,0.8210006081619651,0,0,24350,14632178.75,24200,1270746,0,0,1785482209477,2026-08-04 00:00:00,24400,17,0,0,1688888,1797853,0,0,0,33573671,0,974668,92.35,94.25,0,0,0,0,24600,24300,219865,260423,0,1919,0,0.007423482808776654,0,1.5,1.0522087373371853,24600,219865,0,0,194.1,
2026-07-31 00:00:00,2026-07-31 12:47:00,213,NIFTY,OK,24406.7,0.7999999999992724,1693759,4871,1811288,13435,582347,4871,1039481,13435,8564,186.39999999999998,0.3103199472075553,0.00886193257980704,0.24122188795152824,0.6466534387880364,0,0,24400,15390477.899999999,24200,1308525.4500000002,0,0,1785482270661,2026-08-04 00:00:00,24400,17,4871,13435,1688888,1797853,0.0028841462548138182,0.0074728022813878555,18306,33926542,352871,1087686,92.8,93.6,0.45000000000000284,-0.6500000000000057,48361,26262,24600,24300,219469,261433,0,1416,0,0.005445797774760881,-0.20000000000001705,0.049999999999954525,0.7505696533654084,24600,219469,24300,261433,193.3,106.7
2026-07-31 00:00:00,2026-07-31 12:48:00,214,NIFTY,OK,24410.3,3.599999999998545,1694012,253,1818224,6936,582600,253,1046417,6936,6683,186.55,0.3081025876393272,0.011410839188303797,0.24091965139871535,0.3565841344165377,0,0,24400,15738314.2,24200,1340332.5,0,0,1785482334430,2026-08-04 00:00:00,24400,17,253,6936,1693759,1811288,0.00014937190001647224,0.0038293192468563807,7189,34021329,94787,1082129,93.15,93.4,0.3500000000000085,-0.19999999999998863,13649,7448,24600,24300,221126,262286,0,1519,0,0.00582512357775332,0.1500000000000341,0.35000000000002274,0.7028043315025471,24600,221126,24300,262286,189.7,110.3
2026-07-31 00:00:00,2026-07-31 12:49:00,215,NIFTY,OK,24410.3,0,1694012,0,1818224,0,582600,0,1046417,0,0,186.55,0.3081025876393272,0.011410839188303797,0.24091965139871535,0.12250384585749044,0,0,24400,15738314.2,24200,1340332.5,0,0,1785482391137,2026-08-04 00:00:00,24400,17,0,0,1694012,1818224,0,0,0,34021329,0,1082129,93.15,93.4,0,0,0,0,24600,24300,221126,262286,0,1519,0,0.00582512357775332,0,0.35000000000002274,0.5951612113284611,24600,221126,24300,262286,189.7,110.3
2026-07-31 00:00:00,2026-07-31 12:50:00,216,NIFTY,OK,24412.7,2.400000000001455,1656465,-37547,1822350,4126,545053,-37547,1050543,4126,41673,187.8,0.2758097225635741,0.00826062985478759,0.2425093829283122,2.0265319340773083,0,0,24400,16602954.2,24200,1487943.6,0,0,1785482449483,2026-08-04 00:00:00,24400,17,-37547,4126,1694012,1818224,-0.022164541927684103,0.0022692473534613998,-33421,34533162,511833,959491,97.45,90.35,4.299999999999997,-3.0500000000000114,60807,30323,24600,24300,219954,263264,89,2841,0.0004047938507720647,0.010909174688871566,1.25,1.200000000000017,2.201255027948611,24600,219954,24300,263264,187.3,112.7
2026-07-31 00:00:00,2026-07-31 12:51:00,217,NIFTY,OK,24404.8,-7.900000000001455,1618899,-37566,1846590,24240,507487,-37566,1074783,24240,61806,185.6,0.44345285759094893,0.01382890600547508,0.24013490725126485,-1.6670534624769602,0,0,24400,16573564.9,24200,1356033.9,0,0,1785482509749,2026-08-04 00:00:00,24400,17,-37566,24240,1656465,1822350,-0.022678414575617353,0.013301506296814553,-13326,35110452,577290,1536781,91.05,94.55,-6.400000000000006,4.200000000000003,73814,42811,24600,24300,210339,262926,-9526,2503,-0.043326586769153796,0.009611286253518314,-2.200000000000017,-1,-1.692172984796196,24600,210339,24300,262926,195.2,104.8
2026-07-31 00:00:00,2026-07-31 12:52:00,218,NIFTY,OK,24404.1,-0.7000000000007276,1624405,5506,1854852,8262,512993,5506,1083045,8262,2756,186.7,0.42486973511873366,0.01744652899310054,0.24125009210429396,0.23224558886583013,0,0,24400,16777296.45,24200,1374509.4,0,0,1785482571677,2026-08-04 00:00:00,24400,17,5506,8262,1618899,1846590,0.003401076904735873,0.0044741929719103865,13768,35404773,294321,1478231,92.7,94,1.6500000000000057,-0.5499999999999972,21539,20234,24600,24300,213834,263256,-5635,1823,-0.025675607944629992,0.006973105920063649,1.0999999999999943,0.30000000000001137,0.34318414068336894,24600,213834,24300,263256,195.9,104.1
2026-07-31 00:00:00,2026-07-31 12:53:00,219,NIFTY,OK,24405.35,1.25,1628794,4389,1864586,9734,517382,4389,1092779,9734,5345,185.8,0.43033280089769793,0.012542938410819814,0.24044325998335694,-1.0635475277398185,0,0,24400,17009859.25,24200,1384611.5999999999,0,0,1785482629958,2026-08-04 00:00:00,24400,17,4389,9734,1624405,1854852,0.0027019123925375753,0.005247858050130145,14123,35524645,119872,1503316,92.3,93.5,-0.4000000000000057,-0.5,14846,9587,24600,24300,214271,264685,-6855,2399,-0.031000425097003518,0.009146504197707846,-0.8999999999999773,-0.75,-1.2113920274790049,24600,214271,24300,264685,194.65,105.35
2026-07-31 00:00:00,2026-07-31 12:54:00,220,NIFTY,OK,24405.35,0,1628794,0,1864586,0,517382,0,1092779,0,0,185.8,0.43033280089769793,0.012542938410819814,0.24044325998335694,-0.9508182135037444,0,0,24400,17009859.25,24200,1384611.5999999999,0,0,1785482689681,2026-08-04 00:00:00,24400,17,0,0,1628794,1864586,0,0,0,35524645,0,1503316,92.3,93.5,0,0,0,0,24600,24300,214271,264685,-6855,2399,-0.031000425097003518,0.009146504197707846,0,-0.75,-1.0788730398381647,24600,214271,24300,264685,194.65,105.35
2026-07-31 00:00:00,2026-07-31 12:55:00,221,NIFTY,OK,24411.95,6.600000000002183,1641474,12680,1869295,4709,530062,12680,1097488,4709,-7971,186.8,0.3471718019613367,0.02621673066194086,0.24038107656231922,-0.875994868102576,0,0,24400,17201223,24200,1454402.4000000001,0,0,1785482749928,2026-08-04 00:00:00,24400,17,12680,4709,1628794,1864586,0.007784900975814007,0.002525493594824803,17389,35752002,227357,1218840,94.35,92.45,2.049999999999997,-1.0499999999999972,27925,18502,24600,24300,215774,265561,-4180,2297,-0.019003973558107606,0.008725082046918683,1,-1,0.5651771895569802,24600,215774,24300,265561,188.05,111.95
2026-07-31 00:00:00,2026-07-31 12:56:00,222,NIFTY,OK,24414.75,2.7999999999992724,1633249,-8225,1873372,4077,521837,-8225,1101565,4077,12302,187.3,0.24395964091927813,0.04808094693701971,0.24015975616164806,-1.0005761017856614,0,0,24400,17720998.799999997,24200,1557111.5999999999,0,0,1785482811369,2026-08-04 00:00:00,24400,17,-8225,4077,1641474,1869295,-0.0050107403467858766,0.002181036166041208,-4148,35965926,213924,855474,96.95,90.35,2.6000000000000085,-2.1000000000000085,29043,16760,24600,24300,216279,266105,5940,3179,0.02824012665268923,0.01209085446095099,0.5,1.700000000000017,1.1802932285086138,24600,216279,24300,266105,185.25,114.75
2026-07-31 00:00:00,2026-07-31 12:57:00,223,NIFTY,OK,24421.65,6.900000000001455,1633249,0,1873363,-9,521837,0,1101556,-9,-9,188.4,0.19716780755897714,0.039565166454292866,0.2403587914393621,-0.5792824132869802,0,0,24400,17852103.6,24200,1603949.8499999999,0,0,1785482870575,2026-08-04 00:00:00,24400,17,0,-9,1633249,1873372,0,-0.000004804171301802312,-9,36096164,130238,691391,98.65,89.75,1.7000000000000028,-0.5999999999999943,18121,7853,24600,24300,216279,266105,2445,2849,0.01143410308931227,0.01082216549670283,1.0999999999999943,1.700000000000017,1.9497853809137367,24600,216279,24300,266105,178.35,121.65
2026-07-31 00:00:00,2026-07-31 12:58:00,224,NIFTY,OK,24421.65,0,1633249,0,1873363,0,521837,0,1101556,0,0,188.4,0.16298324422548033,0.023152336142805402,0.2403587914393621,-0.4916075515507239,0,0,24400,17852103.6,24200,1603949.8499999999,0,0,1785482929607,2026-08-04 00:00:00,24400,17,0,0,1633249,1873363,0,0,0,36096164,0,571519,98.65,89.75,0,0,0,0,24600,24300,216279,266105,2008,1420,0.00937131016329788,0.005364867672894195,0,2.5999999999999943,1.5038986794905203,24600,216279,24300,266105,178.35,121.65
2026-07-31 00:00:00,2026-07-31 12:59:00,225,NIFTY,OK,24413.45,-8.200000000000728,1612303,-20946,1890409,17046,500891,-20946,1118602,17046,37992,187.6,0.3577487957902334,0.007447184601916381,0.24155699683059403,1.089836563481543,0,0,24400,18449574.650000002,24200,1629012.3,0,0,1785482989467,2026-08-04 00:00:00,24400,17,-20946,17046,1633249,1873363,-0.012824743808200709,0.00909914415946082,-3900,36777736,681572,1253091,96.8,90.8,-1.8500000000000085,1.0499999999999972,89247,55312,24600,24300,214546,268874,275,4189,0.0012834214616070302,0.015826359635037875,-0.8000000000000114,1.799999999999983,0.5806972553108853,24600,214546,24300,268874,186.55,113.45
2026-07-31 00:00:00,2026-07-31 13:00:00,226,NIFTY,OK,24413.45,0,1612303,0,1890409,0,500891,0,1118602,0,0,187.6,0.2928399480174219,0.007854862956672978,0.24155699683059403,1.6760062898821122,0,0,24400,18449574.650000002,24200,1629012.3,0,0,1785483050299,2026-08-04 00:00:00,24400,17,0,0,1612303,1890409,0,0,0,36777736,0,1025734,96.8,90.8,0,0,0,0,24600,24300,214546,268874,-1228,3313,-0.005691139803683484,0.012475476444206792,0,0.799999999999983,0.6092076990801949,24600,214546,24300,268874,186.55,113.45
2026-07-31 00:00:00,2026-07-31 13:01:00,227,NIFTY,OK,24408.35,-5.100000000002183,1620000,7697,1902133,11724,508588,7697,1130326,11724,4027,187,0.32888706928443645,0.013391068937416263,0.24046729463768904,-0.45313860228530917,0,0,24400,18466325.150000002,24200,1624107.75,0,0,1785483111359,2026-08-04 00:00:00,24400,17,7697,11724,1612303,1890409,0.004773916565310615,0.006201832513493112,19421,37124310,346574,1158384,95,92,-1.7999999999999972,1.2000000000000028,43738,30627,24600,24300,215254,271568,-1025,5463,-0.004739248840617906,0.020529490238815506,-0.5999999999999943,-0.30000000000001137,-0.1611859546704611,24600,215254,24300,271568,191.65,108.35
2026-07-31 00:00:00,2026-07-31 13:02:00,228,NIFTY,OK,24408.35,0,1620000,0,1902133,0,508588,0,1130326,0,0,187,0.2919100442828252,0.015096105027885144,0.24046729463768904,-0.31912115927829826,0,0,24400,18466325.150000002,24200,1624107.75,0,0,1785483169846,2026-08-04 00:00:00,24400,17,0,0,1620000,1902133,0,0,0,37124310,0,1028146,95,92,0,0,0,0,24600,24300,215254,271568,-1025,5463,-0.004739248840617906,0.020529490238815506,0,-1.4000000000000057,-0.19814381135150247,24600,215254,24300,271568,191.65,108.35
2026-07-31 00:00:00,2026-07-31 13:03:00,229,NIFTY,OK,24414.3,5.950000000000728,1625664,5664,1913260,11127,514252,5664,1141453,11127,5463,186.85,0.36327341304871197,0.025133848321052397,0.2395976896613397,-1.653566240413045,0,0,24400,18758312.55,24200,1619080.4,0,0,1785483230041,2026-08-04 00:00:00,24400,17,5664,11127,1620000,1902133,0.0034962962962962964,0.005849748676880113,16791,37381761,257451,1285597,94.55,92.3,-0.45000000000000284,0.29999999999999716,29123,27028,24600,24300,215107,272893,-1172,6788,-0.005418926479223596,0.02550872775783995,-0.15000000000000568,-1.5500000000000114,-0.5743112147402075,24600,215107,24300,272893,185.7,114.3
2026-07-31 00:00:00,2026-07-31 13:04:00,230,NIFTY,OK,24414.15,-0.1499999999978172,1625836,172,1911685,-1575,514424,172,1139878,-1575,-1747,187.65,0.198248434426255,0.04963439744021172,0.24133045048070845,1.1532442651203998,0,0,24400,19084455,24200,1699425,0,0,1785483289552,2026-08-04 00:00:00,24400,17,172,-1575,1625664,1913260,0.00010580292114483681,-0.0008232022830143316,-1403,37479044,97283,701308,96.95,90.7,2.4000000000000057,-1.5999999999999943,12072,9534,24600,24300,215359,272260,813,3386,0.0037893971456004773,0.012593259296175904,0.8000000000000114,0.05000000000001137,0.3413051275052015,24600,215359,24300,272260,185.85,114.15
2026-07-31 00:00:00,2026-07-31 13:05:00,231,NIFTY,OK,24417.75,3.599999999998545,1633083,7247,1918613,6928,521671,7247,1146806,6928,-319,186.8,0.23831769385668142,0.057871157990246114,0.23944920376307363,-1.5303077092556636,0,0,24400,19372290,24200,1694178.5,0,0,1785483350022,2026-08-04 00:00:00,24400,17,7247,6928,1625836,1911685,0.0044573991472694665,0.0036240280171681003,14175,37624168,145124,846432,96.55,90.25,-0.4000000000000057,-0.45000000000000284,17175,13438,24600,24300,215692,273579,1146,4705,0.005341511843613957,0.017498902831809694,-0.8499999999999943,-0.799999999999983,-1.18558623238632,24600,215692,24300,273579,182.25,117.75
2026-07-31 00:00:00,2026-07-31 13:06:00,232,NIFTY,OK,24419.7,1.9500000000007276,1631119,-1964,1921780,3167,519707,-1964,1149973,3167,5131,187.75,0.17396272733899837,0.04977737221553476,0.23963070718104357,-1.1279444482525438,0,0,24400,19573963.2,24200,1725066.7,0,0,1785483410838,2026-08-04 00:00:00,24400,17,-1964,3167,1633083,1918613,-0.0012026333015529524,0.0016506716049562887,1203,37742382,118214,618072,97.9,89.85,1.3500000000000085,-0.4000000000000057,17385,8886,24600,24300,216016,274638,762,3070,0.0035400039023665065,0.011304719260001178,0.9499999999999886,0.75,0.4374128329771661,24600,216016,24300,274638,180.3,119.7
2026-07-31 00:00:00,2026-07-31 13:07:00,233,NIFTY,OK,24419.7,0,1633426,2307,1926435,4655,522014,2307,1154628,4655,2348,187.35000000000002,0.20164439004781368,0.052558698068891345,0.2394469774966906,-1.1561821794634686,0,0,24400,19754805.75,24200,1734977.4,0,0,1785483470392,2026-08-04 00:00:00,24400,17,2307,4655,1631119,1921780,0.001414366456402016,0.002422233554309026,6962,37842136,99754,717826,97.65,89.7,-0.25,-0.14999999999999147,11735,9208,24600,24300,215762,275043,508,3475,0.002360002601577671,0.012796058445766806,-0.39999999999997726,0.35000000000002274,-0.10540925533891005,24600,215762,24300,275043,180.3,119.7
2026-07-31 00:00:00,2026-07-31 13:08:00,234,NIFTY,OK,24419.7,0,1633426,0,1926435,0,522014,0,1154628,0,0,187.35000000000002,0.1293238696679449,0.045478142818354605,0.2394469774966906,-0.9860090065103841,0,0,24400,19754805.75,24200,1734977.4,0,0,1785483529859,2026-08-04 00:00:00,24400,17,0,0,1633426,1926435,0,0,0,37842136,0,460375,97.65,89.7,0,0,0,0,24600,24300,215762,275043,655,2150,0.0030449962111879204,0.00787854580366664,0,0.5000000000000284,0.16273542637553293,24600,215762,24300,275043,180.3,119.7
2026-07-31 00:00:00,2026-07-31 13:09:00,235,NIFTY,OK,24420.6,0.8999999999978172,1614351,-19075,1935312,8877,502939,-19075,1163505,8877,27952,188.5,0.21552074098301727,0.015871356006201095,0.24098027295025287,0.9403058747626591,0,0,24400,20179875.1,24200,1862351.55,0,0,1785483590510,2026-08-04 00:00:00,24400,17,-19075,8877,1633426,1926435,-0.011677908885985652,0.004607993521712385,-10198,38244070,401934,765026,99.75,88.75,2.0999999999999943,-0.9500000000000028,60191,30711,24600,24300,215363,275419,4,3159,0.00001857363750760358,0.011602879600381987,1.1499999999999773,0.8499999999999943,2.266442748256157,24600,215363,24300,275419,179.4,120.6
2026-07-31 00:00:00,2026-07-31 13:10:00,236,NIFTY,OK,24416.6,-4,1614251,-100,1945341,10029,502839,-100,1173534,10029,10129,188.8,0.2090200225194348,0.010612532357740187,0.2415326216890718,1.650983589278344,0,0,24400,20262329.55,24200,1855257.6,0,0,1785483650100,2026-08-04 00:00:00,24400,17,-100,10029,1614351,1935312,-0.00006194439746994303,0.005182110171383219,9929,38368194,124124,744026,99.4,89.4,-0.3499999999999943,0.6500000000000057,14005,10715,24600,24300,214883,276594,-809,3015,-0.003750718617287614,0.011020582720164925,0.30000000000001137,2,1.9906005126812818,24600,214883,24300,276594,183.4,116.6
2026-07-31 00:00:00,2026-07-31 13:11:00,237,NIFTY,OK,24416.6,0,1614251,0,1945341,0,502839,0,1173534,0,0,188.8,0.1758100366558864,0.010694905179191194,0.2415326216890718,1.3579208885487557,0,0,24400,20262329.55,24200,1855257.6,0,0,1785483709661,2026-08-04 00:00:00,24400,17,0,0,1614251,1945341,0,0,0,38368194,0,625812,99.4,89.4,0,0,0,0,24600,24300,214883,276594,-1133,1956,-0.00524498185319606,0.007122102549537937,0,1.0500000000000114,1.5272181543668406,24600,214883,24300,276594,183.4,116.6
2026-07-31 00:00:00,2026-07-31 13:12:00,238,NIFTY,OK,24416,-0.5999999999985448,1617880,3629,1954207,8866,506468,3629,1182400,8866,5237,187.05,0.21192596932829463,0.016150210430927667,0.2394093643515207,-0.8996932290074214,0,0,24400,20546418.75,24200,1799924.15,0,0,1785483770024,2026-08-04 00:00:00,24400,17,3629,8866,1614251,1945341,0.002248101441473476,0.00455755571902304,12495,38599154,230960,757018,96.85,90.2,-2.5500000000000114,0.7999999999999972,28681,22392,24600,24300,215812,278254,50,3211,0.0002317368211269825,0.011674538163123584,-1.75,-0.30000000000001137,-0.8821085542719357,24600,215812,24300,278254,184,116
2026-07-31 00:00:00,2026-07-31 13:13:00,239,NIFTY,OK,24415.6,-0.4000000000014552,1623967,6087,1959724,5517,512555,6087,1187917,5517,-570,187.95,0.2389106650099018,0.02783286731092221,0.24143212311307416,1.0605391269223123,0,0,24400,20720375,24200,1832557.5,0,0,1785483830100,2026-08-04 00:00:00,24400,17,6087,5517,1617880,1954207,0.0037623309516156946,0.00282314002559606,11604,38698318,99164,856182,97.75,90.2,0.9000000000000057,0,10641,8511,24600,24300,216322,278976,560,3933,0.002595452396622204,0.014299582247139538,0.8999999999999773,0.5999999999999659,0.22348267517710144,24600,216322,24300,278976,184.4,115.6
2026-07-31 00:00:00,2026-07-31 13:14:00,240,NIFTY,OK,24415.6,0,1623967,0,1959724,0,512555,0,1187917,0,0,187.95,0.1267542318799249,0.07491062151071662,0.24143212311307416,1.0388727655857668,0,0,24400,20720375,24200,1832557.5,0,0,1785483889939,2026-08-04 00:00:00,24400,17,0,0,1623967,1959724,0,0,0,38698318,0,454248,97.75,90.2,0,0,0,0,24600,24300,216322,278976,959,3557,0.004452946885026676,0.012914867892193349,0,-0.5500000000000114,0.17896499588153342,24600,216322,24300,278976,184.4,115.6
2026-07-31 00:00:00,2026-07-31 13:15:00,241,NIFTY,OK,24413.4,-2.1999999999970896,1628658,4691,1965554,5830,517246,4691,1193747,5830,1139,187.2,0.1265028328879877,0.07614179705197964,0.24106570891486273,0.5149133958876664,0,0,24400,20785815,24200,1792058.4,0,0,1785483951540,2026-08-04 00:00:00,24400,17,4691,5830,1623967,1959724,0.0028886054950623997,0.002974908711634904,10521,38822872,124554,454678,96.75,90.45,-1,0.25,15813,9411,24600,24400,217001,280452,2118,0,0.00985652657492682,0,-0.75,-1.6000000000000227,-1.0846025462989723,24600,217001,24300,279085,186.6,113.4
2026-07-31 00:00:00,2026-07-31 13:16:00,242,NIFTY,OK,24416.85,3.4499999999970896,1627758,-900,1972007,6453,516346,-900,1200200,6453,7353,187.05,0.167730115715887,0.0665348325325569,0.2402134296847923,-0.49702991958119125,0,0,24400,20853187.200000003,24200,1782234.0999999999,0,0,1785484009614,2026-08-04 00:00:00,24400,17,-900,6453,1628658,1965554,-0.0005526022037775887,0.003283043864477903,5553,38971983,149111,603789,96,91.05,-0.75,0.5999999999999943,14998,15826,24600,24400,216078,283205,1195,0,0.005561165843738221,0,-0.14999999999997726,-1.75,-1.127469042004246,24600,216078,24300,279910,183.15,116.85
2026-07-31 00:00:00,2026-07-31 13:17:00,243,NIFTY,OK,24418,1.1500000000014552,1631810,4052,1974107,2100,520398,4052,1202300,2100,-1952,187.8,0.12752733909294084,0.07356698771129035,0.24065776080089823,-0.14414249069969898,0,0,24400,21083698.599999998,24200,1809230,0,0,1785484070227,2026-08-04 00:00:00,24400,17,4052,2100,1627758,1972007,0.002489313522034602,0.0010649049420209968,6152,39059007,87024,459853,97.4,90.4,1.4000000000000057,-0.6499999999999915,10778,8741,24600,24400,216094,283969,282,0,0.0013066928623060813,0,0.75,0.75,-0.06941791588792166,24600,216094,24300,279917,182,118
2026-07-31 00:00:00,2026-07-31 13:18:00,244,NIFTY,OK,24416.7,-1.2999999999992724,1637240,5430,1975859,1752,525828,5430,1204052,1752,-3678,188.35,0.12223218904325622,0.06658862368868551,0.24220296900045027,1.5410413581968532,0,0,24400,21148106.55,24200,1802890.8,0,0,1785484130558,2026-08-04 00:00:00,24400,17,5430,1752,1631810,1974107,0.0033275932859830495,0.0008874898878328278,7182,39139955,80948,441637,97.85,90.5,0.44999999999998863,0.09999999999999432,7863,5029,24600,24400,216611,285086,289,0,0.0013359713760042898,0,0.549999999999983,0.4000000000000057,0.6315609488973888,24600,216611,24300,280009,183.3,116.7
2026-07-31 00:00:00,2026-07-31 13:19:00,245,NIFTY,OK,24419.8,3.099999999998545,1637794,554,1972138,-3721,526382,554,1200331,-3721,-4275,188.5,0.13113044788655298,0.05543420396643654,0.24155343467465681,0.5882335287189538,0,0,24400,21114943.2,24200,1848919.5999999999,0,0,1785484191016,2026-08-04 00:00:00,24400,17,554,-3721,1637240,1975859,0.00033837433729935745,-0.0018832315463805868,-3167,39171690,31735,473372,97.65,90.85,-0.19999999999998863,0.3499999999999943,2280,2551,24600,24400,217147,285809,825,0,0.0038137591183513464,0,0.15000000000000568,0.5500000000000114,0.8654724114519855,24600,217147,24300,280274,180.2,119.8
2026-07-31 00:00:00,2026-07-31 13:20:00,246,NIFTY,OK,24418.8,-1,1628889,-8905,1969378,-2760,517477,-8905,1197571,-2760,6145,188.10000000000002,0.16801282395108535,0.006707412890473158,0.24009113530653187,-1.0773567079688398,0,0,24400,21458170,24200,1960386.45,0,0,1785484250080,2026-08-04 00:00:00,24400,17,-8905,-2760,1637794,1972138,-0.00543719173473587,-0.0013994963841272772,-11665,39427427,255737,604555,98.65,89.45,1,-1.3999999999999915,33662,23077,24600,24400,216748,285522,-253,5070,-0.0011658932447315912,0.018077959864789696,-0.39999999999997726,0.9000000000000341,0.3883786668019321,24600,216748,24300,281071,181.2,118.8
2026-07-31 00:00:00,2026-07-31 13:21:00,247,NIFTY,OK,24415.65,-3.149999999997817,1633412,4523,1971892,2514,522000,4523,1200085,2514,-2009,187.8,0.1365252416994517,0.011253212518919578,0.24061705836641217,-0.3182213837813365,0,0,24400,21275718.75,24200,1906790.4,0,0,1785484311091,2026-08-04 00:00:00,24400,17,4523,2514,1628889,1969378,0.0027767392376030534,0.0012765451833015298,7037,39464198,36771,492215,97.6,90.2,-1.0500000000000114,0.75,5847,3871,24600,24400,216873,285692,795,2487,0.0036792269458251186,0.008781624618209425,-0.30000000000001137,0.75,0.05096471914383228,24600,216873,24300,281005,184.35,115.65
2026-07-31 00:00:00,2026-07-31 13:22:00,248,NIFTY,OK,24415.65,0,1633412,0,1971892,0,522000,0,1200085,0,0,187.8,0.11238747134776984,0.0015128667714732064,0.24061705836641217,-0.5880587574191323,0,0,24400,21275718.75,24200,1906790.4,0,0,1785484369493,2026-08-04 00:00:00,24400,17,0,0,1633412,1971892,0,0,0,39464198,0,405191,97.6,90.2,0,0,0,0,24600,24400,216873,285692,779,1723,0.0036049126768906126,0.006067563712940497,0,0,-0.1170411471960243,24600,216873,24300,281005,184.35,115.65
2026-07-31 00:00:00,2026-07-31 13:24:00,249,NIFTY,OK,24424.45,8.799999999999272,1622937,-10475,1979240,7348,511525,-10475,1207433,7348,17823,188.9,0.18033511401577434,0.016813449528093487,0.24198372691334266,1.3645314840449732,0,0,24400,22108823.55,24200,2069623.7999999998,0,0,1785484440235,2026-08-04 00:00:00,24400,17,-10475,7348,1633412,1971892,-0.006412956437200168,0.003726370409738464,-3127,39789554,325356,649599,100.5,88.4,2.9000000000000057,-1.7999999999999972,42415,27633,24600,24400,216634,290048,23,4962,0.00010618112653558684,0.017405274197961316,1.0999999999999943,0.5500000000000114,1.7960617551405202,24600,216634,24300,281511,175.55,124.45
2026-07-31 00:00:00,2026-07-31 13:26:00,250,NIFTY,OK,24427.7,3.25,1626389,3498,1755116,2455,532370,20845,1151356,-56077,-1043,187.85,0.23404016850485213,0.0022769544912358735,0.24244230427371896,1.6157358556835415,0,0,24400,22635660.599999998,24200,2172301.9499999997,0,0,1785484612127,2026-08-04 00:00:00,24450,16,3498,2455,1582109,1752110,0.00221097282172088,0.001401167734902489,5953,39061224,173544,791408,76.8,111.05,1,-1.8500000000000085,15834,6792,24600,24400,216933,291398,-214,5589,-0.0009855075133434954,0.01955501751169487,-1.0500000000000114,-0.6500000000000057,-0.15963320976925172,24600,216933,24300,281383,172.3,127.7
2026-07-31 00:00:00,2026-07-31 13:27:00,251,NIFTY,OK,24426.35,-1.3500000000021828,1611844,-14545,1750319,-4797,517825,-14545,1146559,-4797,9748,187.85,0.2087664994231392,0.013504638078833805,0.2417952607626716,0.6999049867455417,0,0,24400,22195519.4,24200,2166905.4,0,0,1785484669519,2026-08-04 00:00:00,24450,17,-14545,-4797,1626389,1755116,-0.008943124922758332,-0.0027331526805065877,-19342,39227460,166236,701907,75.8,112.05,-1,1,13339,8623,24600,24400,216618,288700,-130,3178,-0.0005997748537472087,0.011130490820322077,0,-0.2500000000000284,-0.31552737143376686,24600,216618,24300,280500,173.65,126.35
2026-07-31 00:00:00,2026-07-31 13:28:00,252,NIFTY,OK,24422.6,-3.75,1612360,690,1985508,8457,500948,-16877,1213701,67142,7767,188.39999999999998,0.2232911268562382,0.00917258754350413,0.24075199631127814,-0.6706089676756843,0,0,24400,22716693,24200,2176045.9,0,0,1785484730381,2026-08-04 00:00:00,24400,16,690,8457,1570888,1749767,0.00043924200834177866,0.004833214936617276,9147,40273526,138236,803372,101.85,86.55,0.29999999999999716,-1.1000000000000085,13158,10271,24600,24400,217554,291407,681,5715,0.003140086594458508,0.0200040603167047,0.549999999999983,0.5999999999999659,0.7252113302388409,24600,217554,24300,280968,177.4,122.6
2026-07-31 00:00:00,2026-07-31 13:29:00,253,NIFTY,OK,24417.05,-5.549999999999272,1608416,-3944,2000949,15441,497004,-3944,1229142,15441,19385,187.60000000000002,0.31012158648404914,0.00368788091575229,0.23983607418693853,-1.5508274953207437,0,0,24400,22421520,24200,2045491.2000000002,0,0,1785484792062,2026-08-04 00:00:00,24400,17,-3944,15441,1612360,1985508,-0.002446103847775931,0.0077768510628010564,11497,40589496,315970,1119342,98.65,88.95,-3.1999999999999886,2.4000000000000057,38250,28843,24600,24400,217312,295613,439,9921,0.0020242261600106975,0.03472620864427425,-0.7999999999999545,-0.19999999999998863,-1.3274033553629536,24600,217312,24300,285377,182.95,117.05
2026-07-31 00:00:00,2026-07-31 13:30:00,254,NIFTY,OK,24415.2,-1.8499999999985448,1614171,5755,2006485,5536,502759,5755,1234678,5536,-219,186.95,0.2393557962976875,0.021400259627866725,0.23986543313708983,-1.2349135943276275,0,0,24400,22326843.5,24200,2011188,0,0,1785484850338,2026-08-04 00:00:00,24400,17,5755,5536,1608416,2000949,0.003578054433678849,0.0027666872069203163,11291,40662135,72639,866625,97,89.95,-1.6500000000000057,1,8682,7214,24600,24400,217420,297786,786,7738,0.003628239334545824,0.02667834289496911,-0.6500000000000341,-1.950000000000017,-2.0058554781285136,24600,217420,24300,286202,184.8,115.2
2026-07-31 00:00:00,2026-07-31 13:31:00,255,NIFTY,OK,24415.2,0,1614171,0,2006485,0,502759,0,1234678,0,0,186.95,0.19142415076162994,0.018169593453001887,0.23986543313708983,-1.0089409042498387,0,0,24400,22326843.5,24200,2011188,0,0,1785484909675,2026-08-04 00:00:00,24400,17,0,0,1614171,2006485,0,0,0,40662135,0,693081,97,89.95,0,0,0,0,24600,24400,217420,297786,487,6388,0.0022449327672599373,0.021921907494217532,0,-0.9000000000000057,-1.5511003415474571,24600,217420,24300,286202,184.8,115.2
2026-07-31 00:00:00,2026-07-31 13:32:00,256,NIFTY,OK,24408.25,-6.950000000000728,1604844,-9327,2005657,-828,493432,-9327,1233850,-828,8499,185.95,0.25313356788988567,0.02383091212870881,0.23969615238737413,-1.106233400254259,0,0,24400,21689452.200000003,24200,1863923.2499999998,0,0,1785484969659,2026-08-04 00:00:00,24400,17,-9327,-828,1614171,2006485,-0.0057781982206346165,-0.0004126619436477223,-10155,41049229,387094,913939,93.4,92.55,-3.5999999999999943,2.5999999999999943,39289,48378,24600,24400,216049,298735,-569,10035,-0.0026267438532347268,0.03475926567370973,-1,-1.9000000000000057,-2.1186196698756423,24600,216049,24300,286790,191.75,108.25
2026-07-31 00:00:00,2026-07-31 13:33:00,257,NIFTY,OK,24404.1,-4.150000000001455,1609383,4539,2010065,4408,497971,4539,1238258,4408,-131,186.05,0.24643564433029566,0.024193882916405538,0.2410024218174163,0.22783132577261095,0,0,24400,21977366.400000002,24200,1859245.7,0,0,1785485030626,2026-08-04 00:00:00,24400,17,4539,4408,1604844,2005657,0.002828312284558499,0.00219778356917459,8947,41165487,116258,891961,93.8,92.25,0.3999999999999915,-0.29999999999999716,9878,13708,24600,24400,216655,301329,-899,9922,-0.004132307381155943,0.034048598695295584,0.10000000000002274,-2.349999999999966,-1.526190145453135,24600,216655,24300,288216,195.9,104.1
2026-07-31 00:00:00,2026-07-31 13:34:00,258,NIFTY,OK,24404.1,0,1609383,0,2010065,0,497971,0,1238258,0,0,186.05,0.1591378022284061,0.017505481856487343,0.2410024218174163,0.1873018918904339,0,0,24400,21977366.400000002,24200,1859245.7,0,0,1785485089807,2026-08-04 00:00:00,24400,17,0,0,1609383,2010065,0,0,0,41165487,0,575991,93.8,92.25,0,0,0,0,24600,24400,216655,301329,-657,5716,-0.0030233029008982478,0.01933609144388102,0,-1.5500000000000114,-1.227468863194408,24600,216655,24300,288216,195.9,104.1
2026-07-31 00:00:00,2026-07-31 13:35:00,259,NIFTY,OK,24402.4,-1.6999999999970896,1616428,7045,1995812,-14253,505016,7045,1224005,-14253,-21298,186.2,0.25639049454078355,0.009087139796835049,0.24178356818875404,1.0541196230945538,0,0,24400,21301293.25,24200,1804348.2999999998,0,0,1785485150004,2026-08-04 00:00:00,24400,17,7045,-14253,1609383,2010065,0.0043774539683841575,-0.00709081547114148,-7208,41588279,422792,926144,93,93.2,-0.7999999999999972,0.9500000000000028,44274,59167,24600,24400,216337,296058,-1083,-1728,-0.004981142489191427,-0.005802824847373617,0.14999999999997726,-0.75,-0.9178148291976559,24600,216337,24300,287764,197.6,102.4
2026-07-31 00:00:00,2026-07-31 13:36:00,260,NIFTY,OK,24402.4,0,1616428,0,1995812,0,505016,0,1224005,0,0,186.2,0.25639049454078355,0.009087139796835049,0.24178356818875404,1.261554892123325,0,0,24400,21301293.25,24200,1804348.2999999998,0,0,1785485209702,2026-08-04 00:00:00,24400,17,0,0,1616428,1995812,0,0,0,41588279,0,926144,93,93.2,0,0,0,0,24600,24400,216337,296058,-1083,-1728,-0.004981142489191427,-0.005802824847373617,0,-0.75,-0.7457980491663728,24600,216337,24300,287764,197.6,102.4
2026-07-31 00:00:00,2026-07-31 13:37:00,261,NIFTY,OK,24407,4.599999999998545,1640973,24545,1973607,-22205,529561,24545,1201800,-22205,-46750,185.8,0.21914440958562267,0.005149504806751545,0.23987945967588975,-0.8529207658291357,0,0,24400,20975041.5,24200,1820014.4000000001,0,0,1785485270560,2026-08-04 00:00:00,24400,17,24545,-22205,1616428,1995812,0.01518471592919697,-0.011125797419797055,2340,41841344,253065,792115,93.85,91.95,0.8499999999999943,-1.25,35170,32628,24600,24400,217750,287674,1701,-11061,0.007873213946836134,-0.03702612683482016,-0.39999999999997726,-0.14999999999997726,-1.0132044254535169,24600,217750,24300,284021,193,107
2026-07-31 00:00:00,2026-07-31 13:38:00,262,NIFTY,OK,24407,0,1640973,0,1973607,0,529561,0,1201800,0,0,185.8,0.18698078338285498,0.0072027070815276015,0.23987945967588975,-0.7223373975421659,0,0,24400,20975041.5,24200,1820014.4000000001,0,0,1785485329501,2026-08-04 00:00:00,24400,17,0,0,1640973,1973607,0,0,0,41841344,0,675857,93.85,91.95,0,0,0,0,24600,24400,217750,287674,1095,-13655,0.0050541182986776215,-0.04531591715367588,0,-0.25,-0.970218932267267,24600,217750,24300,284021,193,107
2026-07-31 00:00:00,2026-07-31 13:39:00,263,NIFTY,OK,24400.1,-6.900000000001455,1656261,15288,1975902,2295,544849,15288,1204095,2295,-12993,184.55,0.27046032901056477,0.012943372870934774,0.23879097992367002,-1.6736322617003,0,0,24400,20616762.6,24200,1669682.3,0,0,1785485390683,2026-08-04 00:00:00,24400,17,15288,2295,1640973,1973607,0.009316423853408922,0.001162845490515589,17583,42147843,306499,982356,90.8,93.75,-3.049999999999997,1.7999999999999972,38050,37768,24600,24400,217689,289175,1034,-12154,0.004772564676559507,-0.04033465083015574,-1.25,-1.5,-2.3570226039551403,24600,217689,24300,284324,199.9,100.1
2026-07-31 00:00:00,2026-07-31 13:40:00,264,NIFTY,OK,24400.1,0,1656261,0,1975902,0,544849,0,1204095,0,0,184.55,0.15405806402410904,0.03560450636567041,0.23879097992367002,-1.400020053808835,0,0,24400,20616762.6,24200,1669682.3,0,0,1785485449904,2026-08-04 00:00:00,24400,17,0,0,1656261,1975902,0,0,0,42147843,0,559564,90.8,93.75,0,0,0,0,24600,24400,217689,289175,1352,-6883,0.006249508868108553,-0.02324882286578981,0,-1.6499999999999773,-1.7974340685458385,24600,217689,24300,284324,199.9,100.1
2026-07-31 00:00:00,2026-07-31 13:41:00,265,NIFTY,OK,24394.95,-5.149999999997817,1644994,-11267,2003142,27240,533582,-11267,1231335,27240,38507,181.89999999999998,0.30242841823879374,0.032535121907006255,0.23521362807077112,-2.483099558259866,0,0,24400,20727879.75,24200,1614458.0999999999,0,0,1785485509963,2026-08-04 00:00:00,24400,17,-11267,27240,1656261,1975902,-0.006802671801123132,0.01378610882523526,15973,42691579,543736,1103300,86.8,95.1,-4,1.3499999999999943,59647,64706,24400,24400,216485,295322,0,-736,0,-0.0024859993649892927,-2.650000000000034,-4.300000000000011,-2.662737515673414,24600,215709,24300,289164,205.05,94.95
2026-07-31 00:00:00,2026-07-31 13:42:00,266,NIFTY,OK,24394.95,0,1644994,0,2003142,0,533582,0,1231335,0,0,181.89999999999998,0.23306011617987926,0.03946673566719789,0.23521362807077112,-1.7947351798530042,0,0,24400,20727879.75,24200,1614458.0999999999,0,0,1785485569675,2026-08-04 00:00:00,24400,17,0,0,1644994,2003142,0,0,0,42691579,0,850235,86.8,95.1,0,0,0,0,24400,24400,216485,295322,0,7648,0,0.026585649033280728,0,-3.900000000000034,-1.8644692689054863,24600,215709,24300,289164,205.05,94.95
2026-07-31 00:00:00,2026-07-31 13:43:00,267,NIFTY,OK,24397.65,2.7000000000007276,1653609,8615,2013297,10155,542197,8615,1241490,10155,1540,182.1,0.30362000007635864,0.0469988664799622,0.23553504164677208,-1.312845640301448,0,0,24400,21570332.7,24200,1695073.7999999998,0,0,1785485629970,2026-08-04 00:00:00,24400,17,8615,10155,1644994,2003142,0.005237101168758062,0.005069535759322105,18770,42954690,263111,1113346,89.75,92.35,2.950000000000003,-2.75,29474,33021,24400,24400,221001,296534,0,8860,0,0.030798751364391638,0.20000000000001705,-3.700000000000017,-1.3693259991624376,24600,215927,24300,290670,202.35,97.65
2026-07-31 00:00:00,2026-07-31 13:44:00,268,NIFTY,OK,24397.95,0.2999999999992724,1653609,0,2013302,5,542197,0,1241495,5,5,182.3,0.227667919946789,0.041622446510580495,0.23537153592239204,-1.1192729696544548,0,0,24400,21393079.650000002,24200,1687345.5,0,0,1785485689738,2026-08-04 00:00:00,24400,17,0,5,1653609,2013297,0,0.000002483488526531356,5,42982681,27991,834838,89.3,93,-0.45000000000000284,0.6500000000000057,3140,2980,24400,24400,221001,296534,0,7359,0,0.025448257975274488,0.20000000000001705,-2.25,-1.0243464378641551,24600,215927,24300,290670,202.05,97.95
2026-07-31 00:00:00,2026-07-31 13:45:00,269,NIFTY,OK,24393.7,-4.25,1667331,13722,2015729,2427,555919,13722,1243922,2427,-11295,182.05,0.2794309622976547,0.04945484720077811,0.2337455379908211,-1.4316801999781,0,0,24400,21299072.599999998,24200,1638693.75,0,0,1785485757039,2026-08-04 00:00:00,24400,17,13722,2427,1653609,2013302,0.008298213180987767,0.0012054823369767676,16149,43177004,194323,1029161,88.4,93.65,-0.8999999999999915,0.6500000000000057,22379,19717,24400,24400,224682,297604,0,8429,0,0.029148439526238436,-0.25,-2.5,-0.9575411702538544,24600,216525,24300,292282,206.3,93.7
2026-07-31 00:00:00,2026-07-31 13:46:00,270,NIFTY,OK,24393.7,0,1667331,0,2015729,0,555919,0,1243922,0,0,182.05,0.1317993733471624,0.07194520265746511,0.2337455379908211,-1.2367484586731419,0,0,24400,21299072.599999998,24200,1638693.75,0,0,1785485809857,2026-08-04 00:00:00,24400,17,0,0,1667331,2015729,0,0,0,43177004,0,485425,88.4,93.65,0,0,0,0,24400,24400,224682,297604,8197,2282,0.037864055246321915,0.007727158830022823,0,0.1500000000000341,-0.7888358808986795,24600,216525,24300,292282,206.3,93.7
2026-07-31 00:00:00,2026-07-31 13:47:00,271,NIFTY,OK,24396.6,2.899999999997817,1669796,2465,2018747,3018,558384,2465,1246940,3018,553,182.05,0.18621255059246972,0.05882918178999,0.2342071427812426,-0.8605008682586117,0,0,24400,21248252.6,24200,1610451.3,0,0,1785485870087,2026-08-04 00:00:00,24400,17,2465,3018,1667331,2015729,0.0014784107054927906,0.0014972250734101658,5483,43378432,201428,686853,88.05,94,-0.3500000000000085,0.3499999999999943,21499,27571,24400,24400,225645,298185,9160,2863,0.04231240039725616,0.009694502949323112,0,0.1500000000000341,-0.6345204358625628,24600,217399,24300,292677,203.4,96.6
2026-07-31 00:00:00,2026-07-31 13:48:00,272,NIFTY,OK,24399.1,2.5,1675714,5918,2009701,-9046,564302,5918,1237894,-9046,-14964,182.4,0.16408165701827337,0.030608110678028606,0.23439675975634358,-0.6283490410224087,0,0,24400,21598959.2,24200,1688087.2000000002,0,0,1785485930876,2026-08-04 00:00:00,24400,17,5918,-9046,1669796,2018747,0.0035441455123859443,-0.004480997371141604,-3128,43559399,180967,604709,90.4,92,2.3500000000000085,-2,22799,21551,24400,24400,227371,295693,6370,-841,0.028823398989144846,-0.0028360997389843996,0.3499999999999943,0.30000000000001137,-0.1862119945579262,24600,218239,24300,291418,200.9,99.1
2026-07-31 00:00:00,2026-07-31 13:49:00,273,NIFTY,OK,24400.5,1.4000000000014552,1678313,2599,2007450,-2251,566901,2599,1235643,-2251,-4850,182.05,0.19104646717653848,0.02677262863699883,0.23388726940017449,-0.7891980076654458,0,0,24400,22115485.599999998,24200,1748827.2,0,0,1785485991044,2026-08-04 00:00:00,24400,17,2599,-2251,1675714,2009701,0.0015509806566036926,-0.0011200671144613054,348,43686833,127434,704152,91.95,90.1,1.5499999999999972,-1.9000000000000057,15743,11764,24400,24400,227371,295693,6370,-841,0.028823398989144846,-0.0028360997389843996,-0.3499999999999943,-0.25,-0.37848071578336195,24600,218271,24300,290820,199.5,100.5
2026-07-31 00:00:00,2026-07-31 13:50:00,274,NIFTY,OK,24400.5,0,1678313,0,2007450,0,566901,0,1235643,0,0,182.05,0.13832386944033026,0.005301777654860748,0.23388726940017449,-0.9108144139589802,0,0,24400,22115485.599999998,24200,1748827.2,0,0,1785486049981,2026-08-04 00:00:00,24400,17,0,0,1678313,2007450,0,0,0,43686833,0,509829,91.95,90.1,0,0,0,0,24400,24400,227371,295693,2689,-1911,0.01196802592107957,-0.006421284660152417,0,0,-0.23583599218499735,24600,218271,24300,290820,199.5,100.5
2026-07-31 00:00:00,2026-07-31 13:51:00,275,NIFTY,OK,24402.05,1.5499999999992724,1691799,13486,1988113,-19337,580387,13486,1216306,-19337,-32823,182.3,0.20095643591477189,0.004256918845385138,0.23439642071479452,-0.06435276067804309,0,0,24400,21584346.1,24200,1726294.65,0,0,1785486109590,2026-08-04 00:00:00,24400,17,13486,-19337,1678313,2007450,0.008035449883305438,-0.00963261849610202,-5851,43916506,229673,739502,91.8,90.5,-0.15000000000000568,0.4000000000000057,31985,25483,24400,24400,231476,290475,6794,-7129,0.030238292342065674,-0.023954651147162002,0.25,0.25,1.190035701606815,24600,219417,24300,287795,197.95,102.05
2026-07-31 00:00:00,2026-07-31 13:52:00,276,NIFTY,OK,24402.3,0.25,1691799,0,1988113,0,580387,0,1216306,0,0,182.5,0.1484027335436282,0.015804537189462176,0.2341072415699283,-0.36358909184557214,0,0,24400,21584346.1,24200,1745181.9,0,0,1785486169919,2026-08-04 00:00:00,24400,17,0,0,1691799,1988113,0,0,0,43924541,8035,546109,92,90.5,0.20000000000000284,0,1263,517,24400,24400,231476,290475,5831,-7710,0.025841476655808902,-0.025856431410030686,0.19999999999998863,0.44999999999998863,1.9161420537183014,24600,219417,24300,287795,197.7,102.3
2026-07-31 00:00:00,2026-07-31 13:53:00,277,NIFTY,OK,24404.2,1.9000000000014552,1692306,507,1972936,-15177,580894,507,1201129,-15177,-15684,182.9,0.18222616678516726,0.03020348763218611,0.23387431049325616,-0.6189890164949929,0,0,24400,21548053.05,24200,1811632.2000000002,0,0,1785486229825,2026-08-04 00:00:00,24400,17,507,-15177,1691799,1988113,0.00029968099047227243,-0.007633871917743106,-14670,44227302,302761,667903,93.5,89.4,1.5,-1.0999999999999943,44470,31159,24400,24400,228781,286458,1410,-9235,0.006201318549859041,-0.03123171667912328,0.4000000000000057,0.5,2.3826930832059405,24600,220113,24300,285112,195.8,104.2
2026-07-31 00:00:00,2026-07-31 13:54:00,278,NIFTY,OK,24404.2,0,1692306,0,1972936,0,580894,0,1201129,0,0,182.9,0.14745793047225803,0.037968875180630156,0.23387431049325616,-0.5857479857742496,0,0,24400,21548053.05,24200,1811632.2000000002,0,0,1785486289821,2026-08-04 00:00:00,24400,17,0,0,1692306,1972936,0,0,0,44227302,0,540469,93.5,89.4,0,0,0,0,24400,24400,228781,286458,1410,-9235,0.006201318549859041,-0.03123171667912328,0,0.8499999999999943,1.7527148346269614,24600,220113,24300,285112,195.8,104.2
2026-07-31 00:00:00,2026-07-31 13:55:00,279,NIFTY,OK,24407.5,3.2999999999992724,1696576,4270,1973196,260,585164,4270,1201389,260,-4010,182.7,0.19008510610468443,0.02292389713419031,0.2337754744432526,-1.0326025725416788,0,0,24400,21694219.950000003,24200,1818973.6500000001,0,0,1785486350748,2026-08-04 00:00:00,24400,17,4270,260,1692306,1972936,0.0025231843413661597,0.00013178329150058594,4530,44384402,157100,697569,93.9,88.8,0.4000000000000057,-0.6000000000000085,22673,13025,24400,24400,229451,286320,2080,-9373,0.009148044385607663,-0.03169841693919031,-0.20000000000001705,0.6499999999999773,0.9351103149804136,24600,220908,24300,284626,192.5,107.5
2026-07-31 00:00:00,2026-07-31 13:56:00,280,NIFTY,OK,24409.05,1.5499999999992724,1683795,-12781,1974437,1241,572383,-12781,1202630,1241,14022,183.3,0.17144019296753185,0.034568090208684114,0.23296565501997812,-2.5028030916610806,0,0,24400,21780196,24200,1876246,0,0,1785486410310,2026-08-04 00:00:00,24400,17,-12781,1241,1696576,1973196,-0.007533408465049606,0.0006289289051873205,-11540,44543674,159272,627168,94.85,88.45,0.9499999999999886,-0.3499999999999943,25165,19577,24400,24400,225308,286249,-6168,-4226,-0.02664639098653856,-0.01454858421550908,0.6000000000000227,1,1.9294692360856807,24600,220069,24300,284828,190.95,109.05
2026-07-31 00:00:00,2026-07-31 13:57:00,281,NIFTY,OK,24409.05,0,1683795,0,1974437,0,572383,0,1202630,0,0,183.3,0.16924377677522912,0.03501670884931025,0.23296565501997812,-1.7969792209239204,0,0,24400,21780196,24200,1876246,0,0,1785486469673,2026-08-04 00:00:00,24400,17,0,0,1683795,1974437,0,0,0,44543674,0,619133,94.85,88.45,0,0,0,0,24400,24400,225308,286249,-6168,-4226,-0.02664639098653856,-0.01454858421550908,0,0.8000000000000114,1.5145424598073243,24600,220069,24300,284828,190.95,109.05
2026-07-31 00:00:00,2026-07-31 13:58:00,282,NIFTY,OK,24408.3,-0.75,1689052,5257,1973911,-526,577640,5257,1202104,-526,-5783,183.3,0.1100019301314264,0.005656027180697535,0.2339147142811649,0.34659617840245954,0,0,24400,21763942.200000003,24200,1826962.5,0,0,1785486530443,2026-08-04 00:00:00,24400,17,5257,-526,1683795,1974437,0.0031221140340718435,-0.0002664050562261546,4731,44630235,86561,402933,93.75,89.55,-1.0999999999999943,1.0999999999999943,13200,7448,24400,24400,227641,289575,-1140,3117,-0.004982931274887338,0.010881176298096056,0,0.4000000000000057,1.216350359362557,24600,220829,24300,283182,191.7,108.3
2026-07-31 00:00:00,2026-07-31 13:59:00,283,NIFTY,OK,24408.3,0,1689052,0,1973911,0,577640,0,1202104,0,0,183.3,0.1100019301314264,0.005656027180697535,0.2339147142811649,0.3395785938125852,0,0,24400,21763942.200000003,24200,1826962.5,0,0,1785486589629,2026-08-04 00:00:00,24400,17,0,0,1689052,1973911,0,0,0,44630235,0,402933,93.75,89.55,0,0,0,0,24400,24400,227641,289575,-1140,3117,-0.004982931274887338,0.010881176298096056,0,0.4000000000000057,1.0202960717963074,24600,220829,24300,283182,191.7,108.3
2026-07-31 00:00:00,2026-07-31 14:00:00,284,NIFTY,OK,24411.85,3.5499999999992724,1687424,-1628,1976945,3034,576012,-1628,1205138,3034,4662,184.05,0.12006077990508052,0.012281024759800613,0.2340472908493271,0.5989130221748982,0,0,24400,22471472.8,24200,1948514.4,0,0,1785486649693,2026-08-04 00:00:00,24400,17,-1628,3034,1689052,1973911,-0.0009638542803892361,0.0015370500493689938,1406,44824349,194114,439947,96.4,87.65,2.6500000000000057,-1.8999999999999915,27597,19727,24400,24400,227591,291993,-1860,5673,-0.008106305921525728,0.01981349538977368,0.75,1.3500000000000227,2.082770764223541,24600,220441,24300,283522,188.15,111.85
2026-07-31 00:00:00,2026-07-31 14:01:00,285,NIFTY,OK,24410.35,-1.5,1676556,-10868,1981416,4471,565144,-10868,1209609,4471,15339,184.05,0.11375811515233031,0.0006248137574376869,0.23456017978671562,1.6343634805933254,0,0,24400,22741582.599999998,24200,1975713.6,0,0,1785486710336,2026-08-04 00:00:00,24400,17,-10868,4471,1687424,1976945,-0.006440586361222787,0.0022615702510692002,-6397,44959798,135449,416124,97.15,86.9,0.75,-0.75,21739,13306,24400,24400,223592,292809,-1716,6560,-0.007616240879152094,0.022917110627460706,0,0.75,1.675214585213231,24600,219223,24300,283459,189.65,110.35
2026-07-31 00:00:00,2026-07-31 14:02:00,286,NIFTY,OK,24402.5,-7.849999999998545,1676556,0,1981416,0,565144,0,1209609,0,0,184.05,0.11375811515233031,0.0006248137574376869,0.23711493204995016,2.734131264115283,0,0,24400,22741582.599999998,24200,1975713.6,0,0,1785486770110,2026-08-04 00:00:00,24400,17,0,0,1676556,1981416,0,0,0,44959798,0,416124,97.15,86.9,0,0,0,0,24400,24400,223592,292809,-1716,6560,-0.007616240879152094,0.022917110627460706,0,0.75,1.3880549118448915,24600,219223,24300,283459,197.5,102.5
2026-07-31 00:00:00,2026-07-31 14:03:00,287,NIFTY,OK,24401.45,-1.0499999999992724,1652202,-24354,1980344,-1072,540790,-24354,1208537,-1072,23282,182.4,0.226230307888737,0.037013015458899574,0.23328543296609702,-0.6703435153822078,0,0,24400,22446765.150000002,24200,1823430,0,0,1785486830697,2026-08-04 00:00:00,24400,17,-24354,-1072,1676556,1981416,-0.014526207296386163,-0.0005410272249744627,-25426,45452027,492229,821792,93.4,89,-3.75,2.0999999999999943,64524,58110,24400,24400,219965,296084,-7676,6509,-0.03371976050008566,0.022477769144435812,-1.6500000000000057,-0.9000000000000057,-1.7055769101068472,24600,216164,24300,281729,198.55,101.45
2026-07-31 00:00:00,2026-07-31 14:04:00,288,NIFTY,OK,24397.1,-4.350000000002183,1644970,-7232,1983561,3217,533558,-7232,1211754,3217,10449,182.45,0.22648063362280768,0.041898679957945564,0.23597894848758771,1.3644461686056308,0,0,24400,22839054.75,24200,1911423.5000000002,0,0,1785486889899,2026-08-04 00:00:00,24400,17,-7232,3217,1652202,1980344,-0.00437718874568606,0.0016244652444221811,-4015,45418267,0,821792,94.25,88.2,0.8499999999999943,-0.7999999999999972,0,0,24400,24400,217619,298180,-10022,8605,-0.04402546114276427,0.02971596304929638,0.04999999999998295,-0.8500000000000227,-1.4041012852039765,24600,216096,24300,282517,202.9,97.1
2026-07-31 00:00:00,2026-07-31 14:05:00,289,NIFTY,OK,24392.5,-4.599999999998545,1647750,2780,1979377,-4184,536338,2780,1207570,-4184,-6964,183.14999999999998,0.29537482420659655,0.034761359839158006,0.23375781971896803,-0.38914888303929185,0,0,24400,21187749,24200,1679219.1,0,0,1785486950632,2026-08-04 00:00:00,24400,17,2780,-4184,1644970,1983561,0.0016900004255396754,-0.0021093377012353035,-1404,45861951,443684,1071362,89.8,93.35,-4.450000000000003,5.1499999999999915,51796,64821,24400,24400,217981,295127,-9610,3134,-0.042224868294440464,0.010733134013486625,0.6999999999999886,-0.9000000000000341,-0.3255019995906049,24600,216298,24300,282472,207.5,92.5
2026-07-31 00:00:00,2026-07-31 14:06:00,290,NIFTY,OK,24388.2,-4.299999999999272,1642801,-4949,1978757,-620,531389,-4949,1206950,-620,4329,182.25,0.3372159164646818,0.029817064033729457,0.2327040013607177,-1.1742145579887482,0,0,24400,20991332.7,24200,1617202.8,0,0,1785487014557,2026-08-04 00:00:00,24400,17,-4949,-620,1647750,1979377,-0.003003489607039903,-0.00031322986980246816,-5569,46147285,285334,1221247,87.5,94.75,-2.299999999999997,1.4000000000000057,31146,37108,24400,24400,218130,297518,-5462,4709,-0.024428423199398905,0.01608215594466017,-0.8999999999999773,-1.8000000000000114,-1.495181584358531,24600,216440,24300,283848,211.8,88.2
2026-07-31 00:00:00,2026-07-31 14:07:00,291,NIFTY,OK,24388.2,0,1642801,0,1978757,0,531389,0,1206950,0,0,182.25,0.3372159164646818,0.029817064033729457,0.2327040013607177,-1.1299866493772255,0,0,24400,20991332.7,24200,1617202.8,0,0,1785487070184,2026-08-04 00:00:00,24400,17,0,0,1642801,1978757,0,0,0,46147285,0,1221247,87.5,94.75,0,0,0,0,24400,24400,218130,297518,-5462,4709,-0.024428423199398905,0.01608215594466017,0,-1.8000000000000114,-1.2203198952446275,24600,216440,24300,283848,211.8,88.2
2026-07-31 00:00:00,2026-07-31 14:08:00,292,NIFTY,OK,24396.9,8.700000000000728,1632194,-10607,1976416,-2341,520782,-10607,1204609,-2341,8266,183.35,0.2632077170988275,0.02520072351007671,0.23612156417948454,1.1858156593413645,0,0,24400,20984980,24200,1669135,0,0,1785487129679,2026-08-04 00:00:00,24400,17,-10607,-2341,1642801,1978757,-0.006456655431789973,-0.0011830659348267625,-12948,46368081,220796,949814,89.5,93.85,2,-0.9000000000000057,22476,30693,24600,24400,216277,294262,0,-1822,0,-0.006153659096742817,1.0999999999999943,0.9499999999999886,0.30623565295454847,24600,216277,24300,282075,203.1,96.9
2026-07-31 00:00:00,2026-07-31 14:09:00,293,NIFTY,OK,24393.9,-3,1647975,15781,1963632,-12784,536563,15781,1191825,-12784,-28565,183.1,0.33041274978146845,0.014182269481556094,0.2343411609834816,-0.0843790883640428,0,0,24400,20661964.049999997,24200,1634944,0,0,1785487191256,2026-08-04 00:00:00,24400,17,15781,-12784,1632194,1976416,0.009668581063280468,-0.006468273885659699,2997,46611588,243507,1193321,89,94.1,-0.5,0.25,34306,31224,24400,24400,219707,290960,2088,-7220,0.009594750458369904,-0.024213562277818765,-0.25,0.6500000000000057,-0.013963157940945587,24600,216774,24300,279074,206.1,93.9
2026-07-31 00:00:00,2026-07-31 14:10:00,294,NIFTY,OK,24392.8,-1.1000000000021828,1665589,17614,1962759,-873,554177,17614,1190952,-873,-18487,182.05,0.24357586427762717,0.0013815686744861266,0.23238814704474103,-1.2260954869377934,0,0,24400,20639394,24200,1533148.95,0,0,1785487249657,2026-08-04 00:00:00,24400,17,17614,-873,1647975,1963632,0.01068826893611857,-0.00044458432129849176,16741,46745729,134141,883778,87.1,94.95,-1.9000000000000057,0.8500000000000085,17419,17569,24400,24400,225043,293633,7062,-1494,0.03239731903239273,-0.005062227447844487,-1.049999999999983,-1.099999999999966,-1.2200115799376556,24600,218100,24300,278740,207.2,92.8
2026-07-31 00:00:00,2026-07-31 14:11:00,295,NIFTY,OK,24394.95,2.150000000001455,1667906,2317,1961350,-1409,556494,2317,1189543,-1409,-3726,182.85000000000002,0.19426819160731565,0.010918390069342698,0.23455597430861527,0.1676307644853671,0,0,24400,21033572.4,24200,1628815.1500000001,0,0,1785487310027,2026-08-04 00:00:00,24400,17,2317,-1409,1665589,1962759,0.0013910994849269539,-0.0007178670432793837,908,46852334,106605,705049,89.7,93.15,2.6000000000000085,-1.7999999999999972,13019,14044,24400,24400,225152,292465,7022,-5053,0.032191812222069405,-0.016983846355514625,0.8000000000000114,0.6000000000000227,0.10100094127705113,24600,218217,24300,279037,205.05,94.95
2026-07-31 00:00:00,2026-07-31 14:12:00,296,NIFTY,OK,24402.45,7.5,1672673,4767,1963697,2347,561261,4767,1191890,2347,-2420,182.7,0.24111847804266343,0.016893325243272094,0.23440090109236186,0.3026608300164164,0,0,24400,22023719.2,24200,1755898.75,0,0,1785487370339,2026-08-04 00:00:00,24400,17,4767,2347,1667906,1961350,0.0028580747356265882,0.0011966247737527722,7114,47024081,171747,876796,92.8,89.9,3.0999999999999943,-3.25,22303,22276,24400,24400,226553,293901,8423,-3617,0.03861458763122908,-0.0121572476287149,-0.1500000000000341,0.44999999999998863,0.10704429312360368,24600,218149,24300,279464,197.55,102.45
2026-07-31 00:00:00,2026-07-31 14:13:00,297,NIFTY,OK,24404.65,2.2000000000007276,1666928,-5745,1945817,-17880,555516,-5745,1174010,-17880,-12135,182.65,0.23093797098881874,0.004956131939783296,0.23372164707382892,-0.28183649733446714,0,0,24400,21606718.8,24200,1755680.7999999998,0,0,1785487429565,2026-08-04 00:00:00,24400,17,-5745,-17880,1672673,1963697,-0.0034346223081259757,-0.009105274388054776,-23625,47202401,178320,834320,93.25,89.4,0.45000000000000284,-0.5,28858,13809,24400,24400,225291,287173,0,-7089,0,-0.024090776247017963,-0.04999999999998295,-0.6999999999999886,-0.07284643967679834,24600,216444,24300,276829,195.35,104.65
2026-07-31 00:00:00,2026-07-31 14:14:00,298,NIFTY,OK,24403.05,-1.6000000000021828,1670544,3616,1946465,648,559132,3616,1174658,648,-2968,182.9,0.20800528834736104,0.007180101999449729,0.233890773009005,0.030686928525499414,0,0,24400,21697550,24200,1783470.1500000001,0,0,1785487491567,2026-08-04 00:00:00,24400,17,3616,648,1666928,1945817,0.0021692598600539436,0.0003330220673372676,4264,47363945,161544,752357,93.7,89.2,0.45000000000000284,-0.20000000000000284,20546,18060,24400,24400,225395,287637,5688,-3323,0.025889024928654983,-0.011420813857574924,0.25,-0.19999999999998863,0.42807250939344127,24600,217177,24300,275817,196.95,103.05
2026-07-31 00:00:00,2026-07-31 14:15:00,299,NIFTY,OK,24403.05,0,1670544,0,1946465,0,559132,0,1174658,0,0,182.9,0.1709191212960764,0.01834148582372504,0.233890773009005,0.018015028255488185,0,0,24400,21697550,24200,1783470.1500000001,0,0,1785487549572,2026-08-04 00:00:00,24400,17,0,0,1670544,1946465,0,0,0,47363945,0,618216,93.7,89.2,0,0,0,0,24400,24400,225395,287637,352,-5996,0.0015641455188563963,-0.020420048155350385,0,0.8499999999999943,0.5138349955386815,24600,217177,24300,275817,196.95,103.05
2026-07-31 00:00:00,2026-07-31 14:16:00,300,NIFTY,OK,24402.85,-0.2000000000007276,1657016,-13528,1953345,6880,545604,-13528,1181538,6880,20408,183.05,0.17253316219624576,0.03033358109637554,0.23454363899039707,0.4944865823712463,0,0,24400,21969488,24200,1823354.9,0,0,1785487610121,2026-08-04 00:00:00,24400,17,-13528,6880,1670544,1946465,-0.008097960903753507,0.003534612746697218,-6648,47475241,111296,622907,94,89.05,0.29999999999999716,-0.15000000000000568,15186,12325,24400,24400,222563,290457,-2589,-2008,-0.011498898521887436,-0.0068657788111397946,0.15000000000000568,0.19999999999998863,0.7291972745477121,24600,215585,24300,276392,197.15,102.85
2026-07-31 00:00:00,2026-07-31 14:17:00,301,NIFTY,OK,24396.75,-6.099999999998545,1657188,172,1953345,0,545776,172,1181538,0,-172,183.8,0.164915817138356,0.04339187886482801,0.23840462010467425,2.4615434980531457,0,0,24400,22409411,24200,1921810.9500000002,0,0,1785487672178,2026-08-04 00:00:00,24400,17,172,0,1657016,1953345,0.00010380104959758989,0,172,47619515,144274,595434,96.4,87.4,2.4000000000000057,-1.6499999999999915,23441,14255,24400,24400,222563,290457,-3990,-3444,-0.017611772962618018,-0.011718231649432972,0.75,1.1000000000000227,1.9895574493008092,24600,215585,24300,276392,203.25,96.75
2026-07-31 00:00:00,2026-07-31 14:18:00,302,NIFTY,OK,24395.7,-1.0499999999992724,1639121,-18067,1958375,5030,527709,-18067,1186568,5030,23097,182.15,0.17351735762875067,0.02442857417482074,0.2336281490469042,-0.5080434357952053,0,0,24400,21888425,24200,1823065.2000000002,0,0,1785487730220,2026-08-04 00:00:00,24400,17,-18067,5030,1657188,1953345,-0.010902203008952515,0.0025750699441214942,-13037,47826629,207114,624228,91.95,90.2,-4.450000000000003,2.799999999999997,29780,24249,24400,24400,218216,293233,-7075,6060,-0.031403828825829705,0.02110226239932027,-1.6500000000000057,-0.5,-1.4209369271511039,24600,214494,24300,277020,204.3,95.7
2026-07-31 00:00:00,2026-07-31 14:19:00,303,NIFTY,OK,24391.85,-3.850000000002183,1633072,-6049,1960702,2327,521660,-6049,1188895,2327,8376,181.85000000000002,0.14589565175773433,0.044314878813539925,0.23289363015959233,-0.8694280573219191,0,0,24400,21548473.8,24200,1795433.5,0,0,1785487790017,2026-08-04 00:00:00,24400,17,-6049,2327,1639121,1958375,-0.003690392594567454,0.0011882300376587732,-3722,47888261,61632,524316,90.2,91.65,-1.75,1.4500000000000028,8780,6272,24400,24400,217094,293868,-8301,6231,-0.036828678542114954,0.021662720720908645,-0.29999999999998295,-1.049999999999983,-1.5641617377200605,24600,214750,24300,276795,208.15,91.85
2026-07-31 00:00:00,2026-07-31 14:20:00,304,NIFTY,OK,24393.95,2.100000000002183,1632393,-679,1959113,-1589,520981,-679,1187306,-1589,-910,181.89999999999998,0.1941054810990153,0.03658279433851026,0.23273273273273262,-1.021763355814539,0,0,24400,21561975.349999998,24200,1803533.2,0,0,1785487850370,2026-08-04 00:00:00,24400,17,-679,-1589,1633072,1960702,-0.00041578081064398876,-0.0008104240216004268,-2268,48061076,172815,697131,90.3,91.6,0.09999999999999432,-0.05000000000001137,17915,22852,24400,24400,217094,293868,-8301,6231,-0.036828678542114954,0.021662720720908645,0.049999999999954525,-1.0000000000000284,-1.3927837551520363,24600,214750,24300,276795,206.05,93.95
2026-07-31 00:00:00,2026-07-31 14:21:00,305,NIFTY,OK,24392.9,-1.0499999999992724,1637549,5156,1964262,5149,526137,5156,1192455,5149,-7,182,0.1782120161218898,0.013320122264701209,0.2332666269266794,-0.5707260111662544,0,0,24400,22104471.35,24200,1831737.7,0,0,1785487909690,2026-08-04 00:00:00,24400,17,5156,5149,1632393,1959113,0.0031585531180297883,0.0026282302245965393,10305,48117127,56051,641886,91.2,90.8,0.9000000000000057,-0.7999999999999972,7262,7444,24400,24400,221051,297916,-1512,7459,-0.006793582041938687,0.025680221168709997,0.10000000000002274,-1.0500000000000114,-1.0046283151539992,24600,214156,24300,276343,207.1,92.9
2026-07-31 00:00:00,2026-07-31 14:22:00,306,NIFTY,OK,24392.9,0,1637549,0,1964262,0,526137,0,1192455,0,0,182,0.13815605538436082,0.017527712354203678,0.2332666269266794,-0.4905125139770109,0,0,24400,22104471.35,24200,1831737.7,0,0,1785487969582,2026-08-04 00:00:00,24400,17,0,0,1637549,1964262,0,0,0,48117127,0,497612,91.2,90.8,0,0,0,0,24400,24400,221051,297916,-1512,7459,-0.006793582041938687,0.025680221168709997,0,-1.8000000000000114,-0.8507459883048532,24600,214156,24300,276343,207.1,92.9
2026-07-31 00:00:00,2026-07-31 14:23:00,307,NIFTY,OK,24394.4,1.5,1641125,3576,1965523,1261,529713,3576,1193716,1261,-2315,181.5,0.12758633501245478,0.01988877757470787,0.2319195620220271,-1.1530339296816512,0,0,24400,21654585.45,24200,1686168.15,0,0,1785488029635,2026-08-04 00:00:00,24400,17,3576,1261,1637549,1964262,0.002183751448048272,0.000641971386709105,4837,48286788,169661,460159,88.6,92.9,-2.6000000000000085,2.1000000000000085,21506,20919,24400,24400,221407,299516,3191,6283,0.014623125710305385,0.0214266470690543,-0.5,-0.6500000000000057,-1.3304148909058462,24600,214668,24300,275585,205.6,94.4
2026-07-31 00:00:00,2026-07-31 14:24:00,308,NIFTY,OK,24398.9,4.5,1643635,2510,1962911,-2612,532223,2510,1191104,-2612,-5122,181.9,0.1580858805072776,0.02240135825335354,0.23223213619452743,-0.8323574284388505,0,0,24400,22113511,24200,1796977.2999999998,0,0,1785488089992,2026-08-04 00:00:00,24400,17,2510,-2612,1641125,1965523,0.0015294386472694036,-0.0013289083872333215,-102,48458405,171617,570144,90.95,90.95,2.3500000000000085,-1.9500000000000028,18848,21961,24400,24400,223283,298539,6189,4671,0.02850838807152662,0.01589489158397648,0.4000000000000057,0.04999999999998295,-0.6012549551359552,24600,214668,24300,275585,201.1,98.9
2026-07-31 00:00:00,2026-07-31 14:25:00,309,NIFTY,OK,24397.95,-0.9500000000007276,1643416,-219,1962171,-740,532004,-219,1190364,-740,-521,181.64999999999998,0.11707414077097571,0.03335773391989501,0.23299441043385705,-0.33995884847725255,0,0,24400,22635444.8,24200,1851360,0,0,1785488150178,2026-08-04 00:00:00,24400,17,-219,-740,1643635,1962911,-0.00013324126098555945,-0.0003769911116703712,-959,48483197,24792,422121,92.6,89.05,1.6499999999999915,-1.9000000000000057,3151,2688,24400,24400,223283,298539,6189,4671,0.02850838807152662,0.01589489158397648,-0.2500000000000284,-0.25,-0.7939685109684108,24600,214751,24300,275201,202.05,97.95
2026-07-31 00:00:00,2026-07-31 14:26:00,310,NIFTY,OK,24403.6,5.649999999997817,1649143,5727,1958762,-3409,537731,5727,1186955,-3409,-9136,182.35,0.16494142722715815,0.010240416203853851,0.23283588444425546,-0.33648540156573503,0,0,24400,23045706.900000002,24200,1927423.5,0,0,1785488210215,2026-08-04 00:00:00,24400,17,5727,-3409,1643416,1962171,0.0034848145569959157,-0.0017373613207003875,2318,48712220,229023,595093,94.6,87.75,2,-1.2999999999999972,31931,30223,24400,24400,225660,299174,4609,1258,0.020850391990988506,0.004222666791981632,0.700000000000017,0.3499999999999943,0.39568204883817254,24600,214190,24300,274957,196.4,103.6
2026-07-31 00:00:00,2026-07-31 14:27:00,311,NIFTY,OK,24403.6,0,1649143,0,1958762,0,537731,0,1186955,0,0,182.35,0.16494142722715815,0.010240416203853851,0.23283588444425546,-0.052193168797687546,0,0,24400,23045706.900000002,24200,1927423.5,0,0,1785488270098,2026-08-04 00:00:00,24400,17,0,0,1649143,1958762,0,0,0,48712220,0,595093,94.6,87.75,0,0,0,0,24400,24400,225660,299174,4609,1258,0.020850391990988506,0.004222666791981632,0,0.3499999999999943,1.4871073433523962,24600,214190,24300,274957,196.4,103.6
2026-07-31 00:00:00,2026-07-31 14:28:00,312,NIFTY,OK,24405,1.4000000000014552,1643984,-5159,1955430,-3332,532572,-5159,1183623,-3332,1827,181.95,0.18733827228543312,0.010728035259851582,0.2326766918893607,-0.22251115237051622,0,0,24400,23115054.5,24200,1957285.2000000002,0,0,1785488331006,2026-08-04 00:00:00,24400,17,-5159,-3332,1649143,1958762,-0.0031282914823032326,-0.0017010744541705424,-8491,48961096,248876,674308,94,87.95,-0.5999999999999943,0.20000000000000284,33529,23120,24400,24400,222381,300664,974,1148,0.004399138238628408,0.0038328503318687483,-0.4000000000000057,0.44999999999998863,0.019884999542378348,24600,215717,24300,275074,195,105
2026-07-31 00:00:00,2026-07-31 14:29:00,313,NIFTY,OK,24405,0,1643984,0,1955430,0,532572,0,1183623,0,0,181.95,0.13965912229046173,0.014187642110163103,0.2326766918893607,-0.1688128365570784,0,0,24400,23115054.5,24200,1957285.2000000002,0,0,1785488390216,2026-08-04 00:00:00,24400,17,0,0,1643984,1955430,0,0,0,48961096,0,502691,94,87.95,0,0,0,0,24400,24400,222381,300664,-902,2125,-0.0040397164136992065,0.007117997983513042,0,0.04999999999998295,-0.020044145734439547,24600,215717,24300,275074,195,105
2026-07-31 00:00:00,2026-07-31 14:30:00,314,NIFTY,OK,24398.6,-6.400000000001455,1637773,-6211,1952145,-3285,526361,-6211,1180338,-3285,2926,180.60000000000002,0.20055667009664288,0.0217630440761019,0.23193073002196654,-1.5718990640065749,0,0,24400,22330524.25,24200,1851829.6,0,0,1785488451100,2026-08-04 00:00:00,24400,17,-6211,-3285,1643984,1955430,-0.0037780173043046646,-0.0016799374050720302,-9496,49203179,242083,719982,89.9,90.7,-4.099999999999994,2.75,29312,24564,24600,24400,219492,300376,0,1837,0,0.006153299903865156,-1.349999999999966,-1.0499999999999545,-2.5619711178597955,24600,219492,24300,275657,201.4,98.6
2026-07-31 00:00:00,2026-07-31 14:31:00,315,NIFTY,OK,24394.85,-3.75,1630440,-7333,1956892,4747,519028,-7333,1185085,4747,12080,181.05,0.20859820055684838,0.02749257995672922,0.23172992902964565,-1.5772978468149297,0,0,24400,22530608.099999998,24200,1872337.2,0,0,1785488509626,2026-08-04 00:00:00,24400,17,-7333,4747,1637773,1952145,-0.004477421474160338,0.0024316841218249667,-2586,49460531,257352,748311,89.7,91.35,-0.20000000000000284,0.6499999999999915,27330,29221,24400,24400,218195,305118,-7465,5944,-0.03308074093769388,0.019868036660939788,0.44999999999998863,-1.299999999999983,-1.29295325795619,24600,218171,24300,276902,205.15,94.85
2026-07-31 00:00:00,2026-07-31 14:32:00,316,NIFTY,OK,24394.85,0,1630440,0,1956892,0,519028,0,1185085,0,0,181.05,0.20859820055684838,0.02749257995672922,0.23172992902964565,-1.3218985840258597,0,0,24400,22530608.099999998,24200,1872337.2,0,0,1785488569838,2026-08-04 00:00:00,24400,17,0,0,1630440,1956892,0,0,0,49460531,0,748311,89.7,91.35,0,0,0,0,24400,24400,218195,305118,-7465,5944,-0.03308074093769388,0.019868036660939788,0,-1.299999999999983,-1.0566299475678989,24600,218171,24300,276902,205.15,94.85
2026-07-31 00:00:00,2026-07-31 14:33:00,317,NIFTY,OK,24376.4,-18.44999999999709,1637113,6673,1941567,-15325,525701,6673,1169760,-15325,-21998,179.7,0.33349000190014194,0.017373103613545222,0.23119949616250793,-1.8768833782265213,0,0,24400,20931308,24200,1619764.2000000002,0,0,1785488629849,2026-08-04 00:00:00,24400,17,6673,-15325,1630440,1956892,0.004092760236500577,-0.007831295748564561,-8652,50154550,694019,1193454,84.65,95.05,-5.049999999999997,3.700000000000003,74520,99554,24400,24400,219438,297807,-2943,-2857,-0.013234044275365252,-0.00950230157251949,-1.3500000000000227,-2.25,-2.1823142878984023,24600,215038,24300,277174,223.6,76.4
2026-07-31 00:00:00,2026-07-31 14:34:00,318,NIFTY,OK,24376.4,0,1637113,0,1941567,0,525701,0,1169760,0,0,179.7,0.33349000190014194,0.017373103613545222,0.23119949616250793,-1.4783564571675876,0,0,24400,20931308,24200,1619764.2000000002,0,0,1785488689961,2026-08-04 00:00:00,24400,17,0,0,1637113,1941567,0,0,0,50154550,0,1193454,84.65,95.05,0,0,0,0,24400,24400,219438,297807,-2943,-2857,-0.013234044275365252,-0.00950230157251949,0,-2.25,-1.6302825731865467,24600,215038,24300,277174,223.6,76.4
2026-07-31 00:00:00,2026-07-31 14:35:00,319,NIFTY,OK,24370.6,-5.80000000000291,1540946,-286,1982895,-23143,501104,-24597,1173850,4090,-22857,182.55,0.4235647976171456,0.02322630353583572,0.2328617021276607,1.0700637902398846,0,0,24400,19332241.200000003,24200,1397100.9,0,0,1785488750292,2026-08-04 00:00:00,24350,16,-286,-23143,1536984,1939435,-0.00018607870999307735,-0.011932856734048834,-23429,50226311,541204,1492575,107.55,75,-4.25,1.7000000000000028,24372,51770,24400,24300,220628,275338,0,0,0,0,2.8500000000000227,1.9499999999999886,1.2046186149542566,24600,213979,24200,241324,229.4,170.6
2026-07-31 00:00:00,2026-07-31 14:36:00,320,NIFTY,OK,24370.6,0,1540946,0,1982895,0,501104,0,1173850,0,0,182.55,0.35053312564329664,0.02597182856860664,0.2328617021276607,1.0616631046026046,0,0,24400,19332241.200000003,24200,1397100.9,0,0,1785488810404,2026-08-04 00:00:00,24350,17,0,0,1540946,1982895,0,0,0,50226311,0,1235223,107.55,75,0,0,0,0,24400,24300,220628,275338,2433,0,0.011150576319347372,0,0,1.5,1.160196831271699,24600,213979,24200,241324,229.4,170.6
2026-07-31 00:00:00,2026-07-31 14:37:00,321,NIFTY,OK,24374.95,4.350000000002183,1549135,8189,1957990,-24905,509293,8189,1148945,-24905,-33094,182.2,0.48498499483194923,0.02868887878967819,0.23162692623081688,-0.6722602172125388,0,0,24400,19115896.8,24200,1453632,0,0,1785488871063,2026-08-04 00:00:00,24350,17,8189,-24905,1540946,1982895,0.005314267988625169,-0.012559918704722136,-16716,50691991,465680,1700903,109.9,72.3,2.3500000000000085,-2.700000000000003,26377,40290,24400,24300,224027,270336,5832,0,0.026728385160063248,0,-0.35000000000002274,1.1499999999999773,0.8487905865037019,24600,214258,24200,239771,225.05,174.95
2026-07-31 00:00:00,2026-07-31 14:38:00,322,NIFTY,OK,24374.95,0,1549135,0,1957990,0,509293,0,1148945,0,0,182.2,0.28709669601169047,0.03987053126278697,0.23162692623081688,-0.5273870398660273,0,0,24400,19115896.8,24200,1453632,0,0,1785488929307,2026-08-04 00:00:00,24350,17,0,0,1549135,1957990,0,0,0,50691991,0,1006884,109.9,72.3,0,0,0,0,24400,24300,224027,270336,4589,0,0.020912512873795787,0,0,2.5,0.8103954497811859,24600,214258,24200,239771,225.05,174.95
2026-07-31 00:00:00,2026-07-31 14:39:00,323,NIFTY,OK,24375.9,0.9500000000007276,1654171,10770,1865723,-27099,542759,33466,1093916,-55029,-37869,177.05,0.3397090935124751,0.047229330790974626,0.22820386053909877,-2.6820187195160976,0,0,24400,18834558.75,24200,1484432.4000000001,0,0,1785488989796,2026-08-04 00:00:00,24400,16,10770,-27099,1544890,1890853,0.006971370129912162,-0.014331627048744668,-16329,51363677,188856,1195740,84.35,92.7,1.6999999999999886,-2.0999999999999943,24851,19974,24400,24300,226106,266754,6668,0,0.030386715154166553,0,-5.149999999999977,-2.6499999999999773,-2.336920286199029,24600,213476,24300,266754,224.1,75.9
2026-07-31 00:00:00,2026-07-31 14:40:00,324,NIFTY,OK,24371.9,-4,1585089,25196,1913438,-17299,545247,2488,1104393,10477,-42495,182.7,0.25248711815001,0.028469444705450833,0.233461669361013,1.331334013808057,0,0,24400,17748170.85,24200,1372822.5,0,0,1785489050392,2026-08-04 00:00:00,24350,16,25196,-17299,1555660,1863754,0.01619634110281167,-0.009281804358300505,7897,51113967,228797,883333,109.5,73.2,-2.25,2.549999999999997,14225,20825,24400,24300,234348,262123,13720,-13215,0.062186123248182464,-0.04799555455476542,5.649999999999977,0.14999999999997726,0.9460113705652391,24600,214200,24200,237216,228.1,171.9
2026-07-31 00:00:00,2026-07-31 14:41:00,325,NIFTY,OK,24365.15,-6.75,1583212,-1877,1917897,4459,543370,-1877,1108852,4459,6336,181.14999999999998,0.29362382033807,0.02195116968820312,0.23549120242426674,1.9416002263375545,0,0,24400,17357925.549999997,24200,1262531.55,0,0,1785489110560,2026-08-04 00:00:00,24350,17,-1877,4459,1585089,1913438,-0.0011841606370367847,0.002330360325236564,2582,51258643,144676,1028009,106.6,74.55,-2.9000000000000057,1.3499999999999943,7814,13490,24400,24300,234426,263469,13798,-11869,0.06253965951737767,-0.04310701755660316,-1.5500000000000114,-1.400000000000034,0.03783789017221109,24600,213380,24200,238261,234.85,165.15
2026-07-31 00:00:00,2026-07-31 14:42:00,326,NIFTY,OK,24362.55,-2.600000000002183,1559419,-23793,1923110,5213,519577,-23793,1114065,5213,29006,180.95,0.24804617563845124,0.02828109299536482,0.23904548366431852,2.285639695402281,0,0,24400,17740844.349999998,24200,1364714.2,0,0,1785489177408,2026-08-04 00:00:00,24350,17,-23793,5213,1583212,1917897,-0.015028309537825635,0.00271808131510712,-18580,51560142,301499,863828,107.45,73.5,0.8500000000000085,-1.0499999999999972,18948,33935,24400,24300,228056,265285,4029,-5051,0.017984439375610974,-0.018684156013257576,-0.19999999999998863,-1.25,-0.07274545535146675,24600,211465,24200,239586,237.45,162.55
2026-07-31 00:00:00,2026-07-31 14:43:00,327,NIFTY,OK,24362.55,0,1559419,0,1923110,0,519577,0,1114065,0,0,180.95,0.24804617563845124,0.02828109299536482,0.23904548366431852,1.6852743135296744,0,0,24400,17740844.349999998,24200,1364714.2,0,0,1785489229608,2026-08-04 00:00:00,24350,17,0,0,1559419,1923110,0,0,0,51560142,0,863828,107.45,73.5,0,0,0,0,24400,24300,228056,265285,4029,-5051,0.017984439375610974,-0.018684156013257576,0,-1.25,-0.15076937921915434,24600,211465,24200,239586,237.45,162.55
2026-07-31 00:00:00,2026-07-31 14:44:00,328,NIFTY,OK,24361.7,-0.8499999999985448,1562060,2641,1891954,-31156,522218,2641,1082909,-31156,-33797,179.3,0.38867647901832475,0.027274609793414346,0.2290781432286921,-1.2243524698575134,0,0,24400,15589117.149999999,24200,1061975.8,0,0,1785489291156,2026-08-04 00:00:00,24350,17,2641,-31156,1559419,1923110,0.0016935794677376639,-0.016200841345528856,-28515,52227664,667522,1342494,100.75,78.55,-6.700000000000003,5.049999999999997,37649,70793,24400,24300,230396,264897,4290,-1857,0.018973401855766764,-0.006961470118536179,-1.6499999999999773,2.25,-1.0952741698432364,24600,210010,24200,235943,238.3,161.7
2026-07-31 00:00:00,2026-07-31 14:45:00,329,NIFTY,OK,24361.7,0,1562060,0,1891954,0,522218,0,1082909,0,0,179.3,0.3224355778523191,0.03996868088896711,0.2290781432286921,-1.0464159500349877,0,0,24400,15589117.149999999,24200,1061975.8,0,0,1785489349695,2026-08-04 00:00:00,24350,17,0,0,1562060,1891954,0,0,0,52227664,0,1113697,100.75,78.55,0,0,0,0,24400,24300,230396,264897,-3952,2774,-0.016863809377506957,0.010582817990027582,0,-3.3999999999999773,-0.8965997603367865,24600,210010,24200,235943,238.3,161.7
2026-07-31 00:00:00,2026-07-31 14:46:00,330,NIFTY,OK,24365.95,4.25,1564381,2321,1842994,-48960,524539,2321,1033949,-48960,-51281,177.65,0.44229531530870536,0.06219634707438161,0.22755012140877098,-1.204944901406407,0,0,24400,15724038.799999999,24200,1196477.8,0,0,1785489411315,2026-08-04 00:00:00,24350,17,2321,-48960,1562060,1891954,0.001485858417730433,-0.025878007604836058,-46639,52765709,538045,1507066,103.65,74,2.9000000000000057,-4.549999999999997,36446,60126,24400,24300,230302,255993,-4124,-7476,-0.017591905334732497,-0.028375254773806407,-1.6500000000000057,-3.4999999999999716,-1.459162253701493,24600,208031,24200,233006,234.05,165.95
2026-07-31 00:00:00,2026-07-31 14:47:00,331,NIFTY,OK,24364.6,-1.3500000000021828,1577456,13075,1842857,-137,537614,13075,1033812,-137,-13212,178,0.3956956570933713,0.04597004735470514,0.2278309786576214,-0.9858297959352876,0,0,24400,15477583.499999998,24200,1098856.65,0,0,1785489473399,2026-08-04 00:00:00,24350,17,13075,-137,1564381,1842994,0.008357938379461268,-0.00007433556484719972,12938,52913545,147836,1353403,103.3,74.7,-0.3500000000000085,0.7000000000000028,7860,14291,24400,24300,233663,257153,5607,-8132,0.024586066580138212,-0.03065382513146239,0.3499999999999943,-2.9499999999999886,-1.03779616982331,24600,208208,24200,233231,235.4,164.6
2026-07-31 00:00:00,2026-07-31 14:48:00,332,NIFTY,OK,24370.2,5.600000000002183,1587198,9742,1843135,278,547356,9742,1034090,278,-9464,178,0.43971503641191684,0.034604264606339696,0.22648737980769174,-1.0986805064225458,0,0,24400,16332117.75,24200,1174187.3,0,0,1785489533298,2026-08-04 00:00:00,24350,17,9742,278,1577456,1842857,0.006175766550699354,0.00015085272487230426,10020,53068511,154966,1508369,106.25,71.75,2.950000000000003,-2.950000000000003,10231,17688,24400,24300,237503,255033,9447,-10252,0.041424036201634686,-0.0386452306010517,0,-2.9499999999999886,-0.8524176324786824,24600,206874,24200,232837,229.8,170.2
2026-07-31 00:00:00,2026-07-31 14:49:00,333,NIFTY,OK,24370.75,0.5499999999992724,1587198,0,1843135,0,547356,0,1034090,0,0,178.5,0.3203595685899882,0.02154894716727028,0.23045232168912533,-0.29061655778299506,0,0,24400,16638675.3,24200,1261746.2,0,0,1785489590210,2026-08-04 00:00:00,24350,17,0,0,1587198,1843135,0,0,0,53326604,258093,1098940,108.5,70,2.25,-1.75,19764,22721,24400,24300,237503,255033,7107,-9864,0.03084688970294623,-0.037237114803112155,0.5,-0.8000000000000114,-0.713955268662137,24600,206874,24200,232837,229.25,170.75
2026-07-31 00:00:00,2026-07-31 14:50:00,334,NIFTY,OK,24370.25,-0.5,1591813,4615,1810261,-32874,551971,4615,1001216,-32874,-37489,178.85,0.34766762862888934,0.04391308354561372,0.23025666337611048,-0.26383550354142304,0,0,24400,16167113,24200,1273387.5999999999,0,0,1785489650453,2026-08-04 00:00:00,24350,17,4615,-32874,1587198,1843135,0.0029076397525702527,-0.01783591543755612,-28259,53410455,83851,1182791,108.05,70.8,-0.45000000000000284,0.7999999999999972,6491,5735,24400,24300,241274,250961,10878,-13936,0.047214361360440285,-0.052609127321185216,0.3499999999999943,-0.45000000000001705,-0.3301536609680896,24600,206893,24000,232485,229.75,370.25
2026-07-31 00:00:00,2026-07-31 14:51:00,335,NIFTY,OK,24370.9,0.6500000000014552,1600731,8918,1814566,4305,560889,8918,1005521,4305,-4613,179.25,0.2625915110750251,0.008833354890792884,0.22831799558100993,-0.5550504660216679,0,0,24400,15995773.2,24200,1252734.75,0,0,1785489715863,2026-08-04 00:00:00,24350,17,8918,4305,1591813,1810261,0.005602416866805335,0.002378110117822789,13223,53662537,252082,896828,108.05,71.2,0,0.4000000000000057,16725,21189,24400,24300,245123,251836,14821,-4157,0.0643546300075553,-0.01623872527764431,0.4000000000000057,1.5999999999999943,0.16051499828855265,24600,206785,24000,232248,229.1,370.9
2026-07-31 00:00:00,2026-07-31 14:52:00,336,NIFTY,OK,24368.75,-2.150000000001455,1608957,8226,1807377,-7189,569115,8226,998332,-7189,-15415,178.7,0.2735719048547361,0.0042573771175877075,0.22589265591293983,-1.000083301453125,0,0,24400,15182693.649999999,24200,1113187.95,0,0,1785489770063,2026-08-04 00:00:00,24350,17,8226,-7189,1600731,1814566,0.005138902164073789,-0.003961828889111777,1037,53848158,185621,934613,104.25,74.45,-3.799999999999997,3.25,13056,17089,24400,24300,245777,250641,12114,-6512,0.05184389484000462,-0.025323445575202313,-0.5500000000000114,0.6999999999999886,-0.1676527150226252,24600,207204,24000,231727,231.25,368.75
2026-07-31 00:00:00,2026-07-31 14:53:00,337,NIFTY,OK,24367.5,-1.25,1598516,-10441,1804947,-2430,558674,-10441,995902,-2430,8011,177.95,0.2863336548685853,0.02757237877696439,0.22586014346462785,-1.4040668994651138,0,0,24400,14928560.950000001,24200,1085301,0,0,1785489829838,2026-08-04 00:00:00,24350,17,-10441,-2430,1608957,1807377,-0.00648929710365162,-0.0013444898325031247,-12871,54043037,194879,974526,102.85,75.1,-1.4000000000000057,0.6499999999999915,13074,20944,24400,24300,241928,250623,4425,-4410,0.01863134360408079,-0.017291879874369198,-0.75,-0.05000000000001137,-1.0134614629808512,24600,206118,24000,232234,232.5,367.5
2026-07-31 00:00:00,2026-07-31 14:54:00,338,NIFTY,OK,24367.8,0.2999999999992724,1597632,-884,1797761,-7186,557790,-884,988716,-7186,-6302,177.95,0.24220966468388194,0.042485563541695796,0.22584389205919406,-1.1439876578616066,0,0,24400,15133793.55,24200,1093457,0,0,1785489889849,2026-08-04 00:00:00,24350,17,-884,-7186,1598516,1804947,-0.0005530129194828204,-0.003981280336763351,-8070,54149001,105964,822397,103.7,74.25,0.8500000000000085,-0.8499999999999943,8086,11898,24400,24300,241456,249952,3953,-5081,0.016644000286312174,-0.019922911936886598,0,-0.5500000000000114,-0.8324501903691581,24500,205252,24000,231690,132.2,367.8
2026-07-31 00:00:00,2026-07-31 14:55:00,339,NIFTY,OK,24366.55,-1.25,1595292,-2340,1797160,-601,555450,-2340,988115,-601,1739,177.6,0.2747915077354079,0.010321631122367432,0.22648517508641672,-0.6143241119674491,0,0,24400,14816935.299999999,24200,1066517.8,0,0,1785489949734,2026-08-04 00:00:00,24350,17,-2340,-601,1597632,1797761,-0.001464667708208148,-0.0003343047268240884,-2941,54342672,193671,932217,103.1,74.5,-0.6000000000000085,0.25,16295,15589,24400,24300,240717,250826,-557,-135,-0.0023085786284473254,-0.0005379321886667649,-0.3499999999999943,-1.25,-1.2384967055983274,24500,205300,24000,231345,133.45,366.55
2026-07-31 00:00:00,2026-07-31 14:56:00,340,NIFTY,OK,24365.9,-0.6499999999978172,1595474,182,1785891,-11269,555632,182,976846,-11269,-11451,178.05,0.23526475254815732,0.042654076096521,0.22714416303704763,-0.18951427544371524,0,0,24400,14807344.649999999,24200,1079590.5,0,0,1785490010940,2026-08-04 00:00:00,24350,17,182,-11269,1595292,1797160,0.00011408569716390479,-0.006270448930534844,-11087,54458053,115381,795516,103.9,74.15,0.8000000000000114,-0.3499999999999943,6151,11374,24400,24300,241106,249419,-4017,-2417,-0.016387691077540664,-0.009597515843644277,0.45000000000001705,-1.1999999999999886,-0.48167773870705355,24600,206166,24000,231225,234.1,365.9
2026-07-31 00:00:00,2026-07-31 14:57:00,341,NIFTY,OK,24363.65,-2.25,1596632,1158,1786331,440,556790,1158,977286,440,-718,177.25,0.21564971298828867,0.04574283619017593,0.22762029897040292,0.1117976249282365,0,0,24400,14733244.2,24200,1069619.6,0,0,1785490070043,2026-08-04 00:00:00,24350,17,1158,440,1595474,1785891,0.0007258031155631492,0.00024637561866877654,1598,54577693,119640,729535,103.2,74.05,-0.7000000000000028,-0.10000000000000853,7654,9588,24400,24300,242476,249165,-3301,-1476,-0.013430874329168311,-0.005888900858199576,-0.8000000000000114,-1.4499999999999886,-1.6676118824428483,24500,206835,24000,231509,136.35,363.65
2026-07-31 00:00:00,2026-07-31 14:58:00,342,NIFTY,OK,24358.85,-4.80000000000291,1595213,-1419,1789490,3159,555371,-1419,980445,3159,4578,175.55,0.21884194861410292,0.02532688010908379,0.22713625367202495,-0.2248717786547412,0,0,24400,14431210.2,24200,977505.75,0,0,1785490130669,2026-08-04 00:00:00,24350,17,-1419,3159,1596632,1786331,-0.0008887458099299025,0.001768429255272399,1740,54783752,206059,740715,99.65,75.9,-3.549999999999997,1.8500000000000085,13885,14072,24400,24300,244995,249933,3067,-690,0.012677325485268344,-0.0027531391771704913,-1.6999999999999886,-2.3999999999999773,-2.4463615526866684,24500,206876,24000,232233,141.15,358.85
2026-07-31 00:00:00,2026-07-31 14:59:00,343,NIFTY,OK,24359.1,0.25,1587471,-7742,1786212,-3278,547629,-7742,977167,-3278,4464,175.14999999999998,0.24142813654987738,0.026654323746289142,0.2216454710615118,-2.3683284402480407,24700,9214.75,24400,13587700.100000001,24200,868442.5,0,0,1785490189786,2026-08-04 00:00:00,24350,17,-7742,-3278,1595213,1789490,-0.004853270378313116,-0.0018318068276436303,-11020,54963503,179751,814502,96.8,78.35,-2.8500000000000085,2.4499999999999886,13501,14960,24400,24300,245795,249056,4339,-896,0.017970147770194154,-0.003584688260145948,-0.4000000000000341,-2.8000000000000114,-1.9448139272145217,24600,204931,24000,233073,240.9,359.1
2026-07-31 00:00:00,2026-07-31 15:00:00,344,NIFTY,OK,24368.15,9.05000000000291,1585481,-1990,1780932,-5280,545639,-1990,971887,-5280,-3290,176,0.36509661767584667,0.02118600628444689,0.21970908619348054,-2.25348509619549,0,0,24400,14228835.6,24200,973499.7000000001,0,0,1785490250744,2026-08-04 00:00:00,24350,17,-1990,-5280,1587471,1786212,-0.0012535662068787398,-0.0029559761103385264,-7270,55571738,608235,1229066,102,74,5.200000000000003,-4.349999999999994,36321,59721,24400,24300,243700,250812,2983,-14,0.012392145133081586,-0.000055815585306148485,0.8500000000000227,-1.5999999999999943,-1.0433804799683475,24600,204293,24000,233820,231.85,368.15
2026-07-31 00:00:00,2026-07-31 15:01:00,345,NIFTY,OK,24377.55,9.399999999997817,1674380,-3801,1686829,-32467,562968,17329,915022,-56865,-28666,173.3,0.496922387152956,0.03066588435333421,0.21727461398876516,-2.1054557917355683,0,0,24400,15063588,24200,1218371.2,0,0,1785490309941,2026-08-04 00:00:00,24400,16,-3801,-32467,1581459,1717708,-0.0024034767894709885,-0.018901349938406295,-36268,56643933,556575,1670260,81.4,91.9,7.150000000000006,-6.349999999999994,59603,62388,24400,24300,240693,244699,-413,-4720,-0.0017129395369671432,-0.018923979327958175,-2.6999999999999886,-4.75,-2.14746004784945,24500,203527,24300,244699,122.45,77.55
2026-07-31 00:00:00,2026-07-31 15:02:00,346,NIFTY,OK,24375.45,-2.099999999998545,1671578,-2802,1653533,-33296,560166,-2802,881726,-33296,-30494,173.25,0.55702441211737,0.048006444339822305,0.21640266823110135,-1.722330127113971,0,0,24400,13803490.500000002,24200,1102800.2,0,0,1785490369710,2026-08-04 00:00:00,24400,17,-2802,-33296,1674380,1686829,-0.0016734552491071322,-0.019738811699348303,-36098,56945481,301548,1852168,79.7,93.55,-1.7000000000000028,1.6499999999999915,40498,22868,24400,24300,243562,238366,1086,-10799,0.004478793777528497,-0.04334075813216142,-0.05000000000001137,-4,-1.6706050466532982,24500,203165,24300,238366,124.55,75.45
2026-07-31 00:00:00,2026-07-31 15:03:00,347,NIFTY,OK,24376.15,0.7000000000007276,1663225,-8353,1655704,2171,551813,-8353,883897,2171,10524,173.4,0.49597596091992324,0.05882842509214153,0.216670289067593,-1.3137891560990127,0,0,24400,13814030,24200,1183673.8,0,0,1785490429709,2026-08-04 00:00:00,24400,17,-8353,2171,1671578,1653533,-0.004997074620508286,0.0013129462792699027,-6182,56885953,0,1646109,80.15,93.25,0.45000000000000284,-0.29999999999999716,0,0,24400,24300,242020,238843,-2975,-11090,-0.012143104961325741,-0.04437189166696675,0.15000000000000568,-2.1500000000000057,-1.2737174143835182,24600,201460,24300,238843,223.85,76.15
2026-07-31 00:00:00,2026-07-31 15:04:00,348,NIFTY,OK,24383.6,7.44999999999709,1663225,0,1655698,-6,551813,0,883891,-6,-6,172.05,0.5224586409506939,0.04949480968858132,0.2134770361831014,-1.5438449251493875,0,0,24400,14167330,24200,1201145,0,0,1785490489648,2026-08-04 00:00:00,24400,17,0,-6,1663225,1655704,0,-0.0000036238361446248848,-6,57153595,267642,1734000,80.8,91.25,0.6499999999999915,-2,31732,22833,24400,24300,242020,238843,-3775,-10213,-0.01535832706116886,-0.04100684183476808,-1.3499999999999943,-3.099999999999966,-1.5666164469266393,24600,201460,24300,238843,216.4,83.6
2026-07-31 00:00:00,2026-07-31 15:05:00,349,NIFTY,OK,24386.45,2.850000000002183,1651667,-11558,1630044,-25654,540255,-11558,858237,-25654,-14096,172.2,0.5151059919657764,0.06848320751714505,0.2127084763118622,-1.3500887412316438,0,0,24400,14052456.000000002,24200,1365754.5,0,0,1785490549760,2026-08-04 00:00:00,24400,17,-11558,-25654,1663225,1655698,-0.0069491499947391365,-0.015494371558098156,-37212,57718259,564664,1690429,81.4,90.8,0.6000000000000085,-0.45000000000000284,69842,47250,24400,24300,237783,233059,-5917,-17753,-0.024279852277390233,-0.07078209974004433,0.14999999999997726,-3.8000000000000114,-1.2207129883780747,24500,203089,24300,233059,113.55,86.45
2026-07-31 00:00:00,2026-07-31 15:06:00,350,NIFTY,OK,24383.95,-2.5,1656336,4669,1633022,2978,544924,4669,861215,2978,-1691,172.1,0.38411902869800124,0.05686641524964286,0.21170007521009787,-1.2651568365202894,0,0,24400,13862375.4,24200,1267813,0,0,1785490610189,2026-08-04 00:00:00,24400,17,4669,2978,1651667,1630044,0.002826841003664782,0.0018269445487361078,7647,57847910,129651,1263505,79.35,92.75,-2.0500000000000114,1.9500000000000028,17389,11260,24400,24300,239921,233866,-772,-10833,-0.003207405283909378,-0.044270716267741185,-0.09999999999999432,-1.200000000000017,-1.1050405581929958,24500,202464,24300,233866,116.05,83.95
2026-07-31 00:00:00,2026-07-31 15:07:00,351,NIFTY,OK,24392.3,8.349999999998545,1636087,-20249,1626577,-6445,524675,-20249,854770,-6445,13804,171.1,0.41096202367145374,0.04657335637377119,0.21218076801292746,-1.0175526089079798,0,0,24400,14322236.95,24200,1322610.8,0,0,1785490669835,2026-08-04 00:00:00,24400,17,-20249,-6445,1656336,1633022,-0.01222517653422977,-0.003946670651099618,-26694,58226784,378874,1340831,81,90.1,1.6500000000000057,-2.6500000000000057,47187,32390,24400,24300,234020,232084,-9542,-6282,-0.0391768830934218,-0.026354429742496834,-1,-2.1500000000000057,-1.469252813868713,24600,199996,24300,232084,207.7,92.3
2026-07-31 00:00:00,2026-07-31 15:08:00,352,NIFTY,OK,24392.3,0,1636087,0,1626577,0,524675,0,854770,0,0,171.1,0.41096202367145374,0.04196278278172268,0.21218076801292746,-0.9732478935952662,0,0,24400,14322236.95,24200,1322610.8,0,0,1785490729526,2026-08-04 00:00:00,24400,17,0,0,1636087,1626577,0,0,0,58226784,0,1340831,81,90.1,0,0,0,0,24400,24300,234020,232084,-8000,-6759,-0.03305511941161887,-0.02829892439803553,0,-2.3000000000000114,-1.2167148283192954,24600,199996,24300,232084,207.7,92.3
2026-07-31 00:00:00,2026-07-31 15:09:00,353,NIFTY,OK,24397,4.700000000000728,1617530,-18557,1603601,-22976,506118,-18557,831794,-22976,-4419,171.05,0.4424393171218432,0.06861850114548944,0.2126397220310093,-0.7036173361566613,0,0,24400,13621233,24200,1428108.8,0,0,1785490790785,2026-08-04 00:00:00,24400,17,-18557,-22976,1636087,1626577,-0.011342306368793346,-0.014125368795943874,-41533,58578750,351966,1425155,80.35,90.7,-0.6500000000000057,0.6000000000000085,48509,28463,24400,24000,227168,230938,-14852,0,-0.06136682918767044,0,-0.04999999999998295,-1,-1.045864174011184,24600,199583,24000,230938,203,397
2026-07-31 00:00:00,2026-07-31 15:10:00,354,NIFTY,OK,24395.3,-1.7000000000007276,1610239,-7291,1593553,-10048,498827,-7291,821746,-10048,-2757,172.45,0.3505530321568941,0.06937856769527886,0.21549979324903684,0.6999882366611774,0,0,24400,13081851.3,24200,1397392.5,0,0,1785490849651,2026-08-04 00:00:00,24400,17,-7291,-10048,1617530,1603601,-0.004507489814717502,-0.006265897813732968,-17339,58841358,262608,1123099,79.45,93,-0.8999999999999915,2.299999999999997,31237,21600,24400,24000,221187,230439,-16596,0,-0.06979472880735797,0,1.3999999999999773,0.25,0.2869585179792419,24600,203896,24000,230439,204.7,395.3
2026-07-31 00:00:00,2026-07-31 15:11:00,355,NIFTY,OK,24395.3,0,1610239,0,1593553,0,498827,0,821746,0,0,172.45,0.31008504921667823,0.08613032589526579,0.21549979324903684,0.8829666389649196,0,0,24400,13081851.3,24200,1397392.5,0,0,1785490909430,2026-08-04 00:00:00,24400,17,0,0,1610239,1593553,0,0,0,58841358,0,993448,79.45,93,0,0,0,0,24400,24000,221187,230439,-18734,0,-0.07808403599518175,0,0,0.3499999999999943,0.4197266729258972,24600,203896,24000,230439,204.7,395.3
2026-07-31 00:00:00,2026-07-31 15:12:00,356,NIFTY,OK,24393.05,-2.25,1584190,-26049,1576667,-16886,472778,-26049,804860,-16886,9163,172.55,0.25349802284633566,0.12705688836860438,0.2141977931004432,0.3219932486804575,0,0,24400,13007703.8,24200,1525984,0,0,1785490970326,2026-08-04 00:00:00,24400,17,-26049,-16886,1610239,1593553,-0.016177101660064128,-0.010596447058867826,-42935,59028055,186697,801271,81.25,91.3,1.7999999999999972,-1.7000000000000028,21191,18187,24400,24000,214376,230900,-19644,0,-0.08394154345782412,0,0.10000000000002274,1.450000000000017,0.6988155315323997,24600,198872,24000,230900,206.95,393.05
2026-07-31 00:00:00,2026-07-31 15:13:00,357,NIFTY,OK,24393.55,0.5,1572296,-11894,1570399,-6268,460884,-11894,798592,-6268,5626,171.7,0.3238354342371754,0.11788062681533945,0.21496517196343037,1.067275897150343,0,0,24400,12727371.6,24200,1478556.5499999998,0,0,1785491031011,2026-08-04 00:00:00,24400,17,-11894,-6268,1584190,1576667,-0.007507937810489904,-0.003975474846622654,-18162,59244500,216445,1017716,79.2,92.5,-2.049999999999997,1.2000000000000028,23346,14372,24400,24000,211459,230440,-22561,0,-0.09640629006067858,0,-0.8500000000000227,0.5999999999999943,-0.3085767133624655,24600,198035,24000,230440,206.45,393.55
2026-07-31 00:00:00,2026-07-31 15:14:00,358,NIFTY,OK,24391.25,-2.2999999999992724,1557248,-15048,1561348,-9051,445836,-15048,789541,-9051,5997,172.1,0.27357759709818136,0.12018007965512473,0.21330862717314297,-0.13105267868614037,0,0,24400,12836528.85,24200,1583985.2999999998,0,0,1785491089993,2026-08-04 00:00:00,24400,17,-15048,-9051,1572296,1570399,-0.009570716964235742,-0.005763503415374054,-24099,59431928,187428,853178,80,92.1,0.7999999999999972,-0.4000000000000057,21046,17791,24400,24000,206637,229934,-20531,-1004,-0.09037804620369067,-0.004347487204357879,0.4000000000000057,1.049999999999983,0.38673940466404566,24600,196773,24000,229934,208.75,391.25
2026-07-31 00:00:00,2026-07-31 15:15:00,359,NIFTY,OK,24391.25,0,1557248,0,1561348,0,445836,0,789541,0,0,172.1,0.18937047312316183,0.1442606295612713,0.21330862717314297,-0.1777997815446126,0,0,24400,12836528.85,24200,1583985.2999999998,0,0,1785491149613,2026-08-04 00:00:00,24400,17,0,0,1557248,1561348,0,0,0,59431928,0,590570,80,92.1,0,0,0,0,24400,24000,206637,229934,-14550,-505,-0.06578144285152382,-0.002191469325938752,0,-0.3499999999999943,0.40779885444917785,24600,196773,24000,229934,208.75,391.25
2026-07-31 00:00:00,2026-07-31 15:16:00,360,NIFTY,OK,24386,-5.25,1540044,-17204,1525572,-35776,428632,-17204,753765,-35776,-18572,172.75,0.3695117066194853,0.12197944704227913,0.21576286266085107,1.3486328564876129,0,0,24400,11000069.4,24200,1316052.75,0,0,1785491209719,2026-08-04 00:00:00,24400,17,-17204,-35776,1557248,1561348,-0.011047694394213381,-0.022913533690119052,-52980,59974139,542211,1132781,74.95,97.8,-5.049999999999997,5.700000000000003,56935,57366,24400,24000,200954,229555,-20233,-884,-0.09147463458521522,-0.003836156206197736,0.6500000000000057,0.30000000000001137,1.3117464360609536,24600,196738,24000,229555,214,386
2026-07-31 00:00:00,2026-07-31 15:17:00,361,NIFTY,OK,24386,0,1540044,0,1525572,0,428632,0,753765,0,0,172.75,0.30861138511803177,0.10066865098659315,0.21576286266085107,1.1181165160093027,0,0,24400,11000069.4,24200,1316052.75,0,0,1785491270210,2026-08-04 00:00:00,24400,17,0,0,1540044,1525572,0,0,0,59974139,0,946084,74.95,97.8,0,0,0,0,24400,24000,200954,229555,-13422,-1345,-0.06260962047990447,-0.005825032481593764,0,0.19999999999998863,1.0901683117577516,24600,196738,24000,229555,214,386
2026-07-31 00:00:00,2026-07-31 15:18:00,362,NIFTY,OK,24385.4,-0.5999999999985448,1502633,-37411,1483623,-41949,391221,-37411,711816,-41949,-4538,173.05,0.35206994979666845,0.14879523973934985,0.2163213979858426,1.3198273185117582,0,0,24400,9825654.3,24200,1355209.9000000001,0,0,1785491329929,2026-08-04 00:00:00,24400,17,-37411,-41949,1540044,1525572,-0.024292163081054828,-0.027497227269509403,-79360,60295871,321732,1051371,74.75,98.3,-0.20000000000000284,0.5,27953,32820,24600,24000,196844,228999,0,-1441,0,-0.0062532546432910955,0.30000000000001137,1.3500000000000227,1.3610233040451527,24600,196844,24000,228999,214.6,385.4
2026-07-31 00:00:00,2026-07-31 15:19:00,363,NIFTY,OK,24381.8,-3.600000000002183,1492011,-10622,1469137,-14486,380599,-10622,697330,-14486,-3864,173.8,0.35847211959685904,0.1483274909113519,0.21611023246744787,0.9903476073773279,0,0,24400,9670459.4,24200,1469334.2999999998,0,0,1785491389680,2026-08-04 00:00:00,24400,17,-10622,-14486,1502633,1483623,-0.007068925013626081,-0.00976393598643321,-25108,60493417,197546,1061489,76.8,97,2.049999999999997,-1.2999999999999972,20826,21826,24600,24000,196915,229391,0,-543,0,-0.002361547226595458,0.75,1.700000000000017,2.232308576569936,24600,196915,24000,229391,218.2,381.8
2026-07-31 00:00:00,2026-07-31 15:20:00,364,NIFTY,OK,24379.05,-2.75,1481127,-10884,1457509,-11628,369715,-10884,685702,-11628,-744,173.7,0.45690551670911267,0.134030546392697,0.21752331147151288,1.7567519532385338,0,0,24400,9415220.1,24200,1484349.5999999999,0,0,1785491450634,2026-08-04 00:00:00,24400,17,-10884,-11628,1492011,1469137,-0.007294852383796098,-0.00791485069125616,-22512,60774607,281190,1342679,76.35,97.35,-0.45000000000000284,0.3499999999999943,25332,21664,24600,24000,196069,230244,0,310,0,0.0013482129654596537,-0.10000000000002274,1.5999999999999943,1.5615212850037543,24600,196069,24000,230244,220.95,379.05
2026-07-31 00:00:00,2026-07-31 15:21:00,365,NIFTY,OK,24380.15,1.1000000000021828,1464050,-17077,1434689,-22820,352638,-17077,662882,-22820,-5743,172.8,0.3315845269270535,0.17361734623279584,0.21603300594496877,0.5419159670107472,0,0,24400,9254865.799999999,24200,1515606,0,0,1785491510259,2026-08-04 00:00:00,24400,17,-17077,-22820,1481127,1457509,-0.011529733777049503,-0.015656850146379884,-39897,60935316,160709,961177,76.4,96.4,0.05000000000001137,-0.9499999999999886,9830,14101,24600,24000,193388,228823,0,-732,0,-0.00318877828842761,-0.8999999999999773,0.05000000000001137,0.10957582335292818,24600,193388,24000,228823,219.85,380.15
2026-07-31 00:00:00,2026-07-31 15:22:00,366,NIFTY,OK,24377.7,-2.4500000000007276,1456552,-7498,1417609,-17080,345140,-7498,645802,-17080,-9582,172.64999999999998,0.4059372456866543,0.16409551832516378,0.2150433944069433,-0.2967968496757081,0,0,24400,8921851.299999999,24200,1475379.5,0,0,1785491573404,2026-08-04 00:00:00,24400,17,-7498,-17080,1464050,1434689,-0.005121409787917079,-0.011905019136551545,-24578,61140868,205552,1166729,75.55,97.1,-0.8500000000000085,0.6999999999999886,16407,13843,24600,24000,192336,228433,0,-1122,0,-0.004887717540458714,-0.1500000000000341,-0.10000000000002274,-0.14135157021966865,24600,192336,24000,228433,222.3,377.7
2026-07-31 00:00:00,2026-07-31 15:23:00,367,NIFTY,OK,24377.7,0,1456552,0,1417609,0,345140,0,645802,0,0,172.64999999999998,0.2939977962264466,0.13265727570630428,0.2150433944069433,-0.3036930331889597,0,0,24400,8921851.299999999,24200,1475379.5,0,0,1785491629525,2026-08-04 00:00:00,24400,17,0,0,1456552,1417609,0,0,0,61140868,0,844997,75.55,97.1,0,0,0,0,24600,24000,192336,228433,-4508,-566,-0.022901383836947023,-0.002471626513652898,0,-0.4000000000000341,-0.34411533240021214,24600,192336,24000,228433,222.3,377.7
2026-07-31 00:00:00,2026-07-31 15:24:00,368,NIFTY,OK,24380.35,2.649999999997817,1427494,-29058,1377869,-39740,316082,-29058,606062,-39740,-10682,169.8,0.3288373019819539,0.16887116426090615,0.21154265051842788,-2.3053808143756673,24650,1246,24400,8826043,24200,1589379.4,0,0,1785491690947,2026-08-04 00:00:00,24400,17,-29058,-39740,1456552,1417609,-0.019949854176163982,-0.028033117735567423,-68798,61415925,275057,922508,76.55,93.25,1,-3.8499999999999943,19865,21050,24600,24000,191713,228565,-5202,-826,-0.026417489779854253,-0.003600838742583624,-2.849999999999966,-4,-2.670550643528331,24600,191713,24000,228565,219.65,380.35
2026-07-31 00:00:00,2026-07-31 15:25:00,369,NIFTY,OK,24379.9,-0.4499999999970896,1404999,-22495,1350793,-27076,293587,-22495,578986,-27076,-4581,171.5,0.28310990089237503,0.2343576965669989,0.21233882813775062,-1.6113857033295773,0,0,24400,8229750.8,24200,1589084.8,0,0,1785491752299,2026-08-04 00:00:00,24400,17,-22495,-27076,1427494,1377869,-0.01575838497394735,-0.01965063442170482,-49571,61554799,138874,780192,76.65,94.85,0.10000000000000853,1.5999999999999943,12032,12962,24600,24000,190882,229368,-5187,-876,-0.026454972484176487,-0.003804659404805337,1.6999999999999886,-2.1999999999999886,-0.9554541545435578,24600,190882,24000,229368,220.1,379.9
2026-07-31 00:00:00,2026-07-31 15:26:00,370,NIFTY,OK,24375.1,-4.80000000000291,1385688,-19311,1324285,-26508,274276,-19311,552478,-26508,-7197,171.2,0.37151919963778235,0.18748975722258585,0.21006352354075614,-1.9680717836849193,24650,23260.75,24400,7574468.550000001,24200,1523445.4,0,0,1785491809606,2026-08-04 00:00:00,24400,17,-19311,-26508,1404999,1350793,-0.013744493768322966,-0.01962402825599481,-45819,61942123,387324,1006807,74.2,97,-2.450000000000003,2.1500000000000057,34715,26905,24600,24000,190597,228623,-2791,-200,-0.014432126088485325,-0.0008740380119131381,-0.30000000000001137,-1.6000000000000227,-1.0246064466536307,24600,190597,24000,228623,224.9,375.1
2026-07-31 00:00:00,2026-07-31 15:27:00,371,NIFTY,OK,24375.1,0,1385688,0,1324285,0,274276,0,552478,0,0,171.2,0.2956689974401959,0.20491354188117392,0.21006352354075614,-1.5088271078290614,24650,23260.75,24400,7574468.550000001,24200,1523445.4,0,0,1785491870160,2026-08-04 00:00:00,24400,17,0,0,1385688,1324285,0,0,0,61942123,0,801255,74.2,97,0,0,0,0,24600,24000,190597,228623,-1739,190,-0.009041469095749106,0.000831753730853248,0,-1.4499999999999886,-0.8584778552749338,24600,190597,24000,228623,224.9,375.1
2026-07-31 00:00:00,2026-07-31 15:28:00,372,NIFTY,OK,24366.9,-8.19999999999709,1239364,-39574,1369192,-31220,199522,-74754,560147,7669,8354,174.60000000000002,0.44508532690116676,0.20239098042255582,0.21589154871393348,0.7467661602941019,24600,24988,24400,7062151.05,24200,1503612,0,0,1785491930292,2026-08-04 00:00:00,24350,16,-39574,-31220,1275436,1322925,-0.031027821074518833,-0.02359922142222726,-70794,61763624,359775,1161030,99.95,74.65,-1.7000000000000028,0.20000000000000284,14825,22908,24600,24000,187826,227522,-4510,-911,-0.023448548373679396,-0.003988040256880573,3.400000000000034,1.9500000000000455,1.5939342208691576,24600,187826,24000,227522,233.1,366.9
2026-07-31 00:00:00,2026-07-31 15:29:00,373,NIFTY,OK,24363.85,-3.0500000000029104,1211878,-27486,1326029,-43163,172036,-27486,516984,-43163,-15677,168.55,0.5215805780117239,0.17891431968772922,0.20464727184669126,-2.218994630590687,24600,63685.600000000006,24400,6260613.750000001,24200,1231507.2,0,0,1785491997905,2026-08-04 00:00:00,24350,17,-27486,-43163,1239364,1369192,-0.022177503945572084,-0.031524431927735484,-70649,62201374,437750,1323723,92.65,75.9,-7.299999999999997,1.25,20825,37831,24600,24000,185539,228672,-6174,107,-0.032204388852086194,0.0004681381663859296,-6.050000000000011,-1.25,-1.9391187926996714,24600,185539,24000,228672,236.15,363.85
2026-07-31 00:00:00,2026-07-31 15:30:00,374,NIFTY,OK,24363.85,0,1211878,0,1326029,0,172036,0,516984,0,0,168.55,0.4668606848083874,0.15804714356006547,0.20464727184669126,-1.7015469464658275,24600,63685.600000000006,24400,6260613.750000001,24200,1231507.2,0,0,1785492051141,2026-08-04 00:00:00,24350,17,0,0,1211878,1326029,0,0,0,62201374,0,1184849,92.65,75.9,0,0,0,0,24600,24000,185539,228672,-5343,-696,-0.027991114929642395,-0.00303442502877472,0,-2.9499999999999886,-1.5141772867404375,24600,185539,24000,228672,236.15,363.85
2026-07-31 00:00:00,2026-07-31 15:31:00,375,NIFTY,OK,24366.8,2.9500000000007276,1176465,-35413,1272447,-53582,136623,-35413,463402,-53582,-18169,168.65,0.39389083805379693,0.23889388806183678,0.20717817169292194,-0.8821471851828604,24600,54532.6,24400,5423290,24200,1417827.7,0,0,1785492109797,2026-08-04 00:00:00,24350,17,-35413,-53582,1211878,1326029,-0.029221588311694743,-0.04040786438305648,-88995,62368453,167079,964604,93.65,75,1,-0.9000000000000057,7121,11273,24600,24000,188669,228868,-1928,245,-0.010115584190727032,0.0010716332127563718,0.09999999999999432,-2.549999999999983,-1.1774557776510186,24600,188669,24000,228868,233.2,366.8
2026-07-31 00:00:00,2026-07-31 15:32:00,376,NIFTY,OK,24383.6,16.799999999999272,1278667,0,1196528,0,167255,30632,424721,-38681,0,167.25,0.3897082856098206,0.23889388806183678,0.20647031056173276,-0.8705915460667254,24600,54532.6,24400,5423290,24200,1417827.7,0,0,1785492169726,2026-08-04 00:00:00,24400,16,0,0,1173007,1195186,0,0,0,62929678,0,964604,68.3,98.95,0,0,0,0,24600,24000,188669,228868,-1928,245,-0.010115584190727032,0.0010716332127563718,-1.4000000000000057,-3.9499999999999886,-1.4763102593958437,24600,188669,24000,228868,216.4,383.6