date_ist,minute_bucket_ist,run_id,symbol,alert_code,state,severity,value,message,meta
2026-08-05 00:00:00,2026-08-05 09:15:00,1,NIFTY,REGIME_RANGE_PIN,ON,LOW,0,Range / pin (inside local walls),"{""dedupe_key"":""NIFTY|REGIME_RANGE_PIN|ON|2026-08-05 09:15"",""threshold"":0.001,""value"":0,""since_minute_bucket_ist"":"""",""last_updated_ist"":""2026-08-05 09:15:00""}"
2026-08-05 00:00:00,2026-08-05 09:17:00,3,NIFTY,FLOW_BOTH_BUILDING,ON,MED,0.0069,Both sides building (straddle build) → higher chop risk,"{""dedupe_key"":""NIFTY|FLOW_BOTH_BUILDING|ON|2026-08-05 09:17"",""threshold"":0.005,""value"":0.0069,""since_minute_bucket_ist"":"""",""last_updated_ist"":""2026-08-05 09:17:00""}"
2026-08-05 00:00:00,2026-08-05 09:17:00,3,NIFTY,REGIME_RANGE_PIN,OFF,LOW,0,Range / pin (inside local walls),"{""dedupe_key"":""NIFTY|REGIME_RANGE_PIN|OFF|2026-08-05 09:17"",""threshold"":0.001,""value"":0,""since_minute_bucket_ist"":""2026-08-05 09:15"",""last_updated_ist"":""2026-08-05 09:17:00""}"
2026-08-05 00:00:00,2026-08-05 09:17:00,3,NIFTY,REGIME_TRANSITION_UNCERTAIN,ON,LOW,1,Transition/uncertain regime,"{""dedupe_key"":""NIFTY|REGIME_TRANSITION_UNCERTAIN|ON|2026-08-05 09:17"",""threshold"":1,""value"":1,""since_minute_bucket_ist"":"""",""last_updated_ist"":""2026-08-05 09:17:00""}"
2026-08-05 00:00:00,2026-08-05 09:17:00,3,NIFTY,OPTION_MOMENTUM_CALL,ON,MED,12.45,ATM CALL momentum (ltp up + vol up),"{""dedupe_key"":""NIFTY|OPTION_MOMENTUM_CALL|ON|2026-08-05 09:17"",""threshold"":1.5,""value"":12.45,""since_minute_bucket_ist"":"""",""last_updated_ist"":""2026-08-05 09:17:00""}"
2026-08-05 00:00:00,2026-08-05 09:17:00,3,NIFTY,TAIL_RISK_SKEW_HIGH,ON,MED,6.52,Downside tail-risk skew elevated (PCR_COI high),"{""dedupe_key"":""NIFTY|TAIL_RISK_SKEW_HIGH|ON|2026-08-05 09:17"",""threshold"":1.9,""value"":6.52,""since_minute_bucket_ist"":"""",""last_updated_ist"":""2026-08-05 09:17:00""}"
2026-08-05 00:00:00,2026-08-05 09:18:00,4,NIFTY,REGIME_RANGE_PIN,ON,LOW,0,Range / pin (inside local walls),"{""dedupe_key"":""NIFTY|REGIME_RANGE_PIN|ON|2026-08-05 09:18"",""threshold"":0.001,""value"":0,""since_minute_bucket_ist"":"""",""last_updated_ist"":""2026-08-05 09:18:00""}"
2026-08-05 00:00:00,2026-08-05 09:18:00,4,NIFTY,REGIME_TRANSITION_UNCERTAIN,OFF,LOW,1,Transition/uncertain regime,"{""dedupe_key"":""NIFTY|REGIME_TRANSITION_UNCERTAIN|OFF|2026-08-05 09:18"",""threshold"":1,""value"":1,""since_minute_bucket_ist"":""2026-08-05 09:17"",""last_updated_ist"":""2026-08-05 09:18:00""}"
2026-08-05 00:00:00,2026-08-05 09:18:00,4,NIFTY,OPTION_MOMENTUM_CALL,OFF,MED,-0.3,ATM CALL momentum (ltp up + vol up),"{""dedupe_key"":""NIFTY|OPTION_MOMENTUM_CALL|OFF|2026-08-05 09:18"",""threshold"":1.5,""value"":-0.3,""since_minute_bucket_ist"":""2026-08-05 09:17"",""last_updated_ist"":""2026-08-05 09:18:00""}"
2026-08-05 00:00:00,2026-08-05 09:18:00,4,NIFTY,WALL_SHIFT_REGIME,ON,MED,1,Wall strike shifted materially (>= 1 step),"{""dedupe_key"":""NIFTY|WALL_SHIFT_REGIME|ON|2026-08-05 09:18"",""threshold"":1,""value"":1,""since_minute_bucket_ist"":"""",""last_updated_ist"":""2026-08-05 09:18:00""}"
2026-08-05 00:00:00,2026-08-05 09:19:00,5,NIFTY,FLOW_BOTH_BUILDING,OFF,MED,0.0002,Both sides building (straddle build) → higher chop risk,"{""dedupe_key"":""NIFTY|FLOW_BOTH_BUILDING|OFF|2026-08-05 09:19"",""threshold"":0.005,""value"":0.0002,""since_minute_bucket_ist"":""2026-08-05 09:17"",""last_updated_ist"":""2026-08-05 09:19:00""}"
2026-08-05 00:00:00,2026-08-05 09:19:00,5,NIFTY,VOL_EXPANSION,ON,MED,0.0059,Volatility expanding (straddle up),"{""dedupe_key"":""NIFTY|VOL_EXPANSION|ON|2026-08-05 09:19"",""threshold"":0.02,""value"":0.0059,""since_minute_bucket_ist"":"""",""last_updated_ist"":""2026-08-05 09:19:00""}"
2026-08-05 00:00:00,2026-08-05 09:19:00,5,NIFTY,OPTION_MOMENTUM_CALL,ON,MED,3.3,ATM CALL momentum (ltp up + vol up),"{""dedupe_key"":""NIFTY|OPTION_MOMENTUM_CALL|ON|2026-08-05 09:19"",""threshold"":1.5,""value"":3.3,""since_minute_bucket_ist"":"""",""last_updated_ist"":""2026-08-05 09:19:00""}"
2026-08-05 00:00:00,2026-08-05 09:19:00,5,NIFTY,STEALTH_BUILD_BULL,ON,MED,0.0645,"Stealth bullish build (puts build, spot flat)","{""dedupe_key"":""NIFTY|STEALTH_BUILD_BULL|ON|2026-08-05 09:19"",""threshold"":0.008,""value"":0.0645,""since_minute_bucket_ist"":"""",""last_updated_ist"":""2026-08-05 09:19:00""}"
2026-08-05 00:00:00,2026-08-05 09:19:00,5,NIFTY,WALL_SHIFT_REGIME,OFF,MED,1,Wall strike shifted materially (>= 1 step),"{""dedupe_key"":""NIFTY|WALL_SHIFT_REGIME|OFF|2026-08-05 09:19"",""threshold"":1,""value"":1,""since_minute_bucket_ist"":""2026-08-05 09:18"",""last_updated_ist"":""2026-08-05 09:19:00""}"
2026-08-05 00:00:00,2026-08-05 09:20:00,6,NIFTY,FLOW_BOTH_BUILDING,ON,MED,0.0238,Both sides building (straddle build) → higher chop risk,"{""dedupe_key"":""NIFTY|FLOW_BOTH_BUILDING|ON|2026-08-05 09:20"",""threshold"":0.005,""value"":0.0238,""since_minute_bucket_ist"":"""",""last_updated_ist"":""2026-08-05 09:20:00""}"
2026-08-05 00:00:00,2026-08-05 09:20:00,6,NIFTY,PIN_BASIC,ON,LOW,37.5,Spot near a local wall (pin zone),"{""dedupe_key"":""NIFTY|PIN_BASIC|ON|2026-08-05 09:20"",""threshold"":37.5,""value"":37.5,""since_minute_bucket_ist"":"""",""last_updated_ist"":""2026-08-05 09:20:00""}"
2026-08-05 00:00:00,2026-08-05 09:20:00,6,NIFTY,VOL_EXPANSION,OFF,MED,0.0023,Volatility expanding (straddle up),"{""dedupe_key"":""NIFTY|VOL_EXPANSION|OFF|2026-08-05 09:20"",""threshold"":0.02,""value"":0.0023,""since_minute_bucket_ist"":""2026-08-05 09:19"",""last_updated_ist"":""2026-08-05 09:20:00""}"
2026-08-05 00:00:00,2026-08-05 09:20:00,6,NIFTY,OPTION_MOMENTUM_CALL,OFF,MED,-2.1,ATM CALL momentum (ltp up + vol up),"{""dedupe_key"":""NIFTY|OPTION_MOMENTUM_CALL|OFF|2026-08-05 09:20"",""threshold"":1.5,""value"":-2.1,""since_minute_bucket_ist"":""2026-08-05 09:19"",""last_updated_ist"":""2026-08-05 09:20:00""}"
2026-08-05 00:00:00,2026-08-05 09:20:00,6,NIFTY,CHURN_CHOP,ON,LOW,0.0602,High OI churn while price flat (chop),"{""dedupe_key"":""NIFTY|CHURN_CHOP|ON|2026-08-05 09:20"",""threshold"":0.04,""value"":0.0602,""since_minute_bucket_ist"":"""",""last_updated_ist"":""2026-08-05 09:20:00""}"
2026-08-05 00:00:00,2026-08-05 09:20:00,6,NIFTY,STEALTH_BUILD_BULL,OFF,MED,0.0364,"Stealth bullish build (puts build, spot flat)","{""dedupe_key"":""NIFTY|STEALTH_BUILD_BULL|OFF|2026-08-05 09:20"",""threshold"":0.008,""value"":0.0364,""since_minute_bucket_ist"":""2026-08-05 09:19"",""last_updated_ist"":""2026-08-05 09:20:00""}"
2026-08-05 00:00:00,2026-08-05 09:21:00,7,NIFTY,FLOW_BOTH_BUILDING,OFF,MED,0,Both sides building (straddle build) → higher chop risk,"{""dedupe_key"":""NIFTY|FLOW_BOTH_BUILDING|OFF|2026-08-05 09:21"",""threshold"":0.005,""value"":0,""since_minute_bucket_ist"":""2026-08-05 09:20"",""last_updated_ist"":""2026-08-05 09:21:00""}"
2026-08-05 00:00:00,2026-08-05 09:21:00,7,NIFTY,CHURN_CHOP,OFF,LOW,0,High OI churn while price flat (chop),"{""dedupe_key"":""NIFTY|CHURN_CHOP|OFF|2026-08-05 09:21"",""threshold"":0.04,""value"":0,""since_minute_bucket_ist"":""2026-08-05 09:20"",""last_updated_ist"":""2026-08-05 09:21:00""}"
2026-08-05 00:00:00,2026-08-05 09:22:00,8,NIFTY,FLOW_BOTH_BUILDING,ON,MED,0.0348,Both sides building (straddle build) → higher chop risk,"{""dedupe_key"":""NIFTY|FLOW_BOTH_BUILDING|ON|2026-08-05 09:22"",""threshold"":0.005,""value"":0.0348,""since_minute_bucket_ist"":"""",""last_updated_ist"":""2026-08-05 09:22:00""}"
2026-08-05 00:00:00,2026-08-05 09:22:00,8,NIFTY,REGIME_RANGE_PIN,OFF,LOW,0.0003,Range / pin (inside local walls),"{""dedupe_key"":""NIFTY|REGIME_RANGE_PIN|OFF|2026-08-05 09:22"",""threshold"":0.001,""value"":0.0003,""since_minute_bucket_ist"":""2026-08-05 09:18"",""last_updated_ist"":""2026-08-05 09:22:00""}"
2026-08-05 00:00:00,2026-08-05 09:22:00,8,NIFTY,REGIME_TRANSITION_UNCERTAIN,ON,LOW,1,Transition/uncertain regime,"{""dedupe_key"":""NIFTY|REGIME_TRANSITION_UNCERTAIN|ON|2026-08-05 09:22"",""threshold"":1,""value"":1,""since_minute_bucket_ist"":"""",""last_updated_ist"":""2026-08-05 09:22:00""}"
2026-08-05 00:00:00,2026-08-05 09:22:00,8,NIFTY,VOL_EXPANSION,ON,MED,0.0157,Volatility expanding (straddle up),"{""dedupe_key"":""NIFTY|VOL_EXPANSION|ON|2026-08-05 09:22"",""threshold"":0.02,""value"":0.0157,""since_minute_bucket_ist"":"""",""last_updated_ist"":""2026-08-05 09:22:00""}"
2026-08-05 00:00:00,2026-08-05 09:23:00,9,NIFTY,OPTION_MOMENTUM_PUT,ON,MED,5.85,ATM PUT momentum (ltp up + vol up),"{""dedupe_key"":""NIFTY|OPTION_MOMENTUM_PUT|ON|2026-08-05 09:23"",""threshold"":1.5,""value"":5.85,""since_minute_bucket_ist"":"""",""last_updated_ist"":""2026-08-05 09:23:00""}"
2026-08-05 00:00:00,2026-08-05 09:24:00,10,NIFTY,FLOW_BOTH_BUILDING,OFF,MED,0,Both sides building (straddle build) → higher chop risk,"{""dedupe_key"":""NIFTY|FLOW_BOTH_BUILDING|OFF|2026-08-05 09:24"",""threshold"":0.005,""value"":0,""since_minute_bucket_ist"":""2026-08-05 09:22"",""last_updated_ist"":""2026-08-05 09:24:00""}"
2026-08-05 00:00:00,2026-08-05 09:24:00,10,NIFTY,OPTION_MOMENTUM_PUT,OFF,MED,0,ATM PUT momentum (ltp up + vol up),"{""dedupe_key"":""NIFTY|OPTION_MOMENTUM_PUT|OFF|2026-08-05 09:24"",""threshold"":1.5,""value"":0,""since_minute_bucket_ist"":""2026-08-05 09:23"",""last_updated_ist"":""2026-08-05 09:24:00""}"
2026-08-05 00:00:00,2026-08-05 09:25:00,11,NIFTY,FLOW_BOTH_BUILDING,ON,MED,0.0183,Both sides building (straddle build) → higher chop risk,"{""dedupe_key"":""NIFTY|FLOW_BOTH_BUILDING|ON|2026-08-05 09:25"",""threshold"":0.005,""value"":0.0183,""since_minute_bucket_ist"":"""",""last_updated_ist"":""2026-08-05 09:25:00""}"
2026-08-05 00:00:00,2026-08-05 09:25:00,11,NIFTY,REGIME_RANGE_PIN,ON,LOW,0.0002,Range / pin (inside local walls),"{""dedupe_key"":""NIFTY|REGIME_RANGE_PIN|ON|2026-08-05 09:25"",""threshold"":0.001,""value"":0.0002,""since_minute_bucket_ist"":"""",""last_updated_ist"":""2026-08-05 09:25:00""}"
2026-08-05 00:00:00,2026-08-05 09:25:00,11,NIFTY,REGIME_TRANSITION_UNCERTAIN,OFF,LOW,1,Transition/uncertain regime,"{""dedupe_key"":""NIFTY|REGIME_TRANSITION_UNCERTAIN|OFF|2026-08-05 09:25"",""threshold"":1,""value"":1,""since_minute_bucket_ist"":""2026-08-05 09:22"",""last_updated_ist"":""2026-08-05 09:25:00""}"
2026-08-05 00:00:00,2026-08-05 09:25:00,11,NIFTY,OPTION_MOMENTUM_PUT,ON,MED,6.2,ATM PUT momentum (ltp up + vol up),"{""dedupe_key"":""NIFTY|OPTION_MOMENTUM_PUT|ON|2026-08-05 09:25"",""threshold"":1.5,""value"":6.2,""since_minute_bucket_ist"":"""",""last_updated_ist"":""2026-08-05 09:25:00""}"
2026-08-05 00:00:00,2026-08-05 09:25:00,11,NIFTY,TAIL_RISK_SKEW_HIGH,OFF,MED,1.79,Downside tail-risk skew elevated (PCR_COI high),"{""dedupe_key"":""NIFTY|TAIL_RISK_SKEW_HIGH|OFF|2026-08-05 09:25"",""threshold"":1.9,""value"":1.79,""since_minute_bucket_ist"":""2026-08-05 09:17"",""last_updated_ist"":""2026-08-05 09:25:00""}"
2026-08-05 00:00:00,2026-08-05 09:26:00,12,NIFTY,REGIME_RANGE_PIN,OFF,LOW,0.0002,Range / pin (inside local walls),"{""dedupe_key"":""NIFTY|REGIME_RANGE_PIN|OFF|2026-08-05 09:26"",""threshold"":0.001,""value"":0.0002,""since_minute_bucket_ist"":""2026-08-05 09:25"",""last_updated_ist"":""2026-08-05 09:26:00""}"
2026-08-05 00:00:00,2026-08-05 09:26:00,12,NIFTY,REGIME_TRANSITION_UNCERTAIN,ON,LOW,1,Transition/uncertain regime,"{""dedupe_key"":""NIFTY|REGIME_TRANSITION_UNCERTAIN|ON|2026-08-05 09:26"",""threshold"":1,""value"":1,""since_minute_bucket_ist"":"""",""last_updated_ist"":""2026-08-05 09:26:00""}"
2026-08-05 00:00:00,2026-08-05 09:26:00,12,NIFTY,EXP_RANGE_BREAKOUT_WATCH_DOWN,ON,MED,24612.8,Expected-range watch DOWN,"{""dedupe_key"":""NIFTY|EXP_RANGE_BREAKOUT_WATCH_DOWN|ON|2026-08-05 09:26"",""threshold"":24619.11,""value"":24612.8,""since_minute_bucket_ist"":"""",""last_updated_ist"":""2026-08-05 09:26:00""}"
2026-08-05 00:00:00,2026-08-05 09:27:00,13,NIFTY,FLOW_BOTH_BUILDING,OFF,MED,0,Both sides building (straddle build) → higher chop risk,"{""dedupe_key"":""NIFTY|FLOW_BOTH_BUILDING|OFF|2026-08-05 09:27"",""threshold"":0.005,""value"":0,""since_minute_bucket_ist"":""2026-08-05 09:25"",""last_updated_ist"":""2026-08-05 09:27:00""}"
2026-08-05 00:00:00,2026-08-05 09:27:00,13,NIFTY,EXP_RANGE_BREAKOUT_CONFIRMED_DOWN,ON,HIGH,2,Expected-range breakout CONFIRMED DOWN,"{""dedupe_key"":""NIFTY|EXP_RANGE_BREAKOUT_CONFIRMED_DOWN|ON|2026-08-05 09:27"",""threshold"":2,""value"":2,""since_minute_bucket_ist"":"""",""last_updated_ist"":""2026-08-05 09:27:00""}"
2026-08-05 00:00:00,2026-08-05 09:27:00,13,NIFTY,OPTION_MOMENTUM_PUT,OFF,MED,0,ATM PUT momentum (ltp up + vol up),"{""dedupe_key"":""NIFTY|OPTION_MOMENTUM_PUT|OFF|2026-08-05 09:27"",""threshold"":1.5,""value"":0,""since_minute_bucket_ist"":""2026-08-05 09:25"",""last_updated_ist"":""2026-08-05 09:27:00""}"
2026-08-05 00:00:00,2026-08-05 09:28:00,14,NIFTY,FLOW_BOTH_BUILDING,ON,MED,0.0066,Both sides building (straddle build) → higher chop risk,"{""dedupe_key"":""NIFTY|FLOW_BOTH_BUILDING|ON|2026-08-05 09:28"",""threshold"":0.005,""value"":0.0066,""since_minute_bucket_ist"":"""",""last_updated_ist"":""2026-08-05 09:28:00""}"
2026-08-05 00:00:00,2026-08-05 09:28:00,14,NIFTY,REGIME_RANGE_PIN,ON,LOW,0.0003,Range / pin (inside local walls),"{""dedupe_key"":""NIFTY|REGIME_RANGE_PIN|ON|2026-08-05 09:28"",""threshold"":0.001,""value"":0.0003,""since_minute_bucket_ist"":"""",""last_updated_ist"":""2026-08-05 09:28:00""}"
2026-08-05 00:00:00,2026-08-05 09:28:00,14,NIFTY,REGIME_TRANSITION_UNCERTAIN,OFF,LOW,1,Transition/uncertain regime,"{""dedupe_key"":""NIFTY|REGIME_TRANSITION_UNCERTAIN|OFF|2026-08-05 09:28"",""threshold"":1,""value"":1,""since_minute_bucket_ist"":""2026-08-05 09:26"",""last_updated_ist"":""2026-08-05 09:28:00""}"
2026-08-05 00:00:00,2026-08-05 09:28:00,14,NIFTY,EXP_RANGE_BREAKOUT_WATCH_DOWN,OFF,MED,24617.95,Expected-range watch DOWN,"{""dedupe_key"":""NIFTY|EXP_RANGE_BREAKOUT_WATCH_DOWN|OFF|2026-08-05 09:28"",""threshold"":24613.19,""value"":24617.95,""since_minute_bucket_ist"":""2026-08-05 09:26"",""last_updated_ist"":""2026-08-05 09:28:00""}"
2026-08-05 00:00:00,2026-08-05 09:28:00,14,NIFTY,EXP_RANGE_BREAKOUT_CONFIRMED_DOWN,OFF,HIGH,0,Expected-range breakout CONFIRMED DOWN,"{""dedupe_key"":""NIFTY|EXP_RANGE_BREAKOUT_CONFIRMED_DOWN|OFF|2026-08-05 09:28"",""threshold"":2,""value"":0,""since_minute_bucket_ist"":""2026-08-05 09:27"",""last_updated_ist"":""2026-08-05 09:28:00""}"
2026-08-05 00:00:00,2026-08-05 09:29:00,15,NIFTY,OPTION_MOMENTUM_CALL,ON,MED,1.85,ATM CALL momentum (ltp up + vol up),"{""dedupe_key"":""NIFTY|OPTION_MOMENTUM_CALL|ON|2026-08-05 09:29"",""threshold"":1.5,""value"":1.85,""since_minute_bucket_ist"":"""",""last_updated_ist"":""2026-08-05 09:29:00""}"
2026-08-05 00:00:00,2026-08-05 09:29:00,15,NIFTY,WALL_SHIFT_REGIME,ON,MED,1,Wall strike shifted materially (>= 1 step),"{""dedupe_key"":""NIFTY|WALL_SHIFT_REGIME|ON|2026-08-05 09:29"",""threshold"":1,""value"":1,""since_minute_bucket_ist"":"""",""last_updated_ist"":""2026-08-05 09:29:00""}"
2026-08-05 00:00:00,2026-08-05 09:30:00,16,NIFTY,FLOW_BOTH_BUILDING,OFF,MED,0,Both sides building (straddle build) → higher chop risk,"{""dedupe_key"":""NIFTY|FLOW_BOTH_BUILDING|OFF|2026-08-05 09:30"",""threshold"":0.005,""value"":0,""since_minute_bucket_ist"":""2026-08-05 09:28"",""last_updated_ist"":""2026-08-05 09:30:00""}"
2026-08-05 00:00:00,2026-08-05 09:30:00,16,NIFTY,VOL_EXPANSION,OFF,MED,0.0025,Volatility expanding (straddle up),"{""dedupe_key"":""NIFTY|VOL_EXPANSION|OFF|2026-08-05 09:30"",""threshold"":0.02,""value"":0.0025,""since_minute_bucket_ist"":""2026-08-05 09:22"",""last_updated_ist"":""2026-08-05 09:30:00""}"
2026-08-05 00:00:00,2026-08-05 09:30:00,16,NIFTY,OPTION_MOMENTUM_CALL,OFF,MED,0,ATM CALL momentum (ltp up + vol up),"{""dedupe_key"":""NIFTY|OPTION_MOMENTUM_CALL|OFF|2026-08-05 09:30"",""threshold"":1.5,""value"":0,""since_minute_bucket_ist"":""2026-08-05 09:29"",""last_updated_ist"":""2026-08-05 09:30:00""}"
2026-08-05 00:00:00,2026-08-05 09:30:00,16,NIFTY,WALL_SHIFT_REGIME,OFF,MED,1,Wall strike shifted materially (>= 1 step),"{""dedupe_key"":""NIFTY|WALL_SHIFT_REGIME|OFF|2026-08-05 09:30"",""threshold"":1,""value"":1,""since_minute_bucket_ist"":""2026-08-05 09:29"",""last_updated_ist"":""2026-08-05 09:30:00""}"
2026-08-05 00:00:00,2026-08-05 09:31:00,17,NIFTY,FLOW_BOTH_BUILDING,ON,MED,0.011,Both sides building (straddle build) → higher chop risk,"{""dedupe_key"":""NIFTY|FLOW_BOTH_BUILDING|ON|2026-08-05 09:31"",""threshold"":0.005,""value"":0.011,""since_minute_bucket_ist"":"""",""last_updated_ist"":""2026-08-05 09:31:00""}"
2026-08-05 00:00:00,2026-08-05 09:31:00,17,NIFTY,EXP_RANGE_BREAKOUT_WATCH_DOWN,ON,MED,24609.3,Expected-range watch DOWN,"{""dedupe_key"":""NIFTY|EXP_RANGE_BREAKOUT_WATCH_DOWN|ON|2026-08-05 09:31"",""threshold"":24610.85,""value"":24609.3,""since_minute_bucket_ist"":"""",""last_updated_ist"":""2026-08-05 09:31:00""}"
2026-08-05 00:00:00,2026-08-05 09:32:00,18,NIFTY,EXP_RANGE_BREAKOUT_WATCH_DOWN,OFF,MED,24613,Expected-range watch DOWN,"{""dedupe_key"":""NIFTY|EXP_RANGE_BREAKOUT_WATCH_DOWN|OFF|2026-08-05 09:32"",""threshold"":24610.07,""value"":24613,""since_minute_bucket_ist"":""2026-08-05 09:31"",""last_updated_ist"":""2026-08-05 09:32:00""}"
2026-08-05 00:00:00,2026-08-05 09:32:00,18,NIFTY,VOL_EXPANSION,ON,MED,0.0153,Volatility expanding (straddle up),"{""dedupe_key"":""NIFTY|VOL_EXPANSION|ON|2026-08-05 09:32"",""threshold"":0.02,""value"":0.0153,""since_minute_bucket_ist"":"""",""last_updated_ist"":""2026-08-05 09:32:00""}"
2026-08-05 00:00:00,2026-08-05 09:32:00,18,NIFTY,OPTION_MOMENTUM_PUT,ON,MED,6.45,ATM PUT momentum (ltp up + vol up),"{""dedupe_key"":""NIFTY|OPTION_MOMENTUM_PUT|ON|2026-08-05 09:32"",""threshold"":1.5,""value"":6.45,""since_minute_bucket_ist"":"""",""last_updated_ist"":""2026-08-05 09:32:00""}"
2026-08-05 00:00:00,2026-08-05 09:33:00,19,NIFTY,REGIME_RANGE_PIN,OFF,LOW,0.0002,Range / pin (inside local walls),"{""dedupe_key"":""NIFTY|REGIME_RANGE_PIN|OFF|2026-08-05 09:33"",""threshold"":0.001,""value"":0.0002,""since_minute_bucket_ist"":""2026-08-05 09:28"",""last_updated_ist"":""2026-08-05 09:33:00""}"
2026-08-05 00:00:00,2026-08-05 09:33:00,19,NIFTY,REGIME_TRANSITION_UNCERTAIN,ON,LOW,1,Transition/uncertain regime,"{""dedupe_key"":""NIFTY|REGIME_TRANSITION_UNCERTAIN|ON|2026-08-05 09:33"",""threshold"":1,""value"":1,""since_minute_bucket_ist"":"""",""last_updated_ist"":""2026-08-05 09:33:00""}"
2026-08-05 00:00:00,2026-08-05 09:33:00,19,NIFTY,OPTION_MOMENTUM_CALL,ON,MED,4.75,ATM CALL momentum (ltp up + vol up),"{""dedupe_key"":""NIFTY|OPTION_MOMENTUM_CALL|ON|2026-08-05 09:33"",""threshold"":1.5,""value"":4.75,""since_minute_bucket_ist"":"""",""last_updated_ist"":""2026-08-05 09:33:00""}"
2026-08-05 00:00:00,2026-08-05 09:33:00,19,NIFTY,OPTION_MOMENTUM_PUT,OFF,MED,-4.15,ATM PUT momentum (ltp up + vol up),"{""dedupe_key"":""NIFTY|OPTION_MOMENTUM_PUT|OFF|2026-08-05 09:33"",""threshold"":1.5,""value"":-4.15,""since_minute_bucket_ist"":""2026-08-05 09:32"",""last_updated_ist"":""2026-08-05 09:33:00""}"
2026-08-05 00:00:00,2026-08-05 09:33:00,19,NIFTY,WALL_SHIFT_REGIME,ON,MED,1,Wall strike shifted materially (>= 1 step),"{""dedupe_key"":""NIFTY|WALL_SHIFT_REGIME|ON|2026-08-05 09:33"",""threshold"":1,""value"":1,""since_minute_bucket_ist"":"""",""last_updated_ist"":""2026-08-05 09:33:00""}"
2026-08-05 00:00:00,2026-08-05 09:34:00,20,NIFTY,FLOW_BOTH_BUILDING,OFF,MED,0,Both sides building (straddle build) → higher chop risk,"{""dedupe_key"":""NIFTY|FLOW_BOTH_BUILDING|OFF|2026-08-05 09:34"",""threshold"":0.005,""value"":0,""since_minute_bucket_ist"":""2026-08-05 09:31"",""last_updated_ist"":""2026-08-05 09:34:00""}"
2026-08-05 00:00:00,2026-08-05 09:34:00,20,NIFTY,REGIME_BREAKOUT_UP,ON,HIGH,2,Breakout UP (held above call wall),"{""dedupe_key"":""NIFTY|REGIME_BREAKOUT_UP|ON|2026-08-05 09:34"",""threshold"":2,""value"":2,""since_minute_bucket_ist"":"""",""last_updated_ist"":""2026-08-05 09:34:00""}"
2026-08-05 00:00:00,2026-08-05 09:34:00,20,NIFTY,REGIME_TRANSITION_UNCERTAIN,OFF,LOW,1,Transition/uncertain regime,"{""dedupe_key"":""NIFTY|REGIME_TRANSITION_UNCERTAIN|OFF|2026-08-05 09:34"",""threshold"":1,""value"":1,""since_minute_bucket_ist"":""2026-08-05 09:33"",""last_updated_ist"":""2026-08-05 09:34:00""}"
2026-08-05 00:00:00,2026-08-05 09:34:00,20,NIFTY,OPTION_MOMENTUM_CALL,OFF,MED,0,ATM CALL momentum (ltp up + vol up),"{""dedupe_key"":""NIFTY|OPTION_MOMENTUM_CALL|OFF|2026-08-05 09:34"",""threshold"":1.5,""value"":0,""since_minute_bucket_ist"":""2026-08-05 09:33"",""last_updated_ist"":""2026-08-05 09:34:00""}"
2026-08-05 00:00:00,2026-08-05 09:34:00,20,NIFTY,WALL_SHIFT_REGIME,OFF,MED,1,Wall strike shifted materially (>= 1 step),"{""dedupe_key"":""NIFTY|WALL_SHIFT_REGIME|OFF|2026-08-05 09:34"",""threshold"":1,""value"":1,""since_minute_bucket_ist"":""2026-08-05 09:33"",""last_updated_ist"":""2026-08-05 09:34:00""}"
2026-08-05 00:00:00,2026-08-05 09:35:00,21,NIFTY,FLOW_BOTH_BUILDING,ON,MED,0.0192,Both sides building (straddle build) → higher chop risk,"{""dedupe_key"":""NIFTY|FLOW_BOTH_BUILDING|ON|2026-08-05 09:35"",""threshold"":0.005,""value"":0.0192,""since_minute_bucket_ist"":"""",""last_updated_ist"":""2026-08-05 09:35:00""}"
2026-08-05 00:00:00,2026-08-05 09:35:00,21,NIFTY,VOL_EXPANSION,OFF,MED,0.0064,Volatility expanding (straddle up),"{""dedupe_key"":""NIFTY|VOL_EXPANSION|OFF|2026-08-05 09:35"",""threshold"":0.02,""value"":0.0064,""since_minute_bucket_ist"":""2026-08-05 09:32"",""last_updated_ist"":""2026-08-05 09:35:00""}"
2026-08-05 00:00:00,2026-08-05 09:35:00,21,NIFTY,OPTION_MOMENTUM_PUT,ON,MED,1.95,ATM PUT momentum (ltp up + vol up),"{""dedupe_key"":""NIFTY|OPTION_MOMENTUM_PUT|ON|2026-08-05 09:35"",""threshold"":1.5,""value"":1.95,""since_minute_bucket_ist"":"""",""last_updated_ist"":""2026-08-05 09:35:00""}"
2026-08-05 00:00:00,2026-08-05 09:36:00,22,NIFTY,FLOW_BOTH_BUILDING,OFF,MED,0,Both sides building (straddle build) → higher chop risk,"{""dedupe_key"":""NIFTY|FLOW_BOTH_BUILDING|OFF|2026-08-05 09:36"",""threshold"":0.005,""value"":0,""since_minute_bucket_ist"":""2026-08-05 09:35"",""last_updated_ist"":""2026-08-05 09:36:00""}"
2026-08-05 00:00:00,2026-08-05 09:36:00,22,NIFTY,OPTION_MOMENTUM_PUT,OFF,MED,0,ATM PUT momentum (ltp up + vol up),"{""dedupe_key"":""NIFTY|OPTION_MOMENTUM_PUT|OFF|2026-08-05 09:36"",""threshold"":1.5,""value"":0,""since_minute_bucket_ist"":""2026-08-05 09:35"",""last_updated_ist"":""2026-08-05 09:36:00""}"
2026-08-05 00:00:00,2026-08-05 09:37:00,23,NIFTY,FLOW_BOTH_BUILDING,ON,MED,0.0092,Both sides building (straddle build) → higher chop risk,"{""dedupe_key"":""NIFTY|FLOW_BOTH_BUILDING|ON|2026-08-05 09:37"",""threshold"":0.005,""value"":0.0092,""since_minute_bucket_ist"":"""",""last_updated_ist"":""2026-08-05 09:37:00""}"
2026-08-05 00:00:00,2026-08-05 09:37:00,23,NIFTY,REGIME_BREAKOUT_UP,OFF,HIGH,0,Breakout UP (held above call wall),"{""dedupe_key"":""NIFTY|REGIME_BREAKOUT_UP|OFF|2026-08-05 09:37"",""threshold"":2,""value"":0,""since_minute_bucket_ist"":""2026-08-05 09:34"",""last_updated_ist"":""2026-08-05 09:37:00""}"
2026-08-05 00:00:00,2026-08-05 09:37:00,23,NIFTY,REGIME_TRANSITION_UNCERTAIN,ON,LOW,1,Transition/uncertain regime,"{""dedupe_key"":""NIFTY|REGIME_TRANSITION_UNCERTAIN|ON|2026-08-05 09:37"",""threshold"":1,""value"":1,""since_minute_bucket_ist"":"""",""last_updated_ist"":""2026-08-05 09:37:00""}"
2026-08-05 00:00:00,2026-08-05 09:37:00,23,NIFTY,EXP_RANGE_BREAKOUT_WATCH_DOWN,ON,MED,24605.3,Expected-range watch DOWN,"{""dedupe_key"":""NIFTY|EXP_RANGE_BREAKOUT_WATCH_DOWN|ON|2026-08-05 09:37"",""threshold"":24608.01,""value"":24605.3,""since_minute_bucket_ist"":"""",""last_updated_ist"":""2026-08-05 09:37:00""}"
2026-08-05 00:00:00,2026-08-05 09:38:00,24,NIFTY,FLOW_BOTH_BUILDING,OFF,MED,0,Both sides building (straddle build) → higher chop risk,"{""dedupe_key"":""NIFTY|FLOW_BOTH_BUILDING|OFF|2026-08-05 09:38"",""threshold"":0.005,""value"":0,""since_minute_bucket_ist"":""2026-08-05 09:37"",""last_updated_ist"":""2026-08-05 09:38:00""}"
2026-08-05 00:00:00,2026-08-05 09:38:00,24,NIFTY,EXP_RANGE_BREAKOUT_CONFIRMED_DOWN,ON,HIGH,2,Expected-range breakout CONFIRMED DOWN,"{""dedupe_key"":""NIFTY|EXP_RANGE_BREAKOUT_CONFIRMED_DOWN|ON|2026-08-05 09:38"",""threshold"":2,""value"":2,""since_minute_bucket_ist"":"""",""last_updated_ist"":""2026-08-05 09:38:00""}"
2026-08-05 00:00:00,2026-08-05 09:39:00,25,NIFTY,FLOW_BOTH_BUILDING,ON,MED,0.0053,Both sides building (straddle build) → higher chop risk,"{""dedupe_key"":""NIFTY|FLOW_BOTH_BUILDING|ON|2026-08-05 09:39"",""threshold"":0.005,""value"":0.0053,""since_minute_bucket_ist"":"""",""last_updated_ist"":""2026-08-05 09:39:00""}"
2026-08-05 00:00:00,2026-08-05 09:39:00,25,NIFTY,EXP_RANGE_BREAKOUT_WATCH_DOWN,OFF,MED,24620.9,Expected-range watch DOWN,"{""dedupe_key"":""NIFTY|EXP_RANGE_BREAKOUT_WATCH_DOWN|OFF|2026-08-05 09:39"",""threshold"":24606.81,""value"":24620.9,""since_minute_bucket_ist"":""2026-08-05 09:37"",""last_updated_ist"":""2026-08-05 09:39:00""}"
2026-08-05 00:00:00,2026-08-05 09:39:00,25,NIFTY,EXP_RANGE_BREAKOUT_CONFIRMED_DOWN,OFF,HIGH,0,Expected-range breakout CONFIRMED DOWN,"{""dedupe_key"":""NIFTY|EXP_RANGE_BREAKOUT_CONFIRMED_DOWN|OFF|2026-08-05 09:39"",""threshold"":2,""value"":0,""since_minute_bucket_ist"":""2026-08-05 09:38"",""last_updated_ist"":""2026-08-05 09:39:00""}"
2026-08-05 00:00:00,2026-08-05 09:39:00,25,NIFTY,OPTION_MOMENTUM_CALL,ON,MED,3.35,ATM CALL momentum (ltp up + vol up),"{""dedupe_key"":""NIFTY|OPTION_MOMENTUM_CALL|ON|2026-08-05 09:39"",""threshold"":1.5,""value"":3.35,""since_minute_bucket_ist"":"""",""last_updated_ist"":""2026-08-05 09:39:00""}"
2026-08-05 00:00:00,2026-08-05 09:40:00,26,NIFTY,FLOW_BOTH_BUILDING,OFF,MED,0,Both sides building (straddle build) → higher chop risk,"{""dedupe_key"":""NIFTY|FLOW_BOTH_BUILDING|OFF|2026-08-05 09:40"",""threshold"":0.005,""value"":0,""since_minute_bucket_ist"":""2026-08-05 09:39"",""last_updated_ist"":""2026-08-05 09:40:00""}"
2026-08-05 00:00:00,2026-08-05 09:40:00,26,NIFTY,REGIME_BREAKOUT_UP,ON,HIGH,2,Breakout UP (held above call wall),"{""dedupe_key"":""NIFTY|REGIME_BREAKOUT_UP|ON|2026-08-05 09:40"",""threshold"":2,""value"":2,""since_minute_bucket_ist"":"""",""last_updated_ist"":""2026-08-05 09:40:00""}"
2026-08-05 00:00:00,2026-08-05 09:40:00,26,NIFTY,REGIME_TRANSITION_UNCERTAIN,OFF,LOW,1,Transition/uncertain regime,"{""dedupe_key"":""NIFTY|REGIME_TRANSITION_UNCERTAIN|OFF|2026-08-05 09:40"",""threshold"":1,""value"":1,""since_minute_bucket_ist"":""2026-08-05 09:37"",""last_updated_ist"":""2026-08-05 09:40:00""}"
2026-08-05 00:00:00,2026-08-05 09:40:00,26,NIFTY,OPTION_MOMENTUM_CALL,OFF,MED,0,ATM CALL momentum (ltp up + vol up),"{""dedupe_key"":""NIFTY|OPTION_MOMENTUM_CALL|OFF|2026-08-05 09:40"",""threshold"":1.5,""value"":0,""since_minute_bucket_ist"":""2026-08-05 09:39"",""last_updated_ist"":""2026-08-05 09:40:00""}"
2026-08-05 00:00:00,2026-08-05 09:41:00,27,NIFTY,FLOW_BEARISH_BUILD,ON,HIGH,0.0109,Bearish build (premium-confirmed writing / resistance),"{""dedupe_key"":""NIFTY|FLOW_BEARISH_BUILD|ON|2026-08-05 09:41"",""threshold"":0.005,""value"":0.0109,""since_minute_bucket_ist"":"""",""last_updated_ist"":""2026-08-05 09:41:00""}"
2026-08-05 00:00:00,2026-08-05 09:41:00,27,NIFTY,STEALTH_BUILD_BEAR,ON,MED,0.0109,"Stealth bearish build (calls build, spot flat)","{""dedupe_key"":""NIFTY|STEALTH_BUILD_BEAR|ON|2026-08-05 09:41"",""threshold"":0.008,""value"":0.0109,""since_minute_bucket_ist"":"""",""last_updated_ist"":""2026-08-05 09:41:00""}"
2026-08-05 00:00:00,2026-08-05 09:42:00,28,NIFTY,FLOW_BEARISH_BUILD,OFF,HIGH,0.0004,Bearish build (premium-confirmed writing / resistance),"{""dedupe_key"":""NIFTY|FLOW_BEARISH_BUILD|OFF|2026-08-05 09:42"",""threshold"":0.005,""value"":0.0004,""since_minute_bucket_ist"":""2026-08-05 09:41"",""last_updated_ist"":""2026-08-05 09:42:00""}"
2026-08-05 00:00:00,2026-08-05 09:42:00,28,NIFTY,REGIME_TREND_UP,ON,MED,0.0011,Trend UP (slope + direction),"{""dedupe_key"":""NIFTY|REGIME_TREND_UP|ON|2026-08-05 09:42"",""threshold"":0.001,""value"":0.0011,""since_minute_bucket_ist"":"""",""last_updated_ist"":""2026-08-05 09:42:00""}"
2026-08-05 00:00:00,2026-08-05 09:42:00,28,NIFTY,REGIME_BREAKOUT_UP,OFF,HIGH,0,Breakout UP (held above call wall),"{""dedupe_key"":""NIFTY|REGIME_BREAKOUT_UP|OFF|2026-08-05 09:42"",""threshold"":2,""value"":0,""since_minute_bucket_ist"":""2026-08-05 09:40"",""last_updated_ist"":""2026-08-05 09:42:00""}"
2026-08-05 00:00:00,2026-08-05 09:42:00,28,NIFTY,EXP_RANGE_BREAKOUT_WATCH_UP,ON,MED,24632.65,Expected-range watch UP,"{""dedupe_key"":""NIFTY|EXP_RANGE_BREAKOUT_WATCH_UP|ON|2026-08-05 09:42"",""threshold"":24626.92,""value"":24632.65,""since_minute_bucket_ist"":"""",""last_updated_ist"":""2026-08-05 09:42:00""}"
2026-08-05 00:00:00,2026-08-05 09:42:00,28,NIFTY,VOL_CONTRACTION,ON,LOW,-0.0331,Volatility contracting (straddle down),"{""dedupe_key"":""NIFTY|VOL_CONTRACTION|ON|2026-08-05 09:42"",""threshold"":-0.03,""value"":-0.0331,""since_minute_bucket_ist"":"""",""last_updated_ist"":""2026-08-05 09:42:00""}"
2026-08-05 00:00:00,2026-08-05 09:42:00,28,NIFTY,OPTION_MOMENTUM_CALL,ON,MED,5.95,ATM CALL momentum (ltp up + vol up),"{""dedupe_key"":""NIFTY|OPTION_MOMENTUM_CALL|ON|2026-08-05 09:42"",""threshold"":1.5,""value"":5.95,""since_minute_bucket_ist"":"""",""last_updated_ist"":""2026-08-05 09:42:00""}"
2026-08-05 00:00:00,2026-08-05 09:42:00,28,NIFTY,STEALTH_BUILD_BEAR,OFF,MED,0.0004,"Stealth bearish build (calls build, spot flat)","{""dedupe_key"":""NIFTY|STEALTH_BUILD_BEAR|OFF|2026-08-05 09:42"",""threshold"":0.008,""value"":0.0004,""since_minute_bucket_ist"":""2026-08-05 09:41"",""last_updated_ist"":""2026-08-05 09:42:00""}"
2026-08-05 00:00:00,2026-08-05 09:42:00,28,NIFTY,WALL_SHIFT_REGIME,ON,MED,1,Wall strike shifted materially (>= 1 step),"{""dedupe_key"":""NIFTY|WALL_SHIFT_REGIME|ON|2026-08-05 09:42"",""threshold"":1,""value"":1,""since_minute_bucket_ist"":"""",""last_updated_ist"":""2026-08-05 09:42:00""}"
2026-08-05 00:00:00,2026-08-05 09:43:00,29,NIFTY,FLOW_BOTH_BUILDING,ON,MED,0.0087,Both sides building (straddle build) → higher chop risk,"{""dedupe_key"":""NIFTY|FLOW_BOTH_BUILDING|ON|2026-08-05 09:43"",""threshold"":0.005,""value"":0.0087,""since_minute_bucket_ist"":"""",""last_updated_ist"":""2026-08-05 09:43:00""}"
2026-08-05 00:00:00,2026-08-05 09:43:00,29,NIFTY,REGIME_TREND_UP,OFF,MED,0.001,Trend UP (slope + direction),"{""dedupe_key"":""NIFTY|REGIME_TREND_UP|OFF|2026-08-05 09:43"",""threshold"":0.001,""value"":0.001,""since_minute_bucket_ist"":""2026-08-05 09:42"",""last_updated_ist"":""2026-08-05 09:43:00""}"
2026-08-05 00:00:00,2026-08-05 09:43:00,29,NIFTY,REGIME_TRANSITION_UNCERTAIN,ON,LOW,1,Transition/uncertain regime,"{""dedupe_key"":""NIFTY|REGIME_TRANSITION_UNCERTAIN|ON|2026-08-05 09:43"",""threshold"":1,""value"":1,""since_minute_bucket_ist"":"""",""last_updated_ist"":""2026-08-05 09:43:00""}"
2026-08-05 00:00:00,2026-08-05 09:43:00,29,NIFTY,EXP_RANGE_BREAKOUT_CONFIRMED_UP,ON,HIGH,2,Expected-range breakout CONFIRMED UP,"{""dedupe_key"":""NIFTY|EXP_RANGE_BREAKOUT_CONFIRMED_UP|ON|2026-08-05 09:43"",""threshold"":2,""value"":2,""since_minute_bucket_ist"":"""",""last_updated_ist"":""2026-08-05 09:43:00""}"
2026-08-05 00:00:00,2026-08-05 09:43:00,29,NIFTY,OPTION_MOMENTUM_CALL,OFF,MED,-1.95,ATM CALL momentum (ltp up + vol up),"{""dedupe_key"":""NIFTY|OPTION_MOMENTUM_CALL|OFF|2026-08-05 09:43"",""threshold"":1.5,""value"":-1.95,""since_minute_bucket_ist"":""2026-08-05 09:42"",""last_updated_ist"":""2026-08-05 09:43:00""}"
2026-08-05 00:00:00,2026-08-05 09:43:00,29,NIFTY,OPTION_MOMENTUM_PUT,ON,MED,4.7,ATM PUT momentum (ltp up + vol up),"{""dedupe_key"":""NIFTY|OPTION_MOMENTUM_PUT|ON|2026-08-05 09:43"",""threshold"":1.5,""value"":4.7,""since_minute_bucket_ist"":"""",""last_updated_ist"":""2026-08-05 09:43:00""}"
2026-08-05 00:00:00,2026-08-05 09:43:00,29,NIFTY,WALL_SHIFT_REGIME,OFF,MED,1,Wall strike shifted materially (>= 1 step),"{""dedupe_key"":""NIFTY|WALL_SHIFT_REGIME|OFF|2026-08-05 09:43"",""threshold"":1,""value"":1,""since_minute_bucket_ist"":""2026-08-05 09:42"",""last_updated_ist"":""2026-08-05 09:43:00""}"
2026-08-05 00:00:00,2026-08-05 09:44:00,30,NIFTY,FLOW_BOTH_BUILDING,OFF,MED,0.0018,Both sides building (straddle build) → higher chop risk,"{""dedupe_key"":""NIFTY|FLOW_BOTH_BUILDING|OFF|2026-08-05 09:44"",""threshold"":0.005,""value"":0.0018,""since_minute_bucket_ist"":""2026-08-05 09:43"",""last_updated_ist"":""2026-08-05 09:44:00""}"
2026-08-05 00:00:00,2026-08-05 09:44:00,30,NIFTY,REGIME_RANGE_PIN,ON,LOW,0.0003,Range / pin (inside local walls),"{""dedupe_key"":""NIFTY|REGIME_RANGE_PIN|ON|2026-08-05 09:44"",""threshold"":0.001,""value"":0.0003,""since_minute_bucket_ist"":"""",""last_updated_ist"":""2026-08-05 09:44:00""}"
2026-08-05 00:00:00,2026-08-05 09:44:00,30,NIFTY,REGIME_TRANSITION_UNCERTAIN,OFF,LOW,1,Transition/uncertain regime,"{""dedupe_key"":""NIFTY|REGIME_TRANSITION_UNCERTAIN|OFF|2026-08-05 09:44"",""threshold"":1,""value"":1,""since_minute_bucket_ist"":""2026-08-05 09:43"",""last_updated_ist"":""2026-08-05 09:44:00""}"
2026-08-05 00:00:00,2026-08-05 09:44:00,30,NIFTY,EXP_RANGE_BREAKOUT_WATCH_UP,OFF,MED,24628.6,Expected-range watch UP,"{""dedupe_key"":""NIFTY|EXP_RANGE_BREAKOUT_WATCH_UP|OFF|2026-08-05 09:44"",""threshold"":24631.25,""value"":24628.6,""since_minute_bucket_ist"":""2026-08-05 09:42"",""last_updated_ist"":""2026-08-05 09:44:00""}"
2026-08-05 00:00:00,2026-08-05 09:44:00,30,NIFTY,EXP_RANGE_BREAKOUT_CONFIRMED_UP,OFF,HIGH,0,Expected-range breakout CONFIRMED UP,"{""dedupe_key"":""NIFTY|EXP_RANGE_BREAKOUT_CONFIRMED_UP|OFF|2026-08-05 09:44"",""threshold"":2,""value"":0,""since_minute_bucket_ist"":""2026-08-05 09:43"",""last_updated_ist"":""2026-08-05 09:44:00""}"
2026-08-05 00:00:00,2026-08-05 09:44:00,30,NIFTY,OPTION_MOMENTUM_PUT,OFF,MED,-0.75,ATM PUT momentum (ltp up + vol up),"{""dedupe_key"":""NIFTY|OPTION_MOMENTUM_PUT|OFF|2026-08-05 09:44"",""threshold"":1.5,""value"":-0.75,""since_minute_bucket_ist"":""2026-08-05 09:43"",""last_updated_ist"":""2026-08-05 09:44:00""}"
2026-08-05 00:00:00,2026-08-05 09:44:00,30,NIFTY,STEALTH_BUILD_BULL,ON,MED,0.0097,"Stealth bullish build (puts build, spot flat)","{""dedupe_key"":""NIFTY|STEALTH_BUILD_BULL|ON|2026-08-05 09:44"",""threshold"":0.008,""value"":0.0097,""since_minute_bucket_ist"":"""",""last_updated_ist"":""2026-08-05 09:44:00""}"
2026-08-05 00:00:00,2026-08-05 09:45:00,31,NIFTY,STEALTH_BUILD_BULL,OFF,MED,0,"Stealth bullish build (puts build, spot flat)","{""dedupe_key"":""NIFTY|STEALTH_BUILD_BULL|OFF|2026-08-05 09:45"",""threshold"":0.008,""value"":0,""since_minute_bucket_ist"":""2026-08-05 09:44"",""last_updated_ist"":""2026-08-05 09:45:00""}"
2026-08-05 00:00:00,2026-08-05 09:46:00,32,NIFTY,VOL_CONTRACTION,OFF,LOW,0.006,Volatility contracting (straddle down),"{""dedupe_key"":""NIFTY|VOL_CONTRACTION|OFF|2026-08-05 09:46"",""threshold"":-0.03,""value"":0.006,""since_minute_bucket_ist"":""2026-08-05 09:42"",""last_updated_ist"":""2026-08-05 09:46:00""}"
2026-08-05 00:00:00,2026-08-05 09:47:00,33,NIFTY,FLOW_BULLISH_BUILD,ON,HIGH,0.0175,Bullish build (premium-confirmed writing / support),"{""dedupe_key"":""NIFTY|FLOW_BULLISH_BUILD|ON|2026-08-05 09:47"",""threshold"":0.005,""value"":0.0175,""since_minute_bucket_ist"":"""",""last_updated_ist"":""2026-08-05 09:47:00""}"
2026-08-05 00:00:00,2026-08-05 09:47:00,33,NIFTY,STEALTH_BUILD_BULL,ON,MED,0.0175,"Stealth bullish build (puts build, spot flat)","{""dedupe_key"":""NIFTY|STEALTH_BUILD_BULL|ON|2026-08-05 09:47"",""threshold"":0.008,""value"":0.0175,""since_minute_bucket_ist"":"""",""last_updated_ist"":""2026-08-05 09:47:00""}"
2026-08-05 00:00:00,2026-08-05 09:48:00,34,NIFTY,FLOW_BULLISH_BUILD,OFF,HIGH,0,Bullish build (premium-confirmed writing / support),"{""dedupe_key"":""NIFTY|FLOW_BULLISH_BUILD|OFF|2026-08-05 09:48"",""threshold"":0.005,""value"":0,""since_minute_bucket_ist"":""2026-08-05 09:47"",""last_updated_ist"":""2026-08-05 09:48:00""}"
2026-08-05 00:00:00,2026-08-05 09:48:00,34,NIFTY,WALL_UNWIND_CONFIRM_UP,ON,MED,-0.0102,Call wall OI unwinding (5m),"{""dedupe_key"":""NIFTY|WALL_UNWIND_CONFIRM_UP|ON|2026-08-05 09:48"",""threshold"":-0.006,""value"":-0.0102,""since_minute_bucket_ist"":"""",""last_updated_ist"":""2026-08-05 09:48:00""}"
2026-08-05 00:00:00,2026-08-05 09:48:00,34,NIFTY,STEALTH_BUILD_BULL,OFF,MED,0,"Stealth bullish build (puts build, spot flat)","{""dedupe_key"":""NIFTY|STEALTH_BUILD_BULL|OFF|2026-08-05 09:48"",""threshold"":0.008,""value"":0,""since_minute_bucket_ist"":""2026-08-05 09:47"",""last_updated_ist"":""2026-08-05 09:48:00""}"
2026-08-05 00:00:00,2026-08-05 09:49:00,35,NIFTY,FLOW_BOTH_BUILDING,ON,MED,0.0072,Both sides building (straddle build) → higher chop risk,"{""dedupe_key"":""NIFTY|FLOW_BOTH_BUILDING|ON|2026-08-05 09:49"",""threshold"":0.005,""value"":0.0072,""since_minute_bucket_ist"":"""",""last_updated_ist"":""2026-08-05 09:49:00""}"
2026-08-05 00:00:00,2026-08-05 09:50:00,36,NIFTY,FLOW_BOTH_BUILDING,OFF,MED,0,Both sides building (straddle build) → higher chop risk,"{""dedupe_key"":""NIFTY|FLOW_BOTH_BUILDING|OFF|2026-08-05 09:50"",""threshold"":0.005,""value"":0,""since_minute_bucket_ist"":""2026-08-05 09:49"",""last_updated_ist"":""2026-08-05 09:50:00""}"
2026-08-05 00:00:00,2026-08-05 09:51:00,37,NIFTY,REGIME_RANGE_PIN,OFF,LOW,0.0003,Range / pin (inside local walls),"{""dedupe_key"":""NIFTY|REGIME_RANGE_PIN|OFF|2026-08-05 09:51"",""threshold"":0.001,""value"":0.0003,""since_minute_bucket_ist"":""2026-08-05 09:44"",""last_updated_ist"":""2026-08-05 09:51:00""}"
2026-08-05 00:00:00,2026-08-05 09:51:00,37,NIFTY,REGIME_TRANSITION_UNCERTAIN,ON,LOW,1,Transition/uncertain regime,"{""dedupe_key"":""NIFTY|REGIME_TRANSITION_UNCERTAIN|ON|2026-08-05 09:51"",""threshold"":1,""value"":1,""since_minute_bucket_ist"":"""",""last_updated_ist"":""2026-08-05 09:51:00""}"
2026-08-05 00:00:00,2026-08-05 09:51:00,37,NIFTY,EXP_RANGE_BREAKOUT_WATCH_DOWN,ON,MED,24612.35,Expected-range watch DOWN,"{""dedupe_key"":""NIFTY|EXP_RANGE_BREAKOUT_WATCH_DOWN|ON|2026-08-05 09:51"",""threshold"":24618.9,""value"":24612.35,""since_minute_bucket_ist"":"""",""last_updated_ist"":""2026-08-05 09:51:00""}"
2026-08-05 00:00:00,2026-08-05 09:51:00,37,NIFTY,VOL_EXPANSION,ON,MED,0.0252,Volatility expanding (straddle up),"{""dedupe_key"":""NIFTY|VOL_EXPANSION|ON|2026-08-05 09:51"",""threshold"":0.02,""value"":0.0252,""since_minute_bucket_ist"":"""",""last_updated_ist"":""2026-08-05 09:51:00""}"
2026-08-05 00:00:00,2026-08-05 09:51:00,37,NIFTY,OPTION_MOMENTUM_PUT,ON,MED,5.7,ATM PUT momentum (ltp up + vol up),"{""dedupe_key"":""NIFTY|OPTION_MOMENTUM_PUT|ON|2026-08-05 09:51"",""threshold"":1.5,""value"":5.7,""since_minute_bucket_ist"":"""",""last_updated_ist"":""2026-08-05 09:51:00""}"
2026-08-05 00:00:00,2026-08-05 09:51:00,37,NIFTY,WALL_UNWIND_CONFIRM_UP,OFF,MED,-0.0053,Call wall OI unwinding (5m),"{""dedupe_key"":""NIFTY|WALL_UNWIND_CONFIRM_UP|OFF|2026-08-05 09:51"",""threshold"":-0.006,""value"":-0.0053,""since_minute_bucket_ist"":""2026-08-05 09:48"",""last_updated_ist"":""2026-08-05 09:51:00""}"
2026-08-05 00:00:00,2026-08-05 09:52:00,38,NIFTY,REGIME_TREND_DOWN,ON,MED,-0.0011,Trend DOWN (slope + direction),"{""dedupe_key"":""NIFTY|REGIME_TREND_DOWN|ON|2026-08-05 09:52"",""threshold"":-0.001,""value"":-0.0011,""since_minute_bucket_ist"":"""",""last_updated_ist"":""2026-08-05 09:52:00""}"
2026-08-05 00:00:00,2026-08-05 09:52:00,38,NIFTY,REGIME_TRANSITION_UNCERTAIN,OFF,LOW,1,Transition/uncertain regime,"{""dedupe_key"":""NIFTY|REGIME_TRANSITION_UNCERTAIN|OFF|2026-08-05 09:52"",""threshold"":1,""value"":1,""since_minute_bucket_ist"":""2026-08-05 09:51"",""last_updated_ist"":""2026-08-05 09:52:00""}"
2026-08-05 00:00:00,2026-08-05 09:52:00,38,NIFTY,EXP_RANGE_BREAKOUT_CONFIRMED_DOWN,ON,HIGH,2,Expected-range breakout CONFIRMED DOWN,"{""dedupe_key"":""NIFTY|EXP_RANGE_BREAKOUT_CONFIRMED_DOWN|ON|2026-08-05 09:52"",""threshold"":2,""value"":2,""since_minute_bucket_ist"":"""",""last_updated_ist"":""2026-08-05 09:52:00""}"
2026-08-05 00:00:00,2026-08-05 09:53:00,39,NIFTY,REGIME_TREND_DOWN,OFF,MED,-0.001,Trend DOWN (slope + direction),"{""dedupe_key"":""NIFTY|REGIME_TREND_DOWN|OFF|2026-08-05 09:53"",""threshold"":-0.001,""value"":-0.001,""since_minute_bucket_ist"":""2026-08-05 09:52"",""last_updated_ist"":""2026-08-05 09:53:00""}"
2026-08-05 00:00:00,2026-08-05 09:53:00,39,NIFTY,REGIME_TRANSITION_UNCERTAIN,ON,LOW,1,Transition/uncertain regime,"{""dedupe_key"":""NIFTY|REGIME_TRANSITION_UNCERTAIN|ON|2026-08-05 09:53"",""threshold"":1,""value"":1,""since_minute_bucket_ist"":"""",""last_updated_ist"":""2026-08-05 09:53:00""}"
2026-08-05 00:00:00,2026-08-05 09:53:00,39,NIFTY,OPTION_MOMENTUM_PUT,OFF,MED,0.05,ATM PUT momentum (ltp up + vol up),"{""dedupe_key"":""NIFTY|OPTION_MOMENTUM_PUT|OFF|2026-08-05 09:53"",""threshold"":1.5,""value"":0.05,""since_minute_bucket_ist"":""2026-08-05 09:51"",""last_updated_ist"":""2026-08-05 09:53:00""}"
2026-08-05 00:00:00,2026-08-05 09:53:00,39,NIFTY,STEALTH_BUILD_BEAR,ON,MED,0.0084,"Stealth bearish build (calls build, spot flat)","{""dedupe_key"":""NIFTY|STEALTH_BUILD_BEAR|ON|2026-08-05 09:53"",""threshold"":0.008,""value"":0.0084,""since_minute_bucket_ist"":"""",""last_updated_ist"":""2026-08-05 09:53:00""}"
2026-08-05 00:00:00,2026-08-05 09:54:00,40,NIFTY,REGIME_TREND_DOWN,ON,MED,-0.0012,Trend DOWN (slope + direction),"{""dedupe_key"":""NIFTY|REGIME_TREND_DOWN|ON|2026-08-05 09:54"",""threshold"":-0.001,""value"":-0.0012,""since_minute_bucket_ist"":"""",""last_updated_ist"":""2026-08-05 09:54:00""}"
2026-08-05 00:00:00,2026-08-05 09:54:00,40,NIFTY,REGIME_TRANSITION_UNCERTAIN,OFF,LOW,1,Transition/uncertain regime,"{""dedupe_key"":""NIFTY|REGIME_TRANSITION_UNCERTAIN|OFF|2026-08-05 09:54"",""threshold"":1,""value"":1,""since_minute_bucket_ist"":""2026-08-05 09:53"",""last_updated_ist"":""2026-08-05 09:54:00""}"
2026-08-05 00:00:00,2026-08-05 09:54:00,40,NIFTY,STEALTH_BUILD_BEAR,OFF,MED,0,"Stealth bearish build (calls build, spot flat)","{""dedupe_key"":""NIFTY|STEALTH_BUILD_BEAR|OFF|2026-08-05 09:54"",""threshold"":0.008,""value"":0,""since_minute_bucket_ist"":""2026-08-05 09:53"",""last_updated_ist"":""2026-08-05 09:54:00""}"
2026-08-05 00:00:00,2026-08-05 09:55:00,41,NIFTY,OPTION_MOMENTUM_PUT,ON,MED,9.6,ATM PUT momentum (ltp up + vol up),"{""dedupe_key"":""NIFTY|OPTION_MOMENTUM_PUT|ON|2026-08-05 09:55"",""threshold"":1.5,""value"":9.6,""since_minute_bucket_ist"":"""",""last_updated_ist"":""2026-08-05 09:55:00""}"
2026-08-05 00:00:00,2026-08-05 09:56:00,42,NIFTY,REGIME_BREAKOUT_DOWN,ON,HIGH,2,Breakout DOWN (held below put wall),"{""dedupe_key"":""NIFTY|REGIME_BREAKOUT_DOWN|ON|2026-08-05 09:56"",""threshold"":2,""value"":2,""since_minute_bucket_ist"":"""",""last_updated_ist"":""2026-08-05 09:56:00""}"
2026-08-05 00:00:00,2026-08-05 09:56:00,42,NIFTY,OPTION_MOMENTUM_PUT,OFF,MED,0,ATM PUT momentum (ltp up + vol up),"{""dedupe_key"":""NIFTY|OPTION_MOMENTUM_PUT|OFF|2026-08-05 09:56"",""threshold"":1.5,""value"":0,""since_minute_bucket_ist"":""2026-08-05 09:55"",""last_updated_ist"":""2026-08-05 09:56:00""}"
2026-08-05 00:00:00,2026-08-05 09:56:00,42,NIFTY,WALL_UNWIND_CONFIRM_DOWN,ON,MED,-0.0063,Put wall OI unwinding (5m),"{""dedupe_key"":""NIFTY|WALL_UNWIND_CONFIRM_DOWN|ON|2026-08-05 09:56"",""threshold"":-0.006,""value"":-0.0063,""since_minute_bucket_ist"":"""",""last_updated_ist"":""2026-08-05 09:56:00""}"
2026-08-05 00:00:00,2026-08-05 09:57:00,43,NIFTY,FLOW_BEARISH_BUILD,ON,HIGH,0.0238,Bearish build (premium-confirmed writing / resistance),"{""dedupe_key"":""NIFTY|FLOW_BEARISH_BUILD|ON|2026-08-05 09:57"",""threshold"":0.005,""value"":0.0238,""since_minute_bucket_ist"":"""",""last_updated_ist"":""2026-08-05 09:57:00""}"
2026-08-05 00:00:00,2026-08-05 09:57:00,43,NIFTY,REGIME_TREND_DOWN,OFF,MED,-0.0005,Trend DOWN (slope + direction),"{""dedupe_key"":""NIFTY|REGIME_TREND_DOWN|OFF|2026-08-05 09:57"",""threshold"":-0.001,""value"":-0.0005,""since_minute_bucket_ist"":""2026-08-05 09:54"",""last_updated_ist"":""2026-08-05 09:57:00""}"
2026-08-05 00:00:00,2026-08-05 09:57:00,43,NIFTY,EXP_RANGE_BREAKOUT_WATCH_DOWN,OFF,MED,24588,Expected-range watch DOWN,"{""dedupe_key"":""NIFTY|EXP_RANGE_BREAKOUT_WATCH_DOWN|OFF|2026-08-05 09:57"",""threshold"":24585.05,""value"":24588,""since_minute_bucket_ist"":""2026-08-05 09:51"",""last_updated_ist"":""2026-08-05 09:57:00""}"
2026-08-05 00:00:00,2026-08-05 09:57:00,43,NIFTY,EXP_RANGE_BREAKOUT_CONFIRMED_DOWN,OFF,HIGH,0,Expected-range breakout CONFIRMED DOWN,"{""dedupe_key"":""NIFTY|EXP_RANGE_BREAKOUT_CONFIRMED_DOWN|OFF|2026-08-05 09:57"",""threshold"":2,""value"":0,""since_minute_bucket_ist"":""2026-08-05 09:52"",""last_updated_ist"":""2026-08-05 09:57:00""}"
2026-08-05 00:00:00,2026-08-05 09:57:00,43,NIFTY,VOL_EXPANSION,OFF,MED,0.0036,Volatility expanding (straddle up),"{""dedupe_key"":""NIFTY|VOL_EXPANSION|OFF|2026-08-05 09:57"",""threshold"":0.02,""value"":0.0036,""since_minute_bucket_ist"":""2026-08-05 09:51"",""last_updated_ist"":""2026-08-05 09:57:00""}"
2026-08-05 00:00:00,2026-08-05 09:57:00,43,NIFTY,STEALTH_BUILD_BEAR,ON,MED,0.0238,"Stealth bearish build (calls build, spot flat)","{""dedupe_key"":""NIFTY|STEALTH_BUILD_BEAR|ON|2026-08-05 09:57"",""threshold"":0.008,""value"":0.0238,""since_minute_bucket_ist"":"""",""last_updated_ist"":""2026-08-05 09:57:00""}"
2026-08-05 00:00:00,2026-08-05 09:58:00,44,NIFTY,FLOW_BEARISH_BUILD,OFF,HIGH,0.0096,Bearish build (premium-confirmed writing / resistance),"{""dedupe_key"":""NIFTY|FLOW_BEARISH_BUILD|OFF|2026-08-05 09:58"",""threshold"":0.005,""value"":0.0096,""since_minute_bucket_ist"":""2026-08-05 09:57"",""last_updated_ist"":""2026-08-05 09:58:00""}"
2026-08-05 00:00:00,2026-08-05 09:58:00,44,NIFTY,OPTION_MOMENTUM_CALL,ON,MED,2.55,ATM CALL momentum (ltp up + vol up),"{""dedupe_key"":""NIFTY|OPTION_MOMENTUM_CALL|ON|2026-08-05 09:58"",""threshold"":1.5,""value"":2.55,""since_minute_bucket_ist"":"""",""last_updated_ist"":""2026-08-05 09:58:00""}"
2026-08-05 00:00:00,2026-08-05 09:59:00,45,NIFTY,OPTION_MOMENTUM_CALL,OFF,MED,0,ATM CALL momentum (ltp up + vol up),"{""dedupe_key"":""NIFTY|OPTION_MOMENTUM_CALL|OFF|2026-08-05 09:59"",""threshold"":1.5,""value"":0,""since_minute_bucket_ist"":""2026-08-05 09:58"",""last_updated_ist"":""2026-08-05 09:59:00""}"
2026-08-05 00:00:00,2026-08-05 09:59:00,45,NIFTY,STEALTH_BUILD_BEAR,OFF,MED,0,"Stealth bearish build (calls build, spot flat)","{""dedupe_key"":""NIFTY|STEALTH_BUILD_BEAR|OFF|2026-08-05 09:59"",""threshold"":0.008,""value"":0,""since_minute_bucket_ist"":""2026-08-05 09:57"",""last_updated_ist"":""2026-08-05 09:59:00""}"
2026-08-05 00:00:00,2026-08-05 10:00:00,46,NIFTY,FLOW_BOTH_BUILDING,ON,MED,0.0077,Both sides building (straddle build) → higher chop risk,"{""dedupe_key"":""NIFTY|FLOW_BOTH_BUILDING|ON|2026-08-05 10:00"",""threshold"":0.005,""value"":0.0077,""since_minute_bucket_ist"":"""",""last_updated_ist"":""2026-08-05 10:00:00""}"
2026-08-05 00:00:00,2026-08-05 10:00:00,46,NIFTY,REGIME_BREAKOUT_DOWN,OFF,HIGH,0,Breakout DOWN (held below put wall),"{""dedupe_key"":""NIFTY|REGIME_BREAKOUT_DOWN|OFF|2026-08-05 10:00"",""threshold"":2,""value"":0,""since_minute_bucket_ist"":""2026-08-05 09:56"",""last_updated_ist"":""2026-08-05 10:00:00""}"
2026-08-05 00:00:00,2026-08-05 10:00:00,46,NIFTY,REGIME_TRANSITION_UNCERTAIN,ON,LOW,1,Transition/uncertain regime,"{""dedupe_key"":""NIFTY|REGIME_TRANSITION_UNCERTAIN|ON|2026-08-05 10:00"",""threshold"":1,""value"":1,""since_minute_bucket_ist"":"""",""last_updated_ist"":""2026-08-05 10:00:00""}"
2026-08-05 00:00:00,2026-08-05 10:00:00,46,NIFTY,VOL_EXPANSION,ON,MED,0,Volatility expanding (straddle up),"{""dedupe_key"":""NIFTY|VOL_EXPANSION|ON|2026-08-05 10:00"",""threshold"":0.02,""value"":0,""since_minute_bucket_ist"":"""",""last_updated_ist"":""2026-08-05 10:00:00""}"
2026-08-05 00:00:00,2026-08-05 10:00:00,46,NIFTY,WALL_SHIFT_REGIME,ON,MED,1,Wall strike shifted materially (>= 1 step),"{""dedupe_key"":""NIFTY|WALL_SHIFT_REGIME|ON|2026-08-05 10:00"",""threshold"":1,""value"":1,""since_minute_bucket_ist"":"""",""last_updated_ist"":""2026-08-05 10:00:00""}"
2026-08-05 00:00:00,2026-08-05 10:01:00,47,NIFTY,FLOW_BOTH_BUILDING,OFF,MED,-0.0032,Both sides building (straddle build) → higher chop risk,"{""dedupe_key"":""NIFTY|FLOW_BOTH_BUILDING|OFF|2026-08-05 10:01"",""threshold"":0.005,""value"":-0.0032,""since_minute_bucket_ist"":""2026-08-05 10:00"",""last_updated_ist"":""2026-08-05 10:01:00""}"
2026-08-05 00:00:00,2026-08-05 10:01:00,47,NIFTY,VOL_EXPANSION,OFF,MED,-0.0014,Volatility expanding (straddle up),"{""dedupe_key"":""NIFTY|VOL_EXPANSION|OFF|2026-08-05 10:01"",""threshold"":0.02,""value"":-0.0014,""since_minute_bucket_ist"":""2026-08-05 10:00"",""last_updated_ist"":""2026-08-05 10:01:00""}"
2026-08-05 00:00:00,2026-08-05 10:01:00,47,NIFTY,OPTION_MOMENTUM_CALL,ON,MED,4.4,ATM CALL momentum (ltp up + vol up),"{""dedupe_key"":""NIFTY|OPTION_MOMENTUM_CALL|ON|2026-08-05 10:01"",""threshold"":1.5,""value"":4.4,""since_minute_bucket_ist"":"""",""last_updated_ist"":""2026-08-05 10:01:00""}"
2026-08-05 00:00:00,2026-08-05 10:01:00,47,NIFTY,WALL_SHIFT_REGIME,OFF,MED,1,Wall strike shifted materially (>= 1 step),"{""dedupe_key"":""NIFTY|WALL_SHIFT_REGIME|OFF|2026-08-05 10:01"",""threshold"":1,""value"":1,""since_minute_bucket_ist"":""2026-08-05 10:00"",""last_updated_ist"":""2026-08-05 10:01:00""}"
2026-08-05 00:00:00,2026-08-05 10:02:00,48,NIFTY,VOL_CONTRACTION,ON,LOW,-0.0151,Volatility contracting (straddle down),"{""dedupe_key"":""NIFTY|VOL_CONTRACTION|ON|2026-08-05 10:02"",""threshold"":-0.03,""value"":-0.0151,""since_minute_bucket_ist"":"""",""last_updated_ist"":""2026-08-05 10:02:00""}"
2026-08-05 00:00:00,2026-08-05 10:02:00,48,NIFTY,OPTION_MOMENTUM_CALL,OFF,MED,1.15,ATM CALL momentum (ltp up + vol up),"{""dedupe_key"":""NIFTY|OPTION_MOMENTUM_CALL|OFF|2026-08-05 10:02"",""threshold"":1.5,""value"":1.15,""since_minute_bucket_ist"":""2026-08-05 10:01"",""last_updated_ist"":""2026-08-05 10:02:00""}"
2026-08-05 00:00:00,2026-08-05 10:02:00,48,NIFTY,STEALTH_BUILD_BEAR,ON,MED,0.0148,"Stealth bearish build (calls build, spot flat)","{""dedupe_key"":""NIFTY|STEALTH_BUILD_BEAR|ON|2026-08-05 10:02"",""threshold"":0.008,""value"":0.0148,""since_minute_bucket_ist"":"""",""last_updated_ist"":""2026-08-05 10:02:00""}"
2026-08-05 00:00:00,2026-08-05 10:03:00,49,NIFTY,REGIME_TREND_UP,ON,MED,0.001,Trend UP (slope + direction),"{""dedupe_key"":""NIFTY|REGIME_TREND_UP|ON|2026-08-05 10:03"",""threshold"":0.001,""value"":0.001,""since_minute_bucket_ist"":"""",""last_updated_ist"":""2026-08-05 10:03:00""}"
2026-08-05 00:00:00,2026-08-05 10:03:00,49,NIFTY,REGIME_TRANSITION_UNCERTAIN,OFF,LOW,1,Transition/uncertain regime,"{""dedupe_key"":""NIFTY|REGIME_TRANSITION_UNCERTAIN|OFF|2026-08-05 10:03"",""threshold"":1,""value"":1,""since_minute_bucket_ist"":""2026-08-05 10:00"",""last_updated_ist"":""2026-08-05 10:03:00""}"
2026-08-05 00:00:00,2026-08-05 10:03:00,49,NIFTY,EXP_RANGE_BREAKOUT_WATCH_UP,ON,MED,24614.35,Expected-range watch UP,"{""dedupe_key"":""NIFTY|EXP_RANGE_BREAKOUT_WATCH_UP|ON|2026-08-05 10:03"",""threshold"":24607.46,""value"":24614.35,""since_minute_bucket_ist"":"""",""last_updated_ist"":""2026-08-05 10:03:00""}"
2026-08-05 00:00:00,2026-08-05 10:03:00,49,NIFTY,OPTION_MOMENTUM_CALL,ON,MED,8.7,ATM CALL momentum (ltp up + vol up),"{""dedupe_key"":""NIFTY|OPTION_MOMENTUM_CALL|ON|2026-08-05 10:03"",""threshold"":1.5,""value"":8.7,""since_minute_bucket_ist"":"""",""last_updated_ist"":""2026-08-05 10:03:00""}"
2026-08-05 00:00:00,2026-08-05 10:03:00,49,NIFTY,STEALTH_BUILD_BEAR,OFF,MED,0,"Stealth bearish build (calls build, spot flat)","{""dedupe_key"":""NIFTY|STEALTH_BUILD_BEAR|OFF|2026-08-05 10:03"",""threshold"":0.008,""value"":0,""since_minute_bucket_ist"":""2026-08-05 10:02"",""last_updated_ist"":""2026-08-05 10:03:00""}"
2026-08-05 00:00:00,2026-08-05 10:04:00,50,NIFTY,REGIME_BREAKOUT_UP,ON,HIGH,2,Breakout UP (held above call wall),"{""dedupe_key"":""NIFTY|REGIME_BREAKOUT_UP|ON|2026-08-05 10:04"",""threshold"":2,""value"":2,""since_minute_bucket_ist"":"""",""last_updated_ist"":""2026-08-05 10:04:00""}"
2026-08-05 00:00:00,2026-08-05 10:04:00,50,NIFTY,EXP_RANGE_BREAKOUT_CONFIRMED_UP,ON,HIGH,2,Expected-range breakout CONFIRMED UP,"{""dedupe_key"":""NIFTY|EXP_RANGE_BREAKOUT_CONFIRMED_UP|ON|2026-08-05 10:04"",""threshold"":2,""value"":2,""since_minute_bucket_ist"":"""",""last_updated_ist"":""2026-08-05 10:04:00""}"
2026-08-05 00:00:00,2026-08-05 10:04:00,50,NIFTY,OPTION_MOMENTUM_CALL,OFF,MED,0,ATM CALL momentum (ltp up + vol up),"{""dedupe_key"":""NIFTY|OPTION_MOMENTUM_CALL|OFF|2026-08-05 10:04"",""threshold"":1.5,""value"":0,""since_minute_bucket_ist"":""2026-08-05 10:03"",""last_updated_ist"":""2026-08-05 10:04:00""}"
2026-08-05 00:00:00,2026-08-05 10:05:00,51,NIFTY,FLOW_BOTH_BUILDING,ON,MED,0.0103,Both sides building (straddle build) → higher chop risk,"{""dedupe_key"":""NIFTY|FLOW_BOTH_BUILDING|ON|2026-08-05 10:05"",""threshold"":0.005,""value"":0.0103,""since_minute_bucket_ist"":"""",""last_updated_ist"":""2026-08-05 10:05:00""}"
2026-08-05 00:00:00,2026-08-05 10:05:00,51,NIFTY,REGIME_TREND_UP,OFF,MED,0.0008,Trend UP (slope + direction),"{""dedupe_key"":""NIFTY|REGIME_TREND_UP|OFF|2026-08-05 10:05"",""threshold"":0.001,""value"":0.0008,""since_minute_bucket_ist"":""2026-08-05 10:03"",""last_updated_ist"":""2026-08-05 10:05:00""}"
2026-08-05 00:00:00,2026-08-05 10:06:00,52,NIFTY,FLOW_BOTH_BUILDING,OFF,MED,-0.0056,Both sides building (straddle build) → higher chop risk,"{""dedupe_key"":""NIFTY|FLOW_BOTH_BUILDING|OFF|2026-08-05 10:06"",""threshold"":0.005,""value"":-0.0056,""since_minute_bucket_ist"":""2026-08-05 10:05"",""last_updated_ist"":""2026-08-05 10:06:00""}"
2026-08-05 00:00:00,2026-08-05 10:06:00,52,NIFTY,REGIME_BREAKOUT_UP,OFF,HIGH,0,Breakout UP (held above call wall),"{""dedupe_key"":""NIFTY|REGIME_BREAKOUT_UP|OFF|2026-08-05 10:06"",""threshold"":2,""value"":0,""since_minute_bucket_ist"":""2026-08-05 10:04"",""last_updated_ist"":""2026-08-05 10:06:00""}"
2026-08-05 00:00:00,2026-08-05 10:06:00,52,NIFTY,REGIME_TRANSITION_UNCERTAIN,ON,LOW,1,Transition/uncertain regime,"{""dedupe_key"":""NIFTY|REGIME_TRANSITION_UNCERTAIN|ON|2026-08-05 10:06"",""threshold"":1,""value"":1,""since_minute_bucket_ist"":"""",""last_updated_ist"":""2026-08-05 10:06:00""}"
2026-08-05 00:00:00,2026-08-05 10:06:00,52,NIFTY,EXP_RANGE_BREAKOUT_WATCH_UP,OFF,MED,24592,Expected-range watch UP,"{""dedupe_key"":""NIFTY|EXP_RANGE_BREAKOUT_WATCH_UP|OFF|2026-08-05 10:06"",""threshold"":24612.49,""value"":24592,""since_minute_bucket_ist"":""2026-08-05 10:03"",""last_updated_ist"":""2026-08-05 10:06:00""}"
2026-08-05 00:00:00,2026-08-05 10:06:00,52,NIFTY,EXP_RANGE_BREAKOUT_CONFIRMED_UP,OFF,HIGH,0,Expected-range breakout CONFIRMED UP,"{""dedupe_key"":""NIFTY|EXP_RANGE_BREAKOUT_CONFIRMED_UP|OFF|2026-08-05 10:06"",""threshold"":2,""value"":0,""since_minute_bucket_ist"":""2026-08-05 10:04"",""last_updated_ist"":""2026-08-05 10:06:00""}"
2026-08-05 00:00:00,2026-08-05 10:06:00,52,NIFTY,VOL_CONTRACTION,OFF,LOW,0.0047,Volatility contracting (straddle down),"{""dedupe_key"":""NIFTY|VOL_CONTRACTION|OFF|2026-08-05 10:06"",""threshold"":-0.03,""value"":0.0047,""since_minute_bucket_ist"":""2026-08-05 10:02"",""last_updated_ist"":""2026-08-05 10:06:00""}"
2026-08-05 00:00:00,2026-08-05 10:06:00,52,NIFTY,OPTION_MOMENTUM_PUT,ON,MED,15.95,ATM PUT momentum (ltp up + vol up),"{""dedupe_key"":""NIFTY|OPTION_MOMENTUM_PUT|ON|2026-08-05 10:06"",""threshold"":1.5,""value"":15.95,""since_minute_bucket_ist"":"""",""last_updated_ist"":""2026-08-05 10:06:00""}"
2026-08-05 00:00:00,2026-08-05 10:06:00,52,NIFTY,WALL_UNWIND_CONFIRM_DOWN,OFF,MED,0.0699,Put wall OI unwinding (5m),"{""dedupe_key"":""NIFTY|WALL_UNWIND_CONFIRM_DOWN|OFF|2026-08-05 10:06"",""threshold"":-0.006,""value"":0.0699,""since_minute_bucket_ist"":""2026-08-05 09:56"",""last_updated_ist"":""2026-08-05 10:06:00""}"
2026-08-05 00:00:00,2026-08-05 10:06:00,52,NIFTY,WALL_SHIFT_REGIME,ON,MED,1,Wall strike shifted materially (>= 1 step),"{""dedupe_key"":""NIFTY|WALL_SHIFT_REGIME|ON|2026-08-05 10:06"",""threshold"":1,""value"":1,""since_minute_bucket_ist"":"""",""last_updated_ist"":""2026-08-05 10:06:00""}"
2026-08-05 00:00:00,2026-08-05 10:07:00,53,NIFTY,FLOW_BULLISH_BUILD,ON,HIGH,0.0203,Bullish build (premium-confirmed writing / support),"{""dedupe_key"":""NIFTY|FLOW_BULLISH_BUILD|ON|2026-08-05 10:07"",""threshold"":0.005,""value"":0.0203,""since_minute_bucket_ist"":"""",""last_updated_ist"":""2026-08-05 10:07:00""}"
2026-08-05 00:00:00,2026-08-05 10:07:00,53,NIFTY,OPTION_MOMENTUM_PUT,OFF,MED,0.8,ATM PUT momentum (ltp up + vol up),"{""dedupe_key"":""NIFTY|OPTION_MOMENTUM_PUT|OFF|2026-08-05 10:07"",""threshold"":1.5,""value"":0.8,""since_minute_bucket_ist"":""2026-08-05 10:06"",""last_updated_ist"":""2026-08-05 10:07:00""}"
2026-08-05 00:00:00,2026-08-05 10:07:00,53,NIFTY,STEALTH_BUILD_BULL,ON,MED,0.0203,"Stealth bullish build (puts build, spot flat)","{""dedupe_key"":""NIFTY|STEALTH_BUILD_BULL|ON|2026-08-05 10:07"",""threshold"":0.008,""value"":0.0203,""since_minute_bucket_ist"":"""",""last_updated_ist"":""2026-08-05 10:07:00""}"
2026-08-05 00:00:00,2026-08-05 10:07:00,53,NIFTY,WALL_SHIFT_REGIME,OFF,MED,1,Wall strike shifted materially (>= 1 step),"{""dedupe_key"":""NIFTY|WALL_SHIFT_REGIME|OFF|2026-08-05 10:07"",""threshold"":1,""value"":1,""since_minute_bucket_ist"":""2026-08-05 10:06"",""last_updated_ist"":""2026-08-05 10:07:00""}"
2026-08-05 00:00:00,2026-08-05 10:08:00,54,NIFTY,FLOW_BULLISH_BUILD,OFF,HIGH,0,Bullish build (premium-confirmed writing / support),"{""dedupe_key"":""NIFTY|FLOW_BULLISH_BUILD|OFF|2026-08-05 10:08"",""threshold"":0.005,""value"":0,""since_minute_bucket_ist"":""2026-08-05 10:07"",""last_updated_ist"":""2026-08-05 10:08:00""}"
2026-08-05 00:00:00,2026-08-05 10:08:00,54,NIFTY,STEALTH_BUILD_BULL,OFF,MED,0,"Stealth bullish build (puts build, spot flat)","{""dedupe_key"":""NIFTY|STEALTH_BUILD_BULL|OFF|2026-08-05 10:08"",""threshold"":0.008,""value"":0,""since_minute_bucket_ist"":""2026-08-05 10:07"",""last_updated_ist"":""2026-08-05 10:08:00""}"
2026-08-05 00:00:00,2026-08-05 10:09:00,55,NIFTY,REGIME_RANGE_PIN,ON,LOW,0.0004,Range / pin (inside local walls),"{""dedupe_key"":""NIFTY|REGIME_RANGE_PIN|ON|2026-08-05 10:09"",""threshold"":0.001,""value"":0.0004,""since_minute_bucket_ist"":"""",""last_updated_ist"":""2026-08-05 10:09:00""}"
2026-08-05 00:00:00,2026-08-05 10:09:00,55,NIFTY,REGIME_TRANSITION_UNCERTAIN,OFF,LOW,1,Transition/uncertain regime,"{""dedupe_key"":""NIFTY|REGIME_TRANSITION_UNCERTAIN|OFF|2026-08-05 10:09"",""threshold"":1,""value"":1,""since_minute_bucket_ist"":""2026-08-05 10:06"",""last_updated_ist"":""2026-08-05 10:09:00""}"
2026-08-05 00:00:00,2026-08-05 10:09:00,55,NIFTY,OPTION_MOMENTUM_CALL,ON,MED,4.85,ATM CALL momentum (ltp up + vol up),"{""dedupe_key"":""NIFTY|OPTION_MOMENTUM_CALL|ON|2026-08-05 10:09"",""threshold"":1.5,""value"":4.85,""since_minute_bucket_ist"":"""",""last_updated_ist"":""2026-08-05 10:09:00""}"
2026-08-05 00:00:00,2026-08-05 10:10:00,56,NIFTY,REGIME_RANGE_PIN,OFF,LOW,0.0004,Range / pin (inside local walls),"{""dedupe_key"":""NIFTY|REGIME_RANGE_PIN|OFF|2026-08-05 10:10"",""threshold"":0.001,""value"":0.0004,""since_minute_bucket_ist"":""2026-08-05 10:09"",""last_updated_ist"":""2026-08-05 10:10:00""}"
2026-08-05 00:00:00,2026-08-05 10:10:00,56,NIFTY,REGIME_TRANSITION_UNCERTAIN,ON,LOW,1,Transition/uncertain regime,"{""dedupe_key"":""NIFTY|REGIME_TRANSITION_UNCERTAIN|ON|2026-08-05 10:10"",""threshold"":1,""value"":1,""since_minute_bucket_ist"":"""",""last_updated_ist"":""2026-08-05 10:10:00""}"
2026-08-05 00:00:00,2026-08-05 10:10:00,56,NIFTY,STEALTH_BUILD_BEAR,ON,MED,0.0221,"Stealth bearish build (calls build, spot flat)","{""dedupe_key"":""NIFTY|STEALTH_BUILD_BEAR|ON|2026-08-05 10:10"",""threshold"":0.008,""value"":0.0221,""since_minute_bucket_ist"":"""",""last_updated_ist"":""2026-08-05 10:10:00""}"
2026-08-05 00:00:00,2026-08-05 10:10:00,56,NIFTY,WALL_SHIFT_REGIME,ON,MED,1,Wall strike shifted materially (>= 1 step),"{""dedupe_key"":""NIFTY|WALL_SHIFT_REGIME|ON|2026-08-05 10:10"",""threshold"":1,""value"":1,""since_minute_bucket_ist"":"""",""last_updated_ist"":""2026-08-05 10:10:00""}"
2026-08-05 00:00:00,2026-08-05 10:11:00,57,NIFTY,REGIME_BREAKOUT_UP,ON,HIGH,2,Breakout UP (held above call wall),"{""dedupe_key"":""NIFTY|REGIME_BREAKOUT_UP|ON|2026-08-05 10:11"",""threshold"":2,""value"":2,""since_minute_bucket_ist"":"""",""last_updated_ist"":""2026-08-05 10:11:00""}"
2026-08-05 00:00:00,2026-08-05 10:11:00,57,NIFTY,REGIME_TRANSITION_UNCERTAIN,OFF,LOW,1,Transition/uncertain regime,"{""dedupe_key"":""NIFTY|REGIME_TRANSITION_UNCERTAIN|OFF|2026-08-05 10:11"",""threshold"":1,""value"":1,""since_minute_bucket_ist"":""2026-08-05 10:10"",""last_updated_ist"":""2026-08-05 10:11:00""}"
2026-08-05 00:00:00,2026-08-05 10:11:00,57,NIFTY,OPTION_MOMENTUM_CALL,OFF,MED,0,ATM CALL momentum (ltp up + vol up),"{""dedupe_key"":""NIFTY|OPTION_MOMENTUM_CALL|OFF|2026-08-05 10:11"",""threshold"":1.5,""value"":0,""since_minute_bucket_ist"":""2026-08-05 10:09"",""last_updated_ist"":""2026-08-05 10:11:00""}"
2026-08-05 00:00:00,2026-08-05 10:11:00,57,NIFTY,STEALTH_BUILD_BEAR,OFF,MED,0,"Stealth bearish build (calls build, spot flat)","{""dedupe_key"":""NIFTY|STEALTH_BUILD_BEAR|OFF|2026-08-05 10:11"",""threshold"":0.008,""value"":0,""since_minute_bucket_ist"":""2026-08-05 10:10"",""last_updated_ist"":""2026-08-05 10:11:00""}"
2026-08-05 00:00:00,2026-08-05 10:11:00,57,NIFTY,WALL_SHIFT_REGIME,OFF,MED,1,Wall strike shifted materially (>= 1 step),"{""dedupe_key"":""NIFTY|WALL_SHIFT_REGIME|OFF|2026-08-05 10:11"",""threshold"":1,""value"":1,""since_minute_bucket_ist"":""2026-08-05 10:10"",""last_updated_ist"":""2026-08-05 10:11:00""}"
2026-08-05 00:00:00,2026-08-05 10:12:00,58,NIFTY,FLOW_BOTH_BUILDING,ON,MED,0.0079,Both sides building (straddle build) → higher chop risk,"{""dedupe_key"":""NIFTY|FLOW_BOTH_BUILDING|ON|2026-08-05 10:12"",""threshold"":0.005,""value"":0.0079,""since_minute_bucket_ist"":"""",""last_updated_ist"":""2026-08-05 10:12:00""}"
2026-08-05 00:00:00,2026-08-05 10:12:00,58,NIFTY,OPTION_MOMENTUM_CALL,ON,MED,4.35,ATM CALL momentum (ltp up + vol up),"{""dedupe_key"":""NIFTY|OPTION_MOMENTUM_CALL|ON|2026-08-05 10:12"",""threshold"":1.5,""value"":4.35,""since_minute_bucket_ist"":"""",""last_updated_ist"":""2026-08-05 10:12:00""}"
2026-08-05 00:00:00,2026-08-05 10:13:00,59,NIFTY,FLOW_BOTH_BUILDING,OFF,MED,0,Both sides building (straddle build) → higher chop risk,"{""dedupe_key"":""NIFTY|FLOW_BOTH_BUILDING|OFF|2026-08-05 10:13"",""threshold"":0.005,""value"":0,""since_minute_bucket_ist"":""2026-08-05 10:12"",""last_updated_ist"":""2026-08-05 10:13:00""}"
2026-08-05 00:00:00,2026-08-05 10:13:00,59,NIFTY,OPTION_MOMENTUM_CALL,OFF,MED,0,ATM CALL momentum (ltp up + vol up),"{""dedupe_key"":""NIFTY|OPTION_MOMENTUM_CALL|OFF|2026-08-05 10:13"",""threshold"":1.5,""value"":0,""since_minute_bucket_ist"":""2026-08-05 10:12"",""last_updated_ist"":""2026-08-05 10:13:00""}"
2026-08-05 00:00:00,2026-08-05 10:14:00,60,NIFTY,FLOW_BULLISH_BUILD,ON,HIGH,0.0079,Bullish build (premium-confirmed writing / support),"{""dedupe_key"":""NIFTY|FLOW_BULLISH_BUILD|ON|2026-08-05 10:14"",""threshold"":0.005,""value"":0.0079,""since_minute_bucket_ist"":"""",""last_updated_ist"":""2026-08-05 10:14:00""}"
2026-08-05 00:00:00,2026-08-05 10:14:00,60,NIFTY,PIN_BREAKOUT_SETUP,ON,MED,6.25,Pin breakout setup (wall touch + aligned flow),"{""dedupe_key"":""NIFTY|PIN_BREAKOUT_SETUP|ON|2026-08-05 10:14"",""threshold"":0,""value"":6.25,""since_minute_bucket_ist"":"""",""last_updated_ist"":""2026-08-05 10:14:00""}"
2026-08-05 00:00:00,2026-08-05 10:14:00,60,NIFTY,OPTION_MOMENTUM_CALL,ON,MED,3.05,ATM CALL momentum (ltp up + vol up),"{""dedupe_key"":""NIFTY|OPTION_MOMENTUM_CALL|ON|2026-08-05 10:14"",""threshold"":1.5,""value"":3.05,""since_minute_bucket_ist"":"""",""last_updated_ist"":""2026-08-05 10:14:00""}"
2026-08-05 00:00:00,2026-08-05 10:14:00,60,NIFTY,CHURN_COMMITTED,ON,MED,0.0003,Price move + aligned flow (committed),"{""dedupe_key"":""NIFTY|CHURN_COMMITTED|ON|2026-08-05 10:14"",""threshold"":0.0001,""value"":0.0003,""since_minute_bucket_ist"":"""",""last_updated_ist"":""2026-08-05 10:14:00""}"
2026-08-05 00:00:00,2026-08-05 10:14:00,60,NIFTY,WALL_PRESSURE_BREAK_SETUP,ON,MED,6.25,Pressure building into a wall (break setup),"{""dedupe_key"":""NIFTY|WALL_PRESSURE_BREAK_SETUP|ON|2026-08-05 10:14"",""threshold"":0,""value"":6.25,""since_minute_bucket_ist"":"""",""last_updated_ist"":""2026-08-05 10:14:00""}"
2026-08-05 00:00:00,2026-08-05 10:15:00,61,NIFTY,FLOW_BULLISH_BUILD,OFF,HIGH,0,Bullish build (premium-confirmed writing / support),"{""dedupe_key"":""NIFTY|FLOW_BULLISH_BUILD|OFF|2026-08-05 10:15"",""threshold"":0.005,""value"":0,""since_minute_bucket_ist"":""2026-08-05 10:14"",""last_updated_ist"":""2026-08-05 10:15:00""}"
2026-08-05 00:00:00,2026-08-05 10:15:00,61,NIFTY,PIN_BREAKOUT_SETUP,OFF,MED,0,Pin breakout setup (wall touch + aligned flow),"{""dedupe_key"":""NIFTY|PIN_BREAKOUT_SETUP|OFF|2026-08-05 10:15"",""threshold"":0,""value"":0,""since_minute_bucket_ist"":""2026-08-05 10:14"",""last_updated_ist"":""2026-08-05 10:15:00""}"
2026-08-05 00:00:00,2026-08-05 10:15:00,61,NIFTY,VOL_CONTRACTION,ON,LOW,-0.0013,Volatility contracting (straddle down),"{""dedupe_key"":""NIFTY|VOL_CONTRACTION|ON|2026-08-05 10:15"",""threshold"":-0.03,""value"":-0.0013,""since_minute_bucket_ist"":"""",""last_updated_ist"":""2026-08-05 10:15:00""}"
2026-08-05 00:00:00,2026-08-05 10:15:00,61,NIFTY,OPTION_MOMENTUM_CALL,OFF,MED,0,ATM CALL momentum (ltp up + vol up),"{""dedupe_key"":""NIFTY|OPTION_MOMENTUM_CALL|OFF|2026-08-05 10:15"",""threshold"":1.5,""value"":0,""since_minute_bucket_ist"":""2026-08-05 10:14"",""last_updated_ist"":""2026-08-05 10:15:00""}"
2026-08-05 00:00:00,2026-08-05 10:15:00,61,NIFTY,WALL_UNWIND_CONFIRM_UP,ON,MED,-0.0114,Call wall OI unwinding (5m),"{""dedupe_key"":""NIFTY|WALL_UNWIND_CONFIRM_UP|ON|2026-08-05 10:15"",""threshold"":-0.006,""value"":-0.0114,""since_minute_bucket_ist"":"""",""last_updated_ist"":""2026-08-05 10:15:00""}"
2026-08-05 00:00:00,2026-08-05 10:15:00,61,NIFTY,CHURN_COMMITTED,OFF,MED,0,Price move + aligned flow (committed),"{""dedupe_key"":""NIFTY|CHURN_COMMITTED|OFF|2026-08-05 10:15"",""threshold"":0.0001,""value"":0,""since_minute_bucket_ist"":""2026-08-05 10:14"",""last_updated_ist"":""2026-08-05 10:15:00""}"
2026-08-05 00:00:00,2026-08-05 10:15:00,61,NIFTY,WALL_PRESSURE_BREAK_SETUP,OFF,MED,0,Pressure building into a wall (break setup),"{""dedupe_key"":""NIFTY|WALL_PRESSURE_BREAK_SETUP|OFF|2026-08-05 10:15"",""threshold"":0,""value"":0,""since_minute_bucket_ist"":""2026-08-05 10:14"",""last_updated_ist"":""2026-08-05 10:15:00""}"
2026-08-05 00:00:00,2026-08-05 10:16:00,62,NIFTY,VOL_CONTRACTION,OFF,LOW,0.0016,Volatility contracting (straddle down),"{""dedupe_key"":""NIFTY|VOL_CONTRACTION|OFF|2026-08-05 10:16"",""threshold"":-0.03,""value"":0.0016,""since_minute_bucket_ist"":""2026-08-05 10:15"",""last_updated_ist"":""2026-08-05 10:16:00""}"
2026-08-05 00:00:00,2026-08-05 10:16:00,62,NIFTY,OPTION_MOMENTUM_PUT,ON,MED,3.55,ATM PUT momentum (ltp up + vol up),"{""dedupe_key"":""NIFTY|OPTION_MOMENTUM_PUT|ON|2026-08-05 10:16"",""threshold"":1.5,""value"":3.55,""since_minute_bucket_ist"":"""",""last_updated_ist"":""2026-08-05 10:16:00""}"
2026-08-05 00:00:00,2026-08-05 10:17:00,63,NIFTY,REGIME_BREAKOUT_UP,OFF,HIGH,0,Breakout UP (held above call wall),"{""dedupe_key"":""NIFTY|REGIME_BREAKOUT_UP|OFF|2026-08-05 10:17"",""threshold"":2,""value"":0,""since_minute_bucket_ist"":""2026-08-05 10:11"",""last_updated_ist"":""2026-08-05 10:17:00""}"
2026-08-05 00:00:00,2026-08-05 10:17:00,63,NIFTY,REGIME_TRANSITION_UNCERTAIN,ON,LOW,1,Transition/uncertain regime,"{""dedupe_key"":""NIFTY|REGIME_TRANSITION_UNCERTAIN|ON|2026-08-05 10:17"",""threshold"":1,""value"":1,""since_minute_bucket_ist"":"""",""last_updated_ist"":""2026-08-05 10:17:00""}"
2026-08-05 00:00:00,2026-08-05 10:17:00,63,NIFTY,VOL_EXPANSION,ON,MED,0.0027,Volatility expanding (straddle up),"{""dedupe_key"":""NIFTY|VOL_EXPANSION|ON|2026-08-05 10:17"",""threshold"":0.02,""value"":0.0027,""since_minute_bucket_ist"":"""",""last_updated_ist"":""2026-08-05 10:17:00""}"
2026-08-05 00:00:00,2026-08-05 10:17:00,63,NIFTY,STEALTH_BUILD_BULL,ON,MED,0.0307,"Stealth bullish build (puts build, spot flat)","{""dedupe_key"":""NIFTY|STEALTH_BUILD_BULL|ON|2026-08-05 10:17"",""threshold"":0.008,""value"":0.0307,""since_minute_bucket_ist"":"""",""last_updated_ist"":""2026-08-05 10:17:00""}"
2026-08-05 00:00:00,2026-08-05 10:18:00,64,NIFTY,VOL_EXPANSION,OFF,MED,-0.0002,Volatility expanding (straddle up),"{""dedupe_key"":""NIFTY|VOL_EXPANSION|OFF|2026-08-05 10:18"",""threshold"":0.02,""value"":-0.0002,""since_minute_bucket_ist"":""2026-08-05 10:17"",""last_updated_ist"":""2026-08-05 10:18:00""}"
2026-08-05 00:00:00,2026-08-05 10:18:00,64,NIFTY,VOL_CONTRACTION,ON,LOW,-0.0002,Volatility contracting (straddle down),"{""dedupe_key"":""NIFTY|VOL_CONTRACTION|ON|2026-08-05 10:18"",""threshold"":-0.03,""value"":-0.0002,""since_minute_bucket_ist"":"""",""last_updated_ist"":""2026-08-05 10:18:00""}"
2026-08-05 00:00:00,2026-08-05 10:18:00,64,NIFTY,OPTION_MOMENTUM_PUT,OFF,MED,-2.3,ATM PUT momentum (ltp up + vol up),"{""dedupe_key"":""NIFTY|OPTION_MOMENTUM_PUT|OFF|2026-08-05 10:18"",""threshold"":1.5,""value"":-2.3,""since_minute_bucket_ist"":""2026-08-05 10:16"",""last_updated_ist"":""2026-08-05 10:18:00""}"
2026-08-05 00:00:00,2026-08-05 10:18:00,64,NIFTY,STEALTH_BUILD_BULL,OFF,MED,0.0024,"Stealth bullish build (puts build, spot flat)","{""dedupe_key"":""NIFTY|STEALTH_BUILD_BULL|OFF|2026-08-05 10:18"",""threshold"":0.008,""value"":0.0024,""since_minute_bucket_ist"":""2026-08-05 10:17"",""last_updated_ist"":""2026-08-05 10:18:00""}"
2026-08-05 00:00:00,2026-08-05 10:19:00,65,NIFTY,VOL_CONTRACTION,OFF,LOW,-0.0002,Volatility contracting (straddle down),"{""dedupe_key"":""NIFTY|VOL_CONTRACTION|OFF|2026-08-05 10:19"",""threshold"":-0.03,""value"":-0.0002,""since_minute_bucket_ist"":""2026-08-05 10:18"",""last_updated_ist"":""2026-08-05 10:19:00""}"
2026-08-05 00:00:00,2026-08-05 10:20:00,66,NIFTY,OPTION_MOMENTUM_CALL,ON,MED,1.85,ATM CALL momentum (ltp up + vol up),"{""dedupe_key"":""NIFTY|OPTION_MOMENTUM_CALL|ON|2026-08-05 10:20"",""threshold"":1.5,""value"":1.85,""since_minute_bucket_ist"":"""",""last_updated_ist"":""2026-08-05 10:20:00""}"
2026-08-05 00:00:00,2026-08-05 10:21:00,67,NIFTY,VOL_CONTRACTION,ON,LOW,-0.0043,Volatility contracting (straddle down),"{""dedupe_key"":""NIFTY|VOL_CONTRACTION|ON|2026-08-05 10:21"",""threshold"":-0.03,""value"":-0.0043,""since_minute_bucket_ist"":"""",""last_updated_ist"":""2026-08-05 10:21:00""}"
2026-08-05 00:00:00,2026-08-05 10:21:00,67,NIFTY,WALL_UNWIND_CONFIRM_UP,OFF,MED,0.0062,Call wall OI unwinding (5m),"{""dedupe_key"":""NIFTY|WALL_UNWIND_CONFIRM_UP|OFF|2026-08-05 10:21"",""threshold"":-0.006,""value"":0.0062,""since_minute_bucket_ist"":""2026-08-05 10:15"",""last_updated_ist"":""2026-08-05 10:21:00""}"
2026-08-05 00:00:00,2026-08-05 10:22:00,68,NIFTY,OPTION_MOMENTUM_CALL,OFF,MED,0,ATM CALL momentum (ltp up + vol up),"{""dedupe_key"":""NIFTY|OPTION_MOMENTUM_CALL|OFF|2026-08-05 10:22"",""threshold"":1.5,""value"":0,""since_minute_bucket_ist"":""2026-08-05 10:20"",""last_updated_ist"":""2026-08-05 10:22:00""}"
2026-08-05 00:00:00,2026-08-05 10:23:00,69,NIFTY,FLOW_BOTH_BUILDING,ON,MED,0.006,Both sides building (straddle build) → higher chop risk,"{""dedupe_key"":""NIFTY|FLOW_BOTH_BUILDING|ON|2026-08-05 10:23"",""threshold"":0.005,""value"":0.006,""since_minute_bucket_ist"":"""",""last_updated_ist"":""2026-08-05 10:23:00""}"
2026-08-05 00:00:00,2026-08-05 10:23:00,69,NIFTY,VOL_EXPANSION,ON,MED,0.0025,Volatility expanding (straddle up),"{""dedupe_key"":""NIFTY|VOL_EXPANSION|ON|2026-08-05 10:23"",""threshold"":0.02,""value"":0.0025,""since_minute_bucket_ist"":"""",""last_updated_ist"":""2026-08-05 10:23:00""}"
2026-08-05 00:00:00,2026-08-05 10:23:00,69,NIFTY,VOL_CONTRACTION,OFF,LOW,0.0025,Volatility contracting (straddle down),"{""dedupe_key"":""NIFTY|VOL_CONTRACTION|OFF|2026-08-05 10:23"",""threshold"":-0.03,""value"":0.0025,""since_minute_bucket_ist"":""2026-08-05 10:21"",""last_updated_ist"":""2026-08-05 10:23:00""}"
2026-08-05 00:00:00,2026-08-05 10:23:00,69,NIFTY,OPTION_MOMENTUM_PUT,ON,MED,1.8,ATM PUT momentum (ltp up + vol up),"{""dedupe_key"":""NIFTY|OPTION_MOMENTUM_PUT|ON|2026-08-05 10:23"",""threshold"":1.5,""value"":1.8,""since_minute_bucket_ist"":"""",""last_updated_ist"":""2026-08-05 10:23:00""}"
2026-08-05 00:00:00,2026-08-05 10:25:00,70,NIFTY,DATA_GAP_LOCK,ON,HIGH,1785905727208,Cooldown after data gap / window shift (signals locked),"{""dedupe_key"":""NIFTY|DATA_GAP_LOCK|ON|2026-08-05 10:25"",""threshold"":1785905847208,""value"":1785905727208,""since_minute_bucket_ist"":"""",""last_updated_ist"":""2026-08-05 10:25:00""}"
2026-08-05 00:00:00,2026-08-05 10:25:00,70,NIFTY,FLOW_BOTH_BUILDING,OFF,MED,-0.0013,Both sides building (straddle build) → higher chop risk,"{""dedupe_key"":""NIFTY|FLOW_BOTH_BUILDING|OFF|2026-08-05 10:25"",""threshold"":0.005,""value"":-0.0013,""since_minute_bucket_ist"":""2026-08-05 10:23"",""last_updated_ist"":""2026-08-05 10:25:00""}"
2026-08-05 00:00:00,2026-08-05 10:25:00,70,NIFTY,FLOW_BEARISH_BUILD,ON,HIGH,0.0094,Bearish build (premium-confirmed writing / resistance),"{""dedupe_key"":""NIFTY|FLOW_BEARISH_BUILD|ON|2026-08-05 10:25"",""threshold"":0.005,""value"":0.0094,""since_minute_bucket_ist"":"""",""last_updated_ist"":""2026-08-05 10:25:00""}"
2026-08-05 00:00:00,2026-08-05 10:25:00,70,NIFTY,REGIME_BREAKOUT_UP,ON,HIGH,2,Breakout UP (held above call wall),"{""dedupe_key"":""NIFTY|REGIME_BREAKOUT_UP|ON|2026-08-05 10:25"",""threshold"":2,""value"":2,""since_minute_bucket_ist"":"""",""last_updated_ist"":""2026-08-05 10:25:00""}"
2026-08-05 00:00:00,2026-08-05 10:25:00,70,NIFTY,REGIME_TRANSITION_UNCERTAIN,OFF,LOW,1,Transition/uncertain regime,"{""dedupe_key"":""NIFTY|REGIME_TRANSITION_UNCERTAIN|OFF|2026-08-05 10:25"",""threshold"":1,""value"":1,""since_minute_bucket_ist"":""2026-08-05 10:17"",""last_updated_ist"":""2026-08-05 10:25:00""}"
2026-08-05 00:00:00,2026-08-05 10:25:00,70,NIFTY,VOL_EXPANSION,OFF,MED,0.0007,Volatility expanding (straddle up),"{""dedupe_key"":""NIFTY|VOL_EXPANSION|OFF|2026-08-05 10:25"",""threshold"":0.02,""value"":0.0007,""since_minute_bucket_ist"":""2026-08-05 10:23"",""last_updated_ist"":""2026-08-05 10:25:00""}"
2026-08-05 00:00:00,2026-08-05 10:25:00,70,NIFTY,OPTION_MOMENTUM_PUT,OFF,MED,-0.1,ATM PUT momentum (ltp up + vol up),"{""dedupe_key"":""NIFTY|OPTION_MOMENTUM_PUT|OFF|2026-08-05 10:25"",""threshold"":1.5,""value"":-0.1,""since_minute_bucket_ist"":""2026-08-05 10:23"",""last_updated_ist"":""2026-08-05 10:25:00""}"
2026-08-05 00:00:00,2026-08-05 10:25:00,70,NIFTY,STEALTH_BUILD_BEAR,ON,MED,0.0094,"Stealth bearish build (calls build, spot flat)","{""dedupe_key"":""NIFTY|STEALTH_BUILD_BEAR|ON|2026-08-05 10:25"",""threshold"":0.008,""value"":0.0094,""since_minute_bucket_ist"":"""",""last_updated_ist"":""2026-08-05 10:25:00""}"
2026-08-05 00:00:00,2026-08-05 10:25:00,71,NIFTY,FLOW_BEARISH_BUILD,OFF,HIGH,0,Bearish build (premium-confirmed writing / resistance),"{""dedupe_key"":""NIFTY|FLOW_BEARISH_BUILD|OFF|2026-08-05 10:25"",""threshold"":0.005,""value"":0,""since_minute_bucket_ist"":""2026-08-05 10:25"",""last_updated_ist"":""2026-08-05 10:25:00""}"
2026-08-05 00:00:00,2026-08-05 10:25:00,71,NIFTY,STEALTH_BUILD_BEAR,OFF,MED,0,"Stealth bearish build (calls build, spot flat)","{""dedupe_key"":""NIFTY|STEALTH_BUILD_BEAR|OFF|2026-08-05 10:25"",""threshold"":0.008,""value"":0,""since_minute_bucket_ist"":""2026-08-05 10:25"",""last_updated_ist"":""2026-08-05 10:25:00""}"
2026-08-05 00:00:00,2026-08-05 10:26:00,72,NIFTY,REGIME_BREAKOUT_UP,OFF,HIGH,0,Breakout UP (held above call wall),"{""dedupe_key"":""NIFTY|REGIME_BREAKOUT_UP|OFF|2026-08-05 10:26"",""threshold"":2,""value"":0,""since_minute_bucket_ist"":""2026-08-05 10:25"",""last_updated_ist"":""2026-08-05 10:26:00""}"
2026-08-05 00:00:00,2026-08-05 10:26:00,72,NIFTY,REGIME_TRANSITION_UNCERTAIN,ON,LOW,1,Transition/uncertain regime,"{""dedupe_key"":""NIFTY|REGIME_TRANSITION_UNCERTAIN|ON|2026-08-05 10:26"",""threshold"":1,""value"":1,""since_minute_bucket_ist"":"""",""last_updated_ist"":""2026-08-05 10:26:00""}"
2026-08-05 00:00:00,2026-08-05 10:26:00,72,NIFTY,VOL_EXPANSION,ON,MED,0.0079,Volatility expanding (straddle up),"{""dedupe_key"":""NIFTY|VOL_EXPANSION|ON|2026-08-05 10:26"",""threshold"":0.02,""value"":0.0079,""since_minute_bucket_ist"":"""",""last_updated_ist"":""2026-08-05 10:26:00""}"
2026-08-05 00:00:00,2026-08-05 10:26:00,72,NIFTY,OPTION_MOMENTUM_PUT,ON,MED,3.85,ATM PUT momentum (ltp up + vol up),"{""dedupe_key"":""NIFTY|OPTION_MOMENTUM_PUT|ON|2026-08-05 10:26"",""threshold"":1.5,""value"":3.85,""since_minute_bucket_ist"":"""",""last_updated_ist"":""2026-08-05 10:26:00""}"
2026-08-05 00:00:00,2026-08-05 10:27:00,73,NIFTY,DATA_GAP_LOCK,OFF,HIGH,1785905869738,Cooldown after data gap / window shift (signals locked),"{""dedupe_key"":""NIFTY|DATA_GAP_LOCK|OFF|2026-08-05 10:27"",""threshold"":1785905847208,""value"":1785905869738,""since_minute_bucket_ist"":""2026-08-05 10:25"",""last_updated_ist"":""2026-08-05 10:27:00""}"
2026-08-05 00:00:00,2026-08-05 10:27:00,73,NIFTY,EXP_RANGE_BREAKOUT_WATCH_DOWN,ON,MED,24592.45,Expected-range watch DOWN,"{""dedupe_key"":""NIFTY|EXP_RANGE_BREAKOUT_WATCH_DOWN|ON|2026-08-05 10:27"",""threshold"":24600.53,""value"":24592.45,""since_minute_bucket_ist"":"""",""last_updated_ist"":""2026-08-05 10:27:00""}"
2026-08-05 00:00:00,2026-08-05 10:28:00,74,NIFTY,REGIME_TREND_DOWN,ON,MED,-0.0012,Trend DOWN (slope + direction),"{""dedupe_key"":""NIFTY|REGIME_TREND_DOWN|ON|2026-08-05 10:28"",""threshold"":-0.001,""value"":-0.0012,""since_minute_bucket_ist"":"""",""last_updated_ist"":""2026-08-05 10:28:00""}"
2026-08-05 00:00:00,2026-08-05 10:28:00,74,NIFTY,REGIME_TRANSITION_UNCERTAIN,OFF,LOW,1,Transition/uncertain regime,"{""dedupe_key"":""NIFTY|REGIME_TRANSITION_UNCERTAIN|OFF|2026-08-05 10:28"",""threshold"":1,""value"":1,""since_minute_bucket_ist"":""2026-08-05 10:26"",""last_updated_ist"":""2026-08-05 10:28:00""}"
2026-08-05 00:00:00,2026-08-05 10:28:00,74,NIFTY,EXP_RANGE_BREAKOUT_CONFIRMED_DOWN,ON,HIGH,2,Expected-range breakout CONFIRMED DOWN,"{""dedupe_key"":""NIFTY|EXP_RANGE_BREAKOUT_CONFIRMED_DOWN|ON|2026-08-05 10:28"",""threshold"":2,""value"":2,""since_minute_bucket_ist"":"""",""last_updated_ist"":""2026-08-05 10:28:00""}"
2026-08-05 00:00:00,2026-08-05 10:28:00,74,NIFTY,WALL_UNWIND_CONFIRM_DOWN,ON,MED,-0.0511,Put wall OI unwinding (5m),"{""dedupe_key"":""NIFTY|WALL_UNWIND_CONFIRM_DOWN|ON|2026-08-05 10:28"",""threshold"":-0.006,""value"":-0.0511,""since_minute_bucket_ist"":"""",""last_updated_ist"":""2026-08-05 10:28:00""}"
2026-08-05 00:00:00,2026-08-05 10:29:00,75,NIFTY,FLOW_BEARISH_BUILD,ON,HIGH,0.016,Bearish build (premium-confirmed writing / resistance),"{""dedupe_key"":""NIFTY|FLOW_BEARISH_BUILD|ON|2026-08-05 10:29"",""threshold"":0.005,""value"":0.016,""since_minute_bucket_ist"":"""",""last_updated_ist"":""2026-08-05 10:29:00""}"
2026-08-05 00:00:00,2026-08-05 10:29:00,75,NIFTY,REGIME_TREND_DOWN,OFF,MED,-0.0012,Trend DOWN (slope + direction),"{""dedupe_key"":""NIFTY|REGIME_TREND_DOWN|OFF|2026-08-05 10:29"",""threshold"":-0.001,""value"":-0.0012,""since_minute_bucket_ist"":""2026-08-05 10:28"",""last_updated_ist"":""2026-08-05 10:29:00""}"
2026-08-05 00:00:00,2026-08-05 10:29:00,75,NIFTY,REGIME_BREAKOUT_DOWN,ON,HIGH,2,Breakout DOWN (held below put wall),"{""dedupe_key"":""NIFTY|REGIME_BREAKOUT_DOWN|ON|2026-08-05 10:29"",""threshold"":2,""value"":2,""since_minute_bucket_ist"":"""",""last_updated_ist"":""2026-08-05 10:29:00""}"
2026-08-05 00:00:00,2026-08-05 10:29:00,75,NIFTY,OPTION_MOMENTUM_PUT,OFF,MED,-1.8,ATM PUT momentum (ltp up + vol up),"{""dedupe_key"":""NIFTY|OPTION_MOMENTUM_PUT|OFF|2026-08-05 10:29"",""threshold"":1.5,""value"":-1.8,""since_minute_bucket_ist"":""2026-08-05 10:26"",""last_updated_ist"":""2026-08-05 10:29:00""}"
2026-08-05 00:00:00,2026-08-05 10:29:00,75,NIFTY,STEALTH_BUILD_BEAR,ON,MED,0.016,"Stealth bearish build (calls build, spot flat)","{""dedupe_key"":""NIFTY|STEALTH_BUILD_BEAR|ON|2026-08-05 10:29"",""threshold"":0.008,""value"":0.016,""since_minute_bucket_ist"":"""",""last_updated_ist"":""2026-08-05 10:29:00""}"
2026-08-05 00:00:00,2026-08-05 10:30:00,76,NIFTY,FLOW_BEARISH_BUILD,OFF,HIGH,0,Bearish build (premium-confirmed writing / resistance),"{""dedupe_key"":""NIFTY|FLOW_BEARISH_BUILD|OFF|2026-08-05 10:30"",""threshold"":0.005,""value"":0,""since_minute_bucket_ist"":""2026-08-05 10:29"",""last_updated_ist"":""2026-08-05 10:30:00""}"
2026-08-05 00:00:00,2026-08-05 10:30:00,76,NIFTY,REGIME_TREND_DOWN,ON,MED,-0.0012,Trend DOWN (slope + direction),"{""dedupe_key"":""NIFTY|REGIME_TREND_DOWN|ON|2026-08-05 10:30"",""threshold"":-0.001,""value"":-0.0012,""since_minute_bucket_ist"":"""",""last_updated_ist"":""2026-08-05 10:30:00""}"
2026-08-05 00:00:00,2026-08-05 10:30:00,76,NIFTY,STEALTH_BUILD_BEAR,OFF,MED,0,"Stealth bearish build (calls build, spot flat)","{""dedupe_key"":""NIFTY|STEALTH_BUILD_BEAR|OFF|2026-08-05 10:30"",""threshold"":0.008,""value"":0,""since_minute_bucket_ist"":""2026-08-05 10:29"",""last_updated_ist"":""2026-08-05 10:30:00""}"
2026-08-05 00:00:00,2026-08-05 10:31:00,77,NIFTY,FLOW_BEARISH_BUILD,ON,HIGH,0.0092,Bearish build (premium-confirmed writing / resistance),"{""dedupe_key"":""NIFTY|FLOW_BEARISH_BUILD|ON|2026-08-05 10:31"",""threshold"":0.005,""value"":0.0092,""since_minute_bucket_ist"":"""",""last_updated_ist"":""2026-08-05 10:31:00""}"
2026-08-05 00:00:00,2026-08-05 10:31:00,77,NIFTY,REGIME_BREAKOUT_DOWN,OFF,HIGH,0,Breakout DOWN (held below put wall),"{""dedupe_key"":""NIFTY|REGIME_BREAKOUT_DOWN|OFF|2026-08-05 10:31"",""threshold"":2,""value"":0,""since_minute_bucket_ist"":""2026-08-05 10:29"",""last_updated_ist"":""2026-08-05 10:31:00""}"
2026-08-05 00:00:00,2026-08-05 10:31:00,77,NIFTY,OPTION_MOMENTUM_PUT,ON,MED,7.75,ATM PUT momentum (ltp up + vol up),"{""dedupe_key"":""NIFTY|OPTION_MOMENTUM_PUT|ON|2026-08-05 10:31"",""threshold"":1.5,""value"":7.75,""since_minute_bucket_ist"":"""",""last_updated_ist"":""2026-08-05 10:31:00""}"
2026-08-05 00:00:00,2026-08-05 10:31:00,77,NIFTY,WALL_UNWIND_CONFIRM_DOWN,OFF,MED,0,Put wall OI unwinding (5m),"{""dedupe_key"":""NIFTY|WALL_UNWIND_CONFIRM_DOWN|OFF|2026-08-05 10:31"",""threshold"":-0.006,""value"":0,""since_minute_bucket_ist"":""2026-08-05 10:28"",""last_updated_ist"":""2026-08-05 10:31:00""}"
2026-08-05 00:00:00,2026-08-05 10:31:00,77,NIFTY,CHURN_COMMITTED,ON,MED,-0.0005,Price move + aligned flow (committed),"{""dedupe_key"":""NIFTY|CHURN_COMMITTED|ON|2026-08-05 10:31"",""threshold"":0.0001,""value"":-0.0005,""since_minute_bucket_ist"":"""",""last_updated_ist"":""2026-08-05 10:31:00""}"
2026-08-05 00:00:00,2026-08-05 10:31:00,77,NIFTY,WALL_SHIFT_REGIME,ON,MED,1,Wall strike shifted materially (>= 1 step),"{""dedupe_key"":""NIFTY|WALL_SHIFT_REGIME|ON|2026-08-05 10:31"",""threshold"":1,""value"":1,""since_minute_bucket_ist"":"""",""last_updated_ist"":""2026-08-05 10:31:00""}"
2026-08-05 00:00:00,2026-08-05 10:32:00,78,NIFTY,TRADE_LIMIT_REACHED,ON,MED,1,Cooldown active (2m),"{""dedupe_key"":""NIFTY|TRADE_LIMIT_REACHED|ON|2026-08-05 10:32"",""threshold"":500,""value"":1,""since_minute_bucket_ist"":"""",""last_updated_ist"":""2026-08-05 10:32:00""}"
2026-08-05 00:00:00,2026-08-05 10:32:00,78,NIFTY,FLOW_BOTH_BUILDING,ON,MED,0.0056,Both sides building (straddle build) → higher chop risk,"{""dedupe_key"":""NIFTY|FLOW_BOTH_BUILDING|ON|2026-08-05 10:32"",""threshold"":0.005,""value"":0.0056,""since_minute_bucket_ist"":"""",""last_updated_ist"":""2026-08-05 10:32:00""}"
2026-08-05 00:00:00,2026-08-05 10:32:00,78,NIFTY,FLOW_BEARISH_BUILD,OFF,HIGH,0.0112,Bearish build (premium-confirmed writing / resistance),"{""dedupe_key"":""NIFTY|FLOW_BEARISH_BUILD|OFF|2026-08-05 10:32"",""threshold"":0.005,""value"":0.0112,""since_minute_bucket_ist"":""2026-08-05 10:31"",""last_updated_ist"":""2026-08-05 10:32:00""}"
2026-08-05 00:00:00,2026-08-05 10:32:00,78,NIFTY,REGIME_TREND_DOWN,OFF,MED,-0.0009,Trend DOWN (slope + direction),"{""dedupe_key"":""NIFTY|REGIME_TREND_DOWN|OFF|2026-08-05 10:32"",""threshold"":-0.001,""value"":-0.0009,""since_minute_bucket_ist"":""2026-08-05 10:30"",""last_updated_ist"":""2026-08-05 10:32:00""}"
2026-08-05 00:00:00,2026-08-05 10:32:00,78,NIFTY,REGIME_TRANSITION_UNCERTAIN,ON,LOW,1,Transition/uncertain regime,"{""dedupe_key"":""NIFTY|REGIME_TRANSITION_UNCERTAIN|ON|2026-08-05 10:32"",""threshold"":1,""value"":1,""since_minute_bucket_ist"":"""",""last_updated_ist"":""2026-08-05 10:32:00""}"
2026-08-05 00:00:00,2026-08-05 10:32:00,78,NIFTY,CHURN_COMMITTED,OFF,MED,-0.0001,Price move + aligned flow (committed),"{""dedupe_key"":""NIFTY|CHURN_COMMITTED|OFF|2026-08-05 10:32"",""threshold"":0.0001,""value"":-0.0001,""since_minute_bucket_ist"":""2026-08-05 10:31"",""last_updated_ist"":""2026-08-05 10:32:00""}"
2026-08-05 00:00:00,2026-08-05 10:32:00,78,NIFTY,WALL_SHIFT_REGIME,OFF,MED,1,Wall strike shifted materially (>= 1 step),"{""dedupe_key"":""NIFTY|WALL_SHIFT_REGIME|OFF|2026-08-05 10:32"",""threshold"":1,""value"":1,""since_minute_bucket_ist"":""2026-08-05 10:31"",""last_updated_ist"":""2026-08-05 10:32:00""}"
2026-08-05 00:00:00,2026-08-05 10:33:00,79,NIFTY,FLOW_BOTH_BUILDING,OFF,MED,-0.0343,Both sides building (straddle build) → higher chop risk,"{""dedupe_key"":""NIFTY|FLOW_BOTH_BUILDING|OFF|2026-08-05 10:33"",""threshold"":0.005,""value"":-0.0343,""since_minute_bucket_ist"":""2026-08-05 10:32"",""last_updated_ist"":""2026-08-05 10:33:00""}"
2026-08-05 00:00:00,2026-08-05 10:33:00,79,NIFTY,EXP_RANGE_BREAKOUT_WATCH_DOWN,OFF,MED,24579.55,Expected-range watch DOWN,"{""dedupe_key"":""NIFTY|EXP_RANGE_BREAKOUT_WATCH_DOWN|OFF|2026-08-05 10:33"",""threshold"":24571.32,""value"":24579.55,""since_minute_bucket_ist"":""2026-08-05 10:27"",""last_updated_ist"":""2026-08-05 10:33:00""}"
2026-08-05 00:00:00,2026-08-05 10:33:00,79,NIFTY,EXP_RANGE_BREAKOUT_CONFIRMED_DOWN,OFF,HIGH,0,Expected-range breakout CONFIRMED DOWN,"{""dedupe_key"":""NIFTY|EXP_RANGE_BREAKOUT_CONFIRMED_DOWN|OFF|2026-08-05 10:33"",""threshold"":2,""value"":0,""since_minute_bucket_ist"":""2026-08-05 10:28"",""last_updated_ist"":""2026-08-05 10:33:00""}"
2026-08-05 00:00:00,2026-08-05 10:33:00,79,NIFTY,OPTION_MOMENTUM_CALL,ON,MED,4.65,ATM CALL momentum (ltp up + vol up),"{""dedupe_key"":""NIFTY|OPTION_MOMENTUM_CALL|ON|2026-08-05 10:33"",""threshold"":1.5,""value"":4.65,""since_minute_bucket_ist"":"""",""last_updated_ist"":""2026-08-05 10:33:00""}"
2026-08-05 00:00:00,2026-08-05 10:33:00,79,NIFTY,OPTION_MOMENTUM_PUT,OFF,MED,-6.95,ATM PUT momentum (ltp up + vol up),"{""dedupe_key"":""NIFTY|OPTION_MOMENTUM_PUT|OFF|2026-08-05 10:33"",""threshold"":1.5,""value"":-6.95,""since_minute_bucket_ist"":""2026-08-05 10:31"",""last_updated_ist"":""2026-08-05 10:33:00""}"
2026-08-05 00:00:00,2026-08-05 10:33:00,79,NIFTY,WALL_UNWIND_CONFIRM_DOWN,ON,MED,-0.1058,Put wall OI unwinding (5m),"{""dedupe_key"":""NIFTY|WALL_UNWIND_CONFIRM_DOWN|ON|2026-08-05 10:33"",""threshold"":-0.006,""value"":-0.1058,""since_minute_bucket_ist"":"""",""last_updated_ist"":""2026-08-05 10:33:00""}"
2026-08-05 00:00:00,2026-08-05 10:33:00,79,NIFTY,WALL_SHIFT_REGIME,ON,MED,1,Wall strike shifted materially (>= 1 step),"{""dedupe_key"":""NIFTY|WALL_SHIFT_REGIME|ON|2026-08-05 10:33"",""threshold"":1,""value"":1,""since_minute_bucket_ist"":"""",""last_updated_ist"":""2026-08-05 10:33:00""}"
2026-08-05 00:00:00,2026-08-05 10:34:00,80,NIFTY,TRADE_LIMIT_REACHED,OFF,MED,1,Cooldown active (2m),"{""dedupe_key"":""NIFTY|TRADE_LIMIT_REACHED|OFF|2026-08-05 10:34"",""threshold"":500,""value"":1,""since_minute_bucket_ist"":""2026-08-05 10:32"",""last_updated_ist"":""2026-08-05 10:34:00""}"
2026-08-05 00:00:00,2026-08-05 10:34:00,80,NIFTY,REGIME_BREAKOUT_DOWN,ON,HIGH,2,Breakout DOWN (held below put wall),"{""dedupe_key"":""NIFTY|REGIME_BREAKOUT_DOWN|ON|2026-08-05 10:34"",""threshold"":2,""value"":2,""since_minute_bucket_ist"":"""",""last_updated_ist"":""2026-08-05 10:34:00""}"
2026-08-05 00:00:00,2026-08-05 10:34:00,80,NIFTY,REGIME_TRANSITION_UNCERTAIN,OFF,LOW,1,Transition/uncertain regime,"{""dedupe_key"":""NIFTY|REGIME_TRANSITION_UNCERTAIN|OFF|2026-08-05 10:34"",""threshold"":1,""value"":1,""since_minute_bucket_ist"":""2026-08-05 10:32"",""last_updated_ist"":""2026-08-05 10:34:00""}"
2026-08-05 00:00:00,2026-08-05 10:34:00,80,NIFTY,OPTION_MOMENTUM_CALL,OFF,MED,0,ATM CALL momentum (ltp up + vol up),"{""dedupe_key"":""NIFTY|OPTION_MOMENTUM_CALL|OFF|2026-08-05 10:34"",""threshold"":1.5,""value"":0,""since_minute_bucket_ist"":""2026-08-05 10:33"",""last_updated_ist"":""2026-08-05 10:34:00""}"
2026-08-05 00:00:00,2026-08-05 10:34:00,80,NIFTY,WALL_SHIFT_REGIME,OFF,MED,1,Wall strike shifted materially (>= 1 step),"{""dedupe_key"":""NIFTY|WALL_SHIFT_REGIME|OFF|2026-08-05 10:34"",""threshold"":1,""value"":1,""since_minute_bucket_ist"":""2026-08-05 10:33"",""last_updated_ist"":""2026-08-05 10:34:00""}"
2026-08-05 00:00:00,2026-08-05 10:35:00,81,NIFTY,VOL_EXPANSION,OFF,MED,-0.025,Volatility expanding (straddle up),"{""dedupe_key"":""NIFTY|VOL_EXPANSION|OFF|2026-08-05 10:35"",""threshold"":0.02,""value"":-0.025,""since_minute_bucket_ist"":""2026-08-05 10:26"",""last_updated_ist"":""2026-08-05 10:35:00""}"
2026-08-05 00:00:00,2026-08-05 10:35:00,81,NIFTY,STEALTH_BUILD_BEAR,ON,MED,0.0127,"Stealth bearish build (calls build, spot flat)","{""dedupe_key"":""NIFTY|STEALTH_BUILD_BEAR|ON|2026-08-05 10:35"",""threshold"":0.008,""value"":0.0127,""since_minute_bucket_ist"":"""",""last_updated_ist"":""2026-08-05 10:35:00""}"
2026-08-05 00:00:00,2026-08-05 10:36:00,82,NIFTY,FLOW_BOTH_BUILDING,ON,MED,0.0168,Both sides building (straddle build) → higher chop risk,"{""dedupe_key"":""NIFTY|FLOW_BOTH_BUILDING|ON|2026-08-05 10:36"",""threshold"":0.005,""value"":0.0168,""since_minute_bucket_ist"":"""",""last_updated_ist"":""2026-08-05 10:36:00""}"
2026-08-05 00:00:00,2026-08-05 10:36:00,82,NIFTY,OPTION_MOMENTUM_PUT,ON,MED,2.25,ATM PUT momentum (ltp up + vol up),"{""dedupe_key"":""NIFTY|OPTION_MOMENTUM_PUT|ON|2026-08-05 10:36"",""threshold"":1.5,""value"":2.25,""since_minute_bucket_ist"":"""",""last_updated_ist"":""2026-08-05 10:36:00""}"
2026-08-05 00:00:00,2026-08-05 10:36:00,82,NIFTY,WALL_UNWIND_CONFIRM_DOWN,OFF,MED,0,Put wall OI unwinding (5m),"{""dedupe_key"":""NIFTY|WALL_UNWIND_CONFIRM_DOWN|OFF|2026-08-05 10:36"",""threshold"":-0.006,""value"":0,""since_minute_bucket_ist"":""2026-08-05 10:33"",""last_updated_ist"":""2026-08-05 10:36:00""}"
2026-08-05 00:00:00,2026-08-05 10:36:00,82,NIFTY,STEALTH_BUILD_BEAR,OFF,MED,0.0197,"Stealth bearish build (calls build, spot flat)","{""dedupe_key"":""NIFTY|STEALTH_BUILD_BEAR|OFF|2026-08-05 10:36"",""threshold"":0.008,""value"":0.0197,""since_minute_bucket_ist"":""2026-08-05 10:35"",""last_updated_ist"":""2026-08-05 10:36:00""}"
2026-08-05 00:00:00,2026-08-05 10:37:00,83,NIFTY,FLOW_BOTH_BUILDING,OFF,MED,0.001,Both sides building (straddle build) → higher chop risk,"{""dedupe_key"":""NIFTY|FLOW_BOTH_BUILDING|OFF|2026-08-05 10:37"",""threshold"":0.005,""value"":0.001,""since_minute_bucket_ist"":""2026-08-05 10:36"",""last_updated_ist"":""2026-08-05 10:37:00""}"
2026-08-05 00:00:00,2026-08-05 10:37:00,83,NIFTY,OPTION_MOMENTUM_PUT,OFF,MED,1.05,ATM PUT momentum (ltp up + vol up),"{""dedupe_key"":""NIFTY|OPTION_MOMENTUM_PUT|OFF|2026-08-05 10:37"",""threshold"":1.5,""value"":1.05,""since_minute_bucket_ist"":""2026-08-05 10:36"",""last_updated_ist"":""2026-08-05 10:37:00""}"
2026-08-05 00:00:00,2026-08-05 10:39:00,85,NIFTY,FLOW_BOTH_BUILDING,ON,MED,0.0099,Both sides building (straddle build) → higher chop risk,"{""dedupe_key"":""NIFTY|FLOW_BOTH_BUILDING|ON|2026-08-05 10:39"",""threshold"":0.005,""value"":0.0099,""since_minute_bucket_ist"":"""",""last_updated_ist"":""2026-08-05 10:39:00""}"
2026-08-05 00:00:00,2026-08-05 10:40:00,86,NIFTY,FLOW_BOTH_BUILDING,OFF,MED,0,Both sides building (straddle build) → higher chop risk,"{""dedupe_key"":""NIFTY|FLOW_BOTH_BUILDING|OFF|2026-08-05 10:40"",""threshold"":0.005,""value"":0,""since_minute_bucket_ist"":""2026-08-05 10:39"",""last_updated_ist"":""2026-08-05 10:40:00""}"
2026-08-05 00:00:00,2026-08-05 10:41:00,87,NIFTY,DATA_INCOMPLETE,ON,HIGH,17,"Data incomplete: nse_status=BLOCKED, strikes=17, spot=24582.15","{""dedupe_key"":""NIFTY|DATA_INCOMPLETE|ON|2026-08-05 10:41"",""threshold"":17,""value"":17,""since_minute_bucket_ist"":"""",""last_updated_ist"":""2026-08-05 10:41:00""}"
2026-08-05 00:00:00,2026-08-05 10:41:00,87,NIFTY,REGIME_BREAKOUT_DOWN,OFF,HIGH,0,Breakout DOWN (held below put wall),"{""dedupe_key"":""NIFTY|REGIME_BREAKOUT_DOWN|OFF|2026-08-05 10:41"",""threshold"":2,""value"":0,""since_minute_bucket_ist"":""2026-08-05 10:34"",""last_updated_ist"":""2026-08-05 10:41:00""}"
2026-08-05 00:00:00,2026-08-05 10:41:00,87,NIFTY,PIN_BASIC,OFF,LOW,37.5,Spot near a local wall (pin zone),"{""dedupe_key"":""NIFTY|PIN_BASIC|OFF|2026-08-05 10:41"",""threshold"":37.5,""value"":37.5,""since_minute_bucket_ist"":""2026-08-05 09:20"",""last_updated_ist"":""2026-08-05 10:41:00""}"
2026-08-05 00:00:00,2026-08-05 10:42:00,88,NIFTY,DATA_INCOMPLETE,OFF,HIGH,17,"Data incomplete: nse_status=BLOCKED, strikes=17, spot=24582.15","{""dedupe_key"":""NIFTY|DATA_INCOMPLETE|OFF|2026-08-05 10:42"",""threshold"":17,""value"":17,""since_minute_bucket_ist"":""2026-08-05 10:41"",""last_updated_ist"":""2026-08-05 10:42:00""}"
2026-08-05 00:00:00,2026-08-05 10:42:00,88,NIFTY,DATA_GAP_LOCK,ON,HIGH,1785906769311,Cooldown after data gap / window shift (signals locked),"{""dedupe_key"":""NIFTY|DATA_GAP_LOCK|ON|2026-08-05 10:42"",""threshold"":1785906889311,""value"":1785906769311,""since_minute_bucket_ist"":"""",""last_updated_ist"":""2026-08-05 10:42:00""}"
2026-08-05 00:00:00,2026-08-05 10:42:00,88,NIFTY,REGIME_TRANSITION_UNCERTAIN,ON,LOW,1,Transition/uncertain regime,"{""dedupe_key"":""NIFTY|REGIME_TRANSITION_UNCERTAIN|ON|2026-08-05 10:42"",""threshold"":1,""value"":1,""since_minute_bucket_ist"":"""",""last_updated_ist"":""2026-08-05 10:42:00""}"
2026-08-05 00:00:00,2026-08-05 10:42:00,88,NIFTY,PIN_BASIC,ON,LOW,37.5,Spot near a local wall (pin zone),"{""dedupe_key"":""NIFTY|PIN_BASIC|ON|2026-08-05 10:42"",""threshold"":37.5,""value"":37.5,""since_minute_bucket_ist"":"""",""last_updated_ist"":""2026-08-05 10:42:00""}"
2026-08-05 00:00:00,2026-08-05 10:42:00,88,NIFTY,VOL_CONTRACTION,ON,LOW,-0.0201,Volatility contracting (straddle down),"{""dedupe_key"":""NIFTY|VOL_CONTRACTION|ON|2026-08-05 10:42"",""threshold"":-0.03,""value"":-0.0201,""since_minute_bucket_ist"":"""",""last_updated_ist"":""2026-08-05 10:42:00""}"
2026-08-05 00:00:00,2026-08-05 10:42:00,88,NIFTY,OPTION_MOMENTUM_CALL,ON,MED,5.45,ATM CALL momentum (ltp up + vol up),"{""dedupe_key"":""NIFTY|OPTION_MOMENTUM_CALL|ON|2026-08-05 10:42"",""threshold"":1.5,""value"":5.45,""since_minute_bucket_ist"":"""",""last_updated_ist"":""2026-08-05 10:42:00""}"
2026-08-05 00:00:00,2026-08-05 10:44:00,90,NIFTY,DATA_GAP_LOCK,OFF,HIGH,1785906890470,Cooldown after data gap / window shift (signals locked),"{""dedupe_key"":""NIFTY|DATA_GAP_LOCK|OFF|2026-08-05 10:44"",""threshold"":1785906889311,""value"":1785906890470,""since_minute_bucket_ist"":""2026-08-05 10:42"",""last_updated_ist"":""2026-08-05 10:44:00""}"
2026-08-05 00:00:00,2026-08-05 10:44:00,90,NIFTY,FLOW_BULLISH_BUILD,ON,HIGH,0.0075,Bullish build (premium-confirmed writing / support),"{""dedupe_key"":""NIFTY|FLOW_BULLISH_BUILD|ON|2026-08-05 10:44"",""threshold"":0.005,""value"":0.0075,""since_minute_bucket_ist"":"""",""last_updated_ist"":""2026-08-05 10:44:00""}"
2026-08-05 00:00:00,2026-08-05 10:44:00,90,NIFTY,OPTION_MOMENTUM_CALL,OFF,MED,0.75,ATM CALL momentum (ltp up + vol up),"{""dedupe_key"":""NIFTY|OPTION_MOMENTUM_CALL|OFF|2026-08-05 10:44"",""threshold"":1.5,""value"":0.75,""since_minute_bucket_ist"":""2026-08-05 10:42"",""last_updated_ist"":""2026-08-05 10:44:00""}"
2026-08-05 00:00:00,2026-08-05 10:45:00,91,NIFTY,PIN_BREAKOUT_SETUP,ON,MED,6,Pin breakout setup (wall touch + aligned flow),"{""dedupe_key"":""NIFTY|PIN_BREAKOUT_SETUP|ON|2026-08-05 10:45"",""threshold"":0,""value"":6,""since_minute_bucket_ist"":"""",""last_updated_ist"":""2026-08-05 10:45:00""}"
2026-08-05 00:00:00,2026-08-05 10:45:00,91,NIFTY,EXP_RANGE_BREAKOUT_WATCH_UP,ON,MED,24601.15,Expected-range watch UP,"{""dedupe_key"":""NIFTY|EXP_RANGE_BREAKOUT_WATCH_UP|ON|2026-08-05 10:45"",""threshold"":24599.56,""value"":24601.15,""since_minute_bucket_ist"":"""",""last_updated_ist"":""2026-08-05 10:45:00""}"
2026-08-05 00:00:00,2026-08-05 10:45:00,91,NIFTY,WALL_UNWIND_CONFIRM_UP,ON,MED,-0.0062,Call wall OI unwinding (5m),"{""dedupe_key"":""NIFTY|WALL_UNWIND_CONFIRM_UP|ON|2026-08-05 10:45"",""threshold"":-0.006,""value"":-0.0062,""since_minute_bucket_ist"":"""",""last_updated_ist"":""2026-08-05 10:45:00""}"
2026-08-05 00:00:00,2026-08-05 10:45:00,91,NIFTY,CHURN_COMMITTED,ON,MED,0.0002,Price move + aligned flow (committed),"{""dedupe_key"":""NIFTY|CHURN_COMMITTED|ON|2026-08-05 10:45"",""threshold"":0.0001,""value"":0.0002,""since_minute_bucket_ist"":"""",""last_updated_ist"":""2026-08-05 10:45:00""}"
2026-08-05 00:00:00,2026-08-05 10:45:00,91,NIFTY,WALL_PRESSURE_BREAK_SETUP,ON,MED,6,Pressure building into a wall (break setup),"{""dedupe_key"":""NIFTY|WALL_PRESSURE_BREAK_SETUP|ON|2026-08-05 10:45"",""threshold"":0,""value"":6,""since_minute_bucket_ist"":"""",""last_updated_ist"":""2026-08-05 10:45:00""}"
2026-08-05 00:00:00,2026-08-05 10:46:00,92,NIFTY,FLOW_BULLISH_BUILD,OFF,HIGH,0,Bullish build (premium-confirmed writing / support),"{""dedupe_key"":""NIFTY|FLOW_BULLISH_BUILD|OFF|2026-08-05 10:46"",""threshold"":0.005,""value"":0,""since_minute_bucket_ist"":""2026-08-05 10:44"",""last_updated_ist"":""2026-08-05 10:46:00""}"
2026-08-05 00:00:00,2026-08-05 10:46:00,92,NIFTY,PIN_BREAKOUT_SETUP,OFF,MED,0,Pin breakout setup (wall touch + aligned flow),"{""dedupe_key"":""NIFTY|PIN_BREAKOUT_SETUP|OFF|2026-08-05 10:46"",""threshold"":0,""value"":0,""since_minute_bucket_ist"":""2026-08-05 10:45"",""last_updated_ist"":""2026-08-05 10:46:00""}"
2026-08-05 00:00:00,2026-08-05 10:46:00,92,NIFTY,EXP_RANGE_BREAKOUT_WATCH_UP,OFF,MED,24601.15,Expected-range watch UP,"{""dedupe_key"":""NIFTY|EXP_RANGE_BREAKOUT_WATCH_UP|OFF|2026-08-05 10:46"",""threshold"":24601.93,""value"":24601.15,""since_minute_bucket_ist"":""2026-08-05 10:45"",""last_updated_ist"":""2026-08-05 10:46:00""}"
2026-08-05 00:00:00,2026-08-05 10:46:00,92,NIFTY,CHURN_COMMITTED,OFF,MED,0,Price move + aligned flow (committed),"{""dedupe_key"":""NIFTY|CHURN_COMMITTED|OFF|2026-08-05 10:46"",""threshold"":0.0001,""value"":0,""since_minute_bucket_ist"":""2026-08-05 10:45"",""last_updated_ist"":""2026-08-05 10:46:00""}"
2026-08-05 00:00:00,2026-08-05 10:46:00,92,NIFTY,WALL_PRESSURE_BREAK_SETUP,OFF,MED,0,Pressure building into a wall (break setup),"{""dedupe_key"":""NIFTY|WALL_PRESSURE_BREAK_SETUP|OFF|2026-08-05 10:46"",""threshold"":0,""value"":0,""since_minute_bucket_ist"":""2026-08-05 10:45"",""last_updated_ist"":""2026-08-05 10:46:00""}"
2026-08-05 00:00:00,2026-08-05 10:47:00,93,NIFTY,FLOW_BULLISH_BUILD,ON,HIGH,0.019,Bullish build (premium-confirmed writing / support),"{""dedupe_key"":""NIFTY|FLOW_BULLISH_BUILD|ON|2026-08-05 10:47"",""threshold"":0.005,""value"":0.019,""since_minute_bucket_ist"":"""",""last_updated_ist"":""2026-08-05 10:47:00""}"
2026-08-05 00:00:00,2026-08-05 10:47:00,93,NIFTY,REGIME_RANGE_PIN,ON,LOW,0.0003,Range / pin (inside local walls),"{""dedupe_key"":""NIFTY|REGIME_RANGE_PIN|ON|2026-08-05 10:47"",""threshold"":0.001,""value"":0.0003,""since_minute_bucket_ist"":"""",""last_updated_ist"":""2026-08-05 10:47:00""}"
2026-08-05 00:00:00,2026-08-05 10:47:00,93,NIFTY,REGIME_TRANSITION_UNCERTAIN,OFF,LOW,1,Transition/uncertain regime,"{""dedupe_key"":""NIFTY|REGIME_TRANSITION_UNCERTAIN|OFF|2026-08-05 10:47"",""threshold"":1,""value"":1,""since_minute_bucket_ist"":""2026-08-05 10:42"",""last_updated_ist"":""2026-08-05 10:47:00""}"
2026-08-05 00:00:00,2026-08-05 10:47:00,93,NIFTY,VOL_CONTRACTION,OFF,LOW,-0.0014,Volatility contracting (straddle down),"{""dedupe_key"":""NIFTY|VOL_CONTRACTION|OFF|2026-08-05 10:47"",""threshold"":-0.03,""value"":-0.0014,""since_minute_bucket_ist"":""2026-08-05 10:42"",""last_updated_ist"":""2026-08-05 10:47:00""}"
2026-08-05 00:00:00,2026-08-05 10:47:00,93,NIFTY,STEALTH_BUILD_BULL,ON,MED,0.019,"Stealth bullish build (puts build, spot flat)","{""dedupe_key"":""NIFTY|STEALTH_BUILD_BULL|ON|2026-08-05 10:47"",""threshold"":0.008,""value"":0.019,""since_minute_bucket_ist"":"""",""last_updated_ist"":""2026-08-05 10:47:00""}"
2026-08-05 00:00:00,2026-08-05 10:48:00,94,NIFTY,REGIME_RANGE_PIN,OFF,LOW,0.0003,Range / pin (inside local walls),"{""dedupe_key"":""NIFTY|REGIME_RANGE_PIN|OFF|2026-08-05 10:48"",""threshold"":0.001,""value"":0.0003,""since_minute_bucket_ist"":""2026-08-05 10:47"",""last_updated_ist"":""2026-08-05 10:48:00""}"
2026-08-05 00:00:00,2026-08-05 10:48:00,94,NIFTY,REGIME_TRANSITION_UNCERTAIN,ON,LOW,1,Transition/uncertain regime,"{""dedupe_key"":""NIFTY|REGIME_TRANSITION_UNCERTAIN|ON|2026-08-05 10:48"",""threshold"":1,""value"":1,""since_minute_bucket_ist"":"""",""last_updated_ist"":""2026-08-05 10:48:00""}"
2026-08-05 00:00:00,2026-08-05 10:48:00,94,NIFTY,PIN_BREAKOUT_SETUP,ON,MED,3.5,Pin breakout setup (wall touch + aligned flow),"{""dedupe_key"":""NIFTY|PIN_BREAKOUT_SETUP|ON|2026-08-05 10:48"",""threshold"":0,""value"":3.5,""since_minute_bucket_ist"":"""",""last_updated_ist"":""2026-08-05 10:48:00""}"
2026-08-05 00:00:00,2026-08-05 10:48:00,94,NIFTY,VOL_CONTRACTION,ON,LOW,-0.0145,Volatility contracting (straddle down),"{""dedupe_key"":""NIFTY|VOL_CONTRACTION|ON|2026-08-05 10:48"",""threshold"":-0.03,""value"":-0.0145,""since_minute_bucket_ist"":"""",""last_updated_ist"":""2026-08-05 10:48:00""}"
2026-08-05 00:00:00,2026-08-05 10:48:00,94,NIFTY,OPTION_MOMENTUM_CALL,ON,MED,2.95,ATM CALL momentum (ltp up + vol up),"{""dedupe_key"":""NIFTY|OPTION_MOMENTUM_CALL|ON|2026-08-05 10:48"",""threshold"":1.5,""value"":2.95,""since_minute_bucket_ist"":"""",""last_updated_ist"":""2026-08-05 10:48:00""}"
2026-08-05 00:00:00,2026-08-05 10:48:00,94,NIFTY,CHURN_COMMITTED,ON,MED,0.0001,Price move + aligned flow (committed),"{""dedupe_key"":""NIFTY|CHURN_COMMITTED|ON|2026-08-05 10:48"",""threshold"":0.0001,""value"":0.0001,""since_minute_bucket_ist"":"""",""last_updated_ist"":""2026-08-05 10:48:00""}"
2026-08-05 00:00:00,2026-08-05 10:48:00,94,NIFTY,WALL_PRESSURE_BREAK_SETUP,ON,MED,3.5,Pressure building into a wall (break setup),"{""dedupe_key"":""NIFTY|WALL_PRESSURE_BREAK_SETUP|ON|2026-08-05 10:48"",""threshold"":0,""value"":3.5,""since_minute_bucket_ist"":"""",""last_updated_ist"":""2026-08-05 10:48:00""}"
2026-08-05 00:00:00,2026-08-05 10:49:00,95,NIFTY,TRADE_LIMIT_REACHED,ON,MED,2,Cooldown active (2m),"{""dedupe_key"":""NIFTY|TRADE_LIMIT_REACHED|ON|2026-08-05 10:49"",""threshold"":500,""value"":2,""since_minute_bucket_ist"":"""",""last_updated_ist"":""2026-08-05 10:49:00""}"
2026-08-05 00:00:00,2026-08-05 10:49:00,95,NIFTY,FLOW_BULLISH_BUILD,OFF,HIGH,0,Bullish build (premium-confirmed writing / support),"{""dedupe_key"":""NIFTY|FLOW_BULLISH_BUILD|OFF|2026-08-05 10:49"",""threshold"":0.005,""value"":0,""since_minute_bucket_ist"":""2026-08-05 10:47"",""last_updated_ist"":""2026-08-05 10:49:00""}"
2026-08-05 00:00:00,2026-08-05 10:49:00,95,NIFTY,PIN_BREAKOUT_SETUP,OFF,MED,0,Pin breakout setup (wall touch + aligned flow),"{""dedupe_key"":""NIFTY|PIN_BREAKOUT_SETUP|OFF|2026-08-05 10:49"",""threshold"":0,""value"":0,""since_minute_bucket_ist"":""2026-08-05 10:48"",""last_updated_ist"":""2026-08-05 10:49:00""}"
2026-08-05 00:00:00,2026-08-05 10:49:00,95,NIFTY,OPTION_MOMENTUM_CALL,OFF,MED,0,ATM CALL momentum (ltp up + vol up),"{""dedupe_key"":""NIFTY|OPTION_MOMENTUM_CALL|OFF|2026-08-05 10:49"",""threshold"":1.5,""value"":0,""since_minute_bucket_ist"":""2026-08-05 10:48"",""last_updated_ist"":""2026-08-05 10:49:00""}"
2026-08-05 00:00:00,2026-08-05 10:49:00,95,NIFTY,CHURN_COMMITTED,OFF,MED,0,Price move + aligned flow (committed),"{""dedupe_key"":""NIFTY|CHURN_COMMITTED|OFF|2026-08-05 10:49"",""threshold"":0.0001,""value"":0,""since_minute_bucket_ist"":""2026-08-05 10:48"",""last_updated_ist"":""2026-08-05 10:49:00""}"
2026-08-05 00:00:00,2026-08-05 10:49:00,95,NIFTY,STEALTH_BUILD_BULL,OFF,MED,0,"Stealth bullish build (puts build, spot flat)","{""dedupe_key"":""NIFTY|STEALTH_BUILD_BULL|OFF|2026-08-05 10:49"",""threshold"":0.008,""value"":0,""since_minute_bucket_ist"":""2026-08-05 10:47"",""last_updated_ist"":""2026-08-05 10:49:00""}"
2026-08-05 00:00:00,2026-08-05 10:49:00,95,NIFTY,WALL_PRESSURE_BREAK_SETUP,OFF,MED,0,Pressure building into a wall (break setup),"{""dedupe_key"":""NIFTY|WALL_PRESSURE_BREAK_SETUP|OFF|2026-08-05 10:49"",""threshold"":0,""value"":0,""since_minute_bucket_ist"":""2026-08-05 10:48"",""last_updated_ist"":""2026-08-05 10:49:00""}"
2026-08-05 00:00:00,2026-08-05 10:50:00,96,NIFTY,VOL_CONTRACTION,OFF,LOW,-0.0062,Volatility contracting (straddle down),"{""dedupe_key"":""NIFTY|VOL_CONTRACTION|OFF|2026-08-05 10:50"",""threshold"":-0.03,""value"":-0.0062,""since_minute_bucket_ist"":""2026-08-05 10:48"",""last_updated_ist"":""2026-08-05 10:50:00""}"
2026-08-05 00:00:00,2026-08-05 10:50:00,96,NIFTY,OPTION_MOMENTUM_PUT,ON,MED,2.6,ATM PUT momentum (ltp up + vol up),"{""dedupe_key"":""NIFTY|OPTION_MOMENTUM_PUT|ON|2026-08-05 10:50"",""threshold"":1.5,""value"":2.6,""since_minute_bucket_ist"":"""",""last_updated_ist"":""2026-08-05 10:50:00""}"
2026-08-05 00:00:00,2026-08-05 10:51:00,97,NIFTY,TRADE_LIMIT_REACHED,OFF,MED,2,Cooldown active (2m),"{""dedupe_key"":""NIFTY|TRADE_LIMIT_REACHED|OFF|2026-08-05 10:51"",""threshold"":500,""value"":2,""since_minute_bucket_ist"":""2026-08-05 10:49"",""last_updated_ist"":""2026-08-05 10:51:00""}"
2026-08-05 00:00:00,2026-08-05 10:51:00,97,NIFTY,FLOW_BULLISH_BUILD,ON,HIGH,0.007,Bullish build (premium-confirmed writing / support),"{""dedupe_key"":""NIFTY|FLOW_BULLISH_BUILD|ON|2026-08-05 10:51"",""threshold"":0.005,""value"":0.007,""since_minute_bucket_ist"":"""",""last_updated_ist"":""2026-08-05 10:51:00""}"
2026-08-05 00:00:00,2026-08-05 10:51:00,97,NIFTY,VOL_CONTRACTION,ON,LOW,-0.0081,Volatility contracting (straddle down),"{""dedupe_key"":""NIFTY|VOL_CONTRACTION|ON|2026-08-05 10:51"",""threshold"":-0.03,""value"":-0.0081,""since_minute_bucket_ist"":"""",""last_updated_ist"":""2026-08-05 10:51:00""}"
2026-08-05 00:00:00,2026-08-05 10:51:00,97,NIFTY,OPTION_MOMENTUM_CALL,ON,MED,1.65,ATM CALL momentum (ltp up + vol up),"{""dedupe_key"":""NIFTY|OPTION_MOMENTUM_CALL|ON|2026-08-05 10:51"",""threshold"":1.5,""value"":1.65,""since_minute_bucket_ist"":"""",""last_updated_ist"":""2026-08-05 10:51:00""}"
2026-08-05 00:00:00,2026-08-05 10:51:00,97,NIFTY,OPTION_MOMENTUM_PUT,OFF,MED,-2.4,ATM PUT momentum (ltp up + vol up),"{""dedupe_key"":""NIFTY|OPTION_MOMENTUM_PUT|OFF|2026-08-05 10:51"",""threshold"":1.5,""value"":-2.4,""since_minute_bucket_ist"":""2026-08-05 10:50"",""last_updated_ist"":""2026-08-05 10:51:00""}"
2026-08-05 00:00:00,2026-08-05 10:52:00,98,NIFTY,FLOW_BULLISH_BUILD,OFF,HIGH,0,Bullish build (premium-confirmed writing / support),"{""dedupe_key"":""NIFTY|FLOW_BULLISH_BUILD|OFF|2026-08-05 10:52"",""threshold"":0.005,""value"":0,""since_minute_bucket_ist"":""2026-08-05 10:51"",""last_updated_ist"":""2026-08-05 10:52:00""}"
2026-08-05 00:00:00,2026-08-05 10:52:00,98,NIFTY,VOL_CONTRACTION,OFF,LOW,0.0012,Volatility contracting (straddle down),"{""dedupe_key"":""NIFTY|VOL_CONTRACTION|OFF|2026-08-05 10:52"",""threshold"":-0.03,""value"":0.0012,""since_minute_bucket_ist"":""2026-08-05 10:51"",""last_updated_ist"":""2026-08-05 10:52:00""}"
2026-08-05 00:00:00,2026-08-05 10:52:00,98,NIFTY,OPTION_MOMENTUM_CALL,OFF,MED,0,ATM CALL momentum (ltp up + vol up),"{""dedupe_key"":""NIFTY|OPTION_MOMENTUM_CALL|OFF|2026-08-05 10:52"",""threshold"":1.5,""value"":0,""since_minute_bucket_ist"":""2026-08-05 10:51"",""last_updated_ist"":""2026-08-05 10:52:00""}"
2026-08-05 00:00:00,2026-08-05 10:53:00,99,NIFTY,FLOW_BULLISH_BUILD,ON,HIGH,0.0196,Bullish build (premium-confirmed writing / support),"{""dedupe_key"":""NIFTY|FLOW_BULLISH_BUILD|ON|2026-08-05 10:53"",""threshold"":0.005,""value"":0.0196,""since_minute_bucket_ist"":"""",""last_updated_ist"":""2026-08-05 10:53:00""}"
2026-08-05 00:00:00,2026-08-05 10:53:00,99,NIFTY,PIN_BREAKOUT_SETUP,ON,MED,0.5499999999992724,Pin breakout setup (wall touch + aligned flow),"{""dedupe_key"":""NIFTY|PIN_BREAKOUT_SETUP|ON|2026-08-05 10:53"",""threshold"":0,""value"":0.5499999999992724,""since_minute_bucket_ist"":"""",""last_updated_ist"":""2026-08-05 10:53:00""}"
2026-08-05 00:00:00,2026-08-05 10:53:00,99,NIFTY,STEALTH_BUILD_BULL,ON,MED,0.0196,"Stealth bullish build (puts build, spot flat)","{""dedupe_key"":""NIFTY|STEALTH_BUILD_BULL|ON|2026-08-05 10:53"",""threshold"":0.008,""value"":0.0196,""since_minute_bucket_ist"":"""",""last_updated_ist"":""2026-08-05 10:53:00""}"
2026-08-05 00:00:00,2026-08-05 10:53:00,99,NIFTY,WALL_PRESSURE_BREAK_SETUP,ON,MED,0.5499999999992724,Pressure building into a wall (break setup),"{""dedupe_key"":""NIFTY|WALL_PRESSURE_BREAK_SETUP|ON|2026-08-05 10:53"",""threshold"":0,""value"":0.5499999999992724,""since_minute_bucket_ist"":"""",""last_updated_ist"":""2026-08-05 10:53:00""}"
2026-08-05 00:00:00,2026-08-05 10:54:00,100,NIFTY,EXP_RANGE_BREAKOUT_WATCH_UP,ON,MED,24615.8,Expected-range watch UP,"{""dedupe_key"":""NIFTY|EXP_RANGE_BREAKOUT_WATCH_UP|ON|2026-08-05 10:54"",""threshold"":24612.04,""value"":24615.8,""since_minute_bucket_ist"":"""",""last_updated_ist"":""2026-08-05 10:54:00""}"
2026-08-05 00:00:00,2026-08-05 10:54:00,100,NIFTY,CHURN_COMMITTED,ON,MED,0.0003,Price move + aligned flow (committed),"{""dedupe_key"":""NIFTY|CHURN_COMMITTED|ON|2026-08-05 10:54"",""threshold"":0.0001,""value"":0.0003,""since_minute_bucket_ist"":"""",""last_updated_ist"":""2026-08-05 10:54:00""}"
2026-08-05 00:00:00,2026-08-05 10:55:00,101,NIFTY,FLOW_BULLISH_BUILD,OFF,HIGH,0,Bullish build (premium-confirmed writing / support),"{""dedupe_key"":""NIFTY|FLOW_BULLISH_BUILD|OFF|2026-08-05 10:55"",""threshold"":0.005,""value"":0,""since_minute_bucket_ist"":""2026-08-05 10:53"",""last_updated_ist"":""2026-08-05 10:55:00""}"
2026-08-05 00:00:00,2026-08-05 10:55:00,101,NIFTY,REGIME_BREAKOUT_UP,ON,HIGH,2,Breakout UP (held above call wall),"{""dedupe_key"":""NIFTY|REGIME_BREAKOUT_UP|ON|2026-08-05 10:55"",""threshold"":2,""value"":2,""since_minute_bucket_ist"":"""",""last_updated_ist"":""2026-08-05 10:55:00""}"
2026-08-05 00:00:00,2026-08-05 10:55:00,101,NIFTY,REGIME_TRANSITION_UNCERTAIN,OFF,LOW,1,Transition/uncertain regime,"{""dedupe_key"":""NIFTY|REGIME_TRANSITION_UNCERTAIN|OFF|2026-08-05 10:55"",""threshold"":1,""value"":1,""since_minute_bucket_ist"":""2026-08-05 10:48"",""last_updated_ist"":""2026-08-05 10:55:00""}"
2026-08-05 00:00:00,2026-08-05 10:55:00,101,NIFTY,PIN_BREAKOUT_SETUP,OFF,MED,0,Pin breakout setup (wall touch + aligned flow),"{""dedupe_key"":""NIFTY|PIN_BREAKOUT_SETUP|OFF|2026-08-05 10:55"",""threshold"":0,""value"":0,""since_minute_bucket_ist"":""2026-08-05 10:53"",""last_updated_ist"":""2026-08-05 10:55:00""}"
2026-08-05 00:00:00,2026-08-05 10:55:00,101,NIFTY,EXP_RANGE_BREAKOUT_CONFIRMED_UP,ON,HIGH,2,Expected-range breakout CONFIRMED UP,"{""dedupe_key"":""NIFTY|EXP_RANGE_BREAKOUT_CONFIRMED_UP|ON|2026-08-05 10:55"",""threshold"":2,""value"":2,""since_minute_bucket_ist"":"""",""last_updated_ist"":""2026-08-05 10:55:00""}"
2026-08-05 00:00:00,2026-08-05 10:55:00,101,NIFTY,CHURN_COMMITTED,OFF,MED,0,Price move + aligned flow (committed),"{""dedupe_key"":""NIFTY|CHURN_COMMITTED|OFF|2026-08-05 10:55"",""threshold"":0.0001,""value"":0,""since_minute_bucket_ist"":""2026-08-05 10:54"",""last_updated_ist"":""2026-08-05 10:55:00""}"
2026-08-05 00:00:00,2026-08-05 10:55:00,101,NIFTY,STEALTH_BUILD_BULL,OFF,MED,0,"Stealth bullish build (puts build, spot flat)","{""dedupe_key"":""NIFTY|STEALTH_BUILD_BULL|OFF|2026-08-05 10:55"",""threshold"":0.008,""value"":0,""since_minute_bucket_ist"":""2026-08-05 10:53"",""last_updated_ist"":""2026-08-05 10:55:00""}"
2026-08-05 00:00:00,2026-08-05 10:55:00,101,NIFTY,WALL_PRESSURE_BREAK_SETUP,OFF,MED,0,Pressure building into a wall (break setup),"{""dedupe_key"":""NIFTY|WALL_PRESSURE_BREAK_SETUP|OFF|2026-08-05 10:55"",""threshold"":0,""value"":0,""since_minute_bucket_ist"":""2026-08-05 10:53"",""last_updated_ist"":""2026-08-05 10:55:00""}"
2026-08-05 00:00:00,2026-08-05 10:56:00,102,NIFTY,FLOW_BOTH_UNWINDING,ON,MED,-0.0095,Both sides unwinding,"{""dedupe_key"":""NIFTY|FLOW_BOTH_UNWINDING|ON|2026-08-05 10:56"",""threshold"":-0.005,""value"":-0.0095,""since_minute_bucket_ist"":"""",""last_updated_ist"":""2026-08-05 10:56:00""}"
2026-08-05 00:00:00,2026-08-05 10:56:00,102,NIFTY,REGIME_BREAKOUT_UP,OFF,HIGH,0,Breakout UP (held above call wall),"{""dedupe_key"":""NIFTY|REGIME_BREAKOUT_UP|OFF|2026-08-05 10:56"",""threshold"":2,""value"":0,""since_minute_bucket_ist"":""2026-08-05 10:55"",""last_updated_ist"":""2026-08-05 10:56:00""}"
2026-08-05 00:00:00,2026-08-05 10:56:00,102,NIFTY,REGIME_TRANSITION_UNCERTAIN,ON,LOW,1,Transition/uncertain regime,"{""dedupe_key"":""NIFTY|REGIME_TRANSITION_UNCERTAIN|ON|2026-08-05 10:56"",""threshold"":1,""value"":1,""since_minute_bucket_ist"":"""",""last_updated_ist"":""2026-08-05 10:56:00""}"
2026-08-05 00:00:00,2026-08-05 10:56:00,102,NIFTY,VOL_CONTRACTION,ON,LOW,-0.0215,Volatility contracting (straddle down),"{""dedupe_key"":""NIFTY|VOL_CONTRACTION|ON|2026-08-05 10:56"",""threshold"":-0.03,""value"":-0.0215,""since_minute_bucket_ist"":"""",""last_updated_ist"":""2026-08-05 10:56:00""}"
2026-08-05 00:00:00,2026-08-05 10:56:00,102,NIFTY,OPTION_MOMENTUM_CALL,ON,MED,5.45,ATM CALL momentum (ltp up + vol up),"{""dedupe_key"":""NIFTY|OPTION_MOMENTUM_CALL|ON|2026-08-05 10:56"",""threshold"":1.5,""value"":5.45,""since_minute_bucket_ist"":"""",""last_updated_ist"":""2026-08-05 10:56:00""}"
2026-08-05 00:00:00,2026-08-05 10:56:00,102,NIFTY,WALL_UNWIND_CONFIRM_UP,OFF,MED,0,Call wall OI unwinding (5m),"{""dedupe_key"":""NIFTY|WALL_UNWIND_CONFIRM_UP|OFF|2026-08-05 10:56"",""threshold"":-0.006,""value"":0,""since_minute_bucket_ist"":""2026-08-05 10:45"",""last_updated_ist"":""2026-08-05 10:56:00""}"
2026-08-05 00:00:00,2026-08-05 10:56:00,102,NIFTY,WALL_SHIFT_REGIME,ON,MED,1,Wall strike shifted materially (>= 1 step),"{""dedupe_key"":""NIFTY|WALL_SHIFT_REGIME|ON|2026-08-05 10:56"",""threshold"":1,""value"":1,""since_minute_bucket_ist"":"""",""last_updated_ist"":""2026-08-05 10:56:00""}"
2026-08-05 00:00:00,2026-08-05 10:57:00,103,NIFTY,FLOW_BOTH_UNWINDING,OFF,MED,0,Both sides unwinding,"{""dedupe_key"":""NIFTY|FLOW_BOTH_UNWINDING|OFF|2026-08-05 10:57"",""threshold"":-0.005,""value"":0,""since_minute_bucket_ist"":""2026-08-05 10:56"",""last_updated_ist"":""2026-08-05 10:57:00""}"
2026-08-05 00:00:00,2026-08-05 10:57:00,103,NIFTY,OPTION_MOMENTUM_CALL,OFF,MED,0,ATM CALL momentum (ltp up + vol up),"{""dedupe_key"":""NIFTY|OPTION_MOMENTUM_CALL|OFF|2026-08-05 10:57"",""threshold"":1.5,""value"":0,""since_minute_bucket_ist"":""2026-08-05 10:56"",""last_updated_ist"":""2026-08-05 10:57:00""}"
2026-08-05 00:00:00,2026-08-05 10:57:00,103,NIFTY,WALL_SHIFT_REGIME,OFF,MED,1,Wall strike shifted materially (>= 1 step),"{""dedupe_key"":""NIFTY|WALL_SHIFT_REGIME|OFF|2026-08-05 10:57"",""threshold"":1,""value"":1,""since_minute_bucket_ist"":""2026-08-05 10:56"",""last_updated_ist"":""2026-08-05 10:57:00""}"
2026-08-05 00:00:00,2026-08-05 10:58:00,104,NIFTY,REGIME_TREND_UP,ON,MED,0.0011,Trend UP (slope + direction),"{""dedupe_key"":""NIFTY|REGIME_TREND_UP|ON|2026-08-05 10:58"",""threshold"":0.001,""value"":0.0011,""since_minute_bucket_ist"":"""",""last_updated_ist"":""2026-08-05 10:58:00""}"
2026-08-05 00:00:00,2026-08-05 10:58:00,104,NIFTY,REGIME_TRANSITION_UNCERTAIN,OFF,LOW,1,Transition/uncertain regime,"{""dedupe_key"":""NIFTY|REGIME_TRANSITION_UNCERTAIN|OFF|2026-08-05 10:58"",""threshold"":1,""value"":1,""since_minute_bucket_ist"":""2026-08-05 10:56"",""last_updated_ist"":""2026-08-05 10:58:00""}"
2026-08-05 00:00:00,2026-08-05 10:58:00,104,NIFTY,OPTION_MOMENTUM_CALL,ON,MED,1.55,ATM CALL momentum (ltp up + vol up),"{""dedupe_key"":""NIFTY|OPTION_MOMENTUM_CALL|ON|2026-08-05 10:58"",""threshold"":1.5,""value"":1.55,""since_minute_bucket_ist"":"""",""last_updated_ist"":""2026-08-05 10:58:00""}"
2026-08-05 00:00:00,2026-08-05 10:58:00,104,NIFTY,WALL_UNWIND_CONFIRM_DOWN,ON,MED,-0.0082,Put wall OI unwinding (5m),"{""dedupe_key"":""NIFTY|WALL_UNWIND_CONFIRM_DOWN|ON|2026-08-05 10:58"",""threshold"":-0.006,""value"":-0.0082,""since_minute_bucket_ist"":"""",""last_updated_ist"":""2026-08-05 10:58:00""}"
2026-08-05 00:00:00,2026-08-05 10:59:00,105,NIFTY,FLOW_BULLISH_BUILD,ON,HIGH,0.028,Bullish build (premium-confirmed writing / support),"{""dedupe_key"":""NIFTY|FLOW_BULLISH_BUILD|ON|2026-08-05 10:59"",""threshold"":0.005,""value"":0.028,""since_minute_bucket_ist"":"""",""last_updated_ist"":""2026-08-05 10:59:00""}"
2026-08-05 00:00:00,2026-08-05 10:59:00,105,NIFTY,PIN_BASIC,OFF,LOW,37.5,Spot near a local wall (pin zone),"{""dedupe_key"":""NIFTY|PIN_BASIC|OFF|2026-08-05 10:59"",""threshold"":37.5,""value"":37.5,""since_minute_bucket_ist"":""2026-08-05 10:42"",""last_updated_ist"":""2026-08-05 10:59:00""}"
2026-08-05 00:00:00,2026-08-05 10:59:00,105,NIFTY,WALL_UNWIND_CONFIRM_DOWN,OFF,MED,0.007,Put wall OI unwinding (5m),"{""dedupe_key"":""NIFTY|WALL_UNWIND_CONFIRM_DOWN|OFF|2026-08-05 10:59"",""threshold"":-0.006,""value"":0.007,""since_minute_bucket_ist"":""2026-08-05 10:58"",""last_updated_ist"":""2026-08-05 10:59:00""}"
2026-08-05 00:00:00,2026-08-05 10:59:00,105,NIFTY,CHURN_COMMITTED,ON,MED,0.0003,Price move + aligned flow (committed),"{""dedupe_key"":""NIFTY|CHURN_COMMITTED|ON|2026-08-05 10:59"",""threshold"":0.0001,""value"":0.0003,""since_minute_bucket_ist"":"""",""last_updated_ist"":""2026-08-05 10:59:00""}"
2026-08-05 00:00:00,2026-08-05 10:59:00,105,NIFTY,STEALTH_BUILD_BULL,ON,MED,0.028,"Stealth bullish build (puts build, spot flat)","{""dedupe_key"":""NIFTY|STEALTH_BUILD_BULL|ON|2026-08-05 10:59"",""threshold"":0.008,""value"":0.028,""since_minute_bucket_ist"":"""",""last_updated_ist"":""2026-08-05 10:59:00""}"
2026-08-05 00:00:00,2026-08-05 11:00:00,106,NIFTY,OPTION_MOMENTUM_CALL,OFF,MED,0.5,ATM CALL momentum (ltp up + vol up),"{""dedupe_key"":""NIFTY|OPTION_MOMENTUM_CALL|OFF|2026-08-05 11:00"",""threshold"":1.5,""value"":0.5,""since_minute_bucket_ist"":""2026-08-05 10:58"",""last_updated_ist"":""2026-08-05 11:00:00""}"
2026-08-05 00:00:00,2026-08-05 11:00:00,106,NIFTY,STEALTH_BUILD_BULL,OFF,MED,0.0057,"Stealth bullish build (puts build, spot flat)","{""dedupe_key"":""NIFTY|STEALTH_BUILD_BULL|OFF|2026-08-05 11:00"",""threshold"":0.008,""value"":0.0057,""since_minute_bucket_ist"":""2026-08-05 10:59"",""last_updated_ist"":""2026-08-05 11:00:00""}"
2026-08-05 00:00:00,2026-08-05 11:01:00,107,NIFTY,REGIME_TREND_UP,OFF,MED,0.0007,Trend UP (slope + direction),"{""dedupe_key"":""NIFTY|REGIME_TREND_UP|OFF|2026-08-05 11:01"",""threshold"":0.001,""value"":0.0007,""since_minute_bucket_ist"":""2026-08-05 10:58"",""last_updated_ist"":""2026-08-05 11:01:00""}"
2026-08-05 00:00:00,2026-08-05 11:01:00,107,NIFTY,REGIME_TRANSITION_UNCERTAIN,ON,LOW,1,Transition/uncertain regime,"{""dedupe_key"":""NIFTY|REGIME_TRANSITION_UNCERTAIN|ON|2026-08-05 11:01"",""threshold"":1,""value"":1,""since_minute_bucket_ist"":"""",""last_updated_ist"":""2026-08-05 11:01:00""}"
2026-08-05 00:00:00,2026-08-05 11:01:00,107,NIFTY,VOL_CONTRACTION,OFF,LOW,0.0102,Volatility contracting (straddle down),"{""dedupe_key"":""NIFTY|VOL_CONTRACTION|OFF|2026-08-05 11:01"",""threshold"":-0.03,""value"":0.0102,""since_minute_bucket_ist"":""2026-08-05 10:56"",""last_updated_ist"":""2026-08-05 11:01:00""}"
2026-08-05 00:00:00,2026-08-05 11:01:00,107,NIFTY,OPTION_MOMENTUM_CALL,ON,MED,7.95,ATM CALL momentum (ltp up + vol up),"{""dedupe_key"":""NIFTY|OPTION_MOMENTUM_CALL|ON|2026-08-05 11:01"",""threshold"":1.5,""value"":7.95,""since_minute_bucket_ist"":"""",""last_updated_ist"":""2026-08-05 11:01:00""}"
2026-08-05 00:00:00,2026-08-05 11:01:00,107,NIFTY,WALL_UNWIND_CONFIRM_UP,ON,MED,-0.0258,Call wall OI unwinding (5m),"{""dedupe_key"":""NIFTY|WALL_UNWIND_CONFIRM_UP|ON|2026-08-05 11:01"",""threshold"":-0.006,""value"":-0.0258,""since_minute_bucket_ist"":"""",""last_updated_ist"":""2026-08-05 11:01:00""}"
2026-08-05 00:00:00,2026-08-05 11:01:00,107,NIFTY,STEALTH_BUILD_BULL,ON,MED,0.0081,"Stealth bullish build (puts build, spot flat)","{""dedupe_key"":""NIFTY|STEALTH_BUILD_BULL|ON|2026-08-05 11:01"",""threshold"":0.008,""value"":0.0081,""since_minute_bucket_ist"":"""",""last_updated_ist"":""2026-08-05 11:01:00""}"
2026-08-05 00:00:00,2026-08-05 11:02:00,108,NIFTY,TRADE_LIMIT_REACHED,ON,MED,3,Cooldown active (2m),"{""dedupe_key"":""NIFTY|TRADE_LIMIT_REACHED|ON|2026-08-05 11:02"",""threshold"":500,""value"":3,""since_minute_bucket_ist"":"""",""last_updated_ist"":""2026-08-05 11:02:00""}"
2026-08-05 00:00:00,2026-08-05 11:02:00,108,NIFTY,FLOW_BULLISH_BUILD,OFF,HIGH,0,Bullish build (premium-confirmed writing / support),"{""dedupe_key"":""NIFTY|FLOW_BULLISH_BUILD|OFF|2026-08-05 11:02"",""threshold"":0.005,""value"":0,""since_minute_bucket_ist"":""2026-08-05 10:59"",""last_updated_ist"":""2026-08-05 11:02:00""}"
2026-08-05 00:00:00,2026-08-05 11:02:00,108,NIFTY,EXP_RANGE_BREAKOUT_WATCH_UP,OFF,MED,24650.05,Expected-range watch UP,"{""dedupe_key"":""NIFTY|EXP_RANGE_BREAKOUT_WATCH_UP|OFF|2026-08-05 11:02"",""threshold"":24651.16,""value"":24650.05,""since_minute_bucket_ist"":""2026-08-05 10:54"",""last_updated_ist"":""2026-08-05 11:02:00""}"
2026-08-05 00:00:00,2026-08-05 11:02:00,108,NIFTY,EXP_RANGE_BREAKOUT_CONFIRMED_UP,OFF,HIGH,0,Expected-range breakout CONFIRMED UP,"{""dedupe_key"":""NIFTY|EXP_RANGE_BREAKOUT_CONFIRMED_UP|OFF|2026-08-05 11:02"",""threshold"":2,""value"":0,""since_minute_bucket_ist"":""2026-08-05 10:55"",""last_updated_ist"":""2026-08-05 11:02:00""}"
2026-08-05 00:00:00,2026-08-05 11:02:00,108,NIFTY,OPTION_MOMENTUM_CALL,OFF,MED,0,ATM CALL momentum (ltp up + vol up),"{""dedupe_key"":""NIFTY|OPTION_MOMENTUM_CALL|OFF|2026-08-05 11:02"",""threshold"":1.5,""value"":0,""since_minute_bucket_ist"":""2026-08-05 11:01"",""last_updated_ist"":""2026-08-05 11:02:00""}"
2026-08-05 00:00:00,2026-08-05 11:02:00,108,NIFTY,CHURN_COMMITTED,OFF,MED,0,Price move + aligned flow (committed),"{""dedupe_key"":""NIFTY|CHURN_COMMITTED|OFF|2026-08-05 11:02"",""threshold"":0.0001,""value"":0,""since_minute_bucket_ist"":""2026-08-05 10:59"",""last_updated_ist"":""2026-08-05 11:02:00""}"
2026-08-05 00:00:00,2026-08-05 11:02:00,108,NIFTY,STEALTH_BUILD_BULL,OFF,MED,0,"Stealth bullish build (puts build, spot flat)","{""dedupe_key"":""NIFTY|STEALTH_BUILD_BULL|OFF|2026-08-05 11:02"",""threshold"":0.008,""value"":0,""since_minute_bucket_ist"":""2026-08-05 11:01"",""last_updated_ist"":""2026-08-05 11:02:00""}"
2026-08-05 00:00:00,2026-08-05 11:03:00,109,NIFTY,TRADE_LIMIT_REACHED,OFF,MED,3,Cooldown active (2m),"{""dedupe_key"":""NIFTY|TRADE_LIMIT_REACHED|OFF|2026-08-05 11:03"",""threshold"":500,""value"":3,""since_minute_bucket_ist"":""2026-08-05 11:02"",""last_updated_ist"":""2026-08-05 11:03:00""}"
2026-08-05 00:00:00,2026-08-05 11:03:00,109,NIFTY,OPTION_MOMENTUM_PUT,ON,MED,2.15,ATM PUT momentum (ltp up + vol up),"{""dedupe_key"":""NIFTY|OPTION_MOMENTUM_PUT|ON|2026-08-05 11:03"",""threshold"":1.5,""value"":2.15,""since_minute_bucket_ist"":"""",""last_updated_ist"":""2026-08-05 11:03:00""}"
2026-08-05 00:00:00,2026-08-05 11:03:00,109,NIFTY,CHURN_CHOP,ON,LOW,0.0621,High OI churn while price flat (chop),"{""dedupe_key"":""NIFTY|CHURN_CHOP|ON|2026-08-05 11:03"",""threshold"":0.04,""value"":0.0621,""since_minute_bucket_ist"":"""",""last_updated_ist"":""2026-08-05 11:03:00""}"
2026-08-05 00:00:00,2026-08-05 11:03:00,109,NIFTY,STEALTH_BUILD_BULL,ON,MED,0.0213,"Stealth bullish build (puts build, spot flat)","{""dedupe_key"":""NIFTY|STEALTH_BUILD_BULL|ON|2026-08-05 11:03"",""threshold"":0.008,""value"":0.0213,""since_minute_bucket_ist"":"""",""last_updated_ist"":""2026-08-05 11:03:00""}"
2026-08-05 00:00:00,2026-08-05 11:04:00,110,NIFTY,REGIME_RANGE_PIN,ON,LOW,0.0001,Range / pin (inside local walls),"{""dedupe_key"":""NIFTY|REGIME_RANGE_PIN|ON|2026-08-05 11:04"",""threshold"":0.001,""value"":0.0001,""since_minute_bucket_ist"":"""",""last_updated_ist"":""2026-08-05 11:04:00""}"
2026-08-05 00:00:00,2026-08-05 11:04:00,110,NIFTY,REGIME_TRANSITION_UNCERTAIN,OFF,LOW,1,Transition/uncertain regime,"{""dedupe_key"":""NIFTY|REGIME_TRANSITION_UNCERTAIN|OFF|2026-08-05 11:04"",""threshold"":1,""value"":1,""since_minute_bucket_ist"":""2026-08-05 11:01"",""last_updated_ist"":""2026-08-05 11:04:00""}"
2026-08-05 00:00:00,2026-08-05 11:04:00,110,NIFTY,OPTION_MOMENTUM_PUT,OFF,MED,1.2,ATM PUT momentum (ltp up + vol up),"{""dedupe_key"":""NIFTY|OPTION_MOMENTUM_PUT|OFF|2026-08-05 11:04"",""threshold"":1.5,""value"":1.2,""since_minute_bucket_ist"":""2026-08-05 11:03"",""last_updated_ist"":""2026-08-05 11:04:00""}"
2026-08-05 00:00:00,2026-08-05 11:04:00,110,NIFTY,CHURN_CHOP,OFF,LOW,0.0137,High OI churn while price flat (chop),"{""dedupe_key"":""NIFTY|CHURN_CHOP|OFF|2026-08-05 11:04"",""threshold"":0.04,""value"":0.0137,""since_minute_bucket_ist"":""2026-08-05 11:03"",""last_updated_ist"":""2026-08-05 11:04:00""}"
2026-08-05 00:00:00,2026-08-05 11:05:00,111,NIFTY,VOL_EXPANSION,ON,MED,0.0027,Volatility expanding (straddle up),"{""dedupe_key"":""NIFTY|VOL_EXPANSION|ON|2026-08-05 11:05"",""threshold"":0.02,""value"":0.0027,""since_minute_bucket_ist"":"""",""last_updated_ist"":""2026-08-05 11:05:00""}"
2026-08-05 00:00:00,2026-08-05 11:05:00,111,NIFTY,STEALTH_BUILD_BULL,OFF,MED,0,"Stealth bullish build (puts build, spot flat)","{""dedupe_key"":""NIFTY|STEALTH_BUILD_BULL|OFF|2026-08-05 11:05"",""threshold"":0.008,""value"":0,""since_minute_bucket_ist"":""2026-08-05 11:03"",""last_updated_ist"":""2026-08-05 11:05:00""}"
2026-08-05 00:00:00,2026-08-05 11:06:00,112,NIFTY,FLOW_BULLISH_BUILD,ON,HIGH,0.0155,Bullish build (premium-confirmed writing / support),"{""dedupe_key"":""NIFTY|FLOW_BULLISH_BUILD|ON|2026-08-05 11:06"",""threshold"":0.005,""value"":0.0155,""since_minute_bucket_ist"":"""",""last_updated_ist"":""2026-08-05 11:06:00""}"
2026-08-05 00:00:00,2026-08-05 11:06:00,112,NIFTY,EXP_RANGE_BREAKOUT_WATCH_UP,ON,MED,24660.95,Expected-range watch UP,"{""dedupe_key"":""NIFTY|EXP_RANGE_BREAKOUT_WATCH_UP|ON|2026-08-05 11:06"",""threshold"":24658.99,""value"":24660.95,""since_minute_bucket_ist"":"""",""last_updated_ist"":""2026-08-05 11:06:00""}"
2026-08-05 00:00:00,2026-08-05 11:06:00,112,NIFTY,OPTION_MOMENTUM_CALL,ON,MED,2,ATM CALL momentum (ltp up + vol up),"{""dedupe_key"":""NIFTY|OPTION_MOMENTUM_CALL|ON|2026-08-05 11:06"",""threshold"":1.5,""value"":2,""since_minute_bucket_ist"":"""",""last_updated_ist"":""2026-08-05 11:06:00""}"
2026-08-05 00:00:00,2026-08-05 11:06:00,112,NIFTY,CHURN_COMMITTED,ON,MED,0.0005,Price move + aligned flow (committed),"{""dedupe_key"":""NIFTY|CHURN_COMMITTED|ON|2026-08-05 11:06"",""threshold"":0.0001,""value"":0.0005,""since_minute_bucket_ist"":"""",""last_updated_ist"":""2026-08-05 11:06:00""}"
2026-08-05 00:00:00,2026-08-05 11:07:00,113,NIFTY,FLOW_BULLISH_BUILD,OFF,HIGH,0.0048,Bullish build (premium-confirmed writing / support),"{""dedupe_key"":""NIFTY|FLOW_BULLISH_BUILD|OFF|2026-08-05 11:07"",""threshold"":0.005,""value"":0.0048,""since_minute_bucket_ist"":""2026-08-05 11:06"",""last_updated_ist"":""2026-08-05 11:07:00""}"
2026-08-05 00:00:00,2026-08-05 11:07:00,113,NIFTY,EXP_RANGE_BREAKOUT_WATCH_UP,OFF,MED,24646.7,Expected-range watch UP,"{""dedupe_key"":""NIFTY|EXP_RANGE_BREAKOUT_WATCH_UP|OFF|2026-08-05 11:07"",""threshold"":24656.82,""value"":24646.7,""since_minute_bucket_ist"":""2026-08-05 11:06"",""last_updated_ist"":""2026-08-05 11:07:00""}"
2026-08-05 00:00:00,2026-08-05 11:07:00,113,NIFTY,VOL_EXPANSION,OFF,MED,-0.005,Volatility expanding (straddle up),"{""dedupe_key"":""NIFTY|VOL_EXPANSION|OFF|2026-08-05 11:07"",""threshold"":0.02,""value"":-0.005,""since_minute_bucket_ist"":""2026-08-05 11:05"",""last_updated_ist"":""2026-08-05 11:07:00""}"
2026-08-05 00:00:00,2026-08-05 11:07:00,113,NIFTY,OPTION_MOMENTUM_CALL,OFF,MED,-4,ATM CALL momentum (ltp up + vol up),"{""dedupe_key"":""NIFTY|OPTION_MOMENTUM_CALL|OFF|2026-08-05 11:07"",""threshold"":1.5,""value"":-4,""since_minute_bucket_ist"":""2026-08-05 11:06"",""last_updated_ist"":""2026-08-05 11:07:00""}"
2026-08-05 00:00:00,2026-08-05 11:07:00,113,NIFTY,OPTION_MOMENTUM_PUT,ON,MED,2.4,ATM PUT momentum (ltp up + vol up),"{""dedupe_key"":""NIFTY|OPTION_MOMENTUM_PUT|ON|2026-08-05 11:07"",""threshold"":1.5,""value"":2.4,""since_minute_bucket_ist"":"""",""last_updated_ist"":""2026-08-05 11:07:00""}"
2026-08-05 00:00:00,2026-08-05 11:07:00,113,NIFTY,CHURN_COMMITTED,OFF,MED,-0.0006,Price move + aligned flow (committed),"{""dedupe_key"":""NIFTY|CHURN_COMMITTED|OFF|2026-08-05 11:07"",""threshold"":0.0001,""value"":-0.0006,""since_minute_bucket_ist"":""2026-08-05 11:06"",""last_updated_ist"":""2026-08-05 11:07:00""}"
2026-08-05 00:00:00,2026-08-05 11:08:00,114,NIFTY,REGIME_RANGE_PIN,OFF,LOW,0.0003,Range / pin (inside local walls),"{""dedupe_key"":""NIFTY|REGIME_RANGE_PIN|OFF|2026-08-05 11:08"",""threshold"":0.001,""value"":0.0003,""since_minute_bucket_ist"":""2026-08-05 11:04"",""last_updated_ist"":""2026-08-05 11:08:00""}"
2026-08-05 00:00:00,2026-08-05 11:08:00,114,NIFTY,REGIME_TRANSITION_UNCERTAIN,ON,LOW,1,Transition/uncertain regime,"{""dedupe_key"":""NIFTY|REGIME_TRANSITION_UNCERTAIN|ON|2026-08-05 11:08"",""threshold"":1,""value"":1,""since_minute_bucket_ist"":"""",""last_updated_ist"":""2026-08-05 11:08:00""}"
2026-08-05 00:00:00,2026-08-05 11:08:00,114,NIFTY,PIN_BASIC,ON,LOW,37.5,Spot near a local wall (pin zone),"{""dedupe_key"":""NIFTY|PIN_BASIC|ON|2026-08-05 11:08"",""threshold"":37.5,""value"":37.5,""since_minute_bucket_ist"":"""",""last_updated_ist"":""2026-08-05 11:08:00""}"
2026-08-05 00:00:00,2026-08-05 11:08:00,114,NIFTY,VOL_CONTRACTION,ON,LOW,-0.0129,Volatility contracting (straddle down),"{""dedupe_key"":""NIFTY|VOL_CONTRACTION|ON|2026-08-05 11:08"",""threshold"":-0.03,""value"":-0.0129,""since_minute_bucket_ist"":"""",""last_updated_ist"":""2026-08-05 11:08:00""}"
2026-08-05 00:00:00,2026-08-05 11:09:00,115,NIFTY,FLOW_BULLISH_BUILD,ON,HIGH,0.0113,Bullish build (premium-confirmed writing / support),"{""dedupe_key"":""NIFTY|FLOW_BULLISH_BUILD|ON|2026-08-05 11:09"",""threshold"":0.005,""value"":0.0113,""since_minute_bucket_ist"":"""",""last_updated_ist"":""2026-08-05 11:09:00""}"
2026-08-05 00:00:00,2026-08-05 11:09:00,115,NIFTY,EXP_RANGE_BREAKOUT_WATCH_DOWN,ON,MED,24628.8,Expected-range watch DOWN,"{""dedupe_key"":""NIFTY|EXP_RANGE_BREAKOUT_WATCH_DOWN|ON|2026-08-05 11:09"",""threshold"":24634.16,""value"":24628.8,""since_minute_bucket_ist"":"""",""last_updated_ist"":""2026-08-05 11:09:00""}"
2026-08-05 00:00:00,2026-08-05 11:09:00,115,NIFTY,OPTION_MOMENTUM_PUT,OFF,MED,0.85,ATM PUT momentum (ltp up + vol up),"{""dedupe_key"":""NIFTY|OPTION_MOMENTUM_PUT|OFF|2026-08-05 11:09"",""threshold"":1.5,""value"":0.85,""since_minute_bucket_ist"":""2026-08-05 11:07"",""last_updated_ist"":""2026-08-05 11:09:00""}"
2026-08-05 00:00:00,2026-08-05 11:09:00,115,NIFTY,TAIL_RISK_SKEW_HIGH,ON,MED,1.97,Downside tail-risk skew elevated (PCR_COI high),"{""dedupe_key"":""NIFTY|TAIL_RISK_SKEW_HIGH|ON|2026-08-05 11:09"",""threshold"":1.9,""value"":1.97,""since_minute_bucket_ist"":"""",""last_updated_ist"":""2026-08-05 11:09:00""}"
2026-08-05 00:00:00,2026-08-05 11:09:00,115,NIFTY,STEALTH_BUILD_BULL,ON,MED,0.0113,"Stealth bullish build (puts build, spot flat)","{""dedupe_key"":""NIFTY|STEALTH_BUILD_BULL|ON|2026-08-05 11:09"",""threshold"":0.008,""value"":0.0113,""since_minute_bucket_ist"":"""",""last_updated_ist"":""2026-08-05 11:09:00""}"
2026-08-05 00:00:00,2026-08-05 11:10:00,116,NIFTY,FLOW_BULLISH_BUILD,OFF,HIGH,0,Bullish build (premium-confirmed writing / support),"{""dedupe_key"":""NIFTY|FLOW_BULLISH_BUILD|OFF|2026-08-05 11:10"",""threshold"":0.005,""value"":0,""since_minute_bucket_ist"":""2026-08-05 11:09"",""last_updated_ist"":""2026-08-05 11:10:00""}"
2026-08-05 00:00:00,2026-08-05 11:10:00,116,NIFTY,EXP_RANGE_BREAKOUT_CONFIRMED_DOWN,ON,HIGH,2,Expected-range breakout CONFIRMED DOWN,"{""dedupe_key"":""NIFTY|EXP_RANGE_BREAKOUT_CONFIRMED_DOWN|ON|2026-08-05 11:10"",""threshold"":2,""value"":2,""since_minute_bucket_ist"":"""",""last_updated_ist"":""2026-08-05 11:10:00""}"
2026-08-05 00:00:00,2026-08-05 11:10:00,116,NIFTY,STEALTH_BUILD_BULL,OFF,MED,0,"Stealth bullish build (puts build, spot flat)","{""dedupe_key"":""NIFTY|STEALTH_BUILD_BULL|OFF|2026-08-05 11:10"",""threshold"":0.008,""value"":0,""since_minute_bucket_ist"":""2026-08-05 11:09"",""last_updated_ist"":""2026-08-05 11:10:00""}"
2026-08-05 00:00:00,2026-08-05 11:11:00,117,NIFTY,REGIME_TREND_DOWN,ON,MED,-0.0016,Trend DOWN (slope + direction),"{""dedupe_key"":""NIFTY|REGIME_TREND_DOWN|ON|2026-08-05 11:11"",""threshold"":-0.001,""value"":-0.0016,""since_minute_bucket_ist"":"""",""last_updated_ist"":""2026-08-05 11:11:00""}"
2026-08-05 00:00:00,2026-08-05 11:11:00,117,NIFTY,REGIME_TRANSITION_UNCERTAIN,OFF,LOW,1,Transition/uncertain regime,"{""dedupe_key"":""NIFTY|REGIME_TRANSITION_UNCERTAIN|OFF|2026-08-05 11:11"",""threshold"":1,""value"":1,""since_minute_bucket_ist"":""2026-08-05 11:08"",""last_updated_ist"":""2026-08-05 11:11:00""}"
2026-08-05 00:00:00,2026-08-05 11:11:00,117,NIFTY,VOL_EXPANSION,ON,MED,0.0066,Volatility expanding (straddle up),"{""dedupe_key"":""NIFTY|VOL_EXPANSION|ON|2026-08-05 11:11"",""threshold"":0.02,""value"":0.0066,""since_minute_bucket_ist"":"""",""last_updated_ist"":""2026-08-05 11:11:00""}"
2026-08-05 00:00:00,2026-08-05 11:11:00,117,NIFTY,VOL_CONTRACTION,OFF,LOW,0.0066,Volatility contracting (straddle down),"{""dedupe_key"":""NIFTY|VOL_CONTRACTION|OFF|2026-08-05 11:11"",""threshold"":-0.03,""value"":0.0066,""since_minute_bucket_ist"":""2026-08-05 11:08"",""last_updated_ist"":""2026-08-05 11:11:00""}"
2026-08-05 00:00:00,2026-08-05 11:11:00,117,NIFTY,OPTION_MOMENTUM_PUT,ON,MED,3.2,ATM PUT momentum (ltp up + vol up),"{""dedupe_key"":""NIFTY|OPTION_MOMENTUM_PUT|ON|2026-08-05 11:11"",""threshold"":1.5,""value"":3.2,""since_minute_bucket_ist"":"""",""last_updated_ist"":""2026-08-05 11:11:00""}"
2026-08-05 00:00:00,2026-08-05 11:12:00,118,NIFTY,REGIME_TREND_DOWN,OFF,MED,-0.0007,Trend DOWN (slope + direction),"{""dedupe_key"":""NIFTY|REGIME_TREND_DOWN|OFF|2026-08-05 11:12"",""threshold"":-0.001,""value"":-0.0007,""since_minute_bucket_ist"":""2026-08-05 11:11"",""last_updated_ist"":""2026-08-05 11:12:00""}"
2026-08-05 00:00:00,2026-08-05 11:12:00,118,NIFTY,REGIME_TRANSITION_UNCERTAIN,ON,LOW,1,Transition/uncertain regime,"{""dedupe_key"":""NIFTY|REGIME_TRANSITION_UNCERTAIN|ON|2026-08-05 11:12"",""threshold"":1,""value"":1,""since_minute_bucket_ist"":"""",""last_updated_ist"":""2026-08-05 11:12:00""}"
2026-08-05 00:00:00,2026-08-05 11:12:00,118,NIFTY,EXP_RANGE_BREAKOUT_WATCH_DOWN,OFF,MED,24630.45,Expected-range watch DOWN,"{""dedupe_key"":""NIFTY|EXP_RANGE_BREAKOUT_WATCH_DOWN|OFF|2026-08-05 11:12"",""threshold"":24625.67,""value"":24630.45,""since_minute_bucket_ist"":""2026-08-05 11:09"",""last_updated_ist"":""2026-08-05 11:12:00""}"
2026-08-05 00:00:00,2026-08-05 11:12:00,118,NIFTY,EXP_RANGE_BREAKOUT_CONFIRMED_DOWN,OFF,HIGH,0,Expected-range breakout CONFIRMED DOWN,"{""dedupe_key"":""NIFTY|EXP_RANGE_BREAKOUT_CONFIRMED_DOWN|OFF|2026-08-05 11:12"",""threshold"":2,""value"":0,""since_minute_bucket_ist"":""2026-08-05 11:10"",""last_updated_ist"":""2026-08-05 11:12:00""}"
2026-08-05 00:00:00,2026-08-05 11:12:00,118,NIFTY,VOL_EXPANSION,OFF,MED,-0.0056,Volatility expanding (straddle up),"{""dedupe_key"":""NIFTY|VOL_EXPANSION|OFF|2026-08-05 11:12"",""threshold"":0.02,""value"":-0.0056,""since_minute_bucket_ist"":""2026-08-05 11:11"",""last_updated_ist"":""2026-08-05 11:12:00""}"
2026-08-05 00:00:00,2026-08-05 11:12:00,118,NIFTY,VOL_CONTRACTION,ON,LOW,-0.0056,Volatility contracting (straddle down),"{""dedupe_key"":""NIFTY|VOL_CONTRACTION|ON|2026-08-05 11:12"",""threshold"":-0.03,""value"":-0.0056,""since_minute_bucket_ist"":"""",""last_updated_ist"":""2026-08-05 11:12:00""}"
2026-08-05 00:00:00,2026-08-05 11:12:00,118,NIFTY,OPTION_MOMENTUM_PUT,OFF,MED,-1.2,ATM PUT momentum (ltp up + vol up),"{""dedupe_key"":""NIFTY|OPTION_MOMENTUM_PUT|OFF|2026-08-05 11:12"",""threshold"":1.5,""value"":-1.2,""since_minute_bucket_ist"":""2026-08-05 11:11"",""last_updated_ist"":""2026-08-05 11:12:00""}"
2026-08-05 00:00:00,2026-08-05 11:13:00,119,NIFTY,REGIME_RANGE_PIN,ON,LOW,0.0003,Range / pin (inside local walls),"{""dedupe_key"":""NIFTY|REGIME_RANGE_PIN|ON|2026-08-05 11:13"",""threshold"":0.001,""value"":0.0003,""since_minute_bucket_ist"":"""",""last_updated_ist"":""2026-08-05 11:13:00""}"
2026-08-05 00:00:00,2026-08-05 11:13:00,119,NIFTY,REGIME_TRANSITION_UNCERTAIN,OFF,LOW,1,Transition/uncertain regime,"{""dedupe_key"":""NIFTY|REGIME_TRANSITION_UNCERTAIN|OFF|2026-08-05 11:13"",""threshold"":1,""value"":1,""since_minute_bucket_ist"":""2026-08-05 11:12"",""last_updated_ist"":""2026-08-05 11:13:00""}"
2026-08-05 00:00:00,2026-08-05 11:14:00,120,NIFTY,FLOW_BEARISH_BUILD,ON,HIGH,0.0258,Bearish build (premium-confirmed writing / resistance),"{""dedupe_key"":""NIFTY|FLOW_BEARISH_BUILD|ON|2026-08-05 11:14"",""threshold"":0.005,""value"":0.0258,""since_minute_bucket_ist"":"""",""last_updated_ist"":""2026-08-05 11:14:00""}"
2026-08-05 00:00:00,2026-08-05 11:14:00,120,NIFTY,VOL_CONTRACTION,OFF,LOW,-0.0045,Volatility contracting (straddle down),"{""dedupe_key"":""NIFTY|VOL_CONTRACTION|OFF|2026-08-05 11:14"",""threshold"":-0.03,""value"":-0.0045,""since_minute_bucket_ist"":""2026-08-05 11:12"",""last_updated_ist"":""2026-08-05 11:14:00""}"
2026-08-05 00:00:00,2026-08-05 11:14:00,120,NIFTY,WALL_UNWIND_CONFIRM_UP,OFF,MED,0.0165,Call wall OI unwinding (5m),"{""dedupe_key"":""NIFTY|WALL_UNWIND_CONFIRM_UP|OFF|2026-08-05 11:14"",""threshold"":-0.006,""value"":0.0165,""since_minute_bucket_ist"":""2026-08-05 11:01"",""last_updated_ist"":""2026-08-05 11:14:00""}"
2026-08-05 00:00:00,2026-08-05 11:14:00,120,NIFTY,WALL_UNWIND_CONFIRM_DOWN,ON,MED,-0.0538,Put wall OI unwinding (5m),"{""dedupe_key"":""NIFTY|WALL_UNWIND_CONFIRM_DOWN|ON|2026-08-05 11:14"",""threshold"":-0.006,""value"":-0.0538,""since_minute_bucket_ist"":"""",""last_updated_ist"":""2026-08-05 11:14:00""}"
2026-08-05 00:00:00,2026-08-05 11:14:00,120,NIFTY,TAIL_RISK_SKEW_HIGH,OFF,MED,1.66,Downside tail-risk skew elevated (PCR_COI high),"{""dedupe_key"":""NIFTY|TAIL_RISK_SKEW_HIGH|OFF|2026-08-05 11:14"",""threshold"":1.9,""value"":1.66,""since_minute_bucket_ist"":""2026-08-05 11:09"",""last_updated_ist"":""2026-08-05 11:14:00""}"
2026-08-05 00:00:00,2026-08-05 11:14:00,120,NIFTY,STEALTH_BUILD_BEAR,ON,MED,0.0258,"Stealth bearish build (calls build, spot flat)","{""dedupe_key"":""NIFTY|STEALTH_BUILD_BEAR|ON|2026-08-05 11:14"",""threshold"":0.008,""value"":0.0258,""since_minute_bucket_ist"":"""",""last_updated_ist"":""2026-08-05 11:14:00""}"
2026-08-05 00:00:00,2026-08-05 11:15:00,121,NIFTY,FLOW_BEARISH_BUILD,OFF,HIGH,0,Bearish build (premium-confirmed writing / resistance),"{""dedupe_key"":""NIFTY|FLOW_BEARISH_BUILD|OFF|2026-08-05 11:15"",""threshold"":0.005,""value"":0,""since_minute_bucket_ist"":""2026-08-05 11:14"",""last_updated_ist"":""2026-08-05 11:15:00""}"
2026-08-05 00:00:00,2026-08-05 11:15:00,121,NIFTY,STEALTH_BUILD_BEAR,OFF,MED,0,"Stealth bearish build (calls build, spot flat)","{""dedupe_key"":""NIFTY|STEALTH_BUILD_BEAR|OFF|2026-08-05 11:15"",""threshold"":0.008,""value"":0,""since_minute_bucket_ist"":""2026-08-05 11:14"",""last_updated_ist"":""2026-08-05 11:15:00""}"
2026-08-05 00:00:00,2026-08-05 11:16:00,122,NIFTY,REGIME_RANGE_PIN,OFF,LOW,0.0002,Range / pin (inside local walls),"{""dedupe_key"":""NIFTY|REGIME_RANGE_PIN|OFF|2026-08-05 11:16"",""threshold"":0.001,""value"":0.0002,""since_minute_bucket_ist"":""2026-08-05 11:13"",""last_updated_ist"":""2026-08-05 11:16:00""}"
2026-08-05 00:00:00,2026-08-05 11:16:00,122,NIFTY,REGIME_TRANSITION_UNCERTAIN,ON,LOW,1,Transition/uncertain regime,"{""dedupe_key"":""NIFTY|REGIME_TRANSITION_UNCERTAIN|ON|2026-08-05 11:16"",""threshold"":1,""value"":1,""since_minute_bucket_ist"":"""",""last_updated_ist"":""2026-08-05 11:16:00""}"
2026-08-05 00:00:00,2026-08-05 11:16:00,122,NIFTY,OPTION_MOMENTUM_CALL,ON,MED,2.25,ATM CALL momentum (ltp up + vol up),"{""dedupe_key"":""NIFTY|OPTION_MOMENTUM_CALL|ON|2026-08-05 11:16"",""threshold"":1.5,""value"":2.25,""since_minute_bucket_ist"":"""",""last_updated_ist"":""2026-08-05 11:16:00""}"
2026-08-05 00:00:00,2026-08-05 11:16:00,122,NIFTY,STEALTH_BUILD_BEAR,ON,MED,0.018,"Stealth bearish build (calls build, spot flat)","{""dedupe_key"":""NIFTY|STEALTH_BUILD_BEAR|ON|2026-08-05 11:16"",""threshold"":0.008,""value"":0.018,""since_minute_bucket_ist"":"""",""last_updated_ist"":""2026-08-05 11:16:00""}"
2026-08-05 00:00:00,2026-08-05 11:17:00,123,NIFTY,REGIME_RANGE_PIN,ON,LOW,0.0002,Range / pin (inside local walls),"{""dedupe_key"":""NIFTY|REGIME_RANGE_PIN|ON|2026-08-05 11:17"",""threshold"":0.001,""value"":0.0002,""since_minute_bucket_ist"":"""",""last_updated_ist"":""2026-08-05 11:17:00""}"
2026-08-05 00:00:00,2026-08-05 11:17:00,123,NIFTY,REGIME_TRANSITION_UNCERTAIN,OFF,LOW,1,Transition/uncertain regime,"{""dedupe_key"":""NIFTY|REGIME_TRANSITION_UNCERTAIN|OFF|2026-08-05 11:17"",""threshold"":1,""value"":1,""since_minute_bucket_ist"":""2026-08-05 11:16"",""last_updated_ist"":""2026-08-05 11:17:00""}"
2026-08-05 00:00:00,2026-08-05 11:17:00,123,NIFTY,OPTION_MOMENTUM_CALL,OFF,MED,-1.5,ATM CALL momentum (ltp up + vol up),"{""dedupe_key"":""NIFTY|OPTION_MOMENTUM_CALL|OFF|2026-08-05 11:17"",""threshold"":1.5,""value"":-1.5,""since_minute_bucket_ist"":""2026-08-05 11:16"",""last_updated_ist"":""2026-08-05 11:17:00""}"
2026-08-05 00:00:00,2026-08-05 11:17:00,123,NIFTY,STEALTH_BUILD_BEAR,OFF,MED,0.0071,"Stealth bearish build (calls build, spot flat)","{""dedupe_key"":""NIFTY|STEALTH_BUILD_BEAR|OFF|2026-08-05 11:17"",""threshold"":0.008,""value"":0.0071,""since_minute_bucket_ist"":""2026-08-05 11:16"",""last_updated_ist"":""2026-08-05 11:17:00""}"
2026-08-05 00:00:00,2026-08-05 11:18:00,124,NIFTY,OPTION_MOMENTUM_PUT,ON,MED,1.7,ATM PUT momentum (ltp up + vol up),"{""dedupe_key"":""NIFTY|OPTION_MOMENTUM_PUT|ON|2026-08-05 11:18"",""threshold"":1.5,""value"":1.7,""since_minute_bucket_ist"":"""",""last_updated_ist"":""2026-08-05 11:18:00""}"
2026-08-05 00:00:00,2026-08-05 11:19:00,125,NIFTY,FLOW_BULLISH_BUILD,ON,HIGH,0.0045,Bullish build (premium-confirmed writing / support),"{""dedupe_key"":""NIFTY|FLOW_BULLISH_BUILD|ON|2026-08-05 11:19"",""threshold"":0.005,""value"":0.0045,""since_minute_bucket_ist"":"""",""last_updated_ist"":""2026-08-05 11:19:00""}"
2026-08-05 00:00:00,2026-08-05 11:19:00,125,NIFTY,OPTION_MOMENTUM_PUT,OFF,MED,0.85,ATM PUT momentum (ltp up + vol up),"{""dedupe_key"":""NIFTY|OPTION_MOMENTUM_PUT|OFF|2026-08-05 11:19"",""threshold"":1.5,""value"":0.85,""since_minute_bucket_ist"":""2026-08-05 11:18"",""last_updated_ist"":""2026-08-05 11:19:00""}"
2026-08-05 00:00:00,2026-08-05 11:19:00,125,NIFTY,WALL_UNWIND_CONFIRM_DOWN,OFF,MED,0.0204,Put wall OI unwinding (5m),"{""dedupe_key"":""NIFTY|WALL_UNWIND_CONFIRM_DOWN|OFF|2026-08-05 11:19"",""threshold"":-0.006,""value"":0.0204,""since_minute_bucket_ist"":""2026-08-05 11:14"",""last_updated_ist"":""2026-08-05 11:19:00""}"
2026-08-05 00:00:00,2026-08-05 11:20:00,126,NIFTY,FLOW_BULLISH_BUILD,OFF,HIGH,0.0019,Bullish build (premium-confirmed writing / support),"{""dedupe_key"":""NIFTY|FLOW_BULLISH_BUILD|OFF|2026-08-05 11:20"",""threshold"":0.005,""value"":0.0019,""since_minute_bucket_ist"":""2026-08-05 11:19"",""last_updated_ist"":""2026-08-05 11:20:00""}"
2026-08-05 00:00:00,2026-08-05 11:20:00,126,NIFTY,EXP_RANGE_BREAKOUT_WATCH_DOWN,ON,MED,24622.3,Expected-range watch DOWN,"{""dedupe_key"":""NIFTY|EXP_RANGE_BREAKOUT_WATCH_DOWN|ON|2026-08-05 11:20"",""threshold"":24623.59,""value"":24622.3,""since_minute_bucket_ist"":"""",""last_updated_ist"":""2026-08-05 11:20:00""}"
2026-08-05 00:00:00,2026-08-05 11:20:00,126,NIFTY,VOL_EXPANSION,ON,MED,0.0199,Volatility expanding (straddle up),"{""dedupe_key"":""NIFTY|VOL_EXPANSION|ON|2026-08-05 11:20"",""threshold"":0.02,""value"":0.0199,""since_minute_bucket_ist"":"""",""last_updated_ist"":""2026-08-05 11:20:00""}"
2026-08-05 00:00:00,2026-08-05 11:20:00,126,NIFTY,OPTION_MOMENTUM_PUT,ON,MED,2.05,ATM PUT momentum (ltp up + vol up),"{""dedupe_key"":""NIFTY|OPTION_MOMENTUM_PUT|ON|2026-08-05 11:20"",""threshold"":1.5,""value"":2.05,""since_minute_bucket_ist"":"""",""last_updated_ist"":""2026-08-05 11:20:00""}"
2026-08-05 00:00:00,2026-08-05 11:21:00,127,NIFTY,FLOW_BEARISH_BUILD,ON,HIGH,0.0011,Bearish build (premium-confirmed writing / resistance),"{""dedupe_key"":""NIFTY|FLOW_BEARISH_BUILD|ON|2026-08-05 11:21"",""threshold"":0.005,""value"":0.0011,""since_minute_bucket_ist"":"""",""last_updated_ist"":""2026-08-05 11:21:00""}"
2026-08-05 00:00:00,2026-08-05 11:21:00,127,NIFTY,REGIME_RANGE_PIN,OFF,LOW,0.0001,Range / pin (inside local walls),"{""dedupe_key"":""NIFTY|REGIME_RANGE_PIN|OFF|2026-08-05 11:21"",""threshold"":0.001,""value"":0.0001,""since_minute_bucket_ist"":""2026-08-05 11:17"",""last_updated_ist"":""2026-08-05 11:21:00""}"
2026-08-05 00:00:00,2026-08-05 11:21:00,127,NIFTY,REGIME_TRANSITION_UNCERTAIN,ON,LOW,1,Transition/uncertain regime,"{""dedupe_key"":""NIFTY|REGIME_TRANSITION_UNCERTAIN|ON|2026-08-05 11:21"",""threshold"":1,""value"":1,""since_minute_bucket_ist"":"""",""last_updated_ist"":""2026-08-05 11:21:00""}"
2026-08-05 00:00:00,2026-08-05 11:21:00,127,NIFTY,EXP_RANGE_BREAKOUT_WATCH_DOWN,OFF,MED,24622.6,Expected-range watch DOWN,"{""dedupe_key"":""NIFTY|EXP_RANGE_BREAKOUT_WATCH_DOWN|OFF|2026-08-05 11:21"",""threshold"":24622.51,""value"":24622.6,""since_minute_bucket_ist"":""2026-08-05 11:20"",""last_updated_ist"":""2026-08-05 11:21:00""}"
2026-08-05 00:00:00,2026-08-05 11:21:00,127,NIFTY,OPTION_MOMENTUM_PUT,OFF,MED,0.8,ATM PUT momentum (ltp up + vol up),"{""dedupe_key"":""NIFTY|OPTION_MOMENTUM_PUT|OFF|2026-08-05 11:21"",""threshold"":1.5,""value"":0.8,""since_minute_bucket_ist"":""2026-08-05 11:20"",""last_updated_ist"":""2026-08-05 11:21:00""}"
2026-08-05 00:00:00,2026-08-05 11:22:00,128,NIFTY,FLOW_BEARISH_BUILD,OFF,HIGH,0.0006,Bearish build (premium-confirmed writing / resistance),"{""dedupe_key"":""NIFTY|FLOW_BEARISH_BUILD|OFF|2026-08-05 11:22"",""threshold"":0.005,""value"":0.0006,""since_minute_bucket_ist"":""2026-08-05 11:21"",""last_updated_ist"":""2026-08-05 11:22:00""}"
2026-08-05 00:00:00,2026-08-05 11:22:00,128,NIFTY,REGIME_RANGE_PIN,ON,LOW,0.0001,Range / pin (inside local walls),"{""dedupe_key"":""NIFTY|REGIME_RANGE_PIN|ON|2026-08-05 11:22"",""threshold"":0.001,""value"":0.0001,""since_minute_bucket_ist"":"""",""last_updated_ist"":""2026-08-05 11:22:00""}"
2026-08-05 00:00:00,2026-08-05 11:22:00,128,NIFTY,REGIME_TRANSITION_UNCERTAIN,OFF,LOW,1,Transition/uncertain regime,"{""dedupe_key"":""NIFTY|REGIME_TRANSITION_UNCERTAIN|OFF|2026-08-05 11:22"",""threshold"":1,""value"":1,""since_minute_bucket_ist"":""2026-08-05 11:21"",""last_updated_ist"":""2026-08-05 11:22:00""}"
2026-08-05 00:00:00,2026-08-05 11:22:00,128,NIFTY,VOL_EXPANSION,OFF,MED,0.0004,Volatility expanding (straddle up),"{""dedupe_key"":""NIFTY|VOL_EXPANSION|OFF|2026-08-05 11:22"",""threshold"":0.02,""value"":0.0004,""since_minute_bucket_ist"":""2026-08-05 11:20"",""last_updated_ist"":""2026-08-05 11:22:00""}"
2026-08-05 00:00:00,2026-08-05 11:22:00,128,NIFTY,OPTION_MOMENTUM_CALL,ON,MED,3.3,ATM CALL momentum (ltp up + vol up),"{""dedupe_key"":""NIFTY|OPTION_MOMENTUM_CALL|ON|2026-08-05 11:22"",""threshold"":1.5,""value"":3.3,""since_minute_bucket_ist"":"""",""last_updated_ist"":""2026-08-05 11:22:00""}"
2026-08-05 00:00:00,2026-08-05 11:22:00,128,NIFTY,WALL_UNWIND_CONFIRM_UP,ON,MED,-0.0073,Call wall OI unwinding (5m),"{""dedupe_key"":""NIFTY|WALL_UNWIND_CONFIRM_UP|ON|2026-08-05 11:22"",""threshold"":-0.006,""value"":-0.0073,""since_minute_bucket_ist"":"""",""last_updated_ist"":""2026-08-05 11:22:00""}"
2026-08-05 00:00:00,2026-08-05 11:23:00,129,NIFTY,FLOW_BEARISH_BUILD,ON,HIGH,0.0051,Bearish build (premium-confirmed writing / resistance),"{""dedupe_key"":""NIFTY|FLOW_BEARISH_BUILD|ON|2026-08-05 11:23"",""threshold"":0.005,""value"":0.0051,""since_minute_bucket_ist"":"""",""last_updated_ist"":""2026-08-05 11:23:00""}"
2026-08-05 00:00:00,2026-08-05 11:23:00,129,NIFTY,PIN_BREAKOUT_SETUP,ON,MED,-4.700000000000728,Pin breakout setup (wall touch + aligned flow),"{""dedupe_key"":""NIFTY|PIN_BREAKOUT_SETUP|ON|2026-08-05 11:23"",""threshold"":0,""value"":-4.700000000000728,""since_minute_bucket_ist"":"""",""last_updated_ist"":""2026-08-05 11:23:00""}"
2026-08-05 00:00:00,2026-08-05 11:23:00,129,NIFTY,EXP_RANGE_BREAKOUT_WATCH_DOWN,ON,MED,24622.25,Expected-range watch DOWN,"{""dedupe_key"":""NIFTY|EXP_RANGE_BREAKOUT_WATCH_DOWN|ON|2026-08-05 11:23"",""threshold"":24622.54,""value"":24622.25,""since_minute_bucket_ist"":"""",""last_updated_ist"":""2026-08-05 11:23:00""}"
2026-08-05 00:00:00,2026-08-05 11:23:00,129,NIFTY,VOL_EXPANSION,ON,MED,0.0242,Volatility expanding (straddle up),"{""dedupe_key"":""NIFTY|VOL_EXPANSION|ON|2026-08-05 11:23"",""threshold"":0.02,""value"":0.0242,""since_minute_bucket_ist"":"""",""last_updated_ist"":""2026-08-05 11:23:00""}"
2026-08-05 00:00:00,2026-08-05 11:23:00,129,NIFTY,OPTION_MOMENTUM_CALL,OFF,MED,-2.95,ATM CALL momentum (ltp up + vol up),"{""dedupe_key"":""NIFTY|OPTION_MOMENTUM_CALL|OFF|2026-08-05 11:23"",""threshold"":1.5,""value"":-2.95,""since_minute_bucket_ist"":""2026-08-05 11:22"",""last_updated_ist"":""2026-08-05 11:23:00""}"
2026-08-05 00:00:00,2026-08-05 11:23:00,129,NIFTY,OPTION_MOMENTUM_PUT,ON,MED,3.45,ATM PUT momentum (ltp up + vol up),"{""dedupe_key"":""NIFTY|OPTION_MOMENTUM_PUT|ON|2026-08-05 11:23"",""threshold"":1.5,""value"":3.45,""since_minute_bucket_ist"":"""",""last_updated_ist"":""2026-08-05 11:23:00""}"
2026-08-05 00:00:00,2026-08-05 11:23:00,129,NIFTY,WALL_UNWIND_CONFIRM_UP,OFF,MED,-0.0053,Call wall OI unwinding (5m),"{""dedupe_key"":""NIFTY|WALL_UNWIND_CONFIRM_UP|OFF|2026-08-05 11:23"",""threshold"":-0.006,""value"":-0.0053,""since_minute_bucket_ist"":""2026-08-05 11:22"",""last_updated_ist"":""2026-08-05 11:23:00""}"
2026-08-05 00:00:00,2026-08-05 11:23:00,129,NIFTY,CHURN_COMMITTED,ON,MED,-0.0002,Price move + aligned flow (committed),"{""dedupe_key"":""NIFTY|CHURN_COMMITTED|ON|2026-08-05 11:23"",""threshold"":0.0001,""value"":-0.0002,""since_minute_bucket_ist"":"""",""last_updated_ist"":""2026-08-05 11:23:00""}"
2026-08-05 00:00:00,2026-08-05 11:23:00,129,NIFTY,WALL_PRESSURE_BREAK_SETUP,ON,MED,-4.700000000000728,Pressure building into a wall (break setup),"{""dedupe_key"":""NIFTY|WALL_PRESSURE_BREAK_SETUP|ON|2026-08-05 11:23"",""threshold"":0,""value"":-4.700000000000728,""since_minute_bucket_ist"":"""",""last_updated_ist"":""2026-08-05 11:23:00""}"
2026-08-05 00:00:00,2026-08-05 11:24:00,130,NIFTY,TRADE_LIMIT_REACHED,ON,MED,4,Cooldown active (2m),"{""dedupe_key"":""NIFTY|TRADE_LIMIT_REACHED|ON|2026-08-05 11:24"",""threshold"":500,""value"":4,""since_minute_bucket_ist"":"""",""last_updated_ist"":""2026-08-05 11:24:00""}"
2026-08-05 00:00:00,2026-08-05 11:24:00,130,NIFTY,FLOW_BEARISH_BUILD,OFF,HIGH,0.0036,Bearish build (premium-confirmed writing / resistance),"{""dedupe_key"":""NIFTY|FLOW_BEARISH_BUILD|OFF|2026-08-05 11:24"",""threshold"":0.005,""value"":0.0036,""since_minute_bucket_ist"":""2026-08-05 11:23"",""last_updated_ist"":""2026-08-05 11:24:00""}"
2026-08-05 00:00:00,2026-08-05 11:24:00,130,NIFTY,PIN_BREAKOUT_SETUP,OFF,MED,-2,Pin breakout setup (wall touch + aligned flow),"{""dedupe_key"":""NIFTY|PIN_BREAKOUT_SETUP|OFF|2026-08-05 11:24"",""threshold"":0,""value"":-2,""since_minute_bucket_ist"":""2026-08-05 11:23"",""last_updated_ist"":""2026-08-05 11:24:00""}"
2026-08-05 00:00:00,2026-08-05 11:24:00,130,NIFTY,EXP_RANGE_BREAKOUT_CONFIRMED_DOWN,ON,HIGH,2,Expected-range breakout CONFIRMED DOWN,"{""dedupe_key"":""NIFTY|EXP_RANGE_BREAKOUT_CONFIRMED_DOWN|ON|2026-08-05 11:24"",""threshold"":2,""value"":2,""since_minute_bucket_ist"":"""",""last_updated_ist"":""2026-08-05 11:24:00""}"
2026-08-05 00:00:00,2026-08-05 11:24:00,130,NIFTY,OPTION_MOMENTUM_PUT,OFF,MED,-1.2,ATM PUT momentum (ltp up + vol up),"{""dedupe_key"":""NIFTY|OPTION_MOMENTUM_PUT|OFF|2026-08-05 11:24"",""threshold"":1.5,""value"":-1.2,""since_minute_bucket_ist"":""2026-08-05 11:23"",""last_updated_ist"":""2026-08-05 11:24:00""}"
2026-08-05 00:00:00,2026-08-05 11:24:00,130,NIFTY,CHURN_COMMITTED,OFF,MED,-0.0001,Price move + aligned flow (committed),"{""dedupe_key"":""NIFTY|CHURN_COMMITTED|OFF|2026-08-05 11:24"",""threshold"":0.0001,""value"":-0.0001,""since_minute_bucket_ist"":""2026-08-05 11:23"",""last_updated_ist"":""2026-08-05 11:24:00""}"
2026-08-05 00:00:00,2026-08-05 11:24:00,130,NIFTY,WALL_PRESSURE_BREAK_SETUP,OFF,MED,-2,Pressure building into a wall (break setup),"{""dedupe_key"":""NIFTY|WALL_PRESSURE_BREAK_SETUP|OFF|2026-08-05 11:24"",""threshold"":0,""value"":-2,""since_minute_bucket_ist"":""2026-08-05 11:23"",""last_updated_ist"":""2026-08-05 11:24:00""}"
2026-08-05 00:00:00,2026-08-05 11:25:00,131,NIFTY,VOL_EXPANSION,OFF,MED,-0.0027,Volatility expanding (straddle up),"{""dedupe_key"":""NIFTY|VOL_EXPANSION|OFF|2026-08-05 11:25"",""threshold"":0.02,""value"":-0.0027,""since_minute_bucket_ist"":""2026-08-05 11:23"",""last_updated_ist"":""2026-08-05 11:25:00""}"
2026-08-05 00:00:00,2026-08-05 11:25:00,131,NIFTY,OPTION_MOMENTUM_PUT,ON,MED,1.8,ATM PUT momentum (ltp up + vol up),"{""dedupe_key"":""NIFTY|OPTION_MOMENTUM_PUT|ON|2026-08-05 11:25"",""threshold"":1.5,""value"":1.8,""since_minute_bucket_ist"":"""",""last_updated_ist"":""2026-08-05 11:25:00""}"
2026-08-05 00:00:00,2026-08-05 11:25:00,131,NIFTY,WALL_UNWIND_CONFIRM_DOWN,ON,MED,-0.0079,Put wall OI unwinding (5m),"{""dedupe_key"":""NIFTY|WALL_UNWIND_CONFIRM_DOWN|ON|2026-08-05 11:25"",""threshold"":-0.006,""value"":-0.0079,""since_minute_bucket_ist"":"""",""last_updated_ist"":""2026-08-05 11:25:00""}"
2026-08-05 00:00:00,2026-08-05 11:26:00,132,NIFTY,TRADE_LIMIT_REACHED,OFF,MED,4,Cooldown active (2m),"{""dedupe_key"":""NIFTY|TRADE_LIMIT_REACHED|OFF|2026-08-05 11:26"",""threshold"":500,""value"":4,""since_minute_bucket_ist"":""2026-08-05 11:24"",""last_updated_ist"":""2026-08-05 11:26:00""}"
2026-08-05 00:00:00,2026-08-05 11:26:00,132,NIFTY,VOL_EXPANSION,ON,MED,0.0234,Volatility expanding (straddle up),"{""dedupe_key"":""NIFTY|VOL_EXPANSION|ON|2026-08-05 11:26"",""threshold"":0.02,""value"":0.0234,""since_minute_bucket_ist"":"""",""last_updated_ist"":""2026-08-05 11:26:00""}"
2026-08-05 00:00:00,2026-08-05 11:26:00,132,NIFTY,WALL_UNWIND_CONFIRM_DOWN,OFF,MED,-0.004,Put wall OI unwinding (5m),"{""dedupe_key"":""NIFTY|WALL_UNWIND_CONFIRM_DOWN|OFF|2026-08-05 11:26"",""threshold"":-0.006,""value"":-0.004,""since_minute_bucket_ist"":""2026-08-05 11:25"",""last_updated_ist"":""2026-08-05 11:26:00""}"
2026-08-05 00:00:00,2026-08-05 11:27:00,133,NIFTY,FLOW_BEARISH_BUILD,ON,HIGH,0.0024,Bearish build (premium-confirmed writing / resistance),"{""dedupe_key"":""NIFTY|FLOW_BEARISH_BUILD|ON|2026-08-05 11:27"",""threshold"":0.005,""value"":0.0024,""since_minute_bucket_ist"":"""",""last_updated_ist"":""2026-08-05 11:27:00""}"
2026-08-05 00:00:00,2026-08-05 11:27:00,133,NIFTY,REGIME_RANGE_PIN,OFF,LOW,0.0001,Range / pin (inside local walls),"{""dedupe_key"":""NIFTY|REGIME_RANGE_PIN|OFF|2026-08-05 11:27"",""threshold"":0.001,""value"":0.0001,""since_minute_bucket_ist"":""2026-08-05 11:22"",""last_updated_ist"":""2026-08-05 11:27:00""}"
2026-08-05 00:00:00,2026-08-05 11:27:00,133,NIFTY,REGIME_TRANSITION_UNCERTAIN,ON,LOW,1,Transition/uncertain regime,"{""dedupe_key"":""NIFTY|REGIME_TRANSITION_UNCERTAIN|ON|2026-08-05 11:27"",""threshold"":1,""value"":1,""since_minute_bucket_ist"":"""",""last_updated_ist"":""2026-08-05 11:27:00""}"
2026-08-05 00:00:00,2026-08-05 11:27:00,133,NIFTY,PIN_BREAKOUT_SETUP,ON,MED,-2.849999999998545,Pin breakout setup (wall touch + aligned flow),"{""dedupe_key"":""NIFTY|PIN_BREAKOUT_SETUP|ON|2026-08-05 11:27"",""threshold"":0,""value"":-2.849999999998545,""since_minute_bucket_ist"":"""",""last_updated_ist"":""2026-08-05 11:27:00""}"
2026-08-05 00:00:00,2026-08-05 11:27:00,133,NIFTY,VOL_EXPANSION,OFF,MED,-0.0036,Volatility expanding (straddle up),"{""dedupe_key"":""NIFTY|VOL_EXPANSION|OFF|2026-08-05 11:27"",""threshold"":0.02,""value"":-0.0036,""since_minute_bucket_ist"":""2026-08-05 11:26"",""last_updated_ist"":""2026-08-05 11:27:00""}"
2026-08-05 00:00:00,2026-08-05 11:27:00,133,NIFTY,OPTION_MOMENTUM_PUT,OFF,MED,0.7,ATM PUT momentum (ltp up + vol up),"{""dedupe_key"":""NIFTY|OPTION_MOMENTUM_PUT|OFF|2026-08-05 11:27"",""threshold"":1.5,""value"":0.7,""since_minute_bucket_ist"":""2026-08-05 11:25"",""last_updated_ist"":""2026-08-05 11:27:00""}"
2026-08-05 00:00:00,2026-08-05 11:27:00,133,NIFTY,WALL_UNWIND_CONFIRM_DOWN,ON,MED,-0.0091,Put wall OI unwinding (5m),"{""dedupe_key"":""NIFTY|WALL_UNWIND_CONFIRM_DOWN|ON|2026-08-05 11:27"",""threshold"":-0.006,""value"":-0.0091,""since_minute_bucket_ist"":"""",""last_updated_ist"":""2026-08-05 11:27:00""}"
2026-08-05 00:00:00,2026-08-05 11:27:00,133,NIFTY,CHURN_COMMITTED,ON,MED,-0.0001,Price move + aligned flow (committed),"{""dedupe_key"":""NIFTY|CHURN_COMMITTED|ON|2026-08-05 11:27"",""threshold"":0.0001,""value"":-0.0001,""since_minute_bucket_ist"":"""",""last_updated_ist"":""2026-08-05 11:27:00""}"
2026-08-05 00:00:00,2026-08-05 11:27:00,133,NIFTY,WALL_PRESSURE_BREAK_SETUP,ON,MED,-2.849999999998545,Pressure building into a wall (break setup),"{""dedupe_key"":""NIFTY|WALL_PRESSURE_BREAK_SETUP|ON|2026-08-05 11:27"",""threshold"":0,""value"":-2.849999999998545,""since_minute_bucket_ist"":"""",""last_updated_ist"":""2026-08-05 11:27:00""}"
2026-08-05 00:00:00,2026-08-05 11:28:00,134,NIFTY,REGIME_RANGE_PIN,ON,LOW,0.0001,Range / pin (inside local walls),"{""dedupe_key"":""NIFTY|REGIME_RANGE_PIN|ON|2026-08-05 11:28"",""threshold"":0.001,""value"":0.0001,""since_minute_bucket_ist"":"""",""last_updated_ist"":""2026-08-05 11:28:00""}"
2026-08-05 00:00:00,2026-08-05 11:28:00,134,NIFTY,REGIME_TRANSITION_UNCERTAIN,OFF,LOW,1,Transition/uncertain regime,"{""dedupe_key"":""NIFTY|REGIME_TRANSITION_UNCERTAIN|OFF|2026-08-05 11:28"",""threshold"":1,""value"":1,""since_minute_bucket_ist"":""2026-08-05 11:27"",""last_updated_ist"":""2026-08-05 11:28:00""}"
2026-08-05 00:00:00,2026-08-05 11:28:00,134,NIFTY,OPTION_MOMENTUM_PUT,ON,MED,1.6,ATM PUT momentum (ltp up + vol up),"{""dedupe_key"":""NIFTY|OPTION_MOMENTUM_PUT|ON|2026-08-05 11:28"",""threshold"":1.5,""value"":1.6,""since_minute_bucket_ist"":"""",""last_updated_ist"":""2026-08-05 11:28:00""}"
2026-08-05 00:00:00,2026-08-05 11:28:00,134,NIFTY,WALL_UNWIND_CONFIRM_DOWN,OFF,MED,0.006,Put wall OI unwinding (5m),"{""dedupe_key"":""NIFTY|WALL_UNWIND_CONFIRM_DOWN|OFF|2026-08-05 11:28"",""threshold"":-0.006,""value"":0.006,""since_minute_bucket_ist"":""2026-08-05 11:27"",""last_updated_ist"":""2026-08-05 11:28:00""}"
2026-08-05 00:00:00,2026-08-05 11:28:00,134,NIFTY,CHURN_COMMITTED,OFF,MED,-0.0001,Price move + aligned flow (committed),"{""dedupe_key"":""NIFTY|CHURN_COMMITTED|OFF|2026-08-05 11:28"",""threshold"":0.0001,""value"":-0.0001,""since_minute_bucket_ist"":""2026-08-05 11:27"",""last_updated_ist"":""2026-08-05 11:28:00""}"
2026-08-05 00:00:00,2026-08-05 11:29:00,135,NIFTY,FLOW_BEARISH_BUILD,OFF,HIGH,0.0037,Bearish build (premium-confirmed writing / resistance),"{""dedupe_key"":""NIFTY|FLOW_BEARISH_BUILD|OFF|2026-08-05 11:29"",""threshold"":0.005,""value"":0.0037,""since_minute_bucket_ist"":""2026-08-05 11:27"",""last_updated_ist"":""2026-08-05 11:29:00""}"
2026-08-05 00:00:00,2026-08-05 11:29:00,135,NIFTY,PIN_BREAKOUT_SETUP,OFF,MED,-2.0500000000029104,Pin breakout setup (wall touch + aligned flow),"{""dedupe_key"":""NIFTY|PIN_BREAKOUT_SETUP|OFF|2026-08-05 11:29"",""threshold"":0,""value"":-2.0500000000029104,""since_minute_bucket_ist"":""2026-08-05 11:27"",""last_updated_ist"":""2026-08-05 11:29:00""}"
2026-08-05 00:00:00,2026-08-05 11:29:00,135,NIFTY,OPTION_MOMENTUM_PUT,OFF,MED,0.5,ATM PUT momentum (ltp up + vol up),"{""dedupe_key"":""NIFTY|OPTION_MOMENTUM_PUT|OFF|2026-08-05 11:29"",""threshold"":1.5,""value"":0.5,""since_minute_bucket_ist"":""2026-08-05 11:28"",""last_updated_ist"":""2026-08-05 11:29:00""}"
2026-08-05 00:00:00,2026-08-05 11:29:00,135,NIFTY,WALL_PRESSURE_BREAK_SETUP,OFF,MED,-2.0500000000029104,Pressure building into a wall (break setup),"{""dedupe_key"":""NIFTY|WALL_PRESSURE_BREAK_SETUP|OFF|2026-08-05 11:29"",""threshold"":0,""value"":-2.0500000000029104,""since_minute_bucket_ist"":""2026-08-05 11:27"",""last_updated_ist"":""2026-08-05 11:29:00""}"
2026-08-05 00:00:00,2026-08-05 11:30:00,136,NIFTY,REGIME_RANGE_PIN,OFF,LOW,0,Range / pin (inside local walls),"{""dedupe_key"":""NIFTY|REGIME_RANGE_PIN|OFF|2026-08-05 11:30"",""threshold"":0.001,""value"":0,""since_minute_bucket_ist"":""2026-08-05 11:28"",""last_updated_ist"":""2026-08-05 11:30:00""}"
2026-08-05 00:00:00,2026-08-05 11:30:00,136,NIFTY,REGIME_TRANSITION_UNCERTAIN,ON,LOW,1,Transition/uncertain regime,"{""dedupe_key"":""NIFTY|REGIME_TRANSITION_UNCERTAIN|ON|2026-08-05 11:30"",""threshold"":1,""value"":1,""since_minute_bucket_ist"":"""",""last_updated_ist"":""2026-08-05 11:30:00""}"
2026-08-05 00:00:00,2026-08-05 11:30:00,136,NIFTY,OPTION_MOMENTUM_PUT,ON,MED,1.55,ATM PUT momentum (ltp up + vol up),"{""dedupe_key"":""NIFTY|OPTION_MOMENTUM_PUT|ON|2026-08-05 11:30"",""threshold"":1.5,""value"":1.55,""since_minute_bucket_ist"":"""",""last_updated_ist"":""2026-08-05 11:30:00""}"
2026-08-05 00:00:00,2026-08-05 11:31:00,137,NIFTY,FLOW_BEARISH_BUILD,ON,HIGH,0.0023,Bearish build (premium-confirmed writing / resistance),"{""dedupe_key"":""NIFTY|FLOW_BEARISH_BUILD|ON|2026-08-05 11:31"",""threshold"":0.005,""value"":0.0023,""since_minute_bucket_ist"":"""",""last_updated_ist"":""2026-08-05 11:31:00""}"
2026-08-05 00:00:00,2026-08-05 11:31:00,137,NIFTY,REGIME_RANGE_PIN,ON,LOW,0.0001,Range / pin (inside local walls),"{""dedupe_key"":""NIFTY|REGIME_RANGE_PIN|ON|2026-08-05 11:31"",""threshold"":0.001,""value"":0.0001,""since_minute_bucket_ist"":"""",""last_updated_ist"":""2026-08-05 11:31:00""}"
2026-08-05 00:00:00,2026-08-05 11:31:00,137,NIFTY,REGIME_TRANSITION_UNCERTAIN,OFF,LOW,1,Transition/uncertain regime,"{""dedupe_key"":""NIFTY|REGIME_TRANSITION_UNCERTAIN|OFF|2026-08-05 11:31"",""threshold"":1,""value"":1,""since_minute_bucket_ist"":""2026-08-05 11:30"",""last_updated_ist"":""2026-08-05 11:31:00""}"
2026-08-05 00:00:00,2026-08-05 11:31:00,137,NIFTY,WALL_UNWIND_CONFIRM_DOWN,ON,MED,-0.0132,Put wall OI unwinding (5m),"{""dedupe_key"":""NIFTY|WALL_UNWIND_CONFIRM_DOWN|ON|2026-08-05 11:31"",""threshold"":-0.006,""value"":-0.0132,""since_minute_bucket_ist"":"""",""last_updated_ist"":""2026-08-05 11:31:00""}"
2026-08-05 00:00:00,2026-08-05 11:32:00,138,NIFTY,TRADE_LIMIT_REACHED,ON,MED,5,Cooldown active (2m),"{""dedupe_key"":""NIFTY|TRADE_LIMIT_REACHED|ON|2026-08-05 11:32"",""threshold"":500,""value"":5,""since_minute_bucket_ist"":"""",""last_updated_ist"":""2026-08-05 11:32:00""}"
2026-08-05 00:00:00,2026-08-05 11:32:00,138,NIFTY,PIN_BREAKOUT_SETUP,ON,MED,-1.25,Pin breakout setup (wall touch + aligned flow),"{""dedupe_key"":""NIFTY|PIN_BREAKOUT_SETUP|ON|2026-08-05 11:32"",""threshold"":0,""value"":-1.25,""since_minute_bucket_ist"":"""",""last_updated_ist"":""2026-08-05 11:32:00""}"
2026-08-05 00:00:00,2026-08-05 11:32:00,138,NIFTY,VOL_EXPANSION,ON,MED,0.0087,Volatility expanding (straddle up),"{""dedupe_key"":""NIFTY|VOL_EXPANSION|ON|2026-08-05 11:32"",""threshold"":0.02,""value"":0.0087,""since_minute_bucket_ist"":"""",""last_updated_ist"":""2026-08-05 11:32:00""}"
2026-08-05 00:00:00,2026-08-05 11:32:00,138,NIFTY,OPTION_MOMENTUM_PUT,OFF,MED,0.5,ATM PUT momentum (ltp up + vol up),"{""dedupe_key"":""NIFTY|OPTION_MOMENTUM_PUT|OFF|2026-08-05 11:32"",""threshold"":1.5,""value"":0.5,""since_minute_bucket_ist"":""2026-08-05 11:30"",""last_updated_ist"":""2026-08-05 11:32:00""}"
2026-08-05 00:00:00,2026-08-05 11:32:00,138,NIFTY,WALL_UNWIND_CONFIRM_UP,ON,MED,-0.0064,Call wall OI unwinding (5m),"{""dedupe_key"":""NIFTY|WALL_UNWIND_CONFIRM_UP|ON|2026-08-05 11:32"",""threshold"":-0.006,""value"":-0.0064,""since_minute_bucket_ist"":"""",""last_updated_ist"":""2026-08-05 11:32:00""}"
2026-08-05 00:00:00,2026-08-05 11:32:00,138,NIFTY,WALL_PRESSURE_BREAK_SETUP,ON,MED,-1.25,Pressure building into a wall (break setup),"{""dedupe_key"":""NIFTY|WALL_PRESSURE_BREAK_SETUP|ON|2026-08-05 11:32"",""threshold"":0,""value"":-1.25,""since_minute_bucket_ist"":"""",""last_updated_ist"":""2026-08-05 11:32:00""}"
2026-08-05 00:00:00,2026-08-05 11:33:00,139,NIFTY,TRADE_LIMIT_REACHED,OFF,MED,5,Cooldown active (2m),"{""dedupe_key"":""NIFTY|TRADE_LIMIT_REACHED|OFF|2026-08-05 11:33"",""threshold"":500,""value"":5,""since_minute_bucket_ist"":""2026-08-05 11:32"",""last_updated_ist"":""2026-08-05 11:33:00""}"
2026-08-05 00:00:00,2026-08-05 11:33:00,139,NIFTY,FLOW_BEARISH_BUILD,OFF,HIGH,0,Bearish build (premium-confirmed writing / resistance),"{""dedupe_key"":""NIFTY|FLOW_BEARISH_BUILD|OFF|2026-08-05 11:33"",""threshold"":0.005,""value"":0,""since_minute_bucket_ist"":""2026-08-05 11:31"",""last_updated_ist"":""2026-08-05 11:33:00""}"
2026-08-05 00:00:00,2026-08-05 11:33:00,139,NIFTY,PIN_BREAKOUT_SETUP,OFF,MED,0,Pin breakout setup (wall touch + aligned flow),"{""dedupe_key"":""NIFTY|PIN_BREAKOUT_SETUP|OFF|2026-08-05 11:33"",""threshold"":0,""value"":0,""since_minute_bucket_ist"":""2026-08-05 11:32"",""last_updated_ist"":""2026-08-05 11:33:00""}"
2026-08-05 00:00:00,2026-08-05 11:33:00,139,NIFTY,EXP_RANGE_BREAKOUT_WATCH_DOWN,OFF,MED,24605.2,Expected-range watch DOWN,"{""dedupe_key"":""NIFTY|EXP_RANGE_BREAKOUT_WATCH_DOWN|OFF|2026-08-05 11:33"",""threshold"":24603.73,""value"":24605.2,""since_minute_bucket_ist"":""2026-08-05 11:23"",""last_updated_ist"":""2026-08-05 11:33:00""}"
2026-08-05 00:00:00,2026-08-05 11:33:00,139,NIFTY,EXP_RANGE_BREAKOUT_CONFIRMED_DOWN,OFF,HIGH,0,Expected-range breakout CONFIRMED DOWN,"{""dedupe_key"":""NIFTY|EXP_RANGE_BREAKOUT_CONFIRMED_DOWN|OFF|2026-08-05 11:33"",""threshold"":2,""value"":0,""since_minute_bucket_ist"":""2026-08-05 11:24"",""last_updated_ist"":""2026-08-05 11:33:00""}"
2026-08-05 00:00:00,2026-08-05 11:33:00,139,NIFTY,WALL_UNWIND_CONFIRM_UP,OFF,MED,-0.001,Call wall OI unwinding (5m),"{""dedupe_key"":""NIFTY|WALL_UNWIND_CONFIRM_UP|OFF|2026-08-05 11:33"",""threshold"":-0.006,""value"":-0.001,""since_minute_bucket_ist"":""2026-08-05 11:32"",""last_updated_ist"":""2026-08-05 11:33:00""}"
2026-08-05 00:00:00,2026-08-05 11:33:00,139,NIFTY,WALL_PRESSURE_BREAK_SETUP,OFF,MED,0,Pressure building into a wall (break setup),"{""dedupe_key"":""NIFTY|WALL_PRESSURE_BREAK_SETUP|OFF|2026-08-05 11:33"",""threshold"":0,""value"":0,""since_minute_bucket_ist"":""2026-08-05 11:32"",""last_updated_ist"":""2026-08-05 11:33:00""}"
2026-08-05 00:00:00,2026-08-05 11:34:00,140,NIFTY,FLOW_BEARISH_BUILD,ON,HIGH,0.0046,Bearish build (premium-confirmed writing / resistance),"{""dedupe_key"":""NIFTY|FLOW_BEARISH_BUILD|ON|2026-08-05 11:34"",""threshold"":0.005,""value"":0.0046,""since_minute_bucket_ist"":"""",""last_updated_ist"":""2026-08-05 11:34:00""}"
2026-08-05 00:00:00,2026-08-05 11:34:00,140,NIFTY,REGIME_RANGE_PIN,OFF,LOW,0.0001,Range / pin (inside local walls),"{""dedupe_key"":""NIFTY|REGIME_RANGE_PIN|OFF|2026-08-05 11:34"",""threshold"":0.001,""value"":0.0001,""since_minute_bucket_ist"":""2026-08-05 11:31"",""last_updated_ist"":""2026-08-05 11:34:00""}"
2026-08-05 00:00:00,2026-08-05 11:34:00,140,NIFTY,REGIME_TRANSITION_UNCERTAIN,ON,LOW,1,Transition/uncertain regime,"{""dedupe_key"":""NIFTY|REGIME_TRANSITION_UNCERTAIN|ON|2026-08-05 11:34"",""threshold"":1,""value"":1,""since_minute_bucket_ist"":"""",""last_updated_ist"":""2026-08-05 11:34:00""}"
2026-08-05 00:00:00,2026-08-05 11:34:00,140,NIFTY,PIN_BREAKOUT_SETUP,ON,MED,-5.350000000002183,Pin breakout setup (wall touch + aligned flow),"{""dedupe_key"":""NIFTY|PIN_BREAKOUT_SETUP|ON|2026-08-05 11:34"",""threshold"":0,""value"":-5.350000000002183,""since_minute_bucket_ist"":"""",""last_updated_ist"":""2026-08-05 11:34:00""}"
2026-08-05 00:00:00,2026-08-05 11:34:00,140,NIFTY,EXP_RANGE_BREAKOUT_WATCH_DOWN,ON,MED,24599.85,Expected-range watch DOWN,"{""dedupe_key"":""NIFTY|EXP_RANGE_BREAKOUT_WATCH_DOWN|ON|2026-08-05 11:34"",""threshold"":24601.95,""value"":24599.85,""since_minute_bucket_ist"":"""",""last_updated_ist"":""2026-08-05 11:34:00""}"
2026-08-05 00:00:00,2026-08-05 11:34:00,140,NIFTY,OPTION_MOMENTUM_PUT,ON,MED,2.55,ATM PUT momentum (ltp up + vol up),"{""dedupe_key"":""NIFTY|OPTION_MOMENTUM_PUT|ON|2026-08-05 11:34"",""threshold"":1.5,""value"":2.55,""since_minute_bucket_ist"":"""",""last_updated_ist"":""2026-08-05 11:34:00""}"
2026-08-05 00:00:00,2026-08-05 11:34:00,140,NIFTY,CHURN_COMMITTED,ON,MED,-0.0002,Price move + aligned flow (committed),"{""dedupe_key"":""NIFTY|CHURN_COMMITTED|ON|2026-08-05 11:34"",""threshold"":0.0001,""value"":-0.0002,""since_minute_bucket_ist"":"""",""last_updated_ist"":""2026-08-05 11:34:00""}"
2026-08-05 00:00:00,2026-08-05 11:34:00,140,NIFTY,WALL_SHIFT_REGIME,ON,MED,1,Wall strike shifted materially (>= 1 step),"{""dedupe_key"":""NIFTY|WALL_SHIFT_REGIME|ON|2026-08-05 11:34"",""threshold"":1,""value"":1,""since_minute_bucket_ist"":"""",""last_updated_ist"":""2026-08-05 11:34:00""}"
2026-08-05 00:00:00,2026-08-05 11:34:00,140,NIFTY,WALL_PRESSURE_BREAK_SETUP,ON,MED,-5.350000000002183,Pressure building into a wall (break setup),"{""dedupe_key"":""NIFTY|WALL_PRESSURE_BREAK_SETUP|ON|2026-08-05 11:34"",""threshold"":0,""value"":-5.350000000002183,""since_minute_bucket_ist"":"""",""last_updated_ist"":""2026-08-05 11:34:00""}"
2026-08-05 00:00:00,2026-08-05 11:35:00,141,NIFTY,TRADE_LIMIT_REACHED,ON,MED,6,Cooldown active (2m),"{""dedupe_key"":""NIFTY|TRADE_LIMIT_REACHED|ON|2026-08-05 11:35"",""threshold"":500,""value"":6,""since_minute_bucket_ist"":"""",""last_updated_ist"":""2026-08-05 11:35:00""}"
2026-08-05 00:00:00,2026-08-05 11:35:00,141,NIFTY,EXP_RANGE_BREAKOUT_CONFIRMED_DOWN,ON,HIGH,2,Expected-range breakout CONFIRMED DOWN,"{""dedupe_key"":""NIFTY|EXP_RANGE_BREAKOUT_CONFIRMED_DOWN|ON|2026-08-05 11:35"",""threshold"":2,""value"":2,""since_minute_bucket_ist"":"""",""last_updated_ist"":""2026-08-05 11:35:00""}"
2026-08-05 00:00:00,2026-08-05 11:35:00,141,NIFTY,WALL_SHIFT_REGIME,OFF,MED,1,Wall strike shifted materially (>= 1 step),"{""dedupe_key"":""NIFTY|WALL_SHIFT_REGIME|OFF|2026-08-05 11:35"",""threshold"":1,""value"":1,""since_minute_bucket_ist"":""2026-08-05 11:34"",""last_updated_ist"":""2026-08-05 11:35:00""}"
2026-08-05 00:00:00,2026-08-05 11:36:00,142,NIFTY,TRADE_LIMIT_REACHED,OFF,MED,6,Cooldown active (2m),"{""dedupe_key"":""NIFTY|TRADE_LIMIT_REACHED|OFF|2026-08-05 11:36"",""threshold"":500,""value"":6,""since_minute_bucket_ist"":""2026-08-05 11:35"",""last_updated_ist"":""2026-08-05 11:36:00""}"
2026-08-05 00:00:00,2026-08-05 11:36:00,142,NIFTY,PIN_BREAKOUT_SETUP,OFF,MED,1.3499999999985448,Pin breakout setup (wall touch + aligned flow),"{""dedupe_key"":""NIFTY|PIN_BREAKOUT_SETUP|OFF|2026-08-05 11:36"",""threshold"":0,""value"":1.3499999999985448,""since_minute_bucket_ist"":""2026-08-05 11:34"",""last_updated_ist"":""2026-08-05 11:36:00""}"
2026-08-05 00:00:00,2026-08-05 11:36:00,142,NIFTY,OPTION_MOMENTUM_PUT,OFF,MED,-0.35,ATM PUT momentum (ltp up + vol up),"{""dedupe_key"":""NIFTY|OPTION_MOMENTUM_PUT|OFF|2026-08-05 11:36"",""threshold"":1.5,""value"":-0.35,""since_minute_bucket_ist"":""2026-08-05 11:34"",""last_updated_ist"":""2026-08-05 11:36:00""}"
2026-08-05 00:00:00,2026-08-05 11:36:00,142,NIFTY,CHURN_COMMITTED,OFF,MED,0.0001,Price move + aligned flow (committed),"{""dedupe_key"":""NIFTY|CHURN_COMMITTED|OFF|2026-08-05 11:36"",""threshold"":0.0001,""value"":0.0001,""since_minute_bucket_ist"":""2026-08-05 11:34"",""last_updated_ist"":""2026-08-05 11:36:00""}"
2026-08-05 00:00:00,2026-08-05 11:36:00,142,NIFTY,STEALTH_BUILD_BEAR,ON,MED,0.0089,"Stealth bearish build (calls build, spot flat)","{""dedupe_key"":""NIFTY|STEALTH_BUILD_BEAR|ON|2026-08-05 11:36"",""threshold"":0.008,""value"":0.0089,""since_minute_bucket_ist"":"""",""last_updated_ist"":""2026-08-05 11:36:00""}"
2026-08-05 00:00:00,2026-08-05 11:36:00,142,NIFTY,WALL_PRESSURE_BREAK_SETUP,OFF,MED,1.3499999999985448,Pressure building into a wall (break setup),"{""dedupe_key"":""NIFTY|WALL_PRESSURE_BREAK_SETUP|OFF|2026-08-05 11:36"",""threshold"":0,""value"":1.3499999999985448,""since_minute_bucket_ist"":""2026-08-05 11:34"",""last_updated_ist"":""2026-08-05 11:36:00""}"
2026-08-05 00:00:00,2026-08-05 11:37:00,143,NIFTY,FLOW_BEARISH_BUILD,OFF,HIGH,0,Bearish build (premium-confirmed writing / resistance),"{""dedupe_key"":""NIFTY|FLOW_BEARISH_BUILD|OFF|2026-08-05 11:37"",""threshold"":0.005,""value"":0,""since_minute_bucket_ist"":""2026-08-05 11:34"",""last_updated_ist"":""2026-08-05 11:37:00""}"
2026-08-05 00:00:00,2026-08-05 11:37:00,143,NIFTY,STEALTH_BUILD_BEAR,OFF,MED,0,"Stealth bearish build (calls build, spot flat)","{""dedupe_key"":""NIFTY|STEALTH_BUILD_BEAR|OFF|2026-08-05 11:37"",""threshold"":0.008,""value"":0,""since_minute_bucket_ist"":""2026-08-05 11:36"",""last_updated_ist"":""2026-08-05 11:37:00""}"
2026-08-05 00:00:00,2026-08-05 11:38:00,144,NIFTY,FLOW_BEARISH_BUILD,ON,HIGH,0.0197,Bearish build (premium-confirmed writing / resistance),"{""dedupe_key"":""NIFTY|FLOW_BEARISH_BUILD|ON|2026-08-05 11:38"",""threshold"":0.005,""value"":0.0197,""since_minute_bucket_ist"":"""",""last_updated_ist"":""2026-08-05 11:38:00""}"
2026-08-05 00:00:00,2026-08-05 11:38:00,144,NIFTY,EXP_RANGE_BREAKOUT_WATCH_DOWN,OFF,MED,24591.85,Expected-range watch DOWN,"{""dedupe_key"":""NIFTY|EXP_RANGE_BREAKOUT_WATCH_DOWN|OFF|2026-08-05 11:38"",""threshold"":24590.64,""value"":24591.85,""since_minute_bucket_ist"":""2026-08-05 11:34"",""last_updated_ist"":""2026-08-05 11:38:00""}"
2026-08-05 00:00:00,2026-08-05 11:38:00,144,NIFTY,EXP_RANGE_BREAKOUT_CONFIRMED_DOWN,OFF,HIGH,0,Expected-range breakout CONFIRMED DOWN,"{""dedupe_key"":""NIFTY|EXP_RANGE_BREAKOUT_CONFIRMED_DOWN|OFF|2026-08-05 11:38"",""threshold"":2,""value"":0,""since_minute_bucket_ist"":""2026-08-05 11:35"",""last_updated_ist"":""2026-08-05 11:38:00""}"
2026-08-05 00:00:00,2026-08-05 11:38:00,144,NIFTY,STEALTH_BUILD_BEAR,ON,MED,0.0197,"Stealth bearish build (calls build, spot flat)","{""dedupe_key"":""NIFTY|STEALTH_BUILD_BEAR|ON|2026-08-05 11:38"",""threshold"":0.008,""value"":0.0197,""since_minute_bucket_ist"":"""",""last_updated_ist"":""2026-08-05 11:38:00""}"
2026-08-05 00:00:00,2026-08-05 11:39:00,145,NIFTY,FLOW_BEARISH_BUILD,OFF,HIGH,0,Bearish build (premium-confirmed writing / resistance),"{""dedupe_key"":""NIFTY|FLOW_BEARISH_BUILD|OFF|2026-08-05 11:39"",""threshold"":0.005,""value"":0,""since_minute_bucket_ist"":""2026-08-05 11:38"",""last_updated_ist"":""2026-08-05 11:39:00""}"
2026-08-05 00:00:00,2026-08-05 11:39:00,145,NIFTY,STEALTH_BUILD_BEAR,OFF,MED,0,"Stealth bearish build (calls build, spot flat)","{""dedupe_key"":""NIFTY|STEALTH_BUILD_BEAR|OFF|2026-08-05 11:39"",""threshold"":0.008,""value"":0,""since_minute_bucket_ist"":""2026-08-05 11:38"",""last_updated_ist"":""2026-08-05 11:39:00""}"
2026-08-05 00:00:00,2026-08-05 11:40:00,146,NIFTY,VOL_EXPANSION,OFF,MED,-0.0016,Volatility expanding (straddle up),"{""dedupe_key"":""NIFTY|VOL_EXPANSION|OFF|2026-08-05 11:40"",""threshold"":0.02,""value"":-0.0016,""since_minute_bucket_ist"":""2026-08-05 11:32"",""last_updated_ist"":""2026-08-05 11:40:00""}"
2026-08-05 00:00:00,2026-08-05 11:40:00,146,NIFTY,OPTION_MOMENTUM_CALL,ON,MED,4,ATM CALL momentum (ltp up + vol up),"{""dedupe_key"":""NIFTY|OPTION_MOMENTUM_CALL|ON|2026-08-05 11:40"",""threshold"":1.5,""value"":4,""since_minute_bucket_ist"":"""",""last_updated_ist"":""2026-08-05 11:40:00""}"
2026-08-05 00:00:00,2026-08-05 11:40:00,146,NIFTY,STEALTH_BUILD_BEAR,ON,MED,0.0103,"Stealth bearish build (calls build, spot flat)","{""dedupe_key"":""NIFTY|STEALTH_BUILD_BEAR|ON|2026-08-05 11:40"",""threshold"":0.008,""value"":0.0103,""since_minute_bucket_ist"":"""",""last_updated_ist"":""2026-08-05 11:40:00""}"
2026-08-05 00:00:00,2026-08-05 11:40:00,146,NIFTY,WALL_SHIFT_REGIME,ON,MED,1,Wall strike shifted materially (>= 1 step),"{""dedupe_key"":""NIFTY|WALL_SHIFT_REGIME|ON|2026-08-05 11:40"",""threshold"":1,""value"":1,""since_minute_bucket_ist"":"""",""last_updated_ist"":""2026-08-05 11:40:00""}"
2026-08-05 00:00:00,2026-08-05 11:41:00,147,NIFTY,VOL_EXPANSION,ON,MED,0.0056,Volatility expanding (straddle up),"{""dedupe_key"":""NIFTY|VOL_EXPANSION|ON|2026-08-05 11:41"",""threshold"":0.02,""value"":0.0056,""since_minute_bucket_ist"":"""",""last_updated_ist"":""2026-08-05 11:41:00""}"
2026-08-05 00:00:00,2026-08-05 11:41:00,147,NIFTY,OPTION_MOMENTUM_CALL,OFF,MED,-4.1,ATM CALL momentum (ltp up + vol up),"{""dedupe_key"":""NIFTY|OPTION_MOMENTUM_CALL|OFF|2026-08-05 11:41"",""threshold"":1.5,""value"":-4.1,""since_minute_bucket_ist"":""2026-08-05 11:40"",""last_updated_ist"":""2026-08-05 11:41:00""}"
2026-08-05 00:00:00,2026-08-05 11:41:00,147,NIFTY,OPTION_MOMENTUM_PUT,ON,MED,6.15,ATM PUT momentum (ltp up + vol up),"{""dedupe_key"":""NIFTY|OPTION_MOMENTUM_PUT|ON|2026-08-05 11:41"",""threshold"":1.5,""value"":6.15,""since_minute_bucket_ist"":"""",""last_updated_ist"":""2026-08-05 11:41:00""}"
2026-08-05 00:00:00,2026-08-05 11:41:00,147,NIFTY,STEALTH_BUILD_BEAR,OFF,MED,0.0063,"Stealth bearish build (calls build, spot flat)","{""dedupe_key"":""NIFTY|STEALTH_BUILD_BEAR|OFF|2026-08-05 11:41"",""threshold"":0.008,""value"":0.0063,""since_minute_bucket_ist"":""2026-08-05 11:40"",""last_updated_ist"":""2026-08-05 11:41:00""}"
2026-08-05 00:00:00,2026-08-05 11:41:00,147,NIFTY,WALL_SHIFT_REGIME,OFF,MED,1,Wall strike shifted materially (>= 1 step),"{""dedupe_key"":""NIFTY|WALL_SHIFT_REGIME|OFF|2026-08-05 11:41"",""threshold"":1,""value"":1,""since_minute_bucket_ist"":""2026-08-05 11:40"",""last_updated_ist"":""2026-08-05 11:41:00""}"
2026-08-05 00:00:00,2026-08-05 11:42:00,148,NIFTY,OPTION_MOMENTUM_PUT,OFF,MED,0,ATM PUT momentum (ltp up + vol up),"{""dedupe_key"":""NIFTY|OPTION_MOMENTUM_PUT|OFF|2026-08-05 11:42"",""threshold"":1.5,""value"":0,""since_minute_bucket_ist"":""2026-08-05 11:41"",""last_updated_ist"":""2026-08-05 11:42:00""}"
2026-08-05 00:00:00,2026-08-05 11:43:00,149,NIFTY,FLOW_BULLISH_BUILD,ON,HIGH,0.0009,Bullish build (premium-confirmed writing / support),"{""dedupe_key"":""NIFTY|FLOW_BULLISH_BUILD|ON|2026-08-05 11:43"",""threshold"":0.005,""value"":0.0009,""since_minute_bucket_ist"":"""",""last_updated_ist"":""2026-08-05 11:43:00""}"
2026-08-05 00:00:00,2026-08-05 11:43:00,149,NIFTY,PIN_BREAKOUT_SETUP,ON,MED,5.599999999998545,Pin breakout setup (wall touch + aligned flow),"{""dedupe_key"":""NIFTY|PIN_BREAKOUT_SETUP|ON|2026-08-05 11:43"",""threshold"":0,""value"":5.599999999998545,""since_minute_bucket_ist"":"""",""last_updated_ist"":""2026-08-05 11:43:00""}"
2026-08-05 00:00:00,2026-08-05 11:43:00,149,NIFTY,VOL_EXPANSION,OFF,MED,-0.0024,Volatility expanding (straddle up),"{""dedupe_key"":""NIFTY|VOL_EXPANSION|OFF|2026-08-05 11:43"",""threshold"":0.02,""value"":-0.0024,""since_minute_bucket_ist"":""2026-08-05 11:41"",""last_updated_ist"":""2026-08-05 11:43:00""}"
2026-08-05 00:00:00,2026-08-05 11:43:00,149,NIFTY,OPTION_MOMENTUM_CALL,ON,MED,3.4,ATM CALL momentum (ltp up + vol up),"{""dedupe_key"":""NIFTY|OPTION_MOMENTUM_CALL|ON|2026-08-05 11:43"",""threshold"":1.5,""value"":3.4,""since_minute_bucket_ist"":"""",""last_updated_ist"":""2026-08-05 11:43:00""}"
2026-08-05 00:00:00,2026-08-05 11:43:00,149,NIFTY,CHURN_COMMITTED,ON,MED,0.0002,Price move + aligned flow (committed),"{""dedupe_key"":""NIFTY|CHURN_COMMITTED|ON|2026-08-05 11:43"",""threshold"":0.0001,""value"":0.0002,""since_minute_bucket_ist"":"""",""last_updated_ist"":""2026-08-05 11:43:00""}"
2026-08-05 00:00:00,2026-08-05 11:43:00,149,NIFTY,WALL_PRESSURE_BREAK_SETUP,ON,MED,5.599999999998545,Pressure building into a wall (break setup),"{""dedupe_key"":""NIFTY|WALL_PRESSURE_BREAK_SETUP|ON|2026-08-05 11:43"",""threshold"":0,""value"":5.599999999998545,""since_minute_bucket_ist"":"""",""last_updated_ist"":""2026-08-05 11:43:00""}"
2026-08-05 00:00:00,2026-08-05 11:44:00,150,NIFTY,FLOW_BOTH_BUILDING,ON,MED,0.0052,Both sides building (straddle build) → higher chop risk,"{""dedupe_key"":""NIFTY|FLOW_BOTH_BUILDING|ON|2026-08-05 11:44"",""threshold"":0.005,""value"":0.0052,""since_minute_bucket_ist"":"""",""last_updated_ist"":""2026-08-05 11:44:00""}"
2026-08-05 00:00:00,2026-08-05 11:44:00,150,NIFTY,FLOW_BULLISH_BUILD,OFF,HIGH,0.0095,Bullish build (premium-confirmed writing / support),"{""dedupe_key"":""NIFTY|FLOW_BULLISH_BUILD|OFF|2026-08-05 11:44"",""threshold"":0.005,""value"":0.0095,""since_minute_bucket_ist"":""2026-08-05 11:43"",""last_updated_ist"":""2026-08-05 11:44:00""}"
2026-08-05 00:00:00,2026-08-05 11:44:00,150,NIFTY,PIN_BREAKOUT_SETUP,OFF,MED,-2.25,Pin breakout setup (wall touch + aligned flow),"{""dedupe_key"":""NIFTY|PIN_BREAKOUT_SETUP|OFF|2026-08-05 11:44"",""threshold"":0,""value"":-2.25,""since_minute_bucket_ist"":""2026-08-05 11:43"",""last_updated_ist"":""2026-08-05 11:44:00""}"
2026-08-05 00:00:00,2026-08-05 11:44:00,150,NIFTY,VOL_CONTRACTION,ON,LOW,-0.0014,Volatility contracting (straddle down),"{""dedupe_key"":""NIFTY|VOL_CONTRACTION|ON|2026-08-05 11:44"",""threshold"":-0.03,""value"":-0.0014,""since_minute_bucket_ist"":"""",""last_updated_ist"":""2026-08-05 11:44:00""}"
2026-08-05 00:00:00,2026-08-05 11:44:00,150,NIFTY,WALL_UNWIND_CONFIRM_DOWN,OFF,MED,0.0067,Put wall OI unwinding (5m),"{""dedupe_key"":""NIFTY|WALL_UNWIND_CONFIRM_DOWN|OFF|2026-08-05 11:44"",""threshold"":-0.006,""value"":0.0067,""since_minute_bucket_ist"":""2026-08-05 11:31"",""last_updated_ist"":""2026-08-05 11:44:00""}"
2026-08-05 00:00:00,2026-08-05 11:44:00,150,NIFTY,CHURN_COMMITTED,OFF,MED,-0.0001,Price move + aligned flow (committed),"{""dedupe_key"":""NIFTY|CHURN_COMMITTED|OFF|2026-08-05 11:44"",""threshold"":0.0001,""value"":-0.0001,""since_minute_bucket_ist"":""2026-08-05 11:43"",""last_updated_ist"":""2026-08-05 11:44:00""}"
2026-08-05 00:00:00,2026-08-05 11:44:00,150,NIFTY,WALL_PRESSURE_BREAK_SETUP,OFF,MED,-2.25,Pressure building into a wall (break setup),"{""dedupe_key"":""NIFTY|WALL_PRESSURE_BREAK_SETUP|OFF|2026-08-05 11:44"",""threshold"":0,""value"":-2.25,""since_minute_bucket_ist"":""2026-08-05 11:43"",""last_updated_ist"":""2026-08-05 11:44:00""}"
2026-08-05 00:00:00,2026-08-05 11:45:00,151,NIFTY,FLOW_BOTH_BUILDING,OFF,MED,0,Both sides building (straddle build) → higher chop risk,"{""dedupe_key"":""NIFTY|FLOW_BOTH_BUILDING|OFF|2026-08-05 11:45"",""threshold"":0.005,""value"":0,""since_minute_bucket_ist"":""2026-08-05 11:44"",""last_updated_ist"":""2026-08-05 11:45:00""}"
2026-08-05 00:00:00,2026-08-05 11:45:00,151,NIFTY,OPTION_MOMENTUM_CALL,OFF,MED,0,ATM CALL momentum (ltp up + vol up),"{""dedupe_key"":""NIFTY|OPTION_MOMENTUM_CALL|OFF|2026-08-05 11:45"",""threshold"":1.5,""value"":0,""since_minute_bucket_ist"":""2026-08-05 11:43"",""last_updated_ist"":""2026-08-05 11:45:00""}"
2026-08-05 00:00:00,2026-08-05 11:46:00,152,NIFTY,FLOW_BEARISH_BUILD,ON,HIGH,0.0025,Bearish build (premium-confirmed writing / resistance),"{""dedupe_key"":""NIFTY|FLOW_BEARISH_BUILD|ON|2026-08-05 11:46"",""threshold"":0.005,""value"":0.0025,""since_minute_bucket_ist"":"""",""last_updated_ist"":""2026-08-05 11:46:00""}"
2026-08-05 00:00:00,2026-08-05 11:46:00,152,NIFTY,VOL_CONTRACTION,OFF,LOW,-0.008,Volatility contracting (straddle down),"{""dedupe_key"":""NIFTY|VOL_CONTRACTION|OFF|2026-08-05 11:46"",""threshold"":-0.03,""value"":-0.008,""since_minute_bucket_ist"":""2026-08-05 11:44"",""last_updated_ist"":""2026-08-05 11:46:00""}"
2026-08-05 00:00:00,2026-08-05 11:46:00,152,NIFTY,OPTION_MOMENTUM_PUT,ON,MED,2.95,ATM PUT momentum (ltp up + vol up),"{""dedupe_key"":""NIFTY|OPTION_MOMENTUM_PUT|ON|2026-08-05 11:46"",""threshold"":1.5,""value"":2.95,""since_minute_bucket_ist"":"""",""last_updated_ist"":""2026-08-05 11:46:00""}"
2026-08-05 00:00:00,2026-08-05 11:47:00,153,NIFTY,FLOW_BEARISH_BUILD,OFF,HIGH,0.0014,Bearish build (premium-confirmed writing / resistance),"{""dedupe_key"":""NIFTY|FLOW_BEARISH_BUILD|OFF|2026-08-05 11:47"",""threshold"":0.005,""value"":0.0014,""since_minute_bucket_ist"":""2026-08-05 11:46"",""last_updated_ist"":""2026-08-05 11:47:00""}"
2026-08-05 00:00:00,2026-08-05 11:48:00,154,NIFTY,OPTION_MOMENTUM_PUT,OFF,MED,-0.8,ATM PUT momentum (ltp up + vol up),"{""dedupe_key"":""NIFTY|OPTION_MOMENTUM_PUT|OFF|2026-08-05 11:48"",""threshold"":1.5,""value"":-0.8,""since_minute_bucket_ist"":""2026-08-05 11:46"",""last_updated_ist"":""2026-08-05 11:48:00""}"
2026-08-05 00:00:00,2026-08-05 11:50:00,156,NIFTY,FLOW_BEARISH_BUILD,ON,HIGH,0.0018,Bearish build (premium-confirmed writing / resistance),"{""dedupe_key"":""NIFTY|FLOW_BEARISH_BUILD|ON|2026-08-05 11:50"",""threshold"":0.005,""value"":0.0018,""since_minute_bucket_ist"":"""",""last_updated_ist"":""2026-08-05 11:50:00""}"
2026-08-05 00:00:00,2026-08-05 11:50:00,156,NIFTY,PIN_BREAKOUT_SETUP,ON,MED,-10.099999999998545,Pin breakout setup (wall touch + aligned flow),"{""dedupe_key"":""NIFTY|PIN_BREAKOUT_SETUP|ON|2026-08-05 11:50"",""threshold"":0,""value"":-10.099999999998545,""since_minute_bucket_ist"":"""",""last_updated_ist"":""2026-08-05 11:50:00""}"
2026-08-05 00:00:00,2026-08-05 11:50:00,156,NIFTY,EXP_RANGE_BREAKOUT_WATCH_DOWN,ON,MED,24580.2,Expected-range watch DOWN,"{""dedupe_key"":""NIFTY|EXP_RANGE_BREAKOUT_WATCH_DOWN|ON|2026-08-05 11:50"",""threshold"":24585.82,""value"":24580.2,""since_minute_bucket_ist"":"""",""last_updated_ist"":""2026-08-05 11:50:00""}"
2026-08-05 00:00:00,2026-08-05 11:50:00,156,NIFTY,VOL_EXPANSION,ON,MED,0.0105,Volatility expanding (straddle up),"{""dedupe_key"":""NIFTY|VOL_EXPANSION|ON|2026-08-05 11:50"",""threshold"":0.02,""value"":0.0105,""since_minute_bucket_ist"":"""",""last_updated_ist"":""2026-08-05 11:50:00""}"
2026-08-05 00:00:00,2026-08-05 11:50:00,156,NIFTY,OPTION_MOMENTUM_PUT,ON,MED,6.35,ATM PUT momentum (ltp up + vol up),"{""dedupe_key"":""NIFTY|OPTION_MOMENTUM_PUT|ON|2026-08-05 11:50"",""threshold"":1.5,""value"":6.35,""since_minute_bucket_ist"":"""",""last_updated_ist"":""2026-08-05 11:50:00""}"
2026-08-05 00:00:00,2026-08-05 11:50:00,156,NIFTY,CHURN_COMMITTED,ON,MED,-0.0004,Price move + aligned flow (committed),"{""dedupe_key"":""NIFTY|CHURN_COMMITTED|ON|2026-08-05 11:50"",""threshold"":0.0001,""value"":-0.0004,""since_minute_bucket_ist"":"""",""last_updated_ist"":""2026-08-05 11:50:00""}"
2026-08-05 00:00:00,2026-08-05 11:50:00,156,NIFTY,WALL_PRESSURE_BREAK_SETUP,ON,MED,-10.099999999998545,Pressure building into a wall (break setup),"{""dedupe_key"":""NIFTY|WALL_PRESSURE_BREAK_SETUP|ON|2026-08-05 11:50"",""threshold"":0,""value"":-10.099999999998545,""since_minute_bucket_ist"":"""",""last_updated_ist"":""2026-08-05 11:50:00""}"
2026-08-05 00:00:00,2026-08-05 11:51:00,157,NIFTY,TRADE_LIMIT_REACHED,ON,MED,7,Cooldown active (2m),"{""dedupe_key"":""NIFTY|TRADE_LIMIT_REACHED|ON|2026-08-05 11:51"",""threshold"":500,""value"":7,""since_minute_bucket_ist"":"""",""last_updated_ist"":""2026-08-05 11:51:00""}"
2026-08-05 00:00:00,2026-08-05 11:51:00,157,NIFTY,FLOW_BEARISH_BUILD,OFF,HIGH,-0.0054,Bearish build (premium-confirmed writing / resistance),"{""dedupe_key"":""NIFTY|FLOW_BEARISH_BUILD|OFF|2026-08-05 11:51"",""threshold"":0.005,""value"":-0.0054,""since_minute_bucket_ist"":""2026-08-05 11:50"",""last_updated_ist"":""2026-08-05 11:51:00""}"
2026-08-05 00:00:00,2026-08-05 11:51:00,157,NIFTY,PIN_BREAKOUT_SETUP,OFF,MED,-7.850000000002183,Pin breakout setup (wall touch + aligned flow),"{""dedupe_key"":""NIFTY|PIN_BREAKOUT_SETUP|OFF|2026-08-05 11:51"",""threshold"":0,""value"":-7.850000000002183,""since_minute_bucket_ist"":""2026-08-05 11:50"",""last_updated_ist"":""2026-08-05 11:51:00""}"
2026-08-05 00:00:00,2026-08-05 11:51:00,157,NIFTY,EXP_RANGE_BREAKOUT_CONFIRMED_DOWN,ON,HIGH,2,Expected-range breakout CONFIRMED DOWN,"{""dedupe_key"":""NIFTY|EXP_RANGE_BREAKOUT_CONFIRMED_DOWN|ON|2026-08-05 11:51"",""threshold"":2,""value"":2,""since_minute_bucket_ist"":"""",""last_updated_ist"":""2026-08-05 11:51:00""}"
2026-08-05 00:00:00,2026-08-05 11:51:00,157,NIFTY,CHURN_COMMITTED,OFF,MED,-0.0003,Price move + aligned flow (committed),"{""dedupe_key"":""NIFTY|CHURN_COMMITTED|OFF|2026-08-05 11:51"",""threshold"":0.0001,""value"":-0.0003,""since_minute_bucket_ist"":""2026-08-05 11:50"",""last_updated_ist"":""2026-08-05 11:51:00""}"
2026-08-05 00:00:00,2026-08-05 11:51:00,157,NIFTY,WALL_SHIFT_REGIME,ON,MED,1,Wall strike shifted materially (>= 1 step),"{""dedupe_key"":""NIFTY|WALL_SHIFT_REGIME|ON|2026-08-05 11:51"",""threshold"":1,""value"":1,""since_minute_bucket_ist"":"""",""last_updated_ist"":""2026-08-05 11:51:00""}"
2026-08-05 00:00:00,2026-08-05 11:51:00,157,NIFTY,WALL_PRESSURE_BREAK_SETUP,OFF,MED,-7.850000000002183,Pressure building into a wall (break setup),"{""dedupe_key"":""NIFTY|WALL_PRESSURE_BREAK_SETUP|OFF|2026-08-05 11:51"",""threshold"":0,""value"":-7.850000000002183,""since_minute_bucket_ist"":""2026-08-05 11:50"",""last_updated_ist"":""2026-08-05 11:51:00""}"
2026-08-05 00:00:00,2026-08-05 11:52:00,158,NIFTY,TRADE_LIMIT_REACHED,OFF,MED,7,Cooldown active (2m),"{""dedupe_key"":""NIFTY|TRADE_LIMIT_REACHED|OFF|2026-08-05 11:52"",""threshold"":500,""value"":7,""since_minute_bucket_ist"":""2026-08-05 11:51"",""last_updated_ist"":""2026-08-05 11:52:00""}"
2026-08-05 00:00:00,2026-08-05 11:52:00,158,NIFTY,OPTION_MOMENTUM_PUT,OFF,MED,-1.2,ATM PUT momentum (ltp up + vol up),"{""dedupe_key"":""NIFTY|OPTION_MOMENTUM_PUT|OFF|2026-08-05 11:52"",""threshold"":1.5,""value"":-1.2,""since_minute_bucket_ist"":""2026-08-05 11:50"",""last_updated_ist"":""2026-08-05 11:52:00""}"
2026-08-05 00:00:00,2026-08-05 11:52:00,158,NIFTY,WALL_SHIFT_REGIME,OFF,MED,1,Wall strike shifted materially (>= 1 step),"{""dedupe_key"":""NIFTY|WALL_SHIFT_REGIME|OFF|2026-08-05 11:52"",""threshold"":1,""value"":1,""since_minute_bucket_ist"":""2026-08-05 11:51"",""last_updated_ist"":""2026-08-05 11:52:00""}"
2026-08-05 00:00:00,2026-08-05 11:53:00,159,NIFTY,EXP_RANGE_BREAKOUT_WATCH_DOWN,OFF,MED,24576.65,Expected-range watch DOWN,"{""dedupe_key"":""NIFTY|EXP_RANGE_BREAKOUT_WATCH_DOWN|OFF|2026-08-05 11:53"",""threshold"":24575.31,""value"":24576.65,""since_minute_bucket_ist"":""2026-08-05 11:50"",""last_updated_ist"":""2026-08-05 11:53:00""}"
2026-08-05 00:00:00,2026-08-05 11:53:00,159,NIFTY,EXP_RANGE_BREAKOUT_CONFIRMED_DOWN,OFF,HIGH,0,Expected-range breakout CONFIRMED DOWN,"{""dedupe_key"":""NIFTY|EXP_RANGE_BREAKOUT_CONFIRMED_DOWN|OFF|2026-08-05 11:53"",""threshold"":2,""value"":0,""since_minute_bucket_ist"":""2026-08-05 11:51"",""last_updated_ist"":""2026-08-05 11:53:00""}"
2026-08-05 00:00:00,2026-08-05 11:53:00,159,NIFTY,VOL_EXPANSION,OFF,MED,0.0091,Volatility expanding (straddle up),"{""dedupe_key"":""NIFTY|VOL_EXPANSION|OFF|2026-08-05 11:53"",""threshold"":0.02,""value"":0.0091,""since_minute_bucket_ist"":""2026-08-05 11:50"",""last_updated_ist"":""2026-08-05 11:53:00""}"
2026-08-05 00:00:00,2026-08-05 11:53:00,159,NIFTY,OPTION_MOMENTUM_CALL,ON,MED,2.75,ATM CALL momentum (ltp up + vol up),"{""dedupe_key"":""NIFTY|OPTION_MOMENTUM_CALL|ON|2026-08-05 11:53"",""threshold"":1.5,""value"":2.75,""since_minute_bucket_ist"":"""",""last_updated_ist"":""2026-08-05 11:53:00""}"
2026-08-05 00:00:00,2026-08-05 11:53:00,159,NIFTY,WALL_UNWIND_CONFIRM_DOWN,ON,MED,-0.0493,Put wall OI unwinding (5m),"{""dedupe_key"":""NIFTY|WALL_UNWIND_CONFIRM_DOWN|ON|2026-08-05 11:53"",""threshold"":-0.006,""value"":-0.0493,""since_minute_bucket_ist"":"""",""last_updated_ist"":""2026-08-05 11:53:00""}"
2026-08-05 00:00:00,2026-08-05 11:53:00,159,NIFTY,STEALTH_BUILD_BEAR,ON,MED,0.0122,"Stealth bearish build (calls build, spot flat)","{""dedupe_key"":""NIFTY|STEALTH_BUILD_BEAR|ON|2026-08-05 11:53"",""threshold"":0.008,""value"":0.0122,""since_minute_bucket_ist"":"""",""last_updated_ist"":""2026-08-05 11:53:00""}"
2026-08-05 00:00:00,2026-08-05 11:53:00,159,NIFTY,WALL_SHIFT_REGIME,ON,MED,1,Wall strike shifted materially (>= 1 step),"{""dedupe_key"":""NIFTY|WALL_SHIFT_REGIME|ON|2026-08-05 11:53"",""threshold"":1,""value"":1,""since_minute_bucket_ist"":"""",""last_updated_ist"":""2026-08-05 11:53:00""}"
2026-08-05 00:00:00,2026-08-05 11:54:00,160,NIFTY,FLOW_BEARISH_BUILD,ON,HIGH,0.0109,Bearish build (premium-confirmed writing / resistance),"{""dedupe_key"":""NIFTY|FLOW_BEARISH_BUILD|ON|2026-08-05 11:54"",""threshold"":0.005,""value"":0.0109,""since_minute_bucket_ist"":"""",""last_updated_ist"":""2026-08-05 11:54:00""}"
2026-08-05 00:00:00,2026-08-05 11:54:00,160,NIFTY,REGIME_BREAKOUT_DOWN,ON,HIGH,2,Breakout DOWN (held below put wall),"{""dedupe_key"":""NIFTY|REGIME_BREAKOUT_DOWN|ON|2026-08-05 11:54"",""threshold"":2,""value"":2,""since_minute_bucket_ist"":"""",""last_updated_ist"":""2026-08-05 11:54:00""}"
2026-08-05 00:00:00,2026-08-05 11:54:00,160,NIFTY,REGIME_TRANSITION_UNCERTAIN,OFF,LOW,1,Transition/uncertain regime,"{""dedupe_key"":""NIFTY|REGIME_TRANSITION_UNCERTAIN|OFF|2026-08-05 11:54"",""threshold"":1,""value"":1,""since_minute_bucket_ist"":""2026-08-05 11:34"",""last_updated_ist"":""2026-08-05 11:54:00""}"
2026-08-05 00:00:00,2026-08-05 11:54:00,160,NIFTY,PIN_BREAKOUT_SETUP,ON,MED,-1.0500000000029104,Pin breakout setup (wall touch + aligned flow),"{""dedupe_key"":""NIFTY|PIN_BREAKOUT_SETUP|ON|2026-08-05 11:54"",""threshold"":0,""value"":-1.0500000000029104,""since_minute_bucket_ist"":"""",""last_updated_ist"":""2026-08-05 11:54:00""}"
2026-08-05 00:00:00,2026-08-05 11:54:00,160,NIFTY,OPTION_MOMENTUM_CALL,OFF,MED,-0.3,ATM CALL momentum (ltp up + vol up),"{""dedupe_key"":""NIFTY|OPTION_MOMENTUM_CALL|OFF|2026-08-05 11:54"",""threshold"":1.5,""value"":-0.3,""since_minute_bucket_ist"":""2026-08-05 11:53"",""last_updated_ist"":""2026-08-05 11:54:00""}"
2026-08-05 00:00:00,2026-08-05 11:54:00,160,NIFTY,OPTION_MOMENTUM_PUT,ON,MED,1.6,ATM PUT momentum (ltp up + vol up),"{""dedupe_key"":""NIFTY|OPTION_MOMENTUM_PUT|ON|2026-08-05 11:54"",""threshold"":1.5,""value"":1.6,""since_minute_bucket_ist"":"""",""last_updated_ist"":""2026-08-05 11:54:00""}"
2026-08-05 00:00:00,2026-08-05 11:54:00,160,NIFTY,WALL_SHIFT_REGIME,OFF,MED,1,Wall strike shifted materially (>= 1 step),"{""dedupe_key"":""NIFTY|WALL_SHIFT_REGIME|OFF|2026-08-05 11:54"",""threshold"":1,""value"":1,""since_minute_bucket_ist"":""2026-08-05 11:53"",""last_updated_ist"":""2026-08-05 11:54:00""}"
2026-08-05 00:00:00,2026-08-05 11:54:00,160,NIFTY,WALL_PRESSURE_BREAK_SETUP,ON,MED,-1.0500000000029104,Pressure building into a wall (break setup),"{""dedupe_key"":""NIFTY|WALL_PRESSURE_BREAK_SETUP|ON|2026-08-05 11:54"",""threshold"":0,""value"":-1.0500000000029104,""since_minute_bucket_ist"":"""",""last_updated_ist"":""2026-08-05 11:54:00""}"
2026-08-05 00:00:00,2026-08-05 11:55:00,161,NIFTY,TRADE_LIMIT_REACHED,ON,MED,8,Cooldown active (2m),"{""dedupe_key"":""NIFTY|TRADE_LIMIT_REACHED|ON|2026-08-05 11:55"",""threshold"":500,""value"":8,""since_minute_bucket_ist"":"""",""last_updated_ist"":""2026-08-05 11:55:00""}"
2026-08-05 00:00:00,2026-08-05 11:55:00,161,NIFTY,FLOW_BULLISH_BUILD,ON,HIGH,0,Bullish build (premium-confirmed writing / support),"{""dedupe_key"":""NIFTY|FLOW_BULLISH_BUILD|ON|2026-08-05 11:55"",""threshold"":0.005,""value"":0,""since_minute_bucket_ist"":"""",""last_updated_ist"":""2026-08-05 11:55:00""}"
2026-08-05 00:00:00,2026-08-05 11:55:00,161,NIFTY,FLOW_BEARISH_BUILD,OFF,HIGH,0,Bearish build (premium-confirmed writing / resistance),"{""dedupe_key"":""NIFTY|FLOW_BEARISH_BUILD|OFF|2026-08-05 11:55"",""threshold"":0.005,""value"":0,""since_minute_bucket_ist"":""2026-08-05 11:54"",""last_updated_ist"":""2026-08-05 11:55:00""}"
2026-08-05 00:00:00,2026-08-05 11:55:00,161,NIFTY,REGIME_RANGE_PIN,ON,LOW,0.0002,Range / pin (inside local walls),"{""dedupe_key"":""NIFTY|REGIME_RANGE_PIN|ON|2026-08-05 11:55"",""threshold"":0.001,""value"":0.0002,""since_minute_bucket_ist"":"""",""last_updated_ist"":""2026-08-05 11:55:00""}"
2026-08-05 00:00:00,2026-08-05 11:55:00,161,NIFTY,REGIME_BREAKOUT_DOWN,OFF,HIGH,0,Breakout DOWN (held below put wall),"{""dedupe_key"":""NIFTY|REGIME_BREAKOUT_DOWN|OFF|2026-08-05 11:55"",""threshold"":2,""value"":0,""since_minute_bucket_ist"":""2026-08-05 11:54"",""last_updated_ist"":""2026-08-05 11:55:00""}"
2026-08-05 00:00:00,2026-08-05 11:55:00,161,NIFTY,PIN_BREAKOUT_SETUP,OFF,MED,-1.3999999999978172,Pin breakout setup (wall touch + aligned flow),"{""dedupe_key"":""NIFTY|PIN_BREAKOUT_SETUP|OFF|2026-08-05 11:55"",""threshold"":0,""value"":-1.3999999999978172,""since_minute_bucket_ist"":""2026-08-05 11:54"",""last_updated_ist"":""2026-08-05 11:55:00""}"
2026-08-05 00:00:00,2026-08-05 11:55:00,161,NIFTY,VOL_EXPANSION,ON,MED,-0.0017,Volatility expanding (straddle up),"{""dedupe_key"":""NIFTY|VOL_EXPANSION|ON|2026-08-05 11:55"",""threshold"":0.02,""value"":-0.0017,""since_minute_bucket_ist"":"""",""last_updated_ist"":""2026-08-05 11:55:00""}"
2026-08-05 00:00:00,2026-08-05 11:55:00,161,NIFTY,OPTION_MOMENTUM_PUT,OFF,MED,-0.1,ATM PUT momentum (ltp up + vol up),"{""dedupe_key"":""NIFTY|OPTION_MOMENTUM_PUT|OFF|2026-08-05 11:55"",""threshold"":1.5,""value"":-0.1,""since_minute_bucket_ist"":""2026-08-05 11:54"",""last_updated_ist"":""2026-08-05 11:55:00""}"
2026-08-05 00:00:00,2026-08-05 11:55:00,161,NIFTY,WALL_UNWIND_CONFIRM_DOWN,OFF,MED,0,Put wall OI unwinding (5m),"{""dedupe_key"":""NIFTY|WALL_UNWIND_CONFIRM_DOWN|OFF|2026-08-05 11:55"",""threshold"":-0.006,""value"":0,""since_minute_bucket_ist"":""2026-08-05 11:53"",""last_updated_ist"":""2026-08-05 11:55:00""}"
2026-08-05 00:00:00,2026-08-05 11:55:00,161,NIFTY,STEALTH_BUILD_BEAR,OFF,MED,0,"Stealth bearish build (calls build, spot flat)","{""dedupe_key"":""NIFTY|STEALTH_BUILD_BEAR|OFF|2026-08-05 11:55"",""threshold"":0.008,""value"":0,""since_minute_bucket_ist"":""2026-08-05 11:53"",""last_updated_ist"":""2026-08-05 11:55:00""}"
2026-08-05 00:00:00,2026-08-05 11:55:00,161,NIFTY,WALL_SHIFT_REGIME,ON,MED,1,Wall strike shifted materially (>= 1 step),"{""dedupe_key"":""NIFTY|WALL_SHIFT_REGIME|ON|2026-08-05 11:55"",""threshold"":1,""value"":1,""since_minute_bucket_ist"":"""",""last_updated_ist"":""2026-08-05 11:55:00""}"
2026-08-05 00:00:00,2026-08-05 11:55:00,161,NIFTY,WALL_PRESSURE_BREAK_SETUP,OFF,MED,-1.3999999999978172,Pressure building into a wall (break setup),"{""dedupe_key"":""NIFTY|WALL_PRESSURE_BREAK_SETUP|OFF|2026-08-05 11:55"",""threshold"":0,""value"":-1.3999999999978172,""since_minute_bucket_ist"":""2026-08-05 11:54"",""last_updated_ist"":""2026-08-05 11:55:00""}"
2026-08-05 00:00:00,2026-08-05 11:56:00,162,NIFTY,FLOW_BOTH_BUILDING,ON,MED,0.0058,Both sides building (straddle build) → higher chop risk,"{""dedupe_key"":""NIFTY|FLOW_BOTH_BUILDING|ON|2026-08-05 11:56"",""threshold"":0.005,""value"":0.0058,""since_minute_bucket_ist"":"""",""last_updated_ist"":""2026-08-05 11:56:00""}"
2026-08-05 00:00:00,2026-08-05 11:56:00,162,NIFTY,FLOW_BULLISH_BUILD,OFF,HIGH,0.0058,Bullish build (premium-confirmed writing / support),"{""dedupe_key"":""NIFTY|FLOW_BULLISH_BUILD|OFF|2026-08-05 11:56"",""threshold"":0.005,""value"":0.0058,""since_minute_bucket_ist"":""2026-08-05 11:55"",""last_updated_ist"":""2026-08-05 11:56:00""}"
2026-08-05 00:00:00,2026-08-05 11:56:00,162,NIFTY,OPTION_MOMENTUM_PUT,ON,MED,3.85,ATM PUT momentum (ltp up + vol up),"{""dedupe_key"":""NIFTY|OPTION_MOMENTUM_PUT|ON|2026-08-05 11:56"",""threshold"":1.5,""value"":3.85,""since_minute_bucket_ist"":"""",""last_updated_ist"":""2026-08-05 11:56:00""}"
2026-08-05 00:00:00,2026-08-05 11:56:00,162,NIFTY,WALL_UNWIND_CONFIRM_DOWN,ON,MED,-0.0149,Put wall OI unwinding (5m),"{""dedupe_key"":""NIFTY|WALL_UNWIND_CONFIRM_DOWN|ON|2026-08-05 11:56"",""threshold"":-0.006,""value"":-0.0149,""since_minute_bucket_ist"":"""",""last_updated_ist"":""2026-08-05 11:56:00""}"
2026-08-05 00:00:00,2026-08-05 11:56:00,162,NIFTY,WALL_SHIFT_REGIME,OFF,MED,1,Wall strike shifted materially (>= 1 step),"{""dedupe_key"":""NIFTY|WALL_SHIFT_REGIME|OFF|2026-08-05 11:56"",""threshold"":1,""value"":1,""since_minute_bucket_ist"":""2026-08-05 11:55"",""last_updated_ist"":""2026-08-05 11:56:00""}"
2026-08-05 00:00:00,2026-08-05 11:57:00,163,NIFTY,TRADE_LIMIT_REACHED,OFF,MED,8,Cooldown active (2m),"{""dedupe_key"":""NIFTY|TRADE_LIMIT_REACHED|OFF|2026-08-05 11:57"",""threshold"":500,""value"":8,""since_minute_bucket_ist"":""2026-08-05 11:55"",""last_updated_ist"":""2026-08-05 11:57:00""}"
2026-08-05 00:00:00,2026-08-05 11:57:00,163,NIFTY,FLOW_BOTH_BUILDING,OFF,MED,-0.0074,Both sides building (straddle build) → higher chop risk,"{""dedupe_key"":""NIFTY|FLOW_BOTH_BUILDING|OFF|2026-08-05 11:57"",""threshold"":0.005,""value"":-0.0074,""since_minute_bucket_ist"":""2026-08-05 11:56"",""last_updated_ist"":""2026-08-05 11:57:00""}"
2026-08-05 00:00:00,2026-08-05 11:57:00,163,NIFTY,FLOW_BEARISH_BUILD,ON,HIGH,0.0058,Bearish build (premium-confirmed writing / resistance),"{""dedupe_key"":""NIFTY|FLOW_BEARISH_BUILD|ON|2026-08-05 11:57"",""threshold"":0.005,""value"":0.0058,""since_minute_bucket_ist"":"""",""last_updated_ist"":""2026-08-05 11:57:00""}"
2026-08-05 00:00:00,2026-08-05 11:57:00,163,NIFTY,EXP_RANGE_BREAKOUT_WATCH_DOWN,ON,MED,24565.8,Expected-range watch DOWN,"{""dedupe_key"":""NIFTY|EXP_RANGE_BREAKOUT_WATCH_DOWN|ON|2026-08-05 11:57"",""threshold"":24566.94,""value"":24565.8,""since_minute_bucket_ist"":"""",""last_updated_ist"":""2026-08-05 11:57:00""}"
2026-08-05 00:00:00,2026-08-05 11:57:00,163,NIFTY,CHURN_COMMITTED,ON,MED,-0.0002,Price move + aligned flow (committed),"{""dedupe_key"":""NIFTY|CHURN_COMMITTED|ON|2026-08-05 11:57"",""threshold"":0.0001,""value"":-0.0002,""since_minute_bucket_ist"":"""",""last_updated_ist"":""2026-08-05 11:57:00""}"
2026-08-05 00:00:00,2026-08-05 11:58:00,164,NIFTY,FLOW_BEARISH_BUILD,OFF,HIGH,0.004,Bearish build (premium-confirmed writing / resistance),"{""dedupe_key"":""NIFTY|FLOW_BEARISH_BUILD|OFF|2026-08-05 11:58"",""threshold"":0.005,""value"":0.004,""since_minute_bucket_ist"":""2026-08-05 11:57"",""last_updated_ist"":""2026-08-05 11:58:00""}"
2026-08-05 00:00:00,2026-08-05 11:58:00,164,NIFTY,REGIME_RANGE_PIN,OFF,LOW,0.0001,Range / pin (inside local walls),"{""dedupe_key"":""NIFTY|REGIME_RANGE_PIN|OFF|2026-08-05 11:58"",""threshold"":0.001,""value"":0.0001,""since_minute_bucket_ist"":""2026-08-05 11:55"",""last_updated_ist"":""2026-08-05 11:58:00""}"
2026-08-05 00:00:00,2026-08-05 11:58:00,164,NIFTY,REGIME_TRANSITION_UNCERTAIN,ON,LOW,1,Transition/uncertain regime,"{""dedupe_key"":""NIFTY|REGIME_TRANSITION_UNCERTAIN|ON|2026-08-05 11:58"",""threshold"":1,""value"":1,""since_minute_bucket_ist"":"""",""last_updated_ist"":""2026-08-05 11:58:00""}"
2026-08-05 00:00:00,2026-08-05 11:58:00,164,NIFTY,EXP_RANGE_BREAKOUT_CONFIRMED_DOWN,ON,HIGH,2,Expected-range breakout CONFIRMED DOWN,"{""dedupe_key"":""NIFTY|EXP_RANGE_BREAKOUT_CONFIRMED_DOWN|ON|2026-08-05 11:58"",""threshold"":2,""value"":2,""since_minute_bucket_ist"":"""",""last_updated_ist"":""2026-08-05 11:58:00""}"
2026-08-05 00:00:00,2026-08-05 11:58:00,164,NIFTY,OPTION_MOMENTUM_CALL,ON,MED,2.15,ATM CALL momentum (ltp up + vol up),"{""dedupe_key"":""NIFTY|OPTION_MOMENTUM_CALL|ON|2026-08-05 11:58"",""threshold"":1.5,""value"":2.15,""since_minute_bucket_ist"":"""",""last_updated_ist"":""2026-08-05 11:58:00""}"
2026-08-05 00:00:00,2026-08-05 11:58:00,164,NIFTY,OPTION_MOMENTUM_PUT,OFF,MED,0.75,ATM PUT momentum (ltp up + vol up),"{""dedupe_key"":""NIFTY|OPTION_MOMENTUM_PUT|OFF|2026-08-05 11:58"",""threshold"":1.5,""value"":0.75,""since_minute_bucket_ist"":""2026-08-05 11:56"",""last_updated_ist"":""2026-08-05 11:58:00""}"
2026-08-05 00:00:00,2026-08-05 11:58:00,164,NIFTY,WALL_UNWIND_CONFIRM_DOWN,OFF,MED,0,Put wall OI unwinding (5m),"{""dedupe_key"":""NIFTY|WALL_UNWIND_CONFIRM_DOWN|OFF|2026-08-05 11:58"",""threshold"":-0.006,""value"":0,""since_minute_bucket_ist"":""2026-08-05 11:56"",""last_updated_ist"":""2026-08-05 11:58:00""}"
2026-08-05 00:00:00,2026-08-05 11:58:00,164,NIFTY,CHURN_COMMITTED,OFF,MED,-0.0001,Price move + aligned flow (committed),"{""dedupe_key"":""NIFTY|CHURN_COMMITTED|OFF|2026-08-05 11:58"",""threshold"":0.0001,""value"":-0.0001,""since_minute_bucket_ist"":""2026-08-05 11:57"",""last_updated_ist"":""2026-08-05 11:58:00""}"
2026-08-05 00:00:00,2026-08-05 11:59:00,165,NIFTY,REGIME_RANGE_PIN,ON,LOW,0.0001,Range / pin (inside local walls),"{""dedupe_key"":""NIFTY|REGIME_RANGE_PIN|ON|2026-08-05 11:59"",""threshold"":0.001,""value"":0.0001,""since_minute_bucket_ist"":"""",""last_updated_ist"":""2026-08-05 11:59:00""}"
2026-08-05 00:00:00,2026-08-05 11:59:00,165,NIFTY,REGIME_TRANSITION_UNCERTAIN,OFF,LOW,1,Transition/uncertain regime,"{""dedupe_key"":""NIFTY|REGIME_TRANSITION_UNCERTAIN|OFF|2026-08-05 11:59"",""threshold"":1,""value"":1,""since_minute_bucket_ist"":""2026-08-05 11:58"",""last_updated_ist"":""2026-08-05 11:59:00""}"
2026-08-05 00:00:00,2026-08-05 11:59:00,165,NIFTY,EXP_RANGE_BREAKOUT_WATCH_DOWN,OFF,MED,24565,Expected-range watch DOWN,"{""dedupe_key"":""NIFTY|EXP_RANGE_BREAKOUT_WATCH_DOWN|OFF|2026-08-05 11:59"",""threshold"":24563.41,""value"":24565,""since_minute_bucket_ist"":""2026-08-05 11:57"",""last_updated_ist"":""2026-08-05 11:59:00""}"
2026-08-05 00:00:00,2026-08-05 11:59:00,165,NIFTY,EXP_RANGE_BREAKOUT_CONFIRMED_DOWN,OFF,HIGH,0,Expected-range breakout CONFIRMED DOWN,"{""dedupe_key"":""NIFTY|EXP_RANGE_BREAKOUT_CONFIRMED_DOWN|OFF|2026-08-05 11:59"",""threshold"":2,""value"":0,""since_minute_bucket_ist"":""2026-08-05 11:58"",""last_updated_ist"":""2026-08-05 11:59:00""}"
2026-08-05 00:00:00,2026-08-05 11:59:00,165,NIFTY,OPTION_MOMENTUM_CALL,OFF,MED,-0.5,ATM CALL momentum (ltp up + vol up),"{""dedupe_key"":""NIFTY|OPTION_MOMENTUM_CALL|OFF|2026-08-05 11:59"",""threshold"":1.5,""value"":-0.5,""since_minute_bucket_ist"":""2026-08-05 11:58"",""last_updated_ist"":""2026-08-05 11:59:00""}"
2026-08-05 00:00:00,2026-08-05 12:00:00,166,NIFTY,VOL_EXPANSION,OFF,MED,0.0064,Volatility expanding (straddle up),"{""dedupe_key"":""NIFTY|VOL_EXPANSION|OFF|2026-08-05 12:00"",""threshold"":0.02,""value"":0.0064,""since_minute_bucket_ist"":""2026-08-05 11:55"",""last_updated_ist"":""2026-08-05 12:00:00""}"
2026-08-05 00:00:00,2026-08-05 12:00:00,166,NIFTY,WALL_UNWIND_CONFIRM_DOWN,ON,MED,-0.0216,Put wall OI unwinding (5m),"{""dedupe_key"":""NIFTY|WALL_UNWIND_CONFIRM_DOWN|ON|2026-08-05 12:00"",""threshold"":-0.006,""value"":-0.0216,""since_minute_bucket_ist"":"""",""last_updated_ist"":""2026-08-05 12:00:00""}"
2026-08-05 00:00:00,2026-08-05 12:00:00,166,NIFTY,STEALTH_BUILD_BEAR,ON,MED,0.012,"Stealth bearish build (calls build, spot flat)","{""dedupe_key"":""NIFTY|STEALTH_BUILD_BEAR|ON|2026-08-05 12:00"",""threshold"":0.008,""value"":0.012,""since_minute_bucket_ist"":"""",""last_updated_ist"":""2026-08-05 12:00:00""}"
2026-08-05 00:00:00,2026-08-05 12:01:00,167,NIFTY,STEALTH_BUILD_BEAR,OFF,MED,0,"Stealth bearish build (calls build, spot flat)","{""dedupe_key"":""NIFTY|STEALTH_BUILD_BEAR|OFF|2026-08-05 12:01"",""threshold"":0.008,""value"":0,""since_minute_bucket_ist"":""2026-08-05 12:00"",""last_updated_ist"":""2026-08-05 12:01:00""}"
2026-08-05 00:00:00,2026-08-05 12:02:00,168,NIFTY,OPTION_MOMENTUM_CALL,ON,MED,1.55,ATM CALL momentum (ltp up + vol up),"{""dedupe_key"":""NIFTY|OPTION_MOMENTUM_CALL|ON|2026-08-05 12:02"",""threshold"":1.5,""value"":1.55,""since_minute_bucket_ist"":"""",""last_updated_ist"":""2026-08-05 12:02:00""}"
2026-08-05 00:00:00,2026-08-05 12:02:00,168,NIFTY,STEALTH_BUILD_BEAR,ON,MED,0.0089,"Stealth bearish build (calls build, spot flat)","{""dedupe_key"":""NIFTY|STEALTH_BUILD_BEAR|ON|2026-08-05 12:02"",""threshold"":0.008,""value"":0.0089,""since_minute_bucket_ist"":"""",""last_updated_ist"":""2026-08-05 12:02:00""}"
2026-08-05 00:00:00,2026-08-05 12:03:00,169,NIFTY,REGIME_RANGE_PIN,OFF,LOW,0.0001,Range / pin (inside local walls),"{""dedupe_key"":""NIFTY|REGIME_RANGE_PIN|OFF|2026-08-05 12:03"",""threshold"":0.001,""value"":0.0001,""since_minute_bucket_ist"":""2026-08-05 11:59"",""last_updated_ist"":""2026-08-05 12:03:00""}"
2026-08-05 00:00:00,2026-08-05 12:03:00,169,NIFTY,REGIME_TRANSITION_UNCERTAIN,ON,LOW,1,Transition/uncertain regime,"{""dedupe_key"":""NIFTY|REGIME_TRANSITION_UNCERTAIN|ON|2026-08-05 12:03"",""threshold"":1,""value"":1,""since_minute_bucket_ist"":"""",""last_updated_ist"":""2026-08-05 12:03:00""}"
2026-08-05 00:00:00,2026-08-05 12:03:00,169,NIFTY,VOL_CONTRACTION,ON,LOW,-0.0329,Volatility contracting (straddle down),"{""dedupe_key"":""NIFTY|VOL_CONTRACTION|ON|2026-08-05 12:03"",""threshold"":-0.03,""value"":-0.0329,""since_minute_bucket_ist"":"""",""last_updated_ist"":""2026-08-05 12:03:00""}"
2026-08-05 00:00:00,2026-08-05 12:03:00,169,NIFTY,WALL_UNWIND_CONFIRM_DOWN,OFF,MED,0,Put wall OI unwinding (5m),"{""dedupe_key"":""NIFTY|WALL_UNWIND_CONFIRM_DOWN|OFF|2026-08-05 12:03"",""threshold"":-0.006,""value"":0,""since_minute_bucket_ist"":""2026-08-05 12:00"",""last_updated_ist"":""2026-08-05 12:03:00""}"
2026-08-05 00:00:00,2026-08-05 12:03:00,169,NIFTY,WALL_SHIFT_REGIME,ON,MED,1,Wall strike shifted materially (>= 1 step),"{""dedupe_key"":""NIFTY|WALL_SHIFT_REGIME|ON|2026-08-05 12:03"",""threshold"":1,""value"":1,""since_minute_bucket_ist"":"""",""last_updated_ist"":""2026-08-05 12:03:00""}"
2026-08-05 00:00:00,2026-08-05 12:04:00,170,NIFTY,REGIME_BREAKOUT_DOWN,ON,HIGH,2,Breakout DOWN (held below put wall),"{""dedupe_key"":""NIFTY|REGIME_BREAKOUT_DOWN|ON|2026-08-05 12:04"",""threshold"":2,""value"":2,""since_minute_bucket_ist"":"""",""last_updated_ist"":""2026-08-05 12:04:00""}"
2026-08-05 00:00:00,2026-08-05 12:04:00,170,NIFTY,REGIME_TRANSITION_UNCERTAIN,OFF,LOW,1,Transition/uncertain regime,"{""dedupe_key"":""NIFTY|REGIME_TRANSITION_UNCERTAIN|OFF|2026-08-05 12:04"",""threshold"":1,""value"":1,""since_minute_bucket_ist"":""2026-08-05 12:03"",""last_updated_ist"":""2026-08-05 12:04:00""}"
2026-08-05 00:00:00,2026-08-05 12:04:00,170,NIFTY,OPTION_MOMENTUM_CALL,OFF,MED,0,ATM CALL momentum (ltp up + vol up),"{""dedupe_key"":""NIFTY|OPTION_MOMENTUM_CALL|OFF|2026-08-05 12:04"",""threshold"":1.5,""value"":0,""since_minute_bucket_ist"":""2026-08-05 12:02"",""last_updated_ist"":""2026-08-05 12:04:00""}"
2026-08-05 00:00:00,2026-08-05 12:04:00,170,NIFTY,STEALTH_BUILD_BEAR,OFF,MED,0,"Stealth bearish build (calls build, spot flat)","{""dedupe_key"":""NIFTY|STEALTH_BUILD_BEAR|OFF|2026-08-05 12:04"",""threshold"":0.008,""value"":0,""since_minute_bucket_ist"":""2026-08-05 12:02"",""last_updated_ist"":""2026-08-05 12:04:00""}"
2026-08-05 00:00:00,2026-08-05 12:04:00,170,NIFTY,WALL_SHIFT_REGIME,OFF,MED,1,Wall strike shifted materially (>= 1 step),"{""dedupe_key"":""NIFTY|WALL_SHIFT_REGIME|OFF|2026-08-05 12:04"",""threshold"":1,""value"":1,""since_minute_bucket_ist"":""2026-08-05 12:03"",""last_updated_ist"":""2026-08-05 12:04:00""}"
2026-08-05 00:00:00,2026-08-05 12:05:00,171,NIFTY,REGIME_RANGE_PIN,ON,LOW,0.0001,Range / pin (inside local walls),"{""dedupe_key"":""NIFTY|REGIME_RANGE_PIN|ON|2026-08-05 12:05"",""threshold"":0.001,""value"":0.0001,""since_minute_bucket_ist"":"""",""last_updated_ist"":""2026-08-05 12:05:00""}"
2026-08-05 00:00:00,2026-08-05 12:05:00,171,NIFTY,REGIME_BREAKOUT_DOWN,OFF,HIGH,0,Breakout DOWN (held below put wall),"{""dedupe_key"":""NIFTY|REGIME_BREAKOUT_DOWN|OFF|2026-08-05 12:05"",""threshold"":2,""value"":0,""since_minute_bucket_ist"":""2026-08-05 12:04"",""last_updated_ist"":""2026-08-05 12:05:00""}"
2026-08-05 00:00:00,2026-08-05 12:05:00,171,NIFTY,VOL_CONTRACTION,OFF,LOW,-0.003,Volatility contracting (straddle down),"{""dedupe_key"":""NIFTY|VOL_CONTRACTION|OFF|2026-08-05 12:05"",""threshold"":-0.03,""value"":-0.003,""since_minute_bucket_ist"":""2026-08-05 12:03"",""last_updated_ist"":""2026-08-05 12:05:00""}"
2026-08-05 00:00:00,2026-08-05 12:05:00,171,NIFTY,OPTION_MOMENTUM_PUT,ON,MED,4.5,ATM PUT momentum (ltp up + vol up),"{""dedupe_key"":""NIFTY|OPTION_MOMENTUM_PUT|ON|2026-08-05 12:05"",""threshold"":1.5,""value"":4.5,""since_minute_bucket_ist"":"""",""last_updated_ist"":""2026-08-05 12:05:00""}"
2026-08-05 00:00:00,2026-08-05 12:05:00,171,NIFTY,WALL_UNWIND_CONFIRM_DOWN,ON,MED,-0.0063,Put wall OI unwinding (5m),"{""dedupe_key"":""NIFTY|WALL_UNWIND_CONFIRM_DOWN|ON|2026-08-05 12:05"",""threshold"":-0.006,""value"":-0.0063,""since_minute_bucket_ist"":"""",""last_updated_ist"":""2026-08-05 12:05:00""}"
2026-08-05 00:00:00,2026-08-05 12:05:00,171,NIFTY,WALL_SHIFT_REGIME,ON,MED,1,Wall strike shifted materially (>= 1 step),"{""dedupe_key"":""NIFTY|WALL_SHIFT_REGIME|ON|2026-08-05 12:05"",""threshold"":1,""value"":1,""since_minute_bucket_ist"":"""",""last_updated_ist"":""2026-08-05 12:05:00""}"
2026-08-05 00:00:00,2026-08-05 12:06:00,172,NIFTY,OPTION_MOMENTUM_PUT,OFF,MED,0.3,ATM PUT momentum (ltp up + vol up),"{""dedupe_key"":""NIFTY|OPTION_MOMENTUM_PUT|OFF|2026-08-05 12:06"",""threshold"":1.5,""value"":0.3,""since_minute_bucket_ist"":""2026-08-05 12:05"",""last_updated_ist"":""2026-08-05 12:06:00""}"
2026-08-05 00:00:00,2026-08-05 12:06:00,172,NIFTY,WALL_UNWIND_CONFIRM_DOWN,OFF,MED,0.0123,Put wall OI unwinding (5m),"{""dedupe_key"":""NIFTY|WALL_UNWIND_CONFIRM_DOWN|OFF|2026-08-05 12:06"",""threshold"":-0.006,""value"":0.0123,""since_minute_bucket_ist"":""2026-08-05 12:05"",""last_updated_ist"":""2026-08-05 12:06:00""}"
2026-08-05 00:00:00,2026-08-05 12:06:00,172,NIFTY,WALL_SHIFT_REGIME,OFF,MED,1,Wall strike shifted materially (>= 1 step),"{""dedupe_key"":""NIFTY|WALL_SHIFT_REGIME|OFF|2026-08-05 12:06"",""threshold"":1,""value"":1,""since_minute_bucket_ist"":""2026-08-05 12:05"",""last_updated_ist"":""2026-08-05 12:06:00""}"
2026-08-05 00:00:00,2026-08-05 12:07:00,173,NIFTY,REGIME_RANGE_PIN,OFF,LOW,0.0001,Range / pin (inside local walls),"{""dedupe_key"":""NIFTY|REGIME_RANGE_PIN|OFF|2026-08-05 12:07"",""threshold"":0.001,""value"":0.0001,""since_minute_bucket_ist"":""2026-08-05 12:05"",""last_updated_ist"":""2026-08-05 12:07:00""}"
2026-08-05 00:00:00,2026-08-05 12:07:00,173,NIFTY,REGIME_TRANSITION_UNCERTAIN,ON,LOW,1,Transition/uncertain regime,"{""dedupe_key"":""NIFTY|REGIME_TRANSITION_UNCERTAIN|ON|2026-08-05 12:07"",""threshold"":1,""value"":1,""since_minute_bucket_ist"":"""",""last_updated_ist"":""2026-08-05 12:07:00""}"
2026-08-05 00:00:00,2026-08-05 12:07:00,173,NIFTY,VOL_CONTRACTION,ON,LOW,0.0028,Volatility contracting (straddle down),"{""dedupe_key"":""NIFTY|VOL_CONTRACTION|ON|2026-08-05 12:07"",""threshold"":-0.03,""value"":0.0028,""since_minute_bucket_ist"":"""",""last_updated_ist"":""2026-08-05 12:07:00""}"
2026-08-05 00:00:00,2026-08-05 12:07:00,173,NIFTY,WALL_SHIFT_REGIME,ON,MED,1,Wall strike shifted materially (>= 1 step),"{""dedupe_key"":""NIFTY|WALL_SHIFT_REGIME|ON|2026-08-05 12:07"",""threshold"":1,""value"":1,""since_minute_bucket_ist"":"""",""last_updated_ist"":""2026-08-05 12:07:00""}"
2026-08-05 00:00:00,2026-08-05 12:08:00,174,NIFTY,FLOW_BULLISH_BUILD,ON,HIGH,0.0023,Bullish build (premium-confirmed writing / support),"{""dedupe_key"":""NIFTY|FLOW_BULLISH_BUILD|ON|2026-08-05 12:08"",""threshold"":0.005,""value"":0.0023,""since_minute_bucket_ist"":"""",""last_updated_ist"":""2026-08-05 12:08:00""}"
2026-08-05 00:00:00,2026-08-05 12:08:00,174,NIFTY,REGIME_RANGE_PIN,ON,LOW,0.0001,Range / pin (inside local walls),"{""dedupe_key"":""NIFTY|REGIME_RANGE_PIN|ON|2026-08-05 12:08"",""threshold"":0.001,""value"":0.0001,""since_minute_bucket_ist"":"""",""last_updated_ist"":""2026-08-05 12:08:00""}"
2026-08-05 00:00:00,2026-08-05 12:08:00,174,NIFTY,REGIME_TRANSITION_UNCERTAIN,OFF,LOW,1,Transition/uncertain regime,"{""dedupe_key"":""NIFTY|REGIME_TRANSITION_UNCERTAIN|OFF|2026-08-05 12:08"",""threshold"":1,""value"":1,""since_minute_bucket_ist"":""2026-08-05 12:07"",""last_updated_ist"":""2026-08-05 12:08:00""}"
2026-08-05 00:00:00,2026-08-05 12:08:00,174,NIFTY,VOL_CONTRACTION,OFF,LOW,0.0194,Volatility contracting (straddle down),"{""dedupe_key"":""NIFTY|VOL_CONTRACTION|OFF|2026-08-05 12:08"",""threshold"":-0.03,""value"":0.0194,""since_minute_bucket_ist"":""2026-08-05 12:07"",""last_updated_ist"":""2026-08-05 12:08:00""}"
2026-08-05 00:00:00,2026-08-05 12:09:00,175,NIFTY,FLOW_BULLISH_BUILD,OFF,HIGH,0,Bullish build (premium-confirmed writing / support),"{""dedupe_key"":""NIFTY|FLOW_BULLISH_BUILD|OFF|2026-08-05 12:09"",""threshold"":0.005,""value"":0,""since_minute_bucket_ist"":""2026-08-05 12:08"",""last_updated_ist"":""2026-08-05 12:09:00""}"
2026-08-05 00:00:00,2026-08-05 12:09:00,175,NIFTY,WALL_SHIFT_REGIME,OFF,MED,1,Wall strike shifted materially (>= 1 step),"{""dedupe_key"":""NIFTY|WALL_SHIFT_REGIME|OFF|2026-08-05 12:09"",""threshold"":1,""value"":1,""since_minute_bucket_ist"":""2026-08-05 12:07"",""last_updated_ist"":""2026-08-05 12:09:00""}"
2026-08-05 00:00:00,2026-08-05 12:10:00,176,NIFTY,FLOW_BEARISH_BUILD,ON,HIGH,0.0056,Bearish build (premium-confirmed writing / resistance),"{""dedupe_key"":""NIFTY|FLOW_BEARISH_BUILD|ON|2026-08-05 12:10"",""threshold"":0.005,""value"":0.0056,""since_minute_bucket_ist"":"""",""last_updated_ist"":""2026-08-05 12:10:00""}"
2026-08-05 00:00:00,2026-08-05 12:10:00,176,NIFTY,OPTION_MOMENTUM_PUT,ON,MED,2.65,ATM PUT momentum (ltp up + vol up),"{""dedupe_key"":""NIFTY|OPTION_MOMENTUM_PUT|ON|2026-08-05 12:10"",""threshold"":1.5,""value"":2.65,""since_minute_bucket_ist"":"""",""last_updated_ist"":""2026-08-05 12:10:00""}"
2026-08-05 00:00:00,2026-08-05 12:11:00,177,NIFTY,FLOW_BEARISH_BUILD,OFF,HIGH,0,Bearish build (premium-confirmed writing / resistance),"{""dedupe_key"":""NIFTY|FLOW_BEARISH_BUILD|OFF|2026-08-05 12:11"",""threshold"":0.005,""value"":0,""since_minute_bucket_ist"":""2026-08-05 12:10"",""last_updated_ist"":""2026-08-05 12:11:00""}"
2026-08-05 00:00:00,2026-08-05 12:11:00,177,NIFTY,OPTION_MOMENTUM_PUT,OFF,MED,0,ATM PUT momentum (ltp up + vol up),"{""dedupe_key"":""NIFTY|OPTION_MOMENTUM_PUT|OFF|2026-08-05 12:11"",""threshold"":1.5,""value"":0,""since_minute_bucket_ist"":""2026-08-05 12:10"",""last_updated_ist"":""2026-08-05 12:11:00""}"
2026-08-05 00:00:00,2026-08-05 12:12:00,178,NIFTY,FLOW_BEARISH_BUILD,ON,HIGH,0.0023,Bearish build (premium-confirmed writing / resistance),"{""dedupe_key"":""NIFTY|FLOW_BEARISH_BUILD|ON|2026-08-05 12:12"",""threshold"":0.005,""value"":0.0023,""since_minute_bucket_ist"":"""",""last_updated_ist"":""2026-08-05 12:12:00""}"
2026-08-05 00:00:00,2026-08-05 12:12:00,178,NIFTY,EXP_RANGE_BREAKOUT_WATCH_DOWN,ON,MED,24567.75,Expected-range watch DOWN,"{""dedupe_key"":""NIFTY|EXP_RANGE_BREAKOUT_WATCH_DOWN|ON|2026-08-05 12:12"",""threshold"":24570.22,""value"":24567.75,""since_minute_bucket_ist"":"""",""last_updated_ist"":""2026-08-05 12:12:00""}"
2026-08-05 00:00:00,2026-08-05 12:12:00,178,NIFTY,VOL_EXPANSION,ON,MED,0.007,Volatility expanding (straddle up),"{""dedupe_key"":""NIFTY|VOL_EXPANSION|ON|2026-08-05 12:12"",""threshold"":0.02,""value"":0.007,""since_minute_bucket_ist"":"""",""last_updated_ist"":""2026-08-05 12:12:00""}"
2026-08-05 00:00:00,2026-08-05 12:12:00,178,NIFTY,CHURN_COMMITTED,ON,MED,-0.0002,Price move + aligned flow (committed),"{""dedupe_key"":""NIFTY|CHURN_COMMITTED|ON|2026-08-05 12:12"",""threshold"":0.0001,""value"":-0.0002,""since_minute_bucket_ist"":"""",""last_updated_ist"":""2026-08-05 12:12:00""}"
2026-08-05 00:00:00,2026-08-05 12:13:00,179,NIFTY,FLOW_BULLISH_BUILD,ON,HIGH,0.0048,Bullish build (premium-confirmed writing / support),"{""dedupe_key"":""NIFTY|FLOW_BULLISH_BUILD|ON|2026-08-05 12:13"",""threshold"":0.005,""value"":0.0048,""since_minute_bucket_ist"":"""",""last_updated_ist"":""2026-08-05 12:13:00""}"
2026-08-05 00:00:00,2026-08-05 12:13:00,179,NIFTY,FLOW_BEARISH_BUILD,OFF,HIGH,-0.0059,Bearish build (premium-confirmed writing / resistance),"{""dedupe_key"":""NIFTY|FLOW_BEARISH_BUILD|OFF|2026-08-05 12:13"",""threshold"":0.005,""value"":-0.0059,""since_minute_bucket_ist"":""2026-08-05 12:12"",""last_updated_ist"":""2026-08-05 12:13:00""}"
2026-08-05 00:00:00,2026-08-05 12:13:00,179,NIFTY,PIN_BREAKOUT_SETUP,ON,MED,6,Pin breakout setup (wall touch + aligned flow),"{""dedupe_key"":""NIFTY|PIN_BREAKOUT_SETUP|ON|2026-08-05 12:13"",""threshold"":0,""value"":6,""since_minute_bucket_ist"":"""",""last_updated_ist"":""2026-08-05 12:13:00""}"
2026-08-05 00:00:00,2026-08-05 12:13:00,179,NIFTY,EXP_RANGE_BREAKOUT_WATCH_DOWN,OFF,MED,24573.75,Expected-range watch DOWN,"{""dedupe_key"":""NIFTY|EXP_RANGE_BREAKOUT_WATCH_DOWN|OFF|2026-08-05 12:13"",""threshold"":24571.07,""value"":24573.75,""since_minute_bucket_ist"":""2026-08-05 12:12"",""last_updated_ist"":""2026-08-05 12:13:00""}"
2026-08-05 00:00:00,2026-08-05 12:13:00,179,NIFTY,VOL_EXPANSION,OFF,MED,0.0029,Volatility expanding (straddle up),"{""dedupe_key"":""NIFTY|VOL_EXPANSION|OFF|2026-08-05 12:13"",""threshold"":0.02,""value"":0.0029,""since_minute_bucket_ist"":""2026-08-05 12:12"",""last_updated_ist"":""2026-08-05 12:13:00""}"
2026-08-05 00:00:00,2026-08-05 12:13:00,179,NIFTY,OPTION_MOMENTUM_CALL,ON,MED,2,ATM CALL momentum (ltp up + vol up),"{""dedupe_key"":""NIFTY|OPTION_MOMENTUM_CALL|ON|2026-08-05 12:13"",""threshold"":1.5,""value"":2,""since_minute_bucket_ist"":"""",""last_updated_ist"":""2026-08-05 12:13:00""}"
2026-08-05 00:00:00,2026-08-05 12:13:00,179,NIFTY,WALL_UNWIND_CONFIRM_DOWN,ON,MED,-0.0129,Put wall OI unwinding (5m),"{""dedupe_key"":""NIFTY|WALL_UNWIND_CONFIRM_DOWN|ON|2026-08-05 12:13"",""threshold"":-0.006,""value"":-0.0129,""since_minute_bucket_ist"":"""",""last_updated_ist"":""2026-08-05 12:13:00""}"
2026-08-05 00:00:00,2026-08-05 12:13:00,179,NIFTY,WALL_PRESSURE_BREAK_SETUP,ON,MED,6,Pressure building into a wall (break setup),"{""dedupe_key"":""NIFTY|WALL_PRESSURE_BREAK_SETUP|ON|2026-08-05 12:13"",""threshold"":0,""value"":6,""since_minute_bucket_ist"":"""",""last_updated_ist"":""2026-08-05 12:13:00""}"
2026-08-05 00:00:00,2026-08-05 12:14:00,180,NIFTY,FLOW_BULLISH_BUILD,OFF,HIGH,0,Bullish build (premium-confirmed writing / support),"{""dedupe_key"":""NIFTY|FLOW_BULLISH_BUILD|OFF|2026-08-05 12:14"",""threshold"":0.005,""value"":0,""since_minute_bucket_ist"":""2026-08-05 12:13"",""last_updated_ist"":""2026-08-05 12:14:00""}"
2026-08-05 00:00:00,2026-08-05 12:14:00,180,NIFTY,PIN_BREAKOUT_SETUP,OFF,MED,0,Pin breakout setup (wall touch + aligned flow),"{""dedupe_key"":""NIFTY|PIN_BREAKOUT_SETUP|OFF|2026-08-05 12:14"",""threshold"":0,""value"":0,""since_minute_bucket_ist"":""2026-08-05 12:13"",""last_updated_ist"":""2026-08-05 12:14:00""}"
2026-08-05 00:00:00,2026-08-05 12:14:00,180,NIFTY,OPTION_MOMENTUM_CALL,OFF,MED,0,ATM CALL momentum (ltp up + vol up),"{""dedupe_key"":""NIFTY|OPTION_MOMENTUM_CALL|OFF|2026-08-05 12:14"",""threshold"":1.5,""value"":0,""since_minute_bucket_ist"":""2026-08-05 12:13"",""last_updated_ist"":""2026-08-05 12:14:00""}"
2026-08-05 00:00:00,2026-08-05 12:14:00,180,NIFTY,CHURN_COMMITTED,OFF,MED,0,Price move + aligned flow (committed),"{""dedupe_key"":""NIFTY|CHURN_COMMITTED|OFF|2026-08-05 12:14"",""threshold"":0.0001,""value"":0,""since_minute_bucket_ist"":""2026-08-05 12:12"",""last_updated_ist"":""2026-08-05 12:14:00""}"
2026-08-05 00:00:00,2026-08-05 12:14:00,180,NIFTY,WALL_PRESSURE_BREAK_SETUP,OFF,MED,0,Pressure building into a wall (break setup),"{""dedupe_key"":""NIFTY|WALL_PRESSURE_BREAK_SETUP|OFF|2026-08-05 12:14"",""threshold"":0,""value"":0,""since_minute_bucket_ist"":""2026-08-05 12:13"",""last_updated_ist"":""2026-08-05 12:14:00""}"
2026-08-05 00:00:00,2026-08-05 12:16:00,182,NIFTY,OPTION_MOMENTUM_PUT,ON,MED,3.25,ATM PUT momentum (ltp up + vol up),"{""dedupe_key"":""NIFTY|OPTION_MOMENTUM_PUT|ON|2026-08-05 12:16"",""threshold"":1.5,""value"":3.25,""since_minute_bucket_ist"":"""",""last_updated_ist"":""2026-08-05 12:16:00""}"
2026-08-05 00:00:00,2026-08-05 12:17:00,183,NIFTY,FLOW_BEARISH_BUILD,ON,HIGH,0.0034,Bearish build (premium-confirmed writing / resistance),"{""dedupe_key"":""NIFTY|FLOW_BEARISH_BUILD|ON|2026-08-05 12:17"",""threshold"":0.005,""value"":0.0034,""since_minute_bucket_ist"":"""",""last_updated_ist"":""2026-08-05 12:17:00""}"
2026-08-05 00:00:00,2026-08-05 12:17:00,183,NIFTY,REGIME_RANGE_PIN,OFF,LOW,0.0001,Range / pin (inside local walls),"{""dedupe_key"":""NIFTY|REGIME_RANGE_PIN|OFF|2026-08-05 12:17"",""threshold"":0.001,""value"":0.0001,""since_minute_bucket_ist"":""2026-08-05 12:08"",""last_updated_ist"":""2026-08-05 12:17:00""}"
2026-08-05 00:00:00,2026-08-05 12:17:00,183,NIFTY,REGIME_TRANSITION_UNCERTAIN,ON,LOW,1,Transition/uncertain regime,"{""dedupe_key"":""NIFTY|REGIME_TRANSITION_UNCERTAIN|ON|2026-08-05 12:17"",""threshold"":1,""value"":1,""since_minute_bucket_ist"":"""",""last_updated_ist"":""2026-08-05 12:17:00""}"
2026-08-05 00:00:00,2026-08-05 12:17:00,183,NIFTY,EXP_RANGE_BREAKOUT_WATCH_UP,ON,MED,24577.8,Expected-range watch UP,"{""dedupe_key"":""NIFTY|EXP_RANGE_BREAKOUT_WATCH_UP|ON|2026-08-05 12:17"",""threshold"":24576.7,""value"":24577.8,""since_minute_bucket_ist"":"""",""last_updated_ist"":""2026-08-05 12:17:00""}"
2026-08-05 00:00:00,2026-08-05 12:17:00,183,NIFTY,VOL_CONTRACTION,ON,LOW,-0.0142,Volatility contracting (straddle down),"{""dedupe_key"":""NIFTY|VOL_CONTRACTION|ON|2026-08-05 12:17"",""threshold"":-0.03,""value"":-0.0142,""since_minute_bucket_ist"":"""",""last_updated_ist"":""2026-08-05 12:17:00""}"
2026-08-05 00:00:00,2026-08-05 12:17:00,183,NIFTY,OPTION_MOMENTUM_PUT,OFF,MED,-0.75,ATM PUT momentum (ltp up + vol up),"{""dedupe_key"":""NIFTY|OPTION_MOMENTUM_PUT|OFF|2026-08-05 12:17"",""threshold"":1.5,""value"":-0.75,""since_minute_bucket_ist"":""2026-08-05 12:16"",""last_updated_ist"":""2026-08-05 12:17:00""}"
2026-08-05 00:00:00,2026-08-05 12:17:00,183,NIFTY,WALL_UNWIND_CONFIRM_DOWN,OFF,MED,0,Put wall OI unwinding (5m),"{""dedupe_key"":""NIFTY|WALL_UNWIND_CONFIRM_DOWN|OFF|2026-08-05 12:17"",""threshold"":-0.006,""value"":0,""since_minute_bucket_ist"":""2026-08-05 12:13"",""last_updated_ist"":""2026-08-05 12:17:00""}"
2026-08-05 00:00:00,2026-08-05 12:17:00,183,NIFTY,WALL_SHIFT_REGIME,ON,MED,1,Wall strike shifted materially (>= 1 step),"{""dedupe_key"":""NIFTY|WALL_SHIFT_REGIME|ON|2026-08-05 12:17"",""threshold"":1,""value"":1,""since_minute_bucket_ist"":"""",""last_updated_ist"":""2026-08-05 12:17:00""}"
2026-08-05 00:00:00,2026-08-05 12:18:00,184,NIFTY,FLOW_BEARISH_BUILD,OFF,HIGH,0.0009,Bearish build (premium-confirmed writing / resistance),"{""dedupe_key"":""NIFTY|FLOW_BEARISH_BUILD|OFF|2026-08-05 12:18"",""threshold"":0.005,""value"":0.0009,""since_minute_bucket_ist"":""2026-08-05 12:17"",""last_updated_ist"":""2026-08-05 12:18:00""}"
2026-08-05 00:00:00,2026-08-05 12:18:00,184,NIFTY,REGIME_BREAKOUT_DOWN,ON,HIGH,2,Breakout DOWN (held below put wall),"{""dedupe_key"":""NIFTY|REGIME_BREAKOUT_DOWN|ON|2026-08-05 12:18"",""threshold"":2,""value"":2,""since_minute_bucket_ist"":"""",""last_updated_ist"":""2026-08-05 12:18:00""}"
2026-08-05 00:00:00,2026-08-05 12:18:00,184,NIFTY,REGIME_TRANSITION_UNCERTAIN,OFF,LOW,1,Transition/uncertain regime,"{""dedupe_key"":""NIFTY|REGIME_TRANSITION_UNCERTAIN|OFF|2026-08-05 12:18"",""threshold"":1,""value"":1,""since_minute_bucket_ist"":""2026-08-05 12:17"",""last_updated_ist"":""2026-08-05 12:18:00""}"
2026-08-05 00:00:00,2026-08-05 12:18:00,184,NIFTY,EXP_RANGE_BREAKOUT_CONFIRMED_UP,ON,HIGH,2,Expected-range breakout CONFIRMED UP,"{""dedupe_key"":""NIFTY|EXP_RANGE_BREAKOUT_CONFIRMED_UP|ON|2026-08-05 12:18"",""threshold"":2,""value"":2,""since_minute_bucket_ist"":"""",""last_updated_ist"":""2026-08-05 12:18:00""}"
2026-08-05 00:00:00,2026-08-05 12:18:00,184,NIFTY,WALL_SHIFT_REGIME,OFF,MED,1,Wall strike shifted materially (>= 1 step),"{""dedupe_key"":""NIFTY|WALL_SHIFT_REGIME|OFF|2026-08-05 12:18"",""threshold"":1,""value"":1,""since_minute_bucket_ist"":""2026-08-05 12:17"",""last_updated_ist"":""2026-08-05 12:18:00""}"
2026-08-05 00:00:00,2026-08-05 12:20:00,186,NIFTY,REGIME_RANGE_PIN,ON,LOW,0.0002,Range / pin (inside local walls),"{""dedupe_key"":""NIFTY|REGIME_RANGE_PIN|ON|2026-08-05 12:20"",""threshold"":0.001,""value"":0.0002,""since_minute_bucket_ist"":"""",""last_updated_ist"":""2026-08-05 12:20:00""}"
2026-08-05 00:00:00,2026-08-05 12:20:00,186,NIFTY,REGIME_BREAKOUT_DOWN,OFF,HIGH,0,Breakout DOWN (held below put wall),"{""dedupe_key"":""NIFTY|REGIME_BREAKOUT_DOWN|OFF|2026-08-05 12:20"",""threshold"":2,""value"":0,""since_minute_bucket_ist"":""2026-08-05 12:18"",""last_updated_ist"":""2026-08-05 12:20:00""}"
2026-08-05 00:00:00,2026-08-05 12:20:00,186,NIFTY,EXP_RANGE_BREAKOUT_WATCH_UP,OFF,MED,24567.7,Expected-range watch UP,"{""dedupe_key"":""NIFTY|EXP_RANGE_BREAKOUT_WATCH_UP|OFF|2026-08-05 12:20"",""threshold"":24578.38,""value"":24567.7,""since_minute_bucket_ist"":""2026-08-05 12:17"",""last_updated_ist"":""2026-08-05 12:20:00""}"
2026-08-05 00:00:00,2026-08-05 12:20:00,186,NIFTY,EXP_RANGE_BREAKOUT_WATCH_DOWN,ON,MED,24567.7,Expected-range watch DOWN,"{""dedupe_key"":""NIFTY|EXP_RANGE_BREAKOUT_WATCH_DOWN|ON|2026-08-05 12:20"",""threshold"":24569.22,""value"":24567.7,""since_minute_bucket_ist"":"""",""last_updated_ist"":""2026-08-05 12:20:00""}"
2026-08-05 00:00:00,2026-08-05 12:20:00,186,NIFTY,EXP_RANGE_BREAKOUT_CONFIRMED_UP,OFF,HIGH,0,Expected-range breakout CONFIRMED UP,"{""dedupe_key"":""NIFTY|EXP_RANGE_BREAKOUT_CONFIRMED_UP|OFF|2026-08-05 12:20"",""threshold"":2,""value"":0,""since_minute_bucket_ist"":""2026-08-05 12:18"",""last_updated_ist"":""2026-08-05 12:20:00""}"
2026-08-05 00:00:00,2026-08-05 12:20:00,186,NIFTY,VOL_EXPANSION,ON,MED,0.0034,Volatility expanding (straddle up),"{""dedupe_key"":""NIFTY|VOL_EXPANSION|ON|2026-08-05 12:20"",""threshold"":0.02,""value"":0.0034,""since_minute_bucket_ist"":"""",""last_updated_ist"":""2026-08-05 12:20:00""}"
2026-08-05 00:00:00,2026-08-05 12:20:00,186,NIFTY,VOL_CONTRACTION,OFF,LOW,0.0034,Volatility contracting (straddle down),"{""dedupe_key"":""NIFTY|VOL_CONTRACTION|OFF|2026-08-05 12:20"",""threshold"":-0.03,""value"":0.0034,""since_minute_bucket_ist"":""2026-08-05 12:17"",""last_updated_ist"":""2026-08-05 12:20:00""}"
2026-08-05 00:00:00,2026-08-05 12:20:00,186,NIFTY,OPTION_MOMENTUM_PUT,ON,MED,3.7,ATM PUT momentum (ltp up + vol up),"{""dedupe_key"":""NIFTY|OPTION_MOMENTUM_PUT|ON|2026-08-05 12:20"",""threshold"":1.5,""value"":3.7,""since_minute_bucket_ist"":"""",""last_updated_ist"":""2026-08-05 12:20:00""}"
2026-08-05 00:00:00,2026-08-05 12:20:00,186,NIFTY,WALL_SHIFT_REGIME,ON,MED,1,Wall strike shifted materially (>= 1 step),"{""dedupe_key"":""NIFTY|WALL_SHIFT_REGIME|ON|2026-08-05 12:20"",""threshold"":1,""value"":1,""since_minute_bucket_ist"":"""",""last_updated_ist"":""2026-08-05 12:20:00""}"
2026-08-05 00:00:00,2026-08-05 12:21:00,187,NIFTY,EXP_RANGE_BREAKOUT_WATCH_DOWN,OFF,MED,24572.4,Expected-range watch DOWN,"{""dedupe_key"":""NIFTY|EXP_RANGE_BREAKOUT_WATCH_DOWN|OFF|2026-08-05 12:21"",""threshold"":24569.03,""value"":24572.4,""since_minute_bucket_ist"":""2026-08-05 12:20"",""last_updated_ist"":""2026-08-05 12:21:00""}"
2026-08-05 00:00:00,2026-08-05 12:21:00,187,NIFTY,VOL_EXPANSION,OFF,MED,0.0142,Volatility expanding (straddle up),"{""dedupe_key"":""NIFTY|VOL_EXPANSION|OFF|2026-08-05 12:21"",""threshold"":0.02,""value"":0.0142,""since_minute_bucket_ist"":""2026-08-05 12:20"",""last_updated_ist"":""2026-08-05 12:21:00""}"
2026-08-05 00:00:00,2026-08-05 12:21:00,187,NIFTY,OPTION_MOMENTUM_CALL,ON,MED,1.9,ATM CALL momentum (ltp up + vol up),"{""dedupe_key"":""NIFTY|OPTION_MOMENTUM_CALL|ON|2026-08-05 12:21"",""threshold"":1.5,""value"":1.9,""since_minute_bucket_ist"":"""",""last_updated_ist"":""2026-08-05 12:21:00""}"
2026-08-05 00:00:00,2026-08-05 12:21:00,187,NIFTY,OPTION_MOMENTUM_PUT,OFF,MED,-3.7,ATM PUT momentum (ltp up + vol up),"{""dedupe_key"":""NIFTY|OPTION_MOMENTUM_PUT|OFF|2026-08-05 12:21"",""threshold"":1.5,""value"":-3.7,""since_minute_bucket_ist"":""2026-08-05 12:20"",""last_updated_ist"":""2026-08-05 12:21:00""}"
2026-08-05 00:00:00,2026-08-05 12:21:00,187,NIFTY,WALL_UNWIND_CONFIRM_DOWN,ON,MED,-0.0103,Put wall OI unwinding (5m),"{""dedupe_key"":""NIFTY|WALL_UNWIND_CONFIRM_DOWN|ON|2026-08-05 12:21"",""threshold"":-0.006,""value"":-0.0103,""since_minute_bucket_ist"":"""",""last_updated_ist"":""2026-08-05 12:21:00""}"
2026-08-05 00:00:00,2026-08-05 12:21:00,187,NIFTY,WALL_SHIFT_REGIME,OFF,MED,1,Wall strike shifted materially (>= 1 step),"{""dedupe_key"":""NIFTY|WALL_SHIFT_REGIME|OFF|2026-08-05 12:21"",""threshold"":1,""value"":1,""since_minute_bucket_ist"":""2026-08-05 12:20"",""last_updated_ist"":""2026-08-05 12:21:00""}"
2026-08-05 00:00:00,2026-08-05 12:22:00,188,NIFTY,OPTION_MOMENTUM_CALL,OFF,MED,0,ATM CALL momentum (ltp up + vol up),"{""dedupe_key"":""NIFTY|OPTION_MOMENTUM_CALL|OFF|2026-08-05 12:22"",""threshold"":1.5,""value"":0,""since_minute_bucket_ist"":""2026-08-05 12:21"",""last_updated_ist"":""2026-08-05 12:22:00""}"
2026-08-05 00:00:00,2026-08-05 12:22:00,188,NIFTY,WALL_UNWIND_CONFIRM_DOWN,OFF,MED,0,Put wall OI unwinding (5m),"{""dedupe_key"":""NIFTY|WALL_UNWIND_CONFIRM_DOWN|OFF|2026-08-05 12:22"",""threshold"":-0.006,""value"":0,""since_minute_bucket_ist"":""2026-08-05 12:21"",""last_updated_ist"":""2026-08-05 12:22:00""}"
2026-08-05 00:00:00,2026-08-05 12:23:00,189,NIFTY,OPTION_MOMENTUM_PUT,ON,MED,2.65,ATM PUT momentum (ltp up + vol up),"{""dedupe_key"":""NIFTY|OPTION_MOMENTUM_PUT|ON|2026-08-05 12:23"",""threshold"":1.5,""value"":2.65,""since_minute_bucket_ist"":"""",""last_updated_ist"":""2026-08-05 12:23:00""}"
2026-08-05 00:00:00,2026-08-05 12:24:00,190,NIFTY,OPTION_MOMENTUM_PUT,OFF,MED,-1,ATM PUT momentum (ltp up + vol up),"{""dedupe_key"":""NIFTY|OPTION_MOMENTUM_PUT|OFF|2026-08-05 12:24"",""threshold"":1.5,""value"":-1,""since_minute_bucket_ist"":""2026-08-05 12:23"",""last_updated_ist"":""2026-08-05 12:24:00""}"
2026-08-05 00:00:00,2026-08-05 12:24:00,190,NIFTY,STEALTH_BUILD_BULL,ON,MED,0.0094,"Stealth bullish build (puts build, spot flat)","{""dedupe_key"":""NIFTY|STEALTH_BUILD_BULL|ON|2026-08-05 12:24"",""threshold"":0.008,""value"":0.0094,""since_minute_bucket_ist"":"""",""last_updated_ist"":""2026-08-05 12:24:00""}"
2026-08-05 00:00:00,2026-08-05 12:25:00,191,NIFTY,STEALTH_BUILD_BULL,OFF,MED,0,"Stealth bullish build (puts build, spot flat)","{""dedupe_key"":""NIFTY|STEALTH_BUILD_BULL|OFF|2026-08-05 12:25"",""threshold"":0.008,""value"":0,""since_minute_bucket_ist"":""2026-08-05 12:24"",""last_updated_ist"":""2026-08-05 12:25:00""}"
2026-08-05 00:00:00,2026-08-05 12:26:00,192,NIFTY,FLOW_BEARISH_BUILD,ON,HIGH,0.0035,Bearish build (premium-confirmed writing / resistance),"{""dedupe_key"":""NIFTY|FLOW_BEARISH_BUILD|ON|2026-08-05 12:26"",""threshold"":0.005,""value"":0.0035,""since_minute_bucket_ist"":"""",""last_updated_ist"":""2026-08-05 12:26:00""}"
2026-08-05 00:00:00,2026-08-05 12:27:00,193,NIFTY,EXP_RANGE_BREAKOUT_WATCH_DOWN,ON,MED,24566.7,Expected-range watch DOWN,"{""dedupe_key"":""NIFTY|EXP_RANGE_BREAKOUT_WATCH_DOWN|ON|2026-08-05 12:27"",""threshold"":24567.33,""value"":24566.7,""since_minute_bucket_ist"":"""",""last_updated_ist"":""2026-08-05 12:27:00""}"
2026-08-05 00:00:00,2026-08-05 12:27:00,193,NIFTY,CHURN_COMMITTED,ON,MED,-0.0003,Price move + aligned flow (committed),"{""dedupe_key"":""NIFTY|CHURN_COMMITTED|ON|2026-08-05 12:27"",""threshold"":0.0001,""value"":-0.0003,""since_minute_bucket_ist"":"""",""last_updated_ist"":""2026-08-05 12:27:00""}"
2026-08-05 00:00:00,2026-08-05 12:28:00,194,NIFTY,EXP_RANGE_BREAKOUT_WATCH_DOWN,OFF,MED,24566.7,Expected-range watch DOWN,"{""dedupe_key"":""NIFTY|EXP_RANGE_BREAKOUT_WATCH_DOWN|OFF|2026-08-05 12:28"",""threshold"":24566.35,""value"":24566.7,""since_minute_bucket_ist"":""2026-08-05 12:27"",""last_updated_ist"":""2026-08-05 12:28:00""}"
2026-08-05 00:00:00,2026-08-05 12:28:00,194,NIFTY,CHURN_COMMITTED,OFF,MED,0,Price move + aligned flow (committed),"{""dedupe_key"":""NIFTY|CHURN_COMMITTED|OFF|2026-08-05 12:28"",""threshold"":0.0001,""value"":0,""since_minute_bucket_ist"":""2026-08-05 12:27"",""last_updated_ist"":""2026-08-05 12:28:00""}"
2026-08-05 00:00:00,2026-08-05 12:29:00,195,NIFTY,FLOW_BEARISH_BUILD,OFF,HIGH,0,Bearish build (premium-confirmed writing / resistance),"{""dedupe_key"":""NIFTY|FLOW_BEARISH_BUILD|OFF|2026-08-05 12:29"",""threshold"":0.005,""value"":0,""since_minute_bucket_ist"":""2026-08-05 12:26"",""last_updated_ist"":""2026-08-05 12:29:00""}"
2026-08-05 00:00:00,2026-08-05 12:29:00,195,NIFTY,WALL_UNWIND_CONFIRM_DOWN,ON,MED,-0.0149,Put wall OI unwinding (5m),"{""dedupe_key"":""NIFTY|WALL_UNWIND_CONFIRM_DOWN|ON|2026-08-05 12:29"",""threshold"":-0.006,""value"":-0.0149,""since_minute_bucket_ist"":"""",""last_updated_ist"":""2026-08-05 12:29:00""}"
2026-08-05 00:00:00,2026-08-05 12:30:00,196,NIFTY,VOL_EXPANSION,ON,MED,0.0008,Volatility expanding (straddle up),"{""dedupe_key"":""NIFTY|VOL_EXPANSION|ON|2026-08-05 12:30"",""threshold"":0.02,""value"":0.0008,""since_minute_bucket_ist"":"""",""last_updated_ist"":""2026-08-05 12:30:00""}"
2026-08-05 00:00:00,2026-08-05 12:31:00,197,NIFTY,FLOW_BEARISH_BUILD,ON,HIGH,0.0007,Bearish build (premium-confirmed writing / resistance),"{""dedupe_key"":""NIFTY|FLOW_BEARISH_BUILD|ON|2026-08-05 12:31"",""threshold"":0.005,""value"":0.0007,""since_minute_bucket_ist"":"""",""last_updated_ist"":""2026-08-05 12:31:00""}"
2026-08-05 00:00:00,2026-08-05 12:31:00,197,NIFTY,REGIME_RANGE_PIN,OFF,LOW,0.0002,Range / pin (inside local walls),"{""dedupe_key"":""NIFTY|REGIME_RANGE_PIN|OFF|2026-08-05 12:31"",""threshold"":0.001,""value"":0.0002,""since_minute_bucket_ist"":""2026-08-05 12:20"",""last_updated_ist"":""2026-08-05 12:31:00""}"
2026-08-05 00:00:00,2026-08-05 12:31:00,197,NIFTY,REGIME_TRANSITION_UNCERTAIN,ON,LOW,1,Transition/uncertain regime,"{""dedupe_key"":""NIFTY|REGIME_TRANSITION_UNCERTAIN|ON|2026-08-05 12:31"",""threshold"":1,""value"":1,""since_minute_bucket_ist"":"""",""last_updated_ist"":""2026-08-05 12:31:00""}"
2026-08-05 00:00:00,2026-08-05 12:31:00,197,NIFTY,PIN_BASIC,OFF,LOW,37.5,Spot near a local wall (pin zone),"{""dedupe_key"":""NIFTY|PIN_BASIC|OFF|2026-08-05 12:31"",""threshold"":37.5,""value"":37.5,""since_minute_bucket_ist"":""2026-08-05 11:08"",""last_updated_ist"":""2026-08-05 12:31:00""}"
2026-08-05 00:00:00,2026-08-05 12:31:00,197,NIFTY,EXP_RANGE_BREAKOUT_WATCH_DOWN,ON,MED,24557.9,Expected-range watch DOWN,"{""dedupe_key"":""NIFTY|EXP_RANGE_BREAKOUT_WATCH_DOWN|ON|2026-08-05 12:31"",""threshold"":24562.93,""value"":24557.9,""since_minute_bucket_ist"":"""",""last_updated_ist"":""2026-08-05 12:31:00""}"
2026-08-05 00:00:00,2026-08-05 12:31:00,197,NIFTY,CHURN_COMMITTED,ON,MED,-0.0004,Price move + aligned flow (committed),"{""dedupe_key"":""NIFTY|CHURN_COMMITTED|ON|2026-08-05 12:31"",""threshold"":0.0001,""value"":-0.0004,""since_minute_bucket_ist"":"""",""last_updated_ist"":""2026-08-05 12:31:00""}"
2026-08-05 00:00:00,2026-08-05 12:32:00,198,NIFTY,FLOW_BOTH_UNWINDING,ON,MED,-0.0149,Both sides unwinding,"{""dedupe_key"":""NIFTY|FLOW_BOTH_UNWINDING|ON|2026-08-05 12:32"",""threshold"":-0.005,""value"":-0.0149,""since_minute_bucket_ist"":"""",""last_updated_ist"":""2026-08-05 12:32:00""}"
2026-08-05 00:00:00,2026-08-05 12:32:00,198,NIFTY,FLOW_BEARISH_BUILD,OFF,HIGH,-0.0185,Bearish build (premium-confirmed writing / resistance),"{""dedupe_key"":""NIFTY|FLOW_BEARISH_BUILD|OFF|2026-08-05 12:32"",""threshold"":0.005,""value"":-0.0185,""since_minute_bucket_ist"":""2026-08-05 12:31"",""last_updated_ist"":""2026-08-05 12:32:00""}"
2026-08-05 00:00:00,2026-08-05 12:32:00,198,NIFTY,EXP_RANGE_BREAKOUT_CONFIRMED_DOWN,ON,HIGH,2,Expected-range breakout CONFIRMED DOWN,"{""dedupe_key"":""NIFTY|EXP_RANGE_BREAKOUT_CONFIRMED_DOWN|ON|2026-08-05 12:32"",""threshold"":2,""value"":2,""since_minute_bucket_ist"":"""",""last_updated_ist"":""2026-08-05 12:32:00""}"
2026-08-05 00:00:00,2026-08-05 12:32:00,198,NIFTY,OPTION_MOMENTUM_PUT,ON,MED,14.65,ATM PUT momentum (ltp up + vol up),"{""dedupe_key"":""NIFTY|OPTION_MOMENTUM_PUT|ON|2026-08-05 12:32"",""threshold"":1.5,""value"":14.65,""since_minute_bucket_ist"":"""",""last_updated_ist"":""2026-08-05 12:32:00""}"
2026-08-05 00:00:00,2026-08-05 12:32:00,198,NIFTY,WALL_UNWIND_CONFIRM_UP,ON,MED,-0.0326,Call wall OI unwinding (5m),"{""dedupe_key"":""NIFTY|WALL_UNWIND_CONFIRM_UP|ON|2026-08-05 12:32"",""threshold"":-0.006,""value"":-0.0326,""since_minute_bucket_ist"":"""",""last_updated_ist"":""2026-08-05 12:32:00""}"
2026-08-05 00:00:00,2026-08-05 12:32:00,198,NIFTY,CHURN_COMMITTED,OFF,MED,-0.0005,Price move + aligned flow (committed),"{""dedupe_key"":""NIFTY|CHURN_COMMITTED|OFF|2026-08-05 12:32"",""threshold"":0.0001,""value"":-0.0005,""since_minute_bucket_ist"":""2026-08-05 12:31"",""last_updated_ist"":""2026-08-05 12:32:00""}"
2026-08-05 00:00:00,2026-08-05 12:33:00,199,NIFTY,OPTION_MOMENTUM_CALL,ON,MED,5.9,ATM CALL momentum (ltp up + vol up),"{""dedupe_key"":""NIFTY|OPTION_MOMENTUM_CALL|ON|2026-08-05 12:33"",""threshold"":1.5,""value"":5.9,""since_minute_bucket_ist"":"""",""last_updated_ist"":""2026-08-05 12:33:00""}"
2026-08-05 00:00:00,2026-08-05 12:33:00,199,NIFTY,OPTION_MOMENTUM_PUT,OFF,MED,-4.85,ATM PUT momentum (ltp up + vol up),"{""dedupe_key"":""NIFTY|OPTION_MOMENTUM_PUT|OFF|2026-08-05 12:33"",""threshold"":1.5,""value"":-4.85,""since_minute_bucket_ist"":""2026-08-05 12:32"",""last_updated_ist"":""2026-08-05 12:33:00""}"
2026-08-05 00:00:00,2026-08-05 12:34:00,200,NIFTY,FLOW_BOTH_UNWINDING,OFF,MED,0,Both sides unwinding,"{""dedupe_key"":""NIFTY|FLOW_BOTH_UNWINDING|OFF|2026-08-05 12:34"",""threshold"":-0.005,""value"":0,""since_minute_bucket_ist"":""2026-08-05 12:32"",""last_updated_ist"":""2026-08-05 12:34:00""}"
2026-08-05 00:00:00,2026-08-05 12:34:00,200,NIFTY,EXP_RANGE_BREAKOUT_WATCH_DOWN,OFF,MED,24551.05,Expected-range watch DOWN,"{""dedupe_key"":""NIFTY|EXP_RANGE_BREAKOUT_WATCH_DOWN|OFF|2026-08-05 12:34"",""threshold"":24551,""value"":24551.05,""since_minute_bucket_ist"":""2026-08-05 12:31"",""last_updated_ist"":""2026-08-05 12:34:00""}"
2026-08-05 00:00:00,2026-08-05 12:34:00,200,NIFTY,EXP_RANGE_BREAKOUT_CONFIRMED_DOWN,OFF,HIGH,0,Expected-range breakout CONFIRMED DOWN,"{""dedupe_key"":""NIFTY|EXP_RANGE_BREAKOUT_CONFIRMED_DOWN|OFF|2026-08-05 12:34"",""threshold"":2,""value"":0,""since_minute_bucket_ist"":""2026-08-05 12:32"",""last_updated_ist"":""2026-08-05 12:34:00""}"
2026-08-05 00:00:00,2026-08-05 12:34:00,200,NIFTY,OPTION_MOMENTUM_CALL,OFF,MED,0,ATM CALL momentum (ltp up + vol up),"{""dedupe_key"":""NIFTY|OPTION_MOMENTUM_CALL|OFF|2026-08-05 12:34"",""threshold"":1.5,""value"":0,""since_minute_bucket_ist"":""2026-08-05 12:33"",""last_updated_ist"":""2026-08-05 12:34:00""}"
2026-08-05 00:00:00,2026-08-05 12:35:00,201,NIFTY,FLOW_BOTH_BUILDING,ON,MED,0.0076,Both sides building (straddle build) → higher chop risk,"{""dedupe_key"":""NIFTY|FLOW_BOTH_BUILDING|ON|2026-08-05 12:35"",""threshold"":0.005,""value"":0.0076,""since_minute_bucket_ist"":"""",""last_updated_ist"":""2026-08-05 12:35:00""}"
2026-08-05 00:00:00,2026-08-05 12:35:00,201,NIFTY,EXP_RANGE_BREAKOUT_WATCH_DOWN,ON,MED,24543.7,Expected-range watch DOWN,"{""dedupe_key"":""NIFTY|EXP_RANGE_BREAKOUT_WATCH_DOWN|ON|2026-08-05 12:35"",""threshold"":24547.14,""value"":24543.7,""since_minute_bucket_ist"":"""",""last_updated_ist"":""2026-08-05 12:35:00""}"
2026-08-05 00:00:00,2026-08-05 12:35:00,201,NIFTY,OPTION_MOMENTUM_PUT,ON,MED,9.25,ATM PUT momentum (ltp up + vol up),"{""dedupe_key"":""NIFTY|OPTION_MOMENTUM_PUT|ON|2026-08-05 12:35"",""threshold"":1.5,""value"":9.25,""since_minute_bucket_ist"":"""",""last_updated_ist"":""2026-08-05 12:35:00""}"
2026-08-05 00:00:00,2026-08-05 12:36:00,202,NIFTY,FLOW_BOTH_BUILDING,OFF,MED,-0.0274,Both sides building (straddle build) → higher chop risk,"{""dedupe_key"":""NIFTY|FLOW_BOTH_BUILDING|OFF|2026-08-05 12:36"",""threshold"":0.005,""value"":-0.0274,""since_minute_bucket_ist"":""2026-08-05 12:35"",""last_updated_ist"":""2026-08-05 12:36:00""}"
2026-08-05 00:00:00,2026-08-05 12:36:00,202,NIFTY,FLOW_BEARISH_BUILD,ON,HIGH,0.0051,Bearish build (premium-confirmed writing / resistance),"{""dedupe_key"":""NIFTY|FLOW_BEARISH_BUILD|ON|2026-08-05 12:36"",""threshold"":0.005,""value"":0.0051,""since_minute_bucket_ist"":"""",""last_updated_ist"":""2026-08-05 12:36:00""}"
2026-08-05 00:00:00,2026-08-05 12:36:00,202,NIFTY,PIN_BASIC,ON,LOW,37.5,Spot near a local wall (pin zone),"{""dedupe_key"":""NIFTY|PIN_BASIC|ON|2026-08-05 12:36"",""threshold"":37.5,""value"":37.5,""since_minute_bucket_ist"":"""",""last_updated_ist"":""2026-08-05 12:36:00""}"
2026-08-05 00:00:00,2026-08-05 12:36:00,202,NIFTY,PIN_BREAKOUT_SETUP,ON,MED,-7.400000000001455,Pin breakout setup (wall touch + aligned flow),"{""dedupe_key"":""NIFTY|PIN_BREAKOUT_SETUP|ON|2026-08-05 12:36"",""threshold"":0,""value"":-7.400000000001455,""since_minute_bucket_ist"":"""",""last_updated_ist"":""2026-08-05 12:36:00""}"
2026-08-05 00:00:00,2026-08-05 12:36:00,202,NIFTY,EXP_RANGE_BREAKOUT_CONFIRMED_DOWN,ON,HIGH,2,Expected-range breakout CONFIRMED DOWN,"{""dedupe_key"":""NIFTY|EXP_RANGE_BREAKOUT_CONFIRMED_DOWN|ON|2026-08-05 12:36"",""threshold"":2,""value"":2,""since_minute_bucket_ist"":"""",""last_updated_ist"":""2026-08-05 12:36:00""}"
2026-08-05 00:00:00,2026-08-05 12:36:00,202,NIFTY,CHURN_COMMITTED,ON,MED,-0.0003,Price move + aligned flow (committed),"{""dedupe_key"":""NIFTY|CHURN_COMMITTED|ON|2026-08-05 12:36"",""threshold"":0.0001,""value"":-0.0003,""since_minute_bucket_ist"":"""",""last_updated_ist"":""2026-08-05 12:36:00""}"
2026-08-05 00:00:00,2026-08-05 12:36:00,202,NIFTY,WALL_PRESSURE_BREAK_SETUP,ON,MED,-7.400000000001455,Pressure building into a wall (break setup),"{""dedupe_key"":""NIFTY|WALL_PRESSURE_BREAK_SETUP|ON|2026-08-05 12:36"",""threshold"":0,""value"":-7.400000000001455,""since_minute_bucket_ist"":"""",""last_updated_ist"":""2026-08-05 12:36:00""}"
2026-08-05 00:00:00,2026-08-05 12:37:00,203,NIFTY,TRADE_LIMIT_REACHED,ON,MED,9,Cooldown active (2m),"{""dedupe_key"":""NIFTY|TRADE_LIMIT_REACHED|ON|2026-08-05 12:37"",""threshold"":500,""value"":9,""since_minute_bucket_ist"":"""",""last_updated_ist"":""2026-08-05 12:37:00""}"
2026-08-05 00:00:00,2026-08-05 12:37:00,203,NIFTY,FLOW_BEARISH_BUILD,OFF,HIGH,0.0061,Bearish build (premium-confirmed writing / resistance),"{""dedupe_key"":""NIFTY|FLOW_BEARISH_BUILD|OFF|2026-08-05 12:37"",""threshold"":0.005,""value"":0.0061,""since_minute_bucket_ist"":""2026-08-05 12:36"",""last_updated_ist"":""2026-08-05 12:37:00""}"
2026-08-05 00:00:00,2026-08-05 12:37:00,203,NIFTY,PIN_BREAKOUT_SETUP,OFF,MED,-3.349999999998545,Pin breakout setup (wall touch + aligned flow),"{""dedupe_key"":""NIFTY|PIN_BREAKOUT_SETUP|OFF|2026-08-05 12:37"",""threshold"":0,""value"":-3.349999999998545,""since_minute_bucket_ist"":""2026-08-05 12:36"",""last_updated_ist"":""2026-08-05 12:37:00""}"
2026-08-05 00:00:00,2026-08-05 12:37:00,203,NIFTY,OPTION_MOMENTUM_CALL,ON,MED,1.55,ATM CALL momentum (ltp up + vol up),"{""dedupe_key"":""NIFTY|OPTION_MOMENTUM_CALL|ON|2026-08-05 12:37"",""threshold"":1.5,""value"":1.55,""since_minute_bucket_ist"":"""",""last_updated_ist"":""2026-08-05 12:37:00""}"
2026-08-05 00:00:00,2026-08-05 12:37:00,203,NIFTY,OPTION_MOMENTUM_PUT,OFF,MED,-0.45,ATM PUT momentum (ltp up + vol up),"{""dedupe_key"":""NIFTY|OPTION_MOMENTUM_PUT|OFF|2026-08-05 12:37"",""threshold"":1.5,""value"":-0.45,""since_minute_bucket_ist"":""2026-08-05 12:35"",""last_updated_ist"":""2026-08-05 12:37:00""}"
2026-08-05 00:00:00,2026-08-05 12:37:00,203,NIFTY,WALL_UNWIND_CONFIRM_UP,OFF,MED,0.0047,Call wall OI unwinding (5m),"{""dedupe_key"":""NIFTY|WALL_UNWIND_CONFIRM_UP|OFF|2026-08-05 12:37"",""threshold"":-0.006,""value"":0.0047,""since_minute_bucket_ist"":""2026-08-05 12:32"",""last_updated_ist"":""2026-08-05 12:37:00""}"
2026-08-05 00:00:00,2026-08-05 12:37:00,203,NIFTY,WALL_UNWIND_CONFIRM_DOWN,OFF,MED,0.0038,Put wall OI unwinding (5m),"{""dedupe_key"":""NIFTY|WALL_UNWIND_CONFIRM_DOWN|OFF|2026-08-05 12:37"",""threshold"":-0.006,""value"":0.0038,""since_minute_bucket_ist"":""2026-08-05 12:29"",""last_updated_ist"":""2026-08-05 12:37:00""}"
2026-08-05 00:00:00,2026-08-05 12:37:00,203,NIFTY,CHURN_COMMITTED,OFF,MED,-0.0001,Price move + aligned flow (committed),"{""dedupe_key"":""NIFTY|CHURN_COMMITTED|OFF|2026-08-05 12:37"",""threshold"":0.0001,""value"":-0.0001,""since_minute_bucket_ist"":""2026-08-05 12:36"",""last_updated_ist"":""2026-08-05 12:37:00""}"
2026-08-05 00:00:00,2026-08-05 12:37:00,203,NIFTY,WALL_PRESSURE_BREAK_SETUP,OFF,MED,-3.349999999998545,Pressure building into a wall (break setup),"{""dedupe_key"":""NIFTY|WALL_PRESSURE_BREAK_SETUP|OFF|2026-08-05 12:37"",""threshold"":0,""value"":-3.349999999998545,""since_minute_bucket_ist"":""2026-08-05 12:36"",""last_updated_ist"":""2026-08-05 12:37:00""}"
2026-08-05 00:00:00,2026-08-05 12:38:00,204,NIFTY,TRADE_LIMIT_REACHED,OFF,MED,9,Cooldown active (2m),"{""dedupe_key"":""NIFTY|TRADE_LIMIT_REACHED|OFF|2026-08-05 12:38"",""threshold"":500,""value"":9,""since_minute_bucket_ist"":""2026-08-05 12:37"",""last_updated_ist"":""2026-08-05 12:38:00""}"
2026-08-05 00:00:00,2026-08-05 12:38:00,204,NIFTY,OPTION_MOMENTUM_CALL,OFF,MED,0,ATM CALL momentum (ltp up + vol up),"{""dedupe_key"":""NIFTY|OPTION_MOMENTUM_CALL|OFF|2026-08-05 12:38"",""threshold"":1.5,""value"":0,""since_minute_bucket_ist"":""2026-08-05 12:37"",""last_updated_ist"":""2026-08-05 12:38:00""}"
2026-08-05 00:00:00,2026-08-05 12:39:00,205,NIFTY,FLOW_BEARISH_BUILD,ON,HIGH,0.016,Bearish build (premium-confirmed writing / resistance),"{""dedupe_key"":""NIFTY|FLOW_BEARISH_BUILD|ON|2026-08-05 12:39"",""threshold"":0.005,""value"":0.016,""since_minute_bucket_ist"":"""",""last_updated_ist"":""2026-08-05 12:39:00""}"
2026-08-05 00:00:00,2026-08-05 12:39:00,205,NIFTY,EXP_RANGE_BREAKOUT_WATCH_DOWN,OFF,MED,24533.4,Expected-range watch DOWN,"{""dedupe_key"":""NIFTY|EXP_RANGE_BREAKOUT_WATCH_DOWN|OFF|2026-08-05 12:39"",""threshold"":24531.06,""value"":24533.4,""since_minute_bucket_ist"":""2026-08-05 12:35"",""last_updated_ist"":""2026-08-05 12:39:00""}"
2026-08-05 00:00:00,2026-08-05 12:39:00,205,NIFTY,EXP_RANGE_BREAKOUT_CONFIRMED_DOWN,OFF,HIGH,0,Expected-range breakout CONFIRMED DOWN,"{""dedupe_key"":""NIFTY|EXP_RANGE_BREAKOUT_CONFIRMED_DOWN|OFF|2026-08-05 12:39"",""threshold"":2,""value"":0,""since_minute_bucket_ist"":""2026-08-05 12:36"",""last_updated_ist"":""2026-08-05 12:39:00""}"
2026-08-05 00:00:00,2026-08-05 12:39:00,205,NIFTY,OPTION_MOMENTUM_PUT,ON,MED,4.75,ATM PUT momentum (ltp up + vol up),"{""dedupe_key"":""NIFTY|OPTION_MOMENTUM_PUT|ON|2026-08-05 12:39"",""threshold"":1.5,""value"":4.75,""since_minute_bucket_ist"":"""",""last_updated_ist"":""2026-08-05 12:39:00""}"
2026-08-05 00:00:00,2026-08-05 12:39:00,205,NIFTY,CHURN_CHOP,ON,LOW,0.0406,High OI churn while price flat (chop),"{""dedupe_key"":""NIFTY|CHURN_CHOP|ON|2026-08-05 12:39"",""threshold"":0.04,""value"":0.0406,""since_minute_bucket_ist"":"""",""last_updated_ist"":""2026-08-05 12:39:00""}"
2026-08-05 00:00:00,2026-08-05 12:39:00,205,NIFTY,STEALTH_BUILD_BEAR,ON,MED,0.016,"Stealth bearish build (calls build, spot flat)","{""dedupe_key"":""NIFTY|STEALTH_BUILD_BEAR|ON|2026-08-05 12:39"",""threshold"":0.008,""value"":0.016,""since_minute_bucket_ist"":"""",""last_updated_ist"":""2026-08-05 12:39:00""}"
2026-08-05 00:00:00,2026-08-05 12:40:00,206,NIFTY,FLOW_BEARISH_BUILD,OFF,HIGH,0.0082,Bearish build (premium-confirmed writing / resistance),"{""dedupe_key"":""NIFTY|FLOW_BEARISH_BUILD|OFF|2026-08-05 12:40"",""threshold"":0.005,""value"":0.0082,""since_minute_bucket_ist"":""2026-08-05 12:39"",""last_updated_ist"":""2026-08-05 12:40:00""}"
2026-08-05 00:00:00,2026-08-05 12:40:00,206,NIFTY,REGIME_RANGE_PIN,ON,LOW,0.0002,Range / pin (inside local walls),"{""dedupe_key"":""NIFTY|REGIME_RANGE_PIN|ON|2026-08-05 12:40"",""threshold"":0.001,""value"":0.0002,""since_minute_bucket_ist"":"""",""last_updated_ist"":""2026-08-05 12:40:00""}"
2026-08-05 00:00:00,2026-08-05 12:40:00,206,NIFTY,REGIME_TRANSITION_UNCERTAIN,OFF,LOW,1,Transition/uncertain regime,"{""dedupe_key"":""NIFTY|REGIME_TRANSITION_UNCERTAIN|OFF|2026-08-05 12:40"",""threshold"":1,""value"":1,""since_minute_bucket_ist"":""2026-08-05 12:31"",""last_updated_ist"":""2026-08-05 12:40:00""}"
2026-08-05 00:00:00,2026-08-05 12:40:00,206,NIFTY,PIN_BASIC,OFF,LOW,37.5,Spot near a local wall (pin zone),"{""dedupe_key"":""NIFTY|PIN_BASIC|OFF|2026-08-05 12:40"",""threshold"":37.5,""value"":37.5,""since_minute_bucket_ist"":""2026-08-05 12:36"",""last_updated_ist"":""2026-08-05 12:40:00""}"
2026-08-05 00:00:00,2026-08-05 12:40:00,206,NIFTY,VOL_EXPANSION,OFF,MED,-0.0016,Volatility expanding (straddle up),"{""dedupe_key"":""NIFTY|VOL_EXPANSION|OFF|2026-08-05 12:40"",""threshold"":0.02,""value"":-0.0016,""since_minute_bucket_ist"":""2026-08-05 12:30"",""last_updated_ist"":""2026-08-05 12:40:00""}"
2026-08-05 00:00:00,2026-08-05 12:40:00,206,NIFTY,OPTION_MOMENTUM_CALL,ON,MED,2.9,ATM CALL momentum (ltp up + vol up),"{""dedupe_key"":""NIFTY|OPTION_MOMENTUM_CALL|ON|2026-08-05 12:40"",""threshold"":1.5,""value"":2.9,""since_minute_bucket_ist"":"""",""last_updated_ist"":""2026-08-05 12:40:00""}"
2026-08-05 00:00:00,2026-08-05 12:40:00,206,NIFTY,OPTION_MOMENTUM_PUT,OFF,MED,-5.3,ATM PUT momentum (ltp up + vol up),"{""dedupe_key"":""NIFTY|OPTION_MOMENTUM_PUT|OFF|2026-08-05 12:40"",""threshold"":1.5,""value"":-5.3,""since_minute_bucket_ist"":""2026-08-05 12:39"",""last_updated_ist"":""2026-08-05 12:40:00""}"
2026-08-05 00:00:00,2026-08-05 12:40:00,206,NIFTY,CHURN_CHOP,OFF,LOW,0.0114,High OI churn while price flat (chop),"{""dedupe_key"":""NIFTY|CHURN_CHOP|OFF|2026-08-05 12:40"",""threshold"":0.04,""value"":0.0114,""since_minute_bucket_ist"":""2026-08-05 12:39"",""last_updated_ist"":""2026-08-05 12:40:00""}"
2026-08-05 00:00:00,2026-08-05 12:42:00,208,NIFTY,PIN_BASIC,ON,LOW,37.5,Spot near a local wall (pin zone),"{""dedupe_key"":""NIFTY|PIN_BASIC|ON|2026-08-05 12:42"",""threshold"":37.5,""value"":37.5,""since_minute_bucket_ist"":"""",""last_updated_ist"":""2026-08-05 12:42:00""}"
2026-08-05 00:00:00,2026-08-05 12:42:00,208,NIFTY,VOL_EXPANSION,ON,MED,0.0018,Volatility expanding (straddle up),"{""dedupe_key"":""NIFTY|VOL_EXPANSION|ON|2026-08-05 12:42"",""threshold"":0.02,""value"":0.0018,""since_minute_bucket_ist"":"""",""last_updated_ist"":""2026-08-05 12:42:00""}"
2026-08-05 00:00:00,2026-08-05 12:42:00,208,NIFTY,OPTION_MOMENTUM_CALL,OFF,MED,-3.5,ATM CALL momentum (ltp up + vol up),"{""dedupe_key"":""NIFTY|OPTION_MOMENTUM_CALL|OFF|2026-08-05 12:42"",""threshold"":1.5,""value"":-3.5,""since_minute_bucket_ist"":""2026-08-05 12:40"",""last_updated_ist"":""2026-08-05 12:42:00""}"
2026-08-05 00:00:00,2026-08-05 12:42:00,208,NIFTY,OPTION_MOMENTUM_PUT,ON,MED,6.95,ATM PUT momentum (ltp up + vol up),"{""dedupe_key"":""NIFTY|OPTION_MOMENTUM_PUT|ON|2026-08-05 12:42"",""threshold"":1.5,""value"":6.95,""since_minute_bucket_ist"":"""",""last_updated_ist"":""2026-08-05 12:42:00""}"
2026-08-05 00:00:00,2026-08-05 12:42:00,208,NIFTY,STEALTH_BUILD_BEAR,OFF,MED,0.0064,"Stealth bearish build (calls build, spot flat)","{""dedupe_key"":""NIFTY|STEALTH_BUILD_BEAR|OFF|2026-08-05 12:42"",""threshold"":0.008,""value"":0.0064,""since_minute_bucket_ist"":""2026-08-05 12:39"",""last_updated_ist"":""2026-08-05 12:42:00""}"
2026-08-05 00:00:00,2026-08-05 12:43:00,209,NIFTY,VOL_EXPANSION,OFF,MED,-0.0008,Volatility expanding (straddle up),"{""dedupe_key"":""NIFTY|VOL_EXPANSION|OFF|2026-08-05 12:43"",""threshold"":0.02,""value"":-0.0008,""since_minute_bucket_ist"":""2026-08-05 12:42"",""last_updated_ist"":""2026-08-05 12:43:00""}"
2026-08-05 00:00:00,2026-08-05 12:43:00,209,NIFTY,OPTION_MOMENTUM_PUT,OFF,MED,0,ATM PUT momentum (ltp up + vol up),"{""dedupe_key"":""NIFTY|OPTION_MOMENTUM_PUT|OFF|2026-08-05 12:43"",""threshold"":1.5,""value"":0,""since_minute_bucket_ist"":""2026-08-05 12:42"",""last_updated_ist"":""2026-08-05 12:43:00""}"
2026-08-05 00:00:00,2026-08-05 12:44:00,210,NIFTY,FLOW_BEARISH_BUILD,ON,HIGH,0.0054,Bearish build (premium-confirmed writing / resistance),"{""dedupe_key"":""NIFTY|FLOW_BEARISH_BUILD|ON|2026-08-05 12:44"",""threshold"":0.005,""value"":0.0054,""since_minute_bucket_ist"":"""",""last_updated_ist"":""2026-08-05 12:44:00""}"
2026-08-05 00:00:00,2026-08-05 12:44:00,210,NIFTY,PIN_BREAKOUT_SETUP,ON,MED,-4.100000000002183,Pin breakout setup (wall touch + aligned flow),"{""dedupe_key"":""NIFTY|PIN_BREAKOUT_SETUP|ON|2026-08-05 12:44"",""threshold"":0,""value"":-4.100000000002183,""since_minute_bucket_ist"":"""",""last_updated_ist"":""2026-08-05 12:44:00""}"
2026-08-05 00:00:00,2026-08-05 12:44:00,210,NIFTY,VOL_EXPANSION,ON,MED,0.0157,Volatility expanding (straddle up),"{""dedupe_key"":""NIFTY|VOL_EXPANSION|ON|2026-08-05 12:44"",""threshold"":0.02,""value"":0.0157,""since_minute_bucket_ist"":"""",""last_updated_ist"":""2026-08-05 12:44:00""}"
2026-08-05 00:00:00,2026-08-05 12:44:00,210,NIFTY,OPTION_MOMENTUM_PUT,ON,MED,5.65,ATM PUT momentum (ltp up + vol up),"{""dedupe_key"":""NIFTY|OPTION_MOMENTUM_PUT|ON|2026-08-05 12:44"",""threshold"":1.5,""value"":5.65,""since_minute_bucket_ist"":"""",""last_updated_ist"":""2026-08-05 12:44:00""}"
2026-08-05 00:00:00,2026-08-05 12:44:00,210,NIFTY,CHURN_COMMITTED,ON,MED,-0.0002,Price move + aligned flow (committed),"{""dedupe_key"":""NIFTY|CHURN_COMMITTED|ON|2026-08-05 12:44"",""threshold"":0.0001,""value"":-0.0002,""since_minute_bucket_ist"":"""",""last_updated_ist"":""2026-08-05 12:44:00""}"
2026-08-05 00:00:00,2026-08-05 12:44:00,210,NIFTY,WALL_PRESSURE_BREAK_SETUP,ON,MED,-4.100000000002183,Pressure building into a wall (break setup),"{""dedupe_key"":""NIFTY|WALL_PRESSURE_BREAK_SETUP|ON|2026-08-05 12:44"",""threshold"":0,""value"":-4.100000000002183,""since_minute_bucket_ist"":"""",""last_updated_ist"":""2026-08-05 12:44:00""}"
2026-08-05 00:00:00,2026-08-05 12:45:00,211,NIFTY,TRADE_LIMIT_REACHED,ON,MED,10,Cooldown active (2m),"{""dedupe_key"":""NIFTY|TRADE_LIMIT_REACHED|ON|2026-08-05 12:45"",""threshold"":500,""value"":10,""since_minute_bucket_ist"":"""",""last_updated_ist"":""2026-08-05 12:45:00""}"
2026-08-05 00:00:00,2026-08-05 12:45:00,211,NIFTY,FLOW_BEARISH_BUILD,OFF,HIGH,0,Bearish build (premium-confirmed writing / resistance),"{""dedupe_key"":""NIFTY|FLOW_BEARISH_BUILD|OFF|2026-08-05 12:45"",""threshold"":0.005,""value"":0,""since_minute_bucket_ist"":""2026-08-05 12:44"",""last_updated_ist"":""2026-08-05 12:45:00""}"
2026-08-05 00:00:00,2026-08-05 12:45:00,211,NIFTY,PIN_BREAKOUT_SETUP,OFF,MED,3.75,Pin breakout setup (wall touch + aligned flow),"{""dedupe_key"":""NIFTY|PIN_BREAKOUT_SETUP|OFF|2026-08-05 12:45"",""threshold"":0,""value"":3.75,""since_minute_bucket_ist"":""2026-08-05 12:44"",""last_updated_ist"":""2026-08-05 12:45:00""}"
2026-08-05 00:00:00,2026-08-05 12:45:00,211,NIFTY,OPTION_MOMENTUM_PUT,OFF,MED,-1.65,ATM PUT momentum (ltp up + vol up),"{""dedupe_key"":""NIFTY|OPTION_MOMENTUM_PUT|OFF|2026-08-05 12:45"",""threshold"":1.5,""value"":-1.65,""since_minute_bucket_ist"":""2026-08-05 12:44"",""last_updated_ist"":""2026-08-05 12:45:00""}"
2026-08-05 00:00:00,2026-08-05 12:45:00,211,NIFTY,CHURN_COMMITTED,OFF,MED,0.0002,Price move + aligned flow (committed),"{""dedupe_key"":""NIFTY|CHURN_COMMITTED|OFF|2026-08-05 12:45"",""threshold"":0.0001,""value"":0.0002,""since_minute_bucket_ist"":""2026-08-05 12:44"",""last_updated_ist"":""2026-08-05 12:45:00""}"
2026-08-05 00:00:00,2026-08-05 12:45:00,211,NIFTY,WALL_PRESSURE_BREAK_SETUP,OFF,MED,3.75,Pressure building into a wall (break setup),"{""dedupe_key"":""NIFTY|WALL_PRESSURE_BREAK_SETUP|OFF|2026-08-05 12:45"",""threshold"":0,""value"":3.75,""since_minute_bucket_ist"":""2026-08-05 12:44"",""last_updated_ist"":""2026-08-05 12:45:00""}"
2026-08-05 00:00:00,2026-08-05 12:46:00,212,NIFTY,TRADE_LIMIT_REACHED,OFF,MED,10,Cooldown active (2m),"{""dedupe_key"":""NIFTY|TRADE_LIMIT_REACHED|OFF|2026-08-05 12:46"",""threshold"":500,""value"":10,""since_minute_bucket_ist"":""2026-08-05 12:45"",""last_updated_ist"":""2026-08-05 12:46:00""}"
2026-08-05 00:00:00,2026-08-05 12:46:00,212,NIFTY,VOL_EXPANSION,OFF,MED,0.0047,Volatility expanding (straddle up),"{""dedupe_key"":""NIFTY|VOL_EXPANSION|OFF|2026-08-05 12:46"",""threshold"":0.02,""value"":0.0047,""since_minute_bucket_ist"":""2026-08-05 12:44"",""last_updated_ist"":""2026-08-05 12:46:00""}"
2026-08-05 00:00:00,2026-08-05 12:48:00,214,NIFTY,STEALTH_BUILD_BULL,ON,MED,0.0168,"Stealth bullish build (puts build, spot flat)","{""dedupe_key"":""NIFTY|STEALTH_BUILD_BULL|ON|2026-08-05 12:48"",""threshold"":0.008,""value"":0.0168,""since_minute_bucket_ist"":"""",""last_updated_ist"":""2026-08-05 12:48:00""}"
2026-08-05 00:00:00,2026-08-05 12:49:00,215,NIFTY,EXP_RANGE_BREAKOUT_WATCH_DOWN,ON,MED,24521.6,Expected-range watch DOWN,"{""dedupe_key"":""NIFTY|EXP_RANGE_BREAKOUT_WATCH_DOWN|ON|2026-08-05 12:49"",""threshold"":24525.34,""value"":24521.6,""since_minute_bucket_ist"":"""",""last_updated_ist"":""2026-08-05 12:49:00""}"
2026-08-05 00:00:00,2026-08-05 12:49:00,215,NIFTY,VOL_EXPANSION,ON,MED,0.0189,Volatility expanding (straddle up),"{""dedupe_key"":""NIFTY|VOL_EXPANSION|ON|2026-08-05 12:49"",""threshold"":0.02,""value"":0.0189,""since_minute_bucket_ist"":"""",""last_updated_ist"":""2026-08-05 12:49:00""}"
2026-08-05 00:00:00,2026-08-05 12:49:00,215,NIFTY,OPTION_MOMENTUM_PUT,ON,MED,6.3,ATM PUT momentum (ltp up + vol up),"{""dedupe_key"":""NIFTY|OPTION_MOMENTUM_PUT|ON|2026-08-05 12:49"",""threshold"":1.5,""value"":6.3,""since_minute_bucket_ist"":"""",""last_updated_ist"":""2026-08-05 12:49:00""}"
2026-08-05 00:00:00,2026-08-05 12:49:00,215,NIFTY,STEALTH_BUILD_BULL,OFF,MED,-0.0052,"Stealth bullish build (puts build, spot flat)","{""dedupe_key"":""NIFTY|STEALTH_BUILD_BULL|OFF|2026-08-05 12:49"",""threshold"":0.008,""value"":-0.0052,""since_minute_bucket_ist"":""2026-08-05 12:48"",""last_updated_ist"":""2026-08-05 12:49:00""}"
2026-08-05 00:00:00,2026-08-05 12:50:00,216,NIFTY,EXP_RANGE_BREAKOUT_CONFIRMED_DOWN,ON,HIGH,2,Expected-range breakout CONFIRMED DOWN,"{""dedupe_key"":""NIFTY|EXP_RANGE_BREAKOUT_CONFIRMED_DOWN|ON|2026-08-05 12:50"",""threshold"":2,""value"":2,""since_minute_bucket_ist"":"""",""last_updated_ist"":""2026-08-05 12:50:00""}"
2026-08-05 00:00:00,2026-08-05 12:50:00,216,NIFTY,OPTION_MOMENTUM_PUT,OFF,MED,0.45,ATM PUT momentum (ltp up + vol up),"{""dedupe_key"":""NIFTY|OPTION_MOMENTUM_PUT|OFF|2026-08-05 12:50"",""threshold"":1.5,""value"":0.45,""since_minute_bucket_ist"":""2026-08-05 12:49"",""last_updated_ist"":""2026-08-05 12:50:00""}"
2026-08-05 00:00:00,2026-08-05 12:50:00,216,NIFTY,WALL_UNWIND_CONFIRM_UP,ON,MED,-0.0189,Call wall OI unwinding (5m),"{""dedupe_key"":""NIFTY|WALL_UNWIND_CONFIRM_UP|ON|2026-08-05 12:50"",""threshold"":-0.006,""value"":-0.0189,""since_minute_bucket_ist"":"""",""last_updated_ist"":""2026-08-05 12:50:00""}"
2026-08-05 00:00:00,2026-08-05 12:52:00,218,NIFTY,EXP_RANGE_BREAKOUT_WATCH_DOWN,OFF,MED,24521.65,Expected-range watch DOWN,"{""dedupe_key"":""NIFTY|EXP_RANGE_BREAKOUT_WATCH_DOWN|OFF|2026-08-05 12:52"",""threshold"":24520.34,""value"":24521.65,""since_minute_bucket_ist"":""2026-08-05 12:49"",""last_updated_ist"":""2026-08-05 12:52:00""}"
2026-08-05 00:00:00,2026-08-05 12:52:00,218,NIFTY,EXP_RANGE_BREAKOUT_CONFIRMED_DOWN,OFF,HIGH,0,Expected-range breakout CONFIRMED DOWN,"{""dedupe_key"":""NIFTY|EXP_RANGE_BREAKOUT_CONFIRMED_DOWN|OFF|2026-08-05 12:52"",""threshold"":2,""value"":0,""since_minute_bucket_ist"":""2026-08-05 12:50"",""last_updated_ist"":""2026-08-05 12:52:00""}"
2026-08-05 00:00:00,2026-08-05 12:52:00,218,NIFTY,OPTION_MOMENTUM_CALL,ON,MED,1.75,ATM CALL momentum (ltp up + vol up),"{""dedupe_key"":""NIFTY|OPTION_MOMENTUM_CALL|ON|2026-08-05 12:52"",""threshold"":1.5,""value"":1.75,""since_minute_bucket_ist"":"""",""last_updated_ist"":""2026-08-05 12:52:00""}"
2026-08-05 00:00:00,2026-08-05 12:52:00,218,NIFTY,STEALTH_BUILD_BEAR,ON,MED,0.0086,"Stealth bearish build (calls build, spot flat)","{""dedupe_key"":""NIFTY|STEALTH_BUILD_BEAR|ON|2026-08-05 12:52"",""threshold"":0.008,""value"":0.0086,""since_minute_bucket_ist"":"""",""last_updated_ist"":""2026-08-05 12:52:00""}"
2026-08-05 00:00:00,2026-08-05 12:53:00,219,NIFTY,OPTION_MOMENTUM_CALL,OFF,MED,0,ATM CALL momentum (ltp up + vol up),"{""dedupe_key"":""NIFTY|OPTION_MOMENTUM_CALL|OFF|2026-08-05 12:53"",""threshold"":1.5,""value"":0,""since_minute_bucket_ist"":""2026-08-05 12:52"",""last_updated_ist"":""2026-08-05 12:53:00""}"
2026-08-05 00:00:00,2026-08-05 12:53:00,219,NIFTY,STEALTH_BUILD_BEAR,OFF,MED,0,"Stealth bearish build (calls build, spot flat)","{""dedupe_key"":""NIFTY|STEALTH_BUILD_BEAR|OFF|2026-08-05 12:53"",""threshold"":0.008,""value"":0,""since_minute_bucket_ist"":""2026-08-05 12:52"",""last_updated_ist"":""2026-08-05 12:53:00""}"
2026-08-05 00:00:00,2026-08-05 12:54:00,220,NIFTY,VOL_EXPANSION,OFF,MED,0.0002,Volatility expanding (straddle up),"{""dedupe_key"":""NIFTY|VOL_EXPANSION|OFF|2026-08-05 12:54"",""threshold"":0.02,""value"":0.0002,""since_minute_bucket_ist"":""2026-08-05 12:49"",""last_updated_ist"":""2026-08-05 12:54:00""}"
2026-08-05 00:00:00,2026-08-05 12:54:00,220,NIFTY,OPTION_MOMENTUM_CALL,ON,MED,1.85,ATM CALL momentum (ltp up + vol up),"{""dedupe_key"":""NIFTY|OPTION_MOMENTUM_CALL|ON|2026-08-05 12:54"",""threshold"":1.5,""value"":1.85,""since_minute_bucket_ist"":"""",""last_updated_ist"":""2026-08-05 12:54:00""}"
2026-08-05 00:00:00,2026-08-05 12:55:00,221,NIFTY,OPTION_MOMENTUM_CALL,OFF,MED,-0.8,ATM CALL momentum (ltp up + vol up),"{""dedupe_key"":""NIFTY|OPTION_MOMENTUM_CALL|OFF|2026-08-05 12:55"",""threshold"":1.5,""value"":-0.8,""since_minute_bucket_ist"":""2026-08-05 12:54"",""last_updated_ist"":""2026-08-05 12:55:00""}"
2026-08-05 00:00:00,2026-08-05 12:55:00,221,NIFTY,OPTION_MOMENTUM_PUT,ON,MED,2.15,ATM PUT momentum (ltp up + vol up),"{""dedupe_key"":""NIFTY|OPTION_MOMENTUM_PUT|ON|2026-08-05 12:55"",""threshold"":1.5,""value"":2.15,""since_minute_bucket_ist"":"""",""last_updated_ist"":""2026-08-05 12:55:00""}"
2026-08-05 00:00:00,2026-08-05 12:55:00,221,NIFTY,WALL_UNWIND_CONFIRM_UP,OFF,MED,0.0065,Call wall OI unwinding (5m),"{""dedupe_key"":""NIFTY|WALL_UNWIND_CONFIRM_UP|OFF|2026-08-05 12:55"",""threshold"":-0.006,""value"":0.0065,""since_minute_bucket_ist"":""2026-08-05 12:50"",""last_updated_ist"":""2026-08-05 12:55:00""}"
2026-08-05 00:00:00,2026-08-05 12:56:00,222,NIFTY,FLOW_BEARISH_BUILD,ON,HIGH,0.0031,Bearish build (premium-confirmed writing / resistance),"{""dedupe_key"":""NIFTY|FLOW_BEARISH_BUILD|ON|2026-08-05 12:56"",""threshold"":0.005,""value"":0.0031,""since_minute_bucket_ist"":"""",""last_updated_ist"":""2026-08-05 12:56:00""}"
2026-08-05 00:00:00,2026-08-05 12:57:00,223,NIFTY,FLOW_BULLISH_BUILD,ON,HIGH,0.0015,Bullish build (premium-confirmed writing / support),"{""dedupe_key"":""NIFTY|FLOW_BULLISH_BUILD|ON|2026-08-05 12:57"",""threshold"":0.005,""value"":0.0015,""since_minute_bucket_ist"":"""",""last_updated_ist"":""2026-08-05 12:57:00""}"
2026-08-05 00:00:00,2026-08-05 12:57:00,223,NIFTY,FLOW_BEARISH_BUILD,OFF,HIGH,0.0001,Bearish build (premium-confirmed writing / resistance),"{""dedupe_key"":""NIFTY|FLOW_BEARISH_BUILD|OFF|2026-08-05 12:57"",""threshold"":0.005,""value"":0.0001,""since_minute_bucket_ist"":""2026-08-05 12:56"",""last_updated_ist"":""2026-08-05 12:57:00""}"
2026-08-05 00:00:00,2026-08-05 12:57:00,223,NIFTY,OPTION_MOMENTUM_PUT,OFF,MED,-0.5,ATM PUT momentum (ltp up + vol up),"{""dedupe_key"":""NIFTY|OPTION_MOMENTUM_PUT|OFF|2026-08-05 12:57"",""threshold"":1.5,""value"":-0.5,""since_minute_bucket_ist"":""2026-08-05 12:55"",""last_updated_ist"":""2026-08-05 12:57:00""}"
2026-08-05 00:00:00,2026-08-05 12:58:00,224,NIFTY,FLOW_BULLISH_BUILD,OFF,HIGH,-0.0062,Bullish build (premium-confirmed writing / support),"{""dedupe_key"":""NIFTY|FLOW_BULLISH_BUILD|OFF|2026-08-05 12:58"",""threshold"":0.005,""value"":-0.0062,""since_minute_bucket_ist"":""2026-08-05 12:57"",""last_updated_ist"":""2026-08-05 12:58:00""}"
2026-08-05 00:00:00,2026-08-05 12:58:00,224,NIFTY,FLOW_BEARISH_BUILD,ON,HIGH,0.0042,Bearish build (premium-confirmed writing / resistance),"{""dedupe_key"":""NIFTY|FLOW_BEARISH_BUILD|ON|2026-08-05 12:58"",""threshold"":0.005,""value"":0.0042,""since_minute_bucket_ist"":"""",""last_updated_ist"":""2026-08-05 12:58:00""}"
2026-08-05 00:00:00,2026-08-05 12:58:00,224,NIFTY,VOL_EXPANSION,ON,MED,0.0073,Volatility expanding (straddle up),"{""dedupe_key"":""NIFTY|VOL_EXPANSION|ON|2026-08-05 12:58"",""threshold"":0.02,""value"":0.0073,""since_minute_bucket_ist"":"""",""last_updated_ist"":""2026-08-05 12:58:00""}"
2026-08-05 00:00:00,2026-08-05 12:58:00,224,NIFTY,OPTION_MOMENTUM_PUT,ON,MED,2.3,ATM PUT momentum (ltp up + vol up),"{""dedupe_key"":""NIFTY|OPTION_MOMENTUM_PUT|ON|2026-08-05 12:58"",""threshold"":1.5,""value"":2.3,""since_minute_bucket_ist"":"""",""last_updated_ist"":""2026-08-05 12:58:00""}"
2026-08-05 00:00:00,2026-08-05 12:58:00,224,NIFTY,WALL_UNWIND_CONFIRM_DOWN,ON,MED,-0.0084,Put wall OI unwinding (5m),"{""dedupe_key"":""NIFTY|WALL_UNWIND_CONFIRM_DOWN|ON|2026-08-05 12:58"",""threshold"":-0.006,""value"":-0.0084,""since_minute_bucket_ist"":"""",""last_updated_ist"":""2026-08-05 12:58:00""}"
2026-08-05 00:00:00,2026-08-05 12:59:00,225,NIFTY,PIN_BREAKOUT_SETUP,ON,MED,-1.3499999999985448,Pin breakout setup (wall touch + aligned flow),"{""dedupe_key"":""NIFTY|PIN_BREAKOUT_SETUP|ON|2026-08-05 12:59"",""threshold"":0,""value"":-1.3499999999985448,""since_minute_bucket_ist"":"""",""last_updated_ist"":""2026-08-05 12:59:00""}"
2026-08-05 00:00:00,2026-08-05 12:59:00,225,NIFTY,OPTION_MOMENTUM_PUT,OFF,MED,1.05,ATM PUT momentum (ltp up + vol up),"{""dedupe_key"":""NIFTY|OPTION_MOMENTUM_PUT|OFF|2026-08-05 12:59"",""threshold"":1.5,""value"":1.05,""since_minute_bucket_ist"":""2026-08-05 12:58"",""last_updated_ist"":""2026-08-05 12:59:00""}"
2026-08-05 00:00:00,2026-08-05 12:59:00,225,NIFTY,WALL_PRESSURE_BREAK_SETUP,ON,MED,-1.3499999999985448,Pressure building into a wall (break setup),"{""dedupe_key"":""NIFTY|WALL_PRESSURE_BREAK_SETUP|ON|2026-08-05 12:59"",""threshold"":0,""value"":-1.3499999999985448,""since_minute_bucket_ist"":"""",""last_updated_ist"":""2026-08-05 12:59:00""}"
2026-08-05 00:00:00,2026-08-05 13:00:00,226,NIFTY,FLOW_BEARISH_BUILD,OFF,HIGH,0,Bearish build (premium-confirmed writing / resistance),"{""dedupe_key"":""NIFTY|FLOW_BEARISH_BUILD|OFF|2026-08-05 13:00"",""threshold"":0.005,""value"":0,""since_minute_bucket_ist"":""2026-08-05 12:58"",""last_updated_ist"":""2026-08-05 13:00:00""}"
2026-08-05 00:00:00,2026-08-05 13:00:00,226,NIFTY,PIN_BREAKOUT_SETUP,OFF,MED,-5.200000000000728,Pin breakout setup (wall touch + aligned flow),"{""dedupe_key"":""NIFTY|PIN_BREAKOUT_SETUP|OFF|2026-08-05 13:00"",""threshold"":0,""value"":-5.200000000000728,""since_minute_bucket_ist"":""2026-08-05 12:59"",""last_updated_ist"":""2026-08-05 13:00:00""}"
2026-08-05 00:00:00,2026-08-05 13:00:00,226,NIFTY,EXP_RANGE_BREAKOUT_WATCH_DOWN,ON,MED,24515.75,Expected-range watch DOWN,"{""dedupe_key"":""NIFTY|EXP_RANGE_BREAKOUT_WATCH_DOWN|ON|2026-08-05 13:00"",""threshold"":24518.47,""value"":24515.75,""since_minute_bucket_ist"":"""",""last_updated_ist"":""2026-08-05 13:00:00""}"
2026-08-05 00:00:00,2026-08-05 13:00:00,226,NIFTY,OPTION_MOMENTUM_PUT,ON,MED,1.7,ATM PUT momentum (ltp up + vol up),"{""dedupe_key"":""NIFTY|OPTION_MOMENTUM_PUT|ON|2026-08-05 13:00"",""threshold"":1.5,""value"":1.7,""since_minute_bucket_ist"":"""",""last_updated_ist"":""2026-08-05 13:00:00""}"
2026-08-05 00:00:00,2026-08-05 13:00:00,226,NIFTY,WALL_PRESSURE_BREAK_SETUP,OFF,MED,-5.200000000000728,Pressure building into a wall (break setup),"{""dedupe_key"":""NIFTY|WALL_PRESSURE_BREAK_SETUP|OFF|2026-08-05 13:00"",""threshold"":0,""value"":-5.200000000000728,""since_minute_bucket_ist"":""2026-08-05 12:59"",""last_updated_ist"":""2026-08-05 13:00:00""}"
2026-08-05 00:00:00,2026-08-05 13:01:00,227,NIFTY,EXP_RANGE_BREAKOUT_CONFIRMED_DOWN,ON,HIGH,2,Expected-range breakout CONFIRMED DOWN,"{""dedupe_key"":""NIFTY|EXP_RANGE_BREAKOUT_CONFIRMED_DOWN|ON|2026-08-05 13:01"",""threshold"":2,""value"":2,""since_minute_bucket_ist"":"""",""last_updated_ist"":""2026-08-05 13:01:00""}"
2026-08-05 00:00:00,2026-08-05 13:01:00,227,NIFTY,VOL_EXPANSION,OFF,MED,-0.003,Volatility expanding (straddle up),"{""dedupe_key"":""NIFTY|VOL_EXPANSION|OFF|2026-08-05 13:01"",""threshold"":0.02,""value"":-0.003,""since_minute_bucket_ist"":""2026-08-05 12:58"",""last_updated_ist"":""2026-08-05 13:01:00""}"
2026-08-05 00:00:00,2026-08-05 13:01:00,227,NIFTY,OPTION_MOMENTUM_PUT,OFF,MED,-0.95,ATM PUT momentum (ltp up + vol up),"{""dedupe_key"":""NIFTY|OPTION_MOMENTUM_PUT|OFF|2026-08-05 13:01"",""threshold"":1.5,""value"":-0.95,""since_minute_bucket_ist"":""2026-08-05 13:00"",""last_updated_ist"":""2026-08-05 13:01:00""}"
2026-08-05 00:00:00,2026-08-05 13:01:00,227,NIFTY,WALL_UNWIND_CONFIRM_DOWN,OFF,MED,0.0009,Put wall OI unwinding (5m),"{""dedupe_key"":""NIFTY|WALL_UNWIND_CONFIRM_DOWN|OFF|2026-08-05 13:01"",""threshold"":-0.006,""value"":0.0009,""since_minute_bucket_ist"":""2026-08-05 12:58"",""last_updated_ist"":""2026-08-05 13:01:00""}"
2026-08-05 00:00:00,2026-08-05 13:02:00,228,NIFTY,EXP_RANGE_BREAKOUT_WATCH_DOWN,OFF,MED,24520.85,Expected-range watch DOWN,"{""dedupe_key"":""NIFTY|EXP_RANGE_BREAKOUT_WATCH_DOWN|OFF|2026-08-05 13:02"",""threshold"":24517.02,""value"":24520.85,""since_minute_bucket_ist"":""2026-08-05 13:00"",""last_updated_ist"":""2026-08-05 13:02:00""}"
2026-08-05 00:00:00,2026-08-05 13:02:00,228,NIFTY,EXP_RANGE_BREAKOUT_CONFIRMED_DOWN,OFF,HIGH,0,Expected-range breakout CONFIRMED DOWN,"{""dedupe_key"":""NIFTY|EXP_RANGE_BREAKOUT_CONFIRMED_DOWN|OFF|2026-08-05 13:02"",""threshold"":2,""value"":0,""since_minute_bucket_ist"":""2026-08-05 13:01"",""last_updated_ist"":""2026-08-05 13:02:00""}"
2026-08-05 00:00:00,2026-08-05 13:02:00,228,NIFTY,OPTION_MOMENTUM_CALL,ON,MED,4.2,ATM CALL momentum (ltp up + vol up),"{""dedupe_key"":""NIFTY|OPTION_MOMENTUM_CALL|ON|2026-08-05 13:02"",""threshold"":1.5,""value"":4.2,""since_minute_bucket_ist"":"""",""last_updated_ist"":""2026-08-05 13:02:00""}"
2026-08-05 00:00:00,2026-08-05 13:03:00,229,NIFTY,OPTION_MOMENTUM_CALL,OFF,MED,0,ATM CALL momentum (ltp up + vol up),"{""dedupe_key"":""NIFTY|OPTION_MOMENTUM_CALL|OFF|2026-08-05 13:03"",""threshold"":1.5,""value"":0,""since_minute_bucket_ist"":""2026-08-05 13:02"",""last_updated_ist"":""2026-08-05 13:03:00""}"
2026-08-05 00:00:00,2026-08-05 13:04:00,230,NIFTY,EXP_RANGE_BREAKOUT_WATCH_UP,ON,MED,24530.5,Expected-range watch UP,"{""dedupe_key"":""NIFTY|EXP_RANGE_BREAKOUT_WATCH_UP|ON|2026-08-05 13:04"",""threshold"":24527.19,""value"":24530.5,""since_minute_bucket_ist"":"""",""last_updated_ist"":""2026-08-05 13:04:00""}"
2026-08-05 00:00:00,2026-08-05 13:04:00,230,NIFTY,VOL_CONTRACTION,ON,LOW,-0.0142,Volatility contracting (straddle down),"{""dedupe_key"":""NIFTY|VOL_CONTRACTION|ON|2026-08-05 13:04"",""threshold"":-0.03,""value"":-0.0142,""since_minute_bucket_ist"":"""",""last_updated_ist"":""2026-08-05 13:04:00""}"
2026-08-05 00:00:00,2026-08-05 13:04:00,230,NIFTY,OPTION_MOMENTUM_CALL,ON,MED,2.55,ATM CALL momentum (ltp up + vol up),"{""dedupe_key"":""NIFTY|OPTION_MOMENTUM_CALL|ON|2026-08-05 13:04"",""threshold"":1.5,""value"":2.55,""since_minute_bucket_ist"":"""",""last_updated_ist"":""2026-08-05 13:04:00""}"
2026-08-05 00:00:00,2026-08-05 13:05:00,231,NIFTY,REGIME_RANGE_PIN,OFF,LOW,0.0002,Range / pin (inside local walls),"{""dedupe_key"":""NIFTY|REGIME_RANGE_PIN|OFF|2026-08-05 13:05"",""threshold"":0.001,""value"":0.0002,""since_minute_bucket_ist"":""2026-08-05 12:40"",""last_updated_ist"":""2026-08-05 13:05:00""}"
2026-08-05 00:00:00,2026-08-05 13:05:00,231,NIFTY,REGIME_TRANSITION_UNCERTAIN,ON,LOW,1,Transition/uncertain regime,"{""dedupe_key"":""NIFTY|REGIME_TRANSITION_UNCERTAIN|ON|2026-08-05 13:05"",""threshold"":1,""value"":1,""since_minute_bucket_ist"":"""",""last_updated_ist"":""2026-08-05 13:05:00""}"
2026-08-05 00:00:00,2026-08-05 13:05:00,231,NIFTY,EXP_RANGE_BREAKOUT_CONFIRMED_UP,ON,HIGH,2,Expected-range breakout CONFIRMED UP,"{""dedupe_key"":""NIFTY|EXP_RANGE_BREAKOUT_CONFIRMED_UP|ON|2026-08-05 13:05"",""threshold"":2,""value"":2,""since_minute_bucket_ist"":"""",""last_updated_ist"":""2026-08-05 13:05:00""}"
2026-08-05 00:00:00,2026-08-05 13:05:00,231,NIFTY,OPTION_MOMENTUM_CALL,OFF,MED,1.1,ATM CALL momentum (ltp up + vol up),"{""dedupe_key"":""NIFTY|OPTION_MOMENTUM_CALL|OFF|2026-08-05 13:05"",""threshold"":1.5,""value"":1.1,""since_minute_bucket_ist"":""2026-08-05 13:04"",""last_updated_ist"":""2026-08-05 13:05:00""}"
2026-08-05 00:00:00,2026-08-05 13:06:00,232,NIFTY,FLOW_BEARISH_BUILD,ON,HIGH,0.0058,Bearish build (premium-confirmed writing / resistance),"{""dedupe_key"":""NIFTY|FLOW_BEARISH_BUILD|ON|2026-08-05 13:06"",""threshold"":0.005,""value"":0.0058,""since_minute_bucket_ist"":"""",""last_updated_ist"":""2026-08-05 13:06:00""}"
2026-08-05 00:00:00,2026-08-05 13:06:00,232,NIFTY,REGIME_RANGE_PIN,ON,LOW,0.0004,Range / pin (inside local walls),"{""dedupe_key"":""NIFTY|REGIME_RANGE_PIN|ON|2026-08-05 13:06"",""threshold"":0.001,""value"":0.0004,""since_minute_bucket_ist"":"""",""last_updated_ist"":""2026-08-05 13:06:00""}"
2026-08-05 00:00:00,2026-08-05 13:06:00,232,NIFTY,REGIME_TRANSITION_UNCERTAIN,OFF,LOW,1,Transition/uncertain regime,"{""dedupe_key"":""NIFTY|REGIME_TRANSITION_UNCERTAIN|OFF|2026-08-05 13:06"",""threshold"":1,""value"":1,""since_minute_bucket_ist"":""2026-08-05 13:05"",""last_updated_ist"":""2026-08-05 13:06:00""}"
2026-08-05 00:00:00,2026-08-05 13:06:00,232,NIFTY,PIN_BREAKOUT_SETUP,ON,MED,-20.25,Pin breakout setup (wall touch + aligned flow),"{""dedupe_key"":""NIFTY|PIN_BREAKOUT_SETUP|ON|2026-08-05 13:06"",""threshold"":0,""value"":-20.25,""since_minute_bucket_ist"":"""",""last_updated_ist"":""2026-08-05 13:06:00""}"
2026-08-05 00:00:00,2026-08-05 13:06:00,232,NIFTY,EXP_RANGE_BREAKOUT_WATCH_UP,OFF,MED,24509.75,Expected-range watch UP,"{""dedupe_key"":""NIFTY|EXP_RANGE_BREAKOUT_WATCH_UP|OFF|2026-08-05 13:06"",""threshold"":24529.29,""value"":24509.75,""since_minute_bucket_ist"":""2026-08-05 13:04"",""last_updated_ist"":""2026-08-05 13:06:00""}"
2026-08-05 00:00:00,2026-08-05 13:06:00,232,NIFTY,EXP_RANGE_BREAKOUT_WATCH_DOWN,ON,MED,24509.75,Expected-range watch DOWN,"{""dedupe_key"":""NIFTY|EXP_RANGE_BREAKOUT_WATCH_DOWN|ON|2026-08-05 13:06"",""threshold"":24513.5,""value"":24509.75,""since_minute_bucket_ist"":"""",""last_updated_ist"":""2026-08-05 13:06:00""}"
2026-08-05 00:00:00,2026-08-05 13:06:00,232,NIFTY,EXP_RANGE_BREAKOUT_CONFIRMED_UP,OFF,HIGH,0,Expected-range breakout CONFIRMED UP,"{""dedupe_key"":""NIFTY|EXP_RANGE_BREAKOUT_CONFIRMED_UP|OFF|2026-08-05 13:06"",""threshold"":2,""value"":0,""since_minute_bucket_ist"":""2026-08-05 13:05"",""last_updated_ist"":""2026-08-05 13:06:00""}"
2026-08-05 00:00:00,2026-08-05 13:06:00,232,NIFTY,VOL_EXPANSION,ON,MED,0.0192,Volatility expanding (straddle up),"{""dedupe_key"":""NIFTY|VOL_EXPANSION|ON|2026-08-05 13:06"",""threshold"":0.02,""value"":0.0192,""since_minute_bucket_ist"":"""",""last_updated_ist"":""2026-08-05 13:06:00""}"
2026-08-05 00:00:00,2026-08-05 13:06:00,232,NIFTY,VOL_CONTRACTION,OFF,LOW,0.0192,Volatility contracting (straddle down),"{""dedupe_key"":""NIFTY|VOL_CONTRACTION|OFF|2026-08-05 13:06"",""threshold"":-0.03,""value"":0.0192,""since_minute_bucket_ist"":""2026-08-05 13:04"",""last_updated_ist"":""2026-08-05 13:06:00""}"
2026-08-05 00:00:00,2026-08-05 13:06:00,232,NIFTY,OPTION_MOMENTUM_PUT,ON,MED,11.8,ATM PUT momentum (ltp up + vol up),"{""dedupe_key"":""NIFTY|OPTION_MOMENTUM_PUT|ON|2026-08-05 13:06"",""threshold"":1.5,""value"":11.8,""since_minute_bucket_ist"":"""",""last_updated_ist"":""2026-08-05 13:06:00""}"
2026-08-05 00:00:00,2026-08-05 13:06:00,232,NIFTY,WALL_UNWIND_CONFIRM_DOWN,ON,MED,-0.0379,Put wall OI unwinding (5m),"{""dedupe_key"":""NIFTY|WALL_UNWIND_CONFIRM_DOWN|ON|2026-08-05 13:06"",""threshold"":-0.006,""value"":-0.0379,""since_minute_bucket_ist"":"""",""last_updated_ist"":""2026-08-05 13:06:00""}"
2026-08-05 00:00:00,2026-08-05 13:06:00,232,NIFTY,CHURN_COMMITTED,ON,MED,-0.0008,Price move + aligned flow (committed),"{""dedupe_key"":""NIFTY|CHURN_COMMITTED|ON|2026-08-05 13:06"",""threshold"":0.0001,""value"":-0.0008,""since_minute_bucket_ist"":"""",""last_updated_ist"":""2026-08-05 13:06:00""}"
2026-08-05 00:00:00,2026-08-05 13:06:00,232,NIFTY,WALL_PRESSURE_BREAK_SETUP,ON,MED,-20.25,Pressure building into a wall (break setup),"{""dedupe_key"":""NIFTY|WALL_PRESSURE_BREAK_SETUP|ON|2026-08-05 13:06"",""threshold"":0,""value"":-20.25,""since_minute_bucket_ist"":"""",""last_updated_ist"":""2026-08-05 13:06:00""}"
2026-08-05 00:00:00,2026-08-05 13:06:00,232,NIFTY,BULL_TRAP,ON,HIGH,1,Bull trap: failed upside breakout + bearish flow,"{""dedupe_key"":""NIFTY|BULL_TRAP|ON|2026-08-05 13:06"",""threshold"":1,""value"":1,""since_minute_bucket_ist"":"""",""last_updated_ist"":""2026-08-05 13:06:00""}"
2026-08-05 00:00:00,2026-08-05 13:07:00,233,NIFTY,TRADE_LIMIT_REACHED,ON,MED,11,Cooldown active (2m),"{""dedupe_key"":""NIFTY|TRADE_LIMIT_REACHED|ON|2026-08-05 13:07"",""threshold"":500,""value"":11,""since_minute_bucket_ist"":"""",""last_updated_ist"":""2026-08-05 13:07:00""}"
2026-08-05 00:00:00,2026-08-05 13:07:00,233,NIFTY,FLOW_BULLISH_BUILD,ON,HIGH,0.0055,Bullish build (premium-confirmed writing / support),"{""dedupe_key"":""NIFTY|FLOW_BULLISH_BUILD|ON|2026-08-05 13:07"",""threshold"":0.005,""value"":0.0055,""since_minute_bucket_ist"":"""",""last_updated_ist"":""2026-08-05 13:07:00""}"
2026-08-05 00:00:00,2026-08-05 13:07:00,233,NIFTY,FLOW_BEARISH_BUILD,OFF,HIGH,-0.0016,Bearish build (premium-confirmed writing / resistance),"{""dedupe_key"":""NIFTY|FLOW_BEARISH_BUILD|OFF|2026-08-05 13:07"",""threshold"":0.005,""value"":-0.0016,""since_minute_bucket_ist"":""2026-08-05 13:06"",""last_updated_ist"":""2026-08-05 13:07:00""}"
2026-08-05 00:00:00,2026-08-05 13:07:00,233,NIFTY,PIN_BREAKOUT_SETUP,OFF,MED,6.400000000001455,Pin breakout setup (wall touch + aligned flow),"{""dedupe_key"":""NIFTY|PIN_BREAKOUT_SETUP|OFF|2026-08-05 13:07"",""threshold"":0,""value"":6.400000000001455,""since_minute_bucket_ist"":""2026-08-05 13:06"",""last_updated_ist"":""2026-08-05 13:07:00""}"
2026-08-05 00:00:00,2026-08-05 13:07:00,233,NIFTY,EXP_RANGE_BREAKOUT_WATCH_DOWN,OFF,MED,24516.15,Expected-range watch DOWN,"{""dedupe_key"":""NIFTY|EXP_RANGE_BREAKOUT_WATCH_DOWN|OFF|2026-08-05 13:07"",""threshold"":24512.74,""value"":24516.15,""since_minute_bucket_ist"":""2026-08-05 13:06"",""last_updated_ist"":""2026-08-05 13:07:00""}"
2026-08-05 00:00:00,2026-08-05 13:07:00,233,NIFTY,OPTION_MOMENTUM_CALL,ON,MED,2.6,ATM CALL momentum (ltp up + vol up),"{""dedupe_key"":""NIFTY|OPTION_MOMENTUM_CALL|ON|2026-08-05 13:07"",""threshold"":1.5,""value"":2.6,""since_minute_bucket_ist"":"""",""last_updated_ist"":""2026-08-05 13:07:00""}"
2026-08-05 00:00:00,2026-08-05 13:07:00,233,NIFTY,OPTION_MOMENTUM_PUT,OFF,MED,-5,ATM PUT momentum (ltp up + vol up),"{""dedupe_key"":""NIFTY|OPTION_MOMENTUM_PUT|OFF|2026-08-05 13:07"",""threshold"":1.5,""value"":-5,""since_minute_bucket_ist"":""2026-08-05 13:06"",""last_updated_ist"":""2026-08-05 13:07:00""}"
2026-08-05 00:00:00,2026-08-05 13:07:00,233,NIFTY,WALL_PRESSURE_BREAK_SETUP,OFF,MED,6.400000000001455,Pressure building into a wall (break setup),"{""dedupe_key"":""NIFTY|WALL_PRESSURE_BREAK_SETUP|OFF|2026-08-05 13:07"",""threshold"":0,""value"":6.400000000001455,""since_minute_bucket_ist"":""2026-08-05 13:06"",""last_updated_ist"":""2026-08-05 13:07:00""}"
2026-08-05 00:00:00,2026-08-05 13:07:00,233,NIFTY,BULL_TRAP,OFF,HIGH,1,Bull trap: failed upside breakout + bearish flow,"{""dedupe_key"":""NIFTY|BULL_TRAP|OFF|2026-08-05 13:07"",""threshold"":1,""value"":1,""since_minute_bucket_ist"":""2026-08-05 13:06"",""last_updated_ist"":""2026-08-05 13:07:00""}"
2026-08-05 00:00:00,2026-08-05 13:08:00,234,NIFTY,TRADE_LIMIT_REACHED,OFF,MED,11,Cooldown active (2m),"{""dedupe_key"":""NIFTY|TRADE_LIMIT_REACHED|OFF|2026-08-05 13:08"",""threshold"":500,""value"":11,""since_minute_bucket_ist"":""2026-08-05 13:07"",""last_updated_ist"":""2026-08-05 13:08:00""}"
2026-08-05 00:00:00,2026-08-05 13:08:00,234,NIFTY,FLOW_BULLISH_BUILD,OFF,HIGH,-0.0003,Bullish build (premium-confirmed writing / support),"{""dedupe_key"":""NIFTY|FLOW_BULLISH_BUILD|OFF|2026-08-05 13:08"",""threshold"":0.005,""value"":-0.0003,""since_minute_bucket_ist"":""2026-08-05 13:07"",""last_updated_ist"":""2026-08-05 13:08:00""}"
2026-08-05 00:00:00,2026-08-05 13:08:00,234,NIFTY,VOL_EXPANSION,OFF,MED,0.0125,Volatility expanding (straddle up),"{""dedupe_key"":""NIFTY|VOL_EXPANSION|OFF|2026-08-05 13:08"",""threshold"":0.02,""value"":0.0125,""since_minute_bucket_ist"":""2026-08-05 13:06"",""last_updated_ist"":""2026-08-05 13:08:00""}"
2026-08-05 00:00:00,2026-08-05 13:08:00,234,NIFTY,CHURN_COMMITTED,OFF,MED,0.0004,Price move + aligned flow (committed),"{""dedupe_key"":""NIFTY|CHURN_COMMITTED|OFF|2026-08-05 13:08"",""threshold"":0.0001,""value"":0.0004,""since_minute_bucket_ist"":""2026-08-05 13:06"",""last_updated_ist"":""2026-08-05 13:08:00""}"
2026-08-05 00:00:00,2026-08-05 13:09:00,235,NIFTY,FLOW_BULLISH_BUILD,ON,HIGH,0.0032,Bullish build (premium-confirmed writing / support),"{""dedupe_key"":""NIFTY|FLOW_BULLISH_BUILD|ON|2026-08-05 13:09"",""threshold"":0.005,""value"":0.0032,""since_minute_bucket_ist"":"""",""last_updated_ist"":""2026-08-05 13:09:00""}"
2026-08-05 00:00:00,2026-08-05 13:09:00,235,NIFTY,EXP_RANGE_BREAKOUT_WATCH_UP,ON,MED,24533.2,Expected-range watch UP,"{""dedupe_key"":""NIFTY|EXP_RANGE_BREAKOUT_WATCH_UP|ON|2026-08-05 13:09"",""threshold"":24531.21,""value"":24533.2,""since_minute_bucket_ist"":"""",""last_updated_ist"":""2026-08-05 13:09:00""}"
2026-08-05 00:00:00,2026-08-05 13:09:00,235,NIFTY,CHURN_COMMITTED,ON,MED,0.0003,Price move + aligned flow (committed),"{""dedupe_key"":""NIFTY|CHURN_COMMITTED|ON|2026-08-05 13:09"",""threshold"":0.0001,""value"":0.0003,""since_minute_bucket_ist"":"""",""last_updated_ist"":""2026-08-05 13:09:00""}"
2026-08-05 00:00:00,2026-08-05 13:10:00,236,NIFTY,FLOW_BULLISH_BUILD,OFF,HIGH,0,Bullish build (premium-confirmed writing / support),"{""dedupe_key"":""NIFTY|FLOW_BULLISH_BUILD|OFF|2026-08-05 13:10"",""threshold"":0.005,""value"":0,""since_minute_bucket_ist"":""2026-08-05 13:09"",""last_updated_ist"":""2026-08-05 13:10:00""}"
2026-08-05 00:00:00,2026-08-05 13:10:00,236,NIFTY,EXP_RANGE_BREAKOUT_CONFIRMED_UP,ON,HIGH,2,Expected-range breakout CONFIRMED UP,"{""dedupe_key"":""NIFTY|EXP_RANGE_BREAKOUT_CONFIRMED_UP|ON|2026-08-05 13:10"",""threshold"":2,""value"":2,""since_minute_bucket_ist"":"""",""last_updated_ist"":""2026-08-05 13:10:00""}"
2026-08-05 00:00:00,2026-08-05 13:10:00,236,NIFTY,OPTION_MOMENTUM_CALL,OFF,MED,0.65,ATM CALL momentum (ltp up + vol up),"{""dedupe_key"":""NIFTY|OPTION_MOMENTUM_CALL|OFF|2026-08-05 13:10"",""threshold"":1.5,""value"":0.65,""since_minute_bucket_ist"":""2026-08-05 13:07"",""last_updated_ist"":""2026-08-05 13:10:00""}"
2026-08-05 00:00:00,2026-08-05 13:10:00,236,NIFTY,WALL_UNWIND_CONFIRM_DOWN,OFF,MED,-0.0043,Put wall OI unwinding (5m),"{""dedupe_key"":""NIFTY|WALL_UNWIND_CONFIRM_DOWN|OFF|2026-08-05 13:10"",""threshold"":-0.006,""value"":-0.0043,""since_minute_bucket_ist"":""2026-08-05 13:06"",""last_updated_ist"":""2026-08-05 13:10:00""}"
2026-08-05 00:00:00,2026-08-05 13:10:00,236,NIFTY,CHURN_COMMITTED,OFF,MED,0.0002,Price move + aligned flow (committed),"{""dedupe_key"":""NIFTY|CHURN_COMMITTED|OFF|2026-08-05 13:10"",""threshold"":0.0001,""value"":0.0002,""since_minute_bucket_ist"":""2026-08-05 13:09"",""last_updated_ist"":""2026-08-05 13:10:00""}"
2026-08-05 00:00:00,2026-08-05 13:11:00,237,NIFTY,FLOW_BEARISH_BUILD,ON,HIGH,0.0091,Bearish build (premium-confirmed writing / resistance),"{""dedupe_key"":""NIFTY|FLOW_BEARISH_BUILD|ON|2026-08-05 13:11"",""threshold"":0.005,""value"":0.0091,""since_minute_bucket_ist"":"""",""last_updated_ist"":""2026-08-05 13:11:00""}"
2026-08-05 00:00:00,2026-08-05 13:11:00,237,NIFTY,REGIME_RANGE_PIN,OFF,LOW,0.0004,Range / pin (inside local walls),"{""dedupe_key"":""NIFTY|REGIME_RANGE_PIN|OFF|2026-08-05 13:11"",""threshold"":0.001,""value"":0.0004,""since_minute_bucket_ist"":""2026-08-05 13:06"",""last_updated_ist"":""2026-08-05 13:11:00""}"
2026-08-05 00:00:00,2026-08-05 13:11:00,237,NIFTY,REGIME_TRANSITION_UNCERTAIN,ON,LOW,1,Transition/uncertain regime,"{""dedupe_key"":""NIFTY|REGIME_TRANSITION_UNCERTAIN|ON|2026-08-05 13:11"",""threshold"":1,""value"":1,""since_minute_bucket_ist"":"""",""last_updated_ist"":""2026-08-05 13:11:00""}"
2026-08-05 00:00:00,2026-08-05 13:11:00,237,NIFTY,PIN_BREAKOUT_SETUP,ON,MED,-9.650000000001455,Pin breakout setup (wall touch + aligned flow),"{""dedupe_key"":""NIFTY|PIN_BREAKOUT_SETUP|ON|2026-08-05 13:11"",""threshold"":0,""value"":-9.650000000001455,""since_minute_bucket_ist"":"""",""last_updated_ist"":""2026-08-05 13:11:00""}"
2026-08-05 00:00:00,2026-08-05 13:11:00,237,NIFTY,EXP_RANGE_BREAKOUT_WATCH_UP,OFF,MED,24527.55,Expected-range watch UP,"{""dedupe_key"":""NIFTY|EXP_RANGE_BREAKOUT_WATCH_UP|OFF|2026-08-05 13:11"",""threshold"":24534.78,""value"":24527.55,""since_minute_bucket_ist"":""2026-08-05 13:09"",""last_updated_ist"":""2026-08-05 13:11:00""}"
2026-08-05 00:00:00,2026-08-05 13:11:00,237,NIFTY,EXP_RANGE_BREAKOUT_CONFIRMED_UP,OFF,HIGH,0,Expected-range breakout CONFIRMED UP,"{""dedupe_key"":""NIFTY|EXP_RANGE_BREAKOUT_CONFIRMED_UP|OFF|2026-08-05 13:11"",""threshold"":2,""value"":0,""since_minute_bucket_ist"":""2026-08-05 13:10"",""last_updated_ist"":""2026-08-05 13:11:00""}"
2026-08-05 00:00:00,2026-08-05 13:11:00,237,NIFTY,OPTION_MOMENTUM_PUT,ON,MED,3,ATM PUT momentum (ltp up + vol up),"{""dedupe_key"":""NIFTY|OPTION_MOMENTUM_PUT|ON|2026-08-05 13:11"",""threshold"":1.5,""value"":3,""since_minute_bucket_ist"":"""",""last_updated_ist"":""2026-08-05 13:11:00""}"
2026-08-05 00:00:00,2026-08-05 13:11:00,237,NIFTY,CHURN_COMMITTED,ON,MED,-0.0004,Price move + aligned flow (committed),"{""dedupe_key"":""NIFTY|CHURN_COMMITTED|ON|2026-08-05 13:11"",""threshold"":0.0001,""value"":-0.0004,""since_minute_bucket_ist"":"""",""last_updated_ist"":""2026-08-05 13:11:00""}"
2026-08-05 00:00:00,2026-08-05 13:11:00,237,NIFTY,WALL_PRESSURE_BREAK_SETUP,ON,MED,-9.650000000001455,Pressure building into a wall (break setup),"{""dedupe_key"":""NIFTY|WALL_PRESSURE_BREAK_SETUP|ON|2026-08-05 13:11"",""threshold"":0,""value"":-9.650000000001455,""since_minute_bucket_ist"":"""",""last_updated_ist"":""2026-08-05 13:11:00""}"
2026-08-05 00:00:00,2026-08-05 13:11:00,237,NIFTY,BULL_TRAP,ON,HIGH,1,Bull trap: failed upside breakout + bearish flow,"{""dedupe_key"":""NIFTY|BULL_TRAP|ON|2026-08-05 13:11"",""threshold"":1,""value"":1,""since_minute_bucket_ist"":"""",""last_updated_ist"":""2026-08-05 13:11:00""}"
2026-08-05 00:00:00,2026-08-05 13:12:00,238,NIFTY,FLOW_BEARISH_BUILD,OFF,HIGH,0,Bearish build (premium-confirmed writing / resistance),"{""dedupe_key"":""NIFTY|FLOW_BEARISH_BUILD|OFF|2026-08-05 13:12"",""threshold"":0.005,""value"":0,""since_minute_bucket_ist"":""2026-08-05 13:11"",""last_updated_ist"":""2026-08-05 13:12:00""}"
2026-08-05 00:00:00,2026-08-05 13:12:00,238,NIFTY,REGIME_RANGE_PIN,ON,LOW,0.0004,Range / pin (inside local walls),"{""dedupe_key"":""NIFTY|REGIME_RANGE_PIN|ON|2026-08-05 13:12"",""threshold"":0.001,""value"":0.0004,""since_minute_bucket_ist"":"""",""last_updated_ist"":""2026-08-05 13:12:00""}"
2026-08-05 00:00:00,2026-08-05 13:12:00,238,NIFTY,REGIME_TRANSITION_UNCERTAIN,OFF,LOW,1,Transition/uncertain regime,"{""dedupe_key"":""NIFTY|REGIME_TRANSITION_UNCERTAIN|OFF|2026-08-05 13:12"",""threshold"":1,""value"":1,""since_minute_bucket_ist"":""2026-08-05 13:11"",""last_updated_ist"":""2026-08-05 13:12:00""}"
2026-08-05 00:00:00,2026-08-05 13:12:00,238,NIFTY,PIN_BREAKOUT_SETUP,OFF,MED,0.1500000000014552,Pin breakout setup (wall touch + aligned flow),"{""dedupe_key"":""NIFTY|PIN_BREAKOUT_SETUP|OFF|2026-08-05 13:12"",""threshold"":0,""value"":0.1500000000014552,""since_minute_bucket_ist"":""2026-08-05 13:11"",""last_updated_ist"":""2026-08-05 13:12:00""}"
2026-08-05 00:00:00,2026-08-05 13:12:00,238,NIFTY,OPTION_MOMENTUM_PUT,OFF,MED,0.6,ATM PUT momentum (ltp up + vol up),"{""dedupe_key"":""NIFTY|OPTION_MOMENTUM_PUT|OFF|2026-08-05 13:12"",""threshold"":1.5,""value"":0.6,""since_minute_bucket_ist"":""2026-08-05 13:11"",""last_updated_ist"":""2026-08-05 13:12:00""}"
2026-08-05 00:00:00,2026-08-05 13:12:00,238,NIFTY,CHURN_COMMITTED,OFF,MED,0,Price move + aligned flow (committed),"{""dedupe_key"":""NIFTY|CHURN_COMMITTED|OFF|2026-08-05 13:12"",""threshold"":0.0001,""value"":0,""since_minute_bucket_ist"":""2026-08-05 13:11"",""last_updated_ist"":""2026-08-05 13:12:00""}"
2026-08-05 00:00:00,2026-08-05 13:12:00,238,NIFTY,WALL_PRESSURE_BREAK_SETUP,OFF,MED,0.1500000000014552,Pressure building into a wall (break setup),"{""dedupe_key"":""NIFTY|WALL_PRESSURE_BREAK_SETUP|OFF|2026-08-05 13:12"",""threshold"":0,""value"":0.1500000000014552,""since_minute_bucket_ist"":""2026-08-05 13:11"",""last_updated_ist"":""2026-08-05 13:12:00""}"
2026-08-05 00:00:00,2026-08-05 13:12:00,238,NIFTY,BULL_TRAP,OFF,HIGH,1,Bull trap: failed upside breakout + bearish flow,"{""dedupe_key"":""NIFTY|BULL_TRAP|OFF|2026-08-05 13:12"",""threshold"":1,""value"":1,""since_minute_bucket_ist"":""2026-08-05 13:11"",""last_updated_ist"":""2026-08-05 13:12:00""}"
2026-08-05 00:00:00,2026-08-05 13:13:00,239,NIFTY,FLOW_BULLISH_BUILD,ON,HIGH,0.011,Bullish build (premium-confirmed writing / support),"{""dedupe_key"":""NIFTY|FLOW_BULLISH_BUILD|ON|2026-08-05 13:13"",""threshold"":0.005,""value"":0.011,""since_minute_bucket_ist"":"""",""last_updated_ist"":""2026-08-05 13:13:00""}"
2026-08-05 00:00:00,2026-08-05 13:13:00,239,NIFTY,VOL_EXPANSION,ON,MED,0.0205,Volatility expanding (straddle up),"{""dedupe_key"":""NIFTY|VOL_EXPANSION|ON|2026-08-05 13:13"",""threshold"":0.02,""value"":0.0205,""since_minute_bucket_ist"":"""",""last_updated_ist"":""2026-08-05 13:13:00""}"
2026-08-05 00:00:00,2026-08-05 13:13:00,239,NIFTY,STEALTH_BUILD_BULL,ON,MED,0.011,"Stealth bullish build (puts build, spot flat)","{""dedupe_key"":""NIFTY|STEALTH_BUILD_BULL|ON|2026-08-05 13:13"",""threshold"":0.008,""value"":0.011,""since_minute_bucket_ist"":"""",""last_updated_ist"":""2026-08-05 13:13:00""}"
2026-08-05 00:00:00,2026-08-05 13:14:00,240,NIFTY,FLOW_BULLISH_BUILD,OFF,HIGH,0,Bullish build (premium-confirmed writing / support),"{""dedupe_key"":""NIFTY|FLOW_BULLISH_BUILD|OFF|2026-08-05 13:14"",""threshold"":0.005,""value"":0,""since_minute_bucket_ist"":""2026-08-05 13:13"",""last_updated_ist"":""2026-08-05 13:14:00""}"
2026-08-05 00:00:00,2026-08-05 13:14:00,240,NIFTY,REGIME_RANGE_PIN,OFF,LOW,0.0003,Range / pin (inside local walls),"{""dedupe_key"":""NIFTY|REGIME_RANGE_PIN|OFF|2026-08-05 13:14"",""threshold"":0.001,""value"":0.0003,""since_minute_bucket_ist"":""2026-08-05 13:12"",""last_updated_ist"":""2026-08-05 13:14:00""}"
2026-08-05 00:00:00,2026-08-05 13:14:00,240,NIFTY,REGIME_TRANSITION_UNCERTAIN,ON,LOW,1,Transition/uncertain regime,"{""dedupe_key"":""NIFTY|REGIME_TRANSITION_UNCERTAIN|ON|2026-08-05 13:14"",""threshold"":1,""value"":1,""since_minute_bucket_ist"":"""",""last_updated_ist"":""2026-08-05 13:14:00""}"
2026-08-05 00:00:00,2026-08-05 13:14:00,240,NIFTY,STEALTH_BUILD_BULL,OFF,MED,0,"Stealth bullish build (puts build, spot flat)","{""dedupe_key"":""NIFTY|STEALTH_BUILD_BULL|OFF|2026-08-05 13:14"",""threshold"":0.008,""value"":0,""since_minute_bucket_ist"":""2026-08-05 13:13"",""last_updated_ist"":""2026-08-05 13:14:00""}"
2026-08-05 00:00:00,2026-08-05 13:15:00,241,NIFTY,FLOW_BEARISH_BUILD,ON,HIGH,-0.0022,Bearish build (premium-confirmed writing / resistance),"{""dedupe_key"":""NIFTY|FLOW_BEARISH_BUILD|ON|2026-08-05 13:15"",""threshold"":0.005,""value"":-0.0022,""since_minute_bucket_ist"":"""",""last_updated_ist"":""2026-08-05 13:15:00""}"
2026-08-05 00:00:00,2026-08-05 13:15:00,241,NIFTY,REGIME_RANGE_PIN,ON,LOW,0.0003,Range / pin (inside local walls),"{""dedupe_key"":""NIFTY|REGIME_RANGE_PIN|ON|2026-08-05 13:15"",""threshold"":0.001,""value"":0.0003,""since_minute_bucket_ist"":"""",""last_updated_ist"":""2026-08-05 13:15:00""}"
2026-08-05 00:00:00,2026-08-05 13:15:00,241,NIFTY,REGIME_TRANSITION_UNCERTAIN,OFF,LOW,1,Transition/uncertain regime,"{""dedupe_key"":""NIFTY|REGIME_TRANSITION_UNCERTAIN|OFF|2026-08-05 13:15"",""threshold"":1,""value"":1,""since_minute_bucket_ist"":""2026-08-05 13:14"",""last_updated_ist"":""2026-08-05 13:15:00""}"
2026-08-05 00:00:00,2026-08-05 13:15:00,241,NIFTY,VOL_EXPANSION,OFF,MED,0.0032,Volatility expanding (straddle up),"{""dedupe_key"":""NIFTY|VOL_EXPANSION|OFF|2026-08-05 13:15"",""threshold"":0.02,""value"":0.0032,""since_minute_bucket_ist"":""2026-08-05 13:13"",""last_updated_ist"":""2026-08-05 13:15:00""}"
2026-08-05 00:00:00,2026-08-05 13:16:00,242,NIFTY,FLOW_BEARISH_BUILD,OFF,HIGH,0.0062,Bearish build (premium-confirmed writing / resistance),"{""dedupe_key"":""NIFTY|FLOW_BEARISH_BUILD|OFF|2026-08-05 13:16"",""threshold"":0.005,""value"":0.0062,""since_minute_bucket_ist"":""2026-08-05 13:15"",""last_updated_ist"":""2026-08-05 13:16:00""}"
2026-08-05 00:00:00,2026-08-05 13:16:00,242,NIFTY,REGIME_RANGE_PIN,OFF,LOW,0.0003,Range / pin (inside local walls),"{""dedupe_key"":""NIFTY|REGIME_RANGE_PIN|OFF|2026-08-05 13:16"",""threshold"":0.001,""value"":0.0003,""since_minute_bucket_ist"":""2026-08-05 13:15"",""last_updated_ist"":""2026-08-05 13:16:00""}"
2026-08-05 00:00:00,2026-08-05 13:16:00,242,NIFTY,REGIME_TRANSITION_UNCERTAIN,ON,LOW,1,Transition/uncertain regime,"{""dedupe_key"":""NIFTY|REGIME_TRANSITION_UNCERTAIN|ON|2026-08-05 13:16"",""threshold"":1,""value"":1,""since_minute_bucket_ist"":"""",""last_updated_ist"":""2026-08-05 13:16:00""}"
2026-08-05 00:00:00,2026-08-05 13:16:00,242,NIFTY,PIN_BASIC,OFF,LOW,37.5,Spot near a local wall (pin zone),"{""dedupe_key"":""NIFTY|PIN_BASIC|OFF|2026-08-05 13:16"",""threshold"":37.5,""value"":37.5,""since_minute_bucket_ist"":""2026-08-05 12:42"",""last_updated_ist"":""2026-08-05 13:16:00""}"
2026-08-05 00:00:00,2026-08-05 13:16:00,242,NIFTY,EXP_RANGE_BREAKOUT_WATCH_UP,ON,MED,24544.4,Expected-range watch UP,"{""dedupe_key"":""NIFTY|EXP_RANGE_BREAKOUT_WATCH_UP|ON|2026-08-05 13:16"",""threshold"":24539.81,""value"":24544.4,""since_minute_bucket_ist"":"""",""last_updated_ist"":""2026-08-05 13:16:00""}"
2026-08-05 00:00:00,2026-08-05 13:16:00,242,NIFTY,OPTION_MOMENTUM_CALL,ON,MED,2.25,ATM CALL momentum (ltp up + vol up),"{""dedupe_key"":""NIFTY|OPTION_MOMENTUM_CALL|ON|2026-08-05 13:16"",""threshold"":1.5,""value"":2.25,""since_minute_bucket_ist"":"""",""last_updated_ist"":""2026-08-05 13:16:00""}"
2026-08-05 00:00:00,2026-08-05 13:17:00,243,NIFTY,EXP_RANGE_BREAKOUT_CONFIRMED_UP,ON,HIGH,2,Expected-range breakout CONFIRMED UP,"{""dedupe_key"":""NIFTY|EXP_RANGE_BREAKOUT_CONFIRMED_UP|ON|2026-08-05 13:17"",""threshold"":2,""value"":2,""since_minute_bucket_ist"":"""",""last_updated_ist"":""2026-08-05 13:17:00""}"
2026-08-05 00:00:00,2026-08-05 13:17:00,243,NIFTY,OPTION_MOMENTUM_CALL,OFF,MED,0,ATM CALL momentum (ltp up + vol up),"{""dedupe_key"":""NIFTY|OPTION_MOMENTUM_CALL|OFF|2026-08-05 13:17"",""threshold"":1.5,""value"":0,""since_minute_bucket_ist"":""2026-08-05 13:16"",""last_updated_ist"":""2026-08-05 13:17:00""}"
2026-08-05 00:00:00,2026-08-05 13:18:00,244,NIFTY,FLOW_BULLISH_BUILD,ON,HIGH,0.0022,Bullish build (premium-confirmed writing / support),"{""dedupe_key"":""NIFTY|FLOW_BULLISH_BUILD|ON|2026-08-05 13:18"",""threshold"":0.005,""value"":0.0022,""since_minute_bucket_ist"":"""",""last_updated_ist"":""2026-08-05 13:18:00""}"
2026-08-05 00:00:00,2026-08-05 13:18:00,244,NIFTY,OPTION_MOMENTUM_CALL,ON,MED,1.55,ATM CALL momentum (ltp up + vol up),"{""dedupe_key"":""NIFTY|OPTION_MOMENTUM_CALL|ON|2026-08-05 13:18"",""threshold"":1.5,""value"":1.55,""since_minute_bucket_ist"":"""",""last_updated_ist"":""2026-08-05 13:18:00""}"
2026-08-05 00:00:00,2026-08-05 13:19:00,245,NIFTY,FLOW_BULLISH_BUILD,OFF,HIGH,0.0004,Bullish build (premium-confirmed writing / support),"{""dedupe_key"":""NIFTY|FLOW_BULLISH_BUILD|OFF|2026-08-05 13:19"",""threshold"":0.005,""value"":0.0004,""since_minute_bucket_ist"":""2026-08-05 13:18"",""last_updated_ist"":""2026-08-05 13:19:00""}"
2026-08-05 00:00:00,2026-08-05 13:19:00,245,NIFTY,REGIME_TREND_UP,ON,MED,0.0011,Trend UP (slope + direction),"{""dedupe_key"":""NIFTY|REGIME_TREND_UP|ON|2026-08-05 13:19"",""threshold"":0.001,""value"":0.0011,""since_minute_bucket_ist"":"""",""last_updated_ist"":""2026-08-05 13:19:00""}"
2026-08-05 00:00:00,2026-08-05 13:19:00,245,NIFTY,REGIME_TRANSITION_UNCERTAIN,OFF,LOW,1,Transition/uncertain regime,"{""dedupe_key"":""NIFTY|REGIME_TRANSITION_UNCERTAIN|OFF|2026-08-05 13:19"",""threshold"":1,""value"":1,""since_minute_bucket_ist"":""2026-08-05 13:16"",""last_updated_ist"":""2026-08-05 13:19:00""}"
2026-08-05 00:00:00,2026-08-05 13:19:00,245,NIFTY,VOL_CONTRACTION,ON,LOW,-0.0126,Volatility contracting (straddle down),"{""dedupe_key"":""NIFTY|VOL_CONTRACTION|ON|2026-08-05 13:19"",""threshold"":-0.03,""value"":-0.0126,""since_minute_bucket_ist"":"""",""last_updated_ist"":""2026-08-05 13:19:00""}"
2026-08-05 00:00:00,2026-08-05 13:19:00,245,NIFTY,OPTION_MOMENTUM_CALL,OFF,MED,-1.1,ATM CALL momentum (ltp up + vol up),"{""dedupe_key"":""NIFTY|OPTION_MOMENTUM_CALL|OFF|2026-08-05 13:19"",""threshold"":1.5,""value"":-1.1,""since_minute_bucket_ist"":""2026-08-05 13:18"",""last_updated_ist"":""2026-08-05 13:19:00""}"
2026-08-05 00:00:00,2026-08-05 13:20:00,246,NIFTY,FLOW_BULLISH_BUILD,ON,HIGH,0,Bullish build (premium-confirmed writing / support),"{""dedupe_key"":""NIFTY|FLOW_BULLISH_BUILD|ON|2026-08-05 13:20"",""threshold"":0.005,""value"":0,""since_minute_bucket_ist"":"""",""last_updated_ist"":""2026-08-05 13:20:00""}"
2026-08-05 00:00:00,2026-08-05 13:20:00,246,NIFTY,REGIME_TREND_UP,OFF,MED,0.0006,Trend UP (slope + direction),"{""dedupe_key"":""NIFTY|REGIME_TREND_UP|OFF|2026-08-05 13:20"",""threshold"":0.001,""value"":0.0006,""since_minute_bucket_ist"":""2026-08-05 13:19"",""last_updated_ist"":""2026-08-05 13:20:00""}"
2026-08-05 00:00:00,2026-08-05 13:20:00,246,NIFTY,REGIME_TRANSITION_UNCERTAIN,ON,LOW,1,Transition/uncertain regime,"{""dedupe_key"":""NIFTY|REGIME_TRANSITION_UNCERTAIN|ON|2026-08-05 13:20"",""threshold"":1,""value"":1,""since_minute_bucket_ist"":"""",""last_updated_ist"":""2026-08-05 13:20:00""}"
2026-08-05 00:00:00,2026-08-05 13:20:00,246,NIFTY,EXP_RANGE_BREAKOUT_WATCH_UP,OFF,MED,24548,Expected-range watch UP,"{""dedupe_key"":""NIFTY|EXP_RANGE_BREAKOUT_WATCH_UP|OFF|2026-08-05 13:20"",""threshold"":24548.96,""value"":24548,""since_minute_bucket_ist"":""2026-08-05 13:16"",""last_updated_ist"":""2026-08-05 13:20:00""}"
2026-08-05 00:00:00,2026-08-05 13:20:00,246,NIFTY,EXP_RANGE_BREAKOUT_CONFIRMED_UP,OFF,HIGH,0,Expected-range breakout CONFIRMED UP,"{""dedupe_key"":""NIFTY|EXP_RANGE_BREAKOUT_CONFIRMED_UP|OFF|2026-08-05 13:20"",""threshold"":2,""value"":0,""since_minute_bucket_ist"":""2026-08-05 13:17"",""last_updated_ist"":""2026-08-05 13:20:00""}"
2026-08-05 00:00:00,2026-08-05 13:21:00,247,NIFTY,FLOW_BULLISH_BUILD,OFF,HIGH,0.003,Bullish build (premium-confirmed writing / support),"{""dedupe_key"":""NIFTY|FLOW_BULLISH_BUILD|OFF|2026-08-05 13:21"",""threshold"":0.005,""value"":0.003,""since_minute_bucket_ist"":""2026-08-05 13:20"",""last_updated_ist"":""2026-08-05 13:21:00""}"
2026-08-05 00:00:00,2026-08-05 13:21:00,247,NIFTY,REGIME_RANGE_PIN,ON,LOW,0.0003,Range / pin (inside local walls),"{""dedupe_key"":""NIFTY|REGIME_RANGE_PIN|ON|2026-08-05 13:21"",""threshold"":0.001,""value"":0.0003,""since_minute_bucket_ist"":"""",""last_updated_ist"":""2026-08-05 13:21:00""}"
2026-08-05 00:00:00,2026-08-05 13:21:00,247,NIFTY,REGIME_TRANSITION_UNCERTAIN,OFF,LOW,1,Transition/uncertain regime,"{""dedupe_key"":""NIFTY|REGIME_TRANSITION_UNCERTAIN|OFF|2026-08-05 13:21"",""threshold"":1,""value"":1,""since_minute_bucket_ist"":""2026-08-05 13:20"",""last_updated_ist"":""2026-08-05 13:21:00""}"
2026-08-05 00:00:00,2026-08-05 13:21:00,247,NIFTY,OPTION_MOMENTUM_PUT,ON,MED,2.65,ATM PUT momentum (ltp up + vol up),"{""dedupe_key"":""NIFTY|OPTION_MOMENTUM_PUT|ON|2026-08-05 13:21"",""threshold"":1.5,""value"":2.65,""since_minute_bucket_ist"":"""",""last_updated_ist"":""2026-08-05 13:21:00""}"
2026-08-05 00:00:00,2026-08-05 13:22:00,248,NIFTY,VOL_CONTRACTION,OFF,LOW,-0.0044,Volatility contracting (straddle down),"{""dedupe_key"":""NIFTY|VOL_CONTRACTION|OFF|2026-08-05 13:22"",""threshold"":-0.03,""value"":-0.0044,""since_minute_bucket_ist"":""2026-08-05 13:19"",""last_updated_ist"":""2026-08-05 13:22:00""}"
2026-08-05 00:00:00,2026-08-05 13:22:00,248,NIFTY,OPTION_MOMENTUM_PUT,OFF,MED,0,ATM PUT momentum (ltp up + vol up),"{""dedupe_key"":""NIFTY|OPTION_MOMENTUM_PUT|OFF|2026-08-05 13:22"",""threshold"":1.5,""value"":0,""since_minute_bucket_ist"":""2026-08-05 13:21"",""last_updated_ist"":""2026-08-05 13:22:00""}"
2026-08-05 00:00:00,2026-08-05 13:23:00,249,NIFTY,FLOW_BULLISH_BUILD,ON,HIGH,0.0034,Bullish build (premium-confirmed writing / support),"{""dedupe_key"":""NIFTY|FLOW_BULLISH_BUILD|ON|2026-08-05 13:23"",""threshold"":0.005,""value"":0.0034,""since_minute_bucket_ist"":"""",""last_updated_ist"":""2026-08-05 13:23:00""}"
2026-08-05 00:00:00,2026-08-05 13:23:00,249,NIFTY,OPTION_MOMENTUM_CALL,ON,MED,3.3,ATM CALL momentum (ltp up + vol up),"{""dedupe_key"":""NIFTY|OPTION_MOMENTUM_CALL|ON|2026-08-05 13:23"",""threshold"":1.5,""value"":3.3,""since_minute_bucket_ist"":"""",""last_updated_ist"":""2026-08-05 13:23:00""}"
2026-08-05 00:00:00,2026-08-05 13:24:00,250,NIFTY,FLOW_BULLISH_BUILD,OFF,HIGH,0,Bullish build (premium-confirmed writing / support),"{""dedupe_key"":""NIFTY|FLOW_BULLISH_BUILD|OFF|2026-08-05 13:24"",""threshold"":0.005,""value"":0,""since_minute_bucket_ist"":""2026-08-05 13:23"",""last_updated_ist"":""2026-08-05 13:24:00""}"
2026-08-05 00:00:00,2026-08-05 13:24:00,250,NIFTY,OPTION_MOMENTUM_CALL,OFF,MED,0,ATM CALL momentum (ltp up + vol up),"{""dedupe_key"":""NIFTY|OPTION_MOMENTUM_CALL|OFF|2026-08-05 13:24"",""threshold"":1.5,""value"":0,""since_minute_bucket_ist"":""2026-08-05 13:23"",""last_updated_ist"":""2026-08-05 13:24:00""}"
2026-08-05 00:00:00,2026-08-05 13:25:00,251,NIFTY,REGIME_RANGE_PIN,OFF,LOW,0.0003,Range / pin (inside local walls),"{""dedupe_key"":""NIFTY|REGIME_RANGE_PIN|OFF|2026-08-05 13:25"",""threshold"":0.001,""value"":0.0003,""since_minute_bucket_ist"":""2026-08-05 13:21"",""last_updated_ist"":""2026-08-05 13:25:00""}"
2026-08-05 00:00:00,2026-08-05 13:25:00,251,NIFTY,REGIME_TRANSITION_UNCERTAIN,ON,LOW,1,Transition/uncertain regime,"{""dedupe_key"":""NIFTY|REGIME_TRANSITION_UNCERTAIN|ON|2026-08-05 13:25"",""threshold"":1,""value"":1,""since_minute_bucket_ist"":"""",""last_updated_ist"":""2026-08-05 13:25:00""}"
2026-08-05 00:00:00,2026-08-05 13:25:00,251,NIFTY,PIN_BASIC,ON,LOW,37.5,Spot near a local wall (pin zone),"{""dedupe_key"":""NIFTY|PIN_BASIC|ON|2026-08-05 13:25"",""threshold"":37.5,""value"":37.5,""since_minute_bucket_ist"":"""",""last_updated_ist"":""2026-08-05 13:25:00""}"
2026-08-05 00:00:00,2026-08-05 13:25:00,251,NIFTY,EXP_RANGE_BREAKOUT_WATCH_DOWN,ON,MED,24523.65,Expected-range watch DOWN,"{""dedupe_key"":""NIFTY|EXP_RANGE_BREAKOUT_WATCH_DOWN|ON|2026-08-05 13:25"",""threshold"":24527.17,""value"":24523.65,""since_minute_bucket_ist"":"""",""last_updated_ist"":""2026-08-05 13:25:00""}"
2026-08-05 00:00:00,2026-08-05 13:25:00,251,NIFTY,VOL_EXPANSION,ON,MED,0.0207,Volatility expanding (straddle up),"{""dedupe_key"":""NIFTY|VOL_EXPANSION|ON|2026-08-05 13:25"",""threshold"":0.02,""value"":0.0207,""since_minute_bucket_ist"":"""",""last_updated_ist"":""2026-08-05 13:25:00""}"
2026-08-05 00:00:00,2026-08-05 13:25:00,251,NIFTY,OPTION_MOMENTUM_PUT,ON,MED,6.1,ATM PUT momentum (ltp up + vol up),"{""dedupe_key"":""NIFTY|OPTION_MOMENTUM_PUT|ON|2026-08-05 13:25"",""threshold"":1.5,""value"":6.1,""since_minute_bucket_ist"":"""",""last_updated_ist"":""2026-08-05 13:25:00""}"
2026-08-05 00:00:00,2026-08-05 13:26:00,252,NIFTY,FLOW_BULLISH_BUILD,ON,HIGH,0.0244,Bullish build (premium-confirmed writing / support),"{""dedupe_key"":""NIFTY|FLOW_BULLISH_BUILD|ON|2026-08-05 13:26"",""threshold"":0.005,""value"":0.0244,""since_minute_bucket_ist"":"""",""last_updated_ist"":""2026-08-05 13:26:00""}"
2026-08-05 00:00:00,2026-08-05 13:26:00,252,NIFTY,REGIME_RANGE_PIN,ON,LOW,0.0003,Range / pin (inside local walls),"{""dedupe_key"":""NIFTY|REGIME_RANGE_PIN|ON|2026-08-05 13:26"",""threshold"":0.001,""value"":0.0003,""since_minute_bucket_ist"":"""",""last_updated_ist"":""2026-08-05 13:26:00""}"
2026-08-05 00:00:00,2026-08-05 13:26:00,252,NIFTY,REGIME_TRANSITION_UNCERTAIN,OFF,LOW,1,Transition/uncertain regime,"{""dedupe_key"":""NIFTY|REGIME_TRANSITION_UNCERTAIN|OFF|2026-08-05 13:26"",""threshold"":1,""value"":1,""since_minute_bucket_ist"":""2026-08-05 13:25"",""last_updated_ist"":""2026-08-05 13:26:00""}"
2026-08-05 00:00:00,2026-08-05 13:26:00,252,NIFTY,EXP_RANGE_BREAKOUT_CONFIRMED_DOWN,ON,HIGH,2,Expected-range breakout CONFIRMED DOWN,"{""dedupe_key"":""NIFTY|EXP_RANGE_BREAKOUT_CONFIRMED_DOWN|ON|2026-08-05 13:26"",""threshold"":2,""value"":2,""since_minute_bucket_ist"":"""",""last_updated_ist"":""2026-08-05 13:26:00""}"
2026-08-05 00:00:00,2026-08-05 13:26:00,252,NIFTY,VOL_EXPANSION,OFF,MED,0.0088,Volatility expanding (straddle up),"{""dedupe_key"":""NIFTY|VOL_EXPANSION|OFF|2026-08-05 13:26"",""threshold"":0.02,""value"":0.0088,""since_minute_bucket_ist"":""2026-08-05 13:25"",""last_updated_ist"":""2026-08-05 13:26:00""}"
2026-08-05 00:00:00,2026-08-05 13:26:00,252,NIFTY,OPTION_MOMENTUM_PUT,OFF,MED,0.3,ATM PUT momentum (ltp up + vol up),"{""dedupe_key"":""NIFTY|OPTION_MOMENTUM_PUT|OFF|2026-08-05 13:26"",""threshold"":1.5,""value"":0.3,""since_minute_bucket_ist"":""2026-08-05 13:25"",""last_updated_ist"":""2026-08-05 13:26:00""}"
2026-08-05 00:00:00,2026-08-05 13:26:00,252,NIFTY,WALL_UNWIND_CONFIRM_UP,ON,MED,-0.0402,Call wall OI unwinding (5m),"{""dedupe_key"":""NIFTY|WALL_UNWIND_CONFIRM_UP|ON|2026-08-05 13:26"",""threshold"":-0.006,""value"":-0.0402,""since_minute_bucket_ist"":"""",""last_updated_ist"":""2026-08-05 13:26:00""}"
2026-08-05 00:00:00,2026-08-05 13:26:00,252,NIFTY,CHURN_COMMITTED,ON,MED,0.0001,Price move + aligned flow (committed),"{""dedupe_key"":""NIFTY|CHURN_COMMITTED|ON|2026-08-05 13:26"",""threshold"":0.0001,""value"":0.0001,""since_minute_bucket_ist"":"""",""last_updated_ist"":""2026-08-05 13:26:00""}"
2026-08-05 00:00:00,2026-08-05 13:26:00,252,NIFTY,STEALTH_BUILD_BULL,ON,MED,0.0244,"Stealth bullish build (puts build, spot flat)","{""dedupe_key"":""NIFTY|STEALTH_BUILD_BULL|ON|2026-08-05 13:26"",""threshold"":0.008,""value"":0.0244,""since_minute_bucket_ist"":"""",""last_updated_ist"":""2026-08-05 13:26:00""}"
2026-08-05 00:00:00,2026-08-05 13:27:00,253,NIFTY,FLOW_BULLISH_BUILD,OFF,HIGH,0,Bullish build (premium-confirmed writing / support),"{""dedupe_key"":""NIFTY|FLOW_BULLISH_BUILD|OFF|2026-08-05 13:27"",""threshold"":0.005,""value"":0,""since_minute_bucket_ist"":""2026-08-05 13:26"",""last_updated_ist"":""2026-08-05 13:27:00""}"
2026-08-05 00:00:00,2026-08-05 13:27:00,253,NIFTY,CHURN_COMMITTED,OFF,MED,0,Price move + aligned flow (committed),"{""dedupe_key"":""NIFTY|CHURN_COMMITTED|OFF|2026-08-05 13:27"",""threshold"":0.0001,""value"":0,""since_minute_bucket_ist"":""2026-08-05 13:26"",""last_updated_ist"":""2026-08-05 13:27:00""}"
2026-08-05 00:00:00,2026-08-05 13:27:00,253,NIFTY,STEALTH_BUILD_BULL,OFF,MED,0,"Stealth bullish build (puts build, spot flat)","{""dedupe_key"":""NIFTY|STEALTH_BUILD_BULL|OFF|2026-08-05 13:27"",""threshold"":0.008,""value"":0,""since_minute_bucket_ist"":""2026-08-05 13:26"",""last_updated_ist"":""2026-08-05 13:27:00""}"
2026-08-05 00:00:00,2026-08-05 13:28:00,254,NIFTY,REGIME_RANGE_PIN,OFF,LOW,0.0003,Range / pin (inside local walls),"{""dedupe_key"":""NIFTY|REGIME_RANGE_PIN|OFF|2026-08-05 13:28"",""threshold"":0.001,""value"":0.0003,""since_minute_bucket_ist"":""2026-08-05 13:26"",""last_updated_ist"":""2026-08-05 13:28:00""}"
2026-08-05 00:00:00,2026-08-05 13:28:00,254,NIFTY,REGIME_TRANSITION_UNCERTAIN,ON,LOW,1,Transition/uncertain regime,"{""dedupe_key"":""NIFTY|REGIME_TRANSITION_UNCERTAIN|ON|2026-08-05 13:28"",""threshold"":1,""value"":1,""since_minute_bucket_ist"":"""",""last_updated_ist"":""2026-08-05 13:28:00""}"
2026-08-05 00:00:00,2026-08-05 13:28:00,254,NIFTY,EXP_RANGE_BREAKOUT_WATCH_DOWN,OFF,MED,24526.2,Expected-range watch DOWN,"{""dedupe_key"":""NIFTY|EXP_RANGE_BREAKOUT_WATCH_DOWN|OFF|2026-08-05 13:28"",""threshold"":24525.73,""value"":24526.2,""since_minute_bucket_ist"":""2026-08-05 13:25"",""last_updated_ist"":""2026-08-05 13:28:00""}"
2026-08-05 00:00:00,2026-08-05 13:28:00,254,NIFTY,EXP_RANGE_BREAKOUT_CONFIRMED_DOWN,OFF,HIGH,0,Expected-range breakout CONFIRMED DOWN,"{""dedupe_key"":""NIFTY|EXP_RANGE_BREAKOUT_CONFIRMED_DOWN|OFF|2026-08-05 13:28"",""threshold"":2,""value"":0,""since_minute_bucket_ist"":""2026-08-05 13:26"",""last_updated_ist"":""2026-08-05 13:28:00""}"
2026-08-05 00:00:00,2026-08-05 13:28:00,254,NIFTY,STEALTH_BUILD_BEAR,ON,MED,0.0085,"Stealth bearish build (calls build, spot flat)","{""dedupe_key"":""NIFTY|STEALTH_BUILD_BEAR|ON|2026-08-05 13:28"",""threshold"":0.008,""value"":0.0085,""since_minute_bucket_ist"":"""",""last_updated_ist"":""2026-08-05 13:28:00""}"
2026-08-05 00:00:00,2026-08-05 13:29:00,255,NIFTY,STEALTH_BUILD_BEAR,OFF,MED,0.0011,"Stealth bearish build (calls build, spot flat)","{""dedupe_key"":""NIFTY|STEALTH_BUILD_BEAR|OFF|2026-08-05 13:29"",""threshold"":0.008,""value"":0.0011,""since_minute_bucket_ist"":""2026-08-05 13:28"",""last_updated_ist"":""2026-08-05 13:29:00""}"
2026-08-05 00:00:00,2026-08-05 13:30:00,256,NIFTY,REGIME_RANGE_PIN,ON,LOW,0.0003,Range / pin (inside local walls),"{""dedupe_key"":""NIFTY|REGIME_RANGE_PIN|ON|2026-08-05 13:30"",""threshold"":0.001,""value"":0.0003,""since_minute_bucket_ist"":"""",""last_updated_ist"":""2026-08-05 13:30:00""}"
2026-08-05 00:00:00,2026-08-05 13:30:00,256,NIFTY,REGIME_TRANSITION_UNCERTAIN,OFF,LOW,1,Transition/uncertain regime,"{""dedupe_key"":""NIFTY|REGIME_TRANSITION_UNCERTAIN|OFF|2026-08-05 13:30"",""threshold"":1,""value"":1,""since_minute_bucket_ist"":""2026-08-05 13:28"",""last_updated_ist"":""2026-08-05 13:30:00""}"
2026-08-05 00:00:00,2026-08-05 13:31:00,257,NIFTY,WALL_UNWIND_CONFIRM_UP,OFF,MED,0.0144,Call wall OI unwinding (5m),"{""dedupe_key"":""NIFTY|WALL_UNWIND_CONFIRM_UP|OFF|2026-08-05 13:31"",""threshold"":-0.006,""value"":0.0144,""since_minute_bucket_ist"":""2026-08-05 13:26"",""last_updated_ist"":""2026-08-05 13:31:00""}"
2026-08-05 00:00:00,2026-08-05 13:32:00,258,NIFTY,FLOW_BEARISH_BUILD,ON,HIGH,0.0016,Bearish build (premium-confirmed writing / resistance),"{""dedupe_key"":""NIFTY|FLOW_BEARISH_BUILD|ON|2026-08-05 13:32"",""threshold"":0.005,""value"":0.0016,""since_minute_bucket_ist"":"""",""last_updated_ist"":""2026-08-05 13:32:00""}"
2026-08-05 00:00:00,2026-08-05 13:32:00,258,NIFTY,PIN_BREAKOUT_SETUP,ON,MED,-3.150000000001455,Pin breakout setup (wall touch + aligned flow),"{""dedupe_key"":""NIFTY|PIN_BREAKOUT_SETUP|ON|2026-08-05 13:32"",""threshold"":0,""value"":-3.150000000001455,""since_minute_bucket_ist"":"""",""last_updated_ist"":""2026-08-05 13:32:00""}"
2026-08-05 00:00:00,2026-08-05 13:32:00,258,NIFTY,OPTION_MOMENTUM_PUT,ON,MED,2.95,ATM PUT momentum (ltp up + vol up),"{""dedupe_key"":""NIFTY|OPTION_MOMENTUM_PUT|ON|2026-08-05 13:32"",""threshold"":1.5,""value"":2.95,""since_minute_bucket_ist"":"""",""last_updated_ist"":""2026-08-05 13:32:00""}"
2026-08-05 00:00:00,2026-08-05 13:32:00,258,NIFTY,CHURN_COMMITTED,ON,MED,-0.0001,Price move + aligned flow (committed),"{""dedupe_key"":""NIFTY|CHURN_COMMITTED|ON|2026-08-05 13:32"",""threshold"":0.0001,""value"":-0.0001,""since_minute_bucket_ist"":"""",""last_updated_ist"":""2026-08-05 13:32:00""}"
2026-08-05 00:00:00,2026-08-05 13:32:00,258,NIFTY,WALL_PRESSURE_BREAK_SETUP,ON,MED,-3.150000000001455,Pressure building into a wall (break setup),"{""dedupe_key"":""NIFTY|WALL_PRESSURE_BREAK_SETUP|ON|2026-08-05 13:32"",""threshold"":0,""value"":-3.150000000001455,""since_minute_bucket_ist"":"""",""last_updated_ist"":""2026-08-05 13:32:00""}"
2026-08-05 00:00:00,2026-08-05 13:33:00,259,NIFTY,FLOW_BEARISH_BUILD,OFF,HIGH,-0.0002,Bearish build (premium-confirmed writing / resistance),"{""dedupe_key"":""NIFTY|FLOW_BEARISH_BUILD|OFF|2026-08-05 13:33"",""threshold"":0.005,""value"":-0.0002,""since_minute_bucket_ist"":""2026-08-05 13:32"",""last_updated_ist"":""2026-08-05 13:33:00""}"
2026-08-05 00:00:00,2026-08-05 13:33:00,259,NIFTY,PIN_BREAKOUT_SETUP,OFF,MED,7.549999999999272,Pin breakout setup (wall touch + aligned flow),"{""dedupe_key"":""NIFTY|PIN_BREAKOUT_SETUP|OFF|2026-08-05 13:33"",""threshold"":0,""value"":7.549999999999272,""since_minute_bucket_ist"":""2026-08-05 13:32"",""last_updated_ist"":""2026-08-05 13:33:00""}"
2026-08-05 00:00:00,2026-08-05 13:33:00,259,NIFTY,OPTION_MOMENTUM_PUT,OFF,MED,-1.85,ATM PUT momentum (ltp up + vol up),"{""dedupe_key"":""NIFTY|OPTION_MOMENTUM_PUT|OFF|2026-08-05 13:33"",""threshold"":1.5,""value"":-1.85,""since_minute_bucket_ist"":""2026-08-05 13:32"",""last_updated_ist"":""2026-08-05 13:33:00""}"
2026-08-05 00:00:00,2026-08-05 13:33:00,259,NIFTY,CHURN_COMMITTED,OFF,MED,0.0003,Price move + aligned flow (committed),"{""dedupe_key"":""NIFTY|CHURN_COMMITTED|OFF|2026-08-05 13:33"",""threshold"":0.0001,""value"":0.0003,""since_minute_bucket_ist"":""2026-08-05 13:32"",""last_updated_ist"":""2026-08-05 13:33:00""}"
2026-08-05 00:00:00,2026-08-05 13:33:00,259,NIFTY,WALL_PRESSURE_BREAK_SETUP,OFF,MED,7.549999999999272,Pressure building into a wall (break setup),"{""dedupe_key"":""NIFTY|WALL_PRESSURE_BREAK_SETUP|OFF|2026-08-05 13:33"",""threshold"":0,""value"":7.549999999999272,""since_minute_bucket_ist"":""2026-08-05 13:32"",""last_updated_ist"":""2026-08-05 13:33:00""}"
2026-08-05 00:00:00,2026-08-05 13:35:00,261,NIFTY,EXP_RANGE_BREAKOUT_WATCH_DOWN,ON,MED,24519.85,Expected-range watch DOWN,"{""dedupe_key"":""NIFTY|EXP_RANGE_BREAKOUT_WATCH_DOWN|ON|2026-08-05 13:35"",""threshold"":24521.61,""value"":24519.85,""since_minute_bucket_ist"":"""",""last_updated_ist"":""2026-08-05 13:35:00""}"
2026-08-05 00:00:00,2026-08-05 13:35:00,261,NIFTY,VOL_EXPANSION,ON,MED,0.0176,Volatility expanding (straddle up),"{""dedupe_key"":""NIFTY|VOL_EXPANSION|ON|2026-08-05 13:35"",""threshold"":0.02,""value"":0.0176,""since_minute_bucket_ist"":"""",""last_updated_ist"":""2026-08-05 13:35:00""}"
2026-08-05 00:00:00,2026-08-05 13:35:00,261,NIFTY,OPTION_MOMENTUM_PUT,ON,MED,4.65,ATM PUT momentum (ltp up + vol up),"{""dedupe_key"":""NIFTY|OPTION_MOMENTUM_PUT|ON|2026-08-05 13:35"",""threshold"":1.5,""value"":4.65,""since_minute_bucket_ist"":"""",""last_updated_ist"":""2026-08-05 13:35:00""}"
2026-08-05 00:00:00,2026-08-05 13:35:00,261,NIFTY,WALL_UNWIND_CONFIRM_DOWN,ON,MED,-0.0123,Put wall OI unwinding (5m),"{""dedupe_key"":""NIFTY|WALL_UNWIND_CONFIRM_DOWN|ON|2026-08-05 13:35"",""threshold"":-0.006,""value"":-0.0123,""since_minute_bucket_ist"":"""",""last_updated_ist"":""2026-08-05 13:35:00""}"
2026-08-05 00:00:00,2026-08-05 13:36:00,262,NIFTY,EXP_RANGE_BREAKOUT_WATCH_DOWN,OFF,MED,24525.35,Expected-range watch DOWN,"{""dedupe_key"":""NIFTY|EXP_RANGE_BREAKOUT_WATCH_DOWN|OFF|2026-08-05 13:36"",""threshold"":24522.39,""value"":24525.35,""since_minute_bucket_ist"":""2026-08-05 13:35"",""last_updated_ist"":""2026-08-05 13:36:00""}"
2026-08-05 00:00:00,2026-08-05 13:36:00,262,NIFTY,VOL_EXPANSION,OFF,MED,0.0006,Volatility expanding (straddle up),"{""dedupe_key"":""NIFTY|VOL_EXPANSION|OFF|2026-08-05 13:36"",""threshold"":0.02,""value"":0.0006,""since_minute_bucket_ist"":""2026-08-05 13:35"",""last_updated_ist"":""2026-08-05 13:36:00""}"
2026-08-05 00:00:00,2026-08-05 13:36:00,262,NIFTY,OPTION_MOMENTUM_CALL,ON,MED,2.6,ATM CALL momentum (ltp up + vol up),"{""dedupe_key"":""NIFTY|OPTION_MOMENTUM_CALL|ON|2026-08-05 13:36"",""threshold"":1.5,""value"":2.6,""since_minute_bucket_ist"":"""",""last_updated_ist"":""2026-08-05 13:36:00""}"
2026-08-05 00:00:00,2026-08-05 13:36:00,262,NIFTY,OPTION_MOMENTUM_PUT,OFF,MED,-4.1,ATM PUT momentum (ltp up + vol up),"{""dedupe_key"":""NIFTY|OPTION_MOMENTUM_PUT|OFF|2026-08-05 13:36"",""threshold"":1.5,""value"":-4.1,""since_minute_bucket_ist"":""2026-08-05 13:35"",""last_updated_ist"":""2026-08-05 13:36:00""}"
2026-08-05 00:00:00,2026-08-05 13:37:00,263,NIFTY,OPTION_MOMENTUM_CALL,OFF,MED,-0.45,ATM CALL momentum (ltp up + vol up),"{""dedupe_key"":""NIFTY|OPTION_MOMENTUM_CALL|OFF|2026-08-05 13:37"",""threshold"":1.5,""value"":-0.45,""since_minute_bucket_ist"":""2026-08-05 13:36"",""last_updated_ist"":""2026-08-05 13:37:00""}"
2026-08-05 00:00:00,2026-08-05 13:38:00,264,NIFTY,REGIME_RANGE_PIN,OFF,LOW,0.0003,Range / pin (inside local walls),"{""dedupe_key"":""NIFTY|REGIME_RANGE_PIN|OFF|2026-08-05 13:38"",""threshold"":0.001,""value"":0.0003,""since_minute_bucket_ist"":""2026-08-05 13:30"",""last_updated_ist"":""2026-08-05 13:38:00""}"
2026-08-05 00:00:00,2026-08-05 13:38:00,264,NIFTY,REGIME_TRANSITION_UNCERTAIN,ON,LOW,1,Transition/uncertain regime,"{""dedupe_key"":""NIFTY|REGIME_TRANSITION_UNCERTAIN|ON|2026-08-05 13:38"",""threshold"":1,""value"":1,""since_minute_bucket_ist"":"""",""last_updated_ist"":""2026-08-05 13:38:00""}"
2026-08-05 00:00:00,2026-08-05 13:38:00,264,NIFTY,EXP_RANGE_BREAKOUT_WATCH_DOWN,ON,MED,24519.7,Expected-range watch DOWN,"{""dedupe_key"":""NIFTY|EXP_RANGE_BREAKOUT_WATCH_DOWN|ON|2026-08-05 13:38"",""threshold"":24521.27,""value"":24519.7,""since_minute_bucket_ist"":"""",""last_updated_ist"":""2026-08-05 13:38:00""}"
2026-08-05 00:00:00,2026-08-05 13:38:00,264,NIFTY,VOL_EXPANSION,ON,MED,0.0133,Volatility expanding (straddle up),"{""dedupe_key"":""NIFTY|VOL_EXPANSION|ON|2026-08-05 13:38"",""threshold"":0.02,""value"":0.0133,""since_minute_bucket_ist"":"""",""last_updated_ist"":""2026-08-05 13:38:00""}"
2026-08-05 00:00:00,2026-08-05 13:38:00,264,NIFTY,OPTION_MOMENTUM_PUT,ON,MED,2.45,ATM PUT momentum (ltp up + vol up),"{""dedupe_key"":""NIFTY|OPTION_MOMENTUM_PUT|ON|2026-08-05 13:38"",""threshold"":1.5,""value"":2.45,""since_minute_bucket_ist"":"""",""last_updated_ist"":""2026-08-05 13:38:00""}"
2026-08-05 00:00:00,2026-08-05 13:39:00,265,NIFTY,FLOW_BEARISH_BUILD,ON,HIGH,0.001,Bearish build (premium-confirmed writing / resistance),"{""dedupe_key"":""NIFTY|FLOW_BEARISH_BUILD|ON|2026-08-05 13:39"",""threshold"":0.005,""value"":0.001,""since_minute_bucket_ist"":"""",""last_updated_ist"":""2026-08-05 13:39:00""}"
2026-08-05 00:00:00,2026-08-05 13:39:00,265,NIFTY,PIN_BREAKOUT_SETUP,ON,MED,-0.8500000000021828,Pin breakout setup (wall touch + aligned flow),"{""dedupe_key"":""NIFTY|PIN_BREAKOUT_SETUP|ON|2026-08-05 13:39"",""threshold"":0,""value"":-0.8500000000021828,""since_minute_bucket_ist"":"""",""last_updated_ist"":""2026-08-05 13:39:00""}"
2026-08-05 00:00:00,2026-08-05 13:39:00,265,NIFTY,EXP_RANGE_BREAKOUT_CONFIRMED_DOWN,ON,HIGH,2,Expected-range breakout CONFIRMED DOWN,"{""dedupe_key"":""NIFTY|EXP_RANGE_BREAKOUT_CONFIRMED_DOWN|ON|2026-08-05 13:39"",""threshold"":2,""value"":2,""since_minute_bucket_ist"":"""",""last_updated_ist"":""2026-08-05 13:39:00""}"
2026-08-05 00:00:00,2026-08-05 13:39:00,265,NIFTY,WALL_PRESSURE_BREAK_SETUP,ON,MED,-0.8500000000021828,Pressure building into a wall (break setup),"{""dedupe_key"":""NIFTY|WALL_PRESSURE_BREAK_SETUP|ON|2026-08-05 13:39"",""threshold"":0,""value"":-0.8500000000021828,""since_minute_bucket_ist"":"""",""last_updated_ist"":""2026-08-05 13:39:00""}"
2026-08-05 00:00:00,2026-08-05 13:40:00,266,NIFTY,TRADE_LIMIT_REACHED,ON,MED,12,Cooldown active (2m),"{""dedupe_key"":""NIFTY|TRADE_LIMIT_REACHED|ON|2026-08-05 13:40"",""threshold"":500,""value"":12,""since_minute_bucket_ist"":"""",""last_updated_ist"":""2026-08-05 13:40:00""}"
2026-08-05 00:00:00,2026-08-05 13:40:00,266,NIFTY,FLOW_BEARISH_BUILD,OFF,HIGH,0.0003,Bearish build (premium-confirmed writing / resistance),"{""dedupe_key"":""NIFTY|FLOW_BEARISH_BUILD|OFF|2026-08-05 13:40"",""threshold"":0.005,""value"":0.0003,""since_minute_bucket_ist"":""2026-08-05 13:39"",""last_updated_ist"":""2026-08-05 13:40:00""}"
2026-08-05 00:00:00,2026-08-05 13:40:00,266,NIFTY,REGIME_RANGE_PIN,ON,LOW,0.0002,Range / pin (inside local walls),"{""dedupe_key"":""NIFTY|REGIME_RANGE_PIN|ON|2026-08-05 13:40"",""threshold"":0.001,""value"":0.0002,""since_minute_bucket_ist"":"""",""last_updated_ist"":""2026-08-05 13:40:00""}"
2026-08-05 00:00:00,2026-08-05 13:40:00,266,NIFTY,REGIME_TRANSITION_UNCERTAIN,OFF,LOW,1,Transition/uncertain regime,"{""dedupe_key"":""NIFTY|REGIME_TRANSITION_UNCERTAIN|OFF|2026-08-05 13:40"",""threshold"":1,""value"":1,""since_minute_bucket_ist"":""2026-08-05 13:38"",""last_updated_ist"":""2026-08-05 13:40:00""}"
2026-08-05 00:00:00,2026-08-05 13:40:00,266,NIFTY,PIN_BREAKOUT_SETUP,OFF,MED,0.7000000000007276,Pin breakout setup (wall touch + aligned flow),"{""dedupe_key"":""NIFTY|PIN_BREAKOUT_SETUP|OFF|2026-08-05 13:40"",""threshold"":0,""value"":0.7000000000007276,""since_minute_bucket_ist"":""2026-08-05 13:39"",""last_updated_ist"":""2026-08-05 13:40:00""}"
2026-08-05 00:00:00,2026-08-05 13:40:00,266,NIFTY,EXP_RANGE_BREAKOUT_WATCH_DOWN,OFF,MED,24519.55,Expected-range watch DOWN,"{""dedupe_key"":""NIFTY|EXP_RANGE_BREAKOUT_WATCH_DOWN|OFF|2026-08-05 13:40"",""threshold"":24518.76,""value"":24519.55,""since_minute_bucket_ist"":""2026-08-05 13:38"",""last_updated_ist"":""2026-08-05 13:40:00""}"
2026-08-05 00:00:00,2026-08-05 13:40:00,266,NIFTY,EXP_RANGE_BREAKOUT_CONFIRMED_DOWN,OFF,HIGH,0,Expected-range breakout CONFIRMED DOWN,"{""dedupe_key"":""NIFTY|EXP_RANGE_BREAKOUT_CONFIRMED_DOWN|OFF|2026-08-05 13:40"",""threshold"":2,""value"":0,""since_minute_bucket_ist"":""2026-08-05 13:39"",""last_updated_ist"":""2026-08-05 13:40:00""}"
2026-08-05 00:00:00,2026-08-05 13:40:00,266,NIFTY,OPTION_MOMENTUM_PUT,OFF,MED,-0.85,ATM PUT momentum (ltp up + vol up),"{""dedupe_key"":""NIFTY|OPTION_MOMENTUM_PUT|OFF|2026-08-05 13:40"",""threshold"":1.5,""value"":-0.85,""since_minute_bucket_ist"":""2026-08-05 13:38"",""last_updated_ist"":""2026-08-05 13:40:00""}"
2026-08-05 00:00:00,2026-08-05 13:40:00,266,NIFTY,WALL_PRESSURE_BREAK_SETUP,OFF,MED,0.7000000000007276,Pressure building into a wall (break setup),"{""dedupe_key"":""NIFTY|WALL_PRESSURE_BREAK_SETUP|OFF|2026-08-05 13:40"",""threshold"":0,""value"":0.7000000000007276,""since_minute_bucket_ist"":""2026-08-05 13:39"",""last_updated_ist"":""2026-08-05 13:40:00""}"
2026-08-05 00:00:00,2026-08-05 13:41:00,267,NIFTY,VOL_EXPANSION,OFF,MED,0.0109,Volatility expanding (straddle up),"{""dedupe_key"":""NIFTY|VOL_EXPANSION|OFF|2026-08-05 13:41"",""threshold"":0.02,""value"":0.0109,""since_minute_bucket_ist"":""2026-08-05 13:38"",""last_updated_ist"":""2026-08-05 13:41:00""}"
2026-08-05 00:00:00,2026-08-05 13:41:00,267,NIFTY,WALL_UNWIND_CONFIRM_DOWN,OFF,MED,0.0042,Put wall OI unwinding (5m),"{""dedupe_key"":""NIFTY|WALL_UNWIND_CONFIRM_DOWN|OFF|2026-08-05 13:41"",""threshold"":-0.006,""value"":0.0042,""since_minute_bucket_ist"":""2026-08-05 13:35"",""last_updated_ist"":""2026-08-05 13:41:00""}"
2026-08-05 00:00:00,2026-08-05 13:42:00,268,NIFTY,TRADE_LIMIT_REACHED,OFF,MED,12,Cooldown active (2m),"{""dedupe_key"":""NIFTY|TRADE_LIMIT_REACHED|OFF|2026-08-05 13:42"",""threshold"":500,""value"":12,""since_minute_bucket_ist"":""2026-08-05 13:40"",""last_updated_ist"":""2026-08-05 13:42:00""}"
2026-08-05 00:00:00,2026-08-05 13:42:00,268,NIFTY,FLOW_BEARISH_BUILD,ON,HIGH,0.0036,Bearish build (premium-confirmed writing / resistance),"{""dedupe_key"":""NIFTY|FLOW_BEARISH_BUILD|ON|2026-08-05 13:42"",""threshold"":0.005,""value"":0.0036,""since_minute_bucket_ist"":"""",""last_updated_ist"":""2026-08-05 13:42:00""}"
2026-08-05 00:00:00,2026-08-05 13:42:00,268,NIFTY,PIN_BREAKOUT_SETUP,ON,MED,-2,Pin breakout setup (wall touch + aligned flow),"{""dedupe_key"":""NIFTY|PIN_BREAKOUT_SETUP|ON|2026-08-05 13:42"",""threshold"":0,""value"":-2,""since_minute_bucket_ist"":"""",""last_updated_ist"":""2026-08-05 13:42:00""}"
2026-08-05 00:00:00,2026-08-05 13:42:00,268,NIFTY,VOL_EXPANSION,ON,MED,0.0055,Volatility expanding (straddle up),"{""dedupe_key"":""NIFTY|VOL_EXPANSION|ON|2026-08-05 13:42"",""threshold"":0.02,""value"":0.0055,""since_minute_bucket_ist"":"""",""last_updated_ist"":""2026-08-05 13:42:00""}"
2026-08-05 00:00:00,2026-08-05 13:42:00,268,NIFTY,OPTION_MOMENTUM_PUT,ON,MED,2.55,ATM PUT momentum (ltp up + vol up),"{""dedupe_key"":""NIFTY|OPTION_MOMENTUM_PUT|ON|2026-08-05 13:42"",""threshold"":1.5,""value"":2.55,""since_minute_bucket_ist"":"""",""last_updated_ist"":""2026-08-05 13:42:00""}"
2026-08-05 00:00:00,2026-08-05 13:42:00,268,NIFTY,WALL_PRESSURE_BREAK_SETUP,ON,MED,-2,Pressure building into a wall (break setup),"{""dedupe_key"":""NIFTY|WALL_PRESSURE_BREAK_SETUP|ON|2026-08-05 13:42"",""threshold"":0,""value"":-2,""since_minute_bucket_ist"":"""",""last_updated_ist"":""2026-08-05 13:42:00""}"
2026-08-05 00:00:00,2026-08-05 13:43:00,269,NIFTY,TRADE_LIMIT_REACHED,ON,MED,13,Cooldown active (2m),"{""dedupe_key"":""NIFTY|TRADE_LIMIT_REACHED|ON|2026-08-05 13:43"",""threshold"":500,""value"":13,""since_minute_bucket_ist"":"""",""last_updated_ist"":""2026-08-05 13:43:00""}"
2026-08-05 00:00:00,2026-08-05 13:43:00,269,NIFTY,FLOW_BEARISH_BUILD,OFF,HIGH,-0.0003,Bearish build (premium-confirmed writing / resistance),"{""dedupe_key"":""NIFTY|FLOW_BEARISH_BUILD|OFF|2026-08-05 13:43"",""threshold"":0.005,""value"":-0.0003,""since_minute_bucket_ist"":""2026-08-05 13:42"",""last_updated_ist"":""2026-08-05 13:43:00""}"
2026-08-05 00:00:00,2026-08-05 13:43:00,269,NIFTY,REGIME_RANGE_PIN,OFF,LOW,0.0002,Range / pin (inside local walls),"{""dedupe_key"":""NIFTY|REGIME_RANGE_PIN|OFF|2026-08-05 13:43"",""threshold"":0.001,""value"":0.0002,""since_minute_bucket_ist"":""2026-08-05 13:40"",""last_updated_ist"":""2026-08-05 13:43:00""}"
2026-08-05 00:00:00,2026-08-05 13:43:00,269,NIFTY,REGIME_TRANSITION_UNCERTAIN,ON,LOW,1,Transition/uncertain regime,"{""dedupe_key"":""NIFTY|REGIME_TRANSITION_UNCERTAIN|ON|2026-08-05 13:43"",""threshold"":1,""value"":1,""since_minute_bucket_ist"":"""",""last_updated_ist"":""2026-08-05 13:43:00""}"
2026-08-05 00:00:00,2026-08-05 13:43:00,269,NIFTY,PIN_BREAKOUT_SETUP,OFF,MED,-12.350000000002183,Pin breakout setup (wall touch + aligned flow),"{""dedupe_key"":""NIFTY|PIN_BREAKOUT_SETUP|OFF|2026-08-05 13:43"",""threshold"":0,""value"":-12.350000000002183,""since_minute_bucket_ist"":""2026-08-05 13:42"",""last_updated_ist"":""2026-08-05 13:43:00""}"
2026-08-05 00:00:00,2026-08-05 13:43:00,269,NIFTY,EXP_RANGE_BREAKOUT_WATCH_DOWN,ON,MED,24504.05,Expected-range watch DOWN,"{""dedupe_key"":""NIFTY|EXP_RANGE_BREAKOUT_WATCH_DOWN|ON|2026-08-05 13:43"",""threshold"":24511.34,""value"":24504.05,""since_minute_bucket_ist"":"""",""last_updated_ist"":""2026-08-05 13:43:00""}"
2026-08-05 00:00:00,2026-08-05 13:43:00,269,NIFTY,WALL_UNWIND_CONFIRM_DOWN,ON,MED,-0.017,Put wall OI unwinding (5m),"{""dedupe_key"":""NIFTY|WALL_UNWIND_CONFIRM_DOWN|ON|2026-08-05 13:43"",""threshold"":-0.006,""value"":-0.017,""since_minute_bucket_ist"":"""",""last_updated_ist"":""2026-08-05 13:43:00""}"
2026-08-05 00:00:00,2026-08-05 13:43:00,269,NIFTY,WALL_PRESSURE_BREAK_SETUP,OFF,MED,-12.350000000002183,Pressure building into a wall (break setup),"{""dedupe_key"":""NIFTY|WALL_PRESSURE_BREAK_SETUP|OFF|2026-08-05 13:43"",""threshold"":0,""value"":-12.350000000002183,""since_minute_bucket_ist"":""2026-08-05 13:42"",""last_updated_ist"":""2026-08-05 13:43:00""}"
2026-08-05 00:00:00,2026-08-05 13:44:00,270,NIFTY,TRADE_LIMIT_REACHED,OFF,MED,13,Cooldown active (2m),"{""dedupe_key"":""NIFTY|TRADE_LIMIT_REACHED|OFF|2026-08-05 13:44"",""threshold"":500,""value"":13,""since_minute_bucket_ist"":""2026-08-05 13:43"",""last_updated_ist"":""2026-08-05 13:44:00""}"
2026-08-05 00:00:00,2026-08-05 13:44:00,270,NIFTY,EXP_RANGE_BREAKOUT_CONFIRMED_DOWN,ON,HIGH,2,Expected-range breakout CONFIRMED DOWN,"{""dedupe_key"":""NIFTY|EXP_RANGE_BREAKOUT_CONFIRMED_DOWN|ON|2026-08-05 13:44"",""threshold"":2,""value"":2,""since_minute_bucket_ist"":"""",""last_updated_ist"":""2026-08-05 13:44:00""}"
2026-08-05 00:00:00,2026-08-05 13:44:00,270,NIFTY,OPTION_MOMENTUM_PUT,OFF,MED,0,ATM PUT momentum (ltp up + vol up),"{""dedupe_key"":""NIFTY|OPTION_MOMENTUM_PUT|OFF|2026-08-05 13:44"",""threshold"":1.5,""value"":0,""since_minute_bucket_ist"":""2026-08-05 13:42"",""last_updated_ist"":""2026-08-05 13:44:00""}"
2026-08-05 00:00:00,2026-08-05 13:45:00,271,NIFTY,FLOW_BEARISH_BUILD,ON,HIGH,0,Bearish build (premium-confirmed writing / resistance),"{""dedupe_key"":""NIFTY|FLOW_BEARISH_BUILD|ON|2026-08-05 13:45"",""threshold"":0.005,""value"":0,""since_minute_bucket_ist"":"""",""last_updated_ist"":""2026-08-05 13:45:00""}"
2026-08-05 00:00:00,2026-08-05 13:45:00,271,NIFTY,PIN_BREAKOUT_SETUP,ON,MED,-1.3999999999978172,Pin breakout setup (wall touch + aligned flow),"{""dedupe_key"":""NIFTY|PIN_BREAKOUT_SETUP|ON|2026-08-05 13:45"",""threshold"":0,""value"":-1.3999999999978172,""since_minute_bucket_ist"":"""",""last_updated_ist"":""2026-08-05 13:45:00""}"
2026-08-05 00:00:00,2026-08-05 13:45:00,271,NIFTY,OPTION_MOMENTUM_PUT,ON,MED,5.35,ATM PUT momentum (ltp up + vol up),"{""dedupe_key"":""NIFTY|OPTION_MOMENTUM_PUT|ON|2026-08-05 13:45"",""threshold"":1.5,""value"":5.35,""since_minute_bucket_ist"":"""",""last_updated_ist"":""2026-08-05 13:45:00""}"
2026-08-05 00:00:00,2026-08-05 13:45:00,271,NIFTY,WALL_PRESSURE_BREAK_SETUP,ON,MED,-1.3999999999978172,Pressure building into a wall (break setup),"{""dedupe_key"":""NIFTY|WALL_PRESSURE_BREAK_SETUP|ON|2026-08-05 13:45"",""threshold"":0,""value"":-1.3999999999978172,""since_minute_bucket_ist"":"""",""last_updated_ist"":""2026-08-05 13:45:00""}"
2026-08-05 00:00:00,2026-08-05 13:46:00,272,NIFTY,TRADE_LIMIT_REACHED,ON,MED,14,Cooldown active (2m),"{""dedupe_key"":""NIFTY|TRADE_LIMIT_REACHED|ON|2026-08-05 13:46"",""threshold"":500,""value"":14,""since_minute_bucket_ist"":"""",""last_updated_ist"":""2026-08-05 13:46:00""}"
2026-08-05 00:00:00,2026-08-05 13:46:00,272,NIFTY,FLOW_BEARISH_BUILD,OFF,HIGH,0.0037,Bearish build (premium-confirmed writing / resistance),"{""dedupe_key"":""NIFTY|FLOW_BEARISH_BUILD|OFF|2026-08-05 13:46"",""threshold"":0.005,""value"":0.0037,""since_minute_bucket_ist"":""2026-08-05 13:45"",""last_updated_ist"":""2026-08-05 13:46:00""}"
2026-08-05 00:00:00,2026-08-05 13:46:00,272,NIFTY,REGIME_RANGE_PIN,ON,LOW,0.0003,Range / pin (inside local walls),"{""dedupe_key"":""NIFTY|REGIME_RANGE_PIN|ON|2026-08-05 13:46"",""threshold"":0.001,""value"":0.0003,""since_minute_bucket_ist"":"""",""last_updated_ist"":""2026-08-05 13:46:00""}"
2026-08-05 00:00:00,2026-08-05 13:46:00,272,NIFTY,REGIME_TRANSITION_UNCERTAIN,OFF,LOW,1899-12-31 00:00:00,Transition/uncertain regime,"{""dedupe_key"":""NIFTY|REGIME_TRANSITION_UNCERTAIN|OFF|2026-08-05 13:46"",""threshold"":1,""value"":1,""since_minute_bucket_ist"":""2026-08-05 13:43"",""last_updated_ist"":""2026-08-05 13:46:00""}"
2026-08-05 00:00:00,2026-08-05 13:46:00,272,NIFTY,PIN_BREAKOUT_SETUP,OFF,MED,14.44999999999709,Pin breakout setup (wall touch + aligned flow),"{""dedupe_key"":""NIFTY|PIN_BREAKOUT_SETUP|OFF|2026-08-05 13:46"",""threshold"":0,""value"":14.44999999999709,""since_minute_bucket_ist"":""2026-08-05 13:45"",""last_updated_ist"":""2026-08-05 13:46:00""}"
2026-08-05 00:00:00,2026-08-05 13:46:00,272,NIFTY,EXP_RANGE_BREAKOUT_WATCH_DOWN,OFF,MED,24517.1,Expected-range watch DOWN,"{""dedupe_key"":""NIFTY|EXP_RANGE_BREAKOUT_WATCH_DOWN|OFF|2026-08-05 13:46"",""threshold"":24505.43,""value"":24517.1,""since_minute_bucket_ist"":""2026-08-05 13:43"",""last_updated_ist"":""2026-08-05 13:46:00""}"
2026-08-05 00:00:00,2026-08-05 13:46:00,272,NIFTY,EXP_RANGE_BREAKOUT_CONFIRMED_DOWN,OFF,HIGH,0,Expected-range breakout CONFIRMED DOWN,"{""dedupe_key"":""NIFTY|EXP_RANGE_BREAKOUT_CONFIRMED_DOWN|OFF|2026-08-05 13:46"",""threshold"":2,""value"":0,""since_minute_bucket_ist"":""2026-08-05 13:44"",""last_updated_ist"":""2026-08-05 13:46:00""}"
2026-08-05 00:00:00,2026-08-05 13:46:00,272,NIFTY,VOL_EXPANSION,OFF,MED,-0.0028,Volatility expanding (straddle up),"{""dedupe_key"":""NIFTY|VOL_EXPANSION|OFF|2026-08-05 13:46"",""threshold"":0.02,""value"":-0.0028,""since_minute_bucket_ist"":""2026-08-05 13:42"",""last_updated_ist"":""2026-08-05 13:46:00""}"
2026-08-05 00:00:00,2026-08-05 13:46:00,272,NIFTY,OPTION_MOMENTUM_CALL,ON,MED,7,ATM CALL momentum (ltp up + vol up),"{""dedupe_key"":""NIFTY|OPTION_MOMENTUM_CALL|ON|2026-08-05 13:46"",""threshold"":1.5,""value"":7,""since_minute_bucket_ist"":"""",""last_updated_ist"":""2026-08-05 13:46:00""}"
2026-08-05 00:00:00,2026-08-05 13:46:00,272,NIFTY,OPTION_MOMENTUM_PUT,OFF,MED,-10.1,ATM PUT momentum (ltp up + vol up),"{""dedupe_key"":""NIFTY|OPTION_MOMENTUM_PUT|OFF|2026-08-05 13:46"",""threshold"":1.5,""value"":-10.1,""since_minute_bucket_ist"":""2026-08-05 13:45"",""last_updated_ist"":""2026-08-05 13:46:00""}"
2026-08-05 00:00:00,2026-08-05 13:46:00,272,NIFTY,WALL_PRESSURE_BREAK_SETUP,OFF,MED,14.44999999999709,Pressure building into a wall (break setup),"{""dedupe_key"":""NIFTY|WALL_PRESSURE_BREAK_SETUP|OFF|2026-08-05 13:46"",""threshold"":0,""value"":14.44999999999709,""since_minute_bucket_ist"":""2026-08-05 13:45"",""last_updated_ist"":""2026-08-05 13:46:00""}"
2026-08-05 00:00:00,2026-08-05 13:47:00,273,NIFTY,TRADE_LIMIT_REACHED,OFF,MED,14,Cooldown active (2m),"{""dedupe_key"":""NIFTY|TRADE_LIMIT_REACHED|OFF|2026-08-05 13:47"",""threshold"":500,""value"":14,""since_minute_bucket_ist"":""2026-08-05 13:46"",""last_updated_ist"":""2026-08-05 13:47:00""}"
2026-08-05 00:00:00,2026-08-05 13:48:00,274,NIFTY,REGIME_RANGE_PIN,OFF,LOW,0.0003,Range / pin (inside local walls),"{""dedupe_key"":""NIFTY|REGIME_RANGE_PIN|OFF|2026-08-05 13:48"",""threshold"":0.001,""value"":0.0003,""since_minute_bucket_ist"":""2026-08-05 13:46"",""last_updated_ist"":""2026-08-05 13:48:00""}"
2026-08-05 00:00:00,2026-08-05 13:48:00,274,NIFTY,REGIME_TRANSITION_UNCERTAIN,ON,LOW,1,Transition/uncertain regime,"{""dedupe_key"":""NIFTY|REGIME_TRANSITION_UNCERTAIN|ON|2026-08-05 13:48"",""threshold"":1,""value"":1,""since_minute_bucket_ist"":"""",""last_updated_ist"":""2026-08-05 13:48:00""}"
2026-08-05 00:00:00,2026-08-05 13:48:00,274,NIFTY,OPTION_MOMENTUM_CALL,OFF,MED,0,ATM CALL momentum (ltp up + vol up),"{""dedupe_key"":""NIFTY|OPTION_MOMENTUM_CALL|OFF|2026-08-05 13:48"",""threshold"":1.5,""value"":0,""since_minute_bucket_ist"":""2026-08-05 13:46"",""last_updated_ist"":""2026-08-05 13:48:00""}"
2026-08-05 00:00:00,2026-08-05 13:49:00,275,NIFTY,EXP_RANGE_BREAKOUT_WATCH_UP,ON,MED,24525.7,Expected-range watch UP,"{""dedupe_key"":""NIFTY|EXP_RANGE_BREAKOUT_WATCH_UP|ON|2026-08-05 13:49"",""threshold"":24525.47,""value"":24525.7,""since_minute_bucket_ist"":"""",""last_updated_ist"":""2026-08-05 13:49:00""}"
2026-08-05 00:00:00,2026-08-05 13:49:00,275,NIFTY,VOL_CONTRACTION,ON,LOW,-0.023,Volatility contracting (straddle down),"{""dedupe_key"":""NIFTY|VOL_CONTRACTION|ON|2026-08-05 13:49"",""threshold"":-0.03,""value"":-0.023,""since_minute_bucket_ist"":"""",""last_updated_ist"":""2026-08-05 13:49:00""}"
2026-08-05 00:00:00,2026-08-05 13:49:00,275,NIFTY,OPTION_MOMENTUM_CALL,ON,MED,3.35,ATM CALL momentum (ltp up + vol up),"{""dedupe_key"":""NIFTY|OPTION_MOMENTUM_CALL|ON|2026-08-05 13:49"",""threshold"":1.5,""value"":3.35,""since_minute_bucket_ist"":"""",""last_updated_ist"":""2026-08-05 13:49:00""}"
2026-08-05 00:00:00,2026-08-05 13:49:00,275,NIFTY,WALL_UNWIND_CONFIRM_DOWN,OFF,MED,-0.002,Put wall OI unwinding (5m),"{""dedupe_key"":""NIFTY|WALL_UNWIND_CONFIRM_DOWN|OFF|2026-08-05 13:49"",""threshold"":-0.006,""value"":-0.002,""since_minute_bucket_ist"":""2026-08-05 13:43"",""last_updated_ist"":""2026-08-05 13:49:00""}"
2026-08-05 00:00:00,2026-08-05 13:50:00,276,NIFTY,EXP_RANGE_BREAKOUT_WATCH_UP,OFF,MED,24525.8,Expected-range watch UP,"{""dedupe_key"":""NIFTY|EXP_RANGE_BREAKOUT_WATCH_UP|OFF|2026-08-05 13:50"",""threshold"":24526.63,""value"":24525.8,""since_minute_bucket_ist"":""2026-08-05 13:49"",""last_updated_ist"":""2026-08-05 13:50:00""}"
2026-08-05 00:00:00,2026-08-05 13:50:00,276,NIFTY,OPTION_MOMENTUM_CALL,OFF,MED,0.05,ATM CALL momentum (ltp up + vol up),"{""dedupe_key"":""NIFTY|OPTION_MOMENTUM_CALL|OFF|2026-08-05 13:50"",""threshold"":1.5,""value"":0.05,""since_minute_bucket_ist"":""2026-08-05 13:49"",""last_updated_ist"":""2026-08-05 13:50:00""}"
2026-08-05 00:00:00,2026-08-05 13:51:00,277,NIFTY,REGIME_RANGE_PIN,ON,LOW,0.0002,Range / pin (inside local walls),"{""dedupe_key"":""NIFTY|REGIME_RANGE_PIN|ON|2026-08-05 13:51"",""threshold"":0.001,""value"":0.0002,""since_minute_bucket_ist"":"""",""last_updated_ist"":""2026-08-05 13:51:00""}"
2026-08-05 00:00:00,2026-08-05 13:51:00,277,NIFTY,REGIME_TRANSITION_UNCERTAIN,OFF,LOW,1,Transition/uncertain regime,"{""dedupe_key"":""NIFTY|REGIME_TRANSITION_UNCERTAIN|OFF|2026-08-05 13:51"",""threshold"":1,""value"":1,""since_minute_bucket_ist"":""2026-08-05 13:48"",""last_updated_ist"":""2026-08-05 13:51:00""}"
2026-08-05 00:00:00,2026-08-05 13:51:00,277,NIFTY,VOL_CONTRACTION,OFF,LOW,-0.004,Volatility contracting (straddle down),"{""dedupe_key"":""NIFTY|VOL_CONTRACTION|OFF|2026-08-05 13:51"",""threshold"":-0.03,""value"":-0.004,""since_minute_bucket_ist"":""2026-08-05 13:49"",""last_updated_ist"":""2026-08-05 13:51:00""}"
2026-08-05 00:00:00,2026-08-05 13:51:00,277,NIFTY,OPTION_MOMENTUM_PUT,ON,MED,3,ATM PUT momentum (ltp up + vol up),"{""dedupe_key"":""NIFTY|OPTION_MOMENTUM_PUT|ON|2026-08-05 13:51"",""threshold"":1.5,""value"":3,""since_minute_bucket_ist"":"""",""last_updated_ist"":""2026-08-05 13:51:00""}"
2026-08-05 00:00:00,2026-08-05 13:52:00,278,NIFTY,OPTION_MOMENTUM_PUT,OFF,MED,0.55,ATM PUT momentum (ltp up + vol up),"{""dedupe_key"":""NIFTY|OPTION_MOMENTUM_PUT|OFF|2026-08-05 13:52"",""threshold"":1.5,""value"":0.55,""since_minute_bucket_ist"":""2026-08-05 13:51"",""last_updated_ist"":""2026-08-05 13:52:00""}"
2026-08-05 00:00:00,2026-08-05 13:53:00,279,NIFTY,FLOW_BULLISH_BUILD,ON,HIGH,0.0076,Bullish build (premium-confirmed writing / support),"{""dedupe_key"":""NIFTY|FLOW_BULLISH_BUILD|ON|2026-08-05 13:53"",""threshold"":0.005,""value"":0.0076,""since_minute_bucket_ist"":"""",""last_updated_ist"":""2026-08-05 13:53:00""}"
2026-08-05 00:00:00,2026-08-05 13:54:00,280,NIFTY,FLOW_BULLISH_BUILD,OFF,HIGH,0.0068,Bullish build (premium-confirmed writing / support),"{""dedupe_key"":""NIFTY|FLOW_BULLISH_BUILD|OFF|2026-08-05 13:54"",""threshold"":0.005,""value"":0.0068,""since_minute_bucket_ist"":""2026-08-05 13:53"",""last_updated_ist"":""2026-08-05 13:54:00""}"
2026-08-05 00:00:00,2026-08-05 13:56:00,282,NIFTY,OPTION_MOMENTUM_PUT,ON,MED,1.75,ATM PUT momentum (ltp up + vol up),"{""dedupe_key"":""NIFTY|OPTION_MOMENTUM_PUT|ON|2026-08-05 13:56"",""threshold"":1.5,""value"":1.75,""since_minute_bucket_ist"":"""",""last_updated_ist"":""2026-08-05 13:56:00""}"
2026-08-05 00:00:00,2026-08-05 13:57:00,283,NIFTY,EXP_RANGE_BREAKOUT_WATCH_DOWN,ON,MED,24510.6,Expected-range watch DOWN,"{""dedupe_key"":""NIFTY|EXP_RANGE_BREAKOUT_WATCH_DOWN|ON|2026-08-05 13:57"",""threshold"":24510.88,""value"":24510.6,""since_minute_bucket_ist"":"""",""last_updated_ist"":""2026-08-05 13:57:00""}"
2026-08-05 00:00:00,2026-08-05 13:57:00,283,NIFTY,OPTION_MOMENTUM_PUT,OFF,MED,-0.65,ATM PUT momentum (ltp up + vol up),"{""dedupe_key"":""NIFTY|OPTION_MOMENTUM_PUT|OFF|2026-08-05 13:57"",""threshold"":1.5,""value"":-0.65,""since_minute_bucket_ist"":""2026-08-05 13:56"",""last_updated_ist"":""2026-08-05 13:57:00""}"
2026-08-05 00:00:00,2026-08-05 13:58:00,284,NIFTY,FLOW_BEARISH_BUILD,ON,HIGH,0.0017,Bearish build (premium-confirmed writing / resistance),"{""dedupe_key"":""NIFTY|FLOW_BEARISH_BUILD|ON|2026-08-05 13:58"",""threshold"":0.005,""value"":0.0017,""since_minute_bucket_ist"":"""",""last_updated_ist"":""2026-08-05 13:58:00""}"
2026-08-05 00:00:00,2026-08-05 13:58:00,284,NIFTY,EXP_RANGE_BREAKOUT_WATCH_DOWN,OFF,MED,24513.55,Expected-range watch DOWN,"{""dedupe_key"":""NIFTY|EXP_RANGE_BREAKOUT_WATCH_DOWN|OFF|2026-08-05 13:58"",""threshold"":24510.41,""value"":24513.55,""since_minute_bucket_ist"":""2026-08-05 13:57"",""last_updated_ist"":""2026-08-05 13:58:00""}"
2026-08-05 00:00:00,2026-08-05 14:00:00,286,NIFTY,FLOW_BEARISH_BUILD,OFF,HIGH,0.0008,Bearish build (premium-confirmed writing / resistance),"{""dedupe_key"":""NIFTY|FLOW_BEARISH_BUILD|OFF|2026-08-05 14:00"",""threshold"":0.005,""value"":0.0008,""since_minute_bucket_ist"":""2026-08-05 13:58"",""last_updated_ist"":""2026-08-05 14:00:00""}"
2026-08-05 00:00:00,2026-08-05 14:00:00,286,NIFTY,VOL_CONTRACTION,ON,LOW,-0.0064,Volatility contracting (straddle down),"{""dedupe_key"":""NIFTY|VOL_CONTRACTION|ON|2026-08-05 14:00"",""threshold"":-0.03,""value"":-0.0064,""since_minute_bucket_ist"":"""",""last_updated_ist"":""2026-08-05 14:00:00""}"
2026-08-05 00:00:00,2026-08-05 14:00:00,286,NIFTY,OPTION_MOMENTUM_CALL,ON,MED,2.4,ATM CALL momentum (ltp up + vol up),"{""dedupe_key"":""NIFTY|OPTION_MOMENTUM_CALL|ON|2026-08-05 14:00"",""threshold"":1.5,""value"":2.4,""since_minute_bucket_ist"":"""",""last_updated_ist"":""2026-08-05 14:00:00""}"
2026-08-05 00:00:00,2026-08-05 14:01:00,287,NIFTY,FLOW_BEARISH_BUILD,ON,HIGH,0.0026,Bearish build (premium-confirmed writing / resistance),"{""dedupe_key"":""NIFTY|FLOW_BEARISH_BUILD|ON|2026-08-05 14:01"",""threshold"":0.005,""value"":0.0026,""since_minute_bucket_ist"":"""",""last_updated_ist"":""2026-08-05 14:01:00""}"
2026-08-05 00:00:00,2026-08-05 14:01:00,287,NIFTY,OPTION_MOMENTUM_CALL,OFF,MED,-1.15,ATM CALL momentum (ltp up + vol up),"{""dedupe_key"":""NIFTY|OPTION_MOMENTUM_CALL|OFF|2026-08-05 14:01"",""threshold"":1.5,""value"":-1.15,""since_minute_bucket_ist"":""2026-08-05 14:00"",""last_updated_ist"":""2026-08-05 14:01:00""}"
2026-08-05 00:00:00,2026-08-05 14:02:00,288,NIFTY,FLOW_BEARISH_BUILD,OFF,HIGH,0.0006,Bearish build (premium-confirmed writing / resistance),"{""dedupe_key"":""NIFTY|FLOW_BEARISH_BUILD|OFF|2026-08-05 14:02"",""threshold"":0.005,""value"":0.0006,""since_minute_bucket_ist"":""2026-08-05 14:01"",""last_updated_ist"":""2026-08-05 14:02:00""}"
2026-08-05 00:00:00,2026-08-05 14:02:00,288,NIFTY,EXP_RANGE_BREAKOUT_WATCH_UP,ON,MED,24520.8,Expected-range watch UP,"{""dedupe_key"":""NIFTY|EXP_RANGE_BREAKOUT_WATCH_UP|ON|2026-08-05 14:02"",""threshold"":24519.66,""value"":24520.8,""since_minute_bucket_ist"":"""",""last_updated_ist"":""2026-08-05 14:02:00""}"
2026-08-05 00:00:00,2026-08-05 14:02:00,288,NIFTY,OPTION_MOMENTUM_CALL,ON,MED,2.25,ATM CALL momentum (ltp up + vol up),"{""dedupe_key"":""NIFTY|OPTION_MOMENTUM_CALL|ON|2026-08-05 14:02"",""threshold"":1.5,""value"":2.25,""since_minute_bucket_ist"":"""",""last_updated_ist"":""2026-08-05 14:02:00""}"
2026-08-05 00:00:00,2026-08-05 14:02:00,288,NIFTY,WALL_UNWIND_CONFIRM_DOWN,ON,MED,-0.0066,Put wall OI unwinding (5m),"{""dedupe_key"":""NIFTY|WALL_UNWIND_CONFIRM_DOWN|ON|2026-08-05 14:02"",""threshold"":-0.006,""value"":-0.0066,""since_minute_bucket_ist"":"""",""last_updated_ist"":""2026-08-05 14:02:00""}"
2026-08-05 00:00:00,2026-08-05 14:03:00,289,NIFTY,EXP_RANGE_BREAKOUT_CONFIRMED_UP,ON,HIGH,2,Expected-range breakout CONFIRMED UP,"{""dedupe_key"":""NIFTY|EXP_RANGE_BREAKOUT_CONFIRMED_UP|ON|2026-08-05 14:03"",""threshold"":2,""value"":2,""since_minute_bucket_ist"":"""",""last_updated_ist"":""2026-08-05 14:03:00""}"
2026-08-05 00:00:00,2026-08-05 14:03:00,289,NIFTY,OPTION_MOMENTUM_CALL,OFF,MED,0,ATM CALL momentum (ltp up + vol up),"{""dedupe_key"":""NIFTY|OPTION_MOMENTUM_CALL|OFF|2026-08-05 14:03"",""threshold"":1.5,""value"":0,""since_minute_bucket_ist"":""2026-08-05 14:02"",""last_updated_ist"":""2026-08-05 14:03:00""}"
2026-08-05 00:00:00,2026-08-05 14:03:00,289,NIFTY,WALL_UNWIND_CONFIRM_DOWN,OFF,MED,-0.0042,Put wall OI unwinding (5m),"{""dedupe_key"":""NIFTY|WALL_UNWIND_CONFIRM_DOWN|OFF|2026-08-05 14:03"",""threshold"":-0.006,""value"":-0.0042,""since_minute_bucket_ist"":""2026-08-05 14:02"",""last_updated_ist"":""2026-08-05 14:03:00""}"
2026-08-05 00:00:00,2026-08-05 14:04:00,290,NIFTY,OPTION_MOMENTUM_CALL,ON,MED,3.1,ATM CALL momentum (ltp up + vol up),"{""dedupe_key"":""NIFTY|OPTION_MOMENTUM_CALL|ON|2026-08-05 14:04"",""threshold"":1.5,""value"":3.1,""since_minute_bucket_ist"":"""",""last_updated_ist"":""2026-08-05 14:04:00""}"
2026-08-05 00:00:00,2026-08-05 14:05:00,291,NIFTY,FLOW_BEARISH_BUILD,ON,HIGH,0.006,Bearish build (premium-confirmed writing / resistance),"{""dedupe_key"":""NIFTY|FLOW_BEARISH_BUILD|ON|2026-08-05 14:05"",""threshold"":0.005,""value"":0.006,""since_minute_bucket_ist"":"""",""last_updated_ist"":""2026-08-05 14:05:00""}"
2026-08-05 00:00:00,2026-08-05 14:05:00,291,NIFTY,OPTION_MOMENTUM_CALL,OFF,MED,-0.05,ATM CALL momentum (ltp up + vol up),"{""dedupe_key"":""NIFTY|OPTION_MOMENTUM_CALL|OFF|2026-08-05 14:05"",""threshold"":1.5,""value"":-0.05,""since_minute_bucket_ist"":""2026-08-05 14:04"",""last_updated_ist"":""2026-08-05 14:05:00""}"
2026-08-05 00:00:00,2026-08-05 14:05:00,291,NIFTY,BULL_TRAP,ON,HIGH,1,Bull trap: failed upside breakout + bearish flow,"{""dedupe_key"":""NIFTY|BULL_TRAP|ON|2026-08-05 14:05"",""threshold"":1,""value"":1,""since_minute_bucket_ist"":"""",""last_updated_ist"":""2026-08-05 14:05:00""}"
2026-08-05 00:00:00,2026-08-05 14:06:00,292,NIFTY,FLOW_BEARISH_BUILD,OFF,HIGH,0.002,Bearish build (premium-confirmed writing / resistance),"{""dedupe_key"":""NIFTY|FLOW_BEARISH_BUILD|OFF|2026-08-05 14:06"",""threshold"":0.005,""value"":0.002,""since_minute_bucket_ist"":""2026-08-05 14:05"",""last_updated_ist"":""2026-08-05 14:06:00""}"
2026-08-05 00:00:00,2026-08-05 14:06:00,292,NIFTY,OPTION_MOMENTUM_CALL,ON,MED,2.1,ATM CALL momentum (ltp up + vol up),"{""dedupe_key"":""NIFTY|OPTION_MOMENTUM_CALL|ON|2026-08-05 14:06"",""threshold"":1.5,""value"":2.1,""since_minute_bucket_ist"":"""",""last_updated_ist"":""2026-08-05 14:06:00""}"
2026-08-05 00:00:00,2026-08-05 14:06:00,292,NIFTY,BULL_TRAP,OFF,HIGH,1,Bull trap: failed upside breakout + bearish flow,"{""dedupe_key"":""NIFTY|BULL_TRAP|OFF|2026-08-05 14:06"",""threshold"":1,""value"":1,""since_minute_bucket_ist"":""2026-08-05 14:05"",""last_updated_ist"":""2026-08-05 14:06:00""}"
2026-08-05 00:00:00,2026-08-05 14:07:00,293,NIFTY,FLOW_BULLISH_BUILD,ON,HIGH,0.0034,Bullish build (premium-confirmed writing / support),"{""dedupe_key"":""NIFTY|FLOW_BULLISH_BUILD|ON|2026-08-05 14:07"",""threshold"":0.005,""value"":0.0034,""since_minute_bucket_ist"":"""",""last_updated_ist"":""2026-08-05 14:07:00""}"
2026-08-05 00:00:00,2026-08-05 14:07:00,293,NIFTY,OPTION_MOMENTUM_CALL,OFF,MED,1.3,ATM CALL momentum (ltp up + vol up),"{""dedupe_key"":""NIFTY|OPTION_MOMENTUM_CALL|OFF|2026-08-05 14:07"",""threshold"":1.5,""value"":1.3,""since_minute_bucket_ist"":""2026-08-05 14:06"",""last_updated_ist"":""2026-08-05 14:07:00""}"
2026-08-05 00:00:00,2026-08-05 14:07:00,293,NIFTY,CHURN_COMMITTED,ON,MED,0.0002,Price move + aligned flow (committed),"{""dedupe_key"":""NIFTY|CHURN_COMMITTED|ON|2026-08-05 14:07"",""threshold"":0.0001,""value"":0.0002,""since_minute_bucket_ist"":"""",""last_updated_ist"":""2026-08-05 14:07:00""}"
2026-08-05 00:00:00,2026-08-05 14:08:00,294,NIFTY,FLOW_BULLISH_BUILD,OFF,HIGH,0,Bullish build (premium-confirmed writing / support),"{""dedupe_key"":""NIFTY|FLOW_BULLISH_BUILD|OFF|2026-08-05 14:08"",""threshold"":0.005,""value"":0,""since_minute_bucket_ist"":""2026-08-05 14:07"",""last_updated_ist"":""2026-08-05 14:08:00""}"
2026-08-05 00:00:00,2026-08-05 14:08:00,294,NIFTY,CHURN_COMMITTED,OFF,MED,0,Price move + aligned flow (committed),"{""dedupe_key"":""NIFTY|CHURN_COMMITTED|OFF|2026-08-05 14:08"",""threshold"":0.0001,""value"":0,""since_minute_bucket_ist"":""2026-08-05 14:07"",""last_updated_ist"":""2026-08-05 14:08:00""}"
2026-08-05 00:00:00,2026-08-05 14:09:00,295,NIFTY,EXP_RANGE_BREAKOUT_WATCH_UP,OFF,MED,24524.15,Expected-range watch UP,"{""dedupe_key"":""NIFTY|EXP_RANGE_BREAKOUT_WATCH_UP|OFF|2026-08-05 14:09"",""threshold"":24530.56,""value"":24524.15,""since_minute_bucket_ist"":""2026-08-05 14:02"",""last_updated_ist"":""2026-08-05 14:09:00""}"
2026-08-05 00:00:00,2026-08-05 14:09:00,295,NIFTY,EXP_RANGE_BREAKOUT_CONFIRMED_UP,OFF,HIGH,0,Expected-range breakout CONFIRMED UP,"{""dedupe_key"":""NIFTY|EXP_RANGE_BREAKOUT_CONFIRMED_UP|OFF|2026-08-05 14:09"",""threshold"":2,""value"":0,""since_minute_bucket_ist"":""2026-08-05 14:03"",""last_updated_ist"":""2026-08-05 14:09:00""}"
2026-08-05 00:00:00,2026-08-05 14:09:00,295,NIFTY,VOL_CONTRACTION,OFF,LOW,0.0032,Volatility contracting (straddle down),"{""dedupe_key"":""NIFTY|VOL_CONTRACTION|OFF|2026-08-05 14:09"",""threshold"":-0.03,""value"":0.0032,""since_minute_bucket_ist"":""2026-08-05 14:00"",""last_updated_ist"":""2026-08-05 14:09:00""}"
2026-08-05 00:00:00,2026-08-05 14:09:00,295,NIFTY,OPTION_MOMENTUM_PUT,ON,MED,2.3,ATM PUT momentum (ltp up + vol up),"{""dedupe_key"":""NIFTY|OPTION_MOMENTUM_PUT|ON|2026-08-05 14:09"",""threshold"":1.5,""value"":2.3,""since_minute_bucket_ist"":"""",""last_updated_ist"":""2026-08-05 14:09:00""}"
2026-08-05 00:00:00,2026-08-05 14:10:00,296,NIFTY,FLOW_BULLISH_BUILD,ON,HIGH,0.0083,Bullish build (premium-confirmed writing / support),"{""dedupe_key"":""NIFTY|FLOW_BULLISH_BUILD|ON|2026-08-05 14:10"",""threshold"":0.005,""value"":0.0083,""since_minute_bucket_ist"":"""",""last_updated_ist"":""2026-08-05 14:10:00""}"
2026-08-05 00:00:00,2026-08-05 14:10:00,296,NIFTY,FLOW_BEARISH_BUILD,ON,HIGH,-0.0026,Bearish build (premium-confirmed writing / resistance),"{""dedupe_key"":""NIFTY|FLOW_BEARISH_BUILD|ON|2026-08-05 14:10"",""threshold"":0.005,""value"":-0.0026,""since_minute_bucket_ist"":"""",""last_updated_ist"":""2026-08-05 14:10:00""}"
2026-08-05 00:00:00,2026-08-05 14:10:00,296,NIFTY,VOL_CONTRACTION,ON,LOW,-0.0087,Volatility contracting (straddle down),"{""dedupe_key"":""NIFTY|VOL_CONTRACTION|ON|2026-08-05 14:10"",""threshold"":-0.03,""value"":-0.0087,""since_minute_bucket_ist"":"""",""last_updated_ist"":""2026-08-05 14:10:00""}"
2026-08-05 00:00:00,2026-08-05 14:10:00,296,NIFTY,OPTION_MOMENTUM_PUT,OFF,MED,-1.1,ATM PUT momentum (ltp up + vol up),"{""dedupe_key"":""NIFTY|OPTION_MOMENTUM_PUT|OFF|2026-08-05 14:10"",""threshold"":1.5,""value"":-1.1,""since_minute_bucket_ist"":""2026-08-05 14:09"",""last_updated_ist"":""2026-08-05 14:10:00""}"
2026-08-05 00:00:00,2026-08-05 14:10:00,296,NIFTY,CHURN_COMMITTED,ON,MED,0.0003,Price move + aligned flow (committed),"{""dedupe_key"":""NIFTY|CHURN_COMMITTED|ON|2026-08-05 14:10"",""threshold"":0.0001,""value"":0.0003,""since_minute_bucket_ist"":"""",""last_updated_ist"":""2026-08-05 14:10:00""}"
2026-08-05 00:00:00,2026-08-05 14:10:00,296,NIFTY,STEALTH_BUILD_BULL,ON,MED,0.0083,"Stealth bullish build (puts build, spot flat)","{""dedupe_key"":""NIFTY|STEALTH_BUILD_BULL|ON|2026-08-05 14:10"",""threshold"":0.008,""value"":0.0083,""since_minute_bucket_ist"":"""",""last_updated_ist"":""2026-08-05 14:10:00""}"
2026-08-05 00:00:00,2026-08-05 14:11:00,297,NIFTY,FLOW_BULLISH_BUILD,OFF,HIGH,0,Bullish build (premium-confirmed writing / support),"{""dedupe_key"":""NIFTY|FLOW_BULLISH_BUILD|OFF|2026-08-05 14:11"",""threshold"":0.005,""value"":0,""since_minute_bucket_ist"":""2026-08-05 14:10"",""last_updated_ist"":""2026-08-05 14:11:00""}"
2026-08-05 00:00:00,2026-08-05 14:11:00,297,NIFTY,FLOW_BEARISH_BUILD,OFF,HIGH,0,Bearish build (premium-confirmed writing / resistance),"{""dedupe_key"":""NIFTY|FLOW_BEARISH_BUILD|OFF|2026-08-05 14:11"",""threshold"":0.005,""value"":0,""since_minute_bucket_ist"":""2026-08-05 14:10"",""last_updated_ist"":""2026-08-05 14:11:00""}"
2026-08-05 00:00:00,2026-08-05 14:11:00,297,NIFTY,CHURN_COMMITTED,OFF,MED,0,Price move + aligned flow (committed),"{""dedupe_key"":""NIFTY|CHURN_COMMITTED|OFF|2026-08-05 14:11"",""threshold"":0.0001,""value"":0,""since_minute_bucket_ist"":""2026-08-05 14:10"",""last_updated_ist"":""2026-08-05 14:11:00""}"
2026-08-05 00:00:00,2026-08-05 14:11:00,297,NIFTY,STEALTH_BUILD_BULL,OFF,MED,0,"Stealth bullish build (puts build, spot flat)","{""dedupe_key"":""NIFTY|STEALTH_BUILD_BULL|OFF|2026-08-05 14:11"",""threshold"":0.008,""value"":0,""since_minute_bucket_ist"":""2026-08-05 14:10"",""last_updated_ist"":""2026-08-05 14:11:00""}"
2026-08-05 00:00:00,2026-08-05 14:12:00,298,NIFTY,REGIME_RANGE_PIN,OFF,LOW,0.0003,Range / pin (inside local walls),"{""dedupe_key"":""NIFTY|REGIME_RANGE_PIN|OFF|2026-08-05 14:12"",""threshold"":0.001,""value"":0.0003,""since_minute_bucket_ist"":""2026-08-05 13:51"",""last_updated_ist"":""2026-08-05 14:12:00""}"
2026-08-05 00:00:00,2026-08-05 14:12:00,298,NIFTY,REGIME_TRANSITION_UNCERTAIN,ON,LOW,1,Transition/uncertain regime,"{""dedupe_key"":""NIFTY|REGIME_TRANSITION_UNCERTAIN|ON|2026-08-05 14:12"",""threshold"":1,""value"":1,""since_minute_bucket_ist"":"""",""last_updated_ist"":""2026-08-05 14:12:00""}"
2026-08-05 00:00:00,2026-08-05 14:12:00,298,NIFTY,VOL_EXPANSION,ON,MED,0.0201,Volatility expanding (straddle up),"{""dedupe_key"":""NIFTY|VOL_EXPANSION|ON|2026-08-05 14:12"",""threshold"":0.02,""value"":0.0201,""since_minute_bucket_ist"":"""",""last_updated_ist"":""2026-08-05 14:12:00""}"
2026-08-05 00:00:00,2026-08-05 14:12:00,298,NIFTY,VOL_CONTRACTION,OFF,LOW,0.0201,Volatility contracting (straddle down),"{""dedupe_key"":""NIFTY|VOL_CONTRACTION|OFF|2026-08-05 14:12"",""threshold"":-0.03,""value"":0.0201,""since_minute_bucket_ist"":""2026-08-05 14:10"",""last_updated_ist"":""2026-08-05 14:12:00""}"
2026-08-05 00:00:00,2026-08-05 14:12:00,298,NIFTY,OPTION_MOMENTUM_PUT,ON,MED,8.1,ATM PUT momentum (ltp up + vol up),"{""dedupe_key"":""NIFTY|OPTION_MOMENTUM_PUT|ON|2026-08-05 14:12"",""threshold"":1.5,""value"":8.1,""since_minute_bucket_ist"":"""",""last_updated_ist"":""2026-08-05 14:12:00""}"
2026-08-05 00:00:00,2026-08-05 14:13:00,299,NIFTY,REGIME_RANGE_PIN,ON,LOW,0.0003,Range / pin (inside local walls),"{""dedupe_key"":""NIFTY|REGIME_RANGE_PIN|ON|2026-08-05 14:13"",""threshold"":0.001,""value"":0.0003,""since_minute_bucket_ist"":"""",""last_updated_ist"":""2026-08-05 14:13:00""}"
2026-08-05 00:00:00,2026-08-05 14:13:00,299,NIFTY,REGIME_TRANSITION_UNCERTAIN,OFF,LOW,1,Transition/uncertain regime,"{""dedupe_key"":""NIFTY|REGIME_TRANSITION_UNCERTAIN|OFF|2026-08-05 14:13"",""threshold"":1,""value"":1,""since_minute_bucket_ist"":""2026-08-05 14:12"",""last_updated_ist"":""2026-08-05 14:13:00""}"
2026-08-05 00:00:00,2026-08-05 14:13:00,299,NIFTY,VOL_EXPANSION,OFF,MED,-0.0029,Volatility expanding (straddle up),"{""dedupe_key"":""NIFTY|VOL_EXPANSION|OFF|2026-08-05 14:13"",""threshold"":0.02,""value"":-0.0029,""since_minute_bucket_ist"":""2026-08-05 14:12"",""last_updated_ist"":""2026-08-05 14:13:00""}"
2026-08-05 00:00:00,2026-08-05 14:13:00,299,NIFTY,OPTION_MOMENTUM_CALL,ON,MED,3.75,ATM CALL momentum (ltp up + vol up),"{""dedupe_key"":""NIFTY|OPTION_MOMENTUM_CALL|ON|2026-08-05 14:13"",""threshold"":1.5,""value"":3.75,""since_minute_bucket_ist"":"""",""last_updated_ist"":""2026-08-05 14:13:00""}"
2026-08-05 00:00:00,2026-08-05 14:13:00,299,NIFTY,OPTION_MOMENTUM_PUT,OFF,MED,-6.2,ATM PUT momentum (ltp up + vol up),"{""dedupe_key"":""NIFTY|OPTION_MOMENTUM_PUT|OFF|2026-08-05 14:13"",""threshold"":1.5,""value"":-6.2,""since_minute_bucket_ist"":""2026-08-05 14:12"",""last_updated_ist"":""2026-08-05 14:13:00""}"
2026-08-05 00:00:00,2026-08-05 14:14:00,300,NIFTY,EXP_RANGE_BREAKOUT_WATCH_DOWN,ON,MED,24514.8,Expected-range watch DOWN,"{""dedupe_key"":""NIFTY|EXP_RANGE_BREAKOUT_WATCH_DOWN|ON|2026-08-05 14:14"",""threshold"":24518.17,""value"":24514.8,""since_minute_bucket_ist"":"""",""last_updated_ist"":""2026-08-05 14:14:00""}"
2026-08-05 00:00:00,2026-08-05 14:14:00,300,NIFTY,OPTION_MOMENTUM_CALL,OFF,MED,-6.6,ATM CALL momentum (ltp up + vol up),"{""dedupe_key"":""NIFTY|OPTION_MOMENTUM_CALL|OFF|2026-08-05 14:14"",""threshold"":1.5,""value"":-6.6,""since_minute_bucket_ist"":""2026-08-05 14:13"",""last_updated_ist"":""2026-08-05 14:14:00""}"
2026-08-05 00:00:00,2026-08-05 14:14:00,300,NIFTY,OPTION_MOMENTUM_PUT,ON,MED,6.5,ATM PUT momentum (ltp up + vol up),"{""dedupe_key"":""NIFTY|OPTION_MOMENTUM_PUT|ON|2026-08-05 14:14"",""threshold"":1.5,""value"":6.5,""since_minute_bucket_ist"":"""",""last_updated_ist"":""2026-08-05 14:14:00""}"
2026-08-05 00:00:00,2026-08-05 14:14:00,300,NIFTY,WALL_UNWIND_CONFIRM_UP,ON,MED,-0.0106,Call wall OI unwinding (5m),"{""dedupe_key"":""NIFTY|WALL_UNWIND_CONFIRM_UP|ON|2026-08-05 14:14"",""threshold"":-0.006,""value"":-0.0106,""since_minute_bucket_ist"":"""",""last_updated_ist"":""2026-08-05 14:14:00""}"
2026-08-05 00:00:00,2026-08-05 14:15:00,301,NIFTY,FLOW_BULLISH_BUILD,ON,HIGH,0.0043,Bullish build (premium-confirmed writing / support),"{""dedupe_key"":""NIFTY|FLOW_BULLISH_BUILD|ON|2026-08-05 14:15"",""threshold"":0.005,""value"":0.0043,""since_minute_bucket_ist"":"""",""last_updated_ist"":""2026-08-05 14:15:00""}"
2026-08-05 00:00:00,2026-08-05 14:15:00,301,NIFTY,REGIME_RANGE_PIN,OFF,LOW,0.0003,Range / pin (inside local walls),"{""dedupe_key"":""NIFTY|REGIME_RANGE_PIN|OFF|2026-08-05 14:15"",""threshold"":0.001,""value"":0.0003,""since_minute_bucket_ist"":""2026-08-05 14:13"",""last_updated_ist"":""2026-08-05 14:15:00""}"
2026-08-05 00:00:00,2026-08-05 14:15:00,301,NIFTY,REGIME_TRANSITION_UNCERTAIN,ON,LOW,1899-12-31 00:00:00,Transition/uncertain regime,"{""dedupe_key"":""NIFTY|REGIME_TRANSITION_UNCERTAIN|ON|2026-08-05 14:15"",""threshold"":1,""value"":1,""since_minute_bucket_ist"":"""",""last_updated_ist"":""2026-08-05 14:15:00""}"
2026-08-05 00:00:00,2026-08-05 14:15:00,301,NIFTY,EXP_RANGE_BREAKOUT_CONFIRMED_DOWN,ON,HIGH,2,Expected-range breakout CONFIRMED DOWN,"{""dedupe_key"":""NIFTY|EXP_RANGE_BREAKOUT_CONFIRMED_DOWN|ON|2026-08-05 14:15"",""threshold"":2,""value"":2,""since_minute_bucket_ist"":"""",""last_updated_ist"":""2026-08-05 14:15:00""}"
2026-08-05 00:00:00,2026-08-05 14:15:00,301,NIFTY,OPTION_MOMENTUM_PUT,OFF,MED,-1.55,ATM PUT momentum (ltp up + vol up),"{""dedupe_key"":""NIFTY|OPTION_MOMENTUM_PUT|OFF|2026-08-05 14:15"",""threshold"":1.5,""value"":-1.55,""since_minute_bucket_ist"":""2026-08-05 14:14"",""last_updated_ist"":""2026-08-05 14:15:00""}"
2026-08-05 00:00:00,2026-08-05 14:16:00,302,NIFTY,FLOW_BULLISH_BUILD,OFF,HIGH,0.0018,Bullish build (premium-confirmed writing / support),"{""dedupe_key"":""NIFTY|FLOW_BULLISH_BUILD|OFF|2026-08-05 14:16"",""threshold"":0.005,""value"":0.0018,""since_minute_bucket_ist"":""2026-08-05 14:15"",""last_updated_ist"":""2026-08-05 14:16:00""}"
2026-08-05 00:00:00,2026-08-05 14:16:00,302,NIFTY,OPTION_MOMENTUM_PUT,ON,MED,4.7,ATM PUT momentum (ltp up + vol up),"{""dedupe_key"":""NIFTY|OPTION_MOMENTUM_PUT|ON|2026-08-05 14:16"",""threshold"":1.5,""value"":4.7,""since_minute_bucket_ist"":"""",""last_updated_ist"":""2026-08-05 14:16:00""}"
2026-08-05 00:00:00,2026-08-05 14:17:00,303,NIFTY,FLOW_BEARISH_BUILD,ON,HIGH,0.0025,Bearish build (premium-confirmed writing / resistance),"{""dedupe_key"":""NIFTY|FLOW_BEARISH_BUILD|ON|2026-08-05 14:17"",""threshold"":0.005,""value"":0.0025,""since_minute_bucket_ist"":"""",""last_updated_ist"":""2026-08-05 14:17:00""}"
2026-08-05 00:00:00,2026-08-05 14:17:00,303,NIFTY,PIN_BREAKOUT_SETUP,ON,MED,-8.099999999998545,Pin breakout setup (wall touch + aligned flow),"{""dedupe_key"":""NIFTY|PIN_BREAKOUT_SETUP|ON|2026-08-05 14:17"",""threshold"":0,""value"":-8.099999999998545,""since_minute_bucket_ist"":"""",""last_updated_ist"":""2026-08-05 14:17:00""}"
2026-08-05 00:00:00,2026-08-05 14:17:00,303,NIFTY,VOL_EXPANSION,ON,MED,0.0059,Volatility expanding (straddle up),"{""dedupe_key"":""NIFTY|VOL_EXPANSION|ON|2026-08-05 14:17"",""threshold"":0.02,""value"":0.0059,""since_minute_bucket_ist"":"""",""last_updated_ist"":""2026-08-05 14:17:00""}"
2026-08-05 00:00:00,2026-08-05 14:17:00,303,NIFTY,WALL_UNWIND_CONFIRM_UP,OFF,MED,-0.0014,Call wall OI unwinding (5m),"{""dedupe_key"":""NIFTY|WALL_UNWIND_CONFIRM_UP|OFF|2026-08-05 14:17"",""threshold"":-0.006,""value"":-0.0014,""since_minute_bucket_ist"":""2026-08-05 14:14"",""last_updated_ist"":""2026-08-05 14:17:00""}"
2026-08-05 00:00:00,2026-08-05 14:17:00,303,NIFTY,CHURN_COMMITTED,ON,MED,-0.0003,Price move + aligned flow (committed),"{""dedupe_key"":""NIFTY|CHURN_COMMITTED|ON|2026-08-05 14:17"",""threshold"":0.0001,""value"":-0.0003,""since_minute_bucket_ist"":"""",""last_updated_ist"":""2026-08-05 14:17:00""}"
2026-08-05 00:00:00,2026-08-05 14:17:00,303,NIFTY,WALL_PRESSURE_BREAK_SETUP,ON,MED,-8.099999999998545,Pressure building into a wall (break setup),"{""dedupe_key"":""NIFTY|WALL_PRESSURE_BREAK_SETUP|ON|2026-08-05 14:17"",""threshold"":0,""value"":-8.099999999998545,""since_minute_bucket_ist"":"""",""last_updated_ist"":""2026-08-05 14:17:00""}"
2026-08-05 00:00:00,2026-08-05 14:18:00,304,NIFTY,TRADE_LIMIT_REACHED,ON,MED,15,Cooldown active (2m),"{""dedupe_key"":""NIFTY|TRADE_LIMIT_REACHED|ON|2026-08-05 14:18"",""threshold"":500,""value"":15,""since_minute_bucket_ist"":"""",""last_updated_ist"":""2026-08-05 14:18:00""}"
2026-08-05 00:00:00,2026-08-05 14:18:00,304,NIFTY,FLOW_BEARISH_BUILD,OFF,HIGH,-0.0026,Bearish build (premium-confirmed writing / resistance),"{""dedupe_key"":""NIFTY|FLOW_BEARISH_BUILD|OFF|2026-08-05 14:18"",""threshold"":0.005,""value"":-0.0026,""since_minute_bucket_ist"":""2026-08-05 14:17"",""last_updated_ist"":""2026-08-05 14:18:00""}"
2026-08-05 00:00:00,2026-08-05 14:18:00,304,NIFTY,PIN_BREAKOUT_SETUP,OFF,MED,-1.7999999999992724,Pin breakout setup (wall touch + aligned flow),"{""dedupe_key"":""NIFTY|PIN_BREAKOUT_SETUP|OFF|2026-08-05 14:18"",""threshold"":0,""value"":-1.7999999999992724,""since_minute_bucket_ist"":""2026-08-05 14:17"",""last_updated_ist"":""2026-08-05 14:18:00""}"
2026-08-05 00:00:00,2026-08-05 14:18:00,304,NIFTY,OPTION_MOMENTUM_PUT,OFF,MED,0.8,ATM PUT momentum (ltp up + vol up),"{""dedupe_key"":""NIFTY|OPTION_MOMENTUM_PUT|OFF|2026-08-05 14:18"",""threshold"":1.5,""value"":0.8,""since_minute_bucket_ist"":""2026-08-05 14:16"",""last_updated_ist"":""2026-08-05 14:18:00""}"
2026-08-05 00:00:00,2026-08-05 14:18:00,304,NIFTY,CHURN_COMMITTED,OFF,MED,-0.0001,Price move + aligned flow (committed),"{""dedupe_key"":""NIFTY|CHURN_COMMITTED|OFF|2026-08-05 14:18"",""threshold"":0.0001,""value"":-0.0001,""since_minute_bucket_ist"":""2026-08-05 14:17"",""last_updated_ist"":""2026-08-05 14:18:00""}"
2026-08-05 00:00:00,2026-08-05 14:18:00,304,NIFTY,WALL_PRESSURE_BREAK_SETUP,OFF,MED,-1.7999999999992724,Pressure building into a wall (break setup),"{""dedupe_key"":""NIFTY|WALL_PRESSURE_BREAK_SETUP|OFF|2026-08-05 14:18"",""threshold"":0,""value"":-1.7999999999992724,""since_minute_bucket_ist"":""2026-08-05 14:17"",""last_updated_ist"":""2026-08-05 14:18:00""}"
2026-08-05 00:00:00,2026-08-05 14:19:00,305,NIFTY,TRADE_LIMIT_REACHED,OFF,MED,15,Cooldown active (2m),"{""dedupe_key"":""NIFTY|TRADE_LIMIT_REACHED|OFF|2026-08-05 14:19"",""threshold"":500,""value"":15,""since_minute_bucket_ist"":""2026-08-05 14:18"",""last_updated_ist"":""2026-08-05 14:19:00""}"
2026-08-05 00:00:00,2026-08-05 14:20:00,306,NIFTY,REGIME_RANGE_PIN,ON,LOW,0.0002,Range / pin (inside local walls),"{""dedupe_key"":""NIFTY|REGIME_RANGE_PIN|ON|2026-08-05 14:20"",""threshold"":0.001,""value"":0.0002,""since_minute_bucket_ist"":"""",""last_updated_ist"":""2026-08-05 14:20:00""}"
2026-08-05 00:00:00,2026-08-05 14:20:00,306,NIFTY,REGIME_TRANSITION_UNCERTAIN,OFF,LOW,1,Transition/uncertain regime,"{""dedupe_key"":""NIFTY|REGIME_TRANSITION_UNCERTAIN|OFF|2026-08-05 14:20"",""threshold"":1,""value"":1,""since_minute_bucket_ist"":""2026-08-05 14:15"",""last_updated_ist"":""2026-08-05 14:20:00""}"
2026-08-05 00:00:00,2026-08-05 14:20:00,306,NIFTY,EXP_RANGE_BREAKOUT_WATCH_DOWN,OFF,MED,24506.95,Expected-range watch DOWN,"{""dedupe_key"":""NIFTY|EXP_RANGE_BREAKOUT_WATCH_DOWN|OFF|2026-08-05 14:20"",""threshold"":24499.9,""value"":24506.95,""since_minute_bucket_ist"":""2026-08-05 14:14"",""last_updated_ist"":""2026-08-05 14:20:00""}"
2026-08-05 00:00:00,2026-08-05 14:20:00,306,NIFTY,EXP_RANGE_BREAKOUT_CONFIRMED_DOWN,OFF,HIGH,0,Expected-range breakout CONFIRMED DOWN,"{""dedupe_key"":""NIFTY|EXP_RANGE_BREAKOUT_CONFIRMED_DOWN|OFF|2026-08-05 14:20"",""threshold"":2,""value"":0,""since_minute_bucket_ist"":""2026-08-05 14:15"",""last_updated_ist"":""2026-08-05 14:20:00""}"
2026-08-05 00:00:00,2026-08-05 14:20:00,306,NIFTY,VOL_EXPANSION,OFF,MED,0.0058,Volatility expanding (straddle up),"{""dedupe_key"":""NIFTY|VOL_EXPANSION|OFF|2026-08-05 14:20"",""threshold"":0.02,""value"":0.0058,""since_minute_bucket_ist"":""2026-08-05 14:17"",""last_updated_ist"":""2026-08-05 14:20:00""}"
2026-08-05 00:00:00,2026-08-05 14:20:00,306,NIFTY,OPTION_MOMENTUM_CALL,ON,MED,6.75,ATM CALL momentum (ltp up + vol up),"{""dedupe_key"":""NIFTY|OPTION_MOMENTUM_CALL|ON|2026-08-05 14:20"",""threshold"":1.5,""value"":6.75,""since_minute_bucket_ist"":"""",""last_updated_ist"":""2026-08-05 14:20:00""}"
2026-08-05 00:00:00,2026-08-05 14:20:00,306,NIFTY,WALL_UNWIND_CONFIRM_DOWN,ON,MED,1899-12-29 23:13:29,Put wall OI unwinding (5m),"{""dedupe_key"":""NIFTY|WALL_UNWIND_CONFIRM_DOWN|ON|2026-08-05 14:20"",""threshold"":-0.006,""value"":-0.0323,""since_minute_bucket_ist"":"""",""last_updated_ist"":""2026-08-05 14:20:00""}"
2026-08-05 00:00:00,2026-08-05 14:21:00,307,NIFTY,OPTION_MOMENTUM_CALL,OFF,MED,-0.2,ATM CALL momentum (ltp up + vol up),"{""dedupe_key"":""NIFTY|OPTION_MOMENTUM_CALL|OFF|2026-08-05 14:21"",""threshold"":1.5,""value"":-0.2,""since_minute_bucket_ist"":""2026-08-05 14:20"",""last_updated_ist"":""2026-08-05 14:21:00""}"
2026-08-05 00:00:00,2026-08-05 14:22:00,308,NIFTY,REGIME_RANGE_PIN,OFF,LOW,0.0002,Range / pin (inside local walls),"{""dedupe_key"":""NIFTY|REGIME_RANGE_PIN|OFF|2026-08-05 14:22"",""threshold"":0.001,""value"":0.0002,""since_minute_bucket_ist"":""2026-08-05 14:20"",""last_updated_ist"":""2026-08-05 14:22:00""}"
2026-08-05 00:00:00,2026-08-05 14:22:00,308,NIFTY,REGIME_TRANSITION_UNCERTAIN,ON,LOW,1,Transition/uncertain regime,"{""dedupe_key"":""NIFTY|REGIME_TRANSITION_UNCERTAIN|ON|2026-08-05 14:22"",""threshold"":1,""value"":1,""since_minute_bucket_ist"":"""",""last_updated_ist"":""2026-08-05 14:22:00""}"
2026-08-05 00:00:00,2026-08-05 14:22:00,308,NIFTY,WALL_UNWIND_CONFIRM_DOWN,OFF,MED,-0.0025,Put wall OI unwinding (5m),"{""dedupe_key"":""NIFTY|WALL_UNWIND_CONFIRM_DOWN|OFF|2026-08-05 14:22"",""threshold"":-0.006,""value"":-0.0025,""since_minute_bucket_ist"":""2026-08-05 14:20"",""last_updated_ist"":""2026-08-05 14:22:00""}"
2026-08-05 00:00:00,2026-08-05 14:23:00,309,NIFTY,REGIME_RANGE_PIN,ON,LOW,0.0002,Range / pin (inside local walls),"{""dedupe_key"":""NIFTY|REGIME_RANGE_PIN|ON|2026-08-05 14:23"",""threshold"":0.001,""value"":0.0002,""since_minute_bucket_ist"":"""",""last_updated_ist"":""2026-08-05 14:23:00""}"
2026-08-05 00:00:00,2026-08-05 14:23:00,309,NIFTY,REGIME_TRANSITION_UNCERTAIN,OFF,LOW,1,Transition/uncertain regime,"{""dedupe_key"":""NIFTY|REGIME_TRANSITION_UNCERTAIN|OFF|2026-08-05 14:23"",""threshold"":1,""value"":1,""since_minute_bucket_ist"":""2026-08-05 14:22"",""last_updated_ist"":""2026-08-05 14:23:00""}"
2026-08-05 00:00:00,2026-08-05 14:24:00,310,NIFTY,FLOW_BEARISH_BUILD,ON,HIGH,0.0029,Bearish build (premium-confirmed writing / resistance),"{""dedupe_key"":""NIFTY|FLOW_BEARISH_BUILD|ON|2026-08-05 14:24"",""threshold"":0.005,""value"":0.0029,""since_minute_bucket_ist"":"""",""last_updated_ist"":""2026-08-05 14:24:00""}"
2026-08-05 00:00:00,2026-08-05 14:24:00,310,NIFTY,PIN_BREAKOUT_SETUP,ON,MED,-6.149999999997817,Pin breakout setup (wall touch + aligned flow),"{""dedupe_key"":""NIFTY|PIN_BREAKOUT_SETUP|ON|2026-08-05 14:24"",""threshold"":0,""value"":-6.149999999997817,""since_minute_bucket_ist"":"""",""last_updated_ist"":""2026-08-05 14:24:00""}"
2026-08-05 00:00:00,2026-08-05 14:24:00,310,NIFTY,VOL_EXPANSION,ON,MED,0.0067,Volatility expanding (straddle up),"{""dedupe_key"":""NIFTY|VOL_EXPANSION|ON|2026-08-05 14:24"",""threshold"":0.02,""value"":0.0067,""since_minute_bucket_ist"":"""",""last_updated_ist"":""2026-08-05 14:24:00""}"
2026-08-05 00:00:00,2026-08-05 14:24:00,310,NIFTY,OPTION_MOMENTUM_PUT,ON,MED,5.05,ATM PUT momentum (ltp up + vol up),"{""dedupe_key"":""NIFTY|OPTION_MOMENTUM_PUT|ON|2026-08-05 14:24"",""threshold"":1.5,""value"":5.05,""since_minute_bucket_ist"":"""",""last_updated_ist"":""2026-08-05 14:24:00""}"
2026-08-05 00:00:00,2026-08-05 14:24:00,310,NIFTY,CHURN_COMMITTED,ON,MED,-0.0003,Price move + aligned flow (committed),"{""dedupe_key"":""NIFTY|CHURN_COMMITTED|ON|2026-08-05 14:24"",""threshold"":0.0001,""value"":-0.0003,""since_minute_bucket_ist"":"""",""last_updated_ist"":""2026-08-05 14:24:00""}"
2026-08-05 00:00:00,2026-08-05 14:24:00,310,NIFTY,WALL_PRESSURE_BREAK_SETUP,ON,MED,-6.149999999997817,Pressure building into a wall (break setup),"{""dedupe_key"":""NIFTY|WALL_PRESSURE_BREAK_SETUP|ON|2026-08-05 14:24"",""threshold"":0,""value"":-6.149999999997817,""since_minute_bucket_ist"":"""",""last_updated_ist"":""2026-08-05 14:24:00""}"
2026-08-05 00:00:00,2026-08-05 14:25:00,311,NIFTY,TRADE_LIMIT_REACHED,ON,MED,16,Cooldown active (2m),"{""dedupe_key"":""NIFTY|TRADE_LIMIT_REACHED|ON|2026-08-05 14:25"",""threshold"":500,""value"":16,""since_minute_bucket_ist"":"""",""last_updated_ist"":""2026-08-05 14:25:00""}"
2026-08-05 00:00:00,2026-08-05 14:25:00,311,NIFTY,FLOW_BEARISH_BUILD,OFF,HIGH,0.0012,Bearish build (premium-confirmed writing / resistance),"{""dedupe_key"":""NIFTY|FLOW_BEARISH_BUILD|OFF|2026-08-05 14:25"",""threshold"":0.005,""value"":0.0012,""since_minute_bucket_ist"":""2026-08-05 14:24"",""last_updated_ist"":""2026-08-05 14:25:00""}"
2026-08-05 00:00:00,2026-08-05 14:25:00,311,NIFTY,PIN_BREAKOUT_SETUP,OFF,MED,-1.7999999999992724,Pin breakout setup (wall touch + aligned flow),"{""dedupe_key"":""NIFTY|PIN_BREAKOUT_SETUP|OFF|2026-08-05 14:25"",""threshold"":0,""value"":-1.7999999999992724,""since_minute_bucket_ist"":""2026-08-05 14:24"",""last_updated_ist"":""2026-08-05 14:25:00""}"
2026-08-05 00:00:00,2026-08-05 14:25:00,311,NIFTY,CHURN_COMMITTED,OFF,MED,-0.0001,Price move + aligned flow (committed),"{""dedupe_key"":""NIFTY|CHURN_COMMITTED|OFF|2026-08-05 14:25"",""threshold"":0.0001,""value"":-0.0001,""since_minute_bucket_ist"":""2026-08-05 14:24"",""last_updated_ist"":""2026-08-05 14:25:00""}"
2026-08-05 00:00:00,2026-08-05 14:25:00,311,NIFTY,WALL_PRESSURE_BREAK_SETUP,OFF,MED,-1.7999999999992724,Pressure building into a wall (break setup),"{""dedupe_key"":""NIFTY|WALL_PRESSURE_BREAK_SETUP|OFF|2026-08-05 14:25"",""threshold"":0,""value"":-1.7999999999992724,""since_minute_bucket_ist"":""2026-08-05 14:24"",""last_updated_ist"":""2026-08-05 14:25:00""}"
2026-08-05 00:00:00,2026-08-05 14:26:00,312,NIFTY,OPTION_MOMENTUM_PUT,OFF,MED,0,ATM PUT momentum (ltp up + vol up),"{""dedupe_key"":""NIFTY|OPTION_MOMENTUM_PUT|OFF|2026-08-05 14:26"",""threshold"":1.5,""value"":0,""since_minute_bucket_ist"":""2026-08-05 14:24"",""last_updated_ist"":""2026-08-05 14:26:00""}"
2026-08-05 00:00:00,2026-08-05 14:27:00,313,NIFTY,TRADE_LIMIT_REACHED,OFF,MED,16,Cooldown active (2m),"{""dedupe_key"":""NIFTY|TRADE_LIMIT_REACHED|OFF|2026-08-05 14:27"",""threshold"":500,""value"":16,""since_minute_bucket_ist"":""2026-08-05 14:25"",""last_updated_ist"":""2026-08-05 14:27:00""}"
2026-08-05 00:00:00,2026-08-05 14:27:00,313,NIFTY,VOL_EXPANSION,OFF,MED,0.0091,Volatility expanding (straddle up),"{""dedupe_key"":""NIFTY|VOL_EXPANSION|OFF|2026-08-05 14:27"",""threshold"":0.02,""value"":0.0091,""since_minute_bucket_ist"":""2026-08-05 14:24"",""last_updated_ist"":""2026-08-05 14:27:00""}"
2026-08-05 00:00:00,2026-08-05 14:27:00,313,NIFTY,OPTION_MOMENTUM_CALL,ON,MED,2.2,ATM CALL momentum (ltp up + vol up),"{""dedupe_key"":""NIFTY|OPTION_MOMENTUM_CALL|ON|2026-08-05 14:27"",""threshold"":1.5,""value"":2.2,""since_minute_bucket_ist"":"""",""last_updated_ist"":""2026-08-05 14:27:00""}"
2026-08-05 00:00:00,2026-08-05 14:28:00,314,NIFTY,OPTION_MOMENTUM_CALL,OFF,MED,-0.4,ATM CALL momentum (ltp up + vol up),"{""dedupe_key"":""NIFTY|OPTION_MOMENTUM_CALL|OFF|2026-08-05 14:28"",""threshold"":1.5,""value"":-0.4,""since_minute_bucket_ist"":""2026-08-05 14:27"",""last_updated_ist"":""2026-08-05 14:28:00""}"
2026-08-05 00:00:00,2026-08-05 14:28:00,314,NIFTY,WALL_UNWIND_CONFIRM_UP,ON,MED,-0.0069,Call wall OI unwinding (5m),"{""dedupe_key"":""NIFTY|WALL_UNWIND_CONFIRM_UP|ON|2026-08-05 14:28"",""threshold"":-0.006,""value"":-0.0069,""since_minute_bucket_ist"":"""",""last_updated_ist"":""2026-08-05 14:28:00""}"
2026-08-05 00:00:00,2026-08-05 14:28:00,314,NIFTY,WALL_UNWIND_CONFIRM_DOWN,ON,MED,-0.008,Put wall OI unwinding (5m),"{""dedupe_key"":""NIFTY|WALL_UNWIND_CONFIRM_DOWN|ON|2026-08-05 14:28"",""threshold"":-0.006,""value"":-0.008,""since_minute_bucket_ist"":"""",""last_updated_ist"":""2026-08-05 14:28:00""}"
2026-08-05 00:00:00,2026-08-05 14:29:00,315,NIFTY,WALL_UNWIND_CONFIRM_DOWN,OFF,MED,0.0034,Put wall OI unwinding (5m),"{""dedupe_key"":""NIFTY|WALL_UNWIND_CONFIRM_DOWN|OFF|2026-08-05 14:29"",""threshold"":-0.006,""value"":0.0034,""since_minute_bucket_ist"":""2026-08-05 14:28"",""last_updated_ist"":""2026-08-05 14:29:00""}"
2026-08-05 00:00:00,2026-08-05 14:30:00,316,NIFTY,FLOW_BULLISH_BUILD,ON,HIGH,0.0039,Bullish build (premium-confirmed writing / support),"{""dedupe_key"":""NIFTY|FLOW_BULLISH_BUILD|ON|2026-08-05 14:30"",""threshold"":0.005,""value"":0.0039,""since_minute_bucket_ist"":"""",""last_updated_ist"":""2026-08-05 14:30:00""}"
2026-08-05 00:00:00,2026-08-05 14:30:00,316,NIFTY,OPTION_MOMENTUM_CALL,ON,MED,1.85,ATM CALL momentum (ltp up + vol up),"{""dedupe_key"":""NIFTY|OPTION_MOMENTUM_CALL|ON|2026-08-05 14:30"",""threshold"":1.5,""value"":1.85,""since_minute_bucket_ist"":"""",""last_updated_ist"":""2026-08-05 14:30:00""}"
2026-08-05 00:00:00,2026-08-05 14:30:00,316,NIFTY,CHURN_COMMITTED,ON,MED,0.0001,Price move + aligned flow (committed),"{""dedupe_key"":""NIFTY|CHURN_COMMITTED|ON|2026-08-05 14:30"",""threshold"":0.0001,""value"":0.0001,""since_minute_bucket_ist"":"""",""last_updated_ist"":""2026-08-05 14:30:00""}"
2026-08-05 00:00:00,2026-08-05 14:31:00,317,NIFTY,FLOW_BULLISH_BUILD,OFF,HIGH,-0.0001,Bullish build (premium-confirmed writing / support),"{""dedupe_key"":""NIFTY|FLOW_BULLISH_BUILD|OFF|2026-08-05 14:31"",""threshold"":0.005,""value"":-0.0001,""since_minute_bucket_ist"":""2026-08-05 14:30"",""last_updated_ist"":""2026-08-05 14:31:00""}"
2026-08-05 00:00:00,2026-08-05 14:31:00,317,NIFTY,OPTION_MOMENTUM_CALL,OFF,MED,0.9,ATM CALL momentum (ltp up + vol up),"{""dedupe_key"":""NIFTY|OPTION_MOMENTUM_CALL|OFF|2026-08-05 14:31"",""threshold"":1.5,""value"":0.9,""since_minute_bucket_ist"":""2026-08-05 14:30"",""last_updated_ist"":""2026-08-05 14:31:00""}"
2026-08-05 00:00:00,2026-08-05 14:31:00,317,NIFTY,CHURN_COMMITTED,OFF,MED,0.0001,Price move + aligned flow (committed),"{""dedupe_key"":""NIFTY|CHURN_COMMITTED|OFF|2026-08-05 14:31"",""threshold"":0.0001,""value"":0.0001,""since_minute_bucket_ist"":""2026-08-05 14:30"",""last_updated_ist"":""2026-08-05 14:31:00""}"
2026-08-05 00:00:00,2026-08-05 14:32:00,318,NIFTY,FLOW_BEARISH_BUILD,ON,HIGH,0.0001,Bearish build (premium-confirmed writing / resistance),"{""dedupe_key"":""NIFTY|FLOW_BEARISH_BUILD|ON|2026-08-05 14:32"",""threshold"":0.005,""value"":0.0001,""since_minute_bucket_ist"":"""",""last_updated_ist"":""2026-08-05 14:32:00""}"
2026-08-05 00:00:00,2026-08-05 14:32:00,318,NIFTY,PIN_BREAKOUT_SETUP,ON,MED,-2.399999999997817,Pin breakout setup (wall touch + aligned flow),"{""dedupe_key"":""NIFTY|PIN_BREAKOUT_SETUP|ON|2026-08-05 14:32"",""threshold"":0,""value"":-2.399999999997817,""since_minute_bucket_ist"":"""",""last_updated_ist"":""2026-08-05 14:32:00""}"
2026-08-05 00:00:00,2026-08-05 14:32:00,318,NIFTY,VOL_EXPANSION,ON,MED,0.0044,Volatility expanding (straddle up),"{""dedupe_key"":""NIFTY|VOL_EXPANSION|ON|2026-08-05 14:32"",""threshold"":0.02,""value"":0.0044,""since_minute_bucket_ist"":"""",""last_updated_ist"":""2026-08-05 14:32:00""}"
2026-08-05 00:00:00,2026-08-05 14:32:00,318,NIFTY,OPTION_MOMENTUM_PUT,ON,MED,3.25,ATM PUT momentum (ltp up + vol up),"{""dedupe_key"":""NIFTY|OPTION_MOMENTUM_PUT|ON|2026-08-05 14:32"",""threshold"":1.5,""value"":3.25,""since_minute_bucket_ist"":"""",""last_updated_ist"":""2026-08-05 14:32:00""}"
2026-08-05 00:00:00,2026-08-05 14:32:00,318,NIFTY,WALL_PRESSURE_BREAK_SETUP,ON,MED,-2.399999999997817,Pressure building into a wall (break setup),"{""dedupe_key"":""NIFTY|WALL_PRESSURE_BREAK_SETUP|ON|2026-08-05 14:32"",""threshold"":0,""value"":-2.399999999997817,""since_minute_bucket_ist"":"""",""last_updated_ist"":""2026-08-05 14:32:00""}"
2026-08-05 00:00:00,2026-08-05 14:33:00,319,NIFTY,TRADE_LIMIT_REACHED,ON,MED,17,Cooldown active (2m),"{""dedupe_key"":""NIFTY|TRADE_LIMIT_REACHED|ON|2026-08-05 14:33"",""threshold"":500,""value"":17,""since_minute_bucket_ist"":"""",""last_updated_ist"":""2026-08-05 14:33:00""}"
2026-08-05 00:00:00,2026-08-05 14:33:00,319,NIFTY,FLOW_BEARISH_BUILD,OFF,HIGH,-0.0001,Bearish build (premium-confirmed writing / resistance),"{""dedupe_key"":""NIFTY|FLOW_BEARISH_BUILD|OFF|2026-08-05 14:33"",""threshold"":0.005,""value"":-0.0001,""since_minute_bucket_ist"":""2026-08-05 14:32"",""last_updated_ist"":""2026-08-05 14:33:00""}"
2026-08-05 00:00:00,2026-08-05 14:33:00,319,NIFTY,PIN_BREAKOUT_SETUP,OFF,MED,1.3999999999978172,Pin breakout setup (wall touch + aligned flow),"{""dedupe_key"":""NIFTY|PIN_BREAKOUT_SETUP|OFF|2026-08-05 14:33"",""threshold"":0,""value"":1.3999999999978172,""since_minute_bucket_ist"":""2026-08-05 14:32"",""last_updated_ist"":""2026-08-05 14:33:00""}"
2026-08-05 00:00:00,2026-08-05 14:33:00,319,NIFTY,VOL_EXPANSION,OFF,MED,0.0027,Volatility expanding (straddle up),"{""dedupe_key"":""NIFTY|VOL_EXPANSION|OFF|2026-08-05 14:33"",""threshold"":0.02,""value"":0.0027,""since_minute_bucket_ist"":""2026-08-05 14:32"",""last_updated_ist"":""2026-08-05 14:33:00""}"
2026-08-05 00:00:00,2026-08-05 14:33:00,319,NIFTY,OPTION_MOMENTUM_PUT,OFF,MED,-2.4,ATM PUT momentum (ltp up + vol up),"{""dedupe_key"":""NIFTY|OPTION_MOMENTUM_PUT|OFF|2026-08-05 14:33"",""threshold"":1.5,""value"":-2.4,""since_minute_bucket_ist"":""2026-08-05 14:32"",""last_updated_ist"":""2026-08-05 14:33:00""}"
2026-08-05 00:00:00,2026-08-05 14:33:00,319,NIFTY,WALL_UNWIND_CONFIRM_UP,OFF,MED,-0.0016,Call wall OI unwinding (5m),"{""dedupe_key"":""NIFTY|WALL_UNWIND_CONFIRM_UP|OFF|2026-08-05 14:33"",""threshold"":-0.006,""value"":-0.0016,""since_minute_bucket_ist"":""2026-08-05 14:28"",""last_updated_ist"":""2026-08-05 14:33:00""}"
2026-08-05 00:00:00,2026-08-05 14:33:00,319,NIFTY,WALL_PRESSURE_BREAK_SETUP,OFF,MED,1.3999999999978172,Pressure building into a wall (break setup),"{""dedupe_key"":""NIFTY|WALL_PRESSURE_BREAK_SETUP|OFF|2026-08-05 14:33"",""threshold"":0,""value"":1.3999999999978172,""since_minute_bucket_ist"":""2026-08-05 14:32"",""last_updated_ist"":""2026-08-05 14:33:00""}"
2026-08-05 00:00:00,2026-08-05 14:34:00,320,NIFTY,TRADE_LIMIT_REACHED,OFF,MED,17,Cooldown active (2m),"{""dedupe_key"":""NIFTY|TRADE_LIMIT_REACHED|OFF|2026-08-05 14:34"",""threshold"":500,""value"":17,""since_minute_bucket_ist"":""2026-08-05 14:33"",""last_updated_ist"":""2026-08-05 14:34:00""}"
2026-08-05 00:00:00,2026-08-05 14:34:00,320,NIFTY,FLOW_BULLISH_BUILD,ON,HIGH,0.0026,Bullish build (premium-confirmed writing / support),"{""dedupe_key"":""NIFTY|FLOW_BULLISH_BUILD|ON|2026-08-05 14:34"",""threshold"":0.005,""value"":0.0026,""since_minute_bucket_ist"":"""",""last_updated_ist"":""2026-08-05 14:34:00""}"
2026-08-05 00:00:00,2026-08-05 14:35:00,321,NIFTY,VOL_CONTRACTION,ON,LOW,-0.0014,Volatility contracting (straddle down),"{""dedupe_key"":""NIFTY|VOL_CONTRACTION|ON|2026-08-05 14:35"",""threshold"":-0.03,""value"":-0.0014,""since_minute_bucket_ist"":"""",""last_updated_ist"":""2026-08-05 14:35:00""}"
2026-08-05 00:00:00,2026-08-05 14:35:00,321,NIFTY,WALL_UNWIND_CONFIRM_UP,ON,MED,-0.0083,Call wall OI unwinding (5m),"{""dedupe_key"":""NIFTY|WALL_UNWIND_CONFIRM_UP|ON|2026-08-05 14:35"",""threshold"":-0.006,""value"":-0.0083,""since_minute_bucket_ist"":"""",""last_updated_ist"":""2026-08-05 14:35:00""}"
2026-08-05 00:00:00,2026-08-05 14:36:00,322,NIFTY,FLOW_BULLISH_BUILD,OFF,HIGH,0.0003,Bullish build (premium-confirmed writing / support),"{""dedupe_key"":""NIFTY|FLOW_BULLISH_BUILD|OFF|2026-08-05 14:36"",""threshold"":0.005,""value"":0.0003,""since_minute_bucket_ist"":""2026-08-05 14:34"",""last_updated_ist"":""2026-08-05 14:36:00""}"
2026-08-05 00:00:00,2026-08-05 14:36:00,322,NIFTY,VOL_EXPANSION,ON,MED,-0.0003,Volatility expanding (straddle up),"{""dedupe_key"":""NIFTY|VOL_EXPANSION|ON|2026-08-05 14:36"",""threshold"":0.02,""value"":-0.0003,""since_minute_bucket_ist"":"""",""last_updated_ist"":""2026-08-05 14:36:00""}"
2026-08-05 00:00:00,2026-08-05 14:36:00,322,NIFTY,VOL_CONTRACTION,OFF,LOW,1899-12-29 23:59:34,Volatility contracting (straddle down),"{""dedupe_key"":""NIFTY|VOL_CONTRACTION|OFF|2026-08-05 14:36"",""threshold"":-0.03,""value"":-0.0003,""since_minute_bucket_ist"":""2026-08-05 14:35"",""last_updated_ist"":""2026-08-05 14:36:00""}"
2026-08-05 00:00:00,2026-08-05 14:37:00,323,NIFTY,FLOW_BULLISH_BUILD,ON,HIGH,0.0009,Bullish build (premium-confirmed writing / support),"{""dedupe_key"":""NIFTY|FLOW_BULLISH_BUILD|ON|2026-08-05 14:37"",""threshold"":0.005,""value"":0.0009,""since_minute_bucket_ist"":"""",""last_updated_ist"":""2026-08-05 14:37:00""}"
2026-08-05 00:00:00,2026-08-05 14:37:00,323,NIFTY,EXP_RANGE_BREAKOUT_WATCH_UP,ON,MED,24515.55,Expected-range watch UP,"{""dedupe_key"":""NIFTY|EXP_RANGE_BREAKOUT_WATCH_UP|ON|2026-08-05 14:37"",""threshold"":24511.73,""value"":24515.55,""since_minute_bucket_ist"":"""",""last_updated_ist"":""2026-08-05 14:37:00""}"
2026-08-05 00:00:00,2026-08-05 14:37:00,323,NIFTY,VOL_EXPANSION,OFF,MED,-0.0057,Volatility expanding (straddle up),"{""dedupe_key"":""NIFTY|VOL_EXPANSION|OFF|2026-08-05 14:37"",""threshold"":0.02,""value"":-0.0057,""since_minute_bucket_ist"":""2026-08-05 14:36"",""last_updated_ist"":""2026-08-05 14:37:00""}"
2026-08-05 00:00:00,2026-08-05 14:37:00,323,NIFTY,VOL_CONTRACTION,ON,LOW,-0.0057,Volatility contracting (straddle down),"{""dedupe_key"":""NIFTY|VOL_CONTRACTION|ON|2026-08-05 14:37"",""threshold"":-0.03,""value"":-0.0057,""since_minute_bucket_ist"":"""",""last_updated_ist"":""2026-08-05 14:37:00""}"
2026-08-05 00:00:00,2026-08-05 14:37:00,323,NIFTY,OPTION_MOMENTUM_CALL,ON,MED,7.35,ATM CALL momentum (ltp up + vol up),"{""dedupe_key"":""NIFTY|OPTION_MOMENTUM_CALL|ON|2026-08-05 14:37"",""threshold"":1.5,""value"":7.35,""since_minute_bucket_ist"":"""",""last_updated_ist"":""2026-08-05 14:37:00""}"
2026-08-05 00:00:00,2026-08-05 14:37:00,323,NIFTY,CHURN_COMMITTED,ON,MED,0.0003,Price move + aligned flow (committed),"{""dedupe_key"":""NIFTY|CHURN_COMMITTED|ON|2026-08-05 14:37"",""threshold"":0.0001,""value"":0.0003,""since_minute_bucket_ist"":"""",""last_updated_ist"":""2026-08-05 14:37:00""}"
2026-08-05 00:00:00,2026-08-05 14:38:00,324,NIFTY,FLOW_BULLISH_BUILD,OFF,HIGH,-0.0047,Bullish build (premium-confirmed writing / support),"{""dedupe_key"":""NIFTY|FLOW_BULLISH_BUILD|OFF|2026-08-05 14:38"",""threshold"":0.005,""value"":-0.0047,""since_minute_bucket_ist"":""2026-08-05 14:37"",""last_updated_ist"":""2026-08-05 14:38:00""}"
2026-08-05 00:00:00,2026-08-05 14:38:00,324,NIFTY,FLOW_BEARISH_BUILD,ON,HIGH,0.0001,Bearish build (premium-confirmed writing / resistance),"{""dedupe_key"":""NIFTY|FLOW_BEARISH_BUILD|ON|2026-08-05 14:38"",""threshold"":0.005,""value"":0.0001,""since_minute_bucket_ist"":"""",""last_updated_ist"":""2026-08-05 14:38:00""}"
2026-08-05 00:00:00,2026-08-05 14:38:00,324,NIFTY,PIN_BREAKOUT_SETUP,ON,MED,-0.3999999999978172,Pin breakout setup (wall touch + aligned flow),"{""dedupe_key"":""NIFTY|PIN_BREAKOUT_SETUP|ON|2026-08-05 14:38"",""threshold"":0,""value"":-0.3999999999978172,""since_minute_bucket_ist"":"""",""last_updated_ist"":""2026-08-05 14:38:00""}"
2026-08-05 00:00:00,2026-08-05 14:38:00,324,NIFTY,EXP_RANGE_BREAKOUT_CONFIRMED_UP,ON,HIGH,2,Expected-range breakout CONFIRMED UP,"{""dedupe_key"":""NIFTY|EXP_RANGE_BREAKOUT_CONFIRMED_UP|ON|2026-08-05 14:38"",""threshold"":2,""value"":2,""since_minute_bucket_ist"":"""",""last_updated_ist"":""2026-08-05 14:38:00""}"
2026-08-05 00:00:00,2026-08-05 14:38:00,324,NIFTY,VOL_CONTRACTION,OFF,LOW,-0.0016,Volatility contracting (straddle down),"{""dedupe_key"":""NIFTY|VOL_CONTRACTION|OFF|2026-08-05 14:38"",""threshold"":-0.03,""value"":-0.0016,""since_minute_bucket_ist"":""2026-08-05 14:37"",""last_updated_ist"":""2026-08-05 14:38:00""}"
2026-08-05 00:00:00,2026-08-05 14:38:00,324,NIFTY,OPTION_MOMENTUM_CALL,OFF,MED,-0.4,ATM CALL momentum (ltp up + vol up),"{""dedupe_key"":""NIFTY|OPTION_MOMENTUM_CALL|OFF|2026-08-05 14:38"",""threshold"":1.5,""value"":-0.4,""since_minute_bucket_ist"":""2026-08-05 14:37"",""last_updated_ist"":""2026-08-05 14:38:00""}"
2026-08-05 00:00:00,2026-08-05 14:38:00,324,NIFTY,CHURN_COMMITTED,OFF,MED,0,Price move + aligned flow (committed),"{""dedupe_key"":""NIFTY|CHURN_COMMITTED|OFF|2026-08-05 14:38"",""threshold"":0.0001,""value"":0,""since_minute_bucket_ist"":""2026-08-05 14:37"",""last_updated_ist"":""2026-08-05 14:38:00""}"
2026-08-05 00:00:00,2026-08-05 14:38:00,324,NIFTY,WALL_PRESSURE_BREAK_SETUP,ON,MED,-0.3999999999978172,Pressure building into a wall (break setup),"{""dedupe_key"":""NIFTY|WALL_PRESSURE_BREAK_SETUP|ON|2026-08-05 14:38"",""threshold"":0,""value"":-0.3999999999978172,""since_minute_bucket_ist"":"""",""last_updated_ist"":""2026-08-05 14:38:00""}"
2026-08-05 00:00:00,2026-08-05 14:38:00,324,NIFTY,BULL_TRAP,ON,HIGH,1,Bull trap: failed upside breakout + bearish flow,"{""dedupe_key"":""NIFTY|BULL_TRAP|ON|2026-08-05 14:38"",""threshold"":1,""value"":1,""since_minute_bucket_ist"":"""",""last_updated_ist"":""2026-08-05 14:38:00""}"
2026-08-05 00:00:00,2026-08-05 14:39:00,325,NIFTY,FLOW_BEARISH_BUILD,OFF,HIGH,0.0006,Bearish build (premium-confirmed writing / resistance),"{""dedupe_key"":""NIFTY|FLOW_BEARISH_BUILD|OFF|2026-08-05 14:39"",""threshold"":0.005,""value"":0.0006,""since_minute_bucket_ist"":""2026-08-05 14:38"",""last_updated_ist"":""2026-08-05 14:39:00""}"
2026-08-05 00:00:00,2026-08-05 14:39:00,325,NIFTY,PIN_BREAKOUT_SETUP,OFF,MED,2.0499999999992724,Pin breakout setup (wall touch + aligned flow),"{""dedupe_key"":""NIFTY|PIN_BREAKOUT_SETUP|OFF|2026-08-05 14:39"",""threshold"":0,""value"":2.0499999999992724,""since_minute_bucket_ist"":""2026-08-05 14:38"",""last_updated_ist"":""2026-08-05 14:39:00""}"
2026-08-05 00:00:00,2026-08-05 14:39:00,325,NIFTY,WALL_PRESSURE_BREAK_SETUP,OFF,MED,2.0499999999992724,Pressure building into a wall (break setup),"{""dedupe_key"":""NIFTY|WALL_PRESSURE_BREAK_SETUP|OFF|2026-08-05 14:39"",""threshold"":0,""value"":2.0499999999992724,""since_minute_bucket_ist"":""2026-08-05 14:38"",""last_updated_ist"":""2026-08-05 14:39:00""}"
2026-08-05 00:00:00,2026-08-05 14:39:00,325,NIFTY,BULL_TRAP,OFF,HIGH,1,Bull trap: failed upside breakout + bearish flow,"{""dedupe_key"":""NIFTY|BULL_TRAP|OFF|2026-08-05 14:39"",""threshold"":1,""value"":1,""since_minute_bucket_ist"":""2026-08-05 14:38"",""last_updated_ist"":""2026-08-05 14:39:00""}"
2026-08-05 00:00:00,2026-08-05 14:40:00,326,NIFTY,FLOW_BULLISH_BUILD,ON,HIGH,0.0019,Bullish build (premium-confirmed writing / support),"{""dedupe_key"":""NIFTY|FLOW_BULLISH_BUILD|ON|2026-08-05 14:40"",""threshold"":0.005,""value"":0.0019,""since_minute_bucket_ist"":"""",""last_updated_ist"":""2026-08-05 14:40:00""}"
2026-08-05 00:00:00,2026-08-05 14:40:00,326,NIFTY,EXP_RANGE_BREAKOUT_WATCH_UP,OFF,MED,24515.2,Expected-range watch UP,"{""dedupe_key"":""NIFTY|EXP_RANGE_BREAKOUT_WATCH_UP|OFF|2026-08-05 14:40"",""threshold"":24516.04,""value"":24515.2,""since_minute_bucket_ist"":""2026-08-05 14:37"",""last_updated_ist"":""2026-08-05 14:40:00""}"
2026-08-05 00:00:00,2026-08-05 14:40:00,326,NIFTY,EXP_RANGE_BREAKOUT_CONFIRMED_UP,OFF,HIGH,0,Expected-range breakout CONFIRMED UP,"{""dedupe_key"":""NIFTY|EXP_RANGE_BREAKOUT_CONFIRMED_UP|OFF|2026-08-05 14:40"",""threshold"":2,""value"":0,""since_minute_bucket_ist"":""2026-08-05 14:38"",""last_updated_ist"":""2026-08-05 14:40:00""}"
2026-08-05 00:00:00,2026-08-05 14:42:00,327,NIFTY,FLOW_BULLISH_BUILD,OFF,HIGH,-0.0058,Bullish build (premium-confirmed writing / support),"{""dedupe_key"":""NIFTY|FLOW_BULLISH_BUILD|OFF|2026-08-05 14:42"",""threshold"":0.005,""value"":-0.0058,""since_minute_bucket_ist"":""2026-08-05 14:40"",""last_updated_ist"":""2026-08-05 14:42:00""}"
2026-08-05 00:00:00,2026-08-05 14:42:00,327,NIFTY,VOL_EXPANSION,ON,MED,0.0067,Volatility expanding (straddle up),"{""dedupe_key"":""NIFTY|VOL_EXPANSION|ON|2026-08-05 14:42"",""threshold"":0.02,""value"":0.0067,""since_minute_bucket_ist"":"""",""last_updated_ist"":""2026-08-05 14:42:00""}"
2026-08-05 00:00:00,2026-08-05 14:42:00,327,NIFTY,OPTION_MOMENTUM_PUT,ON,MED,4.25,ATM PUT momentum (ltp up + vol up),"{""dedupe_key"":""NIFTY|OPTION_MOMENTUM_PUT|ON|2026-08-05 14:42"",""threshold"":1.5,""value"":4.25,""since_minute_bucket_ist"":"""",""last_updated_ist"":""2026-08-05 14:42:00""}"
2026-08-05 00:00:00,2026-08-05 14:42:00,327,NIFTY,WALL_UNWIND_CONFIRM_DOWN,ON,MED,-0.016,Put wall OI unwinding (5m),"{""dedupe_key"":""NIFTY|WALL_UNWIND_CONFIRM_DOWN|ON|2026-08-05 14:42"",""threshold"":-0.006,""value"":-0.016,""since_minute_bucket_ist"":"""",""last_updated_ist"":""2026-08-05 14:42:00""}"
2026-08-05 00:00:00,2026-08-05 14:42:00,328,NIFTY,WALL_UNWIND_CONFIRM_DOWN,OFF,MED,-0.0049,Put wall OI unwinding (5m),"{""dedupe_key"":""NIFTY|WALL_UNWIND_CONFIRM_DOWN|OFF|2026-08-05 14:42"",""threshold"":-0.006,""value"":-0.0049,""since_minute_bucket_ist"":""2026-08-05 14:42"",""last_updated_ist"":""2026-08-05 14:42:00""}"
2026-08-05 00:00:00,2026-08-05 14:43:00,329,NIFTY,OPTION_MOMENTUM_PUT,OFF,MED,-0.45,ATM PUT momentum (ltp up + vol up),"{""dedupe_key"":""NIFTY|OPTION_MOMENTUM_PUT|OFF|2026-08-05 14:43"",""threshold"":1.5,""value"":-0.45,""since_minute_bucket_ist"":""2026-08-05 14:42"",""last_updated_ist"":""2026-08-05 14:43:00""}"
2026-08-05 00:00:00,2026-08-05 14:45:00,331,NIFTY,FLOW_BULLISH_BUILD,ON,HIGH,0.0017,Bullish build (premium-confirmed writing / support),"{""dedupe_key"":""NIFTY|FLOW_BULLISH_BUILD|ON|2026-08-05 14:45"",""threshold"":0.005,""value"":0.0017,""since_minute_bucket_ist"":"""",""last_updated_ist"":""2026-08-05 14:45:00""}"
2026-08-05 00:00:00,2026-08-05 14:45:00,331,NIFTY,REGIME_RANGE_PIN,OFF,LOW,0.0001,Range / pin (inside local walls),"{""dedupe_key"":""NIFTY|REGIME_RANGE_PIN|OFF|2026-08-05 14:45"",""threshold"":0.001,""value"":0.0001,""since_minute_bucket_ist"":""2026-08-05 14:23"",""last_updated_ist"":""2026-08-05 14:45:00""}"
2026-08-05 00:00:00,2026-08-05 14:45:00,331,NIFTY,REGIME_TRANSITION_UNCERTAIN,ON,LOW,1,Transition/uncertain regime,"{""dedupe_key"":""NIFTY|REGIME_TRANSITION_UNCERTAIN|ON|2026-08-05 14:45"",""threshold"":1,""value"":1,""since_minute_bucket_ist"":"""",""last_updated_ist"":""2026-08-05 14:45:00""}"
2026-08-05 00:00:00,2026-08-05 14:45:00,331,NIFTY,EXP_RANGE_BREAKOUT_WATCH_DOWN,ON,MED,24501.35,Expected-range watch DOWN,"{""dedupe_key"":""NIFTY|EXP_RANGE_BREAKOUT_WATCH_DOWN|ON|2026-08-05 14:45"",""threshold"":24502.18,""value"":24501.35,""since_minute_bucket_ist"":"""",""last_updated_ist"":""2026-08-05 14:45:00""}"
2026-08-05 00:00:00,2026-08-05 14:46:00,332,NIFTY,FLOW_BULLISH_BUILD,OFF,HIGH,-0.006,Bullish build (premium-confirmed writing / support),"{""dedupe_key"":""NIFTY|FLOW_BULLISH_BUILD|OFF|2026-08-05 14:46"",""threshold"":0.005,""value"":-0.006,""since_minute_bucket_ist"":""2026-08-05 14:45"",""last_updated_ist"":""2026-08-05 14:46:00""}"
2026-08-05 00:00:00,2026-08-05 14:46:00,332,NIFTY,FLOW_BEARISH_BUILD,ON,HIGH,0.0024,Bearish build (premium-confirmed writing / resistance),"{""dedupe_key"":""NIFTY|FLOW_BEARISH_BUILD|ON|2026-08-05 14:46"",""threshold"":0.005,""value"":0.0024,""since_minute_bucket_ist"":"""",""last_updated_ist"":""2026-08-05 14:46:00""}"
2026-08-05 00:00:00,2026-08-05 14:46:00,332,NIFTY,REGIME_RANGE_PIN,ON,LOW,0.0002,Range / pin (inside local walls),"{""dedupe_key"":""NIFTY|REGIME_RANGE_PIN|ON|2026-08-05 14:46"",""threshold"":0.001,""value"":0.0002,""since_minute_bucket_ist"":"""",""last_updated_ist"":""2026-08-05 14:46:00""}"
2026-08-05 00:00:00,2026-08-05 14:46:00,332,NIFTY,REGIME_TRANSITION_UNCERTAIN,OFF,LOW,1,Transition/uncertain regime,"{""dedupe_key"":""NIFTY|REGIME_TRANSITION_UNCERTAIN|OFF|2026-08-05 14:46"",""threshold"":1,""value"":1,""since_minute_bucket_ist"":""2026-08-05 14:45"",""last_updated_ist"":""2026-08-05 14:46:00""}"
2026-08-05 00:00:00,2026-08-05 14:46:00,332,NIFTY,EXP_RANGE_BREAKOUT_WATCH_DOWN,OFF,MED,24509.2,Expected-range watch DOWN,"{""dedupe_key"":""NIFTY|EXP_RANGE_BREAKOUT_WATCH_DOWN|OFF|2026-08-05 14:46"",""threshold"":24502.5,""value"":24509.2,""since_minute_bucket_ist"":""2026-08-05 14:45"",""last_updated_ist"":""2026-08-05 14:46:00""}"
2026-08-05 00:00:00,2026-08-05 14:46:00,332,NIFTY,VOL_EXPANSION,OFF,MED,-0.0006,Volatility expanding (straddle up),"{""dedupe_key"":""NIFTY|VOL_EXPANSION|OFF|2026-08-05 14:46"",""threshold"":0.02,""value"":-0.0006,""since_minute_bucket_ist"":""2026-08-05 14:42"",""last_updated_ist"":""2026-08-05 14:46:00""}"
2026-08-05 00:00:00,2026-08-05 14:46:00,332,NIFTY,WALL_UNWIND_CONFIRM_UP,OFF,MED,-0.0033,Call wall OI unwinding (5m),"{""dedupe_key"":""NIFTY|WALL_UNWIND_CONFIRM_UP|OFF|2026-08-05 14:46"",""threshold"":-0.006,""value"":-0.0033,""since_minute_bucket_ist"":""2026-08-05 14:35"",""last_updated_ist"":""2026-08-05 14:46:00""}"
2026-08-05 00:00:00,2026-08-05 14:47:00,333,NIFTY,FLOW_BEARISH_BUILD,OFF,HIGH,0.0004,Bearish build (premium-confirmed writing / resistance),"{""dedupe_key"":""NIFTY|FLOW_BEARISH_BUILD|OFF|2026-08-05 14:47"",""threshold"":0.005,""value"":0.0004,""since_minute_bucket_ist"":""2026-08-05 14:46"",""last_updated_ist"":""2026-08-05 14:47:00""}"
2026-08-05 00:00:00,2026-08-05 14:47:00,333,NIFTY,OPTION_MOMENTUM_CALL,ON,MED,2.65,ATM CALL momentum (ltp up + vol up),"{""dedupe_key"":""NIFTY|OPTION_MOMENTUM_CALL|ON|2026-08-05 14:47"",""threshold"":1.5,""value"":2.65,""since_minute_bucket_ist"":"""",""last_updated_ist"":""2026-08-05 14:47:00""}"
2026-08-05 00:00:00,2026-08-05 14:47:00,333,NIFTY,WALL_UNWIND_CONFIRM_DOWN,ON,MED,-0.0131,Put wall OI unwinding (5m),"{""dedupe_key"":""NIFTY|WALL_UNWIND_CONFIRM_DOWN|ON|2026-08-05 14:47"",""threshold"":-0.006,""value"":-0.0131,""since_minute_bucket_ist"":"""",""last_updated_ist"":""2026-08-05 14:47:00""}"
2026-08-05 00:00:00,2026-08-05 14:48:00,334,NIFTY,VOL_CONTRACTION,ON,LOW,-0.0036,Volatility contracting (straddle down),"{""dedupe_key"":""NIFTY|VOL_CONTRACTION|ON|2026-08-05 14:48"",""threshold"":-0.03,""value"":-0.0036,""since_minute_bucket_ist"":"""",""last_updated_ist"":""2026-08-05 14:48:00""}"
2026-08-05 00:00:00,2026-08-05 14:49:00,335,NIFTY,FLOW_BULLISH_BUILD,ON,HIGH,0.0014,Bullish build (premium-confirmed writing / support),"{""dedupe_key"":""NIFTY|FLOW_BULLISH_BUILD|ON|2026-08-05 14:49"",""threshold"":0.005,""value"":0.0014,""since_minute_bucket_ist"":"""",""last_updated_ist"":""2026-08-05 14:49:00""}"
2026-08-05 00:00:00,2026-08-05 14:49:00,335,NIFTY,WALL_UNWIND_CONFIRM_UP,ON,MED,-0.0093,Call wall OI unwinding (5m),"{""dedupe_key"":""NIFTY|WALL_UNWIND_CONFIRM_UP|ON|2026-08-05 14:49"",""threshold"":-0.006,""value"":-0.0093,""since_minute_bucket_ist"":"""",""last_updated_ist"":""2026-08-05 14:49:00""}"
2026-08-05 00:00:00,2026-08-05 14:49:00,335,NIFTY,CHURN_COMMITTED,ON,MED,0.0001,Price move + aligned flow (committed),"{""dedupe_key"":""NIFTY|CHURN_COMMITTED|ON|2026-08-05 14:49"",""threshold"":0.0001,""value"":0.0001,""since_minute_bucket_ist"":"""",""last_updated_ist"":""2026-08-05 14:49:00""}"
2026-08-05 00:00:00,2026-08-05 14:50:00,336,NIFTY,FLOW_BULLISH_BUILD,OFF,HIGH,0,Bullish build (premium-confirmed writing / support),"{""dedupe_key"":""NIFTY|FLOW_BULLISH_BUILD|OFF|2026-08-05 14:50"",""threshold"":0.005,""value"":0,""since_minute_bucket_ist"":""2026-08-05 14:49"",""last_updated_ist"":""2026-08-05 14:50:00""}"
2026-08-05 00:00:00,2026-08-05 14:50:00,336,NIFTY,REGIME_RANGE_PIN,OFF,LOW,0.0002,Range / pin (inside local walls),"{""dedupe_key"":""NIFTY|REGIME_RANGE_PIN|OFF|2026-08-05 14:50"",""threshold"":0.001,""value"":0.0002,""since_minute_bucket_ist"":""2026-08-05 14:46"",""last_updated_ist"":""2026-08-05 14:50:00""}"
2026-08-05 00:00:00,2026-08-05 14:50:00,336,NIFTY,REGIME_TRANSITION_UNCERTAIN,ON,LOW,1,Transition/uncertain regime,"{""dedupe_key"":""NIFTY|REGIME_TRANSITION_UNCERTAIN|ON|2026-08-05 14:50"",""threshold"":1,""value"":1,""since_minute_bucket_ist"":"""",""last_updated_ist"":""2026-08-05 14:50:00""}"
2026-08-05 00:00:00,2026-08-05 14:50:00,336,NIFTY,OPTION_MOMENTUM_CALL,OFF,MED,0,ATM CALL momentum (ltp up + vol up),"{""dedupe_key"":""NIFTY|OPTION_MOMENTUM_CALL|OFF|2026-08-05 14:50"",""threshold"":1.5,""value"":0,""since_minute_bucket_ist"":""2026-08-05 14:47"",""last_updated_ist"":""2026-08-05 14:50:00""}"
2026-08-05 00:00:00,2026-08-05 14:50:00,336,NIFTY,CHURN_COMMITTED,OFF,MED,0,Price move + aligned flow (committed),"{""dedupe_key"":""NIFTY|CHURN_COMMITTED|OFF|2026-08-05 14:50"",""threshold"":0.0001,""value"":0,""since_minute_bucket_ist"":""2026-08-05 14:49"",""last_updated_ist"":""2026-08-05 14:50:00""}"
2026-08-05 00:00:00,2026-08-05 14:51:00,337,NIFTY,REGIME_RANGE_PIN,ON,LOW,0.0002,Range / pin (inside local walls),"{""dedupe_key"":""NIFTY|REGIME_RANGE_PIN|ON|2026-08-05 14:51"",""threshold"":0.001,""value"":0.0002,""since_minute_bucket_ist"":"""",""last_updated_ist"":""2026-08-05 14:51:00""}"
2026-08-05 00:00:00,2026-08-05 14:51:00,337,NIFTY,REGIME_TRANSITION_UNCERTAIN,OFF,LOW,1,Transition/uncertain regime,"{""dedupe_key"":""NIFTY|REGIME_TRANSITION_UNCERTAIN|OFF|2026-08-05 14:51"",""threshold"":1,""value"":1,""since_minute_bucket_ist"":""2026-08-05 14:50"",""last_updated_ist"":""2026-08-05 14:51:00""}"
2026-08-05 00:00:00,2026-08-05 14:51:00,337,NIFTY,WALL_UNWIND_CONFIRM_DOWN,OFF,MED,-0.0016,Put wall OI unwinding (5m),"{""dedupe_key"":""NIFTY|WALL_UNWIND_CONFIRM_DOWN|OFF|2026-08-05 14:51"",""threshold"":-0.006,""value"":-0.0016,""since_minute_bucket_ist"":""2026-08-05 14:47"",""last_updated_ist"":""2026-08-05 14:51:00""}"
2026-08-05 00:00:00,2026-08-05 14:52:00,338,NIFTY,FLOW_BULLISH_BUILD,ON,HIGH,0.0008,Bullish build (premium-confirmed writing / support),"{""dedupe_key"":""NIFTY|FLOW_BULLISH_BUILD|ON|2026-08-05 14:52"",""threshold"":0.005,""value"":0.0008,""since_minute_bucket_ist"":"""",""last_updated_ist"":""2026-08-05 14:52:00""}"
2026-08-05 00:00:00,2026-08-05 14:52:00,338,NIFTY,CHURN_COMMITTED,ON,MED,0.0001,Price move + aligned flow (committed),"{""dedupe_key"":""NIFTY|CHURN_COMMITTED|ON|2026-08-05 14:52"",""threshold"":0.0001,""value"":0.0001,""since_minute_bucket_ist"":"""",""last_updated_ist"":""2026-08-05 14:52:00""}"
2026-08-05 00:00:00,2026-08-05 14:53:00,339,NIFTY,FLOW_BULLISH_BUILD,OFF,HIGH,0,Bullish build (premium-confirmed writing / support),"{""dedupe_key"":""NIFTY|FLOW_BULLISH_BUILD|OFF|2026-08-05 14:53"",""threshold"":0.005,""value"":0,""since_minute_bucket_ist"":""2026-08-05 14:52"",""last_updated_ist"":""2026-08-05 14:53:00""}"
2026-08-05 00:00:00,2026-08-05 14:53:00,339,NIFTY,CHURN_COMMITTED,OFF,MED,0,Price move + aligned flow (committed),"{""dedupe_key"":""NIFTY|CHURN_COMMITTED|OFF|2026-08-05 14:53"",""threshold"":0.0001,""value"":0,""since_minute_bucket_ist"":""2026-08-05 14:52"",""last_updated_ist"":""2026-08-05 14:53:00""}"
2026-08-05 00:00:00,2026-08-05 14:54:00,340,NIFTY,FLOW_BULLISH_BUILD,ON,HIGH,0.0033,Bullish build (premium-confirmed writing / support),"{""dedupe_key"":""NIFTY|FLOW_BULLISH_BUILD|ON|2026-08-05 14:54"",""threshold"":0.005,""value"":0.0033,""since_minute_bucket_ist"":"""",""last_updated_ist"":""2026-08-05 14:54:00""}"
2026-08-05 00:00:00,2026-08-05 14:54:00,340,NIFTY,WALL_UNWIND_CONFIRM_UP,OFF,MED,-0.0049,Call wall OI unwinding (5m),"{""dedupe_key"":""NIFTY|WALL_UNWIND_CONFIRM_UP|OFF|2026-08-05 14:54"",""threshold"":-0.006,""value"":-0.0049,""since_minute_bucket_ist"":""2026-08-05 14:49"",""last_updated_ist"":""2026-08-05 14:54:00""}"
2026-08-05 00:00:00,2026-08-05 14:55:00,341,NIFTY,FLOW_BULLISH_BUILD,OFF,HIGH,-0.0033,Bullish build (premium-confirmed writing / support),"{""dedupe_key"":""NIFTY|FLOW_BULLISH_BUILD|OFF|2026-08-05 14:55"",""threshold"":0.005,""value"":-0.0033,""since_minute_bucket_ist"":""2026-08-05 14:54"",""last_updated_ist"":""2026-08-05 14:55:00""}"
2026-08-05 00:00:00,2026-08-05 14:56:00,342,NIFTY,OPTION_MOMENTUM_PUT,ON,MED,2.35,ATM PUT momentum (ltp up + vol up),"{""dedupe_key"":""NIFTY|OPTION_MOMENTUM_PUT|ON|2026-08-05 14:56"",""threshold"":1.5,""value"":2.35,""since_minute_bucket_ist"":"""",""last_updated_ist"":""2026-08-05 14:56:00""}"
2026-08-05 00:00:00,2026-08-05 14:56:00,342,NIFTY,WALL_UNWIND_CONFIRM_UP,ON,MED,-0.0117,Call wall OI unwinding (5m),"{""dedupe_key"":""NIFTY|WALL_UNWIND_CONFIRM_UP|ON|2026-08-05 14:56"",""threshold"":-0.006,""value"":-0.0117,""since_minute_bucket_ist"":"""",""last_updated_ist"":""2026-08-05 14:56:00""}"
2026-08-05 00:00:00,2026-08-05 14:57:00,343,NIFTY,OPTION_MOMENTUM_CALL,ON,MED,1900-01-01 10:48:00,ATM CALL momentum (ltp up + vol up),"{""dedupe_key"":""NIFTY|OPTION_MOMENTUM_CALL|ON|2026-08-05 14:57"",""threshold"":1.5,""value"":2.45,""since_minute_bucket_ist"":"""",""last_updated_ist"":""2026-08-05 14:57:00""}"
2026-08-05 00:00:00,2026-08-05 14:57:00,343,NIFTY,OPTION_MOMENTUM_PUT,OFF,MED,-4.6,ATM PUT momentum (ltp up + vol up),"{""dedupe_key"":""NIFTY|OPTION_MOMENTUM_PUT|OFF|2026-08-05 14:57"",""threshold"":1.5,""value"":-4.6,""since_minute_bucket_ist"":""2026-08-05 14:56"",""last_updated_ist"":""2026-08-05 14:57:00""}"
2026-08-05 00:00:00,2026-08-05 14:58:00,344,NIFTY,EXP_RANGE_BREAKOUT_WATCH_UP,ON,MED,24524.8,Expected-range watch UP,"{""dedupe_key"":""NIFTY|EXP_RANGE_BREAKOUT_WATCH_UP|ON|2026-08-05 14:58"",""threshold"":24520.07,""value"":24524.8,""since_minute_bucket_ist"":"""",""last_updated_ist"":""2026-08-05 14:58:00""}"
2026-08-05 00:00:00,2026-08-05 14:59:00,345,NIFTY,REGIME_RANGE_PIN,OFF,LOW,0.0002,Range / pin (inside local walls),"{""dedupe_key"":""NIFTY|REGIME_RANGE_PIN|OFF|2026-08-05 14:59"",""threshold"":0.001,""value"":0.0002,""since_minute_bucket_ist"":""2026-08-05 14:51"",""last_updated_ist"":""2026-08-05 14:59:00""}"
2026-08-05 00:00:00,2026-08-05 14:59:00,345,NIFTY,REGIME_TRANSITION_UNCERTAIN,ON,LOW,1,Transition/uncertain regime,"{""dedupe_key"":""NIFTY|REGIME_TRANSITION_UNCERTAIN|ON|2026-08-05 14:59"",""threshold"":1,""value"":1,""since_minute_bucket_ist"":"""",""last_updated_ist"":""2026-08-05 14:59:00""}"
2026-08-05 00:00:00,2026-08-05 14:59:00,345,NIFTY,EXP_RANGE_BREAKOUT_CONFIRMED_UP,ON,HIGH,2,Expected-range breakout CONFIRMED UP,"{""dedupe_key"":""NIFTY|EXP_RANGE_BREAKOUT_CONFIRMED_UP|ON|2026-08-05 14:59"",""threshold"":2,""value"":2,""since_minute_bucket_ist"":"""",""last_updated_ist"":""2026-08-05 14:59:00""}"
2026-08-05 00:00:00,2026-08-05 14:59:00,345,NIFTY,WALL_UNWIND_CONFIRM_DOWN,ON,MED,-0.0248,Put wall OI unwinding (5m),"{""dedupe_key"":""NIFTY|WALL_UNWIND_CONFIRM_DOWN|ON|2026-08-05 14:59"",""threshold"":-0.006,""value"":-0.0248,""since_minute_bucket_ist"":"""",""last_updated_ist"":""2026-08-05 14:59:00""}"
2026-08-05 00:00:00,2026-08-05 15:00:00,346,NIFTY,REGIME_RANGE_PIN,ON,LOW,0.0002,Range / pin (inside local walls),"{""dedupe_key"":""NIFTY|REGIME_RANGE_PIN|ON|2026-08-05 15:00"",""threshold"":0.001,""value"":0.0002,""since_minute_bucket_ist"":"""",""last_updated_ist"":""2026-08-05 15:00:00""}"
2026-08-05 00:00:00,2026-08-05 15:00:00,346,NIFTY,REGIME_TRANSITION_UNCERTAIN,OFF,LOW,1,Transition/uncertain regime,"{""dedupe_key"":""NIFTY|REGIME_TRANSITION_UNCERTAIN|OFF|2026-08-05 15:00"",""threshold"":1,""value"":1,""since_minute_bucket_ist"":""2026-08-05 14:59"",""last_updated_ist"":""2026-08-05 15:00:00""}"
2026-08-05 00:00:00,2026-08-05 15:00:00,346,NIFTY,EXP_RANGE_BREAKOUT_WATCH_UP,OFF,MED,24523.35,Expected-range watch UP,"{""dedupe_key"":""NIFTY|EXP_RANGE_BREAKOUT_WATCH_UP|OFF|2026-08-05 15:00"",""threshold"":24524.78,""value"":24523.35,""since_minute_bucket_ist"":""2026-08-05 14:58"",""last_updated_ist"":""2026-08-05 15:00:00""}"
2026-08-05 00:00:00,2026-08-05 15:00:00,346,NIFTY,EXP_RANGE_BREAKOUT_CONFIRMED_UP,OFF,HIGH,0,Expected-range breakout CONFIRMED UP,"{""dedupe_key"":""NIFTY|EXP_RANGE_BREAKOUT_CONFIRMED_UP|OFF|2026-08-05 15:00"",""threshold"":2,""value"":0,""since_minute_bucket_ist"":""2026-08-05 14:59"",""last_updated_ist"":""2026-08-05 15:00:00""}"
2026-08-05 00:00:00,2026-08-05 15:00:00,346,NIFTY,VOL_CONTRACTION,OFF,LOW,-0.0125,Volatility contracting (straddle down),"{""dedupe_key"":""NIFTY|VOL_CONTRACTION|OFF|2026-08-05 15:00"",""threshold"":-0.03,""value"":-0.0125,""since_minute_bucket_ist"":""2026-08-05 14:48"",""last_updated_ist"":""2026-08-05 15:00:00""}"
2026-08-05 00:00:00,2026-08-05 15:00:00,346,NIFTY,OPTION_MOMENTUM_CALL,OFF,MED,-6.7,ATM CALL momentum (ltp up + vol up),"{""dedupe_key"":""NIFTY|OPTION_MOMENTUM_CALL|OFF|2026-08-05 15:00"",""threshold"":1.5,""value"":-6.7,""since_minute_bucket_ist"":""2026-08-05 14:57"",""last_updated_ist"":""2026-08-05 15:00:00""}"
2026-08-05 00:00:00,2026-08-05 15:00:00,346,NIFTY,OPTION_MOMENTUM_PUT,ON,MED,6.25,ATM PUT momentum (ltp up + vol up),"{""dedupe_key"":""NIFTY|OPTION_MOMENTUM_PUT|ON|2026-08-05 15:00"",""threshold"":1.5,""value"":6.25,""since_minute_bucket_ist"":"""",""last_updated_ist"":""2026-08-05 15:00:00""}"
2026-08-05 00:00:00,2026-08-05 15:02:00,348,NIFTY,REGIME_RANGE_PIN,OFF,LOW,0.0002,Range / pin (inside local walls),"{""dedupe_key"":""NIFTY|REGIME_RANGE_PIN|OFF|2026-08-05 15:02"",""threshold"":0.001,""value"":0.0002,""since_minute_bucket_ist"":""2026-08-05 15:00"",""last_updated_ist"":""2026-08-05 15:02:00""}"
2026-08-05 00:00:00,2026-08-05 15:02:00,348,NIFTY,REGIME_TRANSITION_UNCERTAIN,ON,LOW,1,Transition/uncertain regime,"{""dedupe_key"":""NIFTY|REGIME_TRANSITION_UNCERTAIN|ON|2026-08-05 15:02"",""threshold"":1,""value"":1,""since_minute_bucket_ist"":"""",""last_updated_ist"":""2026-08-05 15:02:00""}"
2026-08-05 00:00:00,2026-08-05 15:02:00,348,NIFTY,EXP_RANGE_BREAKOUT_WATCH_UP,ON,MED,24528.9,Expected-range watch UP,"{""dedupe_key"":""NIFTY|EXP_RANGE_BREAKOUT_WATCH_UP|ON|2026-08-05 15:02"",""threshold"":24527.39,""value"":24528.9,""since_minute_bucket_ist"":"""",""last_updated_ist"":""2026-08-05 15:02:00""}"
2026-08-05 00:00:00,2026-08-05 15:02:00,348,NIFTY,VOL_CONTRACTION,ON,LOW,-0.0201,Volatility contracting (straddle down),"{""dedupe_key"":""NIFTY|VOL_CONTRACTION|ON|2026-08-05 15:02"",""threshold"":-0.03,""value"":-0.0201,""since_minute_bucket_ist"":"""",""last_updated_ist"":""2026-08-05 15:02:00""}"
2026-08-05 00:00:00,2026-08-05 15:02:00,348,NIFTY,OPTION_MOMENTUM_CALL,ON,MED,5.45,ATM CALL momentum (ltp up + vol up),"{""dedupe_key"":""NIFTY|OPTION_MOMENTUM_CALL|ON|2026-08-05 15:02"",""threshold"":1.5,""value"":5.45,""since_minute_bucket_ist"":"""",""last_updated_ist"":""2026-08-05 15:02:00""}"
2026-08-05 00:00:00,2026-08-05 15:02:00,348,NIFTY,OPTION_MOMENTUM_PUT,OFF,MED,-8.85,ATM PUT momentum (ltp up + vol up),"{""dedupe_key"":""NIFTY|OPTION_MOMENTUM_PUT|OFF|2026-08-05 15:02"",""threshold"":1.5,""value"":-8.85,""since_minute_bucket_ist"":""2026-08-05 15:00"",""last_updated_ist"":""2026-08-05 15:02:00""}"
2026-08-05 00:00:00,2026-08-05 15:02:00,348,NIFTY,WALL_UNWIND_CONFIRM_DOWN,OFF,MED,-0.0056,Put wall OI unwinding (5m),"{""dedupe_key"":""NIFTY|WALL_UNWIND_CONFIRM_DOWN|OFF|2026-08-05 15:02"",""threshold"":-0.006,""value"":-0.0056,""since_minute_bucket_ist"":""2026-08-05 14:59"",""last_updated_ist"":""2026-08-05 15:02:00""}"
2026-08-05 00:00:00,2026-08-05 15:03:00,349,NIFTY,REGIME_RANGE_PIN,ON,LOW,0.0002,Range / pin (inside local walls),"{""dedupe_key"":""NIFTY|REGIME_RANGE_PIN|ON|2026-08-05 15:03"",""threshold"":0.001,""value"":0.0002,""since_minute_bucket_ist"":"""",""last_updated_ist"":""2026-08-05 15:03:00""}"
2026-08-05 00:00:00,2026-08-05 15:03:00,349,NIFTY,REGIME_TRANSITION_UNCERTAIN,OFF,LOW,1,Transition/uncertain regime,"{""dedupe_key"":""NIFTY|REGIME_TRANSITION_UNCERTAIN|OFF|2026-08-05 15:03"",""threshold"":1,""value"":1,""since_minute_bucket_ist"":""2026-08-05 15:02"",""last_updated_ist"":""2026-08-05 15:03:00""}"
2026-08-05 00:00:00,2026-08-05 15:03:00,349,NIFTY,EXP_RANGE_BREAKOUT_CONFIRMED_UP,ON,HIGH,2,Expected-range breakout CONFIRMED UP,"{""dedupe_key"":""NIFTY|EXP_RANGE_BREAKOUT_CONFIRMED_UP|ON|2026-08-05 15:03"",""threshold"":2,""value"":2,""since_minute_bucket_ist"":"""",""last_updated_ist"":""2026-08-05 15:03:00""}"
2026-08-05 00:00:00,2026-08-05 15:03:00,349,NIFTY,OPTION_MOMENTUM_CALL,OFF,MED,-0.65,ATM CALL momentum (ltp up + vol up),"{""dedupe_key"":""NIFTY|OPTION_MOMENTUM_CALL|OFF|2026-08-05 15:03"",""threshold"":1.5,""value"":-0.65,""since_minute_bucket_ist"":""2026-08-05 15:02"",""last_updated_ist"":""2026-08-05 15:03:00""}"
2026-08-05 00:00:00,2026-08-05 15:04:00,350,NIFTY,FLOW_BEARISH_BUILD,ON,HIGH,0.0025,Bearish build (premium-confirmed writing / resistance),"{""dedupe_key"":""NIFTY|FLOW_BEARISH_BUILD|ON|2026-08-05 15:04"",""threshold"":0.005,""value"":0.0025,""since_minute_bucket_ist"":"""",""last_updated_ist"":""2026-08-05 15:04:00""}"
2026-08-05 00:00:00,2026-08-05 15:04:00,350,NIFTY,BULL_TRAP,ON,HIGH,1,Bull trap: failed upside breakout + bearish flow,"{""dedupe_key"":""NIFTY|BULL_TRAP|ON|2026-08-05 15:04"",""threshold"":1,""value"":1,""since_minute_bucket_ist"":"""",""last_updated_ist"":""2026-08-05 15:04:00""}"
2026-08-05 00:00:00,2026-08-05 15:05:00,351,NIFTY,FLOW_BEARISH_BUILD,OFF,HIGH,0,Bearish build (premium-confirmed writing / resistance),"{""dedupe_key"":""NIFTY|FLOW_BEARISH_BUILD|OFF|2026-08-05 15:05"",""threshold"":0.005,""value"":0,""since_minute_bucket_ist"":""2026-08-05 15:04"",""last_updated_ist"":""2026-08-05 15:05:00""}"
2026-08-05 00:00:00,2026-08-05 15:05:00,351,NIFTY,EXP_RANGE_BREAKOUT_WATCH_UP,OFF,MED,24531.95,Expected-range watch UP,"{""dedupe_key"":""NIFTY|EXP_RANGE_BREAKOUT_WATCH_UP|OFF|2026-08-05 15:05"",""threshold"":24533.52,""value"":24531.95,""since_minute_bucket_ist"":""2026-08-05 15:02"",""last_updated_ist"":""2026-08-05 15:05:00""}"
2026-08-05 00:00:00,2026-08-05 15:05:00,351,NIFTY,EXP_RANGE_BREAKOUT_CONFIRMED_UP,OFF,HIGH,0,Expected-range breakout CONFIRMED UP,"{""dedupe_key"":""NIFTY|EXP_RANGE_BREAKOUT_CONFIRMED_UP|OFF|2026-08-05 15:05"",""threshold"":2,""value"":0,""since_minute_bucket_ist"":""2026-08-05 15:03"",""last_updated_ist"":""2026-08-05 15:05:00""}"
2026-08-05 00:00:00,2026-08-05 15:05:00,351,NIFTY,BULL_TRAP,OFF,HIGH,1,Bull trap: failed upside breakout + bearish flow,"{""dedupe_key"":""NIFTY|BULL_TRAP|OFF|2026-08-05 15:05"",""threshold"":1,""value"":1,""since_minute_bucket_ist"":""2026-08-05 15:04"",""last_updated_ist"":""2026-08-05 15:05:00""}"
2026-08-05 00:00:00,2026-08-05 15:06:00,352,NIFTY,VOL_CONTRACTION,OFF,LOW,0.0079,Volatility contracting (straddle down),"{""dedupe_key"":""NIFTY|VOL_CONTRACTION|OFF|2026-08-05 15:06"",""threshold"":-0.03,""value"":0.0079,""since_minute_bucket_ist"":""2026-08-05 15:02"",""last_updated_ist"":""2026-08-05 15:06:00""}"
2026-08-05 00:00:00,2026-08-05 15:06:00,352,NIFTY,OPTION_MOMENTUM_PUT,ON,MED,2.6,ATM PUT momentum (ltp up + vol up),"{""dedupe_key"":""NIFTY|OPTION_MOMENTUM_PUT|ON|2026-08-05 15:06"",""threshold"":1.5,""value"":2.6,""since_minute_bucket_ist"":"""",""last_updated_ist"":""2026-08-05 15:06:00""}"
2026-08-05 00:00:00,2026-08-05 15:06:00,352,NIFTY,WALL_UNWIND_CONFIRM_DOWN,ON,MED,-0.0112,Put wall OI unwinding (5m),"{""dedupe_key"":""NIFTY|WALL_UNWIND_CONFIRM_DOWN|ON|2026-08-05 15:06"",""threshold"":-0.006,""value"":-0.0112,""since_minute_bucket_ist"":"""",""last_updated_ist"":""2026-08-05 15:06:00""}"
2026-08-05 00:00:00,2026-08-05 15:07:00,353,NIFTY,FLOW_BULLISH_BUILD,ON,HIGH,0.0059,Bullish build (premium-confirmed writing / support),"{""dedupe_key"":""NIFTY|FLOW_BULLISH_BUILD|ON|2026-08-05 15:07"",""threshold"":0.005,""value"":0.0059,""since_minute_bucket_ist"":"""",""last_updated_ist"":""2026-08-05 15:07:00""}"
2026-08-05 00:00:00,2026-08-05 15:07:00,353,NIFTY,REGIME_RANGE_PIN,OFF,LOW,0.0003,Range / pin (inside local walls),"{""dedupe_key"":""NIFTY|REGIME_RANGE_PIN|OFF|2026-08-05 15:07"",""threshold"":0.001,""value"":0.0003,""since_minute_bucket_ist"":""2026-08-05 15:03"",""last_updated_ist"":""2026-08-05 15:07:00""}"
2026-08-05 00:00:00,2026-08-05 15:07:00,353,NIFTY,REGIME_TRANSITION_UNCERTAIN,ON,LOW,1,Transition/uncertain regime,"{""dedupe_key"":""NIFTY|REGIME_TRANSITION_UNCERTAIN|ON|2026-08-05 15:07"",""threshold"":1,""value"":1,""since_minute_bucket_ist"":"""",""last_updated_ist"":""2026-08-05 15:07:00""}"
2026-08-05 00:00:00,2026-08-05 15:07:00,353,NIFTY,PIN_BASIC,OFF,LOW,37.5,Spot near a local wall (pin zone),"{""dedupe_key"":""NIFTY|PIN_BASIC|OFF|2026-08-05 15:07"",""threshold"":37.5,""value"":37.5,""since_minute_bucket_ist"":""2026-08-05 13:25"",""last_updated_ist"":""2026-08-05 15:07:00""}"
2026-08-05 00:00:00,2026-08-05 15:07:00,353,NIFTY,EXP_RANGE_BREAKOUT_WATCH_UP,ON,MED,24541.6,Expected-range watch UP,"{""dedupe_key"":""NIFTY|EXP_RANGE_BREAKOUT_WATCH_UP|ON|2026-08-05 15:07"",""threshold"":24536.92,""value"":24541.6,""since_minute_bucket_ist"":"""",""last_updated_ist"":""2026-08-05 15:07:00""}"
2026-08-05 00:00:00,2026-08-05 15:07:00,353,NIFTY,VOL_CONTRACTION,ON,LOW,-0.0192,Volatility contracting (straddle down),"{""dedupe_key"":""NIFTY|VOL_CONTRACTION|ON|2026-08-05 15:07"",""threshold"":-0.03,""value"":-0.0192,""since_minute_bucket_ist"":"""",""last_updated_ist"":""2026-08-05 15:07:00""}"
2026-08-05 00:00:00,2026-08-05 15:07:00,353,NIFTY,OPTION_MOMENTUM_PUT,OFF,MED,-2.75,ATM PUT momentum (ltp up + vol up),"{""dedupe_key"":""NIFTY|OPTION_MOMENTUM_PUT|OFF|2026-08-05 15:07"",""threshold"":1.5,""value"":-2.75,""since_minute_bucket_ist"":""2026-08-05 15:06"",""last_updated_ist"":""2026-08-05 15:07:00""}"
2026-08-05 00:00:00,2026-08-05 15:07:00,353,NIFTY,CHURN_COMMITTED,ON,MED,0.0008,Price move + aligned flow (committed),"{""dedupe_key"":""NIFTY|CHURN_COMMITTED|ON|2026-08-05 15:07"",""threshold"":0.0001,""value"":0.0008,""since_minute_bucket_ist"":"""",""last_updated_ist"":""2026-08-05 15:07:00""}"
2026-08-05 00:00:00,2026-08-05 15:08:00,354,NIFTY,FLOW_BULLISH_BUILD,OFF,HIGH,-0.0096,Bullish build (premium-confirmed writing / support),"{""dedupe_key"":""NIFTY|FLOW_BULLISH_BUILD|OFF|2026-08-05 15:08"",""threshold"":0.005,""value"":-0.0096,""since_minute_bucket_ist"":""2026-08-05 15:07"",""last_updated_ist"":""2026-08-05 15:08:00""}"
2026-08-05 00:00:00,2026-08-05 15:08:00,354,NIFTY,EXP_RANGE_BREAKOUT_CONFIRMED_UP,ON,HIGH,1900-01-01 00:00:00,Expected-range breakout CONFIRMED UP,"{""dedupe_key"":""NIFTY|EXP_RANGE_BREAKOUT_CONFIRMED_UP|ON|2026-08-05 15:08"",""threshold"":2,""value"":2,""since_minute_bucket_ist"":"""",""last_updated_ist"":""2026-08-05 15:08:00""}"
2026-08-05 00:00:00,2026-08-05 15:08:00,354,NIFTY,OPTION_MOMENTUM_CALL,ON,MED,6,ATM CALL momentum (ltp up + vol up),"{""dedupe_key"":""NIFTY|OPTION_MOMENTUM_CALL|ON|2026-08-05 15:08"",""threshold"":1.5,""value"":6,""since_minute_bucket_ist"":"""",""last_updated_ist"":""2026-08-05 15:08:00""}"
2026-08-05 00:00:00,2026-08-05 15:08:00,354,NIFTY,CHURN_COMMITTED,OFF,MED,0.0001,Price move + aligned flow (committed),"{""dedupe_key"":""NIFTY|CHURN_COMMITTED|OFF|2026-08-05 15:08"",""threshold"":0.0001,""value"":0.0001,""since_minute_bucket_ist"":""2026-08-05 15:07"",""last_updated_ist"":""2026-08-05 15:08:00""}"
2026-08-05 00:00:00,2026-08-05 15:09:00,355,NIFTY,REGIME_RANGE_PIN,ON,LOW,0.0003,Range / pin (inside local walls),"{""dedupe_key"":""NIFTY|REGIME_RANGE_PIN|ON|2026-08-05 15:09"",""threshold"":0.001,""value"":0.0003,""since_minute_bucket_ist"":"""",""last_updated_ist"":""2026-08-05 15:09:00""}"
2026-08-05 00:00:00,2026-08-05 15:09:00,355,NIFTY,REGIME_TRANSITION_UNCERTAIN,OFF,LOW,1,Transition/uncertain regime,"{""dedupe_key"":""NIFTY|REGIME_TRANSITION_UNCERTAIN|OFF|2026-08-05 15:09"",""threshold"":1,""value"":1,""since_minute_bucket_ist"":""2026-08-05 15:07"",""last_updated_ist"":""2026-08-05 15:09:00""}"
2026-08-05 00:00:00,2026-08-05 15:09:00,355,NIFTY,EXP_RANGE_BREAKOUT_WATCH_UP,OFF,MED,24541.3,Expected-range watch UP,"{""dedupe_key"":""NIFTY|EXP_RANGE_BREAKOUT_WATCH_UP|OFF|2026-08-05 15:09"",""threshold"":24541.52,""value"":24541.3,""since_minute_bucket_ist"":""2026-08-05 15:07"",""last_updated_ist"":""2026-08-05 15:09:00""}"
2026-08-05 00:00:00,2026-08-05 15:09:00,355,NIFTY,EXP_RANGE_BREAKOUT_CONFIRMED_UP,OFF,HIGH,0,Expected-range breakout CONFIRMED UP,"{""dedupe_key"":""NIFTY|EXP_RANGE_BREAKOUT_CONFIRMED_UP|OFF|2026-08-05 15:09"",""threshold"":2,""value"":0,""since_minute_bucket_ist"":""2026-08-05 15:08"",""last_updated_ist"":""2026-08-05 15:09:00""}"
2026-08-05 00:00:00,2026-08-05 15:09:00,355,NIFTY,OPTION_MOMENTUM_CALL,OFF,MED,-1.9,ATM CALL momentum (ltp up + vol up),"{""dedupe_key"":""NIFTY|OPTION_MOMENTUM_CALL|OFF|2026-08-05 15:09"",""threshold"":1.5,""value"":-1.9,""since_minute_bucket_ist"":""2026-08-05 15:08"",""last_updated_ist"":""2026-08-05 15:09:00""}"
2026-08-05 00:00:00,2026-08-05 15:09:00,355,NIFTY,OPTION_MOMENTUM_PUT,ON,MED,3.9,ATM PUT momentum (ltp up + vol up),"{""dedupe_key"":""NIFTY|OPTION_MOMENTUM_PUT|ON|2026-08-05 15:09"",""threshold"":1.5,""value"":3.9,""since_minute_bucket_ist"":"""",""last_updated_ist"":""2026-08-05 15:09:00""}"
2026-08-05 00:00:00,2026-08-05 15:10:00,356,NIFTY,OPTION_MOMENTUM_PUT,OFF,MED,0,ATM PUT momentum (ltp up + vol up),"{""dedupe_key"":""NIFTY|OPTION_MOMENTUM_PUT|OFF|2026-08-05 15:10"",""threshold"":1.5,""value"":0,""since_minute_bucket_ist"":""2026-08-05 15:09"",""last_updated_ist"":""2026-08-05 15:10:00""}"
2026-08-05 00:00:00,2026-08-05 15:11:00,357,NIFTY,PIN_BASIC,ON,LOW,37.5,Spot near a local wall (pin zone),"{""dedupe_key"":""NIFTY|PIN_BASIC|ON|2026-08-05 15:11"",""threshold"":37.5,""value"":37.5,""since_minute_bucket_ist"":"""",""last_updated_ist"":""2026-08-05 15:11:00""}"
2026-08-05 00:00:00,2026-08-05 15:11:00,357,NIFTY,VOL_CONTRACTION,OFF,LOW,-0.0138,Volatility contracting (straddle down),"{""dedupe_key"":""NIFTY|VOL_CONTRACTION|OFF|2026-08-05 15:11"",""threshold"":-0.03,""value"":-0.0138,""since_minute_bucket_ist"":""2026-08-05 15:07"",""last_updated_ist"":""2026-08-05 15:11:00""}"
2026-08-05 00:00:00,2026-08-05 15:11:00,357,NIFTY,OPTION_MOMENTUM_PUT,ON,MED,1.6,ATM PUT momentum (ltp up + vol up),"{""dedupe_key"":""NIFTY|OPTION_MOMENTUM_PUT|ON|2026-08-05 15:11"",""threshold"":1.5,""value"":1.6,""since_minute_bucket_ist"":"""",""last_updated_ist"":""2026-08-05 15:11:00""}"
2026-08-05 00:00:00,2026-08-05 15:12:00,358,NIFTY,FLOW_BOTH_UNWINDING,ON,MED,-0.0057,Both sides unwinding,"{""dedupe_key"":""NIFTY|FLOW_BOTH_UNWINDING|ON|2026-08-05 15:12"",""threshold"":-0.005,""value"":-0.0057,""since_minute_bucket_ist"":"""",""last_updated_ist"":""2026-08-05 15:12:00""}"
2026-08-05 00:00:00,2026-08-05 15:12:00,358,NIFTY,PIN_BASIC,OFF,LOW,37.5,Spot near a local wall (pin zone),"{""dedupe_key"":""NIFTY|PIN_BASIC|OFF|2026-08-05 15:12"",""threshold"":37.5,""value"":37.5,""since_minute_bucket_ist"":""2026-08-05 15:11"",""last_updated_ist"":""2026-08-05 15:12:00""}"
2026-08-05 00:00:00,2026-08-05 15:12:00,358,NIFTY,VOL_CONTRACTION,ON,LOW,-0.0024,Volatility contracting (straddle down),"{""dedupe_key"":""NIFTY|VOL_CONTRACTION|ON|2026-08-05 15:12"",""threshold"":-0.03,""value"":-0.0024,""since_minute_bucket_ist"":"""",""last_updated_ist"":""2026-08-05 15:12:00""}"
2026-08-05 00:00:00,2026-08-05 15:12:00,358,NIFTY,OPTION_MOMENTUM_CALL,ON,MED,2.5,ATM CALL momentum (ltp up + vol up),"{""dedupe_key"":""NIFTY|OPTION_MOMENTUM_CALL|ON|2026-08-05 15:12"",""threshold"":1.5,""value"":2.5,""since_minute_bucket_ist"":"""",""last_updated_ist"":""2026-08-05 15:12:00""}"
2026-08-05 00:00:00,2026-08-05 15:12:00,358,NIFTY,OPTION_MOMENTUM_PUT,OFF,MED,-5.5,ATM PUT momentum (ltp up + vol up),"{""dedupe_key"":""NIFTY|OPTION_MOMENTUM_PUT|OFF|2026-08-05 15:12"",""threshold"":1.5,""value"":-5.5,""since_minute_bucket_ist"":""2026-08-05 15:11"",""last_updated_ist"":""2026-08-05 15:12:00""}"
2026-08-05 00:00:00,2026-08-05 15:13:00,359,NIFTY,FLOW_BOTH_UNWINDING,OFF,MED,0,Both sides unwinding,"{""dedupe_key"":""NIFTY|FLOW_BOTH_UNWINDING|OFF|2026-08-05 15:13"",""threshold"":-0.005,""value"":0,""since_minute_bucket_ist"":""2026-08-05 15:12"",""last_updated_ist"":""2026-08-05 15:13:00""}"
2026-08-05 00:00:00,2026-08-05 15:13:00,359,NIFTY,OPTION_MOMENTUM_CALL,OFF,MED,0,ATM CALL momentum (ltp up + vol up),"{""dedupe_key"":""NIFTY|OPTION_MOMENTUM_CALL|OFF|2026-08-05 15:13"",""threshold"":1.5,""value"":0,""since_minute_bucket_ist"":""2026-08-05 15:12"",""last_updated_ist"":""2026-08-05 15:13:00""}"
2026-08-05 00:00:00,2026-08-05 15:14:00,360,NIFTY,FLOW_BOTH_UNWINDING,ON,MED,-0.0068,Both sides unwinding,"{""dedupe_key"":""NIFTY|FLOW_BOTH_UNWINDING|ON|2026-08-05 15:14"",""threshold"":-0.005,""value"":-0.0068,""since_minute_bucket_ist"":"""",""last_updated_ist"":""2026-08-05 15:14:00""}"
2026-08-05 00:00:00,2026-08-05 15:14:00,360,NIFTY,REGIME_RANGE_PIN,OFF,LOW,0.0004,Range / pin (inside local walls),"{""dedupe_key"":""NIFTY|REGIME_RANGE_PIN|OFF|2026-08-05 15:14"",""threshold"":0.001,""value"":0.0004,""since_minute_bucket_ist"":""2026-08-05 15:09"",""last_updated_ist"":""2026-08-05 15:14:00""}"
2026-08-05 00:00:00,2026-08-05 15:14:00,360,NIFTY,REGIME_TRANSITION_UNCERTAIN,ON,LOW,1,Transition/uncertain regime,"{""dedupe_key"":""NIFTY|REGIME_TRANSITION_UNCERTAIN|ON|2026-08-05 15:14"",""threshold"":1,""value"":1,""since_minute_bucket_ist"":"""",""last_updated_ist"":""2026-08-05 15:14:00""}"
2026-08-05 00:00:00,2026-08-05 15:14:00,360,NIFTY,PIN_BASIC,ON,LOW,37.5,Spot near a local wall (pin zone),"{""dedupe_key"":""NIFTY|PIN_BASIC|ON|2026-08-05 15:14"",""threshold"":37.5,""value"":37.5,""since_minute_bucket_ist"":"""",""last_updated_ist"":""2026-08-05 15:14:00""}"
2026-08-05 00:00:00,2026-08-05 15:14:00,360,NIFTY,EXP_RANGE_BREAKOUT_WATCH_UP,ON,MED,24562.6,Expected-range watch UP,"{""dedupe_key"":""NIFTY|EXP_RANGE_BREAKOUT_WATCH_UP|ON|2026-08-05 15:14"",""threshold"":24552.71,""value"":24562.6,""since_minute_bucket_ist"":"""",""last_updated_ist"":""2026-08-05 15:14:00""}"
2026-08-05 00:00:00,2026-08-05 15:14:00,360,NIFTY,VOL_CONTRACTION,OFF,LOW,-0.0106,Volatility contracting (straddle down),"{""dedupe_key"":""NIFTY|VOL_CONTRACTION|OFF|2026-08-05 15:14"",""threshold"":-0.03,""value"":-0.0106,""since_minute_bucket_ist"":""2026-08-05 15:12"",""last_updated_ist"":""2026-08-05 15:14:00""}"
2026-08-05 00:00:00,2026-08-05 15:14:00,360,NIFTY,OPTION_MOMENTUM_CALL,ON,MED,8.95,ATM CALL momentum (ltp up + vol up),"{""dedupe_key"":""NIFTY|OPTION_MOMENTUM_CALL|ON|2026-08-05 15:14"",""threshold"":1.5,""value"":8.95,""since_minute_bucket_ist"":"""",""last_updated_ist"":""2026-08-05 15:14:00""}"
2026-08-05 00:00:00,2026-08-05 15:15:00,361,NIFTY,TRADE_LIMIT_REACHED,ON,MED,17,Cooldown active (2m),"{""dedupe_key"":""NIFTY|TRADE_LIMIT_REACHED|ON|2026-08-05 15:15"",""threshold"":500,""value"":17,""since_minute_bucket_ist"":"""",""last_updated_ist"":""2026-08-05 15:15:00""}"
2026-08-05 00:00:00,2026-08-05 15:15:00,361,NIFTY,FLOW_BOTH_UNWINDING,OFF,MED,0,Both sides unwinding,"{""dedupe_key"":""NIFTY|FLOW_BOTH_UNWINDING|OFF|2026-08-05 15:15"",""threshold"":-0.005,""value"":0,""since_minute_bucket_ist"":""2026-08-05 15:14"",""last_updated_ist"":""2026-08-05 15:15:00""}"
2026-08-05 00:00:00,2026-08-05 15:15:00,361,NIFTY,EXP_RANGE_BREAKOUT_CONFIRMED_UP,ON,HIGH,2,Expected-range breakout CONFIRMED UP,"{""dedupe_key"":""NIFTY|EXP_RANGE_BREAKOUT_CONFIRMED_UP|ON|2026-08-05 15:15"",""threshold"":2,""value"":2,""since_minute_bucket_ist"":"""",""last_updated_ist"":""2026-08-05 15:15:00""}"
2026-08-05 00:00:00,2026-08-05 15:15:00,361,NIFTY,OPTION_MOMENTUM_CALL,OFF,MED,0,ATM CALL momentum (ltp up + vol up),"{""dedupe_key"":""NIFTY|OPTION_MOMENTUM_CALL|OFF|2026-08-05 15:15"",""threshold"":1.5,""value"":0,""since_minute_bucket_ist"":""2026-08-05 15:14"",""last_updated_ist"":""2026-08-05 15:15:00""}"
2026-08-05 00:00:00,2026-08-05 15:16:00,362,NIFTY,FLOW_BOTH_UNWINDING,ON,MED,-0.0159,Both sides unwinding,"{""dedupe_key"":""NIFTY|FLOW_BOTH_UNWINDING|ON|2026-08-05 15:16"",""threshold"":-0.005,""value"":-0.0159,""since_minute_bucket_ist"":"""",""last_updated_ist"":""2026-08-05 15:16:00""}"
2026-08-05 00:00:00,2026-08-05 15:16:00,362,NIFTY,REGIME_TREND_UP,ON,MED,0.0016,Trend UP (slope + direction),"{""dedupe_key"":""NIFTY|REGIME_TREND_UP|ON|2026-08-05 15:16"",""threshold"":0.001,""value"":0.0016,""since_minute_bucket_ist"":"""",""last_updated_ist"":""2026-08-05 15:16:00""}"
2026-08-05 00:00:00,2026-08-05 15:16:00,362,NIFTY,REGIME_TRANSITION_UNCERTAIN,OFF,LOW,1,Transition/uncertain regime,"{""dedupe_key"":""NIFTY|REGIME_TRANSITION_UNCERTAIN|OFF|2026-08-05 15:16"",""threshold"":1,""value"":1,""since_minute_bucket_ist"":""2026-08-05 15:14"",""last_updated_ist"":""2026-08-05 15:16:00""}"
2026-08-05 00:00:00,2026-08-05 15:16:00,362,NIFTY,VOL_CONTRACTION,ON,LOW,-0.0161,Volatility contracting (straddle down),"{""dedupe_key"":""NIFTY|VOL_CONTRACTION|ON|2026-08-05 15:16"",""threshold"":-0.03,""value"":-0.0161,""since_minute_bucket_ist"":"""",""last_updated_ist"":""2026-08-05 15:16:00""}"
2026-08-05 00:00:00,2026-08-05 15:16:00,362,NIFTY,OPTION_MOMENTUM_CALL,ON,MED,7.2,ATM CALL momentum (ltp up + vol up),"{""dedupe_key"":""NIFTY|OPTION_MOMENTUM_CALL|ON|2026-08-05 15:16"",""threshold"":1.5,""value"":7.2,""since_minute_bucket_ist"":"""",""last_updated_ist"":""2026-08-05 15:16:00""}"
2026-08-05 00:00:00,2026-08-05 15:17:00,363,NIFTY,TRADE_LIMIT_REACHED,OFF,MED,17,Cooldown active (2m),"{""dedupe_key"":""NIFTY|TRADE_LIMIT_REACHED|OFF|2026-08-05 15:17"",""threshold"":500,""value"":17,""since_minute_bucket_ist"":""2026-08-05 15:15"",""last_updated_ist"":""2026-08-05 15:17:00""}"
2026-08-05 00:00:00,2026-08-05 15:17:00,363,NIFTY,OPTION_MOMENTUM_CALL,OFF,MED,-12.95,ATM CALL momentum (ltp up + vol up),"{""dedupe_key"":""NIFTY|OPTION_MOMENTUM_CALL|OFF|2026-08-05 15:17"",""threshold"":1.5,""value"":-12.95,""since_minute_bucket_ist"":""2026-08-05 15:16"",""last_updated_ist"":""2026-08-05 15:17:00""}"
2026-08-05 00:00:00,2026-08-05 15:17:00,363,NIFTY,OPTION_MOMENTUM_PUT,ON,MED,12.6,ATM PUT momentum (ltp up + vol up),"{""dedupe_key"":""NIFTY|OPTION_MOMENTUM_PUT|ON|2026-08-05 15:17"",""threshold"":1.5,""value"":12.6,""since_minute_bucket_ist"":"""",""last_updated_ist"":""2026-08-05 15:17:00""}"
2026-08-05 00:00:00,2026-08-05 15:18:00,364,NIFTY,FLOW_BOTH_UNWINDING,OFF,MED,0,Both sides unwinding,"{""dedupe_key"":""NIFTY|FLOW_BOTH_UNWINDING|OFF|2026-08-05 15:18"",""threshold"":-0.005,""value"":0,""since_minute_bucket_ist"":""2026-08-05 15:16"",""last_updated_ist"":""2026-08-05 15:18:00""}"
2026-08-05 00:00:00,2026-08-05 15:18:00,364,NIFTY,EXP_RANGE_BREAKOUT_WATCH_UP,OFF,MED,1967-04-08 04:48:00,Expected-range watch UP,"{""dedupe_key"":""NIFTY|EXP_RANGE_BREAKOUT_WATCH_UP|OFF|2026-08-05 15:18"",""threshold"":24570.51,""value"":24570.2,""since_minute_bucket_ist"":""2026-08-05 15:14"",""last_updated_ist"":""2026-08-05 15:18:00""}"
2026-08-05 00:00:00,2026-08-05 15:18:00,364,NIFTY,EXP_RANGE_BREAKOUT_CONFIRMED_UP,OFF,HIGH,0,Expected-range breakout CONFIRMED UP,"{""dedupe_key"":""NIFTY|EXP_RANGE_BREAKOUT_CONFIRMED_UP|OFF|2026-08-05 15:18"",""threshold"":2,""value"":0,""since_minute_bucket_ist"":""2026-08-05 15:15"",""last_updated_ist"":""2026-08-05 15:18:00""}"
2026-08-05 00:00:00,2026-08-05 15:18:00,364,NIFTY,OPTION_MOMENTUM_PUT,OFF,MED,0,ATM PUT momentum (ltp up + vol up),"{""dedupe_key"":""NIFTY|OPTION_MOMENTUM_PUT|OFF|2026-08-05 15:18"",""threshold"":1.5,""value"":0,""since_minute_bucket_ist"":""2026-08-05 15:17"",""last_updated_ist"":""2026-08-05 15:18:00""}"
2026-08-05 00:00:00,2026-08-05 15:19:00,365,NIFTY,REGIME_TREND_UP,OFF,MED,0.0003,Trend UP (slope + direction),"{""dedupe_key"":""NIFTY|REGIME_TREND_UP|OFF|2026-08-05 15:19"",""threshold"":0.001,""value"":0.0003,""since_minute_bucket_ist"":""2026-08-05 15:16"",""last_updated_ist"":""2026-08-05 15:19:00""}"
2026-08-05 00:00:00,2026-08-05 15:19:00,365,NIFTY,REGIME_RANGE_PIN,ON,LOW,0.0003,Range / pin (inside local walls),"{""dedupe_key"":""NIFTY|REGIME_RANGE_PIN|ON|2026-08-05 15:19"",""threshold"":0.001,""value"":0.0003,""since_minute_bucket_ist"":"""",""last_updated_ist"":""2026-08-05 15:19:00""}"
2026-08-05 00:00:00,2026-08-05 15:19:00,365,NIFTY,VOL_CONTRACTION,OFF,LOW,-0.0036,Volatility contracting (straddle down),"{""dedupe_key"":""NIFTY|VOL_CONTRACTION|OFF|2026-08-05 15:19"",""threshold"":-0.03,""value"":-0.0036,""since_minute_bucket_ist"":""2026-08-05 15:16"",""last_updated_ist"":""2026-08-05 15:19:00""}"
2026-08-05 00:00:00,2026-08-05 15:19:00,365,NIFTY,OPTION_MOMENTUM_CALL,ON,MED,1900-01-01 01:12:00,ATM CALL momentum (ltp up + vol up),"{""dedupe_key"":""NIFTY|OPTION_MOMENTUM_CALL|ON|2026-08-05 15:19"",""threshold"":1.5,""value"":2.05,""since_minute_bucket_ist"":"""",""last_updated_ist"":""2026-08-05 15:19:00""}"
2026-08-05 00:00:00,2026-08-05 15:20:00,366,NIFTY,FLOW_BOTH_UNWINDING,ON,MED,-0.0053,Both sides unwinding,"{""dedupe_key"":""NIFTY|FLOW_BOTH_UNWINDING|ON|2026-08-05 15:20"",""threshold"":-0.005,""value"":-0.0053,""since_minute_bucket_ist"":"""",""last_updated_ist"":""2026-08-05 15:20:00""}"
2026-08-05 00:00:00,2026-08-05 15:20:00,366,NIFTY,OPTION_MOMENTUM_CALL,OFF,MED,-2.2,ATM CALL momentum (ltp up + vol up),"{""dedupe_key"":""NIFTY|OPTION_MOMENTUM_CALL|OFF|2026-08-05 15:20"",""threshold"":1.5,""value"":-2.2,""since_minute_bucket_ist"":""2026-08-05 15:19"",""last_updated_ist"":""2026-08-05 15:20:00""}"
2026-08-05 00:00:00,2026-08-05 15:20:00,366,NIFTY,OPTION_MOMENTUM_PUT,ON,MED,2.25,ATM PUT momentum (ltp up + vol up),"{""dedupe_key"":""NIFTY|OPTION_MOMENTUM_PUT|ON|2026-08-05 15:20"",""threshold"":1.5,""value"":2.25,""since_minute_bucket_ist"":"""",""last_updated_ist"":""2026-08-05 15:20:00""}"
2026-08-05 00:00:00,2026-08-05 15:21:00,367,NIFTY,FLOW_BOTH_UNWINDING,OFF,MED,0,Both sides unwinding,"{""dedupe_key"":""NIFTY|FLOW_BOTH_UNWINDING|OFF|2026-08-05 15:21"",""threshold"":-0.005,""value"":0,""since_minute_bucket_ist"":""2026-08-05 15:20"",""last_updated_ist"":""2026-08-05 15:21:00""}"
2026-08-05 00:00:00,2026-08-05 15:21:00,367,NIFTY,OPTION_MOMENTUM_PUT,OFF,MED,0,ATM PUT momentum (ltp up + vol up),"{""dedupe_key"":""NIFTY|OPTION_MOMENTUM_PUT|OFF|2026-08-05 15:21"",""threshold"":1.5,""value"":0,""since_minute_bucket_ist"":""2026-08-05 15:20"",""last_updated_ist"":""2026-08-05 15:21:00""}"
2026-08-05 00:00:00,2026-08-05 15:22:00,368,NIFTY,FLOW_BOTH_UNWINDING,ON,MED,-0.0094,Both sides unwinding,"{""dedupe_key"":""NIFTY|FLOW_BOTH_UNWINDING|ON|2026-08-05 15:22"",""threshold"":-0.005,""value"":-0.0094,""since_minute_bucket_ist"":"""",""last_updated_ist"":""2026-08-05 15:22:00""}"
2026-08-05 00:00:00,2026-08-05 15:22:00,368,NIFTY,OPTION_MOMENTUM_CALL,ON,MED,2.5,ATM CALL momentum (ltp up + vol up),"{""dedupe_key"":""NIFTY|OPTION_MOMENTUM_CALL|ON|2026-08-05 15:22"",""threshold"":1.5,""value"":2.5,""since_minute_bucket_ist"":"""",""last_updated_ist"":""2026-08-05 15:22:00""}"
2026-08-05 00:00:00,2026-08-05 15:23:00,369,NIFTY,FLOW_BOTH_UNWINDING,OFF,MED,-0.0025,Both sides unwinding,"{""dedupe_key"":""NIFTY|FLOW_BOTH_UNWINDING|OFF|2026-08-05 15:23"",""threshold"":-0.005,""value"":-0.0025,""since_minute_bucket_ist"":""2026-08-05 15:22"",""last_updated_ist"":""2026-08-05 15:23:00""}"
2026-08-05 00:00:00,2026-08-05 15:23:00,369,NIFTY,OPTION_MOMENTUM_CALL,OFF,MED,-3.95,ATM CALL momentum (ltp up + vol up),"{""dedupe_key"":""NIFTY|OPTION_MOMENTUM_CALL|OFF|2026-08-05 15:23"",""threshold"":1.5,""value"":-3.95,""since_minute_bucket_ist"":""2026-08-05 15:22"",""last_updated_ist"":""2026-08-05 15:23:00""}"
2026-08-05 00:00:00,2026-08-05 15:23:00,369,NIFTY,OPTION_MOMENTUM_PUT,ON,MED,2.75,ATM PUT momentum (ltp up + vol up),"{""dedupe_key"":""NIFTY|OPTION_MOMENTUM_PUT|ON|2026-08-05 15:23"",""threshold"":1.5,""value"":2.75,""since_minute_bucket_ist"":"""",""last_updated_ist"":""2026-08-05 15:23:00""}"
2026-08-05 00:00:00,2026-08-05 15:24:00,370,NIFTY,OPTION_MOMENTUM_PUT,OFF,MED,-0.8,ATM PUT momentum (ltp up + vol up),"{""dedupe_key"":""NIFTY|OPTION_MOMENTUM_PUT|OFF|2026-08-05 15:24"",""threshold"":1.5,""value"":-0.8,""since_minute_bucket_ist"":""2026-08-05 15:23"",""last_updated_ist"":""2026-08-05 15:24:00""}"
2026-08-05 00:00:00,2026-08-05 15:25:00,371,NIFTY,VOL_EXPANSION,ON,MED,-0.0007,Volatility expanding (straddle up),"{""dedupe_key"":""NIFTY|VOL_EXPANSION|ON|2026-08-05 15:25"",""threshold"":0.02,""value"":-0.0007,""since_minute_bucket_ist"":"""",""last_updated_ist"":""2026-08-05 15:25:00""}"
2026-08-05 00:00:00,2026-08-05 15:26:00,372,NIFTY,TIME_ENTRY_BLOCK,ON,MED,1899-12-30 15:26:00,Entry window closed (time gate),"{""dedupe_key"":""NIFTY|TIME_ENTRY_BLOCK|ON|2026-08-05 15:26"",""threshold"":""09:15-15:25"",""value"":""15:26"",""since_minute_bucket_ist"":"""",""last_updated_ist"":""2026-08-05 15:26:00""}"
2026-08-05 00:00:00,2026-08-05 15:26:00,372,NIFTY,VOL_EXPANSION,OFF,MED,-0.0049,Volatility expanding (straddle up),"{""dedupe_key"":""NIFTY|VOL_EXPANSION|OFF|2026-08-05 15:26"",""threshold"":0.02,""value"":-0.0049,""since_minute_bucket_ist"":""2026-08-05 15:25"",""last_updated_ist"":""2026-08-05 15:26:00""}"
2026-08-05 00:00:00,2026-08-05 15:26:00,372,NIFTY,OPTION_MOMENTUM_PUT,ON,MED,6.5,ATM PUT momentum (ltp up + vol up),"{""dedupe_key"":""NIFTY|OPTION_MOMENTUM_PUT|ON|2026-08-05 15:26"",""threshold"":1.5,""value"":6.5,""since_minute_bucket_ist"":"""",""last_updated_ist"":""2026-08-05 15:26:00""}"
2026-08-05 00:00:00,2026-08-05 15:27:00,373,NIFTY,FLOW_BOTH_UNWINDING,ON,MED,-0.0113,Both sides unwinding,"{""dedupe_key"":""NIFTY|FLOW_BOTH_UNWINDING|ON|2026-08-05 15:27"",""threshold"":-0.005,""value"":-0.0113,""since_minute_bucket_ist"":"""",""last_updated_ist"":""2026-08-05 15:27:00""}"
2026-08-05 00:00:00,2026-08-05 15:27:00,373,NIFTY,VOL_CONTRACTION,ON,LOW,-0.004,Volatility contracting (straddle down),"{""dedupe_key"":""NIFTY|VOL_CONTRACTION|ON|2026-08-05 15:27"",""threshold"":-0.03,""value"":-0.004,""since_minute_bucket_ist"":"""",""last_updated_ist"":""2026-08-05 15:27:00""}"
2026-08-05 00:00:00,2026-08-05 15:27:00,373,NIFTY,OPTION_MOMENTUM_CALL,ON,MED,9.15,ATM CALL momentum (ltp up + vol up),"{""dedupe_key"":""NIFTY|OPTION_MOMENTUM_CALL|ON|2026-08-05 15:27"",""threshold"":1.5,""value"":9.15,""since_minute_bucket_ist"":"""",""last_updated_ist"":""2026-08-05 15:27:00""}"
2026-08-05 00:00:00,2026-08-05 15:27:00,373,NIFTY,OPTION_MOMENTUM_PUT,OFF,MED,-10.1,ATM PUT momentum (ltp up + vol up),"{""dedupe_key"":""NIFTY|OPTION_MOMENTUM_PUT|OFF|2026-08-05 15:27"",""threshold"":1.5,""value"":-10.1,""since_minute_bucket_ist"":""2026-08-05 15:26"",""last_updated_ist"":""2026-08-05 15:27:00""}"
2026-08-05 00:00:00,2026-08-05 15:28:00,374,NIFTY,FLOW_BEARISH_BUILD,ON,HIGH,-0.0064,Bearish build (premium-confirmed writing / resistance),"{""dedupe_key"":""NIFTY|FLOW_BEARISH_BUILD|ON|2026-08-05 15:28"",""threshold"":0.005,""value"":-0.0064,""since_minute_bucket_ist"":"""",""last_updated_ist"":""2026-08-05 15:28:00""}"
2026-08-05 00:00:00,2026-08-05 15:28:00,374,NIFTY,REGIME_TREND_UP,ON,MED,0.0022,Trend UP (slope + direction),"{""dedupe_key"":""NIFTY|REGIME_TREND_UP|ON|2026-08-05 15:28"",""threshold"":0.001,""value"":0.0022,""since_minute_bucket_ist"":"""",""last_updated_ist"":""2026-08-05 15:28:00""}"
2026-08-05 00:00:00,2026-08-05 15:28:00,374,NIFTY,REGIME_RANGE_PIN,OFF,LOW,0.0008,Range / pin (inside local walls),"{""dedupe_key"":""NIFTY|REGIME_RANGE_PIN|OFF|2026-08-05 15:28"",""threshold"":0.001,""value"":0.0008,""since_minute_bucket_ist"":""2026-08-05 15:19"",""last_updated_ist"":""2026-08-05 15:28:00""}"
2026-08-05 00:00:00,2026-08-05 15:28:00,374,NIFTY,PIN_BASIC,OFF,LOW,37.5,Spot near a local wall (pin zone),"{""dedupe_key"":""NIFTY|PIN_BASIC|OFF|2026-08-05 15:28"",""threshold"":37.5,""value"":37.5,""since_minute_bucket_ist"":""2026-08-05 15:14"",""last_updated_ist"":""2026-08-05 15:28:00""}"
2026-08-05 00:00:00,2026-08-05 15:28:00,374,NIFTY,EXP_RANGE_BREAKOUT_WATCH_UP,ON,MED,24624.65,Expected-range watch UP,"{""dedupe_key"":""NIFTY|EXP_RANGE_BREAKOUT_WATCH_UP|ON|2026-08-05 15:28"",""threshold"":24595.48,""value"":24624.65,""since_minute_bucket_ist"":"""",""last_updated_ist"":""2026-08-05 15:28:00""}"
2026-08-05 00:00:00,2026-08-05 15:28:00,374,NIFTY,OPTION_MOMENTUM_CALL,OFF,MED,-3.55,ATM CALL momentum (ltp up + vol up),"{""dedupe_key"":""NIFTY|OPTION_MOMENTUM_CALL|OFF|2026-08-05 15:28"",""threshold"":1.5,""value"":-3.55,""since_minute_bucket_ist"":""2026-08-05 15:27"",""last_updated_ist"":""2026-08-05 15:28:00""}"
2026-08-05 00:00:00,2026-08-05 15:28:00,374,NIFTY,OPTION_MOMENTUM_PUT,ON,MED,1.65,ATM PUT momentum (ltp up + vol up),"{""dedupe_key"":""NIFTY|OPTION_MOMENTUM_PUT|ON|2026-08-05 15:28"",""threshold"":1.5,""value"":1.65,""since_minute_bucket_ist"":"""",""last_updated_ist"":""2026-08-05 15:28:00""}"
2026-08-05 00:00:00,2026-08-05 15:28:00,374,NIFTY,WALL_UNWIND_CONFIRM_UP,OFF,MED,0,Call wall OI unwinding (5m),"{""dedupe_key"":""NIFTY|WALL_UNWIND_CONFIRM_UP|OFF|2026-08-05 15:28"",""threshold"":-0.006,""value"":0,""since_minute_bucket_ist"":""2026-08-05 14:56"",""last_updated_ist"":""2026-08-05 15:28:00""}"
2026-08-05 00:00:00,2026-08-05 15:28:00,374,NIFTY,WALL_SHIFT_REGIME,ON,MED,1,Wall strike shifted materially (>= 1 step),"{""dedupe_key"":""NIFTY|WALL_SHIFT_REGIME|ON|2026-08-05 15:28"",""threshold"":1,""value"":1,""since_minute_bucket_ist"":"""",""last_updated_ist"":""2026-08-05 15:28:00""}"
2026-08-05 00:00:00,2026-08-05 15:29:00,375,NIFTY,FLOW_BOTH_UNWINDING,OFF,MED,0,Both sides unwinding,"{""dedupe_key"":""NIFTY|FLOW_BOTH_UNWINDING|OFF|2026-08-05 15:29"",""threshold"":-0.005,""value"":0,""since_minute_bucket_ist"":""2026-08-05 15:27"",""last_updated_ist"":""2026-08-05 15:29:00""}"
2026-08-05 00:00:00,2026-08-05 15:29:00,375,NIFTY,FLOW_BEARISH_BUILD,OFF,HIGH,0,Bearish build (premium-confirmed writing / resistance),"{""dedupe_key"":""NIFTY|FLOW_BEARISH_BUILD|OFF|2026-08-05 15:29"",""threshold"":0.005,""value"":0,""since_minute_bucket_ist"":""2026-08-05 15:28"",""last_updated_ist"":""2026-08-05 15:29:00""}"
2026-08-05 00:00:00,2026-08-05 15:29:00,375,NIFTY,EXP_RANGE_BREAKOUT_CONFIRMED_UP,ON,HIGH,2,Expected-range breakout CONFIRMED UP,"{""dedupe_key"":""NIFTY|EXP_RANGE_BREAKOUT_CONFIRMED_UP|ON|2026-08-05 15:29"",""threshold"":2,""value"":2,""since_minute_bucket_ist"":"""",""last_updated_ist"":""2026-08-05 15:29:00""}"
2026-08-05 00:00:00,2026-08-05 15:29:00,375,NIFTY,OPTION_MOMENTUM_PUT,OFF,MED,0.7,ATM PUT momentum (ltp up + vol up),"{""dedupe_key"":""NIFTY|OPTION_MOMENTUM_PUT|OFF|2026-08-05 15:29"",""threshold"":1.5,""value"":0.7,""since_minute_bucket_ist"":""2026-08-05 15:28"",""last_updated_ist"":""2026-08-05 15:29:00""}"
2026-08-05 00:00:00,2026-08-05 15:29:00,375,NIFTY,WALL_SHIFT_REGIME,OFF,MED,1,Wall strike shifted materially (>= 1 step),"{""dedupe_key"":""NIFTY|WALL_SHIFT_REGIME|OFF|2026-08-05 15:29"",""threshold"":1,""value"":1,""since_minute_bucket_ist"":""2026-08-05 15:28"",""last_updated_ist"":""2026-08-05 15:29:00""}"
2026-08-05 00:00:00,2026-08-05 15:31:00,377,NIFTY,OPTION_MOMENTUM_PUT,ON,MED,2.1,ATM PUT momentum (ltp up + vol up),"{""dedupe_key"":""NIFTY|OPTION_MOMENTUM_PUT|ON|2026-08-05 15:31"",""threshold"":1.5,""value"":2.1,""since_minute_bucket_ist"":"""",""last_updated_ist"":""2026-08-05 15:31:00""}"
2026-08-05 00:00:00,2026-08-05 15:32:00,378,NIFTY,EXP_RANGE_BREAKOUT_WATCH_UP,OFF,MED,24624.65,Expected-range watch UP,"{""dedupe_key"":""NIFTY|EXP_RANGE_BREAKOUT_WATCH_UP|OFF|2026-08-05 15:32"",""threshold"":24629.88,""value"":24624.65,""since_minute_bucket_ist"":""2026-08-05 15:28"",""last_updated_ist"":""2026-08-05 15:32:00""}"
2026-08-05 00:00:00,2026-08-05 15:32:00,378,NIFTY,EXP_RANGE_BREAKOUT_CONFIRMED_UP,OFF,HIGH,0,Expected-range breakout CONFIRMED UP,"{""dedupe_key"":""NIFTY|EXP_RANGE_BREAKOUT_CONFIRMED_UP|OFF|2026-08-05 15:32"",""threshold"":2,""value"":0,""since_minute_bucket_ist"":""2026-08-05 15:29"",""last_updated_ist"":""2026-08-05 15:32:00""}"
2026-08-05 00:00:00,2026-08-05 15:32:00,378,NIFTY,OPTION_MOMENTUM_PUT,OFF,MED,0.3,ATM PUT momentum (ltp up + vol up),"{""dedupe_key"":""NIFTY|OPTION_MOMENTUM_PUT|OFF|2026-08-05 15:32"",""threshold"":1.5,""value"":0.3,""since_minute_bucket_ist"":""2026-08-05 15:31"",""last_updated_ist"":""2026-08-05 15:32:00""}"