date_ist,minute_bucket_ist,run_id,symbol,nse_status,spot,Δspot,call_oi_sum,Δcall_oi,put_oi_sum,Δput_oi,call_coi_sum,Δcall_coi,put_coi_sum,Δput_coi,net_diff,expected_move,churn,commitment,tv_ratio,tv_ratio_z,top_call_write_strike,top_call_write_score,top_put_write_strike,top_put_write_score,top_call_unwind_strike,top_call_unwind_score,top_put_unwind_strike,top_put_unwind_score,bucket_epoch_ms,expiry_used,atm_strike,overlap_strikes,d_call_oi_aligned,d_put_oi_aligned,call_oi_prev_aligned,put_oi_prev_aligned,call_oi_pct_aligned,put_oi_pct_aligned,d_net_oi_1m,total_vol_cum,d_total_vol_1m,d_total_vol_5m,atm_call_ltp,atm_put_ltp,d_atm_call_ltp_1m,d_atm_put_ltp_1m,d_atm_call_vol_1m,d_atm_put_vol_1m,call_wall_above,put_wall_below,call_wall_above_oi,put_wall_below_oi,d_call_wall_oi_5m,d_put_wall_oi_5m,call_wall_oi_pct_5m,put_wall_oi_pct_5m,d_expected_move_1m,d_expected_move_5m,expected_move_z
2026-07-28 00:00:00,2026-07-28 09:15:00,1,NIFTY,OK,24002.4,0,1391898,0,1426152,0,0,0,0,0,0,95.5,0,0,0.11515159164920827,0,0,0,0,0,0,0,0,0,1785210350677,2026-07-28 00:00:00,24000,0,0,0,0,0,0,0,0,1038207,0,0,39.45,56.05,0,0,0,0,24200,24000,226746,208738,0,0,0,0,0,0,0
2026-07-28 00:00:00,2026-07-28 09:16:00,2,NIFTY,OK,24002.4,0,1391898,0,1426152,0,0,0,0,0,0,95.5,0,0,0.11515159164920827,0,0,0,0,0,0,0,0,0,1785210411046,2026-07-28 00:00:00,24000,17,0,0,1391898,1426152,0,0,0,1038207,0,0,39.45,56.05,0,0,0,0,24200,24000,226746,208738,0,0,0,0,0,0,0
2026-07-28 00:00:00,2026-07-28 09:17:00,3,NIFTY,OK,24004.95,2.5499999999992724,1435762,43864,1450371,24219,43864,43864,24219,24219,-19645,87.69999999999999,0.730503064134605,0.03229239838753819,0.07635837187551991,0,24000,547728.5,23950,95886,0,0,24200,2070.25,1785210469702,2026-07-28 00:00:00,24000,17,43864,24219,1391898,1426152,0.03151380345398873,0.016982060818201708,68083,3146536,2108329,2108329,46.9,40.8,7.449999999999996,-15.25,218660,189850,24200,24000,229122,214585,0,0,0,0,-7.800000000000011,0,0
2026-07-28 00:00:00,2026-07-28 09:18:00,4,NIFTY,BLOCKED,0,0,0,0,0,0,0,0,0,0,0,0,0,0,0,0,0,0,0,0,0,0,0,0,1785210529940,2026-07-28 00:00:00,0,0,0,0,0,0,0,0,0,0,0,0,0,0,0,0,0,0,0,0,0,0,0,0,0,0,0,0,0
2026-07-28 00:00:00,2026-07-28 09:19:00,5,NIFTY,OK,24014.35,9.399999999997817,1607122,171360,1620537,170166,215224,171360,194385,170166,-1194,91.35,1.0785656105555141,0.11766174256199367,0.07782513270722854,0,24000,1529519.9,24000,694726.2,0,0,24300,481.40000000000003,1785210590006,2026-07-28 00:00:00,24000,17,171360,170166,1435762,1450371,0.11935125738109797,0.11732584283607436,341526,4519449,1372913,3481242,54.1,37.25,7.200000000000003,-3.549999999999997,147992,116988,24000,24000,261513,263875,0,0,0,0,3.6500000000000057,0,0
2026-07-28 00:00:00,2026-07-28 09:20:00,6,NIFTY,OK,24036.2,21.850000000002183,1819600,175834,1849584,351732,393587,178363,550025,355640,175898,89.95,1.9793253758873908,0.12904286934446485,0.07791230241251307,-0.7865956037350829,24050,1046308.6,24000,3197774.5,23700,4568.85,0,0,1785210650676,2026-07-28 00:00:00,24050,16,175834,351732,1598943,1496963,0.1099688982033756,0.23496372321827594,527566,8248288,3781267,7262509,37.5,52.45,7.300000000000001,-12.049999999999997,365340,164602,24200,24000,260473,368228,0,0,0,0,-1.3999999999999915,0,-0.6643041551133669
2026-07-28 00:00:00,2026-07-28 09:21:00,7,NIFTY,OK,24035,-1.2000000000007276,1882513,62913,1947900,98316,456500,62913,648341,98316,35403,89.35,2.1313967971599928,0.13454023882520244,0.07577849363399294,-0.7725458361010475,24050,1238558.75,24000,3966277.5,23700,5516,0,0,1785210710219,2026-07-28 00:00:00,24050,17,62913,98316,1819600,1849584,0.03457518135854034,0.05315573664132043,161229,9149909,901621,8164130,37.65,51.7,0.14999999999999858,-0.75,80455,41149,24200,24000,262179,402688,35433,193950,0.15626736524569343,0.9291552089221895,-0.6000000000000085,-6.150000000000006,-0.7397704955343062
2026-07-28 00:00:00,2026-07-28 09:22:00,8,NIFTY,BLOCKED,0,0,0,0,0,0,0,0,0,0,0,0,0,0,0,0,0,0,0,0,0,0,0,0,1785210770021,2026-07-28 00:00:00,0,0,0,0,0,0,0,0,0,0,0,0,0,0,0,0,0,0,0,0,0,0,0,0,0,0,0,0,0
2026-07-28 00:00:00,2026-07-28 09:23:00,9,NIFTY,OK,24019.9,-15.099999999998545,1889557,46236,2190566,108439,497659,41159,764414,116073,62203,89.95,2.2190718270012937,0.13839928182701158,0.07663060871791404,-0.6475596313643767,24050,1994926.95,24000,4089123.9999999995,0,0,0,0,1785210829842,2026-07-28 00:00:00,24000,16,46236,108439,1835207,1947012,0.02519388820988586,0.055695085597828875,154675,10205577,889956,9054086,57,32.95,-8.549999999999997,3.5500000000000043,73817,97961,24000,24000,282695,450698,0,241960,0,1.1591564545027737,0.6000000000000085,-5.549999999999997,-0.48877835651014323
2026-07-28 00:00:00,2026-07-28 09:24:00,10,NIFTY,BLOCKED,0,0,0,0,0,0,0,0,0,0,0,0,0,0,0,0,0,0,0,0,0,0,0,0,1785210894448,2026-07-28 00:00:00,0,0,0,0,0,0,0,0,0,0,0,0,0,0,0,0,0,0,0,0,0,0,0,0,0,0,0,0,0
2026-07-28 00:00:00,2026-07-28 09:25:00,11,NIFTY,OK,24010.75,-9.150000000001455,2003992,114435,2209742,19176,612094,114435,783590,19176,-95259,88.95,2.1180753222676136,0.14774298190947996,0.08071674319260233,-0.3807221184368646,24000,2838566.1,24000,3210157.6,0,0,24300,7035.700000000001,1785210949649,2026-07-28 00:00:00,24000,17,114435,19176,1889557,2190566,0.06056181422418059,0.008753901959584875,133611,12184826,1979249,8925006,52.7,36.25,-4.299999999999997,3.299999999999997,171817,315095,24000,24000,313397,444779,0,230194,0,1.07274040589976,-1,1.2500000000000142,-0.7559771564714957
2026-07-28 00:00:00,2026-07-28 09:26:00,12,NIFTY,OK,23997.45,-13.299999999999272,2057514,53522,2193170,-16572,665616,53522,767018,-16572,-70094,89,2.1437973276771456,0.11127783987125525,0.07850510321540942,-0.4794592201260247,24000,4305652.5,24000,1179100,0,0,24300,24926,1785211010733,2026-07-28 00:00:00,24000,17,53522,-16572,2003992,2209742,0.026707691447870052,-0.007499518043282881,36950,13745338,1560512,9112605,44.35,44.65,-8.350000000000001,8.399999999999999,139324,275253,24000,24000,327656,435488,66143,171613,0.25292432880965765,0.6503571766935102,0.04999999999999716,-2.3499999999999943,-0.6754903041153363
2026-07-28 00:00:00,2026-07-28 09:27:00,13,NIFTY,OK,24000.5,3.0499999999992724,2131412,73898,2145104,-48066,739514,73898,718952,-48066,-121964,89.05000000000001,1.4464178317116083,0.08282051833370543,0.07881439408476286,-0.43155711279416276,24000,5062980,24000,1138362,0,0,24300,29219,1785211071446,2026-07-28 00:00:00,24000,17,73898,-48066,2057514,2193170,0.0359161590151999,-0.0219162217247181,25832,14599629,854291,6185629,44.85,44.2,0.5,-0.44999999999999574,80259,129639,24000,24000,354106,410218,0,41990,0,0.11403261023061799,0.05000000000001137,-0.8999999999999915,-0.6100613464585618
2026-07-28 00:00:00,2026-07-28 09:28:00,14,NIFTY,OK,24005.25,4.75,2187232,55820,2134786,-10318,795334,55820,708634,-10318,-66138,89.65,1.3581697253458918,0.06755838211499286,0.08097046899180191,-0.07989059464205349,24000,5698812.5,23900,1055827.1,0,0,24300,31624.000000000004,1785211129926,2026-07-28 00:00:00,24000,17,55820,-10318,2131412,2145104,0.026189211658750162,-0.004810023197010495,45502,15185655,586026,5870034,44.8,44.85,-0.05000000000000426,0.6499999999999986,52615,66640,24000,24000,374193,406343,0,3655,0,0.009076505880483154,0.5999999999999943,0.30000000000001137,-0.19532149623357992
2026-07-28 00:00:00,2026-07-28 09:29:00,15,NIFTY,OK,24006.35,1.0999999999985448,2245859,58627,2160561,25775,853961,58627,734409,25775,-32852,88.6,1.3266847009590552,0.05581609769531965,0.08071427657751226,1.2761611844442138,24000,5226888.3,24000,2190837,0,0,24300,17955.75,1785211193456,2026-07-28 00:00:00,24000,17,58627,25775,2187232,2134786,0.026804198182908807,0.012073809740180045,84402,16051507,865852,5845930,49.75,38.85,4.950000000000003,-6,125871,113806,24000,24000,390572,407905,107877,-42793,0.3816020799801907,-0.09494828022312059,-1.0500000000000114,-1.3500000000000085,-0.8204946625873006
2026-07-28 00:00:00,2026-07-28 09:30:00,16,NIFTY,OK,24012.3,5.950000000000728,2272823,26964,2169268,8707,880925,26964,743116,8707,-18257,88.15,1.0233925869596099,0.050232478949090005,0.07462304154549763,-1.766745945036934,24000,5101900.65,24000,2423639.8,0,0,24300,16796.149999999998,1785211253526,2026-07-28 00:00:00,24000,17,26964,8707,2245859,2160561,0.012006096553701724,0.004029971845275371,35671,16730829,679322,4546003,50.5,37.65,0.75,-1.2000000000000028,81026,104443,24000,24000,391514,407397,78117,-37382,0.24925892717543563,-0.08404623419720805,-0.44999999999998863,-0.7999999999999972,-1.4772483101470657
2026-07-28 00:00:00,2026-07-28 09:31:00,17,NIFTY,OK,24012.3,0,2272823,0,2169268,0,880925,0,743116,0,0,88.15,0.6720913641796172,0.06411240228156775,0.07462304154549763,-1.4217352355530464,24000,5101900.65,24000,2423639.8,0,0,24300,16796.149999999998,1785211310178,2026-07-28 00:00:00,24000,17,0,0,2272823,2169268,0,0,0,16730829,0,2985491,50.5,37.65,0,0,0,0,24000,24000,391514,407397,63858,-28091,0.19489342481138755,-0.06450464765963701,0,-0.8499999999999943,-1.4899561064603921
2026-07-28 00:00:00,2026-07-28 09:32:00,18,NIFTY,OK,23999.85,-12.450000000000728,2312580,39757,2235345,66077,920682,39757,809193,66077,26320,86.9,0.8119434687247481,0.07349963088918605,0.07654906991661321,-0.5264772986121139,24000,6600415.5,24000,1653274.8,0,0,24300,27281.600000000002,1785211369938,2026-07-28 00:00:00,24000,17,39757,66077,2272823,2169268,0.017492343222503468,0.03046050557146466,105834,18292287,1561458,3692658,44.35,42.55,-6.149999999999999,4.899999999999999,196126,228780,24000,24000,400046,435214,45940,24996,0.1297351640469238,0.060933454894714516,-1.25,-2.1500000000000057,-2.247282431393527
2026-07-28 00:00:00,2026-07-28 09:33:00,19,NIFTY,OK,23988.3,-11.549999999999272,2343926,31346,2250298,14953,952028,31346,824146,14953,-16393,87.5,0.8450802572969885,0.07011122764577765,0.07917708133051411,0.4559939777245959,24000,7721005.600000001,23900,1162284.9,0,0,24300,37285.299999999996,1785211429653,2026-07-28 00:00:00,24000,17,31346,14953,2312580,2235345,0.013554558112584214,0.0066893477293214244,46299,19068143,775856,3882488,40.7,46.8,-3.6499999999999986,4.25,87972,114948,24000,24000,410247,436529,36054,30186,0.09635134810111359,0.07428699399275981,0.5999999999999943,-2.1500000000000057,-1.225260618612579
2026-07-28 00:00:00,2026-07-28 09:34:00,20,NIFTY,OK,23988.3,0,2343926,0,2250298,0,952028,0,824146,0,0,87.5,0.6566149147277103,0.06225610249297562,0.07917708133051411,0.3509569192088545,24000,7721005.600000001,23900,1162284.9,0,0,24300,37285.299999999996,1785211490663,2026-07-28 00:00:00,24000,17,0,0,2343926,2250298,0,0,0,19068143,0,3016636,40.7,46.8,0,0,0,0,24000,24000,410247,436529,19675,28624,0.050374834857593476,0.07017320209362474,0,-1.0999999999999943,-1.0360302302803663
2026-07-28 00:00:00,2026-07-28 09:35:00,21,NIFTY,OK,23993,4.700000000000728,2381629,37703,2250895,597,989731,37703,824743,597,-37106,87.95,0.577922747944749,0.07113031662073008,0.07955127548406925,0.5941567568557063,24000,8928090,23900,975690,0,0,24300,43796.75,1785211550751,2026-07-28 00:00:00,24000,17,37703,597,2343926,2250298,0.01608540542662183,0.0002652981960611439,38300,19408070,339927,2677241,37.6,50.35,-3.1000000000000014,3.5500000000000043,35558,55308,24000,24000,424031,435667,32517,28270,0.0830545012438891,0.06939177264437392,0.45000000000000284,-0.20000000000000284,-0.3704250408214807
2026-07-28 00:00:00,2026-07-28 09:36:00,22,NIFTY,OK,24005.15,12.150000000001455,2406958,25329,2228652,-22243,1015060,25329,802500,-22243,-47572,85.75,0.8489855703995807,0.04917183449597847,0.07533312754025939,-1.1271713854493906,24000,7777908.050000001,24000,1622905.9000000001,0,0,24300,31785.600000000002,1785211609767,2026-07-28 00:00:00,24000,17,25329,-22243,2381629,2250895,0.010635157700884563,-0.00988184699863832,3086,20666395,1258325,3935566,43.6,42.15,6,-8.200000000000003,134683,199106,24000,24000,431520,419505,40006,12108,0.10218280827760949,0.029720395584650845,-2.200000000000003,-2.4000000000000057,-2.0745849587615437
2026-07-28 00:00:00,2026-07-28 09:37:00,23,NIFTY,OK,24013.5,8.349999999998545,2451717,44759,2260049,31397,1059819,44759,833897,31397,-13362,85.65,0.8443693935564712,0.04118190128820846,0.07403499742665978,-1.3354943037179812,24000,5981416.1,24000,3643185.4000000004,0,0,24300,8259.4,1785211669675,2026-07-28 00:00:00,24000,17,44759,31397,2406958,2228652,0.018595671382716276,0.014087888104558272,76156,22270758,1604363,3978471,52.4,33.25,8.799999999999997,-8.899999999999999,239588,219529,24000,24000,444745,428207,44699,-7007,0.11173465051519076,-0.01610012545552303,-0.09999999999999432,-1.25,-1.6512622913013755
2026-07-28 00:00:00,2026-07-28 09:38:00,24,NIFTY,OK,24016.25,2.75,2430164,-21553,2322549,62500,1038266,-21553,896397,62500,84053,84.55,0.8041752152928233,0.04146740435801648,0.06945964388253015,-2.116977196260045,24000,6295179.75,24000,3782984.4,0,0,24300,11657.1,1785211730705,2026-07-28 00:00:00,24000,17,-21553,62500,2451717,2260049,-0.00879098199343562,0.027654267672957533,40947,22890157,619399,3822014,50.3,34.25,-2.1000000000000014,1,76856,81578,24000,24000,436304,451237,26057,14708,0.06351539438435869,0.0336930650655512,-1.1000000000000085,-2.950000000000003,-1.9949799117617455
2026-07-28 00:00:00,2026-07-28 09:39:00,25,NIFTY,OK,24016.25,0,2430164,0,2322549,0,1038266,0,896397,0,0,84.55,0.8041752152928233,0.04146740435801648,0.06945964388253015,-1.6544645565625518,24000,6295179.75,24000,3782984.4,0,0,24300,11657.1,1785211790199,2026-07-28 00:00:00,24000,17,0,0,2430164,2322549,0,0,0,22890157,0,3822014,50.3,34.25,0,0,0,0,24000,24000,436304,451237,26057,14708,0.06351539438435869,0.0336930650655512,0,-2.950000000000003,-1.5623754912807437
2026-07-28 00:00:00,2026-07-28 09:40:00,26,NIFTY,OK,24020.05,3.7999999999992724,2448860,18696,2404676,82127,1056962,18696,978524,82127,63431,84.85,0.9340618880750035,0.04875082248759954,0.0701264976603075,-1.2194165073780485,24000,6036762.6,24000,4576038.75,0,0,24300,6813.8,1785211850552,2026-07-28 00:00:00,24000,17,18696,82127,2430164,2322549,0.007693307941357044,0.03536071790089251,100823,23941573,1051416,4533503,51.85,33,1.5500000000000043,-1.25,132978,135141,24000,24000,441284,480313,17253,44646,0.04068806290106148,0.10247735082069562,0.29999999999999716,-3.1000000000000085,-1.0969870470694603
2026-07-28 00:00:00,2026-07-28 09:41:00,27,NIFTY,OK,24020.05,0,2448860,0,2404676,0,1056962,0,978524,0,0,84.85,0.6748024533041478,0.06653867362323514,0.0701264976603075,-1.0334830949068516,24000,6036762.6,24000,4576038.75,0,0,24300,6813.8,1785211910026,2026-07-28 00:00:00,24000,17,0,0,2448860,2404676,0,0,0,23941573,0,3275178,51.85,33,0,0,0,0,24000,24000,441284,480313,9764,60808,0.022626992955135334,0.14495178841730133,0,-0.9000000000000057,-0.908934733424846
2026-07-28 00:00:00,2026-07-28 09:42:00,28,NIFTY,OK,24016.55,-3.5,2465679,16819,2478980,74304,1073781,16819,1052828,74304,57485,82.9,0.5414721217378186,0.08698492377852353,0.06845291768646182,-1.1691588603532452,24000,6433109.199999999,24000,5010886.7,0,0,24300,10056.150000000001,1785211970988,2026-07-28 00:00:00,24000,17,16819,74304,2448860,2404676,0.006868093725243583,0.03089979689571485,91123,24948153,1006580,2677395,49.9,33,-1.9500000000000028,0,140398,115404,24000,24000,437839,506120,-6906,77913,-0.015527999190547393,0.1819517196122436,-1.9499999999999886,-2.75,-1.768795767617346
2026-07-28 00:00:00,2026-07-28 09:43:00,29,NIFTY,OK,24016.55,0,2465679,0,2478980,0,1073781,0,1052828,0,0,82.9,0.41620584958436974,0.09326840285403859,0.06845291768646182,-0.9697609055272571,24000,6433109.199999999,24000,5010886.7,0,0,24300,10056.150000000001,1785212030718,2026-07-28 00:00:00,24000,17,0,0,2465679,2478980,0,0,0,24948153,0,2057996,49.9,33,0,0,0,0,24000,24000,437839,506120,1535,54883,0.003518189152517511,0.12162788069240776,0,-1.6499999999999915,-1.4199407683056409
2026-07-28 00:00:00,2026-07-28 09:44:00,30,NIFTY,OK,24020.95,4.400000000001455,2465679,0,2478980,0,1073781,0,1052828,0,0,82.65,0.43131568830125594,0.09000102686301788,0.06925525471345616,-0.6223127760196081,24000,6543812.800000001,24000,4951410.3,0,0,24300,9055.8,1785212091496,2026-07-28 00:00:00,24000,17,0,0,2465679,2478980,0,0,0,25022866,74713,2132709,49.45,33.2,-0.44999999999999574,0.20000000000000284,5744,6352,24000,24000,437839,506120,1535,54883,0.003518189152517511,0.12162788069240776,-0.25,-1.8999999999999915,-1.3161171278762127
2026-07-28 00:00:00,2026-07-28 09:45:00,31,NIFTY,OK,24014.8,-6.150000000001455,2512479,46800,2566101,87121,1120581,46800,1139949,87121,40321,81.7,0.5384489365137499,0.08229635816564006,0.06794825449287296,-0.995221998746935,24000,7590643.75,24000,4843921.5,0,0,24300,11312.6,1785212151978,2026-07-28 00:00:00,24000,17,46800,87121,2465679,2478980,0.018980572896958606,0.0351438898256541,133921,26676129,1653263,2734556,46.7,35,-2.75,1.7999999999999972,197411,221720,24000,24000,450456,534928,9172,54615,0.020784800717905023,0.11370710349293064,-0.9500000000000028,-3.1499999999999915,-1.7724396138208853
2026-07-28 00:00:00,2026-07-28 09:46:00,32,NIFTY,OK,24014.8,0,2512479,0,2566101,0,1120581,0,1139949,0,0,81.7,0.5384489365137499,0.08229635816564006,0.06794825449287296,-0.9362466802311372,24000,7590643.75,24000,4843921.5,0,0,24300,11312.6,1785212209764,2026-07-28 00:00:00,24000,17,0,0,2512479,2566101,0,0,0,26676129,0,2734556,46.7,35,0,0,0,0,24000,24000,450456,534928,9172,54615,0.020784800717905023,0.11370710349293064,0,-3.1499999999999915,-1.4295904095802592
2026-07-28 00:00:00,2026-07-28 09:47:00,33,NIFTY,OK,24014.65,-0.1499999999978172,2500103,-12376,2585708,19607,1108205,-12376,1159556,19607,31983,80.45,0.41915458517825377,0.06621442285906215,0.06753414902570193,-1.516638716349263,24000,7554206.050000001,24000,5047612.899999999,0,0,24300,14453.1,1785212270814,2026-07-28 00:00:00,24000,17,-12376,19607,2512479,2566101,-0.004925812315247212,0.007640774856484604,7231,27079894,403765,2131741,45.7,34.75,-1,-0.25,49924,61817,24000,24000,440734,543017,2895,36897,0.006612019486614943,0.07290168339524224,-1.25,-2.450000000000003,-1.811831047180694
2026-07-28 00:00:00,2026-07-28 09:48:00,34,NIFTY,OK,24009.9,-4.75,2531713,31610,2633502,47794,1139815,31610,1207350,47794,16184,80.1,0.6157641066247969,0.0693451518194629,0.06593904554752879,-2.1193083266580186,24000,8134951.35,24000,5014535.75,0,0,24300,15755.199999999999,1785212331929,2026-07-28 00:00:00,24000,17,31610,47794,2500103,2585708,0.012643479088661548,0.018483912336582475,79404,28128707,1048813,3180554,44.6,35.5,-1.1000000000000014,0.75,113108,174407,24000,24000,450494,558183,12655,52063,0.028903318343043903,0.1028669090334308,-0.3500000000000085,-2.8000000000000114,-1.5738788169234141
2026-07-28 00:00:00,2026-07-28 09:49:00,35,NIFTY,OK,24009.9,0,2531713,0,2633502,0,1139815,0,1207350,0,0,80.1,0.601299461881064,0.07101329398381952,0.06593904554752879,-1.6012868962826377,24000,8134951.35,24000,5014535.75,0,0,24300,15755.199999999999,1785212390162,2026-07-28 00:00:00,24000,17,0,0,2531713,2633502,0,0,0,28128707,0,3105841,44.6,35.5,0,0,0,0,24000,24000,450494,558183,12655,52063,0.028903318343043903,0.1028669090334308,0,-2.5500000000000114,-1.2759513598806527
2026-07-28 00:00:00,2026-07-28 09:50:00,36,NIFTY,OK,24009.25,-0.6500000000014552,2570248,38535,2628446,-5056,1178350,38535,1202294,-5056,-43591,79.2,0.4331851422684236,0.053336660750436166,0.06711045046209527,-0.6038614265908195,24000,9040338.200000001,24000,4746087.2,0,0,24300,19116.75,1785212449784,2026-07-28 00:00:00,24000,17,38535,-5056,2531713,2633502,0.015220919590806698,-0.0019198770306610741,33479,28928126,799419,2251997,42.95,36.25,-1.6499999999999986,0.75,79278,132743,24000,24000,464953,557715,14497,22787,0.03218294350613601,0.042598256213920375,-0.8999999999999915,-2.5,-1.5047692389160898
2026-07-28 00:00:00,2026-07-28 09:51:00,37,NIFTY,OK,24009.25,0,2570248,0,2628446,0,1178350,0,1202294,0,0,79.2,0.4331851422684236,0.053336660750436166,0.06711045046209527,-0.44909175793726114,24000,9040338.200000001,24000,4746087.2,0,0,24300,19116.75,1785212509960,2026-07-28 00:00:00,24000,17,0,0,2570248,2628446,0,0,0,28928126,0,2251997,42.95,36.25,0,0,0,0,24000,24000,464953,557715,14497,22787,0.03218294350613601,0.042598256213920375,0,-2.5,-1.3624297868632322
2026-07-28 00:00:00,2026-07-28 09:52:00,38,NIFTY,OK,23999.4,-9.849999999998545,2596434,26186,2608130,-20316,1204536,26186,1181978,-20316,-46502,79.6,0.6015574023107411,0.03793002781358637,0.07161161731207515,2.357321282354033,24000,10861932.6,24000,2443691.25,0,0,24300,30850,1785212569967,2026-07-28 00:00:00,24000,17,26186,-20316,2570248,2628446,0.010188121924421301,-0.007729281864645498,5870,30210738,1282612,3130844,36.9,42.7,-6.050000000000004,6.450000000000003,140994,228136,24000,24000,469275,550513,28541,7496,0.06475788117095573,0.013804356033052372,0.3999999999999915,-0.8500000000000085,-0.8871001099451259
2026-07-28 00:00:00,2026-07-28 09:53:00,39,NIFTY,OK,24002.1,2.6999999999970896,2633659,37225,2580808,-27322,1241761,37225,1154656,-27322,-64547,80.7,0.537924393806692,0.017558714133994822,0.07840782916311427,2.6894799380508903,24000,11351171.149999999,24000,2023866.6,0,0,24300,36181.6,1785212630596,2026-07-28 00:00:00,24000,17,37225,-27322,2596434,2608130,0.014336971400004776,-0.010475704815327457,9903,30933696,722958,2804989,37,43.7,0.10000000000000142,1,69734,114560,24000,24000,482514,537822,32020,-20361,0.07107752822457125,-0.03647728433148269,1.1000000000000085,0.6000000000000085,0.14582257919597916
2026-07-28 00:00:00,2026-07-28 09:54:00,40,NIFTY,OK,24002.1,0,2633659,0,2580808,0,1241761,0,1154656,0,0,80.7,0.537924393806692,0.017558714133994822,0.07840782916311427,1.8894966597738392,24000,11351171.149999999,24000,2023866.6,0,0,24300,36181.6,1785212690238,2026-07-28 00:00:00,24000,17,0,0,2633659,2580808,0,0,0,30933696,0,2804989,37,43.7,0,0,0,0,24000,24000,482514,537822,32020,-20361,0.07107752822457125,-0.03647728433148269,0,0.6000000000000085,0.4174376702929617
2026-07-28 00:00:00,2026-07-28 09:55:00,41,NIFTY,OK,24012.9,10.80000000000291,2686070,52411,2559405,-21403,1294172,52411,1133253,-21403,-73814,78.5,0.6722378812214337,0.013266663017797877,0.06411054077876141,-1.0931735532683617,24000,9136549.799999999,24000,5443398,0,0,24300,10474.8,1785212751941,2026-07-28 00:00:00,24000,17,52411,-21403,2633659,2580808,0.01990045028608487,-0.008293139202916296,31008,32454333,1520637,3526207,46.65,31.85,9.649999999999999,-11.850000000000001,211940,229413,24000,24000,502598,511149,37645,-46566,0.08096517282391984,-0.08349425781985423,-2.200000000000003,-0.7000000000000028,-1.7293573199526928
2026-07-28 00:00:00,2026-07-28 09:56:00,42,NIFTY,OK,24012.9,0,2686070,0,2559405,0,1294172,0,1133253,0,0,78.5,0.6722378812214337,0.013266663017797877,0.06411054077876141,-0.9650366963947689,24000,9136549.799999999,24000,5443398,0,0,24300,10474.8,1785212809929,2026-07-28 00:00:00,24000,17,0,0,2686070,2559405,0,0,0,32454333,0,3526207,46.65,31.85,0,0,0,0,24000,24000,502598,511149,37645,-46566,0.08096517282391984,-0.08349425781985423,0,-0.7000000000000028,-1.5215119470337284
2026-07-28 00:00:00,2026-07-28 09:57:00,43,NIFTY,OK,24014.6,1.6999999999970896,2685008,-1062,2597519,38114,1293110,-1062,1171367,38114,39176,78.35,0.5410401120524325,0.02727830321207505,0.06094423946370186,-1.315755505180821,24000,9052169.700000001,24000,5688288,0,0,24300,10906,1785212870038,2026-07-28 00:00:00,24000,17,-1062,38114,2686070,2559405,-0.0003953731660008861,0.014891742416694505,37052,33068797,614464,2858059,46.5,31.85,-0.14999999999999858,0,91365,86876,24000,24000,498165,524754,28890,-25759,0.06156304938468915,-0.046790902303851134,-0.15000000000000568,-1.25,-1.3576942530774454
2026-07-28 00:00:00,2026-07-28 09:58:00,44,NIFTY,BLOCKED,0,0,0,0,0,0,0,0,0,0,0,0,0,0,0,0,0,0,0,0,0,0,0,0,1785212929896,2026-07-28 00:00:00,0,0,0,0,0,0,0,0,0,0,0,0,0,0,0,0,0,0,0,0,0,0,0,0,0,0,0,0,0
2026-07-28 00:00:00,2026-07-28 09:59:00,45,NIFTY,OK,24011.35,-3.25,2680441,-4567,2659887,62368,1288543,-4567,1233735,62368,66935,76.95,0.5671617923093862,0.041554329559598924,0.06067266673603277,-1.1803111399044304,24000,9185345.25,24000,6210086.7,0,0,24300,13614.05,1785212991095,2026-07-28 00:00:00,24000,17,-4567,62368,2685008,2597519,-0.0017009260307604298,0.024010603964783318,57801,33962526,893729,3028830,45.4,31.55,-1.1000000000000014,-0.3000000000000007,97666,134504,24000,24000,491516,548087,9002,10265,0.01865645349150491,0.01908624042898952,-1.3999999999999915,-3.75,-2.0163869589552097
2026-07-28 00:00:00,2026-07-28 10:00:00,46,NIFTY,OK,24008.75,-2.599999999998545,2688038,7597,2673667,13780,1296140,7597,1247515,13780,6183,75.44999999999999,0.7026442148532976,0.03908242644539123,0.0611444723781735,-0.9736263299681417,24000,10647650.25,24000,5295664.8,0,0,24300,25571.4,1785213050437,2026-07-28 00:00:00,24000,17,7597,13780,2680441,2659887,0.002834235112804199,0.005180671208964892,21377,34701067,738541,3767371,40.8,34.65,-4.600000000000001,3.099999999999998,84562,102188,24000,24000,493892,557137,11378,19315,0.023580662944494873,0.0359133691072511,-1.5000000000000142,-5.250000000000014,-2.146575099457563
2026-07-28 00:00:00,2026-07-28 10:01:00,47,NIFTY,OK,24008.75,0,2688038,0,2673667,0,1296140,0,1247515,0,0,75.44999999999999,0.41903349773999127,0.05173287091395777,0.0611444723781735,-0.8446815966090302,24000,10647650.25,24000,5295664.8,0,0,24300,25571.4,1785213110710,2026-07-28 00:00:00,24000,17,0,0,2688038,2673667,0,0,0,34701067,0,2246734,40.8,34.65,0,0,0,0,24000,24000,493892,557137,-8706,45988,-0.01732199491442465,0.08996985223486693,0,-3.0500000000000114,-1.611685649816593
2026-07-28 00:00:00,2026-07-28 10:02:00,48,NIFTY,OK,23985.6,-23.150000000001455,2726530,38492,2702394,28727,1334632,38492,1276242,28727,-9765,76.4,0.6293208377940085,0.05369445944502252,0.07214778196956129,0.7120039602446533,24000,12269958.299999999,24000,3345271.65,0,0,24300,39877.3,1785213170859,2026-07-28 00:00:00,24000,17,38492,28727,2688038,2673667,0.014319738039417598,0.010744419555614068,67219,35870868,1169801,3416535,36,40.4,-4.799999999999997,5.75,136572,199579,24000,24000,498197,562735,-4401,51586,-0.008756501219662633,0.10092164906905814,0.950000000000017,-2.0999999999999943,-0.8950900811741173
2026-07-28 00:00:00,2026-07-28 10:03:00,49,NIFTY,OK,23975.95,-9.649999999997817,2744499,17969,2655661,-46733,1352601,17969,1229509,-46733,-64702,80.85,0.8378079538384048,0.026000282474824266,0.06252344305762161,-0.5629934998352077,24000,14935662.5,23900,1504797.9000000001,0,0,24300,74121.25,1785213229747,2026-07-28 00:00:00,24000,17,17969,-46733,2726530,2702394,0.006590428126593142,-0.0172931852276167,-28764,37593094,1722226,4524297,28.55,52.3,-7.449999999999999,11.899999999999999,201447,299865,24000,24000,506266,547067,8101,22313,0.016261680366946696,0.04252087644877409,4.449999999999989,2.5,1.338364006636815
2026-07-28 00:00:00,2026-07-28 10:04:00,50,NIFTY,OK,23975.95,0,2744499,0,2655661,0,1352601,0,1229509,0,0,80.85,0.6723074871855649,0.016480065929077765,0.06252344305762161,-0.4046103616056547,24000,14935662.5,23900,1504797.9000000001,0,0,24300,74121.25,1785213289927,2026-07-28 00:00:00,24000,17,0,0,2744499,2655661,0,0,0,37593094,0,3630568,28.55,52.3,0,0,0,0,24000,24000,506266,547067,14750,-1020,0.03000919603837922,-0.0018610184149596687,0,3.8999999999999915,1.3180165379502855
2026-07-28 00:00:00,2026-07-28 10:05:00,51,NIFTY,OK,23968.6,-7.350000000002183,2667186,78923,2516048,-187737,1379170,26569,1044309,-185200,-266660,81.35,0.9470467665553977,0.014333340463436322,0.06946546127084162,1.5082146587651886,24000,17310973.5,23900,1452432.7,0,0,24300,85150.79999999999,1785213350614,2026-07-28 00:00:00,23950,16,78923,-187737,2585873,2645013,0.0305208337764461,-0.070977722982836,-108814,39369637,2016738,4908765,53.05,28.3,-0.45000000000000284,-0.09999999999999787,93824,244259,24000,23900,552101,406858,58209,0,0.11785775027738858,0,0.5,5.900000000000006,1.4697935369038972
2026-07-28 00:00:00,2026-07-28 10:06:00,52,NIFTY,OK,23976,7.400000000001455,2879841,52514,2428813,-38880,1487943,108773,1002661,-41648,-91394,79.25,1.121364097189231,0.009528914649482087,0.06157871557731664,-0.5435350767383419,24000,18219566.3,23900,1672975.1,0,0,24300,86580,1785213410467,2026-07-28 00:00:00,24000,16,52514,-38880,2664796,2457276,0.019706574161774484,-0.01582239846073457,13634,40676912,1044169,5952934,28.6,50.65,0.6000000000000014,-2.25,110072,143112,24000,24000,575805,456821,81913,-100316,0.1658520486260154,-0.18005625187341714,-2.0999999999999943,3.8000000000000114,0.42938861481822144
2026-07-28 00:00:00,2026-07-28 10:07:00,53,NIFTY,OK,23965.45,-10.549999999999272,2811073,91369,2443977,-33333,1523057,35114,972238,-30423,-124702,81.4,1.0919949382023006,0.01148525534949276,0.06763915447826666,0.9255578035390277,24000,20782013.25,23900,966156.3999999999,0,0,24300,102453,1785213477140,2026-07-28 00:00:00,23950,16,91369,-33333,2717310,2418396,0.03362479805395777,-0.013783102519190406,58036,41372857,955355,5738488,50.25,31.15,-4.25,4.899999999999999,51495,119282,24000,23900,611246,400111,113049,0,0.22691626003368146,0,2.1500000000000057,5,1.198572790918208
2026-07-28 00:00:00,2026-07-28 10:08:00,54,NIFTY,OK,23965.45,0,2811073,0,2443977,0,1523057,0,972238,0,0,81.4,0.7642671335191863,0.009248400627249916,0.06763915447826666,0.7569839606456025,24000,20782013.25,23900,966156.3999999999,0,0,24300,102453,1785213529817,2026-07-28 00:00:00,23950,17,0,0,2811073,2443977,0,0,0,41372857,0,4016262,50.25,31.15,0,0,0,0,24000,23900,611246,400111,104980,0,0.20736134759197733,0,0,0.5500000000000114,1.0057015749113667
2026-07-28 00:00:00,2026-07-28 10:09:00,55,NIFTY,OK,23970.45,5,2826781,15708,2368714,-75263,1538765,15708,896975,-75263,-90971,80.35,1.1521063921724495,0.016154832725585693,0.061202256662991804,-0.8968023657397011,24000,20833250.55,23900,1259865.6,0,0,24300,97719.65000000001,1785213591501,2026-07-28 00:00:00,23950,17,15708,-75263,2811073,2443977,0.005587901843886659,-0.030795297991756877,-59555,43342358,1969501,5985763,51.2,29.15,0.9500000000000028,-2,89790,259570,24000,23900,613984,386931,107718,0,0.21276957172711577,0,-1.0500000000000114,-0.5,0.45034202691812614
2026-07-28 00:00:00,2026-07-28 10:10:00,56,NIFTY,OK,23970.45,0,2826781,0,2368714,0,1538765,0,896975,0,0,80.35,0.763935871365481,0.0030523869212212068,0.061202256662991804,-0.8994900676653458,24000,20833250.55,23900,1259865.6,0,0,24300,97719.65000000001,1785213649789,2026-07-28 00:00:00,23950,17,0,0,2826781,2368714,0,0,0,43342358,0,3969025,51.2,29.15,0,0,0,0,24000,23900,613984,386931,61883,-19927,0.11208637550013494,-0.04897777602996623,0,-1,0.2885407917334542
2026-07-28 00:00:00,2026-07-28 10:11:00,57,NIFTY,OK,23966.6,-3.850000000002183,2917650,90869,2381667,12953,1629634,90869,909928,12953,-77916,80.5,0.7858839167387043,0.02456462106761484,0.06359484078582182,-0.36297282391235264,24000,22669859.8,23900,1169309.4000000001,0,0,24300,105100.59999999999,1785213711386,2026-07-28 00:00:00,23950,17,90869,12953,2826781,2368714,0.0321457516517905,0.005468368068074069,103822,44582150,1239792,4164648,50.45,30.05,-0.75,0.9000000000000021,60648,157994,24000,23900,647965,395219,72160,0,0.12532020388846918,0,0.15000000000000568,1.25,0.16073308323946045
2026-07-28 00:00:00,2026-07-28 10:12:00,58,NIFTY,OK,23974.55,7.950000000000728,2931098,13448,2390731,9064,1643082,13448,918992,9064,-4384,79.5,0.6949806166263516,0.018055366293116687,0.06090304515225705,-0.9656726338577544,24000,22956415.9,23900,1426871.7000000002,0,0,24300,100006.95,1785213771396,2026-07-28 00:00:00,23950,17,13448,9064,2917650,2381667,0.004609188902027317,0.0038057377458729537,22512,45071425,489275,3698568,51.1,28.4,0.6499999999999986,-1.6500000000000021,25935,56052,24000,23900,655129,396870,43883,-3241,0.07179269884792702,-0.008100252180020045,-1,-1.9000000000000057,-1.507727125049298
2026-07-28 00:00:00,2026-07-28 10:13:00,59,NIFTY,OK,23981.4,6.850000000002183,3122530,26828,2358437,14174,1730632,87550,932285,13293,-12654,79.6,0.8054525779848701,0.024414343214277705,0.06678842990194399,0.8141003842697615,24000,22760550.3,23900,1589032.5,0,0,24300,99918.5,1785213829841,2026-07-28 00:00:00,24000,16,26828,14174,2928710,2333847,0.009160347046993386,0.006073234449387642,41002,46072147,716091,4414659,27.6,52,1.1000000000000014,-2.549999999999997,97550,70788,24000,24000,661605,407313,50359,0,0.08238745120622466,0,0.09999999999999432,-1.8000000000000114,-1.1166933941942192
2026-07-28 00:00:00,2026-07-28 10:14:00,60,NIFTY,OK,23984.85,3.4499999999970896,3162429,39899,2353533,-4904,1770531,39899,927381,-4904,-44803,77.2,0.5578359676879573,0.06575588836146352,0.061523056516422474,-0.8264858952382442,24000,22756637.900000002,23900,1922943.2999999998,0,0,24300,92593.2,1785213891269,2026-07-28 00:00:00,24000,17,39899,-4904,3122530,2358437,0.012777779556961823,-0.00207934322604335,34995,46703991,631844,3077002,29.2,48,1.5999999999999979,-4,115599,62276,24000,23900,677565,404931,63581,18000,0.10355481576067128,0.04651992215666359,-2.3999999999999915,-3.1499999999999915,-2.3621172357710694
2026-07-28 00:00:00,2026-07-28 10:15:00,61,NIFTY,OK,23990.5,5.650000000001455,3140754,-21675,2344397,-9136,1748856,-21675,918245,-9136,12539,76.35,0.6794164827914492,0.04602460835344495,0.06305380261531456,-0.17312743392788776,24000,21157806.3,23900,2154277.8000000003,0,0,24300,80010,1785213949832,2026-07-28 00:00:00,24000,17,-21675,-9136,3162429,2353533,-0.006853908815027942,-0.0038818236243128947,-30811,47353691,649700,3726702,31.35,45,2.150000000000002,-3,108659,64784,24000,23900,665160,404433,51176,17502,0.08335070620732787,0.045232870976995895,-0.8500000000000085,-4,-2.054545904206541
2026-07-28 00:00:00,2026-07-28 10:16:00,62,NIFTY,OK,23995.95,5.450000000000728,3114705,-26049,2351847,7450,1722807,-26049,925695,7450,33499,75.2,0.6110339753467999,0.014699203562369152,0.06542470036477462,0.5831389677925631,24000,20107705.3,23900,2290576.05,0,0,24300,74127.3,1785214010813,2026-07-28 00:00:00,24000,17,-26049,7450,3140754,2344397,-0.008293868287678691,0.0031777894273026285,-18599,48207030,853339,3340249,33.2,42,1.8500000000000014,-3,164517,96458,24000,24000,661089,402630,13124,0,0.020254180395546054,0,-1.1499999999999915,-5.299999999999997,-1.9356237898783002
2026-07-28 00:00:00,2026-07-28 10:17:00,63,NIFTY,OK,24003.05,7.099999999998545,3070401,-44304,2374774,22927,1678503,-44304,948622,22927,67231,74.3,0.7285205709642023,0.0013133608374452535,0.06009104308242136,-1.2116792009100399,24000,16989463,24000,2847670.8,0,0,24300,49972.950000000004,1785214074403,2026-07-28 00:00:00,24000,17,-44304,22927,3114705,2351847,-0.01422414000683853,0.00974850830007224,-21377,49322978,1115948,3966922,38.3,36,5.099999999999994,-6,218214,128593,24000,24000,641883,414346,-13246,0,-0.02021891871677181,0,-0.9000000000000057,-5.200000000000003,-1.7595331815399613
2026-07-28 00:00:00,2026-07-28 10:18:00,64,NIFTY,OK,24003.05,0,3070401,0,2374774,0,1678503,0,948622,0,0,74.3,0.5970112989940636,0.011010107877032058,0.06009104308242136,-1.061487203710096,24000,16989463,24000,2847670.8,0,0,24300,49972.950000000004,1785214130588,2026-07-28 00:00:00,24000,17,0,0,3070401,2374774,0,0,0,49322978,0,3250831,38.3,36,0,0,0,0,24000,24000,641883,414346,-19722,7033,-0.02980932731765933,0.017266819374780574,0,-5.299999999999997,-1.412988666942129
2026-07-28 00:00:00,2026-07-28 10:19:00,65,NIFTY,OK,23999.75,-3.2999999999992724,2970969,-99432,2464004,89230,1579071,-99432,1037852,89230,188662,74.65,0.7166929808114962,0.02079196304586637,0.06079618083635508,-0.7084161298731395,24000,15581550.6,23950,2945348,0,0,24300,58354.4,1785214189702,2026-07-28 00:00:00,24000,17,-99432,89230,3070401,2374774,-0.03238404364771898,0.037574101788212265,-10202,50599198,1276220,3895207,37.15,37.5,-1.1499999999999986,1.5,244619,136413,24000,24000,592385,444111,-85180,0,-0.1257148760635511,0,0.3500000000000085,-2.549999999999997,-1.0397958856278715
2026-07-28 00:00:00,2026-07-28 10:20:00,66,NIFTY,OK,23997.6,-2.150000000001455,2972814,1845,2491636,27632,1580916,1845,1065484,27632,25787,74,0.6922239200651483,0.005472657465467746,0.05972158682438905,-1.073230974512972,24000,16399000.8,23950,2919324,0,0,24300,65486.85,1785214250180,2026-07-28 00:00:00,24000,17,1845,27632,2970969,2464004,0.0006210095090187747,0.011214267509305991,29477,51136314,537116,3782623,35.1,38.9,-2.049999999999997,1.3999999999999986,74129,72243,24000,24000,592295,455604,-72865,0,-0.10954507186240904,0,-0.6500000000000057,-2.3499999999999943,-1.0805535957698102
2026-07-28 00:00:00,2026-07-28 10:21:00,67,NIFTY,OK,23991.4,-6.19999999999709,2978000,5186,2506500,14864,1586102,5186,1080348,14864,9678,73.95,0.626076397119154,0.005226990234486487,0.057999973879770086,-1.4184653765043098,24000,17885092.9,23950,2540108.5,0,0,24300,82096.5,1785214311376,2026-07-28 00:00:00,24000,17,5186,14864,2972814,2491636,0.0017444751000230759,0.005965558372089663,20050,51640746,504432,3433716,32,41.95,-3.1000000000000014,3.0500000000000043,72683,78034,24000,24000,597849,461556,-63240,58926,-0.0956603422534636,0.14635273079502273,-0.04999999999999716,-1.25,-0.9413928133776367
2026-07-28 00:00:00,2026-07-28 10:22:00,68,NIFTY,OK,23987.15,-4.25,2976833,-1167,2519958,13458,1584935,-1167,1093806,13458,14625,74.35,0.5345151380141614,0.01756770830851586,0.056543106603230656,-1.5589947165366798,24000,17950551.15,23950,2534862.6,0,0,24300,85164,1785214370720,2026-07-28 00:00:00,24000,17,-1167,13458,2978000,2506500,-0.00039187374076561453,0.0053692399760622385,12291,52261096,620350,2938118,31.9,42.45,-0.10000000000000142,0.5,78561,113039,24000,24000,598412,464747,-43471,50401,-0.06772418026338134,0.12163988550631598,0.3999999999999915,0.04999999999999716,-0.6007547501369872
2026-07-28 00:00:00,2026-07-28 10:23:00,69,NIFTY,OK,23990.55,3.399999999997817,2979931,3098,2530707,10749,1588033,3098,1104555,10749,7651,75,0.6450835638269108,0.018415268049989563,0.06140717156427673,0.31551362291926477,24000,18521721.849999998,23900,2439730.1,0,0,24300,90653.6,1785214431449,2026-07-28 00:00:00,24000,17,3098,10749,2976833,2519958,0.00104070332464065,0.004265547282930906,13847,52877800,616704,3554822,31,44,-0.8999999999999986,1.5499999999999972,73420,91796,24000,24000,602968,465685,-38915,51339,-0.06062631351819568,0.12390369401418139,0.6500000000000057,0.7000000000000028,0.06903675353873769
2026-07-28 00:00:00,2026-07-28 10:24:00,70,NIFTY,OK,23990.55,0,2979931,0,2530707,0,1588033,0,1104555,0,0,75,0.41349150497637477,0.033206764498582904,0.06140717156427673,0.3209836251216514,24000,18521721.849999998,23900,2439730.1,0,0,24300,90653.6,1785214489749,2026-07-28 00:00:00,24000,17,0,0,2979931,2530707,0,0,0,52877800,0,2278602,31,44,0,0,0,0,24000,24000,602968,465685,10583,21574,0.017865070857634814,0.048577945603689165,0,0.3499999999999943,0.425322369609103
2026-07-28 00:00:00,2026-07-28 10:25:00,71,NIFTY,OK,23998.95,8.400000000001455,2998103,18172,2512278,-18429,1606205,18172,1086126,-18429,-36601,72.9,0.44770479573009564,0.018617978584723943,0.06385594162340427,1.2794231038647095,24000,17823439.05,23950,2985246.9,0,0,24300,74991.84999999999,1785214549811,2026-07-28 00:00:00,24000,17,18172,-18429,2979931,2530707,0.00609812777544178,-0.007282154749641109,-257,53603338,725538,2467024,33.6,39.3,2.6000000000000014,-4.700000000000003,102491,85154,24000,24000,611700,459160,19405,3556,0.03276239036291037,0.0078050236608984995,-2.0999999999999943,-1.0999999999999943,-2.3033765516558913
2026-07-28 00:00:00,2026-07-28 10:26:00,72,NIFTY,OK,23995.1,-3.850000000002183,3015699,17596,2522075,9797,1623801,17596,1095923,9797,-7799,73.65,0.44488976978836625,0.02162358307569228,0.05804476655198009,-0.983796009821171,24000,18148610.200000003,23950,2824746.6999999997,0,0,24300,73691.95,1785214610676,2026-07-28 00:00:00,24000,17,17596,9797,2998103,2512278,0.005869044525821828,0.0038996480485041863,27393,54104445,501107,2463699,33.35,40.3,-0.25,1,90412,56000,24000,24000,616857,458792,19008,-2764,0.0317939814234029,-0.005988439105980639,0.75,-0.29999999999999716,-0.9308800769172768
2026-07-28 00:00:00,2026-07-28 10:27:00,73,NIFTY,OK,23994.25,-0.8499999999985448,3026376,10677,2527895,5820,1634478,10677,1101743,5820,-4857,73.65,0.3963764101535557,0.026108498343463928,0.05990656773838966,-0.035694089918551705,24000,19050175.2,23900,2670228,0,0,24300,82097.55,1785214670141,2026-07-28 00:00:00,24000,17,10677,5820,3015699,2522075,0.003540472706327787,0.002307623682880168,16497,54462678,358233,2201582,31.65,42,-1.7000000000000028,1.7000000000000028,48311,54126,24000,24000,620889,461689,22477,-3058,0.037561078320621916,-0.00657992413076362,0,-0.6999999999999886,-0.7944442930871274
2026-07-28 00:00:00,2026-07-28 10:28:00,74,NIFTY,OK,23994.25,0,3026376,0,2527895,0,1634478,0,1101743,0,0,73.65,0.2853440172436671,0.02753082571655358,0.05990656773838966,-0.026395298236212218,24000,19050175.2,23900,2670228,0,0,24300,82097.55,1785214730745,2026-07-28 00:00:00,24000,17,0,0,3026376,2527895,0,0,0,54462678,0,1584878,31.65,42,0,0,0,0,24000,24000,620889,461689,17921,-3996,0.02972131191041647,-0.008580907695115797,0,-1.3499999999999943,-0.6747640882080744
2026-07-28 00:00:00,2026-07-28 10:29:00,75,NIFTY,OK,23991.85,-2.400000000001455,3025931,-445,2556866,28971,1634033,-445,1130714,28971,29416,73.15,0.35381709204185646,0.03653085700370933,0.05706667363770711,-1.1799322540323713,24000,18169217.5,23950,3042362.4,0,0,24300,74410.7,1785214790296,2026-07-28 00:00:00,24000,17,-445,28971,3026376,2527895,-0.00014704055279317574,0.011460523479021083,28526,54853089,390411,1975289,33.55,39.6,1.8999999999999986,-2.3999999999999986,55118,53837,24000,24000,619342,472967,16374,7282,0.0271556699526343,0.015637179638596906,-0.5,-1.8499999999999943,-1.1791144075559192
2026-07-28 00:00:00,2026-07-28 10:30:00,76,NIFTY,OK,23988.1,-3.75,3030777,4846,2575293,18427,1638879,4846,1149141,18427,13581,73.6,0.28051094617084693,0.060849033807209116,0.05676787463271188,-1.0995610695060085,24000,19952365.25,23900,2633617.6,0,0,24300,91448.1,1785214849807,2026-07-28 00:00:00,24000,17,4846,18427,3025931,2556866,0.0016014905825678114,0.0072068696599665374,23273,55175902,322813,1572564,29.6,44,-3.9499999999999957,4.399999999999999,49352,46105,24000,24000,621376,477304,9676,18144,0.015818211541605363,0.03951563725063159,0.44999999999998863,0.6999999999999886,-0.43404614656471674
2026-07-28 00:00:00,2026-07-28 10:31:00,77,NIFTY,OK,23996.4,8.30000000000291,3025234,-5543,2624777,49484,1633336,-5543,1198625,49484,55027,72.15,0.3669279581933557,0.054138466785037434,0.05820258270686385,-0.48529796236302974,24000,17396781.45,24000,3827656.4,0,0,24300,60669.4,1785214912272,2026-07-28 00:00:00,24000,17,-5543,49484,3030777,2575293,-0.0018289039411345672,0.0192149009840822,43941,56177592,1001690,2073147,35.7,36.45,6.100000000000001,-7.549999999999997,137351,146137,24000,24000,622978,494384,6121,35592,0.009922883261436605,0.07757763866850337,-1.4499999999999886,-1.5,-1.8430911330216644
2026-07-28 00:00:00,2026-07-28 10:32:00,78,NIFTY,OK,23996.4,0,3025234,0,2624777,0,1633336,0,1198625,0,0,72.15,0.303524010838209,0.0558278724180921,0.05820258270686385,-0.5977261134802927,24000,17396781.45,24000,3827656.4,0,0,24300,60669.4,1785214970222,2026-07-28 00:00:00,24000,17,0,0,3025234,2624777,0,0,0,56177592,0,1714914,35.7,36.45,0,0,0,0,24000,24000,622978,494384,2089,32695,0.0033645305360539483,0.0708160688255514,0,-1.5,-1.436300650568503
2026-07-28 00:00:00,2026-07-28 10:33:00,79,NIFTY,OK,23999.9,3.5,3030111,4877,2619695,-5082,1638213,4877,1193543,-5082,-9959,72.9,0.3677205907601075,0.045984452841086855,0.062297311434253114,1.22656156055702,24000,18044354.7,23950,3388735.35,0,0,24300,73324.8,1785215030141,2026-07-28 00:00:00,24000,17,4877,-5082,3025234,2624777,0.0016121066998453673,-0.0019361644817826428,-205,56540228,362636,2077550,33.95,38.95,-1.75,2.5,55635,46151,24000,24000,620438,489650,-451,27961,-0.0007263778227670324,0.06056241322621938,0.75,-0.75,-0.4775814390852829
2026-07-28 00:00:00,2026-07-28 10:34:00,80,NIFTY,OK,24001.5,1.5999999999985448,3011088,-19023,2661447,41752,1619190,-19023,1235295,41752,60775,72.19999999999999,0.48178089690059206,0.032835953059713804,0.05853786242555142,-0.34387078044320546,24000,15732290,24000,4709474.4,0,0,24300,48678,1785215090170,2026-07-28 00:00:00,24000,17,-19023,41752,3030111,2619695,-0.006277987836089173,0.01593773320940033,22729,57586008,1045780,2732919,38.15,34.05,4.199999999999996,-4.900000000000006,171255,124556,24000,24000,606931,506806,-12411,33839,-0.02003900914196034,0.07154621781223637,-0.700000000000017,-0.950000000000017,-1.305524469761169
2026-07-28 00:00:00,2026-07-28 10:35:00,81,NIFTY,OK,23998.95,-2.5499999999992724,3003823,-7265,2678019,16572,1611925,-7265,1251867,16572,23837,72.4,0.4994084664797085,0.02670322389658721,0.05739078082873091,-0.7872614405498057,24000,16545575.95,24000,3967012.3499999996,0,0,24300,64627.950000000004,1785215150178,2026-07-28 00:00:00,24000,17,-7265,16572,3011088,2661447,-0.002412749145823702,0.006226687963352267,9307,58013462,427454,2837560,35.5,36.9,-2.6499999999999986,2.8500000000000014,68097,57614,24000,24000,599860,515071,-21516,37767,-0.03462637758780513,0.07912567252736202,0.20000000000001705,-1.1999999999999886,-0.8610584002420528
2026-07-28 00:00:00,2026-07-28 10:36:00,82,NIFTY,OK,23997.8,-1.1500000000014552,2999243,-4580,2695606,17587,1607345,-4580,1269454,17587,22167,72,0.3827107619534776,0.020572797180978947,0.058781999320136995,0.048508148798452305,24000,16394077.6,24000,4261410,0,0,24300,64240.2,1785215210892,2026-07-28 00:00:00,24000,17,-4580,17587,3003823,2678019,-0.0015247236604819924,0.0065671677460092705,13007,58357072,343610,2179480,35.65,36.35,0.14999999999999858,-0.5499999999999972,52649,52108,24000,24000,597625,524398,-25353,30014,-0.04069646119124592,0.06070989352406227,-0.4000000000000057,-0.15000000000000568,-1.2083717609490823
2026-07-28 00:00:00,2026-07-28 10:37:00,83,NIFTY,OK,24004.9,7.100000000002183,3007005,7762,2697132,1526,1615107,7762,1270980,1526,-6236,72.35,0.43344067647744083,0.021892044385931918,0.058847391975713696,0.16315550960990313,24000,15779324.549999999,24000,4791900,0,0,24300,54304.25,1785215270504,2026-07-28 00:00:00,24000,17,7762,1526,2999243,2695606,0.0025879863685603333,0.0005661064710495525,9288,58649997,292925,2472405,37.5,34.85,1.8500000000000014,-1.5,41246,38043,24000,24000,601152,528198,-21826,33814,-0.03503494505423948,0.06839622641509434,0.3499999999999943,0.19999999999998863,-0.5161158260037563
2026-07-28 00:00:00,2026-07-28 10:38:00,84,NIFTY,OK,24004.9,0,3007005,0,2697132,0,1615107,0,1270980,0,0,72.35,0.36986646709221743,0.02575210840618096,0.058847391975713696,0.24252205548380557,24000,15779324.549999999,24000,4791900,0,0,24300,54304.25,1785215329820,2026-07-28 00:00:00,24000,17,0,0,3007005,2697132,0,0,0,58649997,0,2109769,37.5,34.85,0,0,0,0,24000,24000,601152,528198,-19286,38548,-0.03108449192344763,0.07872562034105994,0,-0.5500000000000114,-0.3552796026857
2026-07-28 00:00:00,2026-07-28 10:39:00,85,NIFTY,OK,24009.95,5.049999999999272,3012531,5526,2710205,13073,1620633,5526,1284053,13073,7547,72.15,0.20012752641393908,0.0438330639661846,0.061776718856365834,1.6885853916798503,24000,15638169.499999998,24000,5049669.5,0,0,24300,48235.5,1785215390034,2026-07-28 00:00:00,24000,17,5526,13073,3007005,2697132,0.0018377089496026777,0.004847000443433988,18599,58731285,81288,1145277,38,34.15,0.5,-0.7000000000000028,12977,9125,24000,24000,602821,530373,-4110,23567,-0.006771774715741987,0.04650102800677182,-0.19999999999998863,-0.04999999999998295,-0.6035216736754413
2026-07-28 00:00:00,2026-07-28 10:40:00,86,NIFTY,OK,24008.8,-1.1500000000014552,2987519,-25012,2705454,-4751,1595621,-25012,1279302,-4751,20261,71.9,0.37041805748946993,0.005278407420404215,0.0549044769474527,-1.9609920402748817,24000,14478761.499999998,24000,5897490.45,0,0,24300,41339,1785215449872,2026-07-28 00:00:00,24000,17,-25012,-4751,3012531,2710205,-0.0083026531511211,-0.0017530039240574052,-29763,60122242,1390957,2108780,40,31.9,2,-2.25,220205,176912,24000,24000,593461,537289,-6399,22218,-0.010667489080785516,0.043135800695438105,-0.25,-0.5,-1.359116174348421
2026-07-28 00:00:00,2026-07-28 10:41:00,87,NIFTY,OK,24010.95,2.150000000001455,2977751,-9768,2711665,6211,1585853,-9768,1285513,6211,15979,71.45,0.37715927258614945,0.002531903947029941,0.0541326590769152,-1.7506987047548734,24000,14021700.8,24000,6294467.4,0,0,24300,33647.4,1785215509889,2026-07-28 00:00:00,24000,17,-9768,6211,2987519,2705454,-0.003269602636836787,0.0022957329897311135,-3557,60502888,380646,2145816,40.45,31,0.45000000000000284,-0.8999999999999986,49458,52850,24000,24000,585699,542662,-11926,18264,-0.019955657812173185,0.03482850811787993,-0.45000000000000284,-0.5499999999999972,-2.062256766713576
2026-07-28 00:00:00,2026-07-28 10:42:00,88,NIFTY,OK,24013.3,2.349999999998545,2974228,-3523,2752500,40835,1582330,-3523,1326348,40835,44358,72.35,0.4955045883094151,0.007961249215892191,0.05352323052330895,-1.549541990657858,24000,13057368.3,24000,6931302.4,0,0,24300,28657.8,1785215569664,2026-07-28 00:00:00,24000,17,-3523,40835,2977751,2711665,-0.0011831076540650982,0.015059013558090693,37312,61487617,984729,2837620,42.35,30,1.8999999999999986,-1,145333,90393,24000,24000,579290,557922,-21862,29724,-0.03636684232939423,0.056274351663580705,0.8999999999999915,0,0.403361767902865
2026-07-28 00:00:00,2026-07-28 10:43:00,89,NIFTY,OK,24013.3,0,2974228,0,2752500,0,1582330,0,1326348,0,0,72.35,0.4955045883094151,0.007961249215892191,0.05352323052330895,-1.3045536223700498,24000,13057368.3,24000,6931302.4,0,0,24300,28657.8,1785215629973,2026-07-28 00:00:00,24000,17,0,0,2974228,2752500,0,0,0,61487617,0,2837620,42.35,30,0,0,0,0,24000,24000,579290,557922,-21862,29724,-0.03636684232939423,0.056274351663580705,0,0,0.7071067811865136
2026-07-28 00:00:00,2026-07-28 10:44:00,90,NIFTY,OK,24019.15,5.850000000002183,2925499,-48729,2777606,25106,1533601,-48729,1351454,25106,73835,72.7,0.7244669351169232,0.004751300369265904,0.05337347032262401,-1.105448428159792,24000,11387848.15,24000,8104962.600000001,0,0,24300,18451.95,1785215690377,2026-07-28 00:00:00,24000,17,-48729,25106,2974228,2752500,-0.016383747311907493,0.009121162579473206,-23623,62862996,1375379,4131711,44.9,27.8,2.549999999999997,-2.1999999999999993,217604,174340,24000,24000,557412,576310,-45409,45937,-0.07532750186207846,0.08661262922509252,0.3500000000000085,0.5499999999999972,1.5249857033260537
2026-07-28 00:00:00,2026-07-28 10:45:00,91,NIFTY,OK,24025.35,6.19999999999709,2937101,-34394,2666476,29792,1511088,-22513,1366917,15463,64186,74.44999999999999,0.6250025653256839,0.0015789849382539796,0.053176894835176604,-0.9756657176852142,24000,9595570.2,24000,9602441.55,0,0,24300,228.20000000000002,1785215750049,2026-07-28 00:00:00,24050,16,-34394,29792,2917198,2635652,-0.011790080755574356,0.011303464949090396,-4602,63169814,761496,3502250,23.9,50.55,1.7999999999999972,-4.25,108111,34369,24100,24000,458608,592069,0,54780,0,0.10195630284632665,1.7499999999999858,2.549999999999983,2.714090362228464
2026-07-28 00:00:00,2026-07-28 10:46:00,92,NIFTY,OK,24025.2,-0.1499999999978172,2907362,-29739,2702352,35876,1481349,-29739,1402793,35876,65615,74.55,0.6842118867378979,0.00396640850099512,0.05250088220302451,-0.9825263832838366,24000,8878675.4,24000,10107196.75,0,0,0,0,1785215810547,2026-07-28 00:00:00,24050,17,-29739,35876,2937101,2666476,-0.010125290209631878,0.013454461994032574,6137,63886443,716629,3838233,25.15,49.4,1.25,-1.1499999999999986,88150,27694,24100,24000,459430,604323,0,61661,0,0.11362689851141226,0.10000000000000853,3.0999999999999943,1.94278364313263
2026-07-28 00:00:00,2026-07-28 10:47:00,93,NIFTY,OK,24024.7,-0.5,2831067,-30317,2867559,26818,1439169,-42180,1441407,38614,57135,72.65,0.5963846372792319,0.007528748095156408,0.054100056299672315,-0.3154245811702464,24000,9687483,24000,9801744,0,0,24300,9080.4,1785215870138,2026-07-28 00:00:00,24000,16,-30317,26818,2853039,2701322,-0.010626212960986514,0.009927731681006559,-3499,64894515,545069,3398573,46.8,25.85,-3.3500000000000014,1.5500000000000007,75114,68418,24000,24000,523027,617144,-56263,59222,-0.09712406566659186,0.10614745430364818,-1.8999999999999915,0.30000000000001137,-0.041347120302416
2026-07-28 00:00:00,2026-07-28 10:48:00,94,NIFTY,OK,24024.7,0,2831067,0,2867559,0,1439169,0,1441407,0,0,72.65,0.5963846372792319,0.007528748095156408,0.054100056299672315,-0.16445484816202086,24000,9687483,24000,9801744,0,0,24300,9080.4,1785215929892,2026-07-28 00:00:00,24000,17,0,0,2831067,2867559,0,0,0,64894515,0,3398573,46.8,25.85,0,0,0,0,24000,24000,523027,617144,-56263,59222,-0.09712406566659186,0.10614745430364818,0,0.30000000000001137,-0.07283767556269367
2026-07-28 00:00:00,2026-07-28 10:49:00,95,NIFTY,OK,24029.75,5.049999999999272,2866582,-10288,2763897,34731,1440569,1400,1464338,22931,45019,74.4,0.440313870276401,0.009067118214182282,0.06440996708979782,2.9456953879620067,24000,9649411.2,24000,10209483,0,0,24300,6074.05,1785215989842,2026-07-28 00:00:00,24050,16,-10288,34731,2822722,2728140,-0.003644708901549639,0.012730651652774417,24443,64889180,455984,2479178,22.35,52.05,-0.4499999999999993,-0.15000000000000568,55636,23048,24100,24000,460276,632368,0,56058,0,0.09727056618833614,1.75,1.7000000000000028,1.373176291949273
2026-07-28 00:00:00,2026-07-28 10:50:00,96,NIFTY,OK,24029.45,-0.2999999999992724,2848660,-17922,2806113,42216,1422647,-17922,1506554,42216,60138,73.35,0.5542176494087384,0.016392919535095207,0.05778627854270241,0.8023796732264743,24000,9018299.4,24000,11090811.6,0,0,24300,2589.6,1785216050050,2026-07-28 00:00:00,24050,17,-17922,42216,2866582,2763897,-0.006252045118541873,0.015274085828813446,24294,66305473,1416293,3133975,23.35,50,1,-2.049999999999997,188073,73697,24100,24000,458626,647110,18,55041,0.00003924920629382828,0.09296382685126227,-1.0500000000000114,-1.0999999999999943,0.25885066613877417
2026-07-28 00:00:00,2026-07-28 10:51:00,97,NIFTY,OK,24034.75,5.299999999999272,2823157,-25503,2830872,24759,1397144,-25503,1531313,24759,50262,72.6,0.5406587055000956,0.014555268409172692,0.058389191453707585,0.8250916269307526,24050,7735246.5,24000,11978688.8,0,0,0,0,1785216110553,2026-07-28 00:00:00,24050,17,-25503,24759,2848660,2806113,-0.008952630359537467,0.008823236982972531,-744,66945027,639554,3056900,25.9,46.7,2.549999999999997,-3.299999999999997,85904,34346,24100,24000,459029,655704,-401,51381,-0.0008728206690899593,0.08502241351065573,-0.75,-1.9500000000000028,-0.6982564166389086
2026-07-28 00:00:00,2026-07-28 10:52:00,98,NIFTY,OK,24034.75,0,2823157,0,2830872,0,1397144,0,1531313,0,0,72.6,0.4442550613023032,0.019106779078688015,0.058389191453707585,0.6806976717813171,24050,7735246.5,24000,11978688.8,0,0,0,0,1785216170066,2026-07-28 00:00:00,24050,17,0,0,2823157,2830872,0,0,0,66945027,0,2511831,25.9,46.7,0,0,0,0,24100,24000,459029,655704,0,38560,0,0.062481365775248564,0,-0.05000000000001137,-0.7457841150013582
2026-07-28 00:00:00,2026-07-28 10:53:00,99,NIFTY,OK,24030.55,-4.200000000000728,2811038,-12119,2861463,30591,1385025,-12119,1561904,30591,42710,73.2,0.5442081015058438,0.02153046577914436,0.05587567432764004,-0.09686652042098375,24000,8235527.4,24000,11835961.75,0,0,0,0,1785216230095,2026-07-28 00:00:00,24050,17,-12119,30591,2823157,2830872,-0.00429271202416302,0.010806210948428612,18472,67520217,575190,3087021,23.8,49.4,-2.099999999999998,2.6999999999999957,79739,29010,24100,24000,457984,668387,0,51243,0,0.08303248512502755,0.6000000000000085,0.5499999999999972,-0.1449986260828664
2026-07-28 00:00:00,2026-07-28 10:54:00,100,NIFTY,OK,24032.2,1.6500000000014552,2788978,-22060,2884395,22932,1362965,-22060,1584836,22932,44992,72.9,0.5482292456357091,0.01379091273567996,0.06593622112103475,1.9430620127019191,24000,8612017.7,24000,11728871.1,0,0,24300,4245.85,1785216289972,2026-07-28 00:00:00,24050,17,-22060,22932,2811038,2861463,-0.00784763493058436,0.008014082306847931,872,67999489,479272,3110309,22.6,50.3,-1.1999999999999993,0.8999999999999986,63896,31377,24100,24000,459653,679777,-623,47409,-0.001353535704664158,0.07497058674695747,-0.29999999999999716,-1.5,-0.5578642598154409
2026-07-28 00:00:00,2026-07-28 10:55:00,101,NIFTY,OK,24034.5,2.2999999999992724,2779600,-9378,2910188,25793,1353587,-9378,1610629,25793,35171,71,0.40386812303024294,0.015237666693937658,0.05290207543953955,-1.0342311606529606,24050,7181699.7,24000,13677435,23700,7330.799999999999,0,0,1785216349816,2026-07-28 00:00:00,24050,17,-9378,25793,2788978,2884395,-0.003362522042124391,0.008942256521731593,16415,68603397,603908,2297924,26.55,44.45,3.9499999999999993,-5.849999999999994,88714,34380,24100,24000,458860,688648,234,41538,0.00051021965610323,0.06419001406252414,-1.9000000000000057,-2.3499999999999943,-2.086201454679432
2026-07-28 00:00:00,2026-07-28 10:56:00,102,NIFTY,OK,24036.3,1.7999999999992724,2750261,-29339,2959121,48933,1324248,-29339,1659562,48933,78272,71.2,0.4710299643639189,0.020582756043416663,0.05984204529082656,0.40666170971842375,24050,7238686.5,24000,13788115,0,0,0,0,1785216409989,2026-07-28 00:00:00,24050,17,-29339,48933,2779600,2910188,-0.010555115844006332,0.016814377627837104,19594,69634317,1030920,2689290,25.75,45.45,-0.8000000000000007,1,139140,62066,24100,24000,460423,710124,1394,54420,0.0030368451666452447,0.08299476593096886,0.20000000000000284,-1.3999999999999915,-1.5557049150567426
2026-07-28 00:00:00,2026-07-28 10:57:00,103,NIFTY,OK,24034.5,-1.7999999999992724,2735269,-14992,2980384,21263,1309256,-14992,1680825,21263,36255,71.3,0.5537187089559146,0.019471294817091665,0.060552500654621644,0.4428558273861984,24050,7509374.95,24000,13699299.600000001,0,0,0,0,1785216472593,2026-07-28 00:00:00,24050,17,-14992,21263,2750261,2959121,-0.005451119002887362,0.007185579771830892,6271,70109891,475574,3164864,24.45,46.85,-1.3000000000000007,1.3999999999999986,59002,33966,24100,24000,465890,718954,6861,63250,0.014946768069119817,0.09646120810609665,0.09999999999999432,-1.2999999999999972,-1.1962509136622124
2026-07-28 00:00:00,2026-07-28 10:58:00,104,NIFTY,OK,24034.5,0,2735269,0,2980384,0,1309256,0,1680825,0,0,71.3,0.4530845381971229,0.01666310122432399,0.060552500654621644,0.30210375822964697,24050,7509374.95,24000,13699299.600000001,0,0,0,0,1785216530446,2026-07-28 00:00:00,24050,17,0,0,2735269,2980384,0,0,0,70109891,0,2589674,24.45,46.85,0,0,0,0,24100,24000,465890,718954,7906,50567,0.017262611794298492,0.0756552715717092,0,-1.9000000000000057,-1.003501067431161
2026-07-28 00:00:00,2026-07-28 10:59:00,105,NIFTY,OK,24036.55,2.0499999999992724,2741706,6437,3016831,36447,1315693,6437,1717272,36447,30010,71.6,0.42572323491192293,0.03473893788524207,0.06582858639428905,1.629958139066903,24050,7833245,24000,13679584.200000001,0,0,0,0,1785216590201,2026-07-28 00:00:00,24050,17,6437,36447,2735269,2980384,0.0023533334381371633,0.01222896110031459,42884,70451032,341141,2451543,23.75,47.85,-0.6999999999999993,1,39001,24392,24100,24000,468255,732860,8602,53083,0.018714116953440964,0.07808884384143623,0.29999999999999716,-1.3000000000000114,-0.5845968632992395
2026-07-28 00:00:00,2026-07-28 11:00:00,106,NIFTY,OK,24030.5,-6.049999999999272,2736097,-5609,3059864,43033,1310084,-5609,1760305,43033,48642,71.4,0.4362355095211993,0.041992102527918795,0.05460571997536976,-1.1475238673361468,24050,7881944.8,24000,14035862.9,0,0,0,0,1785216650263,2026-07-28 00:00:00,24050,17,-5609,43033,2741706,3016831,-0.0020458065160888876,0.014264305822898267,37424,71131801,680769,2528404,23.85,47.55,0.10000000000000142,-0.30000000000000426,85302,47312,24100,24000,468556,742421,9696,53773,0.021130628078280957,0.07808488516629686,-0.19999999999998863,0.4000000000000057,-0.656821762984239
2026-07-28 00:00:00,2026-07-28 11:01:00,107,NIFTY,OK,24021.55,-8.950000000000728,2682987,-11562,3225292,15255,1291089,-18995,1799140,38835,26817,69.35,0.3796130819143781,0.040248611148266056,0.05111552265884763,-1.5620642642144107,24050,8922736.35,24000,12762763.4,0,0,24300,7760.55,1785216710361,2026-07-28 00:00:00,24000,16,-11562,15255,2686457,3058817,-0.004303809813445739,0.004987222184262739,3693,72402205,745376,2242860,43.45,25.9,-6.25,2.349999999999998,84626,118057,24100,24000,471864,741630,11441,31506,0.024848888956459602,0.04436689930209372,-2.0500000000000114,-1.8500000000000085,-2.1261381276703477
2026-07-28 00:00:00,2026-07-28 11:02:00,108,NIFTY,OK,24021.55,0,2682987,0,3225292,0,1291089,0,1799140,0,0,69.35,0.2991202683556413,0.04753107306910143,0.05111552265884763,-1.2757443043067416,24050,8922736.35,24000,12762763.4,0,0,24300,7760.55,1785216769826,2026-07-28 00:00:00,24000,17,0,0,2682987,3225292,0,0,0,72402205,0,1767286,43.45,25.9,0,0,0,0,24100,24000,471864,741630,5974,22676,0.012822769323230806,0.03154026544118261,0,-1.9500000000000028,-1.6166135463122364
2026-07-28 00:00:00,2026-07-28 11:03:00,109,NIFTY,OK,24021.35,-0.2000000000007276,2671496,-11491,3258667,33375,1279598,-11491,1832515,33375,44866,69.5,0.4848188827187381,0.03682886066527423,0.05029752912895365,-1.2200278799597613,24050,8777028.15,24000,13123206.6,0,0,24300,7626,1785216830010,2026-07-28 00:00:00,24000,17,-11491,33375,2682987,3225292,-0.004282913036850346,0.010347900283137155,21884,73509974,1107769,2875055,43.8,25.7,0.3499999999999943,-0.1999999999999993,108397,197104,24100,24000,476053,752142,10163,33188,0.021814162141277984,0.046161506855793275,0.15000000000000568,-1.7999999999999972,-1.2729279326171856
2026-07-28 00:00:00,2026-07-28 11:04:00,110,NIFTY,OK,24024.9,3.5500000000029104,2670910,-586,3276599,17932,1279012,-586,1850447,17932,18518,70.25,0.44856729094483083,0.03011667037750885,0.05333578193457179,-0.5340033931430409,24050,8568918,24000,13700596,0,0,24300,6162.75,1785216890096,2026-07-28 00:00:00,24000,17,-586,17932,2671496,3258667,-0.0002193527521658277,0.005502863594224264,17346,73643918,133944,2667858,45.1,25.15,1.3000000000000043,-0.5500000000000007,11340,26924,24100,24000,475145,763418,6890,30558,0.014714204867006225,0.04169691346232568,0.75,-1.3499999999999943,-0.43040233686531043
2026-07-28 00:00:00,2026-07-28 11:05:00,111,NIFTY,OK,24024.4,-0.5,2678002,7092,3270899,-5700,1286104,7092,1844747,-5700,-12792,69.44999999999999,0.4438228170211607,0.016784344560266458,0.05443471640654966,-0.3507168562212754,24050,8725602.6,24000,13490849.85,0,0,24300,9294.300000000001,1785216951608,2026-07-28 00:00:00,24000,17,7092,-5700,2670910,3276599,0.002655274793984073,-0.0017396086612978885,1392,74297087,653169,2640258,44.05,25.4,-1.0500000000000043,0.25,67273,117552,24100,24000,474890,760511,6334,18090,0.013518128035923133,0.024366228864754633,-0.8000000000000114,-1.950000000000017,-1.1004702648706723
2026-07-28 00:00:00,2026-07-28 11:06:00,112,NIFTY,OK,24024.4,0,2678002,0,3270899,0,1286104,0,1844747,0,0,69.44999999999999,0.3185263967243698,0.021437746519308326,0.05443471640654966,-0.24822037164537974,24050,8725602.6,24000,13490849.85,0,0,24300,9294.300000000001,1785217009933,2026-07-28 00:00:00,24000,17,0,0,2678002,3270899,0,0,0,74297087,0,1894882,44.05,25.4,0,0,0,0,24100,24000,474890,760511,3026,18881,0.006412864723733957,0.025458786726534795,0,0.09999999999999432,-0.9011699359982993
2026-07-28 00:00:00,2026-07-28 11:07:00,113,NIFTY,OK,24018.85,-5.55000000000291,2682750,4748,3275282,4383,1290852,4748,1849130,4383,-365,69.1,0.3592478187428332,0.023244612013586182,0.048777602523659334,-1.1587166908172704,24050,8835866.25,24000,13466764.5,0,0,24300,9329.6,1785217070830,2026-07-28 00:00:00,24000,17,4748,4383,2678002,3270899,0.001772963575083215,0.001339998575315227,9131,74542615,245528,2140410,43.4,25.7,-0.6499999999999986,0.3000000000000007,27064,44118,24100,24000,477633,766368,5769,24738,0.012225980367224455,0.03335625581489422,-0.3499999999999943,-0.25,-1.043736305232495
2026-07-28 00:00:00,2026-07-28 11:08:00,114,NIFTY,OK,24021.85,3,2683071,321,3280071,4789,1291173,321,1853919,4789,4468,69.1,0.3052322081211549,0.018118906041997798,0.04750821827744945,-1.1664310583573145,24050,8571332,24000,14232610.6,0,0,24300,3414.45,1785217129815,2026-07-28 00:00:00,24000,17,321,4789,2682750,3275282,0.00011965334078837014,0.0014621641739550977,5110,75330117,787502,1820143,44.65,24.45,1.25,-1.25,91716,128318,24100,24000,477527,769077,1474,16935,0.003096293900048944,0.022515695174581397,0,-0.4000000000000057,-0.8608356740896721
2026-07-28 00:00:00,2026-07-28 11:09:00,115,NIFTY,OK,24023.75,1.9000000000014552,2704468,21397,3279869,-202,1312570,21397,1853717,-202,-21599,69.5,0.32107683775161727,0.01916695464632628,0.04907846511566809,-0.9670074447038144,24050,8685668,24000,14462273.65,0,0,24300,4802,1785217189759,2026-07-28 00:00:00,24000,17,21397,-202,2683071,3280071,0.007974816916883676,-0.00006158403278465619,21195,75565350,235233,1921432,45.5,24,0.8500000000000014,-0.4499999999999993,24117,32539,24100,24000,479258,768207,4113,4789,0.008656304917446253,0.006273103332643454,0.4000000000000057,-0.75,-0.22029835135592732
2026-07-28 00:00:00,2026-07-28 11:10:00,116,NIFTY,OK,24020.2,-3.5499999999992724,2708011,3543,3282832,2963,1316113,3543,1856680,2963,-580,69,0.2700019012349347,0.02592951390971099,0.04712944800621313,-1.4136902592749432,24050,8816840.299999999,24000,14138384.4,0,0,24300,3508.7999999999997,1785217249737,2026-07-28 00:00:00,24000,17,3543,2963,2704468,3279869,0.0013100543249171372,0.0009033897390414068,6506,75914626,349276,1617539,44.35,24.65,-1.1499999999999986,0.6499999999999986,42554,47675,24100,24000,479023,769785,4133,9274,0.008703068078923541,0.012194432427670343,-0.5,-0.44999999999998863,-1.2254454863286977
2026-07-28 00:00:00,2026-07-28 11:11:00,117,NIFTY,OK,24020.2,0,2708011,0,3282832,0,1316113,0,1856680,0,0,69,0.2700019012349347,0.02592951390971099,0.04712944800621313,-1.160552402257607,24050,8816840.299999999,24000,14138384.4,0,0,24300,3508.7999999999997,1785217310416,2026-07-28 00:00:00,24000,17,0,0,2708011,3282832,0,0,0,75914626,0,1617539,44.35,24.65,0,0,0,0,24100,24000,479023,769785,4133,9274,0.008703068078923541,0.012194432427670343,0,-0.44999999999998863,-1.0503059682367415
2026-07-28 00:00:00,2026-07-28 11:12:00,118,NIFTY,OK,24010.3,-9.900000000001455,2716254,8243,3254416,-28416,1324356,8243,1828264,-28416,-36659,66.5,0.4049527104998267,0.005226981614574006,0.04765549734074201,-0.8157222575743451,24050,10022788.8,24000,12741463.75,0,0,24300,18203.5,1785217370255,2026-07-28 00:00:00,24000,17,8243,-28416,2708011,3282832,0.0030439315054480946,-0.008655940968042227,-20173,76960454,1045828,2417839,39.7,26.8,-4.649999999999999,2.150000000000002,111628,198871,24100,24000,482435,761513,4802,-4855,0.010053744192717002,-0.0063350766211532844,-2.5,-2.5999999999999943,-2.776962396636414
2026-07-28 00:00:00,2026-07-28 11:13:00,119,NIFTY,OK,24013.95,3.650000000001455,2721534,5280,3234016,-20400,1329636,5280,1807864,-20400,-25680,66.19999999999999,0.3252673556598467,0.003919167682766296,0.04649628583868797,-1.0245600682598501,24050,10018227.75,24000,12574511.549999999,0,0,24300,16416,1785217432386,2026-07-28 00:00:00,24000,17,5280,-20400,2716254,3254416,0.0019438535571415633,-0.006268405760050344,-15120,77267263,306809,1937146,39.3,26.9,-0.4000000000000057,0.09999999999999787,38281,55027,24100,24000,486153,756647,8626,-12430,0.018063900051724823,-0.016162230829942906,-0.30000000000001137,-2.9000000000000057,-2.037344678562724
2026-07-28 00:00:00,2026-07-28 11:14:00,120,NIFTY,OK,24015.3,1.3499999999985448,2733795,12261,3223938,-10078,1341897,12261,1797786,-10078,-22339,65.9,0.3426845412508416,0.013030809312003245,0.04770831133171307,-0.4748735313419067,24000,10344595.9,24000,12504578.9,0,0,24300,18660.95,1785217490724,2026-07-28 00:00:00,24000,17,12261,-10078,2721534,3234016,0.004505179799333758,-0.0031162492702571662,2183,77606973,339710,2041623,39.1,26.8,-0.19999999999999574,-0.09999999999999787,36808,50438,24100,24000,486795,751236,7537,-16971,0.015726393716954126,-0.022091701845986824,-0.29999999999998295,-3.5999999999999943,-1.7219511289071967
2026-07-28 00:00:00,2026-07-28 11:15:00,121,NIFTY,OK,24015.3,0,2733795,0,3223938,0,1341897,0,1797786,0,0,65.9,0.28405888615686536,0.019564545568964285,0.04770831133171307,-0.3045292172227708,24000,10344595.9,24000,12504578.9,0,0,24300,18660.95,1785217549854,2026-07-28 00:00:00,24000,17,0,0,2733795,3223938,0,0,0,77606973,0,1692347,39.1,26.8,0,0,0,0,24100,24000,486795,751236,7772,-18549,0.016224690672472928,-0.02409633858804731,0,-3.0999999999999943,-1.3595459973724238
2026-07-28 00:00:00,2026-07-28 11:16:00,122,NIFTY,OK,24020.25,4.950000000000728,2769198,35403,3190669,-33269,1377300,35403,1764517,-33269,-68672,67,0.44151304047556766,0.011771863892384125,0.044310982048574456,-2.444161232893839,24050,9816687.25,24000,14046682,0,0,24300,5719,1785217610364,2026-07-28 00:00:00,24000,17,35403,-33269,2733795,3223938,0.012950129764667797,-0.010319367183860235,2134,78545985,939012,2631359,43.8,23.2,4.699999999999996,-3.6000000000000014,129784,156761,24000,24000,487870,735818,0,-33967,0,-0.04412530771579077,1.0999999999999943,-2,-0.49454468757540804
2026-07-28 00:00:00,2026-07-28 11:17:00,123,NIFTY,OK,24020.25,0,2769198,0,3190669,0,1377300,0,1764517,0,0,67,0.26603462795394595,0.006813490243962433,0.044310982048574456,-1.8034143466324437,24050,9816687.25,24000,14046682,0,0,24300,5719,1785217670013,2026-07-28 00:00:00,24000,17,0,0,2769198,3190669,0,0,0,78545985,0,1585531,43.8,23.2,0,0,0,0,24000,24000,487870,735818,0,-25695,0,-0.03374203723377014,0,0.5,-0.3664515614150767
2026-07-28 00:00:00,2026-07-28 11:18:00,124,NIFTY,OK,24024.1,3.849999999998545,2779746,10548,3194127,3458,1387848,10548,1767975,3458,-7090,67,0.2640454525899697,0.011616141764730496,0.045913718654675,-0.5726755332612187,24050,9857625.1,24000,14378687.4,0,0,24300,5164.6,1785217730052,2026-07-28 00:00:00,24000,17,10548,3458,2769198,3190669,0.0038090450737000387,0.001083785250052575,14006,78844637,298652,1577374,44.1,22.9,0.30000000000000426,-0.3000000000000007,40645,40242,24000,24000,491218,742270,0,-14377,0,-0.01900093438551927,0,0.8000000000000114,-0.2324254905199866
2026-07-28 00:00:00,2026-07-28 11:19:00,125,NIFTY,OK,24024.8,0.7000000000007276,2754431,-25315,3198883,4756,1362533,-25315,1772731,4756,30071,66.7,0.4763086576652936,0.0015583920948365698,0.043736971264216544,-1.6761641875161488,24050,9480443.45,24000,15475460,0,0,24300,171.3,1785217790408,2026-07-28 00:00:00,24000,17,-25315,4756,2779746,3194127,-0.009106947181505072,0.0014889827486508833,-20559,80442588,1597951,2835615,45.45,21.25,1.3500000000000014,-1.6499999999999986,192377,247105,24100,24000,495979,749838,9184,-1398,0.018866257870356104,-0.001860933182115873,-0.29999999999999716,0.7999999999999972,-0.29976005380319454
2026-07-28 00:00:00,2026-07-28 11:20:00,126,NIFTY,OK,24024.8,0,2754431,0,3198883,0,1362533,0,1772731,0,0,66.7,0.4763086576652936,0.0015583920948365698,0.043736971264216544,-1.3261760633094768,24050,9480443.45,24000,15475460,0,0,24300,171.3,1785217850092,2026-07-28 00:00:00,24000,17,0,0,2754431,3198883,0,0,0,80442588,0,2835615,45.45,21.25,0,0,0,0,24100,24000,495979,749838,9184,-1398,0.018866257870356104,-0.001860933182115873,0,0.7999999999999972,-0.1071960429774314
2026-07-28 00:00:00,2026-07-28 11:21:00,127,NIFTY,OK,24019.95,-4.849999999998545,2735024,-19407,3177399,-21484,1343126,-19407,1751247,-21484,-2077,65.4,0.5281185057293769,0.015194430032730603,0.04620527456265621,0.2737158116891527,24050,10206279.049999999,24000,13650445.200000001,0,0,24300,12863.1,1785217909636,2026-07-28 00:00:00,24000,17,-19407,-21484,2754431,3198883,-0.007045738303119592,-0.006716094336679397,-40891,81668445,1225857,3122460,41.1,24.3,-4.350000000000001,3.0500000000000007,148498,210010,24100,24000,497494,743002,0,7184,0,0.00976328385551862,-1.2999999999999972,-1.5999999999999943,-1.9461695367470577
2026-07-28 00:00:00,2026-07-28 11:22:00,128,NIFTY,OK,24016.4,-3.5499999999992724,2737408,2384,3181359,3960,1345510,2384,1755207,3960,1576,65.75,0.5969912314507396,0.011631684822660674,0.04440595957325705,-0.7121219436474421,24050,10306824,24000,14003302.5,0,0,24300,10707.2,1785217970293,2026-07-28 00:00:00,24000,17,2384,3960,2735024,3177399,0.0008716559708434003,0.0012463024001707057,6344,82079437,410992,3533452,42,23.75,0.8999999999999986,-0.5500000000000007,54541,66561,24100,24000,490080,745263,0,9445,0,0.012836054567841504,0.3499999999999943,-1.25,-1.0691232089630471
2026-07-28 00:00:00,2026-07-28 11:23:00,129,NIFTY,OK,24015.8,-0.6000000000021828,2752864,15456,3195324,13965,1360966,15456,1769172,13965,-1491,64.8,0.604122297412254,0.0071477609294510296,0.04441829097352603,-0.5683752351795694,24050,10992443.8,24000,13487735.100000001,0,0,24300,15633.199999999999,1785218030351,2026-07-28 00:00:00,24000,17,15456,13965,2737408,3181359,0.005646217151407463,0.004389633486821198,29421,82438070,358633,3593433,39.8,25,-2.200000000000003,1.25,35993,58540,24100,24000,491972,751504,0,9234,0,0.01244021717164913,-0.9500000000000028,-2.200000000000003,-1.9255265314970205
2026-07-28 00:00:00,2026-07-28 11:24:00,130,NIFTY,OK,24015.1,-0.7000000000007276,2772789,19925,3195810,486,1380891,19925,1769658,486,-19439,63.5,0.3968549403302182,0.006452993834509522,0.04739687281090002,1.5533889640684266,24050,11621477.6,24000,12870968.549999999,0,0,24300,22768.2,1785218091247,2026-07-28 00:00:00,24000,17,19925,486,2752864,3195324,0.007237916584328176,0.00015209725210964522,20411,82811256,373186,2368668,37.3,26.2,-2.5,1.1999999999999993,41108,64891,24100,24000,495876,752965,-103,3127,-0.00020767008280592525,0.004170234103899776,-1.2999999999999972,-3.200000000000003,-2.2503487380868705
2026-07-28 00:00:00,2026-07-28 11:25:00,131,NIFTY,OK,24015.1,0,2772789,0,3195810,0,1380891,0,1769658,0,0,63.5,0.3968549403302182,0.006452993834509522,0.04739687281090002,1.637542513960852,24050,11621477.6,24000,12870968.549999999,0,0,24300,22768.2,1785218149620,2026-07-28 00:00:00,24000,17,0,0,2772789,3195810,0,0,0,82811256,0,2368668,37.3,26.2,0,0,0,0,24100,24000,495876,752965,-103,3127,-0.00020767008280592525,0.004170234103899776,0,-3.200000000000003,-1.6827715448017313
2026-07-28 00:00:00,2026-07-28 11:26:00,132,NIFTY,OK,24012.35,-2.75,2774721,1932,3193232,-2578,1382823,1932,1767080,-2578,-4510,63.4,0.30147472676142056,0.030863940212996203,0.046912043230068395,1.0430909558104497,24050,11918297.1,24000,12247103.6,0,0,24300,25252.5,1785218210063,2026-07-28 00:00:00,24000,17,1932,-2578,2772789,3195810,0.0006967713735159798,-0.0008066812482594397,-646,83467632,656376,1799187,36,27.4,-1.2999999999999972,1.1999999999999993,68516,118867,24100,24000,497730,754266,236,11264,0.00047437758043313087,0.015160120699540513,-0.10000000000000142,-2.000000000000007,-1.3897341544307342
2026-07-28 00:00:00,2026-07-28 11:27:00,133,NIFTY,OK,24019.95,7.600000000002183,2776183,1462,3183947,-9285,1384285,1462,1757795,-9285,-10747,63.55,0.33368668133077634,0.020797801304896984,0.04594411986805073,0.24789739471208416,24050,11272364.700000001,24000,14056918.65,0,0,24300,13666.050000000001,1785218270883,2026-07-28 00:00:00,24000,17,1462,-9285,2774721,3193232,0.0005268998216397252,-0.0029077123115389047,-7823,84068253,600621,1988816,39.75,23.8,3.75,-3.599999999999998,67900,112787,24100,24000,498050,748351,7970,3088,0.016262650995755794,0.004143503702719711,0.14999999999999858,-2.200000000000003,-1.0545634075311157
2026-07-28 00:00:00,2026-07-28 11:28:00,134,NIFTY,OK,24017.7,-2.25,2806951,30768,3150403,-33544,1415053,30768,1724251,-33544,-64312,64.1,0.31326676239149126,0.004911477135053833,0.0422904340229518,-1.7616681715244302,24050,11320627.5,24000,14130334.2,0,0,24300,11655.15,1785218330383,2026-07-28 00:00:00,24000,17,30768,-33544,2776183,3183947,0.011082842881755274,-0.01053535124799502,-2776,84304311,236058,1866241,40.95,23.15,1.2000000000000028,-0.6500000000000021,38714,34002,24100,24000,503853,737964,11881,-13540,0.024149748359662746,-0.01801720283591305,0.5499999999999972,-0.7000000000000028,-0.5085294332497807
2026-07-28 00:00:00,2026-07-28 11:29:00,135,NIFTY,OK,24017.7,0,2806951,0,3150403,0,1415053,0,1724251,0,0,64.1,0.25062385079013266,0.007531537686153558,0.0422904340229518,-1.515539615259694,24050,11320627.5,24000,14130334.2,0,0,24300,11655.15,1785218390915,2026-07-28 00:00:00,24000,17,0,0,2806951,3150403,0,0,0,84304311,0,1493055,40.95,23.15,0,0,0,0,24100,24000,503853,737964,7977,-15001,0.016086682961062845,-0.019922572762346193,0,0.5999999999999943,-0.35084563624514253
2026-07-28 00:00:00,2026-07-28 11:30:00,136,NIFTY,OK,24011.6,-6.100000000002183,2819432,12481,3168658,18255,1427534,12481,1742506,18255,5774,63.3,0.4016878503830103,0.008103210228229404,0.04433354072622932,-0.4542345190012894,24050,11833017.3,24000,13339306.05,0,0,24300,18676.199999999997,1785218450288,2026-07-28 00:00:00,24000,17,12481,18255,2806951,3150403,0.004446461658931702,0.005794496767556404,30736,85216599,912288,2405343,38.3,25,-2.6500000000000057,1.8500000000000014,100520,159480,24100,24000,505149,745531,9273,-7434,0.01870023957602304,-0.009872968863094566,-0.7999999999999972,-0.20000000000000284,-1.0012068296728187
2026-07-28 00:00:00,2026-07-28 11:31:00,137,NIFTY,OK,24010.6,-1,2819432,0,3168658,0,1427534,0,1742506,0,0,63.3,0.29207426742083037,0.011513653488030363,0.04560437378377538,0.28180753988639723,24050,11833017.3,24000,13339306.05,0,0,24300,18676.199999999997,1785218510843,2026-07-28 00:00:00,24000,17,0,0,2819432,3168658,0,0,0,85216599,0,1748967,38.3,25,0,0,0,0,24100,24000,505149,745531,7419,-8735,0.014905671749743837,-0.011580795104114463,0,-0.10000000000000142,-0.8332866793565058
2026-07-28 00:00:00,2026-07-28 11:32:00,138,NIFTY,OK,24008.2,-2.399999999997817,2823605,4173,3203882,35224,1431707,4173,1777730,35224,31051,62.4,0.3358784515006005,0.033270881791728636,0.04360272483897451,-0.7701383832214174,24050,12424199.4,24000,12711824,0,0,24300,28010.85,1785218569873,2026-07-28 00:00:00,24000,17,4173,35224,2819432,3168658,0.0014800853505245028,0.01111637797452423,39397,86092756,876157,2024503,35.55,26.85,-2.75,1.8500000000000014,102331,150720,24100,24000,507268,761426,9218,13075,0.018508181909446843,0.017471747883012118,-0.8999999999999986,-1.1499999999999986,-1.9855402473506265
2026-07-28 00:00:00,2026-07-28 11:33:00,139,NIFTY,OK,24008.2,0,2823605,0,3203882,0,1431707,0,1777730,0,0,62.4,0.2967148664111594,0.03921451316646584,0.04360272483897451,-0.7094215502847669,24050,12424199.4,24000,12711824,0,0,24300,28010.85,1785218630349,2026-07-28 00:00:00,24000,17,0,0,2823605,3203882,0,0,0,86092756,0,1788445,35.55,26.85,0,0,0,0,24100,24000,507268,761426,3415,23462,0.00677777050052297,0.03179287878541501,0,-1.6999999999999957,-1.7371534310992083
2026-07-28 00:00:00,2026-07-28 11:34:00,140,NIFTY,OK,24003.65,-4.549999999999272,2818680,-4925,3169226,-34656,1426782,-4925,1743074,-34656,-29731,61.199999999999996,0.48711202213261195,0.010474560825787058,0.04313538057115469,-0.7842611592519982,24050,13256705.35,24000,11446106.1,0,0,24300,36250.799999999996,1785218692708,2026-07-28 00:00:00,24000,17,-4925,-34656,2823605,3203882,-0.0017442241389996121,-0.010816877775149022,-39581,87221092,1128336,2916781,32.8,28.4,-2.75,1.5499999999999972,124420,229330,24100,24000,498123,742356,-5730,4392,-0.011372364558710575,0.005951509829747793,-1.2000000000000028,-2.8999999999999986,-2.2819448040059607
2026-07-28 00:00:00,2026-07-28 11:35:00,141,NIFTY,OK,24001.85,-1.8000000000029104,2846610,27930,3161121,-8105,1454712,27930,1734969,-8105,-36035,60.75,0.3675653919924178,0.008894437817731273,0.04345920386776404,-0.44374396077470973,24000,14051517,24000,10981111.200000001,0,0,24300,39639,1785218750651,2026-07-28 00:00:00,24000,17,27930,-8105,2818680,3169226,0.00990889352462855,-0.002557406761146097,19825,87424833,203741,2208234,31.75,29,-1.0499999999999972,0.6000000000000014,20190,36212,24000,24000,509021,735410,0,-10121,0,-0.013575558896947277,-0.44999999999999574,-2.549999999999997,-1.9283104296209246
2026-07-28 00:00:00,2026-07-28 11:36:00,142,NIFTY,OK,24002.6,0.75,2855729,9119,3145635,-15486,1463831,9119,1719483,-15486,-24605,61.25,0.497973793957507,0.004441660459585039,0.044657901370516125,0.6476468572373756,24000,14819245,24000,10165897.75,0,0,24300,44409.8,1785218809776,2026-07-28 00:00:00,24000,17,9119,-15486,2846610,3161121,0.0032034595536445105,-0.004898895043878421,-6367,88205121,780288,2988522,31.15,30.1,-0.6000000000000014,1.1000000000000014,94527,154784,24000,24000,521881,723467,0,-22064,0,-0.02959501348703139,0.5,-2.049999999999997,-1.1852226587327366
2026-07-28 00:00:00,2026-07-28 11:38:00,143,NIFTY,OK,24005.4,2.8000000000029104,2879446,23717,3107707,-37928,1487548,23717,1681555,-37928,-61645,61.099999999999994,0.4704162395716295,0.0143208445797446,0.04483441157325803,1.0261497459185778,24000,15106893.799999999,24000,10370781.049999999,0,0,24300,42847.850000000006,1785218883101,2026-07-28 00:00:00,24000,17,23717,-37928,2855729,3145635,0.008305059758821653,-0.012057342953012667,-14211,88909210,704089,2816454,31.9,29.2,0.75,-0.9000000000000021,77045,128239,24000,24000,534003,710955,0,-50471,0,-0.06628483923585483,-0.15000000000000568,-1.3000000000000043,-1.0685634809038242
2026-07-28 00:00:00,2026-07-28 11:38:00,144,NIFTY,OK,24005.4,0,2879446,0,3107707,0,1487548,0,1681555,0,0,61.099999999999994,0.4704162395716295,0.0143208445797446,0.04483441157325803,0.8527816429764818,24000,15106893.799999999,24000,10370781.049999999,0,0,24300,42847.850000000006,1785218929674,2026-07-28 00:00:00,24000,17,0,0,2879446,3107707,0,0,0,88909210,0,2816454,31.9,29.2,0,0,0,0,24000,24000,534003,710955,0,-50471,0,-0.06628483923585483,0,-1.3000000000000043,-0.8885447886681417
2026-07-28 00:00:00,2026-07-28 11:39:00,145,NIFTY,OK,24008.95,3.5499999999992724,2898795,19349,3084546,-23161,1506897,19349,1658394,-23161,-42510,60.199999999999996,0.4218798494018643,0.0018084572413757586,0.0404638112841243,-2.5152771340206974,24000,14814117.5,24000,11430655.6,0,0,24300,29883.5,1785218989920,2026-07-28 00:00:00,24000,17,19349,-23161,2879446,3107707,0.006719695385848528,-0.007452761795111315,-3812,89745343,836133,2524251,33.8,26.4,1.8999999999999986,-2.8000000000000007,118874,153522,24000,24000,542461,696186,0,-46170,0,-0.06219388002521701,-0.8999999999999986,-1,-1.4691063206231887
2026-07-28 00:00:00,2026-07-28 11:40:00,146,NIFTY,OK,24011.7,2.75,2916064,17269,3081715,-2831,1524166,17269,1655563,-2831,-20100,60.3,0.4612092242811881,0.0035976749591773065,0.039685177552946774,-2.034277347307626,24000,14406478.4,24000,12289561.2,0,0,24300,27784.8,1785219051629,2026-07-28 00:00:00,24000,17,17269,-2831,2898795,3084546,0.005957302948294032,-0.0009178011934333286,14438,90191064,445721,2766231,35.65,24.65,1.8500000000000014,-1.75,61127,70534,24000,24000,548427,696419,39406,-38991,0.0774152736331114,-0.053019404141907235,0.10000000000000142,-0.45000000000000284,-1.16436347285492
2026-07-28 00:00:00,2026-07-28 11:41:00,147,NIFTY,OK,24014.75,3.0499999999992724,2911242,-4822,3089918,8203,1519344,-4822,1663766,8203,13025,60.400000000000006,0.40071452852448525,0.00008483203257550051,0.038949817215021616,-1.8091176971140661,24000,13726309.500000002,24000,13203770.4,0,0,24300,20153.25,1785219110276,2026-07-28 00:00:00,24000,17,-4822,8203,2916064,3081715,-0.0016535988236197833,0.002661829533230685,3381,90609873,418809,2404752,37.35,23.05,1.7000000000000028,-1.5999999999999979,67300,63548,24000,24000,546516,701416,24635,-22051,0.047204247711643076,-0.030479621046986247,0.10000000000000853,-0.8499999999999943,-0.9596347192032566
2026-07-28 00:00:00,2026-07-28 11:42:00,148,NIFTY,OK,24014.75,0,2911242,0,3089918,0,1519344,0,1663766,0,0,60.400000000000006,0.28338904478467497,0.008236199646843613,0.038949817215021616,-1.4130916658901622,24000,13726309.500000002,24000,13203770.4,0,0,24300,20153.25,1785219169762,2026-07-28 00:00:00,24000,17,0,0,2911242,3089918,0,0,0,90609873,0,1700663,37.35,23.05,0,0,0,0,24000,24000,546516,701416,12513,-9539,0.023432452626670635,-0.013417164236836369,0,-0.6999999999999886,-0.8151917305063318
2026-07-28 00:00:00,2026-07-28 11:43:00,149,NIFTY,OK,24021.9,7.150000000001455,2920221,8979,3076128,-13790,1528323,8979,1649976,-13790,-22769,62.25,0.48147047478390603,0.0031852417593646143,0.03813570574956806,-1.3813858194983664,24050,12642579.399999999,24000,14866553.700000001,0,0,24300,4719.25,1785219230268,2026-07-28 00:00:00,24000,17,8979,-13790,2911242,3089918,0.0030842506394178153,-0.004462901604508599,-4811,91796275,1186402,2887065,42.25,20,4.899999999999999,-3.0500000000000007,188658,175755,24000,24000,542612,706780,8609,-4175,0.01612163227547411,-0.005872382921563249,1.8499999999999943,1.1500000000000057,2.2945512045893675
2026-07-28 00:00:00,2026-07-28 11:44:00,150,NIFTY,OK,24022.05,0.1499999999978172,2889643,-30578,3080820,4692,1497745,-30578,1654668,4692,35270,64,0.4443606802353519,0.004854056046669499,0.040877248845726355,-0.23805205827618395,24050,11868204.6,24000,15218071.25,0,0,0,0,1785219289944,2026-07-28 00:00:00,24000,17,-30578,4692,2920221,3076128,-0.01047112530181791,0.0015252941360047437,-25886,92398382,602107,2653039,44.2,19.8,1.9500000000000028,-0.1999999999999993,100911,78530,24000,24000,527501,715163,-14960,18977,-0.02757801943365514,0.027258519993220202,1.75,3.8000000000000043,2.552279610681581
2026-07-28 00:00:00,2026-07-28 11:45:00,151,NIFTY,OK,24022.05,0,2889643,0,3080820,0,1497745,0,1654668,0,0,64,0.36970633600777697,0.012375199223673253,0.040877248845726355,-0.14151181469594706,24050,11868204.6,24000,15218071.25,0,0,0,0,1785219350119,2026-07-28 00:00:00,24000,17,0,0,2889643,3080820,0,0,0,92398382,0,2207318,44.2,19.8,0,0,0,0,24000,24000,527501,715163,-20926,18744,-0.03815640003136243,0.026914831444862935,0,3.700000000000003,1.8139293158893777
2026-07-28 00:00:00,2026-07-28 11:46:00,152,NIFTY,OK,24019.4,-2.649999999997817,2861737,-27906,3122164,41344,1469839,-27906,1696012,41344,69250,62.9,0.44480247918540095,0.00648431388903291,0.03979980617839401,-0.42580876478803925,24050,11811842.999999998,24000,15336030.9,0,0,24300,7041.7,1785219410491,2026-07-28 00:00:00,24000,17,-27906,41344,2889643,3080820,-0.009657248317525728,0.013419803818463916,13438,93271527,873145,2661654,42,20.9,-2.200000000000003,1.0999999999999979,118732,119797,24000,24000,515587,738480,-30929,37064,-0.056593036617409186,0.052841680258220516,-1.1000000000000014,2.499999999999993,0.8600426613393795
2026-07-28 00:00:00,2026-07-28 11:47:00,153,NIFTY,OK,24019.4,0,2861737,0,3122164,0,1469839,0,1696012,0,0,62.9,0.44480247918540095,0.00648431388903291,0.03979980617839401,-0.25081494247907665,24050,11811842.999999998,24000,15336030.9,0,0,24300,7041.7,1785219470463,2026-07-28 00:00:00,24000,17,0,0,2861737,3122164,0,0,0,93271527,0,2661654,42,20.9,0,0,0,0,24000,24000,515587,738480,-30929,37064,-0.056593036617409186,0.052841680258220516,0,2.499999999999993,0.7194663826294747
2026-07-28 00:00:00,2026-07-28 11:48:00,154,NIFTY,OK,24033.3,13.899999999997817,2892082,-28045,2991949,23193,1466069,-3770,1692390,-3622,51238,62.599999999999994,0.46461193015468477,0.0063282087035914595,0.04203528102982447,1.9178274245478153,24050,9698177.65,24000,17938812.9,23700,14048.099999999999,0,0,1785219529923,2026-07-28 00:00:00,24050,16,-28045,23193,2853761,2967720,-0.009827382180918444,0.0078150903724071,-4852,93966421,1258539,2733791,23.55,39.05,5.449999999999999,-7.850000000000001,200036,80850,24100,24000,509154,751516,0,44736,0,0.06329550921078694,-0.30000000000000426,0.3499999999999943,0.41461460502143316
2026-07-28 00:00:00,2026-07-28 11:49:00,155,NIFTY,OK,24034.1,0.7999999999992724,2844227,-47855,2998923,6974,1418214,-47855,1699364,6974,54829,62.15,0.484919264437846,0.011397741838941561,0.041851272119493216,1.438991648914603,24050,8901869.85,24000,18357976,23700,28340.399999999998,0,0,1785219590261,2026-07-28 00:00:00,24050,17,-47855,6974,2892082,2991949,-0.016546902888645618,0.002330922084567618,-40881,94668193,701772,2833456,24.85,37.3,1.3000000000000007,-1.75,103549,45447,24100,24000,506848,758378,0,43215,0,0.06042678382410723,-0.44999999999999574,-1.8500000000000014,-0.03005395772347993
2026-07-28 00:00:00,2026-07-28 11:50:00,156,NIFTY,OK,24023.6,-10.5,2748233,-37600,3170731,20284,1356335,-61879,1744579,45215,57884,65.1,0.6122194694882416,0.013690683982277806,0.046225491493136345,2.49914740126626,24050,9789635.3,24000,17724882,0,0,0,0,1785219650715,2026-07-28 00:00:00,24000,16,-37600,20284,2777879,2997887,-0.013535506766133442,0.006766098922340969,-17316,96034945,790249,3623705,47,18.1,-5.5,1.6500000000000021,107732,107977,24100,24000,504694,767002,0,51839,0,0.07248557321897246,2.9499999999999957,1.0999999999999943,1.7052736551486876
2026-07-28 00:00:00,2026-07-28 11:51:00,157,NIFTY,OK,24023.6,0,2748233,0,3170731,0,1356335,0,1744579,0,0,65.1,0.46470294463693307,0.022922241289046595,0.046225491493136345,1.801654921147705,24050,9789635.3,24000,17724882,0,0,0,0,1785219710140,2026-07-28 00:00:00,24000,17,0,0,2748233,3170731,0,0,0,96034945,0,2750560,47,18.1,0,0,0,0,24100,24000,504694,767002,0,28522,0,0.03862257610226411,0,2.1999999999999957,1.4276176681741848
2026-07-28 00:00:00,2026-07-28 11:52:00,158,NIFTY,OK,24017.85,-5.75,2762051,13818,3192957,22226,1370153,13818,1766805,22226,8408,62,0.6677935613184734,0.006790779125288303,0.041252438911086556,-0.18210738665401005,24050,11277552,24000,16367702.4,0,0,24300,8148,1785219770465,2026-07-28 00:00:00,24000,17,13818,22226,2748233,3170731,0.005027957964262856,0.007009740025249698,36044,97261101,1226156,3976716,41.25,20.75,-5.75,2.6499999999999986,147993,224621,24100,24000,509872,771202,0,32722,0,0.04430993391831871,-3.0999999999999943,-0.8999999999999986,-1.1681412139984366
2026-07-28 00:00:00,2026-07-28 11:53:00,159,NIFTY,OK,24013.05,-4.799999999999272,2757602,-4449,3191502,-1455,1365704,-4449,1765350,-1455,2994,62,0.458127980280728,0.010294443011450214,0.049917710766618655,2.187425626565028,24050,11328503.55,24000,16341192.3,0,0,24300,8257.2,1785219830047,2026-07-28 00:00:00,24000,17,-4449,-1455,2762051,3192957,-0.0016107595406457014,-0.0004556904461914144,-5904,97268375,7274,2725451,41.25,20.75,0,0,0,0,24100,24000,513662,770291,4508,18775,0.008853902748480814,0.024982834696799537,0,-0.5999999999999943,-1.1197033803138416
2026-07-28 00:00:00,2026-07-28 11:54:00,160,NIFTY,OK,24013.05,0,2757602,0,3191502,0,1365704,0,1765350,0,0,62,0.340165342545701,0.006336973403390557,0.049917710766618655,1.6343432462282887,24050,11328503.55,24000,16341192.3,0,0,24300,8257.2,1785219889840,2026-07-28 00:00:00,24000,17,0,0,2757602,3191502,0,0,0,97268375,0,2023679,41.25,20.75,0,0,0,0,24100,24000,513662,770291,6814,11913,0.013443872719237325,0.01570852530004826,0,-0.14999999999999858,-0.9195678598855146
2026-07-28 00:00:00,2026-07-28 11:55:00,161,NIFTY,OK,24013.9,0.8500000000021828,2786798,29196,3166991,-24511,1394900,29196,1740839,-24511,-53707,59.349999999999994,0.48068112591830175,0.012168600015234773,0.038286489939315334,-1.3042555742457034,24050,12418733.6,24000,15318439.2,0,0,24300,17726.8,1785219954578,2026-07-28 00:00:00,24000,17,29196,-24511,2757602,3191502,0.010587459684174873,-0.007680082920204969,4685,98896819,1628444,2861874,37.4,21.95,-3.8500000000000014,1.1999999999999993,195778,319533,24100,24000,517091,757786,12397,-9216,0.024563398811953383,-0.012015614040119844,-2.6500000000000057,-5.75,-2.081718234385333
2026-07-28 00:00:00,2026-07-28 11:56:00,162,NIFTY,OK,24006.25,-7.650000000001455,2808123,21325,3165797,-1194,1416225,21325,1739645,-1194,-22519,58.3,0.5807009467820125,0.015841750836897938,0.038836893048556115,-1.1160895575161047,24050,13364358.35,24000,13387719.75,0,0,24300,31440.4,1785220010738,2026-07-28 00:00:00,24000,17,21325,-1194,2786798,3166991,0.007652151322054918,-0.00037701401740642776,20131,99504006,607187,3469061,32.9,25.4,-4.5,3.4499999999999993,69271,124382,24100,24000,520962,756293,16268,-10709,0.032233392907385465,-0.013962153944839779,-1.0499999999999972,-6.799999999999997,-1.9037024792714738
2026-07-28 00:00:00,2026-07-28 11:57:00,163,NIFTY,OK,24007.3,1.0499999999992724,2820467,12344,3162479,-3318,1428569,12344,1736327,-3318,-15662,58.449999999999996,0.4461126675721292,0.01046732417458079,0.03900151850174514,-1.0374408316832346,24050,13632696,24000,13321154.6,0,0,24300,30977.199999999997,1785220070387,2026-07-28 00:00:00,24000,17,12344,-3318,2808123,3165797,0.004395818844117583,-0.001048077308810388,9026,99930169,426163,2669068,33.3,25.15,0.3999999999999986,-0.25,55704,82079,24100,24000,517229,748056,7357,-23146,0.014429111620171338,-0.030012888970723624,0.14999999999999858,-3.5500000000000043,-1.426763856373776
2026-07-28 00:00:00,2026-07-28 11:58:00,164,NIFTY,OK,24007.3,0,2820467,0,3162479,0,1428569,0,1736327,0,0,58.449999999999996,0.44489687856116367,0.012713981622920482,0.03900151850174514,-0.9233795213848222,24050,13632696,24000,13321154.6,0,0,24300,30977.199999999997,1785220130482,2026-07-28 00:00:00,24000,17,0,0,2820467,3162479,0,0,0,99930169,0,2661794,33.3,25.15,0,0,0,0,24100,24000,517229,748056,3567,-22235,0.006944255171688776,-0.028865714385861968,0,-3.5500000000000043,-1.1582770890997236
2026-07-28 00:00:00,2026-07-28 11:59:00,165,NIFTY,OK,24011.6,4.299999999999272,2848658,28191,3160355,-2124,1456760,28191,1734203,-2124,-30315,58.25,0.49650250382217515,0.02008017456066553,0.0405363974459784,-0.5369325590477645,24050,13988584.35,24000,13562152.2,0,0,24300,29029,1785220189820,2026-07-28 00:00:00,24000,17,28191,-2124,2820467,3162479,0.009995153284899274,-0.0006716250131621427,26067,100251865,321696,2983490,33.8,24.45,0.5,-0.6999999999999993,37867,61967,24100,24000,520909,742681,7247,-27610,0.014108499363394606,-0.03584359677057112,-0.19999999999999574,-3.75,-1.0230211533388922
2026-07-28 00:00:00,2026-07-28 12:00:00,166,NIFTY,OK,24013,1.4000000000014552,2885462,36804,3137071,-23284,1493564,36804,1710919,-23284,-60088,57.3,0.3540159929385194,0.032242798440766336,0.037948034643570966,-0.9174784569052503,24050,14395246.8,24000,14060700.6,0,0,24300,24450,1785220251054,2026-07-28 00:00:00,24000,17,36804,-23284,2848658,3160355,0.012919767834538229,-0.007367526749368346,13520,101028892,777027,2132073,34.15,23.15,0.3500000000000014,-1.3000000000000007,117439,136964,24100,24000,526149,735356,9058,-22430,0.017517226174889912,-0.02959938557851425,-0.9500000000000028,-2.049999999999997,-1.1881085041634156
2026-07-28 00:00:00,2026-07-28 12:01:00,167,NIFTY,OK,24006.4,-6.599999999998545,2908785,23323,3150880,13809,1516887,23323,1724728,13809,-9514,57.65,0.32509783956703875,0.04352573421916117,0.04065062293685366,-0.20508054557681474,24050,15139392.25,24000,12926091.2,0,0,24300,36543.75,1785220310077,2026-07-28 00:00:00,24000,17,23323,13809,2885462,3137071,0.008082934379312567,0.004401876782514645,37132,101473990,445098,1969984,32,25.65,-2.1499999999999986,2.5,60931,85982,24100,24000,531858,742874,10896,-13419,0.020915153120573092,-0.017743123366208598,0.3500000000000014,-0.6499999999999986,-0.9630073856942206
2026-07-28 00:00:00,2026-07-28 12:02:00,168,NIFTY,OK,24005.8,-0.6000000000021828,2907384,-1401,3158897,8017,1515486,-1401,1732745,8017,9418,57.9,0.3446685044758065,0.03985688158342803,0.03972052960706084,-0.3822038688676801,24050,15388577.100000001,24000,12568557.8,0,0,24300,39224.25,1785220369997,2026-07-28 00:00:00,24000,17,-1401,8017,2908785,3150880,-0.00048164439791871863,0.0025443685573554053,6616,102021025,547035,2090856,31.4,26.5,-0.6000000000000014,0.8500000000000014,57007,114825,24100,24000,532189,747006,14960,-1050,0.02892335889905632,-0.0014036382302929193,0.25,-0.5499999999999972,-0.6644547990867297
2026-07-28 00:00:00,2026-07-28 12:03:00,169,NIFTY,OK,24005.8,0,2907384,0,3158897,0,1515486,0,1732745,0,0,57.9,0.3446685044758065,0.03985688158342803,0.03972052960706084,-0.19483028029749827,24050,15388577.100000001,24000,12568557.8,0,0,24300,39224.25,1785220430569,2026-07-28 00:00:00,24000,17,0,0,2907384,3158897,0,0,0,102021025,0,2090856,31.4,26.5,0,0,0,0,24100,24000,532189,747006,14960,-1050,0.02892335889905632,-0.0014036382302929193,0,-0.5499999999999972,-0.5189227891954754
2026-07-28 00:00:00,2026-07-28 12:04:00,170,NIFTY,OK,24008.25,2.4500000000007276,2931503,24119,3154050,-4847,1539605,24119,1727898,-4847,-28966,57.65,0.3968909645516192,0.031689632058281764,0.03887726406418679,-0.4513416060521731,24050,15337014,24000,13631936.2,0,0,24300,30891.649999999998,1785220491769,2026-07-28 00:00:00,24000,17,24119,-4847,2907384,3158897,0.008295773795274377,-0.0015343963415078111,19272,102667166,646141,2415301,33.25,24.4,1.8500000000000014,-2.1000000000000014,78172,117832,24000,24000,532363,744374,0,1693,0,0.0022795789847862,-0.25,-0.6000000000000014,-0.8593887247771714
2026-07-28 00:00:00,2026-07-28 12:05:00,171,NIFTY,OK,24013.6,5.349999999998545,2950062,18559,3151177,-2873,1558164,18559,1725025,-2873,-21432,58.2,0.3102763225633351,0.041575852979551735,0.03960079414782188,0.2702895052166566,24050,15270083.4,24000,14246557,0,0,24300,24594.75,1785220550721,2026-07-28 00:00:00,24000,17,18559,-2873,2931503,3154050,0.0063308821447564615,-0.0009108923447630824,15686,102921962,254796,1893070,35,23.2,1.75,-1.1999999999999993,31838,40075,24000,24000,537860,743318,0,7962,0,0.010827408765278315,0.5500000000000043,0.9000000000000057,0.530281060691223
2026-07-28 00:00:00,2026-07-28 12:06:00,172,NIFTY,OK,24013.6,0,2950062,0,3151177,0,1558164,0,1725025,0,0,58.2,0.23732425495870593,0.028711881168972882,0.03960079414782188,0.17729670250179466,24050,15270083.4,24000,14246557,0,0,24300,24594.75,1785220610315,2026-07-28 00:00:00,24000,17,0,0,2950062,3151177,0,0,0,102921962,0,1447972,35,23.2,0,0,0,0,24000,24000,537860,743318,0,444,0,0.0005976787449823254,0,0.5500000000000043,0.5680763091621855
2026-07-28 00:00:00,2026-07-28 12:07:00,173,NIFTY,OK,24016.05,2.4500000000007276,2943187,-6875,3121801,-29376,1551289,-6875,1695649,-29376,-22501,59.4,0.2676541157212512,0.0007965162731416314,0.03996214393303346,0.528526835768074,24050,14241737.3,24000,15919637.25,0,0,24300,7381.5,1785220669850,2026-07-28 00:00:00,24000,17,-6875,-29376,2950062,3151177,-0.0023304594954275536,-0.009322231026692567,-36251,103644344,722382,1623319,39.9,19.5,4.899999999999999,-3.6999999999999993,128046,122347,24000,24000,539504,733273,0,-13733,0,-0.018384055817490086,1.1999999999999957,1.5,2.4001370666913355
2026-07-28 00:00:00,2026-07-28 12:08:00,174,NIFTY,OK,24017.65,1.6000000000021828,2951188,8001,3132064,10263,1559290,8001,1705912,10263,2262,59.15,0.35895784031304306,0.007771917508040507,0.03602462949141661,-2.4811407287488656,24050,14224336,24000,15804152,0,0,24300,12499.3,1785220730477,2026-07-28 00:00:00,24000,17,8001,10263,2943187,3121801,0.0027184817002793233,0.0032875253739748306,18264,104204656,560312,2183631,39.05,20.1,-0.8500000000000014,0.6000000000000014,96868,76430,24000,24000,540265,739970,0,-7036,0,-0.009418933716730521,-0.25,1.25,1.5804133706149137
2026-07-28 00:00:00,2026-07-28 12:09:00,175,NIFTY,BLOCKED,0,0,0,0,0,0,0,0,0,0,0,0,0,0,0,0,0,0,0,0,0,0,0,0,1785220790344,2026-07-28 00:00:00,0,0,0,0,0,0,0,0,0,0,0,0,0,0,0,0,0,0,0,0,0,0,0,0,0,0,0,0,0
2026-07-28 00:00:00,2026-07-28 12:10:00,176,NIFTY,OK,24022,4.349999999998545,2922398,-28790,3150621,18557,1530500,-28790,1724469,18557,47347,60.150000000000006,0.44306843103899396,0.0046581582993374,0.036353958749168344,-1.6744187830343213,24050,13294396,24000,17152564,0,0,24300,3528,1785220850580,2026-07-28 00:00:00,24000,17,-28790,18557,2951188,3132064,-0.009755393421225621,0.00592484700184926,-10233,105357929,1153273,2690763,41.7,18.45,2.6500000000000057,-1.6500000000000021,172862,166177,24100,24000,535879,754998,0,10624,0,0.014272395328154932,1.000000000000007,2.500000000000007,2.076385620617966
2026-07-28 00:00:00,2026-07-28 12:11:00,177,NIFTY,OK,24022,0,2922398,0,3150621,0,1530500,0,1724469,0,0,60.150000000000006,0.4011130213819519,0.011584721796313332,0.036353958749168344,-1.4117630832606216,24050,13294396,24000,17152564,0,0,24300,3528,1785220909903,2026-07-28 00:00:00,24000,17,0,0,2922398,3150621,0,0,0,105357929,0,2435967,41.7,18.45,0,0,0,0,24100,24000,535879,754998,0,11680,0,0.01571332861574723,0,1.9500000000000028,1.611314663645415
2026-07-28 00:00:00,2026-07-28 12:12:00,178,NIFTY,OK,24021.8,-0.2000000000007276,2899161,-23237,3169498,18877,1507263,-23237,1743346,18877,42114,59.75,0.4822327304928486,0.011132729609985422,0.03655112766948365,-1.0635422572057889,24050,12840236.1,24000,17405342.05,0,0,24300,3118.5,1785220970025,2026-07-28 00:00:00,24000,17,-23237,18877,2922398,3150621,-0.007951346804918427,0.005991517227873489,-4360,105848468,490539,2926506,41.35,18.4,-0.3500000000000014,-0.05000000000000071,86072,68018,24100,24000,534927,762167,0,18849,0,0.025357922181354412,-0.4000000000000057,1.5499999999999972,0.9718129560050465
2026-07-28 00:00:00,2026-07-28 12:13:00,179,NIFTY,OK,24024.25,2.4500000000007276,2900086,925,3192635,23137,1508188,925,1766483,23137,22212,61,0.46349176336812403,0.009820724764034184,0.03727889346987633,-0.48008650194917724,24050,12413887.5,24000,18383035.65,0,0,0,0,1785221031151,2026-07-28 00:00:00,24000,17,925,23137,2899161,3169498,0.0003190578239704521,0.007299894178825795,24062,106468270,619802,2823926,43.7,17.3,2.3500000000000014,-1.0999999999999979,83681,82044,24100,24000,537265,773501,0,40228,0,0.05486087719035066,1.25,1.6000000000000014,1.723302159532625
2026-07-28 00:00:00,2026-07-28 12:14:00,180,NIFTY,OK,24026.55,2.2999999999992724,2946521,-11333,3049405,14175,1520508,12320,1749846,-16637,25508,59.1,0.47806343840801235,0.004294884966786246,0.03691484974658512,-0.5611630269836971,24050,12003876,24000,18952020.8,0,0,0,0,1785221094060,2026-07-28 00:00:00,24050,16,-11333,14175,2892130,3034204,-0.003918565209724321,0.004671735980837149,2842,106461383,602819,2866433,19,40.1,0.8500000000000014,-1.8500000000000014,88324,35777,24100,24000,538996,779582,0,39612,0,0.05353189994188954,-1.8999999999999986,-0.04999999999999716,-0.17726348164915662
2026-07-28 00:00:00,2026-07-28 12:15:00,181,NIFTY,BLOCKED,0,0,0,0,0,0,0,0,0,0,0,0,0,0,0,0,0,0,0,0,0,0,0,0,1785221151534,2026-07-28 00:00:00,0,0,0,0,0,0,0,0,0,0,0,0,0,0,0,0,0,0,0,0,0,0,0,0,0,0,0,0,0
2026-07-28 00:00:00,2026-07-28 12:16:00,182,NIFTY,OK,24025.7,-0.8499999999985448,2923661,-22860,3057638,8233,1497648,-22860,1758079,8233,31093,59.55,0.34679088940379005,0.003816782852679992,0.03613176057555491,-0.8901056699349379,24050,12184176.200000001,24000,18928353.75,0,0,0,0,1785221211069,2026-07-28 00:00:00,24050,17,-22860,8233,2946521,3049405,-0.007758302078960238,0.0026998709584328748,-14627,106822483,361100,2074260,18.3,41.25,-0.6999999999999993,1.1499999999999986,71774,24588,24100,24000,535281,786703,-598,31705,-0.0011159235573702272,0.04199348872447344,0.44999999999999574,-0.6000000000000085,0.10292450300662163
2026-07-28 00:00:00,2026-07-28 12:17:00,183,NIFTY,OK,24020.55,-5.150000000001455,2845387,-20494,3253294,38158,1453489,-44159,1827142,69063,58652,60.550000000000004,0.3834015912621106,0.010940261153241492,0.042672304889564014,2.3200318469691084,24050,12361681.5,24000,19191975,0,0,0,0,1785221270105,2026-07-28 00:00:00,24000,16,-20494,38158,2857928,3056613,-0.0071709294285930225,0.012483752441018866,17664,107696995,263984,2338244,42.95,17.6,-1,0.5,31230,43222,24100,24000,536053,803838,174,48840,0.0003247001655224407,0.06468891308321346,1.000000000000007,0.3999999999999986,1.111799995552801
2026-07-28 00:00:00,2026-07-28 12:18:00,184,NIFTY,OK,24018,-2.5499999999992724,2810633,-34754,3254916,1622,1418735,-34754,1828764,1622,36376,59.95,0.34783199344362725,0.0015124713715854454,0.0430850780459219,1.8995039131084754,24050,12264350.6,24000,18639684,0,0,24300,2000.9999999999998,1785221331158,2026-07-28 00:00:00,24000,17,-34754,1622,2845387,3253294,-0.012214155754559924,0.000498571601582888,-33132,107959082,262087,2109792,41.6,18.35,-1.3500000000000014,0.75,31798,42304,24100,24000,531145,800474,-3782,38307,-0.007070123586956725,0.05026063841651501,-0.6000000000000014,0.20000000000000284,0.12955609517823335
2026-07-28 00:00:00,2026-07-28 12:19:00,185,NIFTY,OK,24018,0,2810633,0,3254916,0,1418735,0,1828764,0,0,59.95,0.24564800317333188,0.01829072678340123,0.0430850780459219,1.5625808758958482,24050,12264350.6,24000,18639684,0,0,24300,2000.9999999999998,1785221389642,2026-07-28 00:00:00,24000,17,0,0,2810633,3254916,0,0,0,107959082,0,1489990,41.6,18.35,0,0,0,0,24100,24000,531145,800474,-6120,26973,-0.011391026774496757,0.03487131884768087,0,-1.0499999999999972,0.03591526808723164
2026-07-28 00:00:00,2026-07-28 12:20:00,186,NIFTY,BLOCKED,0,0,0,0,0,0,0,0,0,0,0,0,0,0,0,0,0,0,0,0,0,0,0,0,1785221449709,2026-07-28 00:00:00,0,0,0,0,0,0,0,0,0,0,0,0,0,0,0,0,0,0,0,0,0,0,0,0,0,0,0,0,0
2026-07-28 00:00:00,2026-07-28 12:21:00,187,NIFTY,OK,24014.4,-3.599999999998545,2835731,25098,3265345,10429,1443833,25098,1839193,10429,-14669,55.75,0.4516734425206308,0.001971191286115222,0.03491385067450285,-1.1116581345562535,24050,14049282.6,24000,16939599,0,0,24300,17605.4,1785221510249,2026-07-28 00:00:00,24000,17,25098,10429,2810633,3254916,0.008929661040769107,0.00320407654145299,35527,109827605,1868523,2755694,34.55,21.2,-7.050000000000004,2.849999999999998,219287,387700,24100,24000,541619,799998,2623,20416,0.004866455409687642,0.02618839326716112,-4.200000000000003,-3.3500000000000014,-2.7999377190919446
2026-07-28 00:00:00,2026-07-28 12:22:00,188,NIFTY,OK,24015.75,1.3499999999985448,2859311,23580,3263663,-1682,1467413,23580,1837511,-1682,-25262,56.3,0.44371362674412795,0.015443269348623606,0.034062804967715195,-1.22738839890993,24050,13904250,24000,17572187.55,0,0,24300,14035.300000000001,1785221570810,2026-07-28 00:00:00,24000,17,23580,-1682,2835731,3265345,0.008315316227103346,-0.0005151063670148177,21898,110149858,322253,2716847,36.3,20,1.75,-1.1999999999999993,36382,56067,24100,24000,550766,797421,15485,10718,0.028928730890877875,0.01362394702956516,0.5499999999999972,-3.25,-1.7411371093036012
2026-07-28 00:00:00,2026-07-28 12:23:00,189,NIFTY,OK,24015.75,0,2859311,0,3263663,0,1467413,0,1837511,0,0,56.3,0.4005999372200503,0.009903936746569213,0.034062804967715195,-1.095239486176914,24050,13904250,24000,17572187.55,0,0,24300,14035.300000000001,1785221629958,2026-07-28 00:00:00,24000,17,0,0,2859311,3263663,0,0,0,110149858,0,2452863,36.3,20,0,0,0,0,24100,24000,550766,797421,14713,-6417,0.02744691289853802,-0.007982951788793264,0,-4.250000000000007,-1.3686559388988906
2026-07-28 00:00:00,2026-07-28 12:24:00,190,NIFTY,OK,24014.8,-0.9500000000007276,2879327,20016,3243592,-20071,1487429,20016,1817440,-20071,-40087,55.8,0.4835366922214715,0.01937746229214066,0.036662402047018414,-0.3521541177433489,24050,14318346.9,24000,17598121.400000002,0,0,24300,12743.85,1785221690125,2026-07-28 00:00:00,24000,17,20016,-20071,2859311,3263663,0.007000287831579006,-0.0061498383871128855,-55,110919738,769880,2960656,36,19.8,-0.29999999999999716,-0.1999999999999993,99692,136388,24100,24000,550041,794366,18896,-6108,0.03557597266283218,-0.007630478941227323,-0.5,-4.150000000000006,-1.302825794673654
2026-07-28 00:00:00,2026-07-28 12:25:00,191,NIFTY,BLOCKED,0,0,0,0,0,0,0,0,0,0,0,0,0,0,0,0,0,0,0,0,0,0,0,0,1785221750286,2026-07-28 00:00:00,0,0,0,0,0,0,0,0,0,0,0,0,0,0,0,0,0,0,0,0,0,0,0,0,0,0,0,0,0
2026-07-28 00:00:00,2026-07-28 12:26:00,192,NIFTY,OK,24013.05,-1.75,2875308,-4019,3247489,3897,1483410,-4019,1821337,3897,7916,56.650000000000006,0.5392004667148037,0.01734044341592923,0.04234597219628174,1.0644261402204582,24050,13997916.3,24000,17979774.8,0,0,24300,9845.4,1785221809870,2026-07-28 00:00:00,24000,17,-4019,3897,2879327,3243592,-0.0013958122853013916,0.0012014458045278198,-122,111260497,340759,3301415,37.35,19.3,1.3500000000000014,-0.5,48791,64106,24100,24000,551692,797274,20547,-3200,0.03868435173069501,-0.003997631403393489,0.8500000000000085,-3.299999999999997,-0.7139790393208956
2026-07-28 00:00:00,2026-07-28 12:27:00,193,NIFTY,OK,24016.2,3.150000000001455,2885642,10334,3255195,7706,1493744,10334,1829043,7706,-2628,57.4,0.31563807995555004,0.020513526927454312,0.0374193204245999,-0.2772761742860694,24050,13852129.2,24000,18328590,0,0,24300,8025,1785221870188,2026-07-28 00:00:00,24000,17,10334,7706,2875308,3247489,0.0035940497504962947,0.0023729102700578816,18040,111765887,505390,1938282,38.5,18.9,1.1499999999999986,-0.40000000000000213,61325,97551,24100,24000,551614,800938,9995,940,0.018453931638291864,0.0011750029375073438,0.7499999999999929,1.6499999999999986,-0.2276063399209702
2026-07-28 00:00:00,2026-07-28 12:28:00,194,NIFTY,OK,24023.35,7.149999999997817,2888889,3247,3242327,-12868,1496991,3247,1816175,-12868,-16115,58.95,0.30817687714802416,0.0043620028377892766,0.03461282153805261,-0.963918027608247,24050,13442690.5,24000,19318362.3,0,0,0,0,1785221930492,2026-07-28 00:00:00,24000,17,3247,-12868,2885642,3255195,0.001125226206161402,-0.003953065791757483,-9621,112039357,273470,1889499,41.95,17,3.450000000000003,-1.8999999999999986,39751,54032,24100,24000,546606,796816,-4160,-605,-0.007553116931691499,-0.0007586958457326807,1.5500000000000043,2.6500000000000057,0.662143962034708
2026-07-28 00:00:00,2026-07-28 12:29:00,195,NIFTY,OK,24023.65,0.3000000000029104,2886563,-2326,3241755,-572,1494665,-2326,1815603,-572,1754,58.8,0.4387510569784401,0.0019874992840688394,0.035734256423910045,-0.5205442064046485,24050,13298364.1,24000,19645151.349999998,0,0,0,0,1785221992655,2026-07-28 00:00:00,24000,17,-2326,-572,2888889,3242327,-0.0008051538151863918,-0.00017641650579969262,-2898,112838664,799307,2688806,42,16.8,0.04999999999999716,-0.1999999999999993,114613,121837,24100,24000,543094,803145,-7672,5724,-0.013929690649023361,0.007178140530535313,-0.15000000000000568,2.5,0.7640111851362718
2026-07-28 00:00:00,2026-07-28 12:30:00,196,NIFTY,OK,24025.4,1.75,2952241,8716,3092457,4494,1526228,31563,1792898,-22705,-4222,58.95,0.37753135061503484,0.00815446374618054,0.03517380231736579,-0.522423853879109,24050,13484281.200000001,24000,19555607.5,0,0,24400,408.1,1785222051332,2026-07-28 00:00:00,24050,16,8716,4494,2878592,3086939,0.003027869180488239,0.001455811080167117,13210,112585397,363137,2282063,16.7,42.25,-0.15000000000000213,0.7000000000000028,55939,25579,24100,24000,547779,810449,-2262,16083,-0.00411242071045613,0.02024633481291999,0.15000000000000568,3.1500000000000057,1.0000465966939913
2026-07-28 00:00:00,2026-07-28 12:31:00,197,NIFTY,OK,24025.4,0,2952241,0,3092457,0,1526228,0,1792898,0,0,58.95,0.321158145535145,0.009648669141978794,0.03517380231736579,-0.3599551074535836,24050,13484281.200000001,24000,19555607.5,0,0,24400,408.1,1785222110119,2026-07-28 00:00:00,24050,17,0,0,2952241,3092457,0,0,0,112585397,0,1941304,16.7,42.25,0,0,0,0,24100,24000,547779,810449,-3913,13175,-0.007092725651269186,0.016525059139016196,0,2.299999999999997,1.1853934789662082
2026-07-28 00:00:00,2026-07-28 12:32:00,198,NIFTY,OK,24025,-0.4000000000014552,2889984,-5286,3283430,37489,1498086,-28142,1857278,64380,42775,60.400000000000006,0.3225092307109162,0.01652148712470172,0.03529160891353024,-0.32787275886394013,24050,12881093.250000002,24000,20500291.5,0,0,0,0,1785222170430,2026-07-28 00:00:00,24000,16,-5286,37489,2887308,3091433,-0.0018307710850383819,0.01212673863544835,32203,113758526,555069,1990983,43.7,16.7,2.3000000000000043,-0.6500000000000021,83441,80714,24100,24000,546658,827148,-4956,26210,-0.008984543539504073,0.03272413095645356,1.4500000000000028,3.000000000000007,1.7316513954091641
2026-07-28 00:00:00,2026-07-28 12:33:00,199,NIFTY,OK,24025,0,2889984,0,3283430,0,1498086,0,1857278,0,0,60.400000000000006,0.2782112134387877,0.0247538155460832,0.03529160891353024,-0.3938121972476144,24050,12881093.250000002,24000,20500291.5,0,0,0,0,1785222230696,2026-07-28 00:00:00,24000,17,0,0,2889984,3283430,0,0,0,113758526,0,1717513,43.7,16.7,0,0,0,0,24100,24000,546658,827148,52,30332,0.00009513250860766256,0.03806650468866087,0,1.4500000000000028,1.3783807967959245
2026-07-28 00:00:00,2026-07-28 12:34:00,200,NIFTY,OK,24021.65,-3.349999999998545,2885241,-4743,3285991,2561,1493343,-4743,1859839,2561,7304,59,0.1983545587007586,0.03531678991448355,0.03781479013990403,0.5804032066694489,24050,13141763.2,24000,20331686.25,0,0,24300,246.45,1785222289991,2026-07-28 00:00:00,24000,17,-4743,2561,2889984,3283430,-0.0016411855567366462,0.0007799770362090862,-2182,114064412,305886,1224092,42,17,-1.7000000000000028,0.3000000000000007,42733,42602,24100,24000,546658,827663,3564,24518,0.006562399879210597,0.03052748880961719,-1.4000000000000057,0.20000000000000284,0.3316692356075795
2026-07-28 00:00:00,2026-07-28 12:36:00,201,NIFTY,OK,24012.15,-9.5,2878307,-6934,3276837,-9154,1486409,-6934,1850685,-9154,-2220,54.45,0.33683647368769926,0.006720279055813574,0.03411325600995382,-0.9520306968462623,24050,15112500.4,24000,17180548,0,0,24300,21717.15,1785222369039,2026-07-28 00:00:00,24000,17,-6934,-9154,2885241,3285991,-0.002403265446456639,-0.0027857653901060594,-16088,115276734,1212322,2073277,32.6,21.85,-9.399999999999999,4.850000000000001,149368,231102,24100,24000,549439,822329,1660,11880,0.0030304192019044176,0.014658541129670096,-4.549999999999997,-4.5,-2.3129079668763755
2026-07-28 00:00:00,2026-07-28 12:36:00,202,NIFTY,OK,24010.5,-1.6500000000014552,2892880,14573,3256800,-20037,1500982,14573,1830648,-20037,-34610,54.4,0.3764496689258628,0.003658244224194346,0.03461096102923475,-0.8038175579084796,24050,15469501.799999999,24000,17318193.400000002,0,0,24300,19138.800000000003,1785222410070,2026-07-28 00:00:00,24000,17,14573,-20037,2878307,3276837,0.005063045741819757,-0.0061147380843172856,-5464,115518502,241768,2315045,33.4,21,0.7999999999999972,-0.8500000000000014,26707,56393,24100,24000,546156,809022,-1623,-1427,-0.002962873713669199,-0.001760752373067275,-0.05000000000000426,-4.550000000000004,-1.8505979189241282
2026-07-28 00:00:00,2026-07-28 12:37:00,203,NIFTY,OK,24014.9,4.400000000001455,2908672,15792,3272984,16184,1516774,15792,1846832,16184,392,56.2,0.41541667799049314,0.003209547801117072,0.037777688721460284,1.8507207528369374,24050,14861225.95,24000,18893965.3,0,0,24300,8665.5,1785222471388,2026-07-28 00:00:00,24000,17,15792,16184,2892880,3256800,0.0054589198307568925,0.004969295013510194,31976,116326489,807987,2567963,37.45,18.75,4.050000000000004,-2.25,99372,143409,24100,24000,546156,816261,-502,-10887,-0.000918307241456267,-0.013162094328947178,1.8000000000000043,-4.200000000000003,-0.8755587947398211
2026-07-28 00:00:00,2026-07-28 12:38:00,204,NIFTY,OK,24019.65,4.75,2911983,3311,3267545,-5439,1520085,3311,1841393,-5439,-8750,55.1,0.44472522820513155,0.0022247353896670975,0.03675508187087874,0.8166881682004501,24050,15327435.750000002,24000,18151936,0,0,24300,12640.5,1785222530616,2026-07-28 00:00:00,24000,17,3311,-5439,2908672,3272984,0.001138320168104207,-0.0016617863087628904,-2128,116506718,180229,2748192,35.5,19.6,-1.9500000000000028,0.8500000000000014,26464,26989,24100,24000,539686,808802,-6972,-18346,-0.012753860731938434,-0.02217982755202213,-1.1000000000000014,-5.300000000000004,-1.1351863645343196
2026-07-28 00:00:00,2026-07-28 12:39:00,205,NIFTY,OK,24019.05,-0.6000000000021828,2922265,10282,3255811,-11734,1530367,10282,1829659,-11734,-22016,56.3,0.5021561728926611,0.0022060631925576633,0.0336007487632046,-1.4327915396668498,24050,14819720.7,24000,19085793.3,0,0,24300,4841.2,1785222590600,2026-07-28 00:00:00,24000,17,10282,-11734,2911983,3267545,0.0035309272066492148,-0.0035910752568059506,-1452,117166771,660053,3102359,38.55,17.75,3.049999999999997,-1.8500000000000014,88119,98042,24100,24000,544442,803311,-2216,-24352,-0.0040537228029224855,-0.029422603160948357,1.1999999999999957,-2.700000000000003,-0.4937048880615337
2026-07-28 00:00:00,2026-07-28 12:40:00,206,NIFTY,OK,24019.05,0,2922265,0,3255811,0,1530367,0,1829659,0,0,56.3,0.3059264729019196,0.01213309580711912,0.0336007487632046,-1.2110216446830206,24050,14819720.7,24000,19085793.3,0,0,24300,4841.2,1785222650122,2026-07-28 00:00:00,24000,17,0,0,2922265,3255811,0,0,0,117166771,0,1890037,38.55,17.75,0,0,0,0,24100,24000,544442,803311,-4997,-19018,-0.00909473117124922,-0.02312699661570977,0,1.8499999999999943,-0.38324854473576225
2026-07-28 00:00:00,2026-07-28 12:41:00,207,NIFTY,OK,24021.65,2.600000000002183,2919256,-3009,3277169,21358,1527358,-3009,1851017,21358,24367,56.400000000000006,0.369929919267965,0.02039268960577042,0.03218772157487057,-1.6422711944585489,24050,14723481.200000001,24000,20110660.599999998,0,0,24300,5185,1785222712085,2026-07-28 00:00:00,24000,17,-3009,21358,2922265,3255811,-0.0010296807442172424,0.006559963093680806,18349,117810745,643974,2292243,39.6,16.8,1.0500000000000043,-0.9499999999999993,80003,109535,24100,24000,547938,817230,1782,8208,0.0032628040340122602,0.010145583185624123,0.10000000000000853,2.000000000000007,-0.23114128334448394
2026-07-28 00:00:00,2026-07-28 12:42:00,208,NIFTY,OK,24019.45,-2.2000000000007276,2919919,663,3287709,10540,1528021,663,1861557,10540,9877,56.4,0.29796308670558225,0.014041620982199817,0.03443807691793788,-0.32540262783355944,24050,14648806.25,24000,19808680.650000002,0,0,24300,2295,1785222772732,2026-07-28 00:00:00,24000,17,663,10540,2919256,3277169,0.00022711266158226617,0.0032161905595957975,11203,118176133,365388,1849644,39,17.4,-0.6000000000000014,0.5999999999999979,53481,52139,24100,24000,546435,819175,279,2914,0.0005108430558302023,0.0035699365766586914,-7.105427357601002e-15,0.19999999999999574,-0.05292314856876602
2026-07-28 00:00:00,2026-07-28 12:43:00,209,NIFTY,OK,24015.6,-3.850000000002183,2922541,2622,3280280,-7429,1530643,2622,1854128,-7429,-10051,55.050000000000004,0.32092156133475397,0.011701385347974675,0.03502023480386458,0.01587285987731662,24050,15421131,24000,18770937.75,0,0,24300,11081.4,1785222830194,2026-07-28 00:00:00,24000,17,2622,-7429,2919919,3287709,0.0008979701149244209,-0.0022596282091876135,-4807,118497337,321204,1990619,35.95,19.1,-3.049999999999997,1.7000000000000028,45832,59276,24100,24000,545677,819175,5991,10373,0.01110089941188024,0.012825141381945149,-1.3499999999999943,-0.04999999999999716,-0.714985590996799
2026-07-28 00:00:00,2026-07-28 12:44:00,210,NIFTY,OK,24015.25,-0.3499999999985448,2913532,-9009,3293624,13344,1521634,-9009,1867472,13344,22353,55.05,0.27624035870856156,0.016959561244253258,0.03347727850047461,-0.6942410804758327,24050,15376913.4,24000,18518453.1,0,0,24300,15509.25,1785222891622,2026-07-28 00:00:00,24000,17,-9009,13344,2922541,3280280,-0.0030825914846019267,0.004067945419293475,4335,118881438,384101,1714667,35.3,19.75,-0.6500000000000057,0.6499999999999986,47113,74530,24100,24000,545908,823969,1466,20658,0.002692665150741493,0.025716067625116548,-7.105427357601002e-15,-1.25,-0.6527228712868401
2026-07-28 00:00:00,2026-07-28 12:45:00,211,NIFTY,OK,24018.4,3.150000000001455,2914835,1303,3278009,-15615,1522937,1303,1851857,-15615,-16918,55.35,0.3373093202412333,0.0070697360912708295,0.033637346936049944,-0.5537463110326726,24050,15147626.200000001,24000,19175321.55,0,0,24300,9568,1785222949843,2026-07-28 00:00:00,24000,17,1303,-15615,2913532,3293624,0.00044722350741299564,-0.004740978326609231,-14312,119255675,374237,2088904,36.85,18.5,1.5500000000000043,-1.25,41141,76308,24100,24000,544527,820391,85,17080,0.0001561231499406732,0.02126200188967909,0.30000000000000426,-0.9499999999999957,-0.43362859237733586
2026-07-28 00:00:00,2026-07-28 12:46:00,212,NIFTY,OK,24018.4,0,2914835,0,3278009,0,1522937,0,1851857,0,0,55.35,0.2333225251596843,0.0024783207491020326,0.033637346936049944,-0.48562711276886456,24050,15147626.200000001,24000,19175321.55,0,0,24300,9568,1785223010015,2026-07-28 00:00:00,24000,17,0,0,2914835,3278009,0,0,0,119255675,0,1444930,36.85,18.5,0,0,0,0,24100,24000,544527,820391,-3411,3161,-0.00622515686081272,0.0038679441528088787,0,-1.0500000000000043,-0.6885303726591188
2026-07-28 00:00:00,2026-07-28 12:47:00,213,NIFTY,OK,24018.85,0.4499999999970896,2924274,9439,3292822,14813,1532376,9439,1866670,14813,5374,54.95,0.26524650737257394,0.005741442261453929,0.032974670854775096,-0.8107710574970911,24050,15588987.15,24000,19175484,0,0,24300,10964.699999999999,1785223070029,2026-07-28 00:00:00,24000,17,9439,14813,2914835,3278009,0.0032382622000902282,0.004518901564943842,24252,119825196,569521,1649063,36.1,18.85,-0.75,0.3500000000000014,63240,96210,24100,24000,547611,827302,1176,8127,0.002152131543550468,0.009920957060457168,-0.3999999999999986,-1.4499999999999957,-1.1163126113028965
2026-07-28 00:00:00,2026-07-28 12:48:00,214,NIFTY,OK,24013.75,-5.099999999998545,2928974,4700,3294154,1332,1537076,4700,1868002,1332,-3368,54.7,0.2577825813642271,0.012658535581911141,0.03461553888732902,1.1562469439762026,24050,15851374,24000,18581267.25,0,0,24300,14976,1785223130953,2026-07-28 00:00:00,24000,17,4700,1332,2924274,3292822,0.001607236531186886,0.0004045162477655944,6032,120101551,276355,1604214,34.9,19.8,-1.2000000000000028,0.9499999999999993,27962,48572,24100,24000,549628,827083,3951,7908,0.007240547063555913,0.009653614917447432,-0.25,-0.3500000000000014,-1.3623044693502462
2026-07-28 00:00:00,2026-07-28 12:49:00,215,NIFTY,OK,24015,1.25,2942473,13499,3297288,3134,1550575,13499,1871136,3134,-10365,55.199999999999996,0.2710084568944227,0.019281170980019254,0.03253491143274108,-1.262209979533376,24050,15863508.750000002,24000,18425167.2,0,0,24300,13344,1785223190581,2026-07-28 00:00:00,24000,17,13499,3134,2928974,3294154,0.004608781095359672,0.0009513823579589783,16633,120572466,470915,1691028,35.05,20.15,0.14999999999999858,0.34999999999999787,47158,92437,24100,24000,558808,829114,12900,5145,0.023630355297962292,0.006244166952882936,0.4999999999999929,0.14999999999999858,-0.4498986912466203
2026-07-28 00:00:00,2026-07-28 12:50:00,216,NIFTY,OK,24010.75,-4.25,2944936,2463,3303693,6405,1553038,2463,1877541,6405,3942,54.75,0.2604462514897268,0.03427792989200163,0.038163650226734624,2.5435639726653614,24050,15958198.5,24000,18369136.95,0,0,24300,15820.8,1785223251502,2026-07-28 00:00:00,24000,17,2463,6405,2942473,3297288,0.0008370510111732546,0.0019425054772285587,8868,120883107,310641,1627432,34.45,20.3,-0.5999999999999943,0.15000000000000213,28100,52003,24100,24000,558986,830367,14459,9976,0.026553320588327118,0.01216005538822342,-0.44999999999999574,-0.6000000000000014,-0.986135555758468
2026-07-28 00:00:00,2026-07-28 12:51:00,217,NIFTY,OK,24012.65,1.9000000000014552,2957892,12956,3302781,-912,1565994,12956,1876629,-912,-13868,55.1,0.3565932927658097,0.03038234026751904,0.03412038398801965,-0.09541788281955543,24050,16337321.999999998,24000,17803636.5,0,0,24300,17444.7,1785223311076,2026-07-28 00:00:00,24000,17,12956,-912,2944936,3303693,0.004399416489865994,-0.00027605470605168215,12044,121488189,605082,2232514,33.75,21.35,-0.7000000000000028,1.0500000000000007,64051,147706,24100,24000,559852,833427,15325,13036,0.028143691681036937,0.015889984166086658,0.3500000000000014,-0.25,-0.19858310173830174
2026-07-28 00:00:00,2026-07-28 12:52:00,218,NIFTY,OK,24012.65,0,2957892,0,3302781,0,1565994,0,1876629,0,0,55.1,0.2656252770269267,0.026203958765911823,0.03412038398801965,-0.07403938538101347,24050,16337321.999999998,24000,17803636.5,0,0,24300,17444.7,1785223369651,2026-07-28 00:00:00,24000,17,0,0,2957892,3302781,0,0,0,121488189,0,1662993,33.75,21.35,0,0,0,0,24100,24000,559852,833427,12241,6125,0.022353458933439978,0.007403584180867446,0,0.14999999999999858,0.19312181983410337
2026-07-28 00:00:00,2026-07-28 12:53:00,219,NIFTY,OK,24012.45,-0.2000000000007276,2986855,28963,3269235,-33546,1594957,28963,1843083,-33546,-62509,54.75,0.27803436331638454,0.01895012555996063,0.03434762255065795,0.12646165192363792,24050,16617013.4,24000,18011688.8,0,0,24300,17607.6,1785223429940,2026-07-28 00:00:00,24000,17,28963,-33546,2957892,3302781,0.00979177062583759,-0.010156895052987164,-4583,121840959,352770,1739408,34.5,20.25,0.75,-1.1000000000000014,36891,67371,24100,24000,566123,817241,16495,-9842,0.030011207580399834,-0.01189965215099331,-0.3500000000000014,0.04999999999999716,-1.2326312688558492
2026-07-28 00:00:00,2026-07-28 12:54:00,220,NIFTY,OK,24013.75,1.2999999999992724,2998624,11769,3269665,430,1606726,11769,1843513,430,-11339,54.45,0.2695044851952423,0.016887148292934723,0.034489673150190525,0.1561169458281769,24050,17018594.4,24000,17586642.650000002,0,0,24300,19230.4,1785223489844,2026-07-28 00:00:00,24000,17,11769,430,2986855,3269235,0.003940264927490621,0.0001315292415503933,12199,122261798,420839,1689332,33.45,21,-1.0499999999999972,0.75,43812,76206,24100,24000,566559,818327,7751,-10787,0.01387059598287784,-0.013010273617379517,-0.29999999999999716,-0.7499999999999929,-1.8203641092364278
2026-07-28 00:00:00,2026-07-28 12:55:00,221,NIFTY,OK,24013.75,0,2998624,0,3269665,0,1606726,0,1843513,0,0,54.45,0.2199469424590985,0.01425990305296836,0.034489673150190525,0.09809399172216662,24050,17018594.4,24000,17586642.650000002,0,0,24300,19230.4,1785223550445,2026-07-28 00:00:00,24000,17,0,0,2998624,3269665,0,0,0,122261798,0,1378691,33.45,21,0,0,0,0,24100,24000,566559,818327,7573,-12040,0.01354774538181636,-0.01449961282180048,0,-0.29999999999999716,-1.4654360796706716
2026-07-28 00:00:00,2026-07-28 12:56:00,222,NIFTY,OK,24013.7,-0.049999999999272404,3003136,4512,3260700,-8965,1611238,4512,1834548,-8965,-13477,54.5,0.21114202223685294,0.002391575725544191,0.033262864941529066,-0.7219997619755243,24050,17151966,24000,17599826.3,0,0,24300,18733.5,1785223610179,2026-07-28 00:00:00,24000,17,4512,-8965,2998624,3269665,0.0015046901512160244,-0.0027418711091197418,-4453,122810748,548950,1322559,33.7,20.8,0.25,-0.1999999999999993,61219,112387,24100,24000,566169,814584,6317,-18843,0.01128333916820874,-0.022609058741797423,0.04999999999999716,-0.6000000000000014,-1.1053651983992643
2026-07-28 00:00:00,2026-07-28 12:57:00,223,NIFTY,OK,24015,1.2999999999992724,2992946,-10190,3271983,11283,1601048,-10190,1845831,11283,21473,54.300000000000004,0.23024953674654572,0.0029504394116590883,0.03264508181355614,-1.0992861445733209,24050,16906389.5,24000,18300750,0,0,24300,15474.4,1785223669890,2026-07-28 00:00:00,24000,17,-10190,11283,3003136,3260700,-0.0033931197255135962,0.003460299935596651,1093,122930686,119938,1442497,34.45,19.85,0.75,-0.9499999999999993,13357,28723,24100,24000,564612,818763,4760,-14664,0.008502247022427356,-0.017594822341968762,-0.19999999999999574,-0.7999999999999972,-1.4405542018715198
2026-07-28 00:00:00,2026-07-28 12:58:00,224,NIFTY,OK,24005.05,-9.950000000000728,2997653,4707,3247076,-24907,1605755,4707,1820924,-24907,-29614,54.25,0.19725227467837275,0.009223185502038907,0.05189203670216486,2.8889703771344726,24050,16735732,24000,18558427.400000002,0,0,24300,13700.150000000001,1785223732274,2026-07-28 00:00:00,24000,17,4707,-24907,2992946,3271983,0.0015726979370827272,-0.007612203364137283,-20200,123072746,142060,1231787,35.5,18.75,1.0499999999999972,-1.1000000000000014,19848,31741,24100,24000,564595,805472,-1528,-11769,-0.002699060098247201,-0.014400892759908033,-0.05000000000000426,-0.5,-1.311425331773759
2026-07-28 00:00:00,2026-07-28 12:59:00,225,NIFTY,OK,24005.05,0,2997653,0,3247076,0,1605755,0,1820924,0,0,54.25,0.1298611997414139,0.02905241766426454,0.05189203670216486,1.9626562933991774,24050,16735732,24000,18558427.400000002,0,0,24300,13700.150000000001,1785223789658,2026-07-28 00:00:00,24000,17,0,0,2997653,3247076,0,0,0,123072746,0,810948,35.5,18.75,0,0,0,0,24100,24000,564595,805472,-1964,-12855,-0.003466540995730365,-0.015708879213321814,0,-0.20000000000000284,-1.1125139847062588
2026-07-28 00:00:00,2026-07-28 13:00:00,226,NIFTY,OK,24006.4,1.3500000000021828,3004343,6690,3246434,-642,1612445,6690,1820282,-642,-7332,52.3,0.2453264610143667,0.011419769791735274,0.03324708752831956,-0.5802879274623273,24050,18269505.599999998,24000,16214061.45,0,0,24300,30018.3,1785223850455,2026-07-28 00:00:00,24000,17,6690,-642,2997653,3247076,0.002231745969263287,-0.00019771634541353514,6048,123795279,722533,1533481,29.6,22.7,-5.899999999999999,3.9499999999999993,103405,123996,24100,24000,561203,805941,-5356,-12386,-0.009453560882450019,-0.01513575868815278,-1.9500000000000028,-2.1500000000000057,-2.744472010302904
2026-07-28 00:00:00,2026-07-28 13:01:00,227,NIFTY,OK,24004.05,-2.350000000002183,2974057,-30286,3256137,9703,1582159,-30286,1829985,9703,39989,53.35,0.36423986155166277,0.014824933844801337,0.035943122383188204,-0.23533521393055454,24050,17916978.75,24000,15015925,0,0,24300,36209.6,1785223910372,2026-07-28 00:00:00,24000,17,-30286,9703,3004343,3246434,-0.010080739782375048,0.0029888178844849457,-20583,125080033,1284754,2269285,28.5,24.85,-1.1000000000000014,2.150000000000002,143264,254330,24100,24000,546189,809375,-19980,-5209,-0.03528981629160198,-0.0063946750734117045,1.0500000000000043,-1.1499999999999986,-1.089370391710428
2026-07-28 00:00:00,2026-07-28 13:02:00,228,NIFTY,OK,24005.45,1.4000000000014552,3014332,40275,3232283,-23854,1622434,40275,1806131,-23854,-64129,52.2,0.6760424645988268,0.004336751064474185,0.03665103817816575,-0.17402996837663082,24050,18675813.6,24000,14652070,0,0,24300,38958,1785223969739,2026-07-28 00:00:00,24000,17,40275,-23854,2974057,3256137,0.013542107632772337,-0.00732585883210688,16421,127153663,2073630,4222977,27.6,24.6,-0.8999999999999986,-0.25,230471,429161,24000,24000,558774,789018,0,-29745,0,-0.0363291941624133,-1.1499999999999986,-2.1000000000000014,-1.897245602152877
2026-07-28 00:00:00,2026-07-28 13:03:00,229,NIFTY,OK,24003.3,-2.150000000001455,3030136,15804,3247916,15633,1638238,15804,1821764,15633,-171,52.05,0.7169394264335498,0.0074034938590081326,0.03402666809899117,-0.5380630479106187,24050,18951785.599999998,24000,14346048.5,0,0,24300,37805.8,1785224032239,2026-07-28 00:00:00,24000,17,15804,15633,3014332,3232283,0.00524295266745667,0.004836519574554579,31437,127573729,420066,4500983,26.7,25.35,-0.9000000000000021,0.75,49288,71618,24000,24000,570893,794291,0,-11181,0,-0.01388130189503794,-0.15000000000000568,-2.200000000000003,-1.5836135330089545
2026-07-28 00:00:00,2026-07-28 13:04:00,230,NIFTY,OK,24003.3,0,3030136,0,3247916,0,1638238,0,1821764,0,0,52.05,0.7169394264335498,0.0074034938590081326,0.03402666809899117,-0.5298244394465367,24050,18951785.599999998,24000,14346048.5,0,0,24300,37805.8,1785224090788,2026-07-28 00:00:00,24000,17,0,0,3030136,3247916,0,0,0,127573729,0,4500983,26.7,25.35,0,0,0,0,24000,24000,570893,794291,0,-11181,0,-0.01388130189503794,0,-2.200000000000003,-1.2668903085094423
2026-07-28 00:00:00,2026-07-28 13:05:00,231,NIFTY,OK,24002.35,-0.9500000000007276,3027043,-3093,3245803,-2113,1635145,-3093,1819651,-2113,980,52.349999999999994,0.6061471937936943,0.0058041674074526045,0.03449061967789165,-0.4648272109443648,24050,19019794.400000002,24000,14463159.1,0,0,24300,38434.399999999994,1785224150014,2026-07-28 00:00:00,24000,17,-3093,-2113,3030136,3247916,-0.001020746263534046,-0.0006505710123045054,-5206,127597547,23818,3802268,27.2,25.15,0.5,-0.20000000000000284,2887,4816,24000,24000,570893,794291,0,-11650,0,-0.014455152424308976,0.29999999999999716,0.04999999999999716,-0.7985432358025601
2026-07-28 00:00:00,2026-07-28 13:06:00,232,NIFTY,OK,24001.85,-0.5,3063650,36607,3249510,3707,1671752,36607,1823358,3707,-32900,52.2,0.6208659371851815,0.021166815405347348,0.03597064495393264,-0.3007418331323501,24000,19736068.8,24000,14072520,0,0,24300,43928.2,1785224210125,2026-07-28 00:00:00,24000,17,36607,3707,3027043,3245803,0.012093320114712609,0.001142090262409641,40314,128999659,1402112,3919626,26.35,25.85,-0.8499999999999979,0.7000000000000028,159805,281251,24000,24000,588935,795093,0,-14282,0,-0.017645714285714285,-0.14999999999999147,-1.1499999999999986,-0.7744077768892816
2026-07-28 00:00:00,2026-07-28 13:07:00,233,NIFTY,OK,24002.45,0.6000000000021828,3074151,10501,3246470,-3040,1682253,10501,1820318,-3040,-13541,51.95,0.30247217797112025,0.03870987314652277,0.03677149239556499,-0.2530746864785068,24000,20014823,24000,14195236,0,0,24300,44712,1785224271534,2026-07-28 00:00:00,24000,17,10501,-3040,3063650,3249510,0.0034276108563315,-0.0009355256638693218,7461,129065475,65816,1911812,26.3,25.65,-0.05000000000000071,-0.20000000000000284,6912,13658,24000,24000,594139,795318,35365,6300,0.06329034636543576,0.007984608716150962,-0.25,-0.25,-0.8650372595325182
2026-07-28 00:00:00,2026-07-28 13:08:00,234,NIFTY,OK,24004.55,2.099999999998545,3089810,15659,3245562,-908,1697912,15659,1819410,-908,-16567,51.75,0.3443991923441907,0.02627071763699203,0.03402108878216289,-0.5161595607889626,24000,19845984,24000,15285354.899999999,0,0,24300,38942.25,1785224330089,2026-07-28 00:00:00,24000,17,15659,-908,3074151,3246470,0.005093764099421271,-0.0002796884000160174,14751,129755626,690151,2181897,28.05,23.7,1.75,-1.9499999999999993,77311,148564,24000,24000,605289,793264,34396,-1027,0.060249468814646524,-0.0012929770071673982,-0.20000000000000284,-0.29999999999999716,-0.957619186144398
2026-07-28 00:00:00,2026-07-28 13:09:00,235,NIFTY,OK,24002.45,-2.099999999998545,3112821,23011,3247415,1853,1720923,23011,1821263,1853,-21158,51.95,0.4177596554593257,0.030930543271673473,0.03548616039744559,0.3562692826023753,24000,20522205.6,24000,14419820.25,0,0,24300,44523,1785224399382,2026-07-28 00:00:00,24000,17,23011,1853,3089810,3245562,0.007447383496072574,0.0005709334777767302,24864,130230779,475153,2657050,26.85,25.1,-1.1999999999999993,1.4000000000000021,57362,82037,24000,24000,608949,791357,38056,-2934,0.0666604775325674,-0.0036938603106418176,0.20000000000000284,-0.09999999999999432,-0.6379987912330728
2026-07-28 00:00:00,2026-07-28 13:11:00,236,NIFTY,OK,23994.55,-7.900000000001455,3120926,8105,3240820,-6595,1729028,8105,1814668,-6595,-14700,52.599999999999994,0.6254014228169437,0.022344290581341134,0.04115540893913028,2.59797834703781,24000,23253918.75,24000,10454115.9,0,0,24300,69380.4,1785224515271,2026-07-28 00:00:00,24000,17,8105,-6595,3112821,3247415,0.002603747533186136,-0.0020308460729534105,1510,131576192,1345413,3978645,20.7,31.9,-6.150000000000002,6.799999999999997,177694,245066,24000,24000,611956,791140,41063,-3151,0.07192766420327452,-0.003967059931435708,0.6499999999999915,0.25,0.8237457170307926
2026-07-28 00:00:00,2026-07-28 13:12:00,237,NIFTY,OK,23993.3,-1.25,3070758,-50168,3176414,-64406,1678860,-50168,1750262,-64406,-14238,52.65,0.6619316708424228,0.01595762817817078,0.04024473511573906,1.62968763571736,24000,23053337.5,24000,9789715.200000001,0,0,24300,69994.84999999999,1785224570659,2026-07-28 00:00:00,24000,17,-50168,-64406,3120926,3240820,-0.0160747162861279,-0.01987336538283521,-114574,133134860,1558668,4135201,20.6,32.05,-0.09999999999999787,0.14999999999999858,183194,278523,24000,24000,607581,758722,18646,-36371,0.031660539787922264,-0.045744334310577506,0.05000000000000426,0.44999999999999574,1.733011190679877
2026-07-28 00:00:00,2026-07-28 13:13:00,238,NIFTY,OK,23993.3,0,3070758,0,3176414,0,1678860,0,1750262,0,0,52.65,0.6513963438176507,0.01804916467721781,0.04024473511573906,1.3299258248866694,24000,23053337.5,24000,9789715.200000001,0,0,24300,69994.84999999999,1785224630021,2026-07-28 00:00:00,24000,17,0,0,3070758,3176414,0,0,0,133134860,0,4069385,20.6,32.05,0,0,0,0,24000,24000,607581,758722,13442,-36596,0.02262433538279763,-0.04601429868304251,0,0.6999999999999957,1.3907193888093035
2026-07-28 00:00:00,2026-07-28 13:14:00,239,NIFTY,OK,23983.85,-9.450000000000728,3115812,45054,3158519,-17895,1723914,45054,1732367,-17895,-62949,53.35,0.8175974458472146,0.011899115709791873,0.034274166566290946,-0.8919034363767674,24000,26807233.400000002,24000,7261915.1,0,0,24300,85556.40000000001,1785224690575,2026-07-28 00:00:00,24000,17,45054,-17895,3070758,3176414,0.01467194744750319,-0.005633711474637752,27159,134885503,1750643,5129877,17.35,36,-3.25,3.950000000000003,218844,310477,24000,24000,648513,733064,43224,-60200,0.07141051629882585,-0.07588898525585429,0.7000000000000028,1.6000000000000014,2.216755492607366
2026-07-28 00:00:00,2026-07-28 13:15:00,240,NIFTY,OK,23983.85,0,3115812,0,3158519,0,1723914,0,1732367,0,0,53.35,0.741867778413348,0.018455444404437298,0.034274166566290946,-0.9090570372853021,24000,26807233.400000002,24000,7261915.1,0,0,24300,85556.40000000001,1785224750561,2026-07-28 00:00:00,24000,17,0,0,3115812,3158519,0,0,0,134885503,0,4654724,17.35,36,0,0,0,0,24000,24000,648513,733064,39564,-58293,0.06497095815905765,-0.07366207666072329,0,1.3999999999999986,1.651237419152453
2026-07-28 00:00:00,2026-07-28 13:16:00,241,NIFTY,OK,23973.3,-10.549999999999272,2954524,-4080,3138445,-73612,1666508,-57406,1666706,-65661,-69532,58.95,0.5982370827752447,0.04529634791387749,0.04274142969615444,1.6880263379945302,24000,27522732.599999998,24000,6506097,0,0,24300,93793.5,1785224809965,2026-07-28 00:00:00,23950,16,-4080,-73612,2956729,3148484,-0.001379903264722604,-0.0233801410456588,-77692,134703864,335729,3645040,44.4,14.55,-0.8999999999999986,0.40000000000000036,13179,50107,24000,23950,657923,508231,45967,0,0.07511487754021531,0,5.600000000000001,6.3500000000000085,2.895460693680867
2026-07-28 00:00:00,2026-07-28 13:17:00,242,NIFTY,OK,23978.85,5.549999999999272,3154700,45044,2810775,-273776,1762802,96294,1384623,-282083,-318820,54.05,1.1279817617205672,0.04150203590546931,0.03309626176986374,-1.235082105958173,24000,31559061.45,23950,5138658.55,0,0,24300,126506.25,1785224870540,2026-07-28 00:00:00,24000,16,45044,-273776,2952649,3074872,0.015255453662118322,-0.08903655176540683,-228732,139900965,4642575,6728947,15.2,38.85,-1.8000000000000007,2,568471,688421,24000,24000,710468,576196,102887,-182526,0.16933873837397811,-0.2405703274717222,-4.900000000000006,1.3999999999999986,0.36310757880650496
2026-07-28 00:00:00,2026-07-28 13:18:00,243,NIFTY,OK,23980.4,1.5500000000029104,3186517,31817,2806833,-3942,1794619,31817,1380681,-3942,-35759,51.5,1.3042016568363268,0.032161301097915866,0.028497026805730487,-1.8569058642915106,24000,32767866.25,23950,5792779.25,0,0,24300,114036.00000000001,1785224930364,2026-07-28 00:00:00,24000,17,31817,-3942,3154700,2810775,0.010085586585095254,-0.0014024601755743523,27875,140988555,1087590,7816537,15.8,35.7,0.6000000000000014,-3.1499999999999986,151390,136744,24000,24000,735696,557806,128115,-200916,0.21086077411900636,-0.26480845421643234,-2.549999999999997,-1.1499999999999986,-0.8760292318390869
2026-07-28 00:00:00,2026-07-28 13:19:00,244,NIFTY,OK,23980.4,0,3186517,0,2806833,0,1794619,0,1380681,0,0,51.5,1.0121040820242435,0.045920518888064976,0.028497026805730487,-1.5167707336014555,24000,32767866.25,23950,5792779.25,0,0,24300,114036.00000000001,1785224990148,2026-07-28 00:00:00,24000,17,0,0,3186517,2806833,0,0,0,140988555,0,6065894,15.8,35.7,0,0,0,0,24000,24000,735696,557806,87183,-175258,0.13443523876930763,-0.23907598790828632,0,-1.8500000000000014,-0.8552610251802125
2026-07-28 00:00:00,2026-07-28 13:20:00,245,NIFTY,OK,23976.35,-4.05000000000291,3261616,75099,2840090,33257,1869718,75099,1413938,33257,-41842,54.7,1.2256616428257934,0.02275725209988411,0.036441414343958235,0.10202025969923312,24000,36794979,23950,5362582.05,0,0,24300,141479.1,1785225050993,2026-07-28 00:00:00,24000,17,75099,33257,3186517,2806833,0.023567738694003516,0.011848585220424585,108356,142401288,1412733,7478627,13.8,40.9,-2,5.199999999999996,188437,173563,24000,24000,782915,568780,134402,-164284,0.20724642374169833,-0.22410594436502135,3.200000000000003,1.3500000000000014,0.5727043078821885
2026-07-28 00:00:00,2026-07-28 13:21:00,246,NIFTY,OK,23976.35,0,3261616,0,2840090,0,1869718,0,1413938,0,0,54.7,1.1706394900049264,0.012950065925622905,0.036441414343958235,0.21282441875465566,24000,36794979,23950,5362582.05,0,0,24300,141479.1,1785225110650,2026-07-28 00:00:00,24000,17,0,0,3261616,2840090,0,0,0,142401288,0,7142898,13.8,40.9,0,0,0,0,24000,24000,782915,568780,124992,0,0.1899796784730128,0,0,-4.25,0.46955696526644547
2026-07-28 00:00:00,2026-07-28 13:22:00,247,NIFTY,OK,23978.6,2.25,3271981,10365,2850311,10221,1880083,10365,1424159,10221,-144,53.349999999999994,0.514575913726428,0.04977710653685392,0.034151175871856676,-0.1678119578376572,24000,37102788.800000004,23950,5844115.2,0,0,24300,128902.2,1785225170113,2026-07-28 00:00:00,24000,17,10365,10221,3261616,2840090,0.0031778725637843326,0.0035988296145544685,20586,143051349,650061,3150384,14.45,38.9,0.6499999999999986,-2,85488,83217,24000,24000,794149,566000,83681,-10196,0.11778292618386753,-0.01769536754854251,-1.3500000000000085,-0.7000000000000028,-0.2279743286916744
2026-07-28 00:00:00,2026-07-28 13:23:00,248,NIFTY,OK,23989.4,10.80000000000291,3276445,4464,2839416,-10895,1884547,4464,1413264,-10895,-15359,50.05,0.6036567868367185,0.03318389731413336,0.03763679683398934,0.7592238999058987,24000,36383330.5,23950,6986876.7,0,0,24300,114153.2,1785225231450,2026-07-28 00:00:00,24000,17,4464,-10895,3271981,2850311,0.0013643111008285196,-0.003822389907627624,-6431,144680436,1629087,3691881,16.7,33.35,2.25,-5.549999999999997,297444,208437,24000,24000,804861,557466,69165,-340,0.09401301624584067,-0.0006095309121809375,-3.299999999999997,-1.4500000000000028,-1.5227469524775166
2026-07-28 00:00:00,2026-07-28 13:24:00,249,NIFTY,BLOCKED,0,0,0,0,0,0,0,0,0,0,0,0,0,0,0,0,0,0,0,0,0,0,0,0,1785225295677,2026-07-28 00:00:00,0,0,0,0,0,0,0,0,0,0,0,0,0,0,0,0,0,0,0,0,0,0,0,0,0,0,0,0,0
2026-07-28 00:00:00,2026-07-28 13:25:00,250,NIFTY,OK,23988.5,-0.9000000000014552,3272553,-3892,2847707,8291,1880655,-3892,1421555,8291,12183,50.199999999999996,0.7994810677977733,0.02593688330671044,0.0390276658608649,0.9391667427098411,24000,36669821.6,23950,6965885.149999999,0,0,24300,113694.75,1785225350435,2026-07-28 00:00:00,24000,17,-3892,8291,3276445,2839416,-0.001187872831681899,0.0029199666410275917,4399,145881587,1201151,4893032,16.15,34.05,-0.5500000000000007,0.6999999999999957,234070,146561,24000,24000,804015,562685,68319,4879,0.09286308475239773,0.008746768589796453,0.14999999999999858,-1.3000000000000043,-1.2089786585793003
2026-07-28 00:00:00,2026-07-28 13:26:00,251,NIFTY,OK,23988.5,0,3272553,0,2847707,0,1880655,0,1421555,0,0,50.199999999999996,0.5686521487649218,0.005331151145346995,0.0390276658608649,0.7979431285569671,24000,36669821.6,23950,6965885.149999999,0,0,24300,113694.75,1785225410251,2026-07-28 00:00:00,24000,17,0,0,3272553,2847707,0,0,0,145881587,0,3480299,16.15,34.05,0,0,0,0,24000,24000,804015,562685,21100,-6095,0.02695056296021918,-0.010715918281233517,0,-4.500000000000007,-1.019177028326058
2026-07-28 00:00:00,2026-07-28 13:27:00,252,NIFTY,OK,23986.35,-2.150000000001455,3287447,14894,2880500,32793,1895549,14894,1454348,32793,17899,50.7,0.6457227988502495,0.016631833411000947,0.03563504336717228,0.21688789448869863,24000,37378173.300000004,23950,7216702.35,0,0,24300,116679.00000000001,1785225471371,2026-07-28 00:00:00,24000,17,14894,32793,3272553,2847707,0.004551186795141286,0.011515580781309313,47687,146384072,502485,3982784,15.95,34.75,-0.1999999999999993,0.7000000000000028,88042,69168,24000,24000,813764,575414,30849,6634,0.039402744870132775,0.011663560603396744,0.5000000000000071,-4,-0.768070617788732
2026-07-28 00:00:00,2026-07-28 13:28:00,253,NIFTY,OK,23985.4,-0.9499999999970896,3262893,-24554,2878595,-1905,1870995,-24554,1452443,-1905,22649,49.800000000000004,0.6530788629726216,0.00478598690161451,0.03249932741458438,-0.6220984077220485,24000,36525676.550000004,23950,7392104.000000001,0,0,24300,114387.3,1785225531338,2026-07-28 00:00:00,24000,17,-24554,-1905,3287447,2880500,-0.007469017751464891,-0.0006613435167505641,-26459,147062225,678153,4010876,16.1,33.7,0.15000000000000213,-1.0499999999999972,123315,105457,24000,24000,801100,571544,6951,5544,0.008752765538960573,0.009795053003533569,-0.8999999999999986,-3.54999999999999,-1.0352844492031923
2026-07-28 00:00:00,2026-07-28 13:29:00,254,NIFTY,OK,23985.4,0,3262893,0,2878595,0,1870995,0,1452443,0,0,49.800000000000004,0.38781953168352684,0.01075955930605104,0.03249932741458438,-0.8532353214953203,24000,36525676.550000004,23950,7392104.000000001,0,0,24300,114387.3,1785225590175,2026-07-28 00:00:00,24000,17,0,0,3262893,2878595,0,0,0,147062225,0,2381789,16.1,33.7,0,0,0,0,24000,24000,801100,571544,-3761,14078,-0.004672856555355521,0.0252535580645277,0,-0.2499999999999929,-0.898415182088938
2026-07-28 00:00:00,2026-07-28 13:30:00,255,NIFTY,OK,23982.8,-2.600000000002183,3291032,28139,2890933,12338,1899134,28139,1464781,12338,-15801,52.5,0.40792288536088445,0.02446897312001713,0.03939235482616525,1.2703053620395908,24000,38658804.800000004,23950,6767962.2,0,0,24300,130090.8,1785225650849,2026-07-28 00:00:00,24000,17,28139,12338,3262893,2878595,0.00862394200484049,0.004286118748903545,40477,148403352,1341127,2521765,14.45,38.05,-1.6500000000000021,4.349999999999994,214365,192292,24000,24000,819409,570639,15394,7954,0.01914640896003184,0.01413579533842203,2.6999999999999957,2.3000000000000043,0.46976417668003045
2026-07-28 00:00:00,2026-07-28 13:31:00,256,NIFTY,OK,23982.8,0,3291032,0,2890933,0,1899134,0,1464781,0,0,52.5,0.40792288536088445,0.02446897312001713,0.03939235482616525,1.0740855356631875,24000,38658804.800000004,23950,6767962.2,0,0,24300,130090.8,1785225710628,2026-07-28 00:00:00,24000,17,0,0,3291032,2890933,0,0,0,148403352,0,2521765,14.45,38.05,0,0,0,0,24000,24000,819409,570639,15394,7954,0.01914640896003184,0.01413579533842203,0,2.3000000000000043,0.6763576060390379
2026-07-28 00:00:00,2026-07-28 13:32:00,257,NIFTY,OK,23985.5,2.7000000000007276,3295869,4837,2864735,-26198,1903971,4837,1438583,-26198,-31035,50.35,0.4397270137798177,0.00271061032475644,0.036036036036036015,-0.18757722525282303,24000,38272080,23950,7132902.8,0,0,24300,120613.5,1785225770075,2026-07-28 00:00:00,24000,17,4837,-26198,3291032,2890933,0.0014697517374489219,-0.009062126310087435,-21361,149093056,689704,2708984,15.25,35.1,0.8000000000000007,-2.9499999999999957,106904,96046,24000,24000,821306,564584,7542,-10830,0.009268043314769393,-0.01882123132214371,-2.1499999999999986,-0.3500000000000014,-0.47688209391885394
2026-07-28 00:00:00,2026-07-28 13:33:00,258,NIFTY,OK,23988.5,3,3304139,8270,2886479,21744,1912241,8270,1460327,21744,13474,47.55,0.47757235222719285,0.01661780205299026,0.027216205645541957,-2.259385670089154,24000,37271834,23950,8236860.1,0,0,24300,98378.55,1785225830047,2026-07-28 00:00:00,24000,17,8270,21744,3295869,2864735,0.0025092016703333777,0.0075902308590497895,30014,150018693,925637,2956468,17.05,30.5,1.8000000000000007,-4.600000000000001,146677,131000,24000,24000,823557,566995,22457,-4549,0.028032705030582947,-0.00795914225326484,-2.8000000000000043,-2.250000000000007,-2.101375394507373
2026-07-28 00:00:00,2026-07-28 13:34:00,259,NIFTY,OK,23988.7,0.2000000000007276,3322606,18467,2874908,-11571,1930708,18467,1448756,-11571,-30038,47.65,0.5522052874749456,0.016370861701195102,0.030009563191143965,-1.2265725815374313,24000,37699032,23950,8095836.600000001,0,0,24300,104350.35,1785225890480,2026-07-28 00:00:00,24000,17,18467,-11571,3304139,2886479,0.005589050581709789,-0.004008690172351851,6896,150484525,465832,3422300,17.25,30.4,0.1999999999999993,-0.10000000000000142,82534,58595,24000,24000,832971,565913,31871,-5631,0.03978404693546374,-0.00985225984351161,0.10000000000000142,-2.1500000000000057,-1.5766810060941143
2026-07-28 00:00:00,2026-07-28 13:35:00,260,NIFTY,OK,23990.5,1.7999999999992724,3337570,14964,2904041,29133,1945672,14964,1477889,29133,14169,46.8,0.4304914228073489,0.02219832077887278,0.0318450692812576,-0.6273993785556721,24000,38164813.5,23950,8571720.5,0,0,24300,100602.2,1785225950696,2026-07-28 00:00:00,24000,17,14964,29133,3322606,2874908,0.0045036937873464385,0.010133541664637617,44097,151090312,605787,2686960,17.2,29.6,-0.05000000000000071,-0.7999999999999972,108679,83255,24000,24000,840341,576363,20932,5724,0.02554524053311594,0.010030860140999827,-0.8500000000000014,-5.700000000000003,-1.6062496031059494
2026-07-28 00:00:00,2026-07-28 13:36:00,261,NIFTY,OK,23990.5,0,3337570,0,2904041,0,1945672,0,1477889,0,0,46.8,0.4304914228073489,0.02219832077887278,0.0318450692812576,-0.4799675752803499,24000,38164813.5,23950,8571720.5,0,0,24300,100602.2,1785226010811,2026-07-28 00:00:00,24000,17,0,0,3337570,2904041,0,0,0,151090312,0,2686960,17.2,29.6,0,0,0,0,24000,24000,840341,576363,20932,5724,0.02554524053311594,0.010030860140999827,0,-5.700000000000003,-1.288830108245383
2026-07-28 00:00:00,2026-07-28 13:37:00,262,NIFTY,OK,23984.8,-5.700000000000728,3352586,15016,2917679,13638,1960688,15016,1491527,13638,-1378,46.05,0.41111468175587473,0.04254057144896536,0.027726806627450036,-1.2638539522706627,24000,38938977.35,23950,8909966.6,0,0,24300,95672.5,1785226069794,2026-07-28 00:00:00,24000,17,15016,13638,3337570,2904041,0.004499081667200987,0.0046962146884289855,28654,151670854,580542,2577798,16.9,29.15,-0.3000000000000007,-0.45000000000000284,102891,78036,24000,24000,850140,578015,28834,13431,0.03510749951905867,0.023789197001686198,-0.75,-4.300000000000004,-1.3115692899440636
2026-07-28 00:00:00,2026-07-28 13:38:00,263,NIFTY,OK,23984.8,0,3352586,0,2917679,0,1960688,0,1491527,0,0,46.05,0.26349141543459487,0.04820777151863529,0.027726806627450036,-1.0709565333536277,24000,38938977.35,23950,8909966.6,0,0,24300,95672.5,1785226130195,2026-07-28 00:00:00,24000,17,0,0,3352586,2917679,0,0,0,151670854,0,1652161,16.9,29.15,0,0,0,0,24000,24000,850140,578015,26583,11020,0.03227827582061715,0.01943579749380506,0,-1.5,-1.0757322617445855
2026-07-28 00:00:00,2026-07-28 13:39:00,264,NIFTY,OK,23985.4,0.6000000000021828,3336816,-15770,2923074,5395,1944918,-15770,1496922,5395,21165,49.2,0.4727244408448072,0.021078648541516077,0.03846878110456827,1.1692017224085827,24000,41149678.9,23950,7865823.7,0,0,24300,122399.65000000001,1785226189983,2026-07-28 00:00:00,24000,17,-15770,5395,3352586,2917679,-0.004703831609390483,0.0018490724990651815,-10375,153443728,1772874,2959203,13.6,35.6,-3.299999999999999,6.450000000000003,294592,232967,24000,24000,850753,580359,17782,14446,0.021347681972121477,0.02552689194275445,3.1500000000000057,1.5500000000000043,0.27852866618077987
2026-07-28 00:00:00,2026-07-28 13:40:00,265,NIFTY,OK,23985.7,0.2999999999992724,3336816,0,2923074,0,1944918,0,1496922,0,0,48.75,0.39313166844784814,0.007427586215303697,0.03882946518668168,1.2780037259780548,24000,40886110.1,23950,7962693.45,0,0,24300,122399.65000000001,1785226249743,2026-07-28 00:00:00,24000,17,0,0,3336816,2923074,0,0,0,153551273,107545,2460961,14,34.75,0.40000000000000036,-0.8500000000000014,14572,15592,24000,24000,850753,580359,10412,3996,0.012390208260694171,0.006933130683267316,-0.45000000000000284,1.9500000000000028,0.2963816328301883
2026-07-28 00:00:00,2026-07-28 13:41:00,266,NIFTY,OK,23981.75,-3.9500000000007276,3352323,15507,2889637,-33437,1960425,15507,1463485,-33437,-48944,50.35,0.5509195829515088,0.00010148836024471199,0.03579309973626138,0.7654209478658185,24000,42689263.5,23950,7497084.149999999,0,0,24300,127963.8,1785226309775,2026-07-28 00:00:00,24000,17,15507,-33437,3336816,2923074,0.004647244558884877,-0.01143898512319565,-17930,154529130,977857,3438818,13,37.35,-1,2.6000000000000014,161715,136506,24000,24000,868901,568958,28560,-7405,0.033986203219883354,-0.012847805983382001,1.6000000000000014,3.5500000000000043,1.5512344538008862
2026-07-28 00:00:00,2026-07-28 13:42:00,267,NIFTY,OK,23978.75,-3,3362539,10216,2903081,13444,1970641,10216,1476929,13444,3228,49.75,0.5441879654367804,0.0013622999259460212,0.03103875467937843,-0.2473075518344316,24000,43759405.95,23950,7599735,0,0,24300,130580.45,1785226369710,2026-07-28 00:00:00,24000,17,10216,13444,3352323,2889637,0.003047439044507346,0.004652487492373609,23660,155080529,551399,3409675,12.2,37.55,-0.8000000000000007,0.19999999999999574,105298,72811,24000,24000,877178,571273,27038,-6742,0.03180417343025855,-0.011664057161146338,-0.6000000000000014,3.700000000000003,1.2714056400280032
2026-07-28 00:00:00,2026-07-28 13:43:00,268,NIFTY,OK,23980.95,2.2000000000007276,3350746,-11793,2909801,6720,1958848,-11793,1483649,6720,18513,48.300000000000004,0.6239499519770397,0.002487796536233561,0.029348353366033825,-0.7509361236704897,24000,42371656.800000004,23950,8109846,0,0,24300,122760.40000000001,1785226430064,2026-07-28 00:00:00,24000,17,-11793,6720,3362539,2903081,-0.0035071712179397772,0.0023147821228549944,-5073,155577122,496593,3906268,13.35,34.95,1.1500000000000004,-2.5999999999999943,72198,65100,24000,24000,867615,569685,17475,-8330,0.020555437927870703,-0.014411390707853602,-1.4499999999999957,2.250000000000007,0.2262397691921735
2026-07-28 00:00:00,2026-07-28 13:44:00,269,NIFTY,OK,23981.95,1,3348544,-2202,2925361,15560,1956646,-2202,1499209,15560,17762,46.75,0.42692135121586955,0.00523247652385845,0.024602006508325627,-1.5867961449909664,24000,42443602.3,23950,8845093.049999999,0,0,24300,110035.79999999999,1785226495162,2026-07-28 00:00:00,24000,17,-2202,15560,3350746,2909801,-0.0006571670905523725,0.005347444722164849,13358,156122192,545070,2678464,13.9,32.85,0.5500000000000007,-2.1000000000000014,81735,70654,24000,24000,874753,568892,24000,-11467,0.0282103031079526,-0.019758459849851556,-1.5500000000000043,-2.450000000000003,-0.7519809835842208
2026-07-28 00:00:00,2026-07-28 13:45:00,270,NIFTY,OK,23982.2,0.25,3357844,9300,2930785,5424,1965946,9300,1504633,5424,-3876,48.3,0.47497999961517845,0.009621446193186212,0.03310525392391212,0.27888187272627685,24000,43393483,23950,8072586.6,0,0,24300,119327.25,1785226550285,2026-07-28 00:00:00,24000,17,9300,5424,3348544,2925361,0.0027773265036983236,0.0018541301398357331,14724,156538246,416054,2986973,12.7,35.6,-1.200000000000001,2.75,68819,60809,24000,24000,876811,568061,26058,-12298,0.030629336599459538,-0.021190332190936988,1.5499999999999972,-0.45000000000000284,0.184714994836928
2026-07-28 00:00:00,2026-07-28 13:46:00,271,NIFTY,OK,23982.2,0,3364022,6178,2935809,5024,1972124,6178,1509657,5024,-1154,47.050000000000004,0.33236399516114,0.027638732145816507,0.027325573553809365,-0.8649593566599563,24000,42957372.6,23950,8837218.6,0,0,24300,104239.65000000001,1785226610863,2026-07-28 00:00:00,24000,17,6178,5024,3357844,2930785,0.0018398710601207203,0.0017142164983101798,11202,156622967,84721,2093837,13.85,33.2,1.1500000000000004,-2.3999999999999986,15016,11790,24000,24000,882464,569079,13563,121,0.015609373219733894,0.00021266947648156806,-1.249999999999993,-3.299999999999997,-0.6967207084057339
2026-07-28 00:00:00,2026-07-28 13:47:00,272,NIFTY,OK,23981.95,-0.25,3357844,-6178,2930785,-5024,1965946,-6178,1504633,-5024,1154,48,0.24527412890790665,0.014917293272079656,0.031374240239351446,-0.08511754897410052,24000,43256487,23950,8272403.1,0,0,24300,117952.8,1785226670623,2026-07-28 00:00:00,24000,17,-6178,-5024,3364022,2935809,-0.0018364921513592954,-0.0017112829887775396,-11202,156553901,0,1542438,12.9,35.1,-0.9499999999999993,1.8999999999999986,0,0,24000,24000,876811,568061,-367,-3212,-0.00041838714605245457,-0.005622530733992329,0.9499999999999957,-1.75,-0.19515771212553165
2026-07-28 00:00:00,2026-07-28 13:48:00,273,NIFTY,OK,23982.15,0.2000000000007276,3363674,5830,2945860,15075,1971776,5830,1519708,15075,9245,48.45,0.2944707168548422,0.02636582985866856,0.028709294802676907,-0.7050124314292414,24000,43272791.550000004,23950,8466548.4,0,0,24300,105347.45,1785226731602,2026-07-28 00:00:00,24000,17,5830,15075,3357844,2930785,0.0017362331305444804,0.005143673111470135,20905,157366029,812128,1857973,13.6,34.85,0.6999999999999993,-0.25,133490,98282,24000,24000,884750,570841,17135,1156,0.01974954328820963,0.0020291915707803436,0.45000000000000284,0.14999999999999858,-0.03807969853183519
2026-07-28 00:00:00,2026-07-28 13:49:00,274,NIFTY,OK,23976.8,-5.350000000002183,3345322,-18352,2932268,-13592,1953424,-18352,1506116,-13592,4760,50.5,0.32040671659028386,0.0018320736687511372,0.031656705392517595,0.12296899314587927,24000,44224261.6,23950,7515806.25,0,0,24300,119762,1785226789792,2026-07-28 00:00:00,24000,17,-18352,-13592,3363674,2945860,-0.005455938952466856,-0.004613932773451556,-31944,158064508,698479,2011382,11.35,39.15,-2.25,4.299999999999997,118524,93581,24000,24000,875359,571069,606,2177,0.0006927669867951296,0.00382673688503266,2.049999999999997,3.75,1.5666122713515942
2026-07-28 00:00:00,2026-07-28 13:50:00,275,NIFTY,OK,23980.85,4.049999999999272,3340016,-5306,2955128,22860,1948118,-5306,1528976,22860,28166,49.150000000000006,0.31446905741949666,0.0032910223536947347,0.03392866763643886,1.0351596095110365,24000,44002176,23950,8165203.8,0,0,24300,114064.59999999999,1785226850287,2026-07-28 00:00:00,24000,17,-5306,22860,3345322,2932268,-0.001586095449107739,0.00779601318842616,17554,158448808,384300,1979628,12.05,37.1,0.7000000000000011,-2.049999999999997,61582,48271,24000,24000,879365,573813,2554,5752,0.002912828420263888,0.010125673123132903,-1.3499999999999943,0.8500000000000085,0.4048480861149172
2026-07-28 00:00:00,2026-07-28 13:51:00,276,NIFTY,OK,24002.75,21.900000000001455,3325644,-14372,2955746,618,1933746,-14372,1529594,618,14990,42.95,0.6262257239241633,0.004688110133090365,0.041389674921133504,2.3686794395787114,24000,39720504.1,23950,10780798.15,0,0,24300,69566.75,1785226910333,2026-07-28 00:00:00,24000,17,-14372,618,3340016,2955128,-0.004302973398929826,0.00020912799716289786,-13754,160487469,2038661,3933568,18.4,24.55,6.349999999999998,-12.55,399252,287019,24000,23950,880825,577192,-1639,0,-0.0018572995612285601,0,-6.200000000000003,-4.100000000000001,-2.519210128316976
2026-07-28 00:00:00,2026-07-28 13:52:00,277,NIFTY,OK,24002.75,0,3325644,0,2955746,0,1933746,0,1529594,0,0,42.95,0.6262257239241633,0.0018403139338127625,0.041389674921133504,1.735252156312213,24000,39720504.1,23950,10780798.15,0,0,24300,69566.75,1785226969863,2026-07-28 00:00:00,24000,17,0,0,3325644,2955746,0,0,0,160487469,0,3933568,18.4,24.55,0,0,0,0,24000,23950,880825,577192,4014,0,0.00457795351563792,0,0,-5.049999999999997,-1.8185640849563398
2026-07-28 00:00:00,2026-07-28 13:53:00,278,NIFTY,OK,24001.3,-1.4500000000007276,3298438,-27206,2892011,-63735,1906540,-27206,1465859,-63735,-36529,42.05,0.8725047246169059,0.022047894577423222,0.03691466023887411,0.7290246182554986,24000,38196180.449999996,23950,9934823.299999999,0,0,24300,67477.34999999999,1785227031197,2026-07-28 00:00:00,24000,17,-27206,-63735,3325644,2955746,-0.00818067117226017,-0.02156308424336868,-90941,162767225,2279756,5401196,18.4,23.65,0,-0.9000000000000021,468822,275667,24000,24000,854384,566870,-30366,-3971,-0.03432155976264482,-0.0069564029213038305,-0.9000000000000057,-6.400000000000006,-1.6392122117678873
2026-07-28 00:00:00,2026-07-28 13:54:00,279,NIFTY,OK,24004.6,3.2999999999992724,3303091,4653,2911186,19175,1911193,4653,1485034,19175,14522,42.25,0.9187873343914345,0.011088869813799532,0.04253649560970054,1.4842578019575832,24000,37330724.55,23950,10564376.899999999,0,0,24300,55380,1785227090140,2026-07-28 00:00:00,24000,17,4653,19175,3298438,2892011,0.0014106677160522648,0.006630334393610536,23828,163774107,1006882,5709599,19,23.25,0.6000000000000014,-0.3999999999999986,188674,139205,24000,24000,846182,597511,-29177,26442,-0.033331467432219236,0.046302635933661254,0.20000000000000284,-8.25,-1.2731101449207753
2026-07-28 00:00:00,2026-07-28 13:55:00,280,NIFTY,OK,24009.1,4.5,3300057,-3034,2940300,29114,1908159,-3034,1514148,29114,32148,42.099999999999994,0.9677305320833407,0.009072221420026946,0.04686759227903551,1.7017354352362555,24000,36337135.6,24000,11046119.7,0,0,24300,52332.5,1785227152034,2026-07-28 00:00:00,24000,17,-3034,29114,3303091,2911186,-0.0009185335796077068,0.010000735095593342,26080,164487792,713685,6038984,19.9,22.2,0.8999999999999986,-1.0500000000000007,131622,70611,24000,24000,838975,608236,-40390,34423,-0.04593087057137821,0.059989927031977315,-0.15000000000000568,-7.050000000000011,-1.0750556958718078
2026-07-28 00:00:00,2026-07-28 13:56:00,281,NIFTY,OK,24002.15,-6.94999999999709,3263728,-36329,2947098,6798,1871830,-36329,1520946,6798,43127,41.25,0.9215257358683048,0.012328957640130858,0.0344327605832322,-0.4456664725849281,24000,35559520.5,24000,11360834.450000001,0,0,24300,51494.65,1785227210144,2026-07-28 00:00:00,24000,17,-36329,6798,3300057,2940300,-0.011008597730281629,0.0023120089786756452,-29531,166210905,1723113,5723436,18.75,22.5,-1.1499999999999986,0.3000000000000007,358113,222317,24000,24000,812416,624125,-68409,0,-0.07766468935373087,0,-0.8499999999999943,-1.7000000000000028,-1.0930951210814142
2026-07-28 00:00:00,2026-07-28 13:57:00,282,NIFTY,OK,24000.5,-1.6500000000014552,3278364,14636,2965362,18264,1886466,14636,1539210,18264,3628,41.6,1.0323340582210045,0.005843356044911801,0.036317315770929906,-0.2078173016318267,24000,36512964,24000,11109569.55,0,0,24300,51744,1785227270208,2026-07-28 00:00:00,24000,17,14636,18264,3263728,2947098,0.004484442330978562,0.0061972828864191145,32900,166933080,722175,6445611,17.8,23.8,-0.9499999999999993,1.3000000000000007,121122,99802,24000,24000,818663,635209,-62162,0,-0.07057247466863452,0,0.3500000000000014,-1.3500000000000014,-0.8087753836203383
2026-07-28 00:00:00,2026-07-28 13:58:00,283,NIFTY,OK,23997.6,-2.900000000001455,3259272,-19092,2985098,19736,1867374,-19092,1558946,19736,38828,41.15,0.7877343911395385,0.010961992557286632,0.034312398484024995,-0.8004280195133364,24000,37335765.75,23950,11342882.850000001,0,0,24300,53136,1785227330170,2026-07-28 00:00:00,24000,17,-19092,19736,3278364,2965362,-0.005823636423533202,0.006655511198969974,644,167686130,753050,4918905,16.5,24.65,-1.3000000000000007,0.8499999999999979,143964,107091,24000,24000,818796,645624,-35588,78754,-0.04165340174909642,0.13892779649655124,-0.45000000000000284,-0.8999999999999986,-0.7683618601300333
2026-07-28 00:00:00,2026-07-28 13:59:00,284,NIFTY,OK,24000.85,3.25,3219075,-40197,2998373,13275,1827177,-40197,1572221,13275,53472,41.5,0.7151900586864578,0.0007131199910404603,0.03939685421266981,0.15936986461001365,24000,35822247,23950,11674780.299999999,0,0,24300,49588,1785227391535,2026-07-28 00:00:00,24000,17,-40197,13275,3259272,2985098,-0.012333122243249412,0.004447090179283896,-26922,168220764,534634,4446657,17.4,24.1,0.8999999999999986,-0.5499999999999972,81837,70438,24000,24000,802611,648813,-43571,51302,-0.05149128674445923,0.08585950718898899,0.3500000000000014,-0.75,-0.5351311053108023
2026-07-28 00:00:00,2026-07-28 14:00:00,285,NIFTY,OK,24000.85,0,3219075,0,2998373,0,1827177,0,1572221,0,0,41.5,0.6004026089160698,0.0061369332531827185,0.03939685421266981,0.02714142110226021,24000,35822247,23950,11674780.299999999,0,0,24300,49588,1785227449596,2026-07-28 00:00:00,24000,17,0,0,3219075,2998373,0,0,0,168220764,0,3732972,17.4,24.1,0,0,0,0,24000,24000,802611,648813,-36364,40577,-0.04334336541613278,0.06671259182291084,0,-0.5999999999999943,-0.6997653965219153
2026-07-28 00:00:00,2026-07-28 14:01:00,286,NIFTY,OK,23999.75,-1.0999999999985448,3225048,5973,3016328,17955,1833150,5973,1590176,17955,11982,41.05,0.4117936493491179,0.011886424147299837,0.0322558804013704,-1.458303275343072,24000,35917931.550000004,23950,12282503.4,0,0,24300,45349.299999999996,1785227510909,2026-07-28 00:00:00,24000,17,5973,17955,3219075,2998373,0.001855501968733254,0.005988247626295995,23928,168781064,560300,2570159,18.1,22.95,0.7000000000000028,-1.1500000000000021,105972,79344,24000,24000,811640,647738,-776,23613,-0.0009551756735465575,0.03783376727418386,-0.45000000000000284,-0.20000000000000284,-1.229596902401107
2026-07-28 00:00:00,2026-07-28 14:02:00,287,NIFTY,OK,23999.5,-0.25,3240699,15651,3013519,-2809,1848801,15651,1587367,-2809,-18460,40.7,0.34674726720430915,0.0048380708031280535,0.03450472305419653,-0.7564158836976266,24000,36420111,23950,11996338.75,0,0,24300,47349.75,1785227569570,2026-07-28 00:00:00,24000,17,15651,-2809,3225048,3016328,0.004852951025845197,-0.0009312647696139147,12842,169101713,320649,2168633,17.55,23.15,-0.5500000000000007,0.1999999999999993,53222,44880,24000,24000,814397,649693,-4266,14484,-0.005210935390997273,0.022801943927116902,-0.3499999999999943,-0.8999999999999986,-1.7142705715618374
2026-07-28 00:00:00,2026-07-28 14:03:00,288,NIFTY,OK,24000.25,0.75,3252735,12036,3026830,13311,1860837,12036,1600678,13311,1275,41.55,0.3951004567991573,0.014185474831513478,0.026304008682086433,-1.8997650348975619,24000,35555660.6,24000,12597997.649999999,0,0,24300,39603,1785227630122,2026-07-28 00:00:00,24000,17,12036,13311,3240699,3013519,0.003714013550780248,0.004417095097127312,25347,170167189,1065476,2481059,19.85,21.7,2.3000000000000007,-1.4499999999999993,198630,145093,24000,24000,824494,656269,5698,10645,0.006958998334139395,0.0164879248602902,0.8499999999999943,0.3999999999999986,0.19247475807447734
2026-07-28 00:00:00,2026-07-28 14:04:00,289,NIFTY,OK,24001.15,0.9000000000014552,3216034,-36701,3042855,16025,1824136,-36701,1616703,16025,52726,40.400000000000006,0.4962580419623994,0.013342137729779293,0.02701053573607973,-1.406405260682267,24000,34381631.25,24000,13484659.5,0,0,24400,35727.2,1785227690257,2026-07-28 00:00:00,24000,17,-36701,16025,3252735,3026830,-0.011283120204996718,0.00529431781765081,-20676,171326788,1159599,3106024,19.8,20.6,-0.05000000000000071,-1.0999999999999979,186613,148797,24000,24000,803060,669752,449,20939,0.0005594241793346964,0.032272781217392375,-1.1499999999999915,-1.0999999999999943,-1.9085390136200564
2026-07-28 00:00:00,2026-07-28 14:05:00,290,NIFTY,OK,24002.95,1.7999999999992724,3210029,-6005,3070798,27943,1818131,-6005,1644646,27943,33948,39.3,0.6236597505392204,0.01618008633429995,0.025521412492203535,-1.5280273379542264,24000,33910828.4,24000,14489442.6,0,0,24300,31730.399999999998,1785227750188,2026-07-28 00:00:00,24000,17,-6005,27943,3216034,3042855,-0.0018672066277906265,0.00918315200691456,21938,172137863,811075,3917099,20.35,18.95,0.5500000000000007,-1.6500000000000021,125949,133442,24000,24000,800643,677652,-1968,28839,-0.002451997293832255,0.0444488627693958,-1.1000000000000085,-2.200000000000003,-2.5092421756969516
2026-07-28 00:00:00,2026-07-28 14:06:00,291,NIFTY,OK,24002.95,0,3210029,0,3070798,0,1818131,0,1644646,0,0,39.3,0.5344517529299884,0.011752565464896766,0.025521412492203535,-1.23235669960095,24000,33910828.4,24000,14489442.6,0,0,24300,31730.399999999998,1785227809746,2026-07-28 00:00:00,24000,17,0,0,3210029,3070798,0,0,0,172137863,0,3356799,20.35,18.95,0,0,0,0,24000,24000,800643,677652,-10997,29914,-0.013549110443053571,0.046182252700937725,0,-1.75,-1.794051931011567
2026-07-28 00:00:00,2026-07-28 14:07:00,292,NIFTY,OK,24000.2,-2.75,3193723,-16306,3055571,-15227,1801825,-16306,1629419,-15227,1079,38.3,0.7226569913337411,0.0010903222606428206,0.026097706771004335,-0.9196973309020662,24000,34081285.7,24000,14132624,0,0,24300,36051.35,1785227870743,2026-07-28 00:00:00,24000,17,-16306,-15227,3210029,3070798,-0.005079704887401329,-0.004958645928517603,-31533,173617809,1479946,4516096,17.95,20.35,-2.400000000000002,1.4000000000000021,274183,208237,24000,24000,778428,687810,-35969,38117,-0.044166420062942274,0.058669248398859154,-1,-2.4000000000000057,-2.0201988748672535
2026-07-28 00:00:00,2026-07-28 14:08:00,293,NIFTY,OK,24001.7,1.5,3211909,18186,3071654,16083,1820011,18186,1645502,16083,-2103,37.900000000000006,0.6240422830168171,0.0010195835009049505,0.02553584526364521,-0.8437946849832588,24000,34412857,24000,14604933.3,0,0,24400,34937.25,1785227930898,2026-07-28 00:00:00,24000,17,18186,16083,3193723,3055571,0.005694294714976847,0.005263500668123896,34269,174088398,470589,3921209,18.35,19.55,0.40000000000000213,-0.8000000000000007,79753,72776,24000,24000,788241,690749,-36253,34480,-0.043969998568819176,0.05253943123932412,-0.3999999999999915,-3.6499999999999915,-1.7405812190907177
2026-07-28 00:00:00,2026-07-28 14:09:00,294,NIFTY,OK,24001.5,-0.2000000000007276,3224703,12794,3085969,14315,1832805,12794,1659817,14315,1521,38.35,0.5139474845151197,0.01596587976520602,0.030497657682123702,0.2714166046525182,24000,35313802.6,24000,14059470.5,0,0,24300,39102.049999999996,1785227989816,2026-07-28 00:00:00,24000,17,12794,14315,3211909,3071654,0.003983300896756415,0.0046603556259917295,27109,174570142,481744,3243354,17.35,21,-1,1.4499999999999993,76457,66791,24000,24000,793429,696068,-9631,26316,-0.011992877244539636,0.039292155902483306,0.44999999999999574,-2.0500000000000043,-1.1344392161322265
2026-07-28 00:00:00,2026-07-28 14:10:00,295,NIFTY,OK,23997.2,-4.299999999999272,3243088,18385,3076472,-9497,1851190,18385,1650320,-9497,-27882,38.3,0.43075736285437594,0.014228580811748746,0.02292792915161386,-1.3724805524774903,24000,35842779,24000,13890522.75,0,0,24300,39310.799999999996,1785228049932,2026-07-28 00:00:00,24000,17,18385,-9497,3224703,3085969,0.005701300243774388,-0.0030774774471162866,8888,174860060,289918,2722197,17.1,21.2,-0.25,0.1999999999999993,43363,39338,24000,24000,799851,693573,-792,15921,-0.0009892049265402933,0.023494359936958795,-0.05000000000000426,-1,-0.9698222845115242
2026-07-28 00:00:00,2026-07-28 14:11:00,296,NIFTY,OK,23993.45,-3.75,3222361,-20727,3075441,-1031,1830463,-20727,1649289,-1031,19696,38.8,0.5947835451162168,0.004531707133454303,0.024251728869748725,-0.8106137690890033,24000,36890388.55,23950,12644228.5,0,0,24300,49244.55,1785228111269,2026-07-28 00:00:00,24000,17,-20727,-1031,3243088,3076472,-0.006391130922133473,-0.00033512412919734034,-21758,175883692,1023632,3745829,14.9,23.9,-2.200000000000001,2.6999999999999993,196734,184662,24000,24000,795108,690969,-5535,13317,-0.006913193520707731,0.019651679623169414,0.5,-0.5,-0.4241828086519796
2026-07-28 00:00:00,2026-07-28 14:12:00,297,NIFTY,OK,23994.05,0.5999999999985448,3221231,-1130,3074970,-471,1829333,-1130,1648818,-471,659,38.45,0.38762628448488223,0.019219666856922533,0.024979274540980444,-0.4707675947330076,24000,36950716.25,23950,12816091.8,0,0,24300,46708.35,1785228171657,2026-07-28 00:00:00,24000,17,-1130,-471,3222361,3075441,-0.0003506745519822267,-0.00015314876793279402,-1601,176058382,174690,2440573,14.8,23.65,-0.09999999999999964,-0.25,25888,32519,24000,24000,795108,690969,16680,3159,0.021427800644375588,0.004592838138439395,-0.3499999999999943,0.15000000000000568,-0.5721177773998827
2026-07-28 00:00:00,2026-07-28 14:13:00,298,NIFTY,OK,23990.65,-3.399999999997817,3211147,-10084,3116947,41977,1819249,-10084,1690795,41977,52061,38.5,0.44257639030014406,0.015900152285260823,0.02100731929224486,-1.829224577422826,24000,37756179,23950,13286719.05,0,0,24300,50132.049999999996,1785228229962,2026-07-28 00:00:00,24000,17,-10084,41977,3221231,3074970,-0.003130480241870266,0.013651190092911476,31893,176889063,830681,2800665,13.95,24.55,-0.8500000000000014,0.9000000000000021,137164,137218,24000,24000,799821,708722,11580,17973,0.01469093843126658,0.026019581642535854,0.04999999999999716,0.5999999999999943,-0.3764954107243589
2026-07-28 00:00:00,2026-07-28 14:14:00,299,NIFTY,OK,23990.55,-0.10000000000218279,3204028,-7119,3109358,-7589,1812130,-7119,1683206,-7589,-470,38.3,0.4761593857875948,0.0009028074851189783,0.02212593719439173,-1.1008481874028526,24000,38158145,23950,13210031.299999999,0,0,24300,52342.2,1785228289878,2026-07-28 00:00:00,24000,17,-7119,-7589,3211147,3116947,-0.002216964841534816,-0.002434754264349057,-14708,177576320,687257,3006178,13.85,24.45,-0.09999999999999964,-0.10000000000000142,131137,123986,24000,24000,805306,703308,11877,7240,0.014969203293552415,0.010401282633305942,-0.20000000000000284,-0.05000000000000426,-0.5812381937190986
2026-07-28 00:00:00,2026-07-28 14:15:00,300,NIFTY,OK,23993.05,2.5,3204028,0,3109358,0,1812130,0,1683206,0,0,38.85,0.4609893961813835,0.002121354973398882,0.027508990975095095,0.9495237998992456,24000,38434208.75,23950,13210031.299999999,0,0,24300,50811.3,1785228351316,2026-07-28 00:00:00,24000,17,0,0,3204028,3109358,0,0,0,177770464,194144,2910404,13.4,25.45,-0.4499999999999993,1,29471,36995,24000,24000,805306,703308,5455,9735,0.006820020228767608,0.014036013512636737,0.5500000000000043,0.5500000000000043,0.9364598669113404
2026-07-28 00:00:00,2026-07-28 14:16:00,301,NIFTY,OK,23996.55,3.5,3176721,-27307,3118584,9226,1784823,-27307,1692432,9226,36533,36.4,0.4121458769670413,0.0009623893464231646,0.019595552163958654,-1.5903547141816818,24000,36782006.15,24000,14567000.75,0,0,24300,41030.6,1785228412191,2026-07-28 00:00:00,24000,17,-27307,9226,3204028,3109358,-0.008522709539367321,0.0029671720014228017,-18081,178478276,707812,2594584,16,20.4,2.5999999999999996,-5.050000000000001,113998,134091,24000,24000,804354,703373,9246,12404,0.011628608943690668,0.017951601301939738,-2.450000000000003,-2.3999999999999986,-2.762953963637351
2026-07-28 00:00:00,2026-07-28 14:17:00,302,NIFTY,OK,23993.15,-3.399999999997817,3186403,9682,3067649,-50935,1794505,9682,1641497,-50935,-60617,37.25,0.6007927340546577,0.011217630114954826,0.02212226538540453,-0.6290468094625994,24000,38473656,23950,13065520.5,0,0,24300,113282.95000000001,1785228470026,2026-07-28 00:00:00,24000,17,9682,-50935,3176721,3118584,0.0030477967690584096,-0.016332733060902,-41253,179815771,1337495,3757389,13.65,23.6,-2.3499999999999996,3.200000000000003,247552,205029,24000,24000,808396,699210,13288,8241,0.016712195072870605,0.011926728984947225,0.8500000000000014,-1.2000000000000028,-1.2008315829224194
2026-07-28 00:00:00,2026-07-28 14:18:00,303,NIFTY,OK,23993.15,0,3189293,2890,3091674,24025,1797395,2890,1665522,24025,21135,37.15,0.6051835648873812,0.01239812919183676,0.022170536309356562,-0.5032159179210827,24000,38658990,23950,13495247.200000001,0,0,24300,111729.15,1785228530036,2026-07-28 00:00:00,24000,17,2890,24025,3186403,3067649,0.0009069788096483716,0.007831730422874324,26915,180690201,874430,3801138,14.25,22.9,0.5999999999999996,-0.7000000000000028,150201,165861,24000,24000,817381,708709,17560,-13,0.02195491241165211,-0.000018342876332327767,-0.10000000000000142,-1.3500000000000014,-1.1472964880731076
2026-07-28 00:00:00,2026-07-28 14:19:00,304,NIFTY,OK,23990.65,-2.5,3204664,15371,3090754,-920,1812766,15371,1664602,-920,-16291,37.6,0.5428587903138441,0.005257609092901496,0.019088016967128158,-1.4600941126386429,24000,39624291.85,23950,13302895.25,0,0,24300,118668,1785228590374,2026-07-28 00:00:00,24000,17,15371,-920,3189293,3091674,0.004819563458108114,-0.00029757341815469547,14451,180993843,303642,3417523,13.9,23.7,-0.34999999999999964,0.8000000000000007,45859,40921,24000,24000,829390,702852,24084,-456,0.029906644182459835,-0.0006483645856438431,0.45000000000000284,-0.6999999999999957,-0.46537892099551637
2026-07-28 00:00:00,2026-07-28 14:20:00,305,NIFTY,OK,23996.4,5.75,3197634,-7030,3105648,14894,1805736,-7030,1679496,14894,21924,37.35,0.6012094968938404,0.0026662493835089944,0.028879345492107605,1.8695084524071206,24000,39483460.800000004,23950,13757415.299999999,0,0,24300,115423.85,1785228650696,2026-07-28 00:00:00,24000,17,-7030,14894,3204664,3090754,-0.00219367771473078,0.004818888853658363,7864,181560057,566214,3789593,14.1,23.25,0.1999999999999993,-0.4499999999999993,120098,89691,24000,24000,829175,709647,23869,6339,0.029639664922402168,0.009013120851746319,-0.25,-1.5,-0.6566906672195953
2026-07-28 00:00:00,2026-07-28 14:21:00,306,NIFTY,OK,23996.4,0,3197634,0,3105648,0,1805736,0,1679496,0,0,37.35,0.48891688488631796,0.0025884383088869713,0.028879345492107605,1.4986344417322968,24000,39483460.800000004,23950,13757415.299999999,0,0,24300,115423.85,1785228710033,2026-07-28 00:00:00,24000,17,0,0,3197634,3105648,0,0,0,181560057,0,3081781,14.1,23.25,0,0,0,0,24000,24000,829175,709647,24821,6274,0.030858303682209574,0.008919876082818077,0,0.9500000000000028,-0.506754230307308
2026-07-28 00:00:00,2026-07-28 14:22:00,307,NIFTY,OK,23989.65,-6.75,3205249,7615,3094470,-11178,1813351,7615,1668318,-11178,-18793,37.3,0.41811182371785155,0.017337595060264156,0.01751640035931157,-1.3758815198981864,24000,41062536.800000004,23950,13556894.6,0,0,24300,122220.15000000001,1785228772978,2026-07-28 00:00:00,24000,17,7615,-11178,3197634,3105648,0.0023814482833244832,-0.003599248852413409,-3563,182449758,889701,2633987,13.1,24.2,-1,0.9499999999999993,176131,157808,24000,24000,844135,701552,35739,2342,0.04420976847980445,0.0033494944294274968,-0.05000000000000426,0.04999999999999716,-0.4383048087513711
2026-07-28 00:00:00,2026-07-28 14:23:00,308,NIFTY,OK,23989.65,0,3205249,0,3094470,0,1813351,0,1668318,0,0,37.3,0.27930721989345875,0.01065722792725669,0.01751640035931157,-1.1954604079154574,24000,41062536.800000004,23950,13556894.6,0,0,24300,122220.15000000001,1785228829862,2026-07-28 00:00:00,24000,17,0,0,3205249,3094470,0,0,0,182449758,0,1759557,13.1,24.2,0,0,0,0,24000,24000,844135,701552,26754,-7157,0.032731370070995046,-0.010098644154370834,0,0.14999999999999858,-0.2928678340096262
2026-07-28 00:00:00,2026-07-28 14:24:00,309,NIFTY,OK,23989,-0.6500000000014552,3207907,2658,3090116,-4354,1816009,2658,1663964,-4354,-7012,37.7,0.33509404459145353,0.0012343456072933005,0.024964307566795834,0.5023514033953702,24000,42757900.199999996,23950,13176371.200000001,0,0,24300,142267.80000000002,1785228891134,2026-07-28 00:00:00,24000,17,2658,-4354,3205249,3094470,0.0008292647466702275,-0.0014070260820108129,-1696,183104273,654515,2110430,11.45,26.25,-1.6500000000000004,2.0500000000000007,155081,110694,24000,24000,853718,699359,24328,-3493,0.029332400921158925,-0.004969751811192114,0.4000000000000057,0.10000000000000142,0.4761057213732312
2026-07-28 00:00:00,2026-07-28 14:25:00,310,NIFTY,OK,23986.75,-2.25,3169098,-38809,3085594,-4522,1777200,-38809,1659442,-4522,34287,38.05,0.3492028064691275,0.02224657945677873,0.01947901788750595,-0.6271552945148754,24000,42144970,23950,13295497.95,0,0,24300,137493.5,1785228950125,2026-07-28 00:00:00,24000,17,-38809,-4522,3207907,3090116,-0.012097919297535745,-0.0014633754849332516,-43331,183744213,639940,2184156,11.65,26.4,0.20000000000000107,0.14999999999999858,127021,123470,24000,24000,846256,696636,17081,-13011,0.02059999396990985,-0.01833446770013824,0.3499999999999943,0.6999999999999957,1.7450013944832063
2026-07-28 00:00:00,2026-07-28 14:26:00,311,NIFTY,OK,23993.35,6.599999999998545,3200651,31553,3078887,-6707,1808753,31553,1652735,-6707,-38260,36.2,0.46416105770838556,0.00814624541593575,0.023924486215194805,0.3674295050952134,24000,42280539.6,23950,14017688.700000001,0,0,24300,116420.40000000001,1785229009702,2026-07-28 00:00:00,24000,17,31553,-6707,3169098,3085594,0.00995646079736253,-0.002173649546894374,24846,184474774,730561,2914717,13.25,22.95,1.5999999999999996,-3.4499999999999993,138076,134041,24000,24000,865088,688130,35913,-21517,0.04331172551029638,-0.0303207087467431,-1.8499999999999943,-1.1499999999999986,-2.4869850593439726
2026-07-28 00:00:00,2026-07-28 14:27:00,312,NIFTY,OK,23991.15,-2.1999999999970896,3212135,11484,3063875,-15012,1820237,11484,1637723,-15012,-26496,35.25,0.5567679146464075,0.0067850868318832976,0.017874415879895023,-0.9814193151401752,24000,43587585.8,23950,13870306.350000001,0,0,24300,125001.00000000001,1785229069750,2026-07-28 00:00:00,24000,17,11484,-15012,3200651,3078887,0.0035880200621686027,-0.004875787906473995,-3528,185944039,1469265,3494281,12.25,23,-1,0.05000000000000071,280241,223132,24000,24000,875022,686278,30887,-15274,0.036590118879089244,-0.02177172896663398,-0.9500000000000028,-2.049999999999997,-2.4315303226365907
2026-07-28 00:00:00,2026-07-28 14:28:00,313,NIFTY,OK,23992,0.8499999999985448,3212151,16,3063875,0,1820253,16,1637723,0,-16,35.5,0.6032411274268143,0.006258127073286887,0.02256428435088487,0.11700462258251254,24000,43792543.099999994,23950,13819592.25,0,0,24300,130483.50000000001,1785229130633,2026-07-28 00:00:00,24000,17,16,0,3212135,3063875,0.0000049811106942890005,0,16,186235715,291676,3785957,11.95,23.55,-0.3000000000000007,0.5500000000000007,60319,46592,24000,24000,875022,686278,30887,-15274,0.036590118879089244,-0.02177172896663398,0.25,-1.7999999999999972,-1.6012083481433843
2026-07-28 00:00:00,2026-07-28 14:29:00,314,NIFTY,OK,23989.1,-2.900000000001455,3212626,475,3044137,-19738,1820728,475,1617985,-19738,-20213,36.9,0.6414337573598361,0.010280818847536653,0.02184558463463458,-0.12101354376770894,24000,44384128.15,23950,13534589.6,0,0,24300,137113.35,1785229190034,2026-07-28 00:00:00,24000,17,475,-19738,3212151,3063875,0.0001478759871500437,-0.0064421688221614785,-19263,187117572,881857,4013299,11.5,25.4,-0.4499999999999993,1.8499999999999979,149001,135936,24000,24000,879424,683897,25706,-15462,0.03011064543561223,-0.02210881678794439,1.3999999999999986,-0.8000000000000043,0.011280188461936782
2026-07-28 00:00:00,2026-07-28 14:30:00,315,NIFTY,OK,23984.1,-5,3211655,-971,3046724,2587,1819757,-971,1620572,2587,3558,36.45,0.5635611074369258,0.001045370556501754,0.020147841594404928,-0.37524571083456887,24000,43902813.050000004,23950,13628694.6,0,0,24300,130573.79999999999,1785229250228,2026-07-28 00:00:00,24000,17,-971,2587,3212626,3044137,-0.0003022449547504129,0.0008498303460061095,1616,187271192,153620,3526979,12.2,24.25,0.6999999999999993,-1.1499999999999986,24602,25221,24000,24000,879424,683897,33168,-12739,0.0391938136923106,-0.018286450886833297,-0.44999999999999574,-1.5999999999999943,-0.39731703303818117
2026-07-28 00:00:00,2026-07-28 14:31:00,316,NIFTY,OK,23981.65,-2.4499999999970896,3219034,7379,3047837,1113,1827136,7379,1621685,1113,-6266,35.85,0.631356222267859,0.0032014634683877282,0.0158933886780071,-1.4787460911728263,24000,45708804,23950,13398997.5,0,0,24300,152065.2,1785229310464,2026-07-28 00:00:00,24000,17,7379,1113,3211655,3046724,0.0022975693217359896,0.0003653104121016541,8492,188431402,1160210,3956628,10.35,25.5,-1.8499999999999996,1.25,272659,189105,24000,24000,887551,683976,22463,-4154,0.025966144484722942,-0.006036650051589089,-0.6000000000000014,-0.3500000000000014,-0.8869746512503387
2026-07-28 00:00:00,2026-07-28 14:32:00,317,NIFTY,OK,23974.15,-7.5,3004634,-64027,3120010,21854,1716618,-110518,1648271,26586,85881,39.75,0.8105855621975743,0.01033568413478931,0.01352032819506543,-1.809958030560324,24000,47554113.55,23950,12693771.299999999,0,0,24300,179470.19999999998,1785229370026,2026-07-28 00:00:00,23950,16,-64027,21854,3066787,3038462,-0.020877550348296116,0.007192454603677781,-42173,190317103,2477185,4964548,31.45,8.3,-7.7500000000000036,2.1000000000000005,155169,449492,24000,23950,880522,679207,5500,0,0.006285556248871457,0,3.8999999999999986,4.5,2.207795056768786
2026-07-28 00:00:00,2026-07-28 14:33:00,318,NIFTY,OK,23974.15,0,3004634,0,3120010,0,1716618,0,1648271,0,0,39.75,0.7629622227838875,0.010984251227082617,0.01352032819506543,-1.5025203117157633,24000,47554113.55,23950,12693771.299999999,0,0,24300,179470.19999999998,1785229429943,2026-07-28 00:00:00,23950,17,0,0,3004634,3120010,0,0,0,190317103,0,4672872,31.45,8.3,0,0,0,0,24000,23950,880522,679207,5500,0,0.006285556248871457,0,0,4.25,1.6809349566806513
2026-07-28 00:00:00,2026-07-28 14:34:00,319,NIFTY,OK,23973.4,-0.75,3012275,7641,3034569,-85441,1724259,7641,1562830,-85441,-93082,40.6,0.9479640949890554,0.01916631877758435,0.01633613536820597,-0.6218504920156918,24000,49289214.4,23950,12543050.25,0,0,24300,177134.19999999998,1785229490201,2026-07-28 00:00:00,23950,17,7641,-85441,3004634,3120010,0.002543071801756886,-0.027384848125486777,-77800,192258279,1941176,5732191,32.5,8.1,1.0500000000000007,-0.20000000000000107,123172,359016,24000,23950,908244,668700,28820,0,0.03277145040390073,0,0.8500000000000014,3.700000000000003,1.6962303803707406
2026-07-28 00:00:00,2026-07-28 14:35:00,320,NIFTY,OK,23980.9,7.5,3181776,18350,2974038,-10604,1789878,65619,1547886,-14944,-28954,38.7,1.0197346768437123,0.01652542487634407,0.02163658177455734,0.8051770409695682,24000,50129973.550000004,23950,12994153.2,0,0,24300,171448.65,1785229552137,2026-07-28 00:00:00,24000,16,18350,-10604,3010409,2975293,0.006095517253635636,-0.0035640187369781733,7746,193593668,698726,6277297,7.6,31.1,0.34999999999999964,-1.1999999999999957,125499,104950,24000,23950,924190,669226,44766,0,0.05090377337893894,0,-1.8999999999999986,2.25,0.6341029487220946
2026-07-28 00:00:00,2026-07-28 14:36:00,321,NIFTY,OK,23980.9,0,3181776,0,2974038,0,1789878,0,1547886,0,0,38.7,0.831260821070942,0.02193181394023592,0.02163658177455734,0.9397915561185355,24000,50129973.550000004,23950,12994153.2,0,0,24300,171448.65,1785229610014,2026-07-28 00:00:00,24000,17,0,0,3181776,2974038,0,0,0,193593668,0,5117087,7.6,31.1,0,0,0,0,24000,23950,924190,669226,36639,0,0.04128100807728232,0,0,2.8500000000000014,0.5085672170466945
2026-07-28 00:00:00,2026-07-28 14:37:00,322,NIFTY,OK,23989.15,8.25,3169143,-12633,2907588,-66450,1777245,-12633,1481436,-66450,-53817,32.9,0.8217793415571629,0.029864838561620848,0.018091880517070214,-0.12809384208808308,24000,49027206.800000004,23950,13851040,0,0,24300,141414,1785229671979,2026-07-28 00:00:00,24000,17,-12633,-66450,3181776,2974038,-0.003970424065050463,-0.022343359432529106,-79083,195947498,2353830,4993732,9.4,23.5,1.8000000000000007,-7.600000000000001,513192,339651,24000,23950,927423,648265,46901,-30942,0.05326499508246245,-0.04555606759058726,-5.800000000000004,-6.850000000000001,-2.022416190414979
2026-07-28 00:00:00,2026-07-28 14:38:00,323,NIFTY,OK,23989.15,0,3169143,0,2907588,0,1777245,0,1481436,0,0,32.9,0.8217793415571629,0.029864838561620848,0.018091880517070214,0.006496165089297376,24000,49027206.800000004,23950,13851040,0,0,24300,141414,1785229730152,2026-07-28 00:00:00,24000,17,0,0,3169143,2907588,0,0,0,195947498,0,4993732,9.4,23.5,0,0,0,0,24000,23950,927423,648265,46901,-30942,0.05326499508246245,-0.04555606759058726,0,-6.850000000000001,-1.6621102278486029
2026-07-28 00:00:00,2026-07-28 14:39:00,324,NIFTY,OK,23992.8,3.649999999997817,3188957,19814,2906782,-806,1797059,19814,1480630,-806,-20620,30.549999999999997,0.8156535245357454,0.010524715251032228,0.020420724368091007,0.8583513117837811,24000,49336100.900000006,23950,14216583,0,0,24300,136161.55,1785229791153,2026-07-28 00:00:00,24000,17,19814,-806,3169143,2907588,0.006252163439769048,-0.00027720571140065235,19008,197866953,1919455,4972011,10.15,20.4,0.75,-3.1000000000000014,486880,275529,24000,23950,940482,643812,32238,-24888,0.03549486701811407,-0.03721848362494392,-2.3500000000000014,-10.050000000000004,-1.8350983358547643
2026-07-28 00:00:00,2026-07-28 14:40:00,325,NIFTY,OK,23992.8,0,3188957,0,2906782,0,1797059,0,1480630,0,0,30.549999999999997,0.7010282100332708,0.014058271329901938,0.020420724368091007,0.8425824892441536,24000,49336100.900000006,23950,14216583,0,0,24300,136161.55,1785229849820,2026-07-28 00:00:00,24000,17,0,0,3188957,2906782,0,0,0,197866953,0,4273285,10.15,20.4,0,0,0,0,24000,23950,940482,643812,16292,-25414,0.0176284097425854,-0.03797521315669146,0,-8.150000000000006,-1.4503311258278124
2026-07-28 00:00:00,2026-07-28 14:41:00,326,NIFTY,OK,23995.45,2.650000000001455,3120904,-68053,2883749,-23033,1729006,-68053,1457597,-23033,45020,29.55,1.116085642251101,0.022555596656195206,0.01599671300417901,-0.6755021808037825,24000,45556242.99999999,23950,14227348.5,0,0,24300,118911.59999999999,1785229910045,2026-07-28 00:00:00,24000,17,-68053,-23033,3188957,2906782,-0.021340206217895067,-0.007923882836759,-91086,200295375,2428422,6701707,11.45,18.1,1.299999999999999,-2.299999999999997,638125,409289,24000,24000,897036,645593,-27154,0,-0.029381404256700463,0,-0.9999999999999964,-9.150000000000002,-1.3760285129193128
2026-07-28 00:00:00,2026-07-28 14:42:00,327,NIFTY,OK,23997.45,2,3127442,6538,2895302,11553,1735544,6538,1469150,11553,5015,30.150000000000002,0.8428877269231433,0.01063469553906956,0.01737546895966421,-0.3857393511869964,24000,45047409,24000,14613722.5,0,0,24300,113207.40000000001,1785229970055,2026-07-28 00:00:00,24000,17,6538,11553,3120904,2883749,0.00209490583497602,0.004006243261809541,18091,201023995,728620,5076497,12.8,17.35,1.3500000000000014,-0.75,186344,121068,24000,24000,904043,658391,-23380,0,-0.02520964004558869,0,0.6000000000000014,-2.7499999999999964,-1.0106574798748447
2026-07-28 00:00:00,2026-07-28 14:43:00,328,NIFTY,OK,23987.95,-9.5,3136384,8942,2907794,12492,1744486,8942,1481642,12492,3550,30,0.895211888200513,0.006016278493832728,0.022739399909697738,1.5256820763546992,24000,46078215.9,23950,14898519,0,0,24300,119635.2,1785230030900,2026-07-28 00:00:00,24000,17,8942,12492,3127442,2895302,0.002859205702295998,0.0043145758197245055,21434,201358318,334323,5410820,11.75,18.25,-1.0500000000000007,0.8999999999999986,95908,47605,24000,24000,908444,663387,-18979,0,-0.02046423261014661,0,-0.15000000000000213,-2.8999999999999986,-0.8605101693325147
2026-07-28 00:00:00,2026-07-28 14:44:00,329,NIFTY,OK,23992.7,4.75,3075695,-60689,2910130,2336,1683797,-60689,1483978,2336,63025,29.85,0.8592322695701929,0.021370683778664468,0.027492256667490764,2.2684001960386992,24000,46823474.8,23950,14766859.6,0,0,24300,154299.85,1785230090651,2026-07-28 00:00:00,24000,17,-60689,2336,3136384,2907794,-0.019349990307309307,0.0008033581471039558,-58353,203010167,1651849,5143214,7.75,22.1,-4,3.8500000000000014,411857,299080,24000,23950,877387,664549,-63095,20737,-0.06708794001373763,0.032209713394593456,-0.14999999999999858,-0.6999999999999957,-0.756901071014184
2026-07-28 00:00:00,2026-07-28 14:45:00,330,NIFTY,OK,23992.05,-0.6500000000014552,3075695,0,2910130,0,1683797,0,1483978,0,0,29.25,0.9219382457723038,0.019917148691479536,0.016619359085110707,-0.9939793382612921,24000,45829418.599999994,23950,14971245.200000001,0,0,24300,136241.35,1785230149926,2026-07-28 00:00:00,24000,17,0,0,3075695,2910130,0,0,0,203385514,375347,5518561,9.2,20.05,1.4499999999999993,-2.0500000000000007,78936,56781,24000,23950,877387,664549,-63095,20737,-0.06708794001373763,0.032209713394593456,-0.6000000000000014,-1.2999999999999972,-0.8095081176778404
2026-07-28 00:00:00,2026-07-28 14:46:00,331,NIFTY,BLOCKED,0,0,0,0,0,0,0,0,0,0,0,0,0,0,0,0,0,0,0,0,0,0,0,0,1785230209771,2026-07-28 00:00:00,0,0,0,0,0,0,0,0,0,0,0,0,0,0,0,0,0,0,0,0,0,0,0,0,0,0,0,0,0
2026-07-28 00:00:00,2026-07-28 14:47:00,332,NIFTY,OK,23987.95,-4.099999999998545,3136384,60689,2907794,-2336,1744486,60689,1481642,-2336,-63025,30,0.5112587683552668,0.012790686761987082,0.022739399909697738,0.8148467955989848,24000,46078215.9,23950,14898519,0,0,24300,119635.2,1785230270375,2026-07-28 00:00:00,24000,17,60689,-2336,3075695,2910130,0.019731800454856546,-0.0008027132808499964,58353,201358318,0,3090139,11.75,18.25,2.5500000000000007,-1.8000000000000007,0,0,24000,24000,908444,663387,11408,17794,0.012717438319086413,0.027562256715918543,0.75,0.4499999999999993,-0.465620391369338
2026-07-28 00:00:00,2026-07-28 14:48:00,333,NIFTY,OK,23978.65,-9.299999999999272,3077406,-58978,2851142,-56652,1685508,-58978,1424990,-56652,2326,32.800000000000004,1.392383936167844,0.011411037073514064,0.009072249589492168,-2.1336644110081413,24000,52848670.4,23950,14209804.399999999,0,0,24300,179848.5,1785230330017,2026-07-28 00:00:00,24000,17,-58978,-56652,3136384,2907794,-0.0188044576174346,-0.019482810680536516,-115630,207251614,5893296,8254815,5.95,26.85,-5.8,8.600000000000001,1355694,1009137,24000,23950,945735,672191,41692,0,0.046117275395086296,0,2.8000000000000043,2.650000000000002,1.8583613156607586
2026-07-28 00:00:00,2026-07-28 14:49:00,334,NIFTY,OK,23978.65,0,3077406,0,2851142,0,1685508,0,1424990,0,0,32.800000000000004,1.3359918819920156,0.014598840577075263,0.009072249589492168,-1.632983986188677,24000,52848670.4,23950,14209804.399999999,0,0,24300,179848.5,1785230390725,2026-07-28 00:00:00,24000,17,0,0,3077406,2851142,0,0,0,207251614,0,7920492,5.95,26.85,0,0,0,0,24000,23950,945735,672191,37291,0,0.04104931068948664,0,0,2.8000000000000043,1.8968608339712647
2026-07-28 00:00:00,2026-07-28 14:50:00,335,NIFTY,OK,23977.4,-1.25,3062078,-15328,2842926,-8216,1670180,-15328,1416774,-8216,7112,28.9,1.2663136214641006,0.010808433255273392,0.021495647405576364,0.5663528438884252,24000,52017326.85,23950,15329859.3,0,0,24300,155549.19999999998,1785230449728,2026-07-28 00:00:00,24000,17,-15328,-8216,3077406,2851142,-0.004980818260574003,-0.002881652334397936,-23544,208460558,1208944,7477587,6.9,22,0.9500000000000002,-4.850000000000001,278529,197138,24000,23950,944070,681291,66683,16742,0.07600180991968196,0.025193025645964404,-3.9000000000000057,-0.9500000000000028,-1.1553621772269391
2026-07-28 00:00:00,2026-07-28 14:51:00,336,NIFTY,OK,23973.05,-4.350000000002183,2916149,-9658,2875940,-12474,1628133,-42047,1404201,-12573,-2816,40.050000000000004,1.5682809777266888,0.011333913791886783,0.025591034275899593,1.1225836873678783,24000,52313404.7,23950,14617622.4,0,0,24300,170386.75,1785230510682,2026-07-28 00:00:00,23950,16,-9658,-12474,2923927,2833633,-0.003303092040259555,-0.004402122646087196,-22132,209768353,1981383,9083623,35.2,4.85,-2.6499999999999986,1.4499999999999997,136026,475084,24000,23950,942382,683209,64995,18660,0.07407791544666151,0.028079193558338062,11.150000000000006,10.800000000000004,2.7438749606420987
2026-07-28 00:00:00,2026-07-28 14:52:00,337,NIFTY,OK,23973.05,0,2916149,0,2875940,0,1628133,0,1404201,0,0,40.050000000000004,1.5682809777266888,0.017757892418036283,0.025591034275899593,0.9276635457671395,24000,52313404.7,23950,14617622.4,0,0,24300,170386.75,1785230571713,2026-07-28 00:00:00,23950,17,0,0,2916149,2875940,0,0,0,209768353,0,9083623,35.2,4.85,0,0,0,0,24000,23950,942382,683209,33938,0,0.037358384226215374,0,0,10.050000000000004,1.9007493340571384
2026-07-28 00:00:00,2026-07-28 14:53:00,338,NIFTY,OK,23981.3,8.25,3059911,8344,2817149,-13296,1668013,39880,1390997,-13204,-21640,27.65,0.7728141281525116,0.011146938213843402,0.02348468211266198,0.49133438705585303,24000,51642380.3,23950,15705627,0,0,24300,136306,1785230629880,2026-07-28 00:00:00,24000,16,8344,-13296,2914269,2821159,0.002863153675930396,-0.0047129566252735134,-4952,211802942,1351548,4541875,8.5,19.15,2.1500000000000004,-6.5,345642,227945,24000,23950,956337,687790,10602,15599,0.011210328474678425,0.023206201808712107,-12.400000000000006,-5.150000000000006,-1.058831172465323
2026-07-28 00:00:00,2026-07-28 14:54:00,339,NIFTY,OK,23979.95,-1.3499999999985448,3011173,-48738,2810965,-6184,1619275,-48738,1384813,-6184,42554,27.7,0.9412133480862185,0.01926139177652625,0.024911568729604386,0.6712566414717288,24000,50052345,23950,15848812,0,0,24300,139534.05,1785230690166,2026-07-28 00:00:00,24000,17,-48738,-6184,3059911,2817149,-0.0159279142432574,-0.002195127059307122,-54922,212740941,937999,5479874,8.3,19.4,-0.1999999999999993,0.25,234548,139281,24000,23950,930611,691745,-15124,19554,-0.01599179474165596,0.02908994616113575,0.05000000000000071,-5.100000000000005,-0.9546905346097844
2026-07-28 00:00:00,2026-07-28 14:55:00,340,NIFTY,OK,23985.95,6,2993746,-17427,2796670,-14295,1601848,-17427,1370518,-14295,3132,29,0.7927665300731416,0.02477492392899342,0.012542540344715409,-1.030361747141844,24000,50673171.449999996,23950,15664378,0,0,24300,160760.9,1785230750627,2026-07-28 00:00:00,24000,17,-17427,-14295,3011173,2810965,-0.005787445623350103,-0.005085442188003052,-31722,213060459,319518,4590448,6.2,22.8,-2.1000000000000005,3.400000000000002,92675,59209,24000,23950,917288,695605,-26782,14314,-0.028368659103668162,0.021010111685021524,1.3000000000000007,0.10000000000000142,-0.6335143453361355
2026-07-28 00:00:00,2026-07-28 14:56:00,341,NIFTY,OK,23984.1,-1.8500000000021828,2995673,1927,2765714,-30956,1603775,1927,1339562,-30956,-32883,28.5,0.8441609633235886,0.024801903470272054,0.008450279161008796,-1.3822093244908658,24000,51367653.599999994,23950,16323196.5,0,0,24300,156480.4,1785230810177,2026-07-28 00:00:00,24000,17,1927,-30956,2993746,2796670,0.0006436751815284262,-0.011068878344602687,-29029,215314932,2254473,4863538,6.45,22.05,0.25,-0.75,543549,368784,24000,23950,929872,711643,-12510,28434,-0.013274871548904797,0.04161830420852184,-0.5,-11.550000000000004,-0.7210982026785766
2026-07-28 00:00:00,2026-07-28 14:57:00,342,NIFTY,OK,23984.1,0,2995673,0,2765714,0,1603775,0,1339562,0,0,28.5,0.8441609633235886,0.024801903470272054,0.008450279161008796,-1.1205738169352268,24000,51367653.599999994,23950,16323196.5,0,0,24300,156480.4,1785230869480,2026-07-28 00:00:00,24000,17,0,0,2995673,2765714,0,0,0,215314932,0,4863538,6.45,22.05,0,0,0,0,24000,23950,929872,711643,-12510,28434,-0.013274871548904797,0.04161830420852184,0,-11.550000000000004,-0.6757589571897378
2026-07-28 00:00:00,2026-07-28 14:58:00,343,NIFTY,BLOCKED,0,0,0,0,0,0,0,0,0,0,0,0,0,0,0,0,0,0,0,0,0,0,0,0,1785230935042,2026-07-28 00:00:00,0,0,0,0,0,0,0,0,0,0,0,0,0,0,0,0,0,0,0,0,0,0,0,0,0,0,0,0,0
2026-07-28 00:00:00,2026-07-28 14:59:00,344,NIFTY,OK,23979.3,-4.799999999999272,2987755,-7918,2737219,-28495,1595857,-7918,1311067,-28495,-20577,31.299999999999997,1.008456108272282,0.026342604901630498,0.009687187427210473,-0.9720667747168796,24000,52546699.300000004,23950,15690931.2,0,0,24300,173628.15,1785230991289,2026-07-28 00:00:00,24000,17,-7918,-28495,2995673,2765714,-0.002643145630380886,-0.010302945279229885,-36413,217576327,2261395,5773385,5.9,25.4,-0.5499999999999998,3.349999999999998,558471,316621,24000,23950,940893,710001,-15444,22211,-0.016149118982116135,0.03229328719521947,2.799999999999997,3.6499999999999986,-0.031779815284695444
2026-07-28 00:00:00,2026-07-28 15:00:00,345,NIFTY,OK,23961.45,-17.849999999998545,2807515,-47353,2746921,-33312,1519499,-76358,1275182,-35885,14041,22.15,1.580961595380701,0.020250758710221094,0.021364519195009465,0.45468809351538014,24000,55473642.9,23950,12964251.3,0,0,24200,288720.39999999997,1785231050896,2026-07-28 00:00:00,23950,16,-47353,-33312,2852953,2727962,-0.016597889975754947,-0.012211313793960473,-80665,220806010,3945964,8781350,12.8,9.35,-22.349999999999998,5.1,323268,892190,24000,23950,931973,714808,1362,23063,0.0014635545894041656,0.03334032049382359,-9.149999999999999,-5.550000000000001,-1.5514610443574808
2026-07-28 00:00:00,2026-07-28 15:01:00,346,NIFTY,OK,23960.9,-0.5499999999992724,2807515,0,2746921,0,1519499,0,1275182,0,0,21.049999999999997,1.8733599594990382,0.014041380975253565,0.018890769251939343,0.1425810007086244,24000,55584664.199999996,23950,13244862.8,0,0,24200,287758.8,1785231111147,2026-07-28 00:00:00,23950,17,0,0,2807515,2746921,0,0,0,222749636,1943626,10405458,12.2,8.85,-0.6000000000000014,-0.5,238401,412079,24000,23950,931973,714808,14685,19203,0.016009148707930333,0.027606184544389418,-1.1000000000000014,-7.950000000000003,-1.423984230373726
2026-07-28 00:00:00,2026-07-28 15:02:00,347,NIFTY,OK,23960.9,0,2713590,-93925,2431891,-315030,1425574,-93925,960152,-315030,-221105,19.6,2.3441825943969086,0.043610952692794955,0.007903723287064025,-1.1680170491397694,24000,48874623.75,23950,11663824.200000001,0,0,24200,331433.39999999997,1785231170488,2026-07-28 00:00:00,23950,17,-93925,-315030,2807515,2746921,-0.03345485242287218,-0.11468476887395014,-408955,226660598,3910962,12061947,16,3.6,3.8000000000000007,-5.25,634569,1002964,24000,23950,839606,557877,-90266,-153766,-0.09707357571794828,-0.21607182252899276,-1.4499999999999957,-8.899999999999999,-1.430483259730531
2026-07-28 00:00:00,2026-07-28 15:03:00,348,NIFTY,OK,23960.9,0,2713590,0,2431891,0,1425574,0,960152,0,0,19.6,2.3441825943969086,0.043610952692794955,0.007903723287064025,-0.9703601413326276,24000,48874623.75,23950,11663824.200000001,0,0,24200,331433.39999999997,1785231229886,2026-07-28 00:00:00,23950,17,0,0,2713590,2431891,0,0,0,226660598,0,12061947,16,3.6,0,0,0,0,24000,23950,839606,557877,-90266,-153766,-0.09707357571794828,-0.21607182252899276,0,-8.899999999999999,-1.4156265843841267
2026-07-28 00:00:00,2026-07-28 15:04:00,349,NIFTY,OK,23965.95,5.049999999999272,2682718,-30872,2442040,10149,1394702,-30872,970301,10149,41021,18.7,2.198988908354307,0.04528618760762661,0.015124150386722136,0.26956680097265073,24000,48054014.75,23950,12670090.049999999,0,0,24200,344015.1,1785231289513,2026-07-28 00:00:00,23950,17,-30872,10149,2713590,2431891,-0.011376810793082228,0.004173295595896362,-20723,228129332,1468734,11269286,14.9,3.8,-1.0999999999999996,0.19999999999999973,241451,433206,24000,23950,827046,595822,-113847,-114179,-0.12099888085042614,-0.16081526645737118,-0.9000000000000021,-12.599999999999998,-1.2968074762716784
2026-07-28 00:00:00,2026-07-28 15:05:00,350,NIFTY,OK,23965.8,-0.1500000000014552,2618616,-64102,2474247,32207,1330600,-64102,1002508,32207,96309,17,1.807074527628173,0.0501536261965018,0.008332758501757393,-0.7486520876339576,24000,45496903.4,23950,15318542.4,0,0,24200,343413.35,1785231349803,2026-07-28 00:00:00,23950,17,-64102,32207,2682718,2442040,-0.023894423491399395,0.013188563659890911,-31895,230009193,1879861,9203183,15,2,0.09999999999999964,-1.7999999999999998,263128,623385,24000,23950,792054,656657,-139919,-58151,-0.15013203172194903,-0.08135191547940146,-1.6999999999999993,-5.149999999999999,-1.3223351190537809
2026-07-28 00:00:00,2026-07-28 15:06:00,351,NIFTY,OK,23969.85,4.049999999999272,2579514,-39102,2454523,-19724,1291498,-39102,982784,-19724,19378,14.3,1.7684049600747869,0.05845724255623544,0.02180092170985135,1.6122927832929785,24000,44857310.75,23950,15343982.799999999,0,0,24200,363461.15,1785231410781,2026-07-28 00:00:00,23950,17,-39102,-19724,2618616,2474247,-0.014932315391030987,-0.007971718264183003,-58826,231651852,1642659,8902216,12.55,1.75,-2.4499999999999993,-0.25,248431,751139,24000,23950,783226,653389,-148747,-61419,-0.15960440914060814,-0.08592377253752057,-2.6999999999999993,-6.7499999999999964,-1.4721666148097168
2026-07-28 00:00:00,2026-07-28 15:07:00,352,NIFTY,BLOCKED,0,0,0,0,0,0,0,0,0,0,0,0,0,0,0,0,0,0,0,0,0,0,0,0,1785231470340,2026-07-28 00:00:00,0,0,0,0,0,0,0,0,0,0,0,0,0,0,0,0,0,0,0,0,0,0,0,0,0,0,0,0,0
2026-07-28 00:00:00,2026-07-28 15:08:00,353,NIFTY,BLOCKED,0,0,0,0,0,0,0,0,0,0,0,0,0,0,0,0,0,0,0,0,0,0,0,0,1785231530992,2026-07-28 00:00:00,0,0,0,0,0,0,0,0,0,0,0,0,0,0,0,0,0,0,0,0,0,0,0,0,0,0,0,0,0
2026-07-28 00:00:00,2026-07-28 15:09:00,354,NIFTY,OK,23979.3,9.450000000000728,2987755,275334,2737219,321048,1595857,304359,1311067,328283,45714,31.299999999999997,0.871838719267546,0.09715754798293175,0.009687187427210473,-0.5863636013346315,24000,52546699.300000004,23950,15690931.2,0,0,24300,173628.15,1785231590023,2026-07-28 00:00:00,24000,16,275334,321048,2577619,2406914,0.10681718283423577,0.13338573792000877,596382,217576327,0,4991254,5.9,25.4,5.7,-13.899999999999999,0,0,24000,23950,940893,710001,101287,152124,0.12063634609566869,0.27268376362531527,16.999999999999996,11.699999999999996,1.5781372100541264
2026-07-28 00:00:00,2026-07-28 15:10:00,355,NIFTY,OK,23965.7,-13.599999999998545,2496738,-358107,2360215,-414653,1208722,-387135,888476,-422591,-56546,14,4.931002626543844,0.012017796670748563,0.006687946496429628,-1.067114036858318,24000,43775909.1,23950,15245992.7,0,0,24200,358568.4,1785231651821,2026-07-28 00:00:00,23950,16,-358107,-414653,2852953,2727962,-0.12552152103452108,-0.15200101760948284,-772760,235841959,18958394,23949648,13.6,0.4,-21.549999999999997,-3.85,2525599,5967897,24000,23950,768209,629279,-71397,71402,-0.08503631465234884,0.12798878605857564,-17.299999999999997,-5.600000000000001,-1.1966027609638683
2026-07-28 00:00:00,2026-07-28 15:11:00,356,NIFTY,OK,23963.35,-2.350000000002183,2465483,-31255,2314113,-46102,1177467,-31255,842374,-46102,-14847,11.85,4.824065255724542,0.014939270505293319,0.00715006845809905,-0.9111915867347401,24000,42905359.2,23950,14967242.4,0,0,24200,378231,1785231709784,2026-07-28 00:00:00,23950,17,-31255,-46102,2496738,2360215,-0.012518333922101558,-0.019532966276377364,-77357,236418128,576169,23057083,11.2,0.65,-2.4000000000000004,0.25,132935,218787,24000,23950,757119,624253,-69927,28431,-0.08455031521825872,0.047717271265579314,-2.1500000000000004,-6.85,-1.3713833455294477
2026-07-28 00:00:00,2026-07-28 15:12:00,357,NIFTY,OK,23963.8,0.4500000000007276,2446175,-19308,2287983,-26130,1158159,-19308,816244,-26130,-6822,12.5,4.5770403100192265,0.016521684633202808,0.006595047492635978,-0.8387619562812798,24000,42168977.400000006,23950,14765074.5,0,0,24200,382969.25,1785231770682,2026-07-28 00:00:00,23950,17,-19308,-26130,2465483,2314113,-0.007831325545542191,-0.011291583427429861,-45438,236909338,491210,21668432,11.95,0.55,0.75,-0.09999999999999998,92510,189289,24000,23950,747417,616440,-44637,-40217,-0.0563560060298919,-0.06124506401363269,0.6500000000000004,-4.5,-1.0184775060798112
2026-07-28 00:00:00,2026-07-28 15:13:00,358,NIFTY,OK,23966.05,2.25,2400415,-45760,2309245,21262,1112399,-45760,837506,21262,67022,15.549999999999999,4.547109770132026,0.01511397833917284,0.002912835804411252,-1.287569050261472,24000,41056872,23950,15677853.75,0,0,24200,361939.94999999995,1785231831617,2026-07-28 00:00:00,23950,17,-45760,21262,2446175,2287983,-0.018706756466728668,0.009292901214738046,-24498,238298906,1389568,21415341,15.35,0.2,3.4000000000000004,-0.35000000000000003,304228,449208,24000,23950,732053,639720,-51173,-13669,-0.06533618649023398,-0.020920156292805664,3.049999999999999,1.2499999999999982,-0.3545716617551809
2026-07-28 00:00:00,2026-07-28 15:14:00,359,NIFTY,OK,23968,1.9500000000007276,2349391,-51024,2264721,-44524,1061375,-51024,792982,-44524,6500,14.649999999999999,4.7441416679959225,0.046395657999284697,0.009254399292798147,-0.05784823469084166,24000,41837437.25,23950,15017051.25,0,0,24200,401243.1,1785231890665,2026-07-28 00:00:00,23950,17,-51024,-44524,2400415,2309245,-0.021256324427234456,-0.019280760594913057,-95548,238773566,474660,21890001,14.45,0.2,-0.9000000000000004,0,84767,203771,24000,23950,742686,619230,-198207,-90771,-0.2106583851723841,-0.12784629880802983,-0.9000000000000004,-16.65,-0.43004588280616624
2026-07-28 00:00:00,2026-07-28 15:15:00,360,NIFTY,OK,23968,0,2349391,0,2264721,0,1061375,0,792982,0,0,14.649999999999999,0.635356705688982,0.082835455093401,0.009254399292798147,-0.08521722480568084,24000,41837437.25,23950,15017051.25,0,0,24200,401243.1,1785231949635,2026-07-28 00:00:00,23950,17,0,0,2349391,2264721,0,0,0,238773566,0,2931607,14.45,0.2,0,0,0,0,24000,23950,742686,619230,-25523,-10049,-0.033224031481016235,-0.015969069363509666,0,0.6499999999999986,-0.3398253390005763
2026-07-28 00:00:00,2026-07-28 15:16:00,361,NIFTY,OK,23978.4,10.400000000001455,2372763,-101591,2141444,-86615,980865,-80510,715292,-77690,14976,29.05,0.7263787416040071,0.1078644133132298,0.018436354617359693,1.5503171942565004,24000,39349912,23950,14113129.7,0,0,24200,375093,1785232011891,2026-07-28 00:00:00,24000,16,-101591,-86615,2347501,2219064,-0.04327623289617342,-0.03903222259475166,-188206,240451608,923586,3279024,0.05,29,-0.05,-7,95847,120443,24000,23950,709593,590524,-47526,-33729,-0.06277216659468327,-0.054030977824696076,14.400000000000002,17.200000000000003,1.777023478669294
2026-07-28 00:00:00,2026-07-28 15:17:00,362,NIFTY,OK,23978.4,0,2372763,0,2141444,0,980865,0,715292,0,0,29.05,0.6175645024696474,0.1105712217529577,0.018436354617359693,1.2474751418492658,24000,39349912,23950,14113129.7,0,0,24200,375093,1785232069890,2026-07-28 00:00:00,24000,17,0,0,2372763,2141444,0,0,0,240451608,0,2787814,0.05,29,0,0,0,0,24000,23950,709593,590524,-37824,-25916,-0.05060628805606509,-0.042041399000713776,0,16.55,1.4065082144373626
2026-07-28 00:00:00,2026-07-28 15:18:00,363,NIFTY,OK,23982.4,4,2278616,-94147,2035830,-105614,886718,-94147,609678,-105614,-11467,27.25,0.759758263285715,0.1475059305611824,0.02457266428837429,2.048303611171326,24000,37809620,23950,13021657.2,0,0,24200,377134.80000000005,1785232129805,2026-07-28 00:00:00,24000,17,-94147,-105614,2372763,2141444,-0.03967821480695712,-0.049319057607857125,-199761,242331298,1879690,3277936,0.05,27.2,0,-1.8000000000000007,177541,284474,24000,23950,689326,555488,-42727,-84232,-0.05836599262621695,-0.13167010567123116,-1.8000000000000007,11.700000000000001,0.9541261145725529
2026-07-28 00:00:00,2026-07-28 15:19:00,364,NIFTY,OK,23982.4,0,2278616,0,2035830,0,886718,0,609678,0,0,27.25,0.649741820850232,0.13839771752763552,0.02457266428837429,1.559092052884016,24000,37809620,23950,13021657.2,0,0,24200,377134.80000000005,1785232189795,2026-07-28 00:00:00,24000,17,0,0,2278616,2035830,0,0,0,242331298,0,2803276,0.05,27.2,0,0,0,0,24000,23950,689326,555488,-53360,-63742,-0.07184732174835665,-0.10293751917704246,0,12.600000000000001,1.0815848397978276
2026-07-28 00:00:00,2026-07-28 15:20:00,365,NIFTY,OK,24006.65,24.25,2130435,-148181,1946326,-89504,738537,-148181,520174,-89504,58677,14.35,1.2302769281790127,0.12474257533328881,0.04196617775377393,2.2841315910496,24000,31341640.049999997,23950,11307974.85,0,0,24200,222113.40000000002,1785232250523,2026-07-28 00:00:00,24000,17,-148181,-89504,2278616,2035830,-0.06503114171058222,-0.043964378165170966,-237685,244543567,2212269,5015545,1.5,12.85,1.45,-14.35,707883,409952,24000,23950,612242,503136,-130444,-116094,-0.17563815663685595,-0.18748122668475364,-12.9,-0.29999999999999893,-0.7452617511545434
2026-07-28 00:00:00,2026-07-28 15:21:00,366,NIFTY,OK,24009.05,2.399999999997817,2074107,-56328,1857204,-89122,682209,-56328,431052,-89122,-32794,9.75,1.4309681935618932,0.10361525325117531,0.040479614980360165,1.6217364096668259,24000,30180611.5,23950,9806572.799999999,0,0,24200,204246.09999999998,1785232310668,2026-07-28 00:00:00,24000,17,-56328,-89122,2130435,1946326,-0.026439670771462167,-0.04578986254101317,-145450,246077189,1533622,5625581,1.3,8.45,-0.19999999999999996,-4.4,704263,266479,24000,23950,595585,456257,-114008,-134267,-0.16066674840366238,-0.22736925171542563,-4.6,-19.3,-1.319175885287078
2026-07-28 00:00:00,2026-07-28 15:22:00,367,NIFTY,OK,24009.05,0,2074107,0,1857204,0,682209,0,431052,0,0,9.75,1.4309681935618932,0.10361525325117531,0.040479614980360165,1.3005826716669668,24000,30180611.5,23950,9806572.799999999,0,0,24200,204246.09999999998,1785232369785,2026-07-28 00:00:00,24000,17,0,0,2074107,1857204,0,0,0,246077189,0,5625581,1.3,8.45,0,0,0,0,24000,23950,595585,456257,-114008,-134267,-0.16066674840366238,-0.22736925171542563,0,-19.3,-1.2311704579609644
2026-07-28 00:00:00,2026-07-28 15:23:00,368,NIFTY,OK,24009.5,0.4500000000007276,2052088,-22019,1819658,-37546,660190,-22019,393506,-37546,-15527,10.75,1.298569430949241,0.08805164795013894,0.046645898234683285,1.4500003365939806,24000,32173938.3,23950,8483075.8,0,0,24200,236082.6,1785232429763,2026-07-28 00:00:00,24000,17,-22019,-37546,2074107,1857204,-0.010616135040284807,-0.020216411336611378,-59565,247359029,1281840,5027731,0.35,10.4,-0.9500000000000001,1.950000000000001,624316,242499,24000,23950,616850,415813,-72476,-139675,-0.10514038350504695,-0.2514455757820151,1,-16.5,-0.9909433170276869
2026-07-28 00:00:00,2026-07-28 15:24:00,369,NIFTY,OK,23994.95,-14.549999999999272,2001375,-50713,1759523,-60135,609477,-50713,333371,-60135,-9422,11.799999999999999,1.6975350036081809,0.08670516971750507,0.017095318512778294,-0.8971038398998652,24000,33210391.549999997,23950,7626960,0,0,24200,255123.75,1785232490172,2026-07-28 00:00:00,24000,17,-50713,-60135,2052088,1819658,-0.02471287781030833,-0.03304741880067573,-110848,248715554,1356525,6384256,0.2,11.6,-0.14999999999999997,1.1999999999999993,554050,312522,24000,23950,629674,388985,-59652,-166503,-0.08653670396880431,-0.29974184860879083,1.049999999999999,-15.450000000000001,-0.804646555353429
2026-07-28 00:00:00,2026-07-28 15:25:00,370,NIFTY,OK,23994.95,0,2001375,0,1759523,0,609477,0,333371,0,0,11.799999999999999,1.1093060753043555,0.07571044684463303,0.017095318512778294,-1.0466642526961467,24000,33210391.549999997,23950,7626960,0,0,24200,255123.75,1785232549836,2026-07-28 00:00:00,24000,17,0,0,2001375,1759523,0,0,0,248715554,0,4171987,0.2,11.6,0,0,0,0,24000,23950,629674,388985,17432,-114151,0.028472401436033464,-0.2268790148190549,0,-2.5500000000000007,-0.7537565564201447
2026-07-28 00:00:00,2026-07-28 15:26:00,371,NIFTY,OK,23987.75,-7.200000000000728,1858382,-142993,1639728,-119795,466484,-142993,213576,-119795,23198,12.55,1.1170680739027647,0.11086037638699907,0.0014674326849865062,-1.8698713042826425,24000,29043059.1,23950,7073535.6,0,0,24200,277500.14999999997,1785232609949,2026-07-28 00:00:00,24000,17,-142993,-119795,2001375,1759523,-0.07144737992630067,-0.0680837931643974,-262788,249984816,1269262,3907627,0.15,12.4,-0.05000000000000002,0.8000000000000007,298774,387544,24000,23950,574480,371904,-21105,-84353,-0.035435748046038766,-0.18488045114924265,0.7500000000000018,2.8000000000000007,-0.5107160126964954
2026-07-28 00:00:00,2026-07-28 15:27:00,372,NIFTY,OK,23989.15,1.4000000000014552,1807956,-50426,1574591,-65137,416058,-50426,148439,-65137,-14711,12.55,1.2391292715223174,0.13092577610462153,0.003751436204823741,-1.436168063327624,24000,27416294.400000002,23950,6905088,0,0,24200,270581.35000000003,1785232670917,2026-07-28 00:00:00,24000,17,-50426,-65137,1858382,1639728,-0.027134356660794175,-0.039724271342564135,-115563,250268602,283786,4191413,0.15,12.4,0,0,65086,96121,24000,23950,553047,366705,-42538,-89552,-0.07142221513302048,-0.19627534481662748,0,2.8000000000000007,-0.350092729231371
2026-07-28 00:00:00,2026-07-28 15:28:00,373,NIFTY,OK,23989.15,0,1807956,0,1574591,0,416058,0,148439,0,0,12.55,0.8601722311619026,0.1681342932450913,0.003751436204823741,-1.1936674943873733,24000,27416294.400000002,23950,6905088,0,0,24200,270581.35000000003,1785232730397,2026-07-28 00:00:00,24000,17,0,0,1807956,1574591,0,0,0,250268602,0,2909573,0.15,12.4,0,0,0,0,24000,23950,553047,366705,-63803,-49108,-0.10343357380238308,-0.11810116566822106,0,1.8000000000000007,-0.1572454554047057
2026-07-28 00:00:00,2026-07-28 15:29:00,374,NIFTY,OK,23985.7,-3.4500000000007276,1758489,-49467,1526886,-47705,366591,-49467,100734,-47705,1762,12.600000000000001,0.5681908457938591,0.2547371860803977,0.0033940569370351746,-1.0233442428708088,24000,25585172,23950,6621814.8,0,0,24200,281498.1,1785232790176,2026-07-28 00:00:00,24000,17,-49467,-47705,1807956,1574591,-0.027360732230209142,-0.030296756427542135,-97172,250582274,313672,1866720,0.05,12.55,-0.09999999999999999,0.15000000000000036,117981,59932,24000,23950,528478,357962,-101196,-31023,-0.1607117333731423,-0.07975371800969189,0.05000000000000071,0.8000000000000025,0.5578492007704269
2026-07-28 00:00:00,2026-07-28 15:30:00,375,NIFTY,BLOCKED,0,0,0,0,0,0,0,0,0,0,0,0,0,0,0,0,0,0,0,0,0,0,0,0,1785232850750,2026-07-28 00:00:00,0,0,0,0,0,0,0,0,0,0,0,0,0,0,0,0,0,0,0,0,0,0,0,0,0,0,0,0,0
2026-07-28 00:00:00,2026-07-28 15:31:00,376,NIFTY,OK,23987.6,1.8999999999978172,1706717,-51772,1490469,-36417,314819,-51772,64317,-36417,15355,14.55,0.7321141153501861,0.24083000634424245,0.005855535572374949,-0.7165729932108632,24000,23304564,23950,6452719.199999999,0,0,24200,300612.9,1785232910232,2026-07-28 00:00:00,24000,17,-51772,-36417,1758489,1526886,-0.02944118501736434,-0.02385050357394069,-88189,251056259,473985,2340705,0.05,14.5,0,1.9499999999999993,107429,137928,24000,23950,498470,352743,-131204,-36242,-0.20836813970403734,-0.09317068781572554,1.9499999999999993,2.7500000000000018,1.9299448438748503
2026-07-28 00:00:00,2026-07-28 15:32:00,377,NIFTY,OK,23985.35,-2.25,1706717,0,1495968,5499,314819,0,69816,5499,5499,14.55,0.3345452331403182,0.27572628688600326,0.0008225633304047606,-0.8347365492449582,24000,23304564,23950,6452719.199999999,0,0,24200,300612.9,1785232973746,2026-07-28 00:00:00,24000,17,0,5499,1706717,1490469,0,0.0036894427190367596,5499,251056259,0,1071443,0.05,14.5,0,0,0,0,24000,23950,498470,352743,-76010,-19161,-0.13231095947639604,-0.05152136035105834,0,2,1.5675300436616544